SMILES,docking score,Heavy_Atoms,Ligand_Efficiency
C1CCCCN1C(=O)OC(=O)c(c2)cccc2-c(c(c3)-c4cncnc4C)cc(c35)ncnc5N[C@H](CO)c6cc(N)cc(C(F)(F)F)c6,-9.739,49,-0.19875510204081634
CC(C)n(c1)c(=O)ccc1-c(c(c2)-c(cc3C)nc(n3)C)cc(c24)c(ncn4)N[C@H](C)c5cc(O)cc(C(F)(F)F)c5,-9.527,42,-0.2268333333333333
CC(=O)Nc(c(C)cn1)cc1-c(c(c2)OC)cc(c23)c(ncn3)N[C@H](C)c4cc(N)cc(C(F)(F)F)c4,-9.52,37,-0.2572972972972973
OCCN(C)C(=O)c(nc1)ccc1-c(c(c2)-c(cc3C(=O)N)ccc3OC)cc(c24)c(ncn4)N[C@H](C)c5cccc(C)c5,-9.319,44,-0.21179545454545456
CC(=O)NC(=O)Cn1ccc(c1)-c(c2)c(-c3ccncc3)cc(c24)ncnc4N[C@H](C)c5cccc(c5)[C@H](C)O,-9.252,40,-0.2313
CCOc1nc(cs1)-c2cnc(-c3ccncc3)nc2N[C@H](CO)c4cc(N)cc(C(F)(F)F)c4,-9.24,35,-0.264
CN(C)C(=O)Cn(cn1)cc1-c(c(c2)-c(cc3C)cc(=O)n3C)cc(c24)ncnc4N[C@H](C)c5cccc(Cl)c5,-9.236,40,-0.23090000000000002
CCN(C)C(=O)n1cnc(c1)-c(c2)c(-c3cccc(c3)C(=O)N(C)C)cc(c24)c(ncn4)N[C@H](C)c5cccc(C(F)(F)F)c5,-9.187,45,-0.20415555555555553
C1COCCN1C(=O)COc(c(c2)OC)cc(c23)c(ncn3)N[C@H](C)c4cc(N)cc(C(F)(F)F)c4,-9.172,36,-0.25477777777777777
CCCn1ncnc1-c(c2)c(-n3cc(C(F)(F)F)cn3)cc(c24)c(ncn4)N[C@H](C)c5cccc(C(F)(F)F)c5,-9.108,40,-0.2277
c1cccc(c12)c(ccc2)CC(=O)Nc(c(c34)nccn4)nc(c3)-c5cnccn5,-9.06,30,-0.302
CCOc1cc(N)cc(c1)-c(c2)c([C@H](C)CC)cc(c23)c(ncn3)N[C@H](C)c4ccc(C(F)(F)F)cc4N,-9.051,38,-0.2381842105263158
CNc1nc(NCC(=O)N)ncc1-c2ccccc2Cl,-9.044,20,-0.45220000000000005
CN(C)C(=O)c(nc1)ccc1-c(c(c2)-c(n3)n(C)cc3C)cc(c24)c(ncn4)N[C@H](C)c5cc(O)cc(C(F)(F)F)c5,-9.027,42,-0.2149285714285714
CC(C)c1ccc(cc1)-c(cn2)c(n23)nc(-c4ccc(F)cc4)nc3N[C@H](C)c5cc(C(F)(F)F)ccc5N,-9.022,39,-0.23133333333333334
Cc1nc(ns1)-c(c2)nc(c(c23)nccn3)NC(=O)Cc(ccc4)c(c45)cccc5,-9.013,30,-0.30043333333333333
Cc1ccnc(n1)-c(nc(C)c2)c(c23)nc(nc3)N[C@H](C)c4cc(N)cc(C(F)(F)F)c4,-9.01,32,-0.2815625
c1cccc(c12)c(ccc2)CC(=O)Nc(c(c34)nccn4)nc(c3)-c5ccncc5,-8.974,30,-0.29913333333333336
C1COCCN1C(=O)COc(c(c2)OC)cc(c23)c(ncn3)N[C@H](C)c4cccc(C(F)(F)F)c4,-8.961,35,-0.25602857142857144
c1cccc(c12)c(ccc2)CC(=O)Nc(c(c34)nccn4)nc(c3)-c5ccco5,-8.959,29,-0.3089310344827586
Cc1sccc1-c(c2)nc(c(c23)nccn3)NC(=O)Cc(ccc4)c(c45)cccc5,-8.945,30,-0.2981666666666667
c1cccc(c12)c(ccc2)CC(=O)Nc(c(c34)nccn4)nc(c3)-c5ccon5,-8.935,29,-0.3081034482758621
C[NH+](C)Cc(nn1)ccc1-c(n2)cc(N[C@@H](C)c3cc(C(F)(F)F)ccc3N)n(c24)ncc4-c(c5)cn(c56)cccc6,-8.875,42,-0.2113095238095238
s1ccnc1-c(nc(C)c2)c(c23)nc(nc3)N[C@H](C)c4cc(N)cc(C(F)(F)F)c4,-8.842,30,-0.29473333333333335
O=c(c1)n(C)ccc1-c(c(c2)OC)cc(c23)c(ncn3)N[C@H](CO)c4cccc(C)c4,-8.813,31,-0.2842903225806452
[NH3+]CCc1cc(C)nc(n12)c(C(=O)N)c(n2)N[C@H](C)c3ccc(N)cc3,-8.804,26,-0.33861538461538465
CC(=O)N(C1)CCC[C@H]1Oc(c(c2)OC)cc(c23)c(ncn3)N[C@H](C)c4cc(N)cc(C(F)(F)F)c4,-8.774,36,-0.2437222222222222
Cc1c[nH+]c(n1C)-c(cc2)cc(c23)nc(c4c3cncn4)N[C@H](C)c5cc(N)cc(C(F)(F)F)c5,-8.755,35,-0.25014285714285717
CCn1c(C)c[nH+]c1-c(cc2)cc(c23)nc(c4c3cncn4)N[C@H](C)c5cc(N)cc(C(F)(F)F)c5,-8.749,36,-0.2430277777777778
CNc1cc[nH+]c(c1)-c(c2)c(S(=O)(=O)C(C)(C)C)cc(c23)c(ncn3)N[C@H](C)c4cc(N)cc(C(F)(F)F)c4,-8.741,39,-0.2241282051282051
Cc(c1)cc(C)cc1[C@@H](C)Nc(ncn2)c(c23)cc(c(c3)OC)-c4ccc(cc4)C(=O)N5CCC/C(C5)=N\CC(=O)N,-8.738,42,-0.20804761904761904
CN(C)C(=O)c(c1)cncc1-c(c(c2)OC)cc(c23)c(ncn3)N[C@H](C)c4cc(C)cc(C)c4,-8.727,34,-0.2566764705882353
NC(=O)Cn(n1)ccc1-c(c(c2)OC)cc(c23)c(ncn3)N[C@H](C)c4ccccc4,-8.727,30,-0.2909
c1cccc(c12)N(CC2)CC(=O)Nc(c(c34)cccc4)nc(n3)-c5ccncc5,-8.719,29,-0.3006551724137931
CCOc1cc(N)cc(c1)-c(c2)c([C@H](C)c3ccccc3)cc(c24)c(ncn4)N[C@H](C)c5cc(N)cc(C(F)(F)F)c5,-8.684,42,-0.20676190476190476
COc1ccc(cc1)-c(c2C)c(=O)n(-c3ccn(n3)CC(=O)N)c(c24)nc(nc4)N[C@H](C)c5ccccc5C,-8.681,39,-0.22258974358974357
s1ccnc1-c(nc(C)c2)c(c23)nc(nc3)N[C@H]([NH3+])c4cc(Cl)ccc4C,-8.677,27,-0.32137037037037036
CCc1ccccc1CNc(n2)c(C(=O)N)c(n23)nc(C)cc3-c4cccc(O)c4,-8.669,30,-0.2889666666666667
NC(=O)c1ccccc1-c(nc(C)c2)c(c23)nc(nc3)N[C@H](C)c4ccc(C)c(C)c4,-8.648,31,-0.27896774193548385
COc1cccc(c1)-c(cc2)cc(c23)nc(c4c3cncn4)N[C@H](C)c5cc(N)cc(C(F)(F)F)c5,-8.646,36,-0.2401666666666667
OCCN(C)C(=O)c(c1)cccc1-c(c(c2)-c(cc3)ccc3C)cc(c24)c(ncn4)N[C@H](C)c5cc(O)cc(C(F)(F)F)c5,-8.642,44,-0.1964090909090909
Cc1ccc(c(C)c1)CNc(c(c23)nccn3)nc(c2)-c4ccc(C(=O)N)cc4,-8.63,29,-0.29758620689655174
COc1ccccc1NCC(=O)Nc(c(c23)nccn3)nc(c2)-c4cc(no4)C(=O)N,-8.615,31,-0.2779032258064516
Cc1ccc(cc1)-c(nc(c23)n(cn3)C)nc2N[C@H](C)c4ccc(C(F)(F)F)cc4N,-8.61,31,-0.27774193548387094
CC(C)c(c1)cccc1[C@@H](C)Nc2nc(N[C@H](C)C[C@H](C)[NH+]3CCOCC3)[nH+]c(c24)ccc(n4)-c5nn(C)cc5C(=O)N,-8.601,43,-0.2000232558139535
Cc1ccc(C)c(c1)CNc(c(c23)ncn3C)nc(n2)-c4ccc(O)cc4,-8.6,27,-0.3185185185185185
c1ncccc1-c(nc(c23)n(C)cn2)nc3NC(=O)Cn(cc4)c(c45)ccc(c5)C(F)F,-8.595,32,-0.26859375
COC(=O)c1ccc(cc1)-c(c2)c(-c3cnn(c3)C(=O)C)cc(c24)c(ncn4)N[C@H](C)c5cccc(C(F)(F)F)c5,-8.566,41,-0.2089268292682927
COc1ccccc1-c(c2)nc(c(c23)nccn3)NC[C@H](O)c4ccc(C(F)(F)F)cc4,-8.564,32,-0.267625
COc1ccc(cc1)-c(nc(c23)n(cn3)C)nc2NCc4ccc(C)cc4N,-8.563,28,-0.3058214285714286
c1cc(F)ccc1C[C@@H](C)Nc(c(c23)nccn3)nc(c2)-c4ncccc4C(=O)N,-8.561,30,-0.28536666666666666
Cc1ccc(c(C)c1)CNc(c(c23)nccn3)nc(c2)-c4ccc(nn4)[C@H](C)[NH+](C)C,-8.561,31,-0.27616129032258063
Cn(n1)ccc1-c(n2)ccc(c23)[nH+]c(NC)nc3N[C@H](C)c4cc(N)cc(C(F)(F)F)c4,-8.56,32,-0.2675
Cn1cnc(c1)-c(nc(c23)n(cn3)C)nc2N[C@@H]4CCN(C4=O)c5ccccc5,-8.548,29,-0.2947586206896552
CN(C)C(=O)c(cc1)ccc1-c(c(c2)C(C)C)cc(c23)c(ncn3)N[C@H](C)c4cc(O)cc(C(F)(F)F)c4,-8.537,38,-0.22465789473684214
NC(=O)c1ccc(cc1)C(=O)c(nc(c23)cccc3)nc2NC(=O)Cc4cccc(O)c4,-8.53,32,-0.2665625
FC(F)(F)c1ccccc1N(C)C(=O)Nc(c(c23)ncn3C)nc(n2)-c4ccc(O)cc4F,-8.527,33,-0.2583939393939394
CNc1nc(NCC(=O)N)ncc1-c2cccc(Cl)c2,-8.525,20,-0.42625
Cn(c1)c(=O)ccc1-c(cn2)c(n23)nc(-c(c4)cccc4C)nc3NC(=O)NCc5cccc(C(F)(F)F)c5,-8.525,39,-0.2185897435897436
C[C@H]([NH3+])c(o1)ncc1-c(nc(C)c2)c(c23)nc(nc3)N[C@H](C)c4cc(N)cc(C(F)(F)F)c4,-8.512,33,-0.25793939393939397
c1cc(Cl)ccc1-c2cc(C)nc(n23)c(C(=O)N)c(n3)NC[C@H](O)c4ccccc4,-8.493,30,-0.2831
Cc1ccccc1CCNc(c(c23)nccn3)nc(c2)-c4ccc(C(=O)N)cc4,-8.484,29,-0.292551724137931
[NH3+]CCn(c1)c(=O)ccc1-c2cc(C)nc(n23)c(C(=O)N)c(n3)NC(=O)c4cccc(C(F)F)c4,-8.483,35,-0.2423714285714286
CC(=O)N(CC1)CCC1Oc(c(c2)OC)cc(c23)c(ncn3)N[C@H](C)c4cccc(C(F)(F)F)c4,-8.482,35,-0.2423428571428571
Fc1cc(O)ccc1-c(nc(c23)n(C)cn2)nc3NCCCN(CC4)c(c45)cccc5,-8.471,31,-0.27325806451612905
O=c(c1)ncccc1-c2cc(-c(cn3)cn3CC(=O)NC(=O)C)cc(c24)cnc(n4)N[C@H](C)c5cc(N)cc(C(F)(F)F)c5,-8.446,44,-0.19195454545454546
O=C1CCON1c(cc2)ccc2-c(c(c3)-c(cn4)ccc4C)cc(c35)c(ncn5)N[C@H](C)c6cc(N)cc(C(F)(F)F)c6,-8.438,43,-0.19623255813953489
c1cc(F)ccc1C[C@@H](C)Nc(c(c23)nccn3)nc(c2)-c4cccc(c4)CCC(=O)N,-8.436,32,-0.263625
NC(=O)c1cc(on1)-c(c2)nc(c(c23)nccn3)NCc4cccc(F)c4,-8.433,27,-0.31233333333333335
Cc1ccc(C)c(c1)CNc(c(c23)ncn3C)nc(n2)-c4ccc(O)c(O)c4,-8.415,28,-0.30053571428571424
Fc1cc(O)ccc1-c(nc(c23)n(C)cn2)nc3NC[C@H](O)c4ccccc4,-8.413,28,-0.30046428571428574
c1oc(=O)ccc1-c(c(c2)OC)cc(c23)c(ncn3)N[C@H](C)c4cc(N)cc(C(F)(F)F)c4,-8.411,33,-0.25487878787878787
Cc1ncccc1-c(cc2C)nc(n2)NC(=O)NCc3cccc(C(F)(F)F)c3,-8.41,29,-0.29
Cn1c(=O)cccc1-c(nc(C)c2)c(c23)nc(nc3)N[C@H]([NH3+])c4cc(Cl)ccc4C,-8.403,30,-0.2801
c1ccccc1-c(nc(C)c2)c(c23)nc(nc3)NC(=O)Cn(cc4)c(c45)cccc5,-8.4,30,-0.28
COc1cccc(c1)-c(n2)c(-c3cn(cc3C)C[C@H](C)C(=O)N)cc(c24)cnc(n4)N[C@H](CO)c5ccc(C)cc5,-8.395,41,-0.2047560975609756
o1cccc1-c2cc(-c3ccc(F)cc3)nc(n24)c(C(=O)N)c(n4)NC[C@H](O)c5ccccc5,-8.385,34,-0.24661764705882352
COc1ccc(cc1)-c(c2)nc(c(c23)nccn3)N[C@H](CO)c4ccccc4C,-8.382,29,-0.2890344827586207
NC(=O)COc1cccc(c1)-c(nc(n23)c(cn3)-c4ccc(F)cc4)cc2N[C@H](CO)c5ccc(C(F)(F)F)cc5,-8.381,41,-0.20441463414634148
CC(=O)Nc(c(C)cn1)cc1-c(c(c2)OC)cc(c23)c(ncn3)N[C@H](C)c4ccccc4C,-8.379,33,-0.2539090909090909
COc1cccc(c1)-c(c2)nc(c(c23)nccn3)N[C@H](CO)c4ccc(C)cc4,-8.379,29,-0.2889310344827586
O=c1cc(cc[nH]1)-c(c2)nc(c(c23)nccn3)NC[C@H](O)c4ccc(C(F)(F)F)cc4,-8.369,31,-0.26996774193548384
COc1ccccc1-c(cc(n2)C)n(c23)nc(c3C(=O)N)NC[C@H](O)c4ccccc4,-8.359,31,-0.26964516129032257
CC(C)Nc(c1)cccc1-c(cc2)nc(c23)c(N[C@@H](CO)c(c4)cccc4C)nc([nH+]3)N[C@H](C)c5cc(N)cc(C(F)(F)F)c5,-8.358,45,-0.18573333333333333
c1cc(F)ccc1-c2cc(C)nc(n23)c(C(=O)N)c(n3)NC[C@H](O)c4ccccc4,-8.357,30,-0.27856666666666663
CC(=O)Nc1cccc(c1)-c2nc(N[C@H](C)c3cc(N)cc(C(F)(F)F)c3)ncc2-c4cncc(c4)C(=O)N,-8.339,39,-0.21382051282051284
Cc1oncc1-c(c2)c(-c3cccc(=O)o3)cc(c24)c(ncn4)N[C@H](C)c5cccc(c5)C(F)(F)C,-8.337,36,-0.23158333333333334
CC(=O)Nc(c(C)cn1)cc1-c(c(c2)OC)cc(c23)c(ncn3)N[C@H](C)c4ccc(C)cc4,-8.332,33,-0.25248484848484853
Cc1ccc(cc1)CNc(n2)c(C(=O)N)c(n23)nc(-c4ccon4)cc3-c5ccc(O)cc5,-8.33,33,-0.25242424242424244
COc(c1)cccc1-c(c2C)c(=O)n(-c3ccnn3CC)c(c24)nc(nc4)N[C@H](C)c5cc(N)cc(c5)C(F)(F)C,-8.326,41,-0.20307317073170733
Cc1cccc(c1)CNc(n2)c(C(=O)N)c(n23)nc(-c4ccccc4F)cc3-c5ccc(O)cc5,-8.316,35,-0.23760000000000003
CNC(=O)c1cccc(c1)-c(cc(c2)-c3ccc(C(F)(F)F)cc3)c(c24)nc(nc4)N[C@H](CO)c5cccc(C(F)(F)F)c5,-8.316,44,-0.18900000000000003
COc1ccc(cc1)-c(cc2)nc(c23)c(nc([nH+]3)N[C@@H]4CCC[N@H+](C)C4)N[C@H](C)c5cccc(c5)C(C)C,-8.315,38,-0.21881578947368419
CC(=O)NC(=O)Cn1ccc(c1)-c(c2)c(-c3cnccc3CO)cc(c24)ncnc4N[C@H](C)c5cccc(C)c5,-8.314,40,-0.20785
Cc1cc(nn1C)-c(cc2)cc(c23)ncnc3N[C@H](C)c4cccc(c4)CCO,-8.314,29,-0.2866896551724138
COc1ccc(cc1)-c(c2)c(C[C@H](O)C[NH3+])nc(c23)nc(nc3)N[C@H](C)c4cccc(C)c4,-8.302,33,-0.25157575757575756
COc1ccc(cc1)-c(cn2)c(n23)nc(-c4cccc(c4)CNC(=O)C)cc3N[C@H](C)c5cc(N)cc(C(F)(F)F)c5,-8.299,42,-0.19759523809523807
COCc1c(cnn1C)-c(c2)c(-c3cccc(=O)o3)cc(c24)c(ncn4)N[C@H](C)c5cccc(C(F)(F)F)c5,-8.288,39,-0.21251282051282053
Cn(c1)c(=O)ccc1-c2cc(-c([nH+]c3C)cn3C)cc(c24)cnc(n4)N[C@H](CO)c5cccc(C(F)(F)F)c5,-8.287,39,-0.21248717948717952
Cc1cn(C)c(n1)-c(nc(c23)n(cn3)C)nc2N[C@H](C)c4cccc(C(F)(F)F)c4,-8.286,30,-0.2762
Cc1ccccc1CCNc(c(c23)nccn3)nc(c2)-c4csc(N)c4,-8.283,26,-0.31857692307692304
Cc1ccc(nc1)-c(nc(C)c2)c(c23)nc(nc3)N[C@H](C)c4cc(C)cc(N)c4,-8.281,29,-0.28555172413793106
Cn1c(C)[nH+]cc1-c(cn2)c(n23)nc(CCOC)cc3N[C@H](C)c4ccc(C(F)(F)F)cc4N,-8.28,34,-0.24352941176470586
COc1cccc(c1)CC(=O)Nc(c(c23)nccn3)nc(c2)-c4ccccc4Cl,-8.277,29,-0.2854137931034483
Cc1ccc(cc1)CNc(n2)c(C(=O)N)c(n23)nc(-c4ccncn4)cc3-c5ccc(O)cc5,-8.274,34,-0.24335294117647055
Cc1cn(C)c(=O)cc1-c(c2)c(-c3nn(C)ccc3=O)cc(c24)ncnc4N[C@H](C)c5cc(N)cc(C(F)(F)F)c5,-8.263,41,-0.20153658536585364
Fc(c1)cccc1-c2cc(C)nc(n23)c(C(=O)N)c(n3)NC[C@H](O)c4ccccc4,-8.258,30,-0.27526666666666666
n1cccnc1-c(c2)cc(-c(n3)ccn3CC)c(c24)nc(nc4)N[C@H](O)Cc5cccc(C)c5,-8.255,34,-0.24279411764705885
Cn(c1)ccc1-c2cc(-c(o3)ccc3C)nc(n24)c(C(=O)N)c(n4)N[C@H](C)c5cccc(c5)C(F)(F)CO,-8.25,38,-0.21710526315789475
COc(cc1)ccc1-c2cc(-c(ccc3=O)nn3CCC)cc(c24)cnc(n4)N[C@H](CO)c5cccc(C(F)(F)F)c5,-8.236,42,-0.1960952380952381
n1ccccc1-c(c2)cc(-c(c3)ncn3C)c(c24)nc(nc4)N[C@H](CO)c5cccc(C(F)(F)F)c5,-8.23,36,-0.22861111111111113
Cc(c1)cccc1-c2cc(-c(c3)cccc3C)nc(n24)c(C(=O)N)c(n4)NCc5cccc(C(F)(F)F)c5,-8.227,38,-0.2165
[NH3+]CCN1CCC(CC1)c(cc2)cc(c23)ncnc3NCCc4ccc(F)cc4,-8.225,29,-0.2836206896551724
c1ncccc1-c(cc2C)nc(n2)NCCCn(cc3)c(c34)cc(F)cc4,-8.221,27,-0.30448148148148146
CC(=O)N(CC1)CCC1Oc(cc2)ccc2-c(c(c3)-c(cc4C)nn4CC)cc(c35)ncnc5N[C@H](C)c6cccc(C(F)(F)F)c6,-8.213,47,-0.17474468085106382
Cc1ccc(c(C)c1)-c(cc2)cc(c23)nc(c4c3cncn4)N[C@H](C)c5cc(N)cc(C(F)(F)F)c5,-8.204,36,-0.22788888888888892
CCN(C)C(=O)Cn1ccc(n1)-c(c2)c(-c3cc(OC)ccc3OC)cc(c24)ncnc4N[C@H](C)c5cccc(C)c5,-8.203,42,-0.1953095238095238
Cc1cn(C)c(n1)-c(nc(c23)n(cn3)C)nc2N[C@H](C)Cc4ccccc4C,-8.203,28,-0.2929642857142857
c1ncccc1-c(cn2)c(n23)nc(-c4ccoc4C)cc3N[C@H](C)c5cc(N)cc(C(F)(F)F)c5,-8.199,35,-0.23425714285714286
CC(C)c(c1)cccc1[C@@H](C)Nc2nc(NCC)[nH+]c(c23)ccc(n3)CC[NH+]4CCCC4,-8.199,32,-0.25621875
c1cc(C)cc(c12)ccc(c2)-c(c3)nc(c(c34)nccn4)N[C@H](C)c5cccc(c5)C[NH3+],-8.195,32,-0.25609375
CNC(=O)Cn1ccnc1-c(cc2)cc(c23)nc(c4c3cncn4)N[C@H](C)c5cccc(C(F)(F)F)c5,-8.193,37,-0.22143243243243244
NC(=O)CNc1ncc(-c2ccc(Cl)cc2)c(n1)-c3ccoc3,-8.19,23,-0.3560869565217391
CNc(n1)c(C(=O)N)c(n12)nc(C)cc2C(=O)NCc3ccc(C)cc3,-8.188,26,-0.31492307692307697
Nc1ccc(cc1C(F)(F)F)CNc(ncn2)c(c23)cc(c(c3)-c4ccc(o4)CO)-c5cccc(c5)CO,-8.188,38,-0.21547368421052635
CN(C)C(=O)c(nc1)ccc1-c(c(c2)-c([nH+]3)n(C)cc3C)cc(c24)c(ncn4)N[C@H](C)c5cc(O)cc(C(F)(F)F)c5,-8.187,42,-0.19492857142857142
Cc1cccc(c1)-c(cc(n2)C)n(c23)nc(c3C(=O)N)N[C@H](C)c4cccc(C)c4,-8.181,30,-0.2727
Fc1cc(O)ccc1-c(nc(c23)n(C)cn2)nc3NCC[C@H]([NH3+])c4ccccc4Cl,-8.181,30,-0.2727
C[C@H](O)c1cccc(c1)-c(cc2)nc(c23)c(N[C@H](C)c4ccc(C(F)(F)F)cc4)nc([nH+]3)NC[C@@H]5CC[N@H+](C)C5,-8.178,40,-0.20445000000000002
Fc(o1)ccc1-c(cc2C)nc(n2)NC(=O)N[C@H](CC3)Cc(n34)[nH+]cc4,-8.174,26,-0.3143846153846154
Cc1ccccc1-c2cc(C)nc(n23)c(C(=O)N)c(n3)N[C@H](C)c4ccc(C(F)(F)F)cc4,-8.172,33,-0.24763636363636365
COc1ccc(Cl)cc1-c(c2)nc(c(c23)nccn3)NC(=O)CCn4cccc4C,-8.169,30,-0.27230000000000004
[NH3+]Cc(c1)cccc1[C@@H](C)Nc2nc(NC(C)C)[nH+]c(c23)ccc(n3)-c4ccc(CO)cc4F,-8.161,34,-0.24002941176470588
c1ncccc1-c2cc(-c3cc(Br)nn3C)cc(c24)cnc(n4)N[C@H](CO)c5cccc(C(F)(F)F)c5,-8.159,37,-0.22051351351351353
C[NH+](C)Cc1ccc(nc1)-c(nc(c23)n(cn3)C)nc2N[C@@H]4CCN(C4=O)c5ccccc5,-8.155,33,-0.2471212121212121
C1OCC1(O)c(c2)cccc2[C@H](C)Nc(n3)c(ncnc4)c4c(c35)ccc(c5)[C@H]([NH3+])c6cc(N)cc(C(F)(F)F)c6,-8.154,41,-0.19887804878048781
FC(F)(F)c(c1)cccc1N[C@@H](CC)Nc(ncn2)c(c23)cc(c(c3)OC)OCC(=O)N4CCOCC4,-8.15,37,-0.22027027027027027
Cc1ccc(cc1C)CNc(c(c23)nccn3)nc(c2)-c4cccc(O)c4,-8.149,27,-0.30181481481481476
o1cccc1-c(c2C)c(=O)n(CC)c(c23)nc(nc3)N[C@H](C)c4cc(N)cc(C(F)(F)F)c4,-8.148,33,-0.2469090909090909
NC(=O)COc(nc(C)c1)c(c12)nc(nc2)N[C@H](C)c3ccc(C)c(C)c3,-8.142,27,-0.3015555555555555
CC(=O)N(C1)CCC[C@H]1Oc(c(c2)OC)cc(c23)c(ncn3)N[C@H](C)c4cccc(c4)C(C)C,-8.139,34,-0.23938235294117646
C[NH+](C)Cc(nc1)ccc1-c(c(o2)-c(cc3C)ccc3C)c(c24)c(ncn4)NC[C@H]([NH3+])c5cccc(C(F)(F)F)c5,-8.136,41,-0.19843902439024388
Oc(c1)cccc1CC(=O)Nc(c(c23)cccc3)nc(n2)-c4ccccn4,-8.13,27,-0.30111111111111116
C[NH+](C)Cc1ncccc1-n2c(=O)c(-c3cccc(c3)C(=O)N)c(C)c(c24)cnc(n4)NC[C@H](O)c5cc(N)cc(C(F)(F)F)c5,-8.129,46,-0.17671739130434783
OCCc(cc1)cc(c12)ncnc2NCCc3ccc(F)cc3,-8.129,23,-0.35343478260869565
O=C1CCN1c(c2)cc(cc2C)[C@H](C)Nc(nc3)nc(c34)c(nc(c4)C)-c5ccc(F)cc5,-8.119,33,-0.24603030303030302
C1C[NH2+]CCC1c(nn2)ncc2-c(c(c3)-c4cnoc4C)cc(c35)c(ncn5)N[C@H](C)c6cccc(c6)C(F)(F)C,-8.113,41,-0.1978780487804878
Cc1noc(n1)-c2cnc(-c3conc3C)nc2N[C@H](C)c4cc(N)cc(C(F)(F)F)c4,-8.112,32,-0.2535
CN(C)c(c1)[nH+]ccc1-c(c(c2)OC)cc(c23)c(ncn3)N[C@H](C)c4cccc(C)c4,-8.111,31,-0.2616451612903226
O=C([O-])[C@@H](C)Cn(c1)ncc1-c(c2C)c(=O)n(-c(n3)ccn3CC)c(c24)nc(nc4)N[C@H](C)c5cccc(c5)OC,-8.11,41,-0.19780487804878047
Cc1cccc(c1)-c(cn2)c(n23)nc(-c4ccncn4)cc3NC(=O)Cc5cccc(C(F)(F)F)c5,-8.107,36,-0.22519444444444442
CNC(=O)Cn1ccnc1-c(cc2)cc(c23)nc(c4c3cncn4)N[C@H](C)c5cccc(c5)C(=O)N,-8.107,36,-0.22519444444444442
c1cc(F)ccc1-n2c(=O)c(-c3cccnc3)c(C)c(c24)cnc(n4)N[C@H](C)c5cc(N)cc(C(F)(F)F)c5,-8.106,39,-0.20784615384615385
Cc(c1)c(C)ccc1[C@@H](C)Nc2nc(NCC)[nH+]c(c23)ccc(n3)-c4ccc(C(=O)N)cc4C,-8.103,34,-0.2383235294117647
OCc1ncccc1-c(nc(c23)n(C)cn2)nc3N[C@@H]4CCN(C4=O)c5ccccc5,-8.102,31,-0.2613548387096774
c1cnccc1-c(nc(C)c2)c(c23)nc(nc3)N[C@H]([NH3+])c4cc(Cl)ccc4C,-8.101,28,-0.2893214285714286
Cc1ccccc1-c2cc(C)nc(n23)c(C(=O)N)c(n3)NCc4cccc(N)c4,-8.1,29,-0.2793103448275862
CCOc1cc(N)cc(c1)-c(c2)c([C@H](C)CC)cc(c23)c(ncn3)N[C@H](C)c4ccc(C(F)(F)F)c(N)c4,-8.095,38,-0.2130263157894737
Cc1ccc(cc1)-c(nc(C)c2)c(c23)nc(nc3)N[C@H]([NH3+])c4cc(Cl)ccc4C,-8.093,29,-0.27906896551724136
FC(F)(F)c(cc1)ccc1[C@@H](C)Nc2nc(NCC[N@@H+](C)CC)[nH+]c(c23)ccc(n3)-c4cccc(F)c4,-8.09,37,-0.21864864864864864
COc1ccc(cc1)NC(=O)CN(C)c(c2)c(-c3nccn3C)cc(c24)ncnc4N[C@H](C)c5cccc(C)c5,-8.089,40,-0.20222500000000002
NC(=O)c(cc1)ccc1[C@@H](C)Nc(ncn2)c(c23)cc(c(c3)-c(c4)cccc4OC)-c5nccc(n5)Cn6nc(C)cc6C,-8.085,44,-0.18375000000000002
CC[NH2+]CCC(=O)c(cc1)cc(c12)nc(NC[C@H](O)c3cc(N)cc(C(F)(F)F)c3)c4c2cnc(n4)NC5CC5,-8.084,40,-0.2021
c1ncccc1-c(nc(C)c2)c(c23)nc(nc3)N[C@H]([NH3+])c4cc(Cl)ccc4C,-8.083,28,-0.28867857142857145
COc1cccc(c1)-c(c2C)c(=O)n(CN(C)C(=O)C)c(c23)nc(nc3)NCc4cc(N)cc(c4)C(F)(F)C,-8.083,39,-0.20725641025641026
O=C1CCN1c(c2)cc(cc2C)[C@H](C)Nc(nc3)nc(c34)c(nc(c4)C)-c5cccc(F)c5,-8.083,33,-0.24493939393939396
FC(F)(F)c(c1)cc(N)cc1[C@@H](C)Nc(nc2-c(cc3)ccc3C)ncc2-c4ccn(c4)CC(=O)N(C)C,-8.082,38,-0.2126842105263158
CCc1cccc(c1)-c(cc2)nc(c23)c(nc([nH+]3)NCC[NH3+])N[C@H](C)c4ccc(C)cc4,-8.079,32,-0.25246875
NC(=O)Cc(c1)cccc1[C@@H](C)c(c2C)c(=O)n(-c(cn3)cn3CC)c(c24)nc(nc4)N[C@H](C)c5cccc(c5)OC,-8.076,42,-0.1922857142857143
Cc1ccccc1-c(cn2)c(n23)nc(-c4cccc(c4)C(=O)NC(C)C)cc3N[C@H](C)c5cc(N)cc(C(F)(F)F)c5,-8.073,42,-0.19221428571428573
CCn1c(C)c[nH+]c1-c(cc2)cc(c23)nc(c4c3cncn4)N[C@H](C)c5cccc(C)c5,-8.071,32,-0.25221875
CCn1cc(cn1)-c(cc2)cc(c23)ncnc3NC(=O)NCc4cccc(C)c4,-8.06,29,-0.27793103448275863
CC(C)OCc1cccc(c1)CNc(c(c23)nccn3)nc(c2)-c4cccc(c4)C(=O)N,-8.057,32,-0.25178125
Cc1ccc(cn1)-c(cn2)c(n23)nc(-c4ccc(C(=O)N)cc4)cc3N[C@H](C)c5cccc(C(F)(F)F)c5,-8.056,38,-0.21199999999999997
Cc1ncncc1-c(nc(C)c2)c(c23)nc(nc3)N[C@H](C)c4ccc(C)c(C)c4,-8.056,29,-0.27779310344827585
CCc1cccc(c1)-c(cc2)nc(c23)c(nc([nH+]3)NCC[NH+](C)C)N[C@H](C)c4cc(C)cc(C)c4,-8.055,35,-0.23014285714285712
FC(F)(F)c(c1)cc(N)cc1[C@@H](C)Nc(nc2NCOC)ncc2-c3cccc(c3)C(=O)NC(=O)[C@H]([O-])C(F)(F)F,-8.053,41,-0.19641463414634147
CCn1c(C)c[nH+]c1-c(cc2)cc(c23)nc(c4c3cncn4)N[C@H](C)c5ccc(C)cc5,-8.051,32,-0.25159375
Cc1ccccc1-c(cn2)c(n23)nc(-c4ccc(N(C)C)cc4)cc3N[C@H](C)c5cc(N)cc(c5)C(F)(F)CO,-8.049,40,-0.201225
c1cc(O)ccc1-c2cc(-c(o3)ccc3C)nc(n24)c(C(=O)N)c(n4)N[C@H](C)c5ccccc5,-8.049,34,-0.23673529411764704
COc1cc(ccn1)-c(c2)c(OC)cc(c23)ncnc3N[C@H](C)c4ccc(c(N)c4)C(F)(F)CO,-8.049,35,-0.22997142857142855
COc1cccc(c1)-c(c2)nc(c(c23)nccn3)N[C@H](C)c4cc(N)cc(C(F)(F)F)c4,-8.048,32,-0.2515
COc1cccc(c1)-c(c2)nc(c(c23)nccn3)N[C@H](C)c4ccc(C)c(C)c4,-8.047,29,-0.27748275862068966
Cc1cccn1CCC(=O)Nc(c(c23)nccn3)nc(c2)-c4ccco4,-8.047,26,-0.3095
CCOc1c(OC)cccc1-c(c2)c(-c3ccnn3CN(C)C)cc(c24)c(ncn4)N[C@H](C)c5cc(O)cc(C(F)(F)F)c5,-8.045,44,-0.18284090909090908
CC(=O)N(CC1)CCC1Oc(c(c2)OC)cc(c23)c(ncn3)N[C@H](C)[C@H](CO)c4cc(N)cc(c4)C(F)(F)C,-8.043,39,-0.20623076923076922
C[NH+](C)Cc(n1)occ1-c(cn2)c(n23)nc(-c4cccc(F)c4C)cc3N[C@H](C)c5cccc(c5)CCO,-8.041,38,-0.21160526315789474
FC(F)(F)c(c1)cccc1CNC(=O)Nc(c(c23)nccn3)nc(c2)-c4cccnc4,-8.039,31,-0.2593225806451613
CN(C)C(=O)COc(c(c1)OC)cc(c12)c(ncn2)N[C@H](O)c3ccccc3C,-8.038,29,-0.2771724137931035
COc1ccc(cc1)-c(c2)nc(c(c23)nccn3)N[C@H](C)c4cc(C)ccc4C,-8.034,29,-0.2770344827586207
Cc1cccc(c1)CNC(=O)Nc(c(c23)cccc3)nc(n2)-c4cccc(F)c4,-8.031,29,-0.27693103448275863
CC(=O)N[C@H](O)CCn1ccc(cc1=O)-c(cn2)c(n23)nc(-c4cc(C)on4)nc3NCc5cc(C)cc(C)c5,-8.029,40,-0.200725
CCn1c(C)c[nH+]c1-c(cc2)cc(c23)nc(c4c3cncn4)N[C@H](C)CCc5cccc(F)c5,-8.026,34,-0.23605882352941177
c1ccccc1CCC(=O)Nc(c(c23)nccn3)nc(c2)-c4ccccc4,-8.024,27,-0.29718518518518516
Fc(c1)cccc1-c(c(c2)OC)cc(c23)c(ncn3)N[C@H](C)c4ccc(C(F)(F)F)cc4,-8.023,32,-0.25071875
Cc1ccccc1CNC(=O)Nc(c(c23)nccn3)nc(c2)-c4cccnc4,-8.021,28,-0.2864642857142857
CCn1cc(c(n1)C)-c(nc(C)c2)c(c23)nc(nc3)N[C@H](C)c4cccc(c4)C(C)(C)O,-8.017,32,-0.25053125
OCCc(c1)nccc1-c(c2)cc(-c(c3)ncn3C)c(c24)nc(nc4)N[C@H](CO)c5cccc(C(F)(F)F)c5,-8.015,39,-0.20551282051282052
c1ncccc1-c(nc(C)c2)c(c23)nc(nc3)N[C@H](C)c4ccc(C)c(C)c4,-8.01,28,-0.2860714285714286
CN(C)C(=O)COc(c(c1)OC)cc(c12)c(ncn2)N[C@H](C)c3cccc(C)c3,-8.008,29,-0.27613793103448275
Cc1cccc(c1)CCNc(c(c23)ncn3C)nc(n2)-c4ccc(O)cc4F,-8.007,28,-0.2859642857142857
Cn(c1)c(=O)ccc1-c(c(c2)OC)cc(c23)c(ncn3)N[C@H](C)c4ccc(c(N)c4)C(F)(F)CO,-8.006,35,-0.22874285714285714
Cc1cccn1CCC(=O)Nc(c(c23)nccn3)nc(c2)-c4cnoc4,-8.005,26,-0.3078846153846154
Cc1cnc(n1C)-c(cc2)cc(c23)nc(c4c3cncn4)N[C@H](C)c5cc(N)cc(C(F)(F)F)c5,-8.004,35,-0.22868571428571427
Cc1cccn1CCC(=O)Nc(c(c23)nccn3)nc(c2)-c4ccc(Cl)cn4,-8.001,28,-0.28575
CN(C)C(=O)c(c1)cncc1-c(c(c2)OC)cc(c23)c(ncn3)NCc4cc(C)cc(C)c4,-7.995,33,-0.24227272727272728
CN(C)C(=O)c(nc1)ccc1-c(cn2)c(n23)nc(-c(cc4)ccc4C)nc3N[C@H](C)c5cc(N)cc(C(F)(F)F)c5,-7.992,41,-0.1949268292682927
CCCn1ncnc1-c(c2)c(-c3cncn3CC)cc(c24)c(ncn4)N[C@H](C)c5cccc(C(F)(F)F)c5,-7.987,38,-0.21018421052631578
Cc1cccc(c1)CNc(c(c23)nccn3)nc(c2)-c4cc(no4)C(=O)N,-7.973,27,-0.2952962962962963
Cc(c1)c(C)ccc1-c(cn2)c(n23)nc(-c(c(cn4)C(=O)N)cc4OC)cc3N[C@H](C)c5ccc(C(F)(F)F)c(N)c5,-7.972,42,-0.18980952380952382
Cc1ccc(C)c(c1)CNc(c(c23)ncn3C)nc(n2)-c4cccs4,-7.972,25,-0.31888
COC(=O)c1ccnc(c1)-c(nc(c23)n(cn3)C)nc2N[C@@H]4CCN(C4=O)c5ccccc5,-7.971,33,-0.24154545454545454
O=C1NCC(=O)N1c(cc2)ccc2-c(c(c3)-c(cc4)ccc4OC)cc(c35)c(ncn5)N[C@H](C)c6cccc(c6)C(F)(F)C,-7.97,44,-0.18113636363636362
Cc1noc(n1)-c2cnc(nc2-c3cccs3)N[C@H](C)c4cc(N)cc(C(F)(F)F)c4,-7.964,31,-0.25690322580645164
Cc1ccc(cc1C)CNc(c(c23)nccn3)nc(c2)-c4ccc(CO)cc4,-7.959,28,-0.28425
CN(C)C(=O)Cn(c1)ccc1-c(c(c2)OC)cc(c23)c(ncn3)N[C@H](C)c4cccc(C)c4,-7.956,33,-0.2410909090909091
Cc1cc(C)cc(c1)N(C)CC(=O)Nc(c(c23)ncn3C)nc(n2)-c4cccc(F)c4,-7.956,31,-0.2566451612903226
c1ccccc1-c(n2)ccc(c23)nc(NCC)nc3NC(=O)NCc4ccc(C)cc4,-7.956,31,-0.2566451612903226
c1ccccc1-c(nc(C)c2)c(c23)nc(nc3)N[C@H](C)c4cccc(c4)N(C)C,-7.952,29,-0.27420689655172414
CCn1ccc(cc1=O)-c(c2)c(-c3nc(C)cs3)cc(c24)c(ncn4)N[C@H](C)c5cccc(Cl)c5,-7.952,35,-0.22719999999999999
Cc1ccccc1CNc2nc(NCC[NH3+])ncc2-c3ccc(=O)on3,-7.95,26,-0.3057692307692308
CCn1nc(cc1C)-c(c2)c(OC)cc(c23)ncnc3N[C@H](C)c4ccc(c(N)c4)C(F)(F)CO,-7.95,35,-0.22714285714285715
COc1ccccc1-c(nc(c23)n(cn3)C)nc2N[C@H](C)c4cccc(c4)C(C)C,-7.948,30,-0.26493333333333335
n1ccnn1-c(c(c2)OC)cc(c23)c(ncn3)NCc(cc4)cc(c45)NCCC5,-7.948,29,-0.2740689655172414
CCn1cc[nH+]c1-c(cc2)cc(c23)nc(N[C@H](C)c4ccc(C)cc4C)c5c3cnc(n5)NC6CC6,-7.947,36,-0.22075
FC(F)(F)c(c1)cccc1[C@H](CC)Nc(ncn2)c(c23)cc(-c4ccc(nc4)NC(=O)C)c(c3)-c5ccc(cc5)CC(=O)N6CC[C@H](O)C6,-7.945,49,-0.16214285714285714
C1CCCn(c12)c(nn2)-c(c(c3)OC)cc(c34)c(ncn4)N[C@H](C)c5ccc(N)cc5[C@H](C)O,-7.944,34,-0.2336470588235294
CCCn1ccnc1-c(cc2)cc(c23)ncnc3N[C@H](C)c4cccc(c4)NC(=O)C,-7.942,31,-0.2561935483870968
c1ccccc1-c(cc2)nc(c23)c(NCC[NH+](C)C)nc(n3)N[C@H](CO)c4ccccc4,-7.942,32,-0.2481875
Cc1oncc1-c(c2)c(-c3cccc(F)c3)cc(c24)c(ncn4)N[C@H](C)c5cccc(c5)C(F)(F)C,-7.941,36,-0.22058333333333333
COc1ccc(cc1)-c(c2)c(OC)cc(c23)ncnc3N[C@H](C)c4ccccc4C,-7.941,30,-0.2647
CC(=O)N(C1)CCC[C@H]1Oc(c(c2)OC)cc(c23)c(ncn3)N[C@H](C)c4cc(C)cc(C)c4,-7.938,33,-0.24054545454545453
n1ccncc1-c(c2)cc(-c(n3C)cnc3C[NH2+]C)c(c24)nc(nc4)N[C@H](C)c5cccc(C)c5,-7.937,35,-0.22677142857142857
Cc1cccc(c1)CNc(n2)c(C(=O)N)c(n23)nc(C)cc3-c4ccccc4C,-7.933,29,-0.27355172413793105
Cc1ccc(C)c(c1)CNc(c(c23)ncn3C)nc(n2)-c4cccc(N)c4,-7.931,27,-0.29374074074074075
CC(=O)Nc1cncc(n1)-c(cn2)c(n23)nc(-c4cccc(C)c4)cc3N[C@H](C)c5cc(N)cc(C(F)(F)F)c5,-7.93,40,-0.19824999999999998
O=c(c1)n(C)ccc1-c(c(c2)OC)cc(c23)c(ncn3)N[C@H](C)c4ccc(C(F)(F)F)c(N)c4,-7.925,34,-0.23308823529411765
O1CCCOC1C(=O)c2cccc(c2)-c(cc3-c4ccccc4F)cc(c35)cnc(n5)NCc6cccc(c6)C(F)(F)CO,-7.924,44,-0.1800909090909091
o1cccc1-c2cc(C)nc(n23)c(C(=O)N)c(n3)N[C@H](C)c4ccc(N)cc4,-7.922,28,-0.2829285714285714
Oc(c1)cccc1CC(=O)Nc(c(c23)cccc3)nc(n2)C(=O)NCc4ccccc4,-7.921,31,-0.25551612903225807
FC(F)(F)c(c1)cccc1[C@H](CO)Nc(nc2)nc(c23)c(-c4ccncn4)cc(c3)-c5ccccn5,-7.92,36,-0.22
c1ccccc1-c2cc(C)nc(n23)c(C(=O)N)c(n3)NCc4ccccc4C,-7.919,28,-0.28282142857142856
C1COCCN1C(=O)COc(c(c2)OC)cc(c23)c(ncn3)NCc4ccc(F)cc4,-7.918,31,-0.2554193548387097
Cc1cccc(c1)[C@H](F)Cc(cn2)c(n23)nc(-c4ccccn4)nc3NCCO,-7.916,29,-0.2729655172413793
CN(C)C(=O)Cn(n1)ccc1-c(c(c2)OC)cc(c23)c(ncn3)N[C@H](C)c4ccccc4,-7.916,32,-0.247375
n1ccncc1-n2c(=O)c(-c3cccc(c3)C(=O)N)c(C)c(c24)cnc(n4)N[C@H](C)c5cccc(C(F)(F)F)c5,-7.916,40,-0.19790000000000002
COc1ccccc1-c(c2)nc(c(c23)nccn3)NCCc4ccccc4C,-7.911,28,-0.2825357142857143
FC(F)(F)c(c(N)c1)ccc1-c(cc2C)nc(n2)NC(F)(F)c3cccc(c3)C[NH3+],-7.908,30,-0.2636
CSc(cc1)ccc1[C@H](CC)Nc(nc2)nc(c23)nc(c(c3)-c4cccc(O)c4)[C@@H]5CC[C@H](C(=O)N)[N@@H+](C5)CCCO,-7.907,42,-0.18826190476190477
Cc1cccc(c1)CNC(=O)Nc2ncc(c(n2)-c3cnoc3)-c4ncccc4O,-7.907,30,-0.26356666666666667
CCNc1nc(NC)ncc1-c2cccc(Cl)c2,-7.903,18,-0.43905555555555553
CCc1nc(NCCO)ncc1-c2ccco2,-7.901,17,-0.4647647058823529
C1OCC[C@H]1Oc(c(c2)OC)cc(c23)c(ncn3)NCc4ccc(C)cc4,-7.9,27,-0.2925925925925926
Cc1cccc(c1)CCNc(c(c23)ncn3C)nc(n2)-c4nc(C)cn4C,-7.899,27,-0.29255555555555557
Cc1nocc1-c2ncc(-c3ccncc3)c(n2)N[C@H](C)Nc4cccc(C(F)(F)F)c4,-7.898,32,-0.2468125
CCc1ccccc1-c(cc(n2)-c3ccccc3)n(c24)nc(c4C(=O)N)N[C@H](C)c5ccc(CO)cc5,-7.897,37,-0.21343243243243243
n1cn(C)c(c12)nc(-c(ccn3)cc3C)nc2NCCc4cc(C(F)(F)F)n(C)c4,-7.897,30,-0.2632333333333333
O=C1CCN1c(c2)cc(cc2C)[C@H](C)Nc(nc3)nc(c34)c(nc(c4)C)-c5ccncc5,-7.893,32,-0.24665625
Nc(c1)cccc1C(C)(C)[C@H](O)Nc(nc(n2)-c3ccccc3)n(c24)ncc4-c5cccc(O)c5,-7.893,35,-0.2255142857142857
c1cc(F)ccc1-c2cc(-c(c3)cccc3C)nc(n24)c(C(=O)N)c(n4)N[C@H](C)c5cc(C)cc(C)c5,-7.89,37,-0.21324324324324323
Cc1ccccc1CNC(=O)Nc2ncc(-c3ccccn3)c(n2)-c4ccccc4F,-7.89,31,-0.25451612903225806
CCc1cccc(c1)-c(cc2)nc(c23)c(nc([nH+]3)NCCO)N[C@H](C)c4cccc(c4)[C@H](C)O,-7.887,34,-0.2319705882352941
Fc(c1)cccc1CNC(=O)c2nc(NCCO)ncc2-c3ccncc3,-7.887,27,-0.2921111111111111
CCOc1cccc(c1)CNc(n2)c(C(=O)N)c(n23)nc(C)cc3-c4cccc(F)c4F,-7.883,32,-0.24634375
FC(F)(F)c(cc1)ccc1[C@H](O)CNc(c(c23)nccn3)nc(c2)-c4ccccc4,-7.883,30,-0.26276666666666665
COc1cc(ccn1)-c(cn2)c(n23)nc(-c4nccnc4C)nc3NC[C@H]([NH3+])Cc5cccc(C)c5,-7.88,36,-0.21888888888888888
CC(F)(F)c(c1)cccc1[C@H](C)Nc(ncn2)c(c23)cc(c(c3)-c4ccccn4)-c5ccncc5,-7.878,35,-0.22508571428571428
FC(F)(F)c(c1)cccc1[C@@H](C)c(nc(c23)n(cn3)C)nc2NC[C@H](O)[NH2+]CC4CCCC4,-7.877,33,-0.23869696969696969
n1ccnn1-c(c(c2)OC)cc(c23)c(ncn3)NCc4ccccc4C(F)(F)F,-7.876,29,-0.2715862068965517
c1ccccc1[C@@H](O)CNc(n2)c(C(=O)N)c(n23)nc(-c4ccc(F)cc4)cc3-c5ccc(F)cc5,-7.872,36,-0.21866666666666668
c1ccccc1[C@H](OC)CCNc(c(c23)nccn3)nc(c2)-c4cccc(F)c4,-7.871,29,-0.27141379310344826
Cc1ccc(cc1)CNc(n2)c(C(=O)N)c(n23)nc(C)cc3-c4cccnc4,-7.87,28,-0.2810714285714286
C[C@H](O)c1cccc(c1)-c(c2)c(-c3ccc(Cl)cc3)nc(c24)nc(nc4)N[C@H](C)c5cc(N)cc(C(F)(F)F)c5,-7.87,40,-0.19675
CC[N@@H+]1CC[C@@H](C1)Oc(c2)c(OC)cc(c23)ncnc3N[C@H](C)c4ccn(C)c4C,-7.867,30,-0.2622333333333333
c1cc(Cl)cc(c12)C[N@H+](C2)C[C@@H](C)C(=O)Nc(c(c34)ncn4C)nc(n3)-c5ccnn5C,-7.865,32,-0.24578125
n1ccccc1-c(n2)cc(N[C@@H](CO)c(cc3)ccc3C)n(c24)ncc4-c5ccc(F)cc5,-7.864,33,-0.2383030303030303
Fc1cccc(c1)CNc(c(c23)nccn3)nc(c2)-c4ccccc4,-7.862,25,-0.31448
COc1ccc(cc1)-c(c2)c(OC)cc(c23)ncnc3N[C@H](C)c4ccc(C(C)C)cc4,-7.86,32,-0.245625
Fc1ccccc1-c(n2)cc(-c(c3)cccc3OC)n(c24)nc(c4C(=O)N)N[C@H](C)Nc5cccc(C(F)(F)F)c5,-7.86,41,-0.19170731707317074
n1cn(C)cc1-c(n2)ccc(c23)[nH+]c(NC[C@H](C)O)nc3N[C@H](C)c4ccc(C(F)(F)F)cc4,-7.86,34,-0.23117647058823532
COc1ccc(cc1)-c(c2)c(-c3cc(C(F)(F)F)ccc3O)nc(c24)nc(nc4)N[C@H](C)c5cccc(C(F)(F)F)c5,-7.859,42,-0.18711904761904763
NC(=O)C(=O)N(C)[C@@H]1CCCN(C1)c2cccc(c2)-c(cc(c3)-c4cn(C)cn4)c(c35)nc(nc5)NCc6cccc(c6)C(F)(F)CO,-7.856,48,-0.16366666666666665
Cn1nccc1-c(cc2C)nc(n2)N[C@@H]3CC[N@H+](C3)[C@H](C)c4cccc(F)c4,-7.853,28,-0.2804642857142857
c1cccc(c12)nc([C@@H](C)CC)nc2NC(=O)Cc3cccc(O)c3,-7.849,25,-0.31396
s1cccc1-c(nc(C)c2)c(c23)nc(nc3)N[C@H](C)c4ccc(F)cc4,-7.848,26,-0.3018461538461538
Cc1ccc(cc1)CNc(n2)c(C(=O)N)c(n23)nc(C)cc3-c4ccccc4,-7.847,28,-0.28025
Cc1n(C)c(C)cc1-c2cnc(nc2-c(cc3)ccc3C)N[C@H]([NH3+])c4cc(N)cc(C(F)(F)F)c4,-7.847,35,-0.2242
CCn1c(C)cnc1-c(cc2)cc(c23)nc(c4c3cncn4)N[C@H](C)c5cc(N)cc(C(F)(F)F)c5,-7.846,36,-0.21794444444444444
CN(C)C(=O)Cn(c1)ncc1-c(c(c2)OC)cc(c23)c(ncn3)N[C@H](C)c4cc(N)cc(C(F)(F)F)c4,-7.845,37,-0.21202702702702703
c1cccc(c12)n(C)c(c2)CNc(c(c34)nccn4)nc(c3)-c5cccnc5,-7.845,28,-0.28017857142857144
Cc1ccc(c(C)c1)OCC(=O)Nc(c(c23)cccc3)nc(n2)-c(on4)c(c45)cccc5,-7.842,32,-0.2450625
Cc1ccc(c(C)c1)CNc(n2)c(C(=O)N)c(n23)nc(-c4ccco4)cc3-c5cnn(C)c5,-7.841,33,-0.2376060606060606
COc1cccc(c1)CNC(=O)CNc(c(c23)nccn3)nc(c2)-c4cc(no4)C(=O)N,-7.84,32,-0.245
Cn(c1)c(=O)ccc1-c(c2)c(cc(c23)c(c(C#N)cn3)NC(C)C)NC[C@H](O)c4ccccc4,-7.84,34,-0.23058823529411765
CCn1cc(cn1)-c(cc2)cc(c23)ncnc3NCCc4cccc(C(F)(F)F)c4,-7.839,30,-0.26130000000000003
c1cnccc1-c(n2)ccc(c23)[nH+]c(NC[C@@H](O)c(cc4N)cc(C(F)(F)F)c4)nc3NCc5ccccc5CO,-7.839,41,-0.19119512195121952
CC(=O)C(C)(C)Nc1nonc1-c2cc(C)nc(n2)NC(F)(F)c3cccc(c3)C[NH3+],-7.837,31,-0.2528064516129032
Cc1noc(C)c1-c(cc2)nc(c23)c(nc(n3)NC(=O)CC[NH+](C)C)N[C@H](C)c4cccc(Cl)c4,-7.837,35,-0.2239142857142857
COc1ccc(cc1)-c(nc(c23)n(cn3)C)nc2N[C@H](C)c4cc(C)cc(C)c4,-7.836,29,-0.27020689655172414
c1cc(N)ccc1[C@@H](C)Nc(n2)c(C(=O)N)c(n23)nc(C)cc3CC(=O)NCc4ccccc4,-7.836,34,-0.23047058823529412
Fc(o1)ccc1-c(cc2C)nc(n2)NC(=O)CCc3ccccc3,-7.835,24,-0.32645833333333335
c1ncccc1-c(n2)ccc(c23)[nH+]c(NCC)nc3N[C@H](C)c4cccc(c4)C(F)(F)CO,-7.832,33,-0.23733333333333334
Cc1ncncc1-c(cc2)cc(c23)nc(N[C@H](C)c4ccc(C(F)(F)F)c(N)c4)c5c3cnc(n5)NC6CC6,-7.831,39,-0.2007948717948718
Cc1ccc(C)c(c1)CNc2ncc(c(n2)NC[NH+](C)C)-c3ccccc3,-7.83,27,-0.29
COc1cccc(c1)-c(c2)c(C[C@]3(O)CC[N@H+](C)C3)nc(c24)nc(nc4)N[C@H](C)c5cccc(C)c5,-7.83,36,-0.2175
Cc1ccc(C)c(c1)CNc(nc2)nc(c23)n([C@H](C)CO)c(=O)c(c3C)-c4cccc(F)c4,-7.829,33,-0.23724242424242423
COc1ccccc1-c(cc(n2)-c3cccnc3)n(c24)nc(c4C(=O)N)N[C@H](C)c5cccc(C)c5,-7.829,36,-0.2174722222222222
Cc1ncccc1-c(cc2)nc(c23)c(nc([nH+]3)NCCO)N[C@H](C)c4cccc(c4)C[NH3+],-7.828,32,-0.244625
Fc1ccccc1-c2ncc(-c3nccs3)c(n2)NCc4ccc(C(F)(F)F)cc4,-7.821,30,-0.2607
Cc1cccc(c1)CNC(=O)Nc(c(c23)nccn3)nc(c2)-c4cccnc4,-7.821,28,-0.27932142857142855
c1cc(F)ccc1C[C@@H](C)Nc(c(c23)nccn3)nc(c2)-c4cn(C)ccc4=O,-7.82,29,-0.2696551724137931
Cc1ccccc1-c2cc(C)nc(n23)c(C(=O)N)c(n3)N[C@H](C)c4ccccc4,-7.819,29,-0.2696206896551724
FC(F)(F)c1cccc(c1)CNc(c(c23)nc(cc3)-c4cccnc4)nc([nH+]2)NC[C@@H]5CCCC[NH2+]5,-7.818,36,-0.21716666666666665
O1Cc(c12)cc(cc2)Cn3c(=O)c(-c4cccc(c4)C(=O)N)c(C)c(c35)cnc(n5)N[C@H](C)c6cc(N)cc(c6)[C@H](C)O,-7.813,43,-0.18169767441860465
CNc1nc(NCC(=O)N)[nH+]cc1-c2ccccc2Cl,-7.812,20,-0.3906
COc1ccccc1-c(cc(n2)C)n(c23)nc(c3C(=O)N)N[C@H](C)c4ccc(C)cc4,-7.81,31,-0.2519354838709677
Cc1ccc(C)c(c1)CNc(c(c23)ncn3C)nc(n2)-c4ccccc4C,-7.809,27,-0.2892222222222222
Cc1ccc(cn1)-c2ncc(-c3ccccc3[C@H](C)O)c(n2)NC[C@H](O)c4cccc(c4)C[NH3+],-7.809,34,-0.2296764705882353
Cc1cccc(c1)-c(cc(n2)C)n(c23)nc(c3C(=O)N)N[C@H](C)c4ccccc4,-7.808,29,-0.2692413793103448
Cc(c1)cccc1-c(c(c2)OC)cc(c23)c(ncn3)N[C@H](C)c4ccccc4,-7.806,28,-0.2787857142857143
COc1cnccc1-c(cc2)cc(c23)ncnc3N[C@H](C)c4cc(C)cc(F)c4,-7.805,29,-0.26913793103448275
CCNc1ncc(CC)c(n1)NCCn(cc2)c(c23)cccc3,-7.802,23,-0.3392173913043478
n1ccccc1-c(cc2C)nc(n2)NCCSc3ccccc3,-7.801,23,-0.33917391304347827
n1ccc(C(=O)N)cc1-c(c(n2)-c(cc3C)nn3C)cc(c24)cnc(n4)N[C@H](C)c5cc(N)cc(C(F)(F)F)c5,-7.798,40,-0.19495
O=c(c1)n(C)c(C(=O)N)cc1-c(cn2)c(n23)nc(-c(cc4)ccc4C)cc3NCCc5cc(N)cc(C(F)(F)F)c5,-7.797,41,-0.19017073170731708
O=c1cccc(n1C)-c(c2)nc(c(c23)nccn3)NC(=O)Cc(ccc4)c(c45)cccc5,-7.797,32,-0.24365625
COc1cnccc1-c(c2)cc(-c(cn3)cn3CCC)c(c24)nc(nc4)N[C@H](CO)c5cccc(C(F)(F)F)c5,-7.795,40,-0.194875
COc1cccc(n1)-c(c2)c(-c3ccncc3)cc(c24)ncnc4N[C@H](C)c5ccc(N)c(C)c5,-7.795,35,-0.22271428571428573
FC(F)(F)c(c1)cccc1N[C@@H](C)Nc(n2)c(C(=O)N)c(n23)nc(-c4ccccc4F)cc3-c5cccnc5,-7.786,39,-0.19964102564102562
CNC(=O)Cn1ccnc1-c(cc2)cc(c23)nc(c4c3cncn4)N[C@H](C)c5cccc(C)c5,-7.784,34,-0.22894117647058823
CN(C)c(c1)[nH+]ccc1-c(c(c2)OC)cc(c23)c(ncn3)N[C@H](C)c4ccc(C(F)(F)C)cc4,-7.784,34,-0.22894117647058823
Cc1ccc(cc1C)-c(c2)nc(c(c23)nccn3)NCCc4ccccc4C,-7.781,28,-0.2778928571428571
Cc1cccc(c1)CC(=O)Nc(c(c23)nccn3)nc(c2)-c4ccco4,-7.778,26,-0.29915384615384616
C[C@H](O)c1ccccc1-c2cnc(-c3ccnn3C)nc2NC[C@H](O)c4cccc(c4)C[NH3+],-7.775,33,-0.23560606060606062
Cc1cccc(c1)Cc(nc(C)c2)c(c23)nc(nc3)N[C@H](C)c4cc(C)cc(C)c4,-7.773,30,-0.2591
CC[C@H](O)n1cc(ccc1=O)-c(n2)c(-c3cccnc3C)cc(c24)cnc(n4)N[C@H](C)c5cc(N)cc(C(F)(F)F)c5,-7.772,42,-0.18504761904761904
COc(c1)c(OC)cc(c12)c(ncn2)N[C@H](C)c3ccn(C)c3C,-7.772,24,-0.32383333333333336
Cc1noc(n1)-c2cnc(N[C@H](C)c3cc(N)cc(C(F)(F)F)c3)nc2-c4ccccc4,-7.77,32,-0.2428125
Nc(c1)cc(C)cc1[C@@H](C)Nc(n2)ncc(c23)cc(-c(cn4)ccc4OC)cc3-c5ccc(cc(=O)c5)CC6(O)CCN(CC6)C(=O)C[NH+](C)C,-7.77,51,-0.15235294117647058
Cc1ccccc1CNc2nc(NCC[NH3+])[nH+]cc2-c3ccc(=O)on3,-7.769,26,-0.29880769230769233
OCCc(c1)nccc1-c(c2)cc(-c(cc3=O)ccn3C)c(c24)nc(nc4)N[C@H](CO)c5cccc(C(F)(F)F)c5,-7.767,41,-0.1894390243902439
CN(C)c(c1)[nH+]ccc1-c(c(c2)OC)cc(c23)c(ncn3)N[C@H](C)c4cccc(O)c4,-7.766,31,-0.25051612903225806
n1ccnn1-c(c(c2)OC)cc(c23)c(ncn3)NCc4cccc(C(F)(F)F)c4,-7.757,29,-0.26748275862068965
C[NH+](C)CC(=O)Nc(cc1OC)ccc1-c(c2)c(C3CCC3)cc(c24)c(ncn4)N[C@H](C)c5cccc(C(F)(F)F)c5,-7.757,42,-0.18469047619047618
Cc1ccc(cc1)CNc2ncc(-c3nccs3)c(n2)-c4ccc(C(=[NH2+])N)cc4,-7.757,29,-0.26748275862068965
Cn1c(C)[nH+]cc1-n2c(=O)c(-c3ccc(N)cc3)c(C)c(c24)cnc(n4)N[C@H](C)c5cc(N)cc(C(F)(F)F)c5,-7.754,40,-0.19385
NC(=O)CCn(c1)ncc1-c(c2)cc(-c(c3)cccc3C)c(c24)nc(nc4)N[C@H](C)c5cccc(C(F)(F)F)c5,-7.754,40,-0.19385
Cc1nocc1-c(cc2)cc(c23)nc(N[C@H](C)c4cc(N)cc(N)c4C)c5c3cnc(n5)NC6CC6,-7.75,36,-0.2152777777777778
COc1ccc(cc1OC)-c2cnc(N[C@H](C)c3cccc(C)c3)nc2-c4ccc(cc4)C(=O)NC(=O)C,-7.749,38,-0.20392105263157895
Cc1cccc(c1)CNC(=O)Nc(c(c23)nccn3)nc(c2)-c4ccccc4,-7.748,28,-0.27671428571428575
Cn1cncc1-c(nc(c23)cccc3)nc2NC(=O)Cc4cccc(O)c4,-7.748,27,-0.286962962962963
Cc1cnccc1-c(c(c2)OC)cc(c23)c(ncn3)N[C@H](C)c4ccc(c(N)c4)C(F)(F)CO,-7.744,34,-0.22776470588235292
NC(=O)c(cn1)ccc1-c2cc(-c3cc(Br)nn3C)cc(c24)cnc(n4)N[C@H](CO)c5cccc(C(F)(F)F)c5,-7.744,40,-0.1936
COc1ccccc1-c2nc(N[C@H](C)c3cccc(C(F)(F)F)c3)ncc2-c4nccn4C,-7.744,33,-0.23466666666666666
c1ccccc1CNC(=O)Nc(c(c23)nccn3)nc(c2)-c4ccccc4Cl,-7.743,28,-0.2765357142857143
CNC(=O)Cn1cc[nH+]c1-c(cc2)cc(c23)nc(c4c3cncn4)N[C@H](C)c5cccc(C(F)(F)F)c5,-7.742,37,-0.20924324324324325
Cc1ncoc1-c(cc2)cc(c23)ncnc3N[C@H](CO)[C@H](C)c4ccccc4,-7.741,28,-0.2764642857142857
COc1ccccc1-c(cc(n2)C)n(c23)nc(c3C(=O)N)NCc4ccc(C)cc4,-7.74,30,-0.258
c1ncccc1-c(cc2C)nc(n2)NC(=O)NCc3cccc(F)c3,-7.74,25,-0.3096
OCCc(c1)nccc1-c(c2)cc(-c(c3)[nH+]cn3C)c(c24)nc(nc4)N[C@H](CO)c5cccc(C(F)(F)F)c5,-7.738,39,-0.19841025641025642
Cc1cccc(c1)[C@H](C)Nc(nc2)nc(c23)c(nc(c3)C)-c4ccnc(c4)NC(=O)[C@H](C)C(=O)N[C@](C)(O)CO,-7.738,40,-0.19345
NC(=O)c1cc(on1)-c(c2)nc(c(c23)nccn3)NCCc4ccccc4,-7.738,27,-0.2865925925925926
COc(c1)c(N)cc(c12)c(ncn2)NCc3cccc(c3)C[NH3+],-7.738,23,-0.3364347826086957
Cc1cccc(c1)-c(nc(c23)n(cn3)C)nc2N[C@H](C)c4cccc(C(F)(F)F)c4,-7.738,30,-0.25793333333333335
Cc1cccc(c1)CNc(n2)c(C(=O)N)c(n23)nc(-c4cc(C)on4)cc3-c5cccc(c5)C(=O)N,-7.736,36,-0.21488888888888888
Cc1cn(C(C)C)c(=O)c(n1)-c(c2)nc(c(c23)nccn3)N[C@H](C)Cc4ccc(F)cc4,-7.736,32,-0.24175
CC[C@H](C)c(cc1)cc(c12)ncnc2NCCc3ccc(F)cc3,-7.733,24,-0.3222083333333333
COc(c1)c(OC)cc(c12)c(ncn2)N[C@H](C)c3ccccc3,-7.731,23,-0.3361304347826087
Cc1ncccc1-c(cc2C)nc(n2)NC[C@H](C)c3cccc(O)c3,-7.73,25,-0.30920000000000003
CCOc1ccccc1-c(cc(c2)-c3ccco3)c(c24)nc(nc4)NC(=O)N[C@H](C)c5cccc(C(F)(F)F)c5,-7.729,40,-0.193225
Cc1ccccc1CNC(=O)Nc(n2)c(ncnc3)c3c(c24)ccc(c4)-c5ccn(n5)C,-7.722,32,-0.2413125
Cc1cccc(c1)OCC(=O)Nc(c(c23)ncn3C)nc(n2)-c4ccccc4,-7.722,28,-0.2757857142857143
Cc1cccc(c1)Cn(c(=O)c(c2C)-c3cnc(o3)C)c(c24)nc(nc4)NCc5cc(C)ccc5C,-7.719,36,-0.21441666666666667
CCCn1ncnc1-c(c2)c(-c3c[nH+]cn3CC)cc(c24)c(ncn4)N[C@H](C)c5cccc(C(F)(F)F)c5,-7.719,38,-0.20313157894736844
o1cccc1-c(nc(C)c2)c(c23)nc(nc3)N[C@H](C)c4ccc(F)cc4,-7.719,26,-0.2968846153846154
COc1cccc(c1)CCNc(n2)c(C(=O)N)c(n23)nc(-c4cccc(F)c4)cc3-c5cccnc5,-7.718,36,-0.21438888888888888
Cc(c1)cccc1CNc2nc(NCC[NH2+]CC)[nH+]c(c23)ccc(n3)-c4cccc(c4)OC,-7.716,33,-0.23381818181818181
NC(=O)c(n1)cccc1-c(c(c2)-c(ncn3)cc3C)nc(c24)nc(nc4)N[C@H](C)c5cccc(C(F)(F)F)c5,-7.715,39,-0.19782051282051283
FC(F)(F)c(c1)cccc1NC(\C)=C/Nc(c(c23)ncn3C)nc(n2)-c4ccccc4F,-7.715,32,-0.24109375
Cc1cn(C)c(n1)-c(nc(c23)n(cn3)C)nc2NCCc4ccccc4,-7.714,26,-0.2966923076923077
Cc1cc(ccn1)CNC(=O)CNc(c2)c(-c3ccc(=O)n(C)c3)cc(c24)ncc(C#N)c4NCCO,-7.714,37,-0.2084864864864865
Cc1ccc(cc1)CNc(n2)c(ncnc3)c3c(c24)ccc(c4)-c5nncn5CCO,-7.711,31,-0.24874193548387097
Cc1cn(C)c(n1)-c(nc(c23)n(cn3)C)nc2NCc4ccccc4C,-7.71,26,-0.29653846153846153
CC(=O)N(CC1)CCC1Oc(c(c2)OC)cc(c23)c(ncn3)N[C@H](C)c4ccccc4,-7.707,31,-0.24861290322580645
c1ccccc1[C@@H](CO)Nc(ncn2)c(c23)cc(c(c3)-c(c4)cccc4OC)-c5nccc(n5)Cn6nc(C)cc6C,-7.707,42,-0.1835
O1COc(c12)cc(c(C)c2)[C@H](C)Nc(n3)c(ncnc4)c4c(c35)ccc(c5)-c6nncn6CCO,-7.701,35,-0.2200285714285714
CCN(C)C(=O)Cn(c(=O)c1)ccc1-c(c(c2)-c(n(n3)C)cc3CC)cc(c24)c(ncn4)N[C@H](CC)c5cccc(C(F)(F)F)c5,-7.7,46,-0.1673913043478261
Cc1cccc(c1)CNc(c(c23)nccn3)nc(c2)-c4ccco4,-7.699,24,-0.32079166666666664
n1ccccc1-c(cn2)c(n23)nc(-c(c4)cccc4OC)nc3N[C@H](C)c5cc(C)cc(N)c5,-7.694,34,-0.2262941176470588
c1cc(F)ccc1-c2cnn(c23)c(N[C@@H](C)c4cccc(C(F)(F)F)c4)cc(n3)-c5nccnc5C(=O)N,-7.694,38,-0.2024736842105263
CC(C)OCc1cccc(c1)CNc(c(c23)nccn3)nc(c2)-n(cc4)c(c45)cccc5,-7.694,32,-0.2404375
Cc1ccccc1CCNc(c(c23)nccn3)nc(c2)-c4ccccc4N,-7.694,27,-0.284962962962963
Cc1ccccc1CCNc(c(c23)nccn3)nc(c2)-c4ccncc4,-7.692,26,-0.29584615384615387
Cc1cccc(c1C)-c(nc(c23)cccc3)nc2N[C@H](C)c4cccc(N)c4C,-7.69,29,-0.26517241379310347
s1cccc1-c2cc(C)nc(n23)c(C(=O)N)c(n3)NCc4ccccc4,-7.689,26,-0.29573076923076924
CNc1ncc(c(n1)NC)-c2cccc(F)c2,-7.687,17,-0.4521764705882353
Cc1ccc(cc1)CNc(n2)c(C(=O)N)c(n23)nc(-c4ccoc4)cc3-c5ncco5,-7.686,31,-0.24793548387096773
c1ncccc1-c(c(=O)n2C)c(C)c(c23)cnc(n3)N[C@H](C)c4cc(N)cc(C(F)(F)F)c4,-7.683,33,-0.2328181818181818
Cc1cn(C)c([nH+]1)-c(c2)c(S(=O)(=O)C(C)(C)C)cc(c23)c(ncn3)N[C@H](C)c4cc(N)cc(C(F)(F)F)c4,-7.678,38,-0.20205263157894737
O=c(o1)[nH+]ccc1-c(c2)c(cc(c23)c(NC)c(C#N)cn3)NCc4cccc(C)c4,-7.672,30,-0.2557333333333333
n1ccccc1-c(c2)cc(-c(c3)[nH+]cn3C)c(c24)nc(nc4)N[C@H](CO)c5cccc(C(F)(F)F)c5,-7.671,36,-0.21308333333333335
Cc1ccc(cn1)-c(cn2)c(n23)nc(-c4ccccc4F)cc3N[C@H](C)c5cc(N)cc(C(F)(F)F)c5,-7.667,37,-0.20721621621621622
FC(F)(F)c(c1)cc(cc1N)CNc(ncn2)c(c23)c(-c4ccc(F)cc4)c(o3)-c5ccccc5F,-7.666,36,-0.21294444444444446
FC(F)(F)c(cc1)ccc1[C@@H](C)Nc(nc2)nc(c23)nc(c(c3)-c(c4)cccc4C)-c5cccc(n5)C(=O)[C@@H]6[C@H](CCO)CC[C@H]([NH+](C)C)CCN6C,-7.665,53,-0.14462264150943396
c1cc(F)ccc1C[C@@H](C)Nc(c(c23)nccn3)nc(c2)-c4ccc(=O)n(c4)CC(=O)N(C)C,-7.665,34,-0.22544117647058823
Oc(c1)cccc1CC(=O)Nc(c(c23)cccc3)nc(n2)C(=O)NCc(cc4)cc(c45)CCO5,-7.665,34,-0.22544117647058823
COc1cnccc1-c(cc2)cc(c23)ncnc3NC(=O)Cc4cccc(C)c4,-7.665,29,-0.2643103448275862
Cc(c1)c(C)ccc1-c(cn2)c(n23)nc(-c(cc4C)n(n4)CC[NH3+])cc3N[C@H](C)c5cccc(c5)C(F)(F)N,-7.662,39,-0.19646153846153847
COc1cccc(c1)-c(c2)nc(c(c23)nccn3)NCc4ccc(C)c(C)c4,-7.661,28,-0.2736071428571428
c1cnccc1-c(cc2C)nc(n2)N[C@H](C)c3cccc(C(F)(F)F)c3,-7.66,26,-0.2946153846153846
CC(=O)Nc1ccc(cc1)-c(c2)c(-c3cccn(C)c3=O)cc(c24)ncnc4N[C@H](C)c5cccc(c5)C(F)(F)C,-7.659,41,-0.1868048780487805
CC(=O)Nc1cnccc1-c2cnc(N[C@H](C)c3ccccc3)nc2-c4ccc(C(=O)N)cc4,-7.658,34,-0.22523529411764706
CNC(=O)Cn1cc[nH+]c1-c(cc2)cc(c23)nc(c4c3cncn4)N[C@H](C)c5cccc(c5)C(=O)N,-7.657,36,-0.21269444444444444
Cn1nccc1-c(c2C)c(=O)n(CC)c(c23)nc(nc3)N[C@H](CO)c4cccc(C)c4,-7.655,31,-0.24693548387096775
CCOc(c1)c(OC)cc(c12)ncnc2N[C@H](C)c3ccn(C)c3C,-7.654,25,-0.30616
n1ccncc1-c2cnc(nc2NC)NC(=O)NCc3ccc(C)cc3,-7.652,26,-0.2943076923076923
Cc1cccc(c1)CNc(ncn2)c(c23)cc(-c4ccn(n4)C)c(c3)-c5ccccn5,-7.652,31,-0.24683870967741936
FC(F)(F)c(cc1)ccc1[C@H](O)CNc(c(c23)nccn3)nc(c2)-c4ccsc4,-7.651,29,-0.26382758620689656
CC(=O)N(C1)CC[C@]1(O)c2ncncc2-c(cn3)c(n34)nc(-c5coc(n5)C)nc4NCc6cc(C)cc(C)c6,-7.649,40,-0.191225
CN(C)C(=O)Cn(c1)c(=O)ccc1-c(c2)cc(-c3cncn3CCC)c(c24)nc(nc4)N[C@H](CO)c5cccc(C(F)(F)F)c5,-7.649,45,-0.16997777777777778
n1cccnc1-c(cc2C)nc(n2)NC(=O)NCCc3ccccc3,-7.649,25,-0.30596
FC(F)(F)c(c1)cccc1-c(c2)cc(-c3c(noc3C(C)C)[C@@H]4CCCOC4)c(c25)nc(nc5)NCc6cccc(c6)C(F)(F)CO,-7.647,47,-0.16270212765957448
c1ccccc1[C@H](C)Cc(nc(c23)n(cn3)C)nc2NC[C@H](O)[NH2+]CC4CCCC4,-7.646,30,-0.2548666666666667
NC(=O)C(=O)NCc1cccc(c1)-c(cc2)cc(c23)[nH+]cnc3NCNc4cccc(C(F)(F)F)c4,-7.646,36,-0.21238888888888888
CC[N@H+](C)Cc1cnc(n1C)-c(cc2)cc(c23)ncnc3N[C@H](CO)[C@H](C)c4ccccc4,-7.645,33,-0.23166666666666666
Cc1ccc(nc1)-c2cnc(nc2-c3cccs3)NCc4ccc(C(F)(F)F)cc4N,-7.645,31,-0.24661290322580645
c1cc(F)ccc1-c(n2)ccc(c23)nc(NC(=O)C)nc3N[C@H](C)c4cccc(C(F)(F)F)c4,-7.643,34,-0.2247941176470588
Nc1ccc(C(F)(F)F)cc1[C@H](C)Nc(ncn2)c(c23)cc(S(=O)(=O)C(C)(C)C)c(c3)-c4cnc(o4)[C@@H]5CCC[NH2+]5,-7.643,41,-0.18641463414634146
CCCn1ccnc1-c(cc2)cc(c23)ncnc3N[C@H](C)c4cc(N)cc(c4)CC(F)(F)F,-7.642,33,-0.23157575757575757
Cc1cccc(n1)-c(o2)c(-c3ccc(nc3)C[NH+](C)C)c(c24)c(ncn4)NC[C@H]([NH3+])c5cccc(C(F)(F)F)c5,-7.642,40,-0.19105
C1CCCN1C(=O)CCCOc(c(c2)OC)cc(c23)c(ncn3)N[C@H](C)c4ccn(C)c4C,-7.641,33,-0.23154545454545455
c1cc(F)ccc1[C@H](O)CNc(c(c23)nccn3)nc(c2)-c4ccccc4Cl,-7.64,28,-0.27285714285714285
c1sccc1-c(nc(C)c2)c(c23)nc(nc3)N[C@H](C)c4ccc(F)cc4,-7.639,26,-0.2938076923076923
FC(F)(F)c(cc1)ccc1[C@H](O)CNc(c(c23)nccn3)nc(c2)-c4ccco4,-7.639,29,-0.26341379310344826
Cc(n1)onc1Nc(nc2NC)ncc2-c3cccc(C)c3,-7.638,22,-0.3471818181818182
CCc1ccccc1-c(cc(n2)-c3nccs3)n(c24)nc(c4C(=O)N)N[C@H](C)c5cccc(C)c5,-7.637,35,-0.21819999999999998
n1cccnc1-c(c(c2)OC)cc(c23)c(ncn3)Nc4ccccc4O,-7.636,26,-0.2936923076923077
COc(c1)c(OC(C)C)cc(c12)c(ncn2)NCc3ccc(C)cc3,-7.636,25,-0.30544
Cc1ccc(C)c(c1)CNc(nc2)nc(c23)n(C(C)C)c(=O)c(c3C)-c4ccc(O)cc4,-7.635,32,-0.23859375
Cc1cccc(c1)CNc(n2)c(C(=O)N)c(n23)nc(-c4ccc(F)cc4)cc3-c5cccnc5,-7.635,34,-0.22455882352941176
CSc1ccccc1-c(nc(c23)cccc3)nc2NCc4ccccc4C,-7.633,27,-0.2827037037037037
COc(c1)c(OC)cc(c12)c(ncn2)NC(=O)N[C@H](C)c3ccccc3,-7.632,26,-0.2935384615384615
Fc1c(F)cccc1-c2cc(C)nc(n23)c(C(=O)N)c(n3)NCCc4ccccc4,-7.63,30,-0.25433333333333336
Cc([nH+]1)n(C)cc1-c(o2)c(-c(cc3)ccc3C)c(c24)c(ncn4)NC[C@H](O)c5cccc(C(F)(F)F)c5,-7.63,37,-0.20621621621621622
COc1ccc(cc1)-c(c2)nc(c(c23)nccn3)NCCc4ccccc4C,-7.628,28,-0.2724285714285714
Fc(o1)ccc1-c(cc2C)nc(n2)N[C@H](O)Cc3ccccc3,-7.627,23,-0.3316086956521739
o1cccc1-c(n2)cc(-c(n3C)[nH+]cc3C)n(c24)nc(c4C(=O)N)NCc5ccccc5C[NH3+],-7.626,34,-0.22429411764705884
Cc1ccc(cc1C)CNc(c(c23)nccn3)nc(c2)-c4nccs4,-7.626,25,-0.30504000000000003
c1ncccc1-c(n2)ccc(c23)[nH+]c(N[C@@H](C)c(c4)cccc4C)nc3NCCC[NH+]5CCCC5,-7.625,35,-0.21785714285714286
COc1c(O)cc(cc1OC)-c(c2)c(-c3ccc(C(=O)N)cc3)cc(c24)c(ncn4)N[C@H](C)c5cccc(C)c5,-7.625,40,-0.190625
Cc1ccccc1CNc(n2)c(C(=O)N)c(n23)nc(-c4ccco4)cc3-c5cccc(F)c5,-7.624,33,-0.23103030303030303
FC(F)(F)c1cc(C[NH3+])ccc1-c(nc(C)c2)c(c23)nc(nc3)N[C@H](C)c4ccc(C)c(C)c4,-7.623,34,-0.22420588235294117
c1ccccc1-c(nc(C)c2)c(c23)nc(nc3)N[C@H](C)c4ccc(F)cc4,-7.622,27,-0.28229629629629627
FC(F)(F)c(c1)cc(N)cc1[C@@H](C)Nc(ncn2)c(c23)cc(c(c3)OC)-c4ccccc4CC(=O)N5CCOCC5,-7.621,41,-0.1858780487804878
CC[N@H+](C)CCc(c1)c(-c2cccc(Cl)c2)cc(c13)c(ncn3)N[C@H](C)Cc4cccc(C)c4,-7.62,34,-0.22411764705882353
COc1cnccc1-c(cc2)cc(c23)ncnc3N[C@H](C)c4cccc(C)c4,-7.62,28,-0.27214285714285713
Cc1ccc(cc1)C[N@H+](C)CCNc(n2)c(C(=O)N)c(n23)nc(-c4cccc(F)c4)cc3-c5ccccc5C,-7.62,39,-0.19538461538461538
CN(C)C(=O)c(c1)nccc1-c(c(c2)-c3nn(C)cc3C)cc(c24)c(ncn4)N[C@H](C)c5ccccc5,-7.619,37,-0.20591891891891892
c1ncccc1-c2cnc(nc2-c(cc3)ccc3C)N[C@H](C)c4cccc(c4)N(C)C,-7.619,31,-0.2457741935483871
Cc1cc(C)nn1Cc(n2)ccnc2-c(c(c3)-c(c4)cccc4OC)cc(c35)c(ncn5)N[C@H](C)c6ccc(O)cc6Cl,-7.618,43,-0.17716279069767443
c1cc(F)ccc1C[C@@H](C)Nc(c(c23)nccn3)nc(c2)-c4ccc(cc4)C(=O)N(C)C,-7.618,32,-0.2380625
Cn1c(F)cnc1-c(n2)cc(-c(cc3)ccc3C)n(c24)nc(c4C(=O)N)NCc5cccc(C)c5,-7.614,35,-0.21754285714285715
Cc1cccn1CCC(=O)Nc(c(c23)nccn3)nc(c2)-c4ccccc4F,-7.611,28,-0.27182142857142855
C[C@H](O)c1ccccc1-c2cnc(-c3ccncc3)nc2NC[C@H]([NH3+])c4cccc(C(F)(F)F)c4,-7.607,35,-0.21734285714285714
Cc1nocc1-c(c(c2)OC)cc(c23)c(ncn3)NC[C@H](F)c4cc(N)cc(C(F)(F)F)c4,-7.606,33,-0.2304848484848485
Cc1oncc1-c(cn2)c(n23)nc(-c4ccc(N)cc4)nc3N[C@H](C)c5ccccc5,-7.605,31,-0.2453225806451613
NC(=O)[C@H](N(C)C)Cn(c1)ncc1-c(c(n2)-c(c3C)cnn3C)cc(c24)cnc(n4)N[C@H](C)c5cccc(C(F)(F)F)c5,-7.605,43,-0.1768604651162791
c1ncccc1-c2cc(C)nc(n23)c(C(=O)N)c(n3)NCc4ccccc4,-7.602,27,-0.28155555555555556
COc(c1)c(N)cc(c12)c(ncn2)NC(=O)NCc3ccccc3,-7.599,24,-0.316625
CN(C)C(=O)c(cc1)ccc1-n2c(=O)c(-c3cccc(c3)C(=O)N)c(C)c(c24)cnc(n4)NC[C@H](O)c5cc(N)cc(C(F)(F)F)c5,-7.598,47,-0.1616595744680851
OCCn1cnnc1-c(cc2)cc(c23)nc(c4c3cncn4)NCc(cc5)cc(c56)CCO6,-7.597,33,-0.23021212121212123
c1cc(F)ccc1-c2cc(C)nc(n23)c(C(=O)N)c(n3)Nc4ccc(C)c(C)c4,-7.597,29,-0.26196551724137934
Cc1ccccc1CNc(c(c23)ncn3C)nc(n2)-c4cccs4,-7.596,24,-0.3165
CC(=O)N(C1)CCC[C@H]1Oc(c(c2)OC)cc(c23)c(ncn3)N[C@H](C)c4ccc(C)c(C)c4,-7.596,33,-0.23018181818181818
OCc1ccccc1-c(c2)cc(-c(cc(O)c3=O)nn3CC)c(c24)nc(nc4)N[C@H](C)c5cc(C)cc(N)c5,-7.596,39,-0.19476923076923078
COc1ccccc1-c2nc(N[C@H](C)c3cccc(C(F)(F)F)c3)ncc2-c4ccn(n4)C,-7.596,33,-0.23018181818181818
c1cccc(c12)nc(CCN(C)C(=O)C)nc2NC(=O)Cc3cccc(O)c3,-7.595,28,-0.27125
FC(F)(F)c(c1)cccc1[C@@H](CO)Nc(nc2)nc(c23)c(-c(cn4)cn4CC)cc(c3)[C@]5(C)CN(C(=O)CN)CC[N@H+]5[C@H](C)C(=O)N(C)C,-7.594,49,-0.1549795918367347
FC(F)(F)c(c1)cccc1N[C@@H](CC)Nc(nc[nH+]2)c(c23)cc(c(c3)OC)OCC(=O)N4CCOCC4,-7.594,37,-0.20524324324324325
Cc1ccccc1CCNc(c(c23)nccn3)nc(c2)-c4ccsc4,-7.594,25,-0.30376000000000003
COc1cccc(c1)-c(c2C)c(=O)n(CCN(C)[C@@H]3CCCO3)c(c24)nc(nc4)N[C@H](C)c5cccc(C(F)(F)F)c5,-7.594,42,-0.1808095238095238
c1ccccc1CC(=O)Nc2nc(-c3cccs3)ncc2Cc4cccs4,-7.592,27,-0.28118518518518515
CC(=O)N(C1)CCC[C@H]1Oc(c(c2)OC)cc(c23)c(ncn3)N[C@H](C)c4cccc(N)c4,-7.59,32,-0.2371875
Cc1nccn1-c2cnc(nc2-c(s3)c(C)nc3C)NC(=O)NCc4ccccc4,-7.588,30,-0.25293333333333334
CCc1ccc(c(N)c1)CNc(ncn2)c(c23)cc(c(c3)OC)-c4cc(F)ccc4F,-7.587,31,-0.24474193548387096
CN(C)Cc(nn1)ccc1-c(n2)cc(N[C@@H](C)c3cc(C(F)(F)F)ccc3N)n(c24)ncc4-c(c5)cn(c56)cccc6,-7.584,42,-0.18057142857142855
Cc1ccc(C)c(c1)CNc2ncc(c(n2)NCC[NH+](C)C)-c3nccnc3C,-7.583,29,-0.26148275862068965
CN(C)c(c1)cccc1[C@@H](C)Nc(nc2-c(cc3)ccc3C)ncc2-c4cccc(n4)/C=C/C(=O)N(C)C,-7.581,38,-0.1995
o1cccc1-c(n2)ccc(c23)[nH+]c(NCc(cc4)ccc4OC)nc3N[C@H](C)c5cccc(c5)C[NH3+],-7.581,36,-0.21058333333333334
Cc1ccc(cc1)C[N@H+](C)CCNc(n2)c(C(=O)N)c(n23)nc(-c4ccsc4)cc3-c5cccc(C)c5,-7.58,37,-0.20486486486486485
NC(=O)Cn(c(=O)c1)ccc1-c(c(c2)OC)cc(c23)c(ncn3)N[C@H](C)c4cccc(C)c4,-7.579,33,-0.22966666666666666
Cc1ncccc1-c(cc2C)nc(n2)N[C@H](C)c3ccc(N)c(C(F)(F)F)c3,-7.578,28,-0.27064285714285713
c1cccc(c12)nc(-c(cc3)ccc3C)nc2NC(=O)COc4cccc(C)c4,-7.578,29,-0.2613103448275862
CCn1ccnc1-c(cc2)cc(c23)nc(N[C@H](C)c4ccc(C)cc4C)c5c3cnc(n5)NC6CC6,-7.576,36,-0.21044444444444443
c1ncccc1-c(nc(C)c2)c(c23)nc(nc3)N[C@H](C)c4ccc(F)cc4,-7.575,27,-0.28055555555555556
O=C([O-])c(c1)cccc1-c(cn2)c(n23)nc(-c(cc4)ccc4N)nc3NC[C@H]([NH3+])c5cccc(O)c5,-7.575,36,-0.21041666666666667
Cc1cccc(c1)C[C@H](O)Nc(ncn2)c(c23)ccc(c3)-c(n4)n(C[C@H](F)N(C)C)c(c45)cncc5,-7.573,36,-0.2103611111111111
CCNc1[nH+]cc(CC)c(n1)NCCn(cc2)c(c23)cccc3,-7.572,23,-0.32921739130434785
C[C@H](O)[C@@H](O)c(cc1)ccc1-c2cc(C)nc(n23)c(C(=O)N)c(n3)NC(=O)c4cccc(C(F)F)c4,-7.57,36,-0.21027777777777779
COc(c1)c(OC)cc(c12)c(ncn2)NCCc3ccccc3,-7.57,23,-0.3291304347826087
Oc(c1)cc(O)cc1-c(c(c2)C[C@H](C)CO)nc(c23)nc(nc3)N[C@H](CO)c4cc(N)ccc4C(F)(F)F,-7.569,38,-0.1991842105263158
Cc1ccc(C)c(c1)CNc2ncc(-c3cccc(F)c3)c(n2)N[C@@H]4CC[N@H+](C)C4,-7.568,30,-0.25226666666666664
Cc1cccc(c1)CNc(n2)c(C(=O)N)c(n23)nc(-c4nocc4C)cc3-c5cccc(F)c5,-7.565,34,-0.2225
CCCn1ncc(c1C)-c2cnc(N[C@H](C)c3ccccc3)nc2-c4ccc(CO)cc4,-7.564,32,-0.236375
COc(c1)c(O)ccc1-c(cnc2NC)c(n2)N[C@H](C)c3cc(C)cc(C)c3,-7.562,28,-0.2700714285714286
CN(C)C(=O)COc(c(c1)OC)cc(c12)c(ncn2)N[C@H](O)c3cccc(C)c3,-7.561,29,-0.2607241379310345
Cc1ccc(C)c(c1)CNc(c(c23)ncn3C)nc(n2)-c4nc(C)no4,-7.56,26,-0.2907692307692308
CN(C)C(=O)COc(c(c1)OC)cc(c12)c(ncn2)NCc3ccc(C)cc3,-7.56,28,-0.26999999999999996
Cn(c1)ccc1-c2cc(-c(o3)ccc3C)nc(n24)c(C(=O)N)c(n4)N[C@H](C)c5ccc(N)cc5,-7.559,34,-0.2223235294117647
Cc1ccc(C)c(c1)CNc(n2)c(nc(nc3)NC4CC4)c3c(c25)ccc(c5)-c6ccncc6,-7.559,34,-0.2223235294117647
CCOc1nc(cs1)-c2cnc(-c3cccs3)nc2N[C@H](C)c4cccc(C)c4,-7.559,29,-0.2606551724137931
c1ncccc1-c(c2)cc(-c3ncoc3C)c(c24)nc(nc4)NC(=O)N[C@H](C)c5cccc(C(F)(F)F)c5,-7.558,38,-0.19889473684210526
COc1ccc(Br)cc1-c(cc(n2)-c3cccnc3)n(c24)nc(c4C(=O)N)NCCC(=O)N5CCCCC5,-7.558,38,-0.19889473684210526
COc(c1)c(N)cc(c12)c(ncn2)NCc3cccc(c3)CO,-7.558,23,-0.32860869565217393
Fc1ccc(F)cc1[C@@H](C)Nc(nc2-c3cocc3C)ncc2-c4ncccc4O,-7.557,30,-0.2519
Cc1ccc(C)cc1[C@@H](C)Nc(nc2NCOC)ncc2-c3cccc(c3)C(=O)NC(=O)[C@H]([O-])C(F)(F)F,-7.554,38,-0.19878947368421054
c1nc(Br)ccc1-c(cc2C)nc(n2)NC(=O)NCc3ccccc3,-7.554,25,-0.30216
c1ccccc1-c2cc(C)nc(n23)c(C(=O)N)c(n3)NCc4ccccc4,-7.551,27,-0.2796666666666667
Cc1ccc(cc1)-c(cn2)c(n23)nc(-c4ccc(F)cc4)nc3N[C@H](CO)c5ccccc5,-7.55,33,-0.2287878787878788
c1ncccc1-c2cc(-c(c3)cccc3C)nc(n24)c(C(=O)N)c(n4)NCc5ccccc5C,-7.548,34,-0.222
CCc1ccccc1[C@H](CO)Nc(nc2)nc(c23)n(C)c(=O)c(c3C)-c4cccc(=O)n4C,-7.545,33,-0.22863636363636364
COc1ccc(cc1)-c(c2)c(OC)cc(c23)ncnc3NCc4cc(C)cc(N)c4,-7.545,30,-0.2515
Cc1ccc(cc1)N2C[C@@H](CC2=O)Nc3ncc(c(n3)CCO)-c4cn(C)nc4C,-7.544,30,-0.25146666666666667
CC(=O)Nc1cccc(c1)-c(cn2)c(n23)nc(-c4cccc(F)c4)nc3N[C@H](C)c5cc(C)ccc5C,-7.54,37,-0.20378378378378378
Cc1cccc(c1)CNC(=O)Nc2nc(C)cc(n2)-c3ccc(F)o3,-7.539,25,-0.30156
Cc1ccccc1CCNc(c(c23)nccn3)nc(c2)-c4cccc(C#N)c4,-7.538,28,-0.26921428571428574
Clc(c1)cccc1-c(c2)c(cc(c23)c(NC)c(C#N)cn3)NC[C@H](O)c4ccccc4,-7.537,31,-0.2431290322580645
n1ccccc1-c2cnc(-c3cccnc3)nc2NCc4cccc(c4)N5CCCCC5,-7.537,32,-0.23553125
NC(=O)CCn(c1)ncc1-c(c2)cc(-c(o3)c(nc3C)C[NH+](C)C)c(c24)nc(nc4)N[C@H](C)c5ccc(F)cc5,-7.534,40,-0.18835
Cc1cccc(c1)CNc(n2)c(C(=O)N)c(n23)nc(-c4cccs4)cc3-c5ccc(Cl)cc5,-7.533,33,-0.2282727272727273
c1cnccc1-c(c2C)c(=O)n([C@@H](C)c(c3)cccc3C)c(c24)nc(nc4)NCc5cc(C)ccc5C,-7.529,37,-0.20348648648648648
Cc1onc(C)c1-c(nc(C)c2)c(c23)nc(nc3)N[C@H]([NH3+])c4cc(Cl)ccc4C,-7.529,29,-0.25962068965517243
CCn1cc(cn1)-c(c2)nc(c(c23)nccn3)NCc4ccc(C)cc4C,-7.529,27,-0.27885185185185185
CCOc(c1)c(OC)cc(c12)ncnc2NC(=O)NCc3ccc(C)cc3,-7.529,27,-0.27885185185185185
Cc1ccc(C)c(c1)CNc2ncc(-c3ccnn3C)c(n2)Nc4ccc(CO)c(O)c4,-7.526,32,-0.2351875
c1cc(F)ccc1-c(c(=O)n2CC[NH+](C)C)c(C)c(c23)cnc(n3)N[C@H](CO)c4cccc(F)c4,-7.524,35,-0.21497142857142856
COCc1cc(nc(n1)C)-c(cn2)c(n23)nc(-c4ccccc4F)nc3N[C@H](C)c5ccccc5C,-7.522,36,-0.20894444444444446
C[NH+](C)CCn1nccc1-c(c(c2)OC)cc(c23)c(ncn3)N[C@H](C)c4cc(N)cc(C(F)(F)F)c4,-7.52,36,-0.20888888888888887
c1cc(F)ccc1-c2cc(-c(o3)ncc3C)nc(n24)c(C(=O)N)c(n4)N[C@H](C)c5ccccc5,-7.52,34,-0.22117647058823528
CC(=O)Nc(c(C)cn1)cc1-c(c(c2)OC)cc(c23)c(ncn3)NCc4cccn4C,-7.52,31,-0.2425806451612903
Cc1cccc(c1)-c(nc(c23)n(cn3)C)nc2NCc4ccc(C)cc4C,-7.52,27,-0.2785185185185185
Cc1cc(N)cc(c1)CNc2nc(-c3ccccc3Cl)ncc2-c4ccccc4O,-7.518,30,-0.2506
O=c(c1)n(C)ncc1-c(c2)c(cc(c23)c(c(C#N)cn3)NCC)NC[C@H](C)c4cccc(c4)CC,-7.517,35,-0.21477142857142859
Clc(c1)c(F)ccc1-n2c(=O)c(-c3ccncc3)c(C)c(c24)cnc(n4)N[C@H](C)c5ccc(N)c(C(F)(F)F)c5,-7.513,40,-0.187825
Cc1cccc(c1)CCCNc(n2)c(ncnc3)c3c(c24)ccc(c4)-c5nncn5CCO,-7.511,33,-0.22760606060606062
COc1ccc(cc1)-c(cc2)nc(c23)c(N[C@@H]4CC[N@@H+](C)CC4)nc([nH+]3)N[C@H](C)c5cccc(C(F)(F)F)c5,-7.509,39,-0.19253846153846155
Cc1nc(NC(F)(F)F)ncc1-c2ccccc2O,-7.508,19,-0.3951578947368421
Cc1cccc(c1)[C@H](C)Nc(n/c2=[NH+]\c3cc(C)sn3)[nH]c(c24)ccc(n4)-c5cccnc5,-7.508,33,-0.2275151515151515
Cc1cccc(c1)CNc(n2)c(C(=O)N)c(n23)nc(-c4cccnc4)cc3-c5ccnccc5=O,-7.507,35,-0.21448571428571428
c1cccc(c12)nc(-c(o3)ccc3C)nc2N[C@H](C)c4cccc(N)c4C,-7.507,27,-0.278037037037037
Cc1noc(C)c1-c(cc2)nc(c23)c(N[C@H](C)c4cc(N)cc(C(F)(F)F)c4)nc([nH+]3)N[C@H](C)c5cc(N)cc(C(F)(F)F)c5,-7.506,45,-0.1668
Cc1ccc(C)c(c1)CNc2ncc(-c3ncco3)c(n2)Nc4cc(ccn4)C(=O)N(C)C,-7.505,33,-0.22742424242424242
Cc1ccccc1[C@H](C)Nc(nc2)nc(c23)c(-c4ccccc(=O)n4)cc(c3)[C@H](C)c5cc(N)cc(C(F)(F)F)c5,-7.504,41,-0.18302439024390244
c1cnccc1-c(cc2C)nc(n2)NC(=O)NCCc3ccc(F)cc3,-7.502,26,-0.2885384615384615
c1cc(F)ccc1-c(nc(C)c2)c(c23)nc(nc3)N[C@H](C)c4ccc(F)cc4,-7.501,28,-0.26789285714285715
NC(=O)C(=O)n1ccc(c1)Nc2ncc(-c3ccc(F)cc3)c(n2)NCc4ccccc4,-7.501,32,-0.23440625
COc1cccc(c1)-c(cc(n2)-c3ccc(o3)C)n(c24)nc(c4C(=O)N)N[C@H](C)c5ccccc5,-7.499,35,-0.21425714285714284
Cc1cccc(c1)-c(c2C)c(=O)n(-c3cnn(C)c3)c(c24)nc(nc4)NCc5cc(C)ccc5C,-7.497,35,-0.2142
Cc1cccc(c1)CNc(n2)c(C(=O)N)c(n23)nc(-c4ccccc4C)cc3-c5ccccc5,-7.493,34,-0.22038235294117647
Cc1ccccc1Oc(c(c2)OC)cc(c23)c(ncn3)N[C@H](C)[C@H](O)c4cccc(C)c4,-7.491,32,-0.23409375
c1cc(F)ccc1C[C@@H](C)Nc(c(c23)nccn3)nc(c2)-c4cncc(c4)C(=O)N(C)C,-7.489,32,-0.23403125
FC(F)(F)c(c1)cccc1[C@H](CC)Nc(ncn2)c(c23)cc(-c(c4)ncc(c45)NC(=O)CC5)c(c3)-c6cc(C)cc(=O)n6Cc7ccc(C)c(c7)C[NH3+],-7.489,53,-0.14130188679245284
Cc1cccc(c1)[C@H](CO)Nc(cc(n2)-c3ccccc3)n(c24)ncc4-c5cnn(C)c5,-7.488,32,-0.234
Cc1ccc(C)c(c1)CNc2ncc(-c3cnn(c3)CC(=O)[O-])c(n2)-c4ccncc4,-7.488,31,-0.2415483870967742
COc1nccnc1-c2cnc(-c3c[nH+]c(C)n3C)nc2NCC[N@@H+](C4)Cc(c45)cc(C)cc5,-7.487,34,-0.22020588235294117
COc1ccc(OC)c(c1)-c(cc(n2)C)n(c23)nc(c3C(=O)N)NCc4ccccc4,-7.486,31,-0.24148387096774193
Cc1ccc(C)c(c1)CNc(n2)c(nc(nc3)NC4CC4)c3c(c25)ccc(c5)N(C)CC(=O)N(C)C,-7.484,36,-0.2078888888888889
Cc1cccc(c1)CC(=O)Nc(cc(n2)-c3nc(=O)ccs3)n(c24)ncc4-c5cccc(C(F)(F)F)c5,-7.483,37,-0.20224324324324322
FC(F)(F)c(cc1)ccc1-c(cc2C)nc(n2)N[C@H](C)c3cc(N)cc(C(F)(F)F)c3,-7.481,31,-0.2413225806451613
CC(=O)N(C1)CCC[C@H]1Oc(c(c2)OC)cc(c23)c(ncn3)N[C@H](C)c4cc(C)cc(C(F)(F)F)c4,-7.48,36,-0.20777777777777778
CCNc1ncc(-c2cccc(F)c2)c(n1)NCCn(cc3)c(c34)cccc4,-7.479,28,-0.2671071428571429
Cc1ccc(cc1)CNc2ncc(c(n2)NCC[NH3+])-c3ccncc3,-7.479,25,-0.29916
Cc(c1)cccc1[C@@H](C)Nc2cc(-c(cc3)ccc3OC)nc(n24)c(cn4)-c5ccccc5C(=O)N,-7.475,36,-0.20763888888888887
Cc1cccn1CCC(=O)Nc(c(c23)nccn3)nc(c2)-c4cccnc4,-7.474,27,-0.27681481481481485
n1cccnc1-c2cc(-c(cc3)ccc3C(=O)N(C)C)cc(c24)cnc(n4)NCc5cccc(c5)C(F)(F)CO,-7.474,40,-0.18685000000000002
CCCn1ccnc1-c(cc2)cc(c23)ncnc3N[C@H](C)c4ccccc4C,-7.474,28,-0.26692857142857146
c1cnccc1-c(n2)ccc(c23)[nH+]c(NCC(=O)N)nc3NCc4ccccc4CO,-7.471,31,-0.241
C1COCCN1C(=O)c(cc2C)cc(c2)-c(cc3-c4c(noc4C(C)C)[C@@H]5CCCOC5)cc(c36)cnc(n6)NCc7cccc(c7)C(F)(F)CO,-7.47,52,-0.14365384615384616
Cc1cn(C)c(n1)-c(nc(c23)n(cn3)C)nc2NCc4ccc(Cl)cc4,-7.469,26,-0.2872692307692308
CCCn1ccnc1-c(cc2)cc(c23)ncnc3N[C@H](C)c4cc(C)cc(N)c4,-7.468,29,-0.25751724137931037
Fc1ccccc1-c2cc(C)nc(n23)c(C(=O)N)c(n3)NCc4ccccc4,-7.468,28,-0.26671428571428574
COc1ccc(cc1OC)-c(nc(c23)n(cn3)C)nc2NCc4cc(C)ccc4C,-7.466,30,-0.24886666666666668
Cn1c(=O)cncc1-c(c(=O)n2C)c(C)c(c23)cnc(n3)N[C@H](C)c4ccccc4C[NH3+],-7.466,32,-0.2333125
C[C@H](O)c1ccccc1-c2cnc(-c3ccc(=O)n(C)c3)nc2NC(=O)Nc4cccc(C(F)(F)F)c4,-7.465,37,-0.20175675675675675
Cc1ccccc1CNc2nc(NC=[NH2+])ncc2-c3ccnc(n3)N4CCCC4,-7.465,29,-0.25741379310344825
Cc1cncc(c1)-c(nc(c23)cccc3)nc2N[C@H](C)c4cccc(N)c4C,-7.464,28,-0.26657142857142857
COc1cccc(c1)-c(cc(n2)C)n(c23)nc(c3C(=O)N)NCc4ccccc4,-7.464,29,-0.2573793103448276
Cc1cccc(c1)CNc(n2)c(C(=O)N)c(n23)nc(-c4cn(C)nc4C)cc3-c5ccccc5Cl,-7.462,35,-0.2132
[NH3+]Cc1cccc(c1)-c(c(o2)-c3ccco3)c(c24)c(ncn4)NCCc5cccc(C(F)(F)F)c5,-7.462,35,-0.2132
Cc1ccc(cc1)CNc(n2)c(C(=O)N)c(n23)nc(-c4ccoc4)cc3-c5ccccc5F,-7.46,33,-0.22606060606060607
COc1cc(ccn1)-c(cn2)c(n23)nc(-c4ccc(=O)n(c4)C(C)C)nc3N[C@H](C)c5ccc(C(F)(F)F)c(N)c5,-7.459,41,-0.18192682926829268
Cc1ccccc1CNc(c(c23)cccc3)nc(n2)-c4cnoc4C,-7.459,25,-0.29835999999999996
Cc1ccccc1-c(cn2)c(n23)nc(-c4cccc(F)c4C)cc3N[C@H](C)c5cc(N)cc(c5)[C@](F)(C)O,-7.458,38,-0.19626315789473683
Cc1cccc(c1)-c(cn2)c(n23)nc(cc3NCCO)C(=O)c4cccc(C#N)c4,-7.457,30,-0.24856666666666666
Cc1ccccc1Nc(c(c23)nccn3)nc(c2)-c4ccc(O)cc4,-7.454,25,-0.29816
c1nnccc1-c(c2)cc(-c(cn3CC)c(n3)C[NH+](C)C)c(c24)nc(nc4)N[C@H](C)c5ccc(C(F)(F)F)cc5,-7.454,40,-0.18635
Cc1ccccc1-c2cc(C)nc(n23)c(C(=O)N)c(n3)NCC[N@H+]4CCCC[C@@H]4C,-7.454,30,-0.24846666666666667
c1cc(F)ccc1C[C@@H](C)Nc(c(c23)nccn3)nc(c2)-c4ncccn4,-7.451,27,-0.27596296296296297
c1cc(F)ccc1-c(cn2)c(n23)nc(-c4cccc(F)c4C)cc3NCc5cccc(c5)N6CCOCC6,-7.449,38,-0.1960263157894737
CN(C)c1ccccc1-c(n2)nc(NCc(c3)cc(C)cc3C)n(c24)ncc4-c5ccn(c(=O)c5)CC(=O)N,-7.448,39,-0.190974358974359
c1ccccc1CCNc2ncc(-c3ccccn3)c(n2)-c4cnccn4,-7.447,27,-0.2758148148148148
CCn1nccc1-c(cc2)cc(c23)nc(N[C@H](C)c4ccc(N)cc4C)c5c3cnc(n5)NC6CC6,-7.447,36,-0.2068611111111111
CCOc1nc(cs1)-c2cnc(-c3ccccc3F)nc2NC[C@H](C)c4ccc(N)cc4,-7.445,32,-0.23265625
CC(C)Cn(c1)c(=O)ccc1-c(c2)cc(-c3ccnn3CC(=O)C)c(c24)nc(nc4)N[C@@](F)(C)c5cc(O)cc(c5)N(C)C,-7.445,44,-0.16920454545454547
COc(c1)c(OC)cc(c12)c(ncn2)NC(=O)NCc3ccc(C)cc3,-7.444,26,-0.2863076923076923
COc1ccc(cc1O)-c(cc2)cc(c23)ncnc3NC(=O)COc4ccc(C)cc4,-7.443,31,-0.24009677419354838
CCNc1ncc(-c2ccccn2)c(n1)NCc3cccc(C)c3,-7.443,24,-0.310125
OCCc1cc(C)cc(c12)cnc(n2)N[C@H](C)c3ccccc3C,-7.443,24,-0.310125
Cc(c1)c(C)ccc1[C@@H](C)Nc2nc(NCC)[nH+]c(c23)ccc(n3)-c4ccc(C)c(C)c4,-7.442,32,-0.2325625
CCc1cccc(c1)-c(c2)c(OC)cc(c23)ncnc3N[C@H](C)c4ccc(N)cc4[C@H](C)O,-7.441,33,-0.22548484848484848
c1cnccc1-c2cc(C)nc(n23)c(C(=O)N)c(n3)NCc4ccccc4,-7.441,27,-0.2755925925925926
Cc1ccc(N)c(c1)[C@H](C)Nc(nc2)nc(c23)n(C)c(=O)c(c3C)-c4ccccc4N,-7.44,31,-0.24000000000000002
NC(=O)c(c1)cccc1[C@H](C)Nc2nc(-c3ccncc3)ncc2-c4ncccn4,-7.44,30,-0.24800000000000003
c1cc(F)ccc1-c2cc(-c(cc3O)ccc3OC)cc(c24)cnc(n4)NCc5cccc(c5)C(F)(F)CO,-7.437,39,-0.1906923076923077
COc1ccc(cc1)-c(c2)nc(c(c23)nccn3)N[C@H](C)c4cc[nH+]c(C)c4,-7.436,28,-0.26557142857142857
CCc1cc(C)n(c1)C(=O)Nc2nc(C)cc(n2)-c3ccccc3,-7.435,24,-0.30979166666666663
Cc1cccc(c1)CNc(n2)c(C(=O)N)c(n23)nc(-c4ccc(F)cc4)cc3-c5cccc(Cl)c5,-7.433,35,-0.21237142857142857
Cc1ccc(C)c(c1)CNc(nc2)nc(c23)n(CC[NH+]4CCCCC4)c(=O)c(c3C)-c5ccccc5C,-7.43,37,-0.2008108108108108
c1cc(F)ccc1-c(c(=O)n2CCC[NH3+])c(C)c(c23)cnc(n3)N[C@H](C)c4ccccc4,-7.429,32,-0.23215625
CC(=O)[C@H]([NH3+])c1cccc(c1)[C@H](C)Nc(nc2NCCCO)[nH+]c(c23)ccc(n3)-c4cc(C)ccc4C,-7.428,37,-0.20075675675675675
Cc1cccc(c1C)CNc(c(c23)ncn3C)nc(n2)-c4cccnc4,-7.426,26,-0.2856153846153846
c1ccccc1[C@@H](C)Nc(n2)ncc(c23)c(C)c(c(=O)n3-c4ccc(Cl)cc4)-c5cccc(c5)[C@@]6(O)CCC[C@H]([NH3+])C6,-7.426,42,-0.1768095238095238
Cn(n1)ccc1-c2cc(-c(c(Cl)c3C)ccc3C)cc(c24)cnc(n4)N[C@H](C)c5cc(N)cc(C(F)(F)F)c5,-7.425,39,-0.19038461538461537
CN(C)c(c1)[nH+]ccc1-c(c(c2)OC)cc(c23)c(ncn3)NC(C)(C)c4ccc(C)cc4,-7.424,32,-0.232
CCc1ccccc1Cc(c2)c(-c3ccc(cc3)CN(C)C(=O)C(=O)N)cc(c24)c(ncn4)N[C@H](C)c5cccc(c5)C(F)(F)C,-7.423,46,-0.1613695652173913
FC(F)(F)c(c1)cc(N)cc1[C@H](C)Nc(ncn2)c(c23)c(-c4ccccc4)c(o3)-n5ccccc5=O,-7.422,36,-0.20616666666666666
n1ccncc1-c(cc2)nc(c23)c(=[NH+]\c(n4)c(Cl)cn4CC)\nc([nH]3)N[C@H](C)c5cccc(C(F)(F)F)c5,-7.422,38,-0.1953157894736842
Cc1ccc(cc1)CNc(n2)c(C(=O)N)c(n23)nc(-c4ccccc4F)cc3-c5cccnc5,-7.421,34,-0.21826470588235294
COc1cnccc1-c(cc2)cc(c23)ncnc3N[C@H](C)Cc4ccccc4,-7.417,28,-0.26489285714285715
Cc1cccc(c1)CNc(nc([nH+]2)NCC[NH3+])c(c23)nc(cc3)-c4ncc(o4)C,-7.414,29,-0.2556551724137931
n1ccnn1-c(c(c2)OC)cc(c23)c(ncn3)N[C@H](O)C4CCCCC4,-7.414,26,-0.28515384615384615
C=Cn1ccc(=O)c(c1)-c(cc2)cc(c23)nc(c4c3cncn4)N[C@H](C)c5ccc(C)cc5,-7.413,33,-0.22463636363636363
Cc1cc(N)cc(c1)[C@H](C)c2cnc(NCc3cccc(F)c3)nc2-c4ccc(F)cc4,-7.411,32,-0.23159375
Cn1ccnc1-c(c(c2)OC)cc(c23)c(ncn3)NC[C@H](O)c4ccc(C)c(N)c4,-7.41,30,-0.247
CN(C)C(=O)COc(c(c1)OC)cc(c12)c(ncn2)NCc3cccc(C)c3,-7.41,28,-0.2646428571428571
CN(C)CCn1nccc1-c(c(c2)OC)cc(c23)c(ncn3)N[C@H](C)c4cc(N)cc(C(F)(F)F)c4,-7.41,36,-0.20583333333333334
COc(c1)c(OC(=O)C)cc(c12)c(ncn2)NCc3ccc(C)cc3,-7.41,25,-0.2964
CCc1cnc(nc1)-c(n2)c(-c3ccc(F)cc3)cc(c24)cnc(n4)N[C@H](C)c5cc(N)cc(C(F)(F)F)c5,-7.409,39,-0.18997435897435896
NC(=O)c(c1)cccc1-c(c2C)c(=O)n(CC)c(c23)nc(nc3)N[C@H](C)c4cccc(C)c4,-7.409,33,-0.2245151515151515
COCc1cc(nn1C)-c(cc2)cc(c23)ncnc3N[C@H](C)c4ccc(C)cc4,-7.409,29,-0.25548275862068964
NC(=O)c(nc1)ccc1-c(nc(c23)n(C)cn2)nc3NCC[NH+]4CCOCC4,-7.407,28,-0.26453571428571426
OCC(F)(F)c(c1)cccc1CNc(n2)ncc(c23)cc(-c(c4)cccc4OC)cc3OC[C@H](O)[C@@]5(O)CCN(C[C@@H]5CO)C(=O)NCc6ccc(F)cc6,-7.407,55,-0.13467272727272728
COc1ccccc1-c(cc(n2)-c3cccc(Cl)c3)n(c24)nc(c4C(=O)N)NCc5cccc(C)c5,-7.405,36,-0.20569444444444446
Cc1ccc(cc1)-c(c2)nc(c(c23)nccn3)NCc4ccc(C)cc4C,-7.404,27,-0.2742222222222222
c1ncccc1-c(c2)c(cc(c23)c(c(C#N)cn3)NC(C)C)NC[C@H](O)c4ccccc4,-7.403,32,-0.23134375
n1ccnn1-c(c(c2)OC)cc(c23)c(ncn3)NC(=O)NCc4ccc(F)c(F)c4,-7.402,30,-0.24673333333333333
c1ccccc1CNc(n2)c(C(=O)N)c(n23)nc(cc3-c4ccsc4)-c5ccccc5O,-7.401,32,-0.23128125
COc1ccccc1-c2cnc(-c3conc3C)nc2N[C@H](C)c4ccc(C(F)(F)F)c(N)c4,-7.4,34,-0.21764705882352942
n1ccccc1-c(nc(c23)n(C)cn2)nc3NC[C@H](O)[NH2+]CC4CCCC4,-7.4,27,-0.2740740740740741
Cc1cc[nH+]c(c1)CNc(nc(n2)-c3ccc(O)cc3)n(c24)ncc4-c5cccs5,-7.4,30,-0.24666666666666667
Cn(c1)c(=O)ccc1-c2cc(-c(ccc3=O)cn3C(C)C)cc(c24)cnc(n4)N[C@@](F)(C)c5cc(O)cc(c5)N(C)C,-7.399,42,-0.17616666666666667
CCn1ccc(n1)-c2cnc(-c3conc3C)nc2NC(=O)COc4cccc(c4)OC,-7.398,32,-0.2311875
Cc1cc(N)cc(c1)CNc(c(c23)ncn3C)nc(n2)-c4ccnc(C)c4,-7.398,27,-0.27399999999999997
Cc1cccc(c1)CNc(c(c23)ncn3C)nc(n2)-c4ccc(F)cc4,-7.397,26,-0.28450000000000003
CC(=O)N(CC1)CCC1Oc(c(c2)OC)cc(c23)c(ncn3)N[C@H](C)c4ccccc4C,-7.397,32,-0.23115625
OCCc(c1)[nH+]ccc1-c(c2)cc(-c(c3)ncn3C)c(c24)nc(nc4)N[C@H](CO)c5cccc(C(F)(F)F)c5,-7.397,39,-0.18966666666666668
Cc1ccccc1-c(c(c2)OC)cc(c23)c(ncn3)NC[C@H](F)c4cc(N)cc(C(F)(F)F)c4,-7.397,34,-0.21755882352941178
Cc1cc(C(=O)[O-])cc(c1)-c(c2)c(-c3ccncc3)cc(c24)ncnc4N[C@H](C)c5cccc(c5)[C@H](C)O,-7.396,38,-0.1946315789473684
Cc1cccc(c1)-c(cn2)c(n23)nc([C@H](C)c4ccc(C(F)(F)F)cc4)cc3N[C@@](C)([NH3+])c5cccc(C(F)(F)F)c5,-7.394,42,-0.17604761904761906
COc1ccc(cc1N)CC(=O)Nc(c(c23)cccc3)nc(n2)-c4ccc(C)cc4,-7.392,30,-0.2464
Cc1ccc(C)c(c1)CNc(n2)c(nc(nc3)NC4CC4)c3c(c25)ccc(c5)-c6cnccc6C#N,-7.392,36,-0.20533333333333334
FC(F)(F)c(c1)cccc1[C@H]([NH3+])CNc(nc(n2)-c3cccc(F)c3)n(c24)ncc4-c5cncs5,-7.392,35,-0.2112
c1ccccc1-c(nc(c23)n(C)cn2)nc3NC(=O)Nc4cccc(C(F)(F)F)c4,-7.392,30,-0.2464
Cc1ccc(cc1)[C@H](C)Nc(cc(n2)-c3ccn(n3)C)n(c24)ncc4-c5ccnn5C,-7.39,31,-0.23838709677419354
CCn1cc(cn1)-c(cc2)cc(c23)ncnc3N[C@H](CC4)Cc(c45)cc(F)cc5,-7.389,29,-0.2547931034482759
FC(F)(F)c(c1)cc(N)cc1[C@@H](C)Nc(nc2-c(cc3)ccc3C)ncc2-c4ccn(n4)CCCO,-7.387,36,-0.20519444444444443
CNC(=O)Cn(cc1C)c(=O)cc1-c(c2)cc(-c(cn3)cn3CC)c(c24)nc(nc4)N[C@H](CO)c5cccc(C(F)(F)F)c5,-7.387,44,-0.16788636363636364
Cc1ccc(cc1)C[N@H+](C)CCNc(n2)c(C(=O)N)c(n23)nc(-c4cccnc4)cc3-c5ccc(o5)C,-7.387,37,-0.19964864864864865
CCc1cccc(C)c1NC(=O)c(cc(n2)C)n(c23)nc(c3C(=O)N)N[C@H](C)c4ccc(N)cc4,-7.386,35,-0.21102857142857143
Fc1ccc(F)cc1-c(c(c2)OC)cc(c23)c(ncn3)N[C@@H]4CCN(C4)C(=O)C(C)C,-7.386,31,-0.23825806451612905
NC(=O)c(c1)cccc1-c(c2C)c(=O)n(CC)c(c23)nc(nc3)N[C@H](C)c4cc(C)cc(C(F)(F)F)c4,-7.384,37,-0.19956756756756758
FC(F)(F)c(c1)cc(N)cc1[C@H](C)Nc(c(c23)ncn3C)nc(n2)-c4ccco4,-7.384,29,-0.2546206896551724
Clc1ccccc1-c(c2)nc(c(c23)nccn3)NCc4ccccc4,-7.384,25,-0.29536
Cc1ccccc1CNc(c(c23)ncn3C)nc(n2)-c4c(C)noc4C,-7.383,26,-0.2839615384615385
Cc1cccc(c1)CNc(nc([nH+]2)NCCO)c(c23)nc(cc3)-c4cc(C)oc4C,-7.383,30,-0.2461
c1cc(C)ccc1[C@@H](C)Nc2nc(NCC)[nH+]c(c23)ccc(n3)Cc4ccc(C)cc4,-7.383,31,-0.23816129032258065
CN(C)c(c1)nccc1-c(c(c2)OC)cc(c23)c(ncn3)N[C@H](C)c4cccc(C)c4,-7.383,31,-0.23816129032258065
Cc1cnn(C)c1-c(n2)c(-c3cccnc3)cc(c24)cnc(n4)N[C@H](C)c5cc(N)cc(C(F)(F)F)c5,-7.382,37,-0.1995135135135135
s1cccc1-c2cnn(c23)c(NCc(c4)nccc4C)nc(n3)-c5ccn(c5)C(=O)C(=O)N,-7.381,33,-0.22366666666666668
O=c(c1)ccccc1-c(c2C)c(=O)n(CC)c(c23)nc(nc3)N[C@H](C)c4cc(C)cc(N)c4,-7.381,33,-0.22366666666666668
Cc1cccn1CC(=O)Nc(c(c23)cccc3)nc(n2)-c4ccncc4,-7.381,26,-0.2838846153846154
COc1ccccc1-c2nc(NCc3cccc(C(F)(F)F)c3)ncc2-c4ccn(c4)CC(=O)N,-7.379,35,-0.21082857142857142
Cc1ccc(cc1)CCNc(c(c23)cccc3)nc(n2)-c4ncccn4,-7.378,26,-0.2837692307692308
COc1ccccc1-c(nc(c23)n(cn3)C)nc2NCc4cccc(N)c4,-7.377,27,-0.2732222222222222
COc1cccc(c1)[C@H](C)Nc(nc2)nc(c23)n(-c4ccc(cc4)C(=O)NC(C)C)c(=O)c(c3C)-c5cccc(n5)/C=N/[H],-7.377,43,-0.17155813953488372
Cc1noc(C)c1-c(cc2)nc(c23)c(N[C@H](C)c4cccc(C(F)(F)F)c4)nc([nH+]3)N[C@H](C)c5cccc(N)c5,-7.374,40,-0.18434999999999999
COc1ccc(cc1)CNc(n2)c(C(=O)N)c(n23)nc(-c4ccco4)cc3-c5ccco5,-7.372,32,-0.230375
Cn(n1)ccc1-c(c(c2)OC)cc(c23)c(ncn3)N[C@H](C)c4ccc(N)cc4[C@H](C)O,-7.372,31,-0.23780645161290323
Oc(c1)cccc1-c(n2)nc(NCc(cc3)ccc3C)n(c24)ncc4-c5ncc(o5)C,-7.37,31,-0.23774193548387096
c1sccc1-c(c2C)c(=O)n(CC)c(c23)nc(nc3)N[C@H](CO)c4cccc(C)c4,-7.369,30,-0.24563333333333331
c1ccccc1CCNc(n2)c(C(=O)N)c(n23)nc(-c4ccccc4F)cc3-c5ccc(F)cc5,-7.369,35,-0.21054285714285714
CCc1cccc(c1)-c(cc2)nc(c23)c(NC(=O)Nc4ccc(OC)cc4)nc(n3)N[C@H](C)c5cc(N)cc(C(F)(F)F)c5,-7.369,44,-0.16747727272727272
Cc1cccc(c1)OCCNc(n2)c(ncnc3)c3c(c24)ccc(c4)-c5nncn5CCO,-7.369,33,-0.2233030303030303
Cc1cccc(c1)[C@H](C)Nc(n/c2=[NH+]\CC[NH+](C)C)[nH]c(c23)ccc(n3)-c4c(C)cnnc4C,-7.369,34,-0.21673529411764705
COc1ccc(c(c1)OC)NC(=O)CNc(nc2)nc(c23)nc(-c4ccc(C(=O)N)nc4)c(c3)-c5cccc(C)c5,-7.369,41,-0.17973170731707316
COc1ccc(cc1)-c2cnc(-c3conc3C)nc2N[C@@H]4CC[N@H+]4Cc5ccc(C)cc5,-7.369,33,-0.2233030303030303
Fc(c1)cccc1CNc(ncc2CC(=O)N)nc2C(=O)c3cccc(c3)N4CCOCC4,-7.369,33,-0.2233030303030303
FC(F)(F)c(c1)cc(N)cc1[C@@H](C)Nc(ncc2-c(c3C)n(C)nc3C)nc2-c4cccc(c4)C(=O)N(C)C,-7.368,39,-0.18892307692307694
Cc1cccc(c1)[C@H](O)CNc(c(c23)ncn3C)nc(n2)-c4ccnc(C)c4,-7.368,28,-0.2631428571428572
o1cccc1-c(cc2C)nc(n2)NC(=O)NCc3ccc(Cl)cc3,-7.368,24,-0.307
Cc1cccc(c1)CNc2ncc(-c3c[nH+]c(C)n3CCC(=O)N)c(n2)NCc4ccccc4C,-7.367,35,-0.21048571428571428
Cc1ccccc1CNc(nc(n2)-c3ccsc3)n(c24)ncc4-c5ccco5,-7.367,28,-0.2631071428571429
c1cnccc1-c(cc2C)nc(n2)NC(=O)[C@@H]3CC(=O)N(C3)c4ccc(F)cc4,-7.366,29,-0.254
FC(F)(F)c1cccc(c1)CNc2nc([nH+]cc2-c3ccsn3)NCc4ccccc4,-7.365,31,-0.23758064516129032
Cc1ccc(cc1)[C@H](C)CNc(n2)c(C(=O)N)c(n23)nc(-c4cccc(=O)s4)cc3-c5cccc(C)c5,-7.364,37,-0.19902702702702701
OC[C@@H](O)c(n1)cccc1-c(c(c2)OC)cc(c23)ncc(C#N)c3NCC[C@H](O)c4ccccc4,-7.364,35,-0.2104
Cc1ccccc1CNc(c(c23)ncn3C)nc(n2)-c4cccnc4,-7.364,25,-0.29456
COc(c1)c(N)cc(c12)c(ncn2)NCc3ccc(C[NH3+])cc3,-7.364,23,-0.32017391304347825
CN(C)C(=O)CCn(c(=O)c1)ccc1-c2cc(-c(c3)cccc3C)cc(c24)cnc(n4)N[C@@](F)(C)c5cc(O)cc(c5)N(C)C,-7.364,45,-0.16364444444444445
C1C[C@@H](C)CC[N@@H+]1CCn(c(=O)c(c2C)-c(nc3)ncc3C)c(c24)nc(nc4)NCc5cc(C)ccc5C,-7.363,38,-0.19376315789473686
c1ccccc1CNc(n2)c(C(=O)N)c(n23)nc(-c4cccnc4)cc3-c5cccnc5,-7.363,32,-0.23009375
CCn1cc(cn1)-c(cc2)nc(c23)c(N[C@H](C)c4ccc(C(F)(F)F)cc4)nc([nH+]3)NC5CCCCC5,-7.361,37,-0.19894594594594595
COc1ccc(cc1)CNC(=O)Nc2ncc(-c3ccccn3)c(n2)-c4ccccn4,-7.361,31,-0.2374516129032258
Cc1ccccc1Cc2cc(C)nc(n23)c(C(=O)N)c(n3)N[C@H](C)c4ccc(N)cc4,-7.359,31,-0.23738709677419353
Cc1cc(N)cc(c1)[C@H](C)Nc(nc2)nc(c23)c(nc(c3)C)-c4cccc(c4)CO,-7.359,30,-0.2453
Cc1ccc(cc1C)CNc(c(c23)nccn3)nc(c2)-c4ccc(nc4)C(=O)N(C)C,-7.355,31,-0.23725806451612905
c1cc(F)ccc1-c2cc(-c(cc3)ccc3C)nc(n24)c(C(=O)N)c(n4)N[C@H](C)c5ccccc5,-7.354,35,-0.21011428571428573
Cc1cccc(c1)CNc(n2)c(C(=O)N)c(n23)nc(-c4nocc4C)cc3-c5ccnc(n5)C,-7.352,34,-0.21623529411764708
N#Cc(cn1)c(NC)c(c12)cc(c(c2)-c3cnn(C)c3)NCc4cccc(C)c4,-7.352,29,-0.25351724137931037
FC(F)(F)c(c1)cccc1[C@@H](C)Nc2nc(NC)[nH+]c(c23)ccc(n3)-c4ccnc(n4)C(C)C,-7.352,34,-0.21623529411764708
Cc1n(C)c(C)[nH+]c1-c(cn2)c(n23)nc(-c(cc4)ccc4C)cc3N[C@H](C)c5ccc(C)cc5,-7.35,34,-0.21617647058823528
CCCn1ccnc1-c(cc2)cc(c23)ncnc3N[C@H](C)c4ccc(C)cc4,-7.348,28,-0.2624285714285714
CNC(=O)c1cc(cnn1)-c(cn2)c(n23)nc(-c4cccc(C)c4)nc3NCc5ccc(C)cc5C,-7.348,36,-0.2041111111111111
Cc1cccc(c1)CNc(c(c23)cccc3)nc(n2)-c4ccno4,-7.348,24,-0.30616666666666664
OCCn1cnnc1-c(cc2)cc(c23)nc(c4c3cncn4)NCCc5ccccc5,-7.347,31,-0.23700000000000002
Cc1cccc(c1)C/[NH+]=c(\nc([nH]2)NCC[NH3+])c(c23)nc(cc3)-c4ncc(o4)C,-7.347,29,-0.2533448275862069
Cc1cn(C)c(n1)-c(c2C)c(=O)n(C)c(c23)nc(nc3)N[C@H](C)c4cc(N)cc(C(F)(F)F)c4,-7.343,34,-0.2159705882352941
COc1cccc(c1)-c(c2)c(-c3ccc(=O)n(C)c3)cc(c24)c(ncn4)N[C@H](C)c5ccc(C)c(c5)OC,-7.343,38,-0.19323684210526315
[NH3+]CCn(c1)c(=O)ccc1-c(c(c2)-c(cc3)ccc3OC)cc(c24)ncnc4N[C@H](C)c5cccc(Cl)c5,-7.343,38,-0.19323684210526315
Cc1ccc(c(C)c1)[C@H](C)Nc(n2)c(nc(nc3)NC4CC4)c3c(c25)ccc(c5)-c6ccc(=O)n(c6)CC(=O)N,-7.339,40,-0.183475
Oc1ccccc1-c(n2)cc(N[C@@H](C)c3cc(N)cc(C(F)(F)F)c3)n(c24)ncc4-c5ccnc(n5)N,-7.339,37,-0.19835135135135137
s1cccc1-c2cnc(nc2NC[C@@H](O)CO)NCc3ccccc3Cl,-7.338,26,-0.28223076923076923
COc1cc(cc(c1)OC)Nc2ncc(-c3ccc(C(=O)N)cc3)c(n2)NCc4ccccc4,-7.337,34,-0.2157941176470588
COc1cccc(c1)CNC(=O)Nc(nc(n2)-c3cccc(F)c3)n(c24)ncc4-c5cccs5,-7.329,34,-0.21555882352941175
c1ccccc1-c(c2C)c(=O)n(CC)c(c23)nc(nc3)N[C@H](C)c4ccc(C(F)(F)F)cc4,-7.326,33,-0.22199999999999998
Cc1ccc(C)c(c1)CNc(nc2)nc(c23)n(CCO)c(=O)c(c3C)-c4nccs4,-7.325,30,-0.24416666666666667
CCn1nc(C)c(c1C)-c(nc(C)c2)c(c23)nc(nc3)N[C@H](C)c4cc(C)ccc4C,-7.325,31,-0.23629032258064517
Cc1cc(C)cc(c1)NC(=O)CNc(c(c23)cccc3)nc(n2)[C@H](C)c4cc(N)cc(C(F)(F)F)c4,-7.324,36,-0.20344444444444443
Cc1ncccc1-c(c2)cc(-c(o3)cnc3CCC)c(c24)nc(nc4)N[C@H](O)Cc5cccc(C)c5,-7.323,36,-0.2034166666666667
CC(=O)N[C@H](C)c1cccc(c1)-c(cc2-c3ccccc3)nc(n24)c(C(=O)N)c(n4)NCC(=O)N,-7.323,35,-0.20922857142857143
n1cccn1CCCOc(c(c2)OC)cc(c23)c(ncn3)NCCc4ccc(C)cc4,-7.323,31,-0.23622580645161292
Cc1cccc(c1)[C@H](C)Nc(nc2)nc(c23)c(nc(c3)C)-c4ccc(C(=O)N)cc4,-7.321,30,-0.24403333333333332
Cc1cccc(c1)CNc(n2)c(C(=O)N)c(n23)nc(-c4ccccc4)cc3-c5ccccc5Br,-7.321,34,-0.2153235294117647
Cn1nccc1-c(n2)cc(-c(c3)cccc3C)n(c24)nc(c4C(=O)N)NCc5cccc(C(F)(F)F)c5,-7.32,37,-0.19783783783783784
O=c(n1)n(C)ccc1-c(c2)cc(-c(cn3C)ccc3=O)c(c24)nc(nc4)NCc5cccc(c5)C(F)(F)CO,-7.319,39,-0.18766666666666668
CC(=O)NC(=O)Cn1cc(cc1C)-c(c2)c(-c3cccnc3)cc(c24)c(ncn4)N[C@H](C)c5ccccc5,-7.318,38,-0.19257894736842104
c1cc(F)ccc1-c(c2C)c(=O)n(-c(cn3)cn3CC)c(c24)nc(nc4)N[C@H](C)c5cccc(c5)OC,-7.318,37,-0.19778378378378378
c1ccccc1-c(c(c2)OC)cc(c23)c(ncn3)N[C@H](C)c4ccc(N)cc4[C@H](C)O,-7.318,31,-0.23606451612903226
Cc1ccc(C)c(c1)CNc(nc2)nc(c23)n(-c4cnn(C)c4)c(=O)c(c3C)-c5ccccc5,-7.318,34,-0.21523529411764705
n1ccccc1-c(cn2)c(n23)nc(-c(c4)cccc4OC)nc3NCc5ccc(C)cc5,-7.317,32,-0.22865625
CCCn1cc[nH+]c1-c(cc2)cc(c23)ncnc3N[C@H](C)c4cccc(c4)NC(=O)C,-7.316,31,-0.236
Cc1cc(C)cc(c1)[C@H](C)Nc(nc2)nc(c23)c(nc(c3)C)-c4cccc(c4)C[NH+](C)C,-7.314,32,-0.2285625
C1CCCN1C(=O)[C@@H](CCN2C)C[C@@H]2Oc(c3)c(-c4ccc(C(F)(F)F)cc4)nc(c35)nc(nc5)NCc6cccc(C(F)(F)F)c6,-7.313,47,-0.15559574468085105
COc1ccc(cc1)-c(c2)nc(c(c23)nccn3)N[C@H](C)c4ccc(C(F)(F)F)cc4,-7.312,31,-0.2358709677419355
Cc1cc([C@H](C)[NH3+])cc(c1)[C@H](C)c(nc(c23)n(cn3)C)nc2NCCc4ccccc4C,-7.311,32,-0.22846875
C1COCCN1C(=O)c(cc2)ccc2-c(c(c3)-c4ccnn4CC)cc(c35)c(ncn5)NCc6cccc(C)c6,-7.311,40,-0.182775
Cc1ccc(cc1)[C@H](C)c(nc(c23)n(cn3)C)nc2NCCc4ccccc4C,-7.31,29,-0.25206896551724134
Cc1ncccc1-c2cc(-c(c3)cccc3C)nc(n24)c(C(=O)N)c(n4)NCc5ccccc5,-7.31,34,-0.215
COc1ccc(cc1)CNc2nc(N[C@@H]3CC[N@@H+](C)CC3)ncc2-c4ccncc4,-7.31,30,-0.24366666666666664
Clc1cccnc1-c(cn2)c(n23)nc(-c(cc4)ccc4O)nc3NCC[NH+]5CCCCC5,-7.31,32,-0.2284375
C1CCCC[NH+]1C[C@@H](C)Nc(n2)c(ncnc3)c3c(c24)ccc(c4)-n5ccccc5=O,-7.309,31,-0.2357741935483871
CC(=O)Nc1ccccc1-c2cc(-c(cn3C)cc3CC)cc(c24)cnc(n4)N[C@H](O)Cc5cccc(C)c5,-7.308,39,-0.18738461538461537
CN(C)C(=O)COc(c(c1)OC)cc(c12)c(ncn2)NCCc3ccc(C)cc3,-7.308,29,-0.252
Cc1noc(C)c1-c(cn2)c(n23)nc(-c4ccc(N)cc4)nc3Nc5ccc(=O)n(C)c5,-7.308,32,-0.228375
Cn1c[nH+]cc1-c(c(c2)OC)cc(c23)c(ncn3)NC[C@H](O)c4ccc(C)c(N)c4,-7.307,30,-0.24356666666666668
Cc1ccccc1-c(cc2-c3cccs3)nc(n24)c(C(=O)N)c(n4)NCc5ccccc5,-7.304,32,-0.22825
CCN(C)Cc1cnc(n1C)-c(cc2)cc(c23)ncnc3N[C@H](CO)[C@H](C)c4ccccc4,-7.304,33,-0.22133333333333335
FC(F)(F)c(c1)cccc1[C@H](C)Nc(ncn2)c(c23)c(-c4ccc(CO)cc4)c(o3)Cc5cc(Cl)ccc5Br,-7.302,39,-0.18723076923076923
COc1nccnc1-c2cnc(-c3ccsn3)nc2NC(F)(F)c4cc(N)cc(C(F)F)c4,-7.302,33,-0.22127272727272726
Cc1ccc(cc1)OCC(=O)Nc(ncn2)c(c23)ccc(c3)-c4ccnc(C#N)c4,-7.301,30,-0.24336666666666668
Fc1ccc(F)cc1Cc(n2)nc(NCCO)n(c23)ncc3-c4ccccc4F,-7.301,29,-0.25175862068965515
CCNC(=O)Nc(c(C#N)cn1)c(c12)cc(c(c2)-c3cccnc3)NCC(=O)c4cccc(C)c4,-7.3,35,-0.20857142857142857
Cc1cccc(c1)[C@H](C)c(cc2)cc(c23)nc(c4c3cncn4)N[C@H](C)c5cccc(c5)C6(O)COC6,-7.299,37,-0.19727027027027028
CN(C)C(=O)Cn(n1)ccc1-c(c(n2)-c(c3)c(C)ncc3C)cc(c24)cnc(n4)NCc5cccc(C(F)(F)F)c5,-7.297,41,-0.17797560975609755
Clc(c1)cccc1Cc2cc(C)nc(n23)c(C(=O)N)c(n3)N[C@H](C)c4ccc(N)cc4,-7.297,31,-0.23538709677419353
CN(C)C(=O)Cn(c1)c(=O)ccc1-c(c2)cc(-c3c[nH+]cn3CCC)c(c24)nc(nc4)N[C@H](CO)c5cccc(C(F)(F)F)c5,-7.297,45,-0.16215555555555555
Cn1ccc(n1)-c(cc2)cc(c23)nc(c4c3cncn4)NCCC[NH+]5CCCCC5,-7.296,30,-0.2432
FC(F)(F)c(c1)cccc1[C@@H](C)Nc2cc(-c(c3)cccc3C)nc(n24)c(cn4)-c5cn(C)nc5CC(=O)N(C)C,-7.294,41,-0.17790243902439024
n1cccnc1-c(cc2C)nc(n2)NCCc(c3)oc(c34)cccc4,-7.291,25,-0.29164
CCn1nc(C)cc1-c(cc2)nc(c23)c(nc([nH+]3)NC)NC(F)(F)c4cccc(C(F)F)c4,-7.291,33,-0.22093939393939396
Fc1ccc(cc1)CCNc(ncn2)c(c23)ccc(c3)-c4ccccn4,-7.29,26,-0.2803846153846154
Cc1ncccc1-c(cc2C)nc(n2)N[C@H](C)c3ccc(Cl)cc3,-7.29,24,-0.30375
c1ncccc1-c2cnn(c23)c(NCc(c4)cc(C)cc4C)nc(n3)-c5cncc(n5)[C@@H]6CCCOC6,-7.289,37,-0.19699999999999998
CC(=O)N1CCC(CC1)Oc2ccc(cc2)-c(c3)c(-c4cc(C)n(c4)CC(=O)N(C)C)cc(c35)c(ncn5)N[C@H](C)c6cccc(C(F)(F)F)c6,-7.288,51,-0.14290196078431372
Cn(n1)c(=O)ccc1-c2cc(-c(cn3)ccc3C(\C)=N\[H])cc(c24)cnc(n4)N[C@H](C)c5cc(N)cc(C(F)(F)F)c5,-7.288,41,-0.17775609756097563
CCn1cc(c(n1)C)-c2cnc(-c3ccoc3C)nc2N[C@H](C)c4ccc(C(F)(F)F)c(N)c4,-7.288,34,-0.2143529411764706
c1cnccc1-c(cc2)nc(c23)c(NC(=O)C)nc(n3)NCc4cccc(C(F)(F)F)c4,-7.287,32,-0.22771875
n1cn(C)c(c12)nc(-c(ccn3)cc3C)nc2N[C@H](CCO4)c(c45)cccc5,-7.286,28,-0.2602142857142857
c1cc(F)ccc1-c(cc2C)nc(n2)NCCC(=O)N3CCCCCC3,-7.285,26,-0.2801923076923077
CCC(=O)NC(=O)[C@H](CO)c1cccc(c1)-c(cc2)cc(c23)nc(N[C@H](C)c4ccc([NH3+])cc4C)c5c3cnc(n5)NC6CC6,-7.284,45,-0.16186666666666666
c1cc(Br)ccc1-c(cnc2NC)c(n2)N[C@H](C)c3ccc(C(F)(F)F)cc3N,-7.284,29,-0.25117241379310346
COc1ccc(cc1)CNc(c(c23)ncn3C)nc(n2)-c4ccccc4C,-7.284,27,-0.2697777777777778
Cc1ccc(C(=O)N)c(c1)-c(c2)c(S(=O)(=O)C(C)(C)C)cc(c23)c(ncn3)N[C@H](C)c4ccccc4C,-7.281,37,-0.19678378378378378
CNC(=O)Cn1cc[nH+]c1-c(cc2)cc(c23)nc(c4c3cncn4)N[C@H](C)c5cccc(C)c5,-7.281,34,-0.2141470588235294
COc1ccc(cc1)-c(nc(c23)n(cn3)C)nc2NCc4cccc(C)c4,-7.279,27,-0.2695925925925926
NC(=O)c(c1)cccc1-c(nc(C)c2)c(c23)nc(nc3)N[C@H](C)c4ccc(C)c(C)c4,-7.279,31,-0.23480645161290323
COc1ccc(cc1)-c(cn2)c(n23)nc(-c4nc(C)c(o4)C)cc3N[C@H](C)c5cc(N)cc(c5)C(F)(F)N,-7.279,38,-0.19155263157894736
C[NH+](C)Cc(c1)cccc1-c(cc2C)nc(n2)NC[NH2+]C3CCCC3,-7.278,25,-0.29112
NC(=O)[C@H]([NH+](C)C)Cn(c1)ncc1-c(c(n2)-c(c3C)cnn3C)cc(c24)cnc(n4)N[C@H](C)c5cccc(C(F)(F)F)c5,-7.278,43,-0.16925581395348835
CCCn1nc(cc1C)-c(cc2)cc(c23)ncnc3N[C@H](C)c4ccc(C)c(N)c4,-7.277,30,-0.24256666666666668
Cc1cccc(c1)[C@H](C)Nc(n2)c(C(=O)N)c(n23)nc(-c4ccccc4Cl)cc3-c5ccc(F)cc5,-7.277,36,-0.2021388888888889
Cc1c(C)cccc1-c(nc(C)c2)c(c23)nc(nc3)N[C@H](C)c4cc(N)cc(C(F)(F)F)c4,-7.276,33,-0.22048484848484848
c1ncccc1-c2cc(-c(c3)cccc3C)nc(n24)c(C(=O)N)c(n4)N[C@H](C)c5ccccc5,-7.275,34,-0.21397058823529413
Cc1cc(nn1C)-c2cnc(nc2-c3cccs3)N[C@H](C)c4cc(N)cc(C(F)(F)F)c4,-7.274,32,-0.2273125
Cc1occc1-c(nc(c23)n(cn3)C)nc2NCc(cc4)cc(c45)OCCO5,-7.274,28,-0.2597857142857143
Cc1ccc(cc1)[C@H](CO)c(cc2)cc(c23)nc(NCC[NH3+])c4c3cnc(n4)NC5CC5,-7.273,32,-0.22728125
N#CC(=O)Nc(c1)c(C)ccc1-c(c(c2)-c(cn3)cn3CC)nc(c24)nc(nc4)N[C@H](C)c5ccc(C)cc5,-7.273,39,-0.18648717948717947
COc1ccc(Br)cc1-c(cc(n2)-c3cccnc3)n(c24)nc(c4C(=O)N)NC(F)(F)c5ccc(N)cc5,-7.273,38,-0.19139473684210526
Cn1c(=O)cccc1-c(c2)cc(-c(nn3)cn3CC)c(c24)nc(nc4)N[C@H](C)c5cc(C)cc(N)c5,-7.272,36,-0.202
Cc1ccccc1CNc2nc(N[C@@H]3CC[N@@H+](C)CC3)ncc2-c4cncc(F)c4,-7.272,30,-0.2424
COc(c1)c(OC)cc(c12)c(ncn2)NCCc3ccc(C)cc3,-7.272,24,-0.303
Cc1nocc1-c(cc2)cc(c23)nc(N[C@H](C)c4ccc(N)cc4)c5c3cnc(n5)NC6CC6,-7.27,34,-0.2138235294117647
c1ncccc1-c(c(n2)-c(nn3C)cc3C(=O)N)cc(c24)cnc(n4)NCc5cccc(C(F)(F)F)c5,-7.269,37,-0.19645945945945947
OCC(=O)Oc(c1)cccc1-c(nc(c23)n(C)cn2)nc3N[C@@H]4CCN(C4=O)c5ccccc5,-7.268,34,-0.21376470588235294
CC(C)c(c1)cccc1[C@@H](C)Nc2nc(N[C@H](C)C[C@H](C)[NH+]3CCOCC3)[nH+]c(c24)ccc(n4)-c5cccc(c5)C[NH+](C)C,-7.268,44,-0.16518181818181818
Fc1ccccc1-c(c2C)c(=O)n(CC(=O)NCC)c(c23)nc(nc3)N[C@H](C)c4cc(N)cc(c4)C(F)(F)C,-7.267,39,-0.18633333333333335
Cn(c1)c(=O)ncc1-c(nc(C)c2)c(c23)nc(nc3)NCc4ccc(CO)cc4,-7.264,29,-0.25048275862068964
C1CCCCCN1C(=O)CNc(n2)c(ncnc3)c3c(c24)ccc(c4)-n5ccccc5=O,-7.264,32,-0.227
Cc1ccccc1-c(c2)c(-c3cnn(C)c3)cc(c24)ncnc4N[C@H](C)c5cc(N)cc(c5)C(F)(F)O,-7.264,37,-0.19632432432432434
CCn1nccc1-c(c2)c(-c3cnccn3)cc(c24)c(ncn4)NCc5cccc(C)c5,-7.264,32,-0.227
Cc1cccc(c1C)CNc(cc(n2)-c3cccnc3)n(c24)ncc4-c5cccc(c5)C(=O)N,-7.263,34,-0.21361764705882352
FC(F)(F)c(c1)cc(cc1N)[C@H](O)CNc(n2)c(nc(nc3)NC4CC4)c3c(c25)ccc(c5)C(=O)CCc6ccccc6,-7.262,43,-0.16888372093023254
OCC(F)(F)c1cccc(c1)CNc(nc2)nc(c23)c(-c4ccccn4)cc(c3)-c5ccccc5,-7.261,35,-0.20745714285714287
NC(=O)c1ccc(O)cc1-c(c2)c(-c3ccccn3)nc(c24)nc(nc4)N[C@H](CO)c5cc(N)ccc5C(F)(F)F,-7.261,41,-0.17709756097560975
Cc(c1)cccc1-c(n2)nc(N[C@@H](CO)c(cc3)ccc3C)c(c24)ncn4CCc5ccccc5,-7.261,35,-0.20745714285714287
c1sccc1-c2cc(-n3cccc3C)nc(n24)c(C(=O)N)c(n4)NCc5ccccc5,-7.261,31,-0.2342258064516129
Cc1cccc(c1)CNc(c(c23)nccn3)nc(c2)-c4ccccc4,-7.26,25,-0.2904
c1cc(C)ccc1[C@@H](C)Nc2nc(-c(c3)cccc3OC)nc(n24)c(cn4)-c5cccc(=O)n5CC(=O)N,-7.26,38,-0.19105263157894736
c1cc(Cl)ccc1-c(c2C)c(=O)n(CCNC(=O)C)c(c23)nc(nc3)NC[C@H](O)c4cccc(C)c4,-7.26,36,-0.20166666666666666
c1ccccc1CNc(n2)c(C(=O)N)c(n23)nc(CCO)cc3-c4ccccc4,-7.258,29,-0.2502758620689655
COCC(=O)N1CCC[C@@H](C1)c2ccnc(c2)-c3cnc(NCc4cccc(C)c4)nc3NC[C@H](O)c5cccc(C(F)(F)F)c5,-7.258,46,-0.15778260869565217
CO[C@@](F)(C)COc(c(c1)OC)cc(c12)c(ncn2)N[C@H](C)c3ccn(C)c3C,-7.258,29,-0.2502758620689655
Cc1ccccc1CNc2ncc(-c3cc(C(=O)N)ncn3)c(n2)-c4cccnc4,-7.257,30,-0.24189999999999998
COc1ccccc1Nc2ncc(-c3ccc(C)nn3)c(n2)NCc4cccc(C)c4,-7.257,31,-0.23409677419354838
COc1cc(cc(OC)c1O)-c(c2C)c(=O)n(-c3cccnc3)c(c24)nc(nc4)NCc5cc(C)ccc5C,-7.256,39,-0.18605128205128205
CC(C)c(cn1)c(n12)nc(-c3ccc(F)o3)nc2NCc4cccc(c4)C[NH3+],-7.255,28,-0.25910714285714287
Cc1ccc(cc1)CNc(n2)c(C(=O)N)c(n23)nc(-c4ccc(C)cc4)cc3-c5cc(C)n(n5)C,-7.255,35,-0.2072857142857143
Cc1cccc(c1)[C@H](F)Cc(cn2)c(n23)nc(-c4ccsc4)nc3NCCO,-7.255,28,-0.25910714285714287
CCCn1cc[nH+]c1-c(cc2)cc(c23)ncnc3N[C@H](F)c4cc(N)cc(C(F)(F)F)c4,-7.255,32,-0.22671875
Fc1ccccc1-c(c2C)c(=O)n(CC(=O)NCC)c(c23)nc(nc3)NCc4ccccc4C,-7.255,34,-0.21338235294117647
COc1ccc(cc1)CNc2nc(N[C@H](C)c3ccc(C(F)(F)F)cc3N)ncc2-c4cncc(c4)OC,-7.254,38,-0.19089473684210526
c1ncccc1-c(cn2)c(n23)nc(-c4ccnn4C)nc3NC[C@H](O)c5ccccc5Cl,-7.253,32,-0.22665625
Cc1ccc(cc1)C2(CC2)Nc(c(c34)ncn4C)nc(n3)-c5ccccc5F,-7.251,28,-0.2589642857142857
Cc1ccc(C)c(c1)CNc2ncc(-c3oc(C)nc3C)c(n2)N[C@H](C)c4cc(C[NH3+])cc(C(F)(F)F)c4,-7.25,38,-0.19078947368421054
c1ccccc1-n2c(=O)c(-c3cccnc3)c(C)c(c24)cnc(n4)N[C@H](C)c5cc(N)cc(C(F)(F)F)c5,-7.25,38,-0.19078947368421054
c1cnccc1[C@H](O)CNc2nc(-c3ccccc3Br)ncc2-c4nccs4,-7.25,28,-0.25892857142857145
Cc1ccc(cc1)CNc2ncc(-c3ccco3)c(n2)NCC[NH3+],-7.249,24,-0.30204166666666665
Cn1c[nH+]cc1-c(n2)cc(-c(cc3)ccc3C)n(c24)nc(c4C(=O)N)NCc5cccc(C)c5,-7.249,34,-0.21320588235294116
Cc1cccc(c1)CNc2nc(NCC[NH3+])ncc2-c3ccccc3Cl,-7.247,26,-0.2787307692307692
FC(F)(F)c(c1)cccc1NC(=O)Nc(nc(n2)NCCO)c(c23)nc(cc3)-c4cccnc4,-7.244,34,-0.21305882352941174
n1ccnn1-c(c(c2)OC)cc(c23)c(ncn3)NCC(=C4)COc(c45)cccc5,-7.244,29,-0.24979310344827585
Cc1ccc(cc1)CCNc(c(c23)cccc3)nc(n2)-c4cccnc4,-7.244,26,-0.2786153846153846
COc1cc(OC)c(cc1OC)-c(cn2)c(n23)nc(-c4ccoc4C)cc3N[C@H](C)c5cccc(C(F)(F)F)c5,-7.243,40,-0.181075
Cn1c(=O)cncc1-c(c2C)c(=O)n(CC)c(c23)nc(nc3)N[C@H](C)c4ccccc4C[NH3+],-7.242,33,-0.21945454545454546
CNc1[nH+]cc(c(n1)NC)-c2cccc(F)c2,-7.242,17,-0.426
COc1cccc(c1OC)-c(nc(c23)n(cn3)C)nc2NCc4cccc(N)c4,-7.242,29,-0.24972413793103448
Cc1cccc(c1)CNc(n2)c(C(=O)N)c(n23)nc(-c4ccc(F)cc4)cc3-c(cn5)cc(c56)cccc6,-7.242,38,-0.19057894736842104
CCc1ccc(cc1)[C@H](O)CNc(c(c23)ncn3C)nc(n2)-c4ccccn4,-7.241,28,-0.25860714285714287
s1cccc1-c2cc(-c3ccccc3)nc(n24)c(C(=O)N)c(n4)NCCc5ccccc5,-7.241,32,-0.22628125
FC(F)(F)c(c1)cccc1N[C@@H](C)Nc(nc2)nc(c23)c(-c4ccco4)cc(c3)-c5cnn(c5)CCC(=O)N,-7.24,39,-0.18564102564102564
CN(C)C(=O)c(c1)cncc1-c(cc2)nc(c23)c(Nc(cc4)ccc4C)nc([nH+]3)N[C@H](C)c5cccc(C(F)(F)F)c5,-7.239,42,-0.17235714285714285
COc1ccc(c(c1)OC)-c(nc(C)c2)c(c23)nc(nc3)N[C@H](C)c4cc(C)cc(N)c4,-7.239,32,-0.22621875
Cc1ccccc1CNc2nc(NCC(=O)N)ncc2-c3ccn(n3)C,-7.237,26,-0.27834615384615385
s1cccc1-c(c2C)c(=O)n(CCC)c(c23)nc(nc3)N[C@H](C)c4ccccc4C,-7.237,30,-0.24123333333333333
Cc1ccc(C)c(c1)CNc(nc2)nc(c23)n([C@H](C)CO)c(=O)c(c3C)-c4ccn(n4)C,-7.235,32,-0.22609375
COc(c1)c(N)cc(c12)c(ncn2)NCc3cccc(C)c3,-7.234,22,-0.32881818181818184
Cc1ccc(cc1)OCC(=O)Nc(ncn2)c(c23)ccc(c3)-c4ccncc4,-7.234,28,-0.25835714285714284
COc1ccc(cc1)-c(cn2)c(n23)nc(-c4cccc(F)c4)nc3N[C@H](C)c5ccc(C(F)(F)F)c(N)c5,-7.234,38,-0.19036842105263158
[NH3+]CC[N@H+]1CC[C@@H](CC1)c(cc2)cc(c23)ncnc3NCCc4ccc(F)cc4,-7.232,29,-0.2493793103448276
Cn(c1)c(=O)ncc1-c2cc(CC[N@H+](C)CC)cc(c23)cnc(n3)N[C@H](C)c4cccc(C)c4,-7.232,34,-0.2127058823529412
COc1ccc(cc1)-c(cn2)c(n23)nc(-c4ccc(cc4)O[C@H](C)O)cc3N[C@H](C)c5cc(C)cc(c5)[C@H](C)O,-7.23,40,-0.18075000000000002
Cc1onc(C)c1-c(cn2)c(n23)nc(-c(c4)cccc4C)nc3NC(C)(C)c5ccccc5,-7.23,33,-0.21909090909090911
Cc1cccc(c1)CNc2ncc(c(n2)NC(C)C)-c3cccc(n3)NC(=O)CO,-7.23,30,-0.24100000000000002
Cc1cccc(c1)-c(nc(c23)n(cn3)C)nc2N[C@H](C)c4ccccc4,-7.229,26,-0.27803846153846157
CN(C)c(c1)cccc1-c2cc(-c(cn3)ccc3C(=O)N(C)CC)cc(c24)cnc(n4)NCc5cccc(c5)C(F)(F)CO,-7.229,44,-0.16429545454545455
[NH3+]Cc1cccc(c1)-c(cn2)c(n23)nc(-c4ccsc4)nc3NCc5cccc(C(F)(F)F)c5,-7.227,34,-0.21255882352941177
OCC(F)(F)c1ccccc1CNc(c(c23)cccc3)nc(n2)-c4cccc(C(F)(F)F)c4,-7.225,33,-0.21893939393939393
CCN(C)C(=O)c1ccc(cn1)-c(c2)c(-c3cc(OC)cc(C(=O)[O-])c3)cc(c24)c(ncn4)N[C@H](C)c5cccc(C)c5,-7.225,43,-0.16802325581395347
Cc1ccccc1CNc(ncn2)c(c23)cc(-c4ccc(CO)nc4)c(c3)-c5ccncc5,-7.224,33,-0.21890909090909091
Cc(c1)cccc1CNc([nH+]2)nc(NCCC)c(c23)nc(cc3)-c4cccnc4C(=O)N,-7.224,32,-0.22575
Fc(c1)cccc1-c(c(c2)OC)cc(c23)c(ncn3)NC[C@H](C)[NH+]4CCOCC4,-7.224,29,-0.2491034482758621
Cc1cc(cs1)-c(cn2)c(n23)nc(-c4cccc(F)c4)nc3N[C@H](C)c5ccccc5C,-7.222,32,-0.2256875
Cc1cccc(c1)CNC(=O)Nc2ncc(-c3[nH+]cccc3[O-])c(n2)-c4cnoc4,-7.221,30,-0.2407
c1ncccc1-c2cc(-c3cccs3)nc(n24)c(C(=O)N)c(n4)NC[C@H](O)C[NH+]5CCCCC5,-7.221,34,-0.21238235294117647
n1ccccc1-n2c(=O)c(-c3cccnc3)c(C)c(c24)cnc(n4)N[C@H](C)c5cc(N)cc(C(F)(F)F)c5,-7.221,38,-0.19002631578947368
c1ccccc1CNC(=O)Nc2nc(ncc2-c3ncco3)NCc4ccccc4Cl,-7.22,31,-0.2329032258064516
Cc1ccccc1CNc(c(c23)ncn3C)nc(n2)-c4ccncc4,-7.22,25,-0.2888
Cc1cncc(c1)CNc(c(c23)ncn3C)nc(n2)-c4ccccc4F,-7.22,26,-0.2776923076923077
CCn1cc(c(n1)C)-c(nc(C)c2)c(c23)nc(nc3)N[C@H](C)[C@H](C)c4ccccc4,-7.218,30,-0.2406
FC(F)(F)c(c1)cc(N)cc1[C@@H](C)Nc(nc2NCOC)[nH+]cc2-c3cccc(c3)C(=O)NC(=O)[C@H]([O-])C(F)(F)F,-7.216,41,-0.17600000000000002
CC[C@H](O)NC(=O)C(=O)n1ccc(c1)-c(cn2)c(n23)nc(-c4cccc(C)c4)cc3N[C@H](C)c5ccc(C)c(N)c5,-7.215,41,-0.17597560975609755
CN(C)c(c1)[nH+]ccc1-c2cc(-c(c3C)ccc(=O)n3C)cc(c24)cnc(n4)NCc5cccc(c5)C(F)(F)CO,-7.215,41,-0.17597560975609755
Cc1cc(F)ccc1-c2cc(-c(c3)cccc3C)nc(n24)c(C(=O)N)c(n4)NCc5ccccc5,-7.214,35,-0.20611428571428572
Cc1cccc(c1)CNc(n2)c(C(=O)N)c(n23)nc(cc3-c4ccccc4F)-c5cnn(c5)CC(=O)N(C)C,-7.213,39,-0.18494871794871795
CC(C)c1cccc(c1)[C@H](C)c(cc2)cc(c23)nc(c4c3cncn4)N[C@H](C)c5cccc(c5)C6(O)COC6,-7.213,39,-0.18494871794871795
Cc1ccc(cc1)[C@H](C)Nc2nc(-c3cccs3)ncc2-c4cc(on4)C[NH+](C)C,-7.213,30,-0.24043333333333333
c1cc(F)ccc1-c2cc(C)nc(n23)c(C(=O)N)c(n3)NC(=O)c4cccc(C(F)F)c4,-7.212,32,-0.225375
c1ccccc1-c(nc(c23)n(C)cn2)nc3NCC[NH+]4CCCCC4,-7.211,25,-0.28844000000000003
Cn1c[nH+]cc1-c(nc(C)c2)c(c23)nc(nc3)N[C@H](C)c4ccc(C)c(C)c4,-7.21,28,-0.2575
c1ncccc1-c(n2)cc(-c(n3)ccn3C)n(c24)nc(c4C(=O)N)NCc5ccccc5,-7.208,32,-0.22525
Cc1ccc(cc1)OCC(=O)Nc(ncn2)c(c23)ccc(c3)-c4cccc(F)c4,-7.206,29,-0.24848275862068966
CN(C)C(=O)Nc1ccc(cc1OC)-c(c2)c(-c3cccc(c3)C[NH3+])cc(c24)c(ncn4)N[C@H](C)c5cccc(C(F)(F)F)c5,-7.206,45,-0.16013333333333335
Cc(c1)cccc1[C@@H](C)Nc(nc2)nc(c23)c(-c(cc4)ccc4OC)cc(c3)-c5ccccc5NC(=O)C(=O)C(=O)N(C)C,-7.205,44,-0.16375
n1ccnn1-c(c(c2)OC)cc(c23)c(ncn3)N[C@@H]4CC[N@H+](C4)Cc5ccccc5,-7.204,30,-0.24013333333333334
FC(F)(F)c1cccc(c1)NCNc(ncn2)c(c23)ccc(c3)-c4cnccn4,-7.199,29,-0.24824137931034482
c1occc1-c(c2C)c(=O)n(CC)c(c23)nc(nc3)N[C@H](C)c4cc(C)ccc4C,-7.199,30,-0.23996666666666666
FC(F)(F)c(cc1)ccc1[C@@H](C)Nc2nc(NCC)[nH+]c(c23)ccc(n3)-c4ccccc4,-7.199,32,-0.22496875
Cc1ccc(cc1)CCNc(c(c23)cccc3)nc(n2)-c4ccc(C)cc4,-7.199,27,-0.2666296296296296
CN(C)C(=O)Cn(c[nH+]1)cc1-c(c(c2)-c(cc3C)cc(=O)n3C)cc(c24)ncnc4N[C@H](C)c5cccc(Cl)c5,-7.198,40,-0.17995
COc1cccc(c1)CNC(=O)Nc2nc(-c3cccc(c3)C(C)C)ncc2-c4cccc(F)c4F,-7.197,36,-0.19991666666666666
COc1cccc(c1)-c2cc(C)nc(n2)NCCSc3ccccc3,-7.197,25,-0.28788
c1cc(F)ccc1-c(c2)cc(-c(nn3)cn3CC)c(c24)nc(nc4)N[C@H](C)c5cc(C)cc(N)c5,-7.196,35,-0.2056
CC(=O)Nc1cccc(c1)-c(cn2)c(n23)nc(-c4cccc(F)c4C)cc3N[C@H](F)c5ccc(C(F)(F)F)cc5,-7.196,40,-0.1799
COc1cncnc1-c(cc2)cc(c23)ncnc3N[C@@H](C4)CO[C@@]4(C)c5cccc(C)c5,-7.196,32,-0.224875
Cc1ccc(C)c(c1)[C@H](C)Nc(nc2)nc(c23)c(nc(c3)C)-c4ccn(C)c(=O)c4,-7.196,30,-0.23986666666666664
COc1ccc(cc1C)-c2cnc(N[C@H](C)[N@H+]3CC[C@@H](C3)C(=O)N(C)C)nc2NCc4cccc(C)c4,-7.195,37,-0.19445945945945947
CC(C)OCc1cccc(c1)CNc(c(c23)nccn3)nc(c2)-c4ccc(=O)oc4,-7.195,30,-0.23983333333333334
s1cccc1-c2cc(-c(cc3OC)ccc3OC)nc(n24)c(C(=O)N)c(n4)NCc5ccccc5,-7.195,35,-0.20557142857142857
Cc1cc(C)cc(c1)CNc(nc2)nc(c23)c(-c4ccn(C)c(=O)c4)cc(c3)-c5cncn5C[C@H](N)C(=O)N(C)C,-7.195,41,-0.1754878048780488
Cc1[nH+]cc(n1CC)-c2ncc(-c3cccc(F)c3F)c(n2)N[C@H](C)Cc4cccc(C)c4,-7.194,33,-0.218
COc1ccc(cc1)-c(c2)c(OC)cc(c23)ncnc3NC[C@H](C)c4ccc(C)cc4,-7.194,31,-0.23206451612903226
Cc1ccccc1-c(nc(c23)n(cn3)C)nc2NCc4ccccc4,-7.194,25,-0.28776
n1ccccc1-c(c(=O)n2C)c(C)c(c23)cnc(n3)N[C@H](C)c4cccc(C(F)(F)F)c4,-7.193,32,-0.22478125
Cc1cccc(c1)CNc(nc(n2)-c3cccs3)n(c24)ncc4-c5cccs5,-7.193,28,-0.25689285714285715
CCc(cn1)c(n12)nc(-c3ccc(F)o3)nc2N[C@H](C)c4cccc(c4)OC,-7.191,28,-0.2568214285714286
CCn1cc(ccc1=O)-c(c2)c(-c3cccnc3)nc(c24)nc(nc4)N[C@H](C)c5cc(N)cc(C(F)(F)F)c5,-7.191,39,-0.18438461538461537
Cc1nc(cs1)-c(c2)nc(c(c23)nccn3)NCc4ccc(C)c(C)c4,-7.188,26,-0.2764615384615384
COc1ccccc1-c(cc2)cc(c23)ncnc3NC(=O)COc4ccc(C)cc4,-7.188,30,-0.23959999999999998
Cc1cccc(c1)-c2cnc(NC[NH+](C)C)nc2NCc3ccccc3C,-7.187,27,-0.2661851851851852
Clc1ccc(cc1)CNc(c(c23)cccc3)nc(n2)-c4cccnc4,-7.186,25,-0.28744
Cc1cccc(c1)-c(c2)c(-c3ccc(=O)n(C)c3)cc(c24)ncnc4N[C@H](C)c5cccc(Cl)c5,-7.186,35,-0.2053142857142857
NC(=O)c(c1)cccc1-c(c2C)c(=O)n(CC)c(c23)nc(nc3)N[C@H](C)c4ccccc4N,-7.185,33,-0.2177272727272727
OCc(cc1)ccc1-c(cc2C)nc(n2)NCCSc3ccccc3,-7.185,25,-0.2874
Cc1cccc(c1)CNc2nc(ncc2-c3cccs3)/N=C/C[C@H](C)[NH+]4CCCC4,-7.184,30,-0.23946666666666666
c1cc(F)ccc1CNC(=O)Nc2nc(-c3ccc(F)cc3)ncc2-c4cccs4,-7.184,30,-0.23946666666666666
[NH3+]C[C@@H](O)CNc(n1)nc(cc1C)-c2ccccc2Cl,-7.184,20,-0.3592
Cc1cccc(c1)CNc(ncn2)c(c23)cc(c(c3)-c4cn(C)cn4)-c5ccn(c5)CC(=O)[C@H](O)C(=O)N(C)C,-7.183,40,-0.17957499999999998
Cc1oncc1-c(cc2C)nc(n2)NCc3ccc(C(F)(F)F)cc3,-7.18,25,-0.2872
c1ccccc1/[NH+]=c2\nc(NCc(c3)cccc3C)[nH]c(c24)ccc(n4)-c5nccn5C,-7.179,32,-0.22434375
Cc1ccc(cc1)[C@H](O)CNc(ncn2)c(c23)c(-c4ccccn4)c(o3)-c5cccc(c5)[C@H](C)[NH3+],-7.178,35,-0.2050857142857143
Cc1cc(C)cc(c1)CNc(nc2)nc(c23)c(-c4cccc(=O)o4)cc(c3)-c5ccnc(n5)N,-7.178,34,-0.21111764705882352
NC(=O)Cn1ccnc1-c(cc2)cc(c23)ncnc3NCC(F)(F)c4ccc(N)cc4,-7.178,31,-0.2315483870967742
Cc1ccc(cc1)CNc(n2)c(C(=O)N)c(n23)nc(-c4cccc(Cl)c4)cc3-c5cnc(o5)C,-7.175,34,-0.21102941176470588
CC(=O)c(c1)cccc1-c(c2C)c(=O)n(CC)c(c23)nc(nc3)N[C@H](C)c4cccc(C)c4,-7.175,33,-0.2174242424242424
Cc1cccc(c1)C[C@H](O)Nc(nc2)nc(c23)c(-c(c4)n(C)c(c45)ccc[nH+]5)cc(c3)-c6ccncc6,-7.174,37,-0.1938918918918919
c1cc(F)ccc1-c(cn2)c(n23)nc(-c4cn(C)nc4C)cc3N[C@H](C)c5cccc(C(F)(F)F)c5,-7.172,36,-0.19922222222222222
CCOc1nc(cs1)-c2cnc(-c3c(C)c(C)nn3C)nc2N[C@H](C)c4ccc(C)cc4,-7.17,32,-0.2240625
CCOc(c1)c(OC)cc(c12)ncnc2NC(=O)Cc3ccc(OC)cc3C,-7.167,28,-0.2559642857142857
Cc1cccc(c1)[C@@]2(C)C[C@@H](CO2)Nc(ncn3)c(c34)ccc(c4)-c5ccccc5CO,-7.166,32,-0.2239375
COc1cc(C)ccc1NC(=O)c(nc(n23)c(cn3)-c4cccc(C)c4)cc2N[C@H](N)c5cc(N)cc(C(F)(F)F)c5,-7.165,42,-0.1705952380952381
c1cnccc1-c(cc2C)nc(n2)NCc3cccc(C)c3C,-7.165,23,-0.3115217391304348
n1occc1-c(cn2)c(n23)nc(-c(cc4)ccc4C)nc3Nc5ccc(=O)n(C)c5,-7.165,30,-0.23883333333333334
n1ccccc1-c(cn2)c(n23)nc(-c(cc4)ccc4OC)cc3N[C@H](C)c5ccccc5C,-7.164,33,-0.21709090909090908
CCNc1nc(CCO)[nH+]cc1-c2cccnc2,-7.164,18,-0.39799999999999996
Cc1cccc(c1)[C@H](O)CNc(nc(n2)-c3ccccc3)n(c24)ncc4-c5ccccn5,-7.163,32,-0.22384375
c1ccccc1CNc(n2)c(C(=O)N)c(n23)nc(-c4cccs4)cc3-c5ccccc5Cl,-7.16,32,-0.22375
COc1ccccc1-c(cn2)c(n23)nc(-c4ccc(=O)n(C)c4)cc3N[C@H](C)c5cccc(C(F)(F)F)c5,-7.159,38,-0.18839473684210525
C[NH+](C)Cc(cc1)ccc1-c2cc(-c3cn(c(=O)cc3C)CC(=O)N(C)C)cc(c24)cnc(n4)N[C@H](C)c5cc(C(F)(F)F)ccc5N(C)C,-7.158,50,-0.14316
FC(F)(F)c(c1)c(N)ccc1[C@H](C)Nc(ncn2)c(c23)cc(-c4ccc(C(=O)N)nc4)c(c3)-c5cccc(c5)C(=O)OC(=O)N6CCCCC6,-7.158,50,-0.14316
Cc1ccc(cc1C)CNc(c(c23)nccn3)nc(c2)-c4ccnc(C(F)(F)F)c4,-7.158,30,-0.2386
COc1cccc(c1)CNc2nc(ncc2-c3ncco3)N[C@H](C)c4cc(N)cc(C(F)F)c4,-7.156,34,-0.2104705882352941
Cc1cn(cn1)-c2ncc(-c3ccccn3)c(n2)NC(=O)C[NH+]4CCCC4,-7.154,27,-0.26496296296296296
CCc1cccc(c1)[C@H](CO)Nc(nc(n2)-c3cccc(F)c3)n(c24)ncc4-c5cc(C)cc(C)c5,-7.154,36,-0.19872222222222222
CCn1ccnc1-c2nc(N[C@H](C)c3ccccc3)ncc2-c4cccnc4,-7.153,28,-0.2554642857142857
C1COCCN1C(=O)COc(c(c2)OC)cc(c23)c(nc[nH+]3)N[C@H](C)c4cc(N)cc(C(F)(F)F)c4,-7.153,36,-0.19869444444444442
CCOc(c1)c(OC)cc(c12)ncnc2NC(=O)CCc3ccccc3,-7.149,26,-0.2749615384615385
Cc1cccc(c1)CNc(nc([nH+]2)NCCO)c(c23)nc(cc3)-c4cccc(O)c4,-7.149,30,-0.2383
Cc1nnccc1-c(nc(c23)cccc3)nc2N[C@H](C)COc4ccccc4,-7.148,28,-0.2552857142857143
CCn1cc(c(n1)C)-c(nc(C)c2)c(c23)nc(nc3)N[C@H](C)c4ccc(C)cc4,-7.148,29,-0.24648275862068963
Cc1ccc(C)c(c1)[C@H](C)Nc(nc2)nc(c23)c(nc(c3)C)-c4cc(n(n4)C)C[NH+](C)C,-7.147,32,-0.22334375
Cn1cnc(n1)-c2ncc(-c3ccncc3)c(n2)NCc(cc4)cc(c45)CCNC5=O,-7.147,31,-0.2305483870967742
c1cnccc1-c(c(c2)OC)cc(c23)c(ncn3)NC[C@H](O)c4ccc(C)c(N)c4,-7.147,30,-0.23823333333333335
Cc1cccc(c1)CNC(=O)Nc(nc(c23)ccc(n3)-c4cccs4)nc2N[C@H](C)c5cccc(c5)C(C)C,-7.146,39,-0.18323076923076922
Cc1cccc(c1)[C@H](CO)Nc(nc2)nc(c23)n(-c4cnccn4)c(=O)c(c3C)-c5ccc(F)cc5,-7.146,36,-0.1985
C[NH+](C)[C@@H](C)[C@@H](O)c(cc1)ccc1-c(cn2)c(n23)nc(-c(c4)cccc4C)cc3N[C@H](C)c5cccc(C(F)(F)F)c5,-7.142,42,-0.17004761904761906
c1cccc(c12)C(=O)[C@@H](CC2)Nc(nc3NC)ncc3-c4cccnc4C,-7.141,27,-0.2644814814814815
c1ncccc1-c(cc2C)nc(n2)NC(=O)[C@H](CC3)Oc(c34)cccc4,-7.141,26,-0.27465384615384614
COc1cccc(c1)CNc2nc(NC[NH+]3CCCCC3)ncc2-c4ccc(F)cc4,-7.141,31,-0.2303548387096774
COOC(=O)c1cccc(n1)-c(cc2)cc(c23)ncnc3N[C@H](C)c4ccc(cc4)N5CCOCC5,-7.137,36,-0.19824999999999998
CCn1ccc(c1C)-c(c2)c(-c3cc(C)n(C)c(=O)c3)cc(c24)ncnc4N[C@H](C)c5cccc(C(F)(F)F)c5,-7.137,40,-0.178425
n1cn(C)c(c12)nc(C)nc2NC[C@H](C)[NH+]3CCOCC3,-7.136,21,-0.33980952380952384
O=c1cccc(n1CC)-c(c2)nc(c(c23)nccn3)N[C@H](C)Cc4ccc(F)cc4,-7.136,30,-0.23786666666666667
Cc(c1)cccc1[C@@H](C)c(n2)cc(-c(c3)cccc3C)n(c24)nc(c4C(=O)N)N[C@H](CO)c5ccccc5,-7.136,38,-0.18778947368421053
COc1cccc(c1)-c2cc(nc(n2)C)Nc3ncc(s3)-c4cnccc4C(=O)N,-7.134,30,-0.2378
COc(c1)cccc1-c(c2C)c(=O)n(CC)c(c23)nc(nc3)NC[C@H](C)c4ccccc4,-7.133,32,-0.22290625
COc1cccc(c1)CNc2nc(NCC[NH3+])ncc2-c3ncccc3OC,-7.132,28,-0.2547142857142857
CCc1ccccc1-c(cc(n2)-c3cccc(C)c3)n(c24)nc(c4C(=O)N)NCc5ccccc5,-7.132,35,-0.20377142857142858
COc1ccc(cc1)-c(cc2)nc(c23)c(nc([nH+]3)NC(C)C)N[C@H](C)c4cccc(c4)C[NH3+],-7.132,33,-0.2161212121212121
Cc1ccc(C)c(c1)NC(=O)Nc(ncn2)c(c23)ccc(c3)-c4cncnc4C[NH+](C)C,-7.129,32,-0.22278125
CCn1cc(cn1)-c(cc2)cc(c23)ncnc3N[C@H](C)c4cccc(C)c4,-7.128,27,-0.264
[NH3+]Cc(c1)cccc1C(F)(F)Nc(n2)nc(cc2C)-c3cccc(c3)NC(=O)c4cccn(C)c4=O,-7.127,36,-0.19797222222222222
CC(C)c(cc1)ccc1[C@@H](C)Nc2cc(nc(n23)c(cn3)-c(n(n4)C)cc4C)-c5cccc(c5)CC[NH+]6CCCCC6,-7.125,42,-0.16964285714285715
C1C[NH2+]CCC1c(nn2)ccc2-c(nc(c34)n(C)cn3)nc4NCC[NH+]5CCOCC5,-7.125,31,-0.22983870967741934
Cc1ccccc1-c2nc(N[C@H](C)c3cc(N)cc(C(F)(F)F)c3)ncc2-c4c(C)c(C)nn4C,-7.124,35,-0.20354285714285714
COc1ccccc1-c2nc(NCc3cccc(C)c3)ncc2-c4ccn(n4)CCC(=O)N,-7.123,33,-0.21584848484848485
Cc1ccc(cc1)CNc(c(c23)ncn3C)nc(n2)-c4ccc(F)cc4,-7.122,26,-0.27392307692307694
c1cnccc1Oc(c(c2)OC)cc(c23)c(ncn3)N[C@H](C)[C@H](O)c4cccc(C)c4,-7.121,31,-0.22970967741935486
Cc1cccc(c1)C(=O)Nc2nc(NCC[NH3+])ncc2-c3ccco3,-7.119,25,-0.28476
Cc1ccccc1CNc(nc2NCCO)[nH+]c(c23)ccc(n3)-c4cc(C(=O)N)ccn4,-7.116,32,-0.222375
COc1cccc(c1)-c(cc2)nc(c23)c(=[NH+]\c4ccc(C)cc4C[NH3+])\nc([nH]3)N[C@H](C)c5cccc(c5)[C@H](C)O,-7.114,40,-0.17785
C1OCC1(O)c(c2)cccc2[C@H](C)Nc(n3)c(ncnc4)c4c(c35)ccc(c5)[C@H](N)c6cc(N)cc(C(F)(F)F)c6,-7.113,41,-0.1734878048780488
OCCn1cnnc1-c(cc2)cc(c23)nc(c4c3cncn4)NCC[NH+]5CCCCC5,-7.113,31,-0.22945161290322583
c1cnccc1-c(cc2C)nc(n2)NC(=O)CN(C(=O)CO3)c(c34)cccc4,-7.112,28,-0.254
CC(F)(F)c(c1)cccc1[C@H](C)Nc(ncn2)c(c23)cc(c(c3)-c4ccco4)-c5ccn(c5)C(=O)CN,-7.112,37,-0.1922162162162162
NC(=O)c(c1)cccc1-c(n2)cc(nc2C)Nc3ncc(s3)-c4ccccc4,-7.112,28,-0.254
NC(=O)c1cccc(c1)-c2ncc(-c3ccccc3)c(n2)NCc4cccc(c4)N5CCCCC5,-7.111,35,-0.20317142857142856
Clc1ccccc1CNc2ncc(-c3ncco3)c(n2)NCC[NH+]4CCOCC4,-7.111,29,-0.24520689655172412
C[NH+](C)[C@@H](C)c(nc1)ccc1-c(cn2)c(n23)nc(-c(cc4)ccc4C)cc3N[C@H](C)c5ccc(C)c(N)c5,-7.107,38,-0.18702631578947368
O=C(C1)NC[C@H]1[N@H+](C)Cc2cccc(c2)-c(c3)c(CCc4ccccc4)cc(c35)ncnc5N[C@@H]6CCCN(C6)c7ccc(C(F)(F)F)cc7,-7.106,50,-0.14212
CCn1cc(c(n1)C)-c(nc(C)c2)c(c23)nc(nc3)N[C@H](C)Nc4cc(F)cc(C(F)(F)F)c4,-7.104,34,-0.20894117647058824
COc1cccc(c1)CNc2nc(NCC[NH3+])ncc2-c3ccnn3C,-7.104,26,-0.2732307692307692
c1occc1-c2cnn(c23)c(N[C@@H](C)c(cc4)ccc4C)cc(n3)-c5cc/c([nH]c5)=N\C(=O)[C@H](C)[NH3+],-7.104,36,-0.19733333333333333
Cc1nccc(n1)-c(nc(c23)n(cn3)C)nc2NCC[NH+]4CCOCC4,-7.104,26,-0.2732307692307692
Cc1oncc1-c(c2)nc(c(c23)nccn3)NC[C@H](O)c4ccc(C(F)(F)F)cc4,-7.103,30,-0.23676666666666665
CCNc1nc(NC)[nH+]cc1-c2cccc(c2)OC,-7.103,19,-0.37384210526315786
CN(C)c(c1)nccc1-c(c(c2)OC)cc(c23)c(ncn3)N[C@H](C)c4cccc(O)c4,-7.102,31,-0.2290967741935484
Cc1ccc(c(N)c1)CNc2nc(NCc3ccccc3Cl)ncc2-c4scnc4C,-7.102,31,-0.2290967741935484
Cc1cccc(c1)[C@H](C)Nc(n2)c(ncnc3)c3c(c24)ccc(c4)-c5ccc(C(=O)N)cc5,-7.102,33,-0.21521212121212122
c1ccccc1-c(cc2)nc(c23)c(=[NH+]\CC[NH+](C)C)\nc([nH]3)N[C@H](CO)c4ccccc4,-7.101,32,-0.22190625
Clc1ccccc1CNc(c(c23)nccn3)nc(c2)-c4ccccc4,-7.1,25,-0.284
c1cc(F)ccc1-c(n2)ccc(c23)[nH+]c(NCc(c4)cccc4C)nc3N[C@H](C)c5cccc(c5)[C@H](C)O,-7.099,38,-0.1868157894736842
Cc1ccc(c(C)c1)[C@H](C)Nc(n2)c(nc(nc3)NC4CC4)c3c(c25)ccc(c5)-c6ccc(=O)n(C)c6,-7.098,37,-0.19183783783783784
Cc1noc(C)c1-c2ncc(-c3ccc(cc3)C(=O)[C@H](C)[NH3+])c(n2)NCc4cccc(c4)C(C)C,-7.096,35,-0.20274285714285714
Cc(c1)c(C)ccc1[C@@H](C)Nc2nc(NCC)[nH+]c(c23)ccc(n3)-c4cccc(C(=O)[O-])c4,-7.094,33,-0.21496969696969698
C1COCCN1c(n2)n(C)c(c23)cc(c(c3)-c4cc(F)ccn4)Cc5cc(N)cc(C(F)(F)F)c5,-7.094,35,-0.2026857142857143
COc1cnccc1-c(cc2)cc(c23)ncnc3N[C@H](C)c4ccccc4,-7.093,27,-0.2627037037037037
C[C@@H]1CCC[N@H+]1CCNc(n2)c(C(=O)N)c(n23)nc(-c4ccco4)cc3-c5ccccc5,-7.093,32,-0.22165625
CN(C)c(c(C)c1)ccc1-c(c2C)c(=O)n(CC)c(c23)nc(nc3)NCc4cc(N)cc(C(F)(F)F)c4,-7.092,37,-0.19167567567567567
COc1cccc(c1)-c(cc2)nc(c23)c(nc([nH+]3)NCCO)NCc4cccc(C)c4,-7.092,31,-0.22877419354838707
Cc1cccc(c1)CNc2ncc(-c3cnc(C)n3CCC(=O)N)c(n2)NCc4ccccc4C,-7.092,35,-0.2026285714285714
Cc1ccc(C)c(c1)[C@H](C)Nc(n2)c(ncnc3)c3c(c24)ccc(c4)-c5nccn5CCC(=O)N(C)C(=O)C(C)C,-7.091,41,-0.17295121951219514
Cc1ccccc1CCNc(c(c23)ncn3C)nc(n2)C[C@H](C)c4ccc(N)cc4,-7.09,30,-0.23633333333333334
CCCN(C)c1cccc(c1)-c(cc(n2)C)n(c23)nc(c3C(=O)N)NC(=O)c4cccc(C(F)F)c4,-7.087,36,-0.1968611111111111
COc1cccc(c1)NCC(=O)Nc2ncc(-c3cccnc3)c(n2)NCc4cccc(C)c4,-7.086,34,-0.20841176470588235
OC[C@@H]([NH3+])c(cc1)ccc1-c(nc2NC)ncc2-c3nccs3,-7.085,23,-0.3080434782608696
COc(c1)c(N)cc(c12)c(ncn2)NCc3ccc(C)cc3,-7.085,22,-0.3220454545454545
C1OCC[C@H]1n(c2)c(COC)cc2-c3cc(-c4ccnn4CCOC)cc(c35)cnc(n5)NCc6cc(C)cc(C)c6,-7.082,42,-0.1686190476190476
Fc(o1)ccc1-c(cc2C)nc(n2)NCCCC(=O)N3CCCC3,-7.082,24,-0.2950833333333333
CCn1nccc1-c(c2)c(cc(c23)c(c(cn3)C#N)NC(=O)C)N[C@H](C)c4cc(N)cc(c4)C(F)(F)CO,-7.075,38,-0.18618421052631579
c1ncccc1-c2nc(ncc2CC)NCc3cccc(F)c3,-7.074,23,-0.3075652173913043
FC(F)(F)c(c1)cccc1[C@H](C)Nc(cc(n2)-c3nccs3)n(c24)ncc4-c5ccc(cc5)[C@H](O)CO,-7.071,37,-0.1911081081081081
n1cn(C)c(c12)nc(-c3ccco3)nc2NCc(cc4)cc(c45)OCCO5,-7.071,27,-0.2618888888888889
COc1ccccc1-c(cn2)c(n23)nc(-c4ccccc4F)nc3NCCc5ccccc5,-7.07,33,-0.21424242424242426
Cc1ccccc1-c(c2C)c(=O)n(CC(=O)N(C)C)c(c23)nc(nc3)N[C@H](C)c4ccccc4C,-7.07,35,-0.202
Cc1ccc(cc1)[C@H](C)c2cnc(-c3cccnc3)nc2N[C@@H]4CC[C@H]([NH3+])C4,-7.069,28,-0.2524642857142857
Cn(c1)c(=O)ccc1-c(c2)cc(-c(cnn3)cc3N(C)C)c(c24)nc(nc4)NCc5cccc(c5)C(F)(F)CO,-7.068,40,-0.1767
C1CCC[NH+]1CC(=O)Nc2nc(-c3ccsc3)ncc2-c4ccccn4,-7.067,26,-0.2718076923076923
CNc1nc(NCC(=O)N)[nH+]cc1-c2cccc(Cl)c2,-7.067,20,-0.35335
Cn(c1)ncc1-n2c(=O)c(-c3ccncc3)c(C)c(c24)cnc(n4)Nc5cccc(c5)N(C)C,-7.067,34,-0.2078529411764706
Cc(c1)cccc1CCC(=O)c(c(c2)-c(cc3)ccc3C)cc(c24)oc(n4)N5CCOCC5,-7.066,33,-0.21412121212121213
FC(F)(F)c(cc1)ccc1[C@@H](C)Nc2nc(NCCC)[nH+]c(c23)ccc(n3)-c4ccc(F)cc4,-7.066,34,-0.2078235294117647
CC(=O)Oc(cc1)ccc1-c(c(c2)OC)cc(c23)c(ncn3)Nc4cccc(c4)C(=O)N,-7.066,32,-0.2208125
n1cn(C)c(c12)nc(-c(ccn3)cc3C)nc2NCC(=O)N(CC4)Nc(c45)c(C)ccc5,-7.064,32,-0.22075
Cc1ccccc1[C@H](O)CNc(nc([nH+]2)NCCO)c(c23)nc(cc3)-c4ccc(F)cc4,-7.064,32,-0.22075
n1cn(C)c(c12)nc(-c(ccn3)cc3C)nc2N[C@H](C)c4ccccc4Cl,-7.063,27,-0.2615925925925926
COC(=O)c1cccc(c1)-c(c2)c(-c3cc(F)no3)cc(c24)ncnc4NCc5cccc(C)c5,-7.063,35,-0.20179999999999998
N#CC(=O)c(n1C)ccc1-c(cn2)c(n23)nc(-c(cc4)ccc4OC)cc3N[C@H](C)c5cccc(C)c5,-7.062,37,-0.19086486486486487
FC(F)(F)c(c1)cc(N)cc1[C@@H](C)Nc([nH+]c2NCOC)ncc2-c3cccc(c3)C(=O)NC(=O)[C@H]([O-])C(F)(F)F,-7.06,41,-0.1721951219512195
C[NH2+]CCNc1ncc(-c2ccccc2)c(n1)NCc3cccc(c3)OC,-7.06,27,-0.2614814814814815
NC(=O)Cn(c1)ccc1-c(nc2NCC)ncc2-c3cccc(C(F)(F)F)c3,-7.059,28,-0.25210714285714286
CC(=O)Nc1ccc(c(O)c1)-c(cc(n2)C)n(c23)nc(c3C(=O)N)NC(=O)c4cccc(C(F)F)c4,-7.059,36,-0.19608333333333333
CCn1c(C)cnc1-c(cc2)cc(c23)nc(c4c3cncn4)N[C@H](C)CCc5cccc(F)c5,-7.059,34,-0.20761764705882355
CNc(n1)c(C(=O)N)c(n12)nc(C)cc2C(=O)Cc3cccc(C)c3,-7.059,25,-0.28236
c1ccccc1CCNc(n2)c(C(=O)N)c(n23)nc(-c4cccnc4)cc3-c5ccncc5,-7.058,33,-0.21387878787878786
Cc1ccccc1-c(cc2)cc(c23)nc(N[C@H](C)c4ccc(N)cc4)c5c3cnc(n5)NC6CC6,-7.058,35,-0.20165714285714284
c1ccccc1[C@H](O)CNc(c(c23)cccc3)nc(n2)-c4cccc(F)c4,-7.058,27,-0.2614074074074074
CN(C)C(=O)c1ccc(cc1)Nc(nc(n2)-c3ccc(N)cc3)n(c24)ncc4-c5ccc(F)cc5,-7.057,35,-0.20162857142857143
Cc1ccc(C)c(c1)-c(cc(n2)C)n(c23)nc(c3C(=O)N)N[C@H](C)c4ccccc4,-7.052,30,-0.23506666666666665
Cc1ccc(nn1)-c(c2)c(-c3cccnc3)cc(c24)c(ncn4)N[C@@H]([C@H](C)O)c5ccccc5,-7.052,34,-0.20741176470588235
Cc1ccc(cc1)[C@H](C)Nc(nc2)nc(c23)c(-c4nccn4CC(=O)N)cc(c3)-c5cccc(c5)NC(=O)C(F)(F)F,-7.051,42,-0.16788095238095238
c1cccn1[C@H](C)c2cncc(c2)-c(cc3-c4ccccc4)nc(n35)c(C(=O)N)c(n5)Nc6ccn(c6)CC(=O)N(C)C,-7.051,43,-0.16397674418604652
c1cnccc1-c2cc(-c(cc3)ccc3OC)nc(n24)c(C(=O)N)c(n4)N[C@H](C)c5ccc(C)cc5,-7.05,36,-0.19583333333333333
COc1cccc(c1)CNc2nc(ncc2-c3cnccn3)NC[C@H](C)c4cccc(C)c4,-7.05,33,-0.21363636363636362
c1ncccc1-c(cc2C)nc(n2)NCCC[NH+]3CCOCC3,-7.049,23,-0.30647826086956526
CCCn1ccnc1-c(cc2)cc(c23)ncnc3NCc4cccc(c4)OC,-7.049,28,-0.25175000000000003
Fc(c1)cccc1[C@H](CC)Nc2ncc(-c3nc(C)no3)c(n2)-c4ccncc4,-7.048,29,-0.2430344827586207
c1ncccc1-c(c2)c(cc(c23)c(c(C#N)cn3)NC(=O)C)NCc4ccc(C)c(C)c4,-7.048,32,-0.22025
NC(=O)Cn(n1)ccc1-c(c(c2)OC)cc(c23)c(nc[nH+]3)N[C@H](C)c4ccccc4,-7.048,30,-0.23493333333333333
COc(c1)c(OC)cc(c12)c(ncn2)NCC[NH+]3CCCC3,-7.047,22,-0.3203181818181818
CN(C)C(=O)c(c1)cccc1-c(c(c2)-c(cn3)ncc3C)nc(c24)nc(nc4)N[C@H](C)c5ccc(C(F)(F)F)c(N)c5,-7.047,42,-0.1677857142857143
CCn1cc(cn1)-c2cc(C)nc(n2)NCc3ccc(C(F)(F)F)cc3,-7.046,26,-0.271
Cc1ccc(cc1)CCNc(c(c23)cccc3)nc(n2)-c4ccncc4,-7.046,26,-0.271
COc1cccc(c1)CNc2nc(NC(=O)C)ncc2-c3cccnc3,-7.045,26,-0.2709615384615385
Cc1cccc(c1)CNc(ncn2)c(c23)cc(c(c3)-c4cn(C)cn4)-c5ccn(c5)CC(=O)[C@H]([O-])C(=O)N(C)C,-7.044,40,-0.17609999999999998
Cc(c1)c(C)ccc1-c(c2C)c(=O)n(CC)c(c23)nc(nc3)N[C@H](C)c4cccc(C#N)c4,-7.044,33,-0.21345454545454545
CC(C)OCc1cccc(c1)CNc(c(c23)nccn3)nc(c2)-c4cnn(C)c4,-7.044,29,-0.2428965517241379
CCn1cc(c(n1)C)-c(nc(C)c2)c(c23)nc(nc3)NCc4cc(C)cc(C)c4,-7.041,29,-0.24279310344827587
CN(C)C(=O)c(c1)cncc1-c(cc2)nc(c23)c(=[NH+]\c(cc4)ccc4C)\nc([nH]3)N[C@H](C)c5cccc(C(F)(F)F)c5,-7.04,42,-0.1676190476190476
c1ccccc1-c(nc(C)c2)c(c23)nc(nc3)NCc4ccc(C)c(C)c4,-7.039,27,-0.2607037037037037
c1ccccc1CNC(=O)c(nc2NCCO)nc(n23)c(cn3)-c4cccc(Cl)c4,-7.039,30,-0.23463333333333333
Cc1cccnc1-c(cn2)c(n23)nc(-c4ccccc4)cc3NC[C@H](O)c5cc(F)cc(C(F)(F)F)c5,-7.038,37,-0.19021621621621623
c1cc(=O)cccc1-c2cc(-c(cc(n3)C(=O)N)cc3NC(=O)C)cc(c24)cnc(n4)N[C@H](C)c5ccc(C)cc5,-7.037,41,-0.1716341463414634
CN(C)c(c1)nccc1-c(c(c2)OC)cc(c23)c(ncn3)N[C@H](C)c4ccc(C(F)(F)C)cc4,-7.036,34,-0.2069411764705882
s1cccc1-c(cn2)c(n23)nc(-c(cc4)ccc4C)nc3NCCc5ccccc5,-7.036,30,-0.23453333333333332
Cc1cccc(c1)[C@H](C)Nc(ncn2)c(c23)cc(-c4ccccc4)c(c3)-c5ccc(o5)CO,-7.036,33,-0.2132121212121212
c1ncccc1-c(c2C)c(=O)n(CCC)c(c23)nc(nc3)N[C@H](C)c4ccccc4,-7.036,30,-0.23453333333333332
Cn1c(C)ccc1-c(cc2C)nc(n2)NCc3ccc(C(F)(F)F)cc3,-7.036,26,-0.2706153846153846
Cc1ccc(cc1)CNc2nc(NCC[NH3+])ncc2-c3ccccn3,-7.035,25,-0.2814
FC(F)(F)c(c1)cc(N)cc1[C@@H](C)Nc2nc(N[C@@H](C)c(c3)cccc3C)[nH+]c(c24)ccc(n4)-c5cncc(c5)C[NH+](C)C,-7.034,44,-0.15986363636363635
Cc1cccc(c1)C[C@H](C)Nc(ncn2)c(c23)cc(c(c3)CC[NH3+])-c4ccc(nc4)CN5CCCCC5=O,-7.034,38,-0.18510526315789474
Cc1cccc(c1)-c(c2)c(-c3ncccn3)nc(c24)nc(nc4)N[C@H](C)c5cccc(c5)N(C)C,-7.032,35,-0.2009142857142857
Cc1ccc(cc1)[C@H](C)Nc(cc(n2)-c3ccc(o3)C)n(c24)ncc4-c5ccoc5,-7.031,30,-0.23436666666666667
Cc1onc(C)c1-c(cc2)nc(c23)c(NCc(c4)cccc4C)nc([nH+]3)NCC(=O)Nc5cccc(C(F)(F)F)c5,-7.031,41,-0.17148780487804877
n1cccnc1-c(c(c2)OC)cc(c23)c(ncn3)Nc4cccc(F)c4,-7.031,26,-0.27042307692307693
Cc1cc(C)cc(c1)CNc(nc2)nc(c23)c(cc(c3)-c4cc([C@H](C)[NH+](C)C)nnc4C)-c5ccc(=O)n(c5)CC(=O)NC(C)C,-7.03,46,-0.15282608695652175
FC(F)(F)c1ccc(cc1)-c(nc(c23)cccc3)nc2NCc4ccccc4,-7.029,28,-0.2510357142857143
c1ncccc1CNc(n2)c(C(=O)N)c(n23)nc(cc3-c4ccco4)-c5ccc(F)cc5,-7.029,32,-0.21965625
O=c(c1)n(C)c(C)cc1-c(nc(C)c2)c(c23)nc(nc3)N[C@H](C)c4cc(N)cc(C(F)(F)F)c4,-7.028,34,-0.20670588235294116
Fc(c1)c(F)ccc1-c(n2)ccc(c23)[nH+]c(NCC(=O)c(cc4)ccc4OC)nc3N[C@H](C)c5cccc(c5)C[NH3+],-7.027,41,-0.17139024390243904
COc(c1)c(OC(=O)C)cc(c12)c(ncn2)NCCOc3ccc(F)cc3,-7.026,27,-0.2602222222222222
Cc1cc(O)cc(c1)CNc(nc(n2)-c3ccco3)n(c24)ncc4-c5ccccc5,-7.025,30,-0.2341666666666667
Cc1cccc(c1)-c(nc(c23)n(cn3)C)nc2NCC(=O)NCc4ccccc4,-7.025,29,-0.24224137931034484
Cc1ccccc1CNc2nc(NCC(=O)N)ncc2-c3cccc(C(F)(F)F)c3,-7.025,30,-0.2341666666666667
Cc1cccc(c1)[C@@]2(C)C[C@@H](CO2)Nc(ncn3)c(c34)ccc(c4)-c5cn(C)c(C)[nH+]5,-7.024,31,-0.2265806451612903
Cc1cccc(c1)CNc2nc(-c3ccccc3Cl)ncc2-c4ccccc4O,-7.024,29,-0.24220689655172414
Cc1ccc(cc1)[C@H](C)Nc2nc(C)cc(n2)-c3ccc(F)o3,-7.023,23,-0.3053478260869565
COC(=O)c1ccc(cc1)-c(c2)nc(c(c23)nccn3)NCCOc4ccc(C)cc4,-7.023,31,-0.2265483870967742
Cc1cccc(c1)[C@H](O)CNc(c(c23)cccc3)nc(n2)-c4cccnc4,-7.022,27,-0.26007407407407407
O=c(c1)n(C)ccc1-c(c(c2)OC)cc(c23)c(ncn3)NCC(=O)Nc4cccc(C(F)(F)F)c4,-7.021,35,-0.2006
CN(C)C(=O)c1ccc(cc1)-c(cc(c2)-c3cn(C)cn3)c(c24)nc(nc4)NCc5cccc(c5)C(F)(F)CO,-7.021,40,-0.175525
c1cc(C)ccc1[C@H](CC)Nc(c(c23)ncn3C)nc(n2)-c4cccnc4,-7.021,27,-0.260037037037037
c1ncccc1-c(cn2)c(n23)nc(-c(cc4)ccc4O)nc3NCC[NH+]5CCCCC5,-7.02,31,-0.2264516129032258
CC(=O)NC(=O)c1cc(ccn1)Nc2ncc(-c3ccccc3O)c(n2)NCc4ccccc4,-7.017,34,-0.2063823529411765
Cn1c(=O)ccc(c1C)-c(c2)c(-c3ccco3)cc(c24)ncnc4N[C@H](C)c5cccc(c5)C(F)(F)C,-7.016,37,-0.18962162162162163
NC(=O)C(=O)c(c1)cccc1-c(nc(c23)n(C)cn2)nc3NCC[NH+]4CCOCC4,-7.016,30,-0.23386666666666667
Cn1c[nH+]cc1-c(nc(c23)cccc3)nc2NC(=O)Cc4cccc(O)c4,-7.015,27,-0.2598148148148148
Cc1cnc(nc1)-c(c2C)c(=O)n(-c3cccs3)c(c24)nc(nc4)N[C@H](C)c5ccccc5,-7.015,33,-0.21257575757575756
Oc(c1)cccc1-c2cc(C)nc(n23)c(C(=O)N)c(n3)NC4CCCC4,-7.013,26,-0.2697307692307692
COc1ccc(cc1)-c(nc(c23)n(cn3)C)nc2N[C@@H]4CC[N@H+](C4)Cc5ccccc5C,-7.013,32,-0.21915625
COc1cccc(c1)-c(cc2)cc(c23)nc(N[C@H](C)c4ccc(N)cc4)c5c3cnc(n5)NC6CC6,-7.011,36,-0.19475
NC(=O)c(cc1)ccc1Oc(c(c2)OC)cc(c23)c(ncn3)N[C@H](C)[C@H](O)c4cccc(C)c4,-7.011,34,-0.20620588235294118
Cc1ccccc1CNc(n/c2=[NH+]\c3cccs3)[nH]c(c24)ccc(n4)-c5cccc(c5)NC(C)C,-7.009,35,-0.20025714285714286
CCc1ccccc1-c(c2)nc(c(c23)nccn3)N[C@H](C)[NH2+]C(C)C,-7.007,25,-0.28028
Cc1cccc(c1)CNc(nc2NCC(=O)N)[nH+]c(c23)ccc(n3)-c4cccc(C)c4,-7.005,31,-0.22596774193548386
C[C@H](O)c(cc1)ccc1-c(cc2)nc(c23)c(NCc(c4)cccc4C)nc([nH+]3)NC[C@H](O)c5ccccc5,-7.001,38,-0.18423684210526317
COc1cnccc1-c(cc2)cc(c23)ncnc3NC[C@H](O)c4ccc(C)cc4,-7.001,29,-0.2414137931034483
c1ccccc1[C@@H](C)Nc([nH+]2)nc(NCc(c3)cccc3C)c(c24)nc(cc4)-c5cncn5[C@H](C)C(=O)N,-7.0,38,-0.18421052631578946
CN(C)C(=O)Cn(c1)ncc1-c(c(c2)OC)cc(c23)c(nc[nH+]3)N[C@H](C)c4cc(N)cc(C(F)(F)F)c4,-6.998,37,-0.18913513513513514
CN(C)c(c1)cccc1[C@@H](C)c(cc2-c3cccc(F)c3)cc(c24)cnc(n4)NCc5cccc(c5)C(F)(F)CO,-6.995,41,-0.170609756097561
Cc1ccccc1C(=O)CNc(nc2NCCCO)[nH+]c(c23)ccc(n3)-c4ccc(F)cc4,-6.995,33,-0.21196969696969697
Cc1ccccc1CCNc(c(c23)ncn3C)nc(n2)[C@H](C)c4cc(N)cc(c4)C(F)(F)N,-6.993,33,-0.2119090909090909
Cc1ccc(cc1C)CNc(c(c23)nccn3)nc(c2)-c4ccc(N(C)C)cc4,-6.992,29,-0.24110344827586208
COc(c1)c(OC)cc(c12)c(ncn2)NC(=O)CCc3ccccc3,-6.992,25,-0.27968
Cc1ccc(N)c(c1)CNc(nc2)nc(c23)c(-c4cccnc4)cc(c3)-c5cncc(c5)C(=O)N,-6.991,35,-0.19974285714285714
c1cc(F)ccc1-c(cc2)nc(c23)c(NCC)nc(n3)NC(=O)NCc4ccccc4C,-6.991,32,-0.21846875
FC(F)(F)c(c1)cccc1[C@@H](CO)Nc(nc2)nc(c23)c(-c(cn4)cn4CC)cc(c3)[C@]5(C)CN(C(=O)C[NH3+])CCN5[C@H](C)C(=O)N(C)C,-6.99,49,-0.1426530612244898
COc1cc(ccn1)-c(c2)c(S(=O)(=O)C(C)(C)C)cc(c23)c(ncn3)N[C@H](C)c4ccc(C(F)(F)F)cc4,-6.988,38,-0.18389473684210528
CCn1c(C)cnc1-c(cc2)cc(c23)nc(c4c3cncn4)N[C@H](C)c5ccc(C)cc5,-6.987,32,-0.21834375
Cc1cccc(c1)CNc(nc(n2)-c3ccoc3)n(c24)ncc4-c5ccccc5,-6.987,29,-0.24093103448275863
c1cc(F)ccc1-c(nc(c23)n(C)cn2)nc3NCc4cccc(N)c4,-6.987,26,-0.2687307692307692
Cc1cccc(c1)[C@H](C)Nc(nc2)nc(c23)c(nc(c3)C)-c4c[nH+]ccc4N,-6.987,28,-0.24953571428571428
CCn1cc(cn1)-c(cc2)cc(c23)ncnc3NC(=O)CN4CCOCC4,-6.986,27,-0.2587407407407407
Cc1[nH+]cc(n1C)-c(cn2)c(n23)nc(-c4c[nH+]cn4C)cc3NCc5ccc(Cl)cc5F,-6.985,32,-0.21828125
Cc1cccc(c1)-c(cn2)c(n23)nc(-c4cccnc4)nc3N[C@H](C)c5ccccc5C,-6.985,32,-0.21828125
Cc1ccc(cc1C)CNc(c(c23)nccn3)nc(c2)-c4cccc(c4)C(=O)N5CCOCC5,-6.985,34,-0.20544117647058824
Cc1cccc(c1)[C@H](C)Nc(nc2)nc(c23)n(C)c(=O)c(c3C)-c4ccccc(=O)c4,-6.985,31,-0.2253225806451613
NC(=O)Cc1ccncc1CNc(c(c23)cccc3)nc(n2)-c4cccc(C(=O)[O-])c4,-6.982,31,-0.22522580645161291
Cc1cccc(c1)[C@@]2(C)C[C@@H](CO2)Nc(ncn3)c(c34)ccc(c4)-c5cc(Cl)ccc5F,-6.981,32,-0.21815625
Cc1ccc(cc1N)[C@H](C)Nc(ncn2)c(c23)ccc(c3)-c4ccn(n4)CC[NH3+],-6.98,29,-0.2406896551724138
n1ncccc1-c(nc(c23)n(C)cn2)nc3NC[C@H](O)[NH2+]CC4CCCC4,-6.979,27,-0.2584814814814815
c1cc(Cl)ccc1-c(cn2)c(n23)nc(-c(cc4)ccc4O)nc3NCC[NH+]5CCCCC5,-6.978,32,-0.2180625
FC(F)(F)c(c1)cc(N)cc1[C@H](C)Nc(n2)c(ncnc3)c3c(c24)ccc(c4)-c5ccccc5C(F)(F)F,-6.978,38,-0.18363157894736842
C[C@H](O)c1cccc(c1)C(C)(C)Nc(nc2)nc(c23)nc(c(c3)-c4ccc(F)cc4)-c5cccc(c5)NC(=O)N,-6.978,40,-0.17445
Cc1onc(C)c1-c(nc(n23)c(cn2)C(=O)C)nc3NCc4ccc(C)cc4,-6.977,28,-0.24917857142857144
Cn(c1)ncc1-c2cc(-c(cc3=O)ccn3CC)cc(c24)cnc(n4)N[C@H](C)c5cc(N)cc(C(F)(F)F)c5,-6.977,39,-0.1788974358974359
Cc1nn(C)cc1-c(c(c2)OC)cc(c23)c(ncn3)NC[C@H](F)c4cc(N)cc(C(F)(F)F)c4,-6.977,34,-0.20520588235294118
n1ccncc1-c(cc2)nc(c23)c(Nc(n4)c(Cl)cn4CC)nc(n3)N[C@H](C)c5cccc(C(F)(F)F)c5,-6.976,38,-0.18357894736842106
COc1cc(ccn1)-c(cn2)c(n23)nc(-c4cnco4)nc3N[C@H](C)c5cccc(C)c5,-6.976,32,-0.218
c1cc(F)ccc1[C@@H](C)Nc(nc2)nc(c23)c(-c4ccnn4CC)cc(c3)-c5cccnc5C(=O)Nc6cccnc6,-6.975,42,-0.16607142857142856
Fc(c1)cccc1-c(cn2)c(n23)nc(-c(c4)cccc4OC)nc3NC(C)(C)c5cccc(O)c5C,-6.972,36,-0.19366666666666668
C1COCCN1C(=O)COc(c(c2)OC)cc(c23)c(nc[nH+]3)N[C@H](C)c4cccc(C(F)(F)F)c4,-6.968,35,-0.19908571428571428
Cc1cccc(c1)C[C@H](O)Nc(nc2)nc(c23)c(-c4oc(C)nc4C)cc(c3)-c5ccncc5,-6.968,34,-0.20494117647058824
NC(=O)c(c1)cccc1-c(cc2)nc(c23)c(NC(=O)C)nc(n3)N[C@H](C)c4cccc(C(F)(F)F)c4,-6.968,36,-0.19355555555555556
FC(F)c(cc1)ccc1[C@@H](C)c(nc2NCCO)nc(n23)c(cn3)Cc4cccc(F)c4,-6.965,32,-0.21765625
COc1cccc(c1)-c(n2)c(-c3ccnc(c3)C(=O)N(C)C)cc(c24)cnc(n4)NC(=O)[C@H](N)c5cccc(C)c5,-6.963,41,-0.16982926829268294
COc1cccc(c1)[C@H](C)Nc(nc2)nc(c23)n(C)c(=O)c(c3C)-c4nccs4,-6.963,29,-0.24010344827586208
Cn1ccc(n1)-c(cc2)cc(c23)nc(c4c3cncn4)NC[C@H](O)c5ccccc5,-6.962,30,-0.23206666666666667
Cc1cc(N)cc(c1)[C@H](C)Nc(nc2)nc(c23)c(nc(c3)C)-c4ccncc4,-6.962,28,-0.24864285714285714
Clc1ccccc1CNc(n2)c(C(=O)N)c(n23)nc(-c4cccc(N)c4)cc3-c5ccc(F)cc5,-6.962,35,-0.1989142857142857
OCC(=O)c1ccccc1-c(o2)c(-c3ccccc3)c(c24)c(ncn4)N[C@H](CO)c5cccc(C(F)(F)F)c5,-6.96,39,-0.17846153846153845
Cc1ccccc1N2CC[C@@H](C2)c(cc3-c4nccnn4)cc(c35)ncnc5NC(F)(F)c6ccc(C(F)F)c(N)c6,-6.959,42,-0.1656904761904762
Cc1cccc(c1)-c(c2C)c(=O)n(-c3ccccc3)c(c24)nc(nc4)N[C@H](C)c5ccccc5,-6.958,34,-0.2046470588235294
s1ccnc1-c(n2)cc(NCC[NH3+])n(c23)ncc3-c4cccc(C(F)(F)F)c4,-6.958,28,-0.2485
Cc1ccc(nc1)-c2cnc(-c3c(C)noc3C)nc2NC[C@H]([NH3+])c4cccc(C(F)(F)F)c4,-6.957,34,-0.20461764705882352
o1cccc1-c(n2)ccc(c23)nc(NC(=O)C)nc3NCc4cccc(C)c4,-6.957,28,-0.24846428571428572
O=C([O-])Cc(c1)cccc1-n2c(=O)c(-c3ccncc3)c(C)c(c24)cnc(n4)NC(=O)[C@H](CCN5C)c(c56)cccc6,-6.956,42,-0.16561904761904764
NC(=O)c(c1)cncc1-c(c2)cc(-c(c3)cccc3C)c(c24)nc(nc4)N[C@H](C)c5cc(C)ccc5C,-6.951,37,-0.18786486486486487
C1CC[NH2+]Cc(c12)n(CC)nc2-c3cnc(-c4cccnc4)nc3NCc5cccc(c5)N6CCCCC6,-6.95,38,-0.18289473684210528
Cc1ccc(cc1)NC(=O)Nc(c(c23)ncn3C)nc(n2)-c4ccccc4,-6.948,27,-0.25733333333333336
O=c1ccc(co1)-c(cc2)cc(c23)nc(c4c3cncn4)NCc5ccccc5,-6.947,29,-0.23955172413793105
Cc1nnc(C)cc1-c(cn2)c(n23)nc(-c(cc4)ccc4C)cc3N[C@H](C)Cc5ccc(N)cc5,-6.947,35,-0.1984857142857143
c1cc(F)ccc1-c2cnn(c23)c(NC[C@@H](O)c(cc4)ccc4C)cc(n3)-c5nccnc5C(=O)N,-6.946,36,-0.19294444444444445
OCc1ccc(cc1)CNc2ncc(c(n2)-c3cccs3)CC[NH+]4CCCCC4,-6.946,29,-0.23951724137931032
Cn(c1)c(=O)ccc1-c2cc(-c(nc3C)cn3C)cc(c24)cnc(n4)N[C@H](CO)c5cccc(C(F)(F)F)c5,-6.946,39,-0.1781025641025641
[NH3+]Cc1cccc(c1)-c2cnc(NCc3ccccc3Cl)nc2NCCc4ccccc4,-6.944,32,-0.217
Cc1ccccc1CNc2nc(N[C@H](C)c3ccc(C[NH3+])cc3)ncc2-c4cncc(F)c4,-6.944,33,-0.21042424242424243
Cc1ccccc1[C@H](C)Nc(nc2NCCCO)[nH+]c(c23)ccc(n3)-c4ccc(=O)n(c(=O)c4)CC(C)C,-6.944,38,-0.18273684210526317
Cc1cccc(c1)C[C@H](O)Nc(nc2)nc(c23)c(-c4ccccc4)cc(c3)-c5oc(C)nc5C,-6.942,34,-0.2041764705882353
FC(F)(F)Cn1cc(nc1C)-c(c2)c(-c3ccccc3)cc(c24)c(ncn4)N[C@@H]([C@H](C)O)c5ccccc5,-6.941,38,-0.1826578947368421
C=[NH+][C@@H]1CC[C@@H](C1)c2cncc(n2)-c(nc(n3)C)c(c34)scc4,-6.941,23,-0.30178260869565215
Cc1ccncc1-c(cn2)c(n23)nc(-c4cccc(C)c4C)cc3N[C@H](C)c5cccc(C(F)(F)F)c5,-6.94,37,-0.18756756756756757
c1cc(C)ccc1CNc2nc(-c3ccccc3OC)nc(n24)c(cn4)-c5nccnc5OC,-6.94,34,-0.20411764705882354
n1cccnc1-c(c(c2)OC)cc(c23)c(ncn3)Nc4ccnc(c4)C(=O)N,-6.94,28,-0.24785714285714286
FC(F)(F)c(c1)cc(N)cc1[C@H](C)Nc(nc(n2)-c3ccccc3)n(c24)ncc4-c5ccccn5,-6.939,35,-0.19825714285714285
Clc1cnccc1-c2nc(ncc2-c(on3)cc3C)N[C@H](C)c4cccc(c4)N5CCCC5=O,-6.938,34,-0.20405882352941176
OCCNc(n1)c(C(=O)N)c(n12)nc(C)cc2-c3cccc(O)c3,-6.938,24,-0.2890833333333333
Cc1cc(C)c(C)c(c1)N[C@H](C)Nc(nc(n2)-c3cccc(c3)C(=O)N)n(c24)ncc4-c5cccnc5,-6.936,37,-0.18745945945945947
O=C([O-])Cn(c1)c(=O)ccc1-c(c2)cc(-c(cc3)ccc3C)c(c24)nc(nc4)N[C@H](C)c5cccc(C)c5,-6.935,38,-0.1825
NC(=O)CCn(c1)ncc1-c(c2)cc(-c3c(OC)cccc3OC)c(c24)nc(nc4)N[C@H](CO)c5ccc(C)c(C)c5,-6.935,42,-0.1651190476190476
Cc1cccc(c1)-c2ncc(-c3cccc(N)c3)c(n2)NCc4cccc(c4)N5CCCCC5,-6.934,34,-0.20394117647058824
Cc1ccc(cc1)[C@H](O)CNc(nc([nH+]2)NCCO)c(c23)nc(cc3)-c4nccn4C,-6.934,31,-0.2236774193548387
COc1cccc(c1)-c(cc2)nc(c23)c(=[NH+]\c4ccc([C@H](C)O)cc4)\nc([nH]3)NCc5ccccc5,-6.933,36,-0.19258333333333333
COc1ccc(cc1)-c(cn2)c(n23)nc(-c4ccccc4)cc3N[C@H](C)c5cccc(c5)C(F)(F)N,-6.933,36,-0.19258333333333333
c1cc(C)ccc1[C@@H](C)Nc2nc(NC)[nH+]c(c23)ccc(n3)-c4cn(C)c(n4)OC,-6.933,30,-0.2311
Cn(c1)ncc1-c2cc(-c(n3CC)ccnc3=O)cc(c24)cnc(n4)N[C@H](C)c5cc(C)cc(N)c5,-6.931,36,-0.19252777777777777
Cc1ccccc1CNc2nc(NCC[NH3+])ncc2-c3nccnc3C,-6.931,26,-0.2665769230769231
COc1ccc(cc1)-c(cc2)cc(c23)ncnc3N[C@@H]4CC[N@@H+](C4)Cc5ccccc5,-6.931,31,-0.22358064516129034
COc1cccc(c1)-c(cc2)nc(c23)c(NCC(=O)C)nc(n3)Nc4cc(N)cc(O)c4,-6.931,32,-0.21659375
CCn1ccc(cc1=O)-c(c2)nc(c(c23)nccn3)N[C@H](C)Cc4ccc(F)cc4,-6.931,30,-0.23103333333333334
CC(C)Cn1cc(cn1)-c(cn2)c(n23)nc(-c4ccc(F)cc4)cc3N[C@H](C)c5cccc(C(F)(F)F)c5,-6.93,38,-0.18236842105263157
Cc1cccc(c1)CNc(nc(n2)-c3ccco3)n(c24)ncc4-c5cccs5,-6.929,28,-0.24746428571428572
Cn(c1)ncc1-c(n2)ccc(c23)[nH+]c(NCC)nc3NCc4ccc(C)cc4,-6.929,28,-0.24746428571428572
COc(c1)c(O)ccc1-c(c[nH+]c2NC)c(n2)N[C@H](C)c3cc(C)cc(C)c3,-6.928,28,-0.24742857142857141
Cc1nc(C)c(o1)-c(c2)nc(c(c23)nccn3)NC[C@H](O)c4ccc(C(F)(F)F)cc4,-6.927,31,-0.2234516129032258
c1ccccc1-c(nc(c23)n(C)cn2)nc3NCC[NH+]4CCOCC4,-6.926,25,-0.27704
c1ccccc1[C@H](C)Nc2ncc(c(n2)-c3ccon3)-c4cccc(c4)CO,-6.926,28,-0.24735714285714286
COc1ccccc1-c2nc(NCc3cccc(C(F)(F)F)c3)ncc2-c4cccc(n4)CC[NH+](C)C,-6.926,37,-0.1871891891891892
Cc1cccc(c1)-c(cn2)c(n23)nc(cc3NCC(=O)N)[C@H](C)c4ccccc4,-6.925,29,-0.23879310344827587
Cc1ccc(cc1)[C@H](O)CNc(nc(n2)-c(c[nH+]3)n(c34)[C@@H](CC4)C[NH+](C)C)n(c25)ncc5-c6cccnc6,-6.923,38,-0.18218421052631578
COc1cccc(C)c1NC(=O)c(nc(C)c2)c(c23)nc(nc3)N[C@H](C)c4cc(C)cc(C)c4,-6.923,34,-0.20361764705882354
Cc1cccc(c1)CNC(=O)CNc2ncc(-c3cccnc3)c(n2)-c4cncnc4,-6.922,31,-0.22329032258064516
c1ccccc1-c2cnn(c23)c(NCc(c4)cccc4C)nc(n3)-c5cccc(c5)NC(=O)c6cc(C)n(n6)C,-6.922,40,-0.17304999999999998
Cc1ccc(cc1)[C@H](C)Nc(n(c23)ncc3C)nc(n2)-c4ccc(F)o4,-6.921,26,-0.26619230769230773
c1cccc(c12)cccc2Nc(c(c34)cccc4)nc(n3)-c5ccno5,-6.921,26,-0.26619230769230773
CCNC(=O)Nc(n1)c(C(=O)N)c(n12)nc(C)cc2-c3ccncc3,-6.921,25,-0.27684000000000003
COc1cccc(c1)-c(cc2)nc(c23)c(=[NH+]\c4ccc([C@H](C)O)cc4)\nc([nH]3)NC[C@H](C)c5ccccc5C,-6.92,39,-0.17743589743589744
n1cn(C)c(c12)nc(CCC)nc2NC[C@H](C)[NH+]3CCOCC3,-6.919,23,-0.30082608695652174
Cc1cc(C)cc(c1)[C@H](C)c(cn2)c(n23)nc(-c4ccc(F)o4)nc3NCCc5cccc(c5)C(C)C,-6.919,37,-0.187
CCc1cccc(c1)C(=O)Nc(c(c23)ncn3C)nc(n2)-c4ccccn4,-6.919,27,-0.25625925925925924
[NH3+]Cc(c1)cccc1[C@H](C)Nc(nc2NCC[NH+](C)C)[nH+]c(c23)ccc(n3)-c4ccc(F)cc4,-6.919,34,-0.2035
Cc1ccccc1Cc(cn2)c(n23)nc(nc3NCCO)-c4cccc(F)c4,-6.918,28,-0.24707142857142858
FC(F)(F)c(c1)cc(N)cc1[C@H](C)Nc(nc2)nc(c23)nc(-c(cn4)n(c45)cccc5)c(c3)-c6cccc(c6)C(=O)NCC(=O)C[NH3+],-6.917,47,-0.14717021276595743
Fc1cccc(c1)-c(c2)nc(c(c23)nccn3)NC[NH+]4CCCC4,-6.917,24,-0.28820833333333334
CN(C)C(=O)C(=O)Nc1ccc(cc1)-c2ncc(-n3ccnc3)c(n2)NCc4cccc(c4)N5CCCCC5,-6.916,39,-0.17733333333333334
CC(=O)N(CC1)CCC1Oc(c(c2)OC)cc(c23)c(nc[nH+]3)N[C@H](C)c4cccc(C(F)(F)F)c4,-6.915,35,-0.19757142857142856
Cc1ccc(cc1)CNC(=O)CNc2ncc(-c3cccnc3)c(n2)-c4ccn(n4)C,-6.915,31,-0.22306451612903225
C[NH+](C)CCn1nccc1-c(c(c2)OC)cc(c23)c(nc[nH+]3)N[C@H](C)c4cc(N)cc(C(F)(F)F)c4,-6.914,36,-0.19205555555555553
COc1cccc(c1)CNC(=O)Nc2ncc(-c3ccccn3)c(n2)-c4ccc(C(=O)[O-])cc4,-6.914,34,-0.20335294117647057
Cc1ccc(cc1)CCNc2nc(C)cc(n2)-c3cccnc3C,-6.914,24,-0.2880833333333333
COc1cccc(c1)-c2cnc(nc2NCC(C)(C)[NH3+])NCc3ccccc3,-6.914,28,-0.24692857142857141
Cc1cccc(c1)[C@H](CO)Nc(nc2)nc(c23)n(-c4cc(C)n(n4)C(C)C)c(=O)c(c3C)-c5cccnc5,-6.912,38,-0.18189473684210525
FC(F)(F)c(c1)cc(N)cc1[C@H](C)Nc(ncn2)c(c23)ccc(c3)-c4ncn(n4)C,-6.911,30,-0.23036666666666666
COc1cccc(c1)-c(c2)nc(c(c23)nccn3)N[C@H](C)c4ccccc4,-6.91,27,-0.25592592592592595
CCCNC(=O)Nc(c(c12)nccn2)nc(c1)-c3ccccc3Cl,-6.91,24,-0.28791666666666665
NC(=O)CCn(c1)ncc1-c(c2)cc(-c(c3)cccc3C)c(c24)nc(nc4)N[C@H](C)c5ccc(N)c(C)c5,-6.909,38,-0.1818157894736842
Cc1ccc(c(C)c1)[C@H](C)Nc(n2)c(nc(nc3)NC4CC4)c3c(c25)ccc(c5)-c6cccnc6,-6.907,35,-0.19734285714285715
c1ncccc1-c(n2)nc(N[C@@H](C)c(cc3)ccc3C)n(c24)ncc4-c5ccccc5C(=O)N,-6.906,34,-0.20311764705882351
n1cccnc1-c2cnc(nc2NC)N[C@@H]3CC[N@H+](C3)Cc4ccccc4F,-6.904,28,-0.24657142857142858
Clc(c1)cccc1-c(o2)c(-c(cc3)ccc3C)c(c24)c(ncn4)NC[C@H](O)c5cccc(C(F)(F)F)c5,-6.904,37,-0.1865945945945946
Fc(c1)cccc1-c(cn2)c(n23)nc(-c4ccccc4C)nc3NCC[NH+]5CCCCC5,-6.902,32,-0.2156875
COc1cccc(c1)-c(n2)c(-c3ccc(=O)n(C)c3)cc(c24)cnc(n4)N[C@H](CO)c5ccc(C)cc5,-6.902,37,-0.18654054054054053
OCCc(c1)[nH+]ccc1-c(c2)cc(-c(c3)[nH+]cn3C)c(c24)nc(nc4)N[C@H](CO)c5cccc(C(F)(F)F)c5,-6.901,39,-0.17694871794871794
COc1ccccc1-c2nc(N[C@H](C)c3ccc(C)cc3)ncc2-c4cc(=O)n(cc4C)CC(=O)N(C)C,-6.899,38,-0.18155263157894738
Cn(n1)c(=O)ccc1-c(c2)cc(-c3cccn3CC)c(c24)nc(nc4)N[C@H](C)c5cc(C)cc(N)c5,-6.899,36,-0.1916388888888889
CC(=O)NC(=O)c1cc(ccn1)Nc2ncc(-c3cccnc3)c(n2)NCc4ccccc4,-6.899,33,-0.20906060606060606
NC(=O)c(c1)cncc1-c(c2)cc(-c3ccccc3OC)c(c24)nc(nc4)NC[C@H](O)c5ccccc5,-6.898,37,-0.18643243243243243
Cc1cc(Cl)ccc1-c(c2C)c(=O)n(-c3cccc(c3)C[NH3+])c(c24)nc(nc4)N[C@H](C)c5ccccc5,-6.898,37,-0.18643243243243243
CN(C)C(=O)c1cccnc1-c(c(c2)-c(cn3CC)c(n3)C(=O)N(C)C)cc(c24)ncnc4N[C@H](C)c5cccc(C(F)(F)F)c5,-6.898,46,-0.14995652173913043
CC(C)C(=O)NC(=O)c(c1)cccc1-c(c(c23)cc(cc2)-c(cc4)ccc4CC)nc(n3)[C@H](C)c5ccccc5C,-6.898,41,-0.16824390243902437
CC(=O)Nc1ccc(o1)-c2nc(NCc3ccccc3C)ncc2-c4ccc(F)cc4,-6.897,31,-0.22248387096774194
C[NH2+]C[C@H](CCC1)[C@H]([C@H]12)O[C@H]2Nc(n3)c(ncnc4)c4c(c35)ccc(c5)-c6ccc(cc6)CC(=O)N7CCN(C)C(=O)C7,-6.897,43,-0.1603953488372093
s1ccnc1-c(nc(C)c2)c(c23)nc(nc3)N[C@H](N)c4cc(Cl)ccc4C,-6.895,27,-0.25537037037037036
Cn(n1)c(C)cc1-c(c2C)c(=O)n(CC)c(c23)nc(nc3)N[C@H](C)c4cccc(C)c4,-6.895,31,-0.22241935483870967
Cc1ccc(C)c(c1)CNc2ncc(-c3ccnn3C)c(n2)Nc4cccc(c4)C(=O)N(C)C,-6.895,34,-0.20279411764705882
c1ncccc1-c(cc2C)nc(n2)/N=C/Cc3ccccc3C,-6.895,23,-0.29978260869565215
CCOc(c1)c(OC)cc(c12)ncnc2NCCc3ccc(C)cc3,-6.894,25,-0.27576
Cc1ccc(cc1)CCNc(c(c23)ncn3C)nc(n2)-c4ccccc4,-6.893,26,-0.2651153846153846
Cc1ccc(C)c(c1)CNc2ncc(-c3ccccc3C)c(n2)Nc4ccc(N)c(C)c4,-6.893,32,-0.21540625
c1cc(C)ccc1[C@@H](C)Nc2nc(NCC)[nH+]c(c23)ccc(n3)-c4cnccn4,-6.893,29,-0.23768965517241378
O=C([O-])c1ccc(cc1)Nc2ncc(-c3ccc(CO)cc3)c(n2)NCc4ccccc4,-6.893,32,-0.21540625
Cc1ccccc1CNc(c(c23)ncn3C)nc(n2)-c4ccco4,-6.892,24,-0.2871666666666667
C[NH2+][C@H](C)C(=O)Cn1ccnc1-c(cc2)nc(c23)c(NCC[NH+]4CCOCC4)nc([nH+]3)N[C@H](C)c5cccc(C)c5,-6.891,41,-0.16807317073170733
COc1nccnc1-c2cnc(-c3c[nH+]c(C)n3C)nc2N[C@H](C)c4cccc(C(F)(F)F)c4,-6.89,34,-0.2026470588235294
OCCc(c1)cccc1[C@H](C)Nc(ncn2)c(c23)ccc(c3)-c4cccc(c4)C(=O)N,-6.889,31,-0.2222258064516129
FC(F)(F)c(c1)cccc1[C@H](C)Nc(c2)c(-c3ccncc3)cc(c24)ncc(C#N)c4NCCO,-6.888,35,-0.1968
CCNc1ncc(c(n1)C)-c2c(C)c(C)nn2C,-6.887,18,-0.38261111111111107
Cc1ccc(C)c(c1)CNc2ncc(-c3nccnc3C)c(n2)NC4CCCC4,-6.887,29,-0.23748275862068963
Cc1ccc(cc1)OCC(=O)Nc(ncn2)c(c23)ccc(c3)-c4ccc(Cl)cc4,-6.887,29,-0.23748275862068963
COc1ccc(cc1)-c(cn2)c(n23)nc(-c4cc(N(C)C)cc[nH+]4)cc3N[C@H](C)c5ccc(N)c(C(F)(F)F)c5,-6.886,40,-0.17215
c1ccccc1CNC(=O)CNc(c(c23)nccn3)nc(c2)-c4cccc(F)c4,-6.886,29,-0.23744827586206896
COc1ccccc1-c2cc(-c3nncn3CC)cc(c24)cnc(n4)N[C@H](O)Cc5cccc(C)c5,-6.886,36,-0.19127777777777777
Cc1ccc(cc1C)CNc(nc(n2)-c3cccs3)n(c24)ncc4-c5ccncc5,-6.886,30,-0.22953333333333334
Cc1ccc(cc1)CNc2ncc(c(n2)-c3ccccn3)-c4ncccc4O,-6.885,28,-0.24589285714285714
COc1nccnc1-c2cnc(-c3cc(C)cs3)nc2N[C@H](C)c4cccc(C)c4,-6.885,30,-0.22949999999999998
Cc1cccc(c1)CNc(nc2)nc(c23)c(nc(c3)C)-c4ccc(=O)n(c4)CCCO,-6.885,31,-0.22209677419354837
Cn(c1)c(=O)ccc1-c(cn2)c(n23)nc(-c(cc4)ccc4C)nc3N[C@H](C)c5ccc(Cl)cc5,-6.885,34,-0.20249999999999999
Fc(c1)cccc1-c(nc(c23)n(C)cn2)nc3NCc4ccc(F)c(Cl)c4,-6.884,27,-0.254962962962963
COC(=O)c1ccc(o1)-c(c2)c([C@H](C)c3cc(C)cc(N)c3)nc(c24)nc(nc4)N[C@H](C)c5cccc(C)c5,-6.882,39,-0.17646153846153845
OCC(F)(F)c(c1)cccc1[C@H](C)Nc(nc(n2)-c3cccs3)n(c24)ncc4-c5ccccc5Cl,-6.882,35,-0.19662857142857143
Cc(c1)cccc1-c(n2)nc(NCc(cc3)ccc3C)n(c24)ncc4-c5cccc(c5)[C@H](C)O,-6.882,34,-0.20241176470588235
CC(C)c(cc1)ccc1[C@@H](C)Nc2cc(-c(cc3)ccc3C)nc(n24)c(cn4)-c5ccn(c5)C(=O)CN(C)C,-6.881,39,-0.17643589743589744
CCn1cncc1-c(cc2)nc(c23)c(N[C@H](C)c4cccc(c4)C[NH3+])nc([nH+]3)N[C@H](C)c5ccc(C)cc5,-6.881,38,-0.18107894736842106
c1cnccc1-c(n2)ccc(c23)nc(NCc(c4)cccc4C)nc3NCC[N@H+]5CCCC[C@@H]5C,-6.881,35,-0.1966
COc1cccc(c1)[C@H](O)Nc(n2)c(C(=O)N)c(n23)nc(/C/4=C/C=C\N(C)C/C=C\4)cc3-c5cc(Br)ccc5OC,-6.878,41,-0.16775609756097562
COc(c1)cccc1Oc(nc(n23)c(C(=O)N)c(n2)NCC)cc3-c4cccnc4,-6.877,30,-0.22923333333333332
c1occc1-c2cnn(c23)c(N[C@@H](C)c(cc4)ccc4C)cc(n3)-c5ccc(nc5)NC(=O)[C@H](C)[NH3+],-6.875,36,-0.1909722222222222
Cc1ccc(cc1)CNc2nc(NCC[NH3+])ncc2-c3ccccc3Cl,-6.873,26,-0.26434615384615384
CCn1c(C)cnc1-c(cc2)cc(c23)nc(c4c3cncn4)N[C@H](C)c5cccc(C)c5,-6.873,32,-0.21478125
c1cnccc1-n2c(=O)c(-c3ncco3)c(C)c(c24)cnc(n4)N[C@H](C)c5ccccc5,-6.872,32,-0.21475
CCCn1cc[nH+]c1-c(cc2)cc(c23)ncnc3NCc4cccc(c4)OC,-6.872,28,-0.2454285714285714
CCNc1ncc(CC)c([nH+]1)NCCn(cc2)c(c23)cccc3,-6.871,23,-0.2987391304347826
Fc1cccc(c1)-c2cnc(NCc3ccccc3Cl)nc2Nc4ccccc4F,-6.87,30,-0.229
Cc1cc(C)cc(c1)CNc(nc2)nc(c23)c(-c4ccc(=O)n(c4)CC(=O)N)cc(c3)-c5cc([C@H](C)[NH+](C)C)nnc5C,-6.87,43,-0.15976744186046513
CC(C)NC(=O)Nc(ncn1)c(c12)c(-c3ccc(CO)cc3)c(o2)Cc4ccccc4F,-6.87,32,-0.2146875
FC(F)(F)c(c1)cc(N)cc1[C@@H](C)Nc(nc2NCOC)ncc2-c3cccc(c3)C(=O)NC(=O)[C@H](O)C(F)(F)F,-6.869,41,-0.16753658536585364
Cc1cc(N)cc(c1)[C@H](C)Nc(nc2)nc(c23)c(nc(c3)C)-c4cccc(c4)C(=O)N,-6.867,31,-0.22151612903225806
CCc1cccc(c1)CNc(nc(n2)-c3ccsc3)n(c24)ncc4-c5cncn5C,-6.867,30,-0.2289
COc1cccc(c1)-c(n2)c(-c3c(C)[n+](C)c([C@H](C)O)c(c34)cc[nH]4)cc(c25)cnc(n5)N[C@H](C)c6ccccc6,-6.865,41,-0.1674390243902439
CC[N@@H+](C)CCNc1ncc(-c2cccc(F)c2)c(n1)NCc3cccc(C)c3,-6.865,29,-0.2367241379310345
Cn(c1)c(=O)ncc1-c(nc(C)c2)c(c23)nc(nc3)Nc4cccc(c4)OCC(=O)N,-6.865,31,-0.22145161290322582
c1ccccc1[C@H](O)CNc(nc(n2)-c3cccnc3)n(c24)ncc4-c5cccnc5,-6.863,31,-0.22138709677419358
Oc1ccccc1-c(nc(c23)n(C)cn2)nc3NCc(cc4)cc(c45)OCCO5,-6.863,29,-0.2366551724137931
COc1ccc(cc1)CNc(ncn2)c(c23)ccc(c3)-c4cnn(c4)CC(=O)N,-6.862,29,-0.2366206896551724
O=C1CCCN1c(c2)cccc2[C@H](C)Nc3ncc(-c4cnccn4)c(n3)-c5ccncc5Cl,-6.862,34,-0.2018235294117647
Cc1ccc(cc1N)[C@H](C)Nc(cc(n2)-c3cnco3)n(c24)ncc4-c5cccnc5,-6.861,31,-0.22132258064516128
COc(c1)c(N)cc(c12)c(ncn2)NCc3ccccc3,-6.861,21,-0.3267142857142857
c1ccccc1CC(=O)c(n2)cc(NC(=O)C[C@H](C)[NH3+])n(c23)ncc3-c4cccc(C(F)(F)F)c4,-6.861,35,-0.1960285714285714
COc1cccc(c1)[C@H](C)Nc(nc2)nc(c23)n(-c4ccc(OC)c(c4)OC)c(=O)c(c3C)-c5ccn(c5)C(=O)NCC(=O)N,-6.861,45,-0.15246666666666667
COc1cccc(c1)-c(cc2)nc(c23)c(=[NH+]\c4ccccc4)\nc([nH]3)NCc5ccccc5,-6.86,33,-0.20787878787878789
COc1ccccc1-c2nc(ncc2-c3cc(cs3)[NH+](C)C)NC[C@H](C)Nc4cccc(C(F)(F)F)c4,-6.859,37,-0.18537837837837837
C[N@H+]1CCC[C@@H]1CNc(n2)c(C(=O)N)c(n23)nc(-c4ccncc4)cc3-c5cccnc5,-6.859,32,-0.21434375
Fc(c1)cccc1-c(cn2)c(n23)nc(-c(c4)cccc4C)nc3N[C@H](C)c5ccccc5,-6.858,32,-0.2143125
Cc1cccc(c1)[C@H](C)Nc(nc2)nc(c23)c(nc(c3)C)-c4cccnc4,-6.858,27,-0.254
Cc(n1)nccc1[C@@H](C)c(cnc2NC)c(n2)N[C@H](C)c3ccccc3,-6.857,26,-0.2637307692307692
Cc1ccc(cc1)[C@H](C)Nc(cc(n2)-c3ccco3)n(c24)ncc4-c5ccc(Cl)c(F)c5,-6.857,32,-0.21428125
Cc1ccccc1CNc2nc(NCC(=O)N)[nH+]cc2-c3ccn(n3)C,-6.856,26,-0.26369230769230767
[NH3+]C[C@@H]1CCC[N@@H+](C1)Cc2cccc(n2)-c3cnc(-c4cccnc4)nc3N[C@H](F)c5cccc(F)c5,-6.855,37,-0.1852702702702703
c1cccn(c12)c(cn2)-c(cc3C)nc(n3)N[C@@H]4CCN(C4)[C@H](C)c5cccc(F)c5,-6.855,31,-0.22112903225806452
COc1cccc(c1)-c(cn2)c(n23)nc(-c4ccc(cc4)OCC(=O)N)cc3N[C@H](C)c5ccc(C(C)C)cc5,-6.854,40,-0.17135
CC(=O)Nc1cccc(c1)Nc(n2)c(C(=O)N)c(n23)nc(-c4cnsc4)cc3-c5cccnc5,-6.852,34,-0.2015294117647059
COc1ccc(cc1)-c(c2C)c(=O)n(-c3cccc(C)c3)c(c24)nc(nc4)N[C@H](C)c5ccccc5C,-6.852,37,-0.1851891891891892
Cc1cc(C)cc(c1)CNc(nc2)nc(c23)c(-c4ccncc4)cc(c3)-c5cn(C)c(n5)C(=O)CN(C)C(=O)CO,-6.852,41,-0.1671219512195122
NC(=O)c1cccc(c1)CNc2nc(-c3ccccc3)ncc2-c4nccs4,-6.852,28,-0.24471428571428572
CCn1nc(COC)c(n1)-c(cc2)nc(c23)c(=[NH+]\C[C@H](O)c4ccc(C(F)(F)F)cc4)\nc([nH]3)N[C@H](C)c5cccc(C)c5,-6.852,44,-0.15572727272727274
c1ncccc1-c(c2)cc(-c(c3C)ccn3CC(=O)N(C)C)c(c24)nc(nc4)N[C@H](C)c5cc(N)cc(C(F)(F)F)c5,-6.852,42,-0.16314285714285715
COc1cc(O)cc(c1)-c2cnc(nc2-c3cccs3)NCc4cccc(F)c4,-6.852,29,-0.23627586206896553
FC(F)(F)c(c1)cccc1[C@H](CC)Nc(ncn2)c(c23)cc(c(c3)-c4cnn(C)c4)-c5cc(OC)ccc5O,-6.851,39,-0.17566666666666667
COc1ccccc1-c2nc(N[C@H](C)Nc3cccc(C(F)(F)F)c3)ncc2-c4ccncc4,-6.851,34,-0.2015
c1cc(C)ccc1-c(c2)c(cc(c23)c(c(C#N)cn3)NCC)NCCN(C)c4ccc(C)cc4,-6.849,34,-0.20144117647058823
NC(=O)c(cc1)ccc1-c(c2)cc([C@H](CC)C[NH3+])c(c23)nc(nc3)N[C@H](C)c4ccccc4C,-6.848,34,-0.20141176470588235
FC(F)(F)c(c1)cc(N)cc1[C@H](C)Nc(ncn2)c(c23)ccc(c3)-c4ccn(c4)CC(=O)N,-6.847,33,-0.2074848484848485
CCNc1ncc(-c2ccc(cn2)N(C)C)c(n1)NCc3cc(C)cc(C)c3,-6.846,28,-0.2445
CC(F)(F)c(c1)cccc1[C@H](C)Nc(ncn2)c(c23)cc([C@@H]4CCC[NH2+]C4)c(c3)-c5ccc(O)cc5,-6.844,36,-0.19011111111111112
Cc1cccc(c1)C[C@H](O)Nc(nc2)nc(c23)c(-c4cccn(C)c4=O)cc(c3)-c5cccnc5,-6.844,35,-0.19554285714285716
c1cnccc1-c2cc(-c(nc3)ccc3OC)cc(c24)cnc(n4)N[C@H](O)Cc5cccc(C)c5,-6.843,35,-0.19551428571428572
Cc(n1)nccc1-c(cc2C)nc(n2)NCc3ccccc3,-6.842,22,-0.311
Cc1ccc(cc1)[C@H](C)Nc(c(c23)ncn3C)nc(n2)-c4cccc(C)c4,-6.842,27,-0.2534074074074074
Cc1cccc(c1)CNc(nc2)nc(c23)c(nc(c3)C)-c4ccccc(=O)c4,-6.842,28,-0.24435714285714286
FC(F)(F)c(c1)cccc1[C@H](CC)Nc(ncn2)c(c23)cc(c(c3)-c4ccc(C)cc4)-c5cc(OC)ccc5O,-6.842,40,-0.17104999999999998
Cc1ccc(cc1)[C@H](C)c2cnc(-c3cccnc3)nc2NCC[NH+](C)C,-6.84,27,-0.25333333333333335
c1ccccc1C[C@@H](C)Nc2ncc(-c3cccnc3)c(n2)-c4cncnc4,-6.839,28,-0.24425000000000002
CCn1cc(c(n1)C)-c2cnc(-n3nc(C)cc3C)nc2N[C@H](C)Nc4cccc(c4)C(C)C,-6.838,34,-0.20111764705882354
COc1ccc(cc1)Nc(c(c23)nccn3)nc(c2)-c4ccccn4,-6.838,25,-0.27352
Fc1ccccc1-c(c(=O)n2CC(=O)N(C)C)c(C)c(c23)cnc(n3)N[C@H](C)c4cc(O)cc(C(F)(F)F)c4,-6.838,39,-0.17533333333333334
Cn(c1)c(=O)ccc1-c2cc(-c(n3CC)cccc3=O)cc(c24)cnc(n4)N[C@H](C)c5ccc(C(F)(F)F)cc5,-6.838,40,-0.17095
CN(C)C(=O)Cn(c1)c(=O)ccc1-c(c2)cc(-c3ccccc3OC)c(c24)nc(nc4)N[C@H](O)Cc5cccc(C)c5,-6.837,42,-0.16278571428571428
Cc(c1)cccc1CNc2nc(NCC)[nH+]c(c23)ccc(n3)-c4cccc(n4)C[NH+](C)C,-6.837,32,-0.21365625
CN(C)Cc1ccc(nc1)-c(nc(c23)n(cn3)C)nc2N[C@@H]4CCN(C4=O)c5ccccc5,-6.837,33,-0.20718181818181816
COc1cnccc1-c(cc2)cc(c23)ncnc3NCCc4ccc(C)cc4,-6.836,28,-0.24414285714285716
c1ccccc1-c(c2C)c(=O)n(CC)c(c23)nc(nc3)N[C@H](C)c4ccccc4C,-6.835,30,-0.22783333333333333
c1ccccc1[C@@H](C)c(nc(c23)n(cn3)C)nc2NC[C@H](C)[NH+]4CCOCC4,-6.835,28,-0.24410714285714286
COc1ccc(cc1)-c(c2)nc(c(c23)nccn3)N[C@H](C)[NH2+]C(C)C,-6.835,25,-0.2734
Cc1cccc(c1)[C@H](C)Nc(nc2)nc(c23)n([C@H](C)CC[NH3+])c(=O)c(c3C)-c4cnc(o4)C,-6.834,33,-0.20709090909090908
CNC(=O)c1cc(sn1)-c(cc2)cc(c23)ncnc3N[C@H](C)c4ccc(C)cc4,-6.833,29,-0.2356206896551724
Cc1cccc(c1)[C@H](O)CNc(nc2)nc(c23)c(nc(c3)C)-c4cc(C)n(C)c(=O)c4,-6.833,31,-0.2204193548387097
Cc1cccc(c1C)-c(o2)c(-c3cccc(C(F)(F)Cl)c3)c(c24)c(ncn4)N[C@H]([NH3+])c5cccc(C(F)(F)F)c5,-6.832,40,-0.1708
Cc1ccccc1-c2cnc(nc2-c3ccncc3)NCCc4ccc(F)cc4,-6.832,29,-0.23558620689655171
Cc1ccc(c(F)c1)-c(cc(n2)C)n(c23)nc(c3C(=O)N)NC(=O)c4cccc(C(F)F)c4,-6.832,33,-0.20703030303030304
CCOCCNc(c(C#N)cn1)c(c12)cc(c(c2)-c3cccnc3)NC(=O)Nc4cccc(C(F)(F)F)c4,-6.83,38,-0.17973684210526317
Cc1cc(C)cc(c1)OCCNc(nc2)nc(c23)c(-c4ccc(cn4)C(=O)N(C)C)cc(c3)-c5cccnc5,-6.829,39,-0.17510256410256408
c1cc(Cl)ccc1-c2cc(-c(o3)ccc3C)nc(n24)c(C(=O)N)c(n4)NCC[N@H+]5CCC[C@@H]5C,-6.829,34,-0.20085294117647057
Fc1ccc(F)cc1[C@@H](C)Nc(nc2-c3cocc3C)ncc2-c4[nH+]cccc4[O-],-6.829,30,-0.22763333333333333
Cc1cccc(c1)[C@H](C)Nc(ncn2)c(c23)cc(-c4ccccc4)c(c3)-c5ccc(=O)n(c5)CCO,-6.827,36,-0.18963888888888888
COc(c1)c(OC)cc(c12)c(ncn2)NC(=O)CCc3ccc(N(C)C)cc3,-6.826,28,-0.24378571428571427
Cc(c1)cc(C)cc1[C@@H](C)Nc(nc2-c(cc3)ccc3C)ncc2-c4cnn(C)c4[C@H](C)[NH+]5CCCC5,-6.826,37,-0.18448648648648647
c1ccccc1-c(cc2)nc(c23)c(NCC[NH+](C)C)nc([nH+]3)N[C@H](CO)c4ccccc4,-6.825,32,-0.21328125
COc1cnccc1-c(cc2)cc(c23)ncnc3NC(=O)c4cc(N)cc(C(F)(F)F)c4,-6.825,32,-0.21328125
o1ccnc1-c(nc(C)c2)c(c23)nc(nc3)NCC4CC[NH2+]CC4,-6.825,24,-0.284375
Cc1c(N)cccc1[C@H](C)Nc(c(c23)cccc3)nc(n2)-c4cn(C)c(n4)C,-6.822,28,-0.24364285714285713
Cc1ccc(cc1)CNc2ncc(-c3ccccc3F)c(n2)NC[NH+]4CCCC4,-6.822,29,-0.23524137931034483
Cc1onnc1-c(cc2C)nc(n2)NC[NH2+]C3CCCC3,-6.822,21,-0.32485714285714284
Cc1ccc(cc1)CNc(nc(n2)-c3ccc(F)o3)n(c24)ncc4C(=O)[C@H](C)[NH+](C)C,-6.822,31,-0.22006451612903227
COCCNc(nc1NC)[nH+]cc1-c2ccc(C)cc2,-6.821,20,-0.34104999999999996
Cc1cccc(c1)CCNc(c(c23)nc(cc3)-c4c(C)noc4C)nc([nH+]2)NCC[C@@]5(O)CC[N@@H+](C(C)C)CC5,-6.819,40,-0.170475
CCn1ccnc1-c2nc(NCc3ccccc3F)ncc2-c4cccnc4,-6.819,28,-0.24353571428571427
Cc1cc(C)cc(c1)CNc(nc2)nc(c23)c(cc(c3)-c4cc([C@H](C)N(C)C)nnc4C)-c5ccc(=O)n(c5)CC(=O)NC(C)C,-6.819,46,-0.1482391304347826
Cn1c(=O)c(N)ccc1-c(cnc2NC)c(n2)NCc3ccccc3C,-6.819,26,-0.26226923076923075
O1CCc(c12)cc(cc2)[C@H](C)Nc(c(c34)nccn4)nc(c3)-c5cccnc5,-6.818,28,-0.2435
NC(=O)CNc(c1C(=O)N)nn(c12)c(-c(cc3)ccc3C)cc(n2)-c4cccc(F)c4,-6.817,31,-0.2199032258064516
Cc1cc(N)ccc1[C@H](C)Nc(n2)c(nc(nc3)NC4CC4)c3c(c25)ccc(c5)-c6ccccc6,-6.816,35,-0.19474285714285713
Cc1ccc(cc1C)CNc2nc(-c3cccnc3)ncc2-c4nn(C)cc4C,-6.814,29,-0.23496551724137932
Cc1cccc(c1)[C@H](C)Nc(n2)c(ncnc3)c3c(c24)ccc(c4)-c5ccc(cc5)C[NH+](C)C,-6.814,34,-0.20041176470588234
Cc1ccc(cc1)[C@H](C)Nc(c(c23)ncn3C)nc(n2)-c4cccnc4,-6.813,26,-0.26203846153846155
Cc1nocc1-c2ncc(-c3cccc(c3)C(=O)N)c(n2)NCc4ccc(C(C)C)cc4,-6.812,32,-0.212875
Cc1cccc(c1)CNc(c(c23)ncn3C)nc(n2)-c4cccc(C)c4,-6.812,26,-0.262
Cc1ccc(cc1)-c(cc2)nc(c23)c(N[C@H](C)CO)nc([nH+]3)N[C@H](C)c4cccc(C(F)(F)F)c4,-6.812,35,-0.19462857142857143
C[NH+](C)C[C@@]1(F)CC[C@@H](C1)NC(=O)Nc(c(c23)ncn3C)nc(n2)-c4cccc(F)c4,-6.81,31,-0.2196774193548387
CN(C)C(=O)c(c1)cncc1-c(c(c2)OC)cc(c23)c(nc[nH+]3)N[C@H](C)c4cc(C)cc(C)c4,-6.81,34,-0.20029411764705882
FC(F)(F)c(c1)cccc1-c(c(c2)-c(cn3)ncc3C)nc(c24)nc(nc4)N[C@H](CO)c5ccccc5,-6.81,37,-0.18405405405405403
CC(C)([NH3+])c(c1)cccc1[C@@H](C)Nc2nc(NCc3ccccc3C)[nH+]c(c24)ccc(n4)-c5cccc(c5)NC(C)C,-6.808,42,-0.1620952380952381
Cc1cccc(c1)-c(cn2)c(n23)nc(-c4cnc(=O)n(C)c4)cc3N[C@H](C)c5cccc(c5)N6CCCCC6,-6.808,39,-0.17456410256410257
CN(C)C(=O)c1ccc(cc1)-c(cc(c2)-c3cn(C)c[nH+]3)c(c24)nc(nc4)NCc5cccc(c5)C(F)(F)CO,-6.808,40,-0.1702
O[C@@H]1CCN(C1)CCNc(c(c23)nccn3)nc(c2)-c4cccnc4,-6.807,25,-0.27228
OC[C@H]1C(=O)N(C(C)C)C[C@H]1c(n2)cc(-c3ccccc3C)n(c24)nc(c4C(=O)N)NCc5ccccc5,-6.807,38,-0.17913157894736842
OC[C@@H](C)c1cccc(c1)[C@H](C)Nc(c2)c(-c3ccc(=O)n(C)c3)cc(c24)ncc(C#N)c4NCCO,-6.805,37,-0.1839189189189189
c1ccccc1[C@H](O)CNc(nc(n2)-c3cccnc3)n(c24)ncc4-c5ccccc5,-6.804,31,-0.21948387096774194
FC(F)(F)c(c1)c(N)ccc1[C@H](C)Nc(ncn2)c(c23)cc(-c4cnn(c4)CC(=O)N(C)C)c(c3)-c5cccc(c5)C(=O)OC(=O)N6CCCCC6,-6.802,52,-0.1308076923076923
[NH3+]CCNc1ncc(-c2ccccc2F)c(n1)NCc3ccccc3,-6.802,25,-0.27208
Cc1noc(C)c1-c(cc2)nc(c23)c(nc([nH+]3)N[C@H](C)CO)NCc4cccc(C(F)(F)F)c4,-6.801,34,-0.2000294117647059
CC(=O)N(C1)CCC[C@H]1Oc(c(c2)OC)cc(c23)c(nc[nH+]3)N[C@H](C)c4cc(N)cc(C(F)(F)F)c4,-6.8,36,-0.18888888888888888
FC(F)(F)c(c1)cc(N)cc1[C@H](C)Nc(n2)c(nc(nc3)NC4CC4)c3c(c25)ccc(c5)-c6cccnc6,-6.797,38,-0.17886842105263157
n1cc(C)ncc1-c(n2)ccc(c23)[nH]c(N[C@@H](C)c(c4)cccc4C)n/c3=[NH+]\CC[NH+]5CCOCC5,-6.797,36,-0.18880555555555556
c1nccn1-c2cnc(nc2CC=C)N[C@@H]3CC(=O)N(C3)c4ccc(C)cc4,-6.797,28,-0.24275
Cc1cccc(c1)CNc(ncn2)c(c23)cc(c(c3)-c4cn(C)c[nH+]4)-c5ccn(c5)CC(=O)[C@H](O)C(=O)N(C)C,-6.797,40,-0.169925
Cc1occc1-c2cnc(nc2NCC[NH3+])NCc3ccccc3Cl,-6.796,25,-0.27184
Cn1c(=O)cccc1-c(nc(C)c2)c(c23)nc(nc3)N[C@H](N)c4cc(Cl)ccc4C,-6.795,30,-0.2265
c1cc(Cl)ccc1-c(c2)c(cc(c23)c(c(C#N)cn3)NCCO)NCc4cccc(O)c4,-6.794,32,-0.2123125
COc1ncccc1-c(cn2)c(n23)nc(-c4ccc(F)cc4)cc3N[C@H](C)c5ccc(C)c(N)c5,-6.793,35,-0.19408571428571428
Cc1ccccc1[C@H](C)Nc(nc2)nc(c23)c(cc(c3)CC[NH3+])-c4ccnc(c4)C(=O)NC(C)C,-6.793,35,-0.19408571428571428
c1ncccc1-c(c2C)c(=O)n(CC)c(c23)nc(nc3)NCCc4cccc(C)c4,-6.792,30,-0.2264
CCN(C)S(=O)(=O)c1cccc(n1)-c(c2)c(-c3ccccc3)nc(c24)nc(nc4)N[C@H](C)c5ccccc5C,-6.791,39,-0.17412820512820515
Cc1ccc(cc1)CNc2nc(ncc2-c3ccno3)NCc4ccccc4,-6.79,28,-0.2425
Cc1ccc(cc1C)-c(cn2)c(n23)nc(-c4ncco4)cc3NC[C@H](O)c5ccccc5,-6.79,32,-0.2121875
[NH3+]Cc(c1)cccc1[C@@H](C)Nc(c(c23)nc(cc2)-c(n4C)c[nH+]c4C)nc([nH+]3)N[C@H](C)c5cccc(C(F)(F)F)c5,-6.789,41,-0.16558536585365852
Cc1cccc(c1)CNc(ncn2)c(c23)cc(-c4ccn(c4)CC(=O)[C@H]([O-])C(=O)N(C)C)c(c3)-c5sncc5-c6ccccn6,-6.789,45,-0.15086666666666665
C1CCCCC[NH+]1CC(=O)Nc(c(c23)nccn3)nc(c2)-c4cccc(F)c4,-6.789,28,-0.24246428571428572
n1ccnn1-c(c(c2)OC)cc(c23)c(ncn3)NC[C@@H]4C[NH2+]C[C@@H]4O,-6.789,25,-0.27155999999999997
Cc1ccccc1CCNc(n/c2=[NH+]\CC[NH+](C)C)[nH]c(c23)ccc(n3)-c4ccccc4F,-6.788,33,-0.2056969696969697
COc1ccccc1-c2cnc(N[C@H](C)c3ccccc3)nc2-c4cn(cn4)C[C@H](C)O,-6.788,32,-0.212125
Cc1noc(C)c1-c(cc2)cc(c23)ncnc3NCC(F)(F)c4ccc(N)cc4,-6.788,29,-0.23406896551724138
c1ccccc1-c(nc(C)c2)c(c23)nc(nc3)NCCc4ccccc4,-6.787,26,-0.26103846153846155
Fc(c1)cccc1-c(n2)nc(NCC[NH3+])n(c23)ncc3-c4ccncc4,-6.787,26,-0.26103846153846155
c1ccccc1-n2c(=O)c(-c3cn(C)ccc3=O)c(C)c(c24)cnc(n4)N[C@H](C)c5ccccc5,-6.786,35,-0.19388571428571427
FC(F)(F)c(cc1)ccc1[C@@H](C)Nc2nc(NCCOC)[nH+]c(c23)ccc(n3)-c4ccccc4,-6.785,34,-0.19955882352941176
c1cnccc1-n2c(=O)c(-c3ccnn3C)c(C)c(c24)cnc(n4)N[C@H](C)c5ccccc5,-6.785,33,-0.2056060606060606
c1cc(F)ccc1-c(c2C)c(=O)n(CC)c(c23)nc(nc3)N[C@H](C)c4ccc(C)cc4,-6.783,31,-0.21880645161290324
COc1ccccc1-c(nc(n23)c(cn3)-c4cc(C)c(o4)N)nc2NCC[NH+]5CCCCC5,-6.783,33,-0.20554545454545456
Cc1cccc(c1)CNc(ncn2)c(c23)c(-c4ccn(n4)C)c(o3)-c5cccc(c5)C(=O)N,-6.782,33,-0.2055151515151515
Cc1cccc(c1)CNc2nc(Nc3cccnc3)[nH+]cc2-c4ccco4,-6.781,27,-0.2511481481481481
Cc1cccc(c1)Cc2cnc(-c3cccs3)nc2NCC[NH+](C)C,-6.781,25,-0.27124
Cc1cccc(c1)-c(cn2)c(n23)nc(-c4cccc(C(=O)[O-])c4)nc3N[C@H](C)c5cccc(C)c5,-6.781,35,-0.19374285714285713
Cc1ccoc1-c(nc(c23)cccc3)nc2NCc4cnccc4CC(=O)N,-6.78,28,-0.24214285714285716
Cc1ccc(cc1)CNc2ncc(c(n2)NCC[NH3+])-c3ccnn3C,-6.78,25,-0.2712
C#Cc1ccc(cc1)NC(=O)CNc2ncc(-c3nc(C)c(o3)C)c(n2)-c4cccc(F)c4,-6.78,33,-0.20545454545454547
Cc1ccccc1CCNc(c(c23)ncn3C)nc(n2)[C@H](C)c4ccc(N)c(c4)C(F)(F)CO,-6.779,34,-0.19938235294117646
CCNc1ncc(-c2ccccc2)c(n1)NCCc3cccc(Cl)c3,-6.779,25,-0.27116
CC(C)[NH2+][C@H](C)Nc(c(c12)nccn2)nc(c1)-c3cccnc3,-6.778,23,-0.294695652173913
Cc(c1)cccc1-c2cc(-c(cc3)ccc3OC)nc(n24)c(C(=O)N)c(n4)N[C@H](C)c5ccccc5,-6.776,36,-0.1882222222222222
c1cc(C)ccc1-c(c2)c(cc(c23)c(c(C#N)cn3)NC(=O)C)NC[C@H](O)c4ccccc4,-6.775,33,-0.20530303030303032
FC(F)(F)c1ccccc1[C@H](C)Nc2nc(-c3ncccn3)ncc2-c4cccc(F)c4F,-6.775,33,-0.20530303030303032
CC(=O)Cn1cc(cn1)-c2cnc(nc2-c3ccccn3)NCc4ccccc4C,-6.775,30,-0.22583333333333336
Cc1ccc(cc1)CNc(ncn2)c(c23)c(-c4ccn(n4)C)c(o3)-c5ccnn5C,-6.774,30,-0.2258
c1ccccc1-c2cc(-c(cnn3)cc3C)nc(n24)c(C(=O)N)c(n4)Nc5ccc(Cl)cc5O,-6.773,34,-0.19920588235294118
OCCc(c1)[nH+]ccc1-c(c2)cc(-c(cc3=O)ccn3C)c(c24)nc(nc4)N[C@H](CO)c5cccc(C(F)(F)F)c5,-6.772,41,-0.16517073170731708
Cc1ccc(cc1)CCNc(nc(n2)-c3cccs3)n(c24)ncc4-c5ccccn5,-6.772,30,-0.22573333333333334
Cc1cccc(c1)[C@H](C)Nc(nc2)nc(c23)nc(-c4ccc(C)cc4Br)c(c3)-c5ccc(=O)n(c5)S(=O)(=O)C,-6.772,39,-0.17364102564102565
Cc1cccc(c1)CNc(nc2)nc(c23)c(nc(c3)C)-c4ccc(cc4)[C@@H](N=O)CC(C)C,-6.771,33,-0.2051818181818182
COc1ccc(cc1OC)-c(c2C)c(=O)n(C)c(c23)nc(nc3)N[C@H](CO)c4cccc(C)c4,-6.77,34,-0.1991176470588235
CCCn1cc[nH+]c1-c(cc2)cc(c23)ncnc3N[C@H](C)c4cc(C)cc(N)c4,-6.769,29,-0.23341379310344829
COc1ccc(cc1)-c(c2)nc(c(c23)nccn3)N[C@H](C)c4ccnc(C)c4,-6.768,28,-0.24171428571428571
COc1cccc(=O)cc1-c(n2)c(-c3ccc(F)cc3)cc(c24)cnc(n4)N[C@H](C)c5cc(C)cc(F)c5,-6.768,38,-0.17810526315789474
CCOc1cccc(c1)Nc(nc2)nc(c23)c(nc(c3)C)-c4ccnc(n4)NC,-6.767,29,-0.23334482758620692
CSc1ccccc1[C@H](C)Nc(c(c23)ncn3C)nc(n2)-c4ccccc4F,-6.766,28,-0.24164285714285713
Cn(c1)c(=O)ccc1-c2cc(-c(c3C)cnn3CC)cc(c24)cnc(n4)N[C@H](C)c5ccc(C(F)(F)F)cc5,-6.766,39,-0.17348717948717948
Cc(c1)cccc1-c(cn2)c(n23)nc(-c(cn4)cn4CC)cc3N[C@H](C)c5cc(C)cc(N)c5,-6.765,34,-0.19897058823529412
c1ncccc1-c(cc2)nc(c23)c(Nc4cn(C)nc4C)nc([nH+]3)NCc5cccc(C(F)(F)F)c5,-6.765,36,-0.18791666666666665
Cc1ccccc1[C@H](C)Nc(ncn2)c(c23)cc(S(=O)(=O)C(C)(C)C)c(c3)-c4ccc(C(=O)N)cc4,-6.765,36,-0.18791666666666665
C1COCC[NH+]1[C@H](C)CNc(c(c23)ncn3C)nc(n2)CCc4ccccc4,-6.765,28,-0.24160714285714285
Cc1cccc(c1)[C@H](CO)Nc(nc2)nc(c23)n(-c4nccnc4N)c(=O)c(c3C)-c5ccc(F)cc5,-6.763,37,-0.1827837837837838
COc1cccc(c1)-c(cc2)nc(c23)c(=[NH+]\c4ccccc4)\nc([nH]3)N[C@H](C)c5cccc(C)c5,-6.763,35,-0.19322857142857142
Cc1ccc(cc1)-c(c2)nc(c(c23)nccn3)NCCN4CC[C@H](O)C4,-6.763,26,-0.26011538461538464
c1cc(C)ccc1[C@H](CC)Nc2nc(-c3ccn(n3)C)ncc2-c4ccccc4O,-6.763,30,-0.22543333333333332
Cc1nccc(n1)-c(cn2)c(n23)nc(-c4ccncc4)cc3N[C@H](C)c5ccc(C)c(N)c5,-6.76,33,-0.20484848484848484
c1ccccc1[C@@H](C)Nc2nc(N[C@@H](C)c(c3)cccc3C)[nH+]c(c24)ccc(n4)-c5ccn(n5)CC(=O)N,-6.76,38,-0.17789473684210524
NC(=O)c(c1)cccc1-c(c(=O)n2C)c(C)c(c23)cnc(n3)N[C@H](C)c4cccc(N)c4,-6.76,32,-0.21125
Cc1ccccc1-c(cn2)c(n23)nc(-c4cccc(F)c4)nc3NCCc5ccccc5,-6.76,32,-0.21125
Cc1ccc(C)c(c1)[C@H](C)Nc(nc2)nc(c23)c(nc(c3)C)-c4cn(CC(C)C)c(C(=O)N)c(C(F)(F)F)c4=O,-6.757,40,-0.168925
Cc1ccccc1CNc(c2)c(-c3ccccn3)cc(c24)ncc(C#N)c4NCCO,-6.756,31,-0.21793548387096776
OCc1cnc(cn1)-c2cnc(-c3ccco3)nc2NCc4ccccc4,-6.756,27,-0.25022222222222223
c1cc(F)ccc1-c(c2C)c(=O)n(CCC)c(c23)nc(nc3)N[C@H](C)c4cccc(c4)C[NH+](C)C,-6.756,35,-0.19302857142857144
c1ccoc1-c(c2)nc(c(c23)nccn3)NCC[NH2+]C4CCCCC4,-6.756,25,-0.27024000000000004
Cc1cccc(c1)[C@H](C)Nc(c(c23)nccn3)nc(c2)-c4ccccc4,-6.756,26,-0.25984615384615384
Cc1cccc(c1)[C@H](C)Nc(nc2)nc(c23)n(CC(=O)N)c(=O)c(c3C)-c4ccccn4,-6.755,32,-0.21109375
Cc1cc(N)cc(c1)[C@H](C)Nc(nc2)nc(c23)c(nc(c3)C)-c4cnc(s4)C,-6.754,28,-0.2412142857142857
COc(c1)cccc1-c(c2C)c(=O)n(CC)c(c23)nc(nc3)N[C@H](C)c4cc(N)cc(C(F)(F)F)c4,-6.753,36,-0.18758333333333332
COCC(=O)N1CC[C@@H](C1)c2cccc(n2)-c(c3C)c(=O)n([C@H](C)c4ccc(C)c(C)c4)c(c35)nc(nc5)NCc6cc(C)ccc6C,-6.753,48,-0.1406875
FC(F)(F)c1cccc(c1)NCNc(ncn2)c(c23)ccc(c3)-c4ccno4,-6.753,28,-0.24117857142857144
c1ccccc1-c(n2)ccc(c23)[nH+]c(NCC)nc3NC[C@H]([NH3+])c4ccccc4,-6.753,29,-0.23286206896551725
Cc1cc(N)cc(c1)[C@H](C)Nc(nc2)nc(c23)c(nc(c3)C)-c4ccc(N(C)C)cc4,-6.752,31,-0.2178064516129032
Cc1n(C)ccc1[C@@H](C)Nc(ncn2)c(c23)cc(c(c3)OC)O[C@@H]4CCCN(CC4)C(=O)[C@@H]5CCCO5,-6.751,37,-0.18245945945945946
CCn1ccc(n1)Nc2nc(ncc2-c3ncco3)NCc4cc(C)ccc4C,-6.75,29,-0.23275862068965517
c1cnccc1-c(c(=O)n2CC[NH3+])c(C)c(c23)cnc(n3)Nc4cccc(O)c4,-6.75,29,-0.23275862068965517
FC(F)(F)c(c1)cc(N)cc1[C@H](C)Nc(nc2)nc(c23)nc(c(c3)-c4ccccc4)-c5ccc(=O)n(c5)C(=O)C(=O)N,-6.75,42,-0.16071428571428573
c1cc(F)ccc1-c(cc2)nc(c23)c(NCCO)nc([nH+]3)NCc4cccc(C(F)(F)F)c4,-6.748,33,-0.2044848484848485
Cc1cccc(c1)-c(nc(C)c2)c(c23)nc(nc3)N[C@H](C)c4ccc(F)cc4,-6.747,28,-0.24096428571428571
COc1ccc(cc1)OCC(=O)Nc2nc(-c3cccc(n3)C(=O)N)ncc2-c4cccc(C(F)(F)F)c4,-6.747,38,-0.17755263157894738
COc1cccc(c1)CNc(nc(n2)-c3ccccc3)n(c24)ncc4-n5cnc(C)c5,-6.746,31,-0.21761290322580645
Oc1ccc(cc1)-c(c2)nc(c(c23)nccn3)Nc4ccoc4,-6.746,23,-0.293304347826087
Cc1ccccc1[C@H](C)Nc(nc(n2)-c3cccc(F)c3)n(c24)ncc4-c5cccc(c5)[C@@H]([O-])[NH3+],-6.745,35,-0.19271428571428573
[nH+]1cn(C)cc1-c(cn2)c(n23)nc(-c(c4)cccc4C)cc3N[C@H](C)c5ccc(C)c(N)c5,-6.744,33,-0.20436363636363636
Cc1ccc(C)c(c1)CNc2ncc(-c3ccccc3C)c(n2)Nc4cn(C)nc4C,-6.744,31,-0.21754838709677418
Fc(c1)cccc1-c(nc(c23)n(C)cn2)nc3NCc4ccccc4,-6.743,25,-0.26972
CC(=O)Nc1nc(C)cnc1-c2cc(C)nc(n2)NCCSc3ccccc3,-6.742,28,-0.2407857142857143
c1ccccc1-c(c2C)c(=O)n(C(=O)C)c(c23)nc(nc3)NCCc4ccccc4,-6.742,30,-0.22473333333333334
COc1cnccc1-c2nc(N[C@H](C)c3ccc(C)cc3)ncc2-c4c(C)c(C)nn4C,-6.742,32,-0.2106875
Cc1ccccc1CNc2ncc(-c3cnn(C)c3)c(n2)-c4ccccn4,-6.741,27,-0.24966666666666665
[NH3+]Cc(c1)cccc1[C@@H](C)Nc(c(c23)nc(cc2)-c(n4C)cnc4C)nc([nH+]3)N[C@H](C)c5cccc(C(F)(F)F)c5,-6.74,41,-0.16439024390243903
n1ccccc1-c(c2C)c(=O)n(CC)c(c23)nc(nc3)N[C@H](C)c4cccc(C)c4,-6.739,30,-0.22463333333333332
Fc1ccc(c(F)c1)-c(cc2)cc(c23)ncnc3N[C@@H]4CC[N@@H+](C4)Cc5ccccc5,-6.739,31,-0.21738709677419354
COc1ccccc1-c(cc2-c3ccccc3)nc(n24)c(C(=O)N)c(n4)Nc5cccc(F)c5,-6.739,34,-0.19820588235294118
Cc1ccc(cc1)CNc(n2)c(C(=O)N)c(n23)nc(C)cc3-c4ccon4,-6.738,27,-0.24955555555555556
Cc1ccc(cc1)[C@H](C)Nc(cc(n2)-n3ccnc3)n(c24)ncc4-c5cccc(n5)C,-6.738,31,-0.21735483870967742
n1cnccc1-c(cn2)c(n23)nc(-c(c4)cccc4OC)nc3NC[C@H]([NH3+])c5cc(C)cc(C)c5,-6.738,35,-0.19251428571428572
Cc1cccc(c1)[C@@]2(C)C[C@@H](CO2)Nc(ncn3)c(c34)ccc(c4)-c5ccc(CO)nc5,-6.737,32,-0.21053125
c1ccccc1-c(c2C)c(=O)n(CC)c(c23)nc(nc3)NC(C)(C)c4cc(N)cc(C(F)(F)F)c4,-6.737,35,-0.1924857142857143
Cc1cccc(c1)[C@H](C)Nc(n2)c(ncnc3)c3c(c24)ccc(c4)-c5ccc(=O)n(c5)CC(=O)N,-6.737,35,-0.1924857142857143
CCOc(c1)cc(N)cc1-c(c(c2)CCC)cc(c23)ncnc3N[C@H](C)c4cccc(c4)C5(O)COC5,-6.737,37,-0.1820810810810811
N#Cc(cc1)ccc1-c(cc2C)nc(n2)NCCSc3ccccc3,-6.736,25,-0.26944
c1cc(F)ccc1-c(c2C)c(=O)n(CC)c(c23)nc(nc3)N[C@H](C)c4ccc(OC)c(c4)OC,-6.736,34,-0.1981176470588235
Cn1c(C)[nH+]cc1-c2cnn(c23)c(NCc(cc4)ccc4C)cc(n3)-c5cccc(n5)[C@H](C)[NH+](C)C,-6.736,36,-0.18711111111111112
Cn1nncc1-c2cnc(N[C@](C)(O)c3cccc(Cl)c3)nc2NCc4ccccc4,-6.735,31,-0.21725806451612903
Cc1ccc(C)c(c1)CNc(nc2)nc(c23)n(-c4cnn(C)c4)c(=O)c(c3C)-c5cccc(c5)C(=O)NC(C)C,-6.734,40,-0.16835
CNc(n1)c(C(=O)N)c(n12)nc(C)cc2Cc3cccc(c3)OC,-6.734,24,-0.28058333333333335
Cc1cccc(c1)CNc2nc(Nc3cc[nH+]cc3)ncc2-c4cnccn4,-6.733,28,-0.2404642857142857
c1cnccc1-c(c2)c(cc(c23)c(c(C#N)cn3)NCC)NC[C@H](O)c4cccc(c4)OCC,-6.733,34,-0.19802941176470587
CC(C)[NH2+]CCc1cnc(NCc2cccc(F)c2)nc1-c3cnnc(N)c3,-6.732,28,-0.24042857142857144
FC(F)(F)c(cc1)ccc1-c(cc2C)nc(n2)NCc3[nH+]cc(C)n3C,-6.731,26,-0.2588846153846154
Cc1cccc(c1)CNc(nc2)nc(c23)n(c(=O)c(c3C)-c4cccnc4)-c5ccnn5CC(=O)N,-6.73,36,-0.18694444444444447
Cc1ccc(C)c(c1)[N@@H+]2CC[C@@H](C2)C(=O)Nc3nc(C)cc(n3)-c4ccc(F)cc4,-6.73,30,-0.22433333333333336
CN(C)C(=O)c(c1)cncc1-c(cc2)nc(c23)c(N[C@@H](C)c(c4)cc(N)cc4C)nc([nH+]3)N[C@H](C)c5cccc(C(F)(F)F)c5,-6.729,45,-0.14953333333333332
Cc1ccc(cc1)[C@H](C)Nc(nc2)nc(c23)c(-c4cccc(c4)C(=O)N)cc(c3)-c5cccn5CC(=O)N,-6.729,38,-0.17707894736842106
Cc1cc(C)cc(c1)CNc(nc2)nc(c23)c(-c4ccn(C)c(=O)c4)cc(c3)-c5cccc(C#N)c5,-6.727,36,-0.18686111111111112
c1cnccc1-c(c2)c(cc(c23)c(c(C#N)cn3)NCC)N[C@H](F)c4cc(N)cc(C(F)(F)F)c4,-6.727,35,-0.1922
Cc1cc(C)cc(c1)CNc(nc2)nc(c23)c(-c4cccc(Cl)c4)cc(c3)-c5noc(n5)CCC[NH+](C)C,-6.726,38,-0.177
Cc1ccc(cc1)N2C[C@@H](CC2=O)Nc3ncc(c(n3)C(C)C)-c4nccc(n4)C,-6.724,30,-0.22413333333333335
Cc1ncc(n1C)-c(cn2)c(n23)nc(-c4ccc(C(=O)N)cc4)cc3NCCc5ccc(C(F)(F)F)cc5,-6.723,38,-0.17692105263157895
COc1cccc(c1)-c(cn2)c(n23)nc(-c4ccccc4)nc3N[C@H](C)c5ccccc5,-6.722,32,-0.2100625
COc1cccc(Cl)c1-c(c2)nc(c(c23)nccn3)N[C@H](C)[NH2+]C(C)C,-6.721,26,-0.2585
COc(c1)c(N)cc(c12)c(nc[nH+]2)NCc3cccc(c3)C[NH3+],-6.72,23,-0.29217391304347823
Cn(c1)c(=O)ccc1-c(c2)cc(-c(cn[nH+]3)cc3N(C)C)c(c24)nc(nc4)NCc5cccc(c5)C(F)(F)CO,-6.72,40,-0.16799999999999998
Cn1cncc1-c(c(c2)OC)cc(c23)c(ncn3)NC[C@H](O)c4ccc(C)c(N)c4,-6.719,30,-0.22396666666666668
OCCNc(c(cn1)C#N)c(c12)cc(c(c2)-c(nn3)ccc3C)NCc4ccccc4C,-6.718,32,-0.2099375
COc1ccc(cc1)-c2cnc(-c3c(C)noc3C)nc2N[C@H](C)c4cccc(C)c4,-6.717,31,-0.2166774193548387
Cc1[nH+]cc(n1CC)-c2cc(C)nc(n2)NCCSc3ccccc3,-6.717,25,-0.26868
Cc(c1)cccc1-c(n2)nc(NCc(cc3)ccc3C)n(c24)ncc4-c5ccc(F)cc5,-6.716,32,-0.209875
Cc1cccc(c1)-c(cn2)c(n23)nc(-c4ccnc(n4)C)nc3NCCC[NH3+],-6.715,28,-0.23982142857142857
C=Cc1nc(C)c(s1)-c(c2)c(S(=O)(=O)C(C)(C)C)cc(c23)c(ncn3)N[C@H](C)c4ccccc4,-6.715,34,-0.1975
COc1ccc(cc1OC)-c2cc(C)nc(n2)NCCSc3ccccc3,-6.715,27,-0.2487037037037037
Cn1c(=O)cncc1-c(c(=O)n2C)c(C)c(c23)cnc(n3)NCc4ccccc4,-6.715,29,-0.23155172413793104
Cc1cccc(c1)-c2ncc(-c3ccnc(=O)n3C)c(n2)NCc4cccc(c4)N5CCCCC5,-6.715,35,-0.19185714285714286
c1cc(F)ccc1-c(c2C)c(=O)n(CC)c(c23)nc(nc3)N[C@H](C)c4cc(C)cc(N)c4,-6.714,32,-0.2098125
COc1ccccc1-c(cn2)c(n23)nc(-c4ccccc4Cl)nc3NCC[NH+]5CCCCC5,-6.714,33,-0.20345454545454547
Cc1ccc(cc1)[C@H]([NH3+])Nc(nc2)nc(c23)nc(-c4cc(C)n(n4)C)c(c3)-c5[nH+]ccn5C,-6.713,33,-0.20342424242424242
c1cccc(c12)nc(-c(cn3C)ccc3=O)nc2NCC(=O)N4CCOCC4,-6.713,28,-0.23975
CCn1nc(cc1C)-c(cc2)cc(c23)ncnc3NCC(F)(F)c4ccc(N)cc4,-6.712,30,-0.2237333333333333
Cn1c(C)[nH+]cc1-c2cnn(c23)c(N[C@@H](C)c(cc4)ccc4CC)cc(n3)-c5cncc(c5)C[NH+](C)C,-6.712,37,-0.1814054054054054
Cc1ccc(cc1)[C@H](O)CNc(nc2)nc(c23)nc(-c4ccc(cn4)C(=O)N)c(c3)-c5ccccc5,-6.711,36,-0.18641666666666667
FC(F)(F)c(c1)cc(N)cc1[C@H](C)Nc(ncn2)c(c23)cc(-c4ccc(Cl)c(F)c4)c(c3)-c5ccc(=O)n(c5)CC(=O)N,-6.711,43,-0.15606976744186046
FC(F)(F)c1cccc(c1)-c(cc2)cc(c23)nc(c4c3cncn4)NCC[NH+]5CCCCC5,-6.71,33,-0.20333333333333334
C[NH+](C)Cc1ncccc1-c(c(=O)n2-c3cccc(F)c3)c(C)c(c24)cnc(n4)N[C@H](C)c5ccccc5,-6.71,38,-0.17657894736842106
Cc1ccsc1-c(cc2)nc(c23)c(NCCCO)nc([nH+]3)N[C@H](C)c4cccc(C)c4C,-6.71,32,-0.2096875
Cn1cncc1-c(nc(C)c2)c(c23)nc(nc3)N[C@H](C)c4ccc(C)c(C)c4,-6.71,28,-0.23964285714285713
C1COCCN1CC(=O)c2cc(-c(c3)cccc3C)cc(c24)cnc(n4)N[C@H](C)c5ccccc5C,-6.709,36,-0.1863611111111111
CN(C)C(=O)Cn1cc(ccc1=O)-c2cnc(nc2-c3cccs3)NC[C@H](O)c4ccccc4,-6.708,34,-0.19729411764705884
NC(=O)Cc(nc1)ccc1-c(n2)cc(N[C@@H](C)c(c(C)c3)ccc3C)n(c24)ncc4-c(c5)cn(c56)cccc6,-6.707,39,-0.17197435897435898
c1cc(O)ccc1-c(nc(C)c2)c(c23)nc(nc3)N[C@H](C)c4ccc(F)cc4,-6.707,28,-0.23953571428571427
CCCn1ccnc1-c(cc2)cc(c23)ncnc3NCc4ccc(C)cc4,-6.707,27,-0.2484074074074074
COc(c1)c(O)ccc1-c(cnc2NC)c([nH+]2)N[C@H](C)c3cc(C)cc(C)c3,-6.707,28,-0.23953571428571427
COc1cc(ccc1O)-c2cnc(nc2-c3oc(N)nc3C)NCc4ccccc4C,-6.706,31,-0.2163225806451613
c1ncccc1-c(n2)ccc(c23)[nH+]c(N[C@H](C4)CCN4CC)nc3NC[C@H](O)c5cc(C)cc(C)c5,-6.706,36,-0.1862777777777778
c1ccccc1-c(c2C)c(=O)n(-c(n3)ccn3CC)c(c24)nc(nc4)N[C@H](C)c5cccc(c5)OC,-6.705,36,-0.18625
Cc1ccc(cc1)[C@H](C)Nc(nc2)nc(c23)nc(c(c3)-c4cnn(C)c4)-c5ccc(C(=O)N)cc5,-6.705,35,-0.1915714285714286
C1CCCC[NH+]1CC[C@@H](C)Nc(c(c23)ncn3C)nc(n2)-c4ccccc4F,-6.705,28,-0.2394642857142857
COc1cccc(c1)-c(n2)c(-c3ccc(=O)n(c3)CCO)cc(c24)cnc(n4)N[C@H](C)c5cccc(C(F)(F)F)c5,-6.704,41,-0.16351219512195123
Cc1ccc(cc1)CNc2ncc(-c3ccnn3C)c(n2)-c4ccccc4,-6.704,27,-0.2482962962962963
FC(F)(F)c(c1)cccc1[C@H](C)Nc(ncn2)c(c23)cc(-c4cccnc4)c(c3)-c5ccn(c5)[C@H](C(=O)N(C)C)N6CCCCC6,-6.704,46,-0.1457391304347826
COc1cccc(c1)-c(cn2)c(n23)nc(nc3NCCO)CCc4ccccc4,-6.704,29,-0.23117241379310344
Cc1cccc(c1)[C@H](C)Nc(nc2)nc(c23)n(C)c(=O)c(c3C)-c4cnc(o4)C,-6.704,29,-0.23117241379310344
CCc1ccc(cc1)[C@H](C)Nc(c(c23)ncn3C)nc(n2)-c4ccc(C)cc4,-6.703,28,-0.23939285714285716
C1OCC1(O)c(c2)cccc2[C@H](C)Nc(n3)c(ncnc4)c4c(c35)ccc(c5)-c6cncc(N)c6,-6.703,35,-0.19151428571428572
c1cc(F)ccc1-c(cc2C)nc(n2)NCc(cc3)cc(c34)cccc4,-6.702,26,-0.25776923076923075
O[C@@H]1CCN(C1)CCNc(c(c23)nccn3)nc(c2)-c4ccc(Cl)cc4,-6.702,26,-0.25776923076923075
Cc1ccc(cc1)CNc2nc(-c3cc(C)on3)ncc2-c4cccc(C#N)c4,-6.701,29,-0.23106896551724138
Cc1ccnc(c1)CNc(nc(n2)-c3ccc(O)cc3)n(c24)ncc4-c5cccs5,-6.7,30,-0.22333333333333333
c1ncccc1-c(cc2C)nc(n2)NCCSc3ccccc3,-6.7,23,-0.29130434782608694
Fc1c(F)cccc1-c2cc(-c(cc(n3)C(=O)N)cc3NC(=O)C)cc(c24)cnc(n4)N[C@H](C)c5ccc(C)cc5,-6.699,41,-0.16339024390243903
[NH3+]CCNc(n1)nc(cc1C)-c2cccnc2C,-6.699,18,-0.37216666666666665
[NH3+]CCc1ccccc1-c(c(c2)NC(=O)C)cc(c23)ncc(C#N)c3NC[C@H](O)c4ccccc4,-6.699,35,-0.1914
c1ccccc1-c2cnn(c23)c(N[C@@H](C)c(cc4)ccc4C(C)C)cc(n3)-c5ccc(cc5)OCC(=O)N,-6.698,38,-0.17626315789473684
C[C@H]1CC[N@@H+]1[C@H](C(C)C)Nc(n2)c(ncnc3)c3c(c24)ccc(c4)-c5cccc(C(F)(F)F)c5,-6.697,34,-0.19697058823529412
CNc(n1)c(C(=O)N)c(n12)nc(C)cc2Cc3cccc(C)c3,-6.697,23,-0.2911739130434783
c1cccc(c12)nc(-c3cnccc3)nc2NCCC[NH+]4CCCCC4,-6.697,26,-0.2575769230769231
Cc1cccc(c1)[C@H](C)Nc(c(c23)nccn3)nc(c2)-c4ccco4,-6.697,25,-0.26788
Cc1cccc(c1)-c(c2)nc(c(c23)nccn3)N[C@H](C)[NH2+]C(C)C,-6.697,24,-0.2790416666666667
FC(F)(F)c(c1)cccc1[C@H](C)Nc(cc(n2)-c3ccccc3)n(c24)ncc4-c5cncs5,-6.696,33,-0.2029090909090909
c1ccccc1CNC(=O)CNc(c(c23)nccn3)nc(c2)-c4ccco4,-6.696,27,-0.248
FC(F)(F)c(c1)cc(N)cc1[C@H](C)Nc(nc2)nc(c23)c(-c4ncnn4C)cc(c3)-c5ccncc5,-6.696,36,-0.186
CCc1cccc(c1)-c(cc2)nc(c23)c(N[C@H](C)c4ccccc4C)nc([nH+]3)NCc5cccc(c5)OC,-6.696,38,-0.17621052631578946
Cn1ccnc1-c(cc2)nc(c23)c(NC(C)C)nc([nH+]3)N[C@H](C)c4cc(N)cc(C(F)(F)F)c4,-6.696,34,-0.19694117647058823
COc1cc(ccc1O)-c2cnc(nc2-c3ccncc3)NCc4ccccc4C,-6.694,30,-0.22313333333333332
Cc1noc(n1)-c2cnc(NCc3ccc(O)cc3)nc2-c4ccccc4,-6.692,27,-0.24785185185185185
CSc1cccc(c1)Cc(cc2-c3ccn(n3)C(C)C)cc(c24)ncnc4NC(F)(F)c5ccc(C(F)F)c(N)c5,-6.692,41,-0.16321951219512196
Cn1ccc(n1)Nc2ncc(-c3cnccn3)c(n2)NCc4ccccc4,-6.692,27,-0.24785185185185185
c1cc(O)ccc1-c(n2)nc(NC(F)(F)CO)n(c23)ncc3-c4cccs4,-6.692,27,-0.24785185185185185
c1ccccc1-c2cc(-c(cc3OC)ccc3OC)cc(c24)cnc(n4)NCc5cc(C)cc(C)c5,-6.692,36,-0.18588888888888888
Cc1cccc(c1)[C@H](C)Nc(c(c23)cccc3)nc(n2)-c4ccnnc4C,-6.692,27,-0.24785185185185185
CC(C)c1cc(on1)-c2cnc(-c3cccc(F)c3)nc2N[C@H](C)c4cccc(c4)[C@H](C)O,-6.692,33,-0.2027878787878788
Fc(c1)cccc1-c(n2)nc(NCC[NH3+])n(c23)ncc3-c4cccs4,-6.691,25,-0.26764
Fc1ccccc1-c(c(=O)n2CC(=O)N(C)C)c(C)c(c23)cnc(n3)N[C@H](C)c4ccccc4,-6.69,34,-0.19676470588235295
Cc1ccc(cc1)C[N@H+](C)CCNc(n2)c(C(=O)N)c(n23)nc(-c4cccs4)cc3-c5ccncc5,-6.69,36,-0.18583333333333335
Cc1ccc(cc1)-c(c2C)c(=O)n(-c3ccc(=O)oc3)c(c24)nc(nc4)NCc5cc(C)ccc5C,-6.69,36,-0.18583333333333335
Cc1cccc(c1)[C@H](C)Nc(nc2)nc(c23)c(nc(c3)C)-c4ccncc4,-6.689,27,-0.24774074074074073
Cc1ccc(cc1)CNc2nc(-c3ccoc3C(F)(F)F)ncc2-c4cccc(C#N)c4,-6.689,32,-0.20903125
c1ccccc1CNc(nc2N[C@H](C)CO)ncc2-c3ccccn3,-6.688,25,-0.26752
[NH3+]Cc(c1)cccc1[C@H](C)Nc(c(c23)nccn3)nc(c2)-c4ccncc4,-6.688,27,-0.2477037037037037
n1ccccc1-c(c2)nc(c(c23)nccn3)Nc4cccnc4,-6.687,23,-0.2907391304347826
Cc(c1)cccc1[C@@H](C)Nc(nc2)nc(c23)nc(c(c3)CC)-c4cccc(c4)C(=O)N5CCCOCC5,-6.687,37,-0.18072972972972973
c1ccccc1-c(n2)ccc(c23)nc(NCC)nc3NC[C@H]([NH3+])c4ccccc4,-6.687,29,-0.23058620689655174
Cc(n1)occ1-c(cc2)nc(c23)c(NC(=O)C)nc(n3)N[C@H](C)c4ccccc4,-6.686,29,-0.23055172413793104
n1cccnc1-c(c2)cc(-c(c(=O)n3C)cn3CCC)c(c24)nc(nc4)NCc5cc(C)cc(C)c5,-6.686,36,-0.18572222222222223
Cc1cccc(c1)[C@H](CO)Nc(nc2)nc(c23)n(-c4ccccn4)c(=O)c(c3C)-c5ccc(F)cc5,-6.686,36,-0.18572222222222223
c1cccc(c12)c(ccn2)-c(cc3C)nc(n3)NC[NH2+]C4CCCC4,-6.686,25,-0.26744
CN[C@H](C)C(=O)Cn1ccnc1-c(cc2)nc(c23)c(NCC[NH+]4CCOCC4)nc([nH+]3)N[C@H](C)c5cccc(C)c5,-6.686,41,-0.16307317073170732
CN(C)c(c1)cccc1-c(cn2)c(n23)nc(-c(c4)cccc4OC)nc3N[C@H](C)c5cccc(C)c5,-6.685,36,-0.18569444444444444
n1cc(F)ccc1-c(c2C)c(=O)n(-c(n3)ccn3CC)c(c24)nc(nc4)N[C@H](C)c5cccc(c5)OC,-6.685,37,-0.18067567567567566
Cc1ccccc1[C@H](C)Nc(nc2)nc(c23)n(C)c(=O)c(c3C)-c4cccs4,-6.685,28,-0.23875
COc(c1)c(N)cc(c12)c(ncn2)NCC(=O)Nc3cccc(F)c3,-6.684,25,-0.26736
COc1ccc(cc1)-c(nc(c23)cccc3)nc2N[C@H](C)C(=O)NCc4ccccc4,-6.683,31,-0.21558064516129033
C[NH+](C)C\C=C\[C@@H](C)Nc(c(c12)ncn2C)nc(n1)-c3ccc(F)cc3,-6.682,26,-0.257
c1cc(F)ccc1-c2cc(C)nc(n23)c(C(=O)N)c(n3)Nc4ccccc4,-6.681,27,-0.24744444444444444
c1cc(F)ccc1-c(cn2)c(n23)nc(-c(cc4)ccc4C)cc3N[C@H](C)c5ccc(C)cc5,-6.681,33,-0.20245454545454544
CCn1cncc1-c(c2)c(-c3cnc(=O)n(C)c3)cc(c24)ncnc4N[C@H](C)c5ccccc5,-6.681,34,-0.1965
C[NH+](C)CC(=O)c(cc1)cc(c12)ncnc2NCCc3ccc(F)cc3,-6.681,26,-0.25696153846153846
Cc1ccccc1[C@@H](C)Nc2cc(-c(cc3)ccc3C)nc(n24)c(cn4)-c5cccc(n5)CC(=O)N6CCCCCC6,-6.68,42,-0.15904761904761905
Cc1ncc(o1)-c(cn2)c(n23)nc(-c4cccc(F)c4)cc3NCc5ccc(C(F)(F)F)cc5,-6.68,34,-0.19647058823529412
Cc1cc(C)cc(c1)[C@H](C)Nc(nc2)nc(c23)c(nc(c3)C)[C@@H]4CCC[N@H+](C)C4,-6.679,29,-0.23031034482758622
Cc1cccc(c1)OCCNc2nc(-c3ccn(n3)C)ncc2-c4cccc(C(F)(F)F)c4,-6.678,33,-0.20236363636363636
Cc1ccc(cc1)C[N@H+](C)CCNc(n2)c(C(=O)N)c(n23)nc(-c4cnn(C)c4)cc3-c5ccccc5,-6.677,37,-0.18045945945945946
c1cnccc1-c(c2C)c(=O)n(-c(nc3)ncc3C)c(c24)nc(nc4)Nc5cccc(c5)N(C)C,-6.676,35,-0.19074285714285716
c1ccccc1[C@H](C)CNc2nc(-c3ccc(F)cc3)ncc2-c4ccccc(=O)c4,-6.675,31,-0.21532258064516127
O1CC(=O)c(c12)ccnc2-c3cnc(-c4ccncc4)nc3NC[C@H](O)c5ccc(F)cc5,-6.675,33,-0.20227272727272727
c1ncccc1-c(cc2C)nc(n2)NCc(cc3C(F)(F)F)nc(c34)CCC4,-6.675,28,-0.23839285714285713
FC(F)(F)c(c1)cc(N)cc1[C@H](C)Nc(n2)c(nc(nc3)NC4CC4)c3c(c25)ccc(c5)-c6ccccn6,-6.673,38,-0.17560526315789474
Cc1ccc(cc1)CNC(=O)c2cc(cn(C)c2=O)-c3cc(nc(n3)C)Nc4ncc(s4)-c5ccncc5,-6.673,38,-0.17560526315789474
COCCNc(nc1NC)[nH+]cc1-c2ccc(OC)cc2,-6.673,21,-0.31776190476190475
CCn1cc(cn1)-c(cc2)cc(c23)ncnc3NC(=O)Nc4ccccc4C,-6.672,28,-0.23828571428571427
Cc1cc(C)c(cn1)NC(=O)Cc2cccc(c2)-c(nc(n3)C)c(c34)scc4,-6.672,28,-0.23828571428571427
n1cn(C)cc1-c(cn2)c(n23)nc(-c(c4)cccc4C)cc3N[C@H](C)c5ccc(C)c(N)c5,-6.67,33,-0.20212121212121212
c1ccccc1-c(cc2C)nc(n2)NCCSc3ccccc3,-6.67,23,-0.29
Cc(c1)cccc1C(=O)Nc2cc(-c(cc3)ccc3C)nc(n24)c(cn4)-c5cnccc5C[NH3+],-6.667,34,-0.19608823529411765
O[C@@H]1CCN(C1)CCNc(c(c23)nccn3)nc(c2)-c4ccccn4,-6.667,25,-0.26668
Cc1onc(C)c1-c(c2C)c(=O)n(CC)c(c23)nc(nc3)N[C@H](C)c4cccc(c4)OC,-6.666,32,-0.2083125
COc1ccccc1-n(c(=O)c(c2C)-c3cnccn3)c(c24)nc(nc4)N[C@H](C)c5ccccc5,-6.665,35,-0.19042857142857142
Cc1cccc(c1)CNc(nc([nH+]2)NC(C)C)c(c23)nc(cc3)-c4ccc(cc4)C(=O)N(C)C,-6.665,34,-0.1960294117647059
COc1cccc(c1)[C@H](C)Nc(nc2)nc(c23)n(C)c(=O)c(c3C)-c4ccc(C)cc4OC,-6.663,33,-0.20190909090909093
CC[C@](F)(C)c1cc(N)cc(c1)[C@H](C)Nc(cc(n2)-c3cccc(C)c3)n(c24)ncc4-c5ccccc5,-6.663,37,-0.1800810810810811
COc1cccc(c1)-c2cnc(-c3cccc(c3)C(=O)N)nc2NC[C@H](C)c4ccccc4,-6.663,33,-0.20190909090909093
Cn1cc(cn1)Nc(c(C#N)cn2)c(c23)cc(c(c3)-c4ccc(=O)n(C)c4)NC[C@H](O)c5ccccc5,-6.663,37,-0.1800810810810811
Cc1ccc(C)c(c1)CNc(nc2)nc(c23)n([C@H](C)c4ccccc4)c(=O)c(c3C)-c5ccc(=O)n(c5C)N(C)CC(=O)N,-6.662,44,-0.1514090909090909
c1cnccc1-n2c(=O)c(-c3sccc3F)c(C)c(c24)cnc(n4)N[C@H](C)c5ccccc5,-6.661,33,-0.20184848484848483
Cc1ccc(cc1)[C@H](O)CNc(nc(n2)-c3[nH+]ccn3C)n(c24)ncc4-c5cccnc5,-6.66,32,-0.208125
CC[N@H+](C)CCNc(n1)c(C(=O)N)c(n12)nc(-c3ccncc3)cc2-c4ccc(O)cc4,-6.66,32,-0.208125
CCc1cccc(c1)-c(cn2)c(n23)nc(cc3NC(=O)C[NH2+]C)-c4cccc(c4)C(=O)N,-6.659,32,-0.20809375
CNC(=O)n1cc(ccc1=O)-c(c2)c(OC)cc(c23)ncnc3NC[C@H](F)c4cc(N)cc(C(F)(F)F)c4,-6.659,38,-0.17523684210526316
Cc1c(N)cc(C)cc1[C@@H](C)Nc2cc(-c(cc3)ccc3C)nc(n24)c(cn4)-c5ncccc5C(=O)N(C)C,-6.659,39,-0.17074358974358975
s1cccc1-c(cn2)c(n23)nc(-c(c4)cccc4OC)nc3NCc5cc(C)cc[nH+]5,-6.659,31,-0.2148064516129032
Cc1cc(N)cc(c1)[C@H](C)Nc(c(c23)ncn3C)nc(n2)-c4nc(C)cn4C,-6.659,28,-0.23782142857142857
Fc1ccc(cc1)-c(cc2)cc(c23)ncnc3NCNc4cccc(C(F)(F)F)c4,-6.659,30,-0.22196666666666667
Cc1noc(C)c1-c(cc2)nc(c23)c(N[C@@H]4CC[N@@H+](C)CC4)nc([nH+]3)N[C@H](C)c5cc(N)cc(C(F)(F)F)c5,-6.657,39,-0.1706923076923077
n1ncccc1-c(c2C)c(=O)n([C@@H](C)c(c3)cccc3C)c(c24)nc(nc4)NCc5cc(C)ccc5C,-6.657,37,-0.17991891891891892
COCCNc(nc1NC)ncc1-c2ccc(OC)cc2,-6.656,21,-0.31695238095238093
FC(F)(F)c(c1)cccc1[C@@H](C)c2nc(NC(F)(F)F)ncc2-c3cccn3CC(=O)N,-6.656,32,-0.208
NC(=O)c1ccc(cc1)-c(cc2)cc(c23)nc(c4c3cncn4)NCc5ccccc5,-6.656,31,-0.21470967741935482
CNc1cc(C)ccc1-c(cc2-c3ccncc3)nc(n24)c(C(=O)N)c(n4)NCc5cccc(C)c5,-6.656,36,-0.18488888888888888
FC(F)(F)c(c1)cccc1-c(nc(C)c2)c(c23)nc(nc3)NCCc4ccccc4,-6.653,30,-0.22176666666666664
[NH3+]Cc(c1)cccc1C(F)(F)Nc(n2)nc(cc2C)-c3cnc(n3C)CC(=O)N4CCCCC4,-6.652,34,-0.19564705882352942
Cc1ccc(C)c(c1)NC(=O)CNc(nc(n2)-c3cccc(C(F)(F)F)c3)n(c24)ncc4-c5cccc(F)c5,-6.651,39,-0.17053846153846153
COCCn1c(cccc1=O)-c(cc2)cc(c23)ncnc3N[C@@H](C4)CO[C@@]4(C)c5cccc(C)c5,-6.651,35,-0.19002857142857144
Cc1cccc(c1)CNc(ncn2)c(c23)cc(-c4ccn(n4)C)c(c3)-c5ccccc5,-6.65,31,-0.21451612903225808
CC(C)Nc(n1)nc(cc1C)-c2ccncc2,-6.65,17,-0.3911764705882353
Cc1ccc(C)c(c1)CNc2ncc(-c3ccnn3C)c(n2)Nc4ccc(C)nc4,-6.649,30,-0.22163333333333332
FC(F)(F)c(c1)cc(N)cc1[C@H](C)Nc(nc2)nc(c23)nc(-c4cnccn4)c(c3)-c5ccc(O)cc5,-6.649,37,-0.1797027027027027
Cc1ccccc1-c(c2)cc(-c(cc(O)c3=O)nn3CC)c(c24)nc(nc4)N[C@H](C)c5cc(C)cc(N)c5,-6.649,38,-0.1749736842105263
CN(C)C(=O)Cn(n1)ccc1-c(c(c2)-c(c(C)c3)ccc3C)cc(c24)ncnc4N[C@@H]([C@H](C)O)c5ccccc5,-6.649,40,-0.166225
c1cnccc1-c(n2)ccc(c23)[nH+]c(N[C@@H](C)c(c4)cccc4CC)nc3NCc5ccccc5CO,-6.649,37,-0.1797027027027027
c1cc(Cl)ccc1-c(n2)ccc(c23)[nH+]c(NC)nc3NCCOc4cccc(F)c4,-6.648,30,-0.2216
CN(C)C(=O)C#CCn1c(=O)c(-c2ccccn2)c(C)c(c13)cnc(n3)N[C@H](C)c4cc(N)cc(C(F)(F)F)c4,-6.647,40,-0.16617500000000002
Cc1cccc(c1)CNc(n2)c(C(=O)N)c(n23)nc(cc3-c4ccon4)-c5ccccc5,-6.647,32,-0.20771875
Cc1ccccc1CNc2nc(N[C@@H]3CC[N@@H+](C)CC3)[nH+]cc2-c4cncc(F)c4,-6.646,30,-0.22153333333333333
CCn1nc(ccc1=O)-c(o2)c(-c3ccc(F)cc3)c(c24)c(ncn4)NCc5cc(N)cc(C(F)(F)F)c5,-6.645,38,-0.17486842105263156
c1ccccc1[C@@H](C)c(n2)cc(N[C@H](C)CO)n(c23)ncc3-c4cccc(C(F)(F)F)c4,-6.645,32,-0.20765625
c1cnccc1-c(c2)c(cc(c23)c(c(C#N)cn3)NCCO)NCCc4ccccc4,-6.644,31,-0.2143225806451613
C[NH+](C)Cc(nc1)ccc1-c(c2)c(cc(c23)c(c(C#N)cn3)NCC)N[C@H](C)c4cc(C)ccc4C,-6.643,36,-0.18452777777777776
Cc1cccc(c1)[C@@]2(C)C[C@@H](CO2)Nc(ncn3)c(c34)ccc(c4)-c5cccc(n5)C(=O)N(C)C,-6.642,35,-0.1897714285714286
c1cc(F)ccc1-c(c2C)c(=O)n(CC)c(c23)nc(nc3)N[C@H](C)c4ccc(OC)cc4,-6.64,32,-0.2075
C[NH+](C)[C@@H]1CC[C@@H](C1)c2cncc(c2)-c(nc(c34)n(cn4)C)nc3NCC[NH+]5CCOCC5,-6.64,33,-0.2012121212121212
c1cnccc1-c2cc(-c(cc3=O)ccn3CC)cc(c24)cnc(n4)N[C@H](O)Cc5cccc(C)c5,-6.64,36,-0.18444444444444444
COc1nccnc1-c2cnc(-c3cccc(c3)C(=O)N(C)C)nc2NC[C@H](O)c4ccccc4,-6.64,35,-0.1897142857142857
COc1ccc(cc1)CNc(c(c23)ncn3C)nc(n2)-c4cc(C)ccc4OC,-6.64,29,-0.2289655172413793
NC(=O)c(c1)cccc1-c2nc(ncc2-c(c3C)n(C)nc3C)N[C@@H]4CCCN(C4)c5cccc(C(F)(F)F)c5,-6.638,40,-0.16595
COc1cc(NC(=O)C)cc(c1)OCC(=O)Nc2nc(C)cc(n2)-c3ccncc3,-6.638,30,-0.22126666666666667
Cn1c(C)[nH+]cc1-c(cc2C)nc(n2)N[C@@H]3CCN(C3)[C@H](C)c4cccc(F)c4,-6.637,29,-0.22886206896551722
Cn(c1)c(=O)ncc1-c(nc(C)c2)c(c23)nc(nc3)Nc4ccn(C)c(=O)c4,-6.637,28,-0.23703571428571427
c1cnccc1-c2cnc(nc2-c(c3)cc(C)cc3C)NC(=O)NCc4ccccc4,-6.637,31,-0.21409677419354836
Cc(o1)ncc1-c(c2C)c(=O)n(CC)c(c23)nc(nc3)N[C@H](C)c4cccc(C)c4,-6.636,30,-0.2212
CCn1cc(c(n1)C)-c2cnc(-c3ccn(n3)C)nc2N[C@H](C)c4ccccc4,-6.636,29,-0.22882758620689655
FC(F)(F)c1cc(N)ccc1[C@H](C)Nc(ncn2)c(c23)cc(-c4ccccn4)c(c3)-c5cccc(c5)C(=O)OC(=O)N6CCCCC6,-6.636,47,-0.14119148936170214
Cn1ccc(n1)-c(cc2)cc(c23)nc(c4c3cncn4)NC(=O)NCc5cccc(F)c5,-6.636,32,-0.207375
COc1ccc(cc1)CNc2nc(N[C@H](C)c3ccc(o3)C)ncc2-c4cn(C)c(n4)C,-6.635,32,-0.20734375
[NH3+]CCNc1ncc(-c2cccc(Cl)c2)c(n1)Nc3ccc(F)cc3,-6.634,25,-0.26536000000000004
CCNc1nc(NC(=O)C[NH3+])ncc1-c2cc(Cl)ccc2OC,-6.634,23,-0.28843478260869565
Cc1cc(C)cc(c1)CNc(nc2)nc(c23)c(-c4ccn(C)c(=O)c4)cc(c3)-c5cnn(C)c5,-6.634,34,-0.19511764705882353
Cc1nc(co1)-c2cnc(-c3ccc(Cl)cc3)nc2NC(=O)C[NH+]4CCCC4,-6.633,28,-0.23689285714285716
COc1cccc(c1)CNc2nc([nH+]cc2-c3ncco3)N[C@H](C)c4cc(N)cc(C(F)F)c4,-6.632,34,-0.19505882352941176
c1cnccc1-c(c2C)c(=O)n(CC)c(c23)nc(nc3)N[C@H](C)c4cccc(O)c4,-6.631,30,-0.22103333333333333
COc1cccc(c1)-c2cc(C)nc(n2)NCc3ccc(C(F)(F)F)cc3,-6.63,27,-0.24555555555555555
Cc1ncc(n1CC)-c2cc(C)nc(n2)NCCSc3ccccc3,-6.629,25,-0.26516
c1ccccc1-c(o2)c(-c(n3)occ3C)c(c24)c(ncn4)NCCc5cccc(C(F)(F)F)c5,-6.629,34,-0.19497058823529412
Fc1ccccc1-c(nc(c23)n(C)cn2)nc3NCc4cccc(C(F)(F)F)c4,-6.628,29,-0.22855172413793104
c1cncc(c12)n(C[C@@H](F)N(C)C)c(n2)-c(cc3)cc(c34)ncnc4NCc5ccc(Cl)cc5,-6.627,34,-0.19491176470588234
Cc1cccc(c1)[C@H](C)Nc(nc2)nc(c23)n(C)c(=O)c(c3C)-c4ccccc4F,-6.627,30,-0.22089999999999999
COc1ccc(OC)c(c1)CNc(c(c23)ncn3C)nc(n2)-c4ccccc4,-6.627,28,-0.23667857142857143
Cc1noc(n1)-c2cnc(N[C@H](C)c3ccc(Cl)cc3)nc2-c4cccnc4,-6.627,28,-0.23667857142857143
Cc1ccc(cc1)[C@H](C)Nc(c(c23)ncn3C)nc(n2)-c4ccccc4F,-6.626,27,-0.2454074074074074
n1cccn1-c(c2C)cccc2-c(cc3C)nc(n3)NCCSc4ccccc4,-6.625,29,-0.22844827586206898
CCn1ccc(n1)-c(n2)c(-c3cccc(O)c3)cc(c24)cnc(n4)N[C@H](C)c5cccc(C)c5,-6.624,34,-0.1948235294117647
NC(=O)CNc1nc(-c2cccs2)ncc1Cc3cccs3,-6.624,22,-0.3010909090909091
FC(F)(F)c(c1)cc(N)cc1[C@H](C)Nc(ncn2)c(c23)cc(-c4ccc(=O)n(C)c4)c(c3)-c5ccc(=O)n(c5)CC(=O)N,-6.624,43,-0.15404651162790697
Cc1onc(C)c1-c(c2C)c(=O)n(CC)c(c23)nc(nc3)NCc4cccc(c4)C(C)C,-6.622,32,-0.2069375
Cn1c(=O)cc(nc1C)-c2cnc(nc2-c3ccoc3)N[C@H](C)c4ccccc4,-6.622,29,-0.2283448275862069
Cc1ccc(cc1)[C@H](C)Nc(cc(n2)-c3cc(C)on3)n(c24)ncc4-c5ccnn5C,-6.622,31,-0.21361290322580645
Cc1[nH+]cc(n1C)-c(cn2)c(n23)nc(-c4cncn4C)cc3NCc5ccc(Cl)cc5F,-6.622,32,-0.2069375
COc1ccc(cc1)[C@H](O)CNc(nc(n2)-c3ccc(N(C)C)cc3)n(c24)ncc4-c5ccnc(c5)OC,-6.621,38,-0.17423684210526316
COc1ccc(cc1)-c(cn2)c(n23)nc(-c4cccc(F)c4)nc3N[C@@H]5CC[N@@H+](C5)Cc6ccccc6,-6.62,37,-0.17891891891891892
c1ccccc1CNc(nc2N[C@@](C)([NH3+])CC)ncc2-c3cccc(Cl)c3,-6.618,27,-0.2451111111111111
COc1cccc(c1)-c(c2C)c(=O)n(-c3cncc(c3)NC(=O)C)c(c24)nc(nc4)NCc5cc(C)ccc5C,-6.618,40,-0.16545
CCn1cc(C)c(c1)-c(c2)c(OC)cc(c23)c(c(cn3)C#N)NC[C@H](O)c4cccc(c4)OC,-6.618,34,-0.19464705882352942
Cc1ccc(cc1C(=O)N)-c(c2)c(-c3cc(C)n(n3)C)nc(c24)nc(nc4)N[C@H](C)c5cccc(C(F)(F)F)c5,-6.617,40,-0.165425
OCCNc(c(cn1)C#N)c(c12)cc(c(c2)-c(cn3C)ccc3=O)NC(=O)NCC[C@@H]4CCCO4,-6.616,35,-0.1890285714285714
CCNc1ncc(-c2ccco2)c(n1)NCc3ccc(Cl)cc3,-6.616,23,-0.2876521739130435
Cc1cccc(c1)[C@H](C)Nc(c(c23)ncn3C)nc(n2)-c4cccc(F)c4,-6.616,27,-0.24503703703703703
CNc1ncc(-c2ccco2)c(n1)NCc3cccc(C)c3,-6.616,22,-0.30072727272727273
Cc(n1)n(C)cc1-c(c2C)c(=O)n(-c(n3)ccn3CC)c(c24)nc(nc4)N[C@H](C)c5cccc(c5)OC,-6.615,37,-0.1787837837837838
COc1cc(O)cc(c1)Nc(nc(n2)-c3ccc(N)cc3)n(c24)ncc4-c5nccs5,-6.613,31,-0.2133225806451613
COc(cc1)ccc1-c(nc2NCC)ncc2C[C@@H]3CC[N@@H+](CC)CC3,-6.611,26,-0.25426923076923075
FC(F)(F)c(c1)cc(N)cc1[C@H](C)Nc(nc2)nc(c23)c(-c4ncnn4C)cc(c3)-c5cc(n(C=O)c5)CCO,-6.611,40,-0.165275
c1oc(=O)ccc1-c(c(c2)OC)cc(c23)c(nc[nH+]3)N[C@H](C)c4cc(N)cc(C(F)(F)F)c4,-6.611,33,-0.20033333333333334
Cc1ccc(cc1)[C@H](C)Nc(c(c23)ncn3C)nc(n2)-c4cccc(F)c4,-6.61,27,-0.24481481481481482
CC(=O)Cn1cnc(=O)c(c1)-c(cc2)cc(c23)nc(NCc4cc(C)ccc4C)c5c3cnc(n5)NC6CC6,-6.61,39,-0.1694871794871795
Cc1ncccc1-c(cc2C)nc(n2)NCc3ccc(cc3C)N4CCCC4,-6.609,28,-0.2360357142857143
CNc1ncc(-c2cccs2)c(n1)NCC[NH3+],-6.608,17,-0.3887058823529412
CCN(C)C(=O)Cn1ccc(n1)-c(c2)c(-c3ccccc3)nc(c24)nc(nc4)NCc5cccc(C(F)(F)F)c5,-6.608,40,-0.16519999999999999
Cc1cccc(c1)CNc(n2)c(C(=O)N)c(n23)nc(cc3-c4ccco4)-c5ccccc5,-6.607,32,-0.20646875
Cc1cccc(c1)NC(=O)Nc(n2)c(C(=O)N)c(n23)nc(-c4[nH+]c(C)n(C)c4C)cc3-c5ccc(F)cc5,-6.607,38,-0.1738684210526316
Cc1cccc(c1)CNc(ncn2)c(c23)cc(-c4cc(C)c(=O)n(C)c4)c(c3)-c5cnn(c5)CC(=O)N(C)C,-6.606,39,-0.16938461538461538
Cc1ccc(cc1)CNc(c(c23)ncn3C)nc(n2)-c4cccc(F)c4,-6.605,26,-0.25403846153846155
Cc1cccc(c1)[C@H](CO)c(cc2NCCCO)nc(n23)c(cn3)-c4cccc(C(F)(F)F)c4,-6.605,34,-0.19426470588235295
Cn1c(C)ncc1-n2c(=O)c(-c3ccc(N)cc3)c(C)c(c24)cnc(n4)N[C@H](C)c5cc(N)cc(C(F)(F)F)c5,-6.605,40,-0.16512500000000002
NC(=O)c1cccc(n1)-c2ncc(c(n2)NCCO)-c3cccc(C(F)(F)F)c3,-6.605,29,-0.2277586206896552
CN(C)CC(=O)Nc(cc1OC)ccc1-c(c2)c(C3CCC3)cc(c24)c(ncn4)N[C@H](C)c5cccc(C(F)(F)F)c5,-6.604,42,-0.15723809523809523
FC(F)(F)c(cc1)ccc1[C@H](O)CNc(n2)c(ncnc3)c3c(c24)ccc(c4)-c5cccc(C(F)(F)F)c5,-6.604,38,-0.17378947368421052
Cc1ccc(cc1)[C@H](C)Nc(ncn2)c(c23)cc(-c4cnn(n4)C)c(c3)-c5cccc(c5)C(=O)OC(=O)N6CCCCC6,-6.604,43,-0.15358139534883722
OC[C@@H](C)Nc(ncn1)c(c12)cc(c(c2)-c3cnn(C)c3)-c4ccn(c4)CC(=O)N,-6.603,30,-0.2201
Cc1ccc(C)c(c1)CNc2ncc(-c3oc(C)nc3C)c(n2)N[C@H](C)c4cc(N)cc(c4)C(F)(C)C,-6.602,37,-0.17843243243243245
N#Cc(cn1)c(NC)c(c12)cc(c(c2)-c3cccs3)N[C@H](C)c4cccc(C)c4,-6.602,29,-0.22765517241379313
c1cc(F)ccc1-c(cn2)c(n23)nc(-c(cn4)ccc4OC)cc3N[C@H](C)c5cccc(C)c5,-6.602,34,-0.1941764705882353
c1ncccc1-c(n2)cc(-c(cc3)ccc3C)n(c24)nc(c4C(=O)N)NCc5cccc(C)c5,-6.602,34,-0.1941764705882353
CNc1cccc(c1)CCNc2nc(-c3ccc(C)nc3)ncc2-c4ccccc4,-6.601,30,-0.22003333333333333
Nc1ccc(cc1C)[C@H](C)Nc(nc2)nc(c23)n(C)c(=O)c(c3C)-c4cncc(=O)n4C,-6.6,32,-0.20625
Cc1cc(co1)-c(n2)c(-c3ccoc3)cc(c24)cnc(n4)N[C@H](C)c5ccccc5C,-6.6,31,-0.2129032258064516
c1ccccc1[C@@H](C)Nc(n2)ncc(c23)cc(-c(cn4)cn4CC)cc3-c5cnc(cn5)C(=O)N(C)Cc6cccc(F)c6,-6.6,44,-0.15
Cc1ccccc1-c(nc2NCC(=O)N)nc(c23)cccc3,-6.599,22,-0.2999545454545455
Cc1ccc(cc1)[C@H](O)CNc2nc(-c3cccnc3)ncc2-c4cccc(F)c4F,-6.598,31,-0.21283870967741936
CCn1ccc(n1)-c2ncc(-c3cccc(C(F)(F)F)c3)c(n2)N[C@H](C)c4ccc(C)cc4,-6.598,33,-0.19993939393939394
Cc1ccc(c(Br)c1)-c(n2)c(-c3ccn(C(=O)[O-])c3)cc(c24)cnc(n4)NCc5cccc(C(F)(F)F)c5,-6.597,38,-0.17360526315789473
Cc1ccccc1CNc2nc(NC[C@H](C)O)[nH+]cc2-c3ccc(nn3)N(C)C,-6.597,29,-0.22748275862068967
Cc1cccc(c1)CNc2nc(-c3ccc(F)cc3)ncc2-c4cccc(c4)C(=O)N,-6.597,31,-0.21280645161290324
CCn1nc(cc1C)-c(nc(C)c2)c(c23)nc(nc3)NCc4cccc(C)c4,-6.597,28,-0.23560714285714288
CCCOC(=O)c1ccccc1-c(cc(c2)-c3cccnc3)c(c24)nc(nc4)N[C@H](C)c5cc(C)cc(N)c5,-6.596,39,-0.16912820512820512
Cc(c1)cccc1-c(cn2)c(n23)nc(-c(c4)cccc4OC)cc3N[C@H](C)c5cc(C)cc(N)c5,-6.595,35,-0.18842857142857142
Cc(c1)cccc1[C@@H](C)Nc2nc(NC)[nH+]c(c23)ccc(n3)-c4c(C)noc4C,-6.595,29,-0.22741379310344828
Cc1ccccc1-c2cc(C)nc(n23)c(C(=O)N)c(n3)N[C@@H]4CC[N@H+](C)C4,-6.594,27,-0.24422222222222223
Cn1c(C)ncc1-c(cc2C)nc(n2)N[C@@H]3CCN(C3)[C@H](C)c4cccc(F)c4,-6.594,29,-0.22737931034482758
Cc1cccc(c1)Cn2cc(cn2)CNc(nc(n3)-c4ccnn4C)n(c35)ncc5-c6cccnc6,-6.594,36,-0.18316666666666667
Cc1cccc(c1C)[C@@H]2CC[C@@H]2Nc(cc(n3)-c4cnn(C)c4)n(c35)ncc5-c6c[nH+]c(C)n6C,-6.594,35,-0.1884
C[C@H](O)c(c1)ccn1-c2cc(-c(ccc3=O)cn3CC(C)C)cc(c24)cnc(n4)N[C@@](F)(C)c5cc(O)cc(c5)N(C)C,-6.593,43,-0.15332558139534883
Cc1ccc(cc1)[C@H](C)Nc(nc2)nc(c23)c(-c4ccc(C(=O)N)nc4)cc(c3)-c5ccn(C)c(=O)c5,-6.592,37,-0.17816216216216216
c1cc(F)ccc1-c(c(c2)NC(=O)C)cc(c23)ncc(C#N)c3NC[C@H](O)c4ccccc4,-6.591,33,-0.19972727272727273
c1ccccc1[C@H](O)CNc(nc(n2)-c3ccc(F)cc3)n(c24)ncc4-c5ccncc5,-6.59,32,-0.2059375
[NH3+]Cc(c1)cccc1[C@H](C)Nc(n/c2=[NH+]\CC[NH+](C)C)[nH]c(c23)ccc(n3)-c4ccc(F)cc4,-6.59,34,-0.1938235294117647
Fc1ccccc1-c(n2)nc(NC)n(c23)ncc3-c4c[nH+]c(C)n4CCO,-6.59,27,-0.24407407407407408
[NH3+]CCN1CCC(CC1)c(cc2)cc(c23)[nH+]cnc3NCCc4ccc(F)cc4,-6.59,29,-0.22724137931034483
CNC(=O)c1ncc(cn1)-c(c2)c(-c3ccccc3)nc(c24)nc(nc4)NCc5cccc(C(F)(F)F)c5,-6.589,38,-0.17339473684210527
C[C@H](O)[C@@H](C)Nc(c1C(=O)N)nn(c12)c(-c(c3)cccc3C)cc(n2)-c4cccnc4,-6.589,31,-0.2125483870967742
FC(F)(F)c(c1)cccc1[C@H](C)Nc(nc2)nc(c23)nc(-c4ccc(C(F)(F)F)cc4)c(c3)-c5cccc(c5)C(=O)N,-6.588,42,-0.15685714285714286
FC(F)(F)c(c1)cccc1[C@H](C)Nc(nc2NCCCO)[nH+]c(c23)ccc(n3)-c4ccnnc4,-6.588,34,-0.19376470588235295
c1ccccc1-c(c2C)c(=O)n(CC)c(c23)nc(nc3)N[C@H](C)c4ccc(F)cc4,-6.587,30,-0.21956666666666666
Cc1ccccc1CNc2nc(NCc3ccccc3Cl)ncc2-c4cccc(c4)C[NH3+],-6.586,32,-0.2058125
Cn1c(C)[nH+]c(C)c1-c(cnc2NC)c(n2)NCCc3ccccc3,-6.586,25,-0.26344
COc(c1)c(N)cc(c12)c(ncn2)NC(=O)Nc3ccc(OC)c(Cl)c3,-6.584,26,-0.2532307692307692
Fc1ccccc1-c(nc(c23)n(C)cn2)nc3N[C@@H]4CCCN(C4)CC[NH3+],-6.584,27,-0.24385185185185185
FC(F)(F)c(c1)c(Cl)ccc1N[C@@H](C)Nc(c(c23)ncn3C)nc(n2)-c4cccc(F)c4,-6.583,32,-0.20571875
C1CCCC[NH+]1C[C@H](OC)CNc2ncc(-c3ccccn3)c(n2)-c4ccccc4,-6.583,30,-0.21943333333333334
Cc1cccc(c1)[C@H](C)Nc(ncn2)c(c23)cc(S(=O)(=O)C(C)(C)C)c(c3)-c4ccc(C(=O)N)cc4,-6.583,36,-0.1828611111111111
CNc(n1)c(C(=O)N)c(n12)nc(C)cc2Cc(cc3)cc(c34)OCO4,-6.583,25,-0.26332
FC(F)(F)c(c1)cc(N)cc1[C@H](C)Nc(nc2)nc(c23)nc(c(c3)-c4ccc(O)cc4)-c5ccnc(c5)C(=O)N,-6.583,40,-0.164575
NC(=O)c(c1)cccc1-c(n2)cc(N[C@@H](C)c(cc3)ccc3C)n(c24)ncc4-c5ccc(F)cc5,-6.583,35,-0.1880857142857143
Cc1ccc(cc1)CNc(n2)c(C(=O)N)c(n23)nc(C)cc3-c4ccnnc4,-6.583,28,-0.23510714285714288
Cc1cccc(c1)CNc(nc2NCC(C)(C)O)[nH+]c(c23)ccc(n3)-c4ccncc4,-6.582,31,-0.2123225806451613
Brc1ccccc1-c(c2)c(cc(c23)c(c(C#N)cn3)NC(C)C)NC(=O)Nc4cccc(C(F)(F)F)c4,-6.582,37,-0.1778918918918919
c1ccccc1[C@@H](C)c(cc2)cc(c23)nc(NC[C@H](O)c4cc(N)cc(C(F)(F)F)c4)c5c3cnc(n5)NC6CC6,-6.581,41,-0.16051219512195122
[NH3+]CCNc(n1)nc(cc1C)-c2ccc(F)cc2,-6.581,18,-0.3656111111111111
Oc1ccccc1-c(n2)cc(NC[C@@H](C)c3ccccc3)n(c24)ncc4-c5ccc(F)cc5,-6.581,33,-0.19942424242424245
Cc1cccc(c1)C(=O)Nc(c(c23)nccn3)nc(c2)-c4cccc(F)c4,-6.581,27,-0.24374074074074076
Cc1cccc(c1)CNc2nc(-c3ccco3)ncc2-c4cccc(C#N)c4,-6.58,28,-0.23500000000000001
Cc1cccc(c1)CNc(nc2)nc(c23)c(nc(c3)C)-c4ccc(N(C)C)cc4,-6.58,29,-0.22689655172413795
Fc1ccc(cc1)CCNc(ncn2)c(c23)ccc(c3)-c4cccc(F)c4,-6.579,27,-0.24366666666666667
CC(C)c(c1)cccc1[C@@H](C)Nc2nc(N[C@H](C)C[C@H](C)N3CCOCC3)[nH+]c(c24)ccc(n4)-c5nn(C)cc5C(=O)N,-6.578,43,-0.1529767441860465
COc1cccc(c1)-c(n2)c(-c3ccnc(c3)C(=O)N(C)C)cc(c24)cnc(n4)NC(=O)[C@H]([NH3+])c5cccc(C)c5,-6.578,41,-0.1604390243902439
c1cccn(c12)c(cn2)-c(cc3C)nc(n3)N[C@@H]4CC[N@H+](C4)[C@H](C)c5cccc(F)c5,-6.577,31,-0.21216129032258063
Cc1ccc(c(C)c1)CNc(c(c23)nccn3)nc(c2)-c4ccc(nn4)[C@H](C)N(C)C,-6.577,31,-0.21216129032258063
Cc1cccc(n1)-c(n2)c(-c3cnc(C)nn3)cc(c24)cnc(n4)N[C@H](C)c5cccc(C(F)(F)F)c5,-6.577,37,-0.17775675675675676
COc1ccc(cc1)-c(cc2)nc(c23)c(N[C@H](C)C[NH+](C)C)nc([nH+]3)N[C@H](C)c4cccc(C(F)(F)F)c4,-6.577,38,-0.17307894736842105
Fc1cccc(c1)-c2ncc(-c3nccs3)c(n2)NCc4ccccc4,-6.577,26,-0.25296153846153846
CCOc1cccc(c1)C(=O)Nc2nc(C)cc(n2)-c3ccnc(n3)C,-6.577,26,-0.25296153846153846
Clc(c1)cccc1-c(cn2)c(n23)nc(-c(cc4)ccc4N)nc3Nc5ccc(C(=O)[O-])cc5,-6.577,33,-0.19930303030303032
C[N@H+](C1)CCC[C@H]1Nc2nc(NCc(c3)cccc3C)nc(c24)ccc(n4)-c5cccnc5,-6.577,33,-0.19930303030303032
Cc1ccc(cc1C)N[C@H](C)Nc(ncn2)c(c23)ccc(c3)-c4ccncc4,-6.576,28,-0.23485714285714285
Cc1ccccc1[C@H](C)Nc(nc(n2)-c3cccc(F)c3)n(c24)ncc4-c5cccc(c5)[C@H]([NH3+])O,-6.576,35,-0.18788571428571427
COc1ccc(cc1)-c2cc(C)nc(n2)NCc3ccc(C(F)(F)F)cc3,-6.575,27,-0.24351851851851852
C1CCC[NH+]1CCNc2nc(N[C@@H](C)c(c3)cccc3C)[nH+]c(c24)ccc(n4)-c5c(C)noc5C,-6.575,35,-0.18785714285714286
c1ncccc1-c(cn2)c(n23)nc(-c(ccc4OC)cc4[C@H](C)OC)nc3NCC(=O)NCc5cccc(C)c5,-6.575,40,-0.164375
c1cc(N)ccc1-c(n2)nc(Nc(cn3C)ccc3=O)n(c24)ncc4-c5cccnc5,-6.575,31,-0.2120967741935484
Cc1ccc(o1)-c2nc(ncc2CC[NH3+])NCc3cccc(F)c3,-6.575,24,-0.27395833333333336
COc1cccc(c1)-c(n2)c(-c3ccc(cn3)C(=O)N(C)C)cc(c24)cnc(n4)N[C@H](C)c5cc(C)ccc5C,-6.575,40,-0.164375
Cn1cc[nH+]c1-c(c(c2)OC)cc(c23)c(ncn3)NC[C@H](O)c4ccc(C)c(N)c4,-6.575,30,-0.21916666666666668
Cc1ccc(N)c(c1)-c(nc(C)c2)c(c23)nc(nc3)NCCc4ccccc4,-6.574,28,-0.2347857142857143
COC(=O)c1ccc(cc1)-c(c2)c(-c3ccc(C)c(=O)n3C)cc(c24)c(ncn4)N[C@H](C)c5cccc(C(F)(F)F)c5,-6.573,42,-0.1565
Cc1ncccc1-c(c2)cc(-c(cc(O)c3=O)nn3CC)c(c24)nc(nc4)N[C@H](C)c5cc(C)cc(N)c5,-6.572,38,-0.17294736842105263
CCCn1ncnc1-c2cnc(N[C@H](C)c3ccccc3)nc2-c4ccc(F)c(F)c4,-6.571,31,-0.21196774193548387
Cc(c1)nncc1-c(n2)cc(NC(=O)C[NH2+]C)n(c23)ncc3-c4ccccn4,-6.571,28,-0.23467857142857143
OCCNc(c(cn1)C#N)c(c12)cc(c(c2)-c(cc3)ccc3C)NCCc4ccccc4,-6.571,32,-0.20534375
Cc1cc(C)cc(c1)CNc2ncc(-c3ncccc3O)c(n2)-c4cccc(C)c4,-6.571,30,-0.21903333333333333
C[C@H]([NH3+])c1cccc(c1)-c2ncc(c(n2)NC3CCC3)-c4ccccc4[C@H](C)O,-6.57,29,-0.22655172413793104
[NH3+]Cc(c1)cccc1[C@H](C)Nc(c(c23)nccn3)nc(c2)-c4cc(F)ccc4F,-6.57,29,-0.22655172413793104
FC(F)(F)c(c1)cccc1[C@H](C)Nc(cc(n2)-c3ccccc3)n(c24)ncc4-c5ccncc5,-6.57,34,-0.19323529411764706
FC(F)(F)c(c1)cc(N)cc1[C@H](C)Nc(n2)c(ncnc3)c3c(c24)ccc(c4)-c5cc(C(=O)[O-])ccc5N,-6.569,38,-0.1728684210526316
COc1ccccc1-c2nc(NCc3ccc(C)cc3)ncc2-c4ccn(n4)CCC(=O)N,-6.569,33,-0.19906060606060605
FC(F)(F)c(c1)cccc1[C@H](CC)Nc(ncn2)c(c23)cc(-c4ccn(C)c(=O)c4)c(c3)-c5cc(ncn5)C[NH+](C)C,-6.567,42,-0.15635714285714286
c1cc(F)ccc1-c2cc(C)nc(n23)c(C(=O)N)c(n3)Nc4cccnc4,-6.566,27,-0.24318518518518517
n1ccccc1-c(c2)nc(c(c23)nccn3)Nc4cc[nH+]cc4,-6.566,23,-0.28547826086956524
Cc1cccc(c1)CNc2nc(NC(=O)Cc3ccccc3)ncc2-c4cccc(F)c4,-6.565,32,-0.20515625
Cc1cc(C)cc(c1)CNc(nc2)nc(c23)c(-c4cccc(F)c4)cc(c3)-c5noc(n5)CCC[NH+](C)C,-6.565,38,-0.17276315789473684
Fc1ccccc1-c(c2C)c(=O)n(CC)c(c23)nc(nc3)N[C@H](C)c4ccc(C)cc4,-6.563,31,-0.21170967741935484
FC(F)(F)c1cccc(c1)CNc2nc(NCc3ccccc3)ncc2-c4cncnc4,-6.563,32,-0.20509375
C1COCCN1CCNC(=O)CNc(cc(n2)-c3ccccc3O)n(c24)ncc4-c(c5)cn(c56)cccc6,-6.563,38,-0.17271052631578945
[NH3+]CCNc(n1)c(C(=O)N)c(n12)nc(-c3ccccc3F)cc2-c4ccc(F)c(F)c4,-6.562,31,-0.21167741935483872
Cc1ccccc1CNc(c2)c(-c3cccnc3)cc(c24)ncc(C#N)c4NCCO,-6.562,31,-0.21167741935483872
Cn1nccc1-c(cn2)c(n23)nc(-c(c(n4)C)cn4CC)cc3N[C@H](C)c5ccc(C)cc5,-6.561,33,-0.1988181818181818
CC(C)Cn(c(=O)c1)ccc1-c(c2)c(cc(c23)c(c(C#N)cn3)NCC)NC[C@H](C)c4cccc(c4)CC,-6.561,38,-0.1726578947368421
Cc1ccc(cc1)CNc(ncn2)c(c23)cc(-c4cn(C)c(n4)C)c(c3)-c5ccncc5,-6.56,32,-0.205
Cc1ccc(cc1)OCCNc(c(c23)nccn3)nc(c2)-c4cc(C)no4,-6.559,27,-0.24292592592592593
FC(F)(F)c1cccc(c1)CCNc(ncn2)c(c23)c(-c4cccs4)c(o3)-c5ccncc5,-6.559,33,-0.19875757575757577
c1cnccc1-c(cn2)c(n23)nc(-c(cc4)ccc4OC)cc3N[C@H](C)c5ccc(C)c(N)c5,-6.558,34,-0.19288235294117648
COc(cc1)ccc1-c(c2C)c(=O)n(CC)c(c23)nc(nc3)N[C@H](C)c4ccc(OC)cc4,-6.557,33,-0.1986969696969697
C1CC1Nc(n2)ncc3c2c(nc(c34)cc(cc4)CCCC)NC[C@H](O)c5cc(N)cc(C(F)(F)F)c5,-6.557,37,-0.17721621621621622
n1ccccc1-c(cc2C)nc(n2)Nc3cccc(Cl)c3,-6.556,21,-0.3121904761904762
NC(=O)c(cc1)ccc1-c(c2)c(cc(c23)c(c(C#N)cn3)NCC)NC(=O)c4cccc(C)c4,-6.555,34,-0.1927941176470588
Cc1cccc(c1)[C@H](C)Nc2ncc(-c3ccc(C(C)C)cc3)c(n2)-c4ccncc4,-6.555,31,-0.2114516129032258
n1cn(C)c(c12)nc(-c3cccs3)nc2N[C@@H]4CCCN(C4)CC[NH3+],-6.555,25,-0.2622
Cc1ccc(cc1)CC(=O)c2cnc(nc2-c3cccs3)NCc4ccc(CO)cc4,-6.555,31,-0.2114516129032258
Cc1ccc(cc1)CNc2ncc(c(n2)NCC(=O)N)-c3ccccc3,-6.555,26,-0.25211538461538463
n1ccccc1-c(cc2C)nc(n2)NCc3ccccc3,-6.554,21,-0.3120952380952381
n1ccnn1-c(c(c2)OC)cc(c23)c(ncn3)NC(=O)CNc4ccc(C)cc4,-6.552,29,-0.2259310344827586
Cc1cc(C)cc(c1)NC(=O)CNc(c(c23)cccc3)nc(n2)Cc4cc(C)ccc4C,-6.552,32,-0.20475
Cc1cccc(c1)[C@H](C)Nc(nc2)nc(c23)c(nc(c3)C)-c4cccc(c4)C(=O)N5CCOCC5,-6.55,35,-0.18714285714285714
Cn1cc(cn1)-c(cn2)c(n23)nc(-c4ccnn4C)cc3NCCc5ccc(C(F)(F)F)cc5,-6.55,34,-0.1926470588235294
FC(F)(F)c(c1)cc(N)cc1[C@H](C)Nc(ncn2)c(c23)cc(-c([nH+]4)n(CC(=O)N(C)C)c(c45)cccc5)c(c3)-c6cccc(=O)cc6,-6.549,47,-0.1393404255319149
n1ccccc1-c2cnc(nc2-c3cccnc3)NCC[N@@H+](CC4)Cc(c45)cccc5,-6.549,31,-0.21125806451612905
COc(c1)c(N)cc(c12)c(nc[nH+]2)NCc3cccc(c3)CO,-6.549,23,-0.2847391304347826
c1ncccc1-c(c2)c(cc(c23)c(NC)c(C#N)cn3)NC[C@H](O)c4ccccc4,-6.548,30,-0.21826666666666666
COc1cccc(c1)-c(c2C)c(=O)n(C[C@H](C)OC)c(c23)nc(nc3)NC[C@H](O)c4cccc(C)c4,-6.547,36,-0.1818611111111111
N#Cc1cccc(c1)C(=O)c2nc(NCCO)ncc2CCO,-6.546,23,-0.28460869565217395
NC(=O)CNc(n1)c(C(=O)N)c(n12)nc(-c3ccccc3)cc2-c4cccnc4,-6.546,29,-0.2257241379310345
c1cnccc1-c(cc2)nc(c23)c(NC(=O)C)nc(n3)N[C@H](C)c4ccccc4,-6.544,29,-0.2256551724137931
COc1cc(cc(c1)OC)NCC(=O)c(cc2)nc(c23)c(N[C@H](C)c4cccc(c4)C(C)C)nc([nH+]3)N[C@H](C)c5ccc(C)cc5,-6.544,46,-0.14226086956521738
FC(F)(F)c(c1)cccc1[C@H](CC)Nc(ncn2)c(c23)cc(c(c3)-c4ccccn4)-c5cccc(c5)C(=O)N,-6.544,39,-0.1677948717948718
s1cncc1-c(c2C)c(=O)n(CC)c(c23)nc(nc3)NCc4ccc(C)cc4,-6.542,28,-0.23364285714285712
c1ccccc1-c(cc2C)nc(n2)NCc(cc3)cc(c34)cco4,-6.542,24,-0.27258333333333334
Cc1ccc(C)cc1[C@@H](C)Nc(nc2NCOC)[nH+]cc2-c3cccc(c3)C(=O)NC(=O)[C@H]([O-])C(F)(F)F,-6.54,38,-0.17210526315789473
Cc1ccc(C)c(c1)-c(cc(n2)C)n(c23)nc(c3C(=O)N)NCc4ccccn4,-6.54,29,-0.22551724137931034
Cc1cccc(c1)-c(n2)c(-c3ccc(=O)n(C)c3)cc(c24)cnc(n4)NCc5cccc(C(F)(F)F)c5,-6.54,37,-0.17675675675675676
Cc1cccc(c1)-c(nc(c23)n(cn3)C)nc2NCc4ccccc4,-6.539,25,-0.26156
COc1cccc(c1)-c(c2C)c(=O)n(-c3cc(on3)OC)c(c24)nc(nc4)N[C@H](C)c5cccc(C)c5,-6.538,37,-0.17670270270270272
CCN(CC1)c(c12)ccc(c2)CNc(nc3)nc(c34)nc(-c5ccc(C(=O)[O-])cc5)c(c4)-c6ccccc6,-6.538,38,-0.17205263157894737
CCCCNC(=O)Nc(n1)c(ncnc2)c2c(c13)ccc(c3)-c4ccc(=O)oc4,-6.538,29,-0.22544827586206898
FC(F)(F)c(c1)cccc1[C@@H](C)Nc2nc(NCC)[nH+]c(c23)ccc(n3)-c4cccnc4C,-6.537,33,-0.1980909090909091
COc1cccc(c1)CNc2nc(ncc2-c3ncco3)N[C@H](F)c4cccc(C)c4,-6.534,31,-0.21077419354838708
Fc1ccccc1-c(n2)nc(NC[C@@H](O)c(cc3)ccc3C)n(c24)ncc4-c5ccc(C(=O)N)cc5,-6.534,36,-0.1815
O=c1ccc(cn1C)-c(cc2)cc(c23)nc(c4c3cncn4)Nc5cccc(O)c5,-6.533,30,-0.2177666666666667
[NH3+]CCCNc1nc(-c(c2)cc(C)cc2C)nc(n13)c(cn3)-c4cccs4,-6.532,27,-0.24192592592592593
Cc1nc(no1)-c(cc2)cc(c23)ncnc3NCC(F)(F)c4ccc(N)cc4,-6.532,28,-0.2332857142857143
Cc1cccc(c1)-c2cnc(NCc3ccccc3C)nc2-c4cccc(c4)C[NH+](C)C,-6.532,32,-0.204125
CCn1cc(cn1)Nc(ncn2)c(c23)cc(c(c3)OC)-c4ncccn4,-6.532,26,-0.25123076923076926
Cc1cccc(c1)[C@H](C)Nc(nc2)nc(c23)c(-c4cccc(F)c4)cc(c3)-c5ccccc5NC(=O)C(=O)C(=O)N(C)C,-6.531,43,-0.15188372093023256
Cc1ccc(C)c(c1)-c(n2)c(-c3ccccc3F)cc(c24)cnc(n4)N[C@H](C)c5cccc(C(F)(F)F)c5,-6.53,38,-0.1718421052631579
Clc1ccccc1-c(nc(C)c2)c(c23)nc(nc3)NCCc4ccccc4,-6.529,27,-0.24181481481481482
Cc1cccc(c1)CNc2nc(Nc3ccc(F)cc3)ncc2-c4cnnc(c4)C[NH+](C)C,-6.528,33,-0.1978181818181818
COc1cccc(c1)CNc2nc(NCCCO)ncc2-c3ccnn3C,-6.528,27,-0.24177777777777776
CN(C)C(=O)c(c1)cncc1-c(c(c2)OC)cc(c23)c(nc[nH+]3)NCc4cc(C)cc(C)c4,-6.528,33,-0.1978181818181818
NC(=O)c(c1)cccc1-c(cc2)nc(c23)c(NCc(c4)cccc4C)nc(n3)NC(=O)[C@H](C)c5cccc(N)c5,-6.527,40,-0.16317500000000001
o1cccc1-c(cc2C)nc(n2)NC(=O)Nc3ccccc3F,-6.527,23,-0.2837826086956522
COc1ccc(cc1)[C@H](O)CNc(nc(n2)-c3ccoc3)n(c24)ncc4-c5ccnc(c5)OC,-6.527,34,-0.19197058823529412
COc1cccc(c1)-c(c2C)c(=O)n(C)c(c23)nc(nc3)N[C@H](C)c4cccc(C(F)(F)F)c4,-6.526,34,-0.19194117647058823
NC(=O)CNc(n1)c(C(=O)N)c(n12)nc(-c3cccnc3)cc2-c4ccoc4,-6.526,28,-0.23307142857142857
Cn1cccc1-c2cc(C)nc(n23)c(C(=O)N)c(n3)N[C@H](C)c4ccc(N)cc4,-6.525,29,-0.225
Cc1ccccc1CCNc(nc2NCC[NH+](C)C)[nH+]c(c23)ccc(n3)-c4ccccc4F,-6.525,33,-0.19772727272727275
FC(F)(F)c(c1)cccc1[C@H](CO)Nc(nc2)nc(c23)c(-c4ccccc4)cc(c3)-c5ccccn5,-6.525,36,-0.18125000000000002
FC(F)(F)c(c1)cc(N)cc1[C@H](C)Nc(n2)c(ncnc3)c3c(c24)ccc(c4)/C/5=C/C=C\C(F)=C/C=C\5,-6.524,37,-0.17632432432432432
CN(C)CC(=O)c(cc1)cc(c12)ncnc2NCCc3ccc(F)cc3,-6.524,26,-0.2509230769230769
n1ccc(C(=O)N)cc1-c(cc2)nc(c23)c(NCC)nc([nH+]3)N[C@H](C)c4cccc(C)c4,-6.524,32,-0.203875
C1CCC[NH+]1[C@H](C)CNc(nc2)nc(c23)nc(-c4ccc(C(=O)N)cc4)c(c3)-c5ccncc5,-6.523,34,-0.1918529411764706
Cc1cccc(c1)[C@H](CO)Nc(nc2)nc(c23)n(-c4cnc(o4)C)c(=O)c(c3C)-c5ccc(F)cc5,-6.522,36,-0.18116666666666667
Cc1cccc(c1)NC(=O)CNc(nc2)nc(c23)c(nc(c3)C)-c4ccccc4,-6.522,29,-0.22489655172413794
CCn1cc[nH+]c1-c(c2)c(-c3cc(C)n(n3)C)nc(c24)nc(nc4)N[C@H](C)c5ccccc5,-6.522,33,-0.19763636363636364
NC(=O)Cn1ccc(c1)-c2ncc(-c3cccc(C(F)(F)F)c3)c(n2)NCC[NH+]4CCOCC4,-6.521,34,-0.1917941176470588
Cc1cc(N)cc(c1)[C@H](C)Nc(nc2)nc(c23)c(nc(c3)C)-c4cccnc4,-6.521,28,-0.23289285714285715
CCCn1cc[nH+]c1-c(cc2)cc(c23)ncnc3N[C@H](C)c4ccccc4C,-6.521,28,-0.23289285714285715
c1cc(F)ccc1CNC(=O)c2nc(NCCO)ncc2-c3ccccc3Cl,-6.52,28,-0.23285714285714285
Cc1cccc(c1)-c2cnc(NCc3ccccc3C)nc2-c4cc(cn4C)Cn5cccn5,-6.518,34,-0.19170588235294117
C[N@H+](C1)CCC[C@H]1Nc2nc(NCc(c3)cccc3C)[nH+]c(c24)ccc(n4)-c5cccnc5,-6.516,33,-0.19745454545454547
COc1ccccc1-c2nc(NCc3cccc(C(F)(F)F)c3)ncc2-c4ccc(=O)n(C)c4,-6.516,34,-0.19164705882352942
OC[C@@H]1[C@H](O)CCN1CCNc(n2)c(ncnc3)c3c(c24)ccc(c4)-c5cccc(C(F)(F)F)c5,-6.515,35,-0.18614285714285714
c1ccccc1[C@@H](O)CNc(nc2-c(n3)ccn3C)ncc2-c4ncccc4O,-6.515,29,-0.2246551724137931
CN(C)Cc1ncccc1-n2c(=O)c(-c3cccc(c3)C(=O)N)c(C)c(c24)cnc(n4)NC[C@H](O)c5cc(N)cc(C(F)(F)F)c5,-6.514,46,-0.1416086956521739
COc(cc1)ccc1-c(cnc2NC)c(n2)N[C@H](C)c3ccc(C)cc3,-6.514,26,-0.25053846153846154
CC(C)c1cccc(c1)NC(=O)c(c2)c(-c3ccccn3)nc(c24)nc(nc4)NCCO,-6.514,32,-0.2035625
COc1ccc(cc1OC)-c2cnc(N[C@H](C)c3ccccc3C)nc2-c4cc(ccn4)C(=O)NC(C)C,-6.514,38,-0.17142105263157895
Cc1cccc(c1)CNc(ncn2)c(c23)cc(c(c3)-c4cn(C)c[nH+]4)-c5ccc(cc5)C(=O)N6CCOCC6,-6.513,39,-0.167
Cc1ccc(cc1)[C@H](C)Nc(nc2)nc(c23)c(-c4ccn(C)c(=O)c4)cc(c3)-c5cnn(C)c5,-6.513,34,-0.19155882352941175
COc(c1)c(OC)cc(c12)c(nc[nH+]2)N[C@H](C)c3ccn(C)c3C,-6.513,24,-0.271375
Cc1ccc(cc1)[C@H](N)C(=O)Nc2ncc(-c3c(C)c(C)nn3C)c(n2)-c4ccccc4,-6.512,32,-0.2035
Cn(c1)ncc1-c(n2)ccc(c23)nc(N[C@@H](C)c4ccccc4)nc3N[C@H](C)[NH+]5CCCCC5,-6.51,34,-0.19147058823529411
c1ncccc1-c(cc2)nc(c23)c(Nc(c4)cccc4OC)nc([nH+]3)NCc5cccc(C(F)(F)F)c5,-6.509,37,-0.17591891891891892
Cc1ccc(C)c(c1)CNc2ncc(-c3ccc(C(F)(F)F)cc3)c(n2)Nc4ccccc4F,-6.509,34,-0.19144117647058825
Cc1cnc(cn1)-c(c2)c(-c3ccncc3)nc(c24)nc(nc4)NC(=O)NCc5cccc(C)c5C,-6.508,36,-0.1807777777777778
Cc1ccc(C)c(c1)CNc(nc2)nc(c23)n(-c4cccnc4)c(=O)c(c3C)-c5ccc(Cl)nc5,-6.508,35,-0.18594285714285713
Cc1ccc(cc1)CCNc(nc(n2)-c3cccs3)n(c24)ncc4-c5ccc(C)nc5,-6.507,31,-0.2099032258064516
Cc1cccc(c1)CNc(n2)c(C(=O)N)c(n23)nc(cc3-c4ccccc4F)-c5cccc(c5)C(=O)N(C)C,-6.506,39,-0.16682051282051283
C1OCC[C@H]1[N@@H+](C)CCNc(nc2NCC)ncc2-c3cccc(c3)OC,-6.505,27,-0.24092592592592593
Cc1ccccc1CCNc(nc2NCC[NH+](C)C)nc(c23)ccc(n3)-c4ccccc4F,-6.505,33,-0.1971212121212121
CC(=O)Nc1cccc(c1)-c(nc2NC[C@H](C)[NH3+])nc(c23)cccc3,-6.504,25,-0.26016
Cc1cccc(c1)Cc2cnc(Nc3ccccc3C(=O)N)nc2NCc4ccccc4,-6.503,32,-0.20321875
OCc1cccc(c1)-c(o2)c(-c3ccccc3O)c(c24)c(ncn4)NCCc5cccc(C(F)(F)F)c5,-6.501,37,-0.17570270270270272
COc1cccc(c1)-c(c(o2)-c3ccccc3)c(c24)c(ncn4)NC[C@H](O)c5ccc(C)cc5,-6.501,34,-0.1912058823529412
Cc1cccc(c1)C[C@H](O)Nc(ncn2)c(c23)ccc(c3)-c(n4)n(C[C@H](F)N(C)C)c(c45)c[nH+]cc5,-6.5,36,-0.18055555555555555
COc1ccc(cc1)-c2cc(C)nc(n2)NCCc3ccc(C)cc3,-6.5,25,-0.26
c1cnccc1-c(cc2C)nc(n2)N[C@@H]3CCC[NH2+]C3,-6.5,20,-0.325
COc1ccc(cc1)NC(=O)CN(C)c(c2)c(-c3[nH+]ccn3C)cc(c24)ncnc4N[C@H](C)c5cccc(C)c5,-6.5,40,-0.1625
Cn1nccc(c1=O)-c(cc2)cc(c23)ncnc3NCC(F)(F)c4ccc(N)cc4,-6.499,30,-0.21663333333333332
Nc1ccc(cc1)C(F)(F)CNc(ncn2)c(c23)ccc(c3)-c4cccnn4,-6.499,28,-0.23210714285714285
c1cc(Cl)ccc1-n2c(=O)c(-c3cnccn3)c(C)c(c24)cnc(n4)N[C@H](C)c5ccccc5,-6.499,34,-0.1911470588235294
Oc1cc(Cl)ccc1-c(c(c2)OC)cc(c23)ncc4c3cc(nc4N)[C@H](C)c5ccc(C(=O)N)cc5,-6.498,36,-0.1805
NC(=O)[C@@H]1CC[N@H+](CC1)CCNc(c(c23)nccn3)nc(c2)-c4ccco4,-6.497,27,-0.24062962962962964
NC(=O)Cn(c1=O)cccc1-c(nc(c23)n(C)cn2)nc3NCC[NH+]4CCOCC4,-6.497,30,-0.21656666666666666
Cc1ccc(cc1C)-c(cn2)c(n23)nc(-c4ccccc4)cc3NC[C@H](O)c5ccccc5,-6.496,33,-0.19684848484848486
Cc1cccc(c1)[C@H](O)CNc(cc(n2)-c3ccc(F)cc3C)n(c24)ncc4-c(c5)cn(c56)cccc6,-6.495,37,-0.17554054054054055
CC[NH2+]CCNc1nc(ncc1-c2ncco2)NCc3ccccc3Cl,-6.495,26,-0.24980769230769231
Cc1ccc(cc1)[C@H](O)CNc(nc(n2)-c3ccc(N)cc3)n(c24)ncc4-c5ccnc(c5)C(=O)N(C)C,-6.494,38,-0.17089473684210527
CCNc1ncc(-c2ccc(C(=O)N)cc2)c(n1)NCc3ccc(Cl)cc3,-6.494,27,-0.24051851851851852
C[C@@H]1CC[C@H]([O-])[N@H+](CC1)Cc2ccc(cc2)-c(c3)c(-c4ccc(=O)n(C)c4)cc(c35)ncnc5N[C@H](C)c6cccc(Cl)c6,-6.494,44,-0.14759090909090908
Cc1ccc(cc1)-c(n2)c(-c3cccc(F)c3)cc(c24)cnc(n4)N[C@H](C)c5cccc(C(F)(F)F)c5,-6.494,37,-0.17551351351351352
Cc1ccc(C)c(c1)[C@H](C)Nc(nc2)nc(c23)c(nc(c3)C)-c4ccn(c(=O)c4)[C@H](C)C(=O)N(C)C,-6.493,36,-0.1803611111111111
Cc1cc(C)cc(c1)CNc(nc2)nc(c23)c(cc(c3)-c4ccccn4)-c5ccncc5NC(=O)C(=O)N(C)C,-6.493,40,-0.162325
Cc1ccccc1[C@H](C)Nc(nc2)nc(c23)c(CCO)cc(c3)CCC[NH3+],-6.492,27,-0.24044444444444443
Cc1ccccc1[C@H](C)Nc(nc2)nc(c23)n(C)c(=O)c(c3C)-c4c[nH]ccc4=O,-6.492,30,-0.2164
c1cc(F)ccc1-c(n2)nc(NCC[NH3+])n(c23)ncc3-c4cccc(Cl)c4,-6.492,27,-0.24044444444444443
n1cc(C#N)c(NC(C)C)c(c12)cc(c(c2)OC)N[C@H](C)c3cccc(C)c3,-6.49,28,-0.2317857142857143
Cc1noc(C)c1-c2ncc(-c3cccnc3)c(n2)NC[C@H](O)c4ccccc4,-6.49,29,-0.22379310344827588
CC(=O)Nc1sccc1-c(cn2)c(n23)nc(-c4ccco4)cc3N[C@H](C)c5ccc(C)cc5,-6.489,33,-0.19663636363636364
c1ccccc1[C@@H](C)Nc2nc(NCC)[nH+]c(c23)ccc(n3)-c4cccnc4,-6.488,28,-0.23171428571428573
COc1ccc(cc1)-c(c2)c(OC)cc(c23)[nH+]cnc3N[C@H](C)c4ccccc4C,-6.488,30,-0.2162666666666667
CCn1cncc1-c2cc(C)nc(n2)N[C@@H]3CCN(C3)[C@H](C)c4cccc(F)c4,-6.488,29,-0.2237241379310345
FC(F)(F)c(c1)c(N)ccc1[C@H](C)Nc(ncn2)c(c23)cc(-c4nccn4CC(=O)N(C)C)c(c3)-c5cccc(c5)C(=O)OC(=O)N6CCCCC6,-6.488,52,-0.12476923076923077
Cc1cc(C)cc(c1)[C@H](C)Nc(nc2)nc(c23)c(nc(c3)C)[C@H](C)c4cc(N)cc(C(F)(F)F)c4,-6.488,35,-0.18537142857142858
COc1cccc(c1)CNc2nc(ncc2-c3noc(n3)C)NCc4cc(C)ccc4C,-6.486,32,-0.2026875
Fc1ccccc1-c(c(=O)n2CC[NH+](C)C)c(C)c(c23)cnc(n3)NCc4ccc(F)cc4,-6.486,33,-0.19654545454545455
Cc1cc(C)cc(c1)CNc(nc2)nc(c23)c(-c4ccc(=O)n(c4)CC(=O)N)cc(c3)-c5cc([C@H](C)N(C)C)nnc5C,-6.485,43,-0.1508139534883721
Cc1cccc(c1)CNc(nc2)nc(c23)c(nc(c3)C)-c4cccc(c4)NC(=O)[O-],-6.484,30,-0.21613333333333334
CCN1CCC[C@@H]1CNc(cc(n2)-c3ccc(C)cc3)n(c24)ncc4-c5cnccc5C[NH3+],-6.482,33,-0.19642424242424242
COc1cc(ccn1)-c(cn2)c(n23)nc(-c4cnn(n4)C)nc3NCCC(=O)NCc5ccccc5,-6.482,36,-0.18005555555555555
c1ccccc1[C@@H](C)[C@H](CO)Nc(ncn2)c(c23)ccc(c3)-c4cnn(C)c4,-6.481,28,-0.2314642857142857
Cc1ccc(cc1)-c(nc(c23)n(cn3)C)nc2NCc(cn4)cc(c45)cccc5C,-6.48,30,-0.21600000000000003
c1cnccc1-c2cc(C)nc(n23)c(C(=O)N)c(n3)N[C@@H]4CC[N@H+](C)C4,-6.48,26,-0.24923076923076926
CCc1ccc(cc1)[C@H](O)CNc(nc2)nc(c23)nc(-c4ccccn4)c(c3)-c5ccncc5C(=O)N,-6.48,37,-0.17513513513513515
COc1ccc(cc1N(C)C)-c(cc2)cc(c23)nc(NC(=O)C[NH3+])c4c3cncn4,-6.478,30,-0.21593333333333334
C1CCC[NH+]1CC/[NH+]=c2\nc(N[C@@H](C)c(c3)cccc3C)[nH]c(c24)ccc(n4)-c5c(C)noc5C,-6.477,35,-0.18505714285714286
c1ccccc1[C@H](C)Nc(c(c23)ncn3C)nc(n2)-c4ccc(F)cc4,-6.476,26,-0.24907692307692308
Fc(c1)cccc1-c(n2)cc(NCC(=[NH2+])N)n(c23)ncc3-c4ccnnc4,-6.476,27,-0.23985185185185184
C1CC1Nc(n2)ncc3c2c(nc(c34)cc(cc4)-c(c(c5C)C(=O)N)cn5C)N[C@H](C)c6cc([C@@H](F)O)cc(c6)C(F)(F)CO,-6.475,45,-0.14388888888888887
O=C([O-])Cn1nc(C)cc1-c(c(c2)OC)cc(c23)c(ncn3)NC[C@H](F)c4cc(N)cc(C(F)(F)F)c4,-6.475,37,-0.175
CC(=O)[C@H](N)c1cccc(c1)[C@H](C)Nc(nc2NCCCO)[nH+]c(c23)ccc(n3)-c4cc(C)ccc4C,-6.474,37,-0.17497297297297298
FC(F)(F)c(c1)cc(N)cc1[C@H](C)Nc(n2)c(ncnc3)c3c(c24)ccc(c4)-c5cccnc5,-6.474,34,-0.19041176470588236
Cc1cc(N)cc(c1)[C@H](C)Nc(nc2)nc(c23)c(nc(c3)C)-c4cnnc(c4)N(C)C,-6.474,31,-0.20883870967741935
NC(=O)c1cccc(c1)Nc(n2)c(C(=O)N)c(n23)nc(-c4ccc(F)cc4)cc3-c5ccc(F)cc5,-6.474,36,-0.17983333333333335
Cc1cccc(c1)[C@H](C)Nc(n2)c(C(=O)N)c(n23)nc(-c4ccc(o4)C)cc3-c5cccc(O)c5,-6.473,35,-0.18494285714285713
NC(=O)c1cccc(c1)-c(n(c23)nc(c3C(=O)N)NCCO)cc(n2)-c4ccccc4,-6.472,31,-0.2087741935483871
n1cccnc1-c(c(c2)OC)cc(c23)c(ncn3)Nc4cccc(O)c4OC,-6.472,28,-0.23114285714285715
Cc1ccc(cc1)CNc2ncc(-c3cc(C)co3)c(n2)-c4nonc4C,-6.472,27,-0.23970370370370372
Cc1ccccc1Cc2ncc(c(n2)N[C@H](C)C[NH3+])-c3c(C)noc3C,-6.472,26,-0.24892307692307694
Cn1ncnc1Nc(c(c23)nccn3)nc(c2)-c4ccccn4,-6.47,23,-0.28130434782608693
FC(F)(F)c1cccc(c1)NCNc(ncn2)c(c23)ccc(c3)-c4cccc(n4)C[NH+]5CCCC5,-6.47,35,-0.18485714285714286
CC[C@H](CO)Nc(n1)c(C(=O)N)c(n12)nc(-c3ccco3)cc2-c4ccccc4F,-6.47,30,-0.21566666666666665
Cc1cc[nH+]c(c1)CNc(nc(n2)-c3cccnc3)n(c24)ncc4-c5cccs5,-6.469,29,-0.2230689655172414
n1ccncc1-c(c2)c(cc(c23)c(c(C#N)cn3)NCC)N[C@H](C)c4ccc(C)cc4,-6.468,31,-0.20864516129032257
c1ccccc1-c(c(=O)n2CC(C)C)c(C)c(c23)cnc(n3)NCCc4ccccc4,-6.466,31,-0.20858064516129032
CCCn1cc(ccc1=O)-c(cc2)cc(c23)nc(NCc4cccc(C(F)(F)F)c4)c5c3cnc(n5)NC6CC6,-6.466,40,-0.16165000000000002
CC(=O)Nc1ccc(cc1)-c2nc(NCc3ccccc3)ncc2-c4ncccc4O,-6.465,31,-0.2085483870967742
n1ccnn1-c(c(c2)OC)cc(c23)c(nc[nH+]3)NCc4cccc(C(F)(F)F)c4,-6.464,29,-0.22289655172413794
Cc1cccc(c1)[C@H](C)Nc(nc2)nc(c23)n(-c4ccc(=O)n(C)c4)c(=O)c(c3C)-c5ccc(F)cc5,-6.464,37,-0.17470270270270272
Cc1ccc(cc1)-c2cc(C)nc(n2)NCc3ccc(C(F)(F)F)cc3,-6.462,26,-0.24853846153846154
c1cc(N)ccc1-c(n2)nc(Nc(cc3=O)ccn3C)n(c24)ncc4-c5ccco5,-6.462,30,-0.21539999999999998
Cc1cccc(c1)[C@H](C)Nc(nc(n2)-c3cccc(F)c3)n(c24)ncc4-c5cnccn5,-6.462,32,-0.2019375
c1ccccc1C[C@@H](O)Cc(cc2)cc(c23)ncnc3NCCc4ccc(F)cc4,-6.461,30,-0.21536666666666668
Cc1cccc(c1)CNc(nc2N[C@H](C)CO)[nH+]c(c23)ccc(n3)-c4cccnc4,-6.461,30,-0.21536666666666668
Cc(c1)cccc1CNc(nc2NCC)ncc2-c3ccccc3F,-6.46,25,-0.2584
Oc1ccccc1-c(n2)cc(N[C@@H](C)c(cc3)ccc3C)n(c24)ncc4-c5cccc(=O)cc5,-6.459,34,-0.1899705882352941
c1ncccc1-n2c(=O)c(-c3cncc(=O)n3C)c(C)c(c24)cnc(n4)NCC[NH+]5CCCCC5,-6.459,35,-0.18454285714285712
Cn1c[nH+]cc1-c(c2)c(cc(c23)c(c(C#N)cn3)NCC)NCCN(C)c4ccc(C)cc4,-6.458,33,-0.1956969696969697
COc(cc1)ccc1-c(nc2NCC)ncc2C[C@H](O)c3cccc(C)c3,-6.457,27,-0.23914814814814814
CCOc1ccccc1-c(c2C)c(=O)n(C)c(c23)nc(nc3)N[C@H](C)c4ccc(N)c(C(F)(F)F)c4,-6.457,36,-0.1793611111111111
Cc1cc(N)cc(c1)C(F)(F)Nc2ncc(-c3c(C)c(C)nn3C)c(n2)-c4cnn(C)c4,-6.456,32,-0.20175
COC(=O)c1ccc(cc1)-c(n2)c(-c3ccncc3)cc(c24)cnc(n4)N[C@H](C)c5cccc(C(F)(F)F)c5,-6.455,39,-0.1655128205128205
Cc1ccc(cc1C)N[C@H](C)Nc(ncn2)c(c23)ccc(c3)-c4ncnn4C,-6.455,28,-0.2305357142857143
c1ncccc1-c(n2)ccc(c23)[nH+]c(N[C@@H](C)c(cc4)ccc4C)nc3NC[C@H](O)c5cc(C)cc(C)c5,-6.454,38,-0.16984210526315788
CCNc(n1)c(C(=O)N)c(n12)nc(C)cc2-c3cccc(O)c3,-6.453,23,-0.28056521739130436
FC(F)(F)c(cc1)ccc1[C@H](C)Nc(nc(n2)NCC(=O)N)c(c23)nc(cc3)-c4cccc(=O)n4C,-6.453,36,-0.17925000000000002
n1ccnn1-c(c(c2)OC)cc(c23)c(nc[nH+]3)NCc4ccccc4C(F)(F)F,-6.452,29,-0.22248275862068964
Cc1cccc(c1)[C@H](C)Nc(nc2)nc(c23)c(nc(c3)C)-c4ccc(N(C)C)nc4,-6.452,30,-0.21506666666666666
Cc1cccc(c1)[C@H](C)Nc(nc2NC(=O)C[NH+](C)C)nc(c23)ccc(n3)-c4cccc(F)c4,-6.452,34,-0.18976470588235295
Cc1cccc(c1)CNc(n2)c(C(=O)N)c(n23)nc(-c4ccccc4F)cc3-c5ccc(C(F)(F)F)cc5,-6.452,38,-0.16978947368421052
Cc1ccc(cc1O)[C@H](C)Nc(c(c23)cccc3)nc(n2)-c4ccc(=O)n(C)c4,-6.451,29,-0.22244827586206894
FC(F)c(c(N)c1)ccc1C(F)(F)Nc(ncn2)c(c23)c(CCOC)cc(c3)-c4ccccc4OC,-6.451,36,-0.17919444444444443
c1ccccc1CNc2nc(Nc3cc[nH+]cc3)ncc2-c4ccon4,-6.45,26,-0.24807692307692308
COc1ccc(cc1)-c(cn2)c(n23)nc(-c4cccnc4)cc3N[C@H](C)c5ccc(C(=O)[O-])cc5,-6.449,35,-0.18425714285714284
Cc1ncc(nc1C)-c(cn2)c(n23)nc(-c4cccc(F)c4)cc3NCCc5ccc(C(F)(F)F)cc5,-6.449,37,-0.1742972972972973
c1cc(O)ccc1-c(n2)nc(NC(F)(F)CO)n(c23)ncc3-c4cccnc4,-6.448,28,-0.2302857142857143
n1ccnn1-c(c(c2)OC)cc(c23)c(nc[nH+]3)NCc(cc4)cc(c45)NCCC5,-6.448,29,-0.2223448275862069
c1cccc(c12)cc(cc2)CCc(nc(c34)n(C)cn3)nc4NC[C@H](O)[NH2+]CC5CCCC5,-6.448,33,-0.1953939393939394
Cc1ccc(cc1C)[C@H](C)Nc2ncc(-c3ccccn3)c(n2)-c4ncc(C)n4C,-6.448,30,-0.21493333333333334
c1ccccc1-c(nc(c23)n(C)cn2)nc3NCC[NH+]4CCCC4,-6.447,24,-0.268625
OCCN(C)C(=O)c(nc1)ccc1-c(c(c2)-c(cn3)ccc3C)cc(c24)ncnc4N[C@@H]([C@H](C)O)c5ccccc5,-6.447,41,-0.1572439024390244
CCn1cc(ccc1=O)-c2cnc(Nc3cccnc3)nc2NCc4cccc(C)c4,-6.447,31,-0.20796774193548387
C[NH+](C)Cc(n(n1)C)cc1-c(c(c2)OC)cc(c23)c(nc[nH+]3)NC[C@H](F)c4cc(N)cc(C(F)(F)F)c4,-6.446,37,-0.17421621621621622
Fc(c1)cccc1CNc(ncc2CC)nc2C=3C=C(C34)C(=C)NC=N4,-6.445,26,-0.2478846153846154
Cc1cccc(c1)-c(cc2)nc(c23)c(N[C@H](C)CO)nc([nH+]3)N[C@H](C)c4cccc(Cl)c4,-6.445,32,-0.20140625
O=C([O-])c(c1)cccc1-c(cn2)c(n23)nc(-c4ccoc4C)cc3NCC[NH+]5CCCCC5,-6.445,33,-0.1953030303030303
CCc1ccccc1NC(=O)Nc2nc(C)cc(n2)-c3ccc(F)cc3,-6.445,26,-0.2478846153846154
Cc1cccc(c1)CNc(nc2)nc(c23)n(CC[NH+](C)C)c(=O)c(c3C)-c4ccccn4,-6.444,32,-0.201375
c1ccccc1-c2cc(-c(o3)ccc3C)nc(n24)c(C(=O)N)c(n4)Nc5ccccc5,-6.444,31,-0.20787096774193548
CC(=O)Nc1cccc(c1)-c(cc2)cc(c23)ncnc3N[C@@H]4CC[N@@H+](C4)Cc5ccccc5,-6.443,33,-0.19524242424242422
C[C@H](O)c1cccnc1-c2cnc(NCC[NH+](C)C)nc2NCc3ccccc3,-6.443,29,-0.22217241379310343
CN(C)C(=O)c1ccc(cn1)-c(cn2)c(n23)nc(-c4cccc(F)c4)cc3NCCc5ccc(C(F)(F)F)cc5,-6.442,40,-0.16105
Cc1ccc(C)cc1[C@@H](C)Nc([nH+]c2NCOC)ncc2-c3cccc(c3)C(=O)NC(=O)[C@H]([O-])C(F)(F)F,-6.441,38,-0.16949999999999998
c1ccccc1-c(n2)ccc(c23)[nH+]c(NC)nc3NCCOc4cccc(F)c4,-6.44,29,-0.2220689655172414
Cc1cc(C)cc(c1)CNc(nc2)nc(c23)c(-c4ccn(C)c(=O)c4)cc(c3)-c5ccnc(=O)cc5,-6.44,36,-0.1788888888888889
Cc1ccc(cc1)CNc(ncn2)c(c23)c(-c4ccn(n4)C)c(o3)-c5ccc(F)cc5,-6.439,31,-0.20770967741935484
C[NH+](C)CC(=O)Nc(cc(n1)C(=O)CO)n(c12)ncc2-c(c3)cn(c34)cccc4,-6.439,29,-0.2220344827586207
CCOc1cc(N)cc(c1)-c(c2)c([C@H](C)c3ccccc3)cc(c24)c(nc[nH+]4)N[C@H](C)c5cc(N)cc(C(F)(F)F)c5,-6.439,42,-0.1533095238095238
CCCn1cncc1-c(cc2)cc(c23)ncnc3N[C@H](C)Nc4ccc(C)c(C)c4,-6.439,30,-0.21463333333333334
COc1cccc(c1)-c(c2C)c(=O)n(-c3cncc(c3)C(=O)N(C)C)c(c24)nc(nc4)N[C@H](C)c5cccc(c5)N(C)C,-6.438,43,-0.14972093023255814
Cc1ccc(cc1)[C@H](C)Nc(nc2)nc(c23)nc([C@H](C)CCO)c(c3)-c4ccccc4,-6.437,31,-0.2076451612903226
C[NH+](C)CCCNc(c1)c(-c2ccnc(Cl)c2)cc(c13)ncc(C#N)c3NC[C@H](O)c4ccccc4,-6.437,36,-0.17880555555555555
CC(C)[NH2+][C@H](C)Nc(c(c12)nccn2)nc(c1)-c3ccccc3,-6.437,23,-0.2798695652173913
COc1cccc(c1)-c(c(o2)-c3ccc(F)cc3)c(c24)c(ncn4)NC[C@H](O)c5ccc(C)cc5,-6.436,35,-0.1838857142857143
Cc1cnc(cn1)-c(c2)c(-c3ccco3)nc(c24)nc(nc4)NOC[C@H](CO)c5ccccc5,-6.435,34,-0.18926470588235292
c1cc(F)ccc1-c2cnn(c23)c(N[C@@H](C)c(cc4)ccc4C)cc(n3)-c5ccc(=O)n(c5)C(=O)N(C)C,-6.434,38,-0.16931578947368423
COc1ccc(cc1)-c(c2C)c(=O)n(-c3ccccn3)c(c24)nc(nc4)N[C@H](C)c5cccc(c5)OC,-6.433,37,-0.17386486486486485
CC(C)c(c1)cccc1[C@@H](C)Nc2nc(N[C@H](C)C[NH+](C)C)[nH+]c(c23)ccc(n3)[C@H](C)c4cccc(C(F)(F)F)c4,-6.432,41,-0.1568780487804878
CN(C)c(c1)nccc1-c(c(c2)OC)cc(c23)c(ncn3)NC(C)(C)c4ccc(C)cc4,-6.432,32,-0.201
Cc1ccc(cn1)-c(n2)c(-c3cccc(O)c3)cc(c24)cnc(n4)N[C@H](C)c5cccc(C(F)(F)F)c5,-6.432,37,-0.17383783783783785
Cc1ncncc1-c2cnc(NC[C@H](O)c(cc3)cc(c34)OC4)nc2-c5ccncc5Cl,-6.431,32,-0.20096875
Cc1ccc(cc1)CNc(n2)c(C(=O)N)c(n23)nc(-c4ccc(o4)C)cc3-c5ccc(C)cc5,-6.431,34,-0.18914705882352942
COc1ccc(cc1)CNc2nc(N[C@H](C)c3ccccc3C)ncc2-c4ccccc4[C@H](C)O,-6.431,35,-0.18374285714285715
Cc(c1)cccc1[C@@H](C)Nc2nc(N[C@@H](C)c(c3)cccc3C)[nH+]c(c24)ccc(n4)-c5ccc(C)nc5,-6.43,37,-0.17378378378378379
Cc1cccc(c1)CNc(n2)c(C(=O)N)c(n23)nc(-c4ccncc4)cc3-c5ccncc5,-6.43,33,-0.19484848484848483
Cc1ccc(cc1)CNc2ncc(-c3cnccn3)c(n2)NCCC[NH3+],-6.43,26,-0.24730769230769228
C1C[N@H+](C)CC[C@H]1Nc2nc(NCc(c3)cccc3C)[nH+]c(c24)ccc(n4)-c5ccc(F)cc5,-6.429,34,-0.18908823529411767
Cc1cccc(c1)[C@H](CO)Nc(nc2)nc(c23)n(-c4nccn4C(F)(F)C)c(=O)c(c3C)-c5ccc(F)cc5,-6.429,39,-0.16484615384615386
c1cnccc1-c(c2)cc(-c(cc3=O)ccn3C(=O)C)c(c24)nc(nc4)N[C@H](C)c5ccc(C)cc5,-6.429,36,-0.17858333333333334
FC[C@@H](F)Nc(ncn1)c(c12)cc(c(c2)OC)-c3cncc(c3)C(=O)N(C)C,-6.428,28,-0.22957142857142857
FC(F)(F)c(c(N)c1)ccc1[C@@H](C)c(c2)nc(c(c23)nccn3)NCCO,-6.427,27,-0.23803703703703702
CCn1nc(COC)c(n1)-c(cc2)nc(c23)c(NC[C@H](O)c4ccc(C(F)(F)F)cc4)nc([nH+]3)N[C@H](C)c5cccc(C)c5,-6.427,44,-0.14606818181818182
n1ccncc1-c(cc2)nc(c23)c(Nc(n4)c(Cl)cn4CC)nc([nH+]3)N[C@H](C)c5cccc(C(F)(F)F)c5,-6.426,38,-0.16910526315789473
Fc1ccccc1-c2cnc(Nc3cc[nH+]cc3)nc2NCc4ccccc4,-6.426,28,-0.2295
COc1ccc(cc1OC)-c2cnc(nc2-n3cccn3)N[C@H](C)c4cc(N)cc(C(F)(F)F)c4,-6.426,35,-0.1836
COC(=O)[C@@H](N)c(cc1)ccc1-c2cc(-c(cn3)cn3CC)cc(c24)cnc(n4)NCc5cc(C)cc(C)c5,-6.426,39,-0.16476923076923078
Cc1ccccc1-n(c(=O)c(c2C)-c(n(n3)C)cc3C)c(c24)nc(nc4)N[C@H](C)c5ccccc5,-6.425,35,-0.18357142857142858
FC(F)(F)c(c1)cc(N)cc1[C@H](C)Nc(nc2)nc(c23)nc(-c(cn4)n(c45)cccc5)c(c3)-c6cccc(c6)C(=O)NCC(=O)CN,-6.424,47,-0.1366808510638298
Cc1cccc(c1)[C@H](C)Nc(nc2)nc(c23)c(nc(c3)C)-c4cc([C@H](C)O)cc(n4)C,-6.423,31,-0.20719354838709678
COc1ccc(cc1)-c(nc(c23)n(cn3)C)nc2NCCC[NH+]4CCCC4,-6.422,27,-0.23785185185185184
COc1cc(O)cc(c1)-c2cnc(NCC[NH+](C)C)nc2NCc3ccccc3,-6.422,29,-0.22144827586206894
Cc1ccc(F)cc1-c(c2C)c(=O)n(-c3ccco3)c(c24)nc(nc4)N[C@H](C)c5ccccc5,-6.421,34,-0.18885294117647058
FC(F)(F)c(c1)cc(N)cc1[C@@H](C)Nc(nc2NCOC)[nH+]cc2-c3cccc(c3)C(=O)NC(=O)[C@H](O)C(F)(F)F,-6.42,41,-0.15658536585365854
COc1cncc(c1)-c(cc2)cc(c23)ncnc3N[C@@H](C4)CO[C@@]4(C)c5cccc(C)c5,-6.42,32,-0.200625
CC[C@H](C)c(cc1)cc(c12)[nH+]cnc2NCCc3ccc(F)cc3,-6.42,24,-0.2675
Cn1ccc(c1C)-c(cn2)c(n23)nc(-c4cccc(F)c4)nc3NCC[NH+](C)C,-6.42,29,-0.22137931034482758
Fc(c1)cccc1[C@@H](C)c2nc(NC(F)(F)F)ncc2-c3ccn(n3)C,-6.419,26,-0.24688461538461537
COc1ccc(cc1)CNc(c(c23)ncn3C)nc(n2)-c4ccccn4,-6.419,26,-0.24688461538461537
c1ccccc1-c(n2)nc(N[C@@H](C)c3ccc(C(F)(F)F)cc3)n(c24)ncc4-c5nn(C)cc5C(=O)N(C)C,-6.419,39,-0.16458974358974357
CC(C)[N@H+](C1)CC[C@H]1CNc(cc(c23)c(c(C#N)cn2)NCC)c(c3)[C@H](C)c4cccc(C)c4,-6.418,34,-0.18876470588235295
Cc1ccc(c(C)c1)-c(cc(n2)C)n(c23)nc(c3C(=O)N)NCC[NH3+],-6.417,25,-0.25668
CC(=O)Nc1ccccc1-c(cc(c2)-c3ccc(cc3)C(=O)N(C)C)c(c24)nc(nc4)N[C@H](O)Cc5cccc(C)c5,-6.417,42,-0.15278571428571427
C1CCCC[NH+]1[C@H](C2)C[C@@]2(O)CNc3ncc(-c4ccccc4F)c(n3)-c5ccncc5Cl,-6.416,33,-0.19442424242424244
c1cnccc1-c(cc2C)nc(n2)NCc3n(C)nc(c34)CCCC4,-6.416,25,-0.25664000000000003
c1nc(=O)cccc1-c(c2C)c(=O)n(-c(cc3OC)ccc3OC)c(c24)nc(nc4)NCc5cc(C)ccc5C,-6.415,40,-0.160375
CN(C)c([nH+]c1)ccc1-c(c(c2)OC)cc(c23)c(ncn3)NC[C@H](F)c4cc(N)cc(C(F)(F)F)c4,-6.415,36,-0.17819444444444443
CC(C)n1c(=O)cccc1-c(c(c2)OC)cc(c23)c(ncn3)N[C@H](C)c4cc(N)cc(C(F)(F)F)c4,-6.414,36,-0.17816666666666667
Cc1ccc(cc1)[C@H](C)Nc(nc2)nc(c23)c(-c4cn(C)c(=O)o4)cc(c3)-c5ccn(C)c(=O)c5,-6.414,35,-0.18325714285714284
COCCn1nccc1-c(cc2-c3cc(C(C)C)cn(C)c3=O)cc(c24)cnc(n4)NCc5cc(C)cc(C)c5,-6.414,40,-0.16035
FC(F)(F)c(c1)cccc1[C@H](CC)Nc(ncn2)c(c23)cc(c(c3)-c4c[nH+]c(C)n4C)-c5cccc(c5)C(=O)N,-6.414,40,-0.16035
CC(C)[N@@H+](C1)CC[C@H]1CNc(cc(c23)c(c(C#N)cn2)NCC)c(c3)Cc4cccc(C)c4,-6.414,33,-0.19436363636363635
c1ccccc1-c(cc2C)nc(n2)N[C@@H]3C[C@H](O)CC3=O,-6.413,21,-0.3053809523809524
n1occc1-c(nc2NC)ncc2-c3ccc(Br)cc3,-6.413,20,-0.32065
CC(C)n1cc(cn1)-c(o2)c(-c3cccc(F)c3)c(c24)c(ncn4)NCCc5cccc(C(F)(F)F)c5,-6.412,37,-0.1732972972972973
Cc1cccc(c1)C[C@H](C)Nc(ncn2)c(c23)cc(c(c3)-c4ccncc4)-c5cn(cn5)CC(=O)Nc6ccc(F)c(C)c6,-6.412,44,-0.14572727272727273
Cc1ccc(cc1)[C@H](C)Nc(nc2)nc(c23)c(-c4cnn(C)c4)cc(c3)-c5ccn(C)c(=O)c5,-6.412,34,-0.18858823529411764
Clc(c1)cccc1[C@H](C)Nc(ncn2)c(c23)cc(c(c3)-c4ccc(=O)n(C)c4)-c5ccc(c(=O)cc5)C(=O)N6CCC[C@H](C(=O)N)CC6,-6.412,48,-0.13358333333333333
Cc1ccc(cc1)OCC(=O)Nc(n2)c(ncnc3)c3c(c24)ccc(c4)-c5ccc(=O)oc5,-6.411,33,-0.19427272727272726
CCn1cncc1-c(c2)c(NC)cc(c23)c(c(cn3)C#N)NC[C@H](O)c4ccccc4,-6.41,31,-0.2067741935483871
Cc1ccccc1-c(cn2)c(n23)nc(-c4ccsc4)nc3N[C@@H]5CC[N@@H+](C5)Cc6ccccc6,-6.41,34,-0.1885294117647059
COc1ccc(cc1N(C)C)-c(cc2)cc(c23)nc(c4c3cncn4)N[C@H](C)c5cccc(C)c5,-6.41,35,-0.18314285714285714
CCn1ccc(cc1=O)-c2nc(NCC(=O)N)ncc2-c3ccccc3OC,-6.409,28,-0.22889285714285715
O[C@H]1CCC[C@H]1Nc(n2)c(C(=O)N)c(n23)nc(cc3-c4ccco4)-c5ccc(F)cc5,-6.409,31,-0.20674193548387096
COc1ccc(cc1)-c(cn2)c(n23)nc(-c4ccccc4)cc3N[C@H](C)c5ccc(C)cc5,-6.409,33,-0.1942121212121212
c1ncccc1Cc(c2C)c(=O)n(C(C)(C)c(cc3)ccc3C)c(c24)nc(nc4)NCc5cc(C)ccc5C,-6.409,39,-0.16433333333333333
Cc1cccc(c1)C(=O)Nc(nc(n2)-c3ccsc3)n(c24)ncc4-c5cccnc5,-6.409,30,-0.21363333333333331
CNc(n1)c(C(=O)N)c(n12)nc(-c3cccc(F)c3)cc2-c4ccccn4,-6.409,27,-0.23737037037037037
COc1cccc(c1)-c(n2)c(-c3ccnn(C)c3=O)cc(c24)cnc(n4)N[C@H](C)c5ccc(C)cc5C,-6.409,37,-0.17321621621621622
Oc1ccccc1-c(nc2NC(=O)C)ncc2-c3ccccc3,-6.408,23,-0.27860869565217394
CC(=O)N1CCC(CC1)Nc2nc(NCc3ccc(C)cc3)ncc2-c4ccnn4C,-6.408,31,-0.20670967741935484
Nc(c1)cccc1-c(cn2)c(n23)nc(-c(cc4)ccc4N)nc3NCCN5CCCC5,-6.407,31,-0.20667741935483872
COc(c1)cccc1-c(n2)ccc(c23)[nH+]c(NC)nc3NCCOc4cccc(F)c4,-6.406,31,-0.20664516129032257
Cc1ccc(cc1)[C@H](C)Nc(ncn2)c(c23)cc(-c4ccccc4)c(c3)-c5ccc(o5)CO,-6.406,33,-0.1941212121212121
OCCc(c1)cccc1[C@H](C)Nc(ncn2)c(c23)ccc(c3)-c4ccncn4,-6.406,28,-0.2287857142857143
C[NH+](C)CC(=O)Nc(n1)nc(cc1C)-c2cccnc2C,-6.406,21,-0.305047619047619
Cc1cccc(c1)Cc2cnc(nc2-c3cccs3)NCc4ccc(CO)cc4,-6.406,29,-0.2208965517241379
OCC(F)(F)c(c1)cc(N)cc1[C@H](C)Nc(nc(n2)-c3ccno3)n(c24)ncc4-c5ccncc5,-6.405,35,-0.183
Cc1cccc(c1)NC(=O)Nc(n2)c(C(=O)N)c(n23)nc(-c4ccncc4)cc3-c5ccccn5,-6.404,35,-0.18297142857142856
c1ccccc1CCNc(n2)c(C(=O)N)c(n23)nc(-c4ccccc4)cc3-c5ccc(F)cc5,-6.404,34,-0.18835294117647058
NC(=O)c(nc1)ccc1-c(nc(c23)n(C)cn2)nc3NCCN4CCOCC4,-6.403,28,-0.22867857142857143
Cc(c1)cccc1CNc2nc(NC)[nH+]c(c23)ccc(n3)-c4ccccc4C,-6.403,28,-0.22867857142857143
FC(F)(F)c(cc1)ccc1[C@H](C)Nc(nc([nH+]2)NCC(=O)N)c(c23)nc(cc3)-c4cccc(=O)n4C,-6.402,36,-0.17783333333333334
Cc1ccc(c(F)c1)Cc(cc2)cc(c23)nc(c4c3cncn4)N[C@H](C)c5cc(N)cc(C(F)(F)F)c5,-6.401,37,-0.173
Cn(c1)c(C)cc1-c(c2C)c(=O)n(-c(cc3OC)ccc3OC)c(c24)nc(nc4)NCc5cc(C)ccc5C,-6.401,39,-0.1641282051282051
COC(=O)c1cccc(c1)-c(cc2)nc(c23)c(Nc4cccc(n4)C)nc([nH+]3)N[C@H](C)c5cccc(C(F)(F)F)c5,-6.401,41,-0.1561219512195122
CC(C)NC(=O)n(c1)c(=O)ccc1-c(c(c2)-c(c3C(=O)N(C)C)cccc3OC)cc(c24)c(ncn4)N[C@H](C)c5ccccc5,-6.399,45,-0.1422
Cc1cccc(c1)-c2cnc(nc2-c3cnccn3)N[C@H](C)c4ccccc4,-6.399,28,-0.2285357142857143
n1ccc(Cl)cc1[C@H](C)Nc(c(c23)nccn3)nc(c2)-c4cccnc4,-6.398,26,-0.24607692307692305
Oc1ccccc1-c(c(o2)-c(cc3OC)ccc3C)c(c24)c(ncn4)NCCc5cccc(C(F)(F)F)c5,-6.398,38,-0.16836842105263158
c1ccccc1[C@H](C)Nc(nc2NCCO)[nH+]c(c23)ccc(n3)-c4ccccn4,-6.398,29,-0.2206206896551724
COc1ccc(cc1)CNc2nc(NCc3cccc(C)c3)ncc2-c4nccn4C,-6.398,31,-0.20638709677419353
c1cc(F)ccc1-c2cc(C)nc(n23)c(C(=O)N)c(n3)Nc4cnc(o4)C,-6.397,27,-0.23692592592592593
Cc1ccc(cc1C)N[C@H](C)Nc(ncn2)c(c23)ccc(c3)-c4ncno4,-6.397,27,-0.23692592592592593
Cc1ccc(cc1)[C@H](O)CNc(nc(n2)-c3nccn3C)n(c24)ncc4-c5cccnc5,-6.396,32,-0.199875
c1cnccc1-c(n2)nc(NCc(cc3)ccc3C)n(c24)ncc4-c5cn(C)c(=O)n5C,-6.396,32,-0.199875
Cc1cccc(c1)[C@H](C)Nc(nc2)nc(c23)n(CC(=O)N)c(=O)c(c3C)-c4cnc(o4)C,-6.394,32,-0.1998125
CNc1nc(C)cc(n1)-c2cccc(c2)CNC(=O)Cn3ccnc3,-6.393,25,-0.25572
c1[nH+]ccn1-c2cc(-c3cccnc3)nc(n24)c(C(=O)N)c(n4)NCCc5ccccc5,-6.393,32,-0.19978125
COc1ccc(cc1)-c(c2)c(OC)cc(c23)[nH+]cnc3N[C@H](C)c4ccc(C(C)C)cc4,-6.392,32,-0.19975
Cc1ccc(cc1)CNc2ncc(-c3ccnn3C)c(n2)NC[C@H](O)c4cccc(C)c4,-6.392,32,-0.19975
Cc1ccccc1[C@H](C)Nc(nc2)nc(c23)n(-c4csc(c4)[C@H](C)[NH+](C)C)c(=O)c(c3C)-c5ccccc5F,-6.389,39,-0.16382051282051283
COc1ccc(cc1)CNc2nc(N[C@@H]3CC[N@@H+](C)CC3)[nH+]cc2-c4ccncc4,-6.388,30,-0.21293333333333334
FC(F)(F)c(c1)cc(N)cc1[C@H](C)Nc(nc2)nc(c23)nc(c(c3)-c4ccccc4)-c5ccn(c(=O)c5)CC(=O)N,-6.388,41,-0.1558048780487805
OCCNc1nc(NCCO)[nH+]c(c12)ccc(n2)-c3cccc(C(F)(F)F)c3,-6.387,28,-0.22810714285714284
COc1ccc(cc1)[C@H](O)CNc(nc(n2)-c3ccccc3C)n(c24)ncc4-c5ccnc(c5)OC,-6.387,36,-0.17741666666666667
Cc1cccc(c1)-c(c(o2)-c3cccs3)c(c24)c(ncn4)NCc5cccc(C(F)(F)F)c5,-6.387,33,-0.19354545454545452
C1CCCCC1c(n2)cncc2-n(c(=O)c(c3C)-c(c4)cccc4OC)c(c35)nc(nc5)N[C@H](C)c6ccc(N)cc6,-6.386,42,-0.15204761904761904
Cc1cc(C)cc(c1)CNc(nc(n2)-c3coc(n3)C)n(c24)ncc4-c5cc(C)n(C)c(=O)c5,-6.386,34,-0.18782352941176472
Cc1cccc(c1)C[C@H](O)Nc(nc2)nc(c23)c(-c4c[nH+]cn4C)cc(c3)-c5cccn(c5=O)C[C@H](C)[NH+](C)C,-6.385,40,-0.159625
c1ccccc1-c(o2)c(-c(c3)cccc3F)c(c24)c(ncn4)NCCc5cccc(C(F)(F)F)c5,-6.384,35,-0.1824
O=c1ncccn1-c(c2)cc(-c(cc3=O)ccn3C(=O)C)c(c24)nc(nc4)N[C@H](C)c5ccc(C)cc5,-6.384,37,-0.17254054054054055
Cc1cccc(c1)CNc2ncc(-c3ccc(=O)n(C)c3)c(n2)N[C@H](C)c4cccc(C)c4,-6.384,33,-0.19345454545454546
c1ccccc1[C@H](C)Nc2ncc(-c3cncnn3)c(n2)-c4ccoc4,-6.383,26,-0.2455
Cc1ccc(cc1)[C@H](C)Nc(c(c23)ncn3C)nc(n2)-c4ccco4,-6.382,25,-0.25528
N#Cc(c1)cccc1-c(nc(c23)n(C)cn2)nc3NCc4cccc(N)c4,-6.382,27,-0.23637037037037037
Cc1ccc(cc1)[C@H](C)Nc(ncn2)c(c23)ccc(c3)-c4ccc(=O)n(n4)C,-6.381,28,-0.22789285714285715
CCn1cc(ccc1=O)-c(c2)c(-c3ccc(o3)CO)cc(c24)ncnc4N[C@H](C)c5ccc(C)cc5,-6.38,36,-0.17722222222222223
CC(C)Nc(n1)c(C(=O)N)c(n12)nc(-c(n3)ccn3CC)cc2-c4ccccc4,-6.38,29,-0.22
COc1ccc(cc1)-c(n2)c(-c3cnc(=O)n(C)c3)cc(c24)cnc(n4)NCc5cccc(C(F)(F)F)c5,-6.38,38,-0.16789473684210526
CO[C@H](C)c1cccc(c1)C(=O)Nc(c2)c(-c3cnccn3)cc(c24)ncc(C#N)c4NC(C)C,-6.379,35,-0.18225714285714284
CCn1cc(ccc1=O)-c(c2)c(CC[NH3+])cc(c23)ncnc3N[C@H](C)Cc4cccc(C)c4,-6.378,33,-0.19327272727272726
Nc1ccc(cc1C)[C@H](C)Cc(cc2)cc(c23)nc(NC[C@H](O)c4cc(N)cc(C(F)(F)F)c4)c5c3cnc(n5)NC6CC6,-6.377,44,-0.1449318181818182
Cc1cccc(c1)CNc(nc2)nc(c23)c(nc(c3)C)-c4ccccc4,-6.376,26,-0.24523076923076925
CCn1cc(cn1)-c2cnc(nc2-c3ccccc3)NC(=O)NCc4ccccc4,-6.376,30,-0.21253333333333335
[NH3+]CCNc(n1)c(C(=O)N)c(n12)nc(-c3ccccc3F)cc2-c4ccc(F)cc4,-6.376,30,-0.21253333333333335
c1ccccc1CCNc(nc2)nc(c23)c(nc(C)c3)-c4cccc(c4)C(=O)N(C5(F)F)/N=C\C=C(\F)/C=C\5,-6.376,39,-0.1634871794871795
CC(=O)Nc(n1)c(C(=O)N)c(n12)nc(-c3ccccc3)cc2-c4cccc(c4)C(=O)N,-6.376,31,-0.20567741935483871
CCc1ccccc1[C@H](CO)Nc(nc2)nc(c23)n(C)c(=O)c(c3C)-c4ccncc4,-6.376,31,-0.20567741935483871
Cc1ccc(cc1)-c(nc(c23)n(cn3)C)nc2N[C@@H]4CCCN(C4)CC[NH3+],-6.373,27,-0.23603703703703705
c1ccccc1CNc(n2)c(C(=O)N)c(n23)nc(cc3-c4ccccc4)C[C@H](O)Cc5ccccc5,-6.373,36,-0.17702777777777778
Cn1c(=O)ccc(c1NC)-c(nc(C)c2)c(c23)nc(nc3)NCCc4ccccc4,-6.373,30,-0.21243333333333334
COc1cccc(c1)CNc2nc(NCCC[NH3+])ncc2-c3ccccc3,-6.373,27,-0.23603703703703705
Clc(c1)cccc1[C@@H](C)Nc2nc(N[C@@H](C)c(cc3)ccc3C)[nH+]c(c24)ccc(n4)-c5c(C)noc5C,-6.371,37,-0.1721891891891892
c1ccccc1-c2cc(-c(cc3)ccc3C)nc(n24)c(C(=O)N)c(n4)NC5CCCCC5,-6.371,32,-0.19909375
o1cccc1-c(cc2)nc(c23)c(NC)nc([nH+]3)N[C@H](C)c4cccc(C(F)(F)F)c4,-6.37,30,-0.21233333333333335
Cc1cccc(c1)-c(cc(n2)C)n(c23)nc(c3C(=O)N)NCC[NH3+],-6.368,24,-0.26533333333333337
NC(=O)CNc(c1C(=O)N)nn(c12)c(-c(cc3)ccc3OC)cc(n2)-c4ccccc4,-6.366,31,-0.2053548387096774
Cc1oncc1-c(cn2)c(n23)nc(-c(cc4)ccc4C)cc3NCCc5ccc(C(F)(F)F)cc5,-6.364,35,-0.18182857142857142
Cc(c1)cc(C)cc1[C@@H](C)c(n2)cc(NCc(cc3)ccc3C)n(c24)ncc4-c5cccc(C(F)(F)F)c5,-6.361,38,-0.16739473684210526
CCn1nc(C)c(c1C)-c(nc(c23)cccc3)nc2NCC[NH2+]C,-6.358,24,-0.26491666666666663
Cc1cccc(c1)CNc2nc(Nc3ccccc3)ncc2-c4cccnc4C,-6.358,29,-0.21924137931034482
Cn1cnc(cc1=O)-c2cnc(N[C@](C)(O)c3cccc(Cl)c3)nc2NCc4ccccc4,-6.357,33,-0.19263636363636363
COc1cccc(c1)-c(cc2)nc(c23)c(Nc4ccc(C)cc4C[NH3+])nc([nH+]3)N[C@H](C)c5cccc(c5)[C@H](C)O,-6.357,40,-0.158925
Cc1c(N)cccc1[C@H](C)Nc(c(c23)cccc3)nc(n2)-c4cccc(c4)NC(=O)[O-],-6.356,31,-0.20503225806451614
c1ccccc1-c2cc(-c(n3)ccn3CC)nc(n24)c(C(=O)N)c(n4)NCc5cccc(C)c5,-6.356,34,-0.18694117647058822
Nc1cc[nH+]cc1-c(cc2)nc(c23)c(NC)nc([nH+]3)N[C@H](C)c4cccc(C)c4,-6.356,29,-0.21917241379310345
C[NH+](C)C[C@@H](O)CNc1cc(-c2ccoc2C)nc(n13)c(cn3)-c4ccccc4[C@H](C)O,-6.356,32,-0.198625
FC(F)(F)c(c1)cc(N)cc1[C@H](C)Nc(ncn2)c(c23)ccc(c3)/C(=C/N45)/C=C\C(\NC(=O)C4)=C\C(C(F)(F)F)=C/C=C\C5=O,-6.356,45,-0.14124444444444445
Fc(c1)cccc1-c(c2)c(cc(c23)c(c(C#N)cn3)NCC)NC(=O)Nc4cccc(C(F)(F)F)c4,-6.356,36,-0.17655555555555555
CN(C)C(=O)Cn(c1)ncc1-c2cc(Cc(c3)cccc3C)cc(c24)ncnc4NC(F)(F)c5ccc(C(F)F)c(N)c5,-6.355,43,-0.1477906976744186
CCn1nccc1-c(c2)c(-c3ccccc3)nc(c24)nc(nc4)N[C@H](C)c5ccc(C)cc5,-6.355,33,-0.1925757575757576
c1ncccc1-c(nc(C)c2)c(c23)nc(nc3)N[C@H](N)c4cc(Cl)ccc4C,-6.354,28,-0.22692857142857142
Cc1ccc(cc1)C[N@H+](C)CCNc(n2)c(C(=O)N)c(n23)nc(-c4ccccc4F)cc3-c5ccc(Cl)cc5,-6.354,39,-0.16292307692307692
CNc1cccc(c1)CCNc2nc(-c3cccs3)ncc2-c4ccccc4,-6.353,28,-0.22689285714285715
Cc1ccccc1-c(c(c2)OC)cc(c23)c(nc[nH+]3)NC[C@H](F)c4cc(N)cc(C(F)(F)F)c4,-6.353,34,-0.18685294117647058
C[NH+](C)CCNc(ncn1)c(c12)cc(c(c2)-c3cnn(C)c3)-c4ccc(CO)cc4,-6.353,30,-0.21176666666666666
C1COCC[NH+]1C[C@H](O)CNc2ncc(-c3cccnc3)c(n2)-c4ccc(F)cc4,-6.352,30,-0.21173333333333336
Cc1ccc(cc1CO)-c(cc2)cc(c23)c(-c4ccc(O)cc4)nc(n3)Cc5cccc(N)c5,-6.352,34,-0.18682352941176472
Cc1cc(N)cc(c1)CNc(ncn2)c(c23)c(cc(c3)-c4cccc(c4)C(=O)N)-c5coc(c5)C[N@H+]6CC[C@H](C)CC6,-6.352,42,-0.15123809523809525
CN(C)c(c1)cccc1-c(c(c2)-c(ncn3)cc3C)nc(c24)nc(nc4)N[C@H](C)c5cccc(C(F)(F)F)c5,-6.352,39,-0.16287179487179487
Cc1cc(nn1C)-c(n2)c(-c3cn(C)cn3)cc(c24)cnc(n4)NC[C@H](O)c5ccccc5,-6.352,33,-0.19248484848484848
Cc1ccc(cc1)CCNc(nc(n2)-c3cccs3)n(c24)ncc4-c5cccc(F)c5,-6.351,31,-0.20487096774193547
C[NH+](C)CCNc1ncc(-c2ccccc2)c(n1)NCc3ccccc3,-6.35,26,-0.24423076923076922
Clc1cnccc1-c2nc(ncc2-c(cn3)cn3C)NCCc4ccccc4,-6.35,28,-0.22678571428571428
Cc1ccccc1[C@H](C)Nc(nc2)nc(c23)c(CC[NH+](C)C)cc(c3)-c4ccccn4,-6.35,31,-0.20483870967741935
COc1cccc(c1)[C@H](C)Nc(nc2)nc(c23)n(-c4ccnc(n4)N)c(=O)c(c3C)-c5ccc(C(F)(F)F)cc5,-6.347,40,-0.158675
Cc1ccc(cc1)[C@H](C)Nc(ncn2)c(c23)cc(c(c3)-c4cnn(C)c4)-c5ccn(C)c(=O)c5,-6.347,34,-0.1866764705882353
FC(F)(F)c(c1)cc(N)cc1[C@H](C)Nc(n2)c(ncnc3)c3c(c24)ccc(c4)-c5ccccc5F,-6.347,35,-0.18134285714285717
COc1cccc(c1)-c(cn2)c(n23)nc(-c4ccccc4)cc3N[C@H](O)c5cccc(F)c5,-6.345,33,-0.19227272727272726
COc1cccc(c1)C(=O)Nc(ncn2)c(c23)ccc(c3)-c4ccnc(C)c4,-6.345,28,-0.22660714285714284
Cc1nocc1-c2ncc(-c3ccncc3)c(n2)NC(=O)Nc4cccc(C(F)(F)F)c4,-6.344,32,-0.19825
CCN(C)Cc1c[nH+]c(n1C)-c(cc2)cc(c23)ncnc3N[C@H](CO)[C@H](C)c4ccccc4,-6.342,33,-0.19218181818181818
Cc1ccc(c(C)c1)[C@H](C)Nc(n2)c(nc(nc3)NC4CC4)c3c(c25)ccc(c5)-c6ccccc6C(=O)N,-6.342,38,-0.16689473684210526
Fc(c1)cccc1-c(cc2C)nc(n2)NC[NH2+]C3CCCC3,-6.342,22,-0.28827272727272724
Cc1ccc(cc1)[C@H](O)CNc(ncn2)c(c23)c(-c4ccccn4)c(o3)-c5ccccc5F,-6.34,33,-0.1921212121212121
CCNc1[nH+]cc(-c2ccco2)c(n1)NCc3ccc(Cl)cc3,-6.34,23,-0.2756521739130435
CNc(n1)c(C(=O)N)c(n12)nc(C)cc2Cc3ccccc3,-6.34,22,-0.28818181818181815
COc(c1)c(N)cc(c12)c(ncn2)NCC(=O)Nc3ccc(C)c(C)c3,-6.339,26,-0.24380769230769234
C1CCCCCN1C(=O)c(ccn2)cc2-c(c(n3)-c(n4)ccnc4CC)cc(c35)cnc(n5)N[C@H](C)c6ccc(C)cc6,-6.339,43,-0.1474186046511628
COc1ccc(cc1OC)-c2cnc(s2)Nc3cc(nc(n3)C)-c4ccoc4C(=O)N,-6.337,31,-0.20441935483870968
CCN(C)C(=O)c1ccc(cn1)-c2nc(NCc3cccc(F)c3)ncc2[C@H](C)c4ccc(C)cc4,-6.337,36,-0.17602777777777778
Cc1ccc(cc1)[C@H](O)CNc(ncn2)c(c23)c(-c4ccccn4)c(o3)-c5nccn5CCO,-6.336,34,-0.1863529411764706
Nc(c1)nccc1-c(n2)cc(nc2C)Nc3ncc(s3)-c4ccc(F)c(F)c4,-6.336,28,-0.22628571428571428
COc1cccc(c1)CNc2nc(NCC[NH3+])[nH+]cc2-c3ccnn3C,-6.336,26,-0.2436923076923077
Cc1cccc(c1)-c2cc(C)nc(n2)NC[NH2+]C3CCCC3,-6.335,22,-0.28795454545454546
c1ccccc1CC(=O)c(c(c2)OC)cc(c23)ncc(C#N)c3N[C@H](C)c4cccc(c4)[C@H](C)CO,-6.335,36,-0.17597222222222222
Cc1ccc(cc1)CN2CC[C@@H]([C@H](O)C2)Nc3nc(C)cc(n3)-c4ccco4,-6.335,28,-0.22625
Cc1[nH+]cc(n1C)-c2cnc(NCc3ccccc3)nc2NCCc4ccccc4,-6.334,30,-0.2111333333333333
Fc(c1)cccc1-c(c(c2)OC)cc(c23)c(nc[nH+]3)N[C@H](C)c4ccc(C(F)(F)F)cc4,-6.334,32,-0.1979375
c1cnccc1-c(cc2C)nc(n2)NC(=O)CCc3ccccc3,-6.334,24,-0.26391666666666663
Cc1cc(Cl)ccc1-c(c2C)c(=O)n(-c3cccnc3)c(c24)nc(nc4)N[C@H](C)c5ccccc5,-6.331,35,-0.1808857142857143
Cc1cccc(c1)[C@H](C)Nc(nc2)nc(c23)c(nc(c3)C)-c4ccccc4,-6.331,27,-0.23448148148148149
Cc1cccc(c1)[C@@]2(C)C[C@@H](CO2)Nc(ncn3)c(c34)ccc(c4)-c5cn(C)c(n5)C,-6.331,31,-0.20422580645161292
Cc1cccc(c1)[C@H](C)Nc(nc2NCC[NH+](C)C)[nH+]c(c23)ccc(n3)-c4c(C)cnnc4C,-6.33,34,-0.1861764705882353
FC(F)(F)c(cc1)ccc1[C@H](C)Nc(ncn2)c(c23)c(-c4ccnc(c4)C(=O)N(C)C)cc(c3)-c5ccncc5[C@H](O)C(=O)N,-6.329,45,-0.14064444444444443
CSc(cc1)ccc1[C@H](CC)Nc(nc2)nc(c23)nc(c(c3)-c4cccc(O)c4)[C@@H]5CC[C@H](C(=O)N)N(C5)CCCO,-6.329,42,-0.15069047619047618
C1C[NH2+]CCC1c(nn2)ccc2-c(nc(c34)n(C)cn3)nc4NCCN5CCOCC5,-6.328,31,-0.20412903225806453
Clc(c1)cccc1C(=O)CNc(c(c23)nccn3)nc(c2)-c4cccnc4,-6.328,27,-0.23437037037037037
Cc1ccc(cc1C[NH3+])[C@H](C)Nc2nc(-c3c(C)noc3C)ncc2-c4ccc(CO)cc4,-6.327,33,-0.19172727272727272
CCn1nc(cc1C)-c(c2)c(OC)cc(c23)[nH+]cnc3N[C@H](C)c4ccc(c(N)c4)C(F)(F)CO,-6.327,35,-0.18077142857142858
FC(F)(F)c(c1)cccc1-c(n2)cc(NC)n(c23)ncc3-c4ccc(F)cc4,-6.326,28,-0.22592857142857142
COc1ccc(cc1OC)-c2cnc(s2)Nc3cc(nc(n3)C)-c4ccncc4,-6.325,29,-0.2181034482758621
CCNc(c(C#N)cn1)c(c12)cc(NCC(=O)OC)c(c2)-c3cccc(c3)CNC(=O)C,-6.325,32,-0.19765625
Cc1ccc(cc1)[C@H](C)Nc(n2)c(ncnc3)c3c(c24)ccc(c4)-c5cccc(c5)CCN(C)C(=O)CO,-6.324,38,-0.16642105263157894
Cc1ccc(cc1)-c2cnc(NCC[NH3+])nc2Nc3ccccn3,-6.324,24,-0.2635
Clc1cnccc1-c2nc(ncc2[C@@H](C)[NH+](C)C)NCCc3ccccc3,-6.324,27,-0.23422222222222222
NC(=O)Cn(c1)ncc1-c(c2C)c(=O)n([C@@H](CO)c(c3)cccc3C)c(c24)nc(nc4)NCc5cc(C)ccc5C,-6.323,41,-0.15421951219512195
C1CCC[NH+]1[C@H](C2)CCC[C@H]2c3cc(-c(c4OC)cccc4OC)cc(c35)cnc(n5)N[C@H](C)c6ccccc6C,-6.322,41,-0.1541951219512195
Fc1cccc(c1)-c(cn2)c(n23)nc(-c4cccc(C(F)(F)F)c4)nc3NCC[NH+]5CCCCC5,-6.322,35,-0.18062857142857144
COc1cccc(c1)C(=O)Nc(ncn2)c(c23)ccc(c3)-c4cc(C)on4,-6.322,27,-0.23414814814814816
c1cccc(c12)c(ncc2)-c(cn3)c(n34)nc(-c(c5)cccc5C)nc4N[C@@H]6CC[N@@H+](C(C)C)CC6,-6.322,36,-0.1756111111111111
COc1ccc(cc1)CCc2nc(NCCO)ncc2-c3cccc(c3)SC,-6.322,28,-0.22578571428571428
Cc1ccc(cc1)CNc2ncc(-c3ccc(C)cc3)c(n2)Nc4cn(C)c(n4)C,-6.322,30,-0.21073333333333333
C1CCCN1C(=O)Cc2cc(-c(cn3)cn3CC)cc(c24)cnc(n4)N[C@H](C)c5ccccc5C,-6.322,35,-0.18062857142857144
[NH3+]C[C@@H](C)Nc1nc(-c2ccncc2)ncc1-c3cccc(c3)C[NH+](C)C,-6.321,27,-0.2341111111111111
Cc1cccc(c1)N[C@H](C)Nc2nc(C)cc(n2)-c3ccccc3Cl,-6.321,25,-0.25284
CN(C)C(=O)c1cccc(c1)-c(nc(c23)n(cn3)C)nc2NCC[NH+]4CCOCC4,-6.32,30,-0.21066666666666667
C[NH+](C)Cc(c1)cccc1-c(c(c2)OC)cc(c23)c(ncn3)N[C@H](C)[C@H](C)CO,-6.32,29,-0.21793103448275863
c1cc(F)ccc1Nc(cc(c23)c(NC)c(C#N)cn2)c(c3)-c4ccnc(c4)C[NH+](C)C,-6.32,32,-0.1975
Cc1ccc(cc1C)NC(=O)Nc(c(c23)ncn3C)nc(n2)-c4ccco4,-6.32,27,-0.23407407407407407
Cc1ccc(cc1C)-c(cn2)c(n23)nc(-c4ccc(=O)n(C)c4)cc3N[C@H](C)Cc5cccc(C(F)(F)F)c5,-6.319,39,-0.16202564102564102
Cc1ccc(cc1)CNc(n2)c(C(=O)N)c(n23)nc(-c4ccco4)cc3-c5ccccc5,-6.318,32,-0.1974375
COc1cccc(c1)-c2ncc(-c3ccncc3)c(n2)NCc4cccc(c4)N5CCCCC5,-6.318,34,-0.1858235294117647
NC(=O)Cn(c1=O)cccc1-c(nc(c23)n(C)cn2)nc3NCCN4CCOCC4,-6.317,30,-0.21056666666666668
CNC(=O)c1cnccc1-c(c2C)c(=O)n(-c3ccccc3C)c(c24)nc(nc4)N[C@H](C)c5cccc(c5)OC,-6.317,40,-0.157925
n1occc1-c(cn2)c(n23)nc(-c(cc4)ccc4Cl)nc3NCC[NH+]5CCCCC5,-6.317,30,-0.21056666666666668
Cc(c1)cccc1-c(c(c2)OC)cc(c23)c(nc[nH+]3)N[C@H](C)c4ccccc4,-6.317,28,-0.22560714285714287
Cc1ccc(cc1)C[N@H+](C)CCNc(n2)c(C(=O)N)c(n23)nc(-c4nccs4)cc3-c5ccncc5F,-6.315,37,-0.17067567567567568
OCCN(C)C(=O)c(nc1)ccc1-c(c(c2)-c(cc3C(=O)N)ccc3OC)cc(c24)c(nc[nH+]4)N[C@H](C)c5cccc(C)c5,-6.315,44,-0.14352272727272727
Cc1n(C)c(C)cc1-c2cnc(nc2-c(cc3)ccc3C)N[C@H](N)c4cc(N)cc(C(F)(F)F)c4,-6.315,35,-0.18042857142857144
COc1ccc(cn1)-c2cnc(-c3ccc(F)cc3)nc2NCc4cccc(C)c4,-6.314,30,-0.21046666666666666
COc(c1)c(OC)cc(c12)c(ncn2)NCC[NH+](C)C,-6.314,20,-0.3157
O1CCCN1CCC(=O)Nc(nc(n2)-c3ccccc3)n(c24)ncc4-c5ccccc5F,-6.314,32,-0.1973125
CCN(CC1)c(c12)ccc(c2)CNc(nc3)nc(c34)nc(c(c4)-c5ccccc5)-c6cccc(=O)n6C[C@H](C)[NH+](C)C,-6.314,42,-0.15033333333333335
Cc1onc(C)c1-c(cc2)nc(c23)c(NCC)nc([nH+]3)N[C@H](C)c4cccc(C(F)(F)F)c4,-6.313,33,-0.1913030303030303
c1cc(O)ccc1-c(nc2NC)ncc2-c3ccccc3O,-6.313,22,-0.28695454545454546
Cc1cccc(c1)[C@H](C)Nc(n2)c(C(=O)N)c(n23)nc(C)cc3-c4ccccc4C,-6.313,30,-0.21043333333333333
O=c(o1)ccnc1-c(c2)c(cc(c23)c(NC)c(C#N)cn3)NCc4ccccc4,-6.312,29,-0.21765517241379312
C[NH+](C)[C@@H](C)c(c1)cncc1Nc(ncc2-c(ccn3)cc3OC)nc2-c4cccc(c4)NC(=O)C,-6.312,36,-0.17533333333333334
Cc1ccc(cc1)[C@H](C)Nc(n2)c(nc(nc3)NC4CC4)c3c(c25)ccc(c5)C(=O)[C@@H]6C[N@H+](C)CCO6,-6.312,37,-0.1705945945945946
Cc1ccc(C)c(c1)[C@H](C)Nc(n2)c(ncnc3)c3c(c24)ccc(c4)-c5ccn(C)c(=O)c5,-6.307,33,-0.19112121212121214
COc1cccc(c1)[C@H](C)Nc(nc2)nc(c23)n(c(=O)c(c3C)-c4ccccc4F)-c5nccn5CC(=O)N(C)C,-6.307,41,-0.15382926829268292
COc1ccccc1-c(c2C)c(=O)n(CC[NH+]3CCCCC3)c(c24)nc(nc4)NCc5cc(C)ccc5C,-6.306,38,-0.16594736842105262
Fc1ccccc1-c(nc(c23)n(C)cn2)nc3NC4CCCC4,-6.305,23,-0.2741304347826087
Fc1ccccc1-c2cc(-c(cn3)cn3CC)nc(n24)c(C(=O)N)c(n4)NCc5cccc(C)c5,-6.304,35,-0.18011428571428573
Oc1ccc(cc1C)[C@H](C)c(c2)nc(c(c23)nccn3)NCCO,-6.304,24,-0.26266666666666666
C[NH+](C)Cc(nc1)ccc1-c(c(o2)-c(cc3C)ccc3C)c(c24)c(ncn4)NC[C@H](N)c5cccc(C(F)(F)F)c5,-6.304,41,-0.1537560975609756
OC[C@@H](O)CNc(n1)c(C(=O)N)c(n12)nc(-c3ccccc3)cc2-c4ccc(Cl)cc4,-6.304,31,-0.20335483870967744
CN(C)C(=O)Cn(c1)ncc1-c2cc(-c(cc3)ccc3OCC)cc(c24)cnc(n4)N[C@H](C)c5ccccc5,-6.304,39,-0.16164102564102564
Cc1cccc(c1)Nc2nc(NCc3cc(C)ccc3C)ncc2-c4cccc(C)c4,-6.303,31,-0.2033225806451613
CNc(n1)c(C(=O)N)c(n12)nc(-c3cccc(C)c3)cc2-c4cccnc4,-6.303,27,-0.23344444444444445
C1OCC[C@H]1Oc(c(c2)OC)cc(c23)c(nc[nH+]3)NCc4ccc(C)cc4,-6.302,27,-0.2334074074074074
OCCc(c1)cccc1[C@H](C)Nc(ncn2)c(c23)ccc(c3)-c4ccoc(=O)c4,-6.301,29,-0.21727586206896551
COc1ccccc1-c(o2)c(-c3occc3CC)c(c24)c(ncn4)NC[C@H](O)c5ccc(C)cc5,-6.299,35,-0.1799714285714286
C1[NH2+]CCC[C@H]1c(nc2C)c(o2)-c(cc3)cc(c34)ncnc4NCC(F)(F)c5ccc(N)cc5,-6.299,34,-0.18526470588235294
Cc1cnc(o1)Nc(n2)c(C(=O)N)c(n23)nc(-c4cccnc4)cc3-c5cccnc5,-6.299,31,-0.20319354838709677
CC(=O)Nc1cccc(c1C)-c(c2C)c(=O)n(C)c(c23)nc(nc3)N[C@H](C)c4ccccc4C,-6.299,34,-0.18526470588235294
Cn1cncc1-c(n2)cc(-c(cc3)ccc3C)n(c24)nc(c4C(=O)N)NCc5cccc(C)c5,-6.298,34,-0.18523529411764705
Fc1ccccc1-c(cn2)c(n23)nc(-c4ccccc4)cc3NCCc5ccc(C(F)(F)F)cc5,-6.298,35,-0.17994285714285715
Cc1cc(N)cc(c1)[C@H](C)Nc(nc2)nc(c23)c(nc(c3)C)-c4cnsc4C,-6.298,28,-0.22492857142857142
Cc1cccc(c1)C[C@H](O)Nc(nc2)nc(c23)c(-c4ccoc4)cc(c3)-c5cnn(C)c5,-6.297,32,-0.19678125
CC(=O)Oc(cc1)ccc1-c(c(c2)OC)cc(c23)c(ncn3)Nc4ccc(=O)n(C)c4,-6.297,31,-0.2031290322580645
Cc1cc(C)cc(c1)NC(=O)CNc(c(c23)cccc3)nc(n2)-c4ccccc4,-6.297,29,-0.21713793103448276
c1ccccc1[C@H](C)Nc(ncn2)c(c23)c(Cc4cccnc4)cc(c3)-c5cccc(c5)C(=O)N,-6.297,35,-0.1799142857142857
Cc1ccc(cc1)CNc(n2)c(C(=O)N)c(n23)nc(-c4cccc(Cl)c4)cc3-c5cnn(C)c(=O)c5,-6.296,36,-0.1748888888888889
COc1cccc(c1)CNc2[nH+]c(ncc2-c3ncco3)N[C@H](C)c4cc(N)cc(C(F)F)c4,-6.296,34,-0.1851764705882353
CCc1cccc(c1)-c(cc2)nc(c23)c(N[C@H](C)c4ccccc4C)nc([nH+]3)NCc5cccc(Cl)c5,-6.296,37,-0.17016216216216218
CCn1ccnc1-c(n2)c(-c3ccoc3)cc(c24)cnc(n4)N[C@H](C)c5cccc(C)c5,-6.294,32,-0.1966875
Fc1ccccc1-n2c(=O)c(-c3ccccc3)c(C)c(c24)cnc(n4)N[C@H](C)c5ccccc5,-6.294,34,-0.18511764705882353
Cc1c(N)cc(N)cc1[C@H](C)Nc(n2)c(nc(nc3)NC4CC4)c3c(c25)ccc(c5)-c6cccc(c6)[C@H](C)[NH+](C)C,-6.293,41,-0.15348780487804878
NC(=O)c(c1)nccc1-c(c(C)c2)cc(c23)ncnc3N[C@H](C)c4ccccc4C(C)(C)C,-6.292,33,-0.19066666666666665
C[N@H+]1CCC[C@@H](CC1)Nc(c(c23)nccn3)nc(c2)-c4ccccc4,-6.292,25,-0.25168
CNc(n1)c(C(=O)N)c(n12)nc(-c3cccs3)cc2-c4cccc(C)c4,-6.29,26,-0.24192307692307694
COC(=O)c1ccn(c(=O)c1)C[C@H](O)c2ccc(cc2)-c(c3)c(cc(c34)c(c(cn4)C#N)NCCO)N[C@H](C)c5ccc(C)cc5,-6.29,46,-0.1367391304347826
CSc1cccc(c1)NC(=O)Nc(c(c23)cccc3)nc(n2)-c4ccnnc4C,-6.289,29,-0.21686206896551724
COc1cccc(c1)-c(cc2)nc(c23)c(nc(n3)NCC(=O)N)Nc4ccccc4,-6.289,30,-0.2096333333333333
Cc(c1)cc(C)cc1CNc(nc2-c(cc3)ccc3C)ncc2-c4[nH+]cccc4[O-],-6.288,30,-0.2096
Cc1cn(cn1)-c(cn2)c(n23)nc(-c4ccccc4)nc3NC[N@H+]5CCC[C@@H]5C,-6.288,29,-0.21682758620689657
c1cc(F)ccc1-c(cnc2NC)c(n2)NCc3cccc(C)c3,-6.286,24,-0.26191666666666663
c1ccccc1CNc(nc2NCCCO)ncc2-c3cccnc3,-6.285,25,-0.2514
Oc1cccc(c1)-c2cnc(-c3cncs3)nc2NCc4ccccc4,-6.285,26,-0.24173076923076925
Oc(c1)cccc1Oc(c(c2)OC)cc(c23)c(ncn3)N[C@H](C)[C@H](O)c4cccc(C)c4,-6.284,32,-0.196375
[NH3+]Cc(c1)occ1-c2cnc(nc2-c(cc3)ccc3C)NCCN4CCC[C@@H]4C,-6.283,29,-0.21665517241379312
Cn1ccc(c1)-c(cc2)cc(c23)c(-c4ncccn4)nc(n3)-c5cccc(c5)C(=O)N,-6.283,31,-0.2026774193548387
c1ccccc1[C@@H](C)c(nc2NCCCO)nc(n23)c(cn3)-c4cccnc4,-6.283,28,-0.22439285714285714
Cc1cccc(c1)[C@H](C)Nc(cc(n2)-c3ccc([C@H](C)O)cc3)n(c24)ncc4-c(c5)cn(c56)cccc6,-6.282,37,-0.16978378378378378
CC(=O)Nc(nc1)nc(c12)c(-c3ccc(C(=O)N)cc3)cc(c2)-c4cncc(c4)C(=O)N,-6.282,32,-0.1963125
COc1ccc(cc1)-c2cc(C)nc(n2)N[C@@H]3CC[N@H+](C3)[C@H](C)c4cccc(F)c4,-6.282,30,-0.2094
OCCc(c1)cccc1[C@H](C)Nc(ncn2)c(c23)ccc(c3)-c4cccnc4,-6.281,28,-0.22432142857142856
c1cc(F)ccc1CCNC(=O)Nc2ncc(-c3cccnc3)c(n2)-c4cncnc4,-6.281,31,-0.20261290322580644
CNc(n1)c(C(=O)N)c(n12)nc(-c3cccc(F)c3)cc2-c4ccc(Cl)cc4,-6.281,28,-0.22432142857142856
COc1cccc(c1)-c(n2)c(-c3cccc(c3)N(C)C)cc(c24)cnc(n4)N[C@H](C)c5cccc(c5)C(=O)N,-6.281,39,-0.16105128205128205
Nc1ccccc1[C@H](CCO)Nc(nc(n2)-c3cccc(F)c3)n(c24)ncc4-c5cccnc5,-6.281,34,-0.18473529411764705
Cc1ccccc1CNc2nc(N[C@H](C)c3ccc(C[NH3+])cc3)[nH+]cc2-c4cncc(F)c4,-6.28,33,-0.1903030303030303
c1ncccc1-c2cc(-c(cs3)cc3C)nc(n24)c(C(=O)N)c(n4)NCc5ccccc5,-6.28,32,-0.19625
COc1ccc(cc1OC)CNc2nc(-c3cccc(F)c3)ncc2-c4ccncc4C(=O)N,-6.28,34,-0.1847058823529412
c1ccccc1-c(cc2)nc(c23)c(N[C@@H](C)c4ccc(C(F)(F)F)cc4)nc(n3)NC(=O)N5CC[C@@H]5C,-6.279,37,-0.1697027027027027
COc1nccnc1-c2cnc(-c3ccsn3)nc2NCc(cc4)cc(c45)OCCO5,-6.279,31,-0.2025483870967742
CN(C)C(=O)Cn(c1)ncc1-c2cc(-c(ccn3)cc3OC)cc(c24)cnc(n4)N[C@H](C)c5ccccc5,-6.279,38,-0.16523684210526315
FC(F)(F)c(c1)cccc1[C@H](C)Nc(nc2)nc(c23)nc(-c4ccccc4)c(c3)-c5cccc(c5)C(=O)N,-6.279,38,-0.16523684210526315
Fc(c1)cccc1-c(n2)nc(NCC)n(c23)ncc3-c4ccccn4,-6.278,25,-0.25112
Cc1ncc(n1C)-c(cn2)c(n23)nc(-c4c[nH+]cn4C)cc3NCc5ccc(Cl)cc5F,-6.278,32,-0.1961875
CNc(n1)c(C(=O)N)c(n12)nc(-c3ccccc3)cc2-c4cccc(F)c4,-6.278,27,-0.2325185185185185
COc1ccccc1-c2cnc(N[C@H](C)c3ccccc3)nc2-c4cccc(c4)NC(=O)N,-6.277,33,-0.19021212121212122
CC(=O)Nc1ccc(cc1OC)-c2cnc(nc2-c3cnn(C)c3)N[C@H](C)c4ccccc4,-6.277,33,-0.19021212121212122
Cc1ccc(cc1)C[N@H+](C)CCNc(n2)c(C(=O)N)c(n23)nc(cc3C(C)C)-c4ccccc4F,-6.277,35,-0.17934285714285714
Cc1cccc(c1)CNc2nc(Nc3cccnc3)ncc2-c4ccco4,-6.277,27,-0.23248148148148148
CC(=O)Nc(n1)c(C(=O)N)c(n12)nc(-c3ccccc3)cc2-c4cccc(C)c4,-6.276,29,-0.21641379310344827
COCCNc(nc1NC)ncc1-c2ccc(C)cc2,-6.276,20,-0.31379999999999997
O=c1ccccn1-c(cc2)cc(c23)nc(c4c3cncn4)NC5CCCCC5,-6.275,28,-0.22410714285714287
CCCn1cc[nH+]c1-c(cc2)cc(c23)ncnc3N[C@H](C)c4ccc(C)cc4,-6.275,28,-0.22410714285714287
Cc1cccc(c1)-c(cn2)c(n23)nc(-c4ccccc4)cc3N[C@H](C)c5ccccc5,-6.275,31,-0.20241935483870968
Cn1c(=O)cccc1-c(c2)c(cc(c23)c(c(C#N)cn3)NCC)NCCOc4cccc(C)c4,-6.274,34,-0.1845294117647059
OC[C@@H](O)c(cc1)ccc1-c(c2C)c(=O)n(CC)c(c23)nc(nc3)N[C@H](C)c4ccccc4,-6.273,33,-0.1900909090909091
Brc1ccccc1-n2c(=O)c(-c3cnccn3)c(C)c(c24)cnc(n4)N[C@H](C)c5ccccc5,-6.273,34,-0.1845
COc(cc1)cc(c12)OCCN2CC(=O)Nc3nc(C)cc(n3)-c4ccc(F)cc4,-6.273,30,-0.20909999999999998
Fc(c1)cccc1-c(nc(c23)n(C)cn2)nc3N[C@@H]4CCCN(C4)CC[NH3+],-6.272,27,-0.2322962962962963
c1ncccc1-c(cn2)c(n23)nc(-c(cs4)cc4C)nc3NC[C@H](O)c5ccccc5Cl,-6.271,32,-0.19596875
Cc1ccc(cc1)[C@H](C)Nc(n2)c(nc(nc3)NC4CC4)c3c(c25)ccc(c5)-c6ccn(c6)C(=O)NCc7cccc(F)c7,-6.27,44,-0.1425
C#C[C@H](C)Nc(nc1)nc(c12)c(nc(c2)C)-c3ccccc3C(=O)N,-6.27,25,-0.25079999999999997
c1ncccc1-c(cc2)nc(c23)c(=[NH+]\c4cn(C)nc4C)\nc([nH]3)NCc5cccc(C(F)(F)F)c5,-6.269,36,-0.1741388888888889
CC(=O)Nc(cc1)ccc1-c(nc2N[C@H](CC)CO)ncc2-c3cccc(c3)OC,-6.269,30,-0.20896666666666666
Cc1ccccc1Cc(c2)c(-c3ccn(c(=O)c3)CC(=O)NC(C)C)cc(c24)c(ncn4)N[C@@H]5CCCN(C5)c6ccc(C(F)(F)F)cc6,-6.269,49,-0.12793877551020408
C[NH2+]C[C@H](O)CNc(c(c12)ncn2C)nc(n1)-c3cccnc3,-6.269,23,-0.27256521739130435
NC(=O)c1ccc(cc1)-c(cn2)c(n23)nc(cc3NCC(F)(F)N)-c4ccccc4,-6.268,30,-0.20893333333333333
COc1ccccc1-c(cnc2NCC)c(n2)NCc3cc(C)cc(C)c3,-6.268,27,-0.23214814814814813
Cc1cccc(c1)C[C@H](O)Nc(nc2)nc(c23)c(-c(c4)n(C)c(c45)cccn5)cc(c3)-c6ccncc6,-6.268,37,-0.1694054054054054
FC(F)(F)c(c1)cccc1NC(=O)c2cnc(NCc3cccc(F)c3)nc2-c4ccc(F)nc4,-6.266,35,-0.17902857142857143
Cc1cccc(c1)C[C@H](O)Nc(nc2)nc(c23)c(-c4cncn4C)cc(c3)-c5cccn(c5=O)C[C@H](C)[NH+](C)C,-6.266,40,-0.15665
C[N@H+](C1)CCC[C@H]1/[NH+]=c2\nc(NCc(c3)cccc3C)[nH]c(c24)ccc(n4)-c5cccnc5,-6.266,33,-0.18987878787878787
FC(F)(F)c(c1)cccc1[C@H](CC)Nc(ncn2)c(c23)cc(c(c3)-c4cnc(C)n4C)-c5cccc(c5)C(=O)N,-6.266,40,-0.15665
Cc1ccc(c(C)c1)-c(cc(n2)C)n(c23)nc(c3C(=O)N)NCC[NH+](C)C,-6.265,27,-0.23203703703703701
CCn1cc(cn1)-c(cc2)cc(c23)ncnc3N[C@@H]4CCC[N@@H+](C4)C5CCCCC5,-6.265,30,-0.20883333333333332
Cc1cccc(c1)[C@H](C)Nc(nc2)nc(c23)n([C@H](C)c4ccc(C(F)(F)F)cc4)c(=O)c(c3C)-c5cccc(c5)C(=O)N,-6.264,43,-0.14567441860465116
c1ccccc1[C@H](O)CNc(nc(n2)-c3ccc(F)o3)n(c24)ncc4[C@@H]5CCOC5,-6.263,30,-0.20876666666666666
Cc1onc(C)c1-c(n2)cc(nc2C)Nc3ncc(s3)-c4ccc(F)cc4,-6.262,27,-0.2319259259259259
Cn(n1)c(=O)ccc1-c2cc(-c(cc3C)ccc3C)cc(c24)cnc(n4)N[C@H](C)c5ccccc5,-6.262,35,-0.1789142857142857
Cc1cccc(c1)[C@H](C)Nc(nc2)nc(c23)nc(c(c3)C)-c4ccccn4,-6.261,27,-0.2318888888888889
COc1cccc(c1)[C@H](C)Nc(nc2)nc(c23)n(-c4cccnn4)c(=O)c(c3C)-c5nnco5,-6.261,34,-0.1841470588235294
c1cc(Cl)ccc1-c(o2)c(-c(co3)cc3C)c(c24)c(ncn4)NCCc5cccc(C(F)(F)F)c5,-6.261,35,-0.1788857142857143
Cc1ccc(cc1)CNc(n2)c(C(=O)N)c(n23)nc(-c4cccc(Cl)c4)cc3-c5cccc(F)c5,-6.261,35,-0.1788857142857143
CNc(n1)c(C(=O)N)c(n12)nc(C)cc2CC[NH3+],-6.261,18,-0.3478333333333333
Cc1cc(N)cc(c1)[C@H](C)Nc(nc2)nc(c23)c(-c4cc(on4)C(C)C)cc(c3)-c5cncc(c5)C(=O)N,-6.26,38,-0.16473684210526315
CC(=O)Nc1cccc(c1)-c2nc(ncc2-c3ccc(C)c(N)c3)NCC(=O)Nc4cccc(C)c4,-6.26,36,-0.17388888888888887
COc(c1)c(N)cc(c12)c(nc[nH+]2)NCc3ccc(C[NH3+])cc3,-6.26,23,-0.27217391304347827
COc1cccc(c1)-c(cc2)nc(c23)c(Nc4ccc([C@H](C)O)cc4)nc([nH+]3)NC[C@H](C)c5ccccc5C,-6.26,39,-0.1605128205128205
COc1cccc(c1)[C@H](C)c(cc2)cc(c23)nc(NC[C@H](O)c4cc(N)cc(C(F)(F)F)c4)c5c3cnc(n5)NC6CC6,-6.26,43,-0.1455813953488372
c1cc(F)ccc1-c(n2)nc(N[C@@H](CC)c3ccc(C)cc3)n(c24)ncc4-c5cccc(C)c5,-6.259,34,-0.18408823529411766
FC(F)(F)c(c1)cccc1[C@H](CC)Nc(ncn2)c(c23)cc(c(c3)-c4ccccc4C)-c5cnn(c5)CCC(=O)Nc6ccc(F)cc6,-6.259,48,-0.13039583333333335
CCc1cccc(c1)NCCNc(ncn2)c(c23)c(-c4cnc(s4)N)cc(c3)-c5cnc(=O)n(C)c5,-6.258,36,-0.17383333333333334
C[NH+](C)[C@@H](C)Cn(c1)c(=O)ccc1-c(c(n2)-c(c3)cccc3OC)cc(c24)cnc(n4)NCC(=O)NCc5cccc(C(F)(F)F)c5,-6.258,47,-0.13314893617021276
c1ccccc1CCc(c(c2)-c(cccc3=O)n3CC[NH+](C)C)cc(c24)ncnc4N[C@@H]5CCCN(C5)c6ccc(C(F)(F)F)cc6,-6.257,47,-0.13312765957446807
COC(=O)c1cccc(c1)-c(cc2)nc(c23)c(Nc4cccc(n4)C)nc(n3)N[C@H](C)c5cccc(C(F)(F)F)c5,-6.257,41,-0.15260975609756097
CN(C)c1ccc(cc1)-c(cn2)c(n23)nc(-c4ccc(N)cc4)nc3NCCC[NH+]5CCCC5,-6.257,34,-0.18402941176470589
COCC(=O)Nc1cccc(c1)-c(cc(c2)-c3cccnc3)c(c24)nc(nc4)N[C@H](C)c5cccc(Cl)c5,-6.257,38,-0.1646578947368421
O=c1ccc(cn1C)-c(cc2)cc(c23)nc(c4c3cncn4)Nc5cccnc5,-6.257,29,-0.21575862068965515
CCNC(=O)Nc(c(C#N)cn1)c(c12)cc(c(c2)-c3cccnc3)N[C@H](C)c4cccc(N)c4,-6.256,34,-0.184
[NH3+]Cc(c1)cccc1C(=O)c(n2)cc(NC[C@H](C)CO)n(c23)ncc3-c4cccc(C(F)(F)F)c4,-6.255,35,-0.17871428571428571
Cc1cccc(c1)[C@](C)(CO)Nc(cc(n2)-c3ccc(=O)n(C)c3)n(c24)ncc4-c(c5)cn(c56)cccc6,-6.255,38,-0.16460526315789473
C[C@H](O)CNc(n1)c(C(=O)N)c(n12)nc(-c(o3)ccc3C)cc2-c4cccc(O)c4,-6.255,30,-0.2085
CN(C)C(=O)COc(c(c1)OC)cc(c12)c(nc[nH+]2)N[C@H](O)c3cccc(C)c3,-6.255,29,-0.21568965517241379
FC(F)(F)c(c1)cc(N)cc1[C@H](C)Nc(ncn2)c(c23)ccc(c3)-c4cccc(F)c4,-6.255,31,-0.2017741935483871
Cc1noc(C)c1-c(cc2)nc(c23)c(N[C@@H]4CC[N@@H+](C)CC4)nc(n3)N[C@H](C)c5cc(N)cc(C(F)(F)F)c5,-6.255,39,-0.16038461538461538
COc(c1)c(N)cc(c12)c(ncn2)NC(=O)Nc3ccc(C)cc3,-6.254,24,-0.26058333333333333
Fc(c1)cccc1-c(cn2)c(n23)nc(-c4cccc(F)c4C)cc3N[C@H](C)c5ccc(N)cc5,-6.254,34,-0.18394117647058822
COc1nccnc1-c2cnc(-c3ccccc3O)nc2N[C@H](C)c4ccccc4,-6.254,30,-0.20846666666666666
Cc1ccccc1[C@H](C)Nc(nc2)nc(c23)c(cc(c3)C4CCOCC4)-c5ccncc5[C@H](C)[NH3+],-6.251,35,-0.1786
CC(C)(O)c(c1)cc(N)cc1[C@H](C)Nc(ncn2)c(c23)cc(-c4ccc(CO)nc4)c(c3)-c5ccncc5,-6.25,38,-0.16447368421052633
n1cc(C)ncc1-c(n2)ccc(c23)[nH+]c(N[C@@H](C)c(c4)cccc4C)nc3NCC[NH+]5CCOCC5,-6.249,36,-0.1735833333333333
FC(F)(F)c1cccc(c1)NCNc(ncn2)c(c23)ccc(c3)-c(cc4)cc(c45)nccn5,-6.249,33,-0.18936363636363635
CCNc(c(C#N)cn1)c(c12)cc(NC[C@H](C)OC)c(c2)-c3cccc(c3)CNC(=O)C,-6.249,32,-0.19528125
CNc1[nH+]cc(c(n1)NCOC)-c2cnn(C)c2CN(C)C(=O)C,-6.248,24,-0.26033333333333336
Cc1ccc(cc1)[C@H](C)Nc2nc(-c3cccc(n3)C(=O)N)ncc2-c4cccc(C(F)(F)F)c4,-6.247,35,-0.17848571428571428
c1ncccc1-c(n2)ccc(c23)nc(NCC)nc3N[C@H](C)c4cccc(c4)C(F)(F)CO,-6.247,33,-0.1893030303030303
COc1ccccc1-c(c2)c(-c3ccc(o3)C(=O)N(C)C)cc(c24)ncnc4NCc5cccc(C)c5,-6.246,37,-0.1688108108108108
C[N@H+](C1)CC[C@H]1Nc(ncn2)c(c23)c(-c(c4)cccc4[C@H](C)O)c(o3)Cc5cccc(C(F)(F)F)c5,-6.245,36,-0.17347222222222222
CN(C)C(=O)c(c1)cncc1-c(cc2)nc(c23)c(Nc(cc4)ccc4C)nc(n3)N[C@H](C)c5cccc(C(F)(F)F)c5,-6.245,42,-0.1486904761904762
c1ncccc1-c(c(c2)NCC)cc(c23)ncc(C#N)c3NC(=O)Nc4cccc(c4)CC,-6.244,33,-0.1892121212121212
FC(F)(F)c1cc(N)ccc1[C@H](C)Nc(ncn2)c(c23)cc(-c4ccccc4)c(c3)-c5cccc(c5)C(=O)OC(=O)N6CCCCC6,-6.244,47,-0.13285106382978723
Cc1ccc(C)c(c1)CNc(nc2)nc(c23)n([C@H](C)c4ccc(C)c(C)c4)c(=O)c(c3C)-c5c(C)cccc5C(=O)N6CCOCC6,-6.243,47,-0.13282978723404257
O=c1cccc(n1CC)-c(c2)c(-c3ccccn3)nc(c24)nc(nc4)N[C@H](C)c5ccc(C(F)(F)F)cc5,-6.243,38,-0.16428947368421054
Cc1ccccc1CNc2nc(NC(C)(C)C)[nH+]cc2-c3ccn(n3)C,-6.242,26,-0.24007692307692308
O=CCc1cnc(NCCO)nc1Cc(ccc2)c(c23)cccc3,-6.241,24,-0.26004166666666667
COc(c1)c(N)cc(c12)c(nc[nH+]2)NCC(=O)Nc3cccc(F)c3,-6.241,25,-0.24963999999999997
CCc1ccccc1[C@H](CO)Nc(nc2)nc(c23)n(C)c(=O)c(c3C)-c4ccccc4F,-6.24,32,-0.195
COc1ccccc1Nc(ncn2)c(c23)cc(c(c3)OC)-c4ncccn4,-6.239,27,-0.23107407407407407
COc1c(C)cccc1Oc(c(c2)OC)cc(c23)c(ncn3)NC(=O)CN(CCC4)c(c45)cccc5,-6.238,36,-0.17327777777777778
Cc1ccc(cc1N)[C@H](C)Nc(ncn2)c(c23)ccc(c3)-c4cncc(c4)CO,-6.237,29,-0.2150689655172414
c1ccccc1-c2cc(C)nc(n23)c(C(=O)N)c(n3)NCC[NH+](C)C,-6.237,25,-0.24948
FC(F)(F)c(c1)cc(N)cc1[C@H](C)Nc(nc2)nc(c23)c(-c4cccc(=O)n4C)cc(c3)-c5cccnc5,-6.236,38,-0.16410526315789473
Cc1ccc(cc1)CNc2nc(-c3nccn3C)ncc2-c4ccccc4[C@H](C)O,-6.236,30,-0.20786666666666667
Cc1ccc(cc1)[C@H](C)Nc(nc2)nc(c23)c(nc(c3)C)-c4nccs4,-6.236,26,-0.23984615384615385
CNc1[nH+]cc(-c2ccco2)c(n1)NCc3cccc(C)c3,-6.236,22,-0.28345454545454546
Cc(n1)n(C)cc1Nc2nc(-c(cc3)ccc3C)nc(n24)c(cn4)-c5cncn(C)c5=O,-6.236,32,-0.194875
Cc1ccc(c(C)c1)-c(cc(n2)C)n(c23)nc(c3C(=O)N)NC4CCCC4,-6.235,27,-0.23092592592592595
C1CCCC[NH+]1[C@H](C)CNc(nc(n2)-c3cccnc3)n(c24)ncc4-c5ccn(n5)C,-6.235,31,-0.20112903225806453
Fc(c1)cccc1-c(n2)cc(NCC[NH3+])n(c23)ncc3-c4ccccc4,-6.234,26,-0.23976923076923076
c1ccccc1[C@H](C)Nc(c(c23)ncn3C)nc(n2)-c4ccco4,-6.233,24,-0.2597083333333333
Cc1ccc(o1)Nc(c2)c(-c3ccc(=O)n(C)c3)cc(c24)ncc(C#N)c4NC[C@H](O)[C@H](O)c5ccccc5,-6.233,39,-0.15982051282051282
Cn(c1)ncc1-c(cn2)c(n23)nc(-c(cc4)ccc4C(=O)C)cc3NCCc5ccc(C(F)(F)F)cc5,-6.233,37,-0.16845945945945945
OCCNc(n1)c(C(=O)N)c(n12)nc(-c3ccccc3F)cc2-c4ccccc4,-6.232,29,-0.21489655172413794
Cc1cccc(c1)[C@H](C)Nc(nc2)nc(c23)nc([C@@](F)(C)c4cccc(O)c4)c(c3)-c5nccc(n5)/C=[NH+]/[C@H](C)C(C)C,-6.232,43,-0.14493023255813953
c1ccccc1CNc(n2)c(C(=O)N)c(n23)nc(-c4ccccc4F)cc3-c5ccsc5,-6.232,32,-0.19475
CC(C)n(c1)ncc1-c2cc(-c(cc3C)cc(n3)C(C)C)cc(c24)cnc(n4)N[C@H](C)c5ccccc5,-6.231,37,-0.1684054054054054
COC(=O)[C@@H]([NH3+])c(cc1)ccc1-c2cc(-c(cn3)cn3CC)cc(c24)cnc(n4)NCc5cc(C)cc(C)c5,-6.231,39,-0.15976923076923077
CCc1ccccc1[C@H](CO)Nc(nc2)nc(c23)n(C)c(=O)c(c3C)-c4ccco4,-6.231,30,-0.2077
Cc1nn(C)cc1-c2cnc(-c3cccc(F)c3)nc2N[C@H](C)c4cccc(c4)C(=O)N,-6.231,32,-0.19471875
COc1cc(ccn1)-c(cn2)c(n23)nc(-c4ccccc4C)nc3NC[C@H](C)c5cccc(C)c5,-6.23,35,-0.17800000000000002
Cc1cccc(c1)-c(nc(c23)n(cn3)C)nc2N[C@@H]4CCCN(C4)CC[NH3+],-6.229,27,-0.23070370370370372
Cc1ccc(cc1)CNc2[nH+]cc(-c3ccco3)c(n2)NCC[NH3+],-6.229,24,-0.25954166666666667
FC(F)(F)c(c1)cc(N)cc1[C@H](C)Nc(n2)c(ncnc3)c3c(c24)ccc(c4)-c5ccc(C(=O)N)cc5,-6.229,37,-0.16835135135135135
Cc1cc(C)cc(c1)[C@H](C)Nc(nc2)nc(c23)c(nc(c3)C)Cc4cc(Cl)ccc4C,-6.229,31,-0.20093548387096774
Cc1ncc(n1C)-c(c2)c(-c3ccn(C)c(=O)c3)cc(c24)c(ncn4)N[C@H](C)c5ccccc5,-6.228,34,-0.18317647058823527
Cc1cccc(c1)[C@H](C)Nc(nc2)nc(c23)n(-c4ccc(=O)n(C)c4)c(=O)c(c3C)-c5ccc(Cl)cc5,-6.228,37,-0.16832432432432431
CCn1cc(c(n1)C)-c(nc(C)c2)c(c23)nc(nc3)NC[C@H](C)Nc4ccc(C(F)(F)F)cc4,-6.228,34,-0.18317647058823527
Clc1ccccc1-c(nc(C)c2)c(c23)nc(nc3)NCC4CC[NH2+]CC4,-6.226,26,-0.23946153846153845
CC(=O)N(C1)CCC[C@H]1Oc(c(c2)OC)cc(c23)c(nc[nH+]3)N[C@H](C)c4cccc(c4)C(C)C,-6.226,34,-0.18311764705882352
COc1cccc(c1)CNc(c(c23)ncn3C)nc(n2)-c4nc(C)cn4C,-6.226,27,-0.2305925925925926
COc1cccc(c1)-c(nc(c23)n(cn3)C)nc2N[C@@H]4CCCN(C4)CC[NH3+],-6.226,28,-0.22235714285714286
COc1cccc(c1)[C@H](C)c(c2)nc(c(c23)nccn3)NCCO,-6.225,24,-0.25937499999999997
CC(C)Nc(n1)c(C(=O)N)c(n12)nc(-c3cccc(Cl)c3)cc2-c4ccc(O)cc4,-6.224,30,-0.20746666666666666
O=C([O-])c(c1)cccc1N[C@H](C)CNc2ncc(-c3cccc(O)c3)c(n2)-c4ccncc4,-6.224,33,-0.1886060606060606
COc1cccc(n1)-c(c2)c(-c3ccncc3)cc(c24)ncnc4N[C@H](C)C(C)C,-6.224,30,-0.20746666666666666
Fc1ccccc1-c(nc(c23)n(C)cn2)nc3NCCC(=O)N,-6.223,23,-0.27056521739130435
Cc1cccc(c1)[C@H](C)Nc(n2)c(ncnc3)c3c(c24)ccc(c4)-c5cccnc5,-6.222,30,-0.2074
COc(c1)cccc1-c2cnc(nc2NCC)N[C@H](C)c3ccc(N)c(c3)C(F)(F)CO,-6.222,32,-0.1944375
Cc1nn(C)c(c1C)-c2cnc(nc2-c3cnccn3)N[C@H](C)c4ccc(N)c(C(F)(F)F)c4,-6.222,34,-0.18300000000000002
c1ccccc1-c(n2)cc(-c(cc3)ccc3OC)n(c24)nc(c4C(=O)N)NC(=O)Nc5cccc(C)c5,-6.221,37,-0.16813513513513514
Cc1cccc(c1)OCC(=O)Nc(ncn2)c(c23)cc(-c4ccc(=O)on4)c(c3)-c5ccncc5,-6.221,35,-0.17774285714285715
C[C@H](N)C(=O)NC(=O)c(nc1OC)ccc1-c(cc2-c3cccc(C)c3)cc(c24)cnc(n4)N[C@H](C)c5cc(C)cc(N)c5,-6.221,44,-0.14138636363636364
FC(F)(F)c(c1)cc(N)cc1[C@H](C)Nc(nc(n2)-c3ccc(F)o3)n(c24)ncc4-c5cccnc5,-6.221,35,-0.17774285714285715
c1ccccc1CNc(n2)c(C(=O)N)c(n23)nc(-c4ccccc4)cc3-c5cccc(F)c5,-6.22,33,-0.18848484848484848
C1CCCCC[NH+]1[C@H](C)Cc(cc2)cc(c23)ncnc3NCCc4ccc(F)cc4,-6.219,30,-0.2073
Clc(c1)cccc1-c(nc(C)c2)c(c23)nc(nc3)NCC4CC[NH2+]CC4,-6.218,26,-0.23915384615384616
Cc(c1)c(C)ccc1-c(cn2)c(n23)nc(-c(ccc4=O)cn4[C@@H](C)CC)cc3N[C@H](C)c5cccc(C)c5,-6.218,38,-0.16363157894736843
CC(C)c(c1)cccc1[C@@H](C)Nc2nc(N[C@H](C)C[C@H](C)[NH+]3CCOCC3)nc(c24)ccc(n4)-c5nn(C)cc5C(=O)N,-6.217,43,-0.1445813953488372
C1CCCC[NH+]1[C@H](C)CCCC(=O)Nc(c(c23)cccc3)nc(n2)-c4cccc(F)c4,-6.217,31,-0.2005483870967742
Cc1ccc(C)c(c1)CNc2[nH+]cc(-c3oc(C)nc3C)c(n2)N[C@H](C)c4cc(C[NH3+])cc(C(F)(F)F)c4,-6.217,38,-0.16360526315789473
Cc1ccccc1CNc2nc(NCC(=O)N)[nH+]cc2-c3cccc(C(F)(F)F)c3,-6.216,30,-0.2072
FC(F)(F)c(c(N)c1)ccc1[C@@H](C)c2cnc(NCc3cccc(F)c3)nc2-c4cccc(=O)n4C,-6.216,36,-0.17266666666666666
COc1ccc(cc1)-c2ncc(-c3nccs3)c(n2)NC(=O)CCc4ccccc4OC,-6.216,32,-0.19425
Cc1cccc(c1)-c(cc2)nc(c23)c(NCCO)nc([nH+]3)NCC[NH+]4CCCCC4,-6.216,30,-0.2072
Fc(c1)cccc1[C@@H](C)c2nc(NC(F)(F)F)ncc2-c3cccc(c3)N(C)C,-6.215,29,-0.2143103448275862
Cc1cc(C)cc(c1)CNc(nc(n2)-c3ccccc3)n(c24)ncc4[C@@H]5C[N@@H+](CCC5=O)Cc6ccccn6,-6.214,39,-0.15933333333333335
COc1nccnc1-c2cnc(-c3ccncc3)nc2N[C@H](C)c4cccc(C)c4,-6.214,30,-0.20713333333333334
CCn1cnnc1-c(o2)c(-c3cccc(c3)OC)c(c24)c(ncn4)NC[C@H](O)c5ccc(C)cc5,-6.214,35,-0.17754285714285714
Fc(c1)cccc1[C@H](C)Nc(c(c23)nccn3)nc(c2)-c4ccccc4Cl,-6.214,27,-0.23014814814814816
CN(C)C(=O)COc(c(c1)OC)cc(c12)c(nc[nH+]2)N[C@H](O)c3ccccc3C,-6.213,29,-0.21424137931034484
CC(=O)c1ccccc1-c2cnc(Nc3cc[nH+]cc3)nc2NCc4cccc(C)c4,-6.213,31,-0.20041935483870968
COc(cc1)ccc1-c(cc2)nc(c23)c(NC)nc([nH+]3)N[C@H](C)c4cccc(C(F)(F)F)c4,-6.213,33,-0.18827272727272729
CCOCNc1[nH+]cc(-c2cccnc2)c(n1)NCc3ccc(OC)cc3,-6.212,27,-0.23007407407407407
n1ccncc1-c2cc(-c(nc3C)c(o3)C(C)C)cc(c24)cnc(n4)N[C@H](C)c5ccccc5,-6.212,34,-0.18270588235294116
c1ncccc1-n2c(=O)c(-c3ccc(=O)n(C)c3)c(C)c(c24)cnc(n4)NCc5ccccc5,-6.212,34,-0.18270588235294116
CC(C)N(C1=O)CC[C@H]1Nc(nc2NCC)ncc2-c3cccnc3,-6.211,25,-0.24844000000000002
CCn1cc(c(n1)C)-c2cnc(-c3cnccn3)nc2NCCCO,-6.211,25,-0.24844000000000002
Cc(c1)cccc1[C@@H](CO)c2cnc(nc2-c(cc3=O)ccn3CC)N[C@@H]4CC(=O)N(C4)c5ccc(C)cc5,-6.211,39,-0.15925641025641027
Cc1cccc(c1)[C@H](C)Nc2nc(ncc2C)-c3conc3C,-6.21,23,-0.27
C[C@H](O)c1ccccc1-c2cnc(nc2NC3CC3)-c4cccc(c4)C(=O)N,-6.209,28,-0.22174999999999997
CCc1cccc(c1)CNc(nc(n2)-c3ccsc3)n(c24)ncc4-c5c[nH+]cn5C,-6.209,30,-0.20696666666666666
Cc1cccc(c1C)[C@@H]2CC[C@@H]2Nc(cc(n3)-c4ccc(C(=O)N)cc4)n(c35)ncc5-c6c[nH+]c(C)n6C,-6.208,38,-0.16336842105263158
Cc1ccc(C)c(c1)CNc2[nH+]cc(-c3ncco3)c(n2)Nc4cc(ccn4)C(=O)N(C)C,-6.208,33,-0.18812121212121213
Clc1ccccc1-c2cc(C)nc(n23)c(C(=O)N)c(n3)NC(=O)c4cccc(C(F)F)c4,-6.208,32,-0.194
c1nc(Br)ccc1-c(cc2C)nc(n2)NCc3ccc(F)cc3,-6.207,23,-0.2698695652173913
Cc1cccc(c1)[C@H](C)Nc(nc2)nc(c23)c(nc(c3)C)-c4ccc(c(F)c4)C(=O)N(C)C,-6.207,33,-0.1880909090909091
COCCNc(n1)c(C(=O)N)c(n12)nc(cc2-c3ccc(O)cc3)-c4ccccc4OC,-6.207,32,-0.19396875
c1cnccc1-c(nc(C)c2)c(c23)nc(nc3)N[C@H](N)c4cc(Cl)ccc4C,-6.207,28,-0.22167857142857142
C[NH+](C)CCNc(n1)nc(cc1C)-c2ccccc2F,-6.206,20,-0.3103
n1cn(C)c(c12)nc(-c3cccs3)nc2NCc(cc4)cc(c45)OCCO5,-6.206,27,-0.22985185185185186
CCc1onc(C)c1-c(c2)c(cc(c23)c(c(cn3)C#N)NC(C)C)NC[C@H](O)c4ccccc4,-6.206,34,-0.18252941176470588
Cc1ccccc1-c(c2C)c(=O)n([C@@H](CO)c(c3)cccc3C)c(c24)nc(nc4)NCc5cc(C)ccc5C,-6.206,39,-0.15912820512820514
[NH3+]CCNc1ncc(-c2ccc(Br)cc2)c(n1)Nc3ccccc3,-6.205,24,-0.25854166666666667
COc1ccc(cc1)CNc2nc(NCCc3cccc(C)c3)ncc2-c4ccccc4,-6.205,32,-0.19390625
C1COCCN1c([nH+]2)n(C)c(c23)cc(c(c3)-c4cc(F)ccn4)Cc5cc(N)cc(C(F)(F)F)c5,-6.205,35,-0.1772857142857143
Cc1ccc(cc1)[C@H](C)Nc(nc2)nc(c23)c(nc(c3)C)-c4ccc(nc4)C(=O)N(C)C,-6.204,32,-0.193875
CNc1nccc(n1)-c(nc(C)c2)c(c23)nc(nc3)Nc4cccc(c4)OC,-6.204,28,-0.22157142857142856
FC(F)(F)c(c1)cc(cc1C)N(C)CCNc(nc2)nc(c23)n(C)c(=O)c(c3C)-c4ccc(=O)n(C)c4,-6.204,37,-0.16767567567567568
Cc(o1)ccc1-c(n2)cc(-c(cc3)ccc3C)n(c24)nc(c4C(=O)N)NCC[NH+]5CCOCC5,-6.204,34,-0.1824705882352941
CCc1cccc(c1)-c(cc2)nc(c23)c(nc(n3)NCC[NH+](C)C)N[C@H](C)c4cc(C)cc(C)c4,-6.204,35,-0.17725714285714286
COc1ccc(cc1)CNc(c2)c(-c3ccccc(=O)c3)cc(c24)ncc(C#N)c4NCCO,-6.203,34,-0.18244117647058825
CCCn1c[nH+]cc1-c(cc2)cc(c23)ncnc3N[C@H](C)Nc4ccc(C)c(C)c4,-6.203,30,-0.20676666666666668
Cc1cccc(c1)[C@H](C)Nc(nc2NCC[NH+](C)C)nc(c23)ccc(n3)-c4c(C)cnnc4C,-6.202,34,-0.18241176470588236
COc1cccc(c1)-c(c(c23)c(ncn3)NC(=O)N)c(o2)CCCc4ccccc4,-6.202,30,-0.20673333333333332
NC(=O)c1ccccc1-c(c(c23)nc(nc2)NC(C)C)cc(c3)-c4ccn(C)c(=O)c(=O)c4,-6.201,33,-0.1879090909090909
CC(C)c1cccc(c1)[C@H](C)Nc(nc([nH+]2)NCC3OCCO3)c(c24)nc(cc4)[C@H](C)c5cccc(C(F)(F)F)c5,-6.201,41,-0.15124390243902439
CC(C)[C@@H]1CCC[N@H+]1CCNc(nc(n2)-c3cccc(C(F)(F)F)c3)n(c24)ncc4-c5cn(C)cn5,-6.201,36,-0.17225
COc1cccc(c1)CNc2nc(NCCC[NH3+])[nH+]cc2-c3ccccc3,-6.201,27,-0.22966666666666666
NCc(c1)cccc1C(F)(F)Nc(n2)nc(cc2C)-c3ccccc3[C@H](CC[NH+](C)C)C(=O)N4CCC[C@H](O)C4,-6.199,40,-0.154975
Cc1ccccc1-c(nc2NCCO)nc(n23)c(cn3)Cc4ccccc4F,-6.199,28,-0.22139285714285714
Cc1cccc(c1)[C@H](C)Nc(nc2)nc(c23)nc([C@@](F)(C)c4cccc(O)c4)c(c3)-c5nccc(n5)/C=N/[C@H](C)C(C)C,-6.198,43,-0.14413953488372094
Cc1ccc(cc1)CNc(n2)c(C(=O)N)c(n23)nc(cc3-c4cccs4)-c5cccc(F)c5,-6.198,33,-0.18781818181818183
Cc1cccc(c1)C[C@H](O)Nc(ncn2)c(c23)ccc(c3)-c(n4)n(C[C@H](F)[NH+](C)C)c(c45)cncc5,-6.198,36,-0.1721666666666667
n1cn(C)c(c12)nc(-c3ccsc3)nc2NCc4ccccc4,-6.198,23,-0.2694782608695652
c1cnccc1-c(nc(C)c2)c(c23)nc(nc3)NCC4CC[NH2+]CC4,-6.198,25,-0.24792000000000003
c1cc(F)ccc1-c(n2)nc(N[C@@H](CN(C)C3)[C@@]3(O)CO)n(c24)ncc4-c5cccc(O)c5,-6.198,33,-0.18781818181818183
[NH3+]Cc1ccc(cc1)CCc(cc2)cc(c23)ncnc3NCCc4ccc(F)cc4,-6.195,30,-0.20650000000000002
Cc1cc(N)cc(c1)[C@H](C)Nc(nc2)nc(c23)c(-c4ccnn4C)cc(c3)-c5ccc(CO)cc5,-6.195,35,-0.17700000000000002
Cc1ccccc1[C@H](C)Nc(cc(n2)-c3cccc(F)c3)n(c24)ncc4-c5cnccn5,-6.194,32,-0.1935625
OCCn1cnnc1-c(cc2)cc(c23)nc(c4c3cncn4)N[C@@H]5CCOC5,-6.193,28,-0.22117857142857142
Cc1ccc(C)c(c1)NC(=O)Nc(ncn2)c(c23)ccc(c3)-c4cc(C#N)c(cn4)CCO,-6.193,33,-0.18766666666666665
CC(C)CNc(n1)c(C(=O)N)c(n12)nc(C)cc2-c3ccccc3,-6.192,24,-0.258
Cn(n1)ccc1-c(c(c2)OC)cc(c23)c(nc[nH+]3)N[C@H](C)c4ccc(N)cc4[C@H](C)O,-6.192,31,-0.19974193548387098
COc1cc(ccn1)-c(cn2)c(n23)nc(-c4cccc(Cl)c4)nc3NC[C@H](C)c5cccc(C)c5,-6.192,35,-0.17691428571428572
CN[C@H](C)C(=O)Cn1cc[nH+]c1-c(cc2)nc(c23)c(NCC[NH+]4CCOCC4)nc([nH+]3)N[C@H](C)c5cccc(C)c5,-6.191,41,-0.151
c1ncccc1-c(n2)ccc(c23)nc(NCC)nc3NC(=O)Cc4ccc(C)cc4,-6.191,30,-0.20636666666666667
Cc1cccc(c1)[C@H](C)Nc(n2)c(ncnc3)c3c(c24)ccc(c4)-c5cnc(=O)n(C)c5,-6.19,32,-0.1934375
Cc1ccccc1CNc2nc(NC=[NH2+])ncc2-c3ccccc3Cl,-6.19,25,-0.24760000000000001
Cc1ccccc1-c2cnc(-c3ccnnc3)nc2NCc4cccc(c4)N5CCCCC5,-6.189,33,-0.18754545454545454
Cc1ccc(c(C)c1)[C@H](C)Nc(n2)c(nc(nc3)NC4CC4)c3c(c25)ccc(c5)-c6cccc(c6)C(=O)N,-6.188,38,-0.1628421052631579
NC(=O)CNc1ncc(c(n1)-c2ccc(F)cc2)CCc3cccc(C(F)(F)F)c3,-6.187,30,-0.20623333333333335
Cc1cccc(n1)-c(o2)c(-c3ccc(nc3)C[NH+](C)C)c(c24)c(ncn4)NC[C@H](N)c5cccc(C(F)(F)F)c5,-6.187,40,-0.154675
Cc1ccc(c(C)c1)[C@H](C)Nc(nc2NCCO)[nH+]c(c23)ccc(n3)-c4ccncc4,-6.187,31,-0.19958064516129034
n1ccncc1-c(c2)c(cc(c23)c(c(C#N)cn3)NC(C)C)NCc4ccc(F)cc4,-6.186,31,-0.1995483870967742
s1cccc1-c2cnc(nc2NC)NCc3cccc(C)c3,-6.186,22,-0.2811818181818182
c1cc(C)ccc1CNc(nc2NCC)ncc2-c3ccc(C)cc3,-6.186,25,-0.24744
C1CCCCN1C(=O)OC(=O)c(c2)cccc2-c(c(c3)-c4cc(C)nn4CC)cc(c35)ncnc5N[C@H](C)c6ccc(N)c(C(F)(F)F)c6,-6.186,49,-0.12624489795918367
COc1cccc(c1)-c(nc2NCCC[NH3+])nc(n23)c(cn3)-c4cccs4,-6.186,27,-0.2291111111111111
CNc1cccc(c1)[C@H](C)Nc(nc(n2)-c3ccc(F)cc3)n(c24)ncc4-c5coc(n5)C,-6.186,33,-0.18745454545454546
Cn1c(C)[nH+]cc1-c(cn2)c(n23)nc(CCOC)cc3N[C@H](C)c4ccccc4,-6.185,29,-0.2132758620689655
C1OCC[C@H]1Nc2nc(N[C@@H](C)c3ccc(C(F)(F)F)cc3)[nH+]c(c24)ccc(n4)-c5cccnc5,-6.184,35,-0.17668571428571428
Cc1cccc(c1)CNc2ncc(-c3ccc(F)cc3)c(n2)NC(=O)Nc4ccc(C(F)(F)F)cc4,-6.184,36,-0.17177777777777778
CC(=O)N(C1)CCC[C@H]1Oc(c(c2)OC)cc(c23)c(nc[nH+]3)N[C@H](C)c4ccc(C)c(C)c4,-6.184,33,-0.1873939393939394
[NH3+]Cc(c1)cccc1[C@H](C)Nc2ncc(-c3ccccc3F)c(n2)-c4ccncc4,-6.183,30,-0.2061
COc1cc(ccc1N)[C@H](C)Nc(cc(n2)-c3cnn(C)c3)n(c24)ncc4-c5ccc(C)c(C)c5,-6.183,35,-0.17665714285714285
c1ncccc1-c(cn2)c(n23)nc(-c(c4)cccc4Cl)nc3NCC[NH+]5CCCCC5,-6.182,31,-0.19941935483870968
c1cc(Cl)ccc1Nc2nc(NCC[NH3+])[nH+]c(c23)ccc(n3)-c4ccc(F)cc4,-6.182,29,-0.21317241379310345
CCN(C)c1cccc(c1)-c(cn2)c(n23)nc(-c4ccc(F)cc4)cc3N[C@H](C)c5ccc(C)c(N)c5,-6.181,37,-0.16705405405405405
Cc1ccc(cc1)CNc(nc2NCCCO)[nH+]c(c23)ccc(n3)-c4ccnnc4,-6.181,30,-0.20603333333333335
CCNc1ncc(-c2noc(C)c2C)c(n1)N[C@H](C)c3cccc(C)c3,-6.181,26,-0.23773076923076925
Cn(c1)ncc1-c2cnc(nc2NCC)NCc3cccc(F)c3,-6.18,24,-0.2575
Cc1cccc(c1)[C@H](C)Nc(ncn2)c(c23)cc(c(c3)-c4cccnc4)-c5ccc(cn5)NC(=O)C(=O)N(C)C,-6.18,40,-0.1545
CCNC(=O)Nc(c(C#N)cn1)c(c12)cc(c(c2)-c3ccccn3)NC(=O)c4cccc(C)c4,-6.178,34,-0.18170588235294116
Cc1cccc(c1)CNc(nc2NCCCO)[nH+]c(c23)ccc(n3)-c4ncc(o4)C,-6.177,30,-0.2059
COc1cccc(c1)CNc2[nH+]c(ncc2-c3cnccn3)NC[C@H](C)c4cccc(C)c4,-6.176,33,-0.18715151515151515
Cc1cnc(cn1)-c(c2)c(-c3cccn3C)nc(c24)nc(nc4)N[C@H](C)c5ccc(C(F)(F)F)cc5,-6.175,36,-0.17152777777777778
C1COCCN1C[C@@H](C)c(cc2)cc(c23)nc(NCC[NH3+])c4c3cnc(n4)NC5CC5,-6.175,31,-0.19919354838709677
Cc1ccc(c(C)c1)NC(=O)CNc(nc([nH+]2)NCC[NH+](C)C)c(c23)nc(cc3)-c4c(C)noc4C,-6.175,36,-0.17152777777777778
Cc1cn(C)c(n1)-c(nc(c23)n(cn3)C)nc2NC[C@H](C)[NH3+],-6.174,22,-0.28063636363636363
COc1ccc(cc1)-c2cc(C)nc(n2)NC(=O)Nc3ccc(C)cc3C,-6.174,27,-0.22866666666666668
CCn1ccc(cc1=O)-c(c2)c(-c3ccccn3)nc(c24)nc(nc4)N[C@H](C)c5ccc(C)cc5,-6.174,35,-0.1764
CCNc(ncn1)c(c12)cc(c(c2)OC)O[C@@H]3CCCN(C3)C(=O)C,-6.172,25,-0.24688
CCOc1cc(N)cc(c1)-c(c2)c([C@H](C)c3c(N)cccc3C(F)(F)F)cc(c24)c(ncn4)NC[C@H](O)c5ccc(C)cc5,-6.171,44,-0.14025
CNc(n1)c(C(=O)N)c(n12)nc(C)cc2[C@H](C)c3ccccc3O,-6.171,24,-0.257125
c1ccccc1-c(c2)c(cc(c23)c(c(C#N)cn3)NC(=O)C)NCc4ccc(C)cc4,-6.169,31,-0.19899999999999998
Fc(c1)cccc1[C@H](C)Nc(c(c23)ncn3C)nc(n2)-c4ccccc4,-6.169,26,-0.23726923076923076
FC(F)(F)c(cc1)ccc1[C@@H](C)Nc2nc(N[C@@H](C)c(c3C)cccc3C)[nH+]c(c24)ccc(n4)-c5cccc(c5)[C@H](C)O,-6.168,43,-0.14344186046511628
Cn(c1)ncc1-c(c2)cc(-c(cc3=O)ccn3C(=O)C)c(c24)nc(nc4)N[C@H](C)c5ccc(C)cc5,-6.168,36,-0.17133333333333334
c1nnccc1-c(c2C)c(=O)n(-c(cc3OC)ccc3OC)c(c24)nc(nc4)NCc5cc(C)ccc5C,-6.168,38,-0.16231578947368422
c1ccccc1-c(cc2C)nc(n2)NCC[NH+](C)C,-6.167,19,-0.324578947368421
Cc1cn(C)c([nH+]1)-c(c2C)c(=O)n(C)c(c23)nc(nc3)N[C@H](C)c4cc(N)cc(C(F)(F)F)c4,-6.166,34,-0.1813529411764706
CNc(n1)c(C(=O)N)c(n12)nc(-c3cccc(Cl)c3)cc2-c4cccc(c4)OC,-6.166,29,-0.21262068965517242
COc1cccc(c1)[C@H](C)Nc(nc2)nc(c23)n(-c4ccc(OC)c(c4)OC)c(=O)c(c3C)-c5cccc(OC)c5N6CCOCC6,-6.165,47,-0.13117021276595744
COc1cccc(c1)[C@H](C)Nc(nc2)nc(c23)c(nc(c3)C)-c4cc(C)n(C)c(=O)c4,-6.165,31,-0.1988709677419355
Cn1c(C)[nH+]c(C)c1-c(cn2)c(n23)nc(-c(cc4)ccc4C)cc3NCCc5ccc(C(F)(F)F)cc5,-6.165,37,-0.1666216216216216
COc1cc(C)ccc1-c(c2C)c(=O)n(C)c(c23)nc(nc3)N[C@H](C)c4cccc(C)c4,-6.165,32,-0.19265625
c1cnccc1-c(cc2)nc(c23)c(NCc(c4)cccc4C)nc([nH+]3)NCCN(CC5)c(c56)cccc6,-6.164,37,-0.16659459459459458
OCCCNc(n1)c(C(=O)N)c(n12)nc(-c3ccccc3O)cc2-c4ccccc4,-6.164,30,-0.20546666666666666
Cc1cccc(c1)[C@H](C)Nc(nc2)nc(c23)nc(CC(=O)N)c(c3)-c4conc4C,-6.164,30,-0.20546666666666666
c1ccccc1CNc(n2)c(C(=O)N)c(n23)nc(-c4cccc(F)c4)cc3-c5ccccc5,-6.164,33,-0.18678787878787878
Cc1ccc(cc1)[C@H](C)Nc2nc(C)cc(n2)-c3ccccc3,-6.164,23,-0.26799999999999996
CC(C)n1nccc1-c(c(n2)-c(cc3C)nn3C)cc(c24)cnc(n4)N[C@H](C)[C@H](C)c5ccccc5,-6.163,36,-0.17119444444444445
NC(=O)CNc(n1)c(C(=O)N)c(n12)nc(-c3ccccc3)cc2-c4ccc(Cl)cc4,-6.163,30,-0.20543333333333333
COc1cc(ccn1)-c(c2)c(OC)cc(c23)[nH+]cnc3N[C@H](C)c4ccc(c(N)c4)C(F)(F)CO,-6.163,35,-0.1760857142857143
CCn1c(C)c[nH+]c1-c(cc2)cc(c23)nc(NCC[NH3+])c4c3cncn4,-6.162,26,-0.237
CC[N@H+]1CC[C@@H](CC1)CNc(nc(n2)-c3ccc(C)cc3)n(c24)ncc4-c5cccs5,-6.161,31,-0.19874193548387095
CNc1nc(NCC[NH3+])ncc1-c2ccccc2F,-6.16,19,-0.3242105263157895
C[C@@H]1CCC[N@H+]1CCNc(nc2)nc(c23)nc(-c4ccc(O)cc4)c(c3)-c5cc(N)cc[nH+]5,-6.16,33,-0.18666666666666668
CCn1nc([C@H](C)OC)cc1-c(c2)c(-c3cccc(c3)OC)nc(c24)nc(nc4)N[C@H](C)c5cccc(C(F)(F)F)c5,-6.16,42,-0.14666666666666667
COC(=O)c1cccc(c1)-c(c2)c(-c3cnc(C)n3C)cc(c24)ncnc4NCc5cccc(C)c5,-6.159,36,-0.17108333333333334
c1ncccc1-c2cnc(nc2-c3ccnn3C)NCC[NH+]4CCCCCC4,-6.158,28,-0.21992857142857145
Clc1cc(F)ccc1-c(nc(c23)n(C)cn2)nc3N[C@@H]4CCCN(C4)CC[NH3+],-6.158,28,-0.21992857142857145
FC(F)(F)c(c1)cccc1[C@H](CC)Nc(ncn2)c(c23)cc(-c4ccc(C)cc4)c(c3)-c5nccn5CC(=O)N(C)C,-6.158,42,-0.14661904761904762
Cc1cccc(c1)CNc(ncn2)c(c23)cc(-c4ccc(Cl)cn4)c(c3)-c5ccc(nc5)[N-]S(=O)(=O)N(C)C,-6.156,39,-0.15784615384615383
CN(C)C(=O)Cn(c1)c(=O)ccc1-c2cc(-c(ncc3C)cc3C(=O)N(C)CC)cc(c24)ncnc4NC[C@H](C)c5ccccc5,-6.156,46,-0.13382608695652173
Cc1cccc(c1)NC(=O)Nc(n2)c(C(=O)N)c(n23)nc(cc3-c4ccco4)-c5cccnc5,-6.155,34,-0.18102941176470588
OCC(C)(C)Nc(n1)c(ncnc2)c2c(c13)ccc(c3)-c4cccc(C(F)(F)F)c4,-6.154,30,-0.20513333333333333
n1cccn1C(=O)N(C)c(cn2)c(n23)nc(-c4ccccc4OC)cc3N[C@H](C)c5ccc(C(C)C)cc5,-6.154,38,-0.16194736842105262
CNc1nc(NCC#N)ncc1-c2cc(C)on2,-6.153,18,-0.3418333333333333
FC(F)(F)c(cc1)ccc1-c(cc2C)nc(n2)NCC[NH+]3CCOCC3,-6.153,26,-0.23665384615384613
Cc1onc(c1C)-c2nc(NC(F)(F)F)ncc2[C@H](C)c3cc(N)cc(C(F)(F)F)c3,-6.152,31,-0.1984516129032258
Cc1nn(C)cc1-c2cnc(-c3cccc(F)c3)nc2NCC[NH3+],-6.152,24,-0.25633333333333336
Cc1cccc(c1)-c(cc(n2)C)n(c23)nc(c3C(=O)N)NCC[NH+](C)C,-6.152,26,-0.23661538461538462
COc(c1)c(O)ccc1-c(cnc2NC)c(n2)NCc3ccc(C)cc3,-6.151,26,-0.23657692307692307
CCNc1ncc(-c2ccco2)c([nH+]1)NCc3ccc(Cl)cc3,-6.15,23,-0.2673913043478261
Cc1ccc(cc1C)-c(cn2)c(n23)nc(-c4ccc(F)cc4)cc3N[C@H](C)c5ccccc5,-6.15,33,-0.18636363636363637
Nc1ccc(cc1C)CNc(nc2NC[C@H](C)O)[nH+]c(c23)ccc(n3)-c4ccc(F)cc4,-6.15,32,-0.1921875
COc1ccc(cc1)-c(c2C)c(=O)n(C)c(c23)nc(nc3)N[C@H](C)c4ccc(C)cc4,-6.15,31,-0.19838709677419356
Cc1ccc(C)c(c1)[C@H](C)Nc(nc2)nc(c23)c(nc(c3)C)-c4nc(oc4C)C(=O)N5CCCC5,-6.149,35,-0.17568571428571428
CSc1cccc(c1)NC(=O)Nc2nc(C)cc(n2)-c3ccnc(n3)C,-6.149,26,-0.2365
C1COCCN1[C@H](C)C(=O)Nc(c(c23)ncn3C)nc(n2)-c4ccccc4,-6.148,27,-0.22770370370370369
c1ccccc1CCNc(c(c23)cccc3)nc(n2)-c4cccnc4,-6.148,25,-0.24592
NC(=O)CNc(n1)c(C(=O)N)c(n12)nc(-c3ccsc3)cc2-c4ccc(F)cc4,-6.147,29,-0.21196551724137933
Cc1cccc(c1)[C@H](C)Nc(nc2)nc(c23)nc(c(c3)-c4ccoc4)-c5cncc(n5)C,-6.147,32,-0.19209375
COc(c1)c(N)cc(c12)c(nc[nH+]2)NCc3cccc(C)c3,-6.146,22,-0.27936363636363637
CCNc1nc(NCC[NH3+])ncc1-c2ccccc2Br,-6.146,20,-0.3073
COc1ccccc1Nc(n2)c(C(=O)N)c(n23)nc(C)cc3-c4ccc(F)cc4,-6.146,29,-0.21193103448275863
c1ccccc1CNc2nc(Nc3ccncc3)ncc2-c4ccon4,-6.146,26,-0.2363846153846154
Cc(n1)nccc1[C@@H](C)c(c[nH+]c2NC)c(n2)N[C@H](C)c3ccccc3,-6.145,26,-0.23634615384615382
Cc1ccc(cc1)[C@H](O)CNc(nc(n2)-c(cn3)n(c34)[C@@H](CC4)C[NH+](C)C)n(c25)ncc5-c6cccnc6,-6.145,38,-0.16171052631578947
COc(c1)c(OC)ccc1-c(cnc2NC)c(n2)NCc3cccc(c3)OC,-6.144,28,-0.21942857142857145
CC(=O)N(C1)CCC[C@H]1Oc(c(c2)OC)cc(c23)c(nc[nH+]3)N[C@H](C)c4cc(C)cc(C)c4,-6.144,33,-0.1861818181818182
n1cccnc1-c(c(c2)OC)cc(c23)c(ncn3)Nc4ccc(Cl)cc4,-6.143,26,-0.23626923076923076
CC(=O)N[C@](C)(OC)c1cc(ccn1)-c2nc(N[C@H](C)c3ccccc3)ncc2-c4cncn4C,-6.143,35,-0.1755142857142857
Cc1cccc(c1)CCNc(ncn2)c(c23)c(-c4ccccn4)c(o3)-c5cccnc5,-6.143,31,-0.19816129032258065
CC(=O)Nc1ccc(cc1)-c2cnc(NCc3ccccc3)nc2NCCc4ccccc4,-6.142,33,-0.18612121212121213
Cc1onc(C)c1-c(n2)ccc(c23)[nH+]c(NCc(cc4)ccc4C)nc3NCc5cccc(C(F)(F)F)c5,-6.142,38,-0.16163157894736843
Cc1cccc(c1)-c(cn2)c(n23)nc(nc3NC[C@H](C)[NH3+])-c4ccc(F)cc4,-6.142,28,-0.21935714285714286
Cn(c1)c(=O)ccc1-c(c2C)c(=O)n(-c(cc3)ccc3C)c(c24)nc(nc4)NCc5ccccc5,-6.142,35,-0.1754857142857143
Cc1onc(C)c1-c(n2)ccc(c23)[nH+]c(N[C@@H](C)c(c4)cc(C)cc4C)nc3N[C@H](C)c5cccc(C(F)(F)F)c5,-6.141,41,-0.14978048780487804
Cc1cccc(c1)CNc(nc2NCC(C)(C)CO)[nH+]c(c23)ccc(n3)-c4ccc(F)cc4,-6.141,33,-0.18609090909090908
C1OCCC[C@H]1Nc2nc(NC(F)(F)c(c3)cccc3C)nc(c24)ccc(n4)-c5cccc(c5)NC(C)C,-6.14,38,-0.16157894736842104
Cc1ccc(cc1)-c(cn2)c(n23)nc(-c4cccnc4)cc3Nc5ccnc(c5)[C@@H]6CCCC[C@@H]6[NH3+],-6.138,36,-0.17049999999999998
Cc1ccc(C)c(c1)-c(cc(n2)C)n(c23)nc(c3C(=O)N)NCc4cccc[nH+]4,-6.138,29,-0.2116551724137931
Cc1cccc(c1)-c(nc(c23)n(cn3)C)nc2NCC(=O)N,-6.137,22,-0.27895454545454546
Fc(o1)ccc1-c(cc2C)nc(n2)NC(=O)N[C@H](CC3)Cc(n34)ncc4,-6.137,26,-0.23603846153846153
c1ccccc1-c(c2)c(cc(c23)c(c(C#N)cn3)NC(=O)C)N[C@H](C)c4cccc(c4)C(C)C,-6.137,34,-0.1805
c1cnccc1-n2c(=O)c(-c3ccc(=O)n(C)c3)c(C)c(c24)cnc(n4)NCc5ccccc5,-6.137,34,-0.1805
CNc1ccnc(c1)-c(c2)c(S(=O)(=O)C(C)(C)C)cc(c23)c(ncn3)N[C@H](C)c4cc(N)cc(C(F)(F)F)c4,-6.136,39,-0.15733333333333333
FC(F)(F)c(cc1)ccc1N[C@@H](C)Nc(c(c23)ncn3C)nc(n2)-c4cccc(F)c4,-6.135,31,-0.19790322580645162
CN(C)C(=O)\C=C([O-])\n(c1)c(C)cc1-c2cc(-c(cc3C)cc(n3)C(C)C)cc(c24)cnc(n4)N[C@H](C)c5ccccc5,-6.134,43,-0.14265116279069767
n1ccnn1-c(c(c2)OC)cc(c23)c(nc[nH+]3)NCC(=C4)COc(c45)cccc5,-6.133,29,-0.21148275862068966
Cc1ccccc1-c(c2)c(cc(c23)c(c(cn3)C#N)NCCO)NCCc4ccccc4,-6.132,32,-0.191625
c1sccc1-c(n2)nc(N[C@H](CC3)CC[N@@H+]3C)n(c24)ncc4-c5ccccn5,-6.132,28,-0.219
Cc1ccc(C)c(c1)CNc2ncc(-c3cnn(n3)C)c(n2)NC[C@H](C)c4ccccc4,-6.132,32,-0.191625
COc1nccnc1-c2cnc(-c3cnc(C)n3C)nc2NCC[N@@H+](C4)Cc(c45)cc(C)cc5,-6.132,34,-0.18035294117647058
CC(F)(F)c(c1)cccc1[C@H](C)Nc(ncn2)c(c23)cc(c(c3)Cc4ccccc4)-c5ccc(=O)n(c5)CC(=O)N,-6.131,41,-0.14953658536585365
CCOc(c1)c(OC)cc(c12)[nH+]cnc2N[C@H](C)c3ccn(C)c3C,-6.131,25,-0.24524
c1ccccc1CNc(c(c23)cccc3)nc(n2)-c4ccno4,-6.13,23,-0.26652173913043475
Cc1cnccc1-c(c(c2)OC)cc(c23)c(nc[nH+]3)N[C@H](C)c4ccc(c(N)c4)C(F)(F)CO,-6.13,34,-0.18029411764705883
FC(F)(F)c(c1)cccc1[C@H](C)Nc(nc2)nc(c23)nc(-c4ccco4)c(c3)-c5ccccc5,-6.129,34,-0.18026470588235294
Cc1ccc(cc1)[C@H](C)Nc(nc2)nc(c23)c(nc(c3)C)-c4ccc(C)c(n4)C,-6.129,29,-0.21134482758620687
[NH3+]CCN(C)[C@@H](C)c1ccncc1-c2cc(-c(n3CC(=O)C)c[nH+]c3C)cc(c24)cnc(n4)N[C@@](F)(C)c5cc(O)cc(c5)N(C)C,-6.129,47,-0.13040425531914893
c1ccccc1-c(nc(C)c2)c(c23)nc(nc3)NC[C@@H]4CCCC[NH2+]4,-6.128,25,-0.24512
NC(=O)Cn(c(=O)c1)ccc1-c2cc(-c(c3)cccc3OC)cc(c24)cnc(n4)N[C@H](C)c5ccc(C)cc5,-6.128,39,-0.15712820512820513
Cc1cccc(c1)CNc2ncc(-c3ccc(F)cc3)c(n2)NCC[NH+](C)C,-6.127,28,-0.21882142857142856
COc1cccc(c1)-c(c2)nc(c(c23)nccn3)NC4CCOCC4,-6.127,25,-0.24508
c1ncccc1-c(n2)nc(N[C@H]([C@@H]3O)CC[C@H]3[NH3+])n(c24)ncc4-c5ccco5,-6.127,28,-0.21882142857142856
COc1ccccc1-c(c2C)c(=O)n(CCNC(=O)C)c(c23)nc(nc3)NC[C@H](O)c4cccc(C)c4,-6.126,37,-0.16556756756756758
COCCn1ccc(n1)-c(cc2)nc(c23)c(NC(C)C)nc([nH+]3)N[C@H](C)c4cccc(C)c4,-6.126,33,-0.18563636363636365
COc1cc(F)ccc1-c2cnc(N[C@H](C)c3ccccc3)nc2-c4cncnc4,-6.125,30,-0.20416666666666666
Cc1ccc(cc1)Nc(n2)c(C(=O)N)c(n23)nc(C)cc3-c4ccc(F)cc4,-6.124,28,-0.2187142857142857
Cc1cccc(c1)-c2c[nH+]c(NCCO)nc2NCc3ccccc3C,-6.124,26,-0.23553846153846153
Cc1cccc(c1)-c(cn2)c(n23)nc(nc3NCCO)-c4cccc(O)c4,-6.124,27,-0.2268148148148148
Cc1cccc(c1)[C@H](C)Nc(n2)c(nc(nc3)NC4CC4)c3c(c25)ccc(c5)-c6ccc(=O)n(c6)CC(=O)N(C)C,-6.124,41,-0.14936585365853658
Fc1ccc(c(F)c1)-c2cnc(Nc3cc[nH+]cc3)nc2NCc4ccccc4,-6.124,29,-0.21117241379310345
Cc1cccc(c1)C[NH2+][C@H](C)CNc(c(c23)cccc3)nc(n2)-c4cccc(F)c4,-6.124,30,-0.20413333333333333
c1cc(C)ccc1[C@H](CC)Nc2nc(-c3ccncc3)ncc2-c4ccccc4O,-6.124,30,-0.20413333333333333
COc1cccc(c1)CNc2nc(NC(C)C)[nH+]cc2-c3ccncc3,-6.123,26,-0.23550000000000001
N#Cc(c1)cccc1-c(n2)nc(NCc(c3)cc(C)cc3C)n(c24)ncc4-c5cccc(n5)C,-6.123,34,-0.18008823529411766
FC(F)(F)c(c1)cccc1NC(=O)Nc2nc(-c3cccc(Br)c3)ncc2-c4cccnc4,-6.123,33,-0.18554545454545454
NC(=O)c1ccccc1-c(c2)cc(CCc(cc3)ccc3C)c(c24)nc(nc4)N[C@H](C)c5ccccc5C,-6.122,38,-0.16110526315789472
c1c[nH+]ccc1Nc2nc(N[C@@H](C)c3cccc(C(F)(F)F)c3)[nH+]c(c24)ccc(n4)-c5ncco5,-6.121,35,-0.1748857142857143
CN(C)C(=O)COc(c(c1)OC)cc(c12)c(nc[nH+]2)N[C@H](C)c3cccc(C)c3,-6.121,29,-0.21106896551724139
Cc1ccc(cc1)[C@H](C)Nc(n2)c(C(=O)N)c(n23)nc(C)cc3-c4cccc(C)c4,-6.121,30,-0.20403333333333334
Cc1ccccc1[C@H](C)Nc(nc2)nc(c23)n([C@H](C)CO)c(=O)c(c3C)-c4ccncc4,-6.119,32,-0.19121875
Cc1cc(C)cc(c1)[C@H](C)Nc(nc2)nc(c23)c(-c4cccnc4)cc(c3)-c5cccnc5C(=O)Nc6cccnc6,-6.119,42,-0.14569047619047618
o1ccnc1-c(n2)nc(-c(cc3O)ccc3OC)c(c24)cc(cc4)-c5cc(N)ccc5O,-6.119,32,-0.19121875
[NH3+]Cc(c1)cccc1[C@H](C)Nc(nc2)nc(c23)nc(-c4ccccn4)c(c3)-c5[nH+]ccn5CC(=O)N(C)C,-6.118,38,-0.161
c1cnccc1-c2cc(C)nc(n23)c(C(=O)N)c(n3)NCC[NH+](C)C,-6.118,25,-0.24472000000000002
Oc1cccnc1-c2cnc(nc2-c3scnc3C)NC(=O)NCc4ccccc4,-6.118,30,-0.20393333333333336
FC(F)(F)c(c1)cccc1-c(n2)nc(NCCCO)n(c23)ncc3-c4ccncc4,-6.117,30,-0.2039
CCn1cnc(n1)-c(cc2)cc(c23)ncnc3NC(=O)c4cccc(c4)OC,-6.117,28,-0.21846428571428572
COc1ccc(cc1C)-c2cnc(NCCO)[nH+]c2NCc3cccc(C)c3,-6.117,28,-0.21846428571428572
s1ccc(c12)nc(C)nc2-c3cccc(c3)C[NH3+],-6.114,18,-0.3396666666666667
NC(=O)c(c1)cccc1-c(cc2)cc(c23)c(-c(cc4)ccc4C(=O)N)nc(n3)-c5ccncc5C(=O)N,-6.114,37,-0.16524324324324324
CNc(n1)c(C(=O)N)c(n12)nc(-c3cccs3)cc2-c4cccc(Cl)c4,-6.114,26,-0.23515384615384616
COc1cccc(c1)CNc2nc(N[C@H](C)c(cc3)cc(c34)OCO4)ncc2-c5ccnn5C,-6.113,34,-0.17979411764705883
Cc1cccc(c1)-c(cc(n2)C)n(c23)nc(c3C(=O)N)N[C@@H]4CCO[C@@H]4O,-6.113,27,-0.22640740740740742
COc1cccc(c1)-c(cc2-c3ccsc3)nc(n24)c(C(=O)N)c(n4)NCc5ccccc5,-6.113,33,-0.18524242424242426
OCCNc(c(C#N)c[nH+]1)c(c12)cc(c(c2)-c(cc3)ccc3C)NCCc4ccccc4,-6.112,32,-0.191
CC(C)c(c1)cccc1[C@@H](C)Nc2nc(N[C@@H](C)c(cc3)ccc3C)[nH+]c(c24)ccc(n4)-c5ccc(=O)n(c5)[C@H](C)n6cccc6,-6.111,46,-0.13284782608695653
C[NH2+]CCNc1[nH+]cc(-c2ccccc2)c(n1)NCc3cccc(c3)OC,-6.111,27,-0.22633333333333333
Cn1ncc(n1)-c2ncc(-c3cccc(F)c3F)c(n2)NCc4ccccc4,-6.111,28,-0.21825
CC(=O)Oc(cc1)ccc1-c(c(c2)OC)cc(c23)c(ncn3)Nc4cccnc4,-6.11,29,-0.2106896551724138
CCNc1ncc(-c2ccc(F)cc2)c(n1)NCc3cccc(c3)OC,-6.11,26,-0.23500000000000001
CC(C)c1cccc(c1)[C@H](C)Nc(nc([nH+]2)NCC[NH+](C)C)c(c23)nc(cc3)Cc4ccccc4O,-6.108,36,-0.16966666666666666
CN(C)C(=O)c(c1)cccc1-c(c2)cc(-c3c(C)n(C)nc3C)c(c24)c(ncn4)Nc5cccc(c5)N6C(=O)CC[C@@H]6O,-6.108,43,-0.14204651162790696
c1ccccc1CNc(cc(c23)c(NC)c(C#N)cn2)c(c3)-c4nccc(n4)[C@@H]5CCCC[NH2+]5,-6.108,34,-0.1796470588235294
c1cc(C)ccc1-c(n2)cc(NC(=O)C[NH2+]C)n(c23)ncc3-c4ccns4,-6.107,27,-0.22618518518518518
CN(C1)CC[C@H]1Nc(ncn2)c(c23)c(-c(c4)cccc4[C@H](C)O)c(o3)Cc5cccc(C(F)(F)F)c5,-6.107,36,-0.1696388888888889
COc1cccc(c1)[C@H](C)Nc(n2)c(C(=O)N)c(n23)nc(C)cc3-c4ccccc4C,-6.106,31,-0.19696774193548386
Cc1ccc(cc1)OCCNc(c(c23)nccn3)nc(c2)[C@@H]4CCCC[N@H+](C)C4,-6.106,29,-0.21055172413793102
n1cccn1CCCOc(c(c2)OC)cc(c23)c(nc[nH+]3)NCCc4ccc(C)cc4,-6.106,31,-0.19696774193548386
CCn1nc(C)cc1-c(cc2)nc(c23)c(NCCCO)nc([nH+]3)NCc4cccc(C)c4,-6.106,32,-0.1908125
Cn1c[nH+]cc1-c(o2)c(-c3cccnc3)c(c24)c(ncn4)NCCc5cccc(C(F)(F)F)c5,-6.106,34,-0.17958823529411763
COc1cccc(c1)[C@H](C)Nc(nc2)nc(c23)n(-c4cccnn4)c(=O)c(c3C)-c5coc(C)c5,-6.105,35,-0.17442857142857143
COc1cc(ccc1C)NC(=O)Nc(c(c23)cccc3)nc(n2)-c(on4)c(c45)cccc5,-6.104,32,-0.19075
CCCNc(n1)c(C(=O)N)c(n12)nc(-c3ccc(OC)cc3C)cc2-c4ccc(O)cc4,-6.103,32,-0.19071875
Cc1ccccc1CNc2nc(/N=C/N)ncc2-c3ccnc(n3)N4CCCC4,-6.102,29,-0.2104137931034483
C1OCC[C@H]1c(cn2)c(n23)nc(-c(o4)ccc4F)nc3NCc5ccccn5,-6.102,28,-0.21792857142857144
C[C@H](O)c1cccc(c1)-c(c(c23)c(ncn3)NC4COC4)c(o2)[C@H](C)c5cc(N)cc(C(F)(F)F)c5,-6.102,36,-0.1695
Fc1cccc(c1)Nc2nc(NCc3ccccc3Cl)ncc2-c4cccc(F)c4,-6.102,30,-0.2034
n1ccnc(c12)c(NCC[NH3+])nc(c2)-c3ccccc3,-6.101,20,-0.30505
FC(F)(F)c(c1)cc(N)cc1[C@H](C)Nc(ncn2)c(c23)cc(S(=O)(=O)C(C)(C)C)c(c3)-c4ccc(cc4)C(=O)N(C)C,-6.1,42,-0.14523809523809522
CCCNc(n1)c(C(=O)N)c(n12)nc(-c3cccc(F)c3)cc2-c4ccc(OC)cc4,-6.098,31,-0.19670967741935483
Fc1ccccc1-c(n2)cc(\N=C(\C)N)n(c23)ncc3-c4ccc(C)nn4,-6.098,27,-0.22585185185185186
Cc(n1)n(C)cc1-c(o2)c(-c(cc3)ccc3C)c(c24)c(ncn4)NC[C@H](O)c5cccc(C(F)(F)F)c5,-6.098,37,-0.1648108108108108
CCNc(n1)c(C(=O)N)c(n12)nc(-c3ccc(F)cc3)cc2-c4c(C)noc4C,-6.096,29,-0.21020689655172414
Fc1ccccc1-c(cc2C)nc(n2)NCC[NH+]3CCN(CC3)CCn4cc[nH+]c4,-6.096,30,-0.2032
c1cnccc1-c(n2)ccc(c23)[nH]c(NCc(c4)cccc4C)n/c3=[NH+]\CC[N@H+]5CCCC[C@@H]5C,-6.096,35,-0.17417142857142856
CSc(cc1)ccc1[C@H](CC)Nc(nc2)nc(c23)nc(c(c3)CCO)-c4ccc(F)cc4,-6.096,32,-0.1905
CC[N@H+]1CC[C@@H](CC1)[C@H](C)Nc(ncn2)c(c23)cc(-c4cccc(n4)C)c(c3)-c5cc(F)ccc5F,-6.095,36,-0.16930555555555554
CCn1nc(C)cc1-c(cc2)nc(c23)c(\nc([nH]3)NC)=N\C(F)(F)c4cccc(C(F)F)c4,-6.095,33,-0.1846969696969697
Cc1cccc(c1)CNc2ncc(-c(c3)n(C(C)C)c(c34)cccc4)c(n2)-c5ccncc5Cl,-6.095,34,-0.17926470588235294
n1cnc(C)cc1-c(cnc2NC)c(n2)NCc3ccc(OC)cc3,-6.095,25,-0.2438
FC(F)(F)c(cc1)ccc1[C@@H](C)Nc2nc(NCC[N@@H+](C)CC)nc(c23)ccc(n3)-c4cccc(F)c4,-6.095,37,-0.1647297297297297
Fc1ccccc1-c(n2)nc(NCC[C@H](C)[NH3+])n(c23)ncc3-c4cnccn4,-6.095,28,-0.21767857142857142
COc1ccccc1-c(cc2-c3ccccn3)nc(n24)c(C(=O)N)c(n4)NCC,-6.094,29,-0.21013793103448278
COc1ccc(cc1N(C)C)-c(cc2)cc(c23)nc(c4c3cncn4)N[C@H](C)c5ccc(C)cc5C,-6.094,36,-0.16927777777777778
Clc1cccc(c1)-c(cn2)c(n23)nc(-c4cccnc4)nc3NCCCN(CC5)c(c56)cccc6,-6.094,35,-0.17411428571428572
c1cccc(c12)nc(-c(cn3C)ccc3=O)nc2Nc4ccc(F)cc4,-6.092,26,-0.2343076923076923
c1cccc(c12)nc(-c(s3)c(C)nc3C)nc2NCc4ccc(Cl)cc4,-6.092,26,-0.2343076923076923
Cn1c(C)ncc1-c(cn2)c(n23)nc(CCOC)cc3N[C@H](C)c4ccc(C(F)(F)F)cc4N,-6.092,34,-0.17917647058823527
COc1ccc(O)cc1-c(c(o2)-c3ccccc3F)c(c24)c(ncn4)NC[C@H](O)c5ccc(C)cc5,-6.092,36,-0.16922222222222222
COc1cccc(c1)-c(cn2)c(n23)nc(-c4ccc(o4)C)nc3NCC[NH+]5CCCCC5,-6.091,32,-0.19034375
Cc1ccc(cc1)[C@H](C)Nc2nc(-c3nc(C)cs3)ncc2-c4cccc(F)c4F,-6.091,30,-0.20303333333333334
Cc1cccc(c1)-c(cc2NCC(=O)N)nc(n23)c(cn3)-c4ccccc4C,-6.091,28,-0.2175357142857143
Cc1ccc(cc1)CNc2ncc(-c3ccnn3C)c(n2)-c4ccc(C)nc4,-6.09,28,-0.2175
Oc1ccccc1-c(n2)cc(NCC[NH2+]C)n(c23)ncc3-c4cccc(F)c4,-6.089,28,-0.21746428571428572
c1ccccc1[C@@H](C)[C@H](CO)Nc(ncn2)c(c23)ccc(c3)-c(nn4)c(n45)cccc5,-6.089,31,-0.1964193548387097
COc(c1)c(OC(C)C)cc(c12)c(nc[nH+]2)NCc3ccc(C)cc3,-6.089,25,-0.24356000000000003
Cc1cc(C)cc(c1)CCNc(ncn2)c(c23)c(-c4ccn(n4)C)c(o3)-c5ccccc5C(F)(F)F,-6.088,36,-0.1691111111111111
Cc1ccccc1[C@H](C)Nc(nc(n2)-c3cccc(F)c3)n(c24)ncc4-c5cccc(c5)[C@H](N)O,-6.088,35,-0.17394285714285715
CC(=O)N(C1)CCC[C@H]1Oc(c(c2)OC)cc(c23)c(nc[nH+]3)N[C@H](C)c4cccc(N)c4,-6.087,32,-0.19021875
FC(F)(F)c(c1)cc(N)cc1[C@H](C)Nc(nc(n2)-c3ccccc3)n(c24)ncc4-c5ccccc5,-6.085,35,-0.17385714285714285
Cn(c1)c(=O)ccc1-c(c(c2)[C@@H](C)CC)cc(c23)c(ncn3)N[C@H](C)Cc4cccc(C)c4,-6.085,33,-0.1843939393939394
C[C@H](O)c1cccc(c1)-c(cn2)c(n23)nc(-c4cccc(C(F)(F)F)c4)nc3NCC[NH+]5CCCCC5,-6.085,37,-0.16445945945945944
CN(C)C[C@@]1(F)CC[C@@H](C1)NC(=O)Nc(c(c23)ncn3C)nc(n2)-c4cccc(F)c4,-6.084,31,-0.196258064516129
CCn1cc(C)nc1-c2cnc(NC[C@H](O)c3ccc(C)cc3)nc2-c4ccccc4C#N,-6.084,33,-0.18436363636363634
Fc(c1)cccc1-c(c(c2)OC)cc(c23)c(ncn3)N[C@H](C)CO,-6.084,24,-0.2535
NC(=O)c1ccccc1Nc2ncc(Cc3c(N)cc(C(F)(F)F)cc3C(F)(F)F)c(n2)NCc4ccccc4,-6.084,40,-0.15209999999999999
Cc1cccc(c1)-c(cn2)c(n23)nc(nc3NCC[NH3+])-c4ccc(Cl)cc4,-6.084,27,-0.22533333333333333
Cc(c1)cccc1[C@@H](C)Nc(cc(c23)c(NC)c(C#N)cn2)c(c3)-c4cccc(=O)n4C,-6.083,32,-0.19009375
n1ccnc(c12)c(NC)nc(c2)-c3cc(no3)C(=O)N,-6.082,20,-0.3041
COc1cccc(c1)C(=O)Nc(ncn2)c(c23)ccc(c3)-c4ccco4,-6.082,26,-0.23392307692307693
o1ncnc1-c(cc2)nc(c23)c(NCC)nc([nH+]3)N[C@H](C)c4cccc(C)c4,-6.081,28,-0.21717857142857144
CCn1ccc(n1)-c2cnc(-c3conc3C)nc2NCC[NH+](C)C,-6.081,25,-0.24324
CCc(c1)c(OC)cc(c12)c(c(cn2)C#N)N[C@H](C)c3cccc(c3)[C@H](C)CO,-6.081,29,-0.2096896551724138
COc1cccc(c1)-c(cc2)nc(c23)c(Nc4ccccc4)nc([nH+]3)N[C@H](C)c5cccc(C)c5,-6.08,35,-0.1737142857142857
Cc1cccc(c1)-c(nc(C)c2)c(c23)nc(nc3)NCC4CC[NH2+]CC4,-6.08,26,-0.23384615384615384
c1cc(C)ccc1CNc(nc2-c(cn3)cn3CC)ncc2-c4ncccc4O,-6.08,29,-0.2096551724137931
c1ccsc1-c2ncc(-c3cccs3)c(n2)NCC[NH+]4CCOCC4,-6.08,25,-0.2432
O=c1ccccn1Cc(c2)cccc2-c(c(c3)OC)cc(c34)ncc5c4cc(nc5N)-c6ccccc6O,-6.079,38,-0.1599736842105263
n1ccnn1-c(c(c2)OC)cc(c23)c(nc[nH+]3)N[C@H](O)C4CCCCC4,-6.079,26,-0.2338076923076923
Cc1cc(N)cc(c1)[C@H](C)Nc(nc2)nc(c23)nc(-c4cc(C)n(n4)C)c(c3)-c5cc(N)ccc5C(=O)N,-6.079,38,-0.1599736842105263
c1ncccc1-c(c(=O)n2C)c(C)c(c23)cnc(n3)NCc4ccccc4,-6.079,27,-0.22514814814814813
Cc1cc(cn1C)CNc(nc2)nc(c23)c(-c4ccc(cc4)C(=O)N(C)C)cc(c3)-c5cncc(c5)C(=O)N,-6.078,39,-0.15584615384615386
Cc1cc(N)cc(c1)[C@H](C)Nc(n2)c(ncnc3)c3c(c24)ccc(c4)-c5ccn(n5)C,-6.078,31,-0.19606451612903228
COc1ccc(cc1)-c(nc(c23)n(cn3)C)nc2NC(=O)c4cc(C)cc(N)c4,-6.078,29,-0.20958620689655175
COc1ccc(cc1)-c2cc(C)nc(n2)N[C@H](C)C(=O)Nc3cccc(C)c3,-6.077,28,-0.21703571428571428
Cn1nc(C)cc1-c(cnc2NC)c(n2)NC(=O)Nc3cc(C)cc(C)c3,-6.077,27,-0.22507407407407407
FC(F)(F)c(c1)cccc1[C@H](C)Nc(ncn2)c(c23)c(-c4ccccn4)c(o3)-c(cc5)cc(c56)nccc6,-6.077,38,-0.15992105263157894
Cc1cccc(c1)[C@H](C)Nc(nc2)nc(c23)nc(c(c3)C(C)C)-c4nccn4C,-6.077,29,-0.20955172413793102
CNc1[nH+]cc(-c2ccco2)c(n1)NCc3ccccc3C,-6.077,22,-0.2762272727272727
c1cc(N)ccc1-c(n2)nc(NCC[NH3+])n(c23)ncc3-c4cccc(N)c4,-6.077,27,-0.22507407407407407
c1ncccc1-c2cc(-c3cccnc3)nc(n24)c(C(=O)N)c(n4)NCCN5CCCCCC5=O,-6.077,35,-0.17362857142857144
COc1cccc(c1)CNc2nc(ncc2-c3ncco3)NC(=O)c4ccccc4,-6.076,30,-0.20253333333333332
COc1ccc(cc1)-c(c2)nc(c(c23)nccn3)NC[C@@H]4CCN(C4)c5cccc(C(F)(F)F)c5,-6.076,35,-0.17359999999999998
Cc1ccccc1[C@H](C)Nc(nc2NCCO)[nH+]c(c23)ccc(n3)-c4cccc(Cl)c4,-6.075,31,-0.19596774193548389
c1ccccc1CNc(n2)c(C(=O)N)c(n23)nc(cc3-c4cc(Cl)co4)-c5cccc(F)c5,-6.075,33,-0.18409090909090908
Cc1cccc(c1)CNc2nc(ncc2-c3cn(C)cn3)Nc4ccccc4C,-6.075,29,-0.20948275862068966
Cc(c1)cc(C)cc1[C@@H](C)Nc(nc[nH+]2)c(c23)cc(c(c3)OC)-c4ccc(cc4)C(=O)N5CCC/C(C5)=N\CC(=O)N,-6.074,42,-0.14461904761904762
OCc(cc1)ccc1Nc2nc(NCc(c3)cccc3C)[nH+]c(c24)ccc(n4)-c5cccc(c5)NC(C)C,-6.074,38,-0.1598421052631579
Cc1ccccc1[C@H](C)Nc(nc(n2)-c3cccc(F)c3)n(c24)ncc4-c5ccccn5,-6.074,32,-0.1898125
O=c1ncc(cn1C)Nc2ncc(-c3ccccn3)c(n2)NCc4ccccc4,-6.073,29,-0.2094137931034483
Cc1ccccc1[C@H](C)Nc(nc(n2)-c3cccc(F)c3)n(c24)ncc4-c5ccn(n5)C,-6.073,32,-0.18978125
Cc1cccc([nH+]1)-c(o2)c(-c3ccc(nc3)C[NH+](C)C)c(c24)c(ncn4)NC[C@H]([NH3+])c5cccc(C(F)(F)F)c5,-6.073,40,-0.15182500000000002
CCn1c[nH+]cc1-c(c2)c(NC)cc(c23)c(c(cn3)C#N)NC[C@H](O)c4ccccc4,-6.073,31,-0.19590322580645161
NC(=O)CCn(c1)ncc1-c(c2)cc(-c3[nH+]ccn3C)c(c24)nc(nc4)NCc5cccc(C(F)(F)F)c5,-6.072,38,-0.15978947368421054
CSc(cc1)ccc1[C@H](CC)Nc(nc2)nc(c23)nc(-c4cn(cn4)CC(=O)N)c(c3)-c5cccc(F)c5,-6.072,38,-0.15978947368421054
CC[N@H+]1CC[C@@H](CC1)[C@H](C)Nc(ncn2)c(c23)cc(-c4cn(C)c(C)[nH+]4)c(c3)-c5ccc(F)cc5,-6.072,35,-0.1734857142857143
COc1ccc(cc1)-c(cc2)nc(c23)c(=[NH+]\[C@H](C)C[NH+](C)C)\nc([nH]3)N[C@H](C)c4cccc(C(F)(F)F)c4,-6.071,38,-0.15976315789473683
Cc1nncc(C)c1-c(cc2)nc(c23)c(NCCC)nc([nH+]3)N[C@H](C)c4ccc(C)cc4,-6.069,32,-0.18965625
C1OCC[C@H]1Nc(n2)c(C(=O)N)c(n23)nc(-c4cccs4)cc3-c5cccnc5,-6.069,29,-0.2092758620689655
c1cnccc1-c(cc2C)nc(n2)NC[NH2+]C3CCCC3,-6.067,21,-0.2889047619047619
Cc1cccc(c1)CNc2[nH+]cc(-c3cnc(C)n3CCC(=O)N)c(n2)NCc4ccccc4C,-6.067,35,-0.17334285714285716
Cc1ccc(c(C)c1)-c(cc(n2)C)n(c23)nc(c3C(=O)N)NCCO,-6.067,25,-0.24268
C[NH+](C)c(c1)cccc1[C@@H](C)c(cc2-c3cccc(F)c3)cc(c24)cnc(n4)NCc5cccc(c5)C(F)(F)CO,-6.066,41,-0.14795121951219511
Cc(c1)cccc1[C@@H](C)Nc([nH+]2)nc(NCCC)c(c23)nc(cc3)-c4cccc(n4)C(=O)C[NH+](C)C,-6.066,36,-0.16849999999999998
n1ccnn1-c(c(c2)OC)cc(c23)c(ncn3)NCc(cc4)cc(c45)[NH2+]CCC5,-6.065,29,-0.20913793103448278
Cc1ccccc1[C@H](C)Nc(nc2)nc(c23)nc(c(c3)-c4ccncn4)-c5ccccc5,-6.065,32,-0.18953125
Nc1ccc(cc1)C(F)(F)Nc2nc(NCc3ccccc3)ncc2-c4ccnc(n4)N5CCCCC5,-6.065,37,-0.16391891891891894
[NH3+]CCNc1[nH+]cc(-c2ccccc2F)c(n1)NCc3ccccc3,-6.064,25,-0.24256
CN(C)C(=O)Cn(n1)ccc1-c(c(c2)OC)cc(c23)c(nc[nH+]3)N[C@H](C)c4ccccc4,-6.064,32,-0.1895
COc1ccc(cc1)-c(c2)nc(c(c23)nccn3)NCC[NH3+],-6.064,22,-0.2756363636363636
NC(=O)CNc(n1)nc(cc1C)-c2ccccc2,-6.064,18,-0.3368888888888889
CCc1cccc(c1)CNc(nc(n2)-c3ccsc3)n(c24)ncc4-c5ccc(C)cc5,-6.064,31,-0.19561290322580646
COc(c1)c(N)cc(c12)c(ncn2)NC(=O)Nc3cccc(C)c3,-6.062,24,-0.2525833333333333
COc1nccnc1-c2cnc(-c3c[nH+]c(C)n3C)nc2N[C@H](C)c4ccccc4C,-6.061,31,-0.19551612903225807
Cn1ccc(c1)-c(cc2)cc(c23)c(-c4cccc(=O)o4)nc(n3)-c5cccc(c5)C(=O)N,-6.061,32,-0.18940625
Cc(c1)cc(C)cc1CNc(nc2-c(cc3)ccc3C)ncc2-c4ncccc4O,-6.06,30,-0.20199999999999999
OC[C@@H](O)c(cc1)ccc1-c(c2C)c(=O)n(CC)c(c23)nc(nc3)NCc4ccc(C)cc4,-6.06,33,-0.18363636363636363
COc1ccc(cc1)CNc(c(c23)ncn3C)nc(n2)-c4ccncc4,-6.059,26,-0.23303846153846156
COc1cccc(c1)-c(c(c23)c(ncn3)NCC[NH3+])c(o2)C(=O)Nc4cccc(C(F)(F)F)c4,-6.058,34,-0.1781764705882353
C1CCCC[NH+]1CCCOc(c(c2)OC)cc(c23)c(nc[nH+]3)NCCOc4ccc(F)cc4,-6.057,33,-0.18354545454545457
C[NH2+]CCNc(c(c12)cccc2)nc(n1)-c3ccc(C(F)(F)F)cc3,-6.056,25,-0.24224
Cc1ccc(cc1)CNc2ncc(-c3ccccc3F)c(n2)N[C@@H]4CC[C@H]([NH3+])CC4,-6.056,30,-0.20186666666666667
COc1ccccc1-c(cc2-c3cccc(C)c3)nc(n24)c(C(=O)N)c(n4)NCc5ccccc5,-6.056,35,-0.17302857142857142
COc(c1)c(OC(C)C)cc(c12)c(ncn2)NCC[NH+](C)C,-6.055,22,-0.2752272727272727
Cc1cc(C)cc(c1)CNc(nc2)nc(c23)c(-c4ccn(C)c(=O)c4)cc(c3)-c5cncn5C[C@H]([NH3+])C(=O)N(C)C,-6.055,41,-0.14768292682926829
COc1cc(C)ccc1N[C@H](C)Nc(c(c23)cccc3)nc(n2)-c4ccccc4C,-6.053,30,-0.20176666666666668
CNc(n1)c(C(=O)N)c(n12)nc(C)cc2C(=O)CCCn3ccnc3,-6.053,25,-0.24212
FC(F)(F)c(c1)cc(N)cc1[C@H](C)Nc(nc2)nc(c23)nc(-c4cccs4)c(c3)-c5ccc(=O)n(C)c5,-6.053,37,-0.1635945945945946
COc(c1)c(OC)cc(c12)c(nc[nH+]2)N[C@H](C)c3ccccc3,-6.052,23,-0.26313043478260867
CCNC(=O)Nc(c(C#N)cn1)c(c12)cc(NCCC[NH3+])c(c2)-c3cnccn3,-6.052,29,-0.20868965517241378
CC(=O)Nc(n1)c(C(=O)N)c(n12)nc(-c3cccnc3)cc2-c4cccnc4,-6.052,28,-0.21614285714285714
FC(F)(F)c(c1)cccc1-c(n2)nc(NC)n(c23)ncc3-c4ccc(OC)cc4,-6.052,29,-0.20868965517241378
Cc1cccc(c1)CNc(ncn2)c(c23)c(c(o3)-c4ccccn4)-c5cc(N)cc(C(F)(F)F)c5,-6.05,35,-0.17285714285714285
Cc1ccc(cc1)CNc2ncc(-c3cnn(c3)C(=O)N(C)C)c(n2)-c4ccc(O)cc4,-6.05,32,-0.1890625
C[NH+](C)CCNc(c(c12)nccn2)nc(c1)-c3ccccc3,-6.05,22,-0.27499999999999997
COc1cc(C)ccc1NC(=O)c(nc(n23)c(cn3)-c4cccc(C)c4)cc2N[C@H]([NH3+])c5cc(N)cc(C(F)(F)F)c5,-6.049,42,-0.14402380952380953
Cc1cccc(c1)C(=O)c(c2)c(-c3c[nH+]cn3C)cc(c24)c(ncn4)N[C@@H]5CCCN(C5)c6ccc(C(F)(F)F)cc6,-6.049,42,-0.14402380952380953
COc1cccc(c1)C(=O)Nc(ncn2)c(c23)ccc(c3)-c4ccccc4,-6.049,27,-0.22403703703703706
c1ccccc1[C@@H](O)CNc(c(C#N)cn2)c(c23)cc(c(c3)-c4cc(F)cc(F)c4)NCc5ccccc5,-6.048,38,-0.1591578947368421
COc1ncccc1-c(cc(n2)-c3cccc(F)c3)n(c24)nc(c4C(=O)N)NCc5ccc(C)cc5,-6.047,36,-0.16797222222222222
COc1ccc(cc1C)-c2cnc(NCCO)nc2NCc3cccc(C)c3,-6.047,28,-0.2159642857142857
Oc(c1)cccc1[C@H](CC)Nc(nc(n2)-c3ccsc3)n(c24)ncc4-c5ccccc5,-6.047,31,-0.19506451612903225
CCc1ccc(cc1)-c2cnc(NCc3ccc(C)cc3)nc2N[C@H](C)c4ccccc4C,-6.047,33,-0.18324242424242423
NC(=O)c(c1)cccc1-c(c(=O)n2-c3ccco3)c(C)c(c24)cnc(n4)NC[C@@H]5CC[N@H+](C5)C(C)(C)O,-6.047,37,-0.1634324324324324
o1cccc1-c(cc2C)nc(n2)NC(=O)NC[C@]3(O)CCN(C3)c4ccccc4,-6.046,29,-0.20848275862068966
Cc1ccc(cc1)CNc(nc(n2)-c3ccc(F)o3)n(c24)ncc4C(=O)[C@H](C)N(C)C,-6.046,31,-0.19503225806451613
CC[N@@H+](C)CCNc1[nH+]cc(-c2cccc(F)c2)c(n1)NCc3cccc(C)c3,-6.045,29,-0.20844827586206896
OCCc(cc1)cc(c12)[nH+]cnc2NCCc3ccc(F)cc3,-6.045,23,-0.2628260869565217
NCc(c1)cccc1[C@@H](C)Nc2nc(NC(C)C)[nH+]c(c23)ccc(n3)-c4ccc(CO)cc4F,-6.045,34,-0.17779411764705882
COC(=O)c1cccc(c1)-c(cc2)nc(c23)c(Nc4cccc(C)[nH+]4)nc(n3)[N-][C@H](C)c5cccc(C(F)(F)F)c5,-6.044,41,-0.14741463414634146
COc1ccc(cc1)CNc(c2)c(-c3ccnc(c3)C(=O)N)cc(c24)ncc(C#N)c4NCCO,-6.044,35,-0.17268571428571428
Cc1ccc(C)c(c1)CNc2[nH+]cc(c(n2)NCC[NH+](C)C)-c3nccnc3C,-6.044,29,-0.20841379310344826
Cc1cccc(c1)-c(cc2)nc(c23)c(NCCCO)nc([nH+]3)N[C@H](C)c4cc(C)cc(C)c4,-6.044,33,-0.18315151515151515
Cc1cccc(c1)[C@H](C)Nc(n2)c(nc(nc3)NC4CC4)c3c(c25)ccc(c5)-c6ccnn6C,-6.043,34,-0.17773529411764707
c1ccccc1-c(cc2)nc(c23)c(NCCCO)nc([nH+]3)NCc4ccccc4,-6.043,29,-0.2083793103448276
COc1cccc(c1)C2(CC2)Cc(cn3)c(n34)nc(nc4NCCO)-c5ccccc5OC,-6.043,33,-0.18312121212121213
CC(=O)N(C1)CCC[C@H]1Oc(c(c2)OC)cc(c23)c(ncn3)NC[C@H]([NH3+])c4cc(N)cc(C(F)(F)F)c4,-6.043,37,-0.16332432432432434
O=C(C1)NC[C@H]1N(C)Cc2cccc(c2)-c(c3)c(CCc4ccccc4)cc(c35)ncnc5N[C@@H]6CCCN(C6)c7ccc(C(F)(F)F)cc7,-6.042,50,-0.12084
COc1ccc(cc1)-c(cc2)nc(c23)c(NCCCO)nc([nH+]3)N[C@H](C)c4cccc(C)c4,-6.042,33,-0.18309090909090908
C[NH+](C)C[C@@H](C)Nc(n1)c(ncnc2)c2c(c13)ccc(c3)-c4cccc(C(F)(F)F)c4,-6.041,31,-0.1948709677419355
COc1ccccc1Nc2ncc(-c3cccc(c3)C(=O)N)c(n2)NCc4cccc(C)c4,-6.04,33,-0.18303030303030304
COc1ccc(cc1)CNc(c(c23)ncn3C)nc(n2)-c4ccccc4,-6.04,26,-0.2323076923076923
CC[N@@H+]1CC[C@@H](C1)Nc2nc(C)cc(n2)-c3ncccn3,-6.04,21,-0.2876190476190476
Clc1cnccc1-c2nc(ncc2-c(on3)cc3N)NCCc4ccccc4,-6.037,28,-0.21560714285714286
Cc1cc(C)cc(c1)N(C)CCNc(ncn2)c(c23)c(c(o3)-c4ccccn4)-c5cccc(N)c5,-6.037,35,-0.17248571428571427
Cc1cccc(c1)CNC(=O)Nc2ncc(-c3ncccc3[O-])c(n2)-c4cnoc4,-6.036,30,-0.2012
CN(C)c(nc1)ccc1-c(c(c2)OC)cc(c23)c(ncn3)NC[C@H](F)c4cc(N)cc(C(F)(F)F)c4,-6.036,36,-0.16766666666666666
O1CCC[C@H]1C[N@@H+](C)[C@H](C)Nc(n2)c(C(=O)N)c(n23)nc(-c4ccccc4)cc3-c5cccc(c5)C(=O)N,-6.035,38,-0.15881578947368422
Cc1cccc(c1)CNc(ncn2)c(c23)cc(-c4ccn(n4)C)c(c3)-c5cc(CO)ccc5C,-6.035,34,-0.1775
n1ccnc(c12)c(NCC[NH3+])nc(c2)-c3ccccc3Cl,-6.035,21,-0.2873809523809524
C[C@H](O)c1cccc(c1)[C@H](C)Nc(nc2)nc(c23)nc(-c4ccccn4)c(c3)-c5ccn(n5)C,-6.035,34,-0.1775
Cn(c1)ncc1-c2cnn(c23)c(NC(=O)CC(C)C)cc(n3)-c4ccccc4O,-6.034,29,-0.20806896551724138
n1ccccc1-c(c2)nc(c(c23)nccn3)Nc4ccncc4,-6.034,23,-0.2623478260869565
Cc1ccccc1CNc2nc(NC[C@H](C)O)ncc2-c3ccc(nn3)N(C)C,-6.033,29,-0.20803448275862071
CC[C@H](C)n1ccc(n1)-c(n2)c(-c3ccccc3)cc(c24)cnc(n4)N[C@H](C)c5ccc(OC)cc5,-6.033,36,-0.16758333333333333
c1cnccc1-c2nc(-c3ccccc3C)nc(c24)ccc(c4)-c5cc(N)ccc5O,-6.033,31,-0.19461290322580646
Cc1ccccc1Cc(nc2NCCO)nc(n23)c(cn3)-c4ccccc4C(=O)[O-],-6.033,30,-0.2011
c1ncccc1-c2cnc(nc2-c(cn3)cn3C)NCC(=O)Nc4cccc(C(F)(F)F)c4,-6.033,33,-0.18281818181818182
CC[N@@H+]1CC[C@@H](C1)Oc(c2)c(OC)cc(c23)[nH+]cnc3N[C@H](C)c4ccn(C)c4C,-6.033,30,-0.2011
Brc1ccccc1-c(nc(c23)n(C)cn2)nc3N[C@@H]4CCCN(C4)CC[NH3+],-6.031,27,-0.22337037037037036
CN(C)C(=O)Nc1ccc(cc1OC)-c(c2)c(-c3cccc(c3)CN)cc(c24)c(ncn4)N[C@H](C)c5cccc(C(F)(F)F)c5,-6.031,45,-0.1340222222222222
Cc1ccccc1CC(=O)c(c(c2)OC)cc(c23)ncc(C#N)c3N[C@H](C)c4cccc(c4)[C@H](C)CO,-6.031,37,-0.16299999999999998
Cc1ccccc1CNc2nc(NCC[NH3+])[nH+]cc2-c3nccnc3C,-6.029,26,-0.23188461538461538
Cc1ccc(cc1)[C@H](O)CNc(ncn2)c(c23)c(-c4ccccn4)c(o3)-c5[nH+]ccn5CCO,-6.029,34,-0.1773235294117647
CCNc1ncc(-c2cccc(Br)c2)c(n1)NCc3cccc(C)c3,-6.028,25,-0.24111999999999997
COc1ccccc1-c(c(o2)-c3ccc(Br)cc3)c(c24)c(ncn4)NC[C@H](O)c5ccc(C)cc5,-6.028,35,-0.17222857142857143
Cn1ccnc1-c(n2)ccc(c23)[nH+]c(NC)nc3N[C@H](C)CN4CCCC4=O,-6.028,28,-0.21528571428571427
c1cc(C)ccc1[C@H](C(F)(F)F)Nc2nc(NC)nc(c23)ccc(n3)-c4ccccc4,-6.027,31,-0.19441935483870967
Cc1ccc(cc1)[C@H](C)Nc(n2)c(ncnc3)c3c(c24)ccc(c4)-c5cccnc5C(=O)N,-6.027,33,-0.18263636363636365
CNc(n1)c(C(=O)N)c(n12)nc(-c3ccncc3)cc2-c4ccc(O)cc4,-6.025,27,-0.22314814814814815
FC(F)(F)c(cn1)ncc1-c(cnc2CC)c(n2)NCc3ccccc3,-6.025,26,-0.23173076923076924
CCNc1ncc(-c2noc(C)c2C)c(n1)N[C@H](C)c3ccc(C)cc3,-6.025,26,-0.23173076923076924
COc1ccc(cc1)-c(c2C)c(=O)n(CC(=O)N)c(c23)nc(nc3)N[C@H](C)c4ccccc4C,-6.024,34,-0.1771764705882353
C[C@H](O)c1cccc(c1)[C@H](C)Nc(nc2)nc(c23)nc(-c4ccccn4)c(c3)-c5ccnc(=O)cc5,-6.024,36,-0.16733333333333333
Cc1cccc(c1)CNc(ncn2)c(c23)cc(c(c3)-c4cccnc4)-c5ccc(nc5)C(=O)N6CCCOCC6,-6.023,40,-0.150575
c1ccc(C(C)C)c(c12)cc(cn2)-c(cc3)nc(c34)c(N[C@@H](C)c(c5)cccc5C(C)C)nc([nH+]4)N[C@H](C)c6ccccc6,-6.023,44,-0.13688636363636364
CC(=O)Nc(c(C#N)cn1)c(c12)cc(c(c2)-c3cc(C)on3)NC(=O)c4ccccc4,-6.023,31,-0.19429032258064516
CC(C)Oc(c1)cccc1-c(c(c2)NCC)cc(c23)ncc(C#N)c3NC,-6.022,27,-0.22303703703703703
CN(C)c(c1)[nH+]ccc1-c(c(c2)OC)cc(c23)c(ncn3)N[C@H](F)c4ccc(N)cc4C(F)(F)F,-6.022,35,-0.17205714285714285
COc1ccccc1CNc2ncc(c(n2)-c3ccco3)-c4ncccc4O,-6.021,28,-0.21503571428571427
FC(F)(F)c(c1)cc(O)cc1[C@H](C)Nc(ncn2)c(c23)cc(-c4cccnc4)c(c3)-c5cccc(O)c5,-6.021,37,-0.16272972972972974
Cc1ccnc(c1)CNc(nc(n2)-c3cccnc3)n(c24)ncc4-c5cccs5,-6.021,29,-0.2076206896551724
FC(F)(F)c(c1)cccc1NC(=O)CNc2ncc(-c3[nH+]cccc3[O-])c(n2)-n4ccnc4,-6.021,33,-0.18245454545454545
Fc1ccccc1-c(c(c2)OC)cc(c23)c(ncn3)N[C@H](C)COc4ccc(C)cc4,-6.02,31,-0.19419354838709676
CCn1cc[nH+]c1-c(n2)c(-c3ccoc3)cc(c24)cnc(n4)N[C@H](C)c5cccc(C)c5,-6.02,32,-0.188125
Fc1cccc(c1)-c(n2)c(-c3ccccc3)cc(c24)cnc(n4)NCc5c(F)cccc5C(F)(F)F,-6.02,36,-0.16722222222222222
C1CCCCCN1C(=O)c(ccn2)cc2-c3cc(-c(c(=O)n4C)cnc4C)cc(c35)ncnc5N[C@H](C)c6cc(N)cc(C(F)(F)F)c6,-6.02,48,-0.12541666666666665
Cc1c(C(=O)N)c(cn1C)-c(cc2)cc(c23)nc(NCc4ccccc4)c5c3cnc(n5)NC6CC6,-6.019,36,-0.16719444444444445
COc(c1)c(O)ccc1-c(c[nH+]c2NC)c(n2)NCc3ccc(C)cc3,-6.019,26,-0.2315
Cc1cn(C)c([nH+]1)-c(nc(c23)n(cn3)C)nc2N[C@H](C)c4cccc(C(F)(F)F)c4,-6.019,30,-0.20063333333333333
Cc1ccc(cc1)CNc(nc(n2)-c3cccs3)n(c24)ncc4-c5ccccn5,-6.018,29,-0.20751724137931032
Cc1ccc(N)c(c1)[C@H](C)Nc(n/c2=[NH+]/CC[NH+](C)C)[nH]c(c23)ccc(n3)-c4ccccc4F,-6.018,34,-0.177
c1ccccc1[C@H](C)Nc(nc2)nc(c23)c(-c4ccncc4)cc(c3)-c5ccc(C(=O)[O-])cc5,-6.018,34,-0.177
COc1cccc(c1)[C@H](C)Nc(nc2)nc(c23)n(-c4cnn(c4)C(C)C)c(=O)c(c3C)-c5ccc(N)cc5,-6.017,38,-0.1583421052631579
CCCn1cc(ccc1=O)-c(cc2)cc(c23)nc(N[C@H](C)c(ccc4)c(c45)CCC5)c6c3cnc(n6)NC7CC7,-6.017,40,-0.150425
COc1ccccc1-c2nc(ncc2-c3cc(cs3)N(C)C)NC[C@H](C)Nc4cccc(C(F)(F)F)c4,-6.017,37,-0.16262162162162164
C1COCCC1NC(=O)Nc(n2)c(ncnc3)c3c(c24)ccc(c4)-c5cccc(C(F)(F)F)c5,-6.017,34,-0.17697058823529413
c1ccccc1[C@H](C)Nc(nc2NCC[NH+](C)C)nc(c23)ccc(n3)-c4cnc(N(C)C)nc4,-6.017,34,-0.17697058823529413
Cc1cccc(c1)C[C@H](C)Nc(ncn2)c(c23)cc(c(c3)-c4ccncc4)-c5cn(c[nH+]5)CC(=O)Nc6ccc(F)c(C)c6,-6.017,44,-0.13675
CNC(=O)c1cccc(c1)-c2ncc(-c3ccccc3)c(n2)NCc4cccc(c4)N5CCCCC5,-6.016,36,-0.1671111111111111
COc1cccc(c1)-c(n2)c(-c3ccc(cc3)C(=O)N(C)C)cc(c24)cnc(n4)NC[C@H](O)c5cccc(C)c5,-6.015,40,-0.15037499999999998
CCCNc(n1)c(C(=O)N)c(n12)nc(-c3cccc(F)c3)cc2-c4cccc(c4)OC,-6.015,31,-0.19403225806451613
OC[C@@H](O)c(cc1)ccc1-c(c2C)c(=O)n(CC)c(c23)nc(nc3)NCc4cccc(C)c4,-6.015,33,-0.18227272727272725
CNc(n1)c(C(=O)N)c(n12)nc(-c3ccccc3)cc2-c4ccc(F)cc4,-6.015,27,-0.22277777777777777
Cc1ccc(cc1)[C@H](C)Nc(nc2)nc(c23)c(nc(c3)C)-c4cnn(C)c4C,-6.014,28,-0.2147857142857143
COc1ccc(cc1)-c(c2)c(OC)cc(c23)[nH+]cnc3NCc4cc(C)cc(N)c4,-6.014,30,-0.20046666666666668
Cc1ccccc1[C@H](C)Nc(nc2)nc(c23)c(cc(c3)-c4ccsc4)CCc5ccccc5,-6.013,33,-0.18221212121212121
Cc1ccc(N)c(c1)[C@H](C)Nc(nc2)nc(c23)n(-c4ccc(F)c(Cl)c4)c(=O)c(c3C)-c5ccncc5,-6.013,37,-0.1625135135135135
COc(c1)c(N)cc(c12)c(nc[nH+]2)NCc3ccc(C)cc3,-6.013,22,-0.2733181818181818
CC[N@@H+]1CC[C@@H](C1)CNc(c(c23)ncn3C)nc(n2)-c4ccccc4OC,-6.012,27,-0.22266666666666665
Cc1cccc(c1)CNc2nc(NCC[NH3+])[nH+]cc2-c3ccccc3Cl,-6.011,26,-0.2311923076923077
CSc1cccc(c1)NC(=O)Nc2nc(-c3ccc(F)cc3)ncc2-c4cccnc4,-6.011,31,-0.1939032258064516
COc1cc(C(=O)N(C)C)ccc1-c(o2)c(-c3ccc(C)cc3)c(c24)c(ncn4)NCCc5cccc(C(F)(F)F)c5,-6.009,42,-0.14307142857142857
Cc1ccc(cc1)[C@H](C)Nc(nc2)nc(c23)nc(-c4cccc(c4)C(=O)N)c(c3)-c5ccc(cc5)C(=O)N6CCOC6,-6.009,42,-0.14307142857142857
c1cc(N)ccc1[C@H](C)Nc(n2)c(nc(nc3)NC4CC4)c3c(c25)ccc(c5)-c6cnn(c6)CC(=O)N,-6.009,37,-0.1624054054054054
CN(C)c1ccc(cc1)-c(cn2)c(n23)nc(-c4cccc(F)c4)nc3NCC[NH+]5CCCCC5,-6.007,34,-0.1766764705882353
CC(=O)CONc(n1)c(C(=O)N)c(n12)nc(-c3cccc(C)c3)cc2-c4ccc(F)cc4,-6.007,32,-0.18771875
Cc1ccc(cc1)[C@H](C)Nc(nc2)nc(c23)nc(-c4cnn(C)c4C)c(c3)-c5ccc(F)cc5,-6.006,34,-0.1766470588235294
CCC(=O)N1CC(C1)Nc(ncn2)c(c23)cc(-c4ccc(C(=O)N)cc4)c(c3)-c5cccc(c5)C(=O)OC(=O)N6CCCCC6,-6.006,45,-0.13346666666666668
Cc(c1)cccc1-c(cc2)cc(c23)c(-c(c4)cncc4OC)nc(n3)-c5cccc(c5)C(=O)N[C@H](C)[NH+](C)C,-6.005,39,-0.15397435897435896
COc1cccc(c1)CNc2nc(NC(C)C)[nH+]cc2-c3ccc(F)cc3,-6.005,27,-0.22240740740740741
CC[C@H](C)Nc(n1)c(C(=O)N)c(n12)nc(-c3ccco3)cc2-c4ccccc4,-6.004,28,-0.2144285714285714
Cc1cc(C)cc(c1)-c(cn2)c(n23)nc(-c4cccc(C(F)(F)F)c4)nc3NCC[NH+](C)C,-6.003,33,-0.1819090909090909
COc(c1)c(OC)cc(c12)c(nc[nH+]2)NCCc3ccccc3,-6.003,23,-0.261
Clc1cnccc1-c2nc(ncc2[C@@H](C)N(C)C)NCCc3ccccc3,-6.003,27,-0.22233333333333333
Cc1cc(N)cc(c1)[C@H](C)Nc(ncn2)c(c23)ccc(c3)-c(n4)n(C[C@H](F)N(C)C)c(c45)cncc5,-6.002,36,-0.16672222222222222
Fc(c1)cccc1-c(cn2)c(n23)nc(-c(cc4)ccc4C)nc3Nc5cnn(c5)CCC(=O)N,-6.002,34,-0.17652941176470588
C[C@H]([NH3+])Nc(n1)c(C(=O)N)c(n12)nc(-c(cc3)ccc3C)cc2-c4ncc(o4)C,-6.0,29,-0.20689655172413793
c1ccccc1-c(n2)nc(-c(n3)ccn3CC(=O)N)c(c24)cc(cc4)-c5ccncc5,-6.0,31,-0.1935483870967742
CC(C)Cn(c1)c(=O)ccc1-c(c2)cc(-c(cn3)ccc3C(=O)NC)c(c24)nc(nc4)N[C@@](F)(C)c5cc(O)cc(c5)N(C)C,-5.999,45,-0.1333111111111111
Cc1ccc(cc1)C/C(N)=N/c2ncc(-c3ccn(c3)CC(F)(F)F)c(n2)-c4ccc(C)cc4,-5.998,34,-0.17641176470588235
CC(=O)Oc(cc1)ccc1-c(c(c2)OC)cc(c23)c(ncn3)Nc4cccc(C(=O)[O-])c4,-5.998,32,-0.1874375
FC(F)(F)c(c1)cc(N)cc1C(C)(C)Nc(nc2)nc(c23)c(-c4ccsc4)cc(c3)-c5cccnc5C(=O)Nc6cccnc6,-5.998,45,-0.1332888888888889
COc1cccc(c1)[C@H](C)Nc(nc2)nc(c23)n(-c4ccccc4)c(=O)c(c3C)-c5nc(C)cn5C,-5.998,36,-0.16661111111111113
COc1ccc(cc1)CNc2nc(NCc3cccc(C)c3)ncc2-c4cccc(F)c4,-5.997,32,-0.18740625
CC(=O)N1CC[C@@H](C1)[C@H](C)Nc(nc(n2)-c3cccc(C)c3)n(c24)ncc4-c5cccc(C)c5,-5.997,34,-0.17638235294117646
OCCc(c1)cccc1[C@H](C)Nc(ncn2)c(c23)ccc(c3)-c(cc4)cc(c45)OCCCO5,-5.995,33,-0.18166666666666667
s1cccc1-c2cnn(c23)c(N[C@@H](C)c(c4)cccc4C)nc(n3)-c5cnc(o5)C[NH+](C)C,-5.995,33,-0.18166666666666667
Cc1ccc(C)c(c1)NC(=O)Nc(ncn2)c(c23)ccc(c3)-c4ccn(C)c(=O)c4,-5.994,30,-0.1998
Cc1cccc(c1)C(=O)Nc(nc(n2)-c3ccc(F)o3)n(c24)ncc4-c5nccn5C,-5.994,31,-0.1933548387096774
Cc1occc1-c2c[nH+]c(nc2NCC[NH3+])NCc3ccccc3Cl,-5.993,25,-0.23972000000000002
Cc1n(C)c(C)nc1-c(cn2)c(n23)nc(-c(cc4)ccc4C)cc3N[C@H](C)c5ccc(C)cc5,-5.993,34,-0.17626470588235296
Clc(c1)cccc1C(=O)Nc(c(c2)-c(o3)ccc3C)cc(c24)c(c(cn4)C#N)NC[C@H](O)c5ccccc5,-5.993,38,-0.1577105263157895
CN[C@H](C)C(=O)Cn1ccnc1-c(cc2)nc(c23)c(NCCN4CCOCC4)nc([nH+]3)N[C@H](C)c5cccc(C)c5,-5.993,41,-0.1461707317073171
COc1ccc(cc1Br)-c(nc2NCC[NH3+])nc(n23)c(cn3)-c4cccc(C)c4,-5.992,29,-0.2066206896551724
c1ccccc1[C@H](C)Nc(nc2NCC[NH3+])nc(c23)ccc(n3)-c4ccc(F)cc4,-5.992,30,-0.19973333333333335
COc1ccc(cc1)[C@H](C)Nc2ncc(-c3cnccn3)c(n2)NCc4cccc(c4)OC,-5.99,33,-0.18151515151515152
c1ncccc1-c(n2)cc(-c(cc3)ccc3OC)n(c24)nc(c4C(=O)N)NC(=O)Nc5cccc(C)c5,-5.99,37,-0.1618918918918919
FC(F)(F)c(c1)cccc1NC(=O)CNc2ncc(c(n2)-n3ccnc3)-c4ncccc4O,-5.989,33,-0.18148484848484847
c1ncccc1-c(cn2)c(n23)nc(-c(c4)cccc4OC)nc3NCC[N@H+]5CC[C@H](C)CC5,-5.989,33,-0.18148484848484847
COc1cccc(c1)[C@H](C)Nc(nc2)nc(c23)n(c(=O)c(c3C)-c4ccc(C)cc4)-c5[nH+]ccn5CC(=O)N(C)C,-5.989,41,-0.1460731707317073
CNc(n1)c(C(=O)N)c(n12)nc(C)cc2CCN3CC[NH2+]CC3,-5.988,23,-0.26034782608695656
[NH3+][C@@H]1CCCC[C@@H]1c2cc(cc[nH+]2)Nc(cc(n3)-c4cccnc4)n(c35)ncc5-c6cccc(C(F)(F)F)c6,-5.987,39,-0.1535128205128205
Cc1ccc(cc1)[C@H](C)Nc(nc(n2)-c3ccsc3)n(c24)ncc4-c5ccc(F)cc5,-5.987,31,-0.19312903225806452
c1ccccc1[C@H](C)Nc(nc2NCC[NH3+])[nH+]c(c23)ccc(n3)-c4ccc(F)cc4,-5.987,30,-0.19956666666666667
CC(=O)N(C1)CCC[C@H]1Oc(c(c2)OC)cc(c23)c(ncn3)N[C@@H]4CC[N@@H+](C(C)C)CC4,-5.987,32,-0.18709375
Cc1[nH+]cc(n1CC)Nc2ncc(-c3cccc(C)c3)c(n2)-c4cccc(c4)NC(=O)C,-5.986,32,-0.1870625
Cc1ccc(C)c(c1)CNc2ncc(-c(cc3)nc(c34)ccnc4)c(n2)N[C@H](C)c5ccccc5,-5.986,35,-0.17102857142857142
COc1ccc(cc1)Cc(cc2)cc(c23)nc(NC[C@H](O)c4cc(N)cc(C(F)(F)F)c4)c5c3cnc(n5)NC6CC6,-5.986,42,-0.14252380952380952
Cc1ccc(cc1)CNc2nc(NCC[NH3+])[nH+]cc2-c3ccccn3,-5.986,25,-0.23944
c1ncccc1-c(cc2)nc(c23)c(=[NH+]\c(c4)cccc4OC)\nc([nH]3)NCc5cccc(C(F)(F)F)c5,-5.985,37,-0.16175675675675677
NC(=O)Cc(c1)occ1-c(c2)cc(-c(c3C)cnn3CC)c(c24)nc(nc4)N[C@H](O)Cc5cccc(C)c5,-5.985,38,-0.1575
Cc1cccc(c1)CNc2nc(NC(CO)CO)[nH+]cc2-c3cccs3,-5.984,26,-0.23015384615384615
Cc1cc(N)ccc1[C@H](C)Nc(n2)c(nc(nc3)NC4CC4)c3c(c25)ccc(c5)-c6cccc(=O)n6C,-5.984,37,-0.16172972972972974
C[N@H+]1CC[C@@H](CC1)Nc(nc([nH+]2)NCC(=O)N)c(c23)nc(cc3)-c4ccc(F)cc4,-5.984,30,-0.19946666666666665
Cc1ccccc1[C@H](C)Nc(nc2)nc(c23)n(-c4ccco4)c(=O)c(c3C)-c5cncnn5,-5.984,33,-0.18133333333333335
CC(=O)N1CCC(CC1)Oc2ccc(cc2)-c(c3)c(-c4cc(C)n(c4)CC(=O)N(C)C)cc(c35)c(nc[nH+]5)N[C@H](C)c6cccc(C(F)(F)F)c6,-5.984,51,-0.11733333333333333
FC(F)(F)c1ccc(cc1)CCNc(cc(n2)-c3ccc(Br)cc3)n(c24)ncc4-c5cccs5,-5.983,34,-0.1759705882352941
CCn1cc(c(n1)C)CCCc(o2)c(-c3cccc(c3)OC)c(c24)c(ncn4)Nc5cccc(c5)OC,-5.983,37,-0.1617027027027027
COc1cccc(c1)-c(cc2)nc(c23)c(Nc4ccc([C@H](C)O)cc4)nc([nH+]3)NCc5ccccc5,-5.982,36,-0.16616666666666668
Cc1ccc(c(C)c1)[C@H](C)Nc(n2)c(nc(nc3)NC4CC4)c3c(c25)ccc(c5)-c6cccn(c6=O)C[C@@](C)(O)N(C)C,-5.982,43,-0.13911627906976745
Cc1ccc(cc1)[C@H](C)Nc(nc2)nc(c23)n(-c4ccno4)c(=O)c(c3C)-c5ccccc5,-5.982,33,-0.18127272727272728
OCc1cccc(c1)-c(o2)c(-c3ccccn3)c(c24)c(ncn4)NCCC[NH+]5CCCC5,-5.981,32,-0.18690625
COCCNc1nc(-c2csc(c2)N(C)C)ncc1-c3cccc(C(F)(F)F)c3,-5.981,29,-0.20624137931034484
FC(F)(F)c(c1)cccc1CN2CC[C@H](CC2=O)Nc3[nH+]cc(-c4cccnc4)c(n3)NCc5ccccc5,-5.98,39,-0.15333333333333335
Cc1ccccc1[C@H](C)Nc(nc2)nc(c23)nc(-c4cnoc4)c(c3)-c5ccoc5,-5.98,30,-0.19933333333333333
o1cc(F)cc1-c(cc2)cc(c23)c(-c(c4)cccc4C(=O)N)nc(n3)-c5cc(F)ccc5N,-5.979,33,-0.1811818181818182
CCNc(c(C#N)cn1)c(c12)cc(N[C@@H]3CCOC3)c(c2)-c4cccc(F)c4,-5.979,28,-0.2135357142857143
Cc1cccc(c1)-c(cn2)c(n23)nc(-c4cc(C)cc(n4)C(=O)N)cc3N[C@H](C)c5cc(C)cc(c5)CNc6cccc(C(F)(F)F)c6,-5.979,48,-0.1245625
c1ccccc1CCNc(nc2)nc(c23)c(nc(C)c3)-c4ccccc4C(=O)NCc5cccc(F)c5,-5.979,37,-0.1615945945945946
Cc1cccc(c1)-c(c2)c(-c3ccc(C(=O)N)cc(=O)n3)cc(c24)ncnc4NC(C)C,-5.979,32,-0.18684375
FC(F)(F)c(c1)cc(N)cc1[C@H](C)Nc(ncn2)c(c23)cc(c(c3)-c4nn(C)ccc4=O)-c5ccccc5CO,-5.978,40,-0.14945
c1ccccc1Oc(c(c2)OC)cc(c23)c(ncn3)NC(=O)CN(CCC4)c(c45)cccc5,-5.977,33,-0.18112121212121213
Cc1cccc(c1)CNc2nc(NC(CO)CO)ncc2-c3cccs3,-5.977,26,-0.2298846153846154
CCc1cccc(c1)-c(cc2)nc(c23)c(nc(n3)NCC[NH3+])N[C@H](C)c4ccc(C)cc4,-5.976,32,-0.18675
Cc1ccc(C)c(c1)CNc2ncc(-c3ncco3)c(n2)Nc4cccn(C)c4=O,-5.976,30,-0.1992
Cc1cc(C)cc(c1)Cc2nc(NCc3cccc(F)c3)ncc2-c4ccc(nc4)C(=O)N(C)C,-5.975,35,-0.1707142857142857
Cc1ccccc1CNc2[nH+]c(NCC(=O)N)ncc2-c3ccn(n3)C,-5.975,26,-0.2298076923076923
[NH3+]Cc(c1)cccc1C(F)(F)Nc(n2)nc(cc2C)-c3c[nH+]c(n3C)CC(=O)N4CCCCC4,-5.974,34,-0.17570588235294118
[nH+]1cn(C)cc1-c(n2)ccc(c23)[nH+]c(NC[C@H](C)O)nc3N[C@H](C)c4ccc(C(F)(F)F)cc4,-5.974,34,-0.17570588235294118
O=C([O-])c1ccc(cc1)Nc2ncc(-c3ccccc3F)c(n2)NCc4ccccc4,-5.973,31,-0.1926774193548387
CCn1nc(COC)c(n1)-c(cc2)nc(c23)c(NC[C@H](O)c4ccc(C(F)(F)F)cc4)nc(n3)N[C@H](C)c5cccc(C)c5,-5.973,44,-0.13575
Cc1ccc(N)c(c1)[C@H](C)Nc(nc2NCC[NH+](C)C)nc(c23)ccc(n3)-c4ccccc4F,-5.972,34,-0.17564705882352943
COc1cccc(c1)-c(n2)c(-c3ccc(F)cc3)cc(c24)cnc(n4)NCc5ccc(C)cc5,-5.972,34,-0.17564705882352943
Cc1ccc(c(C)c1)[C@H](C)Nc2nc(-c3ccns3)ncc2-c4cccc(C#N)c4,-5.971,30,-0.19903333333333334
Cc1cccc(c1)N[C@H](C)Nc2nc(-c3cccnc3)ncc2-c4cnn(C)c4,-5.971,29,-0.20589655172413793
COc1ccc(OC)cc1-c(cnc2NC)c(n2)NCc3cccc(c3)OC,-5.971,28,-0.21325
Cc1cccc(c1)[C@H](O)CNc(ncn2)c(c23)c(c(o3)-c4cn(C)cn4)-c5cc(N)cc(C(F)(F)F)c5,-5.97,37,-0.16135135135135134
CN(C)[C@@H](C)[C@@H](O)c(cc1)ccc1-c(cn2)c(n23)nc(-c(c4)cccc4C)cc3N[C@H](C)c5cccc(C(F)(F)F)c5,-5.97,42,-0.14214285714285713
n1cccnc1-c(c2)c(cc(c23)c(c(C#N)cn3)NC(=O)C)NCc4ccccc4C,-5.97,31,-0.1925806451612903
COc1cccc(c1)[C@H](C)Nc(nc2)nc(c23)n(-c4cccnn4)c(=O)c(c3C)-c5ccncc5,-5.969,35,-0.17054285714285716
Cc1ccc(cc1)N2C[C@@H](CC2=O)Nc3ncc(-c4ccccc4)c(n3)[C@H](C)[C@H](C)[NH+]5CCCCC5,-5.969,36,-0.16580555555555557
OCCCNc(n1)c(C(=O)N)c(n12)nc(-c3ccc(F)cc3)cc2-c4cccc(Cl)c4,-5.968,31,-0.19251612903225807
CN(C)C(=O)c(c1)cccc1-c(c(n2)-c(cc3C)nn3C)cc(c24)cnc(n4)N[C@H](C)c5ccccc5,-5.968,37,-0.1612972972972973
CCc1c[nH+]c(nc1NC)NCc2ccsc2C,-5.967,18,-0.33149999999999996
s1cccc1-c2cnn(c23)c(NCc(c4)[nH+]ccc4C)nc(n3)-c5ccn(c5)C(=O)C(=O)N,-5.967,33,-0.1808181818181818
COc1cccc(c1)[C@H](C)Nc(nc2)nc(c23)n(-c4cccnn4)c(=O)c(c3C)-c5ccc(C)nc5,-5.967,36,-0.16574999999999998
COCCc(cc1)cc(c12)[nH+]cnc2NCCc3ccc(F)cc3,-5.966,24,-0.24858333333333335
C[C@@H]1CCC[N@@H+](C1)Cc2ccnc(c2)[C@H](C)Nc(c(c34)cccc4)nc(n3)-c5nccn5C,-5.966,33,-0.1807878787878788
CC[C@H](O)CNc(c(c12)cccc2)nc(n1)-c3ccc(OC)cc3OC,-5.966,26,-0.22946153846153847
c1ccccc1[C@H](C)Nc(ncn2)c(c23)ccc(c3)-c4cnn(c4)CC(=O)N,-5.966,28,-0.21307142857142858
COc1ccc(cc1N(C)C)-c(cc2)cc(c23)nc(NC[C@H](C)[NH3+])c4c3cncn4,-5.966,30,-0.19886666666666666
c1ncccc1-c(c2)cc(c(c23)nc(nc3)NCC(=O)N)-c4cccc(c4)OCC(=O)N,-5.966,32,-0.1864375
Fc(c1)cccc1-c(nc(c23)n(C)cn2)nc3NC4CCOCC4,-5.966,24,-0.24858333333333335
Cc1ccc(cc1C)-c2cnc(-c3ccncc3)nc2NCC(=O)Nc4cccc(C(F)(F)F)c4,-5.965,35,-0.17042857142857143
c1ncccc1-c(cn2)c(n23)nc(-c(cc4)ccc4OC)cc3NCc5ccc(C)cc5,-5.964,32,-0.186375
Cc1ccccc1-c(cn2)c(n23)nc(nc3NCC[NH3+])-c4ccccc4,-5.964,26,-0.2293846153846154
Cc1ccc(cc1)CNc2ncc(-c3ccnn3C)c(n2)N[C@H](C)c4ccc(C)cc4,-5.964,31,-0.19238709677419355
Cc1nn(C)cc1-c2cnc(-c3cccc(F)c3)nc2NCC[NH+](C)C,-5.964,26,-0.2293846153846154
COc1cnccc1-c(cc2)cc(c23)ncnc3NC(=O)Nc4cccc(C(F)(F)F)c4,-5.964,32,-0.186375
c1cc(F)ccc1-c(c[nH+]c2NC)c(n2)NCc3cccc(C)c3,-5.964,24,-0.24850000000000003
o1nncc1-c2cnn(c23)c(NCCC[NH3+])nc(n3)-c4ccccc4F,-5.963,26,-0.22934615384615384
Cc(c1)cccc1-c(cnc2NC)c(n2)NCc3cccc(c3)OC,-5.963,25,-0.23852
C[C@H](O)c1ccccc1-c2cnc(-c3cccnc3)nc2N[C@H](C)c4cccc(N)c4,-5.962,31,-0.19232258064516128
CN(C)C(=O)Cn(c1)c(=O)ccc1-c2cc(-c(ncc3C)cc3C(=O)N(C)CC)cc(c24)ncnc4NC(F)(F)c5cc(N)cc(C(F)F)c5,-5.962,50,-0.11924
COc1ccc(cc1)-c(cn2)c(n23)nc(-c4ccc(=O)n(C)c4)cc3NCc5ccc(C)cc5,-5.961,34,-0.1753235294117647
CCn1cc(c(n1)C)-c2cnc(-c3cnc(o3)C)nc2N[C@H](C)c4ccccc4,-5.961,29,-0.20555172413793105
c1ncccc1-c(nc(c23)n(C)cn2)nc3N[C@@H]4CC[N@H+](C4)CC5CCCC5,-5.961,28,-0.21289285714285716
N#Cc(cn1)c(NC)c(c12)cc(c(c2)-c3cccs3)NC(=O)c4cc(OC)ccc4C,-5.96,31,-0.19225806451612903
c1cc(F)ccc1-c(cc2C)nc(n2)N[C@@H]3CCN(C)C3,-5.959,21,-0.28376190476190477
Cc1ccc(cc1)CCNc(c(c23)cccc3)nc([nH+]2)-c4ccc(C)cc4,-5.959,27,-0.22070370370370368
c1cc(N)ccc1-c(n2)nc(NCc(no3)cc3C)n(c24)ncc4-c5ccccc5,-5.959,30,-0.19863333333333333
Cc1cc(C)cc(c1)CNc2ncc(-c3[nH+]cccc3[O-])c(n2)-c4cccc(C)c4,-5.958,30,-0.1986
C1CCCC1Nc2nc(-c3sccc3)nc(n24)c(cn4)-c5ccncc5,-5.957,26,-0.2291153846153846
CCn1c(C)c[nH+]c1-c(cc2)cc(c23)nc(NCC(=O)N)c4c3cncn4,-5.957,27,-0.22062962962962962
[NH3+]CCNc(n1)c(C(=O)N)c(n12)nc(-c3ccccc3F)cc2-c4ccsc4,-5.956,28,-0.21271428571428572
Fc(c1)cccc1-c(cnc2NC)c(n2)NCc3cccc(c3)OC,-5.956,25,-0.23824
Cc1ccc(C)c(c1)-c(cc(n2)C)n(c23)nc(c3C(=O)N)NCCO,-5.956,25,-0.23824
Cc1cn(C)c([nH+]1)-c(nc(c23)n(cn3)C)nc2N[C@H](C)Cc4ccccc4C,-5.956,28,-0.21271428571428572
C1CCC[NH+]1CCNc2nc(N[C@@H](C)c(c3)cccc3C)nc(c24)ccc(n4)-c5c(C)noc5C,-5.956,35,-0.17017142857142858
CCOc1cccc(c1)[C@H](C)Nc(nc2)nc(c23)c(nc(c3)C)-c4cc(C)n(C)c(=O)c4,-5.956,32,-0.186125
OCCc(c1)cccc1[C@H](C)Nc(ncn2)c(c23)ccc(c3)-c4ccc(C(F)(F)F)cc4,-5.956,32,-0.186125
Clc1ccccc1-c(cc2C)nc(n2)N[C@@H]3CC[NH2+]C3,-5.956,20,-0.2978
Cn(c1)ncc1-c(cc2)nc(c23)c(N[C@@H](C)c4ccc(C(F)(F)F)cc4)nc([nH+]3)N[C@H](CO)c5ccccc5C(F)(F)F,-5.956,43,-0.13851162790697674
Cc1ccccc1CNc(nc2Nc3cccs3)nc(c24)ccc(n4)-c5cccc(c5)NC(C)C,-5.955,35,-0.17014285714285715
Cc1cc(N)cc(c1)[C@H](C)Nc(nc2)nc(c23)c(-c4ccnn4C)cc(c3)-c5ccccc5,-5.954,33,-0.1804242424242424
Clc(c1)cncc1-c(n2)cc(-c(c3)cccc3C)n(c24)nc(c4C(=O)N)N[C@@H]5CC[NH2+]C5,-5.954,32,-0.1860625
OCCn1cnnc1-c(cc2)cc(c23)nc(c4c3cncn4)NC[C@H](CC5)COc(c56)cccc6,-5.954,35,-0.17011428571428572
Cc1cccc(c1)-c2cnc(NCCO)nc2NCc3ccccc3C,-5.954,26,-0.22899999999999998
Cc1cccc(c1)[C@H](C)Nc(nc2)nc(c23)n(-c4cc(C)on4)c(=O)c(c3C)-c5ccc(Cl)cc5,-5.953,35,-0.17008571428571428
COc1ccccc1-c(nc(n23)c(C(=O)N)c(n2)NCC)cc3-c4ccccc4F,-5.952,30,-0.1984
NC(=O)CNc(n1)c(ncnc2)c2c(c13)ccc(c3)-c4cccc(C(F)(F)F)c4,-5.952,29,-0.20524137931034483
COc1cccc(c1)CNc2nc(NCCCO)[nH+]cc2-c3ccnn3C,-5.952,27,-0.22044444444444444
C[NH+](C)CCNc1[nH+]cc(-c2ccccc2)c(n1)NCc3ccccc3,-5.951,26,-0.22888461538461538
NC(=O)c(c1)cccc1-c(c(=O)n2CC(=O)N)c(C)c(c23)cnc(n3)NCc4ccccc4,-5.951,33,-0.18033333333333332
c1nccn1-c2cc(-c3cccnc3)nc(n24)c(C(=O)N)c(n4)NCCc5ccccc5,-5.951,32,-0.18596875
COc1ccccc1-c(cc(n2)C)n(c23)nc(c3C(=O)N)NC(=O)C,-5.951,25,-0.23803999999999997
c1ccccc1[C@@H](C)c(nc(c23)n(cn3)C)nc2NC[C@H](C)N4CCOCC4,-5.951,28,-0.21253571428571427
CC(C)CNc(n1)c(ncnc2)c2c(c13)ccc(c3)-n4ccccc4=O,-5.95,26,-0.22884615384615387
Cc1cc(C)cc(c1)[C@H](C)c(c2)nc(c(c23)nccn3)NCCO,-5.95,24,-0.24791666666666667
COc1ccc(cc1Cl)-c(nc2NC(F)(F)CO)nc(n23)c(cn3)-c4ccco4,-5.947,29,-0.20506896551724138
CNc1nccc(n1)-c(nc(C)c2)c(c23)nc(nc3)Nc4cccc(=O)n4C,-5.947,28,-0.21239285714285713
Cc1ccc(cc1)[C@H](O)CNc(ncn2)c(c23)c(-c4ccccc4)c(o3)-c5ccc(C)n5C,-5.947,33,-0.1802121212121212
CC[C@H](O)[N-]C(=O)C(=O)n1ccc(c1)-c(cn2)c(n23)nc(-c4cccc(C)c4)cc3N[C@H](C)c5ccc(C)c(N)c5,-5.947,41,-0.14504878048780487
Cc1cccc(c1)[C@H](C)Nc2nc(-c3ncc(C)n3C)ncc2-c4ccccc4[C@H](C)O,-5.946,32,-0.1858125
CCC(=O)N1CCC(CC1)CNc2nc(-c3ccc(C)nc3)ncc2-c4cccnc4,-5.945,31,-0.1917741935483871
c1cc(F)ccc1-c(cc2C)nc(n2)NC[NH2+]C3CCCC3,-5.945,22,-0.27022727272727276
Cc(c1)cccc1-c(cn2)c(n23)nc(-c4ccccc4OC)nc3NCc5cc(C)cc(C)c5,-5.945,34,-0.1748529411764706
Cc1cccc(c1)[C@H](C)Nc(nc2)nc(c23)nc(CC(=O)N(C)C)c(c3)-c4cnn(C)c(=O)c4,-5.944,34,-0.1748235294117647
Cc1cccc(c1)C(=O)Nc(nc(n2)-c3ccc(F)o3)n(c24)ncc4-c5[nH+]ccn5C,-5.944,31,-0.19174193548387097
c1cc(Br)ccc1-c2cc(C)nc(n23)c(C(=O)N)c(n3)NCC[NH+](C)C,-5.944,26,-0.2286153846153846
NC(=O)C(=O)NCc1cccc(c1)-c(cc2)cc(c23)ncnc3NCNc4cccc(C(F)(F)F)c4,-5.944,36,-0.1651111111111111
c1ccccc1-c2cc(-c(cc3=O)ccn3C)nc(n24)c(C(=O)N)c(n4)NCc5ccc(N)cc5,-5.942,35,-0.16977142857142857
COc1cccc(c1)-c(cn2)c(n23)nc(-c4ccoc4)nc3NCCC[NH3+],-5.942,27,-0.2200740740740741
FC(F)(F)c(c1)cccc1-c(n2)nc(N[C@@H](C)[C@H](C)O)n(c23)ncc3-c4cccc(Cl)c4,-5.942,32,-0.1856875
Cn(c1)ncc1-c2cnn(c23)c(NCc(c4)cc(C)cc4C)nc(n3)-c5ccccc5N(C)C,-5.942,34,-0.17476470588235293
Cc1ccc(N)c(c1)[C@H](C)Nc(nc2NCC[NH+](C)C)[nH+]c(c23)ccc(n3)-c4ccccc4F,-5.942,34,-0.17476470588235293
COC(=O)c1cccc(c1)-c(cc2)nc(c23)c(=[NH+]\c4cccc(C)[nH+]4)\nc([nH]3)N[C@H](C)c5cccc(C(F)(F)F)c5,-5.94,41,-0.14487804878048782
COc1cccc(c1)[C@H](CO)Nc(ncn2)c(c23)cc(c(c3)OC)-c4cc(F)ccc4F,-5.94,32,-0.185625
c1cc(O)ccc1-c2nc(-c(c3)cccc3[C@H](C)[NH3+])nc(c24)ccc(c4)-c5cccnc5,-5.939,32,-0.18559375
Cc1ccc(cc1)[C@H](C)Nc(ncn2)c(c23)c(c(o3)-c4cccc(c4)C(=O)N)-c5ccncc5C(=O)NC(C)C,-5.939,40,-0.148475
FC(F)(F)c(c1)cccc1[C@H](CC)Nc(ncn2)c(c23)cc(c(c3)-c4cnccn4)-c5cc(=O)cccc5N(C)C,-5.938,41,-0.14482926829268292
Cn1c[nH+]cc1-c(c2)c(-c3cccnc3)nc(c24)nc(nc4)NCc5cccc(C(F)(F)F)c5,-5.935,34,-0.17455882352941177
Cn1ccc(n1)Nc2ncc(-c3ccccc3C(F)(F)F)c(n2)NCc4ccccc4,-5.935,31,-0.1914516129032258
CC(C)[C@@H]1CCCN1CCNc(nc(n2)-c3cccc(C(F)(F)F)c3)n(c24)ncc4-c5cn(C)cn5,-5.935,36,-0.1648611111111111
Cc1ccc(cc1)[C@H](C)Nc(ncn2)c(c23)c(c(o3)-c4cccc(C(=O)[O-])c4)-c5ccc(nc5)C[NH+](C)C,-5.935,38,-0.1561842105263158
Cc1ccc(C)c(c1)N[C@H](C)Nc(n2)c(ncnc3)c3c(c24)ccc(c4)-c5ccc(=O)oc5,-5.934,33,-0.17981818181818182
COc1cccc(c1)CNc2nc(NC(C)C)ncc2-c3ccncc3,-5.934,26,-0.22823076923076924
Cc1n(C)nc(C)c1-c(cc2)nc(c23)c(NCc(c4)cccc4C)nc([nH+]3)NCc5ccccc5C,-5.933,36,-0.16480555555555554
Cc1ccc(cc1)CNc2ncc(-c3ccnn3C)c(n2)NC[NH+]4CCCC4,-5.932,28,-0.21185714285714288
COc1cccc(c1)CNc2nc(NC(C)C)ncc2-c3ccc(F)cc3,-5.932,27,-0.2197037037037037
Cc(n1)cc(CC)n(c12)nc(NC)c2C(=O)N,-5.932,17,-0.34894117647058825
CSc(cc1)ccc1[C@H](CC)Nc(nc2)nc(c23)nc(-c4cc(C)no4)c(c3)-c5ccncc5,-5.932,34,-0.17447058823529413
FC(F)(F)c(c1)cccc1[C@H](C)Nc(cc(n2)-c3ccc(C(F)(F)F)cc3)n(c24)ncc4-c5cccnc5,-5.932,38,-0.15610526315789475
FC(F)(F)c(c1)cccc1[C@H](CC)Nc(ncn2)c(c23)cc(-c4ccccc4Cl)c(c3)-c5ccccc5C(=O)NC(=O)COC,-5.93,45,-0.13177777777777777
s1cccc1-c2cnn(c23)c(NCC)nc(n3)S(=O)(=O)c4ccc(=O)n(C)c4,-5.93,28,-0.21178571428571427
CNc1nc(C)cc(n1)-c2ccc(cc2)NC(=O)n3ccnc3,-5.93,23,-0.2578260869565217
C1CCC[NH+]1CCNc2nc(NCC)nc(c23)ccc(n3)-c4nccn4C,-5.93,27,-0.21962962962962962
c1cc(Cl)ccc1-c(cnc2NC)c(n2)Nc3cccc(C)c3,-5.928,23,-0.2577391304347826
CCNc(n1)c(C(=O)N)c(n12)nc(-c3ccccc3F)cc2-c4ccc(C(=O)N)cc4,-5.928,31,-0.1912258064516129
NC(=O)c1c(NC(C)C)nn(c12)c(-c(cn3)ccc3C)cc(n2)-c4ccccc4F,-5.928,30,-0.1976
Fc1ccccc1-c(nc2NC(=O)CC)ncc2-c3cccc(c3)OC,-5.928,26,-0.228
FC(F)(F)c(c1)cccc1[C@H](CC)Nc(ncn2)c(c23)cc(-c4ccc(C)cc4)c(c3)-c5[nH+]ccn5CC(=O)N(C)C,-5.927,42,-0.14111904761904762
[NH3+]CCNc(n1)c(C(=O)N)c(n12)nc(-c(cn3)cn3CC)cc2-c4ccc(Cl)cc4,-5.927,30,-0.19756666666666664
CCNc1ncc(-c2ccccc2)c(n1)NCc3ccccc3C(F)(F)F,-5.927,27,-0.2195185185185185
n1ccncc1-c(n2)nc(NCC(=O)N)n(c23)ncc3-c4ccccc4,-5.926,26,-0.22792307692307692
o1cccc1-c(n2)ccc(c23)[nH+]c(NCc(cc4)ccc4OC)nc3N[C@H](C)c5cccc(c5)CN,-5.926,36,-0.16461111111111112
Cc(c1)cccc1-c(c[nH+]c2NC)c(n2)NCc3cccc(c3)OC,-5.926,25,-0.23704
Cc1cc(N)cc(c1)[C@H](C)Nc(nc2)nc(c23)c(cc(c3)-c4ccccn4)-c5cccc(=O)nc5,-5.926,35,-0.16931428571428572
c1cc(Cl)ccc1-c(cnc2NC)c(n2)Nc3cccc(F)c3,-5.926,23,-0.25765217391304346
CCCNc(n1)c(C(=O)N)c(n12)nc(-c3ccncc3)cc2-c4ccccc4NC(=O)C,-5.926,32,-0.1851875
Cc1ccc(cc1)-c(nc(c23)n(cn3)C)nc2NCC(=O)NCCc4cccc(C)c4,-5.926,31,-0.19116129032258064
Brc1ccccc1-c(c2)c(Cc3ccccc3)cc(c24)oc(n4)N5CCOCC5,-5.925,29,-0.2043103448275862
Cc1ncncc1-c2cnc(nc2-c3ccncc3Cl)NCCc4ccccc4,-5.925,29,-0.2043103448275862
Cc1cccc(c1)[C@@]2(C)C[C@@H](CO2)Nc(ncn3)c(c34)ccc(c4)-c5ccc(=O)n(c5)CCO,-5.922,34,-0.1741764705882353
Cc1ccc(cc1)[C@H](C)Nc(nc2)nc(c23)c(nc(c3)C)-c4ccnn4C,-5.922,27,-0.21933333333333332
c1cnccc1-c(c2C)c(=O)n(-c(cc3)ccc3C)c(c24)nc(nc4)NCC(=O)Nc5cccc(C(F)(F)F)c5,-5.922,40,-0.14805
Cc1cccc(c1)[C@H](CO)Nc(ncn2)c(c23)cc(S(=O)(=O)C(C)(C)C)c(c3)-c4cccnc4,-5.92,34,-0.17411764705882352
Cc1ccc(c(C)c1)[C@H](C)Nc(n2)c(nc(nc3)NC4CC4)c3c(c25)ccc(c5)-c6ccn(C)c(=O)c6,-5.92,37,-0.16
CCn1c[nH+]cc1-c(c2)c(-c3cnc(=O)n(C)c3)cc(c24)ncnc4N[C@H](C)c5ccccc5,-5.92,34,-0.17411764705882352
n1cc(C)ncc1-c(n2)ccc(c23)nc(N[C@@H](C)c(c4)cccc4C)nc3NCC[NH+]5CCOCC5,-5.92,36,-0.16444444444444445
c1cc(F)ccc1-c(nc(c23)n(C)cn2)nc3NC4CCCC4,-5.919,23,-0.2573478260869565
FC(F)(F)c(c1)cccc1[C@H](C)Nc(nc2)nc(c23)nc(-c4cnn(C)c4)c(c3)-c5cccc(N)c5,-5.918,36,-0.1643888888888889
c1ccccc1[C@H](C)Nc(nc(n2)-c3ccsc3)n(c24)ncc4-c5ccccn5,-5.918,29,-0.20406896551724138
c1ccccc1CNc(nc2N[C@@](C)([NH3+])CC)ncc2-c3ccccc3,-5.918,26,-0.2276153846153846
Cc1ccc(cc1)[C@H](C)Nc(ncn2)c(c23)c(C)cc(c3)-c4cnc(=O)n(C)c4,-5.917,29,-0.20403448275862068
OC[C@@H]1CO[C@@H](C1)CNc2ncc(-c3cccnc3)c(n2)-c4ccccc4,-5.917,27,-0.21914814814814815
COc1cccc(c1)-c2ncc(-c3cccc(C(F)(F)F)c3)c(n2)NCc4cccc(c4)N5CCCCC5,-5.917,38,-0.15571052631578947
C[C@H](O)c1cccc(c1)[C@H](C)Nc(nc2)nc(c23)nc(-c4ccccn4)c(c3)-c5c[nH+]c(N)n5C,-5.917,35,-0.16905714285714285
Cc1cc(N)cc(c1)[C@H](C)Nc(ncn2)c(c23)cc(c(c3)-c4ccc(o4)CO)-c5ccnc(=O)n5C,-5.916,36,-0.16433333333333333
Cc1cc(N)cc(c1)[C@H](C)Nc(nc2)nc(c23)nc(-c4cc(C)n(n4)C)c(c3)-c(nn5C)c(c56)CCC(F)(F)C6,-5.916,40,-0.1479
Cc1cc(N)cc(c1)[C@H](C)Nc2nc(-c3ccnn3C)ncc2-c4cccc(C(F)(F)F)c4,-5.916,33,-0.17927272727272728
COc1ccc(cc1)CNc2[nH+]c(N[C@H](C)c3ccc(C(F)(F)F)cc3N)ncc2-c4cncc(c4)OC,-5.914,38,-0.15563157894736843
Nc1cc(C(F)(F)F)ccc1[C@H](C)Nc(ncn2)c(c23)c(-c4ccc(F)cc4)cc(c3)-c5ccccc5C(=O)N6OCCC6=O,-5.914,45,-0.13142222222222222
Cc1ccccc1CNc2nc(NC(C)(C)C)ncc2-c3ccn(n3)C,-5.914,26,-0.22746153846153844
FC(F)(F)c(c1)cccc1[C@@H](C)c2cnc(Nc3ccccc3C(=O)N)nc2NCc4ccccc4,-5.913,36,-0.16425
CCn1cc(cn1)-c(c2)c(-c3cnn(C)c3)cc(c24)ncnc4NCC[NH+](C)C,-5.913,29,-0.20389655172413795
c1ccccc1[C@@H](O)CNc(c(C#N)cn2)c(c23)cc(c(c3)-c4ccccc4)NC(=O)c5cccc(Cl)c5,-5.912,38,-0.15557894736842104
Fc(c1)c(F)ccc1-c(cc2C)nc(n2)NCC[NH+]3CCN(CC3)CCn4cc[nH+]c4,-5.912,31,-0.19070967741935482
CN(C)C(=O)Cc1cnc(nc1NC)NCc2ccc(C)cc2,-5.911,23,-0.257
Cn1cncc1-c2cc(-c(cc3C(=O)[O-])ccc3OC)cc(c24)cnc(n4)NCc5cccc(c5)C(F)(F)CO,-5.911,40,-0.147775
c1cc(C)cc(c12)cccc2[C@H](C)Nc(ncn3)c(c34)cc(-c5ccn(C)c(=O)c5)c(c4)-c6ccncc6,-5.911,38,-0.15555263157894736
COc1cccc(c1)Nc2nc(ncc2-c3cc(C)on3)NCc4ccc(C)cc4,-5.91,30,-0.197
COc1cccc(c1)-c2cnc(-c3ccccn3)nc2NCc4cccc(c4)N5CCCCC5,-5.909,34,-0.17379411764705882
Cc1nn(C)cc1-c2cnc(-c3cccc(F)c3)nc2N[C@H](C)Cc4cccc(C(F)(F)F)c4,-5.909,34,-0.17379411764705882
Cc1ccccc1-c(cn2)c(n23)nc(-c4cc(N)ccc4F)cc3NCC[NH+]5CCCCC5,-5.909,33,-0.17906060606060606
C[NH+](C)CCNc(c1C(=O)N)nn(c12)c(-c(cc3)ccc3C)cc(n2)-c4ccccc4F,-5.908,32,-0.184625
c1cc(F)ccc1-c2cc(C)nc(n23)c(C(=O)N)c(n3)Nc4conc4C,-5.908,27,-0.21881481481481482
CC(C)[N@H+]1CC[C@@H](CC1)Nc(nc2)nc(c23)c(-c4cccnc4)cc(c3)-c5cncc(c5)C(=O)N,-5.908,35,-0.1688
COCCNc1ncc(-c2ccccc2)c(n1)NCc3ccccc3C,-5.908,26,-0.22723076923076924
COc(c1)c(OC)ccc1-c(c[nH+]c2NC)c(n2)NCc3cccc(c3)OC,-5.908,28,-0.21100000000000002
C[NH+](C)CCNc(n1)c(ncnc2)c2c(c13)ccc(c3)-n4ccccc4=O,-5.908,27,-0.21881481481481482
CO[C@@](F)(C)COc(c(c1)OC)cc(c12)c(nc[nH+]2)N[C@H](C)c3ccn(C)c3C,-5.907,29,-0.2036896551724138
n1cn(C)c(c12)nc(-c(ccn3)cc3C)nc2NCC[NH3+],-5.907,21,-0.2812857142857143
Cn1ccnc(c1=O)-c(c2)c(-c3ccc(cc3)C(=O)C(=O)N)cc(c24)c(ncn4)N[C@@H]5CCOC5,-5.906,35,-0.16874285714285714
COc1ccccc1-c2ncc(-c3cccc(C#N)c3)c(n2)NCC[NH+]4CCOCC4,-5.906,31,-0.19051612903225806
c1cc(C)ccc1-c(cnc2NC)c(n2)NCc3ccc(OC)cc3,-5.906,25,-0.23623999999999998
c1ccccc1Nc2nc(NCc(c3)cccc3C)[nH+]c(c24)ccc(n4)-c5nccn5C,-5.905,32,-0.18453125
Cc1ccccc1-c2cc(C)nc(n23)c(C(=O)N)c(n3)N[C@@H](C(F)F)c4cccc(N)c4,-5.904,32,-0.1845
Cc1ccccc1-c(cc2-c3ccoc3)nc(n24)c(C(=O)N)c(n4)NCC(=O)N,-5.903,29,-0.20355172413793102
Cc1cccc(c1)CNc(nc2NCCCO)[nH+]c(c23)ccc(n3)-c4cccc(C)c4,-5.903,31,-0.19041935483870967
c1ccccc1[C@H](C)Nc(n2)c(C(=O)N)c(n23)nc(-c4cccnc4)cc3-c5cccnc5,-5.903,33,-0.17887878787878786
Cc1ccc(cc1)[C@H](C)Nc(ncn2)c(c23)ccc(c3)-c4cnn(c4)CC(=O)N(C)C,-5.903,31,-0.19041935483870967
FC(F)(F)c(c1)cc(N)cc1[C@H](C)Nc(nc2)nc(c23)nc(-c4cccnc4)c(c3)-c5ccc(cc5)CNC(=O)CC(=O)N,-5.902,44,-0.13413636363636364
Cc1cccc(c1)[C@H](C)Nc(nc2)nc(c23)n(C(C)C)c(=O)c(c3C)-c4ccccn4,-5.902,31,-0.19038709677419355
NC(=O)c1c(NC(C)C)nn(c12)c(-c(cs3)cc3C)cc(n2)-c4cccnc4,-5.901,28,-0.21075
Nc1cccc(c1)S(=O)(=O)[N-]c(c(c23)nccn3)nc(c2)-c4ccccc4Cl,-5.901,28,-0.21075
Cc1ccc(cc1)[C@H](O)CNc(ncn2)c(c23)c(-c4cnnn4C)c(o3)-c5ccccc5C(=O)Nc6ccco6,-5.9,40,-0.14750000000000002
C1CCCC[NH+]1[C@H](C2)C[C@@]2(O)CNc3ncc(-c4ccncc4)c(n3)-c5ccncc5Cl,-5.9,32,-0.184375
Cc1cccc(c1)[C@H](C)Nc(c2)c(-c3cnn(C)c3C)cc(c24)ncc(C#N)c4NCCO,-5.899,33,-0.17875757575757575
CC(C)Nc(n1)c(C(=O)N)c(n12)nc(-c3ccccc3F)cc2-c4ccncc4,-5.899,29,-0.2034137931034483
COc1ccccc1-c(nc(c23)n(cn3)C)nc2NCC(F)(F)F,-5.899,24,-0.24579166666666666
s1cccc1Oc(c(c2)OC)cc(c23)c(ncn3)N[C@H](C)[C@H](O)c4cccc(C)c4,-5.898,30,-0.1966
Cc1ccc(cc1)CNc2ncc(-c3ccn(C)c(=O)c3)c(n2)-c4ccccc4C#N,-5.898,31,-0.19025806451612903
Clc1ccccc1CNc2ncc(-c3cnccc3Cl)c(n2)Nc4ccccc4,-5.898,29,-0.20337931034482756
FC(F)(F)c(c1)cccc1[C@H](C)Nc(ncn2)c(c23)c(-c4cccc(C(F)(F)Cl)c4)c(o3)-c5cccc(O)c5,-5.898,39,-0.15123076923076922
Cc1ccc(nc1)[C@H](C)c(cc2)cc(c23)nc(NC[C@H](O)c4cc(N)cc(C(F)(F)F)c4)c5c3cnc(n5)NC6CC6,-5.896,42,-0.14038095238095238
Cc1ccc(cc1)[C@H](C)Nc(nc2)nc(c23)c(-c4ccccn4)cc(c3)-c5cccnc5,-5.896,32,-0.18425
c1cc(Br)ccc1-c(cnc2NC)c([nH+]2)N[C@H](C)c3ccc(C(F)(F)F)cc3N,-5.896,29,-0.2033103448275862
Cc1ccccc1CNc2[nH+]c(NCC[NH3+])ncc2-c3ccc(=O)on3,-5.896,26,-0.22676923076923078
COc1ccccc1-c(nc(c23)n(cn3)C)nc2NC(=O)c4ccccc4,-5.895,27,-0.21833333333333332
CC(=O)Nc1ccnc(c1)-c(nc(n23)c(C(=O)N)c(n3)NC(C)C)cc2-c4cccc(C)c4,-5.895,33,-0.17863636363636362
CC(F)(F)c(c1)cc(cc1C)N[C@H](C)Nc(ncn2)c(c23)c(-c4ccn(n4)C)c(o3)-c5ccc(F)cc5,-5.894,37,-0.1592972972972973
CCN1CC[C@@H](C1)Nc2ncc(-c3ccc(OC)c(C)c3)c(n2)NCc4cccc(C)c4,-5.892,32,-0.184125
COc1cccc(c1)[C@H](C)Nc(nc2)nc(c23)n(c(=O)c(c3C)-c4ccccc4F)-c5[nH+]ccn5CC(=O)N(C)C,-5.892,41,-0.14370731707317075
FC(F)(F)c(c1)cccc1[C@H](C)Nc(nc2)nc(c23)nc(-c4ccc(C(F)(F)F)cc4)c(c3)-c5cccnc5,-5.892,39,-0.15107692307692308
c1ccccc1-c(n2)cc(NCc3ccccc3)n(c24)ncc4-c(c5)cn(c56)cccc6,-5.891,32,-0.18409375
OCc(s1)ccc1-c(c[nH+]c2NC)c(n2)NCc3ccc(OC)cc3,-5.891,25,-0.23564
Cc1ccc(cc1)[C@H](C)Nc(nc2)nc(c23)nc(c(c3)-c4cnc(C)cn4)-c5ccccc5,-5.89,33,-0.17848484848484847
Fc1ccccc1-c(c(=O)n2C)c(C)c(c23)cnc(n3)NCc4ccc(F)cc4,-5.89,29,-0.20310344827586205
CC(=O)n1ccnc1-c(cc(c2)-c3ccn(n3)C)c(c24)nc(nc4)N[C@H](C)c5cccc(C)c5,-5.89,34,-0.17323529411764704
Cc1[nH+]cc(n1C)-c(cn2)c(n23)nc(CC[NH3+])cc3NC(F)(F)F,-5.89,24,-0.24541666666666664
CC[C@H](C)Nc(ncn1)c(c12)cc(c(c2)OC)-c3cccc(F)c3,-5.889,24,-0.245375
NC(=O)c(c1)cccc1-c(c2C)c(=O)n(-c(cc3)ccc3C)c(c24)nc(nc4)NC[C@@H]5CC[N@H+](C5)C(C)(C)O,-5.889,39,-0.151
Cc1cccc(c1)[C@H](O)CNc(nc(n2)-c3cccs3)n(c24)ncc4-c5ccccc5Cl,-5.889,32,-0.18403125
Clc1ccccc1-c(cc2C)nc(n2)NC(=O)c3ccccc3SN,-5.888,25,-0.23552
COc(c1)c(O)ccc1-c(cnc2NC)c(n2)NCC(=O)Nc3cccc(C(F)(F)F)c3,-5.888,32,-0.184
Cc1ccccc1CNc(c2)c(-c3ccc(=O)oc3)cc(c24)ncc(C#N)c4NCCO,-5.887,32,-0.18396875
C[NH+](C)[C@@H](C)n1ccnc1-c2cc(-c3cncn3CC)cc(c24)cnc(n4)N[C@H](C)c5cc(C)cc(N)c5,-5.887,38,-0.15492105263157893
Cc1ccc(O)c(c1)[C@H](C)Nc(ncn2)c(c23)cc(S(=O)(=O)C(C)(C)C)c(c3)-c4cnc(o4)[C@@H]5CCC[NH2+]5,-5.886,38,-0.15489473684210528
s1cccc1-c(cn2)c(n23)nc(-c(c4)cccc4OC)nc3NCc5cc(C)ccn5,-5.886,31,-0.1898709677419355
CC(=O)N(CC1)CCC1Oc(c(c2)OC)cc(c23)c(nc[nH+]3)N[C@H](C)c4ccc(N)c(C(F)(F)F)c4,-5.883,36,-0.16341666666666665
c1cccc(c12)nc(-c(cn3C)ccc3=O)nc2Nc4ccco4,-5.882,24,-0.24508333333333332
CNc(n1)c(C(=O)N)c(n12)nc(-c3cccnc3)cc2-c4ccc(Cl)cc4,-5.881,27,-0.21781481481481482
Cc1cc(C)cc(c1)CNc(nc(n2)-c3ccccc3)n(c24)ncc4[C@@H]5CN(CCC5=O)Cc6ccccn6,-5.881,39,-0.1507948717948718
O=C([O-])c(c1)cccc1-c(cn2)c(n23)nc(-c(cc4)ccc4N)nc3NC[C@H](N)c5cccc(O)c5,-5.881,36,-0.16336111111111112
Cc1[nH+]cc(n1C)-c(cn2)c(n23)nc(-c4cccc(F)c4)cc3NCCc5ccc(C(F)(F)F)cc5,-5.881,36,-0.16336111111111112
COc1ccc(cc1C)-c2c[nH+]c(NCCO)nc2NCc3cccc(C)c3,-5.88,28,-0.21
COc1cccc(c1)[C@H](C)Nc(nc2)nc(c23)n(-c4ccnc(n4)N)c(=O)c(c3C)-c5ccncc5,-5.879,36,-0.16330555555555554
CCc1cccc(c1)-c(c2)c(OC)cc(c23)[nH+]cnc3N[C@H](C)c4ccc(N)cc4[C@H](C)O,-5.879,33,-0.17815151515151514
C1CCCN1C(=O)CCCOc(c(c2)OC)cc(c23)c(nc[nH+]3)N[C@H](C)c4ccn(C)c4C,-5.879,33,-0.17815151515151514
Cc1nn(C)c(c1C)-c2cnc(N[C@H](C)c3ccccc3)nc2-c4ccc(=O)n(C)c4,-5.879,31,-0.18964516129032258
CC(=O)[C@H]([NH3+])c1cccc(c1)[C@H](C)Nc(nc2NCCCO)nc(c23)ccc(n3)-c4cc(C)ccc4C,-5.879,37,-0.15889189189189187
Clc1ccccc1CNc(nc2Nc(c(o3)C)cc3C)ncc2-c4cnccc4Cl,-5.877,30,-0.1959
o1ncnc1-c(n2)ccc(c23)[nH+]c(N[C@@H](C)c(c4)cccc4C)nc3NCc5ccc(C)c(C)c5,-5.877,35,-0.1679142857142857
C1COCC[NH+]1C[C@@H](C)c(cc2)cc(c23)nc(NCC[NH3+])c4c3cnc(n4)NC5CC5,-5.875,31,-0.18951612903225806
Cc1ccc(cc1)CNc2nc(NCC[NH3+])ncc2-c3ccccc3C(=O)[O-],-5.875,28,-0.20982142857142858
c1ccccc1-c(cc2)nc(c23)c(NC)nc([nH+]3)NCc4ccc(C)cc4,-5.874,27,-0.21755555555555553
Cc1cccc(c1)[C@H](C)Nc2ncc(-c3ccc(C(=O)[O-])cc3)c(n2)-c4ccccc4C#N,-5.873,33,-0.17796969696969697
CN(C)C(=O)Cn(c1)ccc1-c(c(c2)OC)cc(c23)c(nc[nH+]3)N[C@H](C)c4cccc(C)c4,-5.873,33,-0.17796969696969697
Cc1ccc(cc1)[C@H](C)Nc(nc2)nc(c23)c(-c4[nH+]ccn4CC(=O)N)cc(c3)-c5cccc(c5)NC(=O)C(F)(F)F,-5.872,42,-0.1398095238095238
CC#CCNc(n1)c(C(=O)N)c(n12)nc(-c3cccc(F)c3)cc2-c4ccc(Cl)cc4,-5.872,31,-0.18941935483870967
c1ccccc1CNc2nc(NC)[nH+]c(c23)ccc(n3)-c4nccn4C,-5.871,26,-0.22580769230769232
c1ncccc1-c(n2)cc(Nc(n3C)c[nH+]c3CC)n(c24)ncc4-c5cccc(c5)N(C)C,-5.871,33,-0.17790909090909093
CN(C)C(=O)COc(c(c1)OC)cc(c12)c(nc[nH+]2)NCc3ccc(C)cc3,-5.871,28,-0.20967857142857144
NC(=O)c(c1)cccc1-c(c(=O)n2C(=O)N)c(C)c(c23)cnc(n3)NC[C@@H]4CCC[N@H+]4C,-5.871,32,-0.18346875
Cc1cc(F)ccc1[C@H](CO)Nc(nc2)nc(c23)nc(-c4cnn(C)c4)c(c3)-c5ccccc5,-5.871,34,-0.17267647058823532
Cc1snnc1-c(nc(C)c2)c(c23)nc(nc3)Nc4ccccc4F,-5.871,25,-0.23484000000000002
c1ccccc1[C@@H](C)[C@H](CO)Nc(ncn2)c(c23)ccc(c3)-c4ccn(n4)CC[NH+](C)C,-5.869,32,-0.18340625
COc1cccc(c1)-c(c2)c(C3=CN([C@H](C)N=C3)CC(=O)N(C)C)cc(c24)c(ncn4)NCCc5ccccc5,-5.869,40,-0.146725
Cc1ccc(cc1)[C@H](C)Nc(nc2NCCCO)[nH+]c(c23)ccc(n3)-c4cccc(C)c4,-5.869,32,-0.18340625
COc1cccc(c1)[C@H](C)Nc(nc2)nc(c23)n(c(=O)c(c3C)-c4cc(C)ccc4C)-c5nccn5CC(=O)N(C)C,-5.869,42,-0.13973809523809524
Cc1ccccc1[C@H](C)Nc(nc2)nc(c23)c(-c4ccc(N(C)C)cc4)cc(c3)[C@@H]5CCN(C5)c6ccccn6,-5.867,40,-0.146675
CCNc(n1)c(C(=O)N)c(n12)nc(-c3ccco3)cc2-c4ccncc4,-5.867,26,-0.22565384615384615
OCCNc(n1)c(ncnc2)c2c(c13)ccc(c3)-c4nncn4CCO,-5.866,26,-0.2256153846153846
c1ccccc1[C@H]([C@H](C)O)Nc(n2)ncc(c23)cc(-c(cc4)ccc4OCC)cc3-c5nn(ccc5=O)Cc6ccc(C)cc6C,-5.866,46,-0.12752173913043477
C1CCCC[NH+]1CCCOc(c(c2)OC)cc(c23)c(ncn3)NCCOc4ccc(F)cc4,-5.865,33,-0.17772727272727273
Cn1c(=O)ccn1-c(c(n2)-c(cn3)cn3C)cc(c24)cnc(n4)NCc5cccc(C(F)(F)F)c5,-5.865,35,-0.16757142857142857
Cc1ccc(cc1)-c2cnc(s2)Nc3cc(nc(n3)C)-c4ccnn4CC(=O)N,-5.865,29,-0.20224137931034483
[NH3+]CCNc1ncc(-c2c(F)cccc2F)c(n1)NCc3ccccc3,-5.865,26,-0.2255769230769231
Cc1ccccc1CNc2ncc(c(n2)-c3ccc(F)cc3)-c4nccnc4C[NH+]5CCCCCC5,-5.865,36,-0.16291666666666668
COc(c1)c(OC)cc(c12)c(nc[nH+]2)NCCc3ccc(C)cc3,-5.864,24,-0.24433333333333332
Cc1ccc(cc1)[C@H](C)Nc(nc2)nc(c23)c(-c4cnccn4)cc(c3)-c5ccn(C)c(=O)c5,-5.864,34,-0.17247058823529413
COc1cccc(c1)CCNc(nc([nH+]2)NC3CCCC3)c(c24)nc(cc4)-c5cccnc5,-5.864,33,-0.1776969696969697
COc1cccc(c1)CNc2nc([nH+]cc2-c3ncco3)N[C@H](F)c4cccc(C)c4,-5.863,31,-0.18912903225806452
C1CCC1c(c2)cccc2C(=O)Nc(c(c3)-c(cc4=O)ccn4CC(=O)OC)cc(c35)c(c(cn5)C#N)NC[C@H](O)c6ccccc6,-5.862,47,-0.12472340425531915
Cc1onnc1-c2nc(NCC(F)(F)F)ncc2-c3cccnc3,-5.861,24,-0.24420833333333333
COc1cccc(c1)[C@H](C)Nc(nc2)nc(c23)n(c(=O)c(c3C)-c4cc(C)ccc4C)-c5[nH+]ccn5CC(=O)N(C)C,-5.861,42,-0.13954761904761903
CCCNc(n1)c(C(=O)N)c(n12)nc(-c3cccc(C)c3)cc2-c4ccc(Br)cc4,-5.861,30,-0.19536666666666666
Fc(c1)cccc1-c(c(c2)NCCC)cc(c23)ncc(C#N)c3NC(=O)C,-5.861,27,-0.21707407407407406
CCNc(n1)c(C(=O)N)c(n12)nc(-c3ccccc3Cl)cc2-c4ccccc4,-5.861,28,-0.20932142857142857
CC#CC(=O)Nc1ncc(cc1OC)-c(c2)c(-c3cccnc3)cc(c24)ncnc4NCc5cccc(C)c5,-5.86,39,-0.15025641025641026
CCOc1cc(N)cc(c1)-c(c2)c([C@H](C)CC)cc(c23)c(nc[nH+]3)N[C@H](C)c4ccc(C(F)(F)F)c(N)c4,-5.859,38,-0.15418421052631578
Cn1cncc1-c(o2)c(-c3cccnc3)c(c24)c(ncn4)NCCc5cccc(C(F)(F)F)c5,-5.858,34,-0.17229411764705882
FC(F)(F)c(c1)cccc1[C@H](C)Nc(ncn2)c(c23)cc(c(c3)-c4cnccn4)-c5cccc(=O)cc5,-5.858,37,-0.1583243243243243
Cc(n1)cncc1-c(c2)c(cc(c23)c(c(C#N)cn3)NCC)N[C@H](C)c4cccc(c4)CC,-5.858,33,-0.17751515151515151
NC(=O)C(=O)N(C)[C@@H]1CCCN(C1)c2cccc(c2)-c(cc(c3)-c4cn(C)c[nH+]4)c(c35)nc(nc5)NCc6cccc(c6)C(F)(F)CO,-5.857,48,-0.12202083333333334
COc1ccccc1-c2nc(NCc3cccc(N)c3)ncc2-c4ccncc4,-5.857,29,-0.20196551724137932
Nc1cc(C(F)(F)F)ccc1[C@H](C)c(c2)nc(c(c23)nccn3)NCCO,-5.856,27,-0.21688888888888888
FC(F)(F)c(c1)cc(O)cc1[C@H](C)Nc(ncn2)c(c23)cc(-c4cnn(C)c4)c(c3)-c5ccc(=O)n(C)c5,-5.854,38,-0.15405263157894736
s1cccc1-c2c[nH+]c(nc2NC)NCc3cccc(C)c3,-5.854,22,-0.2660909090909091
COc1ccc(cc1)-c(o2)c(-c3ccn(n3)C)c(c24)c(ncn4)N[C@H](N)c5cccc(C(F)(F)F)c5,-5.853,36,-0.16258333333333333
Cc(o1)ccc1-c(n2)cc(-c(cc3)ccc3C)n(c24)nc(c4C(=O)N)NCCN5CCOCC5,-5.853,34,-0.1721470588235294
CCNc1ncc(c(n1)NCC)-c2cc(Cl)ccc2OC,-5.853,21,-0.2787142857142857
COc1cccc(c1)[C@H](C)Nc(nc2)nc(c23)n(-c4ccccc4)c(=O)c(c3C)-c5cccc(C)c5,-5.853,36,-0.16258333333333333
c1ccccc1[C@@H](O)CNc(n2)c(C(=O)N)c(n23)nc(-c4ccc(F)cc4)cc3-c5cccc(O)c5,-5.852,36,-0.16255555555555556
CCNc(n1)c(C(=O)N)c(n12)nc(-c3ccccc3F)cc2-c4ccc(F)cc4,-5.852,29,-0.20179310344827586
COc1ccc(Br)cc1-c(cc(n2)-c3ccc(C)cc3)n(c24)nc(c4C(=O)N)NC(=O)c5ccccc5,-5.852,37,-0.15816216216216217
n1ccccc1-c(cc2)nc(c23)c(NC)nc([nH+]3)N[C@H](C)c4ccccc4,-5.851,27,-0.2167037037037037
CCNc(n1)c(ncnc2)c2c(c13)ccc(c3)-c4[nH+]cc(C)n4CC,-5.851,25,-0.23404
Cc1ccc(cc1)[C@H](C)Nc(n2)c(nc(nc3)NC4CC4)c3c(c25)ccc(c5)-c6cccc(=O)n6C,-5.851,36,-0.16252777777777777
Nc1cccc(c1)S(=O)(=O)Nc(c(c23)nccn3)nc(c2)-c4ccccc4Cl,-5.85,28,-0.2089285714285714
Cn1c(=O)ccc(c1C)-c(cn2)c(n23)nc(nc3NCC(=O)N)-c4ccc(N)cc4,-5.85,30,-0.19499999999999998
CC(C)[N@H+](C1)CC[C@@]1(O)CNc(ncn2)c(c23)c(-c4cccc(C(F)(F)Cl)c4)c(o3)-c5cccc(Cl)c5,-5.849,37,-0.1580810810810811
CN1CCN(CC1=O)C(=O)Cc2ccc(cc2)-c(cc3)cc(c34)nc(c5c4cncn5)NCC(=O)N6CC[NH2+]CC6,-5.848,41,-0.1426341463414634
CC(=O)Nc(c(C#N)cn1)c(c12)cc(c(c2)-c3cnoc3)NCc4ccccn4,-5.847,29,-0.20162068965517244
CNNC(=O)Cn1cc(cn1)-c(c(c23)nc(nc3)NC(C)C)cc(c2)-c4cccc(F)c4,-5.847,32,-0.18271875
c1ccccc1[C@H](C)Nc(n2)c(C(=O)N)c(n23)nc(-c4ccccc4F)cc3-c5cccc(F)c5,-5.847,35,-0.16705714285714288
Fc(c1)cccc1-c(n2)nc(NC[NH3+])n(c23)ncc3C(=C4)C=CCc(c45)cccc5,-5.846,30,-0.19486666666666666
COCC(=O)c1cc(C)cc(c1)C(=O)c2cnc(nc2NCc3ccccc3)N[C@@H]4CCN(C(=O)C4)Cc5cccc(C(F)(F)F)c5,-5.846,47,-0.12438297872340426
Cn1c(C)ncc1-c2cnn(c23)c(NCc(cc4)ccc4C)cc(n3)-c5cccc(n5)[C@H](C)[NH+](C)C,-5.846,36,-0.1623888888888889
COCNc1nc(NCC[NH3+])ncc1-c2cccc(Br)c2,-5.845,21,-0.2783333333333333
COc1cccc(c1)[C@H](C)Nc(nc2)nc(c23)n(-c4cnc(C)nc4)c(=O)c(c3C)-c5nccn(C)c5=O,-5.845,38,-0.1538157894736842
COc1ccc(cc1)OCCNc2nc(-c3ccsc3)ncc2-c4nccs4,-5.845,28,-0.20875
Cn1nncc1-c2c[nH+]c(N[C@](C)(O)c3cccc(Cl)c3)nc2NCc4ccccc4,-5.844,31,-0.18851612903225806
c1cccc(c12)c(N[C@](C)(CC)CO)nc(n2)-c3cccc(F)c3,-5.844,24,-0.24350000000000002
Cc1ccc(C)c(c1)NC(=O)Nc(ncn2)c(c23)ccc(c3)-c4ccc(cc4)C(=O)N(C)CCO,-5.844,35,-0.16697142857142858
CNc(n1)c(C(=O)N)c(n12)nc(-c(cn3)cn3CC)cc2-c4ccc(Cl)cc4,-5.843,28,-0.20867857142857144
Cc1ncccc1-c(cc2)nc(c23)c(nc([nH+]3)NCCO)N[C@H](C)c4cccc(c4)CN,-5.843,32,-0.18259375
CC(C)CNc(n1)c(C(=O)N)c(n12)nc(-c3ccc(F)cc3)cc2-c4ccc(F)cc4,-5.843,31,-0.18848387096774194
CC(=O)N(CC1)CCC1Oc(c(c2)OC)cc(c23)c(nc[nH+]3)N[C@H](C)c4ccccc4C,-5.842,32,-0.1825625
Cn1cnc(cc1=O)-c2c[nH+]c(N[C@](C)(O)c3cccc(Cl)c3)nc2NCc4ccccc4,-5.842,33,-0.177030303030303
C1OCC[C@H]1Nc(n2)c(C(=O)N)c(n23)nc(-c4ccccc4F)cc3-c5cccc(F)c5,-5.842,32,-0.1825625
CC[N@H+](C)C[C@H](C)Nc(ncn1)c(c12)cc(c(c2)-c3ccncc3)-c4cccc(n4)OC,-5.842,32,-0.1825625
COc1ccc(cc1O)-c(cc2)cc(c23)c(-c4ccncc4)nc(n3)-c5cccc(C(F)(F)F)c5,-5.842,35,-0.1669142857142857
O=C([O-])c1ccccc1Nc(c(c23)cccc3)nc(n2)-c4nccs4,-5.842,25,-0.23368
c1cc(C)ccc1[C@@H](C)Nc([nH+]2)nc(NC)c(c23)nc(cc3)-c4cccc(c4)NC(C)C,-5.842,32,-0.1825625
CCNc(n1)c(C(=O)N)c(n12)nc(C)cc2-c3ccco3,-5.841,21,-0.27814285714285714
c1ccccc1Cc2cc(C)nc(n23)c(C(=O)N)c(n3)N[C@H](C)c4ccc(N)cc4,-5.841,30,-0.1947
Cc1ccc(C)c(c1)CNc2[nH+]cc(-c3ccnn3C)c(n2)Nc4ccc(CO)c(O)c4,-5.841,32,-0.18253125
Cc1cccc(c1)[C@H](C)Nc(nc2)nc(c23)n(C(C)C)c(=O)c(c3C)-c4ccncc4,-5.841,31,-0.1884193548387097
CC(C)Nc(c1)cccc1-c(n2)ccc(c23)[nH+]c(NCCOC)nc3NCCN(C)c4cc(C)cc(C(F)(F)F)c4,-5.841,41,-0.14246341463414636
c1ccccc1-c2nc(CC[NH3+])nc(c23)ccc(c3)-c4cc[nH]c(=O)c4,-5.841,26,-0.22465384615384615
s1ccc(c12)nc(C)nc2-c3cccc(C(=O)N)c3C,-5.841,20,-0.29205000000000003
Cc1ncoc1-c(cc2)cc(c23)[nH+]cnc3N[C@H](CO)[C@H](C)c4ccccc4,-5.84,28,-0.20857142857142857
COc1cccc(c1)-c(cc2)nc(c23)c(=[NH+]\c4ccnnc4)\nc([nH]3)N[C@@H]5CCC[C@H](O)[C@@H]5O,-5.84,34,-0.17176470588235293
NC(=O)Cn(c(=O)c1)ccc1-c(c2)cc(-c(c3OC)cccc3OC)c(c24)nc(nc4)N[C@H](C)c5ccc(C)cc5,-5.84,41,-0.1424390243902439
CC(=O)N(C)Cc1cccc(c1)-c(cc2-c3ccc(C)nc3)cc(c24)ncnc4N[C@H](C)c5cccc(C)c5,-5.84,39,-0.14974358974358973
COCC(=O)Cc(cc1)cc(c12)c(-c3cccc(c3)OC)nc(n2)-c4ccc(cn4)CO,-5.839,32,-0.18246875
CC(=O)N(C1)CCC[C@H]1Oc(c(c2)OC)cc(c23)c(nc[nH+]3)N[C@H](C)c4cc(C)cc(C(F)(F)F)c4,-5.839,36,-0.16219444444444445
NC(=O)CNc(n1)c(C(=O)N)c(n12)nc(-c(o3)ccc3C)cc2-c4ccc(F)cc4,-5.838,30,-0.1946
Fc1ccc(F)cc1-c(c(c2)OC)cc(c23)c(nc[nH+]3)N[C@@H]4CCN(C4)C(=O)C(C)C,-5.838,31,-0.1883225806451613
CNc1ncc(-c2ccco2)c(n1)NCc3ccccc3C,-5.838,22,-0.26536363636363636
NC(=O)c1cccc(c1)-c(cc2)cc(c23)c(nc(n3)-c4ncno4)-c5ccccc5,-5.837,30,-0.19456666666666667
CC(C)n1nccc1-c(c(c2)OC)cc(c23)ncc(C#N)c3N[C@H](C)c4cccc(O)c4,-5.836,32,-0.182375
s1ccc(c12)nc(C)nc2-c3cccc(n3)C[N@@H+](CC4)CCC[C@@]4(C)O,-5.836,26,-0.22446153846153846
Fc1cc(O)ccc1-c(nc(c23)n(C)cn2)nc3NCC[C@H](N)c4ccccc4Cl,-5.836,30,-0.19453333333333334
c1cc(F)ccc1-c(n2)nc(NCc(cc3)ccc3F)n(c24)ncc4-c5cccnc5,-5.836,31,-0.18825806451612903
Clc(c1)cccc1[C@H](C)Nc(ncn2)c(c23)cc(-c4ccc(=O)n(c4)C(C)(C)O)c(c3)-c5ccc(=O)n(c5)CC[NH3+],-5.835,41,-0.1423170731707317
Cc1ccc(C)c(c1)[C@H](C)Nc(n2)c(ncnc3)c3c(c24)ccc(c4)Oc5ccccc5C(=O)N(C)C,-5.835,37,-0.1577027027027027
COc1cccc(c1)-c(cc2)nc(c23)c(nc([nH+]3)NCC(=O)N)Nc4ccccc4,-5.835,30,-0.1945
Cc1cnccc1-c(cnc2NC)c(n2)NCc3ccc(C)cc3,-5.835,24,-0.243125
Cc1ccc(cc1)-c(nc(c23)n(cn3)C)nc2NCC(=O)N,-5.835,22,-0.2652272727272727
c1cnccc1\[NH+]=c2\nc(N[C@@H](C)c3cccc(C(F)(F)F)c3)[nH]c(c24)ccc(n4)-c5ncco5,-5.834,35,-0.16668571428571427
c1ccccc1[C@H](C)Nc(c2)c(-c(c3)nc(n34)cccc4)cc(c25)ncc(C#N)c5NCCO,-5.834,34,-0.17158823529411762
c1ccccc1[C@H](C)Nc(nc2)nc(c23)c(cc(c3)-c4cnn(C)c4)-c5cnc(cn5)C(=O)N(C)Cc6cccc(F)c6,-5.833,43,-0.13565116279069767
C[NH+](C)CCNc(c(c12)nccn2)nc(c1)-c3cccc(F)c3,-5.833,23,-0.2536086956521739
CNc(n1)c(C(=O)N)c(n12)nc(C)cc2C(=O)CCCn3cc[nH+]c3,-5.833,25,-0.23332
c1ccc(C)c(c12)n(C)c(n2)[C@H](C)Nc(cc(n3)-c4ccccc4F)n(c35)ncc5-c6ccccc6,-5.833,36,-0.16202777777777777
CSc(cc1)ccc1[C@H](CC)Nc(nc2)nc(c23)nc(-c4c(C)noc4C)c(c3)-c5cccc(c5)COC(=O)C,-5.832,40,-0.14579999999999999
COCCNc(n1)c(C(=O)N)c(n12)nc(C)cc2-c3ccccc3C,-5.832,25,-0.23328
CN(C)C(=O)c(c1)cncc1-c(cn2)c(n23)nc(-c(cc4)ccc4C(=O)C)cc3NCCc5ccc(C(F)(F)F)cc5,-5.832,42,-0.13885714285714285
Cc1[nH+]c(cn1C)-c(cn2)c(n23)nc(-c4cccnc4)cc3Nc5ccnn5C,-5.831,29,-0.2010689655172414
c1c[nH+]ccc1Nc2nc(N[C@@H](C)c3cccc(C(F)(F)F)c3)nc(c24)ccc(n4)-c5ncco5,-5.831,35,-0.1666
C[NH+](C)Cc(c1)cccc1-c(c(c2)OC)cc(c23)ncc4c3cc(nc4N)-c5ccccc5O,-5.831,34,-0.1715
O=C(C1)NC[C@H]1[N@H+](C)Cc2cccc(c2)-c(c3)c(CCc4ccccc4)cc(c35)[nH+]cnc5N[C@@H]6CCCN(C6)c7ccc(C(F)(F)F)cc7,-5.83,50,-0.1166
O=C1CCON1c(cc2)ccc2-c(c(c3)-c(c[nH+]4)ccc4C)cc(c35)c(ncn5)N[C@H](C)c6cc(N)cc(C(F)(F)F)c6,-5.83,43,-0.1355813953488372
NC(=O)CNc(n1)c(C(=O)N)c(n12)nc(-c3ccccc3C)cc2-c4ccc(O)cc4,-5.83,31,-0.18806451612903227
C[NH+](C)CCNc(nc1NC)ncc1-c(nn2C)c(c23)cccc3,-5.83,24,-0.24291666666666667
Cc1cccc(c1)[C@H](C)Nc(c2)c(-c3nccnc3C)cc(c24)ncc(C#N)c4NC(C)C,-5.83,33,-0.17666666666666667
FC(F)(F)c(c1)cccc1[C@H](C)Nc(nc2)nc(c23)nc(-c4ccnnc4)c(c3)-c5ccccc5F,-5.83,36,-0.16194444444444445
c1cc(F)ccc1-c(n2)nc(NCC[NH3+])n(c23)ncc3-c4ccccc4,-5.829,26,-0.2241923076923077
CC(=O)Nc(n1)c(C(=O)N)c(n12)nc(-c3ccccn3)cc2-c4ccc(O)cc4,-5.829,29,-0.20099999999999998
O=C1NCC(=O)N1c(cc2)ccc2-c(c(c3)-c(cc4)ccc4OC)cc(c35)c(nc[nH+]5)N[C@H](C)c6cccc(c6)C(F)(F)C,-5.828,44,-0.13245454545454546
Brc1ccccc1-n2c(=O)c(-c3cccc(c3)[C@H](C)C(=O)N)c(C)c(c24)cnc(n4)N[C@H](C)c5ccccc5,-5.827,39,-0.1494102564102564
C1COCCN1CC(=O)Nc(nc2Nc3ccc(F)cc3)nc(c24)ccc(n4)-c5ccncc5,-5.826,34,-0.17135294117647057
FC(F)(F)c(cc1)ccc1[C@H](C)Nc(nc2)nc(c23)c(-c4cnccc4Cl)cc(c3)-c5ccc(=O)n(c5)CC(=O)N,-5.826,41,-0.14209756097560974
c1ncccc1-c(cc2)nc(c23)c(Nc4cn(C)nc4C)nc(n3)NCc5cccc(C(F)(F)F)c5,-5.825,36,-0.16180555555555556
COc1cc(cc(c1)OC)Nc2ncc(-c3ccnc(c3)C(=O)N)c(n2)NCc4ccccc4,-5.825,34,-0.1713235294117647
COc1cccc(c1)-c(cn2)c(n23)nc(nc3NCC[NH3+])-c4cccnc4,-5.825,27,-0.21574074074074076
s1cccc1-c2nc(-c(c3C)noc3C)nc(c24)ccc(c4)-c5cccc(c5)C(=O)N,-5.824,31,-0.18787096774193549
CCCNc(n1)c(ncnc2)c2c(c13)ccc(c3)-c4nccn4CC(=O)NC,-5.824,28,-0.208
c1ccccc1-c(nc(C)c2)c(c23)nc(nc3)N[C@H](C)c4cccc(c4)[NH+](C)C,-5.823,29,-0.2007931034482759
c1cc(C)ccc1-c(c2)c(cc(c23)c(c(C#N)cn3)NCC)NCC[N@@H+](C)c4ccc(C)cc4,-5.823,34,-0.17126470588235296
OC[C@@H](C)Cc(cn1)c(n12)nc(-c3ccc(F)o3)nc2NC(=O)c4ccco4,-5.822,28,-0.20792857142857143
Cc1ccc(cc1)CNc(n2)c(C(=O)N)c(n23)nc(-c4ccc(F)cc4)cc3-c5cnoc5C,-5.822,34,-0.17123529411764707
N#Cc(cn1)c(NC)c(c12)cc(NC(=O)C)c(c2)-c3cccc(Cl)c3,-5.821,25,-0.23284
Cc1ccc(cc1)CNc2ncc(c(n2)-c3cccs3)-c4cccc(F)c4,-5.821,27,-0.21559259259259259
Cc1ccc(cc1)[C@H](C)Nc(c2)c(-c3cccc(=O)n3C)cc(c24)ncc(C#N)c4Nc5ccco5,-5.82,36,-0.16166666666666668
Cn(c1)c(=O)ccc1-c(n2)cc(NC(=O)C[NH2+]C)n(c23)ncc3-c4ccccc4F,-5.819,30,-0.19396666666666668
COc1cc(ccc1Cl)[C@H](C)Nc(ncn2)c(c23)cc(OC)c(c3)OC,-5.819,26,-0.22380769230769232
n1ccccc1-c(cc2)nc(c23)c(NC)nc([nH+]3)NCc4cccc(C)c4,-5.819,27,-0.21551851851851853
CCOc1cccc(c1)-c2cnc(-c3ccc(nn3)NC)nc2NCc4cccc(c4)N5CCCCC5,-5.818,37,-0.15724324324324324
Cc1ccccc1[C@H](C)Nc(nc([nH+]2)NCCO)c(c23)nc(cc3)-c4c(C)noc4C,-5.818,31,-0.1876774193548387
Cc1ccc(C)c(c1)[C@H](C)Nc(n2)c(ncnc3)c3c(c24)ccc(c4)-c5ccc(C(=O)[O-])cc5,-5.817,34,-0.17108823529411765
Cc1cccc(c1)NC(=O)CNc2nc(C)cc(n2)-c3ccc(C(F)(F)F)cc3,-5.816,29,-0.20055172413793104
c1cnccc1-c2cc(-c(cc3)ccc3C)nc(n24)c(C(=O)N)c(n4)NCC[NH+](C)C,-5.816,31,-0.18761290322580645
Cn(c1)c(=O)ccc1-c(cc2)nc(c23)c(NCC)nc([nH+]3)N[C@H](C)c4cccc(C)c4,-5.816,31,-0.18761290322580645
CC(=O)Nc1cc(ccn1)-c2ncc(-c3cccc(C#N)c3)c(n2)NCc4ccc(C)cc4,-5.816,33,-0.17624242424242423
Cc1ccc(cc1)[C@H](C)Nc(n2)c(nc(nc3)NC4CC4)c3c(c25)ccc(c5)C(=O)[C@@H]6CN(C)CCO6,-5.815,37,-0.15716216216216217
Cc1cccc(c1)[C@H](C)Nc2nc(-c3[nH+]cc(C)n3C)ncc2-c4ccccc4[C@H](C)O,-5.815,32,-0.18171875
COc1cccc(c1)-c(cc2)nc(c23)c(Nc4ccc(C)cc4C[NH3+])nc(n3)N[C@H](C)c5cccc(c5)[C@H](C)O,-5.815,40,-0.145375
FC(F)(F)c(c1)cccc1CN2CC[C@H](CC2=O)Nc3[nH+]cc(C4CCCCC4)c(n3)NCc5ccccc5,-5.814,39,-0.14907692307692308
C[C@@H]1CCC[N@@H+](C1)CCNc(nc(n2)-c3ccc(N)cc3)n(c24)ncc4-c5ccnc(c5)C(=O)N(C)C,-5.813,37,-0.1571081081081081
Cc1ccc(C)c(c1)[C@H](C)Nc(n2)c(ncnc3)c3c(c24)ccc(c4)Oc5cnn(C(C)C)c5C,-5.813,35,-0.16608571428571428
Cc1nn(C)cc1-c2ncc(-c3cccc(C(F)(F)F)c3)c(n2)N[C@H](C)c4cccc(c4)[C@@](C)([NH3+])CO,-5.812,37,-0.1570810810810811
c1cc(Cl)ccc1-c(cnc2NC)c(n2)NCc3ccc(OC)cc3,-5.812,25,-0.23248000000000002
Clc1ccccc1-c(cc2C)nc(n2)N[C@@H]3CCNC3,-5.812,20,-0.2906
Cc1cc([NH3+])ccc1C(C)(C)Nc(nc([nH+]2)NCC[NH3+])c(c23)nc(cc3)-c4cccc(c4)NC(C)C,-5.812,36,-0.16144444444444445
n1cccnc1-c(cc2C)nc(n2)NC(=O)N3CC[C@@H](C3)c(cn4)cc(c45)cccc5,-5.812,31,-0.18748387096774194
c1cc(Cl)ccc1-c2cc(-c(o3)ccc3C)nc(n24)c(C(=O)N)c(n4)NCC[NH+](C)C,-5.811,31,-0.18745161290322582
Cc1ncc(n1CC)-c(cc2)cc(c23)nc(NCC[NH3+])c4c3cnc(n4)NC5CC5,-5.811,30,-0.1937
Cc1cccc(c1)[C@H](C)Nc2[nH+]cc(-c3ccc(C(=O)[O-])cc3)c(n2)NCc4ccccc4,-5.811,33,-0.17609090909090908
COc1cccc(c1)-c(cn2)c(n23)nc(nc3NC(F)(F)CO)-c4cccc(F)c4,-5.811,30,-0.1937
CSc(cc1)ccc1[C@H](CC)Nc(nc2)nc(c23)nc(-c4nccc(n4)C)c(c3)-c5ccncc5,-5.81,35,-0.16599999999999998
COc1ccc(cc1)CNc(c2)c(-c3ccccc3)cc(c24)ncc(C#N)c4NCCO,-5.81,32,-0.1815625
Cc1cnc(C)cc1-c(c(c2)NCC)cc(c23)ncc(C#N)c3NC,-5.81,25,-0.2324
Cc1ccc(cc1)[C@H](C)Nc(nc2)nc(c23)nc(-c4ccc(C)nn4)c(c3)-c5cccc(C)c5,-5.809,34,-0.1708529411764706
[NH3+]CNc(n1)nc(cc1C)-c2ccccc2,-5.809,16,-0.3630625
NCC[N@H+]1CC[C@@H](CC1)c(cc2)cc(c23)ncnc3NCCc4ccc(F)cc4,-5.809,29,-0.20031034482758622
C[NH+](C)CCc1ncc(c(n1)NCC[NH3+])-c2cccc(C#N)c2,-5.809,23,-0.25256521739130433
Cc1ccc(cc1C)N[C@H](C)Nc(ncn2)c(c23)ccc(c3)-c4cnn(C)c4,-5.809,28,-0.2074642857142857
CC(=O)Nc1cccc(c1)-c(nc2NCCO)nc(c23)cccc3,-5.809,24,-0.24204166666666668
CCCNc(n1)c(C(=O)N)c(n12)nc(-c3ccco3)cc2-c4cccs4,-5.809,26,-0.22342307692307692
COc1ccc(OC)c(c1)-c2cnc(nc2-c3ncco3)NCc4ccc(C)cc4,-5.809,30,-0.19363333333333335
C[NH2+]CC(=O)Nc1cc(no1)-c2cnc(NCc3ccccc3)nc2NCCCOC,-5.808,31,-0.18735483870967742
CCNc1[nH+]cc(-c2ccc(C(=O)N)cc2)c(n1)NCc3ccc(Cl)cc3,-5.807,27,-0.21507407407407408
c1oncc1-c(c(c2)OC)cc(c23)c(ncn3)NC[C@H](O)c4ccc(C)c(N)c4,-5.807,29,-0.20024137931034483
c1ccccc1CNC(=O)[C@H](C)Nc(c(c23)cccc3)nc(n2)-c4ccccc4F,-5.807,30,-0.1935666666666667
Fc(c1)cccc1-c(nc2NCC)ncc2-c3cn(C)nc3C,-5.806,23,-0.2524347826086957
CCn1c(C)nnc1-c2cnc(Nc3ccccc3)nc2NCc4cccc(C)c4,-5.806,30,-0.19353333333333333
O=c(c1)n(C)ccc1-c(c(c2)OC)cc(c23)c(nc[nH+]3)N[C@H](CO)c4cccc(C)c4,-5.806,31,-0.18729032258064515
Cc1cccc(c1)-c(c2)c(S(=O)(=O)C(C)(C)C)cc(c23)c(ncn3)Nc4cncc(c4)C[NH+](C)C,-5.805,35,-0.16585714285714284
C1CC1Nc(nc2)nc(c(n3)NCC[NH3+])c2c(c34)ccc(c4)C5CCCC5,-5.805,27,-0.215
COc1cccc(c1)CNc2nc(N[C@H](C)c3ccc(C)cc3)ncc2-c4ccc(F)cc4,-5.804,33,-0.17587878787878788
Cc1csc(n1)-c(c2)c(-c3ccc(Cl)cc3)cc(c24)c(ncn4)N[C@@H]5CCOC5,-5.803,29,-0.20010344827586207
COc1ccc(cc1)CNc2nc(NCc3cccc(C)c3)[nH+]cc2-c4nccn4Cc5ccccn5,-5.802,37,-0.1568108108108108
Fc(c1)cccc1-c(c(c2)NC(=O)CC)cc(c23)ncc(C#N)c3NC(C)C,-5.802,28,-0.2072142857142857
Cc1ccccc1CNc2ncc(-c3cccs3)c(n2)NCc4ccccc4C,-5.801,29,-0.2000344827586207
Fc(c1)cccc1CNc(ncc2CC)nc2-c3ccccc3C,-5.801,24,-0.24170833333333333
Cc1onc(C)c1-c(nc2NC)ncc2-c3cccc(n3)C(=O)N,-5.801,24,-0.24170833333333333
CNC(=O)Cn1ccnc1-c(cc2)cc(c23)nc(c4c3cncn4)NCCC[NH+]5CCOCC5,-5.8,34,-0.17058823529411765
Cc1cccc(c1)CNc(nc2NCCO)[nH+]c(c23)ccc(n3)-c4cccc(C)c4,-5.8,30,-0.19333333333333333
Cc1cccc(c1)[C@H](C)Nc(n2)c(ncnc3)c3c(c24)ccc(c4)-c5ccccc5N6C[C@H](C(=O)N)CN(C)C6=O,-5.8,41,-0.14146341463414633
Cc1ccccc1[C@@H](C)Nc(nc2)nc(c23)c(CC)cc(c3)-c4ccc(=O)n(c4C)[C@H](C)NC(=O)C(=O)OC(C)C,-5.8,41,-0.14146341463414633
COc1cccc(c1)[C@H](C)Nc2ncc(-c3ncccc3O)c(n2)-c4cccc(=O)n4C,-5.799,32,-0.18121875
FC(F)(F)c(c1)cccc1[C@H](C)Nc(nc([nH+]2)NCC(=O)N)c(c23)nc(cc3)-c4ccc(F)cc4,-5.799,35,-0.1656857142857143
Cn(c1)c(=O)ncc1-c(nc(C)c2)c(c23)nc(nc3)Nc4cncc(n4)CO,-5.799,28,-0.20710714285714288
Cn1ccnc1-c(cc2)nc(c23)c(nc([nH+]3)NCC[NH3+])NC4CCCC4,-5.799,26,-0.22303846153846155
c1cnccc1-c(c(c2)OC)cc(c23)c(nc[nH+]3)NC[C@H](O)c4ccc(C)c(N)c4,-5.798,30,-0.19326666666666667
FC(F)(F)c(c1)cc(N)cc1[C@@H](C)Nc2nc(N[C@@H](C)c(c3)cccc3C)[nH+]c(c24)ccc(n4)-c5cncc(c5)CN(C)C,-5.798,44,-0.13177272727272726
Cc1cccc(c1)-c(c2)c(-c3ccnc(c3)C[NH3+])nc(c24)nc(nc4)N[C@@H]5CC[N@@H+](C)CC5,-5.797,33,-0.17566666666666667
Cc1onc(C)c1-c(nc(C)c2)c(c23)nc(nc3)N[C@H](N)c4cc(Cl)ccc4C,-5.797,29,-0.19989655172413792
c1ccccc1-c2cc(-c3[nH+]ccn3C)nc(n24)c(C(=O)N)c(n4)NC5CCCCC5,-5.795,31,-0.18693548387096773
CCOc(c1)c(OC)cc(c12)ncnc2NCC[NH+](C)C,-5.795,21,-0.27595238095238095
Cc(c1)cccc1CNc2nc(N[C@@H](CC)c3cccc(F)c3)[nH+]c(c24)ccc(n4)-c5c(C)noc5C,-5.795,37,-0.15662162162162163
CN(C)C(=O)COc(c(c1)OC)cc(c12)c(nc[nH+]2)NCc3cccc(C)c3,-5.793,28,-0.20689285714285716
Cc1cccc(c1)CNc(ncn2)c(c23)cc(-c4ccc(Cl)cn4)c(c3)-c5ccc(nc5)NS(=O)(=O)N(C)C,-5.793,39,-0.14853846153846154
FC(F)(F)c(c1)cccc1[C@H](CC)Nc(ncn2)c(c23)cc(c(c3)-c4cnc(s4)N)-c5cc(=O)cccc5N(C)C,-5.793,41,-0.14129268292682928
c1ccccc1-c2cc(CC(=O)NCC)nc(n23)c(C(=O)N)c(n3)NCc4ccccc4,-5.792,32,-0.181
OCCOC(=O)c(cc1)ccc1-c(nc(c23)n(C)cn2)nc3NCCN4CCOCC4,-5.792,31,-0.18683870967741936
Cc1noc(n1)-c(o2)c(-c3ccccn3)c(c24)c(ncn4)N[C@H](C)c5ccc(F)cc5,-5.79,31,-0.1867741935483871
c1cc(C)ccc1CNc(cc(c23)c(NC)c(C#N)cn2)c(c3)-c4cccc(c4)C(=O)N(C)C,-5.79,34,-0.17029411764705882
c1ccccc1[C@H](C)Nc(n/c2=[NH+]\CC[NH3+])[nH]c(c23)ccc(n3)-c4ccc(F)cc4,-5.79,30,-0.193
Oc(c1)cccc1[C@H](CC)Nc(ncn2)c(c23)c(-c4ccccc4)c(o3)-c5ccnn5C,-5.788,32,-0.180875
Cc1ccc(cc1)[C@H](C)Nc(c2)c(-c3cnn(C)c3C)cc(c24)ncc(C#N)c4NCCO,-5.788,33,-0.1753939393939394
Cc1ccc(cc1)[C@H](C)Nc(c(c23)ncn3C)nc(n2)-c4cccc(c4)N(C)C,-5.788,29,-0.19958620689655174
Fc(c1)cccc1-c(c(c2)OC)cc(c23)c(ncn3)NCC(=O)c4ccc(C(F)(F)F)cc4N,-5.788,34,-0.17023529411764707
Cc1cccc(c1)-c(n(c23)nc(c3C(=O)N)NC(C)C)cc(n2)-c4ccc(=O)n(c4)CC(=O)N(C)C,-5.787,36,-0.16075
CCNc(n1)c(C(=O)N)c(n12)nc(-c3ccccn3)cc2-c4ccc(OC)cc4,-5.787,29,-0.19955172413793104
COc1cccc(c1)[C@H](C)Nc(ncn2)c(c23)cc(-c4cnccn4)c(c3)-c5ccncc5,-5.786,33,-0.1753333333333333
NC(=O)CCNc(n1)c(C(=O)N)c(n12)nc(-c3cccnc3)cc2-c4ccc(Cl)cc4,-5.786,31,-0.18664516129032258
CC[C@@](C)([NH3+])CNc1nc(-c2ccc(o2)C)ncc1-c3ccccc3[C@H](C)O,-5.786,28,-0.20664285714285713
Cc1ccc(cc1)OCCNc(c(c23)nccn3)nc(c2)-c4ccncc4,-5.786,27,-0.2142962962962963
Cc1cccc(c1C)[C@@H]2CC[C@@H]2Nc(cc(n3)-c4cnn(C)c4)n(c35)ncc5-c6cnc(C)n6C,-5.785,35,-0.16528571428571429
CCCCNc(n1)c(C(=O)N)c(n12)nc(-c3ccc(o3)C)cc2-c4cccs4,-5.785,28,-0.20660714285714285
Cc1cccc(c1C)-c2cnc(NCC(=O)N)nc2-c3cccc(C(F)(F)F)c3,-5.785,29,-0.19948275862068965
COc1cccc(c1)[C@H](C)Nc(nc2)nc(c23)n(-c4cc(ccn4)C(=O)N(C)C)c(=O)c(c3C)-c5ccncc5,-5.784,40,-0.1446
COc1cccc(c1)[C@H](C)Nc2ncc(c(n2)-c3cccs3)-c4ccccc4F,-5.783,29,-0.19941379310344828
Cc1ccc(cc1)[C@H](C)Nc(nc2)nc(c23)n(-c4noc(n4)C)c(=O)c(c3C)-c5ccccc5,-5.783,34,-0.17008823529411765
Cc1ccc(cc1)[C@H](C)Nc(nc2)nc(c23)c(-c4ccc(cc4)C(=O)N(C)C)cc(c3)-c5cncc(c5)C(=O)N(C)C,-5.783,42,-0.1376904761904762
Cc1cccc(c1)CNc(ncn2)c(c23)cc(-c4nnc(o4)C)c(c3)-c5cccc(c5)OCC(=O)N,-5.783,36,-0.1606388888888889
CC(=O)Nc1cccc(c1)-c2nc(N[C@H](C)CC[NH3+])ncc2-c3cncc(c3)C(=O)N,-5.782,31,-0.18651612903225806
Cc1ccc(cc1)CNc(nc2N[C@H](C)[C@H](C)O)[nH+]c(c23)ccc(n3)-c4nccn4C,-5.782,31,-0.18651612903225806
COc1cccc(c1)-c(n2)c(-c3ccoc3)cc(c24)cnc(n4)N[C@H](C)c5cccc(c5)C[NH+](C)C,-5.782,36,-0.16061111111111112
C[C@H](O)c1ccccc1-c2cnc(-c3ccncc3)nc2NC[C@H](N)c4cccc(C(F)(F)F)c4,-5.781,35,-0.16517142857142855
Cc1cccc(c1)[C@H](C)Nc2nc(-c3ccncc3[C@H](C)O)ncc2-c4ccccc4,-5.781,31,-0.18648387096774194
CC(=O)NC1=CC=C(OCO1)c(nc(n2)-c3ncco3)c(c24)cc(cc4)-c5cnn(C)c5C,-5.779,33,-0.17512121212121212
c1ccccc1-c(c(c2)OC)cc(c23)c(nc[nH+]3)N[C@H](C)c4ccc(N)cc4[C@H](C)O,-5.779,31,-0.18641935483870967
Clc(c1)cccc1-c(c(c2)NCC)cc(c23)ncc(C#N)c3NC,-5.779,24,-0.24079166666666665
Cc1cccc(c1)-c(cc2)nc(c23)c(NCC(C)C)nc([nH+]3)NCc4ccccc4,-5.779,30,-0.19263333333333332
CC(C)CNc(c1C(=O)N)nn(c12)c(-c(on3)cc3C)cc(n2)-c4ccc(o4)C,-5.779,29,-0.19927586206896553
CC(=O)NCCNc(c(c12)nccn2)nc(c1)-c3cccnc3,-5.778,23,-0.2512173913043478
Fc(c1)cccc1-c(n2)nc(N[C@@H](C)c(cc3)ccc3C)n(c24)ncc4-c5cncn5C,-5.778,32,-0.1805625
Cc1[nH+]cc(n1C)-c(c2)c(-c3ccn(C)c(=O)c3)cc(c24)c(ncn4)N[C@H](C)c5ccccc5,-5.778,34,-0.16994117647058823
c1cnccc1-c(cc2)nc(c23)c(NCCC)nc([nH+]3)NCc4ccccc4C,-5.778,29,-0.1992413793103448
FC(F)(F)c(c1)cccc1[C@@H](C)Nc2nc(NC)nc(c23)ccc(n3)-c4ccnc(n4)C(C)C,-5.778,34,-0.16994117647058823
c1cnccc1-c2cc(-c(c3)cncc3C(=O)N)cc(c24)cnc(n4)NCCN5CCCC5,-5.777,33,-0.17506060606060606
Cc1ccc(cc1)[C@H](C)Nc(n2)c(C(=O)N)c(n23)nc(-c4ccc(F)cc4)cc3-c5cccc(C)c5,-5.777,36,-0.16047222222222224
CCCC[N@H+]1CC[C@@H](C1)Nc2nc(NCc3ccccc3)ncc2-c4cccc(F)c4,-5.777,31,-0.18635483870967742
Cn1c(C)ncc1-c2cnn(c23)c(N[C@@H](C)c(cc4)ccc4CC)cc(n3)-c5cncc(c5)C[NH+](C)C,-5.777,37,-0.15613513513513513
CC(=O)C(C)(C)Nc1nonc1-c2cc(C)nc(n2)NC(F)(F)c3cccc(c3)CN,-5.777,31,-0.18635483870967742
c1cnccc1Nc2nc(N[C@@H](C)c3cccc(C(F)(F)F)c3)[nH+]c(c24)ccc(n4)-c5ncco5,-5.777,35,-0.16505714285714287
[NH3+]CCNC(=O)Nc1cc(-c2ccoc2C)nc(n13)c(cn3)-c4ccncc4,-5.775,28,-0.20625000000000002
Cc1c(C)nncc1-c(cnc2NC)c(n2)N[C@H](C)c3ccccc3,-5.774,25,-0.23096
Cc1cccc(c1)[C@H](C)Nc(nc2)nc(c23)c(-c4cn(C)c[nH+]4)cc(c3)-c5ccc(cc5)C(=O)N6CCOCC6,-5.772,40,-0.1443
Cc1c[nH+]c(C)cc1Oc(c(c2)OC)cc(c23)c(ncn3)NC(=O)CN(CCC4)c(c45)cccc5,-5.772,35,-0.1649142857142857
FC(F)(F)c(cc1)ccc1-c(cc2C)nc(n2)NC(=O)Nc3cccc(C(F)(F)F)c3,-5.771,31,-0.18616129032258064
COc(c1)c(N)cc(c12)c(nc[nH+]2)NCc3ccccc3,-5.771,21,-0.2748095238095238
CC(=O)Nc(c(C#N)cn1)c(c12)cc(NCC[NH3+])c(c2)-c3cccc(C)c3,-5.77,27,-0.2137037037037037
Nc1ccc(cc1C(F)(F)F)CNc(nc[nH+]2)c(c23)cc(c(c3)-c4ccc(o4)CO)-c5cccc(c5)CO,-5.77,38,-0.1518421052631579
Fc(c1)cccc1-c(n2)nc(N[C@@H](C)c(cc3)ccc3C)n(c24)ncc4-c5c[nH+]cn5C,-5.77,32,-0.1803125
[NH3+]CCNc1cc(-c(s2)ncc2C)nc(n13)c(cn3)-c4ccc(F)cc4,-5.769,26,-0.2218846153846154
OCCNc1nc(NCCO)[nH+]c(c12)ccc(n2)-c3cccc(F)c3,-5.768,25,-0.23071999999999998
OCc(c1)cccc1[C@H](C)Nc(c2)c(-c3cccnc3)cc(c24)ncc(C#N)c4NCCO,-5.768,33,-0.17478787878787877
Cc1cccc(c1)CNc(nc2NCC(C)C)[nH+]c(c23)ccc(n3)-c4cc(C)on4,-5.768,30,-0.19226666666666667
Cc1cccc(c1)[C@H](C)c(c2)nc(c(c23)nccn3)NCCO,-5.768,23,-0.25078260869565216
Fc1ccc(cc1)-c2cnc(nc2Nc3cncs3)NCc4ccccc4Cl,-5.767,28,-0.20596428571428574
CN(C)C(=O)Cc1c[nH+]c(nc1NC)NCc2ccc(C)cc2,-5.767,23,-0.25073913043478263
Cc1cccc(c1)CNc(ncn2)c(c23)cc(-c4ccc(=O)n(C)c4)c(c3)-c5cccnc5,-5.766,33,-0.17472727272727273
c1ccccc1[C@H](C)Nc(ncn2)c(c23)cc(-c4ccn(C)c(=O)c4)c(c3)-c5ccc(cc5F)C[NH+](C)C,-5.766,38,-0.15173684210526317
COc1cccc(c1)-c(c(c23)c(ncn3)N[C@H](C)CO)c(o2)CCCc4ccccc4,-5.766,31,-0.186
COc1ccccc1-c(nc(c23)n(cn3)C)nc2NC(=O)C,-5.766,22,-0.2620909090909091
Cc1cccc(c1)CNc2ncc(-c3c(C)c(C)nn3C)c(n2)-c4ccc(cc4)O[C@H](C)O,-5.765,33,-0.17469696969696968
Cc1cccc(c1)[C@H](C)Nc(nc2)nc(c23)nc(-c4ccc(C)cc4Br)c(c3)-c5cn(ncc5=O)CC(=O)NC(C)C,-5.765,42,-0.13726190476190475
c1ncccc1NC(=O)c2ncccc2-c(cc3-c4ccccn4)cc(c35)cnc(n5)NC[C@H](O)c6ccccc6,-5.765,41,-0.14060975609756096
Cc1ccccc1-c(cn2)c(n23)nc(-c4ncco4)nc3NC(F)(F)CO,-5.765,27,-0.2135185185185185
Fc(c1)cccc1-c(c[nH+]c2NC)c(n2)NCc3cccc(c3)OC,-5.764,25,-0.23056000000000001
CC(F)(F)c(c1)cccc1[C@H](C)Nc(ncn2)c(c23)cc(c(c3)-c4cccn(C)c4=O)-c5cccc(c5)C(=O)N,-5.764,40,-0.1441
COc(c1)cccc1-c2cnc(nc2NCC)N[C@@H]3C[N@@H+](C3)[C@H](C)c4cccc(C(F)(F)F)c4,-5.764,34,-0.1695294117647059
Cc1ccc(cc1)CCNc(c(c23)cccc3)nc(n2)-c4ccc(C(=O)[O-])cc4,-5.763,29,-0.19872413793103447
Cn1cncc1-c2cnc(-c3cccc(F)c3)nc2NCC(=O)N4CCCC4,-5.763,28,-0.20582142857142857
CCC(=O)c1cccc(c1)C(=O)Nc2nc(NCc3cccc(C)c3)ncc2-c4ccc(nc4)NC(=O)N(C)CC,-5.763,41,-0.14056097560975608
Cn(n1)ccc1-c2nc(-c(o3)ccc3OC)nc(c24)ccc(c4)-c5ccccc5,-5.761,29,-0.1986551724137931
COCNc1nc(NCC[NH3+])[nH+]cc1-c2cccc(Br)c2,-5.761,21,-0.2743333333333333
COCCNc1nc(-c2sc(F)cc2C[NH3+])ncc1-c3ccccc3,-5.76,25,-0.2304
CC(=O)Nc(c(C#N)cn1)c(c12)cc(c(c2)-c3cnoc3)NCc4cccc[nH+]4,-5.76,29,-0.1986206896551724
CCOc1ccc(cc1)[C@H](C)Nc(nc2Nc3ccc(C)cc3)[nH+]c(c24)ccc(n4)-c5ccncc5,-5.758,36,-0.15994444444444444
CC(=O)N(C1)CCC[C@H]1Oc(c(c2)OC)cc(c23)c(ncn3)N[C@H](F)c4cc(N)ccc4C(F)(F)F,-5.758,36,-0.15994444444444444
C[NH+](C)Cc(s1)ccc1-c(n2)cc(N[C@@H](C)c(cc3)ccc3C)n(c24)ncc4-c5ccc(F)cc5,-5.757,35,-0.16448571428571426
CCN1CC[C@@H](C1)Nc2[nH+]cc(-c3ccc(OC)c(C)c3)c(n2)NCc4cccc(C)c4,-5.757,32,-0.17990625
c1ncccc1-c(c(c2)NC)cc(c23)ncc(C#N)c3NCC[NH3+],-5.756,24,-0.23983333333333334
Cn(c1)c(=O)ccc1-c(cn2)c(n23)nc(-c(c4C)cnn4C)cc3NCCc5ccc(C(F)(F)F)cc5,-5.756,37,-0.15556756756756757
CCNc1ncc(-c2cccc(F)c2)c(n1)NCc3ccccc3C(F)(F)F,-5.756,28,-0.20557142857142857
Nc1cc(C(F)(F)F)ccc1[C@@H](C)Nc(ncn2)c(c23)c(-c(ccn4)cc4C)cc(c3)-c5ccc(=O)n(c5)C[C@@H]6CNC(=O)C6,-5.755,45,-0.12788888888888889
Cc1ccc(C)c(c1)CNc2ncc(-c3cc(F)ccc3F)c(n2)Nc4cccc(c4)C(=O)N,-5.755,34,-0.16926470588235293
COc1ccc(cc1)-c(c2)c(OC)cc(c23)[nH+]cnc3NC[C@H](C)c4ccc(C)cc4,-5.755,31,-0.18564516129032257
Cc1cccc(c1)[C@](C)(CO)Nc(cc(n2)-c3c(C)cnn3C)n(c24)ncc4-c(c5)cn(c56)cccc6,-5.754,37,-0.1555135135135135
c1cc(=O)c(OC)ccc1-c(c2)c(cc(c23)c(c(C#N)cn3)NCC)NCC[N@@H+](C)c4ccc(C)cc4,-5.753,37,-0.1554864864864865
c1cc(C)cc(c12)ccc(c2)-c(c3)nc(c(c34)nccn4)N[C@H](C)c5cccc(c5)CN,-5.753,32,-0.17978125
Cc1[nH+]c(c(C)n1C)Cc(cc2)nc(c23)c(nc([nH+]3)NC(C)C)N[C@H](C)c4cccc(c4)C(C)C,-5.753,35,-0.16437142857142858
Fc(c1)c(F)ccc1-c(n2)ccc(c23)nc(NCC(=O)c(cc4)ccc4OC)nc3N[C@H](C)c5cccc(c5)C[NH3+],-5.752,41,-0.14029268292682925
COc1ccc(cc1)-c2nc(ncc2-c3nc(C)no3)N[C@H](C)C(=O)Nc4cccc(c4)C(=O)N,-5.752,35,-0.16434285714285712
Clc1ccccc1-c(cc2C)nc(n2)N[C@@H]3CC[N@H+](CC3)C4CCCC4,-5.751,26,-0.22119230769230772
Cc1cccc(c1)C[N@@H+]2CCC[C@@H](C2)Nc3nc(-c4ccncc4)ncc3-c5cccc(n5)N,-5.75,34,-0.16911764705882354
Cc1ccc(C)c(c1)CNc2[nH+]cc(-c3oc(C)nc3C)c(n2)N[C@H](C)c4cc(N)cc(c4)C(F)(C)C,-5.75,37,-0.1554054054054054
Cn1c(=O)cccc1-c(c(c2)NCC)cc(c23)ncc(C#N)c3NC(=O)CN(C)c4cccc(C)c4,-5.75,36,-0.1597222222222222
COc1ccc(cc1)CNc2nc(N[C@H](C)c3ccc(o3)C)ncc2-c4ccccc4OC,-5.749,33,-0.1742121212121212
OCCNc(n1)c(C(=O)N)c(n12)nc(-c3ccccc3)cc2-c4ccc(F)cc4,-5.748,29,-0.19820689655172413
Clc1ccccc1-c2ncc(-c3ccncc3)c(n2)NC[C@@H]4CCCC[NH2+]4,-5.748,27,-0.2128888888888889
C1COCC[NH+]1CCC(=O)Nc2nc(-c3ccccn3)ncc2-c4ccncc4,-5.748,29,-0.19820689655172413
Cc1ccccc1-c(nc2NC(C)C)nc(c23)cccc3,-5.748,21,-0.27371428571428574
c1cc(F)ccc1-c(n2)cc(-c3ccccc3C)n(c24)nc(c4C(=O)N)NC5CCCC5,-5.748,32,-0.179625
COc(cc1)ccc1-c(c[nH+]c2NC)c(n2)N[C@H](C)c3ccc(C)cc3,-5.747,26,-0.22103846153846154
CCNc1nc(NC(=O)C)ncc1-c2cc(Cl)ccc2F,-5.747,21,-0.27366666666666667
c1cnccc1-c(c2)c(cc(c23)c(c(C#N)cn3)NCC)NC[C@@H]4CC[N@H+](C4)C(C)C,-5.747,31,-0.18538709677419354
O=c(c1)n(C)c(C)cc1-c(nc(C)c2)c(c23)nc(nc3)NC(=O)c4cccc(c4)[C@H](C)[N@@H+]5CCCOCC5,-5.747,38,-0.15123684210526314
COc1cc(C)ccc1NC(=O)c(nc(n23)c(cn3)-c4cccc(C)c4)cc2N[C@H](N)c5cccc(c5)C(F)(F)CO,-5.746,42,-0.13680952380952383
COCCCNc(ncn1)c(c12)ccc(c2)-c3ccncc3OC,-5.746,24,-0.2394166666666667
COc1ccc(cc1)-c(cn2)c(n23)nc(-c4ccccc4F)nc3NCCC[NH3+],-5.745,29,-0.19810344827586207
O=c1nccc(n1C)-c(cc2)cc(c23)c(-c4ccc(O)cc4)nc(n3)-c5cccc(c5)C(=O)N,-5.744,34,-0.16894117647058823
CNc1ncc(c(n1)NCOC)-c2cnn(C)c2CN(C)C(=O)C,-5.744,24,-0.23933333333333331
FC(F)(F)c(c1)cccc1[C@@H](C)c(o2)c(-c(c3)cccc3OC)c(c24)c(ncn4)N[C@H](C)c5cc(C)cc(N)c5,-5.742,40,-0.14355
FC(F)(F)c1cccc(c1)NCNc(nc[nH+]2)c(c23)ccc(c3)-c4ccno4,-5.742,28,-0.20507142857142857
[NH3+]CCc1cc(C)nc(n12)c(C(=O)N)c(n2)N[C@H](C)c3ccc([NH3+])cc3,-5.742,26,-0.22084615384615386
Cc1ccc(C)c(c1)CNc(nc2)nc(c23)n(-c4ccc(=O)oc4)c(=O)c(c3C)-c5ccc(N(C)C)cc5,-5.742,38,-0.15110526315789474
CCCc(cc1)cc(c12)nc(NCC[NH3+])c3c2cnc(n3)NC4CC4,-5.741,25,-0.22963999999999998
Cc(c1)cccc1CNc2nc(NC)[nH+]c(c23)ccc(n3)-c4ccc(O)c(c4)OC,-5.741,30,-0.19136666666666666
Fc(c1)cccc1CNc(ncc2CC)nc2C=3C=C(C34)C(=C)N=CN4,-5.74,26,-0.22076923076923077
Cc1cccc(c1)-c(n2)c(-c3cccc(=O)cc3)cc(c24)cnc(n4)NCc5cccc(C(F)(F)F)c5,-5.74,37,-0.15513513513513513
c1ccccc1-c(nc(C)c2)c(c23)nc(nc3)N[C@@H]4CCOC4,-5.74,23,-0.24956521739130436
Brc(c1)cccc1-c2c[nH+]c(nc2NCOC)NCc3cc(C)ccc3C,-5.74,27,-0.2125925925925926
Cc1cccc(c1)[C@H](C)Nc(nc2)nc(c23)n(CC(=O)[O-])c(=O)c(c3C)-c4cncc(=O)n4C,-5.74,34,-0.1688235294117647
Cc1ccc(cc1)[C@H](C)Nc(n2)c(C(=O)N)c(n23)nc(-c4cc(C)ccc4C)cc3-c5cccnc5,-5.739,36,-0.15941666666666665
Cc1ccc(cc1)[C@H](C)Nc(nc2)nc(c23)c(-c4ccncc4)cc(c3)-c5cncc(c5)C(=O)N,-5.739,35,-0.16397142857142857
n1oc(C)cc1-c(n2)ccc(c23)[nH+]c(NCc(c4)cccc4C)nc3N[C@H](C)c5ccccc5,-5.739,34,-0.16879411764705882
Nc1ccccc1[C@H](C)Nc(n2)c(C(=O)N)c(n23)nc(-c4ccc(C(=O)[O-])cc4)cc3-c5ccc(F)cc5,-5.738,38,-0.15100000000000002
CCNc(n1)c(C(=O)N)c(n12)nc(C)cc2-c3ccc(F)cc3,-5.738,23,-0.24947826086956523
COc(c1)cccc1-c(n2)cc(NCC[NH2+]C)n(c23)ncc3-c(c4)cn(c45)cccc5,-5.737,31,-0.18506451612903227
Cc1ccc(C)c(c1)-c2ncc(c(n2)N[C@H](C)C[NH3+])-c3cccc(F)c3,-5.737,26,-0.22065384615384614
COc1ccccc1-c(o2)c(-c(cn3)cn(c34)c(=O)c(cn4)C)c(c25)c(ncn5)NC[C@H](O)c6ccc(C)cc6,-5.735,40,-0.143375
CCn1cc(n(C)c1=O)-c(cn2)c(n23)nc(-c4cccnc4)cc3Nc5ccnc(c5)[C@@H]6CCCC[C@@H]6[NH3+],-5.735,38,-0.15092105263157896
Cc1ccc(s1)-c2cnc(-c3ccc(F)cc3)nc2NCC(=O)N,-5.734,24,-0.23891666666666667
Fc(o1)ccc1-c(n2)nc(NC)n(c23)ncc3-c4ccncc4,-5.734,23,-0.24930434782608696
n1ccccc1-c2cnc(nc2-c(cc3)ccc3C)NC(=O)NCc4ccccc4,-5.734,30,-0.19113333333333332
COc1cccc(c1)-c(cc2)nc(c23)c(Nc4ccc(C)cc4)nc(n3)[N-]c5cccc(c5)C(=O)N,-5.733,36,-0.15925
COCCNc1nc(-c2cccs2)ncc1C(=O)Nc3ccc(C)cc3,-5.732,26,-0.22046153846153846
CCNc1[nH+]cc(-c2ccccn2)c(n1)NCc3cccc(C)c3,-5.732,24,-0.23883333333333334
Clc(s1)ccc1-c2cc(-c(cc3)ccc3OC)nc(n24)c(C(=O)N)c(n4)NCC[NH3+],-5.731,30,-0.19103333333333333
Cc1cccc(c1)CNc(ncn2)c(c23)cc(c(c3)-c4cn(C)c[nH+]4)-c5ccn(c5)CC(=O)[C@H]([O-])C(=O)N(C)C,-5.731,40,-0.14327499999999999
CC(=[NH2+])N1CCC(CC1)CNc(cc(n2)-c3cccnc3)n(c24)ncc4-c5coc(c5)[C@@H]6CC[N@H+](C)C6,-5.731,37,-0.1548918918918919
c1ccccc1CO[C@H](C)Nc(nc(n2)-c3ccc(F)cc3)n(c24)ncc4-c5nccn5C,-5.73,33,-0.17363636363636364
[NH3+]Cc1ccccc1C(=O)Nc(n2)c(ncnc3)c3c(c24)ccc(c4)-n5ccccc5=O,-5.73,32,-0.1790625
Cc1ccc(cc1)CNc(n2)c(C(=O)N)c(n23)nc(C)cc3-c4cccc(F)c4,-5.729,29,-0.19755172413793104
OCCNc(nc(C)c1)c(c12)nccn2,-5.729,15,-0.38193333333333335
NC(=O)c(c1)cccc1-c(n2)cc(NC(=O)C[NH2+]C)n(c23)ncc3-c4cccnc4,-5.729,30,-0.19096666666666667
Cc1ccc(cc1)CNc2ncc(c(n2)-c3ccc(C)cc3)-c4cccc(c4)[C@H](CO)N5CCOCC5,-5.728,37,-0.1548108108108108
c1ccccc1[C@@H](O)CNc(nc2-c(n3)ccn3C)ncc2-c4[nH+]cccc4[O-],-5.728,29,-0.19751724137931034
COc1cccc(c1)-c(c2)c(-c3ccccc3F)nc(c24)nc(nc4)NCC[N@H+]5CCC[C@@H]5C,-5.728,34,-0.16847058823529412
Cc1ccc(cc1)CNc2ncc(-c3ccccc3)c(n2)N[C@@H]4CCOC4,-5.728,27,-0.21214814814814814
CCN(CC1)c(c12)ccc(c2)CNc(nc3)nc(c34)nc(-c5ccccc5)c(c4)-c6ccccc6,-5.727,35,-0.16362857142857143
c1ncccc1-c2cnc(nc2NCC)NCc3cccc(c3)OC,-5.727,25,-0.22908
Cc1noc(C)c1Nc(n2)c(C(=O)N)c(n23)nc(-c4ccccc4)cc3-c5ccncc5,-5.727,32,-0.17896875
Cc1ccc(cc1)[C@H](C)Nc(n2)c(nc(nc3)NC4CC4)c3c(c25)ccc(c5)-c6ccn(n6)CC(=O)N(C)C,-5.727,39,-0.14684615384615385
Cc(c1)cccc1CNc(nc2NCCC)ncc2-c3cccnc3,-5.727,25,-0.22908
Cc1cccc(c1)[C@H]([NH3+])CNc(nc2)nc(c23)nc(-c4ccn(C)c(=O)c4)c(c3)-c5ccccc5,-5.726,35,-0.1636
c1cc(Cl)ccc1-c2cc(-c(cn3)cn3CC)nc(n24)c(C(=O)N)c(n4)N[C@H](C)c5cc(N)cc(C(F)(F)F)c5,-5.726,40,-0.14315
c1ccccc1[C@@H](C)Nc(cc(c23)c(c(C#N)cn2)NC(C)C)c(c3)-c4cn(c[nH+]4)CC(=O)N(C)C,-5.726,36,-0.15905555555555556
CCCNc(n1)c(C(=O)N)c(n12)nc(-c3ccccc3F)cc2-c4ccc(C(=O)N)cc4,-5.726,32,-0.1789375
s1cccc1-c2c[nH+]c(nc2NC[C@@H](O)CO)NCc3ccccc3Cl,-5.725,26,-0.2201923076923077
COc1cccc(c1)CNc(nc(n2)-c3ccccc3)n(c24)ncc4-n5c[nH+]c(C)c5,-5.725,31,-0.1846774193548387
Cc1ccc(cc1)[C@H](C)c2nc(NCCO)ncc2-c3ccncc3,-5.725,25,-0.22899999999999998
Cn1cccc1-c(c(c2)NCC)cc(c23)ncc(C#N)c3NC[C@H](O)c4ccccc4,-5.725,31,-0.1846774193548387
c1cc(C)ccc1CNc(nc2-c(cn3)cn3CC)ncc2-c4[nH+]cccc4[O-],-5.724,29,-0.19737931034482759
CCNc(n1)c(C(=O)N)c(n12)nc(C)cc2-c3cccc(c3)OC,-5.723,24,-0.23845833333333333
Clc1ccccc1CNc2[nH+]cc(-c3ncco3)c(n2)NCC[NH+]4CCOCC4,-5.723,29,-0.1973448275862069
Cc1ccc(cc1)-c2cnc(NCC[NH+](C)C)nc2-c3ccnc(c3)C[NH+](C)C,-5.723,29,-0.1973448275862069
Cc1nc(co1)-c(cc2)cc(c23)c(-c4ccc([C@H](C)O)cc4)nc(n3)-c5nccnc5C(=O)N,-5.723,34,-0.1683235294117647
CNc(n1)c(C(=O)N)c(n12)nc(-c3ccc(F)cc3)cc2-c4cccc(F)c4F,-5.722,29,-0.19731034482758622
c1cnccc1-c(cn2)c(n23)nc(-c(cc4)ccc4F)nc3NCCN5CCCC5,-5.721,30,-0.1907
c1ccccc1[C@H](C)Nc(c2)c(-c3ccc(=O)n(C)c3)cc(c24)ncc(C#N)c4Nc5ccc(nc5)C[NH+](C)C,-5.721,40,-0.143025
Fc(c1)cccc1[C@H](CC)Nc(ncn2)c(c23)cc(c(c3)OC)OCC(=O)N(C)C,-5.721,30,-0.1907
COc1cccc(c1)CNc2nc(N[C@H](C)c3ccc(C)cc3)[nH+]cc2-c4ccc(F)cc4,-5.719,33,-0.17330303030303032
Cc1ccccc1-c(cc2)nc(c23)c(NCCC)nc([nH+]3)NCc4ccc(C)cc4,-5.719,30,-0.19063333333333335
FC(F)(F)c(c1)cc(N)cc1[C@@H](C)Nc([nH+]c2NCOC)ncc2-c3cccc(c3)C(=O)NC(=O)[C@H](O)C(F)(F)F,-5.719,41,-0.1394878048780488
COc1cccc(c1)[C@H](C)Nc(n2)c(C(=O)N)c(n23)nc(-c4ccccn4)cc3-c5ccc(Cl)cc5,-5.718,36,-0.15883333333333333
CNc1nccc(n1)-c(nc(C)c2)c(c23)nc(nc3)Nc4ccnc(c4)C(=O)N,-5.717,29,-0.19713793103448274
Cc1ccc(cc1)CNc(c2)c(-c3cnccn3)cc(c24)ncc(C#N)c4NC(C)C,-5.716,31,-0.18438709677419354
CCNc(n1)c(C(=O)N)c(n12)nc(C)cc2-c3ccccc3,-5.715,22,-0.25977272727272727
CCCn1ncc(c1C)-c2cnc(nc2-c3ccn(n3)C)N[C@H](C)c4ccccc4,-5.715,30,-0.1905
[NH3+]Cc(c1)cccc1[C@@H](C)Nc(c(c23)nc(cc2)-c(n4C)cnc4C)nc(n3)N[C@H](C)c5cccc(C(F)(F)F)c5,-5.715,41,-0.139390243902439
CCCNc(n1)c(C(=O)N)c(n12)nc(-c3cccs3)cc2-c4cnc(C)cn4,-5.715,28,-0.20410714285714285
COc1ccc(cc1)CNc2nc(NC(C)C)ncc2-c3ccccc3,-5.715,26,-0.21980769230769232
COCCNc(n1)c(C(=O)N)c(n12)nc(-c3ccccc3F)cc2-c4ccccc4,-5.714,30,-0.19046666666666667
COCCNc(nc1)nc(c12)nc(c(c2)-c3cccc(O)c3)-c4ccc(cc4)NC(=O)c5cccc(C(F)(F)F)c5,-5.714,41,-0.1393658536585366
Cc1cccc(c1)[C@H](C)Nc(ncn2)c(c23)c(-c4ccccc4)c(o3)-c5ccncc5,-5.713,31,-0.18429032258064518
Cc1ccc(cc1)CNc2nc([nH+]cc2-c3ccno3)NCc4ccccc4,-5.713,28,-0.2040357142857143
CNc(n1)c(C(=O)N)c(n12)nc(C)cc2-c3cccc(C)c3,-5.712,22,-0.2596363636363636
CC(=O)N(CC1)CCC1Oc(c(c2)OC)cc(c23)c(ncn3)N[C@H](C)c4cc(N)cc(C(F)(F)F)c4,-5.712,36,-0.15866666666666665
Cc1cc(N)cc(c1)[C@H](C)Nc2nc(-c3conc3C)ncc2-c4ccncc4,-5.712,29,-0.1969655172413793
Cc1cccc(c1)-c(c2)c(Cc3c(C)c(C)nn3C)nc(c24)nc(nc4)N[C@H](C)c5ccccc5,-5.712,35,-0.16319999999999998
Cc1ccc(cc1C)-c(cn2)c(n23)nc(-c4ccsc4)nc3NCC(=O)NCc5ccccc5,-5.712,34,-0.16799999999999998
c1cnccc1-c2cnc(nc2NCCOC)NCc3ccccc3Cl,-5.712,26,-0.2196923076923077
c1ccccc1-c(n2)nc(NCC[N@H+](C)CC)n(c23)ncc3-c4ccc(C)cc4,-5.711,29,-0.19693103448275864
COc1cccc(c1)[C@H](C)Nc(nc2)nc(c23)n(-c4cnc(C)nc4)c(=O)c(c3C)-c5ccn(C)c5C,-5.711,37,-0.15435135135135136
Cc1ncc(n1C)-c(cn2)c(n23)nc(-c4cncn4C)cc3NCc5ccc(Cl)cc5F,-5.711,32,-0.17846875
Cc(c1)c(C)ccc1[C@@H](C)Nc2nc(NCC)nc(c23)ccc(n3)-c4ccc(C(=O)N)cc4C,-5.709,34,-0.16791176470588234
c1ccccc1CNC(=O)[C@H](C)Nc(c(c23)cccc3)nc(n2)-c4ccc(F)cc4F,-5.708,31,-0.1841290322580645
C#C[C@H](C)Nc(nc1)nc(c12)c(nc(c2)C)-c3cccc(c3)C(=O)N(C)C,-5.708,27,-0.2114074074074074
CCNc(n1)c(C(=O)N)c(n12)nc(C)cc2-c3ccc(OC)cc3,-5.708,24,-0.23783333333333334
Cc(c1)cccc1CNc(nc2NC)ncc2-c3ccn(C(C)C)c(=O)c3,-5.707,27,-0.21137037037037038
FC(F)(F)c(c1)cccc1[C@H](CC)Nc(ncn2)c(c23)cc(-n4ccc(=O)ccc4=O)c(c3)-c5cc(C)cc(=O)n5Cc6ccc(C)c(c6)C[NH3+],-5.707,51,-0.11190196078431372
o1cccc1-c2cnc(nc2-c(cc3)ccc3C)NCc4ccccc4C,-5.706,27,-0.21133333333333335
Cc1ccc(c[nH+]1)-c(cn2)c(n23)nc(-c4ccc(C(=O)N)cc4)cc3N[C@H](C)c5cccc(C(F)(F)F)c5,-5.706,38,-0.15015789473684213
CC(C)Nc(ncn1)c(c12)cc(-c3cnccn3)c(c2)-c4cncc(F)c4,-5.706,27,-0.21133333333333335
n1ccccc1-c(n2)cc(-c(c3)cccc3C)n(c24)nc(c4C(=O)N)Nc5noc(n5)C,-5.706,32,-0.1783125
COc1cccc(c1)-c(c2)c(-c3cnccn3)nc(c24)nc(nc4)NCC[N@H+]5CCC[C@@H]5C,-5.704,33,-0.17284848484848483
FC(F)(F)c(cc1)ccc1[C@H](C)Nc2ncc(-c3ccn(C)c(=O)c3)c(n2)-c4ccccc4C#N,-5.704,35,-0.16297142857142857
Cc1ccc(cc1)[C@H](C)Nc(ncn2)c(c23)ccc(c3)-c4cccnc4,-5.704,26,-0.21938461538461537
o1cccc1-c(cc2C)nc(n2)NC(=O)NC[C@]3(O)CC[N@@H+](C3)c4ccccc4,-5.703,29,-0.1966551724137931
c1ccccc1-c2nc(-c3ncnn3C)nc(c24)ccc(c4)-c5cccc(c5)C(=O)N,-5.703,31,-0.18396774193548387
CCNc1ncc(-c2noc(C)c2C)c(n1)NCc3ccc(CF)cc3,-5.702,26,-0.21930769230769231
Cc1cn(C)c([nH+]1)-c(nc(c23)n(cn3)C)nc2NCc4ccccc4C,-5.702,26,-0.21930769230769231
COc1ccc(cc1OC)-c(c2)c(OC)cc(c23)ncnc3NC(=O)N,-5.702,26,-0.21930769230769231
C[C@H](O)c1ccccc1-c2cnc(-c3cccs3)nc2NCC[NH3+],-5.702,24,-0.23758333333333334
CC(=O)N(CC1)CCC1Oc(cc2)ccc2-c(c(c3)-c(cc4C)nn4CC)cc(c35)[nH+]cnc5N[C@H](C)c6cccc(C(F)(F)F)c6,-5.702,47,-0.12131914893617021
c1nc(Br)ccc1-c(cc2C)nc(n2)N[C@@H]3CC[N@@H+](C)CC3,-5.701,22,-0.2591363636363636
COc1ccc(OC)c(c1)-c(c(o2)-c3cn(cn3)CC(=O)N)c(c24)c(ncn4)N[C@H](C)c5ccc(F)cc5C,-5.701,39,-0.14617948717948717
COc1cccc(c1)-c(n2)c(-c3ccc(cn3)C(=O)N(C)C)cc(c24)cnc(n4)N[C@H](C)[C@H](C)c5ccccc5,-5.701,40,-0.14252499999999999
c1cccc(c12)c(NC[C@H](C)O)nc(n2)-c(on3)c(c34)cccc4,-5.701,24,-0.23754166666666665
COc1ccc(cc1)-c(cn2)c(n23)nc(-c4cccc(F)c4)nc3NCCN5CCCC5,-5.7,32,-0.178125
COc1cccc(c1)-c2cnc(nc2N[C@H](C)C[NH3+])-c3ccc(Cl)cc3C,-5.7,27,-0.2111111111111111
CN(C)C(=O)COc(c(c1)OC)cc(c12)c(ncn2)NCC(=O)N,-5.699,24,-0.23745833333333333
CCCCNc(n1)c(ncnc2)c2c(c13)ccc(c3)-c4ccn(n4)C,-5.699,25,-0.22796
Cc1cccc(c1)C[C@H](C)Nc(ncn2)c(c23)cc(c(c3)[C@H](O)c4ccc(C(F)(F)F)cc4)-c5cnn(c5)CC(=O)N(C)C,-5.699,44,-0.12952272727272726
c1ccccc1[C@H](C)Nc(ncn2)c(c23)cc(c(c3)-c4cnc(=O)n(C)c4)N(C)CC(=O)NC(=O)CO,-5.698,37,-0.154
Fc1ccccc1-c(s2)cnc2Nc(nc3C)cc(n3)-c4cccc(c4)Cn5ccnc5,-5.698,32,-0.1780625
Fc(c1)cccc1-c2cc(-c(cn3)cn3CCC(=O)N)cc(c24)cnc(n4)NC[C@H](O)c5cc(N)cc(C(F)(F)F)c5,-5.698,42,-0.13566666666666669
C1CCCN1C(=O)[C@@H](CC[N@@H+]2C)C[C@@H]2Oc(c3)c(-c4ccc(C(F)(F)F)cc4)nc(c35)nc(nc5)NCc6cccc(C(F)(F)F)c6,-5.697,47,-0.12121276595744682
Cc1ccc(cc1)-c(nc(C)c2)c(c23)nc(nc3)NC[C@@H]4CC[NH2+]C4,-5.697,25,-0.22788
Cc1cc(nn1C)-c(n2)c(-c3cn(C)c[nH+]3)cc(c24)cnc(n4)NC[C@H](O)c5ccccc5,-5.695,33,-0.17257575757575758
Cc1c(Cl)cccc1-c(nc2NCC[NH3+])nc(n23)c(cn3)-c4ccccc4,-5.694,27,-0.21088888888888888
Cc1ccc(cc1C)-c(c2)nc(c(c23)nccn3)NCC(=O)Nc4ccc(C(F)(F)F)cc4,-5.691,33,-0.17245454545454544
Cc1ccc(c(N)c1)[C@H](C)Nc(c2)c(-c3cnn(C)c3C)cc(c24)ncc(C#N)c4NCCO,-5.691,34,-0.16738235294117645
CN(C)c1ccc(C(F)(F)F)cc1[C@H](C)Nc(nc2)nc(c23)c(cc(c3)-c4cccc(c4)C(=O)N(C)C)-c5ccc(cc5)N6C=CC=CC(=O)C6,-5.69,51,-0.1115686274509804
[nH+]1cc(C#N)c(NC(C)C)c(c12)cc(c(c2)OC)N[C@H](C)c3cccc(C)c3,-5.69,28,-0.20321428571428574
CCCNc1ncc(-c2ccccc2F)c(n1)NCc3ccccc3C,-5.69,26,-0.21884615384615386
CC(C)(O)c(c1)cc(cc1C)[C@H](C)Nc(n2)c(nc(nc3)NC4CC4)c3c(c25)ccc(c5)-c6cccc(F)c6,-5.689,39,-0.14587179487179489
Cn1ccnc1-c(cc2)nc(c23)c(NC(C)C)nc(n3)N[C@H](C)c4cc(N)cc(C(F)(F)F)c4,-5.689,34,-0.1673235294117647
Cc(c1)cccc1-c(cc2)nc(c23)c(NC(=O)C)nc(n3)N[C@H](C)c4ccc(C)cc4,-5.688,31,-0.18348387096774194
FC(F)(F)c1cccc(c1)NCNc(nc[nH+]2)c(c23)ccc(c3)-c4cnccn4,-5.688,29,-0.19613793103448274
CN(C)C(=O)Cn(c(=O)c1)ccc1-c(c(c2)OC)cc(c23)ncc(C#N)c3NCCN(C)c4cccc(C)c4,-5.688,39,-0.14584615384615385
c1ccccc1-c2cc(-c3nccn3C)nc(n24)c(C(=O)N)c(n4)NC5CCCCC5,-5.687,31,-0.1834516129032258
CCn1cc(ccc1=O)-c(c2)c(cc(c23)c(c(cn3)C#N)NC(C)C)N[C@H](C)c4ccc(C)cc4,-5.687,35,-0.1624857142857143
c1ncccc1Nc(cc(c23)c(NC)c(C#N)cn2)c(c3)-c4ccnc(c4)C(=O)N(C)C,-5.686,32,-0.1776875
C1CCCC[NH+]1[C@H](C)CNc(n2)c(ncnc3)c3c(c24)ccc(c4)-c5ccn(n5)C,-5.686,30,-0.18953333333333333
CNc(n1)c(C(=O)N)c(n12)nc(C)cc2C(=O)Cc3ccccc3-c4ccccc4,-5.686,30,-0.18953333333333333
c1ccccc1C(=O)Nc(n2)c(C(=O)N)c(n23)nc(-c4ccccc4F)cc3-c5ccc(O)cc5,-5.685,35,-0.16242857142857142
Cc1cc(N)cc(c1)[C@H](C)NC(=O)Nc(cc(n2)-c3ccc(C)nc3)n(c24)ncc4-c5cccc(C(F)(F)F)c5,-5.685,40,-0.142125
CC[N@@H+](C)CCNc1ncc(-c2cccc(F)c2)c([nH+]1)NCc3cccc(C)c3,-5.684,29,-0.196
COc(cc1)cc(c12)cc(o2)-c3cnc(s3)Nc4cc(nc(n4)C)-c5cccc(F)c5,-5.684,31,-0.18335483870967742
NC(=O)[C@@H](O)c1ccccc1-c(c(c2)NCC)cc(c23)ncc(C#N)c3NCCO,-5.683,30,-0.18943333333333331
CCn1cc(cn1)-c(cc2)cc(c23)[nH+]cnc3NCCc4cccc(C(F)(F)F)c4,-5.683,30,-0.18943333333333331
Cc1ccc(cc1)[C@H](O)CNc(ncn2)c(c23)c(c(o3)-c4ccoc4)-c5ccccc5O,-5.682,32,-0.1775625
c1cnccc1-c(c(c2)-c(c3C)nn(C)c3C)nc(c24)nc(nc4)NCC[N@H+]5CCC[C@@H]5C,-5.682,33,-0.17218181818181819
c1cc(F)ccc1-c(c(=O)n2CCN(C)C)c(C)c(c23)cnc(n3)N[C@H](CO)c4cccc(F)c4,-5.682,35,-0.16234285714285715
C[NH+](C)CCNc(ncn1)c(c12)ccc(c2)-c3ccc(N)nc3,-5.682,23,-0.2470434782608696
c1ncccc1-c(c(c2)OC)cc(c23)c(ncn3)NC[C@H](O)c4ccc(C)c(N)c4,-5.682,30,-0.1894
Fc(c1)cccc1-c(c2)c(cc(c23)c(NC)c(C#N)cn3)NCc4ccccc4,-5.681,29,-0.19589655172413795
Cc1cc(C)cc(c1)NC(=O)Nc(c(c23)ncn3C)nc(n2)-c4nc(C)cn4C,-5.681,29,-0.19589655172413795
CNc1ccc(cc1)[C@H](O)CNc(nc2)nc(c23)n(C)c(=O)c(c3C)-c4ccc(=O)oc4,-5.679,32,-0.17746875
Cc1ccc(C)c(c1)CNc(nc2)nc(c23)n(c(=O)c(c3C)-c4ncccn4)[C@H](C)c5ccccc5,-5.679,36,-0.15775
Cc1ccc(cc1)[C@H](C)Nc(nc2)nc(c23)c(nc(c3)C)-c4cc(C)nc(c4)[C@@]5(C)CCOC(=O)N5,-5.679,36,-0.15775
COc1ncccc1-c(c2)c(-c3cccc(=O)n3C(C)C)cc(c24)c(ncn4)N[C@H](C)c5cccc(C)c5,-5.678,38,-0.14942105263157895
CN(C)c1ccc(C(F)(F)F)cc1[C@H](C)Nc(nc2)nc(c23)c(-c4ccc(C(=O)N)cc4)cc(c3)-c5cn(C)c(=O)ccc5=O,-5.678,45,-0.12617777777777778
Cc1ccc(cc1)[C@H](C)Nc(n2)c(ncnc3)c3c(c24)ccc(c4)-c5cccc(C(F)(F)F)c5,-5.678,34,-0.167
COc(c1)cccc1-c2c[nH+]c(nc2NCC)N[C@H](C)c3ccc(N)c(c3)C(F)(F)CO,-5.677,32,-0.17740625
COc1cccc(c1)-c2cnc(-c3cccc(c3)C(=O)N)nc2NC4CCCC4,-5.676,29,-0.1957241379310345
Cc1nc(C)sc1-c(cc2C)nc(n2)NCC[NH+]3CCN(CC3)CCn4cc[nH+]c4,-5.676,30,-0.1892
Cc1n(C)ccc1[C@@H](C)Nc(nc[nH+]2)c(c23)cc(c(c3)OC)O[C@@H]4CCCN(CC4)C(=O)[C@@H]5CCCO5,-5.675,37,-0.15337837837837837
CNC(=O)Cn1ccnc1-c(cc2)cc(c23)nc(c4c3cncn4)NC(=O)c5ccco5,-5.675,32,-0.17734375
c1cc(C)ccc1[C@@H](C)Nc(n2)ncc(c23)cc(-c(cc4)ccc4OCC)cc3-c5ccc(cn5)C(=O)c6ccccc6,-5.675,43,-0.13197674418604652
[NH3+]CCNc1ncc(-c2cccnc2)c(n1)-c3ccc(C(=O)N)nc3,-5.675,25,-0.22699999999999998
CCCn1ccnc1-c(cc2)cc(c23)ncnc3NCC[NH3+],-5.674,22,-0.2579090909090909
Cc1cccc(c1)Cc(o2)c(-c3cccc(c3)[C@H](C)O)c(c24)c(ncn4)N[C@H](C)c5cccc(C(F)(F)F)c5,-5.674,39,-0.14548717948717949
c1ccccc1-c(n2)nc(NC(=O)c(n(C)c3)cc3C)n(c24)ncc4-c5ccncc5,-5.673,31,-0.183
Cn1c(=O)cccc1-c(c(c2)NC(=O)C)cc(c23)ncc(C#N)c3NCc4ccccc4C,-5.673,33,-0.1719090909090909
Cc1cccc(n1)-c2cnc(NCC[NH3+])nc2-c3ccc(F)cc3,-5.673,24,-0.236375
OCCNc(n1)c(C(=O)N)c(n12)nc(cc2-c3ccco3)-c4ccccc4,-5.672,27,-0.21007407407407405
Cc1cccc(c1)-c(cn2)c(n23)nc(cc3NCC(F)(F)N)-c4cccc(F)c4,-5.671,29,-0.19555172413793104
COc1ccc(cc1)[C@H](O)CNc(ncn2)c(c23)c(-c4ccc(F)cc4)c(o3)-c(cn5)n(c56)cccc6,-5.67,37,-0.15324324324324323
C#C[C@H](C)Nc(nc1)nc(c12)c(nc(c2)C)-c3cccnc3,-5.67,22,-0.25772727272727275
Cc1ccc(cc1)[C@H](C)Nc(ncn2)c(c23)ccc(c3)-c4ccc(=O)n(C)c4,-5.67,28,-0.20249999999999999
CN(C)c1ccc(C(F)(F)F)cc1[C@H](C)Nc(nc2)nc(c23)c(-c4ccnnc4)cc(c3)-c5ccc(C(=O)N)nc5,-5.67,41,-0.13829268292682928
Cc1nnccc1-c([nH+]c(c23)cccc3)nc2N[C@H](C)COc4ccccc4,-5.67,28,-0.20249999999999999
COc1ccc(Br)cc1-c(n(c23)nc(c3C(=O)N)NC(C)C)cc(n2)-c4cccc(C)c4,-5.67,32,-0.1771875
Cn(c1)ccc1-c(c2)ccc(c23)nc(-c(cc4)ccc4C)nc3-c5ccccc5C(=O)N,-5.67,32,-0.1771875
c1ccccc1-c(nc(C)c2)c(c23)nc(nc3)NC[C@@H]4CC[NH2+]C4,-5.669,24,-0.23620833333333333
Cc1ccc(cc1)CNc2ncc(-c3ccccn3)c(n2)-c4ccn(n4)C,-5.668,27,-0.20992592592592593
Cc1ccc(cc1)[C@H](C)Nc(ncn2)c(c23)c(c(o3)-c4ccc(C(F)(F)F)cc4)-c5cccc(c5)C(=O)N6CCOCC6,-5.668,43,-0.1318139534883721
Cc1ccc(C)c(c1)CNc2[nH+]cc(-c3cccc(F)c3)c(n2)N[C@@H]4CC[N@H+](C)C4,-5.668,30,-0.18893333333333334
Cc1ccc(cc1)CNc(n2)c(nc(nc3)NC4CC4)c3c(c25)ccc(c5)-c6cccc(c6)C(=O)N(C)C,-5.667,38,-0.14913157894736842
CCn1ccnc1-c(c2)c(-c3cc(C)n(n3)C)nc(c24)nc(nc4)N[C@H](C)c5ccccc5,-5.667,33,-0.17172727272727273
Cc1ccc(cc1)[C@H](C)Nc(ncn2)c(c23)c(-c4ccc(F)cc4)c(o3)-c5cccn5CC(=O)N,-5.667,35,-0.1619142857142857
CC(C)[C@@H]1CCC[N@H+]1CCNc(nc(n2)-c3cccc(C(F)(F)F)c3)n(c24)ncc4-c5cn(C)c[nH+]5,-5.667,36,-0.15741666666666665
CCC(=O)c1cccc(c1)C(=O)/N=c2\[nH]c(NCc3cccc(C)c3)ncc2-c4ccc(nc4)NC(=O)N(C)CC,-5.667,41,-0.13821951219512194
CCNc(n1)c(C(=O)N)c(n12)nc(-c3ccc(o3)C)cc2-c4ccc(OC)cc4,-5.666,29,-0.1953793103448276
Fc(c1)cccc1-c(c(c2)NC(=O)C)cc(c23)ncc(C#N)c3NC(C)C,-5.666,27,-0.20985185185185187
Cn(c1)ncc1-c(cn2)c(n23)nc(-c(cc4)ccc4C)cc3NC(=O)Nc5ccc(C)c(C)c5,-5.666,34,-0.16664705882352943
C1C[NH2+]CCC1C(=O)c(n2)cc(NCC)n(c23)ncc3-c4cccc(C(F)(F)F)c4,-5.666,30,-0.18886666666666668
Cc(c1)cccc1-c(cnc2NC)c(n2)NC(=O)Nc3cc(C)cc(C)c3,-5.665,27,-0.20981481481481482
c1cc(C)ccc1-c(cc2)nc(c23)c(NCCOC)nc([nH+]3)N[C@H](C)c4ccccc4,-5.665,31,-0.18274193548387097
Fc(c1)cccc1-c(c(c2)OC)cc(c23)c(ncn3)NC[C@H](C)N4CCOCC4,-5.665,29,-0.1953448275862069
Cn1c[nH+]c(c1)-c(nc(c23)n(cn3)C)nc2N[C@@H]4CCN(C4=O)c5ccccc5,-5.664,29,-0.1953103448275862
COC(=O)CNc(n1)c(C(=O)N)c(n12)nc(-c3cccnc3)cc2-c4ccccc4C,-5.664,31,-0.18270967741935482
C1COCCN1c([nH+]2)n(C)c(c23)cc(-c4cccc(O)c4)c(c3)-c5ccnc(c5)N6OCC[C@@H](C6=O)c7ccccc7F,-5.664,43,-0.13172093023255813
COc1cccc(c1)[C@H](C)Nc(nc2)nc(c23)n(-c4ccccc4)c(=O)c(c3C)-c5c(C)noc5C,-5.663,36,-0.15730555555555556
COc1cccc(c1)-c2cnc(nc2NCCO)-c3cccc(c3)C(=O)N,-5.663,27,-0.20974074074074076
CCCNc(n1)c(C(=O)N)c(n12)nc(-c3cccs3)cc2-c4cccc(N)c4C,-5.663,29,-0.19527586206896552
c1ccccc1-c2cc(-c3cccnc3)nc(n24)c(C(=O)N)c(n4)NCCC[NH+]5CCCCC5,-5.662,34,-0.16652941176470587
c1ccccc1-c(c2)nc(c(c23)nccn3)N[C@@H]4CCC[NH2+]C4,-5.662,23,-0.24617391304347827
c1ccccc1[C@@H](O)CNc(nc2-c(n3)ccn3C)ncc2-c4ncccc4[O-],-5.662,29,-0.19524137931034483
c1ccsc1Nc(c(c23)cccc3)nc(n2)-c4ccno4,-5.662,21,-0.2696190476190476
COc1cccc(c1)-c(c2C)c(=O)n(-n3cc[nH+]c3C)c(c24)nc(nc4)N[C@H](C)c5ccc(N)cc5,-5.662,36,-0.15727777777777777
COc1cccc(c1)-c(c(c23)c(ncn3)NC(=O)C)c(o2)Cc4ccccc4,-5.661,28,-0.2021785714285714
CN1CCN(CC1=O)C(=O)Cc2ccc(cc2)-c(cc3)cc(c34)nc(NCCC[NH3+])c5c4cncn5,-5.661,36,-0.15725
c1ccccc1-c(n2)nc(-c3ccnn3C)c(c24)cc(cc4)-c5cc(N)ccc5O,-5.661,30,-0.18869999999999998
Cc1ccc(cn1)-c2ncc(-c3ccccc3[C@H](C)O)c(n2)NC[C@H](O)c4cccc(c4)CN,-5.66,34,-0.16647058823529412
CN(C)Cc(nc1)ccc1-c(c(o2)-c(cc3C)ccc3C)c(c24)c(ncn4)NC[C@H]([NH3+])c5cccc(C(F)(F)F)c5,-5.66,41,-0.1380487804878049
Cc1ccccc1[C@H](C)Nc(nc2)nc(c23)n(-c4cccs4)c(=O)c(c3C)-c5ccccc5F,-5.66,34,-0.16647058823529412
Fc1ccc(cc1)-c(cn2)c(n23)nc(-c4cccnc4)cc3Nc5cc(ccn5)[C@@H]6CCCC[NH2+]6,-5.659,35,-0.1616857142857143
Cc1cc(C)nn1Cc(n2)ccnc2-c(c(c3)-c(c4)cccc4OC)cc(c35)c(ncn5)N[C@H](C)c6ccc(N)cc6C(F)(F)F,-5.659,46,-0.12302173913043478
CCNc(n1)c(ncnc2)c2c(c13)ccc(c3)-c4nncn4CCO,-5.659,25,-0.22636
C[NH+](C)CCNc1nc(-c2ccc(F)cc2)ncc1-c3cccc(Cl)c3,-5.658,26,-0.21761538461538463
Cc1cc(C)cc(c1)[C@H](C)Nc(nc2)nc(c23)c(nc(c3)C)[C@H](C)c4cccc(C)c4,-5.658,31,-0.18251612903225808
COc1cc(ccn1)-c(cn2)c(n23)nc(-c4cnoc4)nc3NC[C@H](C)c5cccc(C)c5,-5.658,33,-0.17145454545454547
COc1ccc(cc1)CNc2nc(ncc2-c3ccoc3)NCc4ccccc4C,-5.657,30,-0.18856666666666666
c1cccc(c12)c(NCC[NH3+])nc(n2)-c3ccc(Cl)cc3,-5.657,21,-0.2693809523809524
COc1ccccc1-c2cnc(nc2NC(C)C)NCc3ccccc3,-5.656,26,-0.21753846153846151
COc1ccc(cc1)CNc2nc([nH+]cc2-c3ccoc3)NCc4ccccc4C,-5.655,30,-0.1885
COc1ccc(cc1)CNc2nc(NCc3cccc(C)c3)ncc2-c4nccn4Cc5ccccn5,-5.655,37,-0.15283783783783783
C[NH2+]CCNc1ncc(c(n1)-c2ccc(C)cc2)-c3nccnc3C[NH+](C)C,-5.655,28,-0.20196428571428574
FC(F)(F)c(cc1)ccc1[C@H](C)Nc(nc2)nc(c23)c(-c4cnn(C)c(=O)c4)cc(c3)-c5nccn5CC(=O)N(C)C,-5.653,42,-0.13459523809523807
NC(=O)c1cccc(c1)-c(cc2)cc(c23)c(nc(n3)-c4ccccn4)-c5cccc(c5[O-])C(=O)N,-5.653,35,-0.1615142857142857
CC(C)n(c1=O)nccc1-c(c2C)c(=O)n(Cc(c3)cccc3C)c(c24)nc(nc4)NCc5cc(C)ccc5C,-5.653,40,-0.14132499999999998
COc1ccccc1-c(c2)c(OC)cc(c23)[nH+]cnc3NC[C@H](O)c4ccc(C)c(N)c4,-5.653,32,-0.17665625
CSc(cc1)ccc1[C@H](CC)Nc(nc2)nc(c23)nc(c(c3)-c4ccco4)-c5nccn5C,-5.653,33,-0.1713030303030303
Cc1occc1-c(nc2NCC)ncc2-c3cc(C)nn3C,-5.652,22,-0.2569090909090909
[NH3+]CCNc(n1)nc(cc1C)-c2ccc(Br)nc2,-5.651,18,-0.3139444444444444
C[C@H](O)c1ccccc1-c2cnc(-c3ccnn3C)nc2NC[C@H](O)c4cccc(c4)CN,-5.65,33,-0.17121212121212123
COCc1c(cnn1C)-c(c2)c(-c3cccc(=O)o3)cc(c24)c(nc[nH+]4)N[C@H](C)c5cccc(C(F)(F)F)c5,-5.65,39,-0.14487179487179488
Cc1noc(C)c1-c(cc2)nc(c23)c(N[C@H](C)c4cc(N)cc(C(F)(F)F)c4)nc(n3)N[C@H](C)c5cc(N)cc(C(F)(F)F)c5,-5.65,45,-0.12555555555555556
Cc1cc(C)cc(c1)[C@H](C)Nc(nc2)nc(c23)n(c(=O)c(c3C)-c4ccccc4F)[C@@H]5CC[N@H+](CC5)Cc6ccccc6,-5.649,43,-0.1313720930232558
Cc1ccc(cc1)CNc(ncn2)c(c23)cc(-c4cn(C)c(C)[nH+]4)c(c3)-c5ccncc5,-5.649,32,-0.17653125
COc1cccc(c1)C(=O)N[C@H](C)CNc(ncn2)c(c23)cc(-c4cccnc4)c(c3)-c5cccc(c5)C(=O)OC(=O)N6CCCCC6,-5.649,48,-0.1176875
Cc1ccc(cc1)CC(=[NH2+])Nc2ncc(-c3ccn(c3)CC(F)(F)F)c(n2)-c4ccc(C)cc4,-5.648,34,-0.1661176470588235
c1ccccc1[C@@H](C)Nc(cc(c23)c(c(C#N)cn2)NCC)c(c3)-c4cccc(=O)n4CC,-5.648,33,-0.17115151515151514
O=C([O-])c1ccc(cc1)-c2cnc(Nc3cc[nH+]cc3)nc2NCc4ccccc4,-5.648,30,-0.18826666666666667
Fc1ccc(cc1)-c(cc2)cc(c23)[nH+]cnc3NCNc4cccc(C(F)(F)F)c4,-5.648,30,-0.18826666666666667
c1cc(O)ccc1-c(cc2)nc(c23)c(NCC)nc([nH+]3)N[C@H](C)c4ccccc4,-5.647,29,-0.1947241379310345
Clc1ccccc1-c(cc2C)nc(n2)NC(=O)Nc3ccc(C)c(C)c3,-5.647,26,-0.2171923076923077
CCNc(n1)c(C(=O)N)c(n12)nc(-c3ccccc3)cc2-c4[nH+]cn(C)c4C,-5.647,28,-0.20167857142857143
FC(F)(F)c1ccc(cc1)-c([nH+]c(c23)cccc3)nc2NCc4ccccc4,-5.646,28,-0.20164285714285715
s1ccc(c12)nc(C)nc2-c3ccc(C(=[NH2+])N)cc3,-5.646,19,-0.2971578947368421
C[C@@H]1CCC[N@H+]1CCNc(nc2)nc(c23)nc(c(c3)-c4ccco4)-c5cccc(c5)C(=O)N,-5.646,33,-0.1710909090909091
Cc1ccc(cc1)[C@H](C)Nc(ncn2)c(c23)cc(-c4cc(C)on4)c(c3)-c5cccc(c5)C(=O)OC(=O)N6CCCCC6,-5.645,43,-0.13127906976744186
CCOc1ccccc1-c2ncc(c(n2)N[C@H](C)C[NH3+])-c3ccccc3Cl,-5.645,27,-0.20907407407407405
Cc1ccccc1CNc(c2)c(-c3ccc(C(=O)[O-])cc3)cc(c24)ncc(C#N)c4NCCO,-5.644,34,-0.166
CC(=O)NC(=O)Cc1cc(ccn1)-c(cc2)cc(c23)ncnc3NC(C)C,-5.644,27,-0.20903703703703705
C[NH+](C)[C@@H]1CC[C@@H](C1)c2cncc(c2)-c(nc(c34)n(cn4)C)nc3NCCN5CCOCC5,-5.644,33,-0.17103030303030303
Cc1ccccc1-c(cn2)c(n23)nc(nc3NCC(C)(C)O)-c4cccc(F)c4,-5.643,29,-0.1945862068965517
CC[N@H+]1CC[C@@H](CC1)[C@H](C)Nc(ncn2)c(c23)cc(-c4ccncc4)c(c3)-c5c(C)noc5C,-5.643,34,-0.16597058823529412
COc1cc(C)cc(c1)NC(=O)CNc(nc2)nc(c23)c(nc(c3)C)-c4ccccc4,-5.642,31,-0.18200000000000002
Cc1cn(C)c([nH+]1)-c(nc(c23)n(cn3)C)nc2NCc4ccc(Cl)cc4,-5.641,26,-0.21696153846153846
Cc1ccc(cc1)CNc2[nH+]cc(c(n2)NCC(=O)N)-c3ccccc3,-5.641,26,-0.21696153846153846
Cc1cccc(c1)[C@H](C)Nc(ncn2)c(c23)ccc(c3)-c(n4)n(C[C@H](F)N(C)C)c(c45)cncc5,-5.639,35,-0.1611142857142857
c1cnccc1-c(cc2)nc(c23)c(NCC)nc([nH+]3)NCc4cccc(C)c4,-5.638,28,-0.20135714285714285
CNc(n1)c(C(=O)N)c(n12)nc(C)cc2-c3ccc(C)cc3C,-5.638,23,-0.24513043478260868
CNc1ncc(-c2ccco2)c([nH+]1)NCc3ccccc3C,-5.638,22,-0.25627272727272726
COc(cc1)cc(c12)c(cn2C)-c3cnc(NCC[NH+]4CCCCC4)nc3-c5ccccc5C#N,-5.638,35,-0.16108571428571428
COc1ccccc1-c(nc(c23)n(cn3)C)nc2N[C@@H]4CCC[NH2+]C4,-5.638,25,-0.22552
c1nnccc1-c(c2)c(cc(c23)c(c(C#N)cn3)NC(=O)C)N[C@H](C)c4ccccc4,-5.637,31,-0.18183870967741933
[NH3+]Cc1ccc(cc1)CCc(cc2)cc(c23)[nH+]cnc3NCCc4ccc(F)cc4,-5.636,30,-0.18786666666666668
CSc(cc1)ccc1[C@H](CC)Nc(nc2)nc(c23)nc(-c4ccc(C)n4C)c(c3)-c5ccncc5,-5.635,35,-0.161
Cc1cccc(c1)-c(c2)c(cc(c23)c(c(cn3)C#N)NCCO)NCc4ccccc4C,-5.634,32,-0.1760625
n1cn(C)cc1-c(n2)ccc(c23)nc(NC[C@H](C)O)nc3N[C@H](C)c4ccc(C(F)(F)F)cc4,-5.633,34,-0.1656764705882353
s1ccc(c12)nc(C)nc2-c3cncn3Cc4ccccc4,-5.633,22,-0.2560454545454545
Cn1ccc(n1)-c(cc2)cc(c23)nc(NCCO)c4c3cncn4,-5.631,24,-0.234625
Clc(c1)cccc1[C@H](C)Nc(ncn2)c(c23)cc(-c4cnn(C)c4)c(c3)-c5cnn(c5)CC(=O)N,-5.631,35,-0.1608857142857143
Cc1cccc(c1)-c(cn2)c(n23)nc(nc3NCC(=O)N)-c4cccc(O)c4,-5.631,28,-0.20110714285714287
COC(=O)c1cncc(c1)-c(n2)c(-c3ccc(C)n3C)cc(c24)cnc(n4)NC[C@H](C)[NH+]5CCCC5,-5.631,36,-0.15641666666666668
OCCNc(n1)c(C(=O)N)c(n12)nc(-c(o3)ccc3C)cc2-c4ccccc4,-5.63,28,-0.20107142857142857
c1ccccc1-c(cc2)nc(c23)c(NCC)nc([nH+]3)N[C@H](C)c4ccccc4,-5.63,28,-0.20107142857142857
c1cc(N)ccc1[C@H](C)Nc(n2)c(nc(nc3)NC4CC4)c3c(c25)ccc(c5)-c6ccn(n6)C,-5.63,34,-0.16558823529411765
COc1cccc(c1)[C@H](C)Nc(nc2)nc(c23)n(-c4ccccc4)c(=O)c(c3C)[C@@H]5CCN(C[C@@H]5O)C(=O)C[NH+](C)C,-5.63,42,-0.13404761904761905
Cc1nccc(n1)-c(n2)c(-c3ccccc3)cc(c24)cnc(n4)N[C@@H]5CC[NH2+]CC[C@@H]5O,-5.63,32,-0.1759375
COc1ccc(Br)cc1-c2cc(-c(cn3)cn3CC)nc(n24)c(C(=O)N)c(n4)NC(=O)c5cccc(C(F)(F)F)c5,-5.63,41,-0.13731707317073172
Cc1ccccc1CNc2nc(NCCN3CCCC3)ncc2-c4ccc(Cl)cc4,-5.629,30,-0.18763333333333332
Cc(c1)cccc1C(=O)c(c(c2)OC)cc(c23)ncc(C#N)c3N[C@H](C)c4cccc(c4)[C@H](C)CO,-5.629,36,-0.1563611111111111
NC(=O)c(c1)cccc1-c(c(c2)-c(ccn3)cc3C)nc(c24)nc(nc4)NC[C@H](C)[NH+]5CCCC5,-5.629,35,-0.1608285714285714
CCn1c(C)cnc1-c(cc2)cc(c23)nc(NCC(=O)N)c4c3cncn4,-5.628,27,-0.20844444444444446
Cn1cncc1-c(c2)c(-c3cccnc3)nc(c24)nc(nc4)NCc5cccc(C(F)(F)F)c5,-5.628,34,-0.1655294117647059
Cc1cccc(c1)-c(cn2)c(n23)nc(-c4ccnn(C)c4=O)nc3NCCC[NH3+],-5.627,29,-0.19403448275862067
CNc1nc(NCC[NH3+])[nH+]cc1-c2ccccc2F,-5.627,19,-0.2961578947368421
CCNc(n1)c(C(=O)N)c(n12)nc(C)cc2-c3ccncc3,-5.627,22,-0.25577272727272726
c1ncccc1-c(c(c2)NC(=O)C)cc(c23)ncc(C#N)c3NCC[NH+](C)C,-5.627,28,-0.2009642857142857
O=C1CCN1c(c2)cc(cc2C)[C@H](C)Nc(nc3)nc(c34)c(nc(c4)C)-c5nccn5C,-5.627,32,-0.17584375
CCNc1nc(NC)ncc1-c2cccc(c2)OC,-5.626,19,-0.29610526315789476
n1cnccc1-c(n2)ccc(c23)[nH+]c(NCc(cc4)ccc4C)nc3NCC(=O)Nc5cc(C)cc(C)c5,-5.626,38,-0.14805263157894738
C1OCC1(O)c(c2)cccc2[C@H](C)Nc(n3)c(ncnc4)c4c(c35)ccc(c5)-c6ccncc6,-5.626,34,-0.16547058823529412
CCNc1[nH+]cc(-c2cnoc2C)c(n1)NCc3cccc(C)c3,-5.625,24,-0.234375
Cc1cccc(c1)[C@H](C)c2cnc(NC(F)(F)F)nc2-c3cccnc3,-5.625,26,-0.21634615384615385
COc1ccc(cc1)-c2cc(C)nc(n2)NCC(=O)c(cc3)cc(c34)N(C(C)C)CC4,-5.624,31,-0.18141935483870966
CNC(=O)[C@H](C)c1cnccc1-c(cc2-c3ccn(C)c(=O)c3)cc(c24)ncnc4N[C@H](C)c5ccc(C)cc5,-5.624,40,-0.1406
COc1cccc(c1)CNc2nc(NCCO)[nH+]cc2-c3cc(C)ccc3C,-5.624,28,-0.20085714285714285
c1ncccc1-c(c2C)c(=O)n(CC)c(c23)nc(nc3)NCC[NH+]4CCCCC4,-5.623,29,-0.19389655172413794
c1cc(C)ccc1CNc(nc2NCC)ncc2-c3c(C)noc3C,-5.623,25,-0.22492
COc1ccc(cc1)-c2cnc(-c3cccc(c3)C(=O)C)nc2NC(=O)C[NH+]4CCCC4,-5.623,32,-0.17571875
COc(c1)c(N)cc(c12)c(ncn2)NCc3ccc(CN)cc3,-5.623,23,-0.24447826086956523
COc1cnccc1-c(cc2)cc(c23)[nH+]cnc3NC[C@H](O)c4ccc(C)cc4,-5.622,29,-0.19386206896551725
Cc1cccc(c1)-c(cc2NCC(F)(F)N)nc(n23)c(cn3)-c4ccc(C(=O)N)cc4,-5.622,31,-0.18135483870967742
o1cccc1Nc(n2)c(C(=O)N)c(n23)nc(-c4ccc(F)cc4)cc3-c5ccc(F)cc5,-5.622,32,-0.1756875
c1cc(Cl)ccc1-c(c(n2)-c(c(o3)C)cc3C)cc(c24)cnc(n4)NC[C@H](C)[NH+]5CCCC5,-5.622,33,-0.17036363636363636
COc1ccc(cc1)-c(nc(c23)n(cn3)C)nc2NCC[NH+](C)C,-5.622,24,-0.23424999999999999
Cc1oncc1-c(c2)c(-c3cccc(=O)o3)cc(c24)c(nc[nH+]4)N[C@H](C)c5cccc(c5)C(F)(F)C,-5.622,36,-0.15616666666666668
Cc1cc(N)cc(c1)[C@H](C)Nc(nc2)nc(c23)c(cc(c3)-c4ccccc4)-c5cnn(c5)CC(=O)N(C)C,-5.621,38,-0.14792105263157895
Cc1cccc(c1)NC(=O)Nc(n2)c(C(=O)N)c(n23)nc(-c4cnsn4)cc3-c5ccc(F)cc5,-5.62,35,-0.1605714285714286
c1cccc(c12)c(NCC[NH3+])nc(n2)-c3cccc(Cl)c3,-5.62,21,-0.26761904761904765
O=c(c1)ccccc1-c2nc(-c(cc3)ccc3C)nc(c24)ccc(c4)-c5cc(N)ccc5O,-5.62,33,-0.17030303030303032
Oc(c1)cc(N)cc1Nc([nH+]2)nc(NCC)c(c23)nc(cc3)-c4cccc(c4)OC,-5.619,30,-0.1873
n1ccccc1-c2cnc(nc2NC)NCNc3ccc(C)cc3C,-5.619,25,-0.22476
Cc1ccc(cc1)CNc2ncc(-c3ccccc3C)c(n2)NC4CCOCC4,-5.618,29,-0.1937241379310345
COc1ccc(cc1)Nc2nc(NCc3ccccc3Cl)ncc2-c4cccc(F)c4,-5.618,31,-0.1812258064516129
Cn(c1)c(=O)ccc1-c(cn2)c(n23)nc(-c(c4)cccc4OC)nc3NCCN5CCCC5,-5.618,33,-0.17024242424242425
Cn1cc(cn1)-c(cc2)cc(c23)c(-c4ccc(O)cc4)nc(n3)-c5ccn(c5)CC(=O)N,-5.617,32,-0.17553125
CCNc(c(C#N)cn1)c(c12)cc(NC(=O)C)c(c2)-c3ccccc3C,-5.617,26,-0.21603846153846154
Cn1c(=O)cccc1-c(c2)cc(Cc3cnccc3C)c(c24)nc(nc4)N[C@H](C)c5cc(C(F)(F)F)ccc5N(C)C,-5.617,42,-0.13373809523809524
FC(F)(F)c(c1)cccc1CN2CC[C@H](CC2=O)Nc3ncc(-c4cccnc4)c(n3)NCc5ccccc5,-5.617,39,-0.14402564102564103
Cc1cccc(c1)[C@H](O)CNc(ncn2)c(c23)cc(S(=O)(=O)C(C)(C)C)c(c3)-c4ncco4,-5.617,33,-0.1702121212121212
[NH3+]CCCNc(c(c12)nccn2)nc(c1)-c3ccccc3Cl,-5.617,22,-0.25531818181818183
COc(c1)c(OC)ccc1-c(cnc2NC)c([nH+]2)NCc3cccc(c3)OC,-5.616,28,-0.20057142857142857
COc1ccc(cc1OC)-c(cn2)c(n23)nc(cc3NCC(C)(C)[NH3+])-c4ccoc4C,-5.615,31,-0.1811290322580645
CC(=O)Nc1cccc(c1)-c(cc(n2)-c3ccc(F)cc3)n(c24)nc(c4C(=O)N)N[C@@H]5CCC[N@@H+](C)CC5,-5.615,38,-0.14776315789473685
Cc1c[nH+]ccc1-c(c(c2)OC)cc(c23)c(ncn3)N[C@H](C)c4ccc(c(N)c4)C(F)(F)CO,-5.615,34,-0.16514705882352942
CC(C)Nc(nc1)nc(c12)c(-c3ccc(F)cc3)cc(c2)-c4ccn(n4)CC(=O)N(C)C,-5.614,32,-0.1754375
C[NH+](C)Cc(cc1)ccc1-c(c2)cc(-c(cc3)ccc3[C@@H]([NH3+])C(=O)OC)c(c24)nc(nc4)NCc5cc(C)cc(C)c5,-5.614,42,-0.13366666666666666
CC[C@H](O)n1cc(ccc1=O)-c(n2)c(-c3ccc[nH+]c3C)cc(c24)cnc(n4)N[C@H](C)c5cc(N)cc(C(F)(F)F)c5,-5.614,42,-0.13366666666666666
FC(F)(F)c(c1)cc(N)cc1C(=O)Nc(n2)c(C(=O)N)c(n23)nc(-c4cccs4)cc3-c5ccc(Cl)cc5,-5.614,38,-0.14773684210526317
C[NH+](C)Cc(c1)cccc1-c(c(c2)OC)cc(c23)ncc(C#N)c3N[C@H](C)c4cccc(c4)[C@H](C)O,-5.613,36,-0.15591666666666668
Cc1cccc(c1)[C@H](C)Nc2nc(-c3nc(C)nn3C)ncc2-c4cccc(C(F)(F)F)c4,-5.613,33,-0.1700909090909091
CCNc(n1)c(C(=O)N)c(n12)nc(C)cc2-c3ccc(C)cc3Cl,-5.613,24,-0.23387500000000003
CC(=O)N1CCCN(CC1)c2ccc(c[nH+]2)-c(cc3)cc(c34)ncnc4NCNc5cccc(C(F)(F)F)c5,-5.613,39,-0.14392307692307693
CC(C)Nc(ncn1)c(c12)cc(-c3ccn(C)c(=O)c3)c(c2)-c4cccc(C(=O)[O-])c4,-5.612,31,-0.18103225806451614
[NH3+]Cc(c1)cccc1[C@H](C)Nc(nc2)nc(c23)nc(-c4ccccn4)c(c3)-c5nccn5CC(=O)N(C)C,-5.612,38,-0.14768421052631578
Cn1ccnc1-c(cc2)nc(c23)c(NCCO)nc([nH+]3)NCC[NH+]4CCCC4,-5.611,28,-0.20039285714285712
Fc1ccccc1Cc2cc(C)nc(n23)c(C(=O)N)c(n3)N[C@H](C)c4ccc(N)cc4,-5.611,31,-0.181
C[NH+](C)CCNc(nc1NC)[nH+]cc1-c(nn2C)c(c23)cccc3,-5.611,24,-0.23379166666666665
CCNc(n1)c(C(=O)N)c(n12)nc(C)cc2-c3ccccc3OC,-5.61,24,-0.23375
Cn1cncc1-c(c2)c(cc(c23)c(c(C#N)cn3)NCC)NCCN(C)c4ccc(C)cc4,-5.61,33,-0.17
Cn1ccnc1-c(c(c2)OC)cc(c23)c(nc[nH+]3)NC[C@H](O)c4ccc(C)c(N)c4,-5.61,30,-0.187
CCCn1ccnc1-c(c2)c(cc(c23)c(c(cn3)C#N)NC(C)C)NC[C@H](O)c4ccccc4,-5.61,34,-0.165
c1cnccc1-c(c2)c(cc(c23)c(c(C#N)c[nH+]3)NCCO)NCCc4ccccc4,-5.609,31,-0.18093548387096775
Fc1ccc(cc1)CCNc(ncn2)c(c23)ccc(c3)CCc(cc4)cc(c45)cccc5,-5.609,32,-0.17528125
COc(nc1)ccc1-c(c2)c(cc(c23)c(c(C#N)cn3)NCC)N[C@H](C)c4cccc(C)c4,-5.609,33,-0.16996969696969697
Cc1ccc(cc1)[C@H]([NH3+])C(=O)Nc2ncc(-c3c(C)c(C)nn3C)c(n2)-c4ccccc4,-5.607,32,-0.17521875
Cc1nnc(o1)-c(c2)c(-c3cccnc3)cc(c24)c(ncn4)N[C@@H]([C@H](C)O)c5ccccc5,-5.607,33,-0.16990909090909093
OCCNc1nc(-c2ccccc2)ncc1-c3cccc(F)c3F,-5.606,24,-0.23358333333333334
CN(C)\N=C\c(c1)cccc1-c2cc(Cc(cc3OC)ccc3O)cc(c24)ncnc4N[C@H](C)c5cn(C)cc5C,-5.606,41,-0.13673170731707318
n1cn(C)c(c12)nc(C)nc2NC[C@H](C)N3CCOCC3,-5.606,21,-0.26695238095238094
[NH3+]Cc(c1)cccc1[C@@H](C)Nc2nc(NC(C)C)nc(c23)ccc(n3)-c4ccc(CO)cc4F,-5.604,34,-0.1648235294117647
CC(=O)Nc1cccc(c1)-c2nc(NC(=O)c3cccc(C)c3)ncc2-c4ccc(O)cc4,-5.604,33,-0.1698181818181818
Cc1nccn1-c(c2)c(-c3cccnc3)nc(c24)nc(nc4)NCC[N@H+]5CCC[C@@H]5C,-5.604,31,-0.1807741935483871
CSNc(n1)c(C(=O)N)c(n12)nc(C)cc2-c3cccc(C)c3,-5.603,23,-0.2436086956521739
FC(F)(F)c1cc(CN)ccc1-c(nc(C)c2)c(c23)nc(nc3)N[C@H](C)c4ccc(C)c(C)c4,-5.603,34,-0.1647941176470588
CC[NH2+]CCNc1nc([nH+]cc1-c2ncco2)NCc3ccccc3Cl,-5.602,26,-0.21546153846153848
COCC(=O)Nc(c(c12)ncn2C)nc(n1)-c3ccc(F)cc3,-5.601,23,-0.2435217391304348
COc1cccc(c1)[C@H](C)Nc(nc2)nc(c23)n(c(=O)c(c3C)-c4cccc(C)c4)-c5ccc(cc5)[C@H](C)NC(=O)C(=O)C,-5.601,44,-0.12729545454545454
NC(=O)C[N@H+](C1)CCC[C@H]1c(c2)cc(-c(cc3OC)ccc3O)c(c24)nc(nc4)N[C@H](C)c5cc(C(F)(F)F)ccc5N(C)C,-5.601,45,-0.12446666666666667
Cc1cccc(c1)[C@H](C)Nc(c2)c(-c3ccccc3C(=O)N)cc(c24)ncc(C#N)c4NC(C)C,-5.601,35,-0.16002857142857144
Cc1cccc(c1)[C@H](C)Nc2nc(-c3ccc(=O)n(C)c3)ncc2-c4cccc(C(F)(F)F)c4,-5.601,34,-0.16473529411764706
OCCNc(n1)c(ncnc2)c2c(c13)ccc(c3)-c4cccc(C(F)(F)F)c4,-5.601,28,-0.2000357142857143
CCNc(n1)c(C(=O)N)c(n12)nc(C)cc2-c3ccccc3F,-5.601,23,-0.2435217391304348
c1oncc1-c2cc(-c(o3)ccc3C)nc(n24)c(C(=O)N)c(n4)Nc5noc(n5)C,-5.601,30,-0.1867
s1ccc(c12)nc(C)nc2-c3ccc(N)cc3,-5.6,17,-0.32941176470588235
CCNc(n1)c(C(=O)N)c(n12)nc(C)cc2-c3ccccc3Cl,-5.599,23,-0.24343478260869567
CC(F)(F)c(c1)cc(N)cc1[C@H](C)Nc(ncn2)c(c23)c(c(o3)CC[NH3+])-c4ccc(CO)cc4,-5.599,34,-0.1646764705882353
CCNc(n1)c(C(=O)N)c(n12)nc(C)cc2-c3cccc(F)c3F,-5.598,24,-0.23324999999999999
Cc([nH+]1)n(C)cc1-c(c2C)c(=O)n(-c(n3)ccn3CC)c(c24)nc(nc4)N[C@H](C)c5cccc(c5)OC,-5.595,37,-0.1512162162162162
Cn1cc(cn1)Nc(n2)c(C(=O)N)c(n23)nc(-c4ccncc4)cc3-c5ccccc5,-5.595,31,-0.18048387096774193
Cc1ccc(s1)-c2cnc(-c3cccs3)nc2Nc4ccccc4,-5.595,24,-0.233125
CCCc1ccc(cc1)NC(=O)Nc(ncn2)c(c23)cc(OC)c(c3)OC,-5.595,27,-0.20722222222222222
c1cc(F)ccc1-c(cc2C)nc(n2)N[C@@H]3CC[N@H+](CC3)Cc4ccccc4,-5.595,28,-0.19982142857142857
NC(=O)c1cccc(c1)-c2ncc(-c3ccccc3)c(n2)NCc4cccc(c4)[NH+]5CCCCC5,-5.594,35,-0.15982857142857143
c1ccccc1-c(n2)nc(NCc(cc3)ccc3C)n(c24)ncc4-c5nn(C)cc5C(=O)N(C)C,-5.594,35,-0.15982857142857143
CNc1nccc(n1)-c(nc(C)c2)c(c23)nc(nc3)Nc4cc[nH+]cc4,-5.594,26,-0.21515384615384617
Cn(c1)c(=O)ncc1-c(nc(C)c2)c(c23)nc(nc3)Nc4[nH+]ccn4C,-5.594,26,-0.21515384615384617
c1ccccc1C[N@@H+](CC2)CC[C@H]2Nc(nc3NCOC)[nH+]cc3-c4cccn4CC(=O)C(=O)N(C)C,-5.593,37,-0.15116216216216216
c1cccc(c12)c(NCC[NH3+])nc(n2)-c3ccc(Br)cc3,-5.593,21,-0.2663333333333333
c1cc(F)ccc1-c(n2)nc(N[C@@H](C)c3ccccn3)n(c24)ncc4-c5cccc(O)c5,-5.593,32,-0.17478125
c1cc(F)ccc1-c(c2C)c(=O)n(-c(cccc3=O)n3C(=O)NCCC)c(c24)nc(nc4)N[C@H](C)c5cccc(C)c5,-5.591,42,-0.13311904761904764
COc1cccc(c1)Nc2nc(NCc3ccccc3Cl)ncc2-c4cccc(F)c4,-5.591,31,-0.18035483870967742
Cc1c[nH+]c(n1C)-c(c2)c(-c3ccccc3)nc(c24)nc(nc4)NCC[NH+](C)C,-5.591,29,-0.19279310344827588
Cc1nc(co1)-c(cc2)cc(c23)c(-c4ccc(O)cc4)nc(n3)-c5ccncc5CO,-5.59,31,-0.1803225806451613
Cc1cccc(c1)-n2cc(c(n2)C)-c(nc3NCC(=O)N)nc(n34)c(cn4)-c5cccs5,-5.59,32,-0.1746875
Cc1occc1-c(cc2)cc(c23)nc(N[C@H](C)CO)c4c3cnc(n4)NC5CC5,-5.589,29,-0.1927241379310345
CCCNc(n1)c(C(=O)N)c(n12)nc(-c3ccsc3)cc2-c4ccccc4,-5.588,27,-0.20696296296296296
c1cc(F)ccc1-c2cc(C)nc(n23)c(C(=O)N)c(n3)Nc4ccc(Br)cc4,-5.587,28,-0.1995357142857143
CCc1ccccc1Cc(c2)c(-c3ccc(cc3)CN(C)C(=O)C(=O)N)cc(c24)c(nc[nH+]4)N[C@H](C)c5cccc(c5)C(F)(F)C,-5.586,46,-0.12143478260869565
COCCc(cc1)cc(c12)ncnc2NCCc3ccc(F)cc3,-5.586,24,-0.23275
Cn(c1)c(=O)ncc1-c(nc(C)c2)c(c23)nc(nc3)Nc4cccc(C(=O)[O-])c4,-5.586,29,-0.19262068965517243
CCOC(C)(C)Nc(n1)c(C(=O)N)c(n12)nc(-c3cnn(c3)CC)cc2-c4ccc(Cl)cc4,-5.585,33,-0.16924242424242425
Cn(c1)c(=O)ccc1-c(c(c2)OC)cc(c23)ncc(C#N)c3N[C@H](C)[C@@H]4CC[N@H+](C4)Cc5cc(C(F)(F)F)cc(C(F)(F)F)c5,-5.585,45,-0.12411111111111112
c1cnccc1Nc2nc(N[C@@H](C)c3cccc(C(F)(F)F)c3)nc(c24)ccc(n4)-c5ncco5,-5.582,35,-0.1594857142857143
Cc1[nH+]cc(n1C)Nc(n2)c(C(=O)N)c(n23)nc(-c4cnsc4)cc3-c5cccnc5,-5.582,31,-0.18006451612903226
O1CCc(c12)cc(cc2)[C@H](C)Nc(ncn3)c(c34)c(c(o4)N)-c5cccc(C(F)(F)Cl)c5,-5.582,32,-0.1744375
C#C[C@H](C)Nc(nc1)nc(c12)c(nc(c2)C)-c3cccc(F)c3,-5.581,23,-0.2426521739130435
Cc1n(C)nc(C)c1-c(c(c2)OC)cc(c23)ncc(C#N)c3N[C@H](C)C(C)(C)[NH3+],-5.58,29,-0.19241379310344828
CC(=O)Nc1cccc(c1)CNc(c(C#N)cn2)c(c23)cc(NC(C)C)c(c3)CCN4CCCC4=O,-5.58,36,-0.155
C[C@@H]1CC[N@H+](CO1)CCNc2nc(-c3ccccc3F)ncc2-c4ccncc4,-5.58,29,-0.19241379310344828
c1cccn(c12)c(C)c(n2)-c3ncc(c(n3)NC(C)C)-c4ccccc4[C@H](C)O,-5.58,29,-0.19241379310344828
[NH3+]CCNc1nc(NC)[nH+]c(c12)ccc(n2)-c3ccccc3F,-5.58,23,-0.2426086956521739
c1cnccc1-c2cc(-c3ccnn3C)cc(c24)cnc(n4)N[C@@H]5CCOC5,-5.577,28,-0.19917857142857143
Cc1cc([NH3+])ccc1[C@H](C)Nc(n2)c(nc(nc3)NC4CC4)c3c(c25)ccc(c5)-c6cccc(=O)n6C,-5.577,37,-0.15072972972972973
OCCNc(n1)c(C(=O)N)c(n12)nc(-c3ccccc3C)cc2-c4cccnc4,-5.577,29,-0.19231034482758622
NC(F)(F)c(cc1)ccc1[C@H](C)Nc(ncn2)c(c23)c(-c4ccncc4)c(o3)-c5cccc(c5)C(=O)N,-5.577,37,-0.15072972972972973
COc1cccc(c1)-c(cc2)nc(c23)c(N[C@@H]4CCCCO4)nc(n3)Nc5ccc(C)cc(=O)n5,-5.576,35,-0.1593142857142857
COc1ccc(cc1)CNc(c2)c(-c3cccnc3)cc(c24)ncc(C#N)c4NCCO,-5.576,32,-0.17425
FC(F)(F)c1cccc(c1)CNc2nc(ncc2-c3ccsn3)NCc4ccccc4,-5.576,31,-0.17987096774193548
Cc1cccc(c1)[C@H](C)Nc(nc2N[C@@H]3CCOC3)[nH+]c(c24)ccc(n4)-c5cncc(c5)C[NH+](C)C,-5.575,36,-0.15486111111111112
CC[N@H+]1CC[C@@H](CC1)[C@H](C)Nc(ncn2)c(c23)cc(-c(cn4)nc(c45)COCC5)c(c3)-c6cccc(c6)CO,-5.575,39,-0.14294871794871794
CCNc(n1)c(C(=O)N)c(n12)nc(-c3ccc(F)cc3)cc2-c4ccc(C)cc4,-5.575,29,-0.19224137931034482
COc1cccc(c1)CNc2nc(NCCO)ncc2-c3cc(C)ccc3C,-5.575,28,-0.19910714285714287
Cc1ccc(cc1)Nc2nc(NCc3ccccc3)ncc2-c4cc(C)ncc4C,-5.575,30,-0.18583333333333335
n1oc(C)cc1-c(n2)ccc(c23)nc(NCc(c4)cccc4C)nc3N[C@H](C)c5ccccc5,-5.574,34,-0.16394117647058823
COc1ccc(cc1)[C@H](C)Nc(ncn2)c(c23)ccc(c3)-c4ccc(F)cc4,-5.573,28,-0.1990357142857143
c1c[nH+]ccc1\[NH+]=c2\nc(N[C@@H](C)c3cccc(C(F)(F)F)c3)[nH]c(c24)ccc(n4)-c5ncco5,-5.573,35,-0.15922857142857144
COc1ccccc1-c(c2)c(N[C@H](C)CO)cc(c23)c(c(cn3)C#N)NC(=O)C,-5.572,29,-0.19213793103448276
Fc1cccc(c1F)-c2cnc(-c3ccoc3)nc2NCC[NH+]4CCCCC4,-5.572,28,-0.199
C[NH+](C)CCNc(ncn1)c(c12)ccc(c2)-c3ccc(F)cc3,-5.571,23,-0.2422173913043478
Cc1ccc(c(Br)c1)-c(n2)c(-c3ccc(=O)n(C)c3)cc(c24)cnc(n4)N[C@H](C)c5ccccc5,-5.57,35,-0.15914285714285714
O=c1n(C)cccc1-c2cc(CCc(c3)cccc3C)cc(c24)ncnc4NC(F)(F)c5ccc(C(F)F)c(N)c5,-5.57,41,-0.13585365853658538
FC(F)(F)c(c1)cc(N)cc1[C@H](C)Nc(ncn2)c(c23)ccc(c3)-c4ccc(=O)n(c4)CC(=O)N(C)C,-5.57,37,-0.15054054054054056
C[NH+](C)[C@@H](C)n1ccnc1-c2cc(-c3c[nH+]cn3CC)cc(c24)cnc(n4)N[C@H](C)c5cc(C)cc(N)c5,-5.57,38,-0.14657894736842106
CCn1nccc1-c(cc2)cc(c23)nc(N[C@H](C)c4ccc([NH3+])cc4C)c5c3cnc(n5)NC6CC6,-5.569,36,-0.15469444444444444
Cc1ccc(cc1)CNc(nc2)nc(c23)n(CC(=O)N)c(=O)c(c3C)-c4cccnc4,-5.569,31,-0.17964516129032257
Clc1ccc(cc1C)-c(cn2)c(n23)nc(nc3NC(F)(F)CO)-c4ccccc4,-5.569,29,-0.1920344827586207
c1ccsc1-c2nc(N[C@@H]3CCOC3)ncc2-c4cncs4,-5.568,22,-0.2530909090909091
Cc1ccc(C)c(c1)NC(=O)Nc(nc2)nc(c23)c(nc(c3)C)-c4cc(C)n(C)c(=O)c4,-5.567,32,-0.17396875
Cc1cccc(c1)C(=O)Nc2nc(-c3ccncc3)ncc2-c4nccs4,-5.566,27,-0.20614814814814814
COc1ccc(cc1)-c(c2)c(C[C@H](O)CN)nc(c23)nc(nc3)N[C@H](C)c4cccc(C)c4,-5.566,33,-0.16866666666666666
Cc1cccc(c1)C(=O)Nc2nc(-c3cccc(N)c3)ncc2-c4cccnc4,-5.566,29,-0.1919310344827586
COC(=O)c1cccc(c1)NC(=O)CNc(ncn2)c(c23)ccc(c3)-c4ccncc4,-5.565,31,-0.17951612903225808
Cc1ccc(cc1)[C@H](C)Nc(ncn2)c(c23)ccc(c3)-c4ccn(C)c(=O)c4,-5.564,28,-0.1987142857142857
Cc1cccc(c1)[C@H](C)Nc2ncc(-c3ccc(C(=O)[O-])cc3)c(n2)NCc4ccccc4,-5.564,33,-0.16860606060606062
CC(C)c(c1)cccc1[C@@H](C)Nc2nc(NCC)nc(c23)ccc(n3)CC[NH+]4CCCC4,-5.563,32,-0.17384375
c1oncc1-c(c(c2)OC)cc(c23)c(nc[nH+]3)NC[C@H](O)c4ccc(C)c(N)c4,-5.563,29,-0.19182758620689655
CC(=O)c1cccc(c1)-c(n2)c(-c3ccc(=O)n(C)c3)cc(c24)cnc(n4)NCC[N@H+]5CCC[C@@H]5C,-5.562,36,-0.1545
Cc1cccc(c1)C[C@H](O)c(c2)c(-c3cc(F)ccn3)cc(c24)nc(n4C)N5CCOCC5,-5.562,33,-0.16854545454545455
Cc1cccc(c1C)[C@@H]2CC[C@@H]2Nc(cc(n3)-c4ccc(C(=O)N)cc4)n(c35)ncc5-c6cnc(C)n6C,-5.562,38,-0.1463684210526316
Cc1ccc(C)cc1[C@@H](C)Nc(nc2NCOC)ncc2-c3cccc(c3)C(=O)NC(=O)[C@H](O)C(F)(F)F,-5.562,38,-0.1463684210526316
Cc1nc(co1)-c(cc2)cc(c23)c(-c4nccn4C)nc(n3)-c5cccc(c5)C(C)C,-5.561,31,-0.17938709677419354
COc1cccc(c1)-c(c2)c(-c3cccs3)nc(c24)nc(nc4)NCC[N@H+]5CCC[C@@H]5C,-5.561,32,-0.17378125
FC(F)(F)c(c(N)c1)ccc1-c(cc2C)nc(n2)NC(F)(F)c3cccc(c3)CN,-5.56,30,-0.18533333333333332
Cc1snnc1-c(nc(C)c2)c(c23)nc(nc3)Nc4cccc(C)c4C,-5.559,26,-0.2138076923076923
n1occc1-c(n2)cc(nc2C)Nc3ncc(s3)-c4cccc(Cl)c4,-5.559,25,-0.22236
CCn1c[nH+]cc1-c(cc2)nc(c23)c(N[C@H](C)c4cccc(c4)C[NH3+])nc([nH+]3)N[C@H](C)c5ccc(C)cc5,-5.559,38,-0.14628947368421052
Cc1nc(c(C)n1C)Cc(cc2)nc(c23)c(nc([nH+]3)NC(C)C)N[C@H](C)c4cccc(c4)C(C)C,-5.558,35,-0.1588
Cc1ccccc1CNc2[nH+]c(NC(C)(C)C)ncc2-c3ccn(n3)C,-5.558,26,-0.21376923076923077
Cc1cccc(c1)[C@H](C)c2cnc(-c3cccnc3)nc2N[C@H](C)c4cc(C(F)(F)F)cc(n4)C,-5.558,35,-0.1588
c1ccccc1CO[C@H](C)Nc(nc(n2)-c3ccc(F)cc3)n(c24)ncc4-c5[nH+]ccn5C,-5.558,33,-0.16842424242424242
C[NH+](C)CCNc(n1)ncc(c12)c(C)c(-c3ccncc3)c(=O)n2-c4ccc(F)cc4,-5.558,31,-0.17929032258064515
c1ncccc1-c2cc(-c(cc3)ccc3C)cc(c24)cnc(n4)N[C@@H]5CCOC5,-5.557,29,-0.19162068965517243
CSc(cc1)ccc1[C@H](CC)Nc(nc2)nc(c23)nc(-c4ccc(C)cc4)c(c3)-c5cc(=O)cccc5OC,-5.557,39,-0.1424871794871795
COc1cc(cc(c1)OC)NC(=O)c(cc2)cc(c23)nc(NC[C@H](O)c4cc(N)cc(C(F)(F)F)c4)c5c3cnc(n5)NC6CC6,-5.557,46,-0.12080434782608697
Cn1nccc1Nc(n2)c(C(=O)N)c(n23)nc(-c4cccnc4)cc3-c5cccnc5,-5.556,31,-0.1792258064516129
FC(F)(F)c(c1)cc(cc1C)OCNc(ncn2)c(c23)cc(S(=O)(=O)C(C)(C)C)c(c3)-c4ncco4,-5.556,36,-0.15433333333333332
Cc1ccc(cc1)CNc(ncn2)c(c23)c(-c4cccc(Br)c4)c(o3)-c5ccnc(c5)C(=O)N,-5.555,34,-0.16338235294117645
COc1ccc(cc1OC)-c2cnc(s2)Nc3cc(nc(n3)C)-c4ccccc4C(=O)N,-5.554,32,-0.1735625
c1cc(F)ccc1-c(cc2C)nc(n2)NCC[NH+]3CCN(CC3)CCn4cc[nH+]c4,-5.554,30,-0.18513333333333334
COc1cccc(c1)-c(cc2)nc(c23)c(Nc4ccccc4)nc([nH+]3)NCc5ccccc5,-5.553,33,-0.16827272727272727
Fc1cccc(c1)-c(cn2)c(n23)nc(-c4ccc(F)o4)nc3NC5CCOCC5,-5.552,29,-0.19144827586206895
C1COCC[NH+]1CCNc2nc(N[C@@H](C)c(c3)cccc3C)[nH+]c(c24)ccc(n4)-c5ccc(cc5)C(=O)C[NH+](C)C,-5.552,41,-0.13541463414634144
CN[C@H](C)C(=O)Cn1ccnc1-c(cc2)nc(c23)c(NCC[NH+]4CCOCC4)nc(n3)N[C@H](C)c5cccc(C)c5,-5.552,41,-0.13541463414634144
CNc(n1)c(C(=O)N)c(n12)nc(-c3ccsn3)cc2-c4cccnc4,-5.551,25,-0.22204000000000002
Cc1ccccc1CNc2[nH+]cc(-c3cccs3)c(n2)NCc4ccccc4C,-5.55,29,-0.19137931034482758
FC(F)(F)c(cc1)ccc1N[C@H](C)Cc(c2)c(-c3cccnc3)cc(c24)c(ncn4)N[C@@H]5CCCN(C5)c6ccc(C(F)(F)F)cc6,-5.55,47,-0.11808510638297871
CC(=O)Nc1ccc(cc1)-c2nc(NCc3ccccc3)ncc2-c4ncccc4[O-],-5.55,31,-0.17903225806451611
CC(C)CNc(n1)c(C(=O)N)c(n12)nc(-c3ccccc3)cc2-c4ccc(Cl)cc4,-5.55,30,-0.185
Cc1cccc(c1)-c(cc2NC(=O)N)nc(n23)c(cn3)-c4ccc(Cl)cc4,-5.55,27,-0.20555555555555555
Cn1ccnc1-c(cc2)nc(c23)c(nc(n3)NCC[NH3+])NC4CCCC4,-5.55,26,-0.21346153846153845
CCCn1cnnc1-c2cnc(-c3ccncc3)nc2NCc4ccccc4,-5.55,28,-0.1982142857142857
[NH3+]CCNc1ncc(-c2ccccc2F)c([nH+]1)NCc3ccccc3,-5.549,25,-0.22196000000000002
Cc1cc(C(F)(F)F)cc(N)c1CCNc(c2)c(-c3ccccc3)cc(c24)ncc(C#N)c4NC(C)C,-5.548,37,-0.14994594594594596
CCc1ccccc1-c(n(c23)nc(c3C(=O)N)NCCO)cc(n2)-c4ccc(F)cc4,-5.547,31,-0.17893548387096772
Cc1ccc(cc1)OC[C@H](C)Nc(c(c23)ncn3C)nc(n2)-c4ccccn4,-5.547,28,-0.19810714285714284
CSc(cc1)ccc1[C@H](CC)Nc(nc2)nc(c23)nc(-c4ccc(C)c(C)c4)c(c3)-c5ccc(C(=O)N)cc5,-5.547,39,-0.14223076923076922
CCNc(n1)c(C(=O)N)c(n12)nc(C(F)F)cc2-c3ccccc3,-5.546,24,-0.23108333333333334
FC(F)(F)c(c1)cccc1[C@@H](C)Nc2nc(NCC)nc(c23)ccc(n3)-c4cccnc4C,-5.546,33,-0.16806060606060608
c1nc(Br)ccc1-c(cc2C)nc(n2)NCC[NH+](C)C,-5.546,20,-0.2773
n1ccccc1-c(n2)cc(NCCCCC)n(c23)ncc3-c4cccc(C(F)(F)F)c4,-5.545,31,-0.17887096774193548
CC(C)c(c1)nc(c(c12)nccn2)NCCO,-5.545,17,-0.3261764705882353
Cc1cccc(c1)NC(=O)Nc(n2)c(C(=O)N)c(n23)nc(-c4ccncc4)cc3-c5ccoc5,-5.545,34,-0.16308823529411764
Cc1cccc(c1)[C@H](C)Nc2nc(-c3cccnc3)ncc2-c4ccsc4,-5.544,27,-0.2053333333333333
[NH3+]C[C@@H](C)Nc1nc(-c2ccn(C)c2)ncc1-c3ccc(F)cc3,-5.543,24,-0.23095833333333335
Cn(n1)ccc1-c2nc(-c(cc3O)ccc3OC)nc(c24)ccc(c4)-c5ccccc5,-5.543,31,-0.17880645161290323
CN(C)c(c1)nccc1-c(c(c2)OC)cc(c23)c(nc[nH+]3)N[C@H](C)c4cccc(C)c4,-5.542,31,-0.17877419354838708
c1cc(O)ccc1-c2nc(-c(cc3)ccc3O)nc(c24)ccc(c4)-c5ccccc5C6OCCO6,-5.541,35,-0.1583142857142857
[NH3+]Cc(c1)cccc1C(F)(F)Nc(n2)nc(cc2C)-c3ccccc3[C@H](CC[NH+](C)C)C(=O)N4CCC[C@H](O)C4,-5.541,40,-0.138525
CCC[N@@H+](C)c1cccc(c1)-c(cc(n2)C)n(c23)nc(c3C(=O)N)NC(=O)c4cccc(C(F)F)c4,-5.541,36,-0.15391666666666667
C1C[NH2+]CCC1c(nn2)ncc2-c(c(c3)-c4cnoc4C)cc(c35)c(nc[nH+]5)N[C@H](C)c6cccc(c6)C(F)(F)C,-5.541,41,-0.13514634146341464
COc1cccc(c1)-c(nc2NCC[NH3+])nc(c23)cccc3,-5.54,22,-0.25181818181818183
[NH3+]Cc(c1)cccc1[C@H](C)Nc(nc2NCC[NH+](C)C)nc(c23)ccc(n3)-c4ccc(F)cc4,-5.54,34,-0.16294117647058823
[NH3+]CCc1ccccc1-c(c(c2)NC)cc(c23)[nH+]cc(C#N)c3NC[C@H](O)c4ccccc4,-5.539,33,-0.16784848484848483
Cc1[nH+]cc(n1CC)-c(cc2)cc(c23)nc(NCC[NH3+])c4c3cnc(n4)NC5CC5,-5.538,30,-0.18460000000000001
o1cccc1-c2c[nH+]c(nc2NC)NCc3ccc(C)cc3,-5.537,22,-0.2516818181818182
Cc1cccc(c1)Cc2c[nH+]c(Nc3ccccc3C(=O)N)nc2NCc4ccccc4,-5.537,32,-0.17303125
c1cc(C)ccc1[C@@H](C)Nc2nc(N[C@@H](C)c(cc3)ccc3C)[nH+]c(c24)ccc(n4)-c5cccc(C)c5,-5.537,37,-0.14964864864864866
Cc1cccc(c1)NC(=O)Nc(n2)c(C(=O)N)c(n23)nc(-c4ccsc4)cc3-c5cccc(F)c5,-5.536,35,-0.15817142857142855
Cc1cccc(c1)-c(cc2)cc(c23)c(-c4ncno4)nc(n3)Cc5ccccc5,-5.536,29,-0.19089655172413791
CC(C)n(c1=O)ccnc1-c2cc(CCc(c3)cccc3C)cc(c24)ncnc4NC(F)(F)c5ccc(C(F)F)c(N)c5,-5.536,43,-0.1287441860465116
c1ccccc1CNC(=O)[C@H](C)Nc(c(c23)cccc3)nc(n2)-c4cccc(Cl)c4,-5.535,30,-0.1845
CCn1cc(c(n1)C)-c2cnc(-c3cc(C)nn3C)nc2NCC[NH+](C)C,-5.534,27,-0.20496296296296296
Cc1ccc(cc1)[C@H](C)Nc(nc2)nc(c23)c(nc(c3)C)-c4cc(C)[nH+]c(c4)[C@@]5(C)CCOC(=O)N5,-5.534,36,-0.1537222222222222
CSc(cc1)ccc1[C@H](CC)Nc(nc2)nc(c23)nc(-c4c(C)noc4C)c(c3)-c5cccnc5,-5.533,35,-0.1580857142857143
o1cccc1-c2nc(-c(nc3C)cn3C)nc(c24)ccc(c4)-c5ccncc5,-5.532,28,-0.19757142857142856
COc1cccc(c1)-c2cnc(-c3cccs3)nc2NCCO,-5.531,23,-0.2404782608695652
COCCNc1nc(-c2ccncc2)ncc1-c3ccccc3O,-5.531,24,-0.23045833333333332
CNc(n1)c(C(=O)N)c(n12)nc(-c3cccnc3)cc2-c4cccc(=O)n4C,-5.531,28,-0.1975357142857143
O=C([O-])Cc(c1)cccc1-n2c(=O)c(-c3ccncc3)c(C)c(c24)cnc(n4)NCc5ccccn5,-5.531,36,-0.15363888888888888
CCCNc(c1)c(-c2ccc(s2)C)cc(c13)ncc(C#N)c3NC(=O)NCC,-5.53,28,-0.1975
OCc(s1)ccc1-c(cnc2NC)c(n2)NCc3ccc(OC)cc3,-5.53,25,-0.2212
Cc1cccc(c1)-c(n2)c(-c3ccoc3)cc(c24)cnc(n4)NCC[NH3+],-5.53,26,-0.2126923076923077
COc1cccc(c1)[C@H](C)Nc(nc2)nc(c23)n(-c4cncc(c4)C[NH+](C)C)c(=O)c(c3C)-c5ccc(cc5)NC(=O)[C@H](C)[NH+](C)C,-5.529,47,-0.11763829787234042
CCCn1cc(cn1)-c(c2)c(OC)cc(c23)ncnc3NCC[NH+](C)C,-5.529,26,-0.21265384615384614
Oc(c1)cccc1[C@H](CC)Nc(ncn2)c(c23)c(-c4cccc(F)c4)c(o3)-c5c[nH+]c(C)n5C,-5.529,34,-0.16261764705882353
n1cc(C)cnc1Nc(nc2NC)ncc2-c3cccc(F)c3,-5.529,23,-0.24039130434782607
CCNc(n1)c(C(=O)N)c(n12)nc(-c3ccc(o3)C)cc2-c4ccccc4F,-5.528,28,-0.19742857142857143
Cc1cc(c(C)nn1)Nc(nc2)nc(c23)c(nc(c3)C)-c4cnc(=O)n(C)c4,-5.527,28,-0.19739285714285715
CCNc1ncc(-c2ccc(OC)cc2)c(n1)NCc3ccccc3,-5.525,25,-0.221
CCn1nccc1-c(c2)c(cc(c23)c(c(cn3)C#N)NC(=O)C)N[C@H](C)c4ccccc4,-5.525,32,-0.17265625
CNc1ccc(cn1)-c2cnc(-c3cccs3)nc2Nc4ccccc4F,-5.525,27,-0.20462962962962963
n1ccccc1-c(cc2C)nc(n2)Nc3cc[nH+]cc3,-5.523,20,-0.27615
CNc(n1)c(C(=O)N)c(n12)nc(C)cc2-c3ccccc3C,-5.523,22,-0.2510454545454545
CC(C)[C@@H]1CCCN1CCNc(nc(n2)-c3cccc(C(F)(F)F)c3)n(c24)ncc4-c5cn(C)c[nH+]5,-5.523,36,-0.15341666666666665
O=C1CCN1c(c2)cc(cc2C)[C@H](C)Nc(nc3)nc(c34)c(nc(c4)C)-c(cn5C)c(n56)ccc6,-5.522,35,-0.1577714285714286
COc1ccccc1-c(c2)c(OC)cc(c23)ncnc3NC[C@H](O)c4ccc(C)c(N)c4,-5.521,32,-0.17253125
Cc1cc(C[NH3+])cc(c1)C(=O)Nc(c(c23)ncn3C)nc(n2)-c4ccccn4,-5.521,28,-0.19717857142857143
C[NH+](C)CCNc(n1)c(ncnc2)c2c(c13)ccc(c3)-c4ccc(=O)oc4,-5.521,27,-0.2044814814814815
CN(C)C(=O)Cn(cn1)cc1-c(cc(c23)c(ncn2)NC(C)C)c(c3)-c4cccnc4,-5.521,31,-0.17809677419354839
Nc1ccccc1-c2cnc(NCc3ccccc3)nc2NCCc4ccccc4,-5.521,30,-0.18403333333333333
COc1ccc(cc1OC)-c2cnc(NCc3ccc(C)cc3)nc2-c4ccc(cc4)C[NH+](C)C,-5.521,35,-0.15774285714285713
NC(=O)Cc(n1)cncc1-c(c(c2)OC)cc(c23)ncc4c3cc(nc4N)-c5ccccc5,-5.521,33,-0.1673030303030303
COc1cccc(c1)-c(c(o2)[C@@H]3CCC[NH2+]C3)c(c24)c(ncn4)NCc5ccccc5C,-5.52,32,-0.1725
FC(F)(F)c(c1)cccc1[C@H](CC)Nc(ncn2)c(c23)cc(-c4ccn(C)c(=O)c4)c(c3)-c5cc(ncn5)CN(C)C,-5.519,42,-0.1314047619047619
Cn(n1)ccc1-c(cc2)nc(c23)c(NCCC)nc([nH+]3)NCc4ccc(C)cc4,-5.519,29,-0.19031034482758621
Clc(c1)cccc1-c(n2)nc(NCC[NH+](C)C)n(c23)ncc3-c4cccnc4,-5.518,28,-0.19707142857142856
CCCn1ccnc1-c(cc2)cc(c23)ncnc3N[C@H](F)c4cc(N)cc(C(F)(F)F)c4,-5.518,32,-0.1724375
COc(c1)cccc1-c(c(c23)c(ncn2)NCC)c(o3)Cc4ccccc4,-5.517,27,-0.20433333333333334
NCCn(c1)c(=O)ccc1-c2cc(C)nc(n23)c(C(=O)N)c(n3)NC(=O)c4cccc(C(F)F)c4,-5.517,35,-0.15762857142857145
Cc1ccccc1-c2ncc(c(n2)N[C@@H]3CCO3)-c4cccnc4,-5.517,24,-0.22987500000000002
Cc1cccc(c1)[C@H](C)Nc2ncc(-c3ccc(cc3)[C@H](C)[NH+](C)C)c(n2)NCc4ccccc4,-5.516,35,-0.1576
s1cccc1-c(n2)nc(NC(=O)C[NH3+])n(c23)ncc3-c4ccccc4Cl,-5.516,26,-0.21215384615384617
c1cnccc1-c(cc2C)nc(n2)NCC(=O)N[C@@H]3CCOC3,-5.516,23,-0.23982608695652174
CCOc1nc(cs1)-c2cnc(-c3ccc(F)cc3)nc2NC(=O)Nc4ccc(F)cc4,-5.516,32,-0.172375
Cn1cnc(c12)c(NC(=O)CC)nc(n2)-c3ccccc3F,-5.515,22,-0.2506818181818182
Cc1cccc(c1)-c(cn2)c(n23)nc(-c4ccccc4F)nc3N[C@@H]5CCOC5,-5.515,29,-0.19017241379310343
CCNC(=O)Nc1nc(C)cc(n1)-c2ccc(C(F)(F)F)cc2,-5.514,23,-0.23973913043478262
COc1cccc(c1)-c(c2)c(-c3cccnc3)nc(c24)nc(nc4)NCC[N@H+]5CCC[C@@H]5C,-5.514,33,-0.1670909090909091
Fc(c1)cccc1-c(n2)nc(NCC)n(c23)ncc3-c4ccc(C)cc4,-5.514,26,-0.21207692307692308
n1cccnc1-c(c2)c(cc(c23)c(c(C#N)cn3)NC(C)C)NC(=O)c4cccc(N)c4,-5.513,32,-0.17228125
COc1cccc(c1)-c(cn2)c(n23)nc(-c4ccoc4C)cc3NCC5CC[NH2+]CC5,-5.513,31,-0.17783870967741935
O=c(o1)cccc1-c(c(c2)OC)cc(c23)ncc4c3cc(nc4N)-c5cccc(Cl)c5,-5.513,31,-0.17783870967741935
CCCn1cc[nH+]c1-c(cc2)cc(c23)ncnc3NCC[NH3+],-5.512,22,-0.2505454545454545
[NH3+]CCc1ccc(cc1)-c2cnc(Nc3ccccc3)nc2-c4ccncc4,-5.512,28,-0.19685714285714284
FC(F)(F)c1cccc(c1)CNc2[nH+]c(ncc2-c3ccsn3)NCc4ccccc4,-5.511,31,-0.1777741935483871
COc1cc(OC)c(cn1)-c(c2)c(-c3ccccc3)cc(c24)c(ncn4)N[C@@H]([C@H](C)O)c5ccccc5,-5.511,37,-0.14894594594594596
Cc1ccccc1-c(n2)cc(nc2C)Nc3ncc(s3)-c4ccc(C[NH3+])cc4,-5.511,28,-0.19682142857142856
Cc1cccc(c1)-c(cn2)c(n23)nc([C@H](C)c4cc(C)cc(C)c4)cc3N[C@H](C)[C@@H]5CCCCO5,-5.511,35,-0.15745714285714285
Cc1ccccc1-c(cc2C)nc(n2)NCC[NH+]3CCN(CC3)CCn4cc[nH+]c4,-5.511,30,-0.1837
CCCn1cc(cn1)-c(c2)c(OC)cc(c23)ncnc3NC(=O)Cc4ccccc4,-5.511,30,-0.1837
Cc1ncc(n1C)-c(cn2)c(n23)nc(-c4cccc(F)c4)cc3NCCc5ccc(C(F)(F)F)cc5,-5.511,36,-0.15308333333333335
Cc1ccc(C)c(c1)CNc2ncc(-c3cccc(F)c3)c(n2)N[C@@H]4CCN(C)C4,-5.51,30,-0.18366666666666667
Clc1ccccc1-c(n2)ccc(c23)nc(NCC)nc3NC(=O)Nc4cc(C)ccc4C,-5.51,32,-0.1721875
Cc1cc(N)ccc1[C@H](C)Nc(n2)c(nc(nc3)NC4CC4)c3c(c25)ccc(c5)-c6cccc(=O)nc6,-5.51,37,-0.14891891891891892
Cc1ccc(c[nH+]1)-c(cn2)c(n23)nc(-c4ccccc4F)cc3N[C@H](C)c5cc(N)cc(C(F)(F)F)c5,-5.51,37,-0.14891891891891892
FC(F)(F)c(c1)cc(C[NH3+])cc1[C@H](C)Nc(ncn2)c(c23)ccc(c3)-c(n4)n(C[C@H](F)[NH+](C)C)c(c45)cncc5,-5.507,40,-0.137675
Cn1cnc(c1)-c2cnc(Nc3cccc(=O)cc3)nc2-c4ccncc4,-5.507,27,-0.20396296296296296
c1occc1-c2cnn(c23)c(N[C@@H](C)c(cc4)ccc4C)cc(n3)-c5ccc(nc5)NC(=O)[C@H](C)N,-5.507,36,-0.1529722222222222
C[N@H+](C1)CC[C@H]1c(n2)nccc2-c(n3)nc(c(c34)cc(cc4)-c(c5)cccc5C)-c6ccc(cc6)Cc7ccc(=O)n(C)c(=O)c7C,-5.506,47,-0.11714893617021277
Cc1cccc(c1)C[C@H](C)Nc(ncn2)c(c23)cc(c(c3)CC(C)(C)C[NH3+])-c4cccnc4,-5.506,33,-0.16684848484848486
Fc(c1)cccc1-c(cn2)c(n23)nc(-c(c4)cccc4OC)nc3NC5CCCCC5,-5.505,31,-0.17758064516129032
FC(F)(F)c(c1)cccc1[C@@H](C)c(nc(c23)n(cn3)C)nc2NC[C@H]([O-])[NH2+]CC4CCCC4,-5.505,33,-0.1668181818181818
CCNc(c(C#N)cn1)c(c12)cc(NC(=O)[C@H](C)[NH3+])c(c2)-c3ccccc3,-5.505,27,-0.2038888888888889
COc1ccc(c(c1)OC)[C@H](C)Nc2ncc(-c3ccccc3F)c(n2)NCc4ccccc4,-5.505,34,-0.16191176470588234
FC(F)(F)c(cc1)ccc1[C@H](C)Nc(ncn2)c(c23)c(-c4cncc(c4)C(=O)N(C)C)cc(c3)-c5cccc(=O)n5C(C)C,-5.505,44,-0.12511363636363637
C1CC1Nc(nc2)nc(c(n3)NCCO)c2c(c34)ccc(c4)-c5cccnc5,-5.505,28,-0.19660714285714284
c1ncccc1-c(cc2)nc(c23)c(NCC)nc([nH+]3)NCc4ccc(F)cc4,-5.505,28,-0.19660714285714284
CNc1ncc(-c2cccs2)c(n1)NC(=O)Nc3ccc(C)cc3C,-5.505,25,-0.2202
Cn1c(C)nc(C)c1-c(cnc2NC)c(n2)NCCc3ccccc3,-5.504,25,-0.22016
CCc1cnc(nc1NC)NCc2ccsc2C,-5.504,18,-0.30577777777777776
COCC(=O)N(C)N(C)[C@H](C)c1cccc(c1)-c(o2)c(-c3ccc(OC)c(c3)OC)c(c24)c(ncn4)N[C@H](C)c5cc(C)ccc5C,-5.504,47,-0.11710638297872339
n1cn(C)c(c12)nc(CCC)nc2NC[C@H](C)N3CCOCC3,-5.503,23,-0.2392608695652174
CCNc1[nH+]cc(-c2cccc(Br)c2)c(n1)NCc3cccc(C)c3,-5.503,25,-0.22012
Clc(c1)cccc1[C@H](C)Nc(ncn2)c(c23)cc(-c4ccn(n4)C)c(c3)-c5cn(cn5)CC(=O)N(C)C,-5.502,37,-0.1487027027027027
Cc1ccccc1NC(=O)Nc2nc(-c3cccs3)ncc2-c4cccc(F)c4,-5.502,29,-0.1897241379310345
CC(=O)Nc1cccc(c1)-c(cn2)c(n23)nc(-c4cccc(C)c4)cc3NCC[NH+]5CCCCC5,-5.502,35,-0.1572
COc1ccccc1-c(n2)c(-c3ccnc(C)c3)cc(c24)cnc(n4)NC[C@H](C)[NH+]5CCCC5,-5.501,34,-0.16179411764705884
n1ccccc1Oc(c(c2)OC)cc(c23)c(ncn3)NC(=O)CN(CCC4)c(c45)cccc5,-5.5,33,-0.16666666666666666
CC[C@H](C)n1ccnc1-c2cnc(N[C@H](C)c3cccc(C)c3)nc2NCc4ccc(OC)cc4,-5.5,35,-0.15714285714285714
Cn1ncc(c1C)-c(cc2)cc(c23)c(-c4ccco4)nc(n3)-c5cccc(O)c5,-5.5,29,-0.1896551724137931
Fc(c1)cccc1-c2nc(-c(n3)ccnc3C)nc(c24)ccc(c4)-c5cccc(c5)OCC[NH3+],-5.499,34,-0.16173529411764706
Cc1noc(C)c1-c(cn2)c(n23)nc(nc3N[C@H](C)[C@H](C)O)-c4cccc(C(F)(F)F)c4,-5.499,32,-0.17184375
n1cnccc1-c(n2)ccc(c23)[nH]c(NCc(cc4)ccc4C)n/c3=[NH+]\CC(=O)Nc5cc(C)cc(C)c5,-5.497,38,-0.1446578947368421
COc1cccc(c1)CNc2nc([nH+]cc2-c3noc(n3)C)NCc4cc(C)ccc4C,-5.497,32,-0.17178125
Cc1ccc(cc1C)-c2cnc(NCc3ccccc3)nc2NCCC[NH+](C)C,-5.497,29,-0.18955172413793103
Fc1ccc(Cl)cc1-n2c(=O)c(-c3cnoc3C4CC4)c(C)c(c25)cnc(n5)N[C@H](C)c6ccccc6,-5.496,37,-0.14854054054054056
c1ccccc1-c(n2)cc(NC(=O)C[NH2+]C)n(c23)ncc3-c4cccnc4,-5.496,27,-0.20355555555555557
Cc1ccc(cc1)CNc2[nH+]cc(C)c(n2)NCC(C)C,-5.496,21,-0.26171428571428573
COc1ccc(cc1OC)-c2cnc(nc2-c3ccoc3)NC[C@H](C)c4cc(C(F)(F)F)ccc4N,-5.496,36,-0.15266666666666667
Cc1cccc(c1)[C@H](C)Nc(nc2)nc(c23)c(nc(c3)C)-c4cnccc4N,-5.495,28,-0.19625
CN(C)Cc1cccc(c1)CNc(n2)c(nc(nc3)NC4CC4)c3c(c25)ccc(c5)-c6ccn(c6)CC(=O)N(C)C,-5.494,41,-0.134
Cc1cccc(c1)[C@H](O)CNc(c(c23)cccc3)nc([nH+]2)-c4cccnc4,-5.494,27,-0.20348148148148149
Cc1cc(C)cc(c1)[C@H](C)Nc(nc2)nc(c23)c(nc(c3)C)[C@H](C)c4cccc(C(F)(F)F)c4,-5.494,34,-0.16158823529411764
c1cnccc1-c(o2)c(-c(c3)cccc3C)c(c24)c(ncn4)N[C@H](C)c5ccc(C)c(C)c5,-5.494,33,-0.16648484848484849
c1ccccc1[C@H](C)Nc(n2)c(ncnc3)c3c(c24)ccc(c4)-c5ccc(cc5)CC(=O)N6CCN(C)C(=O)C6,-5.494,40,-0.13735
CCOc1nc(cs1)-c2cnc(-c3ccccn3)nc2N[C@H](C)c4ccccc4C,-5.493,30,-0.1831
Cc1cccc(c1)[C@H](O)CNc(c(C#N)cn2)c(c23)cc(NC(C)C)c(c3)-c4cccnc4,-5.493,33,-0.16645454545454547
CC(=O)Nc1cccc(c1)-c(cc2)cc(c23)ncnc3N[C@@H]4CCN(C4)Cc5ccccc5,-5.492,33,-0.16642424242424242
O=c(c1)n(C)ccc1-c(c(c2)OC)cc(c23)c(ncn3)NC4CCN(C(=O)N)CC4,-5.49,30,-0.183
COc1nccnc1-c2cnc(-c3cccc(c3)N(C)C)nc2NC(=O)N[C@H](C)CO,-5.49,31,-0.17709677419354838
Cc1ccc(cc1)[C@H]([NH3+])Nc(nc2)nc(c23)nc(-c4cc(C)n(n4)C)c(c3)-c5nccn5C,-5.489,33,-0.16633333333333333
CC(C)NC(=O)Cn1cc(cn1)-c(c2)c(cc(c23)c(ncn3)NC(C)C)-c4ccc(Cl)c(C=O)c4,-5.488,35,-0.15680000000000002
Cc1ccc(cc1)CNc2ncc(c(n2)-c3ccc(C)cc3)-c4cccc(c4)[C@H](CO)[NH+]5CCOCC5,-5.488,37,-0.14832432432432432
Cc(c1)cccc1-c(c(c2)NC)cc(c23)ncc(C#N)c3NC(=O)C,-5.488,25,-0.21952000000000002
OC[C@@H](C)Nc1nc(-c2cccc(F)c2)ncc1-c3ccncc3,-5.486,24,-0.22858333333333333
C[NH+](C)CC(=O)Nc(n1)c(ncnc2)c2c(c13)ccc(c3)-c4cccc(C(F)(F)F)c4,-5.486,31,-0.17696774193548387
n1cccnc1-c(cc2C)nc(n2)N[C@@H]3CC[NH2+]C3,-5.486,19,-0.2887368421052631
c1ccccc1[C@H](C)Nc2ncc(-c3cnccn3)c(n2)-c4ccccc4C#N,-5.486,29,-0.18917241379310343
CCNc1ncc(-c2cnoc2C)c(n1)NCc3cccc(C)c3,-5.486,24,-0.22858333333333333
CCNc1[nH+]cc(-c2ccc(OC)cc2)c(n1)NCc3ccccc3,-5.486,25,-0.21944
c1ccccc1CNc(c(c2)-c(cn3C)ccc3=O)cc(c24)c(c(cn4)C#N)Nc5ccccc5,-5.485,35,-0.15671428571428572
Cc(c1)cccc1CNc(nc2NCCC)ncc2-c3cccc(C(F)(F)F)c3,-5.485,29,-0.18913793103448276
CCN(C)C(=O)c1cccc(c1)-c(cc2-c3ccc(cc3)C(=O)N(C)C)cc(c24)cnc(n4)N[C@H](C)c5cc(C(F)(F)F)ccc5N(C)C,-5.485,49,-0.11193877551020409
Cc1ccccc1NC(=O)Nc2nc(-c3ccccc3F)ncc2-c4cccnc4,-5.484,30,-0.1828
Cc1ccc(cc1)[C@H](C)Nc(ncn2)c(c23)ccc(c3)-c(c4)nn(c45)cccc5,-5.484,29,-0.18910344827586206
C[C@@H]1CCC[N@H+]1CCNc(nc2)nc(c23)nc(-c4cccc(F)c4)c(c3)-c5ccnn5C,-5.484,32,-0.171375
CNc1ncc(c([nH+]1)NCOC)-c2cnn(C)c2CN(C)C(=O)C,-5.483,24,-0.22845833333333332
Fc1ccccc1-c(n2)nc(NCC[C@H](C)[NH3+])n(c23)ncc3-c4cccnn4,-5.483,28,-0.19582142857142856
c1ccccc1CNc(nc2-c(no3)cc3C)ncc2-c4ncccc4O,-5.483,27,-0.20307407407407407
c1ccccc1-c(nc(c23)n(C)cn2)nc3NCCN4CCOCC4,-5.482,25,-0.21928
CCNc1[nH+]cc(-c2ccccc2)c(n1)NCc3ccccc3C(F)(F)F,-5.482,27,-0.20303703703703704
Fc1ccc(F)cc1[C@@H](C)Nc(nc2-c3cocc3C)ncc2-c4ncccc4[O-],-5.482,30,-0.18273333333333333
COc(cc1)ccc1-c(cnc2NC)c([nH+]2)N[C@H](C)c3ccc(C)cc3,-5.482,26,-0.21084615384615385
CN(C)C(=O)c(c1)cncc1-c(cc2)nc(c23)c(N[C@@H](C)c(c4)cc(N)cc4C)nc(n3)N[C@H](C)c5cccc(C(F)(F)F)c5,-5.482,45,-0.12182222222222222
CC(C)Oc1ccc(nc1)-c(cc2)cc(c23)c(-c4ccc(CO)cc4)nc(n3)-c5ccccc5O,-5.481,35,-0.1566
Cc1cn(c[nH+]1)-c2ncc(-c3ccccn3)c(n2)NC(=O)C[NH+]4CCCC4,-5.481,27,-0.20299999999999999
COCC(=O)N1CCC[C@@H](C1)c2ccnc(c2)-c3c[nH+]c(NCc4cccc(C)c4)nc3NC[C@H](O)c5cccc(C(F)(F)F)c5,-5.481,46,-0.11915217391304347
C[C@H]([NH3+])c1cccc(c1)C(=O)Nc(ncn2)c(c23)c(-c4ccccc4C(=O)N)cc(c3)-c5cnc(nc5)N6CCCC6,-5.48,42,-0.1304761904761905
n1ccccc1-c(c2)cc(-c(cc3)ccc3F)c(c24)nc(nc4)N[C@@H]5CCOC5,-5.48,29,-0.18896551724137933
Cc1cccc(c1)[C@@]2(C)C[C@@H](CO2)Nc(nc[nH+]3)c(c34)ccc(c4)-c5ccccc5CO,-5.48,32,-0.17125
Cc1ccc(cc1)[C@H](C)Nc(n2)c(C(=O)N)c(n23)nc(C)cc3-c4cc(C)ccc4C,-5.48,31,-0.1767741935483871
Cc1ccccc1[C@H](C)Nc(c2)c(-c3ncccn3)cc(c24)ncc(C#N)c4NC(C)C,-5.479,32,-0.17121875
n1ccnn1-c(c(c2)OC)cc(c23)c(nc[nH+]3)N[C@@H]4CC(=O)N(C4=O)c5ccccc5,-5.479,31,-0.17674193548387096
CSc(cc1)ccc1[C@H](CC)Nc(nc2)nc(c23)nc(-c4ccn(n4)C)c(c3)-c5cccc(F)c5,-5.479,35,-0.15654285714285715
C[C@@H]1CCC[N@H+]1CCNc(nc2)nc(c23)nc(-c4nccn4C)c(c3)-c5ccc(F)cc5,-5.479,32,-0.17121875
Cc(c1)cccc1[C@@H](C)c(o2)c(-c(c3)cccc3OC)c(c24)c(ncn4)Nc5ccc(C)cc5,-5.478,34,-0.16111764705882353
Cc1ncccc1-c(cc2C)nc(n2)NC(=O)Nc3cccc(C(F)(F)F)c3,-5.478,28,-0.19564285714285715
COc1cccc(c1)CNc2nc(N[C@H](C)c(cc3)cc(c34)OCO4)[nH+]cc2-c5ccnn5C,-5.478,34,-0.16111764705882353
COc1cccc(c1)[C@H](C)Nc(nc2)nc(c23)n(c(=O)c(c3C)-c4ccccc4Cl)-c5ccc(cc5)C(=O)OC[NH+](C)C,-5.478,43,-0.1273953488372093
c1cc(F)ccc1Nc(cc(c23)c(NC)c(C#N)cn2)c(c3)-c4cscc4C(=O)N,-5.477,30,-0.18256666666666668
COc1c(Cl)cccc1-c2nc(NCc3cc(C)cc(N)c3)ncc2-c4c(C)c(C)nn4C,-5.477,33,-0.165969696969697
CC(=O)Nc1cc(O)cc(c1)-c(cc2)cc(c23)c(-c4nc(C)no4)nc(n3)-s5ccccc5,-5.477,33,-0.165969696969697
o1cccc1-c(n2)cc(-c3sccc3C)n(c24)nc(c4C(=O)N)NC[C@@H]5CC(=O)N(C5)Cc6ccccc6,-5.476,38,-0.14410526315789474
Cc(c1)cccc1CNc2nc(NCC)[nH+]c(c23)ccc(n3)-c4cccc(n4)CN(C)C,-5.476,32,-0.171125
CCOc(c1)c(OC)cc(c12)[nH+]cnc2NCCc3ccc(C)cc3,-5.475,25,-0.21899999999999997
Cn1cc[nH+]c1Nc(nc2NC)ncc2-c3ccccn3,-5.475,21,-0.2607142857142857
Cc1ccc(cc1)CNc(ncn2)c(c23)c(-c4cnn(n4)C)cc(c3)-c5cccc(c5)C(=O)N,-5.475,34,-0.16102941176470587
CCc1cccc(c1)-c(cc2)nc(c23)c(nc(n3)NC(=O)C[NH3+])Nc4ccccc4,-5.474,30,-0.18246666666666667
Fc(c1)cccc1-c(n2)nc(NCCC)n(c23)ncc3-c4cc(C)n(n4)C,-5.474,27,-0.20274074074074075
CCN(C)C(=O)c1ccccc1-c(c2)nc(N)c(c23)cnc4c3cc(OC)c(c4)-c5cnccn5,-5.473,35,-0.15637142857142858
COc(c1)cccc1-c(cnc2NC)c(n2)NC(=O)Nc3cccc(Cl)c3,-5.473,27,-0.2027037037037037
Cc1ccc(cc1)[C@H](C)Nc(nc2)nc(c23)c(-c(n4)n(C)c(c45)ccnc5)cc(c3)-c6cccnc6,-5.472,36,-0.15200000000000002
n1cccnc1-c(c(c2)OC)cc(c23)c(ncn3)Nc4ccc(=O)n(C)c4C,-5.472,28,-0.19542857142857145
COc1cc(C)ccc1NC(=O)c(nc(n23)c(cn3)-c4cccc(C)c4)cc2N[C@H]([NH3+])c5cccc(c5)C(F)(F)CO,-5.472,42,-0.13028571428571428
CCCNc1[nH+]cc(-c2ccccc2F)c(n1)NCc3ccccc3C,-5.471,26,-0.21042307692307693
CNc1ncc(-c2ccco2)c([nH+]1)NCc3cccc(C)c3,-5.471,22,-0.2486818181818182
OC[C@@H](C)Cc(cn1)c(n12)nc(-c3ccc(F)o3)nc2NC(C)(C)C,-5.47,25,-0.2188
FC(F)(F)c(c1)cc(N)cc1[C@H](C)Nc(n2)c(nc(nc3)NC4CC4)c3c(c25)ccc(c5)-c6cccc(c6)C(=O)N,-5.47,41,-0.13341463414634147
NC(=O)CCn(c1)ncc1-c(c2)cc(-c3nccn3C)c(c24)nc(nc4)NCc5cccc(C(F)(F)F)c5,-5.469,38,-0.14392105263157895
c1cc(Cl)ccc1-c(c(c23)nc(NC)nc2)cc(c3)-c4cccnc4C(=O)Nc5cccnc5,-5.469,34,-0.1608529411764706
Oc1ccccc1-c(n2)cc(NC)n(c23)ncc3-c4cccc(F)c4,-5.469,25,-0.21876
n1ccncc1-c(c(c2)OC)cc(c23)ncc4c3cc(nc4N)-c5cccc(Cl)c5,-5.469,30,-0.18230000000000002
CCNC(=O)Nc(c(C#N)cn1)c(c12)cc(NC(C)(C)C)c(c2)-c3cc(C)no3,-5.468,29,-0.18855172413793103
FC(F)(F)c(c1)cccc1[C@H](CC)Nc(ncn2)c(c23)cc(-c(c4)ncc(c45)NC(=O)CC5)c(c3)-c6cc(C)cc(=O)n6Cc7ccc(C)c(c7)CN,-5.468,53,-0.10316981132075471
c1c[nH+]cc(c12)n(C[C@@H](F)N(C)C)c(n2)-c(cc3)cc(c34)ncnc4NCc5ccc(Cl)cc5,-5.466,34,-0.16076470588235295
COc1cccc(c1)CNc2[nH+]c(NCC[NH3+])ncc2-c3ccnn3C,-5.466,26,-0.21023076923076925
NC(=O)c(cc1)ccc1Oc(c(c2)OC)cc(c23)c(nc[nH+]3)N[C@H](C)[C@H](O)c4cccc(C)c4,-5.466,34,-0.16076470588235295
Cc1cccc(c1)[C@H](C)Nc(ncn2)c(c23)cc(-c4ncc(o4)C)c(c3)-c5cccc(c5)C(=O)OC(=O)N6CCCCC6,-5.466,43,-0.12711627906976744
CCCNc(n1)c(C(=O)N)c(n12)nc(-c3ccoc3)cc2-c4cccc(F)c4,-5.466,28,-0.19521428571428573
c1cc(N)ccc1C(=O)Nc(n2)c(C(=O)N)c(n23)nc(-c4cccs4)cc3-c5ccc(O)cc5,-5.464,34,-0.1607058823529412
CNc1ncc(c(n1)NCCO)-c2cccc(F)c2,-5.462,19,-0.2874736842105263
Cn1cc[nH+]c1-c(cc2)nc(c23)c(NC(C)C)nc([nH+]3)N[C@H](C)c4cc(N)cc(C(F)(F)F)c4,-5.462,34,-0.1606470588235294
C1CCCCCN1C(=O)CNc(nc2NCCO)nc(c23)ccc(n3)-c4ccccc4F,-5.462,32,-0.1706875
COc1cccc(c1)N[C@H](C)Nc2ncc(-c3c(C)c(C)nn3C)c(n2)-c4ccncc4OC,-5.462,34,-0.1606470588235294
c1ccccc1CNc(nc2NC(C)C)ncc2-c3ccccc3,-5.462,24,-0.22758333333333333
Cc1cccc(c1)-c2c[nH+]c(NC[NH+](C)C)nc2NCc3ccccc3C,-5.462,27,-0.20229629629629628
Cc1ccc(C(=O)N)c(c1)-c(c2)c(S(=O)(=O)C(C)(C)C)cc(c23)c(ncn3)NCc4ccccc4,-5.461,35,-0.15602857142857143
O=c(c1)n(C)ccc1-c(c(c2)OC)cc(c23)c(ncn3)NC(C)C,-5.46,24,-0.2275
Cc1ccc(cc1)[C@H](C)Nc(nc2)nc(c23)c(cc(c3)-c4cnn(C)c4)-c5cccc(c5)OC(=O)N[C@H](C)CO,-5.459,40,-0.13647499999999999
CC(C)C(=O)Nc(n1)nc(cc1C)-c2cccnc2,-5.459,19,-0.2873157894736842
n1cc(C)ncc1-c(n2)ccc(c23)[nH+]c(N[C@@H](C)c(c4)cccc4C)nc3NCCN5CCOCC5,-5.458,36,-0.1516111111111111
FC(F)(F)c(c1)cccc1[C@H](C)Nc(ncn2)c(c23)cc(-c4cccnc4)c(c3)-c5ccn(c5)[C@H](C(=O)N(C)C)[NH+]6CCCCC6,-5.458,46,-0.11865217391304349
COCCNc(n1)c(C(=O)N)c(n12)nc(-c3ccc(o3)C)cc2-c4cccc(c4)OC,-5.458,31,-0.17606451612903226
C[NH2+]CCNc1ncc(-c2ccccc2)c([nH+]1)NCc3cccc(c3)OC,-5.458,27,-0.20214814814814816
CCCn1cc[nH+]c1-c(cc2)cc(c23)ncnc3NCc4ccc(C)cc4,-5.457,27,-0.2021111111111111
CCNc1ncc(-c2ccccn2)c([nH+]1)NCc3cccc(C)c3,-5.457,24,-0.227375
CCN(CC1)c(c12)ccc(c2)CNc(nc3)nc(c34)nc(-c5ccc(OC)cc5)c(c4)-c6ccccc6,-5.457,37,-0.1474864864864865
c1cccc(c12)cc(cc2)-c(cc3)nc(c34)c(NCC)nc([nH+]4)NCc5cccc(C)c5,-5.456,32,-0.1705
CC(C)(O)Oc(c1)cccc1-c(c(c2)NCCC)cc(c23)ncc(C#N)c3NC(C)C,-5.456,31,-0.17600000000000002
COc1cccc(c1)[C@H](C)Nc(nc2)nc(c23)n(-c4ccccc4C)c(=O)c(c3C)-c5ccc(cc5)C(=O)N(C)C,-5.455,41,-0.13304878048780489
Cc1ccccc1-c(c2)c(-c3cnn(C)c3)cc(c24)ncnc4NC(F)(F)c5cc(N)cc(c5)C(C)C,-5.455,37,-0.14743243243243243
CN1CCN(CC1=O)C(=O)Cc2ccc(cc2)-c(cc3)cc(c34)nc(c5c4cncn5)NC6CCN(CC6)Cc7ccccc7,-5.454,45,-0.12119999999999999
COc1ccc(cc1)-c2cnc(s2)Nc3cc(nc(n3)C)-c4cccc(c4)[C@H](C)O,-5.453,30,-0.1817666666666667
Cc1cccc(c1)CNc(ncn2)c(c23)cc(c(c3)-c4ccc(=O)n(C)c4)-c5ccc(=O)n(c5)C(C)C,-5.452,37,-0.14735135135135136
Cc1cccc(c1)CCNc(c(c23)ncn3C)nc(n2)-c4[nH+]c(C)cn4C,-5.452,27,-0.20192592592592593
Cc1ccc(cc1C)[NH2+][C@H](C)Nc(ncn2)c(c23)ccc(c3)-c4nccnc4N5CCCC5,-5.452,33,-0.1652121212121212
c1ccccc1-c(nc(C)c2)c(c23)nc(nc3)N[C@@H]4CCC[N@@H+](C4)C(C)C,-5.452,27,-0.20192592592592593
c1ncccc1-c(c(c2)OC)cc(c23)ncc4c3cc(nc4N)-c5cccc(C)c5,-5.452,30,-0.18173333333333333
CCCNc1nc(NCC)ncc1-c2cccc(c2)C(=O)N,-5.451,22,-0.24777272727272726
CCNc1nc(NC(=O)CO)ncc1-c2ccccc2C[NH3+],-5.451,22,-0.24777272727272726
C[NH+](C)Cc(c1)cccc1-c2cc(-c(cnc3C)n3CC(=O)N(C)C)cc(c24)ncnc4N[C@H](C)c5ccc(C(F)(F)F)cc5N,-5.451,46,-0.1185
c1ccccc1[C@H](C)Nc(ncn2)c(c23)cc(c(c3)-c4ccncc4)CC(=O)Nn5nccc5C(C)(C)C,-5.45,38,-0.14342105263157895
COc(cc1)ccc1-c(nc2NC)ncc2-c3ccccc3N,-5.449,23,-0.23691304347826087
Cc1ccc(cc1)[C@H](C)Nc(nc2)nc(c23)c(-c4ccnn4C)cc(c3)-c5ccc(nn5)CC(=O)N(C)C,-5.449,38,-0.14339473684210527
CSc(cc1)ccc1[C@H](CC)Nc(nc2)nc(c23)nc(-c4c(C)noc4C)c(c3)-c5ccn(c5)C(C)C,-5.448,37,-0.14724324324324325
C1CCC1c(c2)nccc2-c(c(c3)OC)cc(c34)ncc5c4cc(nc5N)[C@H](C)c6ccc(C(=O)N)cc6,-5.448,38,-0.1433684210526316
Cc1c(N)cc(N)cc1[C@H](C)Nc(n2)c(nc(nc3)NC4CC4)c3c(c25)ccc(c5)-c6cccnc6,-5.448,36,-0.15133333333333335
CN(C)C(=O)CC(=O)n(c1)c(C)cc1-c2cc(-c(cc3C)cc(n3)C(C)C)cc(c24)cnc(n4)N[C@H](C)c5ccccc5,-5.448,43,-0.12669767441860466
NCc1cccc(c1)-c(cn2)c(n23)nc(-c4ccsc4)nc3NCc5cccc(C(F)(F)F)c5,-5.447,34,-0.16020588235294117
s1cccc1-c(n2)nc(N[C@@H]([NH3+])CCC)n(c23)ncc3-c4ccccc4F,-5.447,27,-0.20174074074074075
c1oncc1-c(n2)cc(nc2C)Nc3ncc(s3)-c4ccccc4,-5.446,24,-0.22691666666666666
Cc1cccc(c1)-c(cn2)c(n23)nc(nc3NC(=O)N)-c4ccccc4F,-5.446,27,-0.2017037037037037
CCNC(=O)c1cccc(c1)NC(=O)Nc2nc(NCC)ncc2-c3ccc(OC)c(C)c3,-5.446,33,-0.16503030303030303
Fc1ccccc1-c(c(c2)OC)cc(c23)c(ncn3)NC[C@H](CO)[C@@H]4C[C@H]([NH3+])CCO4,-5.446,31,-0.1756774193548387
C1COCCC1Nc(n2)c(C(=O)N)c(n23)nc(-c4ccccc4)cc3-c5ccc(F)cc5,-5.446,32,-0.1701875
Cn1c(C)ncc1-c(c2)c(cc(c23)c(c(C#N)cn3)NCC)N[C@H](C)c4cccc(C)c4,-5.445,32,-0.17015625
Nc(c1)cccc1[C@H](C)Nc(c2)c(-c3ccc(=O)n(C)c3)cc(c24)ncc(C#N)c4Nc5cccc(c5)N(C)C,-5.445,40,-0.136125
Cc1cc(C)cc(c1)[C@H](C)Nc2ncc(-c3c(C)c(C)nn3C)c(n2)-c4onc(C)c4C,-5.445,32,-0.17015625
Cc1c[nH+]cc(c1)CNc(c(c23)ncn3C)nc(n2)-c4ccccc4F,-5.445,26,-0.20942307692307693
CC(C)[N@@H+](C1)CC[C@H]1CNc(cc(c23)c(NCC)c(C#N)c[nH+]2)c(c3)Cc4cccc(C)c4,-5.445,33,-0.165
Oc(c1)cccc1[C@H](CC)Nc(ncn2)c(c23)c(c(o3)-c4coc(C)c4)-c5cccc(C)c5,-5.445,33,-0.165
CC(=O)N(C1)CCC[C@H]1Oc(c(c2)OC)cc(c23)c(ncn3)NC[C@H](N)c4cc(N)cc(C(F)(F)F)c4,-5.444,37,-0.14713513513513513
CCn1cc(C)c(c1)-c(c2)c(OC)cc(c23)c(c(cn3)C#N)NCCCO,-5.444,27,-0.20162962962962963
Cc1ccc(cn1)-c2nc(NCC(=O)N)ncc2-c3ccccc3,-5.444,24,-0.22683333333333333
Fc1ccccc1-c(cc2)cc(c23)c(-c4ccno4)nc(n3)-c5cccnc5,-5.443,28,-0.19439285714285712
Cc1ccc(cc1C)CNc(nc2NCCCO)[nH+]c(c23)ccc(n3)-c4cccc(F)c4,-5.443,32,-0.17009375
Fc1ccccc1-c(cc2)nc(c23)c(=N\C(F)(F)C)\nc([n-]3)NCC[NH2+]C4CCCCC4,-5.443,32,-0.17009375
Cc1ccccc1-c(cc2NCC(F)(F)N)nc(n23)c(cn3)-c4ccccc4F,-5.442,29,-0.18765517241379312
Cc(c1)cccc1-c2cnc(nc2-c(cc3)ccc3OC)NC(=O)NCc4ccccc4,-5.441,32,-0.17003125
n1ccncc1-c(c(c2)OC)cc(c23)ncc4c3cc(nc4N)-c5cccc(c5)C(=O)N,-5.44,32,-0.17
NCc(c1)cccc1C(F)(F)Nc(n2)nc(cc2C)-c3cnc(n3C)CC(=O)N4CCCCC4,-5.44,34,-0.16
CCNc(n1)c(C(=O)N)c(n12)nc(-c3ccoc3)cc2-c4ccc(C)cc4,-5.44,27,-0.20148148148148148
Cc1cccc(c1)C(=O)Nc(nc2NCCC(=O)N)nc(c23)ccc(n3)-c4cccc(c4)NC(C)C,-5.439,36,-0.15108333333333335
C[NH+](C)Cc1ccc(cc1)-c(c2)c(-c3ccccc3)nc(c24)nc(nc4)NCc5cccc(C(F)(F)F)c5,-5.439,38,-0.14313157894736842
CCn1nc(C)c(c1C)-c(nc2NC)nc(c23)cccc3,-5.439,21,-0.259
C[NH+](C)Cc1nocc1-c(cnc2NC)c(n2)NCc3ccc(C)cc3,-5.439,26,-0.2091923076923077
c1cccc(c12)c(NC(C)C)nc(n2)-c(on3)c(c34)cccc4,-5.438,23,-0.23643478260869563
FC(F)(F)c(c1)cccc1-c(n2)nc(NCCC[NH+](C)C)n(c23)ncc3-c4ccccc4Cl,-5.438,33,-0.1647878787878788
Cc1cc(N)ccc1-c(n2)cc(NC(=O)C)n(c23)ncc3-c4ccc(C)c(C)c4,-5.438,29,-0.18751724137931033
NC(=O)C[N@@H+]1CCC[C@@H](C1)Nc2ncc(-c3ccccn3)c(n2)-c4cccc(Cl)c4,-5.438,30,-0.18126666666666666
O=c1cccc(C[NH+](C)C)cc1-c(c(c2)OC)cc(c23)ncc(C#N)c3N[C@H](C)c4cccc(c4)[C@H](C)O,-5.438,38,-0.14310526315789474
Cc1cccc(c1)CNc2[nH+]cc(-c3ccc(F)cc3)c(n2)NCC[NH+](C)C,-5.437,28,-0.19417857142857145
Cc1cccc(C)c1CNc(nc2NCCO)[nH+]c(c23)ccc(n3)-c4cccnc4,-5.437,30,-0.18123333333333333
CCNc(n1)c(C(=O)N)c(n12)nc(-c3ccccc3)cc2-c4ncn(C)c4C,-5.437,28,-0.19417857142857145
Cc1cccc(c1)CNc2ncc(-c3ccccc3C=O)c(n2)NCc4ccccc4C,-5.436,32,-0.169875
COc1cccc(c1)CNc2[nH+]c(NCCCO)ncc2-c3ccnn3C,-5.435,27,-0.20129629629629628
Cc1ccccc1[C@H](C)Nc(nc2)nc(c23)c(cc(c3)-c4cncnc4)C(=O)CN5CCOCC5,-5.435,35,-0.15528571428571428
Cn1c(C)cnc1-c(cn2)c(n23)nc(-c4cccc(F)c4C)cc3NCC[NH+]5CCCC5,-5.434,32,-0.1698125
Cc1noc(C)c1-c2ncc(-c3ccnn3C)c(n2)N[C@H](C)c(cc4)cc(c45)OCC5,-5.434,31,-0.17529032258064517
COc1cccc(c1)[C@H](C)Nc(nc2)nc(c23)n(c(=O)c(c3C)-c4ccc(Cl)cc4)-c5cccc(c5)C(=O)N(C)C,-5.434,41,-0.13253658536585367
Cc1cccc(c1)-c(cc2NCC(C)(C)O)nc(n23)c(cn3)-c4ccc(C)c(C)c4,-5.433,30,-0.18109999999999998
COc1cccc(c1)[C@H](C)Nc2nc(-c3cccc(O)c3)ncc2-c4nccnc4OC,-5.432,32,-0.16975
Cc1cccc(c1)CNc2[nH+]c(NC(CO)CO)ncc2-c3cccs3,-5.432,26,-0.20892307692307693
c1cc(Cl)ccc1-n2c(=O)c(-c3ccc(C(=O)N)cc3)c(C)c(c24)cnc(n4)N[C@H](C)c5ccccc5,-5.431,37,-0.1467837837837838
C[NH+](C)CCNc(n1)c(C(=O)N)c(n12)nc(-c3ccc(F)cc3)cc2-c4ccc(C(F)(F)F)cc4,-5.431,35,-0.15517142857142857
c1ccccc1[C@H](C)Nc(nc2)nc(c23)c(-c4ccccc4[C@H](O)CO)cc(c3)-c5cnn(c5)CC(=O)N(C)C,-5.43,40,-0.13574999999999998
NCc(c1)cccc1C(F)(F)Nc(n2)nc(cc2C)-c3cccc(c3)NC(=O)c4cccn(C)c4=O,-5.43,36,-0.15083333333333332
Cc1ccc(C)c(c1)NC(=O)Nc(c(c23)ncn3C)nc(n2)-c4ccccc4F,-5.43,29,-0.18724137931034482
Cc1cc(Cl)ccc1[C@H](C)Nc2nc(-c3cnc(N(C)C)c(n3)C(=O)N)ncc2-c4cccc(C(F)(F)F)c4,-5.43,39,-0.1392307692307692
CC(=O)NC(=O)c1cccc(c1)-c(c2)c(-c3cccc(F)c3F)cc(c24)c(ncn4)NCCC[NH3+],-5.429,35,-0.15511428571428573
Cn(c1)c(=O)ccc1-c(c(c2)OC)cc(c23)ncc(C#N)c3NCC[N@H+](C)Cc4ccccc4,-5.429,34,-0.1596764705882353
c1ncccc1-c(c(c2)NC(=O)C)cc(c23)ncc(C#N)c3NC4CC[NH2+]CC4,-5.429,29,-0.18720689655172415
CCNc1[nH+]cc(-c2ccc(F)cc2)c(n1)NCc3cccc(c3)OC,-5.429,26,-0.2088076923076923
COc1cccc(c1)-c(c2)nc(N)c(c23)cnc4c3cc(OC)c(c4)-c5cn(C(C)C)ccc5=O,-5.429,35,-0.15511428571428573
CSc(cc1)ccc1[C@H](CC)Nc(nc2)nc(c23)nc(-c4cnoc4)c(c3)-c5ccc(C)cc5,-5.429,34,-0.1596764705882353
s1cccc1CNc(n2)c(C(=O)N)c(n23)nc(-c4cccnc4)cc3-c5ccc(Cl)cc5,-5.429,32,-0.16965625
CC(=O)c1cccc(c1)-c(n2)c(-c3cccc(=O)o3)cc(c24)cnc(n4)NCC[N@H+]5CCC[C@@H]5C,-5.428,35,-0.15508571428571427
Cc(c1)cccc1CNc(nc2NCOC)[nH+]cc2-c3cccc(Br)c3,-5.428,26,-0.20876923076923076
Clc(c1)cccc1-c(c2)c(cc(c23)c(NC)c(C#N)c[nH+]3)NC[C@H](O)c4ccccc4,-5.428,31,-0.17509677419354838
NC(=O)CNc(n1)c(C(=O)N)c(n12)nc(-c(cc3)ccc3OC)cc2-c4ccncc4,-5.428,31,-0.17509677419354838
Cc1ccccc1CNc2[nH+]c(N[C@@H]3CC[N@@H+](C)CC3)ncc2-c4cncc(F)c4,-5.428,30,-0.18093333333333333
CC(=O)N(C)CCn1cc(cn1)-c(n2)c(-c3ccc(F)cc3)cc(c24)cnc(n4)NC(C)(C)c5cccc(c5)[C@H](C)O,-5.427,42,-0.1292142857142857
Cc1ccccc1-c(n2)c(-c3ccccc3)cc(c24)cnc(n4)NC5(C)CCCCC5,-5.426,31,-0.17503225806451614
c1cc(F)ccc1-c(cnc2NC)c([nH+]2)NCc3cccc(C)c3,-5.426,24,-0.22608333333333333
CCOCNc1ncc(-c2cccnc2)c(n1)NCc3ccc(OC)cc3,-5.426,27,-0.20096296296296298
c1cc([NH3+])ccc1[C@@H](C)Nc(n2)c(C(=O)N)c(n23)nc(C)cc3CC(=O)NCc4ccccc4,-5.426,34,-0.15958823529411764
Cc1cccc(c1)-c(c2)c(-c3cc(N)cc(c3)C(=O)N)cc(c24)ncnc4NC(C)C,-5.425,31,-0.175
CCn1cc(cn1)-c(c2)c(S(=O)(=O)C(C)(C)C)cc(c23)c(ncn3)N[C@H](C)c4cccc(C)c4,-5.425,34,-0.15955882352941175
Cc1ccccc1-c(c(c2)NC)cc(c23)ncc(C#N)c3NCc4cccc(c4)NC(=O)C,-5.425,33,-0.1643939393939394
Cc1ccc(C)c(c1)-c(c2)c(-c3ccsn3)nc(c24)nc(nc4)NCC[NH+]5CCCCCC5,-5.424,33,-0.16436363636363638
c1cccn(c12)c(C)c(n2)-c3ncc(c(n3)NCC[NH+](C)C)-c4ccccc4[C@H](C)O,-5.421,31,-0.1748709677419355
n1ccccc1-c2cnc([nH+]c2NC)NCNc3ccc(C)cc3C,-5.421,25,-0.21684
CC(=O)N(CC1)CCC1Oc(c(c2)OC)cc(c23)c(ncn3)N[C@H](C)c4ccc(N)c(C(F)(F)F)c4,-5.421,36,-0.15058333333333335
COc1ccc(cc1)CNc2nc(N[C@H](C)c3ccc(C)cc3)ncc2-c4c(C)noc4C,-5.421,33,-0.1642727272727273
Cc1cccc(c1)-c(cc2)cc(c23)c(C4=CNOC(=O)C=C4)nc(n3)-c5cccc(N)c5,-5.421,32,-0.16940625
c1ccccc1-c2cc(-c(cnn3)cc3C)nc(n24)c(C(=O)N)c(n4)NCC(=O)Nc5cccc(C(F)(F)F)c5,-5.421,40,-0.135525
c1cccc(c12)nc(-c(cn3C)ccc3=O)nc2Nc4ccncc4,-5.42,25,-0.2168
FC(F)(F)Nc(c1)cc(cc1C)Cc(c2)c(-c3ccnnc3)cc(c24)c(nc[nH+]4)N[C@@H]5CCCN(C5)c6ccc(C(F)(F)F)cc6,-5.419,46,-0.11780434782608695
c1cccc(c12)nc(-c(cc3)ccc3C)nc2NCC#N,-5.419,21,-0.258047619047619
FC(F)(F)c(cc1)ccc1-c(cc2C)nc(n2)NC(=O)c3ccccn3,-5.418,26,-0.2083846153846154
COc1cccc(c1)[C@H](C)Nc2ncc(-c3[nH+]cccc3[O-])c(n2)-c4cccc(=O)n4C,-5.418,32,-0.1693125
Cc1ccccc1-c(cn2)c(n23)nc(-c4cccs4)nc3NCC[NH+](C)C,-5.418,27,-0.20066666666666666
Fc(c1)cccc1-c(n2)cc(nc2C)Nc3ncc(s3)-c4ccc(C(=O)N)nc4,-5.418,29,-0.18682758620689655
C[N@@H+]1CCO[C@@H](C1)CNc(nc2)nc(c23)nc(-c4ccccn4)c(c3)-c5cnccn5,-5.417,31,-0.17474193548387096
Cc1ccccc1-c(cn2)c(n23)nc(cc3NC(C)C)-c4ccc(C(=O)N)cc4,-5.417,29,-0.18679310344827585
CNc(n1)c(C(=O)N)c(n12)nc(-c3ccc(OC)cc3)cc2-c4ccc(o4)C,-5.416,28,-0.19342857142857145
Cc1cccc(c1)[C@H]([NH3+])Nc(ncn2)c(c23)c(-c4cn(C)nc4C)c(o3)-c5cc(C)c(=O)n(C)c5,-5.415,35,-0.15471428571428572
CCNc(n1)c(C(=O)N)c(n12)nc(-c3ccnn3C)cc2-c4cccnc4,-5.415,27,-0.20055555555555557
CCCNc(n1)c(C(=O)N)c(n12)nc(-c3ccccn3)cc2-c4ccc(F)cc4,-5.415,29,-0.18672413793103448
c1cc(F)ccc1-c(n2)cc(-c3cnccc3C)n(c24)nc(c4C(=O)N)Nc5cnn(C)c(=O)c5,-5.415,35,-0.15471428571428572
Cc1cc(no1)Nc(n2)c(C(=O)N)c(n23)nc(-c4cccnc4)cc3-c5cccnc5,-5.414,31,-0.17464516129032256
c1ccccc1-c(c(c2)NCC)cc(c23)ncc(C#N)c3NC(C)C,-5.414,25,-0.21655999999999997
COC(=O)c1cccc(c1)-c(cc2)nc(c23)c(=[NH+]\c4cccc(n4)C)\nc([nH]3)N[C@H](C)c5cccc(C(F)(F)F)c5,-5.413,41,-0.13202439024390245
c1cc(O)ccc1-c2nc(-c(c3)cc(cc3OC)OCC(=O)N)nc(c24)ccc(c4)-c5coc(n5)C,-5.413,36,-0.1503611111111111
c1ncccc1-c2cc(-c(c3)cncc3C(=O)N)cc(c24)cnc(n4)NCC[NH+]5CCC5,-5.412,32,-0.169125
Fc1cccc(c1)-c2ncc(-c3nccs3)c(n2)N[C@@H]4CCCC[NH2+]4,-5.411,25,-0.21644
Cn1c(C)[nH+]cc1-c2cnn(c23)c(N[C@@H](C)c(cc4)ccc4CC)cc(n3)-c5cncc(c5)CN(C)C,-5.411,37,-0.14624324324324323
c1ncccc1-c(n2)nc(NC)n(c23)ncc3-c4ccco4,-5.41,22,-0.2459090909090909
C#C[C@H](C)Nc(nc1)nc(c12)c(nc(c2)C)-c3ccccc3,-5.41,22,-0.2459090909090909
Nc1ccncc1-c(cc2)nc(c23)c(NC)nc([nH+]3)N[C@H](C)c4cccc(C)c4,-5.407,29,-0.18644827586206897
CCNc(c(C#N)cn1)c(c12)cc(NC(=S)N)c(c2)-c3ccccc3,-5.406,25,-0.21624
CCCNc(ncn1)c(c12)cc(c(c2)-c3ccc(o3)CO)-c4cccc(c4)NC(=O)C,-5.406,31,-0.17438709677419353
Cn(c1)ncc1-c(n2)ccc(c23)[nH+]c(N[C@@H](C)c4ccccc4)nc3N[C@H](C)[NH+]5CCCCC5,-5.406,34,-0.159
O=c(c1)ccccc1-c(c(c2)NC)cc(c23)ncc(C#N)c3NC(C)C,-5.405,26,-0.2078846153846154
c1ccccc1-c(cc2)cc(c23)c(-c(cc4)ccc4C)nc(n3)-c5cc(F)ccc5N(C)C,-5.405,33,-0.1637878787878788
Cc1ccccc1-c(c2)c(cc(c23)c(NC)c(C#N)cn3)NC(=O)c4cc(OC)ccc4C,-5.404,33,-0.16375757575757577
CC[N@H+](C)CCNc1nc(NCc2ccc(C)cc2)ncc1-c3ccc(C)cc3,-5.404,29,-0.1863448275862069
s1cccc1-c(n2)nc(NCCC)n(c23)ncc3-c4cccs4,-5.403,23,-0.23491304347826086
C1COCC[NH+]1CCNc2nc(N[C@@H](C)c(c3)cccc3C)[nH+]c(c24)ccc(n4)-c5ccc(cc5)C(=O)CN(C)C,-5.403,41,-0.13178048780487803
Cc1ccccc1CNc2[nH+]c(NCC(=O)N)ncc2-c3cccc(C(F)(F)F)c3,-5.403,30,-0.18009999999999998
Cc1ccc(cc1)[C@H](C)Nc(n2)c(ncnc3)c3c(c24)ccc(c4)-c5cn(ccc5=O)CC(=O)NC(C)C,-5.402,38,-0.14215789473684212
COc1cccc(c1)-c(cn2)c(n23)nc(-c4cccc(F)c4)nc3NCCC[NH+](C)C,-5.402,31,-0.17425806451612905
Cc1ccc(cc1C)NC(=O)CNc2ncc(c(n2)-c3ccco3)-c4ccoc4C,-5.402,30,-0.18006666666666668
C[C@H](O)c1ccccc1-c2cnc(-c3nccn3C)nc2N[C@H](C)c4ccccc4,-5.402,30,-0.18006666666666668
CC(C)NC(=O)Nc(n1)c(ncnc2)c2c(c13)ccc(c3)-c4ccn(n4)C,-5.402,27,-0.20007407407407407
Cc1nn(C)c(c1C)-c2cnc(NCCN3CCCC3)nc2-c4ccccc4,-5.402,28,-0.19292857142857142
c1ccccc1-c(nc(c23)n(C)cn2)nc3NCc(cc4)cc(c45)OCCO5,-5.401,28,-0.19289285714285714
Cc1cccc(c1)CNc(ncn2)c(c23)cc(c(c3)-c4cc(C)on4)-c5cccc(c5)CO,-5.4,33,-0.16363636363636364
Cn1c(F)c[nH+]c1-c(n2)cc(-c(cc3)ccc3C)n(c24)nc(c4C(=O)N)NCc5cccc(C)c5,-5.4,35,-0.1542857142857143
CC[N@H+](C)[C@H](C)c1ccc(cn1)-c2nc(ncc2-c3cccnc3)N[C@H](C)COc4cccc(C)c4,-5.4,36,-0.15000000000000002
NC(=O)c1cnc(nc1)-c2cnc(-c3ccc(F)cc3)nc2NCCc4ccccc4,-5.4,31,-0.17419354838709677
FC(F)(F)c(c1)cc(cc1C)[C@H](C)Nc(ncn2)c(c23)cc(S(=O)(=O)C(C)(C)C)c(c3)-c4ncco4,-5.399,36,-0.14997222222222223
Cn(c1)ncc1-c2c[nH+]c(nc2NCC)NCc3cccc(F)c3,-5.398,24,-0.22491666666666665
Cc1ccc(cc1)[C@H](C)c(c2)nc(c(c23)nccn3)NCCO,-5.398,23,-0.23469565217391303
c1cc(Cl)ccc1-c(n2)ccc(c23)[nH+]c(NCC)nc3Nc4cc(no4)[C@@H]5CC[NH2+]C5,-5.397,31,-0.17409677419354838
n1ccccc1-c(c2)cc(-c(c3C)cnn3C)c(c24)nc(nc4)N[C@@H]5CCOC5,-5.397,29,-0.1861034482758621
Cn1c(C)c[nH+]c1-c(cn2)c(n23)nc(-c4cccc(F)c4C)cc3NCC[NH+]5CCCC5,-5.396,32,-0.168625
Cc(c1)cccc1-c2cnn(c23)c(NC(=O)COC)cc(n3)C(=O)c4cc(N)cc(C(F)(F)F)c4,-5.396,35,-0.15417142857142857
c1cc(C)ccc1-c(c2)c(cc(c23)c(NCC)c(C#N)c[nH+]3)NCCN(C)c4ccc(C)cc4,-5.396,34,-0.15870588235294117
COc1ccc(cc1)CNc2nc(NCc3ccccc3C)ncc2-c4ccncc4,-5.395,31,-0.1740322580645161
COc1cc(C)ccc1-c(c2C)c(=O)n(C)c(c23)nc(nc3)NCC[NH+]4CCOCC4,-5.395,31,-0.1740322580645161
FC(F)(F)c(c1)cccc1-c(nc(C)c2)c(c23)nc(nc3)NC[C@@H]4CC[NH2+]C4,-5.395,28,-0.19267857142857142
Cc(c1)cccc1-c(n2)nc(NCOC)n(c23)ncc3-c4ccccc4,-5.394,26,-0.20746153846153847
c1cc(F)ccc1-c(n2)cc(nc2C)Nc3ncc(s3)-c4cccc(c4)N(C)C,-5.394,29,-0.186
Cc1cccc(c1)CNc(nc[nH+]2)c(c23)cc(-c4ccn(n4)C)c(c3)-c5cc(CO)ccc5C,-5.394,34,-0.15864705882352942
Cn1c(=O)cncc1-c(c(=O)n2C)c(C)c(c23)cnc(n3)NCC(=O)NCc4ccccc4,-5.394,33,-0.16345454545454546
Cc1ccc(cc1)CNc2ncc(-c3cccc(F)c3)c(n2)-c4cccc(F)c4,-5.393,29,-0.1859655172413793
CCCNc1ncc(-c2ccccc2F)c([nH+]1)NCc3ccccc3C,-5.393,26,-0.2074230769230769
c1ccccc1-c2cnc(nc2NCC#C)NCc3ccccc3Cl,-5.393,25,-0.21572
COc1cc(ccn1)-c(cn2)c(n23)nc(-c4ccco4)nc3NCC[NH+](C)C,-5.393,28,-0.19260714285714284
Brc(c1)cccc1-c2nc(C(=O)C(C)C)nc(c23)ccc(c3)-c4cc(N)ccc4O,-5.393,30,-0.17976666666666666
c1cnccc1-c(cn2)c(n23)nc(-c(c4)cccc4OC)nc3NC[C@@](F)(C)c5ccccc5,-5.393,34,-0.15861764705882353
Cn1ccnc1-c(c(c2)OC)cc(c23)ncc(C#N)c3N[C@H](C)c4cccc(c4)[C@H](C)O,-5.393,32,-0.16853125
CSc(cc1)ccc1[C@H](CC)Nc(nc2)nc(c23)nc(-c4ccn(n4)CC)c(c3)-c5ccncc5,-5.393,35,-0.15408571428571427
CNCC(=O)Nc1ncc(-c2cccnc2)c(n1)-c3coc(C)c3,-5.393,24,-0.22470833333333332
CS(=O)(=O)c1cccc(c1)NC(=O)c(cc2)cc(c23)nc(NC[C@H](O)c4cc(N)cc(C(F)(F)F)c4)c5c3cnc(n5)NC6CC6,-5.392,46,-0.11721739130434783
OCCCCNc(c(c12)nccn2)nc(c1)-c3ccccc3Cl,-5.392,23,-0.23443478260869566
COc1ccc(cc1)CNc2nc(NC(C)C)[nH+]cc2-c3ccccc3,-5.391,26,-0.20734615384615385
OCc1nccnc1-c2cnc(-c3ccc(Br)cc3)nc2NCc4ccccc4,-5.391,29,-0.18589655172413794
OCc(cc1)ccc1\[NH+]=c2\nc(NCc(c3)cccc3C)[nH]c(c24)ccc(n4)-c5cccc(c5)NC(C)C,-5.391,38,-0.1418684210526316
COc1cc(C)ccc1Cc2ncc(-c3ccccc3O)c(n2)N[C@H](C)c4cc(N)cc(C(F)(F)F)c4,-5.391,37,-0.1457027027027027
Cc1ccc(cc1C)[NH2+][C@H](C)Nc(ncn2)c(c23)ccc(c3)-c4cnn(C)c4,-5.39,28,-0.19249999999999998
CCNc(c(C#N)cn1)c(c12)cc(NS(=O)(=O)C)c(c2)-c3cccc(c3)/C=N/[H],-5.39,28,-0.19249999999999998
FC(F)(F)c(c1)cccc1[C@@H](CO)Nc(nc2)nc(c23)c(-c(cn4)cn4CC)cc(c3)[C@]5(C)CN(C(=O)CN)CCN5[C@H](C)C(=O)N(C)C,-5.389,49,-0.1099795918367347
CCNc(c(C#N)cn1)c(c12)cc(N[C@H](C)CO)c(c2)-c3ccccc3,-5.389,26,-0.2072692307692308
c1ccccc1Nc2nc(NCC)[nH+]c(c23)ccc(n3)-c4ccccc4,-5.388,26,-0.20723076923076922
Cc1ccc(cc1C)-c2c[nH+]c(NCc3ccccc3)nc2NCCC[NH+](C)C,-5.387,29,-0.18575862068965515
CCNc1ncc(-c2ccc(F)cc2)c([nH+]1)NCc3cccc(c3)OC,-5.387,26,-0.20719230769230768
CCc1cccc(c1)-c(cc2)nc(c23)c(nc([nH+]3)NCC[NH+](C)C)NC[C@H](C)Nc4ccc([NH3+])cc4C,-5.386,37,-0.14556756756756756
COc(c1)c(O)ccc1-c(c[nH+]c2NC)c(n2)NCC(=O)Nc3cccc(C(F)(F)F)c3,-5.386,32,-0.1683125
Cc1ncccc1-c(cc2C)nc(n2)N[C@@H]3CCN(C3)c(cc4)cc(c45)nccc5,-5.386,30,-0.17953333333333335
c1ccccc1CNc(nc2NCCCO)[nH+]cc2-c3cccnc3,-5.385,25,-0.21539999999999998
O=c1nccc(n1C)-c(cc2)cc(c23)c(-c4ccc(O)cc4)nc(n3)-c5ccoc5,-5.385,30,-0.1795
CNc1[nH+]cc(c(n1)NC)-c2ccc(C(=O)N)cc2,-5.384,19,-0.2833684210526316
Cc1ccccc1CNc(nc2Nc3cccs3)[nH+]c(c24)ccc(n4)-c5cccc(c5)NC(C)C,-5.384,35,-0.15382857142857143
COc1ccc(cc1O)-c2cnc(s2)Nc3cc(nc(n3)C)-c4cccc(F)c4,-5.384,29,-0.18565517241379312
C#C[C@H](C)Nc(nc1)nc(c12)c(nc(c2)C)-c3ccccc3CO,-5.384,24,-0.22433333333333336
CC[N@@H+]1CC[C@@H](C1)CNc2nc(-c3ccc(F)cc3)ncc2-c4cccc(Cl)c4,-5.384,29,-0.18565517241379312
c1cc(F)ccc1-c(nc(C)c2)c(c23)nc(nc3)NC[C@@H]4CC[NH2+]C4,-5.383,25,-0.21532
CCCn1cc(cn1)-c2cnc(NCC[NH3+])nc2-c3ccc(C)cc3,-5.383,25,-0.21532
Cc1ccoc1-c2cnc(nc2N[C@H](C)C[NH3+])-c3cccnc3C,-5.382,24,-0.22424999999999998
C[NH+](C)CCc(cn1)c(n12)nc(-c3ccoc3)nc2NC(F)(F)CO,-5.382,25,-0.21528
CC(C)([NH3+])c(c1)cccc1[C@@H](C)Nc2nc(NCc3ccccc3C)nc(c24)ccc(n4)-c5cccc(c5)NC(C)C,-5.381,42,-0.12811904761904763
Cc1ccccc1CNc2nc(NCc3ccccc3Cl)[nH+]cc2-c4cccc(c4)C[NH3+],-5.381,32,-0.16815625
COc1cccc(c1)-c(c2C)c(=O)n(-n3ccnc3C)c(c24)nc(nc4)N[C@H](C)c5ccc(N)cc5,-5.381,36,-0.14947222222222223
CNC(=O)Oc1ccccc1-c(c2)nc(c(c23)nccn3)NCc4cccc(c4)COC(C)C,-5.381,34,-0.15826470588235295
CC[N@H+]1CC[C@@H](CC1)[C@H](C)Nc(ncn2)c(c23)cc(-c4cccc(Cl)c4)c(c3)-c5cccc(c5)C(=O)N,-5.38,37,-0.1454054054054054
CCCNc(n1)c(C(=O)N)c(n12)nc(-c3ccc(OC)cc3)cc2-c4cccc(F)c4,-5.379,31,-0.17351612903225805
Cc1cc(C)cc(c1)NC(=O)CNc(c(c23)cccc3)nc([nH+]2)Cc4cc(C)ccc4C,-5.379,32,-0.16809375
C1CCC[NH+]1CC/[NH+]=c2\nc(NCC)[nH]c(c23)ccc(n3)-c4nccn4C,-5.379,27,-0.19922222222222222
CCCn1c[nH+]cc1-c(cc2)cc(c23)ncnc3N[C@H](C)[NH2+]c4ccc(C)c(C)c4,-5.378,30,-0.17926666666666666
[NH3+][C@@H]1CC[C@@H](C1)Nc2nc(-c3ccccc3Cl)ncc2-c4ccccc4O,-5.377,27,-0.19914814814814813
NC(=O)c(cn1)ccc1-c(c(c2)NC)cc(c23)ncc(C#N)c3NC,-5.376,25,-0.21504
CN(C)[C@@H](C)n1cc[nH+]c1-c2cc(-c3cncn3CC)cc(c24)cnc(n4)N[C@H](C)c5cc(C)cc(N)c5,-5.375,38,-0.14144736842105263
CC(=O)Nc(c(C#N)cn1)c(c12)cc(c(c2)-c3ncno3)NC(=O)c4ccc(C(F)(F)F)cc4,-5.375,34,-0.15808823529411764
Fc1ccccc1-c(cc2)nc(c23)c(Nc4ccccn4)nc([nH+]3)NCC[NH2+]C5CCCCC5,-5.374,34,-0.15805882352941175
n1ccccc1-c(c(c2)NCC)cc(c23)ncc(C#N)c3NCc4cccc(c4)NC(=O)C,-5.374,33,-0.16284848484848483
c1ncccc1-c(c(c2)NC(C)C)cc(c23)ncc(C#N)c3NCC(=O)N,-5.374,27,-0.199037037037037
Fc(c1)cccc1-c2nc(CCC)nc(c23)ccc(c3)-c4ccc(N)cc4,-5.373,27,-0.199
Cc1ccc(cc1)CNc2ncc(-c3c(C)noc3C)c(n2)N[C@H](C)c4ccc(C)cc4,-5.373,32,-0.16790625
CC(C)Nc(nc1)nc(c12)c(-c3ccncc3)cc(c2)-c4cnn(c4)CCC(=O)N,-5.373,30,-0.1791
OCc1ccccc1[C@H](C)Nc(ncn2)c(c23)cc(S(=O)(=O)C(C)(C)C)c(c3)-c4cccc(c4)N(C)C,-5.372,37,-0.1451891891891892
Cc1ccc(c(N)c1)CNc2nc(NCc3ccccc3Cl)[nH+]cc2-c4scnc4C,-5.371,31,-0.17325806451612905
o1cccc1-c(n2)cc(NCC(F)(F)N)n(c23)ncc3-c4ccc(F)cc4,-5.371,27,-0.19892592592592595
Cc1cccc(c1)[C@H](C)Nc(nc2)nc(c23)c(-c4cc(C)c(=O)n(C)c4)cc(c3)-c5cncc(c5)C(=O)N,-5.371,38,-0.1413421052631579
CCCNc(ncn1)c(c12)cc(c(c2)OC)-c3ccccc3F,-5.371,23,-0.2335217391304348
CN(C)C(=O)c(c1)cccc1-c(c(n2)-c(c3C)ccn3C)cc(c24)cnc(n4)NCC[N@H+]5CCC[C@@H]5C,-5.37,37,-0.14513513513513515
c1cnccc1-c(cn2)c(n23)nc(-c(c4)cccc4C)nc3NC[C@@H]5CCCN5C,-5.37,30,-0.179
CC(=O)Nc1cccc(c1)-c2cnc(-c3ccc(F)cc3)nc2NCc4cccc(c4)N5CCCCC5,-5.37,37,-0.14513513513513515
Cc1ncc(n1C)-c2cnc(NCc3ccccc3)nc2NCCc4ccccc4,-5.37,30,-0.179
FC(F)(F)c(c1)cccc1CN2CC[C@H](CC2=O)Nc3ncc(-c4ccccc4)c(n3)NCc5ccccc5,-5.37,39,-0.1376923076923077
c1cc(F)ccc1-c(c(c2)S(=O)(=O)C(C)(C)C)cc(c23)ncnc3N[C@H]([NH3+])c4cc(N)cc(C(F)(F)F)c4,-5.369,38,-0.14128947368421052
CN(C)C(=O)Cn(c(=O)c1)ccc1-c(o2)c(-c(cc3OC)ccc3OC)c(c24)c(ncn4)N[C@H](C)c5cccc(c5)C[NH3+],-5.368,43,-0.12483720930232559
NC(=O)Cn1cc[nH+]c1-c(cc2)cc(c23)ncnc3NCC(F)(F)c4ccc(N)cc4,-5.367,31,-0.1731290322580645
Cc1ccccc1[C@H](C)Nc(nc2)nc(c23)c(-c4cccc(=O)n4C)cc(c3)[C@@H]5CCN(C5)c6ccccn6,-5.367,39,-0.1376153846153846
CC(C)Nc1cccc(c1)-c(cc2)nc(c23)c(nc([nH+]3)NCC[NH+](C)C)NCc4cc(N)cc(C(F)(F)F)c4,-5.367,39,-0.1376153846153846
Cc1cc(N)cc(c1)C(=O)Nc(n2)c(ncnc3)c3c(c24)ccc(c4)-c5ccnnc5C,-5.366,32,-0.1676875
CC(C)CNc1nc(NCC)[nH+]c(c12)ccc(n2)-c3cccc(c3)NC(C)C,-5.366,28,-0.19164285714285714
Cc1nc(co1)-c(cc2)cc(c23)c(-c4ccc(CO)cc4)nc(n3)-c5ccccc5CO,-5.366,32,-0.1676875
Cc1ccc(cc1)CNc2nc(-c3[nH+]ccn3C)ncc2-c4ccccc4[C@H](C)O,-5.366,30,-0.17886666666666665
Nc1ccccc1-c(n2)nc(-c(n3)ccnc3C)c(c24)cc(cc4)-c5ccccc5C,-5.365,31,-0.17306451612903226
[NH3+]CCNc(n1)c(ncnc2)c2c(c13)ccc(c3)-c4ccc(=O)oc4,-5.365,25,-0.2146
Cc1nocc1-c(c2)c(-c3ccc(F)cc3)cc(c24)ncnc4N[C@@H]([C@H](C)O)c5ccccc5,-5.364,34,-0.15776470588235295
NCc(c1)cccc1C(=O)c(n2)cc(NC[C@H](C)CO)n(c23)ncc3-c4cccc(C(F)(F)F)c4,-5.364,35,-0.15325714285714284
Cn1c(C)ncc1-c(cn2)c(n23)nc(CCOC)cc3N[C@H](C)c4ccccc4,-5.364,29,-0.1849655172413793
Cc1ccc(cc1)-c(nc(C)c2)c(c23)nc(nc3)N[C@H](N)c4cc(Cl)ccc4C,-5.363,29,-0.18493103448275863
COc1cccc(c1)-c(cc2)cc(c23)nc(N[C@H](C)c4ccc([NH3+])cc4)c5c3cnc(n5)NC6CC6,-5.363,36,-0.14897222222222223
CC(=O)N(CC1)CCC1Oc(c(c2)OC)cc(c23)c(nc[nH+]3)N[C@H](C)c4ccccc4,-5.363,31,-0.17300000000000001
c1cc(C)ccc1CNc(nc2NCC)ncc2-c3cccc(c3)OC,-5.362,26,-0.20623076923076925
C1CCCn(c12)c(nn2)-c(c(c3)OC)cc(c34)c(nc[nH+]4)N[C@H](C)c5ccc(N)cc5[C@H](C)O,-5.362,34,-0.15770588235294117
CC(C)c1cccc(c1)[C@H](C)Nc2nc(-c3[nH+]ccn3C)ncc2-c4ccccc4[C@H](C)O,-5.362,33,-0.16248484848484848
CC(C)Nc(ncn1)c(c12)cc(-c3ccc(C(=O)N)cc3)c(c2)-c4ccnn4Cc5ccccc5,-5.362,35,-0.1532
Cc1cc(nc(n1)C)-c2cnc(-c3cccc(C(F)(F)F)c3)nc2N[C@H](C)C[NH3+],-5.362,29,-0.18489655172413794
c1cc(F)ccc1-c(nc2NC)ncc2-c3ccc(C)cn3,-5.361,22,-0.24368181818181817
Cc1noc(n1)-c2cnc(NCC[NH3+])nc2-c3cccnc3,-5.361,22,-0.24368181818181817
FC(F)c(c1)cc(N)cc1[C@H](C)Nc(ncn2)c(c23)c(cc(c3)-c4ccccn4)-c5cccn5CC(=O)N,-5.36,38,-0.14105263157894737
Brc(c1)cccc1-c2cnc(nc2NCOC)NCc3cc(C)ccc3C,-5.36,27,-0.19851851851851854
Fc1ccc(cc1)CCNc(nc[nH+]2)c(c23)ccc(c3)-c4cccc(F)c4,-5.359,27,-0.19848148148148148
CN(C)C(=O)C[N@H+](CC1)CC[C@H]1c2cc([C@@H](C)c(cc3C)ccc3C)cc(c24)ncnc4NC(F)(F)c5ccc(C(F)F)c(N)c5,-5.359,46,-0.1165
OCCNc(n1)c(C(=O)N)c(n12)nc(-c3cccs3)cc2-c4ccc(F)cc4,-5.359,28,-0.19139285714285714
NC(=O)Cn(c1)ncc1-c(n2)nc(-c(cc3C)nn3C)c(c24)cc(cc4)-c5ccccc5F,-5.358,33,-0.16236363636363635
NC(=O)c1cccc(c1)-c(cc2)cc(c23)c(-c4cccnc4)nc(n3)-c5ccccc5,-5.358,31,-0.17283870967741935
Cc(c1)cccc1C(=O)Nc2cc(-c(cc3)ccc3C)nc(n24)c(cn4)-c5cnccc5CN,-5.358,34,-0.15758823529411764
c1cccc(c12)nc(-c(cn3C)ccc3=O)nc2Nc4cc[nH+]cc4,-5.357,25,-0.21428
COc(c1)c(OC)cc(c12)c(ncn2)NCCC(=O)Nc3cc(C)cc(C)c3C,-5.357,29,-0.18472413793103448
Cc1ccc(cc1)CNc2[nH+]cc(-c3ccnn3C)c(n2)NC[C@H](O)c4cccc(C)c4,-5.356,32,-0.167375
CC(C)n(c1)ncc1-c2cc(-c(cc3C)cc([nH+]3)C(C)C)cc(c24)cnc(n4)N[C@H](C)c5ccccc5,-5.356,37,-0.14475675675675675
CN1CCN(CC1=O)C(=O)Cc2ccc(cc2)-c(cc3)cc(c34)nc(c5c4cncn5)N[C@@H]6CC[N@H+](CC6)Cc7ccccc7,-5.354,45,-0.11897777777777778
CCc1cccc(c1)-c(cc2)nc(c23)c(nc([nH+]3)NCC[NH+](C)C)NC[C@H](C)[NH2+]c4ccc(N)cc4C,-5.354,37,-0.14470270270270272
Cc1cn(C)cc1[C@H](C)Nc(ncn2)c(c23)c(-c4cn(C)c[nH+]4)cc(c3)C(=O)Cc5ccc(C(F)(F)F)cc5,-5.354,39,-0.1372820512820513
Cc1ccccc1-c(o2)c(-c(c3)cc(OC)cc3OC)c(c24)c(ncn4)NCc5cc(C)cc(C)c5,-5.353,36,-0.14869444444444443
COc1cccc(c1C)-c(c2)c(-c3ccco3)nc(c24)nc(nc4)NCC[N@H+]5CCC[C@@H]5C,-5.353,33,-0.1622121212121212
c1cccc(c12)C(=O)[C@@H](CC2)Nc(nc3NC)[nH+]cc3-c4cccnc4C,-5.353,27,-0.19825925925925925
CN(C)[C@@H](C)c(nc1)ccc1-c(cn2)c(n23)nc(-c(cc4)ccc4C)cc3N[C@H](C)c5ccc(C)c(N)c5,-5.353,38,-0.14086842105263156
COc1ccc(cc1)-c2cnc(NCCO)nc2[C@@H]3CC[N@H+](C)C3,-5.353,24,-0.22304166666666667
Oc(c1)cccc1-c(cc2)cc(c23)c(-c(c4)cccc4C)nc(n3)-c5cccc(c5)C(=O)N,-5.353,33,-0.1622121212121212
OCCNc(c(C#N)c[nH+]1)c(c12)cc(c(c2)-c(nn3)ccc3C)NCc4ccccc4C,-5.352,32,-0.16725
n1ccnn1-c(c(c2)OC)cc(c23)c(ncn3)N[C@@H]4CCN(C4)Cc5ccccc5,-5.352,30,-0.1784
CCCNc(n1)c(C(=O)N)c(n12)nc(-c3ccco3)cc2-c4ccco4,-5.352,26,-0.20584615384615385
NC(=O)c(nc1)ccc1-c2nc(-c(o3)ccc3C)nc(c24)ccc(c4)-c5cccc(c5)C(=O)N,-5.352,34,-0.15741176470588236
c1ccccc1[C@H](C)Nc(ncn2)c(c23)cc(S(=O)(=O)C(C)(C)C)c(c3)-c4cnc(o4)[C@@H]5CCC[NH2+]5,-5.351,36,-0.14863888888888888
o1cccc1-c(n2)ccc(c23)nc(NCc(cc4)ccc4OC)nc3N[C@H](C)c5cccc(c5)C[NH3+],-5.351,36,-0.14863888888888888
NC(=O)c(c1)cccc1-c(c(c2)OC)cc(c23)ncc(C#N)c3NCC[NH+](C)C,-5.35,29,-0.18448275862068964
Clc(c1)cccc1[C@H](C)Nc(ncn2)c(c23)cc(-c4cn(c(=O)cn4)CCC[NH+](C)C)c(c3)-c5ccc(cc5)NC(=O)N(C)C,-5.35,45,-0.11888888888888888
CN(C)C(=O)c1cc(ccn1)-c(cn2)c(n23)nc(nc3NC(=O)N)-c4ccc(N)cc4,-5.35,31,-0.17258064516129032
Cc1ccccc1CNc2[nH+]c(N[C@H](C)c3ccc(C[NH3+])cc3)ncc2-c4cncc(F)c4,-5.349,33,-0.1620909090909091
Cc1ccccc1CNc2ncc(-c3ccc(F)cc3)c(n2)-c4cc(C)n(n4)C,-5.348,29,-0.18441379310344827
CC(=O)N1CCC(CC1)Nc2nc(NCc3ccc(C)cc3)[nH+]cc2-c4ccnn4C,-5.348,31,-0.17251612903225805
Cc1cccc(c1)-c(c2)c(-c3ccncc3)nc(c24)nc(nc4)NCc5ccccc5,-5.348,31,-0.17251612903225805
c1ccccc1CCNc(nc2NCC)ncc2-c3cc(Cl)ccc3OC,-5.347,27,-0.19803703703703704
c1cc(C)ccc1-c(n2)nc(-c(cn3)cn3CC(=O)C)c(c24)cc(cc4)-c5ccc(C)cc5,-5.347,33,-0.16203030303030305
Cc1ccccc1-c(cc2C)nc(n2)NCC[NH+]3CCN(CC3)CCn4ccnc4,-5.347,30,-0.17823333333333335
c1cccc(c12)c(NC)nc(n2)-c3cccc(c3)NC(=O)C,-5.346,22,-0.243
CCNc(n1)c(C(=O)N)c(n12)nc(-c3ccccc3)cc2-c4cc(Br)ccc4OC,-5.346,30,-0.1782
Cc1cccc(c1)CNc2nc(Nc3ccc(F)cc3)ncc2-c4cnnc(c4)CN(C)C,-5.346,33,-0.162
C[N@H+]1CC[C@@H](CC1)Nc(nc2)nc(c23)nc(-c4nccn4C)c(c3)-c5cccnc5,-5.346,30,-0.1782
CCn1cc(C)c(c1)-c(c2)c(OC)cc(c23)c(c(cn3)C#N)NCC[NH+](C)C,-5.346,28,-0.19092857142857142
COc1cccc(c1)-c(c2C)c(=O)n(CC[N@@H+](C)[C@@H]3CCCO3)c(c24)nc(nc4)N[C@H](C)c5cccc(C(F)(F)F)c5,-5.345,42,-0.12726190476190474
CN(C)S(=O)(=O)\N=c([nH]c1)\ccc1-c(c(c2)-c(cc3)ccc3OC)cc(c24)ncnc4NCc5cccc(C)c5,-5.345,40,-0.133625
Cc1cc(nn1C)-c(cc2)cc(c23)[nH+]cnc3N[C@H](C)c4cccc(c4)CCO,-5.345,29,-0.1843103448275862
COc(c1)c(O)ccc1-c(c[nH+]c2NC)c(n2)NCc3c(C)cccc3C,-5.344,27,-0.19792592592592595
CCCNc(n1)c(ncnc2)c2c(c13)ccc(c3)-n4ccccc4=O,-5.343,25,-0.21372
Cc1ccc(cc1)-c(c2)c(-c3ccc(C(=O)N)cc3)nc(c24)nc(nc4)N[C@@H]5CC[N@@H+](C)CC5,-5.343,34,-0.15714705882352942
c1ccccc1CNC(=O)Nc(nc2-c(cc3=O)ccn3\C=C\C)ncc2-c4cccnc4OC,-5.343,35,-0.15265714285714285
Cc1cccc(c1)[C@H](C)Nc(nc2N[C@@H]3CCOC3)[nH+]c(c24)ccc(n4)-c5cncc(c5)CN(C)C,-5.343,36,-0.14841666666666667
C[NH+](C)CCNc(c(c12)ncn2C)nc(n1)-c3cccc(F)c3,-5.342,23,-0.23226086956521738
Fc1ccccc1-c(c(c2)OC)cc(c23)c(nc[nH+]3)N[C@H](C)COc4ccc(C)cc4,-5.34,31,-0.17225806451612902
Cc1ccc(cc1)-c(nc(c23)n(cn3)C)nc2NCC[NH3+],-5.339,21,-0.25423809523809526
FC(F)(F)c(c1)cccc1-c(n2)nc(NCC[NH+](C)C)n(c23)ncc3-c4ccnnc4,-5.338,31,-0.17219354838709677
c1ccccc1C[N@H+]2CC[C@@H](C2)Nc(nc(n3)-c4ccsc4)n(c35)ncc5-n6ccnc6,-5.338,32,-0.1668125
Cc1nonc1-c(n2)ccc(c23)nc(NCC)nc3NC(=O)Nc4cc(C)ccc4C,-5.338,31,-0.17219354838709677
COc1ccc(cc1)[C@H](C)Nc2[nH+]cc(-c3cnccn3)c(n2)NCc4cccc(c4)OC,-5.337,33,-0.16172727272727272
CCc1ccc(cc1)-c2cnc(NCc3ccc(C)cc3)nc2NC(=O)Nc4ccc(C)cc4,-5.337,34,-0.1569705882352941
Cc1cccc(c1)CNc2nc(Nc3ccncc3)ncc2-c4cnccn4,-5.336,28,-0.19057142857142859
CCOc1cc(N)cc(c1)-c(c2)c([C@H](C)c3ccc(C)cc3)cc(c24)c(ncn4)NC[C@H](O)c5ccccc5,-5.335,39,-0.1367948717948718
Cc1cccc(c1)CNc2ncc(c(n2)NC(C)C)-c3ccc(N(C)C)cc3,-5.335,28,-0.19053571428571428
c1ccccc1-c(cc2C)nc(n2)NC(=O)Nc3cccc(C)c3C,-5.334,25,-0.21336
Cc1ccc(nn1)-c(c2)c(-c3cccnc3)cc(c24)c(nc[nH+]4)N[C@@H]([C@H](C)O)c5ccccc5,-5.334,34,-0.15688235294117647
COc1ccc(cc1)CNc2nc(N[C@H](C)c3ccc(o3)C)ncc2-c4ccc(nc4)[C@@H]5CCC[N@@H+](C5)CC(=O)N,-5.333,41,-0.13007317073170732
CCCNc(n1)c(C(=O)N)c(n12)nc(-c3cccnc3)cc2-c4ccc(Br)cc4,-5.332,29,-0.18386206896551724
c1ncccc1-c2cnc(nc2-c(cc3)ccc3C)N[C@H](C)c4cccc(c4)[NH+](C)C,-5.331,31,-0.1719677419354839
CN(C)c1ccc(C(F)(F)F)cc1[C@H](C)Nc(nc2)nc(c23)c(-c4ccc(nn4)C[NH+](C)C)cc(c3)-c5ccccc5F,-5.331,43,-0.12397674418604653
COc(c1)c(N)cc(c12)c(nc[nH+]2)NCC(=O)Nc3ccc(C)c(C)c3,-5.33,26,-0.20500000000000002
COc1cccc(c1)CNc2[nH+]c(N[C@H](C)c(cc3)cc(c34)OCO4)ncc2-c5ccnn5C,-5.33,34,-0.15676470588235294
c1cc(C)ccc1CNc(nc2NCC)[nH+]cc2-c3c(C)noc3C,-5.329,25,-0.21316
CN1CCN(CC1=O)C(=O)Cc2ccc(cc2)-c(cc3)cc(c34)nc(c5c4cncn5)NC(=O)C6(CC6)Cc7ccccc7,-5.329,44,-0.12111363636363635
CC(C)Nc(ncn1)c(c12)ccc(c2)-c3cccc(=O)n3C,-5.328,22,-0.2421818181818182
Cc1cc(N)cc(c1)C(=O)Nc(n2)c(ncnc3)c3c(c24)ccc(c4)-c5ccco5,-5.328,30,-0.1776
C1CCCCCN1CC(=O)Nc(c(c23)nccn3)nc(c2)-c4cccc(F)c4,-5.328,28,-0.1902857142857143
C[NH+](C)CCNc1ncc(-c2ccccc2)c([nH+]1)NCc3ccccc3,-5.328,26,-0.20492307692307693
c1cc(F)ccc1-c(cc2C)nc(n2)NC(=O)Nc3ccc(C)c(C)c3,-5.328,26,-0.20492307692307693
n1ccncc1Nc(cc(c23)c(NC)c(C#N)cn2)c(c3)-c4cccc(Cl)c4,-5.327,28,-0.19025
Cn1c(C)[nH+]cc1-c(cn2)c(n23)nc(CCOC)cc3NC(=O)Nc4cccc(c4)C(C)C,-5.326,33,-0.1613939393939394
[NH3+]CCCNc(ncn1)c(c12)cc(c(c2)-c3ccccc3)-c4cccc(c4)C(=O)N,-5.326,30,-0.17753333333333332
[NH3+]C[C@@H](C)Nc1nc(-c2nccn2C)ncc1-c3ccccc3,-5.326,23,-0.23156521739130434
Cc1cccc(c1)[C@H](C)Nc(ncn2)c(c23)cc(S(=O)(=O)C(C)(C)C)c(c3)-c4ccco4,-5.325,32,-0.16640625
CN(C)C(=O)c(c1)cccc1-c(c(c2)OC)cc(c23)ncc(C#N)c3NCC[NH+](C)C,-5.324,31,-0.17174193548387096
Cc1ccc(C(=O)N)c(c1)-c(c2)c(S(=O)(=O)C(C)(C)C)cc(c23)c(ncn3)NCC[NH+](C)C,-5.324,33,-0.16133333333333333
COc1cc(C)ccc1-c(c2C)c(=O)n(C)c(c23)nc(nc3)NCCN4CCOCC4,-5.324,31,-0.17174193548387096
Cn1c(=O)cccc1-c(c(c2)NC)cc(c23)ncc(C#N)c3N[C@H](C)c4cccc(C)c4,-5.324,32,-0.166375
C1CCCCCN1C(=O)c(ccn2)cc2-c(c(c34)c(ncn3)NCC[NH3+])cc(c4)-c5cccc(c5)C(=O)N6CCCC6,-5.323,42,-0.12673809523809526
COc1cnccc1-c(cc2)cc(c23)[nH+]cnc3N[C@H](C)Cc4ccccc4,-5.323,28,-0.19010714285714286
Cc1cc(cc[nH+]1)CNC(=O)CNc(c2)c(-c3ccc(=O)n(C)c3)cc(c24)ncc(C#N)c4NCCO,-5.323,37,-0.14386486486486488
Fc1ccccc1-c(n2)cc(NCC[NH2+]C)n(c23)ncc3-c4ccccc4Cl,-5.322,28,-0.19007142857142859
CCCNc(n1)c(C(=O)N)c(n12)nc(-c3ccccc3C)cc2-c4ccccc4F,-5.322,30,-0.1774
Cc1cccc(c1)-c(cn2)c(n23)nc([C@H](C)c4ccc(C(F)(F)F)cc4)cc3N[C@@H]5CCOC5,-5.322,34,-0.1565294117647059
COc1cccc(c1)[C@H](C)Nc(nc2)nc(c23)n(c(=O)c(c3C)-c4ccc(F)cc4)-c5[nH+]ccn5CC(=O)N(C)C,-5.321,41,-0.12978048780487805
n1ccccc1-c(cc2C)nc(n2)Nc3ccncc3,-5.321,20,-0.26605
c1cc(C)ccc1CNc(nc2NCCOC)[nH+]cc2-c3cccc(c3)COC,-5.321,29,-0.18348275862068963
FC(F)(F)c(c1)cccc1[C@H](C)Nc(ncn2)c(c23)cc(S(=O)(=O)C(C)(C)C)c(c3)-c4ccc(F)cc4,-5.321,37,-0.1438108108108108
CC(=O)Nc1cccc(c1)CNc(c(C#N)cn2)c(c23)cc(NC(=O)C)c(c3)-c4c[nH+]cn4C,-5.32,34,-0.15647058823529414
c1cc(C)ccc1-c(cc2)nc(c23)c(NCC)nc([nH+]3)NCc4cccc(C)c4,-5.32,29,-0.18344827586206897
CCNc1ncc(-c2nnoc2C)c(n1)NC(=O)C[NH+](C)C,-5.32,22,-0.24181818181818182
CNc1ccc(o1)-c2cnc(s2)Nc3cc(nc(n3)C)-c4ccccc4Cl,-5.32,27,-0.19703703703703704
Nc1ccccc1[C@H](C)Nc(n2)c(C(=O)N)c(n23)nc(cc3-c4ccc(F)cc4)-c5cccc(n5)C(=O)N(C)C,-5.319,40,-0.132975
c1cc(F)ccc1-c(n2)nc(N[C@@H](C)c3cccc[nH+]3)n(c24)ncc4-c5cccc(O)c5,-5.319,32,-0.16621875
Cc1ccnc(c1)-c2cnc(-c3cccnc3)nc2N[C@H](C)c4ccc(C[NH3+])cc4,-5.319,30,-0.17729999999999999
O=c(c1)n(C)c(C)cc1-c(nc(C)c2)c(c23)nc(nc3)NCCN4CCCC4,-5.319,28,-0.18996428571428572
c1ccccc1-c(nc(c23)n(C)cn2)nc3NCCN4CCCC4,-5.318,24,-0.22158333333333333
CCNc(n1)c(C(=O)N)c(n12)nc(-c3ccoc3)cc2-c4ccoc4,-5.318,25,-0.21272
COc1cccc(c1)CNc2[nH+]c(NC(C)C)ncc2-c3ccc(F)cc3,-5.318,27,-0.19696296296296295
Cc1ncccc1-c2ncc(-c3cccs3)c(n2)N[C@H](C)C[NH3+],-5.318,23,-0.23121739130434782
Oc1cccc(c1)-c(c2)c(-c3ccccc3)nc(c24)nc(nc4)NC5CCCCC5,-5.318,30,-0.17726666666666666
Cc(c1)cccc1[C@@H](C)Nc([nH+]2)nc(NCCC)c(c23)nc(cc3)-c4cccc(n4)C(=O)CN(C)C,-5.317,36,-0.14769444444444446
c1ccccc1CNc(nc2NC)ncc2-c3cccc(c3)OC,-5.317,24,-0.22154166666666666
Cc1cc(C)cc(c1)NC(=O)CNc(c(c23)cccc3)nc(n2)-c4ccccc4O,-5.317,30,-0.17723333333333333
COc1ccc(cc1C)-c2cnc(N[C@H](C)[N@H+]3CC[C@@H](C3)C(=O)N(C)C)[nH+]c2NCc4cccc(C)c4,-5.317,37,-0.14370270270270272
Cc1ccc(C)c(c1)CNc2[nH+]cc(-c3ncco3)c(n2)Nc4cccn(C)c4=O,-5.316,30,-0.1772
Cc1ccc(c(N)c1)CNc2[nH+]c(NCc3ccccc3Cl)ncc2-c4scnc4C,-5.315,31,-0.17145161290322583
CNc(n1)c(C(=O)N)c(n12)nc(cc2-c3ccco3)-c4ccc(F)cc4,-5.314,26,-0.2043846153846154
CCc1ccc(cc1)[C@H](C)Nc(nc2)nc(c23)c(cc(c3)-c4cccnc4)[C@@](C)(C(=O)N56)\C(NC(=O)C6)=C\C=C/C=C(O)\COCC5,-5.314,47,-0.11306382978723405
C1OCC[C@H]1c(cn2)c(n23)nc(-c(o4)ccc4F)nc3NCc5cccc[nH+]5,-5.314,28,-0.18978571428571428
COc1cc(C)cc(c1)NC(=O)Nc(c(c23)nccn3)nc(c2)-c4cccnc4,-5.313,29,-0.18320689655172412
CCNc1nc(NC(=O)CN)ncc1-c2cc(Cl)ccc2OC,-5.313,23,-0.23099999999999998
Fc1ccccc1-c(cn2)c(n23)nc(-c(cn4)cn4CC(=O)[C@@H](C)NC(=O)C)cc3N[C@H](C)c5ccc(C(C)C)cc5,-5.313,42,-0.1265
CN(C)Cc1ncccc1-c(c(=O)n2-c3cccc(F)c3)c(C)c(c24)cnc(n4)N[C@H](C)c5ccccc5,-5.311,38,-0.13976315789473684
Cc1cccc(c1)-c2cnc(NCC[NH+](C)C)nc2-c3cccs3,-5.31,24,-0.22124999999999997
Cc1ccc(cc1C)N[C@H](C)Nc(nc[nH+]2)c(c23)ccc(c3)-c4cnn(C)c4,-5.309,28,-0.18960714285714286
COCc1cccc(c1)-c(cc2)cc(c23)nc(N[C@H](C)c4ccc(C(F)(F)F)c(N)c4)c5c3cnc(n5)NC6CC6,-5.308,41,-0.12946341463414635
CN(C)C(=O)c(c1)cncc1-c(c2)cc(-c3ccccc3OC)c(c24)c(ncn4)Nc5ccccc5C(=O)N,-5.307,39,-0.1360769230769231
Cc1noc(C)c1-c2ncc(-c(cn3C)c(c34)ccnc4)c(n2)N[C@H](C)c5ccc(N)cc5,-5.307,33,-0.16081818181818183
NC(=O)c1ccccc1-c(nc2NC(C)C)ncc2-c3ccccc3,-5.307,25,-0.21228000000000002
COc(c1)c(O)ccc1-c(cnc2NC)c([nH+]2)NCc3ccc(C)cc3,-5.307,26,-0.20411538461538464
Clc1cc(F)ccc1-c(nc(c23)n(C)cn2)nc3N[C@@H]4CCC[N@@H+](C4)CCN,-5.307,28,-0.1895357142857143
C[C@H]([NH3+])c(c1)cccc1-c(n2)cc(nc2C)Nc3ncc(s3)-c4cccnc4,-5.307,28,-0.1895357142857143
n1ccnn1-c(c(c2)OC)cc(c23)c(nc[nH+]3)NC[C@@H]4C[NH2+]C[C@@H]4O,-5.306,25,-0.21224
CCN(C)C(=O)c1ccc(cn1)-c(c2)c(-c3cccnc3)cc(c24)ncnc4NC(C)C,-5.305,32,-0.16578125
COc(c1)c(N)cc(c12)c(ncn2)NCc3cccc(c3)CN,-5.304,23,-0.23060869565217393
c1cc(Cl)ccc1-c(cc2)nc(c23)c(N[C@@H](C)c4cccc(c4)C[NH3+])nc([nH+]3)N[C@@H]5CC[N@H+](C5)C(C)C,-5.304,37,-0.14335135135135135
Fc1ccccc1-c(n2)nc(NC(C)C)n(c23)ncc3-c4ccc(N)cc4,-5.304,27,-0.19644444444444445
c1ncccc1-c(c2)cc(-c3ccccn3)c(c24)nc(nc4)NCCN5CCCC5,-5.303,30,-0.17676666666666666
CN(C)c1ccccc1-c(cc2-c3cccc(F)c3)cc(c24)cnc(n4)N[C@@H]5CCOC5,-5.303,32,-0.16571875
COc1cccc(c1)-c2cnc(NCCC[NH3+])nc2-c3ccncc3Cl,-5.302,26,-0.2039230769230769
C1CCCC1Nc(nc2NC)ncc2-c3cccnc3C,-5.302,21,-0.25247619047619047
Cc1cc(ccn1)-c2cc(nc(n2)C)Nc3ncc(s3)-c4ccc(F)c(F)c4,-5.301,28,-0.18932142857142858
c1cc(F)ccc1-c(n2)cc(-c(n3C)c[nH+]c3C)n(c24)nc(c4C(=O)N)NCc5ccccc5,-5.301,34,-0.15591176470588236
Cc1cccc(c1C)-c([nH+]c(c23)cccc3)nc2N[C@H](C)c4cccc(N)c4C,-5.3,29,-0.18275862068965518
Cn(n1)ccc1-c2cnc(nc2NC)-c3ccccc3OC,-5.3,22,-0.2409090909090909
COc(c1)cccc1-c(n2)nc(NC)n(c23)ncc3-c4ccc(F)cc4,-5.3,26,-0.20384615384615384
Cn1c[nH+]cc1-c2cnc(-c3cccc(F)c3)nc2NCC(=O)N4CCCC4,-5.3,28,-0.18928571428571428
Cc1cccc(c1)CNc(ncn2)c(c23)cc(-c4cnn(C(C)C)c(=O)c4)c(c3)-c5cccnc5,-5.299,35,-0.1514
Cc1cccc(c1)OCCNc(nc2NCCO)[nH+]c(c23)ccc(n3)-c4cccc(Cl)c4,-5.299,32,-0.16559375
Nc1ccc(C(F)(F)F)c(c1)[C@H](CO)Nc(nc2)nc(c23)nc(c(c3)-c4cccnc4)-c5cncc(n5)C(=O)Nc6ccccc6,-5.298,46,-0.11517391304347827
COc1cccc(c1)-c(cc2)cc(c23)nc(N[C@H](C)CO)c4c3cnc(n4)NC5CC5,-5.298,31,-0.17090322580645162
Cc1nccc(n1)-c(nc(c23)n(cn3)C)nc2NCCN4CCOCC4,-5.297,26,-0.20373076923076922
COc1cccc(c1)-c(cn2)c(n23)nc(nc3NC(F)(F)CO)-c4ccc(C)cc4,-5.297,30,-0.17656666666666665
o1cccc1-c(cc2C)nc(n2)NC(=O)Nc3cc(C(F)(F)F)ccc3C,-5.297,27,-0.19618518518518518
O=c1n(C)c(C)ccc1-c(c(c2)OC)cc(c23)ncc(C#N)c3NC(=O)c4cccc(C)c4,-5.295,33,-0.16045454545454546
N#Cc(c[nH+]1)c(NC)c(c12)cc(c(c2)-c3cnn(C)c3)NCc4cccc(C)c4,-5.295,29,-0.18258620689655172
Cc1cc(N)ccc1C(C)(C)Nc(nc(n2)NCC[NH3+])c(c23)nc(cc3)-c4cccc(c4)NC(C)C,-5.295,36,-0.14708333333333334
OCc(cc1)ccc1-c2nc(-c(c3)cccc3C)nc(c24)ccc(c4)-c5ccn(c5)C(=O)N,-5.295,33,-0.16045454545454546
Cc1nc(co1)-c(cc2)cc(c23)c(-c4ccc([C@H](C)O)cc4)nc(n3)-c5cccc(c5)C(=O)N,-5.295,34,-0.15573529411764706
O=c(c1)[nH]ccc1-c(cc2)cc(c23)c(-c(c4)cccc4C)nc(n3)-c5cccc(c5)C(F)(F)O,-5.294,34,-0.15570588235294117
Fc1ccccc1Nc(cc(c23)c(NC)c(C#N)cn2)c(c3)-c4ccnc(c4)C(=O)N,-5.294,31,-0.17077419354838708
o1ncnc1-c2nc(-c(cc3)ccc3C)nc(c24)ccc(c4)-c5cccc(C)c5,-5.294,29,-0.18255172413793103
Cc1ccc(cc1)-c(nc(c23)n(cn3)C)nc2N[C@@H]4CCC[N@@H+](C4)CCN,-5.293,27,-0.19603703703703704
COc1ccc(cc1)-c(cn2)c(n23)nc(-c4ccco4)cc3NCC(F)(F)N,-5.293,28,-0.18903571428571428
Cc1cccc(c1)CNC(=O)CNc(nc2)nc(c23)n(C)c(=O)c(c3C)-c4ccc(F)cc4,-5.293,33,-0.1603939393939394
C[NH+](C)CCC(=O)Nc1cc(-c(cc2)ccc2C)nc(n13)c(cn3)-c4cccnc4C,-5.292,31,-0.17070967741935483
CCc1cc(ccn1)-c(c2)c(-c3ccc(CO)cc3)cc(c24)ncnc4NCc5cccc(C)c5,-5.292,35,-0.1512
CC(C)Nc(nc1)nc(c12)c(-c3c[nH+]cn3C)cc(c2)-c4cccc(c4)CO,-5.292,28,-0.189
Cc1cccc(c1)[C@@]2(C)C[C@@H](CO2)Nc(nc[nH+]3)c(c34)ccc(c4)-c5cc(Cl)ccc5F,-5.291,32,-0.16534375
Cc1nn(C)cc1-c(n2)cc(nc2C)Nc3ncc(s3)-c4ccccc4F,-5.291,27,-0.19596296296296298
CC(=O)Oc(cc1)ccc1-c(c(c2)OC)cc(c23)c(ncn3)Nc4cncc(N)c4,-5.29,30,-0.17633333333333334
[NH3+][C@@H]1CCCC[C@@H]1c2cc(cc[nH+]2)Nc(cc(n3)-c4cccnc4)n(c35)ncc5-c6cccc(Cl)c6,-5.288,36,-0.1468888888888889
COc1ccc(OC)cc1-c(c[nH+]c2NC)c(n2)NCc3cccc(c3)OC,-5.288,28,-0.18885714285714286
Cn(n1)ccc1-c(n2)nc(NCC[NH+](C)C)n(c23)ncc3-c4cccnc4,-5.288,27,-0.19585185185185186
c1ccccc1Nc2nc(NCc(c3)cccc3C)nc(c24)ccc(n4)-c5nccn5C,-5.288,32,-0.16525
FC(F)(F)c1cccc(c1)CNc2nc(NCc3ccccc3)[nH+]cc2-c4cncnc4,-5.287,32,-0.16521875
Cc1cc[nH+]cc1-c(c(n2)-c(c3)scc3C)cc(c24)cnc(n4)N[C@H](CO)c5cc(N)ccc5C(F)(F)F,-5.287,38,-0.1391315789473684
CCn1cccc1-c(c(c23)nc(nc3)NC(C)C)cc(c2)-c4cccc(c4)CO,-5.287,29,-0.1823103448275862
Cc1cccc(c1)-c(cc(n2)C)n(c23)nc(NC=O)c3C(=O)N,-5.286,23,-0.2298260869565217
CCNc(c(C#N)cn1)c(c12)cc(NC(=O)C)c(c2)-c3ccc(F)cc3,-5.286,26,-0.2033076923076923
[O-]c1cccnc1-c2cnc(nc2-c3scnc3C)NC(=O)NCc4ccccc4,-5.286,30,-0.1762
COc1ccccc1C(=O)NCCNc2nc(-c3ccc(F)cc3)ncc2-c4cnc(s4)C,-5.286,33,-0.16018181818181818
COc(cc1)ccc1Nc(cc(c23)c(NC)c(C#N)cn2)c(c3)-c4ccc(=O)n(C)c4,-5.285,31,-0.17048387096774195
n1ccccc1-c(nc2NCC)ncc2-c3ccc(C)cc3N,-5.284,23,-0.2297391304347826
Nc1ccc[nH+]c1Nc2nc([N-]CC(=O)NC)nc(c23)ccc(n3)-c4cccc(c4)OC,-5.283,32,-0.16509375
Fc(o1)ccc1-c(n2)nc(\N=C(\C)O)n(c23)ncc3-c4ccccc4,-5.283,25,-0.21132
[NH3+]CCNc(n1)ncc(c12)c(C)c(-c3cccc(c3)C(=O)N)c(=O)n2-c4cccc(c4)C(=O)N,-5.283,34,-0.15538235294117647
[NH3+]CCNc1nc(NC)nc(c12)ccc(n2)-c3ccccc3F,-5.282,23,-0.2296521739130435
Cc1ccc(cc1)C(=O)Nc(c2)c(-c3ccco3)cc(c24)ncc(C#N)c4NCCO,-5.282,31,-0.17038709677419356
n1oc(C)cc1-c(n2)ccc(c23)[nH]c(NCc(c4)cccc4C)n/c3=[NH+]\[C@H](C)c5ccccc5,-5.282,34,-0.15535294117647058
NC(=O)Cn1cc(cn1)-c(cc2)cc(c23)c(-c4ccc(O)cc4)nc(n3)-c5ccsc5,-5.281,31,-0.1703548387096774
C1C[N@H+](C)CC[C@H]1Nc2nc(NCCC[NH+](C)C)[nH+]c(c23)ccc(n3)-c4ccc(F)cc4,-5.281,32,-0.16503125
COc1ccc(cc1C(=O)N(C)C)-c(cn2)c(n23)nc(-c4cccc(C)c4)nc3NCc5ccc(C)cc5C,-5.28,39,-0.13538461538461538
Cc1ccc(C)c(c1)CNc2ncc(-c3oc(C)nc3C)c(n2)N[C@H](C)c4cc(CN)cc(C(F)(F)F)c4,-5.279,38,-0.13892105263157895
O1CCC[C@H]1CCNc2nc(NCc3ccccc3)[nH+]c(c24)ccc(n4)-c5ccncc5,-5.279,32,-0.16496875
O=C([O-])c1ccc(cc1)Nc2[nH+]cc(-c3ccc(CO)cc3)c(n2)NCc4ccccc4,-5.279,32,-0.16496875
CCc1cccc(c1)-c(cc2)nc(c23)c(NCCOC)nc([nH+]3)NCC[NH+](C)C,-5.279,29,-0.1820344827586207
Cc(c1)c(F)ccc1-c(o2)c(-c(ccn3)cc3OC)c(c24)c(ncn4)NC[C@H](O)c5ccc(C)cc5,-5.278,36,-0.1466111111111111
Cc1ccc(cc1)[C@H](C)Nc(nc2)nc(c23)c(-c4ccnn4C)cc(c3)-c5ncc([C@](Cl)(C)CO)n5[C@@H]6CCOC6,-5.278,41,-0.12873170731707317
CC[N@H+](C)CCNc1nc(NCc2ccc(C)cc2)[nH+]cc1-c3ccc(C)cc3,-5.278,29,-0.182
Cc1ccc(cc1)[C@H](C)Nc(ncn2)c(c23)cc(S(=O)(=O)C(C)(C)C)c(c3)-c4cnc(o4)[C@@H]5CCC[NH2+]5,-5.277,37,-0.14262162162162162
CC(C)(O)Oc(c1)cccc1-c(c(c2)NC(C)C)cc(c23)ncc(C#N)c3NC(C)C,-5.276,31,-0.17019354838709677
Cc1cccc(c1)CNc(nc[nH+]2)c(c23)cc(-c4ccn(n4)C)c(c3)-c5ccccc5,-5.275,31,-0.17016129032258065
CC(=O)Oc(cc1)ccc1-c(c(c2)OC)cc(c23)c(ncn3)Nc4cnoc4,-5.275,28,-0.18839285714285717
Cc1cc(C)cc(c1)N2C(=O)C[C@@H](C2=O)Nc3nc(C)cc(n3)-c4ccc(F)o4,-5.275,29,-0.18189655172413793
NC(=O)CN(C1)CCC[C@H]1c(c2)cc(-c(cc3OC)ccc3O)c(c24)nc(nc4)N[C@H](C)c5cc(C(F)(F)F)ccc5N(C)C,-5.273,45,-0.11717777777777777
CCNc(n1)c(C(=O)N)c(n12)nc(-c3noc(C)c3C)cc2-c4ccccc4CC,-5.273,30,-0.17576666666666665
Cc1ccc(C)cc1-c(n2)nc(-c(c3)cccc3OC)c(c24)cc(cc4)-c5cccn(C)c5=O,-5.273,34,-0.15508823529411764
Cc1cc(ccn1)-c2cc(nc(n2)C)Nc3ncc(s3)-c4ccncc4,-5.272,26,-0.20276923076923078
c1ccccc1[C@H](C)Nc(ncn2)c(c23)cc(-c4ccn(n4)C)c(c3)-c5cccc(=O)o5,-5.272,32,-0.16475
C[N@H+](C1)CCC[C@@]1(O)CNc2nc(-c3cccc(F)c3)ncc2-c4ccncc4,-5.271,29,-0.18175862068965518
Cn(c1)c(=O)ncc1-c(nc(C)c2)c(c23)nc(nc3)Nc4[nH+]ccn4C(C)C,-5.271,28,-0.18825
CCc1cccc(c1)-c(cc2)nc(c23)c(nc(n3)NC(=O)CN)Nc4ccccc4,-5.271,30,-0.1757
O=c(o1)[nH+]ccc1-c(c2)c(cc(c23)c(NC)c(C#N)c[nH+]3)NCc4cccc(C)c4,-5.27,30,-0.17566666666666667
c1c[nH+]ccc1[C@H](O)CNc2nc(-c3ccccc3Br)ncc2-c4nccs4,-5.269,28,-0.18817857142857145
CCNc(n1)c(C(=O)N)c(n12)nc(-c3ccc(s3)C)cc2-c4ccc(F)cc4,-5.269,28,-0.18817857142857145
CCOCCNc(n1)c(ncnc2)c2c(c13)ccc(c3)-c4ccc(C(=O)N)cc4,-5.268,29,-0.1816551724137931
FC(F)(F)c(c1)cccc1[C@@H](C)c(c2)cc(-c(cccc3=O)n3NC(=O)COC)c(c24)nc(nc4)N[C@H](C)c5ccccc5C,-5.268,45,-0.11706666666666667
c1ccccc1C[C@@H]([NH3+])Nc(n2)c(nc(nc3)NC4CC4)c3c(c25)ccc(c5)-c6ccc(F)cc6,-5.267,35,-0.1504857142857143
CCCNc(n1)c(C(=O)N)c(n12)nc(-c3ccn(n3)C)cc2-c4ccc(Br)cc4,-5.266,29,-0.18158620689655172
COc(c1)c(OC)cc(c12)c(ncn2)NCCN3CCCC3,-5.266,22,-0.23936363636363636
Cc1cccc(c1)NC(=O)Nc(n2)c(C(=O)N)c(n23)nc(-c4ccc(F)cc4)cc3-c5cccc(C)c5,-5.266,37,-0.14232432432432432
Cc1ccc(C)c(c1)[C@H](C)Nc(nc2)nc(c23)c(nc(c3)C)-c4cccc(n4)C(=O)N[C@@H]5CCSC5,-5.266,36,-0.14627777777777778
Cc1cccc(c1)CNc(nc(n2)NC(=O)N(C)[C@H](C)C(C)C)c(c23)nc(cc3)-c4ccccc4CO,-5.265,37,-0.1422972972972973
Oc(c1)cccc1-n2c(=O)c(-c3ccncc3)c(C)c(c24)cnc(n4)N[C@@H]5CC[N@@H+]5C,-5.265,31,-0.16983870967741935
Fc(c1)cccc1Nc(n2)ncc(c23)c(C)c(-c4ccncc4)c(=O)n3CC[NH+]5CCCCCC5,-5.264,35,-0.1504
Cc1ccc(cc1C)[NH2+][C@H](C)Nc(ncn2)c(c23)ccc(c3)-c4ncno4,-5.264,27,-0.19496296296296298
COc(c1)c(OC)cc(c12)c(ncn2)NC(=O)CN(CC3)c(c34)cccc4,-5.264,27,-0.19496296296296298
Cc1cccc(c1)[C@H](C)Nc(n2)c(C(=O)N)c(n23)nc(-c4cccnc4)cc3-c5ccc(F)cc5,-5.264,35,-0.1504
C[NH2+][C@H](C)C(=O)Cn1ccnc1-c(cc2)nc(c23)c(NCCN4CCOCC4)nc([nH+]3)N[C@H](C)c5cccc(C)c5,-5.263,41,-0.1283658536585366
Cn1ncc(c1C)-c(cc2)cc(c23)c(-c4ccnn4C)nc(n3)-c5ccc(=O)n(C)c5,-5.262,31,-0.16974193548387095
C[NH+](C)Cc1cccc(c1)-c(nc2-c3ccn(n3)C)nc(c24)ccc(c4)-c5ccccc5,-5.262,32,-0.1644375
COc1ccc(cc1)-c(cc2)nc(c23)c(N[C@@H]4CC[N@@H+](C)CC4)nc(n3)N[C@H](C)c5cccc(C(F)(F)F)c5,-5.262,39,-0.13492307692307692
Cc1c(N)cc(N)cc1[C@H](C)Nc(n2)c(nc(nc3)NC4CC4)c3c(c25)ccc(c5)-c6ccccc6,-5.261,36,-0.1461388888888889
Cc1ccc(cc1)[C@H](C)Nc(nc2)nc(c23)c(-c(n4)n(C)c(c45)cc[nH+]c5)cc(c3)-c6cccnc6,-5.261,36,-0.1461388888888889
CC(C)Nc(ncn1)c(c12)ccc(c2)-c3nccs3,-5.26,19,-0.2768421052631579
Cc1ccccc1[C@H](C)Nc(nc2)nc(c23)c(-c4[nH+]ccn4C)cc(c3)[C@@H]5CC[N@H+](CC5)CCO,-5.26,35,-0.15028571428571427
Cc1ccc(cc1)CNc2ncc(c(n2)NC(C)C)-c3ccc(Cl)cc3,-5.26,26,-0.2023076923076923
Cc1ccccc1CNc(ncn2)c(c23)c(c(o3)-c4cnccn4)-c5cccc(C(F)(F)Cl)c5,-5.259,34,-0.1546764705882353
C1CCCCN1CCn2c(=O)c(-c3cccc(c3)C(=O)N)c(C)c(c24)cnc(n4)NC[C@H](O)c5ccccc5,-5.258,39,-0.13482051282051283
c1ccccc1Nc2nc(-c3cccs3)ncc2-c4cccs4,-5.258,23,-0.22860869565217393
FC(F)(F)c(c1)cccc1N(C)CCNc(nc(n2)-c3ccsc3)n(c24)ncc4-c5ccccc5,-5.258,35,-0.15022857142857143
c1ncccc1[C@H](C)Nc(cc(n2)C(C)(C)CO)n(c23)ncc3-c4cccc(C(F)(F)F)c4,-5.257,33,-0.15930303030303028
CN(C)C(=O)COc(c(c1)OC)cc(c12)c(nc[nH+]2)NCCc3ccc(C)cc3,-5.257,29,-0.1812758620689655
FC(F)(F)c(cc1)ccc1N[C@H](C)Cc(c2)c(-c3cccnc3)cc(c24)c(nc[nH+]4)N[C@@H]5CCCN(C5)c6ccc(C(F)(F)F)cc6,-5.257,47,-0.11185106382978723
C[C@H](O)c(c1)cccc1-c(c(o2)[C@@H](C)CC)c(c23)c(ncn3)Nc4ccn(n4)CC(=O)[O-],-5.257,32,-0.16428125
CNc1ncc(c(n1)N[C@H](C[NH3+])CO)-c2ccc(O)c(c2)OC,-5.256,23,-0.2285217391304348
Cn1c(=O)cccc1-c(cc2)nc(c23)c(N[C@@H](C)c4ccc(C(F)(F)F)cc4)nc(n3)N[C@H](C)N5CCOCC5,-5.256,40,-0.13140000000000002
CN(C)C(=O)c1cccc(c1)-c(cc2-c3ccc(F)cc3)cc(c24)ncnc4NCC(C)(C)[NH3+],-5.255,34,-0.15455882352941175
c1ccccc1-c2ncc(-c3cccnc3)c(n2)NC[NH+]4CCCC4,-5.255,25,-0.2102
Cc1ccc(cc1)[C@H](O)CNc(ncn2)c(c23)c(c(o3)-c4ccc(F)cc4)-c5ccoc5C[NH+](C)C,-5.255,36,-0.14597222222222223
C1CC1Nc(n2)ncc3c2c(nc(c34)cc(cc4)-c(cc5C)cn(C)c5=O)N[C@H]([NH3+])Cc6ccccc6,-5.254,37,-0.142
Fc1ccccc1-c(cc2)cc(c23)c(-c4ccno4)nc(n3)-c5ccoc5,-5.254,27,-0.19459259259259257
NC(=O)c(c1)cccc1-c(n2)cc(NC(=O)CNC)n(c23)ncc3-c4cccnc4,-5.254,30,-0.1751333333333333
c1ccccc1-c(n2)nc(NC)n(c23)ncc3-c4cccc(O)c4,-5.254,24,-0.21891666666666665
Cn(c1)c(=O)ncc1-c(nc(C)c2)c(c23)nc(nc3)Nc4nccn4C(C)C,-5.253,28,-0.18760714285714286
c1cc(C)ccc1-c(c2)c(cc(c23)c(c(C#N)cn3)NC(=O)C)NC(=O)c4cccc(C)c4,-5.253,33,-0.15918181818181817
Cc1cccc(c1)CNc2[nH+]cc(c(n2)NC(C)C)-c3ccc(N(C)C)cc3,-5.253,28,-0.18760714285714286
CC(C)OCc1cccc(c1)CNc(c(c23)nccn3)nc(c2)-c4cccc(c4)C[NH+](C)C,-5.252,33,-0.15915151515151515
C[C@H](O)c(cc1)ccc1-c(cc2)nc(c23)c(NCc(c4)cccc4C)nc([nH+]3)NC(C)(C)c5ccccc5,-5.252,38,-0.13821052631578948
COc1cccc(c1)-c(c2)nc(N)c(c23)cnc4c3cc(OC)c(c4)-c5cc(C(=O)N)ccn5,-5.252,34,-0.1544705882352941
COc1ccc(cc1)-c2ncc(-c3cccnc3)c(n2)NC(=O)C[NH+](C)C,-5.251,27,-0.1944814814814815
COc1cccc(c1)-c(nc2NC(=O)N)nc(n23)c(cn3)-c4cccc(F)c4,-5.251,28,-0.1875357142857143
Cc1cccc(c1)CNc(ncn2)c(c23)cc(-c4ccn(c4)CC(=O)[C@H](O)C(=O)N(C)C)c(c3)-c5sncc5-c6ccccn6,-5.251,45,-0.1166888888888889
Cc(c1)cccc1[C@@H](C)Nc(cc(c23)c(c(C#N)cn2)NCC)c(c3)-c4ccc(=O)n(C(C)C)c(=O)c4,-5.25,37,-0.14189189189189189
COc1ccc(cc1)[C@H](C)Nc2ncc(-c3cnccn3)c([nH+]2)NCc4cccc(c4)OC,-5.25,33,-0.1590909090909091
Cc1cccc(c1)-c(cn2)c(n23)nc(-c4cnn(C)c4)cc3N[C@H](C)c5cc(C)cc(c5)CNc6cccc(C(F)(F)F)c6,-5.249,44,-0.11929545454545454
COc1ccc(cc1O)-c(cc2)cc(c23)c(-c4ccc(C)cc4)nc(n3)-c5cccc(c5)[C@H]([NH3+])C(=O)C,-5.249,37,-0.14186486486486485
Fc1ccccc1-c(cc2)cc(c23)c(-c4ccno4)nc(n3)-c5ccncc5,-5.248,28,-0.18742857142857144
c1cnccc1-c(nc(c23)n(C)cn2)nc3NCc(cc4)cc(c45)OCCO5,-5.248,28,-0.18742857142857144
c1ncncc1-c2nc(-c(cc3C)nn3C)nc(c24)ccc(c4)-c5cnn(C)c5C,-5.248,30,-0.17493333333333333
Fc(c1)cccc1-c(c2)c(cc(c23)c(c(C#N)cn3)NC(=O)C)NC(=O)c4cccnc4,-5.247,32,-0.16396875
CC(=O)Nc1cccc(c1)CNc(c(C#N)cn2)c(c23)cc(c(c3)-c4ccnn4C)NCc5ccccc5,-5.247,38,-0.13807894736842105
C1OCCC[C@H]1Nc2nc(NC(F)(F)c(c3)cccc3C)[nH+]c(c24)ccc(n4)-c5cccc(c5)NC(C)C,-5.247,38,-0.13807894736842105
CNC(=O)Cn1cc[nH+]c1-c(cc2)cc(c23)nc(c4c3cncn4)NC(=O)c5ccco5,-5.246,32,-0.1639375
n1occc1-c(n2)cc(nc2C)Nc3ncc(s3)-c4cccc(C(F)(F)F)c4,-5.246,28,-0.18735714285714286
FC(F)(F)Oc(c1)cccc1NC(=O)CNc(c(c23)nccn3)nc(c2)-c4ccccc4Cl,-5.246,33,-0.15896969696969698
FC(F)(F)c(c1)cc(cc1C)CNc(n2)c(C(=O)N)c(n23)nc(-c4cccnc4)cc3-c5ccc(o5)C,-5.245,37,-0.14175675675675675
Cc1ccc(cc1)CNc2ncc(-c3ccnn3C)c([nH+]2)NC[C@H](O)c4cccc(C)c4,-5.245,32,-0.16390625
o1cccc1-c2cc(C)nc(n23)c(C(=O)N)c(n3)N[C@H](C)c4ccc([NH3+])cc4,-5.245,28,-0.18732142857142858
COc1cccc(c1)CNc2[nH+]c(NCCC[NH3+])ncc2-c3ccccc3,-5.244,27,-0.1942222222222222
Cc1ccc(cc1)-c2cnc(-c3cccc(c3)C(C)C)nc2NC(=O)C[NH+]4CCCC4,-5.244,31,-0.16916129032258065
s1cncc1-c(n2)cc(-c(c3)cc(C)cc3C)n(c24)nc(c4C(=O)N)NCc5ccccc5,-5.243,33,-0.1588787878787879
Cc1ccc(C)c(c1)[C@H](C)Nc(nc2)nc(c23)c(nc(c3)C)-c4cc(n(n4)C)CN(C)C,-5.243,32,-0.16384375
CCNc1nc(NC(=O)N)ncc1-c2cccnc2,-5.243,19,-0.27594736842105266
o1cccc1-c(n2)cc(-c(n3C)ncc3C)n(c24)nc(c4C(=O)N)NCc5ccccc5C[NH3+],-5.243,34,-0.1542058823529412
c1ccccc1CNc(nc2NC)[nH+]cc2-c3cccc(c3)OC,-5.243,24,-0.21845833333333334
COCC(=O)Nc(n1)c(ncnc2)c2c(c13)ccc(c3)-n4ccccc4=O,-5.243,27,-0.1941851851851852
c1cc(Cl)ccc1-c(n2)nc(NCC(=O)N)n(c23)ncc3-c4cccnc4,-5.242,27,-0.19414814814814815
Cc1ccc(cc1C)Cc2cnc(NCCO)nc2-c3cccc(c3)C(=O)N,-5.242,28,-0.18721428571428572
CCNc1ncc(-c2ccc(C(=O)N)cc2)c([nH+]1)NCc3ccc(Cl)cc3,-5.242,27,-0.19414814814814815
Cc1ccc(cc1)NC(=O)Nc2nc(-c3conc3C)ncc2-c4ccn(n4)C,-5.241,29,-0.18072413793103448
COc1ccccc1-c(c[nH+]c2NCC)c(n2)NCc3cc(C)cc(C)c3,-5.241,27,-0.1941111111111111
Cc1cnc(C)cc1Oc(c(c2)OC)cc(c23)c(ncn3)NC(=O)CN(CCC4)c(c45)cccc5,-5.24,35,-0.14971428571428572
C1COCCN1C(=O)COc(c(c2)OC)cc(c23)c(ncn3)NC(=O)Nc4cccc(F)c4C,-5.24,34,-0.15411764705882353
Cc1cccc(c1)CNc2[nH+]c(NCC[NH3+])ncc2-c3ccccc3Cl,-5.239,26,-0.20149999999999998
COc1ccccc1-c(nc(c23)n(cn3)C)nc2NCC(=O)Oc4cccc(c4)CN5CCCC5=O,-5.238,36,-0.14550000000000002
CC(=O)Oc(cc1)ccc1-c(c(c2)OC)cc(c23)c(ncn3)Nc4cccc(=O)n4C,-5.238,31,-0.1689677419354839
Cc1ccc(cc1C)[NH2+][C@H](C)Nc(ncn2)c(c23)ccc(c3)-c4ccncc4,-5.238,28,-0.18707142857142858
Cc1cccc(c1)N[C@H](C)Nc(nc2)nc(c23)nc(-c4[nH+]c(C)cn4C)c(c3)-c5ccc(F)cc5,-5.238,35,-0.14965714285714288
[NH3+]Cc(n1)cccc1-c(n2)cc(nc2C)Nc3ncc(s3)-c4ccc(F)cc4,-5.238,28,-0.18707142857142858
COc1ccc(C(=O)N)cc1-c(c2)nc(c(c23)nccn3)N[C@H](C)Cc4ccc(F)cc4,-5.237,32,-0.16365625
CCOc(c1)c(OC)cc(c12)ncnc2NC(=O)Nc3cccc(c3)C(C)C,-5.237,28,-0.18703571428571428
FC(F)(F)c(cc1)ccc1-c(n2)nc(-c(o3)ccc3C(=O)N(C)C)c(c24)cc(cc4)-c5cccc(O)c5,-5.237,37,-0.14154054054054055
COc1ccccc1-c(c(c2)NCC)cc(c23)ncc(C#N)c3NCCO,-5.236,27,-0.19392592592592592
c1cc(C)ccc1-c(cnc2NC)c(n2)NC(=O)Nc3cc(C)cc(C)c3,-5.236,27,-0.19392592592592592
COc(c1)cccc1-c(nc2NCC)ncc2-c3cccnc3,-5.236,23,-0.22765217391304346
OCCN(C)C(=O)c(nc1)ccc1-c(c(c2)-c(cn3)ccc3C)cc(c24)[nH+]cnc4N[C@@H]([C@H](C)O)c5ccccc5,-5.235,41,-0.1276829268292683
Cc1cc(c(C)n[nH+]1)Nc(nc2)nc(c23)c(nc(c3)C)-c4cnc(=O)n(C)c4,-5.234,28,-0.18692857142857142
NC(=O)c(cc1)ccc1-c(cc2)nc(c23)c(NCCC)nc([nH+]3)NCCCc4ccccc4,-5.234,33,-0.1586060606060606
CC[C@H](C)Nc(n1)c(ncnc2)c2c(c13)ccc(c3)-c4ccccc4N5C[C@H](C(=O)N)CN(C)C5=O,-5.234,36,-0.1453888888888889
Cc1ccc(C)c(c1)NC(=O)Nc2nc(-c3conc3C)ncc2-c4cccc(F)c4,-5.234,31,-0.16883870967741935
c1ncccc1-c(c(c2)NC(=O)CC)cc(c23)ncc(C#N)c3NCc4cccc(c4)NC(=O)C,-5.233,35,-0.1495142857142857
CCOc1ccc(cc1)[C@H](C)Nc(n/c2=[NH+]\c3ccc(C)cc3)[nH]c(c24)ccc(n4)-c5ccncc5,-5.233,36,-0.1453611111111111
c1cc(C)ccc1CNc(nc2NCCOC)ncc2-c3cccc(F)c3,-5.233,27,-0.1938148148148148
c1cc(C)ccc1CNc(nc2NCCOC)ncc2-c3cccc(c3)COC,-5.233,29,-0.18044827586206896
COc1cccc(c1)-c(c2)nc(N)c(c23)cnc4c3cc(OC)c(c4)-c5cccc(c5)N(C)C(=O)C(=O)N,-5.233,38,-0.13771052631578948
COc1nccnc1-c2cnc(nc2NC(=O)N)-c3ccc(O)cc3,-5.232,25,-0.20928000000000002
Cc1n(C)c(C)cc1-c(cn2)c(n23)nc(-c(c4)cccc4C)nc3NC(C)(C)c5ccccc5,-5.231,34,-0.15385294117647058
FC(F)(F)c(cc1)ccc1[C@H](C)Nc(nc2)nc(c23)c(cc(c3)-c4cccn(C)c4=O)-c5ccn(c5)CC(=O)N(C)C,-5.231,42,-0.12454761904761905
Fc1ccccc1-c2cc(-c(on3)cc3NC(=O)C)cc(c24)ncnc4NCc5ccc(C(F)(F)F)cc5,-5.231,38,-0.1376578947368421
O=c1n(C)c(C)ccc1-c(c(c2)OC)cc(c23)ncc(C#N)c3N[C@H](C)c4cccc(C)c4,-5.231,33,-0.1585151515151515
CNc1nc(C)cc(n1)-c2cccc(c2)CNC(=O)Cn3cc[nH+]c3,-5.231,25,-0.20923999999999998
c1ncnc(c(n2)NC)c1c(c23)ccc(c3)-c4ccc(=O)n(C)c4,-5.229,24,-0.217875
Fc(c1)cccc1-c(nc2NC)ncc2-c3ccoc(=O)c3,-5.229,22,-0.2376818181818182
Cc1ccc(cc1)CNc2[nH+]cc(-c3cnccn3)c(n2)NCCC[NH3+],-5.229,26,-0.2011153846153846
CN(C)Cc1nocc1-c(c[nH+]c2NC)c(n2)NCc3ccc(C)cc3,-5.229,26,-0.2011153846153846
c1cnccc1-c(n2)nc(-c3ccnn3C)c(c24)cc(cc4)-c5cc(N)ccc5O,-5.229,30,-0.1743
O=C([O-])Cn(c(=O)c1)ccc1-c2nc(-c(c3)cc(OC)cc3OC)nc(c24)ccc(c4)-c5cccc(C)c5,-5.228,38,-0.13757894736842105
c1cc(C)ccc1[C@@H](C)Nc2nc(NC)nc(c23)ccc(n3)-c4cn(C)c(n4)OC,-5.228,30,-0.17426666666666665
Clc(c1)cccc1[C@H](C)Nc(ncn2)c(c23)cc(-c4cnn(C)c(=O)c4)c(c3)-c5cnccc5C(=O)N(C)C,-5.227,39,-0.13402564102564105
CN(C)[C@@H](C)n1cc[nH+]c1-c2cc(-c3c[nH+]cn3CC)cc(c24)cnc(n4)N[C@H](C)c5cc(C)cc(N)c5,-5.227,38,-0.13755263157894737
Cc1ccc(C)c(c1)CNc2ncc(-c3ccccc3C)c(n2)Nc4ccc([NH3+])c(C)c4,-5.227,32,-0.16334375
CC(C)Nc(c1)cccc1-c(cc2)nc(c23)c(N[C@@H](CO)c(c4)cccc4C)nc(n3)N[C@H](C)c5cc(N)cc(C(F)(F)F)c5,-5.227,45,-0.11615555555555557
Cc1cccc(c1)[C@H](C)Nc(nc2)nc(c23)nc(c(c3)-c4ccoc4)-c5ccnc(c5)N(C)C,-5.226,34,-0.15370588235294116
FC(F)(F)Cn1cc([nH+]c1C)-c(c2)c(-c3ccccc3)cc(c24)c(ncn4)N[C@@H]([C@H](C)O)c5ccccc5,-5.226,38,-0.1375263157894737
Fc(o1)ccc1-c(n2)nc(N[C@H](C)C[NH+](C)C)n(c23)ncc3[C@@H]4C(=O)CN(C(C)C)CCN4C(=O)OCC(=O)N,-5.226,40,-0.13065
[NH3+]Cc1ccc(cn1)-c(n2)c(-c3ccc(F)cc3)cc(c24)cnc(n4)NC[C@H](O)c5ccccc5,-5.226,35,-0.1493142857142857
NCc(c1)cccc1[C@@H](C)Nc(c(c23)nc(cc2)-c(n4C)cnc4C)nc([nH+]3)N[C@H](C)c5cccc(C(F)(F)F)c5,-5.225,41,-0.1274390243902439
Cc1ccc(cc1)[C@H](C)c2cnc(NC(F)(F)F)nc2-c3cncs3,-5.225,25,-0.209
Fc1cc([O-])ccc1-c(nc(c23)n(C)cn2)nc3NCC[C@H]([NH3+])c4ccccc4Cl,-5.225,30,-0.17416666666666666
c1cnccc1-c(n2)ccc(c23)[nH+]c(NCc(c4)cccc4C)nc3NCC[N@H+]5CCCC[C@@H]5C,-5.224,35,-0.14925714285714287
COc1cccc(c1)-c(cc2)cc(c23)c(-c4ccncc4)nc(n3)-c5cccc(N)c5,-5.224,31,-0.16851612903225807
CNC(=O)Cn1cc[nH+]c1-c(cc2)cc(c23)nc(c4c3cncn4)NCCCN5CCOCC5,-5.224,34,-0.15364705882352941
FC(F)(F)c(c1)cc(cc1C)N[C@H](C)Nc2ncc(-c3cncc(F)c3)c([nH+]2)NCc4ccccc4C,-5.223,37,-0.14116216216216215
Cc1cccc(c1)[C@H](C)Nc(ncn2)c(c23)cc(S(=O)(=O)C(C)(C)C)c(c3)-n4ccnc4,-5.223,32,-0.16321875
Cc1ccccc1-c(cc2)cc(c23)c(-c4ccnn4C)nc(n3)-c5ccc(nn5)C(=O)N,-5.222,32,-0.1631875
Cc1cc(N)ccc1C(C)(C)Nc(nc([nH+]2)NCC[NH3+])c(c23)nc(cc3)-c4cccc(c4)[NH2+]C(C)C,-5.222,36,-0.14505555555555558
Cc1cc(N)cc(c1)C(=O)Nc(n2)c(ncnc3)c3c(c24)ccc(c4)-c5cccc(C)c5,-5.221,32,-0.16315625
CCNc1ncc(-c2ccccc2)c([nH+]1)NCCc3cccc(Cl)c3,-5.221,25,-0.20884
CCn1cc(c(n1)C)-c(nc(C)c2)c(c23)nc(nc3)NCCO,-5.221,23,-0.227
C[NH+](C)Cc(ccn1)cc1-c2nc(-c(c3)cccc3C)nc(c24)ccc(c4)-c5ccc(O)cc5,-5.221,34,-0.15355882352941178
OCCN(C)C(=O)c(c1)cccc1-c(c(c2)-c(cc3)ccc3C)cc(c24)c(nc[nH+]4)N[C@H](C)c5cc(O)cc(C(F)(F)F)c5,-5.221,44,-0.11865909090909091
C#C[C@H](C)Nc(nc1)nc(c12)c(nc(c2)C)-c3cccc(C)c3C,-5.219,24,-0.21745833333333334
O[C@H](C1)CC[N@H+]1c(c2)cccc2-c3cc(-c(cc4)ccc4OCC)cc(c35)cnc(n5)N[C@H](C)c6ccc(C(F)(F)F)cc6N,-5.219,45,-0.11597777777777779
FC(F)(F)c(cc1)ccc1N[C@H](C)CNc(nc(n2)-c3ccco3)n(c24)ncc4-c5cccnc5,-5.219,35,-0.14911428571428573
c1cc(Cl)ccc1-c(n2)ccc(c23)nc(NCC)nc3Nc4cc(no4)[C@@H]5CC[NH2+]C5,-5.219,31,-0.16835483870967743
Cc1ccc(cc1)-c(c2)c(S(=O)(=O)C(C)(C)C)cc(c23)c(ncn3)N[C@H](O)c4cccc(C)c4,-5.219,34,-0.1535
Cc1ccccc1Cn2nccc2-c(c3)c(cc(c34)c(ncn4)NC(C)C)-c5cnn(c5)CC(=O)N,-5.219,36,-0.14497222222222222
CC(=O)Oc(cc1)ccc1-c(c(c2)OC)cc(c23)c(ncn3)Nc4ccc(O)cc4,-5.218,30,-0.17393333333333333
CCCNc(n1)c(C(=O)N)c(n12)nc(-c3ccccc3Cl)cc2-c4cccc(Cl)c4,-5.218,30,-0.17393333333333333
COc1cccc(c1)CNc2[nH+]c(NC(C)C)ncc2-c3ccncc3,-5.218,26,-0.2006923076923077
Cc1ncc(n1C)-c2cnc(-c3ccncc3)nc2N[C@H](C)c4ccccc4,-5.218,28,-0.18635714285714286
COc1ccc(cc1Cl)-c2cnc(-c3ccccc3Br)nc2NC(=O)Nc4ccccc4C,-5.218,33,-0.1581212121212121
CNc(nc1)nc(c12)c(-c3cccs3)cc(c2)-c4cnn(c4)CCC(=O)N,-5.217,27,-0.1932222222222222
C[C@H](O)c1cccc(c1)-c(n2)c(-c3ccncc3)cc(c24)cnc(n4)N[C@@H]5CC[N@@H+](C)CC5,-5.217,33,-0.1580909090909091
CCn1cccc(c1=O)-c2nc(NC(C)(C)CC)ncc2-c3ccc(OC)c(c3)OC,-5.216,31,-0.16825806451612904
c1cnccc1-c(c2)c(cc(c23)c(NCC)c(C#N)c[nH+]3)N[C@H](F)c4cc(N)cc(C(F)(F)F)c4,-5.215,35,-0.149
Cc1ccc(cc1)[C@H](C)Nc(ncn2)c(c23)cc(c(c3)-c4ccc(o4)CO)-c5ccc(cc5)C(=O)N(C)C,-5.215,38,-0.13723684210526316
Cn1c(=O)cccc1-c2nc(-c3ccccc3OC)nc(c24)ccc(c4)-c5cccc(C)c5,-5.215,33,-0.15803030303030302
c1ccccc1-c(cc2C)nc(n2)NC(=O)Nc3cccc(C(F)(F)F)c3,-5.215,27,-0.19314814814814815
CN(C)c(c1)nccc1-c(c(c2)OC)cc(c23)c(nc[nH+]3)N[C@H](C)c4ccc(C(F)(F)C)cc4,-5.215,34,-0.15338235294117647
c1ncccc1-c(cn2)c(n23)nc(-c(cc4)ccc4OC)nc3NCC[NH+]5CCCCC5,-5.215,32,-0.16296875
CCc1ccc(cc1)-c(cc2)cc(c23)c(nc(n3)-c4ccccc4)-c5ccnc(c5)C[NH+](C)C,-5.214,34,-0.1533529411764706
c1cc(C)ccc1[C@@H](C)Nc2nc(NCC)nc(c23)ccc(n3)Cc4ccc(C)cc4,-5.214,31,-0.1681935483870968
COc1cccc(c1)-c2c[nH+]c(nc2NCC(C)(C)[NH3+])NCc3ccccc3,-5.213,28,-0.18617857142857144
Cc1ccc(cn1)-c(cn2)c(n23)nc(-c4ccccc4)nc3N[C@@H]5CCN(C)C5,-5.213,29,-0.17975862068965517
c1ncccc1-c2c[nH+]c(nc2NCC)NCc3cccc(c3)OC,-5.212,25,-0.20848
CCNc1[nH+]cc(-c2ccc(cn2)N(C)C)c(n1)NCc3cc(C)cc(C)c3,-5.212,28,-0.18614285714285714
Cc1cccc(c1)[C@H](C)Nc(ncn2)c(c23)cc(S(=O)(=O)C(C)(C)C)c(c3)-c4ccsc4C,-5.212,33,-0.15793939393939394
Cc1cc(N)cc(c1)[C@H](C)c2cnc(nc2-c3ccco3)NCc4cccc(F)c4,-5.212,30,-0.17373333333333332
CCN1CC[C@@H](C1)Nc2ncc(-c3ccc(OC)c(C)c3)c([nH+]2)NCc4cccc(C)c4,-5.211,32,-0.16284375
CC[C@H](O)C(=O)N1CCC(CC1)c2ccnc(c2)-c(c3)c(Cc4cccc(C)c4)cc(c35)ncnc5N[C@H](C)Cc6cccc(C)c6,-5.211,47,-0.11087234042553192
Cc1ccncc1-c(cn2)c(n23)nc(-c4cccc(C(F)(F)F)c4)nc3NCCC[NH3+],-5.211,31,-0.1680967741935484
c1cc(F)ccc1-c(nc2NC(=O)C)ncc2-c3cc(C(=O)N)ccn3,-5.211,26,-0.20042307692307693
Cc1nc(co1)-c(cc2)cc(c23)c(-c4cccc(=O)cc4)nc(n3)-c5cccc(Cl)c5,-5.21,31,-0.16806451612903225
COc1ccc(cc1)CNc2[nH+]c(N[C@@H]3CC[N@@H+](C)CC3)ncc2-c4ccncc4,-5.209,30,-0.17363333333333333
CN1CCN(CC1=O)C(=O)Cc2ccc(cc2)-c(cc3)cc(c34)nc(c5c4cncn5)NCc6ccccc6F,-5.209,40,-0.13022499999999998
CC(C)Nc(ncn1)c(c12)ccc(c2)-c3ccncc3,-5.209,20,-0.26044999999999996
c1cccc(c12)c(NC)nc(n2)-c(on3)c(c34)cccc4,-5.208,21,-0.248
Fc1ccccc1-c(c(c23)nc(NC)nc2)cc(c3)-c4cnn(c4)CCC(=O)N,-5.208,29,-0.17958620689655172
CCOc1cc(N)cc(c1)-c(c2)c(cc(c23)c(ncn3)NC(C)C)[C@H](C)c4ccc(C)cc4,-5.208,33,-0.15781818181818183
CN(C)[C@@H](C)n1ccnc1-c2cc(-c3c[nH+]cn3CC)cc(c24)cnc(n4)N[C@H](C)c5cc(C)cc(N)c5,-5.208,38,-0.13705263157894737
Cc1cn(C)cc1[C@H](C)Nc(ncn2)c(c23)c(-c4ccc(=O)n(C)c4)cc(c3)CCc5ccccc5,-5.208,36,-0.14466666666666667
Cn1ccnc1-c(c2C)c(=O)n(CC)c(c23)nc(nc3)NC[C@H](C)Nc4ccc(C(F)(F)F)cc4,-5.207,35,-0.14877142857142855
COc1ccc(cc1)C(=O)Nc2nc(-c3cccs3)ncc2Cc4cccs4,-5.207,28,-0.18596428571428572
Oc1ccccc1[C@H](C)Nc(ncn2)c(c23)c(-c4ccc(F)cc4)c(o3)-c5cc(on5)C(=O)N(C)C,-5.206,36,-0.14461111111111113
CCNc(n1)c(C(=O)N)c(n12)nc(-c3ccc(s3)C)cc2-c4ccccc4,-5.206,27,-0.19281481481481483
OCC(=O)N1CCC(CC1)Nc(c(c23)nccn3)nc(c2)-c4cccc(F)c4,-5.205,28,-0.18589285714285714
C1CCCC[NH+]1CCn2c(=O)c(-c3cccc(c3)C(=O)N)c(C)c(c24)cnc(n4)NC[C@H](O)c5ccccc5,-5.205,39,-0.13346153846153846
FC(F)(F)CNc1ncc(c(n1)-c2cccs2)-c(c3)oc(c34)cccc4,-5.205,26,-0.2001923076923077
CN(C)C(=O)Cn1c(C)ccc1-c(c(c2)-c(c3)cccc3OC)cc(c24)c(ncn4)N[C@H](C)c5cc(C)cc(c5)C(C)(C)[NH3+],-5.204,44,-0.11827272727272727
Cn1c(=O)cccc1-c(c(c2)NCC)cc(c23)ncc(C#N)c3NN(C)C,-5.204,27,-0.19274074074074074
CNC(=O)c1ccc(cc1)-c(nc(n2)-c3cc(C)n(n3)C)c(c24)cc(cc4)-c5cnn(C)c5C,-5.203,34,-0.15302941176470589
[NH3+]CCNc([nH+]1)nc(NC[C@H](C)O)c(c12)nc(cc2)-c3ccccc3,-5.202,25,-0.20808
Cc1cc([NH3+])ccc1[C@H](C)Nc(n2)c(nc(nc3)NC4CC4)c3c(c25)ccc(c5)-c6ccccc6,-5.201,35,-0.14859999999999998
c1ccccc1-c2nc(-c(cc3O)ccc3C)nc(c24)ccc(c4)-c5ccccc5,-5.201,30,-0.17336666666666664
COc1cccc(c1)[C@H](C)Nc(c2)c(-c3cnccn3)cc(c24)ncc(C#N)c4NC(C)C,-5.201,33,-0.15760606060606058
Cn(c1)ncc1-c(c(c2)OC)cc(c23)ncc4c3cc(nc4N)-c5cccc(c5)CO,-5.2,31,-0.16774193548387098
O=c(c1)n(C)c(C)cc1-c(nc(C)c2)c(c23)nc(nc3)NCC[NH+](C)C,-5.2,26,-0.2
Cn1cc(C(=O)N)nc1-c(n2)nc(-c(c3)cccc3OC)c(c24)cc(cc4)-c5ccnn5C,-5.2,33,-0.1575757575757576
COc1c(O)cc(cc1OC)-c(c2)c(-c3ccc(C(=O)N)cc3)cc(c24)c(nc[nH+]4)N[C@H](C)c5cccc(C)c5,-5.199,40,-0.129975
CSc(cc1)ccc1[C@H](CC)Nc(nc2)nc(c23)nc(c(c3)-c4cccc(F)c4)-c5cccnc5N(C)C,-5.199,38,-0.1368157894736842
NC(=O)c1cccc(c1)-c(cc2)cc(c23)c(-c4cccs4)nc(n3)-c5cccc(F)c5,-5.199,31,-0.16770967741935483
Cc1ccc(cc1)CNc(n2)c(C(=O)N)c(n23)nc(C)cc3-c4ccoc4,-5.199,27,-0.19255555555555556
c1ccccc1[C@H](C)Nc(ncn2)c(c23)c(c(o3)-c4cc(=O)n(C)cn4)-c5ccccc5,-5.199,32,-0.16246875
O1CCC[C@H]1C[N@@H+](C)[C@H](C)[N-]c(n2)c(C(=O)N)c(n23)nc(-c4ccccc4)cc3-c5cccc(c5)C(=O)N,-5.198,38,-0.13678947368421054
FC(F)(F)c(c1)cc(N)cc1[C@@H](C)c(cn2)c(n23)nc(nc3NC(F)(F)CO)-c4ccccc4,-5.198,34,-0.15288235294117647
CC[N@H+]1CC[C@@H](CC1)Nc(nc2)nc(c23)nc(-c4ccc(C)cn4)c(c3)-c5cccc(C)c5,-5.197,33,-0.15748484848484848
O=c1nccc(n1C)-c(cc2)cc(c23)c(-c4ccc(O)cc4)nc(n3)-c5cccc(C(=O)[O-])c5,-5.197,34,-0.15285294117647058
Fc1ccc(c(F)c1)-c2cnc(Nc3ccncc3)nc2NCc4ccccc4,-5.197,29,-0.17920689655172414
Cc1ccc(cc1)C[N@H+]2CC[C@@H]([C@H](O)C2)Nc3nc(C)cc(n3)-c4ccco4,-5.196,28,-0.18557142857142855
Clc1ccccc1-c(nc2NCC)ncc2-c3cncnc3C,-5.195,23,-0.22586956521739132
Cc1cc(C)cc(c1)NC(=O)Nc2nc(C)cc(n2)-c3ccccc3,-5.195,25,-0.2078
Cc1noc(C)c1-c2ncc(-c3ccn(c3)CC(=O)N)c(n2)N[C@H](C)[C@H](C)c4cc(N)cc(C(F)(F)F)c4,-5.195,38,-0.13671052631578948
COc1ccc(Br)cc1-c(cc(n2)-c3ccccc3)n(c24)nc(c4C(=O)N)N[C@@H]5CC[N@@H+](C)CC5,-5.194,35,-0.1484
NC(=O)CNc(n1)ncc(c12)c(C)c(-c3ccc(=O)n(C)c3)c(=O)n2-c4cccc(c4)[C@H](C)O,-5.193,34,-0.15273529411764705
CN(C)[C@@H](C)n1ccnc1-c2cc(-c3cncn3CC)cc(c24)cnc(n4)N[C@H](C)c5cc(C)cc(N)c5,-5.193,38,-0.1366578947368421
CCCNc1nc(NCC)ncc1-c2ccccc2Cl,-5.193,20,-0.25965
COc(c(C)c1)ccc1-c(nc2NCC)ncc2-c3cccc(N)c3,-5.191,25,-0.20764
CC(=O)Nc1cccc(c1)-c2nc(Nc3cccs3)ncc2-c4cnc(C)n4C,-5.19,29,-0.17896551724137932
CC(=O)c1ccc(cc1)-c(c2)c(-c3ccc(Cl)cc3)cc(c24)ncnc4N[C@@H]5CCOC5,-5.19,32,-0.1621875
FC(F)(F)c(c1)cc(cc1N)[C@H](CO)Nc(ncn2)c(c23)cc(-c4cnccn4)c(c3)-c5cccc(c5)C(=O)OC(=O)N6CCCCC6,-5.189,48,-0.10810416666666667
CN(C)C(=O)c1ccccc1-c(c2)c(-c3ccccc3)nc(c24)nc(nc4)NC(C)(C)C[NH3+],-5.189,33,-0.15724242424242424
Cc1nocc1-c2[nH+]cc(-c3ccncc3)c(n2)N[C@H](C)Nc4cccc(C(F)(F)F)c4,-5.189,32,-0.16215625
CC(C)OCc1cccc(c1)CNc(c(c23)nccn3)nc(c2)-c4cccc(c4)CN(C)C,-5.188,33,-0.1572121212121212
CNc1[nH+]c(ncc1C)NCc2cccc(C)c2C[NH+](C)C,-5.188,22,-0.23581818181818182
CC[N@H+]1CC[C@@H](CC1)[C@H](C)Nc(ncn2)c(c23)cc(-c4ccc(C(=O)N)cc4)c(c3)-c5ccc(F)cc5,-5.188,37,-0.14021621621621622
c1ccccc1CNc(nc2-c(no3)cc3C)ncc2-c4ncccc4[O-],-5.187,27,-0.19211111111111112
Fc(c1)cccc1-c(nc2NC(=O)N)ncc2-c3cccs3,-5.186,22,-0.23572727272727273
COc1cccc(c1)-c(cc2)nc(c23)c(Nc4ccc([C@H](C)O)cc4)nc(n3)NCc5ccccc5,-5.185,36,-0.14402777777777775
c1cc(C)ccc1CNc(nc2NC)ncc2-c3ccccc3,-5.184,23,-0.2253913043478261
CCOc1cccc(c1)[C@H](C)Nc(ncn2)c(c23)c(c(o3)-c4cccnc4)-c5ccc(OC)c(c5)OC,-5.184,37,-0.14010810810810811
COCC(=O)Cn1nccc1-c(cc2-c3ccc(F)cc3)cc(c24)cnc(n4)NC(C)C,-5.184,32,-0.162
C[C@@H]1CCC[N@H+]1CCNc(nc2)nc(c23)nc(-c4ccco4)c(c3)-c5cccc(c5)CO,-5.183,32,-0.16196875
C[C@@H]1CCC[N@@H+](C1)Cc2ccnc(c2)[C@H](C)Nc(c(c34)cccc4)nc(n3)-c5ccco5,-5.183,32,-0.16196875
Cc1cn(C)cc1[C@H](C)Nc(ncn2)c(c23)c(-c4cccc(c4)C(=O)N(C)C)cc(c3)Cc5ccccc5,-5.182,38,-0.13636842105263158
COc1ccccc1CNc2ncc(c(n2)-c3ccco3)-c4[nH+]cccc4[O-],-5.182,28,-0.18507142857142858
c1ccccc1-c(nc2NCC)ncc2-c3nccnc3OC,-5.181,23,-0.2252608695652174
Clc(c1)cccc1N2C[C@H](CC2=O)Nc(c(c34)nccn4)nc(c3)-c5ccccc5Cl,-5.181,31,-0.16712903225806452
CCCNc(ncn1)c(c12)ccc(c2)-c3ccncc3OC,-5.181,22,-0.23550000000000001
CC(C)c1ccc(cc1)NC(=O)Nc(n2)c(ncnc3)c3c(c24)ccc(c4)-c5cccc(C(F)(F)F)c5,-5.18,37,-0.13999999999999999
C[NH+](C)CCNc(c1)c(-c2cccnc2)cc(c13)ncc(C#N)c3NCCCl,-5.18,28,-0.185
CCc1ccc(cc1)-c(cc2)cc(c23)c(nc(n3)-c4ccn(n4)CC)-c5ccccc5[C@H](O)CO,-5.18,35,-0.148
OCCCNc(nc1)nc(c12)n(-c([nH+]c3C)cn3CC)c(=O)c(c2C)-c4ccccc4,-5.179,31,-0.16706451612903225
c1cc(Cl)ccc1-c(c2)c(cc(c23)c(c(C#N)c[nH+]3)NCCO)NCc4cccc(O)c4,-5.178,32,-0.1618125
COc1ccc(cc1)-c(cc2)nc(c23)c(nc([nH+]3)NC(C)C)N[C@H](C)c4cccc(c4)CN,-5.178,33,-0.15690909090909091
CC(C)Nc(ncn1)c(c12)cc(-c3ccc(F)cc3)c(c2)-c4cccc(c4)CO,-5.178,29,-0.17855172413793102
CCNc1[nH+]cc(-c2cccc(F)c2)c(n1)NCCn(cc3)c(c34)cccc4,-5.178,28,-0.18492857142857141
FC(F)(F)c(c1)cccc1[C@H](C)Nc(ncn2)c(c23)cc(S(=O)(=O)C(C)(C)C)c(c3)-c4nccs4,-5.176,35,-0.1478857142857143
Cn(c1)ccc1-c(cc2)cc(c23)c(-c(cn4)cnc4C)nc(n3)-c5ccc(C)oc5=O,-5.176,31,-0.1669677419354839
CNc1nc(ncc1C)NCc2cccc(C)c2C[NH+](C)C,-5.175,22,-0.23522727272727273
n1ccc(C(=O)N)cc1-c(cc2)nc(c23)c(NCC)nc(n3)N[C@H](C)c4cccc(C)c4,-5.175,32,-0.16171875
n1ccccc1-c(n2)nc(-c3ccccc3O)c(c24)cc(cc4)-c5ccccc5F,-5.173,30,-0.17243333333333333
Cc1cccc(n1)NC(=O)CNc(c(c23)cccc3)nc(n2)-c4cccc(F)c4,-5.173,29,-0.1783793103448276
c1ccccc1-c(n2)ccc(c23)nc(NC)nc3NCCOc4cccc(F)c4,-5.172,29,-0.1783448275862069
COc(c1)c(N)cc(c12)c(ncn2)NCC[NH3+],-5.172,17,-0.30423529411764705
NC(=O)c1cccc(c1)-c(cc2)cc(c23)c(-c4ccccn4)nc(n3)-c5cccc(O)c5,-5.171,32,-0.16159375
Cc1nocc1-c(cc2)cc(c23)nc(N[C@H](C)c4ccc([NH3+])cc4)c5c3cnc(n5)NC6CC6,-5.171,34,-0.15208823529411766
o1cccc1-c(nc(C)c2)c(c23)nc(nc3)NCC[NH+](C)C,-5.171,22,-0.23504545454545456
CCNC(=O)c1ccc(cc1)-c2cc(C)nc(n2)NCC[NH+](C)C,-5.17,24,-0.21541666666666667
OCCNc(n1)ncc(c12)c(C)c(-c3ccccn3)c(=O)n2CC#CC(=O)N(C)C,-5.17,30,-0.17233333333333334
Cc(c1)c(C)ccc1[C@@H](C)Nc2nc(NCC)nc(c23)ccc(n3)-c4cccc(C(=O)[O-])c4,-5.169,33,-0.15663636363636363
CC(C)=Nc(n1)c(C(=O)N)c(n12)nc(C)cc2-c3cccc(F)c3F,-5.168,25,-0.20672000000000001
CCNc1[nH+]cc(-c2ccccc2)c(n1)NCCc3cccc(Cl)c3,-5.167,25,-0.20668
C[N@H+]1CC[C@@H](CC1)Nc(nc2)nc(c23)nc(-c4cccn4C)c(c3)-c5nccn5C,-5.166,30,-0.17220000000000002
Cn1ccc(cc1=O)-c2cnc(NCC(=O)N)nc2-c3cccc(F)c3,-5.166,26,-0.1986923076923077
CN(C)C(=O)n(c1=O)cccc1-c2cc(-c(c3)cccc3[C@H](C)O)cc(c24)cnc(n4)N[C@H](C)c5cc(C(F)(F)F)ccc5N(C)C,-5.166,47,-0.10991489361702128
Cc1ccc(c(Br)c1)-c(n2)c(-c3ccn(C)c(=O)c3)cc(c24)cnc(n4)NCC[NH+]5CCOCC5,-5.165,35,-0.14757142857142858
Cc1cccc(c1)NCCNc(nc2NCC(C)C)[nH+]c(c23)ccc(n3)-c4c(C)noc4C,-5.165,33,-0.15651515151515152
C1COCCN1CCNc2nc(N[C@@H](C)c(c3)cccc3C)[nH+]c(c24)ccc(n4)-c5ccc(cc5)C(=O)CN(C)C,-5.164,41,-0.12595121951219512
NC(=O)[C@@H](O)c(cc1)ccc1/[NH+]=c2\nc(NCC)[nH]c(c23)ccc(n3)-c4cccc(c4)OC,-5.164,33,-0.15648484848484848
s1cccc1-c(n2)nc(NC(C)C)n(c23)ncc3-c4ccccc4,-5.164,24,-0.21516666666666664
CCCNc1nc(NCC)ncc1-c2ccccc2F,-5.164,20,-0.2582
Cc1ccc(cc1)CNc2[nH+]cc(-c3ccccc3F)c(n2)N[C@@H]4CC[C@H]([NH3+])CC4,-5.163,30,-0.1721
CCNc(n1)c(C(=O)N)c(n12)nc(-c3cccc(C)c3F)cc2-c4csc(n4)C,-5.163,29,-0.1780344827586207
Cc1cc(C)cc(c1)[C@H](C)Nc(nc2)nc(c23)nc(-c4ccnc(Cl)c4)c(c3)-c5cccc(O)c5,-5.161,35,-0.14745714285714284
NC(=O)C(=O)c(c1)cccc1-c(nc(c23)n(C)cn2)nc3NCCN4CCOCC4,-5.161,30,-0.17203333333333332
C1COCCN1[C@H](C)CNc(c(c23)ncn3C)nc(n2)CCc4ccccc4,-5.161,28,-0.18432142857142855
Cn1c(C)ncc1-c(cn2)c(n23)nc(Cc4c(C)cccc4C)cc3NC(C)(C)c5ccc(C(F)(F)F)cc5,-5.16,39,-0.13230769230769232
COc1cccc(c1)-c(c2)nc(N)c(c23)cnc4c3cc(OC)c(c4)-c5cn(C)cc5C,-5.159,32,-0.16121875
CCNc(nc1)nc(c12)n(-c3cnc(o3)C)c(=O)c(c2C)-c4ccccn4,-5.159,27,-0.19107407407407406
Cc1ccc(cc1)CNc2[nH+]c(NCC[NH3+])ncc2-c3ccccc3Cl,-5.158,26,-0.1983846153846154
Cc1cccc(c1)[C@H](C)Nc(nc2)nc(c23)c(cc(c3)-c4ccc(F)cc4F)-c5cc(C(=O)[O-])cc(c5)N6CC/C(=C(\[O-])N(C)C)C(=O)NC6=O,-5.157,51,-0.10111764705882353
COc1ccc(C)c(c1)NC(=O)Nc2nc(C)cc(n2)-c3ccco3,-5.157,25,-0.20628
Cc1cccc(c1)-c2cc(nc(n2)C)Nc3ncc(s3)-c4cccnc4,-5.156,26,-0.1983076923076923
o1cccc1-c(c(c2)OC)cc(c23)ncc4c3cc(nc4N)-c5cccc(O)c5,-5.156,29,-0.17779310344827584
Nc(c1)cccc1-c2nc(-c(cc3OC)ccc3OC)nc(c24)ccc(c4)-c5ccn(C)c5,-5.156,33,-0.15624242424242424
C[N@H+]1CC[C@@H](CC1)Nc(nc2)nc(c23)nc(-c4nccn4C)c(c3)-c5ccccc5,-5.156,30,-0.17186666666666667
Cc1cn(C)nc1-c2nc(-c(c3)cccc3C)nc(c24)ccc(c4)-c5ccn(C)c5,-5.156,30,-0.17186666666666667
NC(F)(F)c(cc1)ccc1[C@H](C)Nc(ncn2)c(c23)c(-c4cccnc4)c(o3)-c5cnc(=O)n(C)c5,-5.155,36,-0.14319444444444446
CCNc1[nH+]cc(-c2cccc(F)c2)c(n1)NCc3ccccc3C(F)(F)F,-5.155,28,-0.18410714285714286
[NH3+][C@@H]1CCCC[C@@H]1c2cc(ccn2)Nc(cc(n3)-c4cccnc4)n(c35)ncc5-c6cccc(C(F)(F)F)c6,-5.155,39,-0.1321794871794872
Fc(c1)cccc1-c(n2)cc(NC(C)C)n(c23)ncc3-c4cccnc4,-5.154,26,-0.19823076923076924
Cn(c1)ccc1-c(cn2)c(n23)nc(-c(cc4)ccc4OC)cc3NCC(=O)Nc5cc(C)cc(C)c5,-5.154,36,-0.14316666666666666
C[NH+](C)CCNc(c(C#N)cn1)c(c12)cc(c(c2)-c3ccc(=O)n(C)c3)Nc4cncn(C)c4=O,-5.154,35,-0.14725714285714286
Cc1cccc(c1)[C@H](C)Nc(ncn2)c(c23)cc(S(=O)(=O)C(C)(C)C)c(c3)-c4ccc(F)cc4,-5.154,34,-0.15158823529411763
NC(=O)c(c1)cccc1-c2nc(-c3ncncc3C)nc(c24)ccc(c4)-c5ccccc5F,-5.154,33,-0.15618181818181817
[NH3+]CCNc1[nH+]cc(-c2c(F)cccc2F)c(n1)NCc3ccccc3,-5.154,26,-0.19823076923076924
Cc1[nH+]cccc1-c2cc(-c(c3)cccc3C)nc(n24)c(C(=O)N)c(n4)NCc5ccccc5,-5.153,34,-0.15155882352941175
c1ccccc1-c(n2)nc(-c3nncn3C)c(c24)cc(cc4)-c5ccncc5,-5.153,28,-0.18403571428571427
n1ccccc1-c(c(c2)NC(=O)C)cc(c23)ncc(C#N)c3NC(=O)C,-5.152,26,-0.19815384615384615
CCNc1ncc(-c2cccc(F)c2)c([nH+]1)NCCn(cc3)c(c34)cccc4,-5.149,28,-0.18389285714285714
Cn1nccc1-c2ncc(-c3cccc(C(F)(F)F)c3)c(n2)NCC(=O)Nc4ccc(C(F)(F)F)cc4,-5.149,37,-0.13916216216216215
Cc(c1)cccc1CNc(nc2NCCC)[nH+]cc2-c3cccnc3,-5.149,25,-0.20596
COc1cc(ccn1)-c(cn2)c(n23)nc(-c4ccc(N(C)C)c(=O)cc4)nc3NCCC(=O)NCc5ccccc5,-5.149,41,-0.12558536585365854
FC(F)(F)c(c1)cc(N)cc1[C@H](C)Nc(ncn2)c(c23)cc(-c4ccoc4)c(c3)-c5cncc(=O)n5C,-5.148,37,-0.13913513513513512
Cc1ccc(cc1)-c(nc(c23)n(cn3)C)nc2N[C@@H]4CCC[N@@H+](C4)CC[NH3+],-5.148,27,-0.19066666666666665
Cc1cccc(c1)-c(cc2)cc(c23)c(C4CC[NH2+]CC4)nc(n3)-c5cncn5C,-5.148,29,-0.17751724137931033
c1cc(F)ccc1-c(cc2C)nc(n2)NCC[NH+]3CCN(CC3)CCn4ccnc4,-5.147,30,-0.17156666666666667
CCC(=O)Nc(c(C#N)cn1)c(c12)cc(NC(=O)C)c(c2)-c3ccccc3,-5.147,27,-0.19062962962962965
Cc1ccc(C)c(c1)[C@H](C)Nc(n2)c(ncnc3)c3c(c24)ccc(c4)-c5[nH+]ccn5CCC(=O)N(C)C(=O)C(C)C,-5.147,41,-0.12553658536585366
Cc1ccc(cc1)CNc2ncc(-c3cccc(C)c3)c(n2)N[C@H](C)c4ccc(C(C)C)cc4C(=O)N,-5.147,37,-0.13910810810810811
c1cc(F)ccc1-c(c2C)c(=O)n(CCC)c(c23)nc(nc3)N[C@H](C)c4cccc(c4)CN(C)C,-5.146,35,-0.14702857142857143
Cc(c1)cccc1CNc(nc2NCOC)ncc2-c3cccc(Br)c3,-5.146,26,-0.19792307692307692
CN(C)C(=O)c(cc1)ccc1-c(c(n2)-c(cc3)ccc3C)cc(c24)cnc(n4)NCC[NH+]5CCCCCC5,-5.145,38,-0.13539473684210526
Cc1noc(C)c1-c2ncc(-c3ccc(cc3)C(=O)[C@H](C)N)c(n2)NCc4cccc(c4)C(C)C,-5.144,35,-0.1469714285714286
C[NH2+][C@H](C)C(=O)Cn1ccnc1-c(cc2)nc(c23)c(NCC[NH+]4CCOCC4)nc(n3)N[C@H](C)c5cccc(C)c5,-5.144,41,-0.12546341463414634
CN(C)C(=O)c1cccnc1-c(c(c2)-c(c3)cccc3OC)cc(c24)ncnc4NC(C)C,-5.143,33,-0.15584848484848485
Cc1ccc(C)c(c1)CNc2[nH+]cc(-c3nccnc3C)c(n2)NC4CCCC4,-5.143,29,-0.1773448275862069
CC(=O)Nc(n1)c(C(=O)N)c(n12)nc(C)cc2-c3ccccc3,-5.143,23,-0.2236086956521739
CCc1cccc(c1)-c(cc2)nc(c23)c(nc(n3)NCCO)N[C@H](C)c4cccc(c4)[C@H](C)O,-5.142,34,-0.15123529411764708
COc1ccc(cc1)CNc2nc(NCc3ccccc3C)[nH+]cc2-c4ccncc4,-5.142,31,-0.1658709677419355
Cc1ccccc1N2CC[C@@H](C2)c(cc3-c4nccnn4)cc(c35)[nH+]cnc5NC(F)(F)c6ccc(C(F)F)c(N)c6,-5.141,42,-0.1224047619047619
COc1ccccc1-c(c2)c(OC)cc(c23)c4c(cn3)c(N)nc(c4)-c5ccccc5C(=O)N(C)C,-5.141,36,-0.14280555555555555
CCn1cc(c(n1)C)-c(nc(C)c2)c(c23)nc(nc3)N[C@H](C)[C@H](C)O,-5.141,25,-0.20564
Cc1ccc(cc1)[C@H](C)Nc(nc2)nc(c23)nc(-c4ccc(=O)n(C)c4)c(c3)-c5c[nH+]c(C)n5C,-5.141,35,-0.14688571428571429
Cc1noc(n1)-c2cnc(NCCC[NH3+])nc2-c3ccccn3,-5.14,23,-0.2234782608695652
CC(C)N(C1=O)CC[C@H]1Nc(nc2NCC)[nH+]cc2-c3cccnc3,-5.14,25,-0.20559999999999998
c1ccccc1CNc(nc2NCC)ncc2-c3cccnc3,-5.14,23,-0.2234782608695652
Cc1cc(C)cc(c1)NC(=O)Nc2nc(-c3ccccn3)ncc2-c4ccncc4,-5.139,30,-0.1713
COCCNc1[nH+]cc(-c2ccccc2)c(n1)NCc3ccccc3C,-5.139,26,-0.19765384615384615
Cc1ccc(cc1)CNC(=O)Nc(nc2)nc(c23)n(C)c(=O)c(c3C)-c4cccnc4,-5.138,31,-0.16574193548387098
OCc(s1)ccc1-c(cnc2NC)c([nH+]2)NCc3ccc(OC)cc3,-5.138,25,-0.20552
c1ccccc1C[C@@H]([NH3+])Nc(n2)c(nc(nc3)NC4CC4)c3c(c25)ccc(c5)-c6ccccc6C(=O)[O-],-5.137,37,-0.13883783783783782
Fc(o1)ccc1-c(n2)nc(N[C@H](C)C[NH+](C)C)n(c23)ncc3[C@@H]4C(=O)C[N@@H+](C(C)C)CCN4C(=O)OCC(=O)N,-5.137,40,-0.12842499999999998
Cc1ccc(cc1)CNc2[nH+]cc(c(n2)NCC[NH3+])-c3ccncc3,-5.137,25,-0.20548
c1cccc(c12)CC=CC(=C2)c(cn3)c(n34)nc(-c(c5)cccc5F)nc4NCCCN6CCOCC6,-5.137,37,-0.13883783783783782
c1cc(F)ccc1-c2cc(-c(n3)ccn3C(C)C)cc(c24)cnc(n4)N[C@@H]5CCOC5,-5.137,31,-0.16570967741935483
C1CC1Nc(nc2)nc(c(n3)N[C@H](C)CO)c2c(c34)ccc(c4)-c5ccccc(=O)c5,-5.137,31,-0.16570967741935483
Cn1c(C)[nH+]cc1-c(cc2)cc(c23)c(-c(c4)cccc4OC)nc(n3)-c5cnccc5C,-5.136,32,-0.1605
c1ncccc1Nc(nc2NC)ncc2-c3ccccc3OC,-5.136,23,-0.22330434782608696
CO[C@H](C)c1ccccc1-c2ncc(c(n2)NC(=O)C[NH3+])-c3cccnc3,-5.135,27,-0.19018518518518518
OC[C@H](O)c1ccccc1-c(nc(n2)-c3cccc(O)c3)c(c24)cc(cc4)-c5ccccc5,-5.135,33,-0.1556060606060606
c1cnccc1-c(c2)c(cc(c23)c(NCC)c(C#N)c[nH+]3)NC[C@H](O)c4cccc(c4)OCC,-5.135,34,-0.15102941176470588
c1ccccc1[C@H](CC)Nc(nc2)nc(c23)nc(-c4cccnc4)c(c3)-c5ccc(F)cc5,-5.134,33,-0.1555757575757576
C[NH+](C)CCNc(ncn1)c(c12)c(-c3ccccn3)c(o2)-c4cccc(c4)C[NH3+],-5.134,29,-0.17703448275862071
Cc1ccccc1CNc(c2)c(-c3ccc(=O)oc3)cc(c24)[nH+]cc(C#N)c4NCCO,-5.134,32,-0.1604375
Cc1ccc(c(C)c1)[C@H](C)Nc(n2)c(nc(nc3)NC4CC4)c3c(c25)ccc(c5)-c6cn(cn6)CC(=O)N(C)C,-5.133,40,-0.128325
c1cnccc1-c2nc(N(CC3)CCC3CO)nc(c24)ccc(c4)-c5cccnc5,-5.133,30,-0.1711
COc1cc(O)cc(c1)-c2c[nH+]c(NCC[NH+](C)C)nc2NCc3ccccc3,-5.133,29,-0.177
Fc1ccccc1-c(n2)cc(-c(c(Cl)c3)ccc3OC)n(c24)nc(c4C(=O)N)NCCc5ccccc5,-5.132,37,-0.13870270270270268
NC(=O)c(c1)cccc1Nc(c(c2)-c(cn3C)ccc3=O)cc(c24)c(c(cn4)C#N)NCc5cccnc5,-5.132,38,-0.13505263157894737
CC(C)n(c(=O)c1)ccc1-c(n2)cc(N[C@H](C)CO)n(c23)ncc3-c4cccc(c4)C[NH+](C)C,-5.132,34,-0.15094117647058822
Cc1cccc(c1)-c2cnc(s2)Nc3cc(nc(n3)C)-c4cnn(C)c4,-5.131,26,-0.19734615384615387
CCn1cc(C)c(c1)-c(c2)c(OC)cc(c23)c(c(cn3)C#N)N[C@@H]4CC[N@H+](CC4)CC(C)C,-5.131,33,-0.1554848484848485
n1ccccc1-c2cc(-c(c3)cncc3C(=O)N)cc(c24)cnc(n4)NCCO,-5.131,29,-0.17693103448275863
Oc(c1)cccc1[C@H](CC)Nc(ncn2)c(c23)c(-c4cccnc4)c(o3)-c5cccc(F)c5,-5.131,33,-0.1554848484848485
Fc(c1)cccc1-c(nc2NC(=O)N)ncc2-c3ccncc3,-5.131,23,-0.22308695652173913
COc1cccc(c1)CNc(c(c23)ncn3C)nc(n2)-c4[nH+]c(C)cn4C,-5.13,27,-0.19
Cc1cccc(c1)CNc(n2)c(C(=O)N)c(n23)nc(-c4cc(C)on4)cc3-c5ccc(C)n(C)c5=O,-5.13,36,-0.1425
c1ncccc1-c(c(c2)OC)cc(c23)ncc4c3cc(nc4N)-c5ccccc5O,-5.13,30,-0.17099999999999999
Cn(c1)ccc1-c(cc2)cc(c23)c(-c(c4)nncc4C)nc(n3)-c5c(C)c(C)nn5C,-5.129,31,-0.1654516129032258
Cc1ccc(nc1)-c2nc(NC(F)(F)F)ncc2[C@H](C)c3cccc(C)c3,-5.129,27,-0.18996296296296294
Cc1ccc(cc1)[C@H](C)Nc(ncn2)c(c23)c(-c4cccc(Br)c4)c(o3)-c5ccc(F)cc5,-5.129,33,-0.1554242424242424
Cc1ccccc1[C@H](C)c2ncc(c(n2)N[C@H](C)C[NH3+])-c3c(C)noc3C,-5.129,27,-0.18996296296296294
[NH3+]Cc1cccc(c1)-c2c[nH+]c(NCc3ccccc3Cl)nc2NCCc4ccccc4,-5.128,32,-0.16025
Cc1ccccc1[C@H](C)Nc(ncn2)c(c23)cc(S(=O)(=O)C(C)(C)C)c(c3)-c4ccccc4,-5.128,33,-0.1553939393939394
CC(=O)Nc1cccc(c1)CNc(c(C#N)cn2)c(c23)cc(NCC(=O)N)c(c3)-c4cncn4C,-5.127,35,-0.14648571428571427
FC(F)(F)c1cc(N)cnc1-c(cc2-c3ccccn3)nc(n24)c(C(=O)N)c(n4)NCC,-5.127,32,-0.16021875
Cc1cccc(c1)-c(nc(c23)n(cn3)C)nc2N[C@@H]4CCC[N@@H+](C4)CC[NH3+],-5.127,27,-0.18988888888888888
c1ccccc1[C@H]2[NH2+]C[C@H](CCN2C)Nc(nc(n3)-c4cccc(F)c4)n(c35)ncc5-c6ccccc6,-5.126,37,-0.13854054054054055
Cc1cccc(c1)[C@H](C)Nc2nc(-c3c(C)noc3C)ncc2-c4cccc(c4)C(C)C,-5.126,32,-0.1601875
Cc(c1)cccc1-c(n2)cc(NC(=O)C)n(c23)ncc3-c4cnccc4C(=O)NC(=O)C(C)C,-5.125,34,-0.15073529411764705
NC(=O)c1cccc(c1)-c(cc2)cc(c23)c(-c4cccs4)nc(n3)-c5cccs5,-5.124,29,-0.17668965517241378
Cc1cc(C)cc(c1)[N@@H+](C)CCNc(ncn2)c(c23)c(c(o3)-c4ccccn4)-c5cccc(N)c5,-5.123,35,-0.14637142857142857
COc1cccc(c1)-c(cc2)cc(c23)c(-c4cnc(C)n4C)nc(n3)-c5ccc(=O)n(c5)CC(=O)N,-5.123,36,-0.14230555555555557
Cc1cc(ccn1)-c(cc2)cc(c23)nc(NC(C)C)c4c3cnc(n4)NC5CC5,-5.122,29,-0.1766206896551724
CCC(F)(CC)Nc1nc(NC)ncc1-c2cccc(c2)C(=O)NCC(=O)[O-],-5.121,28,-0.18289285714285716
Cn(c1)c(=O)ncc1-c(nc(C)c2)c(c23)nc(nc3)Nc4cnnnc4,-5.121,26,-0.19696153846153847
C1CC1Nc(nc2)nc(c(n3)NCCO)c2c(c34)ccc(c4)-c5cccc(Cl)c5,-5.121,29,-0.17658620689655175
c1ccccc1[C@H](C)CNc(nc2)nc(c23)nc(c(c3)-c4ccoc4)-c5ccccc5,-5.121,31,-0.1651935483870968
CN(C)C(=O)c(c1)cccc1-c(c(c2)OC)cc(c23)ncc(C#N)c3N[C@H](C)c4cccc(c4)[C@H](C)O,-5.121,37,-0.1384054054054054
COc(c1)c(OC)cc(c12)c(ncn2)NCCC(=O)Nc3ccc(C)cc3,-5.12,27,-0.18962962962962962
Cc1cc(CO)cc(c1)-c2cc(nc(n2)C)Nc3ncc(s3)-c4ccc(F)c(F)c4,-5.12,30,-0.17066666666666666
Cc1cc(N)cc(c1)C(=O)Nc(n2)c(ncnc3)c3c(c24)ccc(c4)-c5cccnc5,-5.119,31,-0.1651290322580645
Cc1cccc(c1)[C@H](C)Nc(ncn2)c(c23)cc(S(=O)(=O)C(C)(C)C)c(c3)-c4cccs4,-5.119,32,-0.15996875
COc1ccc(cc1)-c(cn2)c(n23)nc(-c4cc(N(C)C)ccn4)cc3N[C@H](C)c5ccc(N)c(C(F)(F)F)c5,-5.118,40,-0.12795
COc1ccc(cc1O)-c(cc2)cc(c23)c(-c4cnn(C)c4)nc(n3)-c5ccccc5,-5.118,31,-0.1650967741935484
COc1cccc(c1)-c(c2)nc(c(c23)nccn3)NCCC[NH3+],-5.117,23,-0.2224782608695652
COc1cccc(n1)-c(c2)c(-c3ccncc3)cc(c24)ncnc4N[C@H](C)c5ccc([NH3+])c(C)c5,-5.117,35,-0.1462
[NH3+]C[C@@H](C)Nc1nc(-c2ccc(F)nc2)ncc1-c3ccccc3,-5.117,24,-0.21320833333333333
c1ncccc1-c(c(c2)NC)cc(c23)ncc(C#N)c3NCc4cccc(c4)NC(=O)C,-5.117,32,-0.15990625
Clc1ccccc1CNc2ncc(-c3ncco3)c([nH+]2)NCC[NH+]4CCOCC4,-5.117,29,-0.17644827586206896
C[C@H](O)CNc1nc(NCC)[nH+]c(c12)ccc(n2)-c3cccc(F)c3,-5.117,25,-0.20468
C[C@@H]1CCC[N@@H+](C1)Cc2ccnc(c2)[C@H](C)Nc(c(c34)cccc4)nc(n3)-n5ccnc5,-5.116,32,-0.159875
CCCn1ncc(c1C)-c(c2)c(OC)cc(c23)c(c(cn3)C#N)N[C@H](C)c4cc(N)cc(C(F)(F)F)c4,-5.116,37,-0.13827027027027025
Cc1ccc(cc1C)N[C@H](C)Nc(nc[nH+]2)c(c23)ccc(c3)-c4ccncc4,-5.116,28,-0.1827142857142857
Cc1cccc(c1)-c(cc2)cc(c23)c(-c4cccc(F)c4)nc(n3)-c5cc(nc(n5)C)[C@@H]6CCC[N@H+](C)C6,-5.114,38,-0.13457894736842105
c1ccccc1CCNc(n2)c(C(=O)N)c(n23)nc(-c4cccnc4)cc3-c5cc[nH+]cc5,-5.114,33,-0.15496969696969698
n1ccnn1-c(c(c2)OC)cc(c23)c(nc[nH+]3)N[C@@H]4CC[N@H+](C4)Cc5ccccc5,-5.114,30,-0.17046666666666666
Cc(c1)cccc1-c2nc(-n3c(C)cnc3CC)nc(c24)ccc(c4)-c5cc(F)co5,-5.114,31,-0.16496774193548386
n1cc(F)ccc1-c(c(c2)NC(=O)C#N)cc(c23)ncc(C#N)c3NC[C@H](O)c4ccccc4,-5.114,34,-0.15041176470588236
N#Cc(c1)cccc1-c(nc2NCC)ncc2-c3ccc(OC)c(O)c3,-5.113,26,-0.19665384615384618
Cn1ncc(c1C)-c(cc2)cc(c23)c(-c4ccccn4)nc(n3)-c5ccc(=O)n(C)c5,-5.113,31,-0.16493548387096776
Cc1ccc(cc1C)-c2cnc(NCc3ccccc3)[nH+]c2NCCC[NH+](C)C,-5.113,29,-0.17631034482758623
COCC(=O)Nc1cccc(c1)-c(c(c23)nc(nc3)NCC(C)C)cc(c2)-c4cccnc4,-5.112,33,-0.1549090909090909
CCNc(c(C#N)cn1)c(c12)cc(NC(=O)COC)c(c2)-c3ccccc3,-5.112,27,-0.18933333333333333
Cc1ccc(cc1)-c(cc2)cc(c23)c(nc(n3)-c4cccc(F)c4)-c5ccc(nc5)CN6CC[C@H](C(F)(F)F)C6=O,-5.111,41,-0.12465853658536585
COCCNc(nc1)nc(c12)n(CC)c(=O)c(c2C)-c3ccccn3,-5.111,25,-0.20443999999999998
Cc1ccc(cc1C)-c(cn2)c(n23)nc(cc3NC[C@H](C)[NH3+])-c4ccccc4C,-5.111,29,-0.1762413793103448
CCCn1ncc(F)c1Nc2nc(-c3cccs3)ncc2-c4ncn(C)c4C,-5.111,28,-0.18253571428571427
Cc1ccc(C)cc1[C@@H](C)Nc(nc2NCOC)[nH+]cc2-c3cccc(c3)C(=O)NC(=O)[C@H](O)C(F)(F)F,-5.111,38,-0.13449999999999998
c1ccccc1CNC(=O)Nc(nc(n2)-c3ccccc3F)n(c24)ncc4-c5ccoc5,-5.11,32,-0.1596875
c1ccccc1-c(c(c2)OC)cc(c23)ncc4c3cc(nc4N)-c5ccccc5O,-5.11,30,-0.17033333333333334
c1ncccc1-c(cnc2NC)c(n2)-c3ccnc(c3)NC(=O)C,-5.11,24,-0.21291666666666667
Cc(c1)cccc1-c(cc2)nc(c23)c(NCCC)nc(n3)NC(=O)Nc4cccc(c4)C(F)(F)C,-5.11,35,-0.14600000000000002
COc1ccccc1-c(cn2)c(n23)nc(-c4ccsc4)nc3NC(=O)CC[NH3+],-5.11,28,-0.18250000000000002
CN(C)C(=O)c(c1)cccc1-c(c(c2)OC)cc(c23)ncc(C#N)c3NC(C)C,-5.11,29,-0.17620689655172414
Cc1ccc(O)c(c1)-c2cnc(s2)Nc3cc(nc(n3)C)-c4ccon4,-5.109,26,-0.1965
CN(C)c(c1)nccc1-c(c(c2)OC)cc(c23)c(nc[nH+]3)N[C@H](C)c4cccc(O)c4,-5.109,31,-0.16480645161290322
Fc1ccccc1-c(nc(c23)n(C)cn2)nc3N[C@@H]4CCC[N@@H+](C4)CCN,-5.109,27,-0.1892222222222222
CC(C)n1nccc1-c(c(c2)OC)cc(c23)ncc(C#N)c3N[C@H](C)C[NH+](C)C,-5.109,29,-0.17617241379310344
Cc1ccccc1-c(n2)cc(nc2C)Nc3ncc(s3)-c4cccn(c4=O)C(C)C,-5.109,30,-0.1703
c1cnccc1-c(n2)cc(NC(=O)C[NH2+]C)n(c23)ncc3-c4ccnc(C)c4,-5.109,28,-0.18246428571428572
c1cc(C)ccc1[C@@H](C)Nc2nc(NC)[nH+]c(c23)ccc(n3)-c4cn(C)c([nH+]4)OC,-5.108,30,-0.17026666666666665
NC(=O)[C@@H](O)c(cc1)ccc1Nc2nc(NCC)nc(c23)ccc(n3)-c4cccc(c4)OC,-5.108,33,-0.15478787878787878
c1ccccc1-c(c(n2)-c(cc3C)nn3C)cc(c24)cnc(n4)N[C@@H]5CC[N@@H+](C)CC5,-5.107,31,-0.16474193548387098
COc1ccc(cc1N(C)C)-c(cc2)cc(c23)nc(NC(=O)CN)c4c3cncn4,-5.107,30,-0.17023333333333335
CCCNc(n1)c(C(=O)N)c(n12)nc(cc2-c3ccco3)-c4ccc(N)cc4,-5.107,28,-0.18239285714285716
Oc1ccccc1-c(c(c2)[C@H](C)C[NH3+])cc(c23)ncnc3N[C@@H]4CCOC4,-5.107,27,-0.18914814814814815
Cc1onc(C)c1-c(c(c2)OC)cc(c23)ncc4c3cc(nc4N)-c5cccc(O)c5,-5.106,31,-0.16470967741935483
CCNc1ncc(-c2nnoc2C)c(n1)NCc3ccc(OC)cc3,-5.106,25,-0.20424
COc(c1)c(O)ccc1-c(cnc2NC)c(n2)NCc3c(C)cccc3C,-5.106,27,-0.18911111111111112
CC[N@H+]1CC[C@@H](CC1)[C@H](C)Nc(ncn2)c(c23)cc(c(c3)-c4ccnn4C)-c5ccc(cc5)C[NH+](C)C,-5.105,37,-0.13797297297297298
C1COCCN1C[C@H](O)CNc2ncc(-c3cccnc3)c(n2)-c4ccc(F)cc4,-5.104,30,-0.17013333333333333
C1CCC[NH+]1[C@H](C)CNc(nc2)nc(c23)nc(-c4ccc(F)cc4)c(c3)-c5[nH+]ccn5C,-5.103,32,-0.15946875
Cc1cccc(c1)-c2cnc(s2)Nc3cc(nc(n3)C)-c4ncc(F)o4,-5.103,26,-0.19626923076923075
C[NH+](C)CCNc(c(C#N)cn1)c(c12)cc(NS(=O)(=O)C)c(c2)-c3cccnc3,-5.102,29,-0.17593103448275862
CCc1cccc(c1)-c(c2)c(OC)cc(c23)ncnc3N[C@H](C)c4ccc([NH3+])cc4[C@H](C)O,-5.102,33,-0.1546060606060606
c1ccccc1[C@H](O)CNc(c(c23)cccc3)nc([nH+]2)-c4cccc(F)c4,-5.101,27,-0.1889259259259259
Cc1[nH+]cc(n1C)-c(cn2)c(n23)nc(-c4ccc(C(=O)N)cc4)cc3NCCc5ccc(C(F)(F)F)cc5,-5.101,38,-0.13423684210526315
Cc(c1)cccc1-c(cc2)nc(c23)c(NCC)nc([nH+]3)NCC[NH+]4CCCC4,-5.101,28,-0.18217857142857144
COc1cccc(c1)CNc2[nH+]c(NCCO)ncc2-c3cc(C)ccc3C,-5.101,28,-0.18217857142857144
C[C@H](O)c(c1)cccc1-c(c2)cc(-c(ccc3=O)cn3CC)c(c24)nc(nc4)N[C@H](C)c5cc(C(F)(F)F)ccc5N(C)C,-5.1,44,-0.1159090909090909
c1cc(C)ccc1-c(c2)c(cc(c23)c(c(C#N)cn3)NC(=O)C)NC(=O)NCc4ccccc4,-5.1,34,-0.15
COc1ccc(cc1)CNc2[nH+]c(NCc3cccc(C)c3)ncc2-c4nccn4C,-5.1,31,-0.16451612903225804
O=N[C@@H](C)c1ccccc1-c(nc2-c(cn3)cc(c34)cccc4)nc(c25)ccc(c5)-c6ccccc6,-5.1,36,-0.14166666666666666
C[N@H+]1CC[C@@H](CC1)Nc(c(c23)ncn3C)nc(n2)-c4ccccn4,-5.1,24,-0.2125
CC(C)Nc(n1)c(C(=O)N)c(n12)nc(-c3cncn3C)cc2-c4ccc(F)cc4,-5.098,29,-0.17579310344827587
c1ncccc1-c(cnc2NC)c(n2)N[C@@H]3CCCC[NH2+]3,-5.098,21,-0.24276190476190476
Cc1cnc([C@H](C)[NH+](C)C)c(n1)-c(cc2N[C@H](C)CO)nc(n23)c(cn3)-c4cc(N(C)C)ccc4O,-5.097,36,-0.14158333333333334
CC(C)c(c1)cccc1[C@@H](C)Nc2nc(N[C@@H](C)c(cc3)ccc3C)nc(c24)ccc(n4)-c5ccc(=O)n(c5)[C@H](C)n6cccc6,-5.096,46,-0.11078260869565218
Cc1ccccc1CNc2[nH+]c(NC[C@H](C)O)ncc2-c3ccc(nn3)N(C)C,-5.096,29,-0.17572413793103447
CC(=O)Nc1ccc(cc1)-c2nc(NCc3ccccc3)ncc2-c4[nH+]cccc4[O-],-5.096,31,-0.16438709677419355
n1ccnc(c12)c(NCC[NH3+])nc(c2)-c3cc(no3)C(=O)N,-5.095,22,-0.23159090909090907
c1ccccc1-c(n2)nc(NCC)n(c23)ncc3-c4cccc(F)c4,-5.095,25,-0.20379999999999998
c1cc(C)ccc1[C@@H](C)c(o2)c(-c(c3)cccc3OC)c(c24)c(ncn4)N[C@H](C)c5cccc(C)c5,-5.094,36,-0.14150000000000001
c1ccccc1[C@H](C)Nc(ncn2)c(c23)cc(-c4ccc(F)cc4)c(c3)-c5cccnc5,-5.094,32,-0.1591875
Cc(c1)cccc1-c2cnn(c23)c(N[C@H](C4)CC[N@@H+]4CC)cc(n3)C(=O)Nc5ccc(C)cc5OC,-5.093,36,-0.14147222222222222
CC(C)Nc(ncn1)c(c12)ccc(c2)-c(n3)n(C[C@H](F)N(C)C)c(c34)cncc4,-5.093,29,-0.1756206896551724
CCNc(n1)c(C(=O)N)c(n12)nc(-c3ccc(=O)n(C)c3)cc2-c4cccc(F)c4,-5.093,30,-0.16976666666666668
C[NH+](C)CCNc(n1)c(ncnc2)c2c(c13)ccc(c3)-c4ccc(C(=O)N)cc4,-5.093,29,-0.1756206896551724
c1ncccc1Nc(nc2NC)ncc2-c3cccc(F)c3,-5.092,22,-0.23145454545454544
COC(=O)Cn1cc(c(n1)C)-c2ncc(c(n2)N[C@H](C)C[NH3+])-c3ccccc3F,-5.092,29,-0.17558620689655172
Cc1ccc(cc1)[C@H](C)Nc(nc2)nc(c23)c(-c4ccnn4C)cc(c3)-c5[nH+]cc([C@](Cl)(C)CO)n5[C@@H]6CCOC6,-5.091,41,-0.12417073170731707
CSc(cc1)ccc1[C@H](CC)Nc(nc2)nc(c23)nc(-c4ccc(C)cc4)c(c3)-c5ccc(=O)n(c5)COC,-5.09,39,-0.1305128205128205
Cn(c1)c(=O)ncc1-c(nc(C)c2)c(c23)nc(nc3)Nc4ccc(=O)oc4,-5.09,27,-0.1885185185185185
C[NH+](C)c(c1)cccc1[C@@H](C)Nc(nc2-c(cc3)ccc3C)ncc2-c4cccc(n4)/C=C/C(=O)N(C)C,-5.09,38,-0.13394736842105262
Cn1ccc(c1)-c(cc2)cc(c23)c(-c4cccc(O)c4)nc(n3)-c(ccc5)c(c56)CCN6[C@H](CO)C(=O)N,-5.089,38,-0.13392105263157897
n1cn(C)c(c12)nc(-c(ccn3)cc3C)nc2N[C@H](C)C(=O)Nc4cccc(C(F)(F)F)c4,-5.089,33,-0.15421212121212122
Cn1c[nH+]cc1-c(c(c2)OC)cc(c23)c(nc[nH+]3)NC[C@H](O)c4ccc(C)c(N)c4,-5.089,30,-0.16963333333333336
CN(C)C(=O)Cc1cnc([nH+]c1NC)NCc2ccc(C)cc2,-5.088,23,-0.22121739130434784
CC(C)Nc(n1)ncc(c12)cc(-c(c3)cccc3OC)cc2-c4cccnc4OC,-5.088,30,-0.1696
o1ncnc1-c2nc(-c3ccoc3C)nc(c24)ccc(c4)-c5cccn5C,-5.087,27,-0.18840740740740738
Cc1ccccc1-c(cc2)cc(c23)nc(N[C@H](C)c4ccc([NH3+])cc4)c5c3cnc(n5)NC6CC6,-5.086,35,-0.14531428571428573
COc1ccc(OC)cc1-c(nc2NCC)ncc2-c3ccnc(c3)NC(=O)C,-5.086,29,-0.1753793103448276
COc1ccccc1Nc(c(C#N)cn2)c(c23)cc(NCC[NH+](C)C)c(c3)-c4cccnc4,-5.085,33,-0.15409090909090908
COc1ccc(cc1)CNc2nc(N[C@H](C)c3ccc(C)cc3)[nH+]cc2-c4c(C)noc4C,-5.085,33,-0.15409090909090908
FC(F)(F)c1cccc(c1)CNc2[nH+]c(NCc3ccccc3)ncc2-c4cncnc4,-5.084,32,-0.158875
CC(=O)Nc1cccc(c1)CNc(c(C#N)cn2)c(c23)cc(NCCO)c(c3)-c4ccncc4,-5.084,34,-0.14952941176470588
CCc1cccc(c1)-c(cc2)nc(c23)c(nc(n3)NCC[NH+](C)C)NC[C@H](C)[NH2+]c4ccc(N)cc4C,-5.084,37,-0.13740540540540538
Cc1cn(C)cc1[C@H](C)Nc(ncn2)c(c23)c(cc(c3)Cc4ccccn4)-c5cccc(n5)C(=O)N6CCCCC6,-5.083,41,-0.12397560975609756
Fc1ccccc1-c(c(=O)n2CCN(C)C)c(C)c(c23)cnc(n3)NCc4ccc(F)cc4,-5.083,33,-0.15403030303030305
CC(=O)Nc1cccc(c1)CNc(c(C#N)cn2)c(c23)cc(NCC(=O)N)c(c3)-c4c[nH+]cn4C,-5.083,35,-0.14522857142857143
Cc1cccc(c1)[C@@H]2CC[N@H+](C2)CCNc(nc(n3)-c4ccsc4)n(c35)ncc5-c6[nH+]c(C)cn6C,-5.083,36,-0.14119444444444446
c1cc(C)ccc1CNc(nc2N[C@@H](C)CC)ncc2-c3ccc(C)cc3,-5.083,27,-0.18825925925925927
COc1ccc(cc1)CNc2nc(NC(C)(C)c3ccccc3OC)ncc2-c4ccc(OC)cc4OC,-5.082,38,-0.13373684210526315
CC[C@H](CO)Nc(nc1)nc(c12)nc(c(c2)-c3cnc(C)cn3)-c4cccc(c4)C[NH3+],-5.081,31,-0.1639032258064516
COc(c1)c(OC)cc(c12)c(ncn2)N[C@@H]3CCC[NH2+]C3,-5.081,21,-0.24195238095238097
C1COCCN1CCNc2nc(N[C@@H](C)c(c3)cccc3C)[nH+]c(c24)ccc(n4)-c5ccc(cc5)C(=O)C[NH+](C)C,-5.081,41,-0.1239268292682927
Cc1cc(C)cc(c1)[C@H](C)Nc(nc2)nc(c23)c(nc(c3)C)-c4cccc(c4)CN(C)C,-5.08,32,-0.15875
CCn1cc(C)[nH+]c1-c2cnc(NC[C@H](O)c3ccc(C)cc3)nc2-c4ccccc4C#N,-5.08,33,-0.15393939393939393
[NH3+]C[C@@H](C)Nc1nc(-c2ccccc2)ncc1-c3ccccc3,-5.079,23,-0.22082608695652173
Cn(c1)c(=O)ccc1-c(c(c2)OC)cc(c23)ncc(C#N)c3N[C@H](C)[NH3+],-5.079,26,-0.19534615384615384
O=c1cccccc1-c(c(c2)NC(C)C)cc(c23)ncc(C#N)c3NCCO,-5.079,28,-0.18139285714285713
Cc1ccc(cc1)CNc2ncc(-c3ccnn3C)c([nH+]2)N[C@H](C)c4ccc(C)cc4,-5.078,31,-0.16380645161290325
c1cc(Cl)ccc1-c(n2)nc(NCC[NH3+])n(c23)ncc3-c4ccc(Cl)cc4,-5.076,27,-0.18799999999999997
n1ccccc1-c(cc2C)nc(n2)Nc3cnco3,-5.076,19,-0.2671578947368421
O=c(c1)ccccc1-c(c(c2)NCC)cc(c23)ncc(C#N)c3NC(C)C,-5.076,27,-0.18799999999999997
c1cc(N)ccc1-c(cnc2NC)c(n2)-c3cccc(c3)NC(=O)C,-5.076,25,-0.20304
n1cccnc1-c(c(c2)OC)cc(c23)c(ncn3)Nc4ccc(C#N)cc4,-5.074,27,-0.1879259259259259
Cn1c(=O)cccc1-c(c(c2)NCC)cc(c23)ncc(C#N)c3N[C@H](C)c4ccccc4,-5.074,32,-0.1585625
CC[N@@H+](C)CCNc1nc(-c2cc(Cl)ccc2F)ncc1-c3ccccc3,-5.074,27,-0.1879259259259259
C[N@H+](C1)CCC[C@H]1Cc(c(c2)OC)cc(c23)ncc(C#N)c3N[C@H](C)c4cccc(c4)[C@H](C)CO,-5.073,35,-0.14494285714285715
CC(C)c(cc1)ccc1CNc2nc(NC(C)C)[nH+]c(c23)ccc(n3)-c4ccncc4,-5.073,31,-0.16364516129032258
CCNc(n1)c(C(=O)N)c(n12)nc(-c3cccc(=O)n3C)cc2-c4cccc(F)c4,-5.073,30,-0.1691
c1ncccc1-c(cc2C)nc(n2)NCCCN3CCOCC3,-5.072,23,-0.2205217391304348
CCNc(c(C#N)cn1)c(c12)cc(NC(=O)C)c(c2)-c3ccc(Cl)cc3,-5.072,26,-0.1950769230769231
c1ccccc1-c(n2)cc(nc2C)Nc3ncc(s3)-c4coc(c4)C[NH3+],-5.072,26,-0.1950769230769231
Cc1ccc(nc1)-c2cnc(-c3c(C)noc3C)nc2NC[C@H](N)c4cccc(C(F)(F)F)c4,-5.071,34,-0.1491470588235294
C[NH+](C)CCNc(nc1)nc(c12)n(CC)c(=O)c(c2C)-c3cccc(c3)OC,-5.071,28,-0.18110714285714286
C1COCCN1C(=O)COc(c(c2)OC)cc(c23)c(nc[nH+]3)NCc4ccc(F)cc4,-5.07,31,-0.1635483870967742
CC(C)Nc(nc1)nc(c12)c(-c3cncn3C)cc(c2)-c4cccc(c4)CO,-5.07,28,-0.18107142857142858
c1ccccc1[C@H](C)Nc(ncn2)c(c23)c(-c4ccc(F)cc4)c(o3)-c5cc(on5)C(=O)N(C)C,-5.07,35,-0.14485714285714288
COC(=O)c1ccn(c(=O)c1)C[C@H](O)c2ccc(cc2)-c(c3)c(cc(c34)c(c(C#N)c[nH+]4)NCCO)N[C@H](C)c5ccc(C)cc5,-5.069,46,-0.11019565217391304
Cn1ccc(c1)-c(cc2)cc(c23)c(-c4ccn(n4)C)nc(n3)-c5ccc(Cl)cc5,-5.068,29,-0.17475862068965517
CCCn1ccnc1-c(cc2)cc(c23)ncnc3NC,-5.067,20,-0.25335
Cc1ccc(cc1)[C@H](O)CNc(nc([nH+]2)NCCO)c(c23)nc(cc3)-c4[nH+]ccn4C,-5.067,31,-0.16345161290322582
CCCNc(n1)c(ncnc2)c2c(c13)ccc(c3)-c4ccccc4N5C[C@H](C(=O)N)CN(C)C5=O,-5.067,35,-0.14477142857142858
s1cccc1-c(n2)nc(NCCC)n(c23)ncc3-c4ccc(F)cc4,-5.067,25,-0.20268
CCNc(nc1)nc(c12)n(C(C)C)c(=O)c(c2C)-c3ccccc3,-5.066,24,-0.21108333333333332
Cc1cccc(c1)-c(nc2NC(C)(C)C)nc(n23)c(cn3)-c4ccncc4N,-5.066,28,-0.1809285714285714
O[C@@H]1CC[N@@H+](C1)CCNc(c(c23)nccn3)nc(c2)-c4ccccn4,-5.066,25,-0.20264
Cc1cccc(c1)CNc(n2)c(C(=O)N)c(n23)nc(-c4ccncc4)cc3-c5cc[nH+]cc5,-5.066,33,-0.15351515151515152
C[C@H](O)c1ccc(cc1)[C@H](C)Nc(ncn2)c(c23)c(-c4cccc(C(F)(F)Cl)c4)c(o3)-c5ccc(C[NH3+])cc5,-5.065,39,-0.12987179487179487
COC(=O)c1ccc(cc1)-c(cc2)cc(c23)nc(N[C@H](C)c4cc(C)cc(c4)C(C)(C)O)c5c3cnc(n5)NC6CC6,-5.065,42,-0.1205952380952381
n1cnccc1-c(n2)ccc(c23)nc(NCc(cc4)ccc4C)nc3NCC(=O)Nc5cc(C)cc(C)c5,-5.065,38,-0.13328947368421054
C[C@@H]1CCC[N@@H+](C1)Cc2ccnc(c2)[C@H](C)Nc(c(c34)cccc4)nc(n3)-c5ccccc5F,-5.065,34,-0.14897058823529413
n1ccccc1-c2c[nH+]c(nc2NC)NCNc3ccc(C)cc3C,-5.065,25,-0.2026
Cc1cccc(c1)-c(cn2)c(n23)nc(C(C)(C)c4cccc(C)c4)cc3N[C@@H]5CC[N@@H+](C5)C(C)C,-5.064,35,-0.14468571428571428
COc1ccc(cc1)CNc2nc(NC(C)(C)C)[nH+]cc2-c(cs3)c(c34)CCC4,-5.064,29,-0.1746206896551724
CC(C)c1cccc(c1)[C@H](C)Nc(nc(n2)NCC[NH+](C)C)c(c23)nc(cc3)Cc4ccccc4O,-5.064,36,-0.14066666666666666
c1ccccc1-c(n2)ccc(c23)[nH]c(NCC)n/c3=[NH+]\C[C@H]([NH3+])c4ccccc4,-5.064,29,-0.1746206896551724
Cc1cccc(c1)-c(cc2)nc(c23)c(\nc([nH]3)NCC(=O)N)=[NH+]\c4cnccc4C,-5.062,30,-0.16873333333333335
Cc1cccc(c1)CNc2[nH+]cc(-c3ccccc3C=O)c(n2)NCc4ccccc4C,-5.062,32,-0.1581875
C[NH+](C)Cc1nocc1-c(cnc2NC)c([nH+]2)NCc3ccc(C)cc3,-5.061,26,-0.19465384615384615
COc(cc1)ccc1-c(c(c2)NCC)cc(c23)ncc(C#N)c3NC,-5.061,25,-0.20244
c1cccc(c12)[nH+]c(-c(o3)ccc3C)nc2N[C@H](C)c4cccc(N)c4C,-5.061,27,-0.18744444444444444
Cc1cc(N)cc(c1)C(=O)Nc(cc(n2)-c3ccccc3)n(c24)ncc4-c5nc(C)cn5C,-5.06,33,-0.15333333333333332
Fc(c1)cccc1-c2cc(-c3ccccc3C)cc(c24)cnc(n4)N[C@@H]5CCOC5,-5.06,30,-0.16866666666666666
Cc1ccc(cc1)CNc2[nH+]cc(c(n2)NCC[NH3+])-c3ccnn3C,-5.06,25,-0.2024
Clc(c1)cccc1[C@H](C)Nc(ncn2)c(c23)cc([C@@]4(C)C[C@H]([NH+](C)C)[C@H](O)CO4)c(c3)-n5ccnc5,-5.06,36,-0.14055555555555554
c1ncccc1-c(n2)cc(N[C@H](C)CO)n(c23)ncc3-c4cccnc4,-5.059,26,-0.1945769230769231
Fc1ccccc1-c(cc2)nc(c23)c(=[NH+]\c4ccccn4)\nc([nH]3)NCC[NH2+]C5CCCCC5,-5.059,34,-0.14879411764705883
Cc1ccc(cc1)[C@H](C)c2cnc(NC(F)(F)F)nc2-c3ccsc3N,-5.059,26,-0.1945769230769231
Cc1ccc(cc1C)-c(cn2)c(n23)nc(-c4ccccn4)cc3NC[C@H](C)[NH+](C)C,-5.059,30,-0.16863333333333333
CC(=O)N1CCCN(CC1)c2ccc(cn2)-c(cc3)cc(c34)ncnc4NCNc5cccc(C(F)(F)F)c5,-5.058,39,-0.1296923076923077
CC(C)[N@H+](C1)CC[C@H]1CNc(cc(c23)c(NCC)c(C#N)c[nH+]2)c(c3)[C@H](C)c4cccc(C)c4,-5.058,34,-0.14876470588235294
CN(C)C(=O)c(c1)cccc1-c(c(c2)OC)cc(c23)ncc(C#N)c3N[C@H](C)CO,-5.058,30,-0.1686
c1cnccc1-c(c(c2)OC)cc(c23)ncc4c3cc(nc4N)-c5cccc(F)c5,-5.057,30,-0.16856666666666667
COc1cc(C)c([C@H](C)O)cc1NC(=O)Nc(cc(n2)-c3cccc(F)c3C)n(c24)ncc4-c5ccccc5F,-5.057,40,-0.126425
CCn1cnc(c1)-c(cc2)cc(c23)nc(NCC[NH3+])c4c3cnc(n4)NC5CC5,-5.057,29,-0.1743793103448276
COc1ccc(cc1OC)/[NH+]=c(\nc([nH]2)NC(C)(C)CO)c(c23)nc(cc3)-c4cccc(c4)C(=O)N,-5.057,36,-0.14047222222222222
CC[N@H+]1CCN(C)C[C@@H]1CNc2nc(C)cc(n2)-c3ccc(C(F)(F)F)cc3,-5.057,28,-0.18060714285714288
OCc(cc1)ccc1-c2nc(-c(c3)cccc3N(C)C)nc(c24)ccc(c4)-c5cc[nH+]c(c5)N(C)C,-5.057,36,-0.14047222222222222
N#Cc1cccc(c1)-c2cnc(nc2NC(=O)N)-c(cc3)cc(c34)OCCO4,-5.056,28,-0.18057142857142858
c1ccccc1-c(n2)nc(-c(co3)nc3COC)c(c24)cc(cc4)-c5cccc(O)c5,-5.056,31,-0.1630967741935484
Fc1ccccc1-c2cnc(Nc3ccncc3)nc2NCc4ccccc4,-5.055,28,-0.18053571428571427
CC(C)c1cc(N)cc(c1)[C@H](C)Nc(ncn2)c(c23)cc(S(=O)(=O)C(C)(C)C)c(c3)-c4cccc(c4)N(C)C,-5.053,39,-0.12956410256410256
c1ccccc1-c2ncc(-c3nccs3)c(n2)NC4CCCC4,-5.053,23,-0.21969565217391304
c1cccc(c12)cc(cc2)Oc(c(c3)OC)cc(c34)c(ncn4)NC(=O)c5ccc(C(F)(F)F)cc5,-5.053,36,-0.1403611111111111
c1ccccc1-c(cc2)cc(c23)c(-c4ccccn4)nc(n3)-c5ccco5,-5.052,27,-0.1871111111111111
Cn(c1)c(=O)ccc1-c(n2)cc(NC(=O)C[NH2+]C)n(c23)ncc3-c4ccoc4,-5.052,28,-0.1804285714285714
CC(C)Nc(ncn1)c(c12)cc(c(c2)-c3cnn(C)c3)-c4ccc(N(C)C)cc4,-5.052,29,-0.1742068965517241
CCn1cc(cn1)-c2cnc(-c3ccc(C)cc3)nc2N[C@H](C)C[NH3+],-5.051,25,-0.20204
Cc1ccc(C)c(c1)CNc2ncc(-c3ccnn3C)c(n2)Nc4ccc(C)[nH+]c4,-5.051,30,-0.16836666666666666
c1cccn1C(=O)Nc2ccc(cc2)-c(nc(n3)-c4ccco4)c(c35)cc(cc5)-c6cc(F)co6,-5.05,35,-0.14428571428571427
Clc1ccccc1-c(n2)cc(nc2C)Nc3ncc(s3)-c4ccc(/C=N/[H])cc4,-5.049,28,-0.18032142857142858
C1CCC[NH+]1CC(=O)Nc2nc(-c3ccncc3)ncc2-c4ccccc4,-5.049,27,-0.18700000000000003
Cc1noc(C)c1-c(cc2)nc(c23)c(NCC(=O)N(C)C)nc([nH+]3)NCC[NH+](C)C,-5.047,30,-0.16823333333333332
FC(F)(F)c(c1)cccc1[C@H](C)Nc(nc(n2)NCC(=O)N)c(c23)nc(cc3)-c4ccc(F)cc4,-5.047,35,-0.1442
Cc1cccc(c1)-c(cc2)nc(c23)c(NC(C)C)nc([nH+]3)NCCO,-5.047,25,-0.20187999999999998
Cc(c1)cccc1[C@@H](C)Nc(ncn2)c(c23)cc(c(c3)OC)-c4ccc(=O)c(F)cc4C(=O)N5CCOCC5,-5.046,39,-0.1293846153846154
CCCNc(nc([nH+]1)NC)c(c12)nc(cc2)-c3ccn(n3)C,-5.045,22,-0.2293181818181818
Cn(n1)ccc1-c(n2)cc(nc2C)Nc3ncc(s3)-c4ccncc4,-5.044,25,-0.20176
Cn1c(=O)c(N)ccc1-c(c[nH+]c2NC)c(n2)NCc3ccccc3C,-5.044,26,-0.19399999999999998
n1ccccc1-c(c(c23)c(NC)ncn2)c(o3)-c4cccc(C(F)(F)F)c4,-5.044,27,-0.1868148148148148
Cc1cc(no1)-c(cc2)cc(c23)c(-c4ccc(O)cc4)nc(n3)-c5cccc(c5)C(=O)N,-5.044,32,-0.157625
Cc1ccc(C)c(c1)[C@H](C)Nc(n2)c(ncnc3)c3c(c24)ccc(c4)-c5cnn(C)c5C(=O)N(C)C,-5.044,36,-0.1401111111111111
OCC[N@H+]1CC[C@@H](CC1)CNc2ncc(-c3cccnc3)c(n2)-c4cccc(O)c4,-5.043,30,-0.1681
CNCC(=O)Nc1cc(no1)-c2cnc(NCc3ccccc3)nc2NCCCOC,-5.043,31,-0.1626774193548387
[NH3+]CCNc(ncn1)c(c12)cc(c(c2)-c3ccncc3)-c4cccc(c4)C(=O)N,-5.043,29,-0.17389655172413793
COc1ccc(OC)c(c1)C(=O)Nc(n2)c(ncnc3)c3c(c24)ccc(c4)-c5cccc(C(F)(F)F)c5,-5.042,37,-0.13627027027027028
Oc(c1)cccc1-c(c(n2)-c(cc3C)nnc3C)cc(c24)cnc(n4)N[C@@H]5CC[N@@H+](C)CC5,-5.042,33,-0.15278787878787878
CCCn1cncc1-c(cc2)cc(c23)[nH+]cnc3N[C@H](C)Nc4ccc(C)c(C)c4,-5.041,30,-0.16803333333333334
Cc1ccc(C)c(c1)N2CCC(CC2)Nc(c(c34)ncn4C)nc(n3)-c5nc(C)cn5C,-5.041,32,-0.15753125
NC(=O)c(c1)cccc1-c(c2)cc(-c(no3)nc3C)c(c24)c(ncn4)NCc5ccc([C@H](C)O)cc5,-5.041,36,-0.14002777777777778
CC(=O)N[C@](C)(OC)c1cc(ccn1)-c2nc(N[C@H](C)c3ccccc3)ncc2-c4c[nH+]cn4C,-5.041,35,-0.14402857142857145
c1ccccc1-c(cc2)cc(c23)c(-c(c4)cccc4[C@H](C)O)nc(n3)-c5cccc(c5)C(=O)CO,-5.04,35,-0.144
NC(=O)Cc(cn1)c(n12)nc(nc2NCCO)-c(c3)oc(n34)ccc4,-5.039,25,-0.20156
NC(=O)c1cncc(c1)-c2cnc(nc2NCC(=O)[O-])-c3cccc(F)c3,-5.039,27,-0.18662962962962962
c1cc(C)ccc1-c(n2)cc(NC(=O)CNC)n(c23)ncc3-c4ccns4,-5.038,27,-0.18659259259259262
CC(C)Nc(n1)ncc(c12)cc(-c(n3)c(C)nn3CCC)cc2-c4ccccc4CO,-5.038,31,-0.16251612903225807
c1cccc(c12)C(=O)[C@@H](CC2)Nc([nH+]c3NC)ncc3-c4cccnc4C,-5.038,27,-0.18659259259259262
COc1ccc(cc1)C(=O)N[C@H](C)COc(nc2-c3ccc(OC)cc3)nc(c24)ccc(c4)-c5coc(n5)C,-5.038,39,-0.12917948717948718
c1cc(F)ccc1-c(c(=O)n2CC[NH+](C)C)c(C)c(c23)cnc(n3)NCCO,-5.038,28,-0.17992857142857144
CN(C)C(=O)Cn1cncc1-c(c(c2)OC)cc(c23)ncc4c3cc(nc4N)-c5ccc(F)cc5,-5.038,35,-0.14394285714285715
Cn(c1)ccc1-c2cc(-c(o3)ccc3C)nc(n24)c(C(=O)N)c(n4)N[C@H](C)c5ccc([NH3+])cc5,-5.037,34,-0.1481470588235294
Cc1cccc(c1)CCNc(ncn2)c(c23)cc(S(=O)(=O)C(C)(C)C)c(c3)-c4ccsc4,-5.036,32,-0.157375
COc1ccc(cc1)CNc2nc(NCc3cccc(C)c3)[nH+]cc2-c4nccn4C,-5.036,31,-0.1624516129032258
CN(C)C(=O)c1cccc(c1)-c(nc(c23)n(cn3)C)nc2NCCN4CCOCC4,-5.035,30,-0.16783333333333333
[NH3+]CCCNc1nc(NC)[nH+]c(c12)ccc(n2)-c3ccccc3,-5.035,23,-0.21891304347826088
NC(=O)c(c1)cccc1-c(c2)cc(-c(n3)ccnc3C)c(c24)c(ncn4)N[C@H](C)c5cc(N)cc(C(F)(F)F)c5,-5.035,40,-0.12587500000000001
Cc1ccc(cc1)-c(cn2)c(n23)nc(nc3NCC[NH3+])-c4ccc(C(=O)[O-])cc4,-5.035,29,-0.1736206896551724
c1nnccc1-c(c(c2)NC)cc(c23)ncc(C#N)c3NC(=O)C,-5.033,24,-0.20970833333333336
Cc1ccc(cc1)CNc2ncc(-c3[nH+]cccc3[O-])c(n2)-c4ccccn4,-5.033,28,-0.17975000000000002
Cc1cccc(c1)CNc(nc2)nc(c23)n(CCN(C)C)c(=O)c(c3C)-c4ccccn4,-5.033,32,-0.15728125
c1cc(F)ccc1-c(c(c2)NCC)cc(c23)ncc(C#N)c3NCc4cccc(c4)NC(=O)C,-5.033,34,-0.14802941176470588
Cc1ccccc1-c(nc(n23)c(C(=O)N)c(n3)NC(C)C)cc2-c4ccc(O)cc4,-5.032,30,-0.16773333333333335
Cc1ccccc1[C@H](C)Nc(nc2)nc(c23)c(CCO)cc(c3)CC(=O)N(C)C,-5.032,29,-0.17351724137931035
Cc1ccc(cc1)CNc2ncc(-c3ccccc3)c(n2)N[C@H](C)c4cc(N)cc(C(F)(F)F)c4,-5.032,35,-0.14377142857142858
CCCNc(n1)c(C(=O)N)c(n12)nc(-c3ccc(C(F)(F)F)cc3)cc2-c4ccccc4OC,-5.032,34,-0.148
Cc1nccn1CC(=O)N(C)c(c2)cc(-c(c3)cccc3C)c(c24)nc(nc4)N[C@H](C)c5cc(C(F)(F)F)ccc5N(C)C,-5.032,44,-0.11436363636363636
c1ncccc1-c(n2)cc(Nc(no3)cc3C(=O)N)n(c24)ncc4-c5ccccc5F,-5.032,31,-0.16232258064516128
CSc(cc1)ccc1[C@H](CC)Nc(nc2)nc(c23)nc(c(c3)-c4ccco4)-c5ccc(N(C)C)cc5,-5.031,36,-0.13974999999999999
Cc1cc(N)cc(c1)[C@H](C)Nc(c(c23)ncn3C)nc(n2)-c4[nH+]c(C)cn4C,-5.03,28,-0.17964285714285716
n1ccccc1CCNc(c(C#N)cn2)c(c23)cc(NCCO)c(c3)-c4ccccc4,-5.03,31,-0.16225806451612904
Cc1ccc(cc1)CNc2ncc(-c3cccc(C)c3)c([nH+]2)N[C@H](C)c4ccc(C(C)C)cc4C(=O)N,-5.03,37,-0.13594594594594595
[NH3+]Cc(c1)cccc1[C@@H](C)Nc2nc(NCC(=O)c(cc3)ccc3OC)nc(c24)ccc(n4)-c5ccccc5F,-5.029,40,-0.125725
Cc1cn(C)cc1[C@H](C)Nc(ncn2)c(c23)c(-c4cccc(F)c4)cc(c3)C(=O)CN5C[C@H](O)C5=O,-5.029,36,-0.13969444444444445
OCCNc(n1)c(C(=O)N)c(n12)nc(-c(cc3)ccc3OC)cc2-c4ccccc4F,-5.029,31,-0.16222580645161291
c1cc(Br)ccc1Nc2nc(NC(=O)C)nc(c23)ccc(n3)-c4cccc(C)c4,-5.028,29,-0.17337931034482756
n1cnc(C)cc1-c(c[nH+]c2NC)c(n2)NCc3ccc(OC)cc3,-5.028,25,-0.20112
Cc1cccc(c1)-c2ncc(c(n2)NCCO)-c3ccncc3,-5.027,23,-0.21856521739130436
CN(C)[C@@H](C)Cn(c1)c(=O)ccc1-c(c(n2)-c(c3)cccc3OC)cc(c24)cnc(n4)NCC(=O)NCc5cccc(C(F)(F)F)c5,-5.027,47,-0.10695744680851065
COc1cccc(c1)-c(cc2)nc(c23)c(Nc4ccc([C@H](C)O)cc4)nc(n3)NC[C@H](C)c5ccccc5C,-5.026,39,-0.12887179487179487
Cn1c(=O)cccc1-c(c(c2)NC)cc(c23)ncc(C#N)c3NCCO,-5.026,26,-0.1933076923076923
Cn1cnc(c12)c(NC[C@H](C)O)nc(n2)-c3ccc(F)cc3,-5.026,22,-0.22845454545454544
COc1ccc(cc1O)-c(cc2)cc(c23)c(-c4ccc(OC)c(c4)OC)nc(n3)-c5cccc(C)c5OC,-5.025,38,-0.13223684210526318
COc1cnccc1-c(cc2)cc(c23)[nH+]cnc3NCCc4ccc(C)cc4,-5.025,28,-0.17946428571428572
Cc1ccc(cc1C)NC(=O)CNc2ncc(-c3ccccc3F)c(n2)-c4ccncc4,-5.025,32,-0.15703125
COc1cccc(c1)[C@H](C)Nc(nc2)nc(c23)n(c(=O)c(c3C)-c4ccccc4C)-c5ccc(cc5)[C@H](C)NC(=O)C(=O)C,-5.023,44,-0.1141590909090909
Oc1cccc(c1)-c(cc2)cc(c23)c(nc(n3)-c4cccs4)-c5ccc(F)cc5,-5.023,29,-0.17320689655172414
FC(F)(F)c(c1)cc(N)cc1[C@@H](C)Nc(cc(c23)c(c(C#N)cn2)NC(=O)C)c(c3)-c4ccc(nc4)NC(=O)c5ccccc5,-5.023,45,-0.11162222222222222
c1ccccc1-c2nc(-c(cc3=O)cco3)nc(c24)ccc(c4)-c5ccccc5F,-5.023,30,-0.16743333333333332
Fc1ccccc1-c(c(c23)nc(nc2)NC(C)C)cc(c3)-c4cnn(c4)CCC(=O)N,-5.023,31,-0.16203225806451613
COc1cccc(c1)-c(cc2)cc(c23)c(-c4ccncc4)nc(n3)-c5cccc(c5)C(=O)N(C)C,-5.022,35,-0.1434857142857143
c1ccccc1/[NH+]=c2\nc(NCC)[nH]c(c23)ccc(n3)-c4ccccc4,-5.022,26,-0.19315384615384618
Cc1occc1-c2cnc([nH+]c2NCC[NH3+])NCc3ccccc3Cl,-5.022,25,-0.20088
CCN(C)[C@H](C)c1ccc(cn1)-c2nc(ncc2-c3cccnc3)N[C@H](C)COc4cccc(C)c4,-5.022,36,-0.1395
Cn(c1)ccc1-c(nc(C)c2)c(c23)nc(nc3)NCC[NH+](C)C,-5.022,23,-0.21834782608695652
CCNc1ncc(-c2ccc(OC)cc2)c([nH+]1)NCc3ccccc3,-5.022,25,-0.20088
Cc1cnn(c12)c(NCC)nc(n2)-c3ccc(F)o3,-5.02,19,-0.26421052631578945
c1ccccc1[C@H]([C@H](C)O)Nc(ncn2)c(c23)cc(c(c3)-c4cccnc4)-c5cc(C(=O)[O-])cc(c5)N(C)C,-5.02,39,-0.1287179487179487
NC(=O)c(cc1)ccc1-c(cn2)c(n23)nc(-c(cc4)ccc4C)nc3Nc5cc(C)n(n5)C[C@H](C)[NH+](C)C,-5.02,38,-0.13210526315789473
Cc1cccc(c1)N[C@H](C)Nc(nc2)nc(c23)nc(-c4nc(C)cn4C)c(c3)-c5ccc(F)cc5,-5.018,35,-0.14337142857142857
c1cc(C)ccc1-c(nc2NC)ncc2-c3ccccc3F,-5.016,22,-0.228
c1cc(F)ccc1-c(n2)ccc(c23)[nH+]c(NCC)nc3NCC(=O)Nc4cc(C)cc(C)c4,-5.016,33,-0.152
CC[C@H](C)Nc(c(C#N)cn1)c(c12)cc(OC)c(c2)-c3cn(CC)cc3C,-5.016,27,-0.1857777777777778
Cc1nn(C)c(c1C)-c2cnc(NC[C@@H]3CC[N@H+](C)C3)nc2-c4ccc(nc4)CC[NH3+],-5.015,31,-0.1617741935483871
c1ccccc1-c2cnn(c23)c(NCc(cc4)ccc4OC)nc(n3)-c5cccc(c5)NC(=O)c6cc(C)n(n6)C,-5.015,41,-0.1223170731707317
Cc1cc(CN)ccc1-c(n2)cc(-c3ccccc3CC)n(c24)nc(c4C(=O)N)NCc5ccccc5,-5.015,37,-0.13554054054054054
FC(F)(F)c(c1)cccc1CN2CC[C@H](CC2=O)Nc3ncc(C4CCCCC4)c([nH+]3)NCc5ccccc5,-5.015,39,-0.1285897435897436
CNc1[nH+]cc(-c2cccs2)c(n1)NCC[NH3+],-5.015,17,-0.295
Cc1ccc(cc1)[C@H](C)Nc(cc(n2)-n3cc[nH+]c3)n(c24)ncc4-c5cccc(n5)C,-5.014,31,-0.16174193548387097
Cc1cccc(c1)[C@H](C)Nc(nc2)nc(c23)nc(-c4ccncc4)c(c3)-c5cccc(O)c5,-5.014,33,-0.15193939393939396
CC(C)Nc1cc(ccn1)-c(cc2)cc(c23)ncnc3N[C@H](CO)[C@H](C)c4ccccc4,-5.014,32,-0.1566875
Cc1cccc(c1)[C@H](C)Nc2[nH+]cc(-c3ccc(cc3)[C@H](C)[NH+](C)C)c(n2)NCc4ccccc4,-5.014,35,-0.14325714285714286
s1cccc1-c(cn2)c(n23)nc(-c(cc4)ccc4C)nc3NC(=O)C[C@H](CC5)Nc(c56)cccc6,-5.013,35,-0.14322857142857143
s1cccc1-c(n2)nc(N[C@H](CC3)CC[N@@H+]3C)n(c24)ncc4CC[NH+](CC5)CCC5(C)C,-5.013,32,-0.15665625
COc1cccc(c1)[C@H](C)Nc(nc2)nc(c23)n(-c4ccccc4)c(=O)c(c3C)-c5[nH+]c(C)cn5C,-5.013,36,-0.13924999999999998
Cc1cnccc1-c(cnc2NC)c([nH+]2)NCc3ccc(C)cc3,-5.011,24,-0.20879166666666668
Fc(c1)c(C)ccc1-c(cnc2NC)c(n2)NC(=O)Nc3cc(C)cc(C)c3,-5.011,28,-0.17896428571428571
Cc1cccc(c1)-c2cnc(s2)Nc3cc(nc(n3)C)-c4ccc(F)cc4,-5.011,27,-0.1855925925925926
NC(=O)c1ccccc1-c(c(c23)nc(nc2)NC(C)C)cc(c3)-c4ccccc4,-5.011,29,-0.17279310344827586
o1cccc1-c(n2)cc(-c(cc3)ccc3OC)n(c24)nc(c4C(=O)N)NCCc5ccccc5,-5.011,34,-0.14738235294117646
Oc1ccccc1-c2nc(-c3nccnc3C)nc(c24)ccc(c4)-c5ccn(C)c5,-5.01,30,-0.16699999999999998
Cc1ccc(cc1)[C@H](C)c2c[nH+]c(-c3cccnc3)nc2N[C@@H]4CC[C@H]([NH3+])C4,-5.009,28,-0.17889285714285716
Cc1ccc(cc1)CNc2ncc(-c3ccccc3F)c([nH+]2)N[C@@H]4CC[C@H]([NH3+])CC4,-5.009,30,-0.16696666666666668
NC(=O)C(=O)n1ccc(c1)Nc2[nH+]cc(-c3ccc(F)cc3)c(n2)NCc4ccccc4,-5.009,32,-0.15653125
Cc1ccc(F)cc1-c2cnc(nc2-c3ccncc3)NC(=O)NCc4ccc(F)cc4,-5.008,32,-0.1565
Cc1cccc(c1C)NC(=O)CNc(nc2)nc(c23)nc(CCO)c(c3)-c4ccccc4,-5.007,32,-0.15646875
Fc1ccc(c(F)c1)-c(cc2)cc(c23)ncnc3N[C@@H]4CCN(C4)Cc5ccccc5,-5.006,31,-0.16148387096774194
Cc1cccc(c1)C[C@H](C)Nc(cc(n2)-c3ccccc3C)n(c24)ncc4-c5cccc(C)c5,-5.006,34,-0.14723529411764708
COc1ccc(cc1)CNc2nc(NCCc3cccc(C)c3)[nH+]cc2-c4ccccc4,-5.006,32,-0.1564375
NC(=O)Cc(c1)cccc1-c(c2)cc(-c(c3)cccc3OC)c(c24)c(ncn4)N[C@H](C)c5cc(N)cc(C(F)(F)F)c5,-5.006,42,-0.1191904761904762
Cc1cncc(c1)-c2cc(nc(n2)C)Nc3ncc(s3)-c4ccncc4,-5.005,26,-0.1925
CCc1cccc(c1)-c(cc2)nc(c23)c(nc(n3)NCCO)N[C@H](C)c4cccc(N)c4,-5.004,32,-0.156375
FC(F)(F)c(c1)cc(N)cc1[C@H](C)Nc(ncn2)c(c23)cc(S(=O)(=O)C(C)(C)C)c(c3)-c4cnc(o4)[C@@H]5CCC[NH2+]5,-5.003,41,-0.12202439024390244
Cc(n1)onc1Nc(nc2NC)ncc2-c3ccccn3,-5.003,21,-0.23823809523809525
CCOc1cccc(c1)-c2cnc(-c3ccc(nn3)NC)nc2NCc4cccc(c4)[NH+]5CCCCC5,-5.002,37,-0.13518918918918918
Cn1ccc(c1)-c(cc2)cc(c23)c(nc(n3)-c4cnn(C)c4)-c5n(CC(=O)N)cc(c56)cccc6,-5.002,35,-0.14291428571428572
Cc1ccc(cc1C)-c(cn2)c(n23)nc(-c4ccc(O)cc4)cc3NC[C@H](C)[NH+](C)C,-5.002,31,-0.1613548387096774
NC(=O)c(cc1)ccc1-c(n2)cc(nc2C)Nc3ncc(s3)-c4cccnc4,-5.002,28,-0.17864285714285713
FC(F)c(c1)cc(N)cc1[C@H](C)Nc(ncn2)c(c23)cc(S(=O)(=O)C(C)(C)C)c(c3)-c4ncco4,-5.0,35,-0.14285714285714285
CCNc(n1)c(ncnc2)c2c(c13)ccc(c3)-c4ccccc4N5C[C@H](C(=O)N)CN(C)C5=O,-5.0,34,-0.14705882352941177
OCCCNc1nc(N[C@H](C)[NH3+])[nH+]c(c12)ccc(n2)-c3ccc(C(F)(F)F)cc3,-5.0,29,-0.1724137931034483
c1c[nH+]ccc1-c2cc(C)nc(n23)c(C(=O)N)c(n3)NCc4ccccc4,-5.0,27,-0.18518518518518517
Oc1ccccc1-c(n2)cc(NCC[NH2+]C)n(c23)ncc3-c4cccn(c4=O)C(=O)CN(C)C,-5.0,34,-0.14705882352941177
Cc1ccc(cc1C)-c(c2)c(NC(C)C)cc(c23)c(c(cn3)C#N)NCCO,-4.999,28,-0.17853571428571427
O=c(c1)n(C)c(C)cc1-c(nc(C)c2)c(c23)nc(nc3)NCCO,-4.999,24,-0.20829166666666665
COc1cccc(c1)-c(cc2)nc(c23)c(\nc([nH]3)NCC(=O)N)=[NH+]\c4ccccc4,-4.998,30,-0.1666
Nc1ccc[nH+]c1Nc2nc(NCC)[nH+]c(c23)ccc(n3)-c4cccc(c4)OC,-4.998,29,-0.1723448275862069
CC(F)(F)c(c1)cccc1[C@H](C)Nc(ncn2)c(c23)cc(c(c3)-c4ccc(O)cc4)-c5cccc(=O)n5C,-4.998,38,-0.13152631578947369
c1ccccc1-c(cn2)c(n23)nc(-c(cc4)ccc4C)nc3Nc5ccc(cn5)N6C[NH2+][C@H](C)CC6=O,-4.998,37,-0.13508108108108108
C[C@@H]1CCCN1CCNc(nc2)nc(c23)nc(c(c3)-c4ccco4)-c5cccc(c5)C(=O)N,-4.997,33,-0.15142424242424243
c1ccccc1-c2c[nH+]c(nc2NCC#C)NCc3ccccc3Cl,-4.997,25,-0.19988
Cc1ccc(cc1)[C@H](C)Nc(ncn2)c(c23)ccc(c3)-c4ccccc4[C@H](O)C(=O)N5CCOCC5,-4.997,36,-0.13880555555555554
[NH3+]CCNc1ncc(-c2ccsc2)c(n1)-c3ccc(F)cc3,-4.997,22,-0.22713636363636364
C[NH+](C)c(c(C)c1)ccc1-c(c2C)c(=O)n(CC)c(c23)nc(nc3)NCc4cc(N)cc(C(F)(F)F)c4,-4.996,37,-0.13502702702702704
Cc1cccc(c1)C[C@H](O)Nc(nc2)nc(c23)c(-c4cncn4C)cc(c3)-c5cccn(c5=O)C[C@H](C)N(C)C,-4.996,40,-0.12490000000000001
CCOc(c1)c(OC)cc(c12)ncnc2NC(=O)C3CCCCC3,-4.996,24,-0.2081666666666667
Cn(c1)ncc1-c(n2)ccc(c23)[nH]c(N[C@@H](C)c4ccccc4)n/c3=[NH+]/[C@H](C)[NH+]5CCCCC5,-4.996,34,-0.14694117647058824
c1ncccc1Nc(nc2NC)ncc2-c3ccccc3F,-4.995,22,-0.22704545454545455
Oc(c1)cc(N)cc1Nc(n2)nc(NCC)c(c23)nc(cc3)-c4cccc(c4)OC,-4.995,30,-0.1665
c1cc(F)ccc1-c(n2)cc(-c3c[nH+]ccc3C)n(c24)nc(c4C(=O)N)Nc5cnn(C)c(=O)c5,-4.995,35,-0.1427142857142857
CCNc1ncc(-c2cnoc2C)c([nH+]1)NCc3cccc(C)c3,-4.994,24,-0.20808333333333331
NC(=O)CNc1ncc(-c2ccc(Cl)c(F)c2)c(n1)-c3cccc(F)c3,-4.994,26,-0.19207692307692306
c1cnccc1-c2nc(-c(c3)cccc3F)nc(c24)ccc(c4)-c5ncco5,-4.994,28,-0.17835714285714285
Cc1ccc(cc1)CNc2ncc(-c3ccco3)c([nH+]2)NCC[NH3+],-4.994,24,-0.20808333333333331
OCc(c1)cccc1-c(n2)cc(nc2C)Nc3ncc(s3)-c4ccccn4,-4.993,27,-0.18492592592592594
COc1ccc(cc1)-c2cnc(NCC[NH+](C)C)nc2-c3ccc(C)c(C)c3,-4.993,28,-0.17832142857142858
O[C@@H]1CC[N@@H+](C1)CCNc(c(c23)nccn3)nc(c2)-c4cccnc4,-4.992,25,-0.19968
COc1cccc(c1)C(=O)NC(=O)c2cccc(c2)-c(cc3-c4ccnnc4)cc(c35)cnc(n5)N[C@H](C)c6cc(C(F)(F)F)ccc6N(C)C,-4.992,51,-0.09788235294117648
Cc1ncccc1-c(cc2)nc(c23)c(nc(n3)NCCO)N[C@H](C)c4cccc(c4)C[NH3+],-4.992,32,-0.156
Cc1ccccc1Cc2cc(C)nc(n23)c(C(=O)N)c(n3)N[C@H](C)c4ccc([NH3+])cc4,-4.992,31,-0.16103225806451613
Cc1ncccc1-c(cc2C)nc(n2)N[C@@H]3CCN(C3)c(cc4)cc(c45)[nH+]ccc5,-4.992,30,-0.1664
COC[C@H](O)c1ccc(cc1)-c(cc2)cc(c23)ncnc3N[C@@H](C4)CO[C@@]4(C)c5cccc(C)c5,-4.992,35,-0.14262857142857144
NC(=O)Cn(c1)ccc1-c(c(c2)-c(cn3)cn3C)cc(c24)c(ncn4)NC(=O)CN5CCOCC5,-4.992,35,-0.14262857142857144
COc1cccc(c1)-c2cnc([nH+]c2NCC(C)(C)[NH3+])NCc3ccccc3,-4.991,28,-0.17825
CNC(=O)c1cccc(c1)-c2ncc(-c3ccccc3)c(n2)NCc4cccc(c4)[NH+]5CCCCC5,-4.99,36,-0.13861111111111113
c1cnccc1-c(c(c2)OC)cc(c23)ncc4c3cc(nc4N)-c5cccc(C)c5,-4.99,30,-0.16633333333333333
CCc1ccc(cc1)-c(cc2)cc(c23)c(-c4cc(on4)OC)nc(n3)-c5ccc(C(=O)N)cc5,-4.99,34,-0.14676470588235294
Cn1ccc(c1)-c(cc2)cc(c23)c(-c4nccn4C)nc(n3)-c5nccn5C,-4.99,28,-0.17821428571428571
[NH3+][C@@H]1CCCC[C@@H]1c2cc(ccn2)Nc(cc(n3)-c4cccnc4)n(c35)ncc5-c6cccc(Cl)c6,-4.99,36,-0.13861111111111113
Cc1ccccc1[C@H](C)Nc(ncn2)c(c23)cc(S(=O)(=O)C(C)(C)C)c(c3)-c4ccc(F)cc4,-4.989,34,-0.14673529411764705
c1ccccc1CNc(nc2-c(no3)cc3C)ncc2-c4[nH+]cccc4[O-],-4.989,27,-0.18477777777777776
NC(=O)[C@@H](O)c(cc1)ccc1Nc2nc(NCC)[nH+]c(c23)ccc(n3)-c4cccc(c4)OC,-4.989,33,-0.15118181818181817
COc1ccc(cc1)-c(cc2)cc(c23)ncnc3N[C@@H]4CCN(C4)Cc5ccccc5,-4.989,31,-0.16093548387096773
CC(=O)Oc(cc1)ccc1-c(c(c2)OC)cc(c23)c(ncn3)Nc4c[nH+]cc(N)c4,-4.988,30,-0.16626666666666667
s1cccc1-c2cnc([nH+]c2NC[C@@H](O)CO)NCc3ccccc3Cl,-4.988,26,-0.19184615384615386
CC(=O)c1ccccc1-c2cnc(Nc3ccncc3)nc2NCc4cccc(C)c4,-4.988,31,-0.16090322580645164
CCn1cncc1-c(c2)c(cc(c23)c(c(cn3)C#N)NC(=O)C)NC(=O)c4ccccc4,-4.987,32,-0.15584375
Cc1cc(F)c(C)c(c1)-c2ncc(-c3cccnc3)c(n2)NC(=O)NCc4ccc(F)cc4,-4.987,33,-0.15112121212121213
Cc1ccccc1-c(c(c2)OC)cc(c23)ncc4c3cc(nc4N)-c5cccc(O)c5,-4.985,31,-0.16080645161290325
Cc1cccc(c1)CNc(ncn2)c(c23)cc(c(c3)-c4ccc(CO)cc4)-c5ccnc(c5)C(=O)N6CCOCC6,-4.985,41,-0.12158536585365855
CC(=O)Nc1cccc(c1)-c(cc2-c3ccc(C)nc3)cc(c24)cnc(n4)NC(C)C,-4.985,31,-0.16080645161290325
CC(=O)Nc(c(C)cn1)cc1-c(c(c2)OC)cc(c23)c(nc[nH+]3)NCc4cccn4C,-4.984,31,-0.1607741935483871
CCCn1cc(ccc1=O)-c(cc2)cc(c23)nc(NCC[NH3+])c4c3cnc(n4)NC5CC5,-4.984,32,-0.15575
CN1CCN(CC1=O)C(=O)Cc2ccc(cc2)-c(cc3)cc(c34)nc(c5c4cncn5)NC(=O)CN(C(=O)CC6)c(c67)cccc7,-4.984,46,-0.10834782608695652
Cc(c1)cccc1[C@@H](C)Nc2nc(NC(=O)C)nc(c23)ccc(n3)-c4cccc(c4)NC(C)C,-4.984,34,-0.14658823529411766
CC[C@H](C)[N@H+]1CC[C@@H](CC1)Nc2ncc(-c3cccc(F)c3)c(n2)-c4ccncc4Cl,-4.983,31,-0.16074193548387095
OC[C@@H](C)c1cccc(c1)[C@H](C)Nc(c2)c(-c3ccc(=O)n(C)c3)cc(c24)[nH+]cc(C#N)c4NCCO,-4.982,37,-0.13464864864864864
Fc(c1)cccc1-c(c(c2)OC)cc(c23)ncc(C#N)c3N[C@H](C)c4cc(C)cc(N)c4,-4.981,32,-0.15565625
Clc(c1)cccc1-c2nc(-c(cc3)ccc3C)nc(c24)ccc(c4)-c5cccnc5,-4.981,30,-0.16603333333333334
Nc1cccnc1Nc2nc(NCC)[nH+]c(c23)ccc(n3)-c4cccc(c4)OC,-4.98,29,-0.1717241379310345
c1ccccc1-c(n2)cc(NC(=O)CC[NH3+])n(c23)ncc3-c4ccccc4C(=O)[O-],-4.98,30,-0.166
C[C@@H]1CCCN1CCNc(nc2)nc(c23)nc(-c4ccc(O)cc4)c(c3)-c5cc(N)cc[nH+]5,-4.979,33,-0.1508787878787879
Cc1cccc(c1)[C@H](C)Nc(nc2)nc(c23)nc(c(c3)-c4ccoc4)-c5cc[nH+]c(c5)N(C)C,-4.979,34,-0.14644117647058824
Fc(c1)cccc1-c2cc(-c3nccn3C)cc(c24)ncnc4NCC(C)(C)[NH3+],-4.979,29,-0.1716896551724138
CCNc1ncc(-c2cccc(Br)c2)c([nH+]1)NCc3cccc(C)c3,-4.979,25,-0.19916
COc1cc(O)cc(c1)-c2cc(nc(n2)C)Nc3ncc(s3)-c4cccnc4,-4.978,28,-0.17778571428571427
C1CCC[NH+]1[C@H](C)CNc(nc2)nc(c23)nc(-c4ccc(F)cc4)c(c3)-c5nccn5C,-4.978,32,-0.1555625
COc1ccc(cc1)Nc(c2)c(-c3ccc(=O)n(C)c3)cc(c24)ncc(C#N)c4NCc5ccccc5Cl,-4.978,38,-0.131
Cc1cccc(c1)-c(c2)c(-c3ccn(C)c(=O)c3)cc(c24)ncnc4NCCC[NH3+],-4.977,30,-0.16590000000000002
c1ncccc1-c(c(c2)NC(=O)C(C)C)cc(c23)ncc(C#N)c3NCCCl,-4.977,28,-0.17775000000000002
FC(F)(F)c(cc1)ccc1[C@H](C)Nc(ncn2)c(c23)c(-c4ccc(C(=O)N)nc4)cc(c3)-c5cncc(c5)C(=O)N,-4.977,41,-0.12139024390243904
C[C@@H]1CCCN1CCNc(nc2)nc(c23)nc(-c4nccn4C)c(c3)-c5ccc(F)cc5,-4.977,32,-0.15553125
COc1cccc(c1)-c2nc(ncc2-c3ccccn3)NC(=O)Nc4cccc(CF)c4,-4.977,32,-0.15553125
Fc1ccccc1-c(cn2)c(n23)nc(-c4ccccc4Cl)nc3NCC[NH+]5CCCCC5,-4.977,32,-0.15553125
c1cc(C)ccc1CNc(nc2N[C@@H](C)CC)[nH+]cc2-c3ccc(C)cc3,-4.976,27,-0.1842962962962963
Cc(c1)cccc1[C@@H](C)Nc2nc(NCc(cc3)ccc3C)[nH+]c(c24)ccc(n4)-c5cccc(c5)NC(C)C,-4.976,39,-0.1275897435897436
Fc1ccccc1-c(cc2)nc(c23)c(=[NH+]\c4cccc[nH+]4)\nc([nH]3)NCC[NH2+]C5CCCCC5,-4.974,34,-0.14629411764705882
O=c(o1)nccc1-c(c2)c(cc(c23)c(NC)c(C#N)cn3)NCc4cccc(C)c4,-4.974,30,-0.1658
Cc(c1)cccc1-c(c(c2)OC)cc(c23)ncc(C#N)c3NCC[NH+](C)C,-4.974,27,-0.18422222222222223
n1cnc(NC(C)C)c(c12)c(-c(no3)nc3C)cc(c2)-c4cccc(c4)C(=O)N,-4.973,29,-0.17148275862068965
COc1cccc(c1)-c(c2)nc(N)c(c23)cnc4c3cc(OC)c(c4)-c5cccnc5,-4.973,31,-0.16041935483870967
CC(C)CNc(n1)c(C(=O)N)c(n12)nc(-c(cn3)cn3CC)cc2-c4cc(Br)ccc4OC,-4.973,33,-0.1506969696969697
NC(=O)Nc(n1)ncc(c12)c(C)c(c(=O)n2C)-c3cccc(c3)C(=O)N,-4.973,26,-0.19126923076923077
COc1ccc(c(O)c1)-c(cc2)cc(c23)c(-c4cnc(s4)C)nc(n3)-c5ccccc5,-4.973,31,-0.16041935483870967
c1nc(C)ncc1-c(c(c2)OC)cc(c23)ncc4c3cc(nc4N)-c5cnn(C)c5C,-4.973,31,-0.16041935483870967
c1cc(N)ccc1-c(n2)nc(NC)n(c23)ncc3-c4ccc(cc4)[C@H](O)C[NH3+],-4.972,28,-0.17757142857142857
CN(C)Cc(n(n1)C)cc1-c(c(c2)OC)cc(c23)c(ncn3)NC[C@H](F)c4cc(N)cc(C(F)(F)F)c4,-4.971,37,-0.13435135135135134
Cn(c1)ncc1-c(o2)c(-c(n3CC)c[nH+]c3C)c(c24)c(ncn4)NC[C@H](O)c5ccc(C)cc5,-4.971,34,-0.14620588235294119
Cc1cn(C)cc1[C@H](C)Nc(ncn2)c(c23)c(C(CO)CO)cc(c3)-c4nccs4,-4.97,30,-0.16566666666666666
C[C@H]([NH3+])C(=O)NC(=O)c(nc1OC)ccc1-c(cc2-c3cccc(C)c3)cc(c24)cnc(n4)N[C@H](C)c5cc(C)cc(N)c5,-4.97,44,-0.11295454545454545
CC[N@@H+]1CCC[C@@H](C1)Nc2nc(-c3cccc(F)c3)ncc2-c4cc(no4)C(C)C,-4.97,30,-0.16566666666666666
O=c1ccc(cn1C)Nc2ncc(c(n2)-c3ccncc3)-c4cncc(n4)[C@@H]5CC[NH2+]C5,-4.969,32,-0.15528125
Cc1cccc(c1)-c(cc2)nc(c23)c(nc([nH+]3)NCC(=O)N)Nc4cnccc4C,-4.969,30,-0.16563333333333335
c1cc(C)ccc1-c(c(c2)NCCC)cc(c23)ncc(C#N)c3NCc4cccc(c4)NC(=O)C,-4.968,35,-0.14194285714285715
O=C([O-])c1ccc(cc1)-c2cnc(Nc3ccncc3)nc2NCc4ccccc4,-4.968,30,-0.1656
OCCNc(n1)ncc(c12)c(C)c(-c3cccc(c3)C(=O)N)c(=O)n2[C@H](C)c4cc(C[NH3+])cc(C(F)(F)F)c4,-4.968,39,-0.12738461538461537
CC[C@H](C)Nc1nc(NC)ncc1-c2ccncc2,-4.967,19,-0.26142105263157894
COC(=O)c1cccc(c1)-c(c2)c(-c3c[nH+]c(C)n3C)cc(c24)ncnc4NCc5cccc(C)c5,-4.967,36,-0.13797222222222222
COc1ccc(cc1)-c(c2)nc(c(c23)nccn3)NCC(=O)N,-4.967,23,-0.2159565217391304
CC(C)n1nccc1-c(c(c2)OC)cc(c23)ncc(C#N)c3N[C@H](C)c4ccc(N)c(C)c4,-4.967,33,-0.1505151515151515
COc1cccc(c1)-c(c2)nc(N)c(c23)cnc4c3cc(OC)c(c4)-c5ccccc5C(=O)N(C)C,-4.966,36,-0.13794444444444445
Cc1ccc(cc1)-c(cc2)cc(c23)c(-c4cnn(C)c(=O)c4)nc(n3)-c5ccc(C(=O)N)cc5,-4.966,34,-0.14605882352941177
C1COCCN1CCC(=O)Nc2nc(-c3ccccn3)ncc2-c4ccncc4,-4.966,29,-0.17124137931034483
COCc1cc(nn1C)-c(cc2)cc(c23)[nH+]cnc3N[C@H](C)c4ccc(C)cc4,-4.966,29,-0.17124137931034483
COc1ccc(cc1)CNc2nc(NC(C)(C)c3ccccc3OC)[nH+]cc2-c4ccc(OC)cc4OC,-4.966,38,-0.1306842105263158
Clc1ccc(cc1)-c2ncc(-c3ccncc3)c(n2)NCC4CC4,-4.965,24,-0.206875
CC(C)Cn(c1)ncc1-c(c(c2)OC)cc(c23)ncc4c3cc(nc4N)-c5ccc(F)cc5,-4.965,33,-0.15045454545454545
C1COCCN1c(n2)oc(c23)cc(c(c3)-c(c4)cccc4F)-c5cccc(c5)Cn6cc[nH+]c6,-4.965,34,-0.14602941176470588
COc1cccc(c1)-c(cc2)nc(c23)c(=[NH+]\c4ccc(C)cc4CN)\nc([nH]3)N[C@H](C)c5cccc(c5)[C@H](C)O,-4.965,40,-0.124125
OCc(cc1)ccc1-c2nc(-c(c3)nccc3OC)nc(c24)ccc(c4)-c5coc(n5)C,-4.965,32,-0.15515625
NC(=O)c(c1)cccc1-c(n2)cc(nc2C)Nc3ncc(s3)-c4ccccc4F,-4.965,29,-0.17120689655172414
FC(F)(F)c(c1)cccc1[C@H](CC)Nc(ncn2)c(c23)cc(-n4ccc(=O)ccc4=O)c(c3)-c5cc(C)cc(=O)n5Cc6ccc(C)c(c6)CN,-4.964,51,-0.09733333333333334
CCc1cccc(C)c1NC(=O)c(cc(n2)C)n(c23)nc(c3C(=O)N)N[C@H](C)c4ccc([NH3+])cc4,-4.963,35,-0.1418
[NH3+]CCNc(ncn1)c(c12)c(-c(n3)ccn3C)c(o2)-c4ccc(F)cc4,-4.963,26,-0.19088461538461537
Cc1onnc1-c2nc(NCC[NH+](C)C)ncc2-c3cccnc3,-4.963,24,-0.20679166666666668
C1CCC[NH+]1[C@@H](O)CNc(nc2NC)ncc2-c3cnccn3,-4.963,23,-0.2157826086956522
CCn1ccnc1-c2cnc(NCC[NH3+])nc2-c3ccc(C)cc3,-4.963,24,-0.20679166666666668
Cc1ccc(cc1)-c(n2)c(-c3ccoc3C)cc(c24)cnc(n4)NCC[NH+]5CCCCCC5,-4.962,33,-0.15036363636363637
Clc1ccccc1-c(c2)nc(c(c23)nccn3)NC4CC[NH2+]CC4,-4.961,24,-0.20670833333333336
NC(=O)c1ccc(cn1)-c(cn2)c(n23)nc(-c4cccnc4)nc3N[C@@H]5CCOC5,-4.961,30,-0.1653666666666667
Cc1ccccc1CNc2[nH+]c(NCC[NH3+])ncc2-c3nccnc3C,-4.961,26,-0.19080769230769232
CCn1cc(c(n1)C)-c2c[nH+]c(-c3ccoc3C)nc2N[C@H](C)c4ccc(C(F)(F)F)c(N)c4,-4.96,34,-0.14588235294117646
NC(=O)[C@@H]1CC[NH2+]C[C@@H](C1)c(c(c23)cc(cc3)-c4cc(F)co4)nc(n2)-c5cc(F)ccc5N,-4.96,34,-0.14588235294117646
Cn1cc(cn1)-c(cn2)c(n23)nc(-c4ccccc4)cc3NC5CC[NH2+]CC5,-4.958,28,-0.17707142857142857
CC[N@H+]1CC[C@@H](CC1)[C@H](C)Nc(ncn2)c(c23)cc(c(c3)-c4cnn(C)c4)-c5ccc(CO)cc5,-4.958,35,-0.14165714285714287
OCCNc(n1)c(C(=O)N)c(n12)nc(C)cc2-c3ccncc3,-4.958,23,-0.21556521739130435
Cc1cnn(c1C)CCCc2cnc(NCCO)nc2-c3cnn(C)c3C,-4.958,27,-0.18362962962962964
CCCn1cc(cn1)-c(c2)c(OC)cc(c23)ncnc3N[C@@](C)([NH3+])[C@H](C)c4ccccc4,-4.957,32,-0.15490625
CC[C@H](O)CNc1ncc(c(n1)NC)-c2ncccn2,-4.957,20,-0.24785
c1ccccc1-c(nc(c23)n(C)cn2)nc3N[C@@H]4CC[NH2+]C4,-4.957,22,-0.2253181818181818
CC(C)Nc(c(C#N)cn1)c(c12)cc(NC3CCCC3)c(c2)-c4ccccc4,-4.956,28,-0.17700000000000002
NC(=O)CNc1cc(-c(c2)ncn2C)nc(n13)c(cn3)-c4cccc(C(F)(F)F)c4,-4.956,30,-0.1652
OCCNc(n1)ncc(c12)c(C)c(-c3ccncc3)c(=O)n2-c4cccnc4,-4.955,28,-0.1769642857142857
OCCOC(=O)c(cc1)ccc1-c(nc(c23)n(C)cn2)nc3NCC[NH+]4CCOCC4,-4.953,31,-0.1597741935483871
CCCn1nc(cc1C)-c(cc2)cc(c23)[nH+]cnc3N[C@H](C)c4ccc(C)c(N)c4,-4.953,30,-0.1651
Cc1cccc(c1)-c2cnc(NC[NH+](C)C)[nH+]c2NCc3ccccc3C,-4.953,27,-0.18344444444444447
CC(C)Nc(n1)c(C(=O)N)c(n12)nc(-c3c[nH+]cn3C)cc2-c4ccc(F)cc4,-4.953,29,-0.17079310344827586
c1cc(C)ccc1CNc(nc2NCC)[nH+]cc2-c3ccc(C)cc3,-4.952,25,-0.19808
Cn(c1)ncc1-c2cnc([nH+]c2NCC)NCc3cccc(F)c3,-4.952,24,-0.20633333333333334
Cc1ncncc1-c2nc(-c(cn3)ccc3C(=O)NC)nc(c24)ccc(c4)-c5ccccc5C,-4.951,34,-0.14561764705882352
NCc1cccc(c1)-c(c(o2)-c3ccco3)c(c24)c(ncn4)NCCc5cccc(C(F)(F)F)c5,-4.951,35,-0.14145714285714284
Cc1ccccc1-c(n2)cc(nc2C)Nc3ncc(s3)-c4ccccc4,-4.951,26,-0.19042307692307692
s1ccnc1-c2nc(-c(c3C(=O)C)cnn3C)nc(c24)ccc(c4)-c5cccc(C)c5,-4.95,31,-0.15967741935483873
OCCNc(n1)ncc(c12)c(C)c(-c3ccncc3)c(=O)n2-c4ccc(F)c(Cl)c4,-4.95,30,-0.165
FC(F)(F)c(c1)cc([C@@H](F)N)cc1[C@H](C)Nc(ncn2)c(c23)cc(S(=O)(=O)C(C)(C)C)c(c3)-c4cnc(o4)[C@@H]5CCC[NH2+]5,-4.95,43,-0.11511627906976744
Cc1[nH+]ccn1CC(=O)N(C)c(c2)cc(-c(c3)cccc3C)c(c24)nc(nc4)N[C@H](C)c5cc(C(F)(F)F)ccc5N(C)C,-4.949,44,-0.11247727272727272
c1cc(Cl)ccc1-c(cnc2NC)c([nH+]2)NCc3ccc(OC)cc3,-4.949,25,-0.19796
NC(=O)CNc(c(C#N)cn1)c(c12)cc(NCCO)c(c2)-c3cccnc3,-4.949,27,-0.1832962962962963
Clc(c1)cccc1-c(n2)nc(NCc(cc3)ccc3C)n(c24)ncc4-c5ccc(O)cc5,-4.949,32,-0.15465625
COc1ccc(cc1)CNc2nc(NCc3cccc(C)c3)[nH+]cc2-c4cccc(F)c4,-4.949,32,-0.15465625
FC(F)(F)c(c1)cccc1-c(n2)nc(N[C@H](C3)CCN3CC[NH3+])n(c24)ncc4-c5cccc(O)c5,-4.949,35,-0.1414
COc1cccc(c1)CN(C2CC2)C(=O)CNc(nc3)nc(c34)n(C)c(=O)c(c4C)-c5ccc(F)cc5,-4.949,37,-0.13375675675675675
CCNc(c(C#N)cn1)c(c12)cc(NCC(=O)N)c(c2)-n3cc(C)n3C,-4.949,26,-0.19034615384615383
C[NH+](C)CCNc(ncn1)c(c12)ccc(c2)-c3ccccc3,-4.949,22,-0.22495454545454543
Cc1ccc(cc1)CNc2[nH+]cc(c(n2)NCCO)-c3cccc(C)c3,-4.948,26,-0.19030769230769232
n1ccncc1Nc(cc(c23)c(NC)c(C#N)cn2)c(c3)-c4ccc(F)cc4,-4.948,28,-0.17671428571428574
Cc1ccccc1-c(n2)c(-c3ccccc3)cc(c24)cnc(n4)NC[C@@H]5CCCO5,-4.948,30,-0.16493333333333335
Cc1cccc(c1)CNc(ncn2)c(c23)cc(-c4cc(co4)N(C)C)c(c3)-c5cccnc5C(=O)[O-],-4.947,36,-0.13741666666666666
CC[NH2+]CCNc1[nH+]c(ncc1-c2ncco2)NCc3ccccc3Cl,-4.947,26,-0.19026923076923077
Fc1ccccc1-c(cc2C)nc(n2)NCCN3CC[NH+](CC3)CCn4ccnc4,-4.946,30,-0.16486666666666666
CCNc1[nH+]cc(c(n1)NCC)-c2cc(Cl)ccc2OC,-4.946,21,-0.23552380952380952
Clc1ccccc1-c(c(c23)c(ncn2)NCC(C)(C)[NH3+])c(o3)-c4cccc(O)c4,-4.945,29,-0.17051724137931035
Cc1ccc(cc1)[C@H](C)Nc(ncn2)c(c23)cc(S(=O)(=O)C(C)(C)C)c(c3)-c4ccsc4,-4.945,32,-0.15453125
COc(c1)c(OC)cc(c12)c(nc[nH+]2)NCC[NH+]3CCCC3,-4.944,22,-0.22472727272727272
CN(C)CC(=O)c1ccc(nc1)-c(c2)c(-c3ccccn3)nc(c24)nc(nc4)NCCc(cc5)cc(c56)CCN6C,-4.943,41,-0.1205609756097561
[NH3+]CC(=O)Nc(n1)nc(cc1C)-c2ccc(cc2)NC(=O)n3ccnc3,-4.942,26,-0.1900769230769231
CCNC(=O)Nc(c(C#N)cn1)c(c12)cc(NC(=O)C)c(c2)-c3ccccc3C,-4.942,29,-0.17041379310344829
Cc1ccccc1-c(cn2)c(n23)nc(cc3N[C@H](C)CO)-c4cnccc4C(=O)N,-4.942,30,-0.16473333333333334
Cc1ccc(cc1)[C@H](C)Nc(nc2)nc(c23)nc(-c4nccs4)c(c3)-c5ccc(nn5)C(=O)N,-4.942,34,-0.1453529411764706
C[C@@H]1CCC[N@H+]1CCNc(nc2)nc(c23)nc(-c4ccc(C(=O)[O-])cc4)c(c3)-c5ccc(F)cc5,-4.942,35,-0.1412
Cc1[nH+]cc(n1C)-c2cnc(-c3ccncc3)nc2N[C@H](C)c4ccccc4,-4.942,28,-0.17650000000000002
c1cnccc1-c(nc2NC)ncc2-c3ccoc3,-4.941,19,-0.26005263157894737
CCn1cc(cn1)-c(cc2)cc(c23)[nH+]cnc3N[C@H](CC4)Cc(c45)cc(F)cc5,-4.941,29,-0.1703793103448276
CCn1nccc1-c(cc2)cc(c23)ncnc3NC(C)C,-4.94,21,-0.23523809523809525
c1ccccc1-c(c(c2)NCCC)cc(c23)ncc(C#N)c3NC,-4.94,24,-0.20583333333333334
c1cc(F)ccc1-c2cc(C)nc(n23)c(C(=O)N)c(n3)Nc4ccc(C(=O)[O-])cc4,-4.939,30,-0.16463333333333333
Cn1cnc(cc1=O)-c2cnc(N[C@](C)(O)c3cccc(Cl)c3)[nH+]c2NCc4ccccc4,-4.939,33,-0.14966666666666667
c1cc(Cl)ccc1-c(n2)cc(nc2C)Nc3ncc(s3)-c4ccccc4C,-4.939,27,-0.18292592592592594
FC(F)(F)c(c1)cccc1[C@@H](C)c2c[nH+]c(Nc3ccccc3C(=O)N)nc2NCc4ccccc4,-4.939,36,-0.13719444444444445
COc1ccc(cc1)CNc2nc(N[C@H](C)c3ccc(o3)C)[nH+]cc2-c4ccc(nc4)[C@@H]5CCC[N@@H+](C5)CC(=O)N,-4.938,41,-0.1204390243902439
c1ccccc1[C@@H](C)Nc2nc(NCC)nc(c23)ccc(n3)-c4cccnc4,-4.937,28,-0.17632142857142857
Cc1nocc1-c(c2)c(-c3ccc(c(O)c3)CN(C)C)cc(c24)ncnc4N[C@@H]([C@H](C)O)c5ccccc5,-4.937,38,-0.12992105263157896
FC(F)(F)c(c1)cccc1[C@@H](CO)Nc(nc2)nc(c23)c(-c(cn4)cn4CC)cc(c3)[C@]5(C)CN(C(=O)C[NH3+])CC[N@H+]5[C@H](C)C(=O)N(C)C,-4.937,49,-0.10075510204081634
C[NH+](C)Cc(c1)cccc1-c(c(c2)OC)cc(c23)c(nc[nH+]3)N[C@H](C)[C@H](C)CO,-4.936,29,-0.17020689655172414
Fc(c1)cccc1-c(c(c2)OC)cc(c23)c(nc[nH+]3)NC[C@H](C)[NH+]4CCOCC4,-4.936,29,-0.17020689655172414
OC[C@@H](O)c(n1)cccc1-c(c(c2)OC)cc(c23)ncc(C#N)c3NC(F)(C)C,-4.935,29,-0.17017241379310344
C[C@H](O)c1cccc(c1)-c(c(o2)CCCO)c(c23)c(ncn3)N[C@H](C)c4ccccc4,-4.935,31,-0.15919354838709676
C[NH+](C)CNc(nc1)nc(c12)n(CC)c(=O)c(c2C)-c3ccc(C)c(C)c3,-4.935,27,-0.18277777777777776
OCc(c(C)c1)ccc1-c(cc2C)nc(n2)NCC[NH+](C)C,-4.934,22,-0.2242727272727273
Cc1nc(co1)-c(cc2)cc(c23)c(-c4ccccc4)nc(n3)-c5ccccc5C,-4.934,29,-0.17013793103448277
Cc1ccc(cc1)CNc2nc(NCC[NH3+])[nH+]cc2-c3ccccc3Cl,-4.934,26,-0.18976923076923077
NC(=O)c1ccc(cc1)-c(cc2)cc(c23)nc(c4c3cncn4)NCCOc5ccccc5,-4.933,33,-0.14948484848484847
Cc1ccccc1CNc(nc2NCCO)nc(c23)ccc(n3)-c4cc(C(=O)N)ccn4,-4.933,32,-0.15415625
OCCCNc1nc(NCC)[nH+]c(c12)ccc(n2)-c3cccc(C)c3,-4.933,25,-0.19732
C[N@H+]1CC[C@@H](CC1)Nc(nc2)nc(c23)nc(-c4cccnc4)c(c3)-c5ccncc5,-4.932,30,-0.16440000000000002
COc1cccc(c1)-c(cc2)nc(c23)c(NCCCO)nc([nH+]3)NCC[NH3+],-4.932,27,-0.18266666666666667
c1cc(F)ccc1-c(cc2C)nc(n2)NC(=O)Nc3ccccc3C,-4.932,25,-0.19728
CN(C)C(=O)Nc1cccc(c1)-c2ncc(-c3ccccc3)c(n2)NCCN4CCCC4,-4.932,32,-0.154125
Oc(c1)c(O)ccc1-c(n2)cc(nc2C)Nc3ncc(s3)-c4cccnc4F,-4.932,28,-0.17614285714285716
COc1ccc(o1)-c(cc2)cc(c23)c(-c4cccc(F)c4)nc(n3)-c5cccc(c5)[C@H](C)O,-4.931,33,-0.14942424242424243
CCNc(nc1)nc(c12)c(-c3ccn(C)c(=O)c3)cc(c2)-c4cncc(c4)C(=O)N,-4.93,30,-0.16433333333333333
Fc1ccccc1Cc2cc(C)nc(n23)c(C(=O)N)c(n3)N[C@H](C)c4ccc([NH3+])cc4,-4.93,31,-0.15903225806451612
COc1cccc(c1)-c(cc2)nc(c23)c(Nc4cccc(c4)CN(C)C)nc(n3)Nc5cccc(c5)C(=O)N6CCCCC6,-4.93,44,-0.11204545454545455
Cc1ccc(cc1C)NC(=O)CNc2ncc(-c3ccccc3)c(n2)-c4ccccc4F,-4.93,32,-0.1540625
Cc1ccc(c(C)c1)CNc(ncn2)c(c23)cc(S(=O)(=O)C(C)(C)C)c(c3)-c4ccc(C(=O)N)cc4,-4.93,36,-0.13694444444444442
C[NH+](C)Cc1ccccc1-c(c(c2)OC)cc(c23)ncc4c3cc(nc4N)-c5ccccc5,-4.93,33,-0.14939393939393938
Clc(c1)cccc1-c(c(c2)NCC)cc(c23)ncc(C#N)c3NC[C@H](O)c4ccccc4,-4.929,32,-0.15403125
Cc1ccc(cc1C)N[C@H](C)Nc(ncn2)c(c23)ccc(c3)-c4ccc(o4)C(=O)Nc5ncccc5C,-4.929,37,-0.1332162162162162
Cc1ccccc1CNc(c2)c(-c3cccnc3)cc(c24)[nH+]cc(C#N)c4NCCO,-4.929,31,-0.159
Cc1ccc(C)c(c1)-c(cc2)cc(c23)c(-c4cnc(C)n4C)nc(n3)-c5ccc(=O)cc(n5)C(=O)N,-4.929,36,-0.1369166666666667
COCNc1nc(NC(=O)C)ncc1-c2cccc(Br)c2,-4.928,21,-0.23466666666666666
CC(=O)Nc(n1)c(C(=O)N)c(n12)nc(-c3ncon3)cc2-c4ccc(Cl)cc4,-4.928,28,-0.176
Cc1cccc(c1)-c(nc(c23)n(cn3)C)nc2NC(CO)CO,-4.928,23,-0.2142608695652174
Fc(c1)cccc1-c(cc2C)nc(n2)NCC[NH+]3CCN(CC3)CCn4cc[nH+]c4,-4.927,30,-0.16423333333333331
Cc1ccc(cc1)[C@H](C)Nc(ncn2)c(c23)c(-c4cccc(Br)c4)c(o3)-c5ccc(=O)n(C)c5,-4.927,34,-0.14491176470588235
CC(=O)Nc1cccc(c1)CNc(c(C#N)cn2)c(c23)cc(NC(=O)C)c(c3)-c4cncn4C,-4.926,34,-0.14488235294117646
Cc1ccc(cc1)-c2cnc(NCC[NH3+])nc2Nc3cccc[nH+]3,-4.926,24,-0.20525000000000002
COCC(=O)Nc1ccccc1-c(cc(c2)-c3ccco3)c(c24)nc(nc4)NC(C)C,-4.926,31,-0.1589032258064516
CC[C@H](C)Nc1nc(-c2ccncc2)ncc1-c3ccc(C(=O)N)c(N)c3,-4.926,27,-0.18244444444444444
Cc1c(N)cccc1[C@H](C)Nc(c(c23)cccc3)nc(n2)-c4cn(C)c(C)[nH+]4,-4.925,28,-0.17589285714285713
Cc1cccc(c1)CNc(ncn2)c(c23)c(-c4c(C)nn(C)c4C)cc(c3)-c5nn(C)c(=O)cc5N,-4.925,36,-0.13680555555555554
COc(c1)cccc1-c(n2)nc(N[C@@H](C)COC)n(c23)ncc3-c4ccc(C)cc4,-4.925,30,-0.16416666666666666
COc1cccc(c1)-c2cc(nc(n2)C)Nc3ncc(s3)-c4ccccc4F,-4.924,28,-0.17585714285714288
COc1cc(ccc1O)-c(c2)c(-c3ccc(F)cc3)cc(c24)ncnc4NCCC[NH3+],-4.924,31,-0.15883870967741937
C1CC1Nc(nc2)nc(c(n3)NC(C)C)c2c(c34)ccc(c4)-c5ccccc5Br,-4.923,29,-0.16975862068965517
COc1ccc(cc1)CNc2nc(N[C@H](C)c3ccc(C(F)(F)F)cc3N)[nH+]cc2-c4cncc(c4)OC,-4.923,38,-0.12955263157894736
c1ncccc1-c(cc2C)nc(n2)NCC(=O)Nc3cccc(C(F)(F)F)c3,-4.922,28,-0.17578571428571427
Cc1cncnc1-c(n2)nc(-c(n3)onc3C)c(c24)cc(cc4)-c5ccccc5F,-4.922,30,-0.16406666666666667
COc1cccc(c1)-c(n2)c(-c3ccc(Cl)cc3)cc(c24)cnc(n4)NCC(=O)N,-4.921,30,-0.16403333333333334
c1cc(N)ccc1-c(n2)nc(NC)n(c23)ncc3-c4cccc(C(=O)[O-])c4,-4.921,27,-0.18225925925925926
Cn1ccc(c1)-c(cc2)cc(c23)c(nc(n3)-c4ccnn4C)-c5cccc(c5)[C@]6(O)CCCC[C@@H]6O,-4.92,36,-0.13666666666666666
o1cccc1-c2cnc(nc2NC)NCc3ccc(C)cc3,-4.92,22,-0.22363636363636363
Oc1ccccc1-c(c(c2)-c(cn3)cn3C)cc(c24)c(ncn4)N[C@@](C)([NH3+])C5CC5,-4.92,30,-0.164
Oc1ccccc1-c2nc(-c(c3)cccc3C)nc(c24)ccc(c4)-c5coc(n5)C,-4.92,30,-0.164
Nc1cccnc1Nc2nc(NCC)nc(c23)ccc(n3)-c4cccc(c4)OC,-4.92,29,-0.1696551724137931
C[C@@H]1CCC[N@@H+](C1)Cc2ccnc(c2)[C@H](C)Nc(c(c34)cccc4)nc(n3)-c5cccc(C(F)(F)F)c5,-4.919,37,-0.13294594594594594
Fc(c1)cccc1[C@H](CC)Nc(nc[nH+]2)c(c23)cc(c(c3)OC)OCC(=O)N(C)C,-4.919,30,-0.16396666666666665
Cc1cccc(c1)[C@H]([NH3+])Nc(ncn2)c(c23)c(cc(c3)-c4ccccn4)-c5cnn(c5)C[C@H](C)O,-4.918,35,-0.14051428571428573
c1cc(F)ccc1-c2cc(-c(cc3)ccc3OC)nc(n24)c(C(=O)N)c(n4)Nc5ccccc5C(=O)N,-4.917,37,-0.13289189189189188
Cc(c1)cccc1CNc(nc2NCCC)[nH+]cc2-c3cccc(C(F)(F)F)c3,-4.916,29,-0.16951724137931035
n1cn(C)c(c12)nc(-c(ccn3)cc3C)nc2NC(=O)[C@@H]4CCN(C4)[C@H](C)c5cccc(F)c5,-4.916,34,-0.14458823529411766
c1cc(F)ccc1-c(n2)nc(NCC[NH+](C)C)n(c23)ncc3-c4cccnc4,-4.916,28,-0.17557142857142857
CC(C)Nc(c(C#N)cn1)c(c12)cc(NCCO)c(c2)-c3ccccc3Br,-4.916,27,-0.18207407407407408
CCNc(ncn1)c(c12)c(-c3ccc(o3)C)cc(c2)-c4cccc(c4)C(=O)N,-4.916,28,-0.17557142857142857
Cn1c(C)[nH+]cc1-n2c(=O)c(-c3ccncc3)c(C)c(c24)cnc(n4)Nc5ccco5,-4.916,31,-0.15858064516129033
Fc1ccccc1-c2cc(-c(ccn3)cc3CNC(=O)C)cc(c24)ncnc4N[C@H](C)c5cc(N)cc(C(F)(F)F)c5,-4.915,42,-0.11702380952380953
CC(C)Nc(ncn1)c(c12)cc(-c3cccnc3)c(c2)-c4cccc(C(=O)[O-])c4,-4.915,29,-0.16948275862068965
CC(C)Nc1cc(cc[nH+]1)-c(cc2)cc(c23)ncnc3N[C@H](CO)[C@H](C)c4ccccc4,-4.915,32,-0.15359375
Cc1ccc(cc1)CNc2ncc(C)c(n2)NCC(C)C,-4.915,21,-0.23404761904761906
C[NH2+][C@H](C)CNc(ncn1)c(c12)c(-c3ccncc3)cc(c2)-c4cccc(Cl)c4,-4.914,29,-0.16944827586206895
O=c1ccc(c[nH]1)-c2cnc(-c3cccs3)nc2Nc4ccccc4,-4.914,25,-0.19655999999999998
Cn1c(C)[nH+]cc1-c(n2)cc(nc2C)Nc3ncc(s3)-c4cccnc4,-4.914,26,-0.189
CC(C)(O)c(c1)cc(cc1C)[C@H](C)Nc(n2)c(nc(nc3)NC4CC4)c3c(c25)ccc(c5)-c6nccn6CC(=O)N(C)C,-4.913,43,-0.11425581395348838
NC(=O)CNc1ncc(-c2ccc(F)cc2F)c(n1)-c3ccncc3,-4.913,25,-0.19652
C1C[NH2+]CCC1c(n2)cncc2-c3cc(-c4ccccc4C)cc(c35)cnc(n5)NC(=O)N[C@H](C)c6cccc(C(F)(F)F)c6,-4.912,45,-0.10915555555555555
c1cnccc1-c(c(c2)NCC)cc(c23)ncc(C#N)c3NCCO,-4.912,25,-0.19648
Cc1cc(c(o1)C)-c2ncc(c(n2)NCC[NH3+])-c3ccccc3,-4.911,23,-0.21352173913043476
Fc1cc(F)ccc1[C@H](C)Nc(ncn2)c(c23)cc(S(=O)(=O)C(C)(C)C)c(c3)-c4cccnc4,-4.911,34,-0.1444411764705882
Cc1cc(C)cc(c1)NC(=O)CNc(c(c23)cccc3)nc([nH+]2)-c4ccccc4[O-],-4.911,30,-0.16369999999999998
COc1cccc(c1)CNc2[nH+]c(N[C@H](C)c3ccc(C)cc3)ncc2-c4ccc(F)cc4,-4.909,33,-0.14875757575757576
COc1ccc(cc1)CNc(c2)c(-c3ccc(OC)cc3)cc(c24)ncc(C#N)c4NCCO,-4.909,34,-0.14438235294117646
COc1ccc(cc1)-c(cc2)nc(c23)c(nc(n3)NC(C)C)N[C@H](C)c4cccc(c4)C[NH3+],-4.908,33,-0.14872727272727274
Cc1cc(N)cc(c1)[C@H](CO)Nc(ncn2)c(c23)c(cc(c3)-c4cccc(c4)C(=O)N)-c5cc(ccn5)C(=O)N6CCCCCC6,-4.908,46,-0.10669565217391305
FC(F)(F)c(c(N)c1)ccc1[C@H](C)Nc(n2)c(nc(nc3)NC4CC4)c3c(c25)ccc(c5)-c6ccncc6,-4.908,38,-0.1291578947368421
Cc(c1)cccc1CNc(nc2NCC)[nH+]cc2-c3ccccc3F,-4.908,25,-0.19632000000000002
CN(C)S(=O)(=O)Nc(nc1)ccc1-c(c(c2)-c(cc3)ccc3OC)cc(c24)ncnc4NCc5cccc(C)c5,-4.907,40,-0.122675
COc1ccc(c(c1)OC)[C@H](C)Nc2[nH+]cc(-c3ccccc3F)c(n2)NCc4ccccc4,-4.906,34,-0.14429411764705882
CCCNc1nc(-c2cccs2)ncc1-c3nccs3,-4.906,20,-0.2453
Fc(c1)cccc1-c(n2)cc(nc2C)Nc3ncc(s3)-c4ccccc4C,-4.906,27,-0.1817037037037037
CNc(nc1)nc(c12)n([C@H](C)C[NH3+])c(=O)c(c2C)-c3cccc(c3)C(=O)N,-4.905,27,-0.18166666666666667
CC(C)n(c1)ncc1-c(c2)cc(-c(cc3C)ccc3Br)c(c24)nc(nc4)NCc5cccc(c5)C(F)(F)CO,-4.905,39,-0.12576923076923077
FC(F)(F)c(c1)cccc1[C@@H](O)[C@H](C)Nc(ncn2)c(c23)c(-c4cc(N)cc(C(F)(F)F)c4)c(o3)-c5cccc(C(F)(F)F)c5,-4.905,45,-0.109
Fc1ccccc1-c(n2)cc(nc2C)Nc3ncc(s3)-c4cc(ccn4)C[NH+]5CCCCC5,-4.904,33,-0.1486060606060606
OC[C@@H](O)[C@H](C)Nc(nc1)nc(c12)c(-c3ccn(C)c(=O)c3)cc(c2)-c4cccnc4,-4.904,31,-0.15819354838709676
COc1ccc(cc1)CNc2nc(N[C@H](C)c3ccc(o3)C)[nH+]cc2-c4ccccc4OC,-4.904,33,-0.1486060606060606
C[N@H+]1CCCC[C@@H]1Nc2nc(-c3ccc(C(F)(F)F)cc3)ncc2-c4nccs4,-4.903,29,-0.16906896551724138
Cc1cc(nn1C)C(=O)Nc2cccc(c2)-c(nc(n34)c(cn4)-c5ccccc5)nc3NC(=O)c6ccc(F)cc6F,-4.902,42,-0.11671428571428571
COc1cc(cc(c1)OC)NCC(=O)c(cc2)nc(c23)c(N[C@H](C)c4cccc(c4)C(C)C)nc(n3)N[C@H](C)c5ccc(C)cc5,-4.902,46,-0.10656521739130435
c1ccccc1-c(cc2)nc(c23)c(N[C@@H](C)c(cc4)ccc4C)nc([nH+]3)NCC[NH+]5CCCCC5,-4.901,35,-0.14002857142857142
n1ccccc1-c(c(n2)-c(cc3C)nn3C)cc(c24)cnc(n4)N[C@@H]5CC[N@@H+](C)CC5,-4.901,31,-0.15809677419354837
Cc1cn(C)cc1[C@@H](C)Nc(ncn2)c(c23)c(-c(n4)ccnc4C)cc(c3)CC[NH+]5CCCCC5,-4.901,35,-0.14002857142857142
CCNc(nc[nH+]1)c(c12)cc(c(c2)OC)O[C@@H]3CCCN(C3)C(=O)C,-4.9,25,-0.196
CSc(cc1)ccc1[C@H](CC)Nc(nc2)nc(c23)nc(-c4ccc(C)cc4)c(c3)-c5ncc(c(n5)C)CCO,-4.9,39,-0.12564102564102564
O=C([O-])c(cc1)ccc1-c(c2)c(cc(c23)c(NCC)c(C#N)c[nH+]3)N[C@H](C)c4cccc(c4)CC,-4.9,35,-0.14
CC(C)(O)c(cc1)ccc1-c(n2)ccc(c23)nc(NCC)nc3N[C@H](C)c4cc(N)cc(C(F)(F)F)c4,-4.899,37,-0.1324054054054054
Cc1ccc(cc1C)N[C@H](C)Nc(nc[nH+]2)c(c23)ccc(c3)-c4ncnn4C,-4.898,28,-0.1749285714285714
CC[N@@H+](C)CCNc(nc1)nc(c12)c(-c3cccc(C)c3)cc(c2)-c4cccnc4,-4.898,30,-0.16326666666666664
COc1ccc(cc1)-c2cnc(-c3conc3C)nc2NC[C@@H]4CCC[N@@H+]4C(C)C,-4.897,30,-0.16323333333333334
COc1ccccc1CCC(=O)Nc2nc(-c3ccc(OC)c(c3)OC)ncc2-c4nccs4,-4.897,34,-0.14402941176470588
NC(=O)c1ccccc1-c(c(c23)c(NC)ncn2)cc(c3)-c4nc(C[NH3+])ccc4C(=O)[O-],-4.895,32,-0.15296875
c1cc(O)ccc1-c(n2)nc(C[C@H](C)O)c(c23)cc(cc3)-c4cccc(O)c4,-4.895,28,-0.17482142857142854
CCNc(n1)c(C(=O)N)c(n12)nc(-c3ccccc3C)cc2-c4ccccc4CC,-4.895,30,-0.16316666666666665
CCCNc(c1)c(-c2nccs2)cc(c13)ncc(C#N)c3NC(C)C,-4.895,25,-0.19579999999999997
CN(C)C(=O)Cn(n1)ccc1-c(c(c2)-c(c(C)c3)ccc3C)cc(c24)[nH+]cnc4N[C@@H]([C@H](C)O)c5ccccc5,-4.894,40,-0.12235
CCNc(nc1)nc(c12)c(nc(c2)C)-c3ccccc3,-4.894,20,-0.2447
CN(C)C(=O)c(c1)cccc1-c(c(c2)OC)cc(c23)ncc4c3cc(nc4N)-c5ccncc5,-4.893,34,-0.14391176470588235
CC[C@H](C[NH3+])Nc1nc(-c2cccc(F)c2)ncc1-c3ccc(OC)cc3,-4.893,27,-0.1812222222222222
COc(c1)cccc1-c2nc(-c(c3)cc(OC)cc3OC)nc(c24)ccc(c4)-c5[nH+]cc(C)n5C,-4.892,35,-0.13977142857142857
C[NH+](C)CCNc1nc(NC)[nH+]c(c12)ccc(n2)-c3ccc(F)cc3,-4.892,25,-0.19568000000000002
Cn1ccc(c1)-c(cc2)cc(c23)c(nc(n3)-c4cc(C#N)co4)-c5nccn5C,-4.892,29,-0.1686896551724138
Cc1cccc(c1)-c(c2)c(Cc3c(C)c(C)[nH+]n3C)nc(c24)nc(nc4)N[C@H](C)c5ccccc5,-4.89,35,-0.1397142857142857
CN(C)C(=O)c(n1)cccc1-c(c(c2)OC)cc(c23)ncc4c3cc(nc4N)-c5cccs5,-4.889,33,-0.14815151515151515
Cn(c1)ccc1-c(cc2)cc(c23)c(-c(nc4)ncc4C)nc(n3)-c5cnc(C)n5C,-4.889,30,-0.16296666666666668
Cc1cccc(c1)[C@H](C)Nc(nc2)nc(c23)nc(-c4cnn(C)c4)c(c3)-c5c[nH+]cn5C,-4.888,32,-0.15275
Cc1ncc(n1C)-c(cn2)c(n23)nc(CC[NH3+])cc3NC(F)(F)F,-4.888,24,-0.20366666666666666
Cc1cc(C)c(C)c(c1)[NH2+][C@H](C)Nc(nc(n2)-c3cccc(c3)C(=O)N)n(c24)ncc4-c5cccnc5,-4.888,37,-0.1321081081081081
COc1cc(ccc1[NH3+])[C@H](C)Nc(cc(n2)-c3cnn(C)c3)n(c24)ncc4-c5ccc(C)c(C)c5,-4.887,35,-0.1396285714285714
C1C[NH2+]CCC1Nc(n2)c(C(=O)N)c(n23)nc(-c4ccco4)cc3-c5ccccc5,-4.887,30,-0.1629
Cc1ccc(cc1)-c2cnc(s2)Nc3cc(nc(n3)C)-c4ccc(C(=O)N)cc4,-4.886,29,-0.16848275862068965
O=c(c1)occc1-c(c(c2)NCCC)cc(c23)ncc(C#N)c3NCCO,-4.886,27,-0.18096296296296296
CN(C)c1cc(cc[nH+]1)-c(c2)c(-c3cccc(O)c3)cc(c24)n(C)c(n4)N5CCOCC5,-4.885,32,-0.15265625
Nc(c1)cccc1[C@H](C)Nc(ncn2)c(c23)cc(S(=O)(=O)C(C)(C)C)c(c3)-c4ccccc4CO,-4.885,35,-0.13957142857142857
Cc1cccc(c1)[C@H](C)Nc(ncn2)c(c23)cc(S(=O)(=O)C(C)(C)C)c(c3)-c4ccc(cc4)C(=O)N(C)C,-4.885,38,-0.12855263157894736
C1CCC[NH+]1[C@H](C)CNc(nc2)nc(c23)nc(-c4ccccn4)c(c3)-c5ccc(F)cc5,-4.885,32,-0.15265625
CCn1cc(C)c(c1)-c(c2)c(OC)cc(c23)c(c(cn3)C#N)NCCN4CCCC4,-4.884,30,-0.1628
Cc1cccc(c1)[C@H](C)Nc(nc2)nc(c23)nc(-c4cnn(C)c4)c(c3)-c5cncn5C,-4.884,32,-0.152625
Cc1ccc(cc1)-c(cc2)nc(c23)c(N[C@H](C)CO)nc(n3)N[C@H](C)c4cccc(C(F)(F)F)c4,-4.884,35,-0.13954285714285716
NCc(c1)cccc1[C@H](C)Nc(nc2NCC[NH+](C)C)[nH+]c(c23)ccc(n3)-c4ccc(F)cc4,-4.883,34,-0.14361764705882352
Cn1ccc(n1)-c(cc2)cc(c23)nc(c4c3cncn4)NC(=O)C#Cc5ccccc5,-4.883,31,-0.15751612903225806
COc1ccc(Br)cc1-c(cc(n2)-c3ccncc3)n(c24)nc(c4C(=O)N)NC(C)(C)c5cccc(C)c5,-4.883,38,-0.1285
n1cccnc1-c(c(c2)NC)cc(c23)ncc(C#N)c3NC(C)C,-4.883,24,-0.20345833333333332
Brc1cnccc1-c(n2)cc(nc2C)Nc3ncc(s3)-c4ccccn4,-4.882,26,-0.18776923076923074
Cc1ccsc1-c(cc2)nc(c23)c(NCCCO)nc(n3)N[C@H](C)c4cccc(C)c4C,-4.882,32,-0.1525625
COc1cccc(c1)-c(nc2NC(C)C)nc(n23)c(cn3)-c4cccc(C)c4,-4.881,28,-0.17432142857142857
c1ccccc1[C@H](C)Nc(n/c2=[NH+]\CC[NH+](C)C)[nH]c(c23)ccc(n3)-c4cnc(N(C)C)nc4,-4.881,34,-0.14355882352941177
Nc1ccc[nH+]c1/[NH+]=c2\nc(NCC)[nH]c(c23)ccc(n3)-c4cccc(c4)OC,-4.88,29,-0.16827586206896553
Nc1cccc(c1)C(=O)Nc2ncc(-c3ncccc3O)c(n2)-c4ccncc4,-4.88,29,-0.16827586206896553
COc1cccc(c1)-c(c2)nc(N)c(c23)cnc4c3cc(OC)c(c4)-c5ccc(=O)n(n5)C,-4.88,33,-0.1478787878787879
O=c1cc(cc[nH]1)-c(cc2)cc(c23)c(-c4cccnc4)nc(n3)-c5ccccc5,-4.88,29,-0.16827586206896553
Cc1ccc(cc1)CNc2[nH+]cc(-c3ccnn3C)c(n2)N[C@H](C)c4ccc(C)cc4,-4.879,31,-0.15738709677419355
Cc1cccc(c1)-c2cnc(NCCO)[nH+]c2NCc3ccccc3C,-4.879,26,-0.18765384615384614
c1cnccc1-c(c2)cc(-c3cc(Br)nn3CC)c(c24)nc(nc4)NC(=O)N[C@H](C)c5cccc(C(F)(F)F)c5,-4.879,40,-0.12197499999999999
CNC(=O)Nc1nc(C)cc(n1)-c2ccc(C(F)(F)F)cc2,-4.879,22,-0.22177272727272726
CN(C)C(=O)c(c1)cccc1-c(c2)cc(-c(cn3)ccc3C)c(c24)c(ncn4)N[C@H](C)c5cc(N)cc(c5)[C@H](C)O,-4.879,41,-0.119
COc(c1)cccc1-c(cnc2NC)c(n2)NC(=O)c3ccc(Cl)c(c3)OC,-4.879,28,-0.17425
o1ncnc1-c2nc(-c(cc3NC)ccc3C)nc(c24)ccc(c4)N(CO5)c(c56)cccc6,-4.878,33,-0.14781818181818182
Cn1ccc(c1)-c(cc2)cc(c23)c(-c4ccccc4O)nc(n3)-c5ccn(C)c(=O)c5,-4.878,31,-0.15735483870967742
COc1cccc(c1)-c(cc2)nc(c23)c(Nc4ccnnc4)nc([nH+]3)N[C@@H]5CCC[C@H](O)[C@@H]5O,-4.878,34,-0.14347058823529413
Oc1ccccc1-c(n2)cc(nc2C)Nc3ncc(s3)-c4ccc(cc4)[S@@](=O)CO,-4.877,30,-0.16256666666666666
C[C@@H]1CCC[N@H+]1CCNc(nc2)nc(c23)nc(-c4cccnc4)c(c3)-c5cccc(c5)/C(=N/[H])c6ccccc6,-4.877,39,-0.12505128205128205
CCC(=O)Nc(c1)c(-c2cnoc2)cc(c13)ncc(C#N)c3NC(=O)C,-4.877,26,-0.18757692307692306
CN(C)C(=O)c(n1)cccc1-c(c(c2)OC)cc(c23)ncc4c3cc(nc4N)-c5ccsc5,-4.877,33,-0.14778787878787877
CCn1cc(cn1)-c(cc2)cc(c23)ncnc3NC(=O)Nc4ccc(C)c(C)c4,-4.876,29,-0.16813793103448277
Clc1ccccc1-c(c(c2)-c(cn3)cn3C)nc(c24)nc(nc4)NCC(=O)N,-4.876,28,-0.17414285714285715
CC(=O)Nc1cccc(c1)-c2nc(Nc3ccco3)ncc2-c4ccc(CO)cc4,-4.875,30,-0.1625
Cc1ccccc1-c(cc2)cc(c23)c(nc(n3)-c4ccccc4)-c5cccc(c5)C(=O)C(=O)N,-4.875,34,-0.14338235294117646
C[NH+](C)CCNc([nH+]1)nc(NCC)c(c12)nc(cc2)-c3c(C)noc3C,-4.874,26,-0.18746153846153846
Cc1cccc(c1)-c(cc2)cc(c23)c(-c4ccc(O)c(C(F)(F)F)c4)nc(n3)-c5nccn5Cc6ccccc6,-4.873,40,-0.121825
CCOCNc1ncc(-c2cccnc2)c([nH+]1)NCc3ccc(OC)cc3,-4.873,27,-0.1804814814814815
CC(C)Nc(ncn1)c(c12)ccc(c2)-c3cccc(C(F)(F)F)c3,-4.873,24,-0.20304166666666668
NC(=O)CNc1ncc(-c2ccc(F)cc2)c(n1)-c3cccnc3,-4.872,24,-0.20299999999999999
CCOc(c1)cc(N)cc1-c(c(c2)CCC)cc(c23)ncnc3NCc4cccc(C)c4,-4.872,32,-0.15225
C1CCCCCN1C(=O)CNc(nc2NCCO)[nH+]c(c23)ccc(n3)-c4ccccc4F,-4.872,32,-0.15225
C1COCCN1c(n2)n(C)c(c23)cc(-c4cccc(c4)C(=O)N)c(c3)-c5ccccc5C[NH3+],-4.871,33,-0.14760606060606063
Cc1c(N)cc([NH3+])cc1[C@H](C)Nc(n2)c(nc(nc3)NC4CC4)c3c(c25)ccc(c5)-c6ccccc6,-4.871,36,-0.13530555555555557
[NH3+]CCc1ccccc1-c(c(c2)NC)cc(c23)ncc(C#N)c3NC[C@H](O)c4ccccc4,-4.871,33,-0.14760606060606063
Nc(c1)cccc1[C@H](C)Nc(ncn2)c(c23)cc(S(=O)(=O)C(C)(C)C)c(c3)-c4ccncc4,-4.871,33,-0.14760606060606063
COc1ccc(cc1O)-c(cc2)cc(c23)c(-c4ccc(cc4)CNC(=O)[O-])nc(n3)-c5ccncc5F,-4.871,37,-0.13164864864864867
CCn1ccc(n1)-c(cn2)c(n23)nc(-c4ccccc4F)cc3NCCC[NH+](C)C,-4.871,30,-0.1623666666666667
[NH3+]CCNc(ncn1)c(c12)c(-c3ccccn3)c(o2)-c4ccc(cc4)OC(F)(F)CO,-4.87,31,-0.1570967741935484
FC(F)(F)c(cc1)ccc1[C@@H](C)Nc2nc(NCC)nc(c23)ccc(n3)-c4ccccc4,-4.87,32,-0.1521875
CC(C)(C)Nc1nocc1-c(nc2N[C@H](C)C[NH3+])ncc2-c3ccncc3,-4.869,27,-0.18033333333333332
C[NH+](C)[C@@H](C)CNc1cc(-c(c2)cccc2C)nc(n13)c(cn3)-c4ccccc4,-4.868,29,-0.16786206896551725
COc1cccc(c1)-c(n2)c(-c3cccn(C)c3=O)cc(c24)cnc(n4)NCc5ccc(C)cc5,-4.868,35,-0.13908571428571428
O=c(c1)occc1-c(n2)nc(-c3ccncc3C)c(c24)cc(cc4)-c5ccccc5F,-4.868,31,-0.15703225806451615
Cc1cc(F)ccc1-c(n2)cc(NCC[NH2+]C)n(c23)ncc3-c(c4)cn(c45)cccc5,-4.867,31,-0.157
COc1cc(O)cc(c1)-c2cnc(NCC[NH+](C)C)[nH+]c2NCc3ccccc3,-4.867,29,-0.16782758620689656
Cn1ncc(n1)-c2ncc(-c3cccc(F)c3F)c(n2)NCCC[NH+]4CCCCC4,-4.867,30,-0.16223333333333334
COc1ccc(cc1OC)-c2cnc(s2)Nc3cc(nc(n3)C)-c4cncnc4C,-4.867,30,-0.16223333333333334
Cc1cccc(c1)CNc(ncn2)c(c23)cc(-c4ccc(Cl)cn4)c(c3)-c5cc/c([nH]c5)=N\S(=O)(=O)N(C)C,-4.866,39,-0.12476923076923076
CC(C)Nc(ncn1)c(c12)ccc(c2)-c3ccccc3F,-4.866,21,-0.2317142857142857
FC(F)(F)c(c1)cc(N)cc1[C@@H](C)Nc2nc(N[C@@H](C)c(c3)cccc3C)nc(c24)ccc(n4)-c5cncc(c5)C[NH+](C)C,-4.866,44,-0.11059090909090909
Cc1onc(C)c1-c(cc2)nc(c23)c(NCC)nc(n3)N[C@H](C)c4cccc(C(F)(F)F)c4,-4.866,33,-0.14745454545454545
O=C1NCCC[C@H]1Nc2nc(NCC)[nH+]c(c23)ccc(n3)-c4ccccc4,-4.866,27,-0.1802222222222222
CN(C1)CC[C@H]1Nc2ncnc(c23)cc(c(c3)-c(cc4)ccc4OC)-c5cccc(c5)C(=O)OC(=O)N6CCCCC6,-4.866,42,-0.11585714285714285
COc1ccc(cc1)CNc2nc(NC(C)(C)C)ncc2-c(cs3)c(c34)CCC4,-4.865,29,-0.1677586206896552
c1ncccc1-c2nc(-c(cc3)ccc3C)nc(c24)ccc(c4)-c5ccccc5C,-4.865,30,-0.16216666666666668
CCn1cc(n(C)c1=O)-c(cn2)c(n23)nc(-c4cccnc4)cc3Nc5cc[nH+]c(c5)[C@@H]6CCCC[C@@H]6[NH3+],-4.865,38,-0.12802631578947368
CCCCNc1nc(-c2ccnc(n2)C)ncc1-c3cccc(c3)OC,-4.864,26,-0.18707692307692309
Cc1ccccc1[C@H](C)Nc(nc2)nc(c23)c(-c4cccc(=O)n4C)cc(c3)[C@@H]5CCN(C5)c6cccc[nH+]6,-4.864,39,-0.12471794871794871
CN(C)Cc1nocc1-c(cnc2NC)c(n2)NCc3ccc(C)cc3,-4.864,26,-0.18707692307692309
CC(C)c(cc1)ccc1[C@@H](C)Nc2cc(-c(cc3)ccc3C)nc(n24)c(cn4)-c5ccn(c5)C(=O)C[NH+](C)C,-4.864,39,-0.12471794871794871
Cc1ccc(c(C)c1)[C@H](C)Nc(n2)c(nc(nc3)NC4CC4)c3c(c25)ccc(c5)-c6cccn(c6=O)C[C@@](C)(O)[NH+](C)C,-4.864,43,-0.11311627906976744
Brc1ccccc1-c(c(c2)CC[NH3+])cc(c23)nc(o3)N4CCOCC4,-4.863,25,-0.19452000000000003
CN(C)CC(=O)Nc(n1)nc(cc1C)-c2cccnc2C,-4.863,21,-0.2315714285714286
c1ccccc1[C@H](C)Nc(c2)c(-c3ccnn3C)cc(c24)ncc(C#N)c4NCCO,-4.863,31,-0.15687096774193549
Cc1ccc(cc1)C(=O)Nc(c2)c(-c3cccnn3)cc(c24)ncc(C#N)c4NCCO,-4.863,32,-0.15196875
COc1ccc(cc1)NC(=O)CN(C)c(c2)c(-c3nccn3C)cc(c24)[nH+]cnc4N[C@H](C)c5cccc(C)c5,-4.863,40,-0.12157500000000002
FC(F)(F)c(c1)cccc1[C@H](C)Nc(c2)c(-c3ccncc3)cc(c24)[nH+]cc(C#N)c4NCCO,-4.863,35,-0.13894285714285715
NC(=O)CNc1ncc(-c2ncccc2Cl)c(n1)-c3ccccc3,-4.863,24,-0.20262500000000003
CC[C@H](C)Nc(nc[nH+]1)c(c12)cc(c(c2)OC)-c3cccc(F)c3,-4.863,24,-0.20262500000000003
OCCNc(nc1)nc(c12)c(-c(o3)ccc3C)cc(c2)-c4cccnc4C(=O)Nc5cccnc5,-4.86,35,-0.13885714285714287
CC(C)n1nccc1-c(c(c2)OC)cc(c23)ncc(C#N)c3N[C@H](C)c4ccc(C)c(c4)C[NH+](C)C,-4.86,36,-0.135
FC(F)(F)c(c1)cccc1CN2CC[C@H](CC2=O)Nc3ncc(C4CCCCC4)c(n3)NCc5ccccc5,-4.859,39,-0.12458974358974359
c1ccccc1-c(n2)cc(NC(=O)CNC)n(c23)ncc3-c4cccnc4,-4.859,27,-0.17996296296296296
O=C([O-])c1cccc(c1)-c2ncc(c(n2)NCCO)-c3cccnc3,-4.858,25,-0.19432
c1cc(Br)ccc1-c2cc(-c(cc3)ccc3CC(=O)N)cc(c24)cnc(n4)N[C@@H]5CCOC5,-4.857,33,-0.1471818181818182
CCNc(n1)c(C(=O)N)c(n12)nc(-c3ccc(Cl)c(F)c3)cc2-c4ccoc4,-4.857,28,-0.1734642857142857
Cc1ccc(cc1)-c(cc2)cc(c23)nc(N[C@H]([NH3+])Cc4ccccc4)c5c3cnc(n5)NC6CC6,-4.857,35,-0.13877142857142857
CC(C)Nc1nc(-c2nccs2)ncc1-c3cccc(C#N)c3,-4.856,23,-0.21113043478260868
COc1ccc(cn1)-c(c2)nc(N)c(c23)cnc4c3cc(OC)c(c4)-c5ccn(n5)CC(=O)N,-4.856,34,-0.1428235294117647
Cc1cccc(c1)OC[C@H](C)Nc(ncn2)c(c23)c(-c4ccccc4F)c(o3)-c5cccc(n5)NC=O,-4.856,37,-0.13124324324324324
CCNc(nc1)nc(c12)n(CCOC)c(=O)c(c2C)-c3cccnc3,-4.855,25,-0.1942
CNc(n1)c(C(=O)N)c(n12)nc(-c3ccc(C(F)(F)F)cc3)cc2-c4cccnc4,-4.855,30,-0.16183333333333336
Cc(s1)cnc1-c(nc2NC)ncc2-c3ccncc3,-4.855,20,-0.24275000000000002
OCc(cc1)ccc1-c(c(o2)C)c(c23)c(ncn3)NCC(=O)N4CC[C@@H]4c([nH+]5)n(C)c(c56)cccc6,-4.854,36,-0.13483333333333333
C[C@@H]1CCN(CO1)CCNc2nc(-c3ccccc3F)ncc2-c4ccncc4,-4.854,29,-0.1673793103448276
CC[N@H+]1CC[C@@H](CC1)[C@H](C)Nc(ncn2)c(c23)cc(c(c3)-c4ccccc4)-c5ccccc5C[NH+](C)C,-4.854,37,-0.1311891891891892
O=C(C1)NC[C@H]1N(C)Cc2cccc(c2)-c(c3)c(CCc4ccccc4)cc(c35)[nH+]cnc5N[C@@H]6CCCN(C6)c7ccc(C(F)(F)F)cc7,-4.853,50,-0.09706
COc1ccc(O)cc1-c(c2)c(-c3ccc(O)cc3)nc(c24)nc(nc4)N[C@H](CO)c5cc(N)ccc5C(F)(F)F,-4.852,41,-0.11834146341463415
c1ccccc1-c(c(n2)-c(cn3)cn3C)cc(c24)cnc(n4)NCC[NH+]5CCCCCC5,-4.852,32,-0.151625
Cc1ccc(cc1)-c(n2)c(-c3ccccc3)cc(c24)cnc(n4)N[C@@H]5CCC[NH2+]C5,-4.852,30,-0.16173333333333334
COc1ccnc(c1)-c2cc(C)nc(n2)N[C@H](C)c3cc[nH+]c(c3)N(C4)CCCC4(F)F,-4.852,32,-0.151625
COc1ccc(cc1)NC(=O)Nc(ncn2)c(c23)cc(N)c(c3)OC,-4.851,25,-0.19404
COc1ccc(cc1OC)-c(c2)c(-c3cccn3C)nc(c24)nc(nc4)N[C@@H]5CC[N@@H+](C)CC5,-4.85,34,-0.1426470588235294
CCNc1ncc(-c2cccc(F)c2)c([nH+]1)NCc3ccccc3C(F)(F)F,-4.85,28,-0.1732142857142857
COc1ccc(cc1)-c(cn2)c(n23)nc(-c4ccccc4F)nc3N[C@@H]5CCNC5,-4.85,30,-0.16166666666666665
O=c(o1)cccc1-c(n2)cc(nc2C)Nc3ncc(s3)-c4ccc(F)c(F)c4,-4.85,28,-0.1732142857142857
c1ccccc1-c2cc(-c(cc3=O)ccn3C)nc(n24)c(C(=O)N)c(n4)NCc5ccc([NH3+])cc5,-4.849,35,-0.13854285714285716
Nc(c1)cccc1[C@H](C)Nc(ncn2)c(c23)cc(S(=O)(=O)C(C)(C)C)c(c3)-c4ccnc(c4)C(=O)N(C)C,-4.849,38,-0.12760526315789475
c1ccccc1-c2cnc(-c3ccncc3)nc2N[C@@H]4CCC[NH2+]4,-4.848,24,-0.20199999999999999
Cn1c[nH+]cc1-c(c2)c(cc(c23)c(c(C#N)cn3)NCC)NCC[N@@H+](C)c4ccc(C)cc4,-4.847,33,-0.1468787878787879
Cc1nnc(o1)-c2ncc(-c3cccc(C(F)(F)F)c3)c(n2)NC[C@@]4(C)CC[N@H+](C)C4,-4.847,31,-0.15635483870967742
NC(=O)C(C)(C)c1ccncc1-c(nc2-c3ccco3)nc(c24)ccc(c4)-c5ccncc5,-4.847,33,-0.1468787878787879
FC(F)(F)c(c1)cccc1-c(n2)nc(NCC)n(c23)ncc3-c4cncc(c4)C(=O)N,-4.847,31,-0.15635483870967742
FC(F)c1ccc(cc1N)C(F)(F)Nc(ncn2)c(c23)c(-c4cnccn4)cc(c3)Cc5ccc(cc5)N6CCOCC6=O,-4.846,44,-0.11013636363636364
C[NH2+][C@H](C)CNc(ncn1)c(c12)c(-c3ccccc3)cc(c2)-c4cccc(F)c4,-4.846,29,-0.16710344827586207
c1cc(Cl)ccc1-c(c[nH+]c2NC)c(n2)NCc3ccc(OC)cc3,-4.846,25,-0.19384
s1cccc1-c(n2)nc([N-]C(=O)C[NH3+])n(c23)ncc3-c4ccccc4Cl,-4.846,26,-0.1863846153846154
C1OCC1(O)c(c2)cccc2[C@H](C)Nc(n3)c(ncnc4)c4c(c35)ccc(c5)-c6c[nH+]cc(N)c6,-4.846,35,-0.13845714285714286
FC(F)(F)c(c1)cccc1NC(=O)CNc2ncc(-c3ncccc3[O-])c(n2)-n4ccnc4,-4.845,33,-0.14681818181818182
COc1cccc(c1)NC(=O)Nc2ncc(-c3ccccn3)c(n2)-c4ccccc4OC,-4.845,32,-0.15140625
C=CCNc(ncn1)c(c12)c(-c3ccncn3)cc(c2)-c4cccc(c4)C(=O)N,-4.845,29,-0.16706896551724137
CNc([nH+]1)nc(NCC)c(c12)nc(cc2)-c3ccn(n3)C,-4.844,21,-0.2306666666666667
Cc1cccc(c1)-c2ncc(-c3cccc(N)c3)c(n2)NCc4cccc(c4)[NH+]5CCCCC5,-4.844,34,-0.14247058823529413
C1OCC[C@H]1Nc(nc2)nc(c23)c(-c(cc4)ccc4OC)cc(c3)-c5ccccc5F,-4.844,31,-0.15625806451612903
Cc1cccc(c1)[C@H](C)Nc(c2)c(-c3cccc(=O)nc3)cc(c24)ncc(C#N)c4NC(C)C,-4.843,34,-0.14244117647058824
CCc1ccc(cc1)NC(=O)Nc(nc(n2)NC)c(c23)nc(cc3)-c4ccc(F)cc4F,-4.843,32,-0.15134375
Cc1cc([C@H](C)N)cc(c1)[C@H](C)c(nc(c23)n(cn3)C)nc2NCCc4ccccc4C,-4.843,32,-0.15134375
C[NH+](C)Cc1cccc(c1)CNc(n2)c(nc(nc3)NC4CC4)c3c(c25)ccc(c5)-c6ccn(c6)CC(=O)N(C)C,-4.842,41,-0.11809756097560975
Cc1cccc(c1)-c(nc2NC(C)C)nc(n23)c(cn3)-c4ccc(F)cc4,-4.842,27,-0.17933333333333332
O=C([O-])C(=O)Nc1ccccc1-c(c(c2)S(=O)(=O)C(C)(C)C)cc(c23)ncnc3NC[C@H](O)c4ccccc4,-4.842,39,-0.12415384615384614
Cc1ccc(cc1)CNc2[nH+]cc(-c3cccc(C)c3)c(n2)N[C@H](C)c4ccc(C(C)C)cc4C(=O)N,-4.841,37,-0.13083783783783784
c1ccccc1[C@H](C)Nc(ncn2)c(c23)cc(-c4ccn(C)c(=O)c4)c(c3)-c5cc(C(=O)N(C)C)nn5C,-4.841,38,-0.12739473684210526
Cc1cccc(c1)CNc(nc2N[C@H](C)CO)nc(c23)ccc(n3)-c4cccnc4,-4.841,30,-0.16136666666666669
COc1cccc(c1)-c(c2)nc(N)c(c23)cnc4c3cc(OC)c(c4)-c5ccccc5NC(=O)C[NH+](C)C,-4.841,38,-0.12739473684210526
Cc1cccc(c1)-c2cnc(s2)Nc3cc(nc(n3)C)-c4ccn(c4)CC(=O)N,-4.84,29,-0.16689655172413792
Cc1c(F)cccc1-c(c(c2)OC)cc(c23)ncc(C#N)c3NCC[NH+](C)C,-4.84,28,-0.17285714285714285
Cc1ccccc1-c(cc2C)nc(n2)NCCN3CC[NH+](CC3)CCn4ccnc4,-4.84,30,-0.16133333333333333
CCCn1cc[nH+]c1-c(cc2)cc(c23)ncnc3NC,-4.84,20,-0.242
NC(=O)CNc(n1)ncc(c12)c(C)c(c(=O)n2C)-c3cncc(=O)n3C,-4.84,26,-0.18615384615384614
Cc1cc(N)cc(c1)[C@H](C)Nc(nc2)nc(c23)c(-c4cccc(=O)nc4)cc(c3)-c5ccc(nc5)CN(C)C,-4.84,39,-0.1241025641025641
C[N@H+]1CC[C@@H](CC1)Nc(nc2)nc(c23)nc(-c4cccn4C)c(c3)-c5[nH+]ccn5C,-4.84,30,-0.16133333333333333
NC(=O)c1ccccc1-c(c(c2)OC)cc(c23)ncc4c3cc(nc4N)-c5cnn(C)c5C,-4.839,33,-0.14663636363636365
Cc1ccc(cc1)-c2cnc(-c3cccc(c3)C(=O)N)nc2NC(=O)Nc4ccccc4C,-4.838,33,-0.1466060606060606
COc1cccc(c1)-c(nc2NCC[NH3+])nc(n23)c(cn3)-c4ccccc4[C@H](C)O,-4.838,30,-0.16126666666666667
CCn1c[nH+]c(c1)-c(cc2)cc(c23)nc(N[C@H](C)c4ccc(N)cc4)c5c3cnc(n5)NC6CC6,-4.838,35,-0.13822857142857142
C1CCCN1[C@H](C)CNc(nc2)nc(c23)nc(-c4ccc(C(=O)N)cc4)c(c3)-c5ccncc5,-4.838,34,-0.14229411764705882
CC(C)c1ccc(cc1)-c2cnc(nc2-c3ccncc3)N[C@H](C)c4ccc(cc4)CN(C)C,-4.838,34,-0.14229411764705882
Fc(c1)cccc1-c(nc(c23)n(C)cn2)nc3N[C@@H]4CCC[N@@H+](C4)CC[NH3+],-4.838,27,-0.1791851851851852
CC(F)(F)c(c1)cccc1[C@H](C)Nc(ncn2)c(c23)cc(c(c3)Cc4ccccc4)-c5cccn5CC(=O)NC(=O)C(C)(C)O,-4.837,45,-0.10748888888888888
COc1cccc(c1)-c(cc2)nc(c23)c(N[C@H](C)c4ccc(C(F)(F)F)cc4)nc([nH+]3)N[C@@H]5CC[N@@H+](C)CC5,-4.837,39,-0.12402564102564102
Clc1ccccc1-c(n2)cc(nc2C)Nc3ncc(s3)-c4sc(C)nc4C,-4.837,27,-0.17914814814814814
COc1cccc(c1)-c2cnc(-c3ccccn3)nc2NCc4cccc(c4)[NH+]5CCCCC5,-4.837,34,-0.14226470588235293
Cn(n1)ccc1-c(c(c2)OC)cc(c23)c(ncn3)N[C@H](C)c4ccc([NH3+])cc4[C@H](C)O,-4.836,31,-0.156
OCCNc(nc1)nc(c12)n(-c(cc3)ccc3C)c(=O)c(c2C)-c4ccncc4,-4.836,29,-0.1667586206896552
s1cccc1Oc(c(c2)OC)cc(c23)c(nc[nH+]3)N[C@H](C)[C@H](O)c4cccc(C)c4,-4.835,30,-0.16116666666666665
COc1ccc(cc1)-c2cnc(s2)Nc3cc(nc(n3)C)-c4cccc(c4)C(=O)N,-4.835,30,-0.16116666666666665
Cc1ccc(o1)Nc(c2)c(-c3ccc(=O)n(C)c3)cc(c24)ncc(C#N)c4NC(C)C,-4.835,31,-0.15596774193548388
COc1cccc(c1)-c(cc2)nc(c23)c(Nc4ccccc4)nc(n3)N[C@H](C)c5cccc(C)c5,-4.834,35,-0.13811428571428572
n1oc(N)cc1-c(n2)nc(-c(cs3)cc3C)c(c24)cc(cc4)-c5cccnc5,-4.833,28,-0.17260714285714288
Cc1ccc(c(C)c1)NC(=O)CNc(nc2)nc(c23)nc(-c4ccn(n4)C)c(c3)-c5cnc(C)cn5,-4.831,36,-0.13419444444444445
Cc1ccc(cc1)CN(C)CCNc(n2)c(C(=O)N)c(n23)nc(-c4cnn(C)c4)cc3-c5ccccc5,-4.831,37,-0.13056756756756757
c1cc(=O)c(OC)ccc1-c(c2)c(cc(c23)c(c(C#N)cn3)NCC)NCCN(C)c4ccc(C)cc4,-4.831,37,-0.13056756756756757
Cc(c1)cccc1[C@@H](C)Nc2nc(N[C@@H](C)c(c3)cccc3C)nc(c24)ccc(n4)-c5ccc(C)nc5,-4.831,37,-0.13056756756756757
FC(F)(F)c(c1)cccc1[C@H](C)NC(=O)Nc(nc2)nc(c23)c(-c4ccc(nc4)C(=O)N(C)C)cc(c3)-c5ccn(C)c(=O)c5,-4.83,45,-0.10733333333333334
FC(F)(F)c(c1)cc(cc1C)N[C@H](C)Nc2ncc(-c3cncc(F)c3)c(n2)NCc4ccccc4C,-4.83,37,-0.13054054054054054
Cc1cccc(c1)Nc(c2)c(-c3ccc(=O)n(C)c3)cc(c24)ncc(C#N)c4Nc5cccc(c5)C(=O)N(C)C,-4.829,40,-0.120725
Cc1ccc(cc1)[C@H](C)Nc(ncn2)c(c23)cc(S(=O)(=O)C(C)(C)C)c(c3)-c4cccnc4,-4.829,33,-0.14633333333333332
Cc1ccccc1[C@H](C)Nc(nc2)nc(c23)n(-c4csc(c4)[C@H](C)N(C)C)c(=O)c(c3C)-c5ccccc5F,-4.829,39,-0.12382051282051282
C1NCC[C@H]1Nc2nc(-c(c3)cccc3C)nc(n24)c(cn4)-c5cccc(F)c5,-4.828,29,-0.16648275862068967
Cn1c(=O)cncc1-c(c2C)c(=O)n(CC)c(c23)nc(nc3)N[C@H](C)c4ccccc4CN,-4.828,33,-0.14630303030303032
c1cc(Cl)ccc1-c(n2)ccc(c23)nc(NC)nc3NCCOc4cccc(F)c4,-4.828,30,-0.16093333333333334
CNc1ncc(c(n1)NC)-c2ccc(C(=O)N)cc2,-4.827,19,-0.25405263157894736
CCNc(ncn1)c(c12)cc(c(c2)-c3cnn(C)c3)-c4ccn(c4)CC(=O)NC(=O)C,-4.827,31,-0.15570967741935485
c1ccccc1-c(n2)nc(-c3c(C)onc3C)c(c24)cc(cc4)-c5cccnc5,-4.827,29,-0.16644827586206895
n1ccncc1-c(c(c2)OC)cc(c23)ncc4c3cc(nc4N)-c5ccccc5,-4.827,29,-0.16644827586206895
[NH3+]Cc(c1)cccc1[C@H](C)Nc(ncn2)c(c23)cc(S(=O)(=O)C(C)(C)C)c(c3)-c4ncco4,-4.827,33,-0.14627272727272728
Cn(c1)ccc1-c(cc2)cc(c23)c(-c(n4CC)cnc4C)nc(n3)-c5cccnc5,-4.826,30,-0.16086666666666666
CCn1cc(cn1)-c(cc2)cc(c23)ncnc3NCC[NH+](C)C,-4.826,23,-0.20982608695652172
CCNc(ncn1)c(c12)cc(S(=O)(=O)C(C)(C)C)c(c2)-c3ccsc3,-4.826,25,-0.19304
Cc1ccccc1-c(cc2)cc(c23)c(-c4ccccn4)nc(n3)-c5ccc(O)cc5,-4.825,30,-0.16083333333333333
OC(F)(F)c(c1)cccc1[C@@H](C)Nc(cc(c23)c(c(C#N)cn2)NCC)c(c3)-c4cccc(c4)C[NH+]5CCCC5,-4.825,40,-0.12062500000000001
CN(C)C(=O)c(n1)cccc1-c(c(c2)OC)cc(c23)ncc4c3cc(nc4N)-c5ocnc5C,-4.824,34,-0.14188235294117646
OC[C@@H](C)Nc(c(C#N)cn1)c(c12)cc(NC3CCCC3)c(c2)-c4ccccc4,-4.823,29,-0.16631034482758622
Cc1cccc(c1)[C@H](C)Nc(ncn2)c(c23)cc(S(=O)(=O)C(C)(C)C)c(c3)-c4ccnn4C,-4.823,33,-0.14615151515151517
Cc1ccccc1N2CC[C@@H](C2)c(cc3-c4cccn(C)c4=O)cc(c35)ncnc5NC(F)(F)c6ccc(C(F)F)c(N)c6,-4.823,44,-0.10961363636363637
c1cc(N)ccc1[C@H](C)Nc(ncn2)c(c23)c(-c4cccc(c4)CO)c(o3)-c5cccc(c5)N(C)C,-4.823,36,-0.13397222222222224
C1CCC1(O)CNC(=O)CNc(nc2)nc(c23)nc(-c4ccc(F)cc4F)c(c3)-c5cccc(O)c5,-4.823,36,-0.13397222222222224
c1cc(C)ccc1[C@@H](C)Nc2nc(NCC)[nH+]c(c23)ccc(n3)[C@H](CCO)N4CCCC4,-4.822,32,-0.1506875
COc1ccc(cc1)CNc2[nH+]c(NC(C)(C)C)ncc2-c(cs3)c(c34)CCC4,-4.822,29,-0.16627586206896552
c1ccccc1-c(nc(C)c2)c(c23)nc(nc3)NC[C@@H]4CCCN4,-4.822,24,-0.20091666666666666
FC(F)(F)c(c1)cccc1-c(nc2NCC)ncc2-c3ccc(cc3)[C@H](C)NC(=O)N,-4.821,31,-0.15551612903225806
CC(C)c(c1)cccc1[C@@H](C)Nc(c(c23)nc(cc2)-c(cc4)ccc4C)nc([nH+]3)NCC[NH+]5CCCCC5,-4.821,38,-0.12686842105263157
OC[C@@H](C)Cc(cn1)c(n12)nc(-c3ccc(F)o3)nc2NC(C)(C)c4cccc(O)c4,-4.821,31,-0.15551612903225806
CC[C@H](C)n1ccnc1-c2c[nH+]c(N[C@H](C)c3cccc(C)c3)nc2NCc4ccc(OC)cc4,-4.821,35,-0.13774285714285714
c1ncccc1-c(cn2)c(n23)nc(-c(cc4)ccc4F)nc3NC[C@@H]5CCCO5,-4.821,29,-0.16624137931034483
OCc1ccccc1[C@H](C)Nc(ncn2)c(c23)cc(S(=O)(=O)C(C)(C)C)c(c3)-c4cccnc4,-4.821,34,-0.14179411764705882
COc1ccccc1-c(c2)c(-c3cccc(c3)[C@H](O)CO)cc(c24)ncnc4NC(C)C,-4.82,32,-0.150625
CN(C)C(=O)Cn(c1)ncc1-c(o2)c(-c(cc3OC)ccc3OC)c(c24)c(ncn4)N[C@H](C)c5ccc(C)cc5,-4.82,40,-0.12050000000000001
CC(C)[C@@H](C)N(CC1)c(c12)cc(cc2)[C@H](C)Nc(ncn3)c(c34)c(-c5cnn(C)c5)cc(c4)-c6c(F)cccc6F,-4.82,41,-0.1175609756097561
Fc1ccccc1-c(cc2)nc(c23)c([N-]C(F)(F)C)nc(n3)NCC[NH2+]C4CCCCC4,-4.819,32,-0.15059375
COc1cccc(c1)[C@H](C)Nc(nc2)nc(c23)n(-c4cncc(c4)C[NH+](C)C)c(=O)c(c3C)-c5ccc(cc5)NC(=O)[C@H](C)N(C)C,-4.819,47,-0.10253191489361702
NC(=O)CNc(ncn1)c(c12)c(-c3ccccc3)cc(c2)-c4cccc(c4)C(=O)N,-4.819,30,-0.16063333333333332
Cc1ccc(cc1)-c2cnc(s2)Nc3cc(nc(n3)C)-c4cnn(c4)CC(=O)N,-4.818,29,-0.16613793103448274
COc1ccccc1-c(c2)c(OC)cc(c23)c4c(cn3)c(N)nc(c4)-c5ccccc5C(=O)N,-4.818,34,-0.14170588235294115
Clc(c1)c(F)ccc1-c(nc2NCC)ncc2-c3ccc(OC)cc3,-4.818,25,-0.19271999999999997
C[NH+](C)c1cccc(c1)Cc(c2)c(-c3ccccc3)cc(c24)nc(n4C)N5CCOCC5,-4.817,32,-0.15053125
Cc1ccc(cc1)CNc2[nH+]cc(-c3c(C)noc3C)c(n2)N[C@H](C)c4ccc(C)cc4,-4.816,32,-0.1505
c1ccccc1-c(cc2)nc(c23)c(N[C@@H](C)c4cc(N)cc(C(F)(F)F)c4)nc([nH+]3)NCC5(C)OCCO5,-4.816,38,-0.12673684210526315
Cn1c(=O)cccc1-c(c(c2)NC(C)C)cc(c23)ncc(C#N)c3N[C@H](C)[C@H](O)c4cccc(C(F)(F)F)c4,-4.816,39,-0.12348717948717948
n1cnc(C)cc1-c(cnc2NC)c([nH+]2)NCc3ccc(OC)cc3,-4.816,25,-0.19264
Fc(c1)cccc1-c(n2)cc(nc2C)Nc3ncc(s3)C[C@H](O)C(=O)N[C@H](C)N(C)CCn4cc[nH+]c4C,-4.815,38,-0.1267105263157895
Cc(n1)occ1-c(cc2)cc(c23)c(-c(cc4)ccc4NC(=O)C)nc(n3)-c5ccncc5,-4.815,32,-0.15046875
c1ccccc1-c2cc(-c3ccnn3C)cc(c24)cnc(n4)N[C@@H]5CCOC5,-4.815,28,-0.17196428571428574
NC(=O)CN1CCC[C@@H](C1)Nc2ncc(-c3ccccn3)c(n2)-c4ccccc4Cl,-4.815,30,-0.1605
CC[C@H]([NH3+])CNc1ncc(-c2cccnc2)c(n1)-c3ccnn3C,-4.815,24,-0.20062500000000003
c1cc(Cl)ccc1-c(cc2C)nc(n2)NCC[NH+]3CCN(CC3)CCn4cc[nH+]c4,-4.814,30,-0.16046666666666667
Cc1ccccc1-c(nc2NCCC[NH3+])nc(n23)c(cn3)-c4ccncc4,-4.814,27,-0.17829629629629629
Cn1cc(cn1)Nc(c(C#N)cn2)c(c23)cc(NC[C@H](O)CO)c(c3)-c4ccc(=O)n(C)c4,-4.814,33,-0.14587878787878789
Cc1ccc(c(C)c1)[C@H](C)Nc(n2)c(nc(nc3)NC4CC4)c3c(c25)ccc(c5)-c6ccnn6C[C@H](C)O,-4.813,38,-0.1266578947368421
Cc1cccc(c1)CNc(nc2NCC(C)(C)CO)nc(c23)ccc(n3)-c4ccc(F)cc4,-4.813,33,-0.14584848484848484
OCCCNc1nc(NC[C@H](C)O)[nH+]c(c12)ccc(n2)-c3ccc(C(F)(F)F)cc3,-4.813,30,-0.16043333333333332
COc1ccc(cc1)-c2cc(C)nc(n2)NCC[NH+]3CCN(CC3)CCn4cc[nH+]c4,-4.813,31,-0.15525806451612903
Cc1ccc(cc1)CNC(=O)Nc(ncn2)c(c23)c(c(o3)-c4ccccn4)-c5ccccc5,-4.812,33,-0.14581818181818182
COc1cc(C)ccc1-c(c2)c(OC)cc(c23)c(c(cn3)C#N)NCC[NH+](C)C,-4.812,29,-0.16593103448275864
CCCNc1ncc(-c2cccnn2)c(n1)-c3ccccc3OC,-4.812,24,-0.2005
c1cc(C)ccc1-c(c[nH+]c2NC)c(n2)NCc3ccc(OC)cc3,-4.81,25,-0.1924
CC(=O)Nc(c1)cccc1-c(c(c23)c(ncn2)NC[C@@H](C)[NH2+]C)cc(c3)-c4ccccc4C,-4.81,33,-0.14575757575757575
[NH3+]Cc(cc1)ccc1-c(n2)nc(-c(n3)ccn3C)c(c24)cc(cc4)-c5ccccc5,-4.81,30,-0.16033333333333333
O1CCC[C@H]1CNc(cc(c23)c(=[NH+]/[O-])\c(C#N)c[n-]2)c(c3)-c4ccccc4,-4.809,27,-0.1781111111111111
Cc1ccc(cc1F)-c2cnc(-c3ccccn3)nc2N[C@H](C)C[NH3+],-4.809,25,-0.19236
Cc1c(F)cccc1-c(n2)cc(N[C@@H](C)[NH+](CC3)CCN3CC)n(c24)ncc4-c5cccc(c5)NC(=O)C,-4.809,38,-0.12655263157894736
Cc1nccc(n1)-c2cc(nc(n2)C)Nc3ncc(s3)-c4ccccc4,-4.809,26,-0.18496153846153846
c1ccccc1-c(n2)nc(-c(ccc3=O)cn3C(=O)C)c(c24)cc(cc4)-c5ccccc5,-4.808,32,-0.15025
C1COCC[NH+]1CCNC(=O)CNc(cc(n2)-c3ccccc3O)n(c24)ncc4-c(c5)cn(c56)cccc6,-4.808,38,-0.12652631578947368
Cn(c1)c(=O)ccc1-c(c(c2)OC)cc(c23)ncc(C#N)c3NC(C)C,-4.808,26,-0.1849230769230769
CC(=O)NC(=O)c1cc(ccn1)Nc2[nH+]cc(-c3cccnc3)c(n2)NCc4ccccc4,-4.807,33,-0.14566666666666667
COc1cccc(c1)[C@H](C)Nc(nc2)nc(c23)n(c(=O)c(c3C)-c4ccc(C(=O)N)cc4)-c5ccc(cc5)C(=O)OCN(C)C,-4.807,45,-0.10682222222222224
Nc(s1)ncc1-c(n2)cc(nc2C)Nc3ncc(s3)-c4ccc(cc4)[S@@](=O)CO,-4.807,29,-0.1657586206896552
CCc1cccc(c1)-c(cn2)c(n23)nc(cc3NC(=O)CNC)-c4cccc(c4)C(=O)N,-4.807,32,-0.15021875
C[NH+](C)CCNc(c1)c(-c2ccc(Cl)cc2)cc(c13)ncc(C#N)c3NCCO,-4.807,29,-0.1657586206896552
FC(F)(F)c(cc1)ccc1-c(cc2C)nc(n2)NCCN3CCOCC3,-4.807,26,-0.1848846153846154
Cn(c1)c(=O)ccc1-c(c(c2)NC(=O)C)cc(c23)ncc(C#N)c3Nc4cccc(c4)N(C)C,-4.806,34,-0.1413529411764706
NC(=O)Cn(cn1)cc1-c(c(c2)OC)cc(c23)ncc4c3cc(nc4N)-c5ccccc5O,-4.805,33,-0.1456060606060606
COc1ccc(cc1)-c(cn2)c(n23)nc(-c4cccnc4)cc3Nc5ccco5,-4.805,29,-0.1656896551724138
c1ccccc1CNc(nc2NCC)[nH+]cc2-c3cccnc3,-4.803,23,-0.20882608695652174
CC[C@H](C)Nc(nc1)nc(c12)nc(c(c2)-c3cnc(C)cn3)-c4cccn4C,-4.803,28,-0.1715357142857143
CN(C)C(=O)CN(CC1)CCC1c2cc([C@@H](C)c(cc3C)ccc3C)cc(c24)ncnc4NC(F)(F)c5ccc(C(F)F)c(N)c5,-4.803,46,-0.10441304347826087
C[NH+](C)CCNc(n1)ncc(c12)c(C)c(-c3ccncc3)c(=O)n2-c4cccc(c4)CC(=O)[O-],-4.803,34,-0.14126470588235293
Cn1c(C)ncc1-c2nc(-c(c3)cccc3C)nc(c24)ccc(c4)-c5cccnc5,-4.803,30,-0.1601
c1cc(F)ccc1-c(nc2NCC)ncc2-c3ccc(C)cc3,-4.801,23,-0.20873913043478262
Cc1ccccc1CNc(c2)c(-c3ccccn3)cc(c24)[nH+]cc(C#N)c4NCCO,-4.801,31,-0.15487096774193548
[NH3+]CCNc(n1)c(C(=O)N)c(n12)nc(-c(cc3)ccc3OC)cc2-c4cc(C)cc(C)c4,-4.801,32,-0.15003125
CC(C)CNc(c(C#N)cn1)c(c12)cc(Nc3ccsc3)c(c2)-c4ccc(=O)n(C)c4,-4.801,31,-0.15487096774193548
FC(F)(F)c(c1)cccc1-c(n2)nc(N[C@H](C3)CC[N@H+]3CC[NH3+])n(c24)ncc4-c5cccc(O)c5,-4.801,35,-0.13717142857142858
COc1cccc(c1)-c(c2)nc(N)c(c23)cnc4c3cc(OC)c(c4)-c5cccnc(=O)c5,-4.8,33,-0.14545454545454545
n1ccnn1-c(c(c2)OC)cc(c23)c(ncn3)N[C@@H]4CC(=O)N(C4=O)c5ccccc5,-4.799,31,-0.15480645161290324
CCN1CCC[C@@H]1CNc(cc(n2)-c3ccc(C)cc3)n(c24)ncc4-c5cnccc5CN,-4.799,33,-0.14542424242424243
Cn1cncc1-c(n2)nc(-c(cn3)cn3C)c(c24)cc(cc4)-c5ccncc5,-4.799,28,-0.17139285714285715
Cn(c1)ncc1-c(c(c2)OC)cc(c23)ncc4c3cc(nc4N)-c5ccccc5F,-4.798,30,-0.15993333333333334
NC(=O)Nc(n1)nc(NC(C)C)c(c12)nc(cc2)-c3ccccc3,-4.798,24,-0.19991666666666666
Cc1cccc(c1)-c(c2)c(-c3ncccn3)nc(c24)nc(nc4)N[C@H](C)c5cccc(c5)[NH+](C)C,-4.796,35,-0.13702857142857144
c1cc(F)ccc1-c(nc(C)c2)c(c23)nc(nc3)NCC[NH+](C)C,-4.796,24,-0.19983333333333334
Fc1ccccc1-c(c(c23)c(ncn2)NC(C)(C)C)cc(c3)-c4ccc(O)c(c4)C[C@H](O)[NH+]5CCCCC5,-4.794,38,-0.1261578947368421
Cc1cccc(c1)[C@H](CO)Nc(nc2)nc(c23)n(-c4[nH+]ccn4C(F)(F)C)c(=O)c(c3C)-c5ccc(F)cc5,-4.794,39,-0.12292307692307691
CN(C)C(=O)n(c1)ccc1-c2cc(-c(cc3)ccc3C)cc(c24)cnc(n4)N[C@H](CO)c5cccc(C(F)(F)F)c5,-4.794,41,-0.11692682926829268
c1ccccc1-c(cc2)cc(c23)c(-c(cn4)cn4C(C)C)nc(n3)[C@@H]5C[NH2+]CCN5C,-4.794,31,-0.15464516129032257
c1nc(C)ccc1-c2cc(-c(cn3)cn3CC)cc(c24)ncnc4N[C@H](C)c5cc(C)cc(C)c5,-4.793,35,-0.13694285714285714
COc1cccc(c1)-c(nc(c23)n(cn3)C)nc2N[C@@H]4CCC[N@@H+](C4)CC[NH3+],-4.793,28,-0.17117857142857143
Clc(c1)cccc1-c2cc(-c(cn3)cn3CC)cc(c24)cnc(n4)N[C@@H]5CCOC5,-4.792,30,-0.15973333333333334
Cc1cccc(c1)CNc(ncn2)c(c23)cc(-c4cc(co4)[NH+](C)C)c(c3)-c5cccnc5C(=O)[O-],-4.792,36,-0.1331111111111111
COc(cc1)ccc1-c(nc2NC)ncc2-c3ccc(F)cc3,-4.792,23,-0.2083478260869565
Fc(c1)cccc1-c2nc(C(=O)N(C)CCO)nc(c23)ccc(c3)-c4ccc(F)cc4,-4.791,31,-0.1545483870967742
Cn1cc(cn1)-c2cnc(NCCO)nc2C[C@@H]3CCC[N@H+](CC3)Cc4ccccc4,-4.791,31,-0.1545483870967742
O=c(c1)n(C)ccc1-c(c(c23)c(ncn2)NC(C)=[NH2+])cc(c3)-c4ccccn4,-4.789,28,-0.17103571428571426
CC(C)Nc1ncnc(c12)cc(c(c2)-c(cc3)ccc3OC)-c4cccc(n4)C(=O)Nc5ccccc5F,-4.789,38,-0.12602631578947368
Cc1ccc(C)c(c1)CNc2ncc(-c3cccc(F)c3)c([nH+]2)N[C@@H]4CC[N@H+](C)C4,-4.788,30,-0.15960000000000002
c1ncccc1Nc(nc2NC)ncc2-c3ncc(C)n3C,-4.788,22,-0.21763636363636366
CN(C)C(=O)c(n1)cccc1-c(c(c2)OC)cc(c23)ncc4c3cc(nc4N)-c5csc(C)c5,-4.787,34,-0.14079411764705882
OCc1ccncc1-c(c(c2)NCC)cc(c23)ncc(C#N)c3NCCO,-4.787,27,-0.17729629629629629
Cc1cn(C)cc1[C@H](C)Nc(ncn2)c(c23)c(-c4ccccc4)cc(c3)C(=O)CN5C[C@H](O)C5=O,-4.787,35,-0.13677142857142857
c1ccsc1-c2ncc(-c3cccs3)c(n2)NCCN4CCOCC4,-4.787,25,-0.19147999999999998
Cc1cc(C)c(c(C)c1)[C@H](CO)Nc(n2)c(nc(nc3)NC4CC4)c3c(c25)ccc(c5)-c6cccc(F)c6,-4.787,38,-0.12597368421052632
C[NH+](C)Cc1nc(C)oc1-c(c(c23)nc(NC)nc2)cc(c3)-c4cnn(c4)CCC(=O)N,-4.786,32,-0.1495625
Cc1cccc(c1)-c(cc2)nc(c23)c(N[C@H](C)CO)nc(n3)N[C@H](C)c4cccc(Cl)c4,-4.785,32,-0.14953125
Cc1cccc(c1)[C@H](O)CNc(ncn2)c(c23)c(c(o3)-c4cn(C)c[nH+]4)-c5cc(N)cc(C(F)(F)F)c5,-4.785,37,-0.12932432432432434
CCCNc(ncn1)c(c12)cc(-c3cccnc3)c(c2)-c4ccncc4,-4.785,26,-0.18403846153846154
Clc(c1)c(F)ccc1-c(c(c2)OC)cc(c23)ncc(C#N)c3N[C@@H](C(C)C)c4cccc(N)c4,-4.784,34,-0.14070588235294118
Cc1ccc(o1)Nc(c2)c(-c3ccc(=O)n(C)c3)cc(c24)ncc(C#N)c4N[C@H](C)c5ccc(C)c(S)c5,-4.784,38,-0.12589473684210525
c1ccccc1CNc(nc2NC(C)C)[nH+]cc2-c3ccccc3,-4.782,24,-0.19925
c1ccccc1[C@@H](C)Nc2nc(N[C@@H](C)c(c3)cccc3C)nc(c24)ccc(n4)-c5ccn(n5)CC(=O)N,-4.782,38,-0.1258421052631579
COc1ccc(cc1)CNc2[nH+]c(N[C@H](C)c3ccc(C)cc3)ncc2-c4c(C)noc4C,-4.781,33,-0.14487878787878786
COc1cccc(n1)-c(c2)c(-c3ccncc3)cc(c24)ncnc4NCC[C@H](C)O,-4.781,30,-0.15936666666666666
Cc1cccc(c1)C[C@H](O)Nc(nc2)nc(c23)c(-c4c[nH+]cn4C)cc(c3)-c5cccn(c5=O)C[C@H](C)N(C)C,-4.78,40,-0.11950000000000001
CC[C@H](C)Nc1nc(-c2ccc(C)c(C)c2)ncc1-c3cccnc3,-4.779,25,-0.19116
Cc1cnc(n1C)-c2nc(N[C@@H]3CCC[N@H+](C)C3)ncc2-c4ccccn4,-4.779,27,-0.177
COc1ccc(cc1)-c2cc(C)nc(n2)NC(=O)Nc3cc(C)cc(C)c3,-4.779,27,-0.177
c1cnccc1-c2cnc(nc2NCC)NC[C@@H]3C[N@@H+](C[C@@H]3O)c4ccc(C)cc4C,-4.778,31,-0.1541290322580645
c1cnccc1-c(c(c2)NCCC)cc(c23)ncc(C#N)c3NCc4cccc(c4)NC(=O)C,-4.778,34,-0.14052941176470587
o1nccc1-c(c(c2)OC)cc(c23)ncc(C#N)c3NC(C)C,-4.777,23,-0.20769565217391306
Nc1cc(ccn1)-c(cc2)cc(c23)c(-c4ncno4)nc(n3)-c5ccccn5,-4.777,28,-0.17060714285714287
Cc1ccccc1NC(=O)Nc2nc(-c3ccc(C(=O)N)cc3)ncc2-c4ccc(Cl)cc4,-4.777,33,-0.14475757575757575
[NH3+]CCNc(nc1)nc(c12)nc(c(c2)-c3ccncn3)-c4ccccc4,-4.777,26,-0.18373076923076923
Cc1ccccc1NC(=O)Nc2nc(-c3cccc(Cl)c3)ncc2-c4ccnn4C,-4.776,30,-0.15919999999999998
CCc1cccc(c1)-c(cc2)nc(c23)c(nc([nH+]3)NCC[NH+](C)C)NC[C@H](C)Nc4ccc(N)cc4C,-4.776,37,-0.12908108108108107
COc1ccc(cc1)-c(cc2)nc(c23)c(NCCCO)nc(n3)N[C@H](C)c4cccc(C)c4,-4.775,33,-0.1446969696969697
COc1cccc(c1)CNc2nc(NC[NH+]3CCCCC3)[nH+]cc2-c4ccc(F)cc4,-4.774,31,-0.154
Cc1cccc(c1)C[N@@H+]2CC[C@@H](C2)Nc(nc(n3)-c4cccc(F)c4)n(c35)ncc5C(=C6)C=CCc(c67)cccc7,-4.774,41,-0.11643902439024391
NC(=O)CCn(c1)ncc1-c(c2)cc(-c(o3)c(nc3C)CN(C)C)c(c24)nc(nc4)N[C@H](C)c5ccc(F)cc5,-4.774,40,-0.11935
OC[C@@H](O)c(n1)cccc1-c(c(c2)OC)cc(c23)ncc(C#N)c3NC4CC4,-4.774,28,-0.1705
c1c[nH+]ccc1Oc(c(c2)OC)cc(c23)c(ncn3)N[C@H](C)[C@H](O)c4cccc(C)c4,-4.773,31,-0.15396774193548385
CCc1ccc(cc1)-c(cc2)cc(c23)c(-c4cccc(c4)C(=O)N)nc(n3)-c5cccnc5C,-4.773,34,-0.14038235294117646
CC(C)Nc(c(C#N)cn1)c(c12)cc(N[C@H](C)C[NH+](C)C)c(c2)-c3ccoc(=O)c3,-4.773,30,-0.1591
OCc(c1)cccc1-c(c(c2)OC)cc(c23)ncc(C#N)c3N[C@H](C)c4ccc(cc4)[C@H](C)OC,-4.773,35,-0.13637142857142856
Cc(o1)ncc1-c(n2)cc(nc2C)Nc3ncc(s3)-c4ccccc4,-4.771,25,-0.19084
CN(C)Cc(s1)ccc1-c(n2)cc(N[C@@H](C)c(cc3)ccc3C)n(c24)ncc4-c5ccc(F)cc5,-4.771,35,-0.13631428571428572
OCCNc(nc1)nc(c12)n(CC)c(=O)c(c2C)-c3ccc(OC)cc3,-4.77,26,-0.18346153846153845
c1ccccc1CNC(=O)Nc2ncc(-c3ccncc3)c(n2)-c4ccccc4F,-4.77,30,-0.15899999999999997
Cc1cccc(c1)NC(=O)c(cc2-c3cc(C)cs3)cc(c24)ncnc4NC(F)(F)c5ccc(C(F)F)c(N)c5,-4.769,40,-0.119225
COc1ccc(cc1)CNc2[nH+]c(N[C@H](C)c3ccc(o3)C)ncc2-c4cn(C)c(n4)C,-4.769,32,-0.14903125
OC[C@@H](C)Nc([nH+]1)nc(NC(C)C)c(c12)nc(cc2)-c3cccnc3,-4.768,25,-0.19072
COCC(C)(C)Nc(ncn1)c(c12)c(cc(c2)-c3ccccn3)-c4cccc(c4)C(=O)N,-4.768,32,-0.149
Cc1csc(n1)-c2cc(nc(n2)C)Nc3ncc(s3)-c4ccncc4,-4.768,25,-0.19072
C1COCCN1C(=O)Cc2cccnc2-c(c3)c(CCc4ccccc4)cc(c35)ncnc5N[C@@H]6CCCN(C6)c7ccc(C(F)(F)F)cc7,-4.767,50,-0.09534000000000001
COc1ccc(cc1)CNc2nc(N[C@H](C)c3ccccc3)ncc2-c(cs4)c(c45)CCC5,-4.767,33,-0.14445454545454547
COc1ccc(cc1OC)-c2cnc(NCC[NH3+])nc2-c3ccoc3,-4.767,25,-0.19068000000000002
Fc1ccccc1-c(c(c23)c(ncn2)NC(C)C)cc(c3)-c4cccc(c4)C(=O)N,-4.766,30,-0.15886666666666666
NC(=O)c(c1)cccc1-c(n2)cc(nc2C)Nc3ncc(s3)-c4cccc(F)c4,-4.766,29,-0.1643448275862069
Cc1ccccc1CNc(c2)c(-c3ccc(C(=O)[O-])cc3)cc(c24)[nH+]cc(C#N)c4NCCO,-4.766,34,-0.1401764705882353
Cc1cc(C)cc(c1)C(=O)Nc(nc2)nc(c23)c(-c4ccccc4)cc(c3)-c5cncc(c5)C(=O)N,-4.765,36,-0.1323611111111111
CCOc1nc(cs1)-c2cnc(-c3ccc(O)cc3)nc2N[C@H](CC)c4ccc(N)cc4C(F)(F)F,-4.765,36,-0.1323611111111111
Fc(c1)cccc1-c(n2)cc(nc2C)Nc3ncc(s3)-c4ccccc4F,-4.765,27,-0.17648148148148146
Fc1ccccc1-c(c(c2)OC)cc(c23)ncc4c3cc(nc4N)-c5ccccc5,-4.765,30,-0.15883333333333333
COc(cc1)ccc1-c(n2)cc(NCC[N@@H+](C)CC)n(c23)ncc3-c4ccc(Cl)cc4,-4.765,31,-0.15370967741935482
c1sccc1-c(n2)nc(NCC[NH+](C)C)n(c23)ncc3-c4cccs4,-4.765,25,-0.1906
c1cc(F)ccc1-c(c(c2)NCCC)cc(c23)ncc(C#N)c3NCc4cccc(c4)NC(=O)C,-4.765,35,-0.13614285714285712
Brc1ccccc1-c(c(c2)NCC)cc(c23)ncc(C#N)c3NC(C)C,-4.764,26,-0.18323076923076925
OCCNc(c(C#N)cn1)c(c12)cc(NCCO)c(c2)-c3ccco3,-4.764,25,-0.19056
CCCNc1nc(-c2ccc(F)cc2)ncc1-c3cccnc3,-4.764,23,-0.2071304347826087
CCC[C@H]([NH3+])Nc(nc1)nc(c12)nc(-c3cccc(C(=O)[O-])c3)c(c2)-c4ccccc4,-4.763,31,-0.15364516129032257
CCNc(nc1)nc(c12)nc(c(c2)-c3ccccc3)-c4ccc(cc4)C(=O)C(=O)N,-4.763,30,-0.15876666666666667
c1cnccc1Oc(c(c2)OC)cc(c23)c(nc[nH+]3)N[C@H](C)[C@H](O)c4cccc(C)c4,-4.763,31,-0.15364516129032257
C[N@H+]1CC[C@@H](CC1)Nc(nc2)nc(c23)nc(c(c3)-c4ccn(n4)C)-c5ccccc5F,-4.761,31,-0.15358064516129033
CCNc1ncc(c(n1)NCC[NH3+])-c2ccc(F)cc2,-4.761,20,-0.23805
COc1cc(C)ccc1-c(c2C)c(=O)n(C)c(c23)nc(nc3)NC4CC[NH2+]CC4,-4.761,29,-0.16417241379310346
COc1ccccc1-c(cnc2NCC)c([nH+]2)NCc3cc(C)cc(C)c3,-4.76,27,-0.17629629629629628
CCc1cccc(c1)-c(cc2)nc(c23)c(NCC(=O)N)nc(n3)NC(=O)c4ccccc4N(C)C,-4.759,35,-0.13597142857142858
CCCn1ncc(c1C)-c(c2)c(OC)cc(c23)c(c(cn3)C#N)N[C@H](C)c4ccc(cc4)[C@](F)(C)CO,-4.759,37,-0.12862162162162163
Cc1ccc(cc1)[C@H](C)Nc(ncn2)c(c23)c(cc(c3)-c4cccc(c4)C(=O)N)-c5coc(c5)C[N@H+]6CC[C@H](C)CC6,-4.759,42,-0.11330952380952382
C[NH2+][C@H](C)CNc(ncn1)c(c12)c(-c3cccnc3)cc(c2)-c4cccc(Cl)c4,-4.757,29,-0.16403448275862068
CC(=O)Nc1cccc(c1)-c2nc(Nc3ccc(N)c[nH+]3)ncc2-c4cccnc4,-4.757,30,-0.15856666666666666
Cc1ccc(cc1)[C@H](C)Nc(nc2)nc(c23)nc(-c4cccnc4)c(c3)-c5ccc(C)cc5C,-4.757,34,-0.13991176470588235
Cc1ccccc1C(=O)CNc(nc2NCCCO)nc(c23)ccc(n3)-c4ccc(F)cc4,-4.757,33,-0.14415151515151514
c1ncccc1-c(c(c2)OC)cc(c23)ncc4c3cc(nc4N)-c5cccc(c5)CO,-4.755,31,-0.15338709677419354
CC(=O)Nc1cccc(c1)-c2nc(Nc3ccc(N)cn3)ncc2-c4cccnc4,-4.755,30,-0.1585
c1cc(=O)cccc1-c(c(c2)OC)cc(c23)ncc(C#N)c3N[C@H](C)CO,-4.755,27,-0.1761111111111111
Oc(c1)cccc1-c(cc2)cc(c23)c(-c(nc4C)cn4C)nc(n3)-c5ccc(=O)n(c5)CC(=O)N(C)C,-4.755,37,-0.1285135135135135
COc1cccc(c1)-c2cc(nc(n2)C)Nc3ncc(s3)-c4ccccn4,-4.754,27,-0.17607407407407405
Cc1ccc(cc1)[C@H](C)Nc(ncn2)c(c23)c(-c4cccccc4=O)c(o3)-c5cc(C)ccc5C,-4.754,35,-0.1358285714285714
Cc1cccc(c1)-c2cnc(NCC[NH+](C)C)nc2-c3cccc(O)c3,-4.754,26,-0.18284615384615382
COc1ccc(cc1)-c2cnc(s2)Nc3cc(nc(n3)C)-c4ccc(C(=O)N)nc4,-4.753,30,-0.15843333333333334
Cc1ccncc1-c(cc2NC[C@H](C)O)nc(n23)c(cn3)-c4ccccc4C,-4.752,28,-0.1697142857142857
Cc1ccccc1-c2cnc(-c3ccnnc3)nc2NCc4cccc(c4)[NH+]5CCCCC5,-4.752,33,-0.144
c1ccccc1[C@H](CC)Nc(c(C#N)cn2)c(c23)cc(NC)c(c3)-c4ccccc4,-4.752,30,-0.15839999999999999
CCCn1cncc1-c(cc2)cc(c23)ncnc3N[C@H](C)[NH2+]c4ccc(C)c(C)c4,-4.751,30,-0.15836666666666668
C[NH+](C)CCCNc1nc(NC(=O)C)nc(c12)ccc(n2)-c3ccc(F)cc3,-4.751,28,-0.16967857142857143
COc(c1)c(O)ccc1-c(cnc2NC)c([nH+]2)NCC(=O)Nc3cccc(C(F)(F)F)c3,-4.751,32,-0.14846875
Cc1cccc(c1)CNc(nc2NCC(C)C)nc(c23)ccc(n3)-c4cc(C)on4,-4.751,30,-0.15836666666666668
s1ccnc1N[C@@H](C(=O)N)c(cc2)cc(c23)c(-c4cccc(F)c4)nc(n3)-c(cn5)nc(c56)CCC(=O)C6,-4.75,38,-0.125
Cc1ccccc1CNc(ncn2)c(c23)cc(S(=O)(=O)C(C)(C)C)c(c3)-c4ccccc4C,-4.749,33,-0.1439090909090909
CNc1[nH+]cc(c(n1)NCCO)-c2cccc(F)c2,-4.749,19,-0.2499473684210526
C[NH+](C)[C@@H](C)n1cc[nH+]c1-c2cc(-c3cncn3CC)cc(c24)cnc(n4)N[C@H](C)c5cc(C)cc(N)c5,-4.748,38,-0.12494736842105264
o1ncnc1-c2nc(-c(nc3)ccc3C)nc(c24)ccc(c4)-c5ccncc5,-4.748,28,-0.16957142857142857
c1cc(F)ccc1-c(n2)nc(NC(C)C)n(c23)ncc3-c4ccccc4Cl,-4.748,27,-0.17585185185185187
COC(=O)c1ccc(cc1)-c(nc(n2)-c3nccs3)c(c24)cc(cc4)-c5coc(n5)C,-4.748,31,-0.15316129032258066
Cc1ccccc1[C@H](O)CNc(nc(n2)NCCO)c(c23)nc(cc3)-c4ccc(F)cc4,-4.747,32,-0.14834375
COc1ccc(cc1)CNc2[nH+]c(NCc3cccc(C)c3)ncc2-c4nccn4Cc5ccccn5,-4.747,37,-0.1282972972972973
c1cc(C)ccc1CNc(nc2NC)[nH+]cc2-c3ccccc3,-4.746,23,-0.20634782608695654
COc1cccc(c1)-c(c2)c(-c3cccnc3OC)cc(c24)c(ncn4)NC(=O)c5ncccc5C(=O)N,-4.746,38,-0.12489473684210528
CC(=O)Oc(cc1)ccc1-c(c(c2)OC)cc(c23)c(ncn3)Nc4ccc(F)cc4N,-4.746,31,-0.1530967741935484
COc1cccc(c1)-c2cnc(s2)Nc3cc(nc(n3)C)-c4ccccc4,-4.746,27,-0.17577777777777778
COc1cccc(c1)CNc2[nH+]c(NC[NH+]3CCCCC3)ncc2-c4ccc(F)cc4,-4.745,31,-0.15306451612903227
C1COCCN1C(=O)c2ccc(cc2)-c(cc3)cc(c34)ncnc4N[C@@H]5CC[N@H+](C5)Cc6ccccc6,-4.745,37,-0.12824324324324324
Cc1ccc(cc1)CNc2ncc(c(n2)NCCO)-c3cccc(C)c3,-4.744,26,-0.18246153846153845
Cc1ccc(cc1)-c(c2)c(-c3ccccn3)nc(c24)nc(nc4)NC[C@H](C)[NH+]5CCCC5,-4.744,32,-0.14825
COc1cc(C)ccc1-c(c2)nc(N)c(c23)cnc4c3cc(OC)c(c4)-c5ccc(s5)C(=O)N,-4.744,34,-0.13952941176470587
CCn1cc(nc1C)-c(c2)c(OC)cc(c23)ncnc3N[C@@](C)([NH3+])[C@H](C)c4ccccc4,-4.744,32,-0.14825
CNC(=O)c1ccc(cc1)-c2cc(nc(n2)C)Nc3ncc(s3)-c4ccccn4,-4.743,29,-0.16355172413793104
c1ncccc1-c(cc2C)nc(n2)N[C@H](C)c3cc[nH+]c(c3)N(C4)CCCC4(F)F,-4.743,30,-0.15810000000000002
Fc1ccccc1-c(n2)cc(nc2C)Nc3ncc(s3)-c4ccccc4,-4.743,26,-0.18242307692307694
COc1ccc(cc1)CNc(c2)c(-c3cccnc3)cc(c24)[nH+]cc(C#N)c4NCCO,-4.743,32,-0.14821875
Cc1cccc(c1)[C@H](C)Nc2ncc(-c3ccc(cc3)[C@H](C)[NH+](C)C)c([nH+]2)NCc4ccccc4,-4.742,35,-0.1354857142857143
c1cnccc1-c(o2)c(-c(c3)cccc3C)c(c24)c(ncn4)NCc5ccccc5C,-4.742,31,-0.15296774193548388
Cc1ccc(cc1C)N[C@H](C)Nc(ncn2)c(c23)ccc(c3)-c4cncnc4N5CCCCC5,-4.742,34,-0.13947058823529412
c1ncccc1-c(n2)nc(NCC(=O)NC)n(c23)ncc3-c4ccccc4C,-4.742,28,-0.16935714285714284
C[NH2+][C@H](C)CNc(ncn1)c(c12)c(-c3cccc(c3)CO)cc(c2)-c4ccccc4,-4.742,30,-0.15806666666666666
Cc1ccccc1-c(cn2)c(n23)nc(-c4cccc(C(F)(F)F)c4)nc3NCCCO,-4.742,31,-0.15296774193548388
COc1ccc(cc1)-c2ncc(-c3ccoc3)c(n2)NC(=O)C[NH+]4CCCC4,-4.741,28,-0.16932142857142857
n1ccccc1-c(nc2NCC)ncc2-c3ccccc3,-4.741,21,-0.22576190476190475
FC(F)(F)c(c1)cccc1-c(n2)nc(NCC=C)n(c23)ncc3-c4cccc(F)c4,-4.741,30,-0.15803333333333333
Cc1ccc(cc1)[C@H](C)Nc(ncn2)c(c23)c(-c4ccccc4F)c(o3)-c5cccc(C(F)(F)F)c5,-4.741,36,-0.13169444444444445
Cc1ccccc1[C@H](C)Nc(ncn2)c(c23)c(-c4cc(C)c(C(=O)N)c(c4)C(=O)N)cc(c3)-c5cccnc5,-4.741,39,-0.12156410256410255
CC(=O)Nc1ccc(cc1)-c2cnc(NCc3ccccc3)[nH+]c2NCCc4ccccc4,-4.739,33,-0.1436060606060606
c1ccccc1-n(c2)ncc2-c(c(c3)-c4cc(O)ccc4OC)nc(c35)nc(nc5)N[C@H](CO)c6cc(N)ccc6C(F)(F)F,-4.738,45,-0.1052888888888889
Cc1n(C)ncc1-c(cc2)cc(c23)c(-c(nc4)ccc4C)nc(n3)-c5ccc(cc5)C(=O)N(C)C,-4.738,35,-0.1353714285714286
C1COCCN1C(=O)COc(c(c2)OC)cc(c23)c(ncn3)NC(=O)c4ccc(C)cc4OC,-4.736,34,-0.13929411764705882
OCc(c1)cccc1-c(c(c23)c(ncn2)N[C@H](CC)CO)c(o3)-c4ccc(F)cc4,-4.735,30,-0.15783333333333335
C[NH+](C)Cc(n(n1)C)cc1-c(c(c2)OC)cc(c23)c(ncn3)NC[C@H](F)c4cc(N)cc(C(F)(F)F)c4,-4.735,37,-0.12797297297297297
NC(=O)CNc1cc(-c(c2)[nH+]cn2C)nc(n13)c(cn3)-c4cccc(C(F)(F)F)c4,-4.734,30,-0.1578
FC(F)(F)c(c1)cc(O)cc1[C@H](C)Nc(ncn2)c(c23)cc(-c4ccncn4)c(c3)-c5ccn(n5)CC(=O)N(C)C,-4.734,41,-0.11546341463414635
CC(C)([NH3+])c(c1)cccc1[C@@H](C)Nc2nc(NCC)nc(c23)ccc(n3)-c4cccc(c4)NC(C)C,-4.734,36,-0.1315
Cc1nccn1-c(c2)c(-c3cccs3)nc(c24)nc(nc4)N[C@H](CO)c5cc(N)ccc5C(F)(F)F,-4.734,36,-0.1315
c1cc(Cl)ccc1Nc2nc(NCC[NH3+])nc(c23)ccc(n3)-c4ccc(F)cc4,-4.733,29,-0.16320689655172413
CCn1cc(cn1)-c(cc2)cc(c23)[nH+]cnc3N[C@H](C)c4cccc(C)c4,-4.732,27,-0.17525925925925925
c1cc(F)ccc1-c(n2)ccc(c23)nc(NCc(c4)cccc4C)nc3N[C@H](C)c5cccc(c5)[C@H](C)O,-4.732,38,-0.1245263157894737
Cc1ccc(C)c(c1)CNc2ncc(-c3oc(C)nc3C)c([nH+]2)N[C@H](C)c4cc(C[NH3+])cc(C(F)(F)F)c4,-4.732,38,-0.1245263157894737
CCC(=O)Nc(c(C#N)cn1)c(c12)cc(NCC(=O)N)c(c2)-c3ccccc3,-4.731,28,-0.1689642857142857
Cc1ccc(C)c(c1)CNc2[nH+]cc(-c3ccccc3C)c(n2)Nc4ccc(N)c(C)c4,-4.731,32,-0.14784375
C[C@H](O)c1cc(cc(C(F)(F)F)c1)[C@H]([NH3+])Nc2nc(-c3cccc(c3)C[NH3+])ncc2-c4cccc(C(F)(F)F)c4,-4.731,40,-0.11827499999999999
FC(F)(F)c(cc1)ccc1[C@H](C)Nc(nc2)nc(c23)c(cc(c3)-c4ccnn4C)-c5ccn(c5)CC(=O)N(C)C,-4.729,40,-0.118225
C[NH+](C)CCNc(ncn1)c(c12)c(-c3ccccc3)c(o2)-c4cccc(c4)C(=O)N,-4.729,30,-0.15763333333333335
C[NH+](C)CCNc(nc1)nc(c12)nc(-c3ccc(C(=O)N)nc3)c(c2)-c4ccccc4,-4.728,31,-0.15251612903225806
CCc1cc(cc[nH+]1)-c(c2)c(-c3ccc(CO)cc3)cc(c24)ncnc4NCc5cccc(C)c5,-4.727,35,-0.13505714285714288
C[NH+](C)[C@H](C)c1cccc(c1)-c(c2)c(-c3ccccc3Cl)cc(c24)oc(n4)N5CCOCC5,-4.727,33,-0.14324242424242425
CNc1nccc(n1)-c(nc(C)c2)c(c23)nc(nc3)Nc4ccncc4,-4.727,26,-0.1818076923076923
CCNC(=O)Nc(c(C#N)cn1)c(c12)cc(NC(=O)C)c(c2)-c3ccc(F)cc3,-4.726,29,-0.1629655172413793
Cn(c1)ncc1-c(o2)c(-c(n3CC)cnc3C)c(c24)c(ncn4)NC[C@H](O)c5ccc(C)cc5,-4.725,34,-0.1389705882352941
Cc1cc(C)cc(c1)OCCNc(nc2)nc(c23)c(cc(c3)-c4cccnc4)C(=O)NCc5ccccn5,-4.725,38,-0.12434210526315788
COc1cccc(c1)-c(c2)c(OC)cc(c23)c(c(cn3)C#N)N[C@H](C)c4cc(C)cc(N)c4,-4.725,33,-0.14318181818181816
CCn1cc(cnc1=O)-c(cn2)c(n23)nc(-c4cccc(F)c4)cc3N[C@@H]5CCOC5,-4.725,31,-0.15241935483870966
c1cc(C)ccc1[C@@H](C)Nc2nc(NCC)nc(c23)ccc(n3)-c4cnccn4,-4.724,29,-0.16289655172413794
Cc1cc(C)cc(c1)NC(=O)CNc2nc(-c3cnn(n3)C)ncc2-c4cccc(F)c4F,-4.724,33,-0.14315151515151517
C1COCCN1c(n2)n(C)c(c23)cc(-c4ccc(cc4)[C@H](O)C(=O)N)c(c3)-c5ccccc5C[NH3+],-4.723,35,-0.13494285714285714
c1ccccc1[C@H]([NH+](C)C)CCNc(ncn2)c(c23)cc(S(=O)(=O)C(C)(C)C)c(c3)-c4ncco4,-4.723,35,-0.13494285714285714
COc1ncccc1-c(c2)c(C3CC[NH2+]CC3)cc(c24)[nH+]cnc4N[C@H](C)Cc5cccc(C)c5,-4.722,35,-0.13491428571428574
c1nnccc1-c(c2)cc(-c(cn3CC)c(n3)CN(C)C)c(c24)nc(nc4)N[C@H](C)c5ccc(C(F)(F)F)cc5,-4.722,40,-0.11805000000000002
Cc1c(F)cccc1-c2cnc(nc2-c3cccs3)NC(=O)Cc4ccccc4,-4.722,29,-0.16282758620689658
o1nc(N)cc1-c(n2)ccc(c23)nc(NC)nc3NC(=O)c4c(N)cccc4C(F)(F)F,-4.722,32,-0.1475625
Cc1ccc(cc1)C[N@@H+](C)CCNc(n2)c(C(=O)N)c(n23)nc(-c4ccsc4)cc3-c5ccc(C)cc5,-4.721,37,-0.1275945945945946
COc1ccc(cc1)-c(nc(c23)n(cn3)C)nc2N[C@@H]4CCN(C4)Cc5ccccc5C,-4.721,32,-0.14753125
FC(F)(F)c(c(N)c1)ccc1[C@H](C)Nc(n2)c(nc(nc3)NC4CC4)c3c(c25)ccc(c5)-c6ccc(S(=O)(=O)C)nc6,-4.72,42,-0.11238095238095237
Cc1nc(cn1C)-c(cn2)c(n23)nc(-c4cccnc4)cc3Nc5ccnn5C,-4.72,29,-0.16275862068965516
CC(C)(O)c(c1)cc(cc1C)[C@H](C)Nc(n2)c(nc(nc3)NC4CC4)c3c(c25)ccc(c5)-c6ccc(C(=O)[O-])c(Cl)c6,-4.72,42,-0.11238095238095237
COc1cccc(c1)-c(c2)c(-c3cccnc3OC)cc(c24)c(ncn4)N[C@@H]5CC[N@@H+](C)CC5,-4.719,34,-0.13879411764705885
O=C([O-])c(cc1)ccc1-c(cn2)c(n23)nc(-c4cccc(F)c4C)cc3NC5CC[NH2+]CC5,-4.718,33,-0.14296969696969697
COc1ccc(cc1N(C)C)-c(cc2)cc(c23)nc(c4c3cncn4)NC(C)(C)c5cc(N)cc(C(F)(F)F)c5,-4.718,40,-0.11795
Cc1cccc(c1)-c(cc2)cc(c23)c(-c4ncno4)nc(n3)-c5ccc(C(F)(F)F)cc5,-4.717,32,-0.14740625
Fc1ccc(cc1)-c2ncc(-c3cccc(F)c3F)c(n2)NCCN4CCCC4,-4.716,29,-0.16262068965517243
CCCNc(n1)c(C(=O)N)c(n12)nc(cc2-c3cccc(F)c3)-c4ccc(OC)cc4OC,-4.716,33,-0.1429090909090909
FC(F)(F)c(c1)cccc1[C@H](N)CNc(nc(n2)-c3cccc(F)c3)n(c24)ncc4-c5cncs5,-4.716,35,-0.13474285714285714
COc1ccc(cc1)CNc2nc(N[C@H](C)c3ccccc3)[nH+]cc2-c(cs4)c(c45)CCC5,-4.716,33,-0.1429090909090909
Cc1ccccc1-c(cc2C)nc(n2)NCCN3CCN(CC3)CCn4cc[nH+]c4,-4.715,30,-0.15716666666666665
FC(F)(F)c(c1)cccc1-c(n2)nc(NCCOC)n(c23)ncc3-c4ccc(C)cc4,-4.714,31,-0.15206451612903227
Fc(c1)cccc1-c(n2)cc(nc2C)Nc3ncc(s3)-c4c(C)noc4C,-4.714,27,-0.1745925925925926
c1ccccc1-c(c(c2)-c(ccn3)cc3C)cc(c24)ncnc4NCCC[NH3+],-4.713,28,-0.16832142857142857
COc1ccc(cc1)-c(c2)c(-c3cc(C(F)(F)F)ccc3[O-])nc(c24)nc(nc4)N[C@H](C)c5cccc(C(F)(F)F)c5,-4.713,42,-0.11221428571428571
FC(F)(F)c(c1)cccc1[C@H](C)Nc(nc2NCCCO)nc(c23)ccc(n3)-c4ccnnc4,-4.712,34,-0.13858823529411765
Cc(c1)cccc1-c(cnc2NC)c([nH+]2)NCc3cccc(c3)OC,-4.712,25,-0.18847999999999998
Cc1ccccc1CNc2[nH+]c(NCc3ccccc3Cl)ncc2-c4cccc(c4)C[NH3+],-4.712,32,-0.14725
COc1cccc(c1)-c(c2C)c(=O)n(C)c(c23)nc(nc3)NCC[NH+](C)C,-4.712,27,-0.17451851851851852
Cc1cccc(c1)-c(c2)c(cc(c23)c(c(C#N)c[nH+]3)NCCO)NCc4ccccc4C,-4.711,32,-0.14721875
c1cc(F)ccc1-c2cc(C)nc(n23)c(C(=O)N)c(n3)Nc4ccc[nH+]c4,-4.711,27,-0.1744814814814815
CCc1cccc(c1)-c(cc2)nc(c23)c(nc(n3)NCC[NH+](C)C)NC[C@H](C)Nc4ccc(N)cc4C,-4.711,37,-0.12732432432432433
Fc1ccccc1-c(n2)cc(NCC)n(c23)ncc3-c4ccc(C(=O)C)cc4,-4.71,28,-0.1682142857142857
Cn1ncc(n1)-c2ncc(-c3cccc(F)c3F)c(n2)NCCCO,-4.709,25,-0.18835999999999997
s1cccc1-c(n2)nc(-c(s3)cnc3C)c(c24)cc(cc4)-c5cccc(O)c5,-4.709,28,-0.16817857142857143
Cc1scnc1-c(nc(n2)C(C)C)c(c23)cc(cc3)-c4ccncc4,-4.708,25,-0.18832000000000002
Oc1cccnc1-c(cnc2NC(C)C)c(n2)-c3ccccc3F,-4.707,24,-0.196125
Cc1ccc(cc1C)NC(=O)CNc2ncc(-c3ncco3)c(n2)-c4cccc(F)c4,-4.707,31,-0.15183870967741936
[O-]c1ccc[nH+]c1-c2cnc(nc2-c3scnc3C)NC(=O)NCc4ccccc4,-4.706,30,-0.15686666666666668
NC(=O)c(cc1)ccc1-c(c(c2)OC)cc(c23)ncc(C#N)c3N[C@H]([NH3+])c4cc(C)cc(C(F)(F)F)c4,-4.706,37,-0.1271891891891892
Cc1nc(co1)-c(cc2)cc(c23)c(-c4ccc(N)cn4)nc(n3)-c5ccncc5,-4.705,29,-0.16224137931034482
c1cc(F)ccc1-c(n2)cc(nc2C)Nc3ncc(s3)-c4cccc(c4)NC(=O)C(=O)N,-4.705,32,-0.14703125
NC(=O)c(c1)cccc1-c2cc(-c(cc3)ccc3OC)cc(c24)ncnc4NCC(C)(C)[NH3+],-4.704,33,-0.14254545454545453
Cc1cn(C)cc1[C@H](C)Nc(ncn2)c(c23)c(-c4cn(C)cn4)cc(c3)C(=O)Cc5ccc(C(F)(F)F)cc5,-4.703,39,-0.1205897435897436
COc1cc(ccn1)-c(cn2)c(n23)nc(-c4cccc(c4)C(=O)N)nc3N[C@H](C)c5ccc(cc5)N6CCCCC6,-4.703,41,-0.11470731707317074
Fc(c1)cccc1-c(n2)cc(N[C@@H]([NH3+])c(cc3C)cc(C(F)(F)F)c3)n(c24)ncc4-c5cccnc5,-4.703,36,-0.1306388888888889
c1oncc1-c2nc(-c3cn(C)nc3C)nc(c24)ccc(c4)-c5ccccc5,-4.703,28,-0.16796428571428573
OCCCNc1nc(N[C@H](C)[NH3+])nc(c12)ccc(n2)-c3ccc(C(F)(F)F)cc3,-4.702,29,-0.16213793103448276
COc1cccc(c1)CNc2nc(NCC[NH3+])[nH+]cc2-c3ncccc3OC,-4.702,28,-0.16792857142857143
Cc1oncc1-c(c2)c(cc(c23)c(c(C#N)cn3)NC(=O)C)NC(=O)c4ccccc4,-4.7,31,-0.15161290322580645
Cc1cccc(c1)-c(c2)c(-c3ncccn3)nc(c24)nc(nc4)NCCC[NH+](C)C,-4.699,30,-0.15663333333333332
Cc1ccc(nc1)-c2cnc(s2)Nc3cc(nc(n3)C)-c4ccccc4Cl,-4.699,27,-0.17403703703703702
NCCn(c1)c(=O)ccc1-c(c(c2)-c(cc3)ccc3OC)cc(c24)ncnc4N[C@H](C)c5cccc(Cl)c5,-4.698,38,-0.12363157894736843
CCn1cnc(c1)-c2nc(N[C@@H]3CC[N@@H+](C)CC3)ncc2-c4cccnc4,-4.698,27,-0.17400000000000002
NC(=O)Cc(cc1)ccc1-c(n2)cc(nc2C)Nc3ncc(s3)-c4ccc(cc4)[S@@](=O)CO,-4.698,33,-0.1423636363636364
C1COCCN1c(cc2)ccc2[C@H](C)Nc(ncn3)c(c34)ccc(c4)-c5nccnc5C[NH+]6CCCC6,-4.698,37,-0.126972972972973
C[NH+](C)[C@H]([O-])c1ccc(cc1)-c(cn2)c(n23)nc(-c4cccc(F)c4)cc3N[C@@H]5CCC[NH2+]C5,-4.697,34,-0.1381470588235294
Cc1ncc(n1CC)-c2ncc(-c3cccc(F)c3F)c(n2)N[C@H](C)Cc4cccc(C)c4,-4.697,33,-0.14233333333333334
NC(=O)CNc(nc1)nc(c12)nc(c(c2)-c3ccoc3)-c4ccccc4F,-4.697,27,-0.17396296296296296
CCNc(c(C#N)c[nH+]1)c(c12)cc(NC[C@H](C)OC)c(c2)-c3cccc(c3)CNC(=O)C,-4.696,32,-0.14675
OCC(=O)n1c(=O)cccc1-c(c(c2)-c(c3)cccc3OC)cc(c24)c(ncn4)N[C@H](C)c5cccc(Cl)c5,-4.695,39,-0.1203846153846154
Cn1c(C)[nH+]cc1-c2cnn(c23)c(NCc(cc4)ccc4C)cc(n3)-c5cccc(n5)[C@H](C)N(C)C,-4.695,36,-0.13041666666666668
c1ncccc1-c(c2)c(cc(c23)c(NC(C)C)c(C#N)c[nH+]3)NC[C@H](O)c4ccccc4,-4.695,32,-0.14671875
COc1cc(C)ccc1N[C@H](C)Nc(c(c23)cccc3)nc([nH+]2)-c4ccccc4C,-4.695,30,-0.1565
CN(C)c(c1)nccc1-c(c(c2)OC)cc(c23)c(nc[nH+]3)NC(C)(C)c4ccc(C)cc4,-4.695,32,-0.14671875
C1CCC[NH+]1CCNc2nc(NCC)[nH+]c(c23)ccc(n3)-c4nccn4C,-4.694,27,-0.17385185185185184
CC(C)Nc(ncn1)c(c12)cc(-c3ccccc3)c(c2)-c4cccc(c4)C(=O)N(C)C,-4.693,31,-0.15138709677419354
CCNc(c(C#N)c[nH+]1)c(c12)cc(NCC(=O)OC)c(c2)-c3cccc(c3)CNC(=O)C,-4.693,32,-0.14665625
COc1ccc(cc1OC)-c2cnc(s2)Nc3cc(nc(n3)C)-c4cccc(c4)CO,-4.693,31,-0.15138709677419354
n1cccnc1-c2cnc(nc2NC)N[C@@H]3CCN(C3)Cc4ccccc4F,-4.692,28,-0.16757142857142857
CC(=O)Nc1cccc(c1)CNc(c(C#N)cn2)c(c23)cc(NCC[NH+](C)C)c(c3)-c4ccc(Cl)cc4,-4.692,37,-0.1268108108108108
Cc1ccc(cc1)CCNc(c(c23)cccc3)nc([nH+]2)-c4ccc(C(=O)[O-])cc4,-4.692,29,-0.16179310344827585
c1cc(F)ccc1-c(n2)cc(nc2C)Nc3ncc(s3)-c4ccccc4,-4.692,26,-0.18046153846153848
Cc1ccccc1CNc2[nH+]c(NCCN3CCCC3)ncc2-c4ccc(Cl)cc4,-4.691,30,-0.15636666666666665
CCCn1cc[nH+]c1-c(c2)c(cc(c23)c(c(cn3)C#N)NC(C)C)NC[C@H](O)c4ccccc4,-4.691,34,-0.13797058823529412
NC(=O)Nc(n1)nc(cc1C)-c2ccc(cc2)NC(=O)n3ccnc3,-4.691,25,-0.18764
Cc1ccc(c(Br)c1)-c(n2)c(-c3ccc(=O)n(C)c3)cc(c24)cnc(n4)NCCC[NH3+],-4.691,31,-0.1513225806451613
Cn1c(C)ncc1-c2nc(-c(nc3)ccc3C)nc(c24)ccc(c4)-c5ccc(o5)CO,-4.69,31,-0.15129032258064518
CCCNc(nc([nH+]1)NC)c(c12)nc(cc2)-c3cccc(c3)OC,-4.689,24,-0.195375
Cc1cc(co1)-c(c2)c(S(=O)(=O)C(C)(C)C)cc(c23)c(ncn3)N[C@H](C)c4ccccc4,-4.687,32,-0.14646875
s1cccc1-c(c(c2)OC)cc(c23)ncc4c3cc(nc4N)-c5cccc(F)c5,-4.687,29,-0.16162068965517243
COc1cccc(c1)-c(cc2)cc(c23)c(-c4c[nH+]c(C)n4C)nc(n3)-c5ccc(=O)n(c5)CC(=O)N,-4.687,36,-0.13019444444444445
s1cccc1C(=O)c2cc(-c(c3=O)cccn3C)cc(c24)ncnc4NC(F)(F)c5ccc(C(F)F)c(N)c5,-4.687,39,-0.12017948717948719
C1COCCN1c(n2)n(C)c(c23)cc(-c4cccc(F)c4)c(c3)-c5ccccc5C(=O)N,-4.686,32,-0.1464375
CC(C)n(n1)c(C(=O)C)cc1-c(c(c2)OC)cc(c23)ncc4c3cc(nc4N)-c5ccc(F)cc5,-4.685,35,-0.13385714285714284
CCn1nc(C)cc1-c(c2)c(OC)cc(c23)c4c(cn3)c(N)nc(c4)-c5ccc(OC)nc5,-4.685,33,-0.14196969696969697
CNc1nc([nH+]cc1C)NCc2cccc(C)c2C[NH+](C)C,-4.684,22,-0.2129090909090909
CN(C)Cc(c1)cccc1-c(c(c2)OC)cc(c23)c(ncn3)N[C@H](C)[C@H](C)CO,-4.684,29,-0.16151724137931034
NCc(c1)cccc1[C@H](C)Nc(c(c23)nccn3)nc(c2)-c4ccncc4,-4.684,27,-0.1734814814814815
c1ccccc1[C@H](C)Nc2nc(-c3ccccc3)ncc2-c4nccs4,-4.683,26,-0.18011538461538462
C[NH2+][C@H](C)CNc(ncn1)c(c12)c(-c3ccc(OC)cc3)cc(c2)-c4cccc(c4)COC,-4.683,33,-0.1419090909090909
s1cccc1-c(c(c2)OC)cc(c23)ncc4c3cc(nc4N)-c5cccs5,-4.683,27,-0.17344444444444443
c1ncccc1-c(n2)ccc(c23)nc(N[C@@H](C)c(c4)cccc4C)nc3NCCC[NH+]5CCCC5,-4.683,35,-0.1338
Cn1nccc1-c2cnc(nc2-c3ccncc3Cl)NCC(=O)Nc4cccc(C(F)(F)F)c4,-4.682,34,-0.13770588235294118
Cn(c1)c(=O)ccc1-c2nc(-c(c3)cccc3OC)nc(c24)ccc(c4)-c5ccc(OC)c(O)c5,-4.682,35,-0.13377142857142857
c1ncccc1Nc(nc2NC)ncc2-c3cccs3,-4.682,20,-0.23410000000000003
NC(=O)c1ccc(cc1)-c(c2)c(-c3ccccc3)cc(c24)ncnc4N[C@@H]5CCOC5,-4.682,31,-0.15103225806451614
COc1cccc(c1)-c(c2)nc(N)c(c23)cnc4c3cc(OC)c(c4)-c5cc(ccn5)[C@@H]6CCN(C)OC6,-4.682,38,-0.12321052631578948
Cc1ccc(cc1)C(=O)c(c2)c(-c3cnco3)cc(c24)c(ncn4)N[C@@H]5CCCN(C5)c6ccc(C(F)(F)F)cc6,-4.681,41,-0.11417073170731708
CCn1cc([nH+]c1C)-c(c2)c(OC)cc(c23)ncnc3N[C@@](C)([NH3+])[C@H](C)c4ccccc4,-4.681,32,-0.14628125
Cc(o1)ccc1-c2nc(-c(cc3)ccc3OC)nc(c24)ccc(c4)-c5ccc(OC)cc5O,-4.681,33,-0.14184848484848486
Fc1cccc(F)c1-c(cnc2NCC)c(n2)NCc3ccc(Br)cc3,-4.681,26,-0.18003846153846154
c1ncccc1-c(c(c2)OC)cc(c23)c(nc[nH+]3)NC[C@H](O)c4ccc(C)c(N)c4,-4.681,30,-0.15603333333333333
Cc1ccc(cc1)CNc2[nH+]cc(-c3ccccc3)c(n2)N[C@H](C)Nc4cc(N)cc(C(F)(F)F)c4,-4.68,36,-0.13
FC(F)(F)c(cc1)ccc1-c(cc2C)nc(n2)NCCCCC[NH3+],-4.68,24,-0.19499999999999998
CN(C)c1ncccc1-c(c(c2)OC)cc(c23)ncc4c3cc(nc4N)-c5ccccc5O,-4.68,33,-0.14181818181818182
CN(C)C(=O)Cn(cn1)c(=O)cc1-c2cc(-c3ccccc3C(=O)C)cc(c24)cnc(n4)N[C@H](C)c5ccc(C)cc5,-4.68,42,-0.11142857142857142
COc1ccc(cc1OC)-c2cnc(s2)Nc3cc(nc(n3)C)-c4cccc(N)c4,-4.679,30,-0.15596666666666667
COc1cc(C)ccc1CNc(c(c23)ncn3C)nc(n2)-c4ccccc4F,-4.679,28,-0.16710714285714287
c1ncccc1-c(n2)ccc(c23)nc(N[C@@H](C)c(cc4)ccc4C)nc3NC[C@H](O)c5cc(C)cc(C)c5,-4.679,38,-0.12313157894736843
Cc1ccc(C)c(c1)-c(cc2)cc(c23)c(-c4c[nH+]c(C)n4C)nc(n3)-c5ccc(=O)cc(n5)C(=O)N,-4.679,36,-0.12997222222222224
CCn1c[nH+]cc1-c(c2)c(cc(c23)c(c(cn3)C#N)NC(=O)C)NC(=O)c4ccccc4,-4.679,32,-0.14621875
CCc1ccc(c(N)c1)CNc(nc[nH+]2)c(c23)cc(c(c3)OC)-c4cc(F)ccc4F,-4.679,31,-0.15093548387096775
Cc1cc(N)ccc1S(=O)(=O)Nc2nc(-c3cccs3)ncc2-c4cccc(C#N)c4,-4.679,31,-0.15093548387096775
COc1ccccc1-c2c[nH+]c(nc2NC(C)C)NCc3ccccc3,-4.678,26,-0.1799230769230769
C[NH+](C)C[C@@H](O)c(nc1)ccc1-c(c(c2)OC)cc(c23)ncc4c3cc(nc4N)-c5ccc(F)cc5,-4.678,36,-0.12994444444444445
CCNC(=O)Nc(c(C#N)cn1)c(c12)cc(NC(=O)COCC)c(c2)-c3ccccc3,-4.678,31,-0.1509032258064516
Cn1cc(cn1)-c(c2)nc(c(c23)nccn3)NCC(=O)Nc4ccc(C(F)(F)F)cc4,-4.677,31,-0.15087096774193548
NC(=O)CNc1ncc(-c2cccs2)c(n1)-c3coc(F)c3,-4.677,22,-0.21259090909090908
Cc1ccc(cc1)CNc2nc(NCC[NH3+])[nH+]cc2-c3ccccc3C(=O)[O-],-4.677,28,-0.16703571428571426
C[N@H+]1CC[C@@H](CC1)Nc(nc2)nc(c23)nc(-c4ccsc4)c(c3)-c5ccccc5F,-4.677,30,-0.15589999999999998
Cc1ccc(cc1)CNc2[nH+]cc(c(n2)NC(C)C)-c3ccc(Cl)cc3,-4.676,26,-0.17984615384615385
c1ccccc1CNC(=O)Nc2ncc(-c3ccccc3C(F)(F)F)c(n2)-c4cccnc4,-4.676,33,-0.1416969696969697
c1cc(Br)ccc1-c(cnc2NC)c(n2)NC(=O)Nc3cc(OC)ccc3C,-4.675,28,-0.1669642857142857
CN(C)C(=O)c1cccc(c1)-c(nc2-c3ccc(O)cc3)nc(c24)ccc(c4)-c5ccccc5,-4.675,34,-0.13749999999999998
[NH3+]Cc(c1)cccc1[C@@H](C)Nc2nc(NCC(=O)c(cc3)ccc3OC)[nH+]c(c24)ccc(n4)-c5ccccc5F,-4.675,40,-0.11687499999999999
CN(C)Cc1nocc1-c(cnc2NC)c([nH+]2)NCc3ccc(C)cc3,-4.674,26,-0.1797692307692308
COc1ccccc1-c2cnc(NCCO)nc2C[C@@H]3CCC[N@@H+](CC3)Cc4ccccc4,-4.674,33,-0.14163636363636364
CCn1cncc1-c(c2)c(NC)cc(c23)c(c(C#N)c[nH+]3)NC[C@H](O)c4ccccc4,-4.674,31,-0.15077419354838711
NC(F)(F)c(cc1)ccc1[C@H](C)Nc(ncn2)c(c23)c(-c4cccc(F)c4)c(o3)-c5cccc(c5)C(=O)N,-4.673,38,-0.12297368421052632
Cc1ccnc(c1)-c(c2)c(S(=O)(=O)C(C)(C)C)cc(c23)c(ncn3)N[C@H](C)c4cc(N)cc(C(F)(F)F)c4,-4.672,38,-0.12294736842105262
OC[C@@H]([NH3+])[C@@H](C)c(c1)cc(-c(cc2C)ccc2CO)c(c13)c(ncn3)N[C@H](C)c4cn(C)cc4C,-4.671,35,-0.13345714285714286
COc1ncccc1-c(cc2)cc(c23)c(-c4ccc(O)cc4)nc(n3)-c5cccnc5,-4.671,31,-0.15067741935483872
OCCNc(n1)nc(cc1C)-c2ccc(cc2)NC(=O)n3ccnc3,-4.671,25,-0.18684
Cn1nccc(c1=O)-c(cc2)cc(c23)[nH+]cnc3NCC(F)(F)c4ccc(N)cc4,-4.671,30,-0.1557
CNc1ccc(Cl)cc1-c(nc2-c3ncno3)nc(c24)ccc(c4)-c5ccccc5C,-4.671,31,-0.15067741935483872
n1ccccc1-c(c(c23)c(ncn2)NC(=O)C)c(o3)-c4cccc(c4)CO,-4.671,27,-0.17300000000000001
Cc1ccc(cc1)NC(=O)Nc2nc(C)cc(n2)-c3ccc(cc3)NC(=O)n4ccnc4,-4.67,32,-0.1459375
COC(=O)c1cccc(c1)NC(=O)CNc(ncn2)c(c23)ccc(c3)-c4cccc(F)c4F,-4.67,33,-0.1415151515151515
C1COCCN1c(cc2)ccc2[C@H](C)Nc(ncn3)c(c34)ccc(c4)-c5cccc(c5)C(=O)N(C)C,-4.669,36,-0.12969444444444445
CCn1cc(ccc1=O)-c2ncc(-c3ccc(C)cc3)c(n2)NC(=O)Nc4ccccc4C,-4.669,33,-0.14148484848484846
COc1ccc(cc1OC)-c(cc2)cc(c23)c(-c4ccncc4)nc(n3)-c5ccncc5N,-4.669,33,-0.14148484848484846
Fc1ccccc1-c(cc2)nc(c23)c(NC(F)(F)C)nc(n3)NCCNC4CCCCC4,-4.668,32,-0.145875
C[N@H+]1CC[C@@H](CC1)Nc(nc2)nc(c23)nc(-c4c(F)cccc4F)c(c3)-c5ccccc5,-4.668,32,-0.145875
Clc(c1)cccc1[C@H](C)Nc(ncn2)c(c23)cc(-c4ccn(n4)C)c(c3)-c5cn(c[nH+]5)CC(=O)N(C)C,-4.667,37,-0.12613513513513513
CC(C)n(n1)ccc1-c(c(c2)OC)cc(c23)ncc(C#N)c3N[C@H](C)c4cccc(C)c4,-4.667,32,-0.14584375
COc1ccccc1-c2cnc(N[C@H](C)c3ccccc3)nc2-c4cn(c[nH+]4)C[C@H](C)O,-4.667,32,-0.14584375
CCCn1ncc(c1C)-c(c2)c(OC)cc(c23)c(c(cn3)C#N)N[C@H](C)c4ccc(C)cc4,-4.667,33,-0.14142424242424242
[NH3+]CC(=O)c1nc(NC(F)(F)F)ncc1-c2cccnc2,-4.667,21,-0.22223809523809523
[NH3+]CC/[NH+]=c1\nc(NCC)[nH]c(c12)ccc(n2)-c3c(C)noc3C,-4.666,24,-0.19441666666666668
C1CCCC1Nc([nH+]2)nc(NCC)c(c23)nc(cc3)-c4cccnc4,-4.665,25,-0.1866
c1cc(F)ccc1-c(nc(C)c2)c(c23)nc(nc3)NCCO,-4.665,22,-0.21204545454545454
Cc1ccccc1CNc2nc(NCCN3CCCC3)[nH+]cc2-c4ccc(Cl)cc4,-4.664,30,-0.15546666666666667
Cc1ncc([C@H](C)O)cc1-c(c2)cc(-c(cn3)ccc3C)c(c24)c(ncn4)N[C@H](C)c5cccc(c5)C(=O)N,-4.662,39,-0.11953846153846154
C1CCCC1Nc(c(c2)-c(cn3C)ccc3=O)cc(c24)c(c(cn4)C#N)Nc5ccccc5C(=O)N,-4.662,36,-0.1295
O=c(o1)cccc1-c(c(c2)OC)cc(c23)ncc4c3cc(nc4N)-c5cccnc5,-4.662,30,-0.1554
CCN(CC1)c(c12)ccc(c2)CNc(nc3)nc(c34)nc(c(c4)-c5ccccc5)-c6cccc(=O)n6C[C@H](C)N(C)C,-4.662,42,-0.111
c1occc1-c(nc(C)c2)c(c23)nc(nc3)NCCO,-4.661,20,-0.23304999999999998
CN(C)C(=O)\C=C([O-])\n(c1)c(C)cc1-c2cc(-c(cc3C)cc([nH+]3)C(C)C)cc(c24)cnc(n4)N[C@H](C)c5ccccc5,-4.661,43,-0.10839534883720929
C1CCC[NH+]1[C@@H](O)CNc(nc2NC)[nH+]cc2-c3cnccn3,-4.661,23,-0.20265217391304347
c1cc(F)ccc1-c(c2)c(cc(c23)c(NC)c(C#N)cn3)NCc4ccccc4,-4.661,29,-0.16072413793103446
c1ccccc1CNc(nc2N[C@@](C)([NH3+])CC)[nH+]cc2-c3ccccc3,-4.66,26,-0.17923076923076925
Cc1cc(N)cc(c1)[C@H](C)Nc(nc2)nc(c23)c(-c4cccc(=O)nc4)cc(c3)-c5ccc(nc5)C[NH+](C)C,-4.66,39,-0.11948717948717949
Cc1cccc(c1)[C@H](C)Nc(nc2NC(=O)CN(C)C)nc(c23)ccc(n3)-c4cccc(F)c4,-4.66,34,-0.13705882352941176
Fc1ccccc1-c(c(c2)OC)cc(c23)ncc4c3cc(nc4N)-c5cccnc5,-4.659,30,-0.1553
Brc(c1)cccc1-c2cnc([nH+]c2NCOC)NCc3cc(C)ccc3C,-4.659,27,-0.17255555555555555
c1ncccc1-c(c(c2)NC(=O)C)cc(c23)ncc(C#N)c3NC[C@H](C)O,-4.659,27,-0.17255555555555555
CCNc(n1)c(ncnc2)c2c(c13)ccc(c3)-c4ncc(C)n4CC,-4.659,25,-0.18636
Cc1ccc(cc1)-c2cnc(s2)Nc3cc(nc(n3)C)-c4ccc(cc4)OC[C@H](C)[NH3+],-4.658,31,-0.15025806451612905
NC(=O)CNc(nc1)nc(c12)nc(c(c2)-c3ccsc3)-c4ccccc4,-4.658,26,-0.17915384615384616
NC(=O)CCn(c1)ncc1-c(c2)cc(-c(c3)cccc3C)c(c24)nc(nc4)N[C@H](C)c5ccc([NH3+])c(C)c5,-4.658,38,-0.12257894736842107
Cc(n1)n(C)cc1-c(n2)nc(-c(cc3)ccc3C)c(c24)cc(cc4)-c5cccnc5,-4.658,30,-0.1552666666666667
COc1cccc(c1)-c(nc2/N=C(/C)O)nc(n23)c(cn3)-c4ccccc4,-4.657,27,-0.17248148148148149
c1ccccc1C[C@@H](O)Cc(cc2)cc(c23)[nH+]cnc3NCCc4ccc(F)cc4,-4.657,30,-0.15523333333333333
CC(C)c1cccc(c1)[C@H](C)Nc(c2)c(-c3cccc(=O)n3C)cc(c24)ncc(C#N)c4NC[C@H](C)[N@H+]5CCO[C@H](O)CC5,-4.656,44,-0.10581818181818181
c1ccccc1C(=O)CN2CC[C@@H](C2)Nc(nc(n3)-c4ccccc4)n(c35)ncc5-c6cccs6,-4.656,35,-0.1330285714285714
C[N@H+]1CC[C@@H](CC1)Nc(nc2)nc(c23)nc(c(c3)-c4ccn(n4)C)-c5ccc(F)cc5,-4.656,31,-0.15019354838709675
O=c(c1)n(C)ccc1-c(c(c2)OC)cc(c23)ncc4c3cc(nc4N)-c5ccccc5,-4.655,31,-0.15016129032258066
[nH+]1ccc(Cl)cc1[C@H](C)Nc(c(c23)nccn3)nc(c2)-c4cccnc4,-4.655,26,-0.17903846153846154
CC(=O)Nc1cc(O)cc(c1)-c(cc2)cc(c23)c(-c4c(C)noc4C)nc(n3)-c5ncccn5,-4.655,34,-0.13691176470588237
COc(c1)cccc1Nc(cc(c23)c(NC)c(C#N)cn2)c(c3)-c4cc(=O)n(C)nc4C,-4.653,32,-0.14540625
C[NH2+][C@H](C)CNc(ncn1)c(c12)c(-c3cccc(C(=O)[O-])c3)cc(c2)-c4cccc(c4)COC,-4.653,34,-0.13685294117647057
Cc1cccc(c1)CNc(nc2NCCCO)nc(c23)ccc(n3)-c4cccc(C)c4,-4.653,31,-0.15009677419354836
Cc1ccc(C)c(c1)-c2cc(C)nc(n2)NCC[NH+]3CCN(CC3)CCn4cc[nH+]c4,-4.653,31,-0.15009677419354836
COc1ccc(cc1OC)-c2cnc(s2)Nc3cc(nc(n3)C)-c4cccc(c4)C(=O)N(C)C,-4.653,34,-0.13685294117647057
OCCNc1nc(NCCO)[nH+]c(c12)ccc(n2)-c3ccccc3,-4.651,24,-0.19379166666666667
OCc(cc1)ccc1-c(c(c2)OC)cc(c23)ncc(C#N)c3N[C@H](C)CO,-4.65,27,-0.17222222222222225
Cc(c1)nncc1-c(n2)cc(NC(=O)CNC)n(c23)ncc3-c4ccccn4,-4.65,28,-0.1660714285714286
C[C@@H]1CCC[N@@H+](C1)Cc2ccnc(c2)[C@H](C)Nc(c(c34)cccc4)nc([nH+]3)-c5cccc(C(F)(F)F)c5,-4.649,37,-0.12564864864864864
COc1cncnc1-c(cc2)cc(c23)[nH+]cnc3N[C@@H](C4)CO[C@@]4(C)c5cccc(C)c5,-4.649,32,-0.14528125
Oc(c1)cccc1[C@H](C)Nc(ncn2)c(c23)c(-c4ccncc4)cc(c3)-c5ccccn5,-4.649,32,-0.14528125
C[NH+](C)[C@@H](C)CNc1cc(-c(c2)cccc2C)nc(n13)c(cn3)-c4ccn(C)c(=O)c4,-4.649,31,-0.14996774193548387
COc1ccc(cc1)Nc(c2)c(-c3ccc(=O)n(C)c3)cc(c24)ncc(C#N)c4NCc5cccc(C)c5,-4.648,38,-0.1223157894736842
CNC(=O)c1cc(ccn1)-c(c2)c(-c3ccc(F)cc3)cc(c24)oc(n4)N5CCOCC5,-4.647,32,-0.14521875
CNC(=O)c1ccc(cc1)-c(c(c23)c(ncn3)NCC(C)(C)[NH3+])c(o2)-c4ccccc4C,-4.647,32,-0.14521875
COc1ncccc1-c(c(c2)OC)cc(c23)ncc4c3cc(nc4N)-c5cccnc5,-4.646,31,-0.14987096774193548
CC(C)c1ccc(cc1)[C@H](C)Nc(cc(n2)OCC(=O)N(C)C)n(c23)ncc3-c4ccccc4F,-4.646,35,-0.13274285714285713
OC[C@@H](C)Nc(nc[nH+]1)c(c12)cc(c(c2)-c3cnn(C)c3)-c4ccn(c4)CC(=O)N,-4.646,30,-0.15486666666666665
C[NH2+][C@@H](C)CNc(ncn1)c(c12)c(-c(n3CC)c[nH+]c3C)cc(c2)-c4cccc(Cl)c4,-4.646,31,-0.14987096774193548
C[NH+](C)CCNc1nc(NC)nc(c12)ccc(n2)-c3ccc(F)cc3,-4.645,25,-0.1858
CCc1cc(cc(C)c1C)NC(=O)Nc(nc2)nc(c23)c(nc(c3)C)-c4ccccc4,-4.645,31,-0.14983870967741933
Cc1nnccc1-c(nc2NCC[NH3+])nc(c23)cccc3,-4.645,21,-0.22119047619047616
o1cccc1-c(cc2C)nc(n2)N[C@@H]3CC[C@H](O)[C@@H](C3)Oc4ccc(C)c(C)c4,-4.645,29,-0.16017241379310343
Cn1c(C)[nH+]cc1-c(c(c2)OC)cc(c23)ncc4c3cc(nc4N)-c5ccc(C(=O)N)cc5,-4.645,33,-0.14075757575757575
COc1ccc(cc1OC)-c(cc2)cc(c23)nc(NCC[NH3+])c4c3cnc(n4)NC5CC5,-4.644,32,-0.145125
Cc1cccc(c1)NC(=O)Cc(cc2-c3ccncc3)cc(c24)ncnc4N[C@H](C)c5cn(C)cc5C,-4.644,37,-0.12551351351351353
COc1ccc(cc1O)-c(c2)nc(N)c(c23)cnc4c3cc(OC)c(c4)-c5cccc(c5)C(=O)N(C)C,-4.643,37,-0.12548648648648647
COc1ccccc1-c(c2)nc(N)c(c23)cnc4c3cc(OC)c(c4)-c5ccccc5OC,-4.643,33,-0.14069696969696968
c1oncc1-c(n2)nc(NC(=O)c(n(C)c3)cc3C)n(c24)ncc4-c5ccncc5,-4.642,30,-0.15473333333333333
Cc1c(Cl)cccc1-c(nc2NCC[NH3+])nc(n23)c(cn3)-c4cc(C(=O)N)ccn4,-4.642,30,-0.15473333333333333
CCn1c[nH+]c(c1)-c(cc2)cc(c23)nc(NCC[NH3+])c4c3cnc(n4)NC5CC5,-4.641,29,-0.1600344827586207
Cc1cc(N)ccc1S(=O)(=O)Nc2nc(-c3ccccn3)ncc2-c4cccc(C#N)c4,-4.641,32,-0.14503125
COc1ccccc1-c2nc(N[C@H](C)c3cccc(C(F)(F)F)c3)ncc2-c4[nH+]ccn4C,-4.64,33,-0.1406060606060606
CC(C)n1nccc1-c(c(c2)OC)cc(c23)ncc(C#N)c3N[C@H](C)c4ccccc4,-4.64,31,-0.1496774193548387
Cc1cccc(c1)CNc(ncn2)c(c23)cc(c(c3)-c4cn(C)cn4)-c5ccc(cc5)C(=O)N6CCOCC6,-4.64,39,-0.11897435897435897
Cc(c1)cncc1Oc(c(c2)OC)cc(c23)c(ncn3)NC(=O)c4ccc(N)cc4,-4.64,30,-0.15466666666666665
Fc(c1)c(F)ccc1-c(n2)cc(nc2C)Nc3ncc(s3)-c4ccncc4,-4.639,27,-0.17181481481481484
O=C([O-])c(cc1)ccc1-c2nc(-c3nccn3C)nc(c24)ccc(c4)-c5ccccc5F,-4.638,32,-0.1449375
c1ncccc1-c2cnc(nc2NCC)NC(=O)Cn(nc3)c(c34)CCCC4,-4.638,28,-0.16564285714285715
CC(=O)Nc(c(C#N)cn1)c(c12)cc(NCCC[NH3+])c(c2)-c3cccnc3,-4.638,27,-0.17177777777777778
C[NH+](C)CCNc(nc1)nc(c12)nc(-c3ccccn3)c(c2)-c4cccnc4,-4.638,28,-0.16564285714285715
Cn(c1)ncc1Oc(c(c2)OC)cc(c23)c(ncn3)NC(=O)c4ccc(N)cc4,-4.637,29,-0.15989655172413791
O=c(o1)cccc1-c(c(c2)OC)cc(c23)ncc4c3cc(nc4N)-c5cccc(F)c5,-4.637,31,-0.1495806451612903
CCc1cccc(c1)-c(cc2)nc(c23)c(N[C@H](C)c4ccccc4C)nc(n3)NCc5cccc(c5)OC,-4.637,38,-0.12202631578947368
Cn1ccnc1-c2nc(-c(cn3)ccc3C(=O)NC)nc(c24)ccc(c4)-c5ccccc5C,-4.637,33,-0.1405151515151515
COc1cccc(c1)-c2cc(nc(n2)C)Nc3ncc(s3)-c4cc(C)nc(n4)C,-4.636,29,-0.15986206896551725
Cc1sccc1-c(n2)cc(nc2C)Nc3ncc(s3)-c4cccnc4F,-4.636,26,-0.1783076923076923
c1ncccc1-c(c(c2)OC)cc(c23)ncc4c3cc(nc4N)-c5cccc(OC)c5O,-4.633,32,-0.14478125
Cc1cccc(c1)OC[C@H](C)Nc(ncn2)c(c23)c(c(o3)-c4ccc(F)cc4)-c5cccc(c5)C[NH+](C)C,-4.633,38,-0.12192105263157894
Nc1cccc(c1)C(=O)Nc2ncc(-c3[nH+]cccc3[O-])c(n2)-c4ccncc4,-4.633,29,-0.15975862068965518
CCn1cc(c(n1)C)-c2cnc(-n3nc(C)cc3C)nc2NC4CC[NH2+]CC4,-4.632,28,-0.16542857142857142
CCOCCNc(c(C#N)cn1)c(c12)cc(NC3CCCC3)c(c2)-c4cccnc4,-4.632,30,-0.15439999999999998
Cc1ccc(cc1)[C@H](C)Nc(ncn2)c(c23)c(c(o3)-c4cccc(C)c4)-c5cccc([nH+]5)N(C)C,-4.632,35,-0.13234285714285712
COc1ccc(cc1N(C)C)-c(cc2)cc(c23)nc(NC(C)(C)CO)c4c3cncn4,-4.632,31,-0.14941935483870966
Fc1ccccc1-c(n2)nc(NC[NH2+]CC)n(c23)ncc3-c4ccc(=O)n(c4)C(=O)COC,-4.632,33,-0.14036363636363636
c1nc(=O)cccc1-c(n2)nc(-c3ccccc3C)c(c24)cc(cc4)-c5cc(N)ccc5O,-4.632,33,-0.14036363636363636
c1ncccc1-c(n2)nc(NCC(=O)NC)n(c23)ncc3-c4cccc(F)c4,-4.631,28,-0.16539285714285715
CC(=O)CO[N-]c(n1)c(C(=O)N)c(n12)nc(-c3cccc(C)c3)cc2-c4ccc(F)cc4,-4.631,32,-0.14471875
CCCNc(nc1)nc(c12)n(-c3cccc(O)c3)c(=O)c(c2C)-c4ccncc4,-4.631,29,-0.1596896551724138
Cc1ccc(C)c(c1)NC(=O)Nc(ncn2)c(c23)ccc(c3)-c4cc(C(=O)N)nc(n4)C,-4.63,32,-0.1446875
Cc1ccc(cc1)-c(cn2)c(n23)nc(nc3NCCO)C[C@H](C4)O[C@H](C4=5)C=CC=CC5,-4.63,31,-0.14935483870967742
CN(C)C(=O)c1nccn1-c(c(c2)OC)cc(c23)ncc4c3cc(nc4N)-c5ccccc5,-4.63,33,-0.1403030303030303
Cc1cc[nH+]cc1-c(cn2)c(n23)nc(-c4cccc(C)c4C)cc3N[C@H](C)c5cccc(C(F)(F)F)c5,-4.63,37,-0.12513513513513513
Cc1nn(C)cc1-c(c(c2)OC)cc(c23)ncc(C#N)c3N[C@H](C)c4cccc(c4)[C@H](C)O,-4.629,33,-0.14027272727272727
n1ccncc1-c(c(c2)OC)cc(c23)ncc4c3cc(nc4N)-c5cccnc5,-4.629,29,-0.1596206896551724
c1cc(F)ccc1-c(n2)nc(NCC)n(c23)ncc3-c4ccc(cc4)[C@H](C)NC(=O)C,-4.628,31,-0.14929032258064517
O=Nc(c1)cccc1-c2nc(-c(c3)cccc3C)nc(c24)ccc(c4)-c5ccc(O)cc5,-4.628,32,-0.144625
c1cc(C)ccc1CNc(nc2NCC)[nH+]cc2-c3cccc(c3)OC,-4.627,26,-0.17796153846153845
Cc1cn(C)c([nH+]1)-c(nc(c23)n(cn3)C)nc2NCCc4ccccc4,-4.627,26,-0.17796153846153845
CCNC(=O)Nc(c(C#N)cn1)c(c12)cc(NCC)c(c2)-c3ccc(F)cc3,-4.627,28,-0.16524999999999998
COc1cccc(c1)CNc2[nH+]c(ncc2-c3noc(n3)C)NCc4cc(C)ccc4C,-4.627,32,-0.14459375
COc1cc(C)ccc1-c(c2C)c(=O)n(C)c(c23)nc(nc3)N[C@H](C)CO,-4.627,27,-0.17137037037037037
o1cc(F)cc1-c(cc2)cc(c23)c(C(C)C)nc(n3)-c4cccc(C(=O)[O-])c4,-4.626,28,-0.16521428571428573
Fc1ccccc1-c(nc(c23)n(C)cn2)nc3N[C@@H]4CCC[N@@H+](C4)CC[NH3+],-4.626,27,-0.17133333333333334
CN(C)S(=O)(=O)[N-]c(nc1)ccc1-c(c(c2)-c(cc3)ccc3OC)cc(c24)ncnc4NCc5cccc(C)c5,-4.625,40,-0.115625
CCCNc1nc(NCC)[nH+]cc1-c2cccc(c2)C(=O)N,-4.624,22,-0.21018181818181816
CN(C)CC(=O)Nc(cc(n1)C(=O)CO)n(c12)ncc2-c(c3)cn(c34)cccc4,-4.624,29,-0.15944827586206894
Cc(c1)c(C)ccc1NC(=O)Nc(nc2NCOC)ncc2-c3cccc(c3)C(=O)NC(=O)[C@H]([O-])C(F)(F)F,-4.624,39,-0.11856410256410256
COc1cccc(c1)CNc2nc([nH+]cc2-c3cnccn3)NC[C@H](C)c4cccc(C)c4,-4.624,33,-0.14012121212121212
Cc1ccccc1-c(cn2)c(n23)nc(-c4ccsc4)nc3N[C@@H]5CCN(C5)Cc6ccccc6,-4.624,34,-0.13599999999999998
CC[C@H](C)n1ccnc1-c2cnc(N[C@H](C)c3cccc(C)c3)[nH+]c2NCc4ccc(OC)cc4,-4.623,35,-0.13208571428571428
Fc1ccccc1-c(n2)cc(nc2C)Nc3ncc(s3)-c4cc[nH+]cc4[O-],-4.621,27,-0.17114814814814816
c1ccccc1-c2nc(-c(cc3)ccc3[C@H](C)O)nc(c24)ccc(c4)-c5cccnc5,-4.62,31,-0.14903225806451614
NCc(c1)cccc1[C@H](C)Nc(c(c23)nccn3)nc(c2)-c4cc(F)ccc4F,-4.62,29,-0.15931034482758621
CC(C)n(c(=O)c1)ccc1-c(n2)cc(N[C@H](C)CO)n(c23)ncc3-c4ccc(O)cc4,-4.62,31,-0.14903225806451614
COc1ccccc1CNc2ncc(c(n2)-c3ccco3)-c4ncccc4[O-],-4.619,28,-0.1649642857142857
CCn1cc(c(n1)C)-c2cnc(nc2NCCO)-c3cc(N)ccc3C(F)(F)F,-4.618,29,-0.15924137931034485
C[NH+](C)[C@@H](C)c(cn1)cnc1-c(c(c2)OC)cc(c23)ncc(C#N)c3N[C@H](C)c4cccc(c4)[C@H](C)O,-4.618,37,-0.12481081081081082
C[C@H](O)c1ccccc1-c2cnc(-c3[nH+]ccn3C)nc2N[C@H](C)c4ccccc4,-4.617,30,-0.1539
C[C@H](O)c(c1)cccc1-c(c(o2)[C@@H](C)CC)c(c23)c(ncn3)Nc4cc(O)ccc4C#N,-4.617,32,-0.14428125
CCc1cccc(c1)[C@H](C)Nc(c(C#N)cn2)c(c23)cc(OC)c(c3)-c4ccc(C)n(C)c4=O,-4.617,34,-0.13579411764705882
Fc(c1)cccc1Oc(c(c2)OC)cc(c23)c(ncn3)NC(=O)CN(CCC4)c(c45)cccc5,-4.617,34,-0.13579411764705882
Cc1ccc(cc1)CNc2ncc(-c3ccccc3)c(n2)N[C@H](C)Nc4cc(N)cc(C(F)(F)F)c4,-4.616,36,-0.1282222222222222
Cc1cccc(c1)[C@H](C)c2c[nH+]c(-c3cccnc3)nc2N[C@H](C)c4cc(C(F)(F)F)cc(n4)C,-4.615,35,-0.13185714285714287
Fc1ccccc1-c(n2)cc(NC(=O)c(c3)cncc3C)n(c24)ncc4-c5ccc(Cl)cc5,-4.615,33,-0.13984848484848486
Brc(c1)cccc1-c(c(c2)OC)cc(c23)ncc(C#N)c3NC(C)C,-4.615,25,-0.18460000000000001
FC(F)(F)c(c1)cccc1CN2CC[C@H](CC2=O)Nc3ncc(-c4cccnc4)c([nH+]3)NCc5ccccc5,-4.614,39,-0.11830769230769231
n1ccccc1-c(nc2NCC)ncc2-c3cccc(C#N)c3,-4.613,23,-0.20056521739130437
COc1ccc(cc1)CNc2nc(NCc3ccccc3C)[nH+]cc2-c4cccn4C(=O)[O-],-4.613,33,-0.1397878787878788
Cc1ncccc1-c2c[nH+]c(nc2NCOC)Nc3cccc(=O)n3[C@H](C)C(=O)N(C)C,-4.612,32,-0.144125
COc1cc(cc(c1)OC)NCC(=O)c(cc2)nc(c23)c(N[C@H](C)c4cccc(c4)C(C)C)nc(n3)NC(=O)c5cc(N)cc(C(F)(F)F)c5,-4.611,50,-0.09222
C[C@H](O)c(c1)cccc1-c(c(o2)CC)c(c23)c(ncn3)N[C@H](C)c4cc(N)cc(C(F)(F)F)c4,-4.611,34,-0.1356176470588235
Nc1cc(C(F)(F)F)ccc1[C@H](C)Nc(ncn2)c(c23)c(cc(c3)-c4ccc(nc4)[C@H](C)[NH+](C)C)-c5cccc(c5)C(=O)N6CCOCC6,-4.611,49,-0.09410204081632653
Cn1nc(C)nc1-c(c2)c(cc(c23)c(NC)c(C#N)cn3)N[C@H](C)c4cccc(C)c4,-4.611,31,-0.14874193548387096
CC(=O)Nc1cccc(c1)-c(cn2)c(n23)nc(-c4cccc(C)c4)cc3N[C@@H]5CC[N@@H+](C)CC5,-4.611,34,-0.1356176470588235
Cc1cccc(c1)[C@H](C)Nc(nc2)nc(c23)nc(c(c3)C(C)C)-c4[nH+]ccn4C,-4.611,29,-0.159
[NH3+]CCCNc([nH]1)n/c(=[NH+]\OCC)c(c12)nc(cc2)-c3ccccc3,-4.611,25,-0.18444
Fc1ccccc1-c(n2)cc(nc2C)Nc3ncc(s3)-c4ccccc4F,-4.611,27,-0.17077777777777778
COc1ccc(cc1)CNc2[nH+]c(N[C@H](C)c3ccccc3)ncc2-c(cs4)c(c45)CCC5,-4.61,33,-0.1396969696969697
Cc1ccc(cc1)CNc(n2)c(C(=O)N)c(n23)nc(cc3-c4ccco4)-c5ccccc5F,-4.61,33,-0.1396969696969697
CC(C)c(c1)cccc1[C@@H](C)Nc2nc(N[C@H](C)C[C@H](C)N3CCOCC3)[nH+]c(c24)ccc(n4)-c5cccc(c5)C[NH+](C)C,-4.609,44,-0.10475
c1cc(Cl)ccc1C(=O)Nc(nc(n2)-c3cccs3)n(c24)ncc4-c5ccncc5,-4.609,30,-0.15363333333333334
CN(C)C(=O)c1cccc(c1)-c(cc2)cc(c23)nc(Nc4cccnc4)c5c3cnc(n5)NC6CC6,-4.609,36,-0.12802777777777777
CC(=O)Nc1cccc(c1)CNc(c(C#N)cn2)c(c23)cc(NC(C)C)c(c3)-c4ccncc4,-4.609,34,-0.13555882352941176
Cn1c(C)ncc1-c(cc2)cc(c23)c(-c(c4)cccc4OC)nc(n3)-c5cnccc5C,-4.609,32,-0.14403125
CCC[C@H]([NH3+])Nc(nc1)nc(c12)nc(-c3cccc(Cl)c3)c(c2)-c4cc(N)cc(O)c4,-4.609,31,-0.14867741935483872
O=c(c1)n(C)ccc1-c(c(c23)c(ncn2)NC(C)C)cc(c3)-c4ccccn4,-4.608,28,-0.16457142857142856
COc1cccc(c1)-c2cc(nc(n2)C)Nc3ncc(s3)-c4cn(C)cc4C,-4.608,28,-0.16457142857142856
NC(=O)c(cc1)ccc1-c(o2)c(-c(n3)ccn3C)c(c24)c(ncn4)Nc5cccc(O)c5,-4.608,32,-0.144
Oc(c1)cccc1[C@H](CC)Nc(ncn2)c(c23)c(-c4cccc(F)c4)c(o3)-c5cnc(C)n5C,-4.608,34,-0.13552941176470587
C[N@H+]1CC[C@@H](CC1)Nc(nc2)nc(c23)nc(-c4cnccn4)c(c3)-c5cccc(Br)c5,-4.607,31,-0.14861290322580645
O=c(c1)occc1-c(c(c2)OC)cc(c23)ncc(C#N)c3N[C@H](C)[C@@H]4CC[N@@H+](C4)Cc5cc(C(F)(F)F)cc(C(F)(F)F)c5,-4.607,44,-0.10470454545454545
Cc1ccc(cc1)-c(cc2)cc(c23)c(nc(n3)-c4cnn(C)c4)-c5cccc(c5)C(=O)N,-4.606,32,-0.1439375
o1cccc1-c(cc2C)nc(n2)NC(=O)CN(C3=O)C(=O)c(c34)cccc4,-4.604,27,-0.1705185185185185
Cc1cc(n(n1)C)-c(cn2)c(n23)nc(-c4cccc(F)c4)nc3NCC[NH+](C)C,-4.604,29,-0.15875862068965518
c1ccccc1[C@@H](C)[C@H](CO)Nc(nc[nH+]2)c(c23)ccc(c3)-c4cnn(C)c4,-4.604,28,-0.16442857142857142
Cn(c1)c(=O)ncc1-c(nc(C)c2)c(c23)nc(nc3)Nc4nccn4C,-4.604,26,-0.17707692307692308
Cc1cccc(c1)-c(c2)c(S(=O)(=O)C(C)(C)C)cc(c23)c(ncn3)N[C@H](C)c4ccccc4,-4.604,33,-0.1395151515151515
OCc(c1)cccc1-c(c2)cc(-c(cn3)ccc3C)c(c24)c(ncn4)N[C@@](C)(C(=O)[O-])c5cccc(N)c5,-4.602,38,-0.12110526315789474
c1cc(C)ccc1-c(n2)cc(NCC)n(c23)ncc3-c4ccn(c4)C(=O)C(=O)N(C)C,-4.602,31,-0.1484516129032258
C1CC1Nc(nc2)nc(c23)nc(c(c3)-c(cn4)ncc4C)-c5ccnc(c5)NC(=O)C(C)(C)O,-4.602,34,-0.1353529411764706
C=CCn1cc(cn1)-c(cc2)cc(c23)nc(N[C@H](C)c4cc(C)cc(c4)C(C)(C)O)c5c3cnc(n5)NC6CC6,-4.602,40,-0.11505000000000001
c1ccccc1C[N@@H+](CC2)CC[C@H]2Nc(nc3NCOC)ncc3-c4cccn4CC(=O)C(=O)N(C)C,-4.601,37,-0.12435135135135135
c1cc(O)ccc1-c2nc(-c(c3)ccn3C)nc(c24)ccc(c4)-c5ccco5,-4.6,28,-0.16428571428571428
Cc1ccccc1CNc2ncc(-c3cccs3)c([nH+]2)NCc4ccccc4C,-4.6,29,-0.1586206896551724
FC(F)(F)c(c1)cccc1-c(n2)nc(NCC=C)n(c23)ncc3-c4ccncc4,-4.6,29,-0.1586206896551724
COc1cccc(c1)-c2ncc(-c3ccncc3)c(n2)NCc4cccc(c4)[NH+]5CCCCC5,-4.6,34,-0.13529411764705881
CC[N@H+]1CC[C@@H](CC1)[C@H](C)Nc(ncn2)c(c23)cc(c(c3)-c4ccc(C(=O)[O-])cc4)-c5cccc(c5)CO,-4.6,38,-0.12105263157894736
CC(=O)N1CCC(CC1)Nc2[nH+]c(NCc3ccc(C)cc3)ncc2-c4ccnn4C,-4.599,31,-0.14835483870967742
Fc(c1)cccc1-c(cc2C)nc(n2)N[C@@H]3CC[N@H+](C3)[C@H](C)c4cccc(F)c4,-4.599,29,-0.15858620689655173
CC(=O)N(C1)CCC[C@H]1Oc(c(c2)OC)cc(c23)c(nc[nH+]3)NC[C@H]([NH3+])c4cc(N)cc(C(F)(F)F)c4,-4.599,37,-0.1242972972972973
Cc1cccc(c1)NC(=O)Nc(n2)c(C(=O)N)c(n23)nc(-c4ccncc4)cc3-c5cccc(n5)C,-4.598,36,-0.1277222222222222
c1ccccc1-c(n2)nc([N-]C(=O)c(n(C)c3)cc3C)n(c24)ncc4-c5ccncc5,-4.597,31,-0.14829032258064517
o1ncnc1-c(cc2)nc(c23)c(NCC)nc(n3)N[C@H](C)c4cccc(C)c4,-4.597,28,-0.16417857142857145
COc1ncccc1-c(c(c2)OC)cc(c23)ncc4c3cc(nc4N)-c5ccn(n5)C,-4.597,31,-0.14829032258064517
COc1cc(OC=O)[nH+]cc1-c(cn2)c(n23)nc(-c4ccc(C)cc4)nc3NCc5ccc(C(F)(F)F)cc5,-4.596,39,-0.11784615384615385
COc1cccc(c1)-c(c2)c(-c3cccs3)nc(c24)nc(nc4)NCCN5CCC[C@@H]5C,-4.596,32,-0.143625
CCOC(=O)NC(=O)c1cccc(c1)-c(nc2-c3ncco3)nc(c24)ccc(c4)-c5ccc(C)cc5,-4.595,36,-0.12763888888888889
Cc1ccc(c(C)c1)-c(cc(n2)C)n(c23)nc(c3C(=O)N)NCc4cccc(O)c4,-4.595,30,-0.15316666666666665
C1CCCCCN1C(=O)Nc2nc(-c3cccc(F)c3)ncc2-c4ccncc4,-4.595,29,-0.15844827586206894
CC(C)c(c1)cccc1[C@@H](C)Nc2nc(N[C@H](C)C[C@H](C)[NH+]3CCOCC3)nc(c24)ccc(n4)-c5cccc(c5)C[NH+](C)C,-4.595,44,-0.10443181818181818
Cc1cc(N)cc(c1)C(=O)Nc(n2)c(ncnc3)c3c(c24)ccc(c4)-c5ccncc5,-4.595,31,-0.1482258064516129
Brc(c1)cccc1-c(c(=O)n2C)c(C)c(c23)cnc(n3)NCC[NH+](C)C,-4.594,26,-0.1766923076923077
C[C@H]([NH3+])[N-]c(n1)c(C(=O)N)c(n12)nc(-c(cc3)ccc3C)cc2-c4ncc(o4)C,-4.594,29,-0.15841379310344827
FC(F)(F)c(c1)cc(N)cc1[C@H](C)Nc(ncn2)c(c23)c(cc(c3)-c4cccnc4C(=O)N)-c5cccc(c5)C(=O)NC(=O)C[NH+](C)C,-4.594,48,-0.09570833333333334
O1CCC[C@H]1CCNc2nc(NCc3ccccc3)nc(c24)ccc(n4)-c5ccncc5,-4.593,32,-0.14353125
Cc1cccc(c1)-c(cc2)nc(c23)c(\nc([nH]3)NCC(=O)N)=[NH+]\c4c[nH+]ccc4C,-4.593,30,-0.15309999999999999
COC(=O)c1cccc(c1)NC(=O)CNc(ncn2)c(c23)ccc(c3)-c4cnccc4C,-4.593,32,-0.14353125
CC[N@H+]1CC[C@@H](CC1)Nc(n2)c(C(=O)N)c(n23)nc(-c4ccco4)cc3-c5cc(F)ccc5F,-4.593,34,-0.13508823529411765
Cc1ccc(cc1)CNc(ncn2)c(c23)cc(S(=O)(=O)C(C)(C)C)c(c3)-c4ccc(F)cc4,-4.592,33,-0.13915151515151514
Cn(c1)c(=O)ccc1Nc2nc(NCC)[nH+]c(c23)ccc(n3)-c4ccc(C)cc4,-4.592,29,-0.15834482758620688
c1ccccc1-c(c(c2)OC)cc(c23)ncc(C#N)c3N[C@H](C)[C@@H]4CC[N@@H+](C4)Cc5cc(C(F)(F)F)cc(C(F)(F)F)c5,-4.592,43,-0.1067906976744186
n1ccncc1-c(c(c2)OC)cc(c23)ncc4c3cc(nc4N)-c5ccco5,-4.591,28,-0.16396428571428573
CCn1ccc(n1)Nc2nc([nH+]cc2-c3ncco3)NCc4cc(C)ccc4C,-4.591,29,-0.1583103448275862
Cn1c(=O)cccc1-c(c(c2)NC)cc(c23)ncc(C#N)c3N[C@H](C)c4ccc(C(F)(F)F)cc4,-4.59,35,-0.13114285714285714
C[NH+](C)CCNc(nc1)nc(c12)nc(-c3ccccn3)c(c2)-c4ccccc4F,-4.59,29,-0.15827586206896552
c1cc(C)ccc1-c(c(c2)OC)cc(c23)ncc(C#N)c3NCC[NH+](C)C,-4.589,27,-0.16996296296296298
c1cccc(c12)nc(-c(cc3)ccc3C)nc2NC(=O)COc4ccc(Br)cc4,-4.588,29,-0.15820689655172415
CN1C[C@@H](CC1=O)CC(=O)Nc2nccnc2-c(c(c34)cc(cc4)-c5ccn(C)c5)nc(n3)-c6cc(N)ccc6C(F)(F)F,-4.588,44,-0.10427272727272728
c1ccccc1-c(n2)cc(nc2C)Nc3ncc(s3)-c4cscn4,-4.588,24,-0.19116666666666668
Fc1cc([O-])ccc1-c(nc(c23)n(C)cn2)nc3NCCCN(CC4)c(c45)cccc5,-4.586,31,-0.14793548387096775
c1cc(Cl)ccc1-c(n2)cc(nc2C)Nc3ncc(s3)-c4ccccc4,-4.586,26,-0.1763846153846154
COc1cc(C)c([C@H](C)O)cc1NC(=O)Nc(cc(n2)-c3cccc(F)c3C)n(c24)ncc4-c5ccc(F)cc5,-4.585,40,-0.114625
Cn1nncc1-c2cnc(N[C@](C)(O)c3cccc(Cl)c3)[nH+]c2NCc4ccccc4,-4.584,31,-0.14787096774193548
COc1ccc(cc1)CNc2nc(NCc3ccccc3C)ncc2-c4cccn4C(=O)[O-],-4.584,33,-0.1389090909090909
COc1ccc(cc1)CC(=O)Nc(c(C#N)cn2)c(c23)cc(NC(=O)C)c(c3)-c4ccccc4,-4.584,34,-0.1348235294117647
Cc1cccc(c1)-c(cn2)c(n23)nc(cc3NCC[C@H](C)O)C(=O)c4cccc(C#N)c4,-4.583,32,-0.14321875
COc1cc(ccn1)-c(cn2)c(n23)nc(-c4ccc(C)cc4)nc3NCC(=O)N5CC[NH+](CC5)C[C@H](C)O,-4.583,38,-0.12060526315789474
COc(c1)c(OC(=O)C)cc(c12)c(nc[nH+]2)NCCOc3ccc(F)cc3,-4.583,27,-0.16974074074074075
Clc1ccccc1CNc2ncc(-c3ncco3)c(n2)NCCN4CCOCC4,-4.583,29,-0.1580344827586207
FC(F)(F)c(c1)cc(N)cc1[C@@H](C)Nc(ncn2)c(c23)c(-c(c4)cc(OC)cc4OC)c(o3)-c5ccnc(c5)C(=O)NC(=O)C(C)C,-4.582,47,-0.09748936170212766
Cc(c1)cccc1-c(cc2)nc(c23)c(Nc(cc4)ccc4OC)nc(n3)NC(=O)CN(C)c5cccc(C(F)(F)F)c5,-4.58,42,-0.10904761904761905
N#Cc(c[nH+]1)c(NC)c(c12)cc(c(c2)-c3cccs3)N[C@H](C)c4cccc(C)c4,-4.579,29,-0.1578965517241379
Cn(c1)c(=O)ccc1-c(cc2)nc(c23)c(NCC)nc(n3)N[C@H](C)c4cccc(C)c4,-4.579,31,-0.14770967741935484
c1nc(C)ccc1-c2cc(-c(cn3)cn3CC)cc(c24)ncnc4NC[C@H](C)[NH3+],-4.578,29,-0.15786206896551724
Cc1cc(C)cc(c1)-c2cnc(s2)Nc3cc(nc(n3)C)-c4cccc(F)c4,-4.578,28,-0.1635
OCc(cc1)ccc1Nc2nc(NCc(c3)cccc3C)nc(c24)ccc(n4)-c5cccc(c5)NC(C)C,-4.577,38,-0.12044736842105264
COCCNc1ncc(-c2cncnc2C)c(n1)-c3ccncc3Cl,-4.577,25,-0.18308
Fc1ccccc1-c(c(c23)c(ncn2)NC(C)C)cc(c3)-c4ccoc(=O)[nH+]4,-4.577,28,-0.1634642857142857
CCn1cc(C)c(c1)-c(c2)c(OC)cc(c23)c(c(cn3)C#N)NCC(=O)N(C)Cc4ccc(C)cc4,-4.576,36,-0.1271111111111111
Cn(n1)ccc1-c(c(c2)OC)cc(c23)ncc4c3cc(nc4N)-c5cccnc5,-4.576,29,-0.15779310344827585
Cc1cc(N)cc(c1)C(C)(C)Nc(ncn2)c(c23)c(-c4cccc(C(F)(F)F)c4)cc(c3)-c5cccnc5,-4.576,38,-0.12042105263157894
o1ccnc1-c(cc2)cc(c23)c(-c(n4C)cnc4C)nc(n3)-c5cccc(=O)n5C,-4.575,30,-0.1525
COc1cccc(c1)-c(nc2-c3cc(co3)C(=O)N)nc(c24)ccc(c4)-c5coc(n5)C,-4.574,32,-0.1429375
Brc1ccccc1-c(c(c2)NC(=O)COC)cc(c23)ncc(C#N)c3NC(C)C,-4.573,29,-0.15768965517241382
CCOc1ccccc1-c2ncc(c(n2)N[C@H](C)C[NH3+])-c3cnc(C)n3C,-4.573,27,-0.1693703703703704
s1cccc1-c2cnn(c23)c(N[C@H](C)CO)cc(n3)-c4cccc(c4)C(=O)N(C)C,-4.573,30,-0.15243333333333334
CCC[N@H+]1CC[C@@H](CC1)Nc2nc(-c3cccc(F)c3)ncc2-c4cc(C)nnc4C,-4.573,31,-0.14751612903225808
c1ncccc1-c(c2)c(cc(c23)c(NC)c(C#N)c[nH+]3)NC[C@H](O)c4ccccc4,-4.573,30,-0.15243333333333334
Cc(c1)cccc1-c(c[nH+]c2NC)c(n2)NCc(cn3CC(=O)C)c(c34)cccc4,-4.573,30,-0.15243333333333334
CNc1nc(NC(C)C)[nH+]cc1-c2ccc(OC)cc2OC,-4.572,22,-0.20781818181818182
Cc1ccc(cc1)-c(cn2)c(n23)nc(-c4cccnc4)cc3Nc5cc[nH+]c(c5)[C@@H]6CCCC[C@@H]6[NH3+],-4.572,36,-0.127
Cc1cccc(c1)OC[C@H](C)Nc(ncn2)c(c23)c(-c4nccs4)c(o3)-c5ccc(N(C)C)[nH+]c5,-4.571,35,-0.1306
Oc1ccccc1-c(c(c2)OC)cc(c23)ncc4c3cc(nc4N)-c5cnn(C)c5C,-4.57,31,-0.1474193548387097
n1ccncc1-c(c(c2)OC)cc(c23)ncc4c3cc(nc4N)-c5ccn(c5)CC(=O)N,-4.57,32,-0.1428125
Cc1cc(CN)cc(c1)C(=O)Nc(c(c23)ncn3C)nc(n2)-c4ccccn4,-4.57,28,-0.16321428571428573
CN(C)Cc(nc1)ccc1-c(c2)c(cc(c23)c(c(C#N)cn3)NCC)N[C@H](C)c4cc(C)ccc4C,-4.569,36,-0.12691666666666668
CC(=O)Nc(c(C)cn1)cc1-c(c(c2)OC)cc(c23)c(ncn3)N[C@H](C)c4cccc(c4)C(C)C,-4.569,35,-0.13054285714285715
C1OCC[C@H]1CNc(nc2)nc(c23)c(-c(cc4)ccc4C)cc(c3)-c5cccnc5C(=O)Nc6cccnc6,-4.568,39,-0.11712820512820511
C[NH2+][C@H](C)CNc(ncn1)c(c12)c(-c3ccccc3F)cc(c2)-c4cccc(c4)C(=O)N,-4.568,32,-0.14275
Cc1ccc(cc1)[C@H](O)CNc(nc(n2)NCCO)c(c23)nc(cc3)-c4nccn4C,-4.567,31,-0.1473225806451613
COCCNc(c1)c(-c2cccnc2)cc(c13)ncc(C#N)c3NCc4ccccc4,-4.567,31,-0.1473225806451613
NC(=O)CNc1ncc(-c2ccncc2)c(n1)-c3ccncc3,-4.567,23,-0.19856521739130437
COc1ccc(cc1)CNc(c2)c(-c3ccccc(=O)c3)cc(c24)[nH+]cc(C#N)c4NCCO,-4.565,34,-0.13426470588235295
c1ccccc1-c(c(c2)NCCC)cc(c23)ncc(C#N)c3NCCO,-4.565,26,-0.1755769230769231
NC(=O)Cc1cccnc1-c2cc(-c(ncc3C)cc3C(=O)N(C)CC)cc(c24)ncnc4N[C@H](C)c5cccc(c5)C(F)(F)N,-4.565,46,-0.09923913043478262
Cc1ccc(C)c(c1)CNc2[nH+]cc(-c3ccnn3C)c(n2)Nc4ccc(C)nc4,-4.564,30,-0.15213333333333334
C[NH+](C)Cc1nocc1-c(c[nH+]c2NC)c(n2)NCc3ccc(C)cc3,-4.564,26,-0.17553846153846153
Cc1cc(N)cc(c1)[C@H](C)Nc(nc2)nc(c23)c(nc(c3)C)-c4cn[nH+]c(c4)N(C)C,-4.563,31,-0.14719354838709678
C1CC(C)CCN1CCn(c(=O)c(c2C)-c(nc3)ncc3C)c(c24)nc(nc4)NCc5cc(C)ccc5C,-4.563,38,-0.12007894736842105
C[N@H+]1CC[C@@H](CC1)Nc(nc2)nc(c23)nc(c(c3)-c4cccc(F)c4)-c5cccc(c5)N(C)C,-4.563,34,-0.13420588235294117
Brc1ccccc1-c(c(c2)CC)cc(c23)nc(o3)N4CCOCC4,-4.563,24,-0.190125
COc1ccc(cc1)-c(c2)c(-c3ccc(CO)cc3)cc(c24)oc(n4)N5CCOCC5,-4.563,31,-0.14719354838709678
CNc(n1)c(C(=O)N)c(n12)nc(-c3ccno3)cc2-c4cc(Br)ccc4OC,-4.563,28,-0.1629642857142857
Cn1nccc1-c(cc2C)nc(n2)N[C@@H]3CCN(C3)[C@H](C)c4cccc(F)c4,-4.562,28,-0.16292857142857145
Cc1ccc(cc1)[C@H](C)Nc(ncn2)c(c23)c(-c4ccc(C)nc4)cc(c3)-c5cccc(c5)CO,-4.561,35,-0.13031428571428572
COc1cccc(c1)-c(c(c23)nc(nc3)NC(C)C)cc(c2)-c4ccc(cc4)C(C)(C)NC(=O)CC(=O)[O-],-4.56,38,-0.12
CC(=O)Nc1cccc(c1)-c(c(c23)c(ncn3)NCCO)cc(c2)-c4noc(n4)C,-4.56,30,-0.152
CN(C)C(=O)c1ccccc1-c(c(c2)OC)cc(c23)ncc(C#N)c3N[C@H]([NH3+])c4cc(C)cc(C(F)(F)F)c4,-4.56,39,-0.11692307692307691
Cc1ccc(cc1)C(=O)Nc(nc2)nc(c23)c(nc(c3)C)-c4cc(C)n(C)c(=O)c4,-4.56,30,-0.152
CC(C)([NH3+])CNc(ncn1)c(c12)c(-c(cc3)ccc3C)cc(c2)-c4ncc(C)n4C(=O)C(C)C,-4.56,34,-0.1341176470588235
CCn1cc(C)c(c1)-c(c2)c(OC)cc(c23)c(c(cn3)C#N)NC(=S)Nc4cccc(C)c4C,-4.559,34,-0.13408823529411765
COC(=O)c1nccnc1-c(nc(n2)-c3ccccc3)c(c24)cc(cc4)-c5cnn(C)c5C,-4.559,33,-0.13815151515151516
Cc1cccc(c1)[C@H](C)Nc(c2)c(-c3cnn(C)c3C)cc(c24)[nH+]cc(C#N)c4NCCO,-4.558,33,-0.13812121212121212
CC(C)(O)c(c1)cc(cc1C)[C@H](C)Nc(n2)c(nc(nc3)NC4CC4)c3c(c25)ccc(c5)-c6[nH+]ccn6CC(=O)N(C)C,-4.558,43,-0.106
FC(F)(F)c(c1)cccc1-c(n2)nc(NCC=C)n(c23)ncc3-c4ccccc4C,-4.558,30,-0.15193333333333334
COc1ccc(cc1)Nc(c2)c(-c3ccc(=O)n(C)c3)cc(c24)ncc(C#N)c4NCC[NH+](C)C,-4.557,35,-0.1302
Cc1cccc(c1)[C@H](C)Nc(ncn2)c(c23)c(-c4noc(n4)C)cc(c3)-c5cccc(c5)C(=O)N,-4.557,35,-0.1302
O=c(o1)cccc1-c(c(c2)OC)cc(c23)ncc(C#N)c3NC(C)C,-4.557,25,-0.18228000000000003
NC(=O)c1cccc(c1)-c(c2)c(-c3ccc(cc3)[C@H](O)CO)cc(c24)ncnc4N[C@@H]5CCOC5,-4.557,35,-0.1302
c1cc(F)ccc1-c(c(c2)OC)cc(c23)ncc(C#N)c3NCC[NH+](C)C,-4.557,27,-0.1687777777777778
c1ncnc(c(n2)NC)c1c(c23)ccc(c3)-c4ccccc4N5C[C@H](C(=O)N)CN(C)C5=O,-4.556,33,-0.13806060606060605
C#C[C@H](C)Nc(nc1)nc(c12)c(nc(c2)C)-c3ccc(C(F)(F)F)cc3,-4.556,26,-0.17523076923076925
Fc1ccccc1-c(n2)cc(nc2C)Nc3ncc(s3)-c4cccc(c4)C(=O)[C@H](CO)[NH+](C)C,-4.555,34,-0.13397058823529412
O=c1cc(cc[nH]1)-c(cc2)cc(c23)c(-c4ccc(Br)cc4)nc(n3)-c5cccc(c5)CN6CCOCC6,-4.555,37,-0.1231081081081081
CN(C)Cc(c1)cccc1-c(cc2C)nc(n2)NC[NH2+]C3CCCC3,-4.554,25,-0.18216000000000002
Cc1cccc(c1)[C@H](C)Nc(ncn2)c(c23)cc(S(=O)(=O)C(C)(C)C)c(c3)-c4ccoc(=O)c4,-4.554,34,-0.13394117647058823
Fc(c1)c(F)ccc1-c(n2)ccc(c23)[nH+]c(NCC(=O)c(cc4)ccc4OC)nc3N[C@H](C)c5cccc(c5)CN,-4.554,41,-0.11107317073170732
O=C1CCCN1c2ccncc2-c(cc3)cc(c34)c(nc(n4)-c5cccs5)-c6ccncc6,-4.553,33,-0.13796969696969696
CC[N@@H+](C)c1cccc(c1)-c(cn2)c(n23)nc(-c4ccc(F)cc4)cc3N[C@H](C)c5ccc(C)c(N)c5,-4.553,37,-0.12305405405405405
Cc1ccc(cc1)-c2cc(C)nc(n2)NCC[NH+](C)C,-4.552,20,-0.22759999999999997
Clc1ccc(cc1C)-c(cn2)c(n23)nc(-c4ccccc4O)cc3N[C@@H]5CCC[N@@H+](C5)CCN6CCCC6,-4.552,38,-0.11978947368421052
Cn1cccc1-c2ncc(c(n2)NCCO)-c3cccc(C#N)c3,-4.552,24,-0.18966666666666665
Cc1cccc(c1)-c(c(c23)c(ncn3)NCCO)c(o2)-c4ccc(O)cc4,-4.552,27,-0.16859259259259257
Nc(c1)cc(C)cc1[C@@H](C)Nc(n2)ncc(c23)cc(-c(cn4)ccc4OC)cc3-c5ccc(cc(=O)c5)CC6(O)CCN(CC6)C(=O)CN(C)C,-4.552,51,-0.08925490196078431
COCCNc(nc1)nc(c12)n(CC)c(=O)c(c2C)-c3ccnc(C)c3,-4.552,26,-0.17507692307692307
Cc1cc(C)cc(c1)[C@H](C)Nc2ncc(-c3c(C)c(C)nn3C)c(n2)-c4cccnc4C(=O)[O-],-4.552,34,-0.13388235294117645
Cc1cccc(c1)NC(=O)Nc(n2)c(C(=O)N)c(n23)nc(-c4c(C)[nH+]c(C)n4C)cc3-c5ccc(F)cc5F,-4.551,39,-0.11669230769230769
[NH3+]CCC(=O)Nc(ncn1)c(c12)c(-c3cccc(N)c3)cc(c2)-c4ccccn4,-4.551,29,-0.15693103448275864
CC(F)(F)c(c1)cccc1[C@H](C)Nc(ncn2)c(c23)cc(c(c3)-c4ccc(O)cc4)-c5ccccc5CC(=O)N,-4.551,40,-0.113775
c1ncccc1-c(cc2)cc(c23)c(-c(cc4)ccc4O)nc(n3)-c(n5)nn(c56)CCCC6,-4.55,32,-0.1421875
C[N@H+]1CC[C@@H](C1)c2nc(NCCO)ncc2-c3ccn(C)c(=O)c3,-4.55,24,-0.18958333333333333
O=c1cc(cc[nH]1)-c(cc2)cc(c23)c(-c4ccc(Br)cc4)nc(n3)-c5cccc(c5)C[NH+]6CCOCC6,-4.55,37,-0.12297297297297297
CC(=O)NC(=O)c1cc(ccn1)Nc2[nH+]cc(-c3ccccc3O)c(n2)NCc4ccccc4,-4.549,34,-0.13379411764705884
CCCNc1ncc(-c2ccccn2)c(n1)-c3nccnc3N,-4.549,23,-0.1977826086956522
CCCn1nc(cc1C)-c2cnc(s2)Nc3cc(nc(n3)C)-c4ccccc4Cl,-4.549,29,-0.15686206896551724
Cc1ccccc1-c2cnc(N[C@H](C)CO)nc2-c3ccncc3,-4.549,24,-0.1895416666666667
CC(=O)N1CCC[C@@H](C1)c2ncc(C)c(n2)Nc(c(C#N)cn3)c(c34)cc(c(c4)-c5ccc(=O)n(C)c5)N[C@@H]6CCN(C6=O)c7cccc(Cl)c7,-4.549,51,-0.08919607843137256
Fc1ccccc1-c(n2)cc(nc2C)Nc3ncc(s3)-c4cnn(C)c(=O)c4,-4.548,28,-0.16242857142857142
Cc1cn(cn1)-c2ncc(-c3ccccn3)c(n2)NC(=O)CN4CCCC4,-4.547,27,-0.1684074074074074
CNc1nc(C)cc(n1)-c2ccc(C(F)(F)F)cc2,-4.546,19,-0.23926315789473684
COc1cc(ccn1)-c(c2)c(OC)cc(c23)c4c(cn3)c(N)nc(c4)-c5ccccc5,-4.545,31,-0.14661290322580645
CCc1cc(ccn1)NC(=O)Nc2nc(C)cc(n2)-c3ccc(F)cc3,-4.545,26,-0.1748076923076923
c1sccc1-c(c(c2)OC)cc(c23)ncc(C#N)c3NCC[NH+](C)C,-4.545,25,-0.1818
Cc1ccc(cc1C)NC(=O)Nc(n2)c(C(=O)N)c(n23)nc(-c4ccc(O)cc4)cc3-c5ccc(Cl)cc5,-4.545,38,-0.11960526315789473
CCON(C)c1ncccc1-c(nc(n2)-c3ccc(Cl)cc3)c(c24)cc(cc4)-c5cccc(C)c5,-4.544,35,-0.1298285714285714
OC[C@@H](O)c(n1)cccc1-c(c(c2)OC)cc(c23)ncc(C#N)c3N[C@H](C)c4cccc(C)c4,-4.544,34,-0.1336470588235294
Cc1ccc(cc1)[C@H](C)Nc(nc2)nc(c23)nc(Cc4cnn(C)c4)c(c3)-c5ccc(cn5)N(C)C,-4.544,36,-0.1262222222222222
FC(F)(F)c(c1)cccc1[C@H](C)NC(=O)Nc(nc2)nc(c23)c(-c4cccnc4)cc(c3)-c5cccc(F)c5,-4.544,39,-0.1165128205128205
c1ncccc1-c(n2)nc(-c(cc3OC)ccc3OC)c(c24)cc(cc4)-c5ccncc5,-4.544,32,-0.142
Brc1cc(C)ccc1-c(c(c2)-c(cn3)cn3CC)nc(c24)nc(nc4)NCC[NH+](C)C,-4.544,31,-0.1465806451612903
COc1ccc(cc1O)-c(cc2)cc(c23)c(-c4cccc(C)c4)nc(n3)-c5ccn(c5)C(=O)C,-4.543,34,-0.13361764705882354
C1CC1Nc(nc2)nc(c(n3)NCCO)c2c(c34)ccc(c4)-c5ccccc5,-4.543,28,-0.16225
CNc1cc(OC)cc(c1)C(=O)N2CC[C@@H](C2)Nc(cc(n3)-c4ccc(OC)cc4)n(c35)ncc5-c(c6)cn(c67)cccc7,-4.543,44,-0.10325000000000001
OCC(=O)[C@@H]([NH3+])c(c1)cccc1[C@H](C)Nc(ncn2)c(c23)c(-c4ccccc4F)cc(c3)-c5ccc(F)cc5,-4.543,39,-0.11648717948717949
c1ncccc1-c(cc2)cc(c23)c(-c(cc4)ccc4OC)nc(n3)-c5ccccc5F,-4.542,31,-0.14651612903225805
[NH3+]CCNc1ncc(-c2c(F)cccc2F)c([nH+]1)NCc3ccccc3,-4.541,26,-0.17465384615384616
Cn(c1)ncc1-c(c(c2)OC)cc(c23)ncc4c3cc(nc4N)-c5ccc(C)cc5,-4.541,30,-0.15136666666666668
CN(C)C(=O)c(c1)nccc1-c(c(c2)OC)cc(c23)ncc4c3cc(nc4N)-c5cnn(C)c5C,-4.54,35,-0.12971428571428573
Cc1cccc(c1)[C@H](C)Nc(ncn2)c(c23)cc(S(=O)(=O)C(C)(C)C)c(c3)-c4ccccc4C,-4.54,34,-0.1335294117647059
Cc1cc(C)cc(c1)CNc(nc2)nc(c23)c(-c4ccn(C)c(=O)c4)cc(c3)-c5c[nH+]cn5C[C@H]([NH3+])C(=O)N(C)C,-4.539,41,-0.11070731707317072
CCCC[N@H+]1CC[C@@H](C1)Nc2nc(NCc3ccccc3)[nH+]cc2-c4cccc(F)c4,-4.539,31,-0.14641935483870966
Cc1ccc(cc1)CNc2ncc(-c3ncccc3[O-])c(n2)-c4ccccn4,-4.539,28,-0.16210714285714284
c1ccccc1/[NH+]=c2\nc(NCc(c3)cccc3C)[nH]c(c24)ccc(n4)-c5[nH+]ccn5C,-4.538,32,-0.1418125
C1[NH2+]CC[C@H]1Nc2nc(-c(c3)cccc3C)nc(n24)c(cn4)-c5cccc(F)c5,-4.538,29,-0.15648275862068967
Cn1ccc(cc1=O)-c(o2)c(-c3cccc(Br)c3)c(c24)c(ncn4)NCCCn5cc[nH+]c5,-4.538,33,-0.13751515151515153
Cc1ccccc1-c(n2)cc(nc2C)Nc3ncc(s3)-c4cccc(c4)N5CCOCC5,-4.538,32,-0.1418125
Cn1cncc1-c(c2)c(cc(c23)c(c(C#N)cn3)NCC)NCC[N@@H+](C)c4ccc(C)cc4,-4.538,33,-0.13751515151515153
Cc1ccc(cc1)-c2nc(NCCO)ncc2-c3cn(C)cn3,-4.538,23,-0.19730434782608697
c1cc(C)ccc1[C@@H](C)Nc2nc(NC)nc(c23)ccc(n3)-c4ccccc4Br,-4.538,29,-0.15648275862068967
c1cc(C)ccc1[C@@H](C)Nc2nc(NC)[nH+]c(c23)ccc(n3)-c4ccccc4Br,-4.537,29,-0.15644827586206897
Cc1cccc(c1)[C@H](O)CNc(n2)c(nc(nc3)NC4CC4)c3c(c25)ccc(c5)-c6ccccc6Cl,-4.537,36,-0.12602777777777777
CCn1cc(C)nc1-c(nc(n2)C)c(c23)scc3,-4.536,18,-0.252
Cn(c1)ccc1-c(cc2)cc(c23)c(-c(nc4)ncc4C)nc(n3)-c5c[nH+]c(C)n5C,-4.536,30,-0.15119999999999997
c1c[nH+]ccc1-c2cc(-c(cc3)ccc3OC)nc(n24)c(C(=O)N)c(n4)N[C@H](C)c5ccc(C)cc5,-4.536,36,-0.126
Cn1cc(cn1)-c(cn2)c(n23)nc(-c4ccccc4)nc3N[C@@H]5CC[N@H+](CC5)C6CCCC6,-4.536,33,-0.13745454545454544
C[C@H](O)COc1ccc(cc1)-c(c2)c(-c3cc(F)ccc3F)cc(c24)nc(n4C)N5CCOCC5,-4.535,35,-0.1295714285714286
COc1cccc(c1)CCNc(nc(n2)NC3CCCC3)c(c24)nc(cc4)-c5cccnc5,-4.535,33,-0.13742424242424242
CCNc(nc1)nc(c12)n(CC)c(=O)c(c2C)-c3ccccc3C,-4.534,24,-0.18891666666666665
Cc1ccc(C)c(c1)CNc2ncc(-c3oc(C)nc3C)c([nH+]2)N[C@H](C)c4cc(N)cc(c4)C(F)(C)C,-4.534,37,-0.12254054054054053
COc(c1)cccc1-c2cnc([nH+]c2NCC)N[C@H](C)c3ccc(N)c(c3)C(F)(F)CO,-4.533,32,-0.14165625
COc1ccc(cc1)-c(n2)c(-c3ccccc3F)cc(c24)cnc(n4)NCC[NH+]5CCCCCC5,-4.533,35,-0.12951428571428572
Cn1cc[nH+]c1-c(c(c2)OC)cc(c23)ncc(C#N)c3N[C@H](C)c4cccc(c4)[C@H](C)O,-4.531,32,-0.14159375
[NH3+]CCCNc(ncn1)c(c12)c(-c3ccccc3F)cc(c2)-c4cccnc4,-4.531,28,-0.16182142857142856
Cc1ccc(cc1)C(=O)Nc(c2)c(-c3ccccc3C)cc(c24)ncc(C#N)c4NCCO,-4.531,33,-0.1373030303030303
Cn1c(C)[nH+]cc1-c2nc(-c(nc3)ccc3C)nc(c24)ccc(c4)-c5ccc(o5)CO,-4.53,31,-0.14612903225806453
C[C@@H]1CCC[N@@H+](C1)Cc2ccnc(c2)[C@H](C)Nc(c(c34)cccc4)nc(n3)-c5[nH+]ccn5C,-4.53,33,-0.13727272727272727
CCNc1ncc(c([nH+]1)NCC)-c2cc(Cl)ccc2OC,-4.53,21,-0.21571428571428572
c1cc(F)ccc1-c(c(c2)S(=O)(=O)C(C)(C)C)cc(c23)ncnc3NCC[NH3+],-4.53,28,-0.16178571428571428
n1occc1-c(n2)cc(nc2C)Nc3ncc(s3)-c4ccccc4,-4.529,24,-0.18870833333333334
Cn(c1)c(=O)ccc1-c(c2)c(cc(c23)c(c(C#N)cn3)NCC)Nc4cncn(C)c4=O,-4.529,32,-0.14153125
COc1ccc(cc1)-c(cn2)c(n23)nc(-c4cccc(F)c4)nc3N[C@@H]5CCN(C5)Cc6ccccc6,-4.529,37,-0.1224054054054054
Cc1ccc(cc1)NC(=O)c(cc2)cc(c23)nc(NC[C@H](O)c4cc(N)cc(C(F)(F)F)c4)c5c3cnc(n5)NC6CC6,-4.528,43,-0.10530232558139534
Fc(c1)cccc1-c(n2)cc(nc2C)Nc3ncc(s3)-c4cccc(n4)[C@@H]5CC[N@H+](C)C5,-4.528,32,-0.1415
COc1cccc(c1)-c2cnc(-c3ccco3)nc2NC(=O)Nc4ccccc4C,-4.528,30,-0.1509333333333333
CNC(=O)c1cc(sn1)-c(cc2)cc(c23)[nH+]cnc3N[C@H](C)c4ccc(C)cc4,-4.528,29,-0.15613793103448276
o1cccc1-c(n2)cc(-c(n3C)[nH+]cc3C)n(c24)nc(c4C(=O)N)NCc5ccccc5CN,-4.527,34,-0.13314705882352942
COCCNc1ncc(-c2ccccc2)c([nH+]1)NCc3ccccc3C,-4.527,26,-0.17411538461538462
COc1ccccc1-c(cn2)c(n23)nc(cc3NCC(F)(F)N)-c4ccncc4,-4.526,29,-0.15606896551724136
OCCn(c1)c(=O)ccc1-c(c(n2)-c(c(Br)c3)ccc3C)cc(c24)cnc(n4)NCC[NH+](C)C,-4.525,34,-0.13308823529411765
Cc1ccc(cc1)CNc2[nH+]cc(-c3ccccc3)c(n2)N[C@H](C)c4cc(N)cc(C(F)(F)F)c4,-4.525,35,-0.1292857142857143
Cc1cccc(c1)CNc2[nH+]cc(-c3c[nH+]c(C)n3CCC(=O)N)c(n2)NCc4ccccc4C,-4.525,35,-0.1292857142857143
Cc1ccccc1-c2cnc(nc2-c3ccncc3)NC(=O)NCc4ccccc4,-4.525,30,-0.15083333333333335
n1ccccc1-c(c(c2)OC)cc(c23)ncc(C#N)c3NCC[NH+](C)C,-4.525,26,-0.17403846153846156
CC(=O)Nc(c(C#N)cn1)c(c12)cc(NCCO)c(c2)-c3ccc(C)cc3,-4.525,27,-0.1675925925925926
[nH]1cccc\c1=N\c(nc2NCOC)[nH+]cc2-c3cccc(F)c3,-4.523,24,-0.1884583333333333
CC(C)c1ccccc1CNc(ncn2)c(c23)cc(S(=O)(=O)C(C)(C)C)c(c3)-c4ccccc4,-4.523,34,-0.13302941176470587
COc1ccc(cn1)-c(c2)nc(N)c(c23)cnc4c3cc(OC)c(c4)-c5ccnc(n5)C(=O)N(C)C,-4.523,36,-0.12563888888888888
Cc1cccc(c1)-c(cc2)nc(c23)c(NCCCO)nc(n3)N[C@H](C)c4cc(C)cc(C)c4,-4.521,33,-0.137
Cc1ccc(C)c(c1)-c2cc(C)nc(n2)NCC[NH+]3CCN(CC3)CCn4ccnc4,-4.521,31,-0.14583870967741935
c1sccc1C(=O)Nc2nc(-c3cccnc3)ncc2-c4ccccc4,-4.521,26,-0.1738846153846154
C1CCC1Nc2cc(-c(cc3)ccc3F)nc(n24)c(cn4)-c(c5)cn(c56)cccc6,-4.521,30,-0.1507
C[C@@H]1CCN(OC1)c2ccc(cc2)C(=O)Nc(ncn3)c(c34)c(-c5ccncn5)cc(c4)-c6cccc(c6)C(=O)N,-4.521,41,-0.11026829268292683
CCc1cccc(c1)[C@H](C)c(c2)c(-c3cnn(C)c3)cc(c24)c(ncn4)N[C@H](C)Cc5cccc(C)c5,-4.52,37,-0.12216216216216215
OCC(F)(F)c1ccccc1CNc(c(c23)cccc3)nc([nH+]2)-c4cccc(C(F)(F)F)c4,-4.519,33,-0.13693939393939394
c1ccccc1[C@H](C)Nc(nc2)nc(c23)c(cc(c3)-c4cc(on4)C(=O)N)-c5cnc(cn5)C(=O)N(C)Cc6cccc(F)c6,-4.519,45,-0.10042222222222222
c1ccccc1[C@H](C)Nc(ncn2)c(c23)cc(S(=O)(=O)C(C)(C)C)c(c3)-c4cccnc4,-4.518,32,-0.1411875
NC(=O)CNc1ncc(-c2ccccn2)c(n1)-c3ccccc3F,-4.518,24,-0.18825
c1cc(Cl)ccc1-c(n2)cc(N[C@H](C)CO)n(c23)ncc3-c4ccccn4,-4.516,27,-0.16725925925925925
Cc1cccc(c1)-c(c2)c(S(=O)(=O)C(C)(C)C)cc(c23)c(ncn3)N[C@H](C)c4cc(N)cc(C(F)(F)F)c4,-4.516,38,-0.1188421052631579
FC(F)(F)c(c1)cc(N)cc1[C@H](C)Nc(ncn2)c(c23)c(-c4ccnc(c4)C(=O)N(C)C)cc(c3)-c5cccc(c5)C(=O)N(C)C,-4.516,46,-0.09817391304347826
Cn(c1)c(=O)ccc1-c(c(c2)NC(C)C)cc(c23)ncc(C#N)c3Nc4ccc(nc4)C[NH+](C)C,-4.515,35,-0.129
C[NH+](C)CC(=O)c1ccc(nc1)-c(c2)c(-c3ccccn3)nc(c24)nc(nc4)NCCc(cc5)cc(c56)CCN6C,-4.515,41,-0.11012195121951218
Cc1cccc(c1)-c2cnc(nc2-c3cccc(C)c3)NCC(=O)Nc4ccc(C)c(C)c4,-4.514,33,-0.1367878787878788
Nc1ccccc1-c2c[nH+]c(NCc3ccccc3)nc2NCCc4ccccc4,-4.514,30,-0.15046666666666667
COCc1cc(ccn1)-c2cnc(nc2-c3ccncc3)NC(=O)Nc4cccc(c4)OC,-4.514,33,-0.1367878787878788
COc1cccc(c1)-c(c2)c(-c3cccnc3)nc(c24)nc(nc4)NCCN5CCC[C@@H]5C,-4.513,33,-0.13675757575757574
COc1cc(OC=O)ncc1-c(cn2)c(n23)nc(-c4ccc(C)cc4)nc3NCc5ccc(C(F)(F)F)cc5,-4.512,39,-0.11569230769230768
COc1ccc(cc1)CNc(nc[nH+]2)c(c23)ccc(c3)-c4cnn(c4)CC(=O)N,-4.512,29,-0.1555862068965517
COc1cc(OC)cc(c1)-c2cnc(NCc3ccc(C)cc3)nc2-c4ccc(Br)cc4,-4.512,32,-0.141
Cc1cccc(c1)CNc(nc[nH+]2)c(c23)cc(-c4nnc(o4)C)c(c3)-c5cccc(c5)OCC(=O)N,-4.512,36,-0.12533333333333332
CCC[C@H]([NH3+])Nc(nc1)nc(c12)nc(-c3nnc(o3)C)c(c2)-c4cccc(C(=O)[O-])c4,-4.512,31,-0.14554838709677417
C1CC1Nc(nc2)nc(c(n3)N[C@H](C)CO)c2c(c34)ccc(c4)-c5cccc(Cl)c5,-4.512,30,-0.15039999999999998
c1ccccc1CNC(=O)Nc2ncc(-c3ccccc3C(F)(F)F)c(n2)-c4ccncc4,-4.511,33,-0.1366969696969697
Cc1ccccc1-c(cn2)c(n23)nc(cc3NCC(F)(F)N)-c4cccc(O)c4,-4.511,29,-0.15555172413793103
c1ncccc1-c(c(c2)NC(=O)C)cc(c23)ncc(C#N)c3N[C@H](C)c4ccc(Cl)cc4,-4.51,32,-0.1409375
[NH3+]CCNc(nc1)nc(c12)n(CC)c(=O)c(c2C)-c3c(C)noc3C,-4.51,25,-0.1804
O=c1cccc(C(=O)N(C)C)cc1-c(c(c2)-c3nn(C)cc3C)cc(c24)c(ncn4)N[C@H](C)c5ccccc5,-4.509,39,-0.11561538461538462
COc1ccc(cc1)-c(c(c23)nc(nc3)NC(C)C)cc(c2)-c4nonc4C,-4.508,28,-0.161
c1ncccc1-c(n2)ccc(c23)[nH+]c(N[C@H](C4)CC[N@@H+]4CC)nc3NC[C@H](O)c5cc(C)cc(C)c5,-4.508,36,-0.12522222222222223
Cc1ccc(cc1)-c2cnc(nc2-c3nnc(o3)C)NC(=O)NCc4ccccc4,-4.508,30,-0.15026666666666666
Cc1ccc(c(Br)c1)-c(n2)c(-c3cnn(C)c3)cc(c24)cnc(n4)NCC(C)(C)[NH3+],-4.508,30,-0.15026666666666666
Cn1c(C)ncc1-c2nc(-c(c3)cccc3C)nc(c24)ccc(c4)-c5ccccc5C(=O)[O-],-4.507,33,-0.13657575757575757
c1ncccc1-c(n2)nc(NC(=O)c(n(C)c3)cc3C)n(c24)ncc4-c5ccncc5,-4.507,31,-0.14538709677419354
COc1cccc(c1)-c(c2)nc(N)c(c23)cnc4c3cc(OC)c(c4)-c5ccc(NC(=O)[O-])cc5,-4.507,35,-0.12877142857142856
n1ncccc1-c(nc(c23)n(C)cn2)nc3NC[C@H]([O-])[NH2+]CC4CCCC4,-4.506,27,-0.1668888888888889
O=c(c1)n(C)c(C)cc1-c(nc(C)c2)c(c23)nc(nc3)NC(=O)c4cccc(c4)[C@H](C)N5CCCOCC5,-4.505,38,-0.11855263157894737
Cc1ccc(cc1)-c(cn2)c(n23)nc(-c4ccccc4)nc3NCCN5CCCC5,-4.505,30,-0.15016666666666667
c1oncc1-c(n2)cc(nc2C)Nc3ncc(s3)-c4ccccc4Cl,-4.504,25,-0.18016
Cc1cn(c[nH+]1)-c(cn2)c(n23)nc(-c4ccccc4)nc3NC[N@H+]5CCC[C@@H]5C,-4.503,29,-0.15527586206896551
o1cc(F)cc1-c(cc2)cc(c23)c(-c(cc4)ccc4C(C)(C)C)nc(n3)-c5ccn(c(=O)c5)CC(=O)N,-4.503,37,-0.12170270270270271
Cc1ccc(cc1)CNc2ncc(c([nH+]2)NCC[NH3+])-c3ccnn3C,-4.503,25,-0.18012
[NH3+]CCNc1nc(-c(cc2)ccc2C)nc(n13)c(cn3)-c4cnn(C)c4,-4.503,26,-0.1731923076923077
Cc1ccc(cc1)[C@H](C)Nc(ncn2)c(c23)c(-c4ccccc4)cc(c3)-c5cnn(c5)CC(=O)N,-4.503,35,-0.12865714285714286
FC(F)(F)c(cc1)ccc1[C@@H](C)Nc2nc(NCCC)nc(c23)ccc(n3)-c4ccc(F)cc4,-4.502,34,-0.13241176470588234
Fc(c1)cccc1-c(cnc2NC)c([nH+]2)NCc3cccc(c3)OC,-4.502,25,-0.18008
n1cn(C)c(c12)nc(-c(ccn3)cc3C)nc2NC(=O)CN4CCN(CC4)CC(C)C,-4.501,31,-0.14519354838709678
c1cc(=O)cccc1-c(c(c2)OC)cc(c23)ncc(C#N)c3N[C@H](C)c4cc(C)cc(N)c4,-4.501,33,-0.1363939393939394
Cc1ccc(cc1)CCNc(nc(n2)-c3cccs3)n(c24)ncc4-c5ccc(C)[nH+]c5,-4.5,31,-0.14516129032258066
c1cc(C)ccc1CNc(nc2-c(cn3)cn3CC)ncc2-c4ncccc4[O-],-4.5,29,-0.15517241379310345
CCn1nccc1-c(nc(C)c2)c(c23)nc(nc3)N[C@@H]4CC[N@H+]4[C@@H]([C@@H](F)O)c5cccc(C)c5,-4.499,34,-0.1323235294117647
NC(=O)c(c1)ccc(c12)nc(cc2)-c(cnc3NC(=O)CC)c(n3)-c4ccccc4C#N,-4.499,32,-0.14059375
Oc1ccccc1-c2nc(-c(n(n3)C)cc3C)nc(c24)ccc(c4)-c5coc(n5)C,-4.499,30,-0.14996666666666666
O=c1cccc(n1CC)-c(c2)c(-c3nc(C)cn3C)cc(c24)ncnc4N[C@H](C)c5cc(O)cc(C(F)(F)F)c5,-4.498,40,-0.11245000000000001
c1nc(NC)nc(c12)n(CC)c(=O)c(c2C)-c3ccc(=O)n(C)c3,-4.498,24,-0.18741666666666668
Cc1cnc(n1C)-c(c2)c(-c3ccccc3)nc(c24)nc(nc4)NCC[NH+](C)C,-4.498,29,-0.1551034482758621
CN(C)c1[nH+]cccc1-c(c(c2)OC)cc(c23)ncc4c3cc(nc4N)-c5ccccc5O,-4.498,33,-0.13630303030303031
COc1cccc(c1)-c(o2)c(-c3ccsc3C)c(c24)c(ncn4)N[C@H](C)c5ccc(C)cc5,-4.497,33,-0.13627272727272727
CC(=O)Nc1cccc(c1)-c2nc(Nc3cccs3)ncc2-c4c[nH+]c(C)n4C,-4.496,29,-0.1550344827586207
COc1ccc(cc1)-c2cc(C)nc(n2)N[C@H](C)[N@H+](CC3)Cc(c34)cc(cc4)OC,-4.496,30,-0.14986666666666668
c1cc(C)ccc1CNc(nc2NCCOC)[nH+]cc2-c3cccc(F)c3,-4.496,27,-0.16651851851851854
FC(F)(F)c1cccc(c1)NCNc(ncn2)c(c23)ccc(c3)-c4cccc(n4)CN5CCCC5,-4.495,35,-0.12842857142857142
COC(=O)c1cccc(c1)NC(=O)CNc(ncn2)c(c23)ccc(c3)-c4ccccn4,-4.495,31,-0.145
CC(=O)Nc1cc(O)cc(c1)-c(cc2)cc(c23)c(-c4ccccn4)nc(n3)-c5ccncc5,-4.493,33,-0.13615151515151516
Cc(n1)nccc1-c(n2)nc(-c(cc3)ccc3C(=O)NC)c(c24)cc(cc4)-c5ccc(O)cc5,-4.49,34,-0.13205882352941178
c1oncc1-c(c(c2)NCC)cc(c23)ncc(C#N)c3NC(=O)C,-4.49,24,-0.18708333333333335
Cn1c(C)ncc1-c2nc(-c(nc3C)c(C)c(C)c3C)nc(c24)ccc(c4)-c5ccn(C)c5,-4.489,33,-0.13603030303030303
COCCn1ccc(n1)-c(cc2)nc(c23)c(NC(C)C)nc(n3)N[C@H](C)c4cccc(C)c4,-4.489,33,-0.13603030303030303
Cc1ccc(C)c(c1)-c2cc(C)nc(n2)NCCN3CC[NH+](CC3)CCn4ccnc4,-4.489,31,-0.14480645161290323
Cc1ccc(C)c(c1)NC(=O)Nc2ncc(-c3cncc(F)c3)c(n2)NCc4ccccc4C,-4.487,34,-0.13197058823529412
Cc1nocc1-c(c(c2)OC)cc(c23)c(nc[nH+]3)NC[C@H](F)c4cc(N)cc(C(F)(F)F)c4,-4.487,33,-0.13596969696969696
Fc1ccccc1-c2nc(-c(c3)occ3C)nc(c24)ccc(c4)-c5cc[nH]c(=O)c5,-4.487,30,-0.14956666666666668
Cn(c1)c(=O)ccc1-c(c2)c(cc(c23)c(c(C#N)cn3)NC(C)C)Nc4cc(nn4C)[C@@H]5CC[N@@H+](C)CC5,-4.486,38,-0.11805263157894737
CNc(nc1)nc(c12)n(C)c(=O)c(c2C)-c3ccc(C)cc3,-4.486,22,-0.2039090909090909
Cc1ccc(cc1)-c(c2)c(S(=O)(=O)C(C)(C)C)cc(c23)c(ncn3)N[C@H](C)c4ccccc4,-4.486,33,-0.13593939393939394
Cc1cccc(c1)-c2nc(NCC[NH+](C)C)ncc2-c3c(C)nn(C(C)C)c3C,-4.484,29,-0.15462068965517242
Cc1ccc(cc1)CNc(nc2N[C@H](C)[C@H](C)O)nc(c23)ccc(n3)-c4nccn4C,-4.484,31,-0.1446451612903226
c1cc(F)ccc1-c(n2)cc(NCC(F)(F)N)n(c23)ncc3-c4ccc(Cl)cc4,-4.484,29,-0.15462068965517242
Cc(c1)cccc1-c(cnc2NC)c(n2)NCc(cn3CC(=O)C)c(c34)cccc4,-4.484,30,-0.14946666666666666
COc1ccc(OC)cc1-c(cnc2NC)c([nH+]2)NCc3cccc(c3)OC,-4.483,28,-0.16010714285714284
COc1ccccc1-c(cc2)cc(c23)nc(NCCO)c4c3cnc(n4)NC5CC5,-4.483,30,-0.14943333333333333
CN(C)C(=O)Cn(n1)ccc1-c(c(c2)OC)cc(c23)ncc4c3cc(nc4N)-c5ccncc5,-4.482,34,-0.1318235294117647
Cc1ccc(c(C)c1)-c2cnc(s2)Nc3cc(nc(n3)C)-c4ccccn4,-4.482,27,-0.166
CCn1ccc(cc1=O)-c(cc2)cc(c23)nc(N[C@H](C)c4ccc(C(F)(F)F)c(N)c4)c5c3cnc(n5)NC6CC6,-4.482,41,-0.10931707317073171
Cc1cccc(c1)CNc2nc(Nc3ccccc3)[nH+]cc2-c4cccnc4C,-4.48,29,-0.15448275862068966
COc1ccc(Br)cc1-c(cc(n2)-c3cn(C)nn3)n(c24)nc(c4C(=O)N)NC(=O)C5CCC5,-4.48,34,-0.13176470588235295
CC(=O)c1cccc(c1)-c(n2)c(-c3cccc(=O)o3)cc(c24)cnc(n4)NCCN5CCC[C@@H]5C,-4.48,35,-0.128
s1cccc1-c(c(c2)OC)cc(c23)ncc4c3cc(nc4N)-c5cccnc5,-4.479,28,-0.15996428571428573
Cc1cc(C)cc(c1)CNc(nc2)nc(c23)c(-c4ccn(C)c(=O)c4)cc(c3)-c5c[nH+]cn5C[C@H](N)C(=O)N(C)C,-4.479,41,-0.10924390243902439
NC(=O)c1ccccc1-c(c2)cc(-c(ccn3)cc3OC)c(c24)c(ncn4)N[C@H](C)c5cc(N)cc(C(F)(F)F)c5,-4.479,41,-0.10924390243902439
s1cccc1-c(c(c2)OC)cc(c23)ncc4c3cc(nc4N)-c5ccccc5,-4.478,28,-0.15992857142857142
Cc1ccc(C)c(c1)CNc2[nH+]cc(-c3ccc(C(F)(F)F)cc3)c(n2)Nc4ccccc4F,-4.478,34,-0.13170588235294117
c1ncccc1-c(nc(C)c2)c(c23)nc(nc3)NCCO,-4.478,21,-0.21323809523809523
C#Cc1ccc(cc1)NC(=O)CNc2ncc(c(n2)-c3cccnn3)-c(cc4)nc(c45)cc(C)cc5,-4.478,36,-0.12438888888888888
Cc1cccc(c1)CNc(ncn2)c(c23)cc(-c4ccc(Cl)cc4)c(c3)-c5cccnc5C(=O)[O-],-4.477,35,-0.12791428571428573
Cn1c(=O)cccc1-c(cc(c23)c(ncn2)NC(C)C)c(c3)-c4ccc(Br)cc4,-4.477,29,-0.1543793103448276
O=c1n(C)c(C)ccc1-c(c(c2)OC)cc(c23)ncc(C#N)c3NC[C@H](C)Nc4ccc(C(F)(F)F)c(C)c4,-4.477,39,-0.1147948717948718
CO/N=C/c1ncn(C)c1C(=O)c(cc(c2)-c3cnoc3)c(c24)nc(nc4)N[C@H](C)c5cc(N)cc(C(F)(F)F)c5,-4.477,41,-0.10919512195121953
Cn1c(=O)c(N)ccc1-c(cnc2NC)c([nH+]2)NCc3ccccc3C,-4.476,26,-0.17215384615384616
c1cnccc1-c(n2)cc(nc2C)Nc3ncc(s3)-c4ccccc4F,-4.475,26,-0.17211538461538461
COCCNc1nc(-c2csc(c2)N(C)C)[nH+]cc1-c3cccc(C(F)(F)F)c3,-4.475,29,-0.15431034482758618
Cc1cccc(c1)CNc(nc2NCC(C)(C)O)nc(c23)ccc(n3)-c4ccncc4,-4.474,31,-0.1443225806451613
C[NH2+]CC(=O)Nc1ncc(-c2cccnc2)c(n1)-c3coc(C)c3,-4.473,24,-0.18637499999999999
[NH3+]CCc(n1)cc(cc1C)-c(c2)c(-c3cccc(F)c3)cc(c24)n(C)c(n4)N5CCOCC5,-4.473,33,-0.13554545454545455
c1cc(F)ccc1-c(c(c2)NCCC)cc(c23)ncc(C#N)c3NCCO,-4.473,27,-0.16566666666666666
Cc(c1)cccc1/[NH+]=c2\nc(NCC)[nH]c(c23)ccc(n3)-c4c(C)cccc4Cl,-4.473,29,-0.15424137931034482
c1ccccc1-c(n2)ccc(c23)[nH+]c(NCC)nc3NC[C@H](N)c4ccccc4,-4.473,29,-0.15424137931034482
Cn(c1)c(=O)ccc1-c(c(c2)NC)cc(c23)ncc(C#N)c3Nc4cccc(c4)N(C)C,-4.472,32,-0.13975
CCNC(=O)Nc(c(C#N)cn1)c(c12)cc(c(c2)-c3cccnc3)N[C@H](C)c4cccc(c4)C(C)(C)O,-4.472,37,-0.12086486486486488
Fc(c1)cccc1-c(n2)cc(nc2C)Nc3ncc(s3)-c4ccccc4,-4.472,26,-0.17200000000000001
NC(=O)c(cc1)ccc1-c(n2)cc(N[C@H](C)CO)n(c23)ncc3-c4ccc([C@H](C)O)cc4,-4.471,32,-0.13971875
COc1nccnc1-c2cnc(-c3cnc(C)n3C)nc2N[C@H](C)c4ccccc4C,-4.471,31,-0.1442258064516129
C[NH+](C)CCNc([nH+]c1NC)ncc1-c(nn2C)c(c23)cccc3,-4.471,24,-0.18629166666666666
Cc1cccc(c1)OC[C@H](C)Nc(ncn2)c(c23)c(-c4cccc(F)c4)c(o3)-c5ccc(C(=O)N)cc5,-4.469,37,-0.1207837837837838
COc1cccc(c1)CNc2[nH+]c(ncc2-c3ncco3)N[C@H](F)c4cccc(C)c4,-4.469,31,-0.14416129032258065
COC(=O)c1cccc(c1)-c(nc(n2)-c3cccc(N)c3)c(c24)cc(cc4)-c5cc(N)ccc5O,-4.469,35,-0.1276857142857143
Cn1c(C)ncc1-c2cnn(c23)c(N[C@@H](C)c(cc4)ccc4CC)cc(n3)-c5cncc(c5)CN(C)C,-4.469,37,-0.1207837837837838
CN(C)C(=O)c(n1)cccc1-c(c(c2)OC)cc(c23)ncc4c3cc(nc4N)-c5c(C)nc(C)n5C,-4.468,36,-0.12411111111111112
CC(=O)Nc(c1)cccc1Oc(c(c2)OC)cc(c23)c(ncn3)N[C@H](C)[C@H](O)c4cccc(C)c4,-4.468,35,-0.12765714285714286
Cc1cccc(c1)[C@H](C)Nc(nc2)nc(c23)nc(-c4cccnc4)c(c3)-c5cc(n(n5)C)C(=O)N(C)C,-4.467,37,-0.12072972972972972
C[C@@H]1CCCN1CCNc(nc2)nc(c23)nc(-c4cccnc4)c(c3)-c5cccc(c5)/C(=N/[H])c6ccccc6,-4.467,39,-0.11453846153846153
n1ccncc1-c(c(c2)OC)cc(c23)ncc4c3cc(nc4N)-c5nccnc5C,-4.467,30,-0.14889999999999998
CC(C)[C@@H](C)N(CC1)c(c12)cc(cc2)[C@H](C)Nc(ncn3)c(c34)c(-c5cccc(C(F)(F)F)c5)cc(c4)-c6cccc(c6)C(=O)N,-4.466,46,-0.09708695652173914
c1cnccc1-c(n2)cc(nc2C)Nc3ncc(s3)-c4cccc(F)c4,-4.466,26,-0.17176923076923079
Cc1cccc(c1)CCNc(c(c23)nc(cc3)-c4c(C)noc4C)nc(n2)NCC[C@@]5(O)CC[N@@H+](C(C)C)CC5,-4.466,40,-0.11165
COc1cccc(c1)-c2cnc(-c3ccoc3)nc2NCC[NH3+],-4.464,23,-0.19408695652173916
CCNc(c(C#N)cn1)c(c12)cc([N-]S(=O)(=O)C)c(c2)-c3cccc(c3)/C=N/[H],-4.463,28,-0.15939285714285714
COc1cccnc1-c(c(c23)c(ncn3)NCCO)cc(c2)-c4cccc(c4)C(=O)N,-4.462,31,-0.14393548387096775
Fc1ccccc1-c2cc(-c(ncc3C)cc3C(=O)N(C)CC)cc(c24)ncnc4N[C@H](C)c5cccc(c5)OC,-4.462,41,-0.10882926829268293
CNc1nc(C)cc(n1)-c2ccc(cc2)NC(=O)n3cc[nH+]c3,-4.461,23,-0.19395652173913044
c1cnccc1-c(c(c2)OC)cc(c23)ncc(C#N)c3N[C@@H](C(C)C)c4cccc(N)c4,-4.461,32,-0.13940625
Cc1ccnc(c1)-c2cnc(-c3cccnc3)nc2N[C@H](C)c4ccc(CN)cc4,-4.461,30,-0.1487
Cn(c1)ncc1-c(c(c2)OC)cc(c23)ncc4c3cc(nc4N)-c5cccc(c5)[C@H](C)[NH+](C)C,-4.46,34,-0.13117647058823528
CCNc1nc(NCC[NH3+])[nH+]cc1-c2ccccc2Br,-4.459,20,-0.22294999999999998
C1OCC[C@H]1Nc(nc2)nc(c23)c(-c(c4)ncn4CCC)cc(c3)-c5cccnc5C(=O)Nc6cccnc6,-4.459,39,-0.11433333333333333
CCC[C@H]([NH3+])Nc(nc1)nc(c12)nc(c(c2)-c3cccc(=O)n3C)-c4ccc(=O)n(c4)COC,-4.459,34,-0.1311470588235294
COc1cncc(c1)-c(cc2)cc(c23)[nH+]cnc3N[C@@H](C4)CO[C@@]4(C)c5cccc(C)c5,-4.458,32,-0.1393125
Cc1ccc(nn1)-c(cn2)c(n23)nc(-c4ccccc4F)cc3N[C@@H]5CCOC5,-4.458,29,-0.15372413793103448
Cc1ccc(C)c(c1)CNc(nc2)nc(c23)n(CCN4CCCCC4)c(=O)c(c3C)-c5ccccc5C,-4.458,37,-0.1204864864864865
Clc1ccccc1-c(c(c2)-c([nH+]c3C)cn3C)cc(c24)nc(o4)N5CCOCC5,-4.458,29,-0.15372413793103448
CN(C)c1cc[nH+]c(c1)-c(c2)c(-c3ccccc3)cc(c24)oc(n4)N5CCOCC5,-4.457,30,-0.14856666666666665
COc1ccc(cc1)CNc2[nH+]c(NCCc3cccc(C)c3)ncc2-c4ccccc4,-4.456,32,-0.13925
c1ccccc1-c(n2)cc(nc2C)Nc3ncc(s3)-c4ccccc4F,-4.456,26,-0.1713846153846154
O=c(c1)ncccc1-c(c(c2)OC)cc(c23)ncc(C#N)c3N[C@H](C)c4cccc(C)c4,-4.456,32,-0.13925
c1cnccc1-c2c[nH+]c(nc2NCC)NC[C@@H]3C[N@@H+](C[C@@H]3O)c4ccc(C)cc4C,-4.456,31,-0.143741935483871
CCOc(c1)c(OC)cc(c12)ncnc2NC(=O)c3cc(C)cc(c3)C(C)C,-4.456,28,-0.15914285714285717
CN(C)C(=O)c1cc(O)cc(c1)Nc(nc(n2)-c3ccc(N)cc3)n(c24)ncc4-c5ccncc5,-4.455,35,-0.12728571428571428
Cc1ccccc1CNc2ncc(c(n2)-c3ccc(F)cc3)-c4nccnc4CN5CCCCCC5,-4.455,36,-0.12375
NC(=O)c1ccccc1-c(c(c23)c(ncn2)NC(=O)C)cc(c3)-c4ccccc4N(C)C,-4.454,32,-0.1391875
c1occc1-c(n2)nc(-c3cnoc3N)c(c24)cc(cc4)-c5cc[nH]c(=O)c5,-4.454,28,-0.15907142857142856
COCCNc(c1)c(-c2cccnc2)cc(c13)ncc(C#N)c3NCc4cc(N)cc(C(F)(F)F)c4,-4.453,36,-0.12369444444444445
CCNc(nc1)nc(c12)n(C)c(=O)c(c2C)-c3ccc(F)cc3,-4.453,23,-0.19360869565217392
Cc(c1)cccc1[C@@H](C)Nc2nc(NCc(cc3)ccc3C)[nH+]c(c24)ccc(n4)-c5cccc(c5)[NH2+]C(C)C,-4.453,39,-0.11417948717948719
Cc1ccc(cc1)CNc2[nH+]cc(-c3ccccc3C)c(n2)NC4CCOCC4,-4.453,29,-0.15355172413793106
c1sccc1-c(n2)cc(nc2C)Nc3ncc(s3)-c4ccncc4,-4.453,24,-0.1855416666666667
Fc(c1)cccc1-c(n2)cc(nc2C)Nc3ncc(s3)-c4ccncc4,-4.453,26,-0.17126923076923078
COc1cccc(c1)[C@H](C)Nc(nc2)nc(c23)n(-c4ccc(OC)c(c4)OC)c(=O)c(c3C)-c5ccc(F)cc5,-4.453,40,-0.11132500000000001
c1ccccc1Cc2cc(C)nc(n23)c(C(=O)N)c(n3)N[C@H](C)c4ccc([NH3+])cc4,-4.452,30,-0.1484
CN[C@H](C)C(=O)Cn1cc[nH+]c1-c(cc2)nc(c23)c(NCCN4CCOCC4)nc([nH+]3)N[C@H](C)c5cccc(C)c5,-4.452,41,-0.10858536585365854
Cc1ccc(nc1)-c2cnc(s2)Nc3cc(nc(n3)C)-c4ccc(F)cc4,-4.451,27,-0.16485185185185183
OCc(c1)cccc1-c(c(o2)-c(cc3)ccc3C)c(c24)c(ncn4)NC[C@H](O)c5cc(N)cc(C(F)(F)F)c5,-4.451,39,-0.11412820512820512
Cc1cccc(c1)-c2cnc(s2)Nc3cc(nc(n3)C)-c4ccccc4F,-4.451,27,-0.16485185185185183
Cc1cccc(c1)CNc(n2)c(C(=O)N)c(n23)nc(-c4cc[nH+]cc4)cc3-c5ccncc5,-4.451,33,-0.13487878787878788
c1ccccc1-c(c2)c(cc(c23)c(NC)c(C#N)cn3)Nc4ccccc4F,-4.451,28,-0.1589642857142857
Cc1ccc(cc1)CNc2[nH+]c(NCC[NH3+])ncc2-c3ccccn3,-4.45,25,-0.17800000000000002
n1ccccc1-c(n2)cc(nc2C)Nc3ncc(s3)-c4cccnc4,-4.45,25,-0.17800000000000002
Cc1cccc(c1C)-c2ncc(-c3ccc(F)cc3)c(n2)NC(=O)C[NH+]4CCCC4,-4.45,30,-0.14833333333333334
c1ncccc1-c(c2)cc(c(c23)nc(nc3)NCCC)-c4cccc(c4)OCC(=O)N,-4.449,31,-0.14351612903225805
CCc1ccc(cc1)-c2c[nH+]c(NCc3ccc(C)cc3)nc2N[C@H](C)c4ccccc4C,-4.449,33,-0.1348181818181818
COc(c1)cccc1-c2nc(-c(c3)cc(OC)cc3OC)nc(c24)ccc(c4)-c5ncc(C)n5C,-4.449,35,-0.1271142857142857
Fc(c1)cccc1-c(c(c2)OC)cc(c23)c(nc[nH+]3)N[C@H](C)CO,-4.448,24,-0.18533333333333335
n1cn(C)c(c12)nc(-c(ccn3)cc3C)nc2NC(=O)[C@@H]4CC[N@@H+](C4)[C@H](C)c5cccc(F)c5,-4.447,34,-0.13079411764705884
COc1ccc(Br)cc1-c(cc(n2)-c3cccnc3)n(c24)nc(c4C(=O)N)NCC[NH+](C)C,-4.447,33,-0.13475757575757577
c1cc(C)ccc1CNc([nH+]c2N[C@@H](C)CC)ncc2-c3ccc(C)cc3,-4.446,27,-0.16466666666666666
COc(c1)cccc1-c2cc(-c(c3)cccc3OC)cc(c24)ncnc4N[C@H](C)c5cc(N)cc(C(F)(F)F)c5,-4.446,40,-0.11115
CC(=O)c1cc(C)ccc1-c(c2)c(NCC[NH+](C)C)cc(c23)c(c(cn3)C#N)NC(C)C,-4.446,32,-0.1389375
COc1ncccc1-c(c(c2)OC)cc(c23)ncc4c3cc(nc4N)C5=CCOC5=O,-4.446,31,-0.14341935483870966
COCCNc(ncn1)c(c12)c(-c3cccc(Br)c3)c(o2)-c4cccc(c4)[C@H](C)[NH3+],-4.445,30,-0.14816666666666667
CCNc(nc1)nc(c12)n(-c3ccn(n3)C(C)C)c(=O)c(c2C)-c4ccccn4,-4.445,29,-0.15327586206896554
Cc1ccc(cc1)[C@H](C)Nc(n2)c(C(=O)N)c(n23)nc(-c4ccc(F)cc4)cc3-c5cnccc5C,-4.443,36,-0.12341666666666666
CCc1cnc([nH+]c1NC)NCc2ccsc2C,-4.442,18,-0.2467777777777778
Cc1cscc1-c(cc2)cc(c23)nc(NCCO)c4c3cnc(n4)NC5CC5,-4.441,28,-0.15860714285714286
Fc1ccccc1-c(c(=O)n2C)c(C)c(c23)cnc(n3)NCC[NH+](C)C,-4.441,26,-0.1708076923076923
OCC(=O)Nc1ccc(cc1OC)-c2cnc(NN(C)C)nc2-c3ccncc3,-4.441,29,-0.15313793103448275
C1CC[NH2+]Cc(c12)n(CC)nc2-c3cnc(-c4cccnc4)nc3NCc5cccc(c5)[NH+]6CCCCC6,-4.44,38,-0.1168421052631579
CC(C)N(CO1)c(c12)ccc(c2)CNc(c(c34)nccn4)nc(c3)-c5cccnc5,-4.44,30,-0.14800000000000002
NC(=O)c(c1)cccc1-c(c(c23)c(ncn2)NCC(C)(C)[NH3+])cc(c3)-c4cccnc4,-4.44,31,-0.14322580645161292
Cc1ccccc1C(=O)Nc(c(C#N)cn2)c(c23)cc(c(c3)-c4cccc(=O)n4C)N[C@H](O)c5cccc(c5)N(C)C,-4.439,42,-0.1056904761904762
Cc1ccc(cc1)-c2cnc(-c3c(C)noc3C)nc2NCC(C)(C)[NH3+],-4.438,26,-0.17069230769230767
c1ccccc1[C@@H](C)Nc([nH+]2)nc(NCc(c3)cccc3C)c(c24)nc(cc4)-c5c[nH+]cn5[C@H](C)C(=O)N,-4.438,38,-0.11678947368421051
CNC(=O)c1cccc(n1)-c(c2)c(OC)cc(c23)c4c(cn3)c(N)nc(c4)-c5ccncc5,-4.438,33,-0.13448484848484848
Cc1ccc(cc1)CNc2ncc(c([nH+]2)NC(C)C)-c3ccc(Cl)cc3,-4.438,26,-0.17069230769230767
Fc(c1)cccc1-c(cc2C)nc(n2)N[C@H](C)c3cc[nH+]c(c3)N(C4)CCCC4(F)F,-4.437,31,-0.14312903225806453
CCn1cc(cn1)-c(cc2)nc(c23)c(N[C@H](C)c4ccc(C(F)(F)F)cc4)nc(n3)NC5CCCCC5,-4.437,37,-0.11991891891891893
Cc1ccc(cc1)-c2cnc(s2)Nc3cc(nc(n3)C)-c4ncn(C)c4C,-4.437,27,-0.16433333333333333
Cc1cccc(c1)NC(=O)Nc(n2)c(C(=O)N)c(n23)nc(-c4nc(C)n(C)c4C)cc3-c5ccc(F)cc5,-4.437,38,-0.11676315789473685
COc1cccc(c1)-c(cc2)nc(c23)c(Nc4ccccc4)nc(n3)NCc5ccccc5,-4.436,33,-0.13442424242424242
CC(C)Nc(nc1)nc(c12)nc(c(c2)-c3ccoc3)-c4ccc(F)cc4,-4.436,26,-0.1706153846153846
c1nc(NC)nc(c12)n(CC)c(=O)c(c2C)-c3ccccc3F,-4.435,23,-0.19282608695652173
Cn1c(=O)cccc1-c(c2)cc(-c(ccc3=O)cn3C(=O)NC)c(c24)c(ncn4)N[C@H](C)c(cc5)cc(c56)N(CC6)[C@H](C)C(C)C,-4.435,46,-0.09641304347826087
Cc1cccc(c1)[C@H](C)Nc(n2)c(ncnc3)c3c(c24)ccc(c4)-c5ccc(cc5)CN(C)C,-4.434,34,-0.13041176470588237
Cn(c1)ccc1-c(c2)ccc(c23)nc(-c(ccn4)cc4NC(=O)C#CC)nc3-c5cnccc5C(=O)CN(C)C,-4.434,40,-0.11085
c1ccccc1CC(=O)Nc(c(c23)cccc3)nc(n2)-c4cccc(F)c4,-4.434,27,-0.16422222222222224
CC(=O)N(CC1)c(c12)ccc(c2)CNc(c(c34)ncn4C)nc(n3)-c5ccccn5,-4.434,30,-0.14780000000000001
c1ccccc1-c2cc(-c(o3)ccc3C)nc(n24)c(C(=O)N)c(n4)Nc5ccc(C(F)(F)F)cc5,-4.433,35,-0.12665714285714286
Cc1cc(N)cc(c1)[C@H](C)Nc(ncn2)c(c23)ccc(c3)-c(n4)n(C[C@H](F)[NH+](C)C)c(c45)cncc5,-4.433,36,-0.12313888888888888
OCc(cc1)ccc1-c(c(c2)OC)cc(c23)ncc4c3cc(nc4N)-c5ccncc5,-4.432,31,-0.1429677419354839
FC(F)(F)c(cc1)ccc1[C@H](C)Nc(nc2)nc(c23)c(-c4cnn(C)c(=O)c4)cc(c3)-c5[nH+]ccn5CC(=O)N(C)C,-4.431,42,-0.1055
Clc1ccccc1-c(cc2C)nc(n2)N[C@@H]3CC[N@H+](CC3)Cc4sccc4C,-4.43,28,-0.1582142857142857
COCNc1nc(N[C@H](CO)[C@H](C)O)[nH+]cc1-c2ccc(OC)cc2,-4.429,25,-0.17716
NC(=O)CNc(n1)c(C(=O)N)c(n12)nc(-c3ccc(Cl)cc3)cc2-c4ccc(F)cc4,-4.427,31,-0.1428064516129032
Cn1ccnc1-c(n2)ccc(c23)nc(NCC)nc3NC(=O)Nc4cccc(C)c4,-4.427,30,-0.14756666666666665
O=C([O-])Cn1nc(C)cc1-c(c(c2)OC)cc(c23)c(nc[nH+]3)NC[C@H](F)c4cc(N)cc(C(F)(F)F)c4,-4.427,37,-0.11964864864864863
c1ccccc1Cc(c2)cc(-c3ccnn3C(C)C)c(c24)c(ncn4)NC(F)(F)c5ccc(C(F)F)c(N)c5,-4.426,39,-0.11348717948717948
c1ccccc1[C@H]([C@H](C)O)Nc(ncn2)c(c23)cc(-c4ccccc4)c(c3)-c5cccc(c5)NC(=O)[C@H](O)C(F)(F)C,-4.425,42,-0.10535714285714286
COCCNc(nc1)nc(c12)nc(-c3ccn(n3)C)c(c2)-c4ccoc4,-4.425,26,-0.1701923076923077
CC(C)Nc(ncn1)c(c12)ccc(c2)-c3ccc(nc3)C[NH+](C)C,-4.425,24,-0.18437499999999998
Cc1ccc(cc1C)N[C@H](C)Nc(ncn2)c(c23)ccc(c3)-c4nccnc4N5CCCC5,-4.424,33,-0.13406060606060607
Fc(c1)cccc1-c(n2)nc(NCC(C)(C)O)n(c23)ncc3-c4cccc(F)c4,-4.424,29,-0.15255172413793106
O=c(c1)c(=O)n(OC)ccc1-c2cc(-c(cc3)ccc3OC)cc(c24)cnc(n4)N[C@@](F)(C)c5cc(O)cc(c5)N(C)C,-4.424,43,-0.10288372093023257
n1ccncc1-c(n2)cc(nc2C)Nc3ncc(s3)-c4cccs4,-4.424,24,-0.18433333333333335
Cc1ccccc1-c(cc2)cc(c23)c(-c(ccn4)cc4C)nc(n3)-c5ccccc5C(=O)[O-],-4.423,33,-0.13403030303030303
O=c1cccc(n1CC)-c(c2)c(OC)cc(c23)c4c(cn3)c(N)nc(c4)-c5ccc(OC)nc5,-4.422,34,-0.13005882352941175
Cc1ccc(cc1)CNc2nc(-c3cccs3)ncc2-c4ccc(cc4)C(=O)[C@@]5(O)CCC[N@H+](C5)C(C)C,-4.422,38,-0.11636842105263157
COc1ccc(cc1OC)-c(n2)c(-c3ccccc3)cc(c24)cnc(n4)NCC[NH+]5CCCC5,-4.422,34,-0.13005882352941175
c1cc(F)ccc1-c(cc2C)nc(n2)N[C@@H]3CC[N@H+](C)C3,-4.422,21,-0.21057142857142855
Fc1ccccc1-c(s2)cnc2Nc(nc3C)cc(n3)-c4cccc(c4)Cn5cc[nH+]c5,-4.421,32,-0.13815625
Cc1ccc(C)c(c1)CNc(nc2)nc(c23)n([C@@H]4CCN(C4)C[C@H](C)O)c(=O)c(c3C)-c5ccccc5,-4.421,37,-0.11948648648648649
Cn1c(C)c[nH+]c1-n2c(=O)c(-c3ccncc3)c(C)c(c24)cnc(n4)Nc5ccco5,-4.421,31,-0.14261290322580647
Cc1ccc(c(C)c1)NC(=O)Nc2nc(C)cc(n2)-c3ccc(Br)nc3,-4.421,26,-0.17003846153846155
CCc1ccc(cc1)-c(cc2)cc(c23)c(-c4cc(on4)OC)nc(n3)-c5cccc(n5)C[NH3+],-4.421,33,-0.133969696969697
Cc1nnc(C)cc1-c(cn2)c(n23)nc(-c(cc4)ccc4C)cc3N[C@H](C)Cc5ccc([NH3+])cc5,-4.42,35,-0.12628571428571428
COc1ccc(cc1OC)Nc(nc(n2)NC(C)(C)CO)c(c23)nc(cc3)-c4cccc(c4)C(=O)N,-4.42,36,-0.12277777777777778
O1CC=CC=C1c(n2)nc(-c(n3C)c[nH+]c3C)c(c24)cc(cc4)-c5ccc(O)cc5,-4.42,30,-0.14733333333333334
NCc(c1)cccc1[C@H](C)Nc(c(c23)nccn3)nc(c2)-c4ccc(Br)cc4,-4.42,28,-0.15785714285714286
n1ccncc1-c(n2)cc(nc2C)Nc3ncc(s3)-c4ccccc4Cl,-4.419,26,-0.16996153846153844
CC(=O)Nc(c(C#N)cn1)c(c12)cc(NCCO)c(c2)-c3ccc(CO)cc3,-4.419,28,-0.15782142857142856
Cc1cccc(c1)[NH2+][C@H](C)Nc2nc(-c3cccnc3)ncc2-c4cnn(C)c4,-4.418,29,-0.1523448275862069
c1ncccc1-c(c(c2)S(=O)(=O)C(C)(C)C)cc(c23)ncnc3NCC(=O)N,-4.418,28,-0.15778571428571428
COc1cc(=O)n(C)cc1-c(c2)c(-c3cnn(C)c3)cc(c24)ncnc4NCC[NH+](C)C,-4.417,32,-0.13803125
Cc1nccnc1Cc(nc2-c3ccc(cn3)C(=O)N)nc(c24)ccc(c4)-c5ccccc5,-4.417,33,-0.13384848484848486
Cc1ccccc1NC(=O)Nc2nc(-c3ccccc3)ncc2-c4ccc(Cl)cc4,-4.417,30,-0.14723333333333333
Cc1cccc(c1)CNc2nc(-c3ccc(F)cc3)ncc2-c4cccc(c4)N5CCCCC5,-4.416,34,-0.12988235294117648
c1ncccc1-c(n2)cc(N[C@@H](C)CC)n(c23)ncc3-c4cc(sn4)C(=O)N(C)C,-4.416,30,-0.14720000000000003
c1cc(Cl)ccc1-c(cc2C)nc(n2)NCCN3CC[NH+](CC3)CCn4ccnc4,-4.416,30,-0.14720000000000003
NC(=O)c(c1)cccc1-c(c2)cc(-c(no3)nc3C)c(c24)c(ncn4)N[C@H](C)c5ccccc5,-4.414,34,-0.1298235294117647
Cn(c1)c(=O)ncc1-c(nc(C)c2)c(c23)nc(nc3)Nc4ccc(nc4)C[NH+](C)C,-4.414,30,-0.1471333333333333
COCNc1[nH+]c(NCC[NH3+])ncc1-c2cccc(Br)c2,-4.413,21,-0.21014285714285716
c1cc(F)ccc1-c(c(n2)-c(on3)cc3C)cc(c24)cnc(n4)N[C@@H]5CC[N@@H+](C)CC5,-4.413,31,-0.14235483870967744
OC[C@H]1CN1C(=O)c(c2)cccc2-c(c(c3)CC)nc(c34)nc(nc4)N[C@H](C)c5cccc(C)c5,-4.412,35,-0.12605714285714287
CCN(C)C(=O)c1ccc(cc1OC)-c(cc(c2)-c3cccc(C)c3)c(c24)c(ncn4)N[C@H](C)c5cc(N)cc(C(F)(F)F)c5,-4.412,45,-0.09804444444444445
COc1cccc(c1)-c(cc2)nc(c23)c(nc([nH+]3)NCC[NH3+])Nc4cc[nH+]nc4,-4.412,29,-0.15213793103448275
CN(C)c1ccc(C(F)(F)F)cc1[C@H](C)Nc(nc2)nc(c23)c(-c4ccn(n4)C)cc(c3)-c5cccc(=O)n5C,-4.412,40,-0.1103
C[NH+](C)CC(=O)COc(c1)cc(-c(cn2)ccc2C)c(c13)c(ncn3)N[C@H](C)c4cccc(C(F)(F)F)c4,-4.411,38,-0.11607894736842105
Cc1ccc(cc1)[C@H](C)Nc(c2)c(-c3ccccc3)cc(c24)ncc(C#N)c4NCCc5cccc[nH+]5,-4.411,37,-0.11921621621621621
Cc1ccc(cc1)[C@H](C)Nc(nc2)nc(c23)nc(-c4ccccc4[C@H](C)O)c(c3)-c5cc(F)n(c5)CC(=O)N6CCNCC6,-4.411,44,-0.10024999999999999
Cc(c1)cccc1-c(cc2)cc(c23)c(-c(c4)cncc4OC)nc(n3)-c5cccc(c5)C(=O)N[C@H](C)N(C)C,-4.411,39,-0.1131025641025641
CCOc1nc(cs1)-c2cnc(-c3cccs3)nc2NCCC(C)(C)[NH3+],-4.41,26,-0.1696153846153846
Fc(c1)cccc1CNc(ncc2CC)nc2C=3C=C(C34)C(=C)[N-]C=N4,-4.41,26,-0.1696153846153846
Cc1ccc(cc1)CNc2[nH+]cc(-c3ccccc3)c(n2)N[C@@H]4CCOC4,-4.409,27,-0.1632962962962963
CCN(C)C(=O)Cc1ccc(cc1)-c(cc2-c3ccon3)cc(c24)ncnc4N[C@H](C)c(cc5)cc(c56)N(CC6)[C@H](C)C(C)C,-4.409,45,-0.09797777777777777
c1ccccc1[C@H](C)Nc(c(C#N)cn2)c(c23)cc(NC4CCCC4)c(c3)-c5ccccc5,-4.409,33,-0.1336060606060606
Oc(c1)cccc1[C@H](CC)Nc(ncn2)c(c23)c(-c4ccc(Cl)cc4)c(o3)-c5ccc(C(=O)N)cc5,-4.409,36,-0.12247222222222222
COc1ncccc1-c(c(c23)nc(nc3)NC(C)C)cc(c2)-c4cnc(Br)c(c4)C(=O)N,-4.408,32,-0.13775
[NH3+]Cc1ccccc1-c(c(c2)-c(cc3C)nc(n3)C)cc(c24)nc(n4C)N5CCOCC5,-4.408,32,-0.13775
O=c(c1)n(C)c(C)cc1-c(nc(C)c2)c(c23)nc(nc3)NCC[NH3+],-4.408,24,-0.18366666666666667
CCC[C@H]([NH3+])Nc(nc1)nc(c12)nc(-c3cccnc3)c(c2)-c4cccc(=O)n4C(C)C,-4.407,32,-0.13771875
Cn1cc[nH+]c1-c(n2)ccc(c23)[nH+]c(NC)nc3N[C@H](C)CN4CCCC4=O,-4.405,28,-0.15732142857142858
CC(=O)Nc1cccc(c1)-c(c(c23)c(ncn3)NC(C)C)cc(c2)-c4nccn4C,-4.405,30,-0.14683333333333334
s1ccnc1-c(n2)cc(nc2C)Nc3ncc(s3)-c4ccncc4,-4.405,24,-0.1835416666666667
CC(=O)Nc1ccc(cc1)-c2c[nH+]c(NCc3ccccc3)nc2NCCc4ccccc4,-4.404,33,-0.13345454545454546
c1ncccc1-c(c2)nc(c(c23)nccn3)NCC(=O)c4cccc(c4)C[C@@H]5CCC[NH2+]C5,-4.404,33,-0.13345454545454546
s1cccc1-c2cnn(c23)c(NCc(c4)[nH+]ccc4C)nc(n3)-c5ccn(c5)C(=O)C(=O)[NH-],-4.404,33,-0.13345454545454546
CC(C)([NH3+])CNc(ncn1)c(c12)c(-c3ccccc3)c(o2)-c4ccc(F)cc4,-4.404,28,-0.15728571428571428
C1CC1Nc(nc2)nc(c(n3)NCCO)c2c(c34)ccc(c4)-c5ccc(F)cc5,-4.403,29,-0.15182758620689654
Cc1ccccc1-c(nc(n23)c(C(=O)N)c(n2)NC)cc3-c4ccncc4,-4.403,27,-0.16307407407407407
N#Cc(c1)cccc1-c(n2)nc(NCc(c3)cc(C)cc3C)n(c24)ncc4-c5cccc(C)[nH+]5,-4.403,34,-0.12949999999999998
COc1ccc(cc1)Nc(c2)c(-c3ccc(=O)n(C)c3)cc(c24)ncc(C#N)c4NC(=O)C,-4.402,33,-0.1333939393939394
Cc1ccc(cc1)CNc(nc2NCCCO)nc(c23)ccc(n3)-c4ccnnc4,-4.402,30,-0.14673333333333333
Cc1cccc(c1)NCCNc(nc2NCC(C)C)nc(c23)ccc(n3)-c4c(C)noc4C,-4.401,33,-0.13336363636363635
c1cc(C)ccc1CNc([nH+]c2NCC)ncc2-c3c(C)noc3C,-4.401,25,-0.17604
n1cccnc1-c(n2)cc(nc2C)Nc3ncc(s3)-c4ccc(F)c(F)c4,-4.401,27,-0.163
CC[C@H](C)Nc(ncn1)c(c12)c(c(o2)-c3ccccn3)-c4cccc(N)c4,-4.401,27,-0.163
FC(F)(F)c(c1)cc([C@@H](F)[NH3+])cc1[C@H](C)Nc(ncn2)c(c23)cc(S(=O)(=O)C(C)(C)C)c(c3)-c4cnc(o4)[C@@H]5CCC[NH2+]5,-4.401,43,-0.10234883720930232
CC(C)Nc(nc1)nc(c12)c(-c3ccccc3)cc(c2)-c4ccc(F)cc4,-4.4,27,-0.16296296296296298
[NH3+]CCN(C)[C@H](C)c1ccncc1-c(cc(c2)-c3ccn(C)c(=O)c3)c(c24)nc(nc4)N[C@@](F)(C)c5cc(O)cc(c5)N(C)C,-4.4,45,-0.09777777777777778
c1cc(N)ccc1-c(n2)cc(nc2C)Nc3ncc(s3)-c4ccncc4,-4.4,26,-0.16923076923076924
Cn1cc[nH+]c1-c2cc(-c(ccc3=O)cn3CC)cc(c24)ncnc4N[C@H](C)c5cc(N)cc(C(F)(F)F)c5,-4.399,39,-0.1127948717948718
C[C@@H]1CCCN1CCNc(nc2)nc(c23)nc(-c4ccco4)c(c3)-c5cccc(c5)CO,-4.399,32,-0.13746875
c1ncccc1-c(n2)cc(NC(=O)C[NH2+]C)n(c23)ncc3-c4ccc(OC)cc4,-4.399,29,-0.15168965517241378
CC(C)Nc1cccc(c1)-c(cc2)nc(c23)c(nc([nH+]3)N[C@H](C)CO)N[C@@H]4CCCOC4,-4.399,32,-0.13746875
O=C([O-])Cn1c(C)[nH+]cc1-c(c2)cc(-c(c3)cccc3C)c(c24)c(ncn4)N[C@H](C)c5ccc(C(F)(F)F)cc5N,-4.398,41,-0.10726829268292683
Fc(o1)ccc1-c(n2)nc(NC(=O)C)n(c23)ncc3-c4ccccc4,-4.397,25,-0.17588
[NH3+]CCNc(n1)ncc(c12)c(C)c(c(=O)n2C)-c3ccccc3F,-4.396,24,-0.18316666666666667
Cn1c(C)[nH+]cc1-c2nc(-c(c3)cccc3C)nc(c24)ccc(c4)-c5cccnc5,-4.396,30,-0.14653333333333332
n1ccccc1-c(n2)nc(-c(cc3C)cn3C)c(c24)cc(cc4)-c5cc[nH]c(=O)c5,-4.396,30,-0.14653333333333332
c1cc(C)ccc1CNc([nH+]c2NC)ncc2-c3ccccc3,-4.396,23,-0.1911304347826087
COc1cccc(c1)-c2cnc(NCC[NH+](C)C)nc2-c3ccc(C)c(C)c3,-4.395,28,-0.1569642857142857
FC(F)(F)c(c1)cc(N)cc1[C@H](C)Nc(nc2)nc(c23)c(-c4ccc(=O)n(C)c4)cc(c3)-c5ccccn5,-4.395,38,-0.1156578947368421
COc1ccc(cc1)CNc2[nH+]c(NCc3cccc(C)c3)ncc2-c4cccc(F)c4,-4.395,32,-0.13734375
c1ncccc1-c(c(c2)NCC)cc(c23)ncc(C#N)c3NC(=O)c4cccc(c4)N(C)C,-4.394,33,-0.13315151515151516
FC(F)(F)c(cc1)ccc1NC(=O)CNc(c(c23)nccn3)nc(c2)-c4cccs4,-4.394,30,-0.14646666666666666
CNc1nc(NC)[nH+]c(c12)ccc(n2)-c3ccccc3,-4.394,20,-0.2197
OC[C@@H](O)c(n1)cccc1-c(c(c2)OC)cc(c23)ncc(C#N)c3NCc4cccc(C)c4,-4.393,33,-0.1331212121212121
Oc1cc(C)ccc1-c(c(c2)NCCOC)cc(c23)ncc(C#N)c3NC(=O)C,-4.393,29,-0.15148275862068966
CC(C)c(cn1)c(n12)nc(-c3ccc(F)o3)nc2NCc4cccc(c4)CN,-4.393,28,-0.15689285714285714
FC(F)(F)c(c1)cc(N)cc1[C@H](C)Nc(n2)c(nc(nc3)NC4CC4)c3c(c25)ccc(c5)-c6ccc(cc6)CNC(F)(F)F,-4.393,44,-0.09984090909090909
COc1cccc(c1)C(=O)Nc(ncn2)c(c23)ccc(c3)-c4cc[nH+]c(C)c4,-4.393,28,-0.15689285714285714
OCC(=O)Nc(cc1)ccc1-c(c(c2)OC)cc(c23)ncc4c3cc(nc4N)-c5ccccc5O,-4.392,35,-0.12548571428571428
COc1ccc(cc1)CNc2[nH+]c(N[C@H](C)c3ccc(o3)C)ncc2-c4ccccc4OC,-4.392,33,-0.1330909090909091
c1ncccc1-c(c(c2)OC)cc(c23)ncc4c3cc(C)nc4N,-4.391,24,-0.18295833333333333
COc1ccc(cc1)CNc2[nH+]c(NC(C)C)ncc2-c3ccccc3,-4.391,26,-0.16888461538461538
c1ccccc1-c(n2)nc(NCc(cc3)ccc3C)n(c24)ncc4-c5ccc(O)cc5,-4.391,31,-0.1416451612903226
CN(C)C(=O)Cn(c(=O)c1)ccc1-c(c(c2)OC)cc(c23)ncc(C#N)c3NC(=O)c4cccc(C)c4,-4.391,37,-0.11867567567567568
Cn(n1)ccc1-c(c(c2)OC)cc(c23)ncc4c3cc(nc4N)-c5ccc(C(=O)N)cc5,-4.39,32,-0.1371875
Cc1cccc(c1)-c2cnc(NCc3ccccc3C)nc2-c4cccc(c4)CN(C)C,-4.39,32,-0.1371875
FC(F)(F)c(cn1)ncc1-c(c[nH+]c2CC)c(n2)NCc3ccccc3,-4.39,26,-0.16884615384615384
COc1ccc(cc1)-c(cc2NC(F)(F)F)nc(n23)c(cn3)-c4nc(C)cs4,-4.39,28,-0.15678571428571428
Cc1ccc(cc1C)NC(=O)CNc2ncc(-c3ccc(F)cc3F)c(n2)-c4cccnc4,-4.389,33,-0.133
CCNc1nc(CCO)ncc1-c2cccnc2,-4.388,18,-0.24377777777777776
Cc1cc(n(n1)C)-c2cc(nc(n2)C)Nc3ncc(s3)-c4ccncc4,-4.388,26,-0.16876923076923075
[NH3+]Cc1cccc(c1)-c2cnc(NCc3ccccc3Cl)[nH+]c2NCCc4ccccc4,-4.388,32,-0.137125
Cc1ccncc1-c2ncc(-c3ccccc3[C@H](C)O)c(n2)NC(=O)c4cc(N)cc(c4)C(F)(F)CO,-4.388,37,-0.1185945945945946
Cc1ccccc1CNc2nc(NCC[N@H+](C)CC)[nH+]c(c23)ccc(n3)-c4cccc(c4)C(=O)N,-4.386,35,-0.1253142857142857
Cn(c1)c(=O)ccc1-c(n2)cc(nc2C)Nc3ncc(s3)-c4ccccc4,-4.385,27,-0.1624074074074074
s1ccc(c12)nc(C)nc2-c3c[nH+]cn3Cc4ccccc4,-4.385,22,-0.1993181818181818
COc1ccccc1-c(c(c23)c(ncn3)NCCC(=O)N)cc(c2)-c4ccccc4C,-4.385,31,-0.1414516129032258
Cn1c(C)c[nH+]c1-c(cn2)c(n23)nc(-c4cccc(F)c4C)cc3NCCN5CCCC5,-4.385,32,-0.13703125
O1CC=CC=C1c(n2)nc(-c(n3C)cnc3C)c(c24)cc(cc4)-c5ccc(O)cc5,-4.385,30,-0.14616666666666667
Cc1ccc(cc1)CNc2[nH+]c(ncc2-c3ccno3)NCc4ccccc4,-4.384,28,-0.15657142857142858
n1oc(C)cc1-c2cnc(nc2NC)NC(=O)NCc3ccccc3Cl,-4.384,26,-0.16861538461538464
Cc1ccccc1-c(c2)c(cc(c23)c(c(C#N)c[nH+]3)NCCO)NCCc4ccccc4,-4.384,32,-0.137
c1cc(F)ccc1-c(n2)cc(nc2C)Nc3ncc(s3)-c4cccc(C#N)c4,-4.384,28,-0.15657142857142858
CN(C)C(=O)c1cncc(c1)-c(nc(n2)-c3cccnc3)c(c24)cc(cc4)-c5ccc(O)cc5,-4.384,34,-0.12894117647058825
Cc1ccc(cc1)-c(n2)c(-c3ccc(F)cc3)cc(c24)cnc(n4)NC[C@H](C)[NH+]5CCCC5,-4.383,33,-0.1328181818181818
n1cc(C)ncc1-c(n2)ccc(c23)nc(N[C@@H](C)c(c4)cccc4C)nc3NCCN5CCOCC5,-4.383,36,-0.12175
Cc1ccc(cc1)[C@H](C)Nc(cc(n2)-n3ccnc3)n(c24)ncc4-c5cccc(C)[nH+]5,-4.383,31,-0.14138709677419356
COc1ccc(cc1O)-c(cc2)cc(c23)c(-c4occc4CO)nc(n3)-c5ccncc5F,-4.382,33,-0.1327878787878788
COc1ccccc1-c(c2)c(OC)cc(c23)c4c(cn3)c(N)nc(c4)-c5cc(C)ccc5C(=O)N,-4.382,35,-0.12519999999999998
CC(F)(F)c(c1)cccc1[C@H](C)Nc(nc[nH+]2)c(c23)cc(c(c3)Cc4ccccc4)-c5cccn5CC(=O)NC(=O)C(C)(C)O,-4.382,45,-0.09737777777777777
CN(C)C(=O)CC(=O)n(c1)c(C)cc1-c2cc(-c(cc3C)cc([nH+]3)C(C)C)cc(c24)cnc(n4)N[C@H](C)c5ccccc5,-4.382,43,-0.10190697674418604
Cc1cccc(c1)-c2ncc(-c3ccnc(=O)n3C)c(n2)NCc4cccc(c4)[NH+]5CCCCC5,-4.381,35,-0.12517142857142857
CCc1nc(C)c(o1)-c2nc(NCCO)ncc2-c3[nH+]cccc3[O-],-4.381,25,-0.17524
Cc1ccc(cc1)[C@H](C)Nc(c2)c(-c3cnn(C)c3C)cc(c24)[nH+]cc(C#N)c4NCCO,-4.38,33,-0.13272727272727272
CCNc1[nH+]cc(-c2noc(C)c2C)c(n1)NCc3ccc(CF)cc3,-4.38,26,-0.16846153846153847
CC(C)c(c1)cccc1[C@@H](C)Nc2nc(N[C@H](C)C[C@H](C)[NH+]3CCOCC3)[nH+]c(c24)ccc(n4)-c5cccc(c5)CN(C)C,-4.379,44,-0.09952272727272726
C1CCCN1C(=O)Cn2ccnc2-c(c(c3)OC)cc(c34)ncc5c4cc(nc5N)-c6cccnc6,-4.379,36,-0.12163888888888888
Cc1ccc(cc1)[C@H](C)Nc(ncn2)c(c23)c(-c(cc4)cc(n45)[nH+]cc5)cc(c3)CCOc6ccccc6,-4.379,38,-0.11523684210526315
CCC(F)(CC)Nc1nc(NC)[nH+]cc1-c2cccc(c2)C(=O)NCC(=O)[O-],-4.378,28,-0.15635714285714286
c1ccccc1-c(n2)nc(-c(cc3)ccc3O)c(c24)cc(cc4)-c5cc[nH]c(=O)c5,-4.378,30,-0.14593333333333333
o1cc(F)cc1-c(cc2)cc(c23)c(-c(c4)cccc4C)nc(n3)-c5ccc(O)cc5,-4.377,30,-0.1459
CCn1cncc1-c(cc2)nc(c23)c(N[C@H](C)c4cccc(c4)CN)nc([nH+]3)N[C@H](C)c5ccc(C)cc5,-4.376,38,-0.11515789473684211
Cc1nccn1-c(c2)c(-c3cccnc3)nc(c24)nc(nc4)NCCN5CCC[C@@H]5C,-4.376,31,-0.14116129032258065
Cc1ccc(cc1C)N[C@H](C)Nc(nc[nH+]2)c(c23)ccc(c3)-c4ncno4,-4.376,27,-0.1620740740740741
COc1ccc(cc1)-c2cc(C)nc(n2)NCCN3CCN(CC3)CCn4cc[nH+]c4,-4.376,31,-0.14116129032258065
CCNC(=O)Nc(n1)c(C(=O)N)c(n12)nc(C)cc2-c3cc[nH+]cc3,-4.375,25,-0.175
Cc1ccc(cc1C)NC(=O)CNc2ncc(-c3cc[nH+]c(c3)N(C)C)c(n2)-c4ccccc4,-4.375,34,-0.12867647058823528
CC(=O)Nc1cc(O)cc(c1)-c(cc2)cc(c23)c(-c4ccccc4)nc(n3)-c5ccc(F)cc5,-4.375,34,-0.12867647058823528
O=C([O-])c1ccc(cc1)Nc2[nH+]cc(-c3ccccc3F)c(n2)NCc4ccccc4,-4.374,31,-0.14109677419354838
c1cnccc1-c2c[nH+]c(nc2NCCOC)NCc3ccccc3Cl,-4.373,26,-0.1681923076923077
c1cc(O)ccc1C[C@@H](O)Cc(c(c2)-c(cc3)ccc3C)cc(c24)oc(n4)N5CCOCC5,-4.373,33,-0.13251515151515153
Cc1cccc(c1)OC[C@H](C)Nc(ncn2)c(c23)c(-c4ccccc4)c(o3)-c5ccn(C)c(=O)c5,-4.373,35,-0.12494285714285715
CCOc1ccc(cc1)-c(cc2)cc(c23)nc(N[C@H]([NH3+])Cc4ccccc4)c5c3cnc(n5)NC6CC6,-4.373,37,-0.11818918918918919
C[C@@H]1CCC[N@H+]1CCNc(nc2)nc(c23)nc(-c4[nH+]ccn4C)c(c3)-c5ccc(F)cc5,-4.373,32,-0.13665625
FC(F)(F)c(c1)cccc1-c(c(c2)-c(cc3C)ccc3N)nc(c24)nc(nc4)N[C@@H]5CC[N@@H+](C)CC5,-4.373,36,-0.12147222222222223
o1cccc1-c(c(c2)NC)cc(c23)ncc(C#N)c3NCc4cccc(c4)NC(=O)C,-4.372,31,-0.14103225806451614
c1cnccc1-c2c[nH+]c(nc2NCC)NC[C@@H]3CN(C[C@@H]3O)c4ccc(C)cc4C,-4.372,31,-0.14103225806451614
Cc1c[nH+]c(C)cc1-c(c(c2)NCC)cc(c23)ncc(C#N)c3NC,-4.371,25,-0.17484000000000002
Oc1ccccc1-c(n2)cc(NCC[NH2+]C)n(c23)ncc3-c4cccn(c4=O)C(=O)C[NH+](C)C,-4.371,34,-0.12855882352941178
CSc(cc1)ccc1[C@H](CC)Nc(nc2)nc(c23)nc(c(c3)-c4ccco4)-c5[nH+]ccn5C,-4.371,33,-0.13245454545454546
c1ccccc1CNc2nc(NC)[nH+]c(c23)ccc(n3)-c4[nH+]ccn4C,-4.371,26,-0.16811538461538464
c1ccccc1[C@H](C)Nc(nc2NCCO)nc(c23)ccc(n3)-c4ccccn4,-4.371,29,-0.1507241379310345
Cc1c(C)cccc1-c(nc2NCC)ncc2-c3ccn(C)c(=O)c3,-4.371,25,-0.17484000000000002
C1COCCN1c(n2)oc(c23)cc(c(c3)-c(c4)cccc4F)-c5cccc(c5)Cn6ccnc6,-4.371,34,-0.12855882352941178
Cc1ccc(cc1)CN(C)CCNc(n2)c(C(=O)N)c(n23)nc(-c4cccnc4)cc3-c5ccc(o5)C,-4.37,37,-0.11810810810810811
C[NH2+][C@H](C)Nc(ncn1)c(c12)c(c(o2)-c3ccn(n3)C)-c4cccc(C(F)(F)Cl)c4,-4.369,30,-0.14563333333333334
Cc1ccc(cc1)CNc2ncc(c([nH+]2)NCCO)-c3cccc(C)c3,-4.369,26,-0.16803846153846153
n1cccn1CC(=O)N[C@@H](OC2=O)/C=C\C(\C)=C/C=C\[C@]2(O)CCNc(nc(n3)-c4ccc(C)cc4)n(c35)ncc5-c6ccc(Br)cc6,-4.369,48,-0.09102083333333333
Nc1cc(C(F)(F)F)ccc1[C@H](C)Nc(ncn2)c(c23)c(-c4ccc(=O)n(C)c4)cc(c3)-c5ccccc5,-4.368,38,-0.11494736842105265
[NH3+]CC(=O)Nc(n1)nc(cc1C)-c2ccc(cc2)NC(=O)n3cc[nH+]c3,-4.368,26,-0.168
COc(c1)cccc1-c2c[nH+]c(nc2NCC)N[C@@H]3C[N@@H+](C3)[C@H](C)c4cccc(C(F)(F)F)c4,-4.368,34,-0.12847058823529411
Cc(c1)cccc1[C@@H](C)Nc2nc(NC)nc(c23)ccc(n3)-c4c(C)noc4C,-4.366,29,-0.15055172413793103
NC(=O)CNc(ncn1)c(c12)c(-c3ccc(C(=O)[O-])cc3)cc(c2)-c4cccnc4,-4.366,30,-0.14553333333333332
Cn(c1)c(=O)ccc1-c(c(c2)OC)cc(c23)ncc(C#N)c3N[C@H](C)c4cc(C)cc(N)c4,-4.365,33,-0.1322727272727273
CCc1ccc(cc1)-c(cc2)cc(c23)c(nc(n3)-c4cccn(C)c4=O)-c5ccnc(c5)C[NH+](C)C,-4.365,36,-0.12125000000000001
Fc1ccccc1-c(n2)cc(NCCCO)n(c23)ncc3-c4ccc(F)cc4,-4.365,28,-0.15589285714285714
Cc1ccc(cc1)[C@H](C)Nc(ncn2)c(c23)c(-c4c[nH+]cn4C)cc(c3)-c5cnn(c5)CC(=O)N,-4.365,35,-0.12471428571428572
Clc1cc(F)ccc1-c(nc(c23)n(C)cn2)nc3N[C@@H]4CCC[N@@H+](C4)CC[NH3+],-4.365,28,-0.15589285714285714
Cc1ccc(cc1)C[N@H+]2CC[C@@H](CC2)Nc(ncn3)c(c34)c(-c5ccccc5)c(o4)-c6ccccc6,-4.365,36,-0.12125000000000001
Cc1ccc([NH3+])c(c1)CNc(nc2)nc(c23)c(-c4cccnc4)cc(c3)-c5cncc(c5)C(=O)N,-4.365,35,-0.12471428571428572
CC[N@H+]1CC[C@@H](CC1)[C@H](C)Nc(ncn2)c(c23)cc(c(c3)-c(cn4)n(c45)cccc5)-c6cccc(c6)C(=O)Oc7ccc(C)cc7,-4.364,46,-0.0948695652173913
Cc1cccc(c1)CNc(nc2NCCCO)nc(c23)ccc(n3)-c4ncc(o4)C,-4.363,30,-0.14543333333333336
CCn1cc(ccc1=O)-c(c(c23)c(ncn3)NC(C)C)cc(c2)-c4cccnc4,-4.363,29,-0.150448275862069
Cc1ccc(cc1)C(=O)Nc(nc2)nc(c23)c(-c4[nH+]ccn4C)cc(c3)-c5cnn(c5)CCC(=O)N,-4.362,36,-0.12116666666666667
COc(c1)c(OC)ccc1-c(cc2)cc(c23)c(-c(c4)cccc4OC)nc(n3)-c5ccccc5OC,-4.362,36,-0.12116666666666667
NC(=O)c1cccc(c1)-c(c2)c(-c3ccccc3)cc(c24)nc(o4)N5CCOCC5,-4.362,30,-0.1454
CCCNc(n1)c(C(=O)N)c(n12)nc(-c(cnc3)c(c34)cccc4)cc2-c5ccccc5F,-4.362,33,-0.13218181818181818
Cc1cccc(c1)-c(cc2)nc(c23)c(\nc([nH]3)NCCO)=[NH+]\c4cc(C)n(C)c4,-4.362,29,-0.15041379310344827
C[C@H](O)c(c1)cccc1-c(c(o2)[C@@H](C)CC)c(c23)c(ncn3)Nc4cccnc4N5CCOCC5,-4.362,35,-0.12462857142857144
COc1ccc(cc1N(C)C)-c(cc2)cc(c23)nc(c4c3cncn4)NC(=O)CC[NH+](C)C,-4.362,33,-0.13218181818181818
s1cccc1-c(n2)nc(N[C@H](CC3)CC[N@@H+]3C)n(c24)ncc4C(=O)Nc5cccc(C(F)(F)F)c5,-4.361,35,-0.12459999999999999
Cn1ccc(=O)cc1-c(c(c2)OC)cc(c23)ncc4c3cc(nc4N)-c5ccccc5,-4.36,31,-0.1406451612903226
Cc1cccc(c1)-c(cc2)nc(c23)c(nc(n3)NCC(=O)N)Nc4cnccc4C,-4.36,30,-0.14533333333333334
C1CCCN1[C@@H](O)CNc(nc2NC)ncc2-c3cnccn3,-4.359,23,-0.18952173913043477
c1ccccc1CNc([nH+]c2NCCCO)ncc2-c3cccnc3,-4.359,25,-0.17436
C[NH2+][C@H](C)CNc(ncn1)c(c12)c(-c3cccc(C)c3)cc(c2)-c4c[nH+]c(C)n4C,-4.359,30,-0.1453
c1cncc(c12)n(C[C@@H](F)N(C)C)c(n2)-c(cc3)cc(c34)[nH+]cnc4NCc5ccc(Cl)cc5,-4.359,34,-0.12820588235294117
CCc1ccc(cc1)-c(c2)c(S(=O)(=O)C(C)(C)C)cc(c23)c(ncn3)NC(=O)c4ccc(cc4)N5CCCCC5,-4.358,40,-0.10894999999999999
c1ncccc1-c(c(c2)NCCC)cc(c23)ncc(C#N)c3NC[C@H](O)c4ccccc4,-4.356,32,-0.136125
C1CCCN1CC(=O)Nc2nc(-c3ccsc3)ncc2-c4ccccn4,-4.356,26,-0.16753846153846153
c1cc(C)ccc1[C@@H](C)Nc(ncn2)c(c23)c(-c(ccc4=O)cn4CCC)cc(c3)-c5[nH+]ccn5CC(=O)N(C)C,-4.356,41,-0.10624390243902439
NC(=O)CCCNc(nc1NC)[nH+]cc1-c2ccc(F)cc2,-4.356,22,-0.19799999999999998
C1CC1Nc(nc2)nc(c(n3)NCCO)c2c(c34)ccc(c4)-c5ccccc5F,-4.355,29,-0.15017241379310348
OCCNc(nc1)nc(c12)c(-c(cc3)ccc3OC)cc(c2)-c4cccnc4C(=O)Nc5cccnc5,-4.355,37,-0.11770270270270271
Cc(n1)onc1-c(c(c2)NC)cc(c23)ncc(C#N)c3NCc4cccc(c4)NC(=O)C,-4.354,32,-0.1360625
CC(=O)Nc1cccc(c1)-c2cnc(-c3ccc(F)cc3)nc2NCc4cccc(c4)[NH+]5CCCCC5,-4.354,37,-0.11767567567567568
C[NH+](C)[C@H](C)c1ncc(cn1)-c(cn2)c(n23)nc(cc3NC(C)(C)[NH3+])-c4cccc(F)c4,-4.353,32,-0.13603125
[NH3+]C[C@@H]1CCCN(C1)Cc2cccc(n2)-c3cnc(-c4cccnc4)nc3N[C@H](F)c5cccc(F)c5,-4.353,37,-0.11764864864864864
CCc1cccc(c1)-c(cc2)nc(c23)c(N[C@H](C)c4ccccc4C)nc(n3)NCc5cccc(Cl)c5,-4.352,37,-0.11762162162162162
n1cccn1Cc(cc2)ccc2-c(c(c3)-c4ccccc4Cl)cc(c35)nc(o5)N6CCOCC6,-4.352,34,-0.128
CC(C)([NH3+])c(c1)cccc1[C@@H](C)Nc2nc(NCc3ccccc3C)[nH+]c(c24)ccc(n4)-c5cccc(c5)[NH2+]C(C)C,-4.351,42,-0.1035952380952381
CCn1cncc1-c2cc(C)nc(n2)N[C@@H]3CC[N@@H+](C3)[C@H](C)c4cccc(F)c4,-4.351,29,-0.1500344827586207
OCc1ccc(cc1)-c(n2)c(-c3ccccc3)cc(c24)cnc(n4)NCC[NH+]5CCCCCC5,-4.351,34,-0.1279705882352941
CN(C)c1[nH+]cccc1-c(c(c2)OC)cc(c23)ncc4c3cc(nc4N)-c5ccccc5,-4.351,32,-0.13596875
Cc(n1)nccc1-c(c(c2)OC)cc(c23)ncc(C#N)c3N[C@H]([NH3+])c4cc(C)cc(C(F)(F)F)c4,-4.351,35,-0.12431428571428571
CNC(=O)Cn1cc[nH+]c1-c(cc2)cc(c23)nc(c4c3cncn4)NCCC[NH+]5CCOCC5,-4.35,34,-0.12794117647058822
COc1ccc(cc1)-c(o2)c(-c3ccc(C(=O)N)cc3)c(c24)c(ncn4)NC[C@H](O)c5ccc(C)cc5,-4.35,37,-0.11756756756756756
CCOc1ccccc1-c2ncc(c(n2)N[C@H](C)C[NH3+])-c3c[nH+]c(C)n3C,-4.35,27,-0.1611111111111111
CCOc1ccc(cc1OC)-c(c2)c(OC)cc(c23)c4c(cn3)c(N)nc(c4)-c5ccncc5,-4.349,34,-0.12791176470588236
c1ccccc1CCNc(nc2NCC)[nH+]cc2-c3cc(Cl)ccc3OC,-4.349,27,-0.1610740740740741
CCCNc(n1)c(ncnc2)c2c(c13)ccc(c3)-c4[nH+]ccn4CC(=O)NC,-4.349,28,-0.15532142857142858
NC(=O)CNc(n1)ncc(c12)c(C)c(-c3ccc(=O)n(C)c3)c(=O)n2-c4ccccc4,-4.348,31,-0.14025806451612902
Cc1ccc(cc1)CNc2nc(-c3ccoc3C(F)(F)F)[nH+]cc2-c4cccc(C#N)c4,-4.347,32,-0.13584375
Cc1ccc(cc1)-c2cnc(s2)Nc3cc(nc(n3)C)-c4ccc(C)cn4,-4.347,27,-0.161
COc1ccc(cc1)-c(o2)c(-c3ccc(CO)cc3)c(c24)c(ncn4)NC(=O)COc5cccc(N)c5,-4.346,37,-0.11745945945945946
n1cn(C)c(c12)nc(-c(ccn3)cc3C)nc2NC(=O)CN4CC[NH+](CC4)CC(C)C,-4.346,31,-0.14019354838709677
Cn1ccnc1-c(cc2)nc(c23)c(NCCO)nc([nH+]3)NCCN4CCCC4,-4.345,28,-0.15517857142857142
CN(C)c1ccc(cn1)-c2cnc(NCC(=O)[C@H](N)CO)nc2-c3ccncc3Cl,-4.345,30,-0.14483333333333331
COc1ccc(cc1OC)-c(c2)c(OC)cc(c23)c(c(cn3)C#N)N[C@H](C)c4cc(C)cc(N)c4,-4.344,35,-0.12411428571428572
COc1ccc(cc1)CNc2nc(N[C@H](C)c3ccccc3C)[nH+]cc2-c4ccccc4[C@H](C)O,-4.343,35,-0.12408571428571429
O=C([O-])c1cccc(c1)-c(c2)c(-c3cccc(F)c3)cc(c24)nc(o4)N5CCOCC5,-4.342,31,-0.14006451612903226
Cc1nocc1-c(nc2NCC)ncc2-c3cccc(C(=O)[O-])c3,-4.342,24,-0.18091666666666664
OCc(cc1)ccc1-c2nc(-c(c3)cccc3N(C)C)nc(c24)ccc(c4)-c5ccnc(c5)N(C)C,-4.342,36,-0.1206111111111111
Cn1c(C)[nH+]cc1-c(cc2C)nc(n2)N[C@@H]3CC[N@H+](C3)[C@H](C)c4cccc(F)c4,-4.342,29,-0.14972413793103448
Cc1ccccc1[C@H](C)Nc(nc2NCCCO)nc(c23)ccc(n3)-c4ccc(=O)n(c(=O)c4)CC(C)C,-4.341,38,-0.11423684210526316
Fc(c1)cccc1-c(cn2)c(n23)nc(-c4cccc(F)c4C)cc3N[C@H](C)c5ccc([NH3+])cc5,-4.341,34,-0.1276764705882353
n1ccncc1-c(c2)c(cc(c23)c(NC(C)C)c(C#N)c[nH+]3)NCc4ccc(F)cc4,-4.341,31,-0.14003225806451614
Cc1ccccc1-c(cc2)cc(c23)c(-c4cnno4)nc(n3)-c5csc(N)c5,-4.341,28,-0.1550357142857143
CC(=O)Nc1cccc(c1)CNc(c(C#N)c[nH+]2)c(c23)cc(NC(C)C)c(c3)CCN4CCCC4=O,-4.341,36,-0.12058333333333333
C[C@@H]1CCCN1CCNc(nc2)nc(c23)nc(-c4cccc(F)c4)c(c3)-c5ccnn5C,-4.34,32,-0.135625
CNC(=O)n1cc(ccc1=O)-c(c2)c(OC)cc(c23)[nH+]cnc3NC[C@H](F)c4cc(N)cc(C(F)(F)F)c4,-4.34,38,-0.11421052631578947
Cc(c1)cccc1CNc(n2)nc(NCCC)c(c23)nc(cc3)-c4cccnc4C(=O)N,-4.34,32,-0.135625
Cc(c1)cccc1[C@@H](C)Nc(n2)nc(NCCC)c(c23)nc(cc3)-c4cccc(n4)C(=O)C[NH+](C)C,-4.34,36,-0.12055555555555555
Fc(c1)c(F)ccc1-c(cc2C)nc(n2)NCCN3CC[NH+](CC3)CCn4ccnc4,-4.339,31,-0.1399677419354839
CC(=O)Nc(nc1)nc(c12)nc(-c3ccco3)c(c2)-c4ccc(F)cc4,-4.338,26,-0.16684615384615384
FC(F)(F)c(c1)cccc1CN2CC[C@H](CC2=O)Nc3[nH+]cc(-c4ccccc4)c(n3)NCc5ccccc5,-4.338,39,-0.11123076923076923
COc1cc(ccn1)-c(cn2)c(n23)nc(-c4ccccc4F)nc3NCC(=O)N5CC[NH+](CC5)C[C@H](C)O,-4.338,38,-0.11415789473684211
c1c[nH+]ccc1Oc(c(c2)OC)cc(c23)c(ncn3)NC(=O)CN(CCC4)c(c45)cccc5,-4.337,33,-0.13142424242424242
c1cnccc1-c2cnc([nH+]c2NCCOC)NCc3ccccc3Cl,-4.337,26,-0.1668076923076923
c1cc(N)ccc1-c(n2)nc(NCC[N@H+](C)CC)n(c23)ncc3-c4cc(OC)ccc4OC,-4.337,33,-0.13142424242424242
OCCNc(n1)ncc(c12)c(C)c(-c3ccncc3)c(=O)n2-c4cccc(O)c4,-4.336,29,-0.14951724137931036
c1cc(F)ccc1-c(c(c2)S(=O)(=O)C(C)(C)C)cc(c23)ncnc3NC(=O)C[C@H](O)c4ccccc4,-4.336,36,-0.12044444444444445
Cc1cccc(c1)-c(nc(c23)n(cn3)C)nc2N[C@@H]4CCC[N@@H+](C4)CCN,-4.335,27,-0.16055555555555556
Cn(c1)ccc1-c(cc2)cc(c23)c(-c4c(C)noc4CC)nc(n3)-c5cn(cn5)CC(=O)N,-4.335,33,-0.13136363636363635
CN(C)C(=O)Cn1ccc(cc1=O)-c2cnc(NCC(=O)N)nc2-c3ccncc3,-4.333,30,-0.14443333333333333
Cc1ccccc1-c(cn2)c(n23)nc(-c4ccncc4)cc3NC(=O)NC(C)C,-4.332,29,-0.14937931034482757
Cc1ccccc1-c(cn2)c(n23)nc(nc3NCCO)-c4ccc(N)cc4,-4.331,27,-0.16040740740740742
Cc(c1)cccc1Nc2nc(NCC)nc(c23)ccc(n3)-c4c(C)cccc4Cl,-4.331,29,-0.1493448275862069
c1ncccc1-c(n2)nc(-c(nc3C)ccc3C)c(c24)cc(cc4)-c5cc[nH]c(=O)c5,-4.33,31,-0.1396774193548387
O=c1n(C)cccc1-c(n2)nc(c(c23)cc(cc3)-c(cc4)ccc4C)-c5cccc(n5)C(=O)NC6CCCC6,-4.33,39,-0.11102564102564103
Nc(c1)cccc1-c(c(c23)c(ncn2)NCC)c(o3)-c4cccc(C)c4,-4.33,26,-0.16653846153846155
c1ncccc1-c(cc2)nc(c23)c(Nc(c4)cccc4OC)nc(n3)NCc5cccc(C(F)(F)F)c5,-4.33,37,-0.11702702702702703
NC(=O)c1cccc(c1)-c(c2)c(-c3cccc(F)c3)cc(c24)nc(o4)N5CCOCC5,-4.329,31,-0.13964516129032256
c1cnccc1-c(c(c2)OC)cc(c23)ncc4c3cc(nc4N)-c5ccccc5C(=O)[O-],-4.328,32,-0.13525
Cn1ccc(n1)-c2ncc(-c3cccc(C(F)(F)F)c3)c(n2)N[C@@H]4CCC[NH2+]C4,-4.328,29,-0.14924137931034484
Cc1ccc(cc1)CNc2ncc(-c3c(C)noc3C)c([nH+]2)N[C@H](C)c4ccc(C)cc4,-4.328,32,-0.13525
COC(=O)Nc1ccccc1-c2cc(nc(n2)C)Nc3ncc(s3)-c4cccc(F)c4,-4.328,31,-0.13961290322580647
CCC[C@H]([NH3+])Nc(nc1)nc(c12)nc(c(c2)-c3ccc(Cl)cc3)-c4ccn(c(=O)c4)CC(=O)N(C)C,-4.327,36,-0.12019444444444444
n1ccccc1-c(c(c2)OC)cc(c23)ncc(C#N)c3N[C@@H](C(C)C)c4cccc(N)c4,-4.327,32,-0.13521875
o1cc(F)cc1-c(cc2)cc(c23)c(-c(c(o4)C)nc4C)nc(n3)-c5csc(C#N)c5,-4.326,30,-0.1442
CNc1ccc(cc1)C(=O)c(o2)c(-c3cccc(c3)OC)c(c24)c(ncn4)NC(C)(C)c5ccccc5,-4.326,37,-0.11691891891891891
c1cc(F)ccc1-c(cc2C)nc(n2)NC3CCN(CC3)Cc4ccccc4,-4.326,28,-0.1545
COc1ccc(cc1)-c(cc2NCC(F)(F)N)nc(n23)c(cn3)-c4cccc(O)c4,-4.325,30,-0.14416666666666667
Cn1c(C)ncc1-c(cc2C)nc(n2)N[C@@H]3CC[N@H+](C3)[C@H](C)c4cccc(F)c4,-4.325,29,-0.14913793103448275
[NH3+]CCN(C)[C@@H](C)c1ccncc1-c2cc(-c(n3CC(=O)C)cnc3C)cc(c24)cnc(n4)N[C@@](F)(C)c5cc(O)cc(c5)N(C)C,-4.325,47,-0.09202127659574469
c1cc(C)ccc1[C@@H](C)Nc(ncn2)c(c23)c(-c(ccc4=O)cn4CCC)cc(c3)-c5nccn5CC(=O)N(C)C,-4.325,41,-0.10548780487804879
COc1ccc(cc1)Nc(c2)c(-c3ccc(=O)n(C)c3)cc(c24)ncc(C#N)c4NC(=O)C[NH+](C)C,-4.325,36,-0.12013888888888889
CCOc1ccc(cc1OC)-c(c2)c(OC)cc(c23)c4c(cn3)c(N)nc(c4)-c5cnc(C)nc5,-4.324,35,-0.12354285714285713
o1ccnc1-c(c(c2)S(=O)(=O)C(C)(C)C)cc(c23)ncnc3NCCO,-4.323,26,-0.16626923076923078
CCCNc1nc(NCC)[nH+]cc1-c2ccccc2F,-4.321,20,-0.21605
C[N@H+]1CCC[C@@H]1Nc(n2)c(ncnc3)c3c(c24)ccc(c4)-c5ccc(=O)oc5,-4.321,28,-0.15432142857142855
CN(C)C(=O)c(n1)cccc1-c(c(c2)OC)cc(c23)ncc4c3cc(nc4N)-c5c(C)[nH+]c(C)n5C,-4.32,36,-0.12000000000000001
C[N@H+]1CC[C@@H](CC1)Nc(nc(n2)NCC(=O)N)c(c23)nc(cc3)-c4ccc(F)cc4,-4.319,30,-0.14396666666666666
C[NH+](C)CCNc(nc1)nc(c12)nc(-c3ccc(F)cc3)c(c2)-c4ccc(nc4)C[NH+](C)C,-4.319,33,-0.13087878787878787
COc1ccccc1-c(c2)c(-c3ccc(C(=O)N)cc3)cc(c24)oc(n4)N5CCOCC5,-4.319,32,-0.13496875
FC(F)(F)c(cc1)ccc1[C@H](C)Nc(ncn2)c(c23)c(-c4cccc(C(F)(F)Cl)c4)c(o3)-c5ccn(c(=O)c5)CC(=O)OCCO,-4.318,46,-0.0938695652173913
Cc1ccc(cc1)[C@H](O)CNc(ncn2)c(c23)c(-c4cccc[nH+]4)c(o3)-c5cccc(c5)[C@H](C)[NH3+],-4.318,35,-0.12337142857142856
Cc1cc(C)nc(n1)-c(nc(c23)n(cn3)C)nc2N[C@@H]4CCN(C4=O)c5ccccc5,-4.318,31,-0.13929032258064514
Cc1ccccc1-c(n2)cc(-c(cc3)ccc3C)n(c24)nc(c4C(=O)N)NC(=O)Nc5cccc(C)c5,-4.318,37,-0.1167027027027027
c1ccccc1-c(n2)cc(nc2C)Nc3ncc(s3)-c4ccccc4,-4.317,25,-0.17268
c1cc(Cl)ccc1-c(n2)cc(nc2C)Nc3ncc(s3)-c4cccnc4,-4.317,26,-0.16603846153846155
Cc1oc(C)nc1-c(cc2C)nc(n2)N[C@H](C)c3cc[nH+]c(c3)N(C4)CCCC4(F)F,-4.317,31,-0.13925806451612904
Cc1cccc(c1)-c(cc2)nc(c23)c(nc([nH+]3)NCCO)Nc4cc(C)n(C)c4,-4.317,29,-0.14886206896551724
Cc1ccc(cc1)[C@H](N)Nc(nc2)nc(c23)nc(-c4cc(C)n(n4)C)c(c3)-c5[nH+]ccn5C,-4.317,33,-0.13081818181818183
CCn1cncc1-c(cc2)nc(c23)c(N[C@H](C)c4cccc(c4)C[NH3+])nc(n3)N[C@H](C)c5ccc(C)cc5,-4.317,38,-0.11360526315789474
OC[C@@H](N)c(cc1)ccc1-c(nc2NC)ncc2-c3nccs3,-4.316,23,-0.18765217391304348
Cn(c1)c(=O)ccc1-c(n2)cc(NC(=O)CNC)n(c23)ncc3-c4ccoc4,-4.316,28,-0.15414285714285714
Cc1ccc(cc1)CNc2ncc(c([nH+]2)NCC[NH3+])-c3ccncc3,-4.316,25,-0.17264
Cn(c1)ncc1-c(c(c2)OC)cc(c23)ncc4c3cc(nc4N)-c5cccc(c5)[C@H](C)N(C)C,-4.316,34,-0.12694117647058822
Cc1cccc(c1)[C@H](C)Nc(ncn2)c(c23)c(-c4ccccn4)c(o3)-c5cccc(C(F)(F)F)c5,-4.315,35,-0.12328571428571429
CCCNc1nc(NCC)[nH+]cc1-c2ccccc2Cl,-4.315,20,-0.21575000000000003
c1cc(C)ccc1[C@@H](C)Nc2nc(NCC)[nH+]c(c23)ccc(n3)[C@H](CCO)[NH+]4CCCC4,-4.314,32,-0.1348125
O=C([O-])Nc(c1)c(C)ccc1-c(c(c2)OC)cc(c23)ncc(C#N)c3NC(C)(C)CO,-4.313,31,-0.1391290322580645
CCn1ccnc1-c(nc(C)c2)c(c23)nc(nc3)N[C@@H]4CC[N@H+]4[C@@H]([C@@H](F)O)c5cccc(C)c5,-4.313,34,-0.12685294117647058
OC[C@@H](C)Nc(nc1)nc(c12)nc(-c3ncccn3)c(c2)-c4cccc(O)c4,-4.313,28,-0.15403571428571428
c1ncccc1-c(c2)cc(-c(cc3OC)ccc3O)c(c24)nc(nc4)N[C@H](C)c5cc(C(F)(F)F)ccc5N(C)C,-4.312,41,-0.10517073170731708
Cc1ccc(cc1C)-c2ncc(-c3cccc(F)c3F)c(n2)NCC(=O)N(C)C,-4.312,29,-0.1486896551724138
Cc1onc(C)c1-c(c(c2)OC)cc(c23)ncc(C#N)c3N[C@H](C)CO,-4.312,26,-0.16584615384615387
COc(cc1)ccc1-c(nc2NCC)[nH+]cc2C[C@H](O)c3cccc(C)c3,-4.312,27,-0.1597037037037037
C[NH+](C)Cc1cccc(c1)-c(c2)c(-c3ccccc3)cc(c24)n(C)c(n4)N5CCOCC5,-4.312,32,-0.13475
FC(F)(F)c(c1)cc(N)cc1[C@H](C)Nc(ncn2)c(c23)c(cc(c3)-c4cccnc4C(=O)N)-c5cccc(c5)C(=O)NC(=O)CN(C)C,-4.312,48,-0.08983333333333333
c1cc(Cl)ccc1-c(n2)cc(nc2C)Nc3ncc(s3)-c4ccc(C(=O)N)cc4,-4.312,29,-0.1486896551724138
Fc(c1)cccc1-c2nc(-c(cc3)ccc3O)nc(c24)ccc(c4)-c5cc(F)co5,-4.312,30,-0.14373333333333335
Cc1ccc(C)c(c1)CNc2ncc(c([nH+]2)NCC[NH+](C)C)-c3nccnc3C,-4.311,29,-0.1486551724137931
C[NH+](C)[C@@H](C)c(c(=O)cc1)ccc1-c2cc(-c(cc3)ccc3OCC)cc(c24)cnc(n4)N[C@H](C)Nc5cc(C(F)(F)F)ccc5CC,-4.31,48,-0.08979166666666666
CCNc1nc(-c2ccco2)ncc1-c3cccnc3,-4.31,20,-0.21549999999999997
COc1ncccc1-c(c(c2)OC)cc(c23)ncc4c3cc(nc4N)-c5cn(C)cn5,-4.31,31,-0.1390322580645161
Cc1cc(N)cc(c1)CNc(nc[nH+]2)c(c23)c(cc(c3)-c4cccc(c4)C(=O)N)-c5coc(c5)C[N@H+]6CC[C@H](C)CC6,-4.31,42,-0.10261904761904761
c1ncccc1-c(n2)nc(NCC(=O)NC)n(c23)ncc3-c4ccc(Cl)cc4,-4.31,28,-0.15392857142857141
NC(=O)Cn(c1)ccc1-c(nc2NCC)[nH+]cc2-c3cccc(C(F)(F)F)c3,-4.31,28,-0.15392857142857141
C[NH2+]CCNc1ncc(c(n1)-c2ccc(C)cc2)-c3nccnc3CN(C)C,-4.309,28,-0.15389285714285714
[NH3+]CC/[NH+]=c1\nc(NC)[nH]c(c12)ccc(n2)-c3ccccc3F,-4.308,23,-0.18730434782608696
COc1ccc(c(c1)OC)-c2ncc(-c3ccccc3)c(n2)NCC[NH+](C)C,-4.308,28,-0.15385714285714286
CC(=O)c1cccc(c1)-c(n2)c(-c3ccc(=O)n(C)c3)cc(c24)cnc(n4)NCCN5CCC[C@@H]5C,-4.307,36,-0.1196388888888889
COc1ccc(cn1)-c(c2)nc(N)c(c23)cnc4c3cc(OC)c(c4)-c5ccc(=O)n(C)c5,-4.307,33,-0.13051515151515153
COc1ccccc1-c(c2)c(OC)cc(c23)c(c(cn3)C#N)N[C@H](C)CO,-4.306,27,-0.15948148148148147
CC[N@H+](C)CCNc1[nH+]c(NCc2ccc(C)cc2)ncc1-c3ccc(C)cc3,-4.306,29,-0.14848275862068966
CNc1cc(C)ccc1-c(cc2-c3cc[nH+]cc3)nc(n24)c(C(=O)N)c(n4)NCc5cccc(C)c5,-4.306,36,-0.11961111111111111
[NH3+]CCCNc([nH+]1)nc(NOCC)c(c12)nc(cc2)-c3ccccc3,-4.306,25,-0.17224
CCC(=O)NC(=O)[C@H](CO)c1cccc(c1)-c(cc2)cc(c23)nc(N[C@H](C)c4ccc(N)cc4C)c5c3cnc(n5)NC6CC6,-4.306,45,-0.09568888888888889
Cc1ncc(n1C)-c2c[nH+]c(NCc3ccccc3)nc2NCCc4ccccc4,-4.306,30,-0.14353333333333335
Cc1c(F)cccc1-c(n2)cc(NCCC)n(c23)ncc3-c4cncc(n4)NC(=O)C,-4.305,31,-0.13887096774193547
Oc1cccc(c1)-c(c2)c(-c3ccccc3F)cc(c24)nc(o4)N5CCOCC5,-4.305,29,-0.14844827586206896
c1ccccc1CCNc(n2)c(cnc2NC)C(c(c34)cccc4)=NN(CC3)Cc5cc(F)ccn5,-4.305,36,-0.11958333333333332
COc1ccc(cc1)-c(cc2)nc(c23)c(NCCO)nc(n3)NC(=O)N,-4.305,26,-0.16557692307692307
n1ccncc1-c(c2)cc(-c(cn3)ccc3CC)c(c24)nc(nc4)N[C@@](F)(C)c5cc(O)cc(c5)N(C)C,-4.305,38,-0.11328947368421052
C[NH2+][C@H](C)CNc(ncn1)c(c12)c(-c3ccccc3F)cc(c2)-c4cccc(C)c4,-4.304,30,-0.1434666666666667
Cc1nccc(n1)-c(cn2)c(n23)nc(-c4cc[nH+]cc4)cc3N[C@H](C)c5ccc(C)c(N)c5,-4.304,33,-0.13042424242424244
Cc1cc(C)cc(c1)[C@H](C)Nc(ncn2)c(c23)c(c(o3)-c4ccn(n4)C)-c5ccc(nc5)C[NH+](C)C,-4.303,36,-0.11952777777777777
n1ccccc1-c2nc(-c(cc3)ccc3OC)nc(c24)ccc(c4)-c5cc[nH]c(=O)c5,-4.303,31,-0.13880645161290323
C[NH+](C)CC/[NH+]=c1\nc(NC)[nH]c(c12)ccc(n2)-c3ccc(F)cc3,-4.301,25,-0.17204
c1ccccc1Nc2nc(NCC)nc(c23)ccc(n3)-c4ccccc4,-4.301,26,-0.16542307692307692
NC(=O)CNc(n1)c(C(=O)N)c(n12)nc(-c(cc3)ccc3OC)cc2-c4cc[nH+]cc4,-4.301,31,-0.13874193548387098
Cc1cccc(c1)OC[C@H](C)Nc(ncn2)c(c23)c(-c4nccs4)c(o3)-c5ccc(N(C)C)nc5,-4.301,35,-0.12288571428571429
CNc(nc1)nc(c12)nc(-c3ccco3)c(c2)-c4cnc(C)cn4,-4.301,24,-0.17920833333333333
CN(C)C(=O)c(c1)nccc1-c(c(c2)OC)cc(c23)ncc4c3cc(nc4N)-c5ccc(F)cc5,-4.3,35,-0.12285714285714285
c1ccccc1-c(n2)nc(c(c23)cc(cc3)-c(co4)nc4C)-c5cccc(c5)NC(=O)C(C)C,-4.3,34,-0.1264705882352941
O=C([O-])c(c1)cccc1-c2cc(-c3ccccc3OC)cc(c24)ncnc4NCC(C)(C)[NH3+],-4.3,33,-0.1303030303030303
Fc1cccnc1-c(n2)cc(N[C@@H](C)c(cc3)ccc3C(C)C)n(c24)ncc4-c5ccccc5Cl,-4.299,35,-0.12282857142857144
FC(F)(F)c(c1)cc(N)cc1[C@H](C)Nc(ncn2)c(c23)c(-c4ccc(=O)n(C)c4)cc(c3)-c5ccccc5C(=O)N,-4.299,41,-0.10485365853658538
Cc1ccc(C)cc1[C@@H](C)Nc([nH+]c2NCOC)ncc2-c3cccc(c3)C(=O)NC(=O)[C@H](O)C(F)(F)F,-4.299,38,-0.11313157894736843
Fc1ccccc1-c(n2)cc(nc2C)Nc3ncc(s3)-c4ccncc4O,-4.298,27,-0.15918518518518518
o1ncnc1-c(n2)cc(nc2C)Nc3ncc(s3)-c4ccc(F)cc4,-4.298,25,-0.17192
Cn1c(=O)cncc1-c(c(=O)n2C)c(C)c(c23)cnc(n3)N[C@H](C)c4ccccc4CN,-4.297,32,-0.13428125
COc(c1)c(OC(C)C)cc(c12)c(nc[nH+]2)NCC[NH+](C)C,-4.297,22,-0.1953181818181818
CCc1cccc(c1)-c(cc2)nc(c23)c(nc([nH+]3)NCCO)N[C@H](C)c4cccc(N)c4,-4.297,32,-0.13428125
CC(C)NC(=O)c(c1)cccc1-c(c(c2)OC)cc(c23)ncc(C#N)c3N[C@H](C)c4ccc(cc4)[C@H](C)OC,-4.296,39,-0.11015384615384616
CNc1ncc(-c2cnn(C)c2)c(n1)-c3ccc(C)cc3,-4.295,21,-0.20452380952380952
CCn1nccc1-c(c2)c(OC)cc(c23)c(c(cn3)C#N)N[C@H](C)CO,-4.294,26,-0.16515384615384615
s1cccc1-c(n2)nc(NC(=O)CN)n(c23)ncc3-c4ccccc4Cl,-4.294,26,-0.16515384615384615
COc1ccc(cc1C(=O)N)-c(c2)c(-c(cc3)cc(c34)nccc4)cc(c25)nc(n5C)N6CCOCC6,-4.293,37,-0.11602702702702702
CN(C)C(=O)c1cccc(c1)-c(o2)c(c(c23)c(ncn3)NC(=O)N)-c4cccc(C(F)(F)Cl)c4,-4.293,34,-0.12626470588235295
COc1ccccc1Nc(c(C#N)cn2)c(c23)cc(c(c3)-c4ccc(=O)n(C)c4)N[C@H](C)C[C@@]5(O)CCOC5,-4.293,39,-0.11007692307692309
Cc1ccc(cc1)-c2cc(nc(n2)C)Nc3ncc(s3)-c4ccc(F)cc4,-4.292,27,-0.15896296296296294
CCNc(nc1)nc(c12)n(CC#CC(=O)N(C)C)c(=O)c(c2C)-c3ccccn3,-4.292,29,-0.148
Cc(c1)cccc1CNc([nH+]c2NCCC)ncc2-c3cccnc3,-4.292,25,-0.17168
CCNc1nc(C)cc(n1)-c2ccc(C(F)(F)F)cc2,-4.292,20,-0.21459999999999999
COc1cccc(c1)-c(cc2)nc(c23)c(Nc4ccc(C)cc4CN)nc([nH+]3)N[C@H](C)c5cccc(c5)[C@H](C)O,-4.292,40,-0.10729999999999999
FC(F)(F)c(c1)cc(N)cc1[C@H](C)Nc(ncn2)c(c23)c(-c4ccc(C(=O)[O-])cc4)cc(c3)-c5cccnc5,-4.291,39,-0.11002564102564104
N#Cc(cn1)c(NC)c(c12)cc(OC)c(c2)-c3ccc(C)c(c3)NC(=O)[O-],-4.291,27,-0.15892592592592594
NC(=O)c(c1)cccc1-c2cc(-c(cc3)ccc3OCC)cc(c24)cnc(n4)NCC5CCC5,-4.291,34,-0.1262058823529412
OC[C@@H](C)Nc(n1)ncc(c12)c(C)c(-c3ccncc3)c(=O)n2-c4cc(F)ccc4F,-4.29,31,-0.13838709677419356
CC(C)N(C1=O)CC[C@H]1Nc([nH+]c2NCC)ncc2-c3cccnc3,-4.29,25,-0.1716
CCNc1ncc(-c2cnn(c2)CC)c(n1)-c3ccccc3C#N,-4.289,24,-0.17870833333333333
FC(F)(F)c(cc1)ccc1NC(=O)CNc(c(c23)nccn3)nc(c2)-c4ccsc4,-4.288,30,-0.14293333333333333
Oc(c1)cccc1[C@H](CC)Nc(ncn2)c(c23)c(-c4ccccc4)c(o3)-c5ccc(nc5C)C(=O)Nc6ccccc6F,-4.288,43,-0.09972093023255814
Cc1n(C)nc(C)c1-c(c(c23)c(ncn2)NC(=O)C)cc(c3)-c4ccc(cn4)CC(=O)N(C)C,-4.286,34,-0.12605882352941175
COc1ccc(c(O)c1)-c(cc2)cc(c23)c(nc(n3)-c4cc(C)no4)-c5cc(O)cc(C(=O)[O-])c5,-4.286,35,-0.12245714285714285
COc1ccc(cc1)-c(o2)c(-c3cccc(C)c3)c(c24)c(ncn4)NCCN5CCCC5,-4.285,32,-0.13390625
COc1cc(F)cc(c1)-c(c(c23)c(ncn3)NCC(C)(C)[NH3+])c(o2)-c4ccc(O)cc4,-4.285,31,-0.13822580645161292
CCNc1nc(NC)[nH+]cc1-c2cccc(Cl)c2,-4.284,18,-0.238
Oc(c1)cccc1Oc(c(c2)OC)cc(c23)c(nc[nH+]3)N[C@H](C)[C@H](O)c4cccc(C)c4,-4.283,32,-0.13384375
c1cc(C)ccc1-c(cnc2NC)c([nH+]2)NCc3ccc(OC)cc3,-4.283,25,-0.17132000000000003
C1COCCN1c(n2)n(C)c(c23)cc(-c4ccc(C(F)(F)F)cc4)c(c3)-c5ccnc(c5)CC[NH3+],-4.283,35,-0.12237142857142858
c1cc(Br)ccc1-c(c2)c(cc(c23)c(c(C#N)cn3)NC(=O)C)NC(=O)c4ccccc4,-4.283,32,-0.13384375
Cc1cccc(c1)CNc2nc(Nc3ccc(F)cc3)ncc2-c4ccccc4C(=O)[C@H](C)[NH+]5CCCCC5,-4.281,39,-0.10976923076923076
Fc1ccc(F)c(c1)-c(o2)c(-c3ccccn3)c(c24)c(ncn4)NC5CCCCC5,-4.281,30,-0.1427
c1cc(Cl)ccc1/[NH+]=c2\nc(NCC[NH3+])[nH]c(c23)ccc(n3)-c4ccc(F)cc4,-4.281,29,-0.14762068965517242
n1cnccc1-c(cn2)c(n23)nc(-c(c4)cccc4OC)nc3NC[C@H](N)c5cc(C)cc(C)c5,-4.279,35,-0.12225714285714286
Oc1cc(OC)ccc1Nc2nc(NC[C@](F)(C)COC)nc(c23)ccc(n3)-c4cccc(c4)OC,-4.279,36,-0.11886111111111111
CNc(nc1)nc(c12)nc(-c3cc(C(=O)N)nn3C)c(c2)-c4cccc(C)c4,-4.278,28,-0.15278571428571427
C[NH2+]CC(=O)Nc1cc(no1)-c2cnc(NCc3ccccc3)[nH+]c2NCCCOC,-4.277,31,-0.13796774193548386
Clc1ccccc1-c(n2)cc(nc2C)Nc3ncc(s3)-c4nccs4,-4.277,25,-0.17108
C1[NH2+]CC[C@H]1Nc([nH+]2)nc(NC)c(c23)nc(cc3)-c4ccc(F)cc4,-4.277,25,-0.17108
c1cc(Cl)ccc1-c(n2)cc(nc2C)Nc3ncc(s3)-c4ccco4,-4.277,25,-0.17108
Cc1ccccc1-c(cn2)c(n23)nc(-c(cn4)cn4CC)cc3N[C@H](C)c5ccc(C(F)(F)F)cc5,-4.277,36,-0.11880555555555555
Cc1ccc(C)c(c1)CNc2[nH+]cc(-c3cnn(n3)C)c(n2)NC[C@H](C)c4ccccc4,-4.277,32,-0.13365625
Cc1cccc(c1)-c2cnc(s2)Nc3cc(nc(n3)C)-c4nc(C)cn4C,-4.276,27,-0.15837037037037036
CCN1CC[N@H+](C)C[C@@H]1CNc2nc(C)cc(n2)-c3ccc(C(F)(F)F)cc3,-4.276,28,-0.15271428571428572
COCCNc([nH+]c1NC)ncc1-c2ccc(C)cc2,-4.275,20,-0.21375000000000002
COc1cccc(c1)-c(n2)c(-c3ccoc3)cc(c24)cnc(n4)N[C@H](C)c5cccc(c5)CN(C)C,-4.275,36,-0.11875000000000001
Cn1cccc1-c(o2)c(c(c23)c(ncn3)NCC(C)(C)[NH3+])-c4ccc(N)cc4,-4.275,28,-0.15267857142857144
C[NH2+][C@H](C)CNc(ncn1)c(c12)c(-c3cc(ccn3)C(=O)N(C)C)cc(c2)-c4ccccc4,-4.274,33,-0.12951515151515153
Cc1nocc1-c(c2)c(-c3ccc(c([O-])c3)C[NH+](C)C)cc(c24)ncnc4N[C@@H]([C@H](C)O)c5ccccc5,-4.274,38,-0.11247368421052632
[NH3+]CCNc(nc1)nc(c12)nc(-c3ccco3)c(c2)-c4ccoc4,-4.274,24,-0.17808333333333334
COc1ccc(cc1O)-c(c2)nc(N)c(c23)cnc4c3cc(OC)c(c4)-c5cc[nH+]c(c5)N(C)C,-4.273,35,-0.12208571428571428
c1cnccc1-c(c(=O)n2CCN)c(C)c(c23)cnc(n3)Nc4cccc(O)c4,-4.273,29,-0.14734482758620687
n1ccncc1-c(c2)c(cc(c23)c(NCC)c(C#N)c[nH+]3)N[C@H](C)c4ccc(C)cc4,-4.273,31,-0.13783870967741935
CC(C)NC(=O)Nc(n1)c(ncnc2)c2c(c13)ccc(c3)-c4ccc(=O)oc4,-4.273,28,-0.15260714285714286
Cc1ccc(cc1)-c2cc(nc(n2)C)Nc3ncc(s3)-c4ccccc4F,-4.272,27,-0.15822222222222224
CCOc(c1)cc(N)cc1-c(c(c2)CCC)cc(c23)[nH+]cnc3N[C@H](C)c4cccc(c4)C5(O)COC5,-4.272,37,-0.11545945945945947
c1ccccc1CN(CC2)CCC2Nc(nc3NCOC)[nH+]cc3-c4cccn4CC(=O)C(=O)N(C)C,-4.272,37,-0.11545945945945947
CNc1nc(NC)[nH+]c(c12)ccc(n2)-c3cnoc3,-4.272,19,-0.2248421052631579
c1ccccc1[C@H](C)Nc(nc[nH+]2)c(c23)c(Cc4cccnc4)cc(c3)-c5cccc(c5)C(=O)N,-4.272,35,-0.12205714285714286
Cn(c1)ncc1-c(c(c2)OC)cc(c23)ncc4c3cc(nc4N)-c5ccc(C(=O)N)nc5,-4.272,32,-0.1335
CC(=O)Nc1cccc(c1)-c(cc(c2)-c3ccncc3)c(c24)nc(nc4)N[C@H](C)c5cc(C(F)(F)F)ccc5N(C)C,-4.271,42,-0.10169047619047619
Cn1c(C)ncc1-c2cnn(c23)c(NCc(cc4)ccc4C)cc(n3)-c5cccc(n5)[C@H](C)N(C)C,-4.27,36,-0.1186111111111111
c1ncccc1-c(n2)nc([N-]C(=O)c(n(C)c3)cc3C)n(c24)ncc4-c5ccncc5,-4.27,31,-0.13774193548387095
n1occc1-c(n2)cc(nc2C)Nc3ncc(s3)-c4ccc(O)cc4,-4.27,25,-0.17079999999999998
[NH3+]CCNc1ncc(-c2cccs2)c(n1)-c3ccccc3Cl,-4.27,22,-0.19409090909090906
Cc1ccc(nc1)-c2cc(nc(n2)C)Nc3ncc(s3)-c4ccccc4F,-4.269,27,-0.15811111111111112
c1ccc(C)c(c12)n(C)c([nH+]2)[C@H](C)Nc(cc(n3)-c4ccccc4F)n(c35)ncc5-c6ccccc6,-4.269,36,-0.11858333333333333
Clc(c1)nccc1-c(c(c2)NCC(C)(C)C)cc(c23)ncc(C#N)c3NC[C@H](O)c4ccccc4,-4.268,35,-0.12194285714285713
Cc1cccc(c1)CNc2nc(Nc3ccc(F)cc3)ncc2-c4ccccc4C(=O)[C@H](C)N5CCCCC5,-4.268,39,-0.10943589743589743
c1nnccc1-c(c(c2)OC)cc(c23)ncc(C#N)c3N[C@H](C)c4cccc(c4)[C@H](C)O,-4.267,32,-0.13334375
COCCNc(nc1)nc(c12)nc(-c3cccnc3)c(c2)-c4ccccc4,-4.267,27,-0.15803703703703706
Cn1ccnc(c1=O)-c(c2)c(-c3ccc(cc3)C(=O)C(=O)N)cc(c24)c(nc[nH+]4)N[C@@H]5CCOC5,-4.266,35,-0.12188571428571429
c1ccccc1CNc2nc(Nc3ccncc3)[nH+]cc2-c4ccon4,-4.266,26,-0.16407692307692306
c1ccccc1-c(c(c2)OC)cc(c23)ncc4c3cc(nc4N)-c5ccc(C(=O)N)cc5,-4.266,32,-0.1333125
COc1nn(C)cc1-c(o2)c(-c3ccncc3)c(c24)c(ncn4)N[C@H](C)c5ccc(C)cc5,-4.264,33,-0.12921212121212122
CCC(=O)Nc1cccc(c1F)-c2cc(nc(n2)C)Nc3ncc(s3)-c4ccc(OC)c(c4)OC,-4.264,35,-0.12182857142857144
OCCNc1ncc(-c2cccnc2)c(n1)-c3ccc(F)cc3,-4.264,23,-0.1853913043478261
s1cccc1-c2cnc([nH+]c2NC)NCc3cccc(C)c3,-4.262,22,-0.19372727272727272
CC(C)[N@@H+](CC1)CC[C@H]1n2c(=O)c(-c3ccncc3)c(C)c(c24)cnc(n4)Nc5ccncc5,-4.261,34,-0.12532352941176472
CC(=O)Nc1cc(cc(C(F)(F)F)c1)[C@H](C)c2nc(NC(F)(F)F)ncc2-c3cccc(c3)C(=O)N(C)C,-4.261,38,-0.11213157894736843
Cc1cccc(c1)[C@H](C)Nc(nc2)nc(c23)c(-c4ccc(F)nc4)cc(c3)-c5ccc(cc5)C(=O)N6CCOCC6,-4.26,41,-0.10390243902439024
COc1ccccc1-c2cc(-c3[nH+]ccn3CC)cc(c24)ncnc4Nc5ccc(C(=O)N)cc5,-4.26,35,-0.1217142857142857
CCCNc(nc([nH+]1)NC)c(c12)nc(cc2)-c3cccc(F)c3,-4.259,23,-0.18517391304347827
NC(F)(F)c(cc1)ccc1[C@H](C)Nc(ncn2)c(c23)c(-c4cc[nH+]cc4)c(o3)-c5cccc(c5)C(=O)N,-4.259,37,-0.11510810810810812
c1cc(Cl)ccc1-c(cc2)cc(c23)c(-c(n4C)cnc4C)nc(n3)-c5c[nH]ccc5=O,-4.259,31,-0.13738709677419356
Cc1cccc(c1)CNc2ncc(-c3ccccc3C=O)c([nH+]2)NCc4ccccc4C,-4.258,32,-0.1330625
CN(C)c1ccc(C(F)(F)F)cc1[C@H](C)Nc(nc2)nc(c23)c(-c4ccc(cc4)C(=O)N(C)C)cc(c3)-c5ccccc5,-4.258,43,-0.09902325581395349
Oc1cccc(c1)-c(c2)c(-c3ccccc3Cl)cc(c24)nc(o4)N5CCOCC5,-4.258,29,-0.14682758620689657
CCn1cc(C)c(c1)-c(c2)c(OC)cc(c23)c(c(cn3)C#N)NC(=O)Cc4ccc(C)cc4Cl,-4.257,34,-0.12520588235294117
NCC[N@H+](C)[C@@H](C)c1ccncc1-c2cc(-c(n3CC(=O)C)c[nH+]c3C)cc(c24)cnc(n4)N[C@@](F)(C)c5cc(O)cc(c5)N(C)C,-4.257,47,-0.09057446808510637
FC(F)(F)c(c1)cc(N)cc1[C@H](C)Nc(ncn2)c(c23)c(-c4cccc(c4)CO)c(o3)-c5cccc(c5)C(=O)N,-4.257,40,-0.10642499999999999
C[NH+](C)CCNc(nc1)nc(c12)nc(-c3cccc(F)c3)c(c2)-c4cccc(O)c4,-4.257,30,-0.1419
COc1ccc(cc1)-c2cc(nc(n2)C)Nc3ncc(s3)-c4cccc(c4)N(C)C,-4.256,30,-0.14186666666666667
FC(F)(F)c(c1)cccc1[C@H](CC)Nc(ncn2)c(c23)cc(c(c3)-c4ccc(Cl)cc4)-c5cc(OC)ccc5O,-4.255,40,-0.106375
CN(C)C(=O)Cn(c[nH+]1)cc1-c(cc(c23)c(ncn2)NC(C)C)c(c3)-c4cccnc4,-4.255,31,-0.13725806451612904
o1cccc1-c2cnc([nH+]c2NC)NCc3ccc(C)cc3,-4.254,22,-0.19336363636363635
c1ccccc1Oc(c(c2)OC)cc(c23)c(ncn3)NC(=O)c4ccc(C(F)(F)F)cc4,-4.254,32,-0.1329375
Cc1cncc(c1)-c(c2)c(S(=O)(=O)C(C)(C)C)cc(c23)c(ncn3)N[C@H](C)c4cccc(C)c4,-4.254,34,-0.12511764705882353
Cc1ccc(c(N)c1)[C@H](C)Nc(c2)c(-c3cnn(C)c3C)cc(c24)[nH+]cc(C#N)c4NCCO,-4.254,34,-0.12511764705882353
O=c(c1)n(C)ncc1-c(c2)c(cc(c23)c(NCC)c(C#N)c[nH+]3)NC[C@H](C)c4cccc(c4)CC,-4.252,35,-0.12148571428571428
COc1ccc(cc1)-c(o2)c(-c3ccn(n3)C)c(c24)c(ncn4)N[C@H]([NH3+])c5cccc(C(F)(F)F)c5,-4.252,36,-0.11811111111111111
CC(=O)Nc1cc(O)cc(c1)-c(cc2)cc(c23)c(nc(n3)-c4cccs4)-c5ccccc5C,-4.251,33,-0.12881818181818183
Cc1cccc(c1)[C@H](C)Nc(c(C#N)cn2)c(c23)cc(NCCO)c(c3)-c4cccnc4,-4.251,32,-0.13284375
c1cccc(c12)C[N@H+](CCO2)CC(=O)Nc3ncc(-c4cccnc4)c(n3)-c5cncnc5,-4.249,33,-0.12875757575757574
Cc1ccc(C)c(c1)CNc2ncc(-c3nccnc3C)c([nH+]2)NC4CCCC4,-4.249,29,-0.14651724137931033
COc1ccc(cc1)CNc(c2)c(-c3ccnc(c3)C(=O)N)cc(c24)[nH+]cc(C#N)c4NCCO,-4.248,35,-0.12137142857142857
NC(=O)CCn(c(=O)c1)ccc1-c2nc(-c(o3)c(C)nc3C)nc(c24)ccc(c4)-c5ccc(O)cc5,-4.248,36,-0.11800000000000001
Cc1ccc(cc1)-c2cnc(s2)Nc3cc(nc(n3)C)-c4ccon4,-4.247,25,-0.16988
Cc(c1)cccc1CNc([nH+]c2NCCC)ncc2-c3cccc(C(F)(F)F)c3,-4.247,29,-0.14644827586206896
C1COCCN1c(n2)n(C)c(c23)cc(-c4ccc(C(=O)N)cc4)c(c3)-c5ccccc5,-4.247,31,-0.13699999999999998
OCCn(c(=O)c1)ccc1-c(c(c2)OC)cc(c23)ncc(C#N)c3N[C@H](C)c4cccc(C)c4,-4.246,34,-0.12488235294117649
CN(C)C(=O)c1cccc(c1)-c(cc2)cc(c23)nc(Nc4ccccc4)c5c3cnc(n5)NC6CC6,-4.245,36,-0.11791666666666667
Fc1ccccc1-c(n2)nc(NC)n(c23)ncc3-c4cnc(C)n4CCO,-4.245,27,-0.15722222222222224
Cc1ccccc1-c(cc2)cc(c23)c(-c4ccc(CO)cc4)nc(n3)[C@@H]5CCC[NH2+]C5,-4.244,31,-0.13690322580645162
CN(C)c(c1)cc(C(=O)[O-])cc1-c(o2)c(-c3cn(C)nc3C)c(c24)c(ncn4)N[C@H](C)c5cc([C@H]([NH3+])N)cc(C(F)(F)F)c5,-4.244,44,-0.09645454545454545
CC[N@H+]1CC[C@@H](C1)CNc(ncn2)c(c23)cc(S(=O)(=O)C(C)(C)C)c(c3)-c4ncco4,-4.244,31,-0.13690322580645162
CCN(C)C(=O)Cc1ccc(cc1)-c(cc2-c3cnccn3)cc(c24)ncnc4N[C@H](C)c(cc5)cc(c56)N(CC6)[C@H](C)C(C)C,-4.244,46,-0.09226086956521738
Cn1ncc(c1C)-c(cc2)cc(c23)c(-c4cccc(=O)n4C)nc(n3)-c5ccc(CO)cc5,-4.244,33,-0.1286060606060606
FC(F)(F)c(cc1)ccc1[C@H](C)Nc(c2)c(-c3cccnc3)cc(c24)[nH+]cc(C#N)c4NCCCl,-4.243,35,-0.12122857142857144
CCCn1cc(cn1)-c(o2)c(-c3cc(N)cc(C(F)(F)F)c3)c(c24)c(ncn4)N[C@H](C)c5cc(C[NH3+])cc(C(F)(F)F)c5,-4.243,43,-0.09867441860465118
COc1cccc(c1)-c(n2)c(-c3cccc(O)c3)cc(c24)cnc(n4)NCCCO,-4.243,30,-0.14143333333333336
Cc(c1)cc(C)cc1CNc(nc2-c(cc3)ccc3C)ncc2-c4ncccc4[O-],-4.242,30,-0.1414
COc1ccccc1-c2ncc(-c3ccc(o3)C)c(n2)NC(=O)CN4CCCC4,-4.242,29,-0.1462758620689655
Cc1cccc(c1)-c2cnc(nc2-c3ccc(F)cc3)NCC(=O)Nc4ccc(C)c(C)c4,-4.242,33,-0.12854545454545455
Fc1ccc(cc1)-c(o2)c(-c3ccccn3)c(c24)c(ncn4)NC5CCCC5,-4.242,28,-0.1515
c1ncccc1-c(c(c2)OC)cc(c23)ncc4c3cc(nc4N)-c5cccc([nH+]5)N(C)C,-4.242,32,-0.1325625
n1ccncc1-c(c(c2)OC)cc(c23)ncc4c3cc(nc4N)-c5cnc(C)cn5,-4.241,30,-0.14136666666666667
Cc1ccc(C)c(c1)CNc(ncn2)c(c23)c(-c4cn(C)nc4C)c(o3)-c5ccc(cc5)C(=O)NC(=O)C(C)C,-4.24,40,-0.10600000000000001
CCNc1ncc(-c2ccccc2)c([nH+]1)NCc3ccccc3C(F)(F)F,-4.24,27,-0.15703703703703706
Cc1cccc(c1)-c(cc2)nc(c23)c(nc([nH+]3)NC[C@H](C)[NH+](C)C)N[C@H](C)c4cc(N)cc(C(F)(F)F)c4,-4.24,38,-0.11157894736842106
Cc1cccc(F)c1-c2cnc(-c3ccc(Cl)cc3)nc2NC(=O)C[NH+]4CCCC4,-4.24,30,-0.14133333333333334
CC(=O)Nc(n1)cccc1-c(c(c23)c(ncn2)NCC)cc(c3)-c4cnc(=O)n(C)c4,-4.24,31,-0.1367741935483871
C1CCCCC1c(n2)nc(cc2C)CNc(nc(n3)-c4cccnc4)n(c35)ncc5-c6cccs6,-4.24,35,-0.12114285714285715
c1ccccc1-c(c2)cc(-c(cc3)ccc3C)c(c24)nc(nc4)NC(=O)N[C@H](C)c5cccc(C(F)(F)F)c5,-4.24,39,-0.10871794871794872
o1cccc1-c(n2)cc(nc2C)Nc3ncc(s3)-c4ccncc4,-4.237,24,-0.17654166666666668
c1ccccc1-c2cnc([nH+]c2NCC#C)NCc3ccccc3Cl,-4.237,25,-0.16948
Fc(c1)cccc1-c2cc(-c(cc3)ccc3OC)nc(n24)c(C(=O)N)c(n4)NC(=O)Nc5cccc(C)c5,-4.236,38,-0.11147368421052631
Cc1cccc(c1)[C@H](C)Nc(c(c23)cccc3)nc([nH+]2)-c4ccnnc4C,-4.236,27,-0.15688888888888888
OCCn(c1)c(=O)ccc1-c(c(n2)-c(c(Br)c3)ccc3C)cc(c24)cnc(n4)NCCCC(=O)N,-4.236,35,-0.12102857142857142
Cn1c(C)[nH+]cc1-c2nc(-c(c3)cccc3C)nc(c24)ccc(c4)-c5ccccc5C(=O)[O-],-4.235,33,-0.12833333333333335
c1cc(C)ccc1[C@@H](C)Nc(cc(c23)c(c(C#N)cn2)NC(=O)C)c(c3)-c4ccc(nc4)NC(=O)c5ccccc5,-4.234,41,-0.10326829268292682
CNc1[nH+]c(NCC[NH3+])ncc1-c2ccccc2F,-4.233,19,-0.2227894736842105
c1cc(F)ccc1Nc(cc(c23)c(NC)c(C#N)cn2)c(c3)-c4ccc(=O)n(c4)[C@H](C)O,-4.233,32,-0.13228125
s1cccc1-c2c[nH+]c(nc2NCOC)N/C(=C/C=C\C3(C)C)/C=C(C)\CNC3=O,-4.232,30,-0.14106666666666667
Cn(c1)c(=O)ncc1-c(nc(C)c2)c(c23)nc(nc3)Nc4ccc(=O)n(c4)CC(=O)N(C)C,-4.232,33,-0.12824242424242424
Fc1ccccc1-c(n2)cc(-c(cn3)ccc3C)n(c24)nc(c4C(=O)N)NCc5ccccc5,-4.232,34,-0.12447058823529412
NC(=O)CNc(n1)c(C(=O)N)c(n12)nc(-c(cc3)ccc3C)cc2-c4ccccc4C,-4.23,31,-0.13645161290322583
COc1cccc(c1)-c2ncc(-c3cccc(C(F)(F)F)c3)c(n2)NCc4cccc(c4)[NH+]5CCCCC5,-4.23,38,-0.11131578947368422
FC(F)(F)c1cccc(C)c1NC(=O)CNc(cc(c23)c(c(C#N)cn2)NC(=O)C)c(c3)-c4ccc(nc4)NC(=O)c5ccccc5,-4.229,47,-0.08997872340425532
Cc1cccc(c1)[C@H](N)CNc(nc2)nc(c23)nc(-c4ccn(C)c(=O)c4)c(c3)-c5ccccc5,-4.229,35,-0.12082857142857144
CCCn1cc(ccc1=O)-c(cc2)cc(c23)nc(c4c3cnc(n4)NC5CC5)NC6CCN(CC6)c7cccc(C(F)(F)F)c7,-4.228,45,-0.09395555555555556
CCNc(nc1)nc(c12)n(CCC)c(=O)c(c2C)-c3ccc(F)cc3,-4.228,25,-0.16912
Cc(c1)cccc1-c(c(c23)nc(NC)nc2)cc(c3)-c4cccnc4C(=O)Nc5cccnc5,-4.228,34,-0.12435294117647058
[NH3+]CCNc1nc(NCC)[nH+]c(c12)ccc(n2)-c3c(C)noc3C,-4.227,24,-0.176125
CCn1ccc(n1)-c(cn2)c(n23)nc(cc3N[C@H](C)CO)-c4ccccc4F,-4.227,28,-0.15096428571428572
CC(=O)N1CCCN(CC1)c2ccc(cn2)-c(cc3)cc(c34)[nH+]cnc4NCNc5cccc(C(F)(F)F)c5,-4.227,39,-0.1083846153846154
c1cc(F)ccc1-c(cc2)nc(c23)c(NCCO)nc(n3)NCc4cccc(C(F)(F)F)c4,-4.226,33,-0.12806060606060607
Fc(c1)cccc1-c(c2)c(cc(c23)c(NC)c(C#N)c[nH+]3)NCc4ccccc4,-4.226,29,-0.14572413793103448
c1cc(F)ccc1Nc(cc(c23)c(NC)c(C#N)cn2)c(c3)-c4ccnc(c4)CN(C)C,-4.225,32,-0.13203125
c1ccccc1-c(c(c2)OC)cc(c23)c(ncn3)N[C@H](C)c4ccc([NH3+])cc4[C@H](C)O,-4.225,31,-0.13629032258064516
c1ccccc1CNc(nc2N[C@H](C)CO)[nH+]cc2-c3ccccn3,-4.224,25,-0.16896
n1ccccc1-c(cc2)nc(c23)c(NC)nc(n3)N[C@H](C)c4ccccc4,-4.223,27,-0.1564074074074074
FC(F)(F)c(c1)cc(N)cc1-c(c(c23)c(ncn2)NCC)c(o3)-c4ccnc(c4)C(=O)N(C)C,-4.223,34,-0.12420588235294117
CN1CCO[C@@H](C1)CNc(nc2)nc(c23)nc(-c4ccccn4)c(c3)-c5cnccn5,-4.222,31,-0.1361935483870968
COc1ccc(cc1)CNc2[nH+]c(NCc3ccccc3C)ncc2-c4ccncc4,-4.221,31,-0.13616129032258065
FC(F)(F)c(cc1)ccc1[C@H](C)Nc(ncn2)c(c23)c(c(o3)-c4ccncc4)-c5ccc(nc5)CN(C)C,-4.221,38,-0.11107894736842105
Cn(c1)c(=O)ccc1-c(c(c2)NC(=O)C)cc(c23)ncc(C#N)c3Nc4cnn(C)c4,-4.221,31,-0.13616129032258065
C1OCC[C@H]1c(cn2)c(n23)nc(-c(o4)ccc4F)nc3NCC[C@H](c5ccccc5)[NH+]6CCCCC6,-4.22,36,-0.11722222222222221
COc1ccc(cc1)-c2cnc(-c3cnn(C)c3)nc2N[C@H](C)C[NH3+],-4.22,25,-0.16879999999999998
C1C[N@H+](C)CC[C@H]1Nc2nc(NCc(c3)cccc3C)nc(c24)ccc(n4)-c5ccc(F)cc5,-4.22,34,-0.12411764705882353
CCn1nc(C)cc1-c(cc2)cc(c23)nc(N[C@H](C)c4cc(N)cc(N)c4C)c5c3cnc(n5)NC6CC6,-4.22,38,-0.11105263157894736
Cc1cccc(c1)-c(c(o2)-c3cc(C)n(n3)C)c(c24)c(ncn4)NCCO,-4.219,27,-0.15625925925925926
COc(c1)c(OC)cc(c12)c(nc[nH+]2)NCCN3CCCC3,-4.218,22,-0.19172727272727272
OCc1ccccc1-c(c(c23)nc(nc2)NC(C)C)cc(c3)-c4ccccc4,-4.218,28,-0.15064285714285713
OC[C@@H](O)c(n1)cccc1-c(c(c2)OC)cc(c23)ncc(C#N)c3N[C@H](C)c4ccc(C)c(C)[nH+]4,-4.218,35,-0.12051428571428571
C[NH+](C)Cc(c1)cccc1-c2cc(-c(c[nH+]c3C)n3CC(=O)N(C)C)cc(c24)ncnc4N[C@H](C)c5ccc(C(F)(F)F)cc5N,-4.217,46,-0.09167391304347826
C1COCCN1C(=O)c2ccc(cc2)-c(cc3)cc(c34)ncnc4N[C@@H]5CCN(C5)Cc6ccccc6,-4.217,37,-0.11397297297297296
c1ncccc1-c(n2)cc(Nc(n3C)cnc3CC)n(c24)ncc4-c5cccc(c5)N(C)C,-4.217,33,-0.12778787878787878
Cc1scnc1-c(nc(n2)[C@H](C)C[NH3+])c(c23)cc(cc3)-c4ccncc4,-4.217,26,-0.1621923076923077
CC(=O)c1ccccc1-c(nc2-c3cccnc3)nc(c24)ccc(c4)-c5cc(F)co5,-4.217,31,-0.1360322580645161
C[NH+](C)Cc(nc1)ccc1-c(c2)c(cc(c23)c(NCC)c(C#N)c[nH+]3)N[C@H](C)c4cc(C)ccc4C,-4.215,36,-0.11708333333333333
CC(C)c(cc1)ccc1-c2nc(-c(nc3C)c(C)n3C)nc(c24)ccc(c4)-c5ccc(O)cc5,-4.215,34,-0.12397058823529411
CC(C)(C)CNc1nc(-c2cccc(F)c2)ncc1-c3cccnc3,-4.215,25,-0.1686
Cc1ccccc1[C@H](C)Nc(nc2)nc(c23)c(cc(c3)C4CCOCC4)-c5ccncc5[C@H](C)N,-4.215,35,-0.12042857142857143
COc1cccc(c1)C(C)(C)Nc(ncn2)c(c23)c(-c4ccc(C)cc4)c(o3)-c5csc(c5)C[NH+](C)C,-4.213,37,-0.11386486486486487
FC(F)(Cl)c(c1)cccc1-c(c(c23)c(ncn2)NCC)c(o3)-c4ccn(CC)c(=O)c4,-4.213,31,-0.13590322580645162
Cc1cccc(c1)CNc2ncc(-c3ccc(F)cc3)c([nH+]2)NCC[NH+](C)C,-4.213,28,-0.15046428571428572
c1ccccc1-c(n2)cc(nc2C)Nc3ncc(s3)-c4ccc(C[NH3+])nc4,-4.213,27,-0.15603703703703703
C1CCCC1Nc(nc2NC)[nH+]cc2-c3cccnc3C,-4.213,21,-0.2006190476190476
FC(F)(F)c1cccc(c1)NCNc(nc[nH+]2)c(c23)ccc(c3)-c(cc4)cc(c45)nccn5,-4.213,33,-0.12766666666666668
c1cc(O)ccc1-c2nc(-c(cn3)ccc3[C@@H](C)[NH+](C)C)nc(c24)ccc(c4)-c5cccnc5,-4.213,34,-0.12391176470588236
Cc1[nH+]cc(n1C)[N-]c(n2)c(C(=O)N)c(n23)nc(-c4cnsc4)cc3-c5cccnc5,-4.212,31,-0.13587096774193547
CCCNc(nc1)nc(c12)nc(-c3ccccn3)c(c2)-c4ccc(C(=O)N)cc4,-4.212,29,-0.1452413793103448
Cc1ccc(cc1)-c2cc(nc(n2)C)Nc3ncc(s3)-c4ccccn4,-4.212,26,-0.16199999999999998
CCc1cc(cc[nH+]1)NC(=O)Nc2nc(C)cc(n2)-c3ccc(F)cc3,-4.212,26,-0.16199999999999998
CC(=O)N1CCC[C@@H](C1)c2ncc(C)c(n2)Nc(c(C#N)cn3)c(c34)cc(NC(C)C)c(c4)-c5ccc(=O)n(C)c5,-4.212,41,-0.10273170731707316
Cc(c1)scc1-c2cnn(c23)c(NCC(=O)NC)cc(n3)-c4cccc(F)c4C,-4.211,29,-0.14520689655172414
c1cccn(c12)c(c[nH+]2)-c(cc3C)nc(n3)N[C@@H]4CC[N@H+](C4)[C@H](C)c5cccc(F)c5,-4.211,31,-0.13583870967741937
FC(F)(F)c(c1)cccc1-c([nH+]2)nc(c(c23)cccc3)N[C@@H](C)c4cc[nH+]c(c4)N5CCC[C@@H]5CO,-4.21,36,-0.11694444444444445
C[C@H](O)c1ccc(cc1O)-c(c2)c(-c3ccccc3)nc(c24)nc(nc4)N[C@H](CO)c5cc(N)ccc5C(F)(F)F,-4.209,41,-0.10265853658536585
Cc1cccc(c1)[C@H](C)Nc(nc2)nc(c23)c(nc(c3)C)-c4ccc(N(C)C)[nH+]c4,-4.209,30,-0.14029999999999998
Cc1ccc(cc1)-c2cnc(-c3ccc(=O)oc3)nc2NC(=O)Nc4ccccc4C,-4.209,31,-0.13577419354838707
FC(F)(F)c(c1)cc(N)cc1[C@@H](C)c(c2)c(-c3cc(F)ccn3)cc(c24)nc(n4C)N5CCOCC5,-4.207,36,-0.11686111111111111
c1cccc(c12)cc(cc2)CCc(nc(c34)n(C)cn3)nc4NC[C@H]([O-])[NH2+]CC5CCCC5,-4.207,33,-0.12748484848484848
Cc1cccc(c1)-c(c(o2)-c3ccco3)c(c24)c(ncn4)NCC(C)(C)[NH3+],-4.206,27,-0.1557777777777778
c1cc(Cl)ccc1-c(n2)cc(nc2C)Nc3ncc(s3)-c4cccc(Cl)c4,-4.206,27,-0.1557777777777778
CCc1ccc(cc1)-c2cnc(NCc3ccc(C)cc3)[nH+]c2N[C@H](C)c4ccccc4C,-4.206,33,-0.12745454545454546
Cn(c1)ncc1-n2c(=O)c(-c3ccncc3)c(C)c(c24)cnc(n4)Nc5cccc(c5)[NH+](C)C,-4.205,34,-0.12367647058823529
Fc(c1)cccc1-c(cc2C)nc(n2)N[C@@H]3CCN(C3)[C@H](C)c4cccc(F)c4,-4.205,29,-0.145
c1c[nH+]ccc1-n2c(=O)c(-c3ccnn3C)c(C)c(c24)cnc(n4)N[C@H](C)c5ccccc5,-4.204,33,-0.1273939393939394
C1COCCN1c(n2)n(C)c(c23)cc(-c4ccnccc4=O)c(c3)-c5ccccc5C[NH3+],-4.204,32,-0.131375
COc1ccc(cc1O)-c(cc2)cc(c23)c(-c4ccccc4F)nc(n3)[C@@H]5CCCC[N@H+]([C@@H]5[O-])CCc6ccccc6,-4.203,42,-0.10007142857142858
C1COCC[NH+]1CCNc2nc(N[C@@H](C)c(c3)cccc3C)nc(c24)ccc(n4)-c5ccc(cc5)C(=O)CN(C)C,-4.203,41,-0.10251219512195123
FC(F)(F)c(c1)cc(N)cc1[C@H](C)Nc(ncn2)c(c23)c(-c4cccc(n4)CO)cc(c3)-c5cccnc5,-4.202,38,-0.11057894736842105
COc1ccc(cc1)CNc2[nH+]c(ncc2-c3ccoc3)NCc4ccccc4C,-4.201,30,-0.14003333333333332
COc1ccc(cc1O)-c(c2)nc(N)c(c23)cnc4c3cc(OC)c(c4)-c5cnc(=O)n(C)c5,-4.201,34,-0.12355882352941175
Cc1ccc(cc1)[C@H](O)CNc(ncn2)c(c23)c(-c4ccccn4)c(o3)-c5cccc(c5)[C@H](C)N,-4.201,35,-0.12002857142857142
C[NH+](C)CCNc(c1)c(-c2ccc(Cl)cc2)cc(c13)[nH+]cc(C#N)c3NCCO,-4.201,29,-0.14486206896551723
OCCNc(n1)c(C(=O)N)c(n12)nc(C)cc2-c3ccccc3C,-4.2,24,-0.17500000000000002
C1COCCN1c(n2)n(C)c(c23)cc(-c4cccc(c4)C(=O)N)c(c3)-c(cc5)cc(c56)nccc6,-4.2,35,-0.12000000000000001
FC(F)(F)c(c1)cc(N)cc1[C@H](C)Nc(nc[nH+]2)c(c23)ccc(c3)-c4ccn(c4)CC(=O)N,-4.199,33,-0.12724242424242424
FC(F)(F)c(c1)cc(N)cc1[C@H](C)Nc(n2)c(nc(nc3)NC4CC4)c3c(c25)ccc(c5)-c6cnc(=O)n(C)c6,-4.198,40,-0.10495000000000002
CN(C)c1ncccc1-c(c(c2)OC)cc(c23)ncc4c3cc(nc4N)-c5ccccc5,-4.198,32,-0.1311875
NC(=O)CCn1nccc1-c(c2)c(-c3cc(F)ccc3F)cc(c24)nc(o4)N5CCOCC5,-4.198,33,-0.12721212121212122
NC(=O)c1ccc(cc1)-c(o2)c(-c3ccc(F)cc3)c(c24)c(ncn4)NCc5cc(N)cc(C(F)(F)F)c5,-4.198,38,-0.11047368421052632
s1ccnc1-c(n2)nc(-c(cc3)ccc3C(=O)[O-])c(c24)cc(cc4)-c5cccc(O)c5,-4.198,31,-0.13541935483870968
Cc1ccc(C)c(c1)[C@H](C)Nc(n2)c(ncnc3)c3c(c24)ccc(c4)-c5ccc(cc5)C(=O)Nc6ccccc6[C@H](F)OC(F)(F)F,-4.197,47,-0.08929787234042554
COc1ccc(cc1OC)-c(cc2)nc(c23)c(nc([nH+]3)NC(C)C)NCCCO,-4.195,29,-0.1446551724137931
CCCNc(nc1)nc(c12)nc(-c3ccc(C)cc3Br)c(c2)-c4cccc(c4)C(=O)N,-4.195,31,-0.1353225806451613
c1cnccc1-c(c(c2)OC)cc(c23)ncc4c3cc(nc4N)-c5cccc(c5)NC(=O)C(=O)[O-],-4.194,35,-0.11982857142857142
Cc1nncc(C)c1-c(cc2)nc(c23)c(NCCC)nc(n3)N[C@H](C)c4ccc(C)cc4,-4.193,32,-0.13103125
CC(C)Nc1ncnc(c12)cc(-c(ncc3C)cc3C(=O)N(C)CC)cc2-c4ccc(=O)n(c4)CC(=O)N(C)C,-4.193,40,-0.10482499999999999
c1ccccc1-c(n2)nc([C@H](C3)NCC[C@H]3[NH+](C)C)c(c24)cc(cc4)-c5ccccc5,-4.192,31,-0.13522580645161292
Cc1cccc(c1)[C@H](C)Nc(nc2)nc(c23)c(cc(c3)-c4cccnc4)-c5cc(C(=O)[O-])cc(c5)N6CC[C@H](C(=O)N(C)C)C(=O)NC6=O,-4.192,49,-0.08555102040816327
Fc1ccccc1-c(cc2C)nc(n2)NCCN3CCN(CC3)CCn4cc[nH+]c4,-4.191,30,-0.1397
CCn1cnc(c1)-c(cc2)cc(c23)nc(N[C@H](C)c4ccc(N)cc4)c5c3cnc(n5)NC6CC6,-4.191,35,-0.11974285714285714
Cc1ccc(cc1)-c(nc(c23)n(cn3)C)nc2N[C@H](C)C4CCN(CC4)C(=O)CC[NH3+],-4.191,31,-0.13519354838709677
CN(C)c1ccc(o1)-c(c2)c(-c3ccccc3)cc(c24)oc(n4)N5CCOCC5,-4.19,29,-0.14448275862068966
n1cccnc1-c(cc2C)nc(n2)N[C@@H]3CC(=O)N(C3=O)c4cccc(F)c4,-4.19,28,-0.14964285714285716
c1ccccc1[C@H](C)Nc(n2)c(nc(nc3)NC4CC4)c3c(c25)ccc(c5)-c6ccn(c6)CC(=O)N(C)C,-4.189,38,-0.11023684210526316
COc1ccc(cc1N(C)C)-c(cc2)cc(c23)nc(c4c3cncn4)N[C@H](C)c5cc([C@H](C)[NH3+])cc(C(F)(F)F)c5,-4.188,41,-0.10214634146341463
c1ncccc1-n2c(=O)c(-c3ccncc3)c(C)c(c24)cnc(n4)N[C@@H]5CC[N@@H+](C)CC5,-4.188,32,-0.130875
FC(F)(F)c(c(N)c1)ccc1[C@H](C)Nc(n2)c(nc(nc3)NC4CC4)c3c(c25)ccc(c5)-c6ccc(=O)n(C)c6,-4.188,40,-0.10469999999999999
Cc1cccc(c1)[C@H](C)Nc(nc2)nc(c23)c(-c4cn(C)cn4)cc(c3)-c5ccc(cc5)C(=O)N6CCOCC6,-4.188,40,-0.10469999999999999
Cc1ccc(cc1N)[C@H](C)Nc(nc[nH+]2)c(c23)ccc(c3)-c4ccn(n4)CC[NH3+],-4.187,29,-0.1443793103448276
c1nc(NC)nc(c12)n(CC)c(=O)c(c2C)-c3cncs3,-4.186,21,-0.19933333333333333
Cc1ccc(cc1)CN(C)CCNc(n2)c(C(=O)N)c(n23)nc(-c4cccs4)cc3-c5ccncc5,-4.185,36,-0.11624999999999999
O=c(o1)ccnc1-c(c2)c(cc(c23)c(NC)c(C#N)c[nH+]3)NCc4ccccc4,-4.185,29,-0.1443103448275862
CCc1ccc(cc1)-c(cc2)cc(c23)c(nc(n3)-c4ncnn4C)-c5cccc(c5)C(=O)NC(=O)C(C)C,-4.185,38,-0.11013157894736841
c1ccccc1[C@H](C)Nc(ncn2)c(c23)cc(-c4ccn(C)c(=O)c4)c(c3)-c5ccc(cc5F)CN(C)C,-4.185,38,-0.11013157894736841
Cc1cc(C)cc(c1)NC(=O)Nc(c(c23)nccn3)nc(c2)-c4ccccc4Cl,-4.184,29,-0.14427586206896553
CN(C)C(=O)c(c1)cncc1-c(c(c2)OC)cc(c23)c(ncn3)NC4CCN(CC4)Cc5ccc(C)c(C)c5,-4.183,39,-0.10725641025641025
c1cn(C)c(c12)cc(cc2)-c(n3)cc(nc3C)Nc4ncc(s4)-c5cccnc5F,-4.182,30,-0.13940000000000002
NC(=O)c(c1)cccc1-c(c(=O)n2C)c(C)c(c23)cnc(n3)N[C@H](C)c4cccc(c4)[C@]5(O)CCOC5,-4.182,37,-0.11302702702702704
NC(=O)c(c1)nccc1-c(c(C)c2)cc(c23)[nH+]cnc3N[C@H](C)c4ccccc4C(C)(C)C,-4.182,33,-0.12672727272727274
Cc1ccc(cc1)[C@H](C)Nc(nc2)nc(c23)nc(-c4ccc(=O)n(C)c4)c(c3)-c5cnc(C)n5C,-4.182,35,-0.11948571428571429
CC(=O)Nc1cccc(c1)-c(c(c23)c(ncn3)NCCO)cc(c2)-c4nnccc4C,-4.181,31,-0.1348709677419355
Nc1cc(cc[nH+]1)-c(cc2)cc(c23)c(-c4ncno4)nc(n3)-c5ccccn5,-4.18,28,-0.14928571428571427
N#Cc(c1=O)ccccc1-c(c(c23)nc(nc2)N[C@@H](C)C(=O)N)cc(c3)-c4cccnc4,-4.179,32,-0.13059375
c1cnccc1-c(cc2)nc(c23)c(NCCC)nc(n3)NCc4ccccc4C,-4.179,29,-0.14410344827586208
Oc1ccccc1-c(n2)cc(N[C@@H](C)c3cc(N(C)C)cc(C(F)(F)F)c3)n(c24)ncc4-c5cccnc5N(C)C,-4.178,41,-0.10190243902439024
O=c(o1)cccc1-c(c(c2)OC)cc(c23)ncc4c3cc(nc4N)-c5ccccc5Cl,-4.178,31,-0.1347741935483871
s1cccc1-c(n2)cc(nc2C)Nc3ncc(s3)-c4ccc(cc4)[S@@](=O)CO,-4.177,28,-0.1491785714285714
OCCNc1nc(NCCO)[nH+]c(c12)ccc(n2)-c3ccc(F)cc3,-4.177,25,-0.16707999999999998
COc1ccc(OC)c(c1)-c(c(o2)-c3cn(c[nH+]3)CC(=O)N)c(c24)c(ncn4)N[C@H](C)c5ccc(F)cc5C,-4.177,39,-0.1071025641025641
Cc1ccc(cc1C)CNc(nc2NCCCO)nc(c23)ccc(n3)-c4cccc(F)c4,-4.176,32,-0.1305
Nc1cccc(c1)-c(c2)nc(c(c23)nccn3)NCC(=O)Nc4ccc(C(F)(F)F)cc4,-4.176,32,-0.1305
CCn1c(C)nnc1-c2c[nH+]c(Nc3ccccc3)nc2NCc4cccc(C)c4,-4.176,30,-0.13920000000000002
c1cnccc1-c(cc2)cc(c23)c(-c(nn4)cn4C)nc(n3)-c5ccccc5Cl,-4.175,29,-0.1439655172413793
OC[C@@H](O)c(n1)cccc1-c(c(c2)OC)cc(c23)ncc(C#N)c3NC(=O)c4cccc(C(F)(F)F)c4,-4.175,37,-0.11283783783783784
COc1cccc(c1)[C@H](CO)Nc(nc[nH+]2)c(c23)cc(c(c3)OC)-c4cc(F)ccc4F,-4.175,32,-0.13046875
CC(F)(F)c(c1)cccc1[C@H](C)Nc(ncn2)c(c23)cc(c(c3)-c4ccco4)-c5ccn(c5)C(=O)C[NH3+],-4.174,37,-0.11281081081081082
Brc1ccccc1-c(c2)c(cc(c23)c(NC(C)C)c(C#N)c[nH+]3)NC(=O)Nc4cccc(C(F)(F)F)c4,-4.174,37,-0.11281081081081082
FC(F)(F)c(c1)cc(N)cc1-c(c(o2)-c(cc3C)ccc3C)c(c24)c(ncn4)N[C@H](C)c5cc(N)cc(C(F)(F)F)c5,-4.174,42,-0.09938095238095239
C[N@H+]1CC[C@@H](CC1)Nc(nc2)nc(c23)nc(c(c3)-c4cccc(F)c4)-c5cccc(c5)C(F)(F)O,-4.172,35,-0.11919999999999999
s1cccc1-c2cnn(c23)c(NCc(c4)nccc4C)nc(n3)-c5ccn(c5)C(=O)C(=O)[NH-],-4.171,33,-0.1263939393939394
o1cc(F)cc1-c(cc2)cc(c23)c(-c(cc4)ccc4OC)nc(n3)-c5ccn(C)c(=O)c5C,-4.171,33,-0.1263939393939394
Cc1cccc(=O)cc1-c(nc(n2)-c3cnn(C)c3)c(c24)cc(cc4)-c5ccncc5,-4.171,31,-0.1345483870967742
c1ccccc1-c(c(c2)OC)cc(c23)[nH+]cc4c3cc(nc4N)-c5cnc(OC)c([O-])c5,-4.17,32,-0.1303125
NCc1ccc(cn1)-c(n2)c(-c3ccc(F)cc3)cc(c24)cnc(n4)NC[C@H](O)c5ccccc5,-4.17,35,-0.11914285714285715
c1cc(F)ccc1-c(o2)c(-c(c3)cccc3N)c(c24)c(ncn4)NCCN5CC[C@H](O)C5,-4.17,32,-0.1303125
c1cc(F)ccc1-c(n2)cc(nc2C)Nc3ncc(s3)-c4ccccc4F,-4.169,27,-0.15440740740740738
Cc1cccc(c1)C[N-]c(n2)c(C(=O)N)c(n23)nc(-c4nocc4C)cc3-c5ccnc(n5)C,-4.169,34,-0.12261764705882351
CCn1ccc(cc1=O)-c(cc2)cc(c23)nc(N[C@H](C)c4ccc(C)cc4)c5c3cnc(n5)NC6CC6,-4.169,37,-0.11267567567567567
Fc(c1)cccc1-c(cnc2NC)c(n2)NC(=O)c3ccc(cc3)C[NH+](C)C,-4.168,28,-0.14885714285714285
FC(F)(F)c(c1)cc(c(c12)[C@H](F)CO2)[C@H](CC)Nc(ncn3)c(c34)c(-c5ccccc5F)cc(c4)-c6cccn(c6=O)CC(=O)N,-4.168,46,-0.09060869565217392
C1COCCN1c(cc2)ccc2[C@H](C)Nc(ncn3)c(c34)ccc(c4)-c5cccc(c5)C(=O)N,-4.168,34,-0.12258823529411765
Fc1ccccc1-c(c(c2)OC)cc(c23)ncc4c3cc(nc4N)-c5ccccn5,-4.167,30,-0.1389
CC(C)n1nccc1-c(c(c2)OC)cc(c23)ncc(C#N)c3N[C@H](C)c4cc(N(C)C)cc(C(F)(F)F)c4,-4.167,38,-0.10965789473684211
Cc1ccc(C)c(c1)[C@H](C)Nc(n2)c(ncnc3)c3c(c24)ccc(c4)-c5ccccc5C(=O)N(C)C,-4.166,36,-0.11572222222222223
c1cc(F)ccc1-c(n2)ccc(c23)nc(NC)nc3N[C@@](F)(C)c4cccc(c4)C[NH3+],-4.166,31,-0.13438709677419355
Cc1ccc(c(C)c1)-c(cc2)nc(c23)c(N[C@H](C)c4ccc(C(F)(F)F)cc4)nc(n3)NC(=O)c5cccc(N)c5,-4.164,41,-0.10156097560975609
c1cccc(c12)CCN([C@@H]2C(F)(F)F)CNc3nc(-c4ccccc4)ncc3-c5cccnc5,-4.164,34,-0.12247058823529411
c1cc(Cl)cc(c12)C[N@@H+](C2)C[C@@H](C)C(=O)Nc(c(c34)ncn4C)nc(n3)-c5ccco5,-4.164,31,-0.13432258064516128
Cn1cc[nH+]c1-c(n2)ccc(c23)nc(NCC)nc3NC(=O)Nc4cccc(C)c4,-4.163,30,-0.13876666666666668
Cc(c1)occ1-c2cc(-c(cc3F)ccc3OC)nc(n24)c(C(=O)N)c(n4)NCc5cccc(C)c5,-4.163,36,-0.1156388888888889
CC(C)c1cccc(c1)[C@H](C)Nc(c2)c(-c3cccc(=O)n3C)cc(c24)ncc(C#N)c4NC[C@H](C)N5CCO[C@H](O)CC5,-4.163,44,-0.09461363636363637
Clc(c1)cccc1Oc(c(c2)OC)cc(c23)c(ncn3)NC(=O)c4ccc(C(F)(F)F)cc4,-4.162,33,-0.1261212121212121
c1ccc(C(C)C)c(c12)cc(cn2)-c(cc3)nc(c34)c(N[C@@H](C)c(c5)cccc5C(C)C)nc(n4)N[C@H](C)c6ccccc6,-4.161,44,-0.09456818181818182
C[NH+](C)[C@H](C)c1ccc(cc1)-c(c2)c(-c3ccccn3)nc(c24)nc(nc4)N[C@@H]5CC[N@@H+](C)CC5,-4.161,35,-0.11888571428571428
CC(=O)Nc1cccc(c1)-c(cc(c2)-c3ccc(Cl)cc3)c(c24)c(ncn4)NC[C@H](C)[C@H](O)CO,-4.16,35,-0.11885714285714286
c1ccccc1-c(n2)cc(NC(=O)N)n(c23)ncc3-c4ccccc4C(=O)[O-],-4.16,28,-0.14857142857142858
OCCNc1nc(NC)[nH+]c(c12)ccc(n2)-c3c(C)noc3C,-4.16,23,-0.1808695652173913
Nc1ccc(cc1)C(F)(F)CNc(nc[nH+]2)c(c23)ccc(c3)-c4cccnn4,-4.159,28,-0.14853571428571427
NC(=O)c1cccc(c1)-c(n2)c(-c3ccc(CO)cc3)cc(c24)cnc(n4)N[C@H](CO)c5cc(N)ccc5C(F)(F)F,-4.159,42,-0.09902380952380951
Cc1noc(C)c1-c(n2)c(-c3cccc(C(F)(F)F)c3)cc(c24)cnc(n4)N[C@@H]5CC[N@@H+](C)CC5,-4.158,35,-0.11880000000000002
c1cc(C)ccc1-c(c(c2)OC)cc(c23)ncc4c3cc(nc4N)-c5cccc(O)c5,-4.158,31,-0.13412903225806452
Fc1cccc(F)c1-c(c[nH+]c2NCC)c(n2)NCc3ccccc3,-4.158,25,-0.16632000000000002
FC(F)(F)c(c1)cccc1-c(n2)nc(N[C@H](C3)CC[N@H+]3CCN)n(c24)ncc4-c5cccc(O)c5,-4.157,35,-0.11877142857142857
C1COCCN1c(n2)n(C)c(c23)cc(-c4cccc(F)c4)c(c3)-c5cccc(c5)C(=O)N,-4.157,32,-0.12990625
CN(C)C(=O)c(c1)cncc1-c(c(c2)OC)cc(c23)ncc(C#N)c3N[C@H](C)c4ccc(cc4)[C@H](C)OC,-4.157,38,-0.10939473684210527
OCC(=O)Nc1cccc(c1)-c(c2)c(-c3ccccc3Cl)cc(c24)oc(n4)N5CCOCC5,-4.156,33,-0.12593939393939393
Cc1ccoc1-c([nH+]c(c23)cccc3)nc2NCc4cnccc4CC(=O)N,-4.156,28,-0.1484285714285714
NCc1cccc(c1)-c2cnc(NCc3ccccc3Cl)nc2NCCc4ccccc4,-4.155,32,-0.12984375
Cc1cccc(c1)CNc2[nH+]cc(-c3ccc(=O)n(C)c3)c(n2)N[C@H](C)c4cccc(C)c4,-4.155,33,-0.12590909090909091
c1[nH+]cccc1CNc(n2)c(C(=O)N)c(n23)nc(cc3-c4ccco4)-c5ccc(F)cc5,-4.155,32,-0.12984375
CN(C)C(=O)c(c1)cccc1-c(c(c2)-c(cc(C)c3=O)cn3CC)cc(c24)ncnc4NC(C)C,-4.155,35,-0.11871428571428572
CC(C)Oc(c1)cccc1-c(c(c2)NCC)cc(c23)[nH+]cc(C#N)c3NC,-4.153,27,-0.1538148148148148
o1nc(C)nc1Oc(c(c2)OC)cc(c23)c(ncn3)NC(=O)c4ccc(N)cc4,-4.153,29,-0.1432068965517241
Cn(c1)c(=O)ccc1-c(c(c2)NC(C)C)cc(c23)ncc(C#N)c3Nc4cccc(c4)N(C)C,-4.153,34,-0.1221470588235294
c1cc(F)ccc1-c(n2)cc(nc2C)Nc3ncc(s3)-c4coc(C)c4,-4.152,26,-0.1596923076923077
Cc1ncn(CC[NH3+])c1-c(c2)c(-c3ccc(C(F)(F)F)cc3)cc(c24)n(C)c(n4)N5CCOCC5,-4.152,35,-0.11862857142857143
c1cc(F)ccc1-c(s2)cnc2Nc(nc3C)cc(n3)-c4ccc(nc4)C(=O)N5CCCC[N@@H+](C)CC5,-4.151,37,-0.11218918918918919
c1cnccc1-c(c2)c(cc(c23)c(NC)ncn3)-c4ncnnc4C5CCCC5,-4.151,29,-0.14313793103448275
NC(=O)Cn1ccc(c1)-c2ncc(-c3cccc(C(F)(F)F)c3)c(n2)NCCN4CCOCC4,-4.151,34,-0.12208823529411764
Cc1ccccc1-c(cn2)c(n23)nc(cc3NCC(C)C)-c4cc(N)ccc4F,-4.151,29,-0.14313793103448275
C[C@H](O)CNc([nH+]1)nc(NCC)c(c12)nc(cc2)-c3cccc(C)c3,-4.15,25,-0.166
c1ccccc1C[N@@H+](CC2)CC[C@H]2Nc([nH+]c3NCOC)ncc3-c4cccn4CC(=O)C(=O)N(C)C,-4.149,37,-0.11213513513513514
c1cc(F)ccc1-c(n2)nc(-c(cc3C)ccc3C)c(c24)cc(cc4)-c5cnn(C)c5C,-4.149,32,-0.12965625
OC[C@@H](C)Nc(ncn1)c(c12)cc(S(=O)(=O)C(C)(C)C)c(c2)-c3cccnc3,-4.148,28,-0.14814285714285713
CCOCCNc(c(C#N)c[nH+]1)c(c12)cc(c(c2)-c3cccnc3)NC(=O)Nc4cccc(C(F)(F)F)c4,-4.147,38,-0.10913157894736843
O=c1n(C)c(C)ccc1-c(c(c2)OC)cc(c23)ncc(C#N)c3NCC(=O)N,-4.147,28,-0.14810714285714285
OCCc(c1)cccc1[C@H](C)Nc(nc[nH+]2)c(c23)ccc(c3)-c4cccc(c4)C(=O)N,-4.146,31,-0.13374193548387098
FC(F)(F)c1cc(N)ccc1[C@H](C)Nc(ncn2)c(c23)cc(c(c3)-c4ccc(o4)CO)-c5cnccc5C(=O)N,-4.146,40,-0.10364999999999999
c1cc(Cl)cc(c12)C[N@@H+](C2)C[C@@H](C)C(=O)Nc(c(c34)ncn4C)nc(n3)-c5cccnc5,-4.146,32,-0.1295625
Cc1cccc(c1)CNc2[nH+]cc(c(n2)NC(C)C)-c3cccc(n3)NC(=O)CO,-4.146,30,-0.1382
n1ccncc1-c(c(c2)OC)cc(c23)ncc(C#N)c3N[C@H](C)c4cc(C)cc(N)c4,-4.145,31,-0.13370967741935483
CC(C)c1cccc(c1)[C@H](C)Nc2nc(-c3nccn3C)ncc2-c4ccccc4[C@H](C)O,-4.145,33,-0.12560606060606058
CCCN(C)Nc(c1)c(-c2cccnc2)cc(c13)ncc(C#N)c3Nc4cccc(F)c4,-4.145,32,-0.12953125
Clc1ccccc1-c(cc2C)nc(n2)NC3CCN(CC3)Cc4sccc4C,-4.145,28,-0.14803571428571427
c1ccccc1-c(c2)cc(c(c23)c(ncn3)NCC(=O)N)-c4cc(ccn4)C(=O)N5CCCCCC5,-4.145,36,-0.11513888888888887
Cc1ccc(cc1)CNc(nc2N[C@H](C)[C@H](C)O)[nH+]c(c23)ccc(n3)-c4[nH+]ccn4C,-4.144,31,-0.1336774193548387
c1ccccc1-c(n2)cc(nc2C)Nc3ncc(s3)-c4ccc(CN)nc4,-4.144,27,-0.1534814814814815
CCC[C@H]([NH3+])Nc(nc1)nc(c12)nc(-c3cncc(c3)C(=O)N(C)C)c(c2)-c4cccc(c4)C(=O)N5CCOCC5,-4.144,41,-0.10107317073170732
Fc1ccccc1-c(cc2)nc(c23)c(Nc4cccc[nH+]4)nc([nH+]3)NCC[NH2+]C5CCCCC5,-4.143,34,-0.12185294117647058
Cn1ccnc1-c(n2)ccc(c23)nc(NC)nc3N[C@H](C)CN4CCCC4=O,-4.142,28,-0.14792857142857144
n1cccnc1-c(cc2C)nc(n2)NC(=O)Nc3ccc(C)c(C)c3,-4.141,25,-0.16564
c1ccccc1[C@H](C)Cc(nc(c23)n(cn3)C)nc2NC[C@H]([O-])[NH2+]CC4CCCC4,-4.141,30,-0.13803333333333334
COc1cccc(c1)-c(c2)c(-c3cnccn3)nc(c24)nc(nc4)NCCN5CCC[C@@H]5C,-4.141,33,-0.12548484848484848
c1ncccc1-c(n2)cc(NC(=O)CNC)n(c23)ncc3-c4ccc(OC)cc4,-4.14,29,-0.14275862068965517
COc(c1)cc(OC)cc1-c(c(c23)c(NC)ncn2)c(o3)-c4nccn4CC(=O)N(C)C,-4.14,32,-0.129375
COc1ccc(cc1)CNc2[nH+]c(N[C@H](C)c3ccccc3C)ncc2-c4ccccc4[C@H](C)O,-4.14,35,-0.11828571428571427
N#CC(=O)c(n(C)c1)cc1-c(c(c2)OC)cc(c23)ncc4c3cc(nc4N)-c5ccncc5,-4.139,33,-0.12542424242424244
Cc1ccc(cc1)CNc2ncc(-c3cnccn3)c([nH+]2)NCCC[NH3+],-4.139,26,-0.1591923076923077
Cc1cccc(c1)CNc2nc(Nc3ccccc3C)ncc2-c4cn(C)c[nH+]4,-4.138,29,-0.14268965517241378
c1cc(F)ccc1-c2cc(-c(cc3)ccc3OC)nc(n24)c(C(=O)N)c(n4)NCCC[NH+](C)C,-4.137,34,-0.12167647058823527
COc1ccc(cc1OC)-c2cnc(nc2-c3ccccn3)NC(=O)c4ccc(C(=O)N)c(Cl)c4,-4.137,35,-0.11819999999999999
C[N@H+]1CCC[C@@H]1CNc(n2)c(C(=O)N)c(n23)nc(-c4cc[nH+]cc4)cc3-c5cccnc5,-4.137,32,-0.12928125
c1ccccc1[C@H](C)Nc(c2)c(-c(c3)[nH+]c(n34)cccc4)cc(c25)ncc(C#N)c5NCCO,-4.136,34,-0.12164705882352941
Cc1cccc(c1)CNc(nc[nH+]2)c(c23)cc(-c4cnn(C(C)C)c(=O)c4)c(c3)-c5cccnc5,-4.135,35,-0.11814285714285713
s1cccc1-c(n2)cc(NCCO)n(c23)ncc3-c4cccc(C(F)(F)F)c4,-4.134,28,-0.14764285714285716
CCCc(c1)c(OC)cc(c12)c(c(cn2)C#N)N[C@H](C)c3cccc(c3)[C@H](C)CO,-4.134,30,-0.1378
CNc1nccc(n1)-c(nc(C)c2)c(c23)nc(nc3)Nc4ncc(C)nc4C(=O)N,-4.133,30,-0.13776666666666668
Oc1cc(OC)ccc1Nc2nc(NCCCC)nc(c23)ccc(n3)-c4cccc(c4)OC,-4.133,33,-0.12524242424242424
OCCNc1c(C#N)cnc(c12)cc(c(c2)NC(C)(C)c(cc3)ccc3C)-c4nccn4C5CCOCC5,-4.132,38,-0.10873684210526315
s1ccc(c12)nc(C)nc2-c3cccc(c3)CN,-4.132,18,-0.22955555555555554
Cc(c1)cccc1CNc2nc(NCC)nc(c23)ccc(n3)-c4cccc(n4)C[NH+](C)C,-4.131,32,-0.12909375
C1CC1Nc(nc2)nc(c(n3)NC(C)C)c2c(c34)ccc(c4)-c5ccc(cc5)C(=O)C(=O)N,-4.131,33,-0.1251818181818182
COCC(=O)Nc(c1)c(-c2ccc(=O)n(C)c2)cc(c13)ncc(C#N)c3Nc4ccccc4,-4.131,33,-0.1251818181818182
COc1cccc(c1)-c(cc2)nc(c23)c(Nc4cccc(c4)CN(C)C)nc([nH+]3)Nc5cccc(c5)C(=O)N6CCCCC6,-4.13,44,-0.09386363636363636
CN(C)[C@@H](C)c(cn1)cnc1-c(c(c2)OC)cc(c23)ncc(C#N)c3N[C@H](C)c4cccc(c4)[C@H](C)O,-4.13,37,-0.11162162162162162
c1[nH+]cccc1Nc(cc(c23)c(NC)c(C#N)cn2)c(c3)-c4ccnc(c4)C(=O)N(C)C,-4.13,32,-0.1290625
CCc1nc(C)c(o1)-c2nc(NCCO)ncc2-c3ncccc3O,-4.129,25,-0.16515999999999997
CCNc1nc(NCC)[nH+]c(c12)ccc(n2)-c3cc(ccn3)N4CCOCC4,-4.128,28,-0.14742857142857144
Cn(c1)ccc1-c(cn2)c(n23)nc(-c(cc4)ccc4OC)cc3NCC[C@H](O)c5ccc([C@H](F)OC)cc5N,-4.128,39,-0.10584615384615385
CNc1nc(co1)-c2cc(nc(n2)C)Nc3ncc(s3)-c4ccc(OC)c(c4)OC,-4.127,30,-0.13756666666666667
COc1ccc(cc1)-c(c2)c(-c3cccnc3)nc(c24)nc(nc4)NCC(=O)N,-4.126,29,-0.14227586206896553
C[NH+](C)Cc1ccc(cc1)-c(c2)c(-c3ccccc3)cc(c24)nc(o4)N5CCOCC5,-4.126,31,-0.1330967741935484
Cc1nc(C)c(C)nc1-c(c(c2)OC)cc(c23)ncc4c3cc(nc4N)[C@H](C)c5ccc(C(=O)N)cc5,-4.126,37,-0.11151351351351352
CCOc1cc(N)cc(c1)-c(c2)c([C@H](C)c3c(N)cccc3C(F)(F)F)cc(c24)c(nc[nH+]4)NC[C@H](O)c5ccc(C)cc5,-4.126,44,-0.09377272727272729
Cc1[nH+]c(cn1C)-c(cc2)cc(c23)c(-c4cnc(C)n4C)nc(n3)-c5ccccc5C(F)(F)F,-4.126,34,-0.1213529411764706
COc1ccccc1-c(c2)c(OC)cc(c23)c4c(cn3)c(N)nc(c4)-c5ccc(C[NH3+])nc5,-4.124,33,-0.12496969696969695
COc1ccc(cc1O)-c(cc2)cc(c23)c(-c4c(C)cccc4F)nc(n3)-c5cccc(c5)CN(C)C(=O)CO,-4.123,40,-0.103075
Brc1ccccc1-c(nc(c23)n(C)cn2)nc3N[C@@H]4CCC[N@@H+](C4)CC[NH3+],-4.123,27,-0.1527037037037037
Fc(c1)cccc1-c(c2)cc(-c(nc3)ccc3OC)c(c24)nc(nc4)N[C@@H]5CCOC5,-4.123,31,-0.133
Cc1ccc(cc1)CNc2ncc(c([nH+]2)NCC(=O)N)-c3ccccc3,-4.123,26,-0.1585769230769231
CSc(cc1)ccc1[C@H](CC)Nc(nc2)nc(c23)nc(-c4cn(c[nH+]4)CC(=O)N)c(c3)-c5cccc(F)c5,-4.123,38,-0.1085
CN(C)c1ccc(C(F)(F)F)cc1[C@H](C)Nc(nc2)nc(c23)c(-c4ccnnc4)cc(c3)-c5ccccc5,-4.123,38,-0.1085
CCNc1ncc(-c2noc(C)c2C)c([nH+]1)N[C@H](C)c3cccc(C)c3,-4.122,26,-0.15853846153846154
[nH]1cccc\c1=N\c([nH+]c2NCOC)ncc2-c(cn3C)c(c34)cccc4,-4.122,27,-0.15266666666666667
Cc1noc(C)c1-c(cc2)nc(c23)c(N[C@H](C)c4cccc(C(F)(F)F)c4)nc(n3)N[C@H](C)c5cccc(N)c5,-4.121,40,-0.103025
CCNc1ncc(-c2noc(C)c2C)c([nH+]1)NCc3ccc(CF)cc3,-4.121,26,-0.15850000000000003
FC(F)(F)c(c1)cccc1-c(c(c2)CC[N@H+](C)CC)cc(c23)c(ncn3)N[C@H](C)Cc4cccc(C)c4,-4.121,37,-0.11137837837837838
COc1ccc(cc1)-c2cc(C)nc(n2)NC(=O)[C@@H]3C[C@H](C)C[N@H+](C)C3,-4.121,26,-0.15850000000000003
CC(=O)N(C)C(=O)c(on1)cc1-c(o2)c(-c(cc3)ccc3OC)c(c24)c(ncn4)N[C@H](C)COc5cccc(C)c5,-4.121,41,-0.10051219512195123
Cc1cccc(c1)OC[C@H](C)Nc(ncn2)c(c23)c(-c4cccc(F)c4)c(o3)-c5ccccc5C,-4.12,35,-0.11771428571428572
c1ccc(OC)c(c12)n(C)c(C)c2CNc(c(c34)ncn4C)nc(n3)-c5ccccc5F,-4.119,32,-0.12871875
CCn1c(C)cnc1-c(cc2)cc(c23)nc(NCC[NH3+])c4c3cncn4,-4.119,26,-0.15842307692307692
CC(C)n(c(=O)c1)ncc1-c(c(c2)OC)cc(c23)ncc4c3cc(nc4N)-c5ccccc5,-4.119,33,-0.12481818181818181
CN(C)C(=O)Cn(c(=O)c1)ccc1-c(o2)c(-c(cc3OC)ccc3OC)c(c24)c(ncn4)N[C@H](C)c5cc(C(F)(F)F)cc(C(F)(F)F)c5,-4.117,49,-0.08402040816326531
Clc(c1)cc(N)cc1-c(c(c2)OC)cc(c23)ncc4c3cc(nc4N)-c5ccc(C(=O)N)cc5,-4.117,34,-0.12108823529411765
CCn1cc[nH+]c1-c2nc(N[C@H](C)c3ccccc3)ncc2-c4cccnc4,-4.116,28,-0.147
COc1ccc(cc1)NC(=O)Nc2nc(-c3cccs3)ncc2-c4cccn(C)c4=O,-4.116,31,-0.1327741935483871
Cc1[nH+]ccn1-c2cnc(nc2-c(s3)c(C)nc3C)NC(=O)NCc4ccccc4,-4.115,30,-0.1371666666666667
Cc1cccc(c1)[C@H](C)Nc2[nH+]cc(-c3ccc(cc3)[C@H](C)N(C)C)c(n2)NCc4ccccc4,-4.115,35,-0.11757142857142858
C[NH+](C)CCNc(ncn1)c(c12)ccc(c2)-c3ccc(N)[nH+]c3,-4.114,23,-0.1788695652173913
FC(F)(F)c(c1)cc(N)cc1[C@@H](C)c(c2)c(-c3cc(F)ccn3)cc(c24)[nH+]c(n4C)N5CCOCC5,-4.113,36,-0.11425000000000002
Cc1ccc(cc1)-c(cn2)c(n23)nc(-c4ccccc4Cl)cc3N[C@H](C)c5ccc(C(C)C)cc5,-4.113,35,-0.11751428571428572
COc1cccc(c1OC)-c2cc(C)nc(n2)N[C@H](C)c3cc[nH+]c(c3)N(C4)CCCC4(F)F,-4.113,34,-0.12097058823529414
Cc1[nH+]cccc1-c(c2)cc(-c(o3)cnc3CCC)c(c24)nc(nc4)N[C@H](O)Cc5cccc(C)c5,-4.113,36,-0.11425000000000002
o1cc(F)cc1-c(cc2)cc(c23)c(-c(cc4)ccc4OC)nc(n3)-c5cccc(C#N)c5,-4.112,32,-0.1285
c1ncccc1Oc(c(c2)OC)cc(c23)c(ncn3)NC(=O)c4ccc(N)cc4,-4.112,29,-0.14179310344827586
Cc1cc(Cl)ccc1-c(c2C)c(=O)n(-c3cccc(c3)CN)c(c24)nc(nc4)N[C@H](C)c5ccccc5,-4.112,37,-0.11113513513513514
c1ncccc1-c(c2)cc(c(c23)nc(nc3)NC(=O)CC)-c4cccc(c4)NC(=O)COC,-4.112,33,-0.12460606060606061
Cn1nccc1-c(c2)c(-c3cnco3)nc(c24)nc(nc4)N[C@H](CO)c5cc(N)ccc5C(F)(F)F,-4.109,36,-0.11413888888888889
Cc1cccc(c1)[C@H](C)c2nc(NC(F)(F)F)ncc2-c3c[nH+]c(C)n3CC(=O)N,-4.109,30,-0.13696666666666665
Cc1cccc(c1)CCNc(ncn2)c(c23)c(-c4cccc[nH+]4)c(o3)-c5cccnc5,-4.109,31,-0.1325483870967742
Cc1ccnc(c1)-c(c(c23)c(ncn3)N[C@H](C)CO)cc(c2)-c4cnc(=O)n(C)c4,-4.107,30,-0.1369
Cc(c1)c(C)ccc1-c(n2)nc(-c(cc3)ccc3S(=O)(=O)NC)c(c24)cc(cc4)-c5ccccc5C,-4.106,36,-0.11405555555555555
CC(=O)Nc1cccc(c1)-c(cc(c2)-c3nc(C)oc3C)c(c24)c(ncn4)NCc5ccc(C(F)(F)F)cc5,-4.106,39,-0.10528205128205127
O=c1ccn(CC(=O)N)cc1-c(c(c2)-c(cc3)ccc3C)cc(c24)n(C)c(n4)N5CCOCC5,-4.105,34,-0.12073529411764707
FC(F)(F)c(c1)cccc1[C@H](C)NC(=O)Nc(nc2)nc(c23)c(-c4cnccn4)cc(c3)-c5cccc(F)c5,-4.105,39,-0.10525641025641026
FC(F)(F)c(c1)cc(N)cc1C(=O)Nc(n2)c(C(=O)N)c(n23)nc(-c4ccc(F)cc4)cc3-c5ccc(Cl)cc5,-4.104,40,-0.1026
Cc1ccc(cc1)-c2cnc(NCC[NH+](C)C)nc2-c3ccnc(c3)CN(C)C,-4.104,29,-0.14151724137931035
s1ccnc1Oc(c(c2)OC)cc(c23)c(ncn3)NC(=O)c4ccc(N)cc4,-4.103,28,-0.14653571428571427
CC[N@H+](C)CCNc(n1)c(C(=O)N)c(n12)nc(-c3cc[nH+]cc3)cc2-c4ccc(O)cc4,-4.102,32,-0.1281875
Fc1cc([O-])ccc1-c(nc(c23)n(C)cn2)nc3NC[C@H](O)c4ccccc4,-4.102,28,-0.14650000000000002
C1COCCN1c(n2)n(C)c(c23)cc(-c4cccc(F)c4)c(c3)-c5cc(=O)cc[nH]5,-4.102,30,-0.13673333333333335
Fc1ccccc1-c2cc(-c(cc3=O)cccn3)cc(c24)ncnc4NC[NH+]5CCOCC5,-4.101,33,-0.12427272727272727
C[NH+](C)CCNc(ncn1)c(c12)c(-c3cccc(Br)c3)c(o2)-c4cccc(c4)[C@]5(O)CCOC5,-4.101,34,-0.12061764705882352
CCc1ccc(cc1)-c(cc2)cc(c23)c(-c4ccccn4)nc(n3)-c5cccc(c5)[C@H](C)O,-4.101,33,-0.12427272727272727
CC(C)Nc(ncn1)c(c12)cc(-c3ccc(F)cc3)c(c2)-c4cnc(nc4)CC[NH+](C)C,-4.1,32,-0.128125
CCn1nccc1-c2ncc(-c3cccc(c3)OC)c(n2)NC(=O)[C@H]([NH3+])[C@@H]4CC[N@@H+](C)CC4,-4.099,33,-0.12421212121212122
Cc1ccc(cc1C)NC(=O)CNc2ncc(-c3ccnc(c3)N(C)C)c(n2)-c4ccccc4,-4.097,34,-0.12050000000000001
COc1cccc(c1OC)NC(=O)Nc(c(c23)cccc3)nc(n2)-c4cccc(c4)NC(=O)C,-4.097,34,-0.12050000000000001
c1ncccc1-c(n2)nc(-c(cc3)ccc3C(=O)[O-])c(c24)cc(cc4)-c5cc[nH]c(=O)c5,-4.097,32,-0.12803125
OCc(c1)cc(C)cc1-c(c(c2)OC)cc(c23)ncc4c3cc(nc4N)-c5cccnc5,-4.097,32,-0.12803125
CN(C)c(nc1)ccc1-c(c(c2)OC)cc(c23)c(nc[nH+]3)NC[C@H](F)c4cc(N)cc(C(F)(F)F)c4,-4.096,36,-0.11377777777777778
n1cn(C)c(c12)nc(-c3cccs3)nc2N[C@@H]4CCC[N@@H+](C4)CCN,-4.096,25,-0.16384
COc1cccc(c1)-c(o2)c(-c3ccccc3)c(c24)c(ncn4)NCC[NH+](C)C,-4.096,29,-0.14124137931034483
c1ccccc1[C@H](C)Nc(nc2NCC[NH+](C)C)[nH+]c(c23)ccc(n3)-c4cnc(N(C)C)nc4,-4.096,34,-0.12047058823529412
Cc1ccc(cc1C)[C@H](C)Nc2ncc(-c3ccccn3)c(n2)-c4[nH+]cc(C)n4C,-4.095,30,-0.13649999999999998
Cc1cccc(c1)C[C@H](C)Nc(nc[nH+]2)c(c23)cc(-c4cccnc4)c(c3)[C@H](C)C(=O)Nc5ccc(C)c(N)c5,-4.095,40,-0.102375
CNc1[nH+]c(NCC(=O)N)ncc1-c2ccccc2Cl,-4.095,20,-0.20475
Cc1ccc(C(=O)N)cc1-c(c2)c(-c3ccc(F)cc3)cc(c24)n(C)c(n4)N5CCOCC5,-4.095,33,-0.12409090909090909
Clc1ccccc1Nc2nc(-c3cccs3)ncc2-c4cnsc4,-4.095,24,-0.170625
COc(cc1)ccc1-c(c(c2)NC)cc(c23)ncc(C#N)c3NC(=O)C,-4.094,26,-0.15746153846153849
COc(c1)cccc1-c(n2)ccc(c23)nc(NC)nc3NCCOc4cccc(F)c4,-4.094,31,-0.13206451612903228
CCc1ccc(cc1)-c(cc2)cc(c23)c(-c4nc(C)no4)nc(n3)-c5cccc(c5)OC,-4.094,32,-0.1279375
CCCNc(c(C#N)cn1)c(c12)cc(OC)c(c2)-c3ccc(C)c(c3)NC(=O)[O-],-4.094,29,-0.14117241379310347
OCCNc(n1)c(C(=O)N)c(n12)nc(-c(cc3)ccc3C)cc2-c4nocc4C,-4.093,29,-0.14113793103448274
Fc1cc(C(=O)N)cnc1-c(cnc2NCC)c(n2)-c3ccccc3OC,-4.092,27,-0.15155555555555555
CCNc(n1)c(C(=O)N)c(n12)nc(-c3ccc(F)cc3)cc2-c4ccccc4CC,-4.092,30,-0.1364
Cc1c(N)cc([NH3+])cc1[C@H](C)Nc(n2)c(nc(nc3)NC4CC4)c3c(c25)ccc(c5)-c6cccc(c6)[C@H](C)[NH+](C)C,-4.09,41,-0.0997560975609756
COc1ccc(nc1)-c(o2)c(-c3ccc(OC)c(c3)OC)c(c24)c(ncn4)N[C@H](C)c5cccc(c5)C(F)(F)CN,-4.09,41,-0.0997560975609756
c1ncccc1-c2cc(-c(cc3)ccc3C)nc(n24)c(C(=O)N)c(n4)NC[C@H](O)c5ccccc5,-4.09,35,-0.11685714285714285
Cc1ccccc1Cc(c2)c(-c3ccn(c(=O)c3)CC(=O)NC(C)C)cc(c24)c(nc[nH+]4)N[C@@H]5CCCN(C5)c6ccc(C(F)(F)F)cc6,-4.089,49,-0.08344897959183674
C#Cc1ccc(cc1)NC(=O)CNc2ncc(-c3ccco3)c(n2)-c4ccc(Cl)nc4,-4.089,31,-0.1319032258064516
[NH3+]CC[C@@H](C)Nc1cc(-c(cc2)ccc2OC)nc(n13)c(cn3)-c4ccc(C(F)(F)F)cc4,-4.088,33,-0.12387878787878788
o1ncnc1-c2nc(-c(cc3)ccc3C(F)(F)F)nc(c24)ccc(c4)-c5ccno5,-4.087,30,-0.13623333333333332
CCn1cc(c(n1)C)-c2cnc(-c3cn(C)c(n3)C)nc2N[C@H](C)c4ccc(cc4)C(F)(F)CO,-4.086,35,-0.11674285714285715
C[C@H](C1)C[C@H]1Nc(ncn2)c(c23)c(-c4c(C)n(C)nc4C)cc(c3)-c5ccc(CO)nc5,-4.085,32,-0.12765625
COc1ccc(cc1)-c2cc(C)nc(n2)N[C@@H]3CCN(C3)[C@H](C)c4cccc(F)c4,-4.085,30,-0.13616666666666666
Cc(c1)cccc1-c(c2)c(cc(c23)c(c(C#N)cn3)NC(=O)C)N[C@H](C)c4cccc(c4)C(=O)N,-4.084,35,-0.11668571428571428
c1cc(Cl)ccc1-c(n2)cc(nc2C)Nc3ncc(s3)-c4ccc(o4)C,-4.084,26,-0.15707692307692306
Cc1cccc(c1)[C@H](C)Nc(c(C#N)cn2)c(c23)cc(Nc4ccc(o4)C)c(c3)-c5ccc(=O)n(C)c5,-4.084,37,-0.11037837837837837
COc1ccc(nc1)-c(o2)c(-c3ccc(OC)c(c3)OC)c(c24)c(ncn4)N[C@H](C)c5cccc(c5)C(F)(F)C[NH3+],-4.084,41,-0.09960975609756097
O=c(o1)ccnc1-c(c(c2)OC)cc(c23)ncc4c3cc(nc4N)[C@H](C)c5ccc(C(=O)N)cc5,-4.083,35,-0.11665714285714286
C1OCC[C@H]1[N@@H+](C)CCNc(nc2NCC)[nH+]cc2-c3cccc(c3)OC,-4.083,27,-0.15122222222222223
CCc1ccc(cc1)-c(cc2)cc(c23)c(-c4nc(C)no4)nc(n3)-c5cnc(C)cn5,-4.083,31,-0.13170967741935485
c1ccccc1-c(cc2)cc(c23)c(-c(cn4)cn4C(C)C)nc(n3)[C@@H]5CNCC[N@H+]5C,-4.082,31,-0.1316774193548387
c1cnccc1-c2cc(-c(cc3)ccc3C)nc(n24)c(C(=O)N)c(n4)N[C@H](C)c5cc(N)cc(c5)CC(F)(F)F,-4.081,40,-0.102025
FC(F)(F)c(c1)cc(N)cc1[C@H](C)Nc(n2)c(nc(nc3)NC4CC4)c3c(c25)ccc(c5)-c6ccc(=O)n(C)c6,-4.08,40,-0.10200000000000001
COc1ccccc1Nc2[nH+]cc(-c3ccc(C)nn3)c(n2)NCc4cccc(C)c4,-4.08,31,-0.13161290322580646
CNc1ncc(c([nH+]1)NC)-c2cccc(F)c2,-4.079,17,-0.2399411764705882
COC(=O)CNc(ncn1)c(c12)c(-c3cc(N)cc(C(F)(F)F)c3)c(o2)-c4nccn4C,-4.079,32,-0.12746875
CC(=O)Nc1cccc(c1)-c2nc(Nc3ccco3)ncc2-c4cccc(C)c4,-4.078,29,-0.14062068965517244
CC(=O)Nc1cccc(c1)-c(c(c23)c(ncn3)NC(C)C)cc(c2)-c4[nH+]ccn4C,-4.078,30,-0.13593333333333335
C1OCC1(O)c(c2)cccc2[C@H](C)Nc(n3)c(ncnc4)c4c(c35)ccc(c5)[C@H](C)[C@H](C)O,-4.078,33,-0.12357575757575759
COc1cccc(c1)-c(c2)c(-c3ccccc3F)nc(c24)nc(nc4)NCCN5CCC[C@@H]5C,-4.078,34,-0.11994117647058825
COc1cccc(c1)-c2cc(nc(n2)C)Nc3ncc(s3)-c4ccc(nn4)C[C@@H]5CC[NH2+]C5,-4.077,33,-0.12354545454545454
Cc1nc(co1)-c2cnc(-c3ccc(Cl)cc3)nc2NC(=O)CN4CCCC4,-4.076,28,-0.14557142857142855
COc1ccc(cc1)-c(c2)c(-c3cc(O)cc(c3)C(=O)N)cc(c24)oc(n4)N5CCOCC5,-4.075,33,-0.12348484848484849
c1cc(F)ccc1-c(c(c2)-c(c3C)[nH+]cn3C)cc(c24)oc(n4)N5CCOCC5,-4.075,29,-0.14051724137931035
C1CCCCCN1C(=O)c(ccn2)cc2-c3cc(-c(cn4)cn4C)cc(c35)ncnc5NCC[NH+]6CCCCCC6,-4.074,41,-0.09936585365853658
CN(C)C(=O)COc(c(c1)OC)cc(c12)c(nc[nH+]2)NCC(=O)N,-4.074,24,-0.16974999999999998
[NH3+]CCNc1[nH+]cc(-c2cccc(Cl)c2)c(n1)Nc3ccc(F)cc3,-4.073,25,-0.16292
Cc1cccc(c1)[C@H](C)Nc(ncn2)c(c23)ccc(c3)-c(n4)n(C[C@H](F)[NH+](C)C)c(c45)cncc5,-4.071,35,-0.1163142857142857
C1COCC[NH+]1CCNc2nc(N[C@@H](C)c(c3)cccc3C)nc(c24)ccc(n4)-c5ccc(cc5)C(=O)C[NH+](C)C,-4.071,41,-0.09929268292682926
c1ncccc1Nc(nc2NC)[nH+]cc2-c3cccs3,-4.07,20,-0.20350000000000001
CC(C)CNc(nc1)nc(c12)c(-c3ccc(F)cc3F)cc(c2)-c4cccnc4C(=O)Nc5cccnc5,-4.069,38,-0.10707894736842105
c1ncccc1-c(n2)nc(NCCC)n(c23)ncc3-c4ccccc4C,-4.068,26,-0.15646153846153846
COc1cccc(c1)-c2cnc(-c3cccc(c3)CO)nc2N[C@H](C)c4cc(N)cc(C(F)(F)F)c4C,-4.068,37,-0.10994594594594594
n1cn(C)c(c12)nc(-c3cccs3)nc2N[C@@H]4CCC[N@@H+](C4)CC[NH3+],-4.067,25,-0.16268000000000002
COc1ccccc1-c2cnc(-c3ccco3)nc2NC(=O)Nc4ccccc4C,-4.066,30,-0.13553333333333334
c1c[nH+]ccc1-n2c(=O)c(-c3ccc(=O)n(C)c3)c(C)c(c24)cnc(n4)NCc5ccccc5,-4.066,34,-0.11958823529411765
FC(F)(Cl)c(c1)cccc1-c(c(c23)c(ncn2)NCC[NH3+])c(o3)-c4ccccc4,-4.065,29,-0.14017241379310347
O=C([O-])c(c1)cccc1[NH2+][C@H](C)CNc2ncc(-c3cccc(O)c3)c(n2)-c4ccncc4,-4.065,33,-0.1231818181818182
Cc1ccc(cc1)C(=O)Nc2ncc(-c3cccnc3)c(n2)-c4cncnc4,-4.065,28,-0.14517857142857143
CC(C)c(c1)cccc1[C@@H](C)Nc(c(c23)nc(cc2)-c(cc4)ccc4C)nc(n3)NCC[NH+]5CCCCC5,-4.064,38,-0.10694736842105264
COc1ccccc1-c(c2C)c(=O)n(CCN3CCCCC3)c(c24)nc(nc4)NCc5cc(C)ccc5C,-4.064,38,-0.10694736842105264
CCc1ccc(c(n1)C)-c(c2)c(-c3ccc(cc3)CC(=O)N)cc(c24)ncnc4NC(C)C,-4.064,33,-0.12315151515151515
Cn1c[nH+]cc1Nc(ncn2)c(c23)c(c(o3)-c4ccsc4)-c5ccccc5,-4.064,27,-0.15051851851851852
COc1ccc(OC)c(c1)-c2cnc(-c3ccncc3)nc2N[C@@H]4CCCN(C4)Cc5cccc(C)c5,-4.062,37,-0.1097837837837838
C1COCCN1c(n2)n(C)c(c23)cc(c(c3)-c4ccccc4)-c5cccc(c5)C(=O)N,-4.062,31,-0.13103225806451613
Cn1ccnc1Nc(nc2NC)ncc2-c3ccccn3,-4.062,21,-0.19342857142857145
Cc1ncc(n1C)-c2cnc(NCc3ccccc3)[nH+]c2NCCc4ccccc4,-4.061,30,-0.13536666666666666
Cn(c1)ccc1-c(cc2)cc(c23)c(-c(n4CC)c[nH+]c4C)nc(n3)-c5cccnc5,-4.06,30,-0.13533333333333333
OCc(c1)cccc1-c(c(o2)-c(cc3)ccc3C)c(c24)c(ncn4)N[C@H](C)c5cc(N)cc(C(F)(F)F)c5,-4.06,38,-0.10684210526315789
COc1ncccc1-c(cc(c2)-c3ccccn3)c(c24)c(ncn4)N[C@H](C)c5ccc(N)cc5F,-4.06,35,-0.11599999999999999
C1CCC[NH+]1[C@@H]([O-])CNc(nc2NC)ncc2-c3cnccn3,-4.06,23,-0.17652173913043476
Cn1ncc(c1C)-c(cc2)cc(c23)c(-c4ccn(c4)C(=O)C[O-])nc(n3)-c5ccc(cc5)C(=O)N(C)C,-4.059,37,-0.1097027027027027
Cc1ccc(cc1)-c(o2)c(-c3ccn(n3)C)c(c24)c(ncn4)N[C@H](C)c5cccc(c5)[C@H](C)CO,-4.058,35,-0.11594285714285714
NCC(=O)c1nc(NC(F)(F)F)ncc1-c2cccnc2,-4.057,21,-0.19319047619047622
Cn(c1)c(=O)ccc1-c(n2)cc(NC(=O)CNC)n(c23)ncc3-c4ccccc4F,-4.057,30,-0.13523333333333334
C1CC1Nc(n2)ncc3c2c(nc(c34)cc(cc4)-c(c(c5C)C(=O)N)cn5C)N[C@H](C)c6cccc(c6)N(C)C,-4.057,40,-0.10142500000000002
CCC[C@H]([NH3+])Nc(nc1)nc(c12)nc(c(c2)-c3ccc(OC)cc3)-c4ccn(c(=O)c4)CC(=O)N(C)C,-4.056,37,-0.10962162162162162
CCCCN1CC[C@@H](C1)Nc2nc(NCc3ccccc3)ncc2-c4cccc(F)c4,-4.056,31,-0.13083870967741937
CNc(n1)c(C(=O)N)c(n12)nc(C)cc2CC[NH+]3CCNCC3,-4.055,23,-0.17630434782608695
COc(c1)cccc1-c(cc2)nc(c23)c(Nc(c4)cccc4OC)nc(n3)NC(=O)Nc5cccc(F)c5,-4.055,38,-0.10671052631578946
o1cccc1-c2nc(-c(nc3)ncc3C)nc(c24)ccc(c4)-c5cc(F)co5,-4.055,28,-0.14482142857142857
CN(C)C(=O)c1ccc(cc1)-c(c2)c(S(=O)(=O)C(C)(C)C)cc(c23)c(ncn3)NC/C=C/c4ccccc4,-4.054,38,-0.1066842105263158
Brc(c1)cccc1-c(c(c23)c(ncn2)NCC)c(o3)-c4cccc(c4)[C@H](C)[NH3+],-4.054,28,-0.1447857142857143
Cc1cc(N)cc(c1)C(=O)Nc(cc(n2)-c3ccccc3)n(c24)ncc4-c5[nH+]c(C)cn5C,-4.054,33,-0.12284848484848486
CCNc([nH+]1)nc(NCCC)c(c12)nc(cc2)-c3cccc(Cl)c3,-4.053,24,-0.168875
Fc1ccccc1-c(n2)nc(N[C@@H](C)c3cc(N(C)C)cc(C(F)(F)F)c3)n(c24)ncc4-c5nccn5C,-4.052,38,-0.10663157894736841
COc1cccc(c1)-c(c2)c(OC)cc(c23)c4c(cn3)c(N)nc(c4)-c5ccc(C(=O)N)cc5,-4.052,34,-0.11917647058823529
n1ccncc1-c(n2)cc(nc2C)Nc3ncc(s3)-c4ccccn4,-4.052,25,-0.16207999999999997
Cc1cccc(c1)NC(=O)Nc(nc2N[C@@H]3CCC[N@H+](C)C3)nc(c24)ccc(n4)-c5cccnc5,-4.051,35,-0.11574285714285715
CC(C)Nc(n1)c(ncnc2)c2c(c13)ccc(c3)-c4ccc(C(=O)N)cc4,-4.051,27,-0.15003703703703705
COc1ccc(cc1)-c2cnc(-c3c(C)noc3C)nc2NCC(=O)N,-4.051,26,-0.1558076923076923
COc1ccc(c(O)c1)-c(cc2)cc(c23)c(-c4cncc(c4)C(=O)N)nc(n3)-c5ccc(OC)cc5OC,-4.05,38,-0.10657894736842105
CCc1ccc(cc1)-c(cc2)cc(c23)c(nc(n3)-c4ccco4)-c5cccc(c5)C(=O)N,-4.05,32,-0.1265625
Cc1cccc(c1)CNc2ncc(c([nH+]2)NC(C)C)-c3ccc(N(C)C)cc3,-4.049,28,-0.14460714285714288
NCc1ccccc1C(=O)Nc(n2)c(ncnc3)c3c(c24)ccc(c4)-n5ccccc5=O,-4.048,32,-0.1265
Cc1ccccc1-c(c2)c(S(=O)(=O)C(C)(C)C)cc(c23)c(ncn3)NCC[NH+]4CCOCC4,-4.048,33,-0.12266666666666667
Cn1ccc(cc1=O)-c(o2)c(-c3cccc(Br)c3)c(c24)c(ncn4)NCCCn5ccnc5,-4.047,33,-0.12263636363636363
CCNc1[nH+]c(NCC[NH3+])ncc1-c2ccccc2Br,-4.047,20,-0.20234999999999997
Nc1ccccc1-c2cnc(NCc3ccccc3)[nH+]c2NCCc4ccccc4,-4.047,30,-0.1349
COc1cccc(c1)[C@H](C)Nc(nc2)nc(c23)n(c(=O)c(c3C)-c4ccc(C(=O)N)cc4)-c5ccc(cc5)C(=O)OC[NH+](C)C,-4.047,45,-0.08993333333333332
COc1ccc(Br)cc1-c2cc(CC)nc(n23)c(C(=O)N)c(n3)NCC(=O)N4CCOCC4,-4.046,33,-0.12260606060606061
C1COCCN1c(cc2)ccc2[C@H](C)Nc(ncn3)c(c34)ccc(c4)-c5ccncc5,-4.046,31,-0.13051612903225807
n1cc(C)ncc1-c(n2)ccc(c23)[nH]c(N[C@@H](C)c(c4)cccc4C)n/c3=[NH+]\CCN5CCOCC5,-4.046,36,-0.1123888888888889
COc1cccc(c1)-c(cc2)nc(c23)c(Nc4ccnnc4)nc(n3)N[C@@H]5CCC[C@H](O)[C@@H]5O,-4.045,34,-0.11897058823529412
c1ncccc1-c(c2)c(cc(c23)c(c(C#N)cn3)NC(=O)C)NCC[NH+]4CCCCCC4,-4.045,32,-0.12640625
Cc1c(C)cccc1-c(c(c2)-c(ccn3)cc3OC)cc(c24)ncnc4NCCC[NH3+],-4.045,31,-0.13048387096774194
Cc1cc(N)cc(c1)[C@H](C)Nc(ncn2)c(c23)ccc(c3)-c(n4)n(C[C@H](F)N(C)C)c(c45)c[nH+]cc5,-4.044,36,-0.11233333333333333
FC(F)c1ccc(cc1N)C(F)(F)Nc(ncn2)c(c23)c(cc(c3)-c4ccco4)C(=O)Cc5ccc(F)cc5,-4.043,39,-0.10366666666666667
Nc1cccc(c1)C(=O)Nc2ncc(-c3ncccc3[O-])c(n2)-c4ccncc4,-4.043,29,-0.13941379310344829
OCc(c1)cccc1-c2cc(-c3ccccc3C)cc(c24)cnc(n4)NC(=O)N[C@H](C)c5cccc(C(F)(F)F)c5,-4.043,41,-0.09860975609756098
c1cc(C)ccc1-c(cc2)nc(c23)c(NCCOC)nc(n3)N[C@H](C)c4ccccc4,-4.043,31,-0.13041935483870967
Cc1cccc(c1)[C@@H]2CC[N@H+](C2)CCNc(nc(n3)-c4ccsc4)n(c35)ncc5-c6nc(C)cn6C,-4.043,36,-0.11230555555555556
CCc1ccc(cc1)-c2cnc(NC)nc2NC(F)(CC)CC,-4.042,23,-0.1757391304347826
OCCCNc(nc1)nc(c12)n(-c(nc3C)cn3CC)c(=O)c(c2C)-c4ccccc4,-4.041,31,-0.13035483870967743
Fc(c1)cccc1-c(nc(c23)n(C)cn2)nc3N[C@@H]4CCC[N@@H+](C4)CCN,-4.041,27,-0.14966666666666667
FC(F)(F)c1ccc(cc1C)[C@H](C)Nc(ncn2)c(c23)c(-c4ccccn4)c(o3)-c5ccc(cc5)OC(F)(F)CO,-4.04,41,-0.09853658536585366
Cc1ccc(cc1)CNc2ncc(C)c([nH+]2)NCC(C)C,-4.04,21,-0.19238095238095237
FC(F)(F)c(c1)cccc1CNc(ncn2)c(c23)c(-c(c4)cccc4C)c(o3)-c5ccc(cc5)N6CCOCC6,-4.04,40,-0.101
Fc1ccccc1-c(c(c23)c(ncn2)NCC)cc(c3)-c4ccnc(c4)C(=O)N(C)C,-4.039,31,-0.13029032258064516
Cc1cc(C)cc(c1)[C@H](C)Nc(ncn2)c(c23)c(-c4cccc(N)c4)c(o3)-c5ccccc5C,-4.039,34,-0.11879411764705881
c1ccccc1-c(c(c2)-c(n(n3)C)nc3C)nc(c24)nc(nc4)N[C@@H]5CC[N@H+](CC5)[C@H](C)c6ccccc6,-4.038,38,-0.10626315789473685
FC(F)(F)c(c1)cc(N)cc1-c(c(o2)-c(o3)ncc3C)c(c24)c(ncn4)N[C@H](C)c5ccccc5,-4.038,35,-0.11537142857142858
Cc1ccnn1-c(o2)c(-c(cc3)ccc3C)c(c24)c(ncn4)N[C@H](C)c5ccc(C)cc5O,-4.038,33,-0.12236363636363637
COc1cccc(c1)-c(cc2C3CC3)cc(c24)ncnc4N[C@H](C)c5cn(C)cc5C,-4.037,31,-0.1302258064516129
CN(C)c1ccc(cn1)-c2cnc(NCC(=O)[C@H]([NH3+])CO)nc2-c3ccncc3Cl,-4.037,30,-0.13456666666666667
CN(C)C(=O)[C@@H](C)NC(=O)Nc1ccccc1-c(c(c2)OC)cc(c23)ncc4c3cc(nc4N)-c5ccc(F)cc5,-4.036,41,-0.09843902439024389
COc1cccc(c1)-c(c2)c(cc(c23)c(ncn3)NCC(=O)N)-c4cccccc4=O,-4.036,31,-0.13019354838709676
c1ccccc1-c(c(c2)OC)cc(c23)ncc4c3cc(nc4N)-c5cn(cn5)C(=O)C,-4.036,31,-0.13019354838709676
Cc1ccc(cc1)[C@H](N)Nc(nc2)nc(c23)nc(-c4cc(C)n(n4)C)c(c3)-c5nccn5C,-4.036,33,-0.12230303030303029
CCc1ccc(cc1)-c2cnc(NC)[nH+]c2NC(F)(CC)CC,-4.035,23,-0.17543478260869566
CCc(c1)c(OC)cc(c12)c(c(C#N)c[nH+]2)N[C@H](C)c3cccc(c3)[C@H](C)CO,-4.035,29,-0.13913793103448277
CN(C)C(=O)C#CCn1c(=O)c(-c2ccccn2)c(C)c(c13)cnc(n3)N[C@@H]4CC[N@@H+](C)CC4,-4.035,34,-0.1186764705882353
c1ccccc1-c2cc(-c(cc3)ccc3OC)nc(n24)c(C(=O)N)c(n4)NC(=O)c5cccc(c5)C(C)C,-4.035,38,-0.1061842105263158
c1cnccc1-c(c(c2)OC)cc(c23)ncc4c3cc(nc4N)-c5cnn(C)c5C,-4.034,30,-0.13446666666666665
n1ccncc1-c(c(c2)OC)cc(c23)ncc4c3cc(nc4N)-c5ccc(C)cc5O,-4.034,31,-0.13012903225806452
CCCNc(nc[nH+]1)c(c12)cc(c(c2)OC)-c3ccccc3F,-4.033,23,-0.17534782608695654
CC(=O)Nc(c1)cccc1-c(c(c23)c(ncn2)NCCOC)cc(c3)-c4ccccc4,-4.033,31,-0.1300967741935484
COc1ccc(cc1)-c2cc(nc(n2)C)Nc3ncc(s3)-c4ccn(c4)[C@H](C)C(=O)N,-4.033,31,-0.1300967741935484
Cc1nc(C)sc1-c(cc2C)nc(n2)NCC[NH+]3CCN(CC3)CCn4ccnc4,-4.032,30,-0.1344
Fc1ccccc1-c2cc(-c(c3)cccc3C)cc(c24)ncnc4N[C@H](C)c5cccc(c5)[C@H](N)C(=O)CO,-4.031,39,-0.10335897435897436
Cc1ccccc1-c(cn2)c(n23)nc(cc3NCCO)-c(cc4)cc(c45)nccc5,-4.031,30,-0.13436666666666666
Cn1c(C)[nH+]c(C)c1-c(c[nH+]c2NC)c(n2)NCCc3ccccc3,-4.03,25,-0.1612
Cc1ccc(cc1)C[N@H+](C)CC[N-]c(n2)c(C(=O)N)c(n23)nc(-c4cnn(C)c4)cc3-c5ccccc5,-4.03,37,-0.10891891891891893
CCNc1ncc(-c2noc(C)c2C)c([nH+]1)N[C@H](C)c3ccc(C)cc3,-4.029,26,-0.15496153846153846
c1nc(C)ccc1-c(c(c2)OC)cc(c23)ncc4c3cc(nc4N)-c5ccccc5O,-4.029,31,-0.12996774193548385
CCn1cc(c(n1)C)-c2cnc(-c3ccncc3)nc2N[C@H](C)c4ccc(C(F)(F)F)cc4N,-4.029,34,-0.1185
c1ccccc1Nc(cc(c23)c(c(C#N)cn2)NC(=O)C)c(c3)-c4ccc(=O)n(C)c4,-4.029,31,-0.12996774193548385
CCNc([nH+]1)nc(NCCC)c(c12)nc(cc2)-c3ccccc3,-4.029,23,-0.17517391304347826
COC(=O)Cn1ccc(cc1=O)-c(c2)c(N[C@H](C)c3ccc(C)cc3)cc(c24)c(c(cn4)C#N)NC[C@H](O)c5ccccc5,-4.029,44,-0.09156818181818181
c1cc(F)ccc1Nc(cc(c23)c(NC)c(C#N)c[nH+]2)c(c3)-c4ccnc(c4)C[NH+](C)C,-4.028,32,-0.125875
CCCn1cc[nH+]c1-c(cc2)cc(c23)ncnc3N[C@H](C)c4cc(N)cc(c4)CC(F)(F)F,-4.026,33,-0.122
c1ccccc1[C@H](C)Nc(ncn2)c(c23)c(-c4cccc(C(F)(F)Cl)c4)c(o3)-c5cccc(c5)[C@H](O)C(=O)[O-],-4.026,39,-0.10323076923076922
COc(c1)c(OC)ccc1-c2cc(-c(cc3)ccc3OCC)cc(c24)cnc(n4)NC[C@H](CO)Sc5ccc(C)c(N)c5,-4.026,43,-0.09362790697674418
FC[C@@H](F)Nc(nc[nH+]1)c(c12)cc(c(c2)OC)-c3cncc(c3)C(=O)N(C)C,-4.026,28,-0.14378571428571427
Cc(c1)cccc1CC(=O)c(c(c2)-c(cc3)ccc3C)cc(c24)oc(n4)N5CCOCC5,-4.026,32,-0.1258125
c1cnccc1-c(c(c2)-c(c3C)nn(C)c3C)nc(c24)nc(nc4)NCCN5CCC[C@@H]5C,-4.026,33,-0.122
c1cc([NH3+])ccc1[C@H](C)Nc(n2)c(nc(nc3)NC4CC4)c3c(c25)ccc(c5)-c6cnn(c6)CC(=O)N,-4.025,37,-0.1087837837837838
COc1cccc(c1)Cc(c2)c(-c3ccn(c(=O)c3)CC(=O)N(C)C)cc(c24)c(ncn4)N[C@H](C)c5cccc(c5)C(F)(F)C,-4.025,45,-0.08944444444444445
CC(C)(O)c(c1)cc(cc1C)[C@H](C)Nc(n2)c(nc(nc3)NC4CC4)c3c(c25)ccc(c5)-c6cccc(=O)cc6,-4.025,40,-0.100625
c1c[nH+]ccc1-n2c(=O)c(-c3sccc3F)c(C)c(c24)cnc(n4)N[C@H](C)c5ccccc5,-4.025,33,-0.12196969696969698
CNC(=O)c1ccc(cc1)[C@H](C)Nc2ncc(-c3ccc(OC)c(c3)OC)c(n2)-c4cccnc4,-4.025,35,-0.115
[NH-]C(=O)C(=O)n1ccc(c1)Nc2ncc(-c3ccc(F)cc3)c(n2)NCc4ccccc4,-4.025,32,-0.12578125
c1cc(C)ccc1CNc([nH+]c2NCC)ncc2-c3ccc(C)cc3,-4.024,25,-0.16096
CN(C)Cc1ccc(cc1)-c(c2)c(-c3ccccc3)nc(c24)nc(nc4)NCc5cccc(C(F)(F)F)c5,-4.023,38,-0.10586842105263157
Clc(c1)cccc1Oc(c(c2)OC)cc(c23)c(\[nH]cn3)=N\C(=O)c4ccc(C(F)(F)F)cc4,-4.023,33,-0.1219090909090909
Cc1cccc(c1)-c(c2)c(S(=O)(=O)C(C)(C)C)cc(c23)c(ncn3)Nc(c4)[nH+]cc(c45)cccc5,-4.023,35,-0.11494285714285714
NCc1ccc(cc1)CCc(cc2)cc(c23)ncnc3NCCc4ccc(F)cc4,-4.022,30,-0.13406666666666667
C[N@H+]1CC[C@@H](CC1)Nc2nc(-c3cccnc3)ncc2-c4ccccn4,-4.022,26,-0.1546923076923077
CC(=O)N(CC1)CCC1Oc(c(c2)OC)cc(c23)c(nc[nH+]3)N[C@H](C)c4cc(N)cc(C(F)(F)F)c4,-4.022,36,-0.11172222222222222
COCC(C)(C)Nc(ncn1)c(c12)c(-c(cc3)cc(c34)n(cn4)C)cc(c2)-c5ccccn5,-4.021,33,-0.12184848484848484
Cc1cccc(c1)C[C@H](C)Nc(nc[nH+]2)c(c23)cc(c(c3)[C@H](O)c4ccc(C(F)(F)F)cc4)-c5cnn(c5)CC(=O)N(C)C,-4.021,44,-0.09138636363636364
O=c(c1)n(C)ccc1-c(c(c2)OC)cc(c23)c(nc[nH+]3)NCC(=O)Nc4cccc(C(F)(F)F)c4,-4.021,35,-0.11488571428571429
Cc1ccc(cc1C)-c(o2)c(-c3ccccc3)c(c24)c(ncn4)N[C@H](C)c5ccc(C(C)(C)O)cc5,-4.021,36,-0.11169444444444444
C[NH+](C)C[C@@H](N)c(nc1)ccc1-c(o2)c(-c3cn(C)nc3C)c(c24)c(ncn4)N[C@H](C)c5cccc(c5)C(F)(C)C,-4.02,41,-0.09804878048780487
c1c[nH+]ccc1-c2cc(C)nc(n23)c(C(=O)N)c(n3)N[C@@H]4CC[N@H+](C)C4,-4.019,26,-0.15457692307692308
CNc1ncc(c([nH+]1)NCCO)-c2cccc(F)c2,-4.019,19,-0.2115263157894737
Clc1ccc(cc1C)-c(cn2)c(n23)nc(nc3NC(F)(F)CO)-c4ccc(C(F)(F)F)cc4,-4.019,33,-0.12178787878787879
n1cccc(c12)cc(cc2)-c(c(c3)-c4ccccc4)cc(c35)oc(n5)N6CCOCC6,-4.019,31,-0.12964516129032258
c1cccc(c12)c(N[C@](C)(CC)CO)nc([nH+]2)-c3cccc(F)c3,-4.019,24,-0.16745833333333335
CC(=O)NCCc1cnc(-c2cccnc2)nc1NC(=O)N3CCC[C@@H](C3)Cc4cccc(F)c4,-4.019,35,-0.11482857142857143
Cc1cc[nH+]c(c1)-c(c2)c(S(=O)(=O)C(C)(C)C)cc(c23)c(ncn3)N[C@H](C)c4cc(N)cc(C(F)(F)F)c4,-4.018,38,-0.10573684210526316
Cc1cccc(c1)[C@H](C)Nc(n2)c(nc(nc3)NC4CC4)c3c(c25)ccc(c5)-c6cc(C)c(=O)n(c6)CC(=O)N(C)C,-4.018,42,-0.09566666666666666
Cc1ccc(cc1)-c(c2)c(-c3ccccn3)nc(c24)nc(nc4)NC[C@H](C)N5CCCC5,-4.018,32,-0.1255625
Oc(c1)c(O)ccc1-c(n2)nc(-c(n3C)cccc3=O)c(c24)cc(cc4)-c5cc[nH]c(=O)c5,-4.017,33,-0.12172727272727274
C[NH+](C)Cc(c1)cccc1-c(c(c2)-c(cc3)ccc3C)cc(c24)nc(n4C)N5CCOCC5,-4.017,33,-0.12172727272727274
CCNc1ncc(-c2ccc(cn2)N(C)C)c([nH+]1)NCc3cc(C)cc(C)c3,-4.017,28,-0.14346428571428574
CC(C)c1cccc(c1)NC(=O)Nc(nc(n2)-c3ccc(F)cc3)n(c24)ncc4-c5cccc(O)c5,-4.017,36,-0.11158333333333334
Oc1ccccc1-c(n2)cc(N[C@@H](C)c3cc(N(C)C)cc(C(F)(F)F)c3)n(c24)ncc4-c5ccc[nH+]c5N(C)C,-4.017,41,-0.09797560975609756
c1ccccc1CCNc([nH+]c2NCC)ncc2-c3cc(Cl)ccc3OC,-4.017,27,-0.1487777777777778
CNc1nc(ncc1C)NC(=O)[C@@H]2CC(=O)N(C2)c3ccc(C)cc3C,-4.016,26,-0.15446153846153846
Cc1cccc(c1)-c(c2)c(-c3cccc(C(=O)[O-])c3)cc(c24)n(C)c(n4)N5CCOCC5,-4.016,32,-0.1255
COc1ccc(cc1OC)-c(n2)c(-c3ccccc3)cc(c24)cnc(n4)NCCN5CCCC5,-4.016,34,-0.11811764705882354
Cc1cccc(c1)Nc2nc(NCc3cc(C)ccc3C)[nH+]cc2-c4cccc(C)c4,-4.016,31,-0.1295483870967742
COc1ccc(cc1OC)-c2cnc(s2)Nc3cc(nc(n3)C)-c4cccc(c4)N(C)C,-4.016,32,-0.1255
Cn1[nH]ccc\1=N/c(n2)c(C(=O)N)c(n23)nc(-c4cccnc4)cc3-c5cccnc5,-4.015,31,-0.12951612903225806
CCc1ccc(cc1)[C@H](C)Nc(nc2)nc(c23)c(cc(c3)-c4cccnc4)-c5ccc(C(=O)NC(=O)C)c(c5)COC,-4.014,42,-0.09557142857142857
Cc1nocc1-c(c2)c(-c3ccc(c(O)c3)C[NH+](C)C)cc(c24)ncnc4N[C@@H]([C@H](C)O)c5ccccc5,-4.013,38,-0.10560526315789473
Cc1ccc(cc1)[C@H](C)Nc(ncn2)c(c23)c(-c4ccc(F)cc4)cc(c3)C5=CN=C[C@H](C)N5C,-4.013,35,-0.11465714285714286
Clc(c1)cccc1[N@H+](C2)C[C@H]2[C@H](C)Nc(ncn3)c(c34)c(cc(c4)-c5cccnc5)-c6c[nH+]c([C@H](C)N(C)C)cc6N7CCCC7,-4.013,46,-0.08723913043478261
c1cccc(c12)OC(=C/C(=O)NC2=O)\c(c(c3)OC)cc(c34)ncc5c4cc(nc5N)-c6ncncc6C,-4.012,38,-0.10557894736842104
CCOc1nc(cs1)-c2cnc(-c3cccs3)nc2N[C@H](C)c4ccc(N)cc4OC,-4.012,31,-0.12941935483870967
Cc1cccc(c1)[C@H](C)Nc(ncn2)c(c23)ccc(c3)-c(n4)n(C[C@H](F)N(C)C)c(c45)c[nH+]cc5,-4.011,35,-0.11460000000000001
Cn1nc(C)nc1-c(c2)c(cc(c23)c(NC)c(C#N)c[nH+]3)N[C@H](C)c4cccc(C)c4,-4.01,31,-0.1293548387096774
Cc1cccc(c1)[C@H](C)Nc(ncn2)c(c23)c(cc(c3)-c4ccon4)-c5ccnc(n5)C,-4.009,32,-0.12528125
CC(=O)Nc1cccc(c1)-c(c(c23)c(nc[nH+]3)NCCO)cc(c2)-c4nnccc4C,-4.009,31,-0.1293225806451613
C1COCCN1c(n2)n(C)c(c23)cc(-c4ccn(C(=O)N)c(=O)c4)c(c3)-c5cc(F)ccc5F,-4.009,34,-0.11791176470588237
COc1ccc(cc1O)-c(cc2)cc(c23)c(-c4ccc(C)cc4)nc(n3)-c5cccc(c5)[C@H](N)C(=O)C,-4.009,37,-0.10835135135135136
CN(C)Cc(ccn1)cc1-c2nc(-c(c3)cccc3C)nc(c24)ccc(c4)-c5ccc(O)cc5,-4.008,34,-0.11788235294117647
CCNc1ncc(-c2nnoc2C)c([nH+]1)NCc3ccc(OC)cc3,-4.007,25,-0.16027999999999998
Cc1ccc(cc1)[C@H](C)Nc(ncn2)c(c23)c(-c4cncn4C)cc(c3)-c5cnn(c5)CC(=O)N,-4.007,35,-0.11448571428571427
C[NH+](C)Cc(c1)cccc1-c(c(c2)-c(c3)cccc3C)cc(c24)n(C)c(n4)N5CCOCC5,-4.007,33,-0.12142424242424242
Cc1ccc(cc1)[C@H](C)Nc(ncn2)c(c23)c(c(o3)-c4cccnc4)-c5ccc(nc5)CN(C)C,-4.007,35,-0.11448571428571427
Cn1c(C)nc(C)c1-c(c[nH+]c2NC)c(n2)NCCc3ccccc3,-4.006,25,-0.16024000000000002
CC(=O)Nc1cccc(c1)-c(nc2NCCO)[nH+]c(c23)cccc3,-4.004,24,-0.1668333333333333
Cc1cccc(c1)CNc2ncc(-c3ccc(=O)n(C)c3)c([nH+]2)N[C@H](C)c4cccc(C)c4,-4.003,33,-0.1213030303030303
Cc(c1)cccc1[C@@H](C)Nc(n2)nc(NCCC)c(c23)nc(cc3)-c4cccc(n4)C(=O)CN(C)C,-4.003,36,-0.11119444444444444
C1OCC[C@H]1Nc(nc2)nc(c23)c(-c(c4)[nH+]cn4CCC)cc(c3)-c5cccnc5C(=O)Nc6cccnc6,-4.002,39,-0.10261538461538461
c1ccccc1-c(c(c2)OC)cc(c23)ncc4c3cc(nc4N)-c5cnn(C)c5,-4.002,29,-0.13799999999999998
O=C([O-])c(c1)cccc1-c(c(c2)OC)cc(c23)ncc4c3cc(nc4N)-c5cnn(C)c5C,-4.002,33,-0.12127272727272727
C[NH+](C)Cc1cccc(c1)-c(c2)c(-c3ccc(C(=O)N)cc3)cc(c24)n(C)c(n4)N5CCOCC5,-4.002,35,-0.11434285714285713
Cn(c1)ncc1-c(c(c2)OC)cc(c23)ncc4c3cc(nc4N)-c5cncc(c5)C6CC[NH2+]CC6,-4.001,35,-0.11431428571428573
Cc1ccc(C)c(c1)CNc(n2)c(nc(nc3)NC4CC4)c3c(c25)ccc(c5)-c6cccc(=O)cc6,-4.001,36,-0.1111388888888889
Cc1cc(C(=O)N(C)C)cc(c1)-c(cc2)cc(c23)nc(N[C@H](C)c4ccc(C(F)(F)F)c(N)c4)c5c3cnc(n5)NC6CC6,-4.001,44,-0.09093181818181818
C[NH+](C)CCNc(ncn1)c(c12)c(-c3cnc(s3)N)cc(c2)-c4cnc(=O)n(C)c4,-4.0,30,-0.13333333333333333
Fc(c1)cccc1-c(cc2C)nc(n2)NCCN3CCN(CC3)CCn4cc[nH+]c4,-3.999,30,-0.1333
Cc1cccc(c1)-c(c2)c(-c3ccc(cc3)C(=O)N(C)C)nc(c24)nc(nc4)NCOCc5ccc(C(F)(F)F)cc5,-3.999,42,-0.09521428571428572
C[N@H+]1CC[C@@H](CC1)Nc(nc2)nc(c23)nc(c(c3)-c4ccccc4F)-c5cnn(c5)-c6ccc(F)cc6,-3.999,37,-0.10808108108108108
COc(c1)c(OC)cc(c12)c(ncn2)NC(=O)c3cc(N)ccc3[C@H](C)OC,-3.999,28,-0.14282142857142857
Cc1cccc(c1)N[C@H](C)Nc2nc(-c3cccnc3)[nH+]cc2-c4cnn(C)c4,-3.999,29,-0.13789655172413792
Cn1ccc(c1)-c(cc2)cc(c23)c(-c4ccccnc4=O)nc(n3)-c5ccccc5,-3.998,30,-0.13326666666666667
Cc1ccc(C)c(c1)-c(cc(n2)C)n(c23)nc(c3C(=O)N)[N-]Cc4cccc[nH+]4,-3.998,29,-0.13786206896551725
c1ncc(=O)ccc1-c(cc(c23)c(ncn2)NC(C)C)c(c3)-c4ccnn4Cc5ccccc5,-3.998,34,-0.11758823529411766
n1occc1-c(n2)cc(nc2C)Nc3ncc(s3)-c4cccnc4,-3.998,24,-0.16658333333333333
n1cc(C)cnc1Nc(nc2NC)[nH+]cc2-c3cccc(F)c3,-3.997,23,-0.17378260869565218
COc1cccc(c1)-c2cnc(s2)Nc3cc(nc(n3)C)-c4ccon4,-3.996,26,-0.15369230769230768
CCCC[N@H+]1CC[C@@H](C1)Nc2[nH+]c(NCc3ccccc3)ncc2-c4cccc(F)c4,-3.995,31,-0.1288709677419355
COc1ccc(cc1OC)-c2cnc(NCc3ccc(C)cc3)nc2-c4ccc(cc4)CN(C)C,-3.994,35,-0.11411428571428572
C1CCCn(c12)c(nn2)-c(c(c3)OC)cc(c34)c(ncn4)N[C@H](C)c5ccc([NH3+])cc5[C@H](C)O,-3.993,34,-0.11744117647058823
Cc1ccc(cc1)-c(cc2)cc(c23)c(C(=O)c4ccccc4)nc(n3)-c5ccc(=O)n(C)c5,-3.993,33,-0.121
CC(C)[C@@H](C)N(CC1)c(c12)cc(cc2)[C@@H](C)Nc(ncn3)c(c34)c(-c(cc5CO)ccc5OC)cc(c4)-c6cccn(c6=O)CC[NH+](C)C,-3.992,49,-0.08146938775510204
CCOc1nc(cs1)-c2cnc(-c3ccccn3)nc2N[C@@](C)(CO)[C@H](C)c4ccccc4,-3.992,33,-0.12096969696969696
CC(=O)c1cc(N)cc(c1)[C@H](C)Nc2nc(-c3cccc(Cl)c3)ncc2-c4cccc(C#N)c4,-3.992,34,-0.11741176470588235
OCCn(c1)c(=O)ccc1-c(c(c2)OC)cc(c23)ncc4c3cc(nc4N)-c5ccncc5,-3.991,33,-0.12093939393939394
C1OCCC[C@H]1NC(=O)Nc(ncn2)c(c23)c(-c4ccccn4)c(o3)-c5ccccc5,-3.99,31,-0.12870967741935485
OCc1cncc(c1)-c(c2)c(-c3ccccc3)cc(c24)oc(n4)N5CCOCC5,-3.989,29,-0.13755172413793104
CNC(=O)Cn1ccnc1-c(cc2)cc(c23)nc(c4c3cncn4)NCCCN5CCOCC5,-3.989,34,-0.1173235294117647
O=C([O-])Cn1c(C)[nH+]cc1-c(c2)cc(-c3c(C)n(C)nc3C)c(c24)c(ncn4)N[C@H](C)c5ccc(C(F)(F)F)cc5N,-3.989,42,-0.09497619047619048
CCOc1ccc(cc1C(=O)[O-])-c(c2)nc(N)c(c23)cnc4c3cc(OC)c(c4)-c5ccncc5,-3.989,35,-0.11397142857142857
[O-]c1ccc[nH+]c1-c(cnc2NC(C)C)c(n2)-c3ccccc3F,-3.988,24,-0.16616666666666666
Cc1c(C)nncc1-c(c[nH+]c2NC)c(n2)N[C@H](C)c3ccccc3,-3.987,25,-0.15948
Cn1c(C)ncc1-c(cn2)c(n23)nc(CCOC)cc3NC(=O)Nc4cccc(c4)C(C)C,-3.987,33,-0.12081818181818182
NC(=O)c(c1)cccc1-c(o2)c(-c(c3)cc(OC)cc3OC)c(c24)c(ncn4)N[C@H](C)c5cccc(C)c5,-3.986,38,-0.10489473684210526
CC(=O)NC(=O)c1cccc(c1)-c(cc(c23)cnc(n3)NC(C)C)cc2-c4cccc(c4)NC(=O)C,-3.986,36,-0.11072222222222222
C1NCC[C@H]1Nc2nc(-c(cc3)ccc3NC)nc(n24)c(cn4)-c5ccccc5,-3.985,29,-0.13741379310344828
c1cc(Cl)ccc1-c(cc2C)nc(n2)NCC[NH+]3CCN(CC3)CCn4ccnc4,-3.985,30,-0.13283333333333333
COc1cccc(c1)-c(cc2)nc(c23)c(nc(n3)NCC[NH3+])Nc4ccnnc4,-3.983,29,-0.1373448275862069
Cc1cc(on1)-c2cc(nc(n2)C)Nc3ncc(s3)-c4cccc(F)c4,-3.983,26,-0.15319230769230768
CC(=O)Nc1cccc(c1)C(=O)Nc2ncc(-c3ccccn3)c(n2)-c4ccc(C)cc4,-3.982,32,-0.1244375
Cc(c1)cccc1CNc(nc2NC)[nH+]cc2-c3ccn(C(C)C)c(=O)c3,-3.982,27,-0.1474814814814815
COc1cccc(c1O)-c(c2)c(-c3ccc(C)cc3Br)nc(c24)nc(nc4)NCC[NH3+],-3.982,31,-0.12845161290322582
COc1ccc(cc1)CNc2[nH+]c(N[C@H](C)c3ccc(o3)C)ncc2-c4ccc(nc4)[C@@H]5CCC[N@@H+](C5)CC(=O)N,-3.981,41,-0.09709756097560976
COc1cccc(c1)-c(cc(c2)CC[NH+](C)C)c(c23)c(ncn3)N[C@H](C)c4cn(C)cc4C,-3.981,33,-0.12063636363636364
NC(=O)CNc(n1)c(C(=O)N)c(n12)nc(-c(cc3)ccc3OC)cc2-c4ccc(Cl)cc4,-3.981,32,-0.12440625
c1cc(F)ccc1-c(c(c2)NC[C@H](C)[NH3+])cc(c23)ncc(C#N)c3NCCO,-3.978,28,-0.14207142857142857
C1CC1Nc(n2)ncc3c2c(nc(c34)cc(cc4)-c(c(c5C)C(=O)N)cn5C)N[C@H](C)c6cccc(c6)[C@H](C)O,-3.978,40,-0.09945000000000001
CCOc1nc(cs1)-c2cnc(-c3cccc(c3)N(C)C)nc2NC(=O)Nc4cccc(C)c4C,-3.977,35,-0.11362857142857143
COc1ccccc1-c(c2)c(-c3cccc(F)c3)cc(c24)nc(o4)N5CCOCC5,-3.975,30,-0.1325
n1ccncc1-c(n2)cc(nc2C)Nc3ncc(s3)-c4ccc(F)cc4,-3.974,26,-0.15284615384615385
Clc(c1)cccc1Cc2cc(C)nc(n23)c(C(=O)N)c(n3)N[C@H](C)c4ccc([NH3+])cc4,-3.974,31,-0.1281935483870968
COC(=O)c1ccc(cc1)-c(c2)c(OC)cc(c23)c4c(cn3)c(N)nc(c4)-c5cnco5,-3.974,32,-0.1241875
COc1ccccc1-c(c2)c(OC)cc(c23)c4c(cn3)c(N)nc(c4)-c5ccc(CO)cc5,-3.973,33,-0.12039393939393939
OCCNc(nc1)nc(c12)c(-c(cc3)ccc3C)cc(c2)-c4cccnc4C(=O)Nc5cccnc5,-3.973,36,-0.1103611111111111
Cn(c1)ccc1-c(c2)ccc(c23)nc(-c(cc4)ccc4C)nc3-c5cccc(c5)C(=O)N(C)C,-3.972,34,-0.1168235294117647
n1cccnc1-c(c(c2)OC)cc(c23)c(ncn3)Nc4ccccc4C(=O)N,-3.972,28,-0.14185714285714285
c1ccccc1CNc(nc2N[C@@](C)([NH3+])CC)[nH+]cc2-c3cccc(Cl)c3,-3.971,27,-0.14707407407407408
Cc1cc(C)c(c(C)c1)[C@H](CO)Nc(n2)c(nc(nc3)NC4CC4)c3c(c25)ccc(c5)-c6conc6C,-3.971,37,-0.10732432432432433
COc1ccc(cc1)-c(o2)c(c(c23)c(ncn3)NCCO)-c4cc(N)cc(C(F)(F)F)c4,-3.97,32,-0.1240625
CC(C)(O)c(cc1)ccc1-c(n2)ccc(c23)[nH+]c(NCC)nc3N[C@H](C)c4cc(N)cc(C(F)(F)F)c4,-3.97,37,-0.1072972972972973
CC(C)([NH3+])CNc(ncn1)c(c12)c(-c3cccc(Cl)c3)c(o2)-c4cccc(F)c4,-3.969,29,-0.13686206896551723
NC(=O)[C@@H]1CC[NH2+][C@@H](C1)Nc(ncn2)c(c23)c(-c4ccccn4)cc(c3)-c5cccnc5,-3.968,32,-0.124
COc1cccc(c1C)-c(c2)c(-c3ccco3)nc(c24)nc(nc4)NCCN5CCC[C@@H]5C,-3.968,33,-0.12024242424242425
Cc(c1)cncc1-c(c(c2)OC)cc(c23)ncc(C#N)c3N[C@H]([NH3+])c4cc(C)cc(C(F)(F)F)c4,-3.968,35,-0.11337142857142857
c1cc(Cl)ccc1-c(cc2)cc(c23)c(-c(n4C)c[nH+]c4C)nc(n3)-c5c[nH]ccc5=O,-3.967,31,-0.12796774193548388
Fc(c1)cccc1-c2cc(-c(cc3)ccc3OC)nc(n24)c(C(=O)N)c(n4)NCCC(=O)N,-3.967,33,-0.12021212121212121
COc1cccc(c1)-c(n2)c(-c3ccc(=O)n(C)c3)cc(c24)cnc(n4)NC5CCCCC5,-3.967,33,-0.12021212121212121
CC(C)c1ccc(cc1)[C@H](C)Nc(cc(n2)-c3cccc(F)c3)n(c24)ncc4-c5ccccc5Cl,-3.966,35,-0.11331428571428571
COc1ccc(cc1OC)-c2cnc(NCC(=O)N)nc2-c3cccs3,-3.965,26,-0.1525
Cc1n(C)nc(C)c1-c2cc(-c(cc3C=C)n(c3)C(=O)[C@H](C)O)cc(c24)ncnc4N[C@@H]5CCN(C5)c6cccc(C(F)(F)F)c6,-3.965,46,-0.08619565217391303
s1cccc1-c2cnc(nc2NCOC)N/C(=C/C=C\C3(C)C)/C=C(C)\CNC3=O,-3.965,30,-0.13216666666666665
O[C@H](C1)CCN1c(c2)cccc2-c3cc(-c(cc4)ccc4OCC)cc(c35)cnc(n5)N[C@H](C)c6ccc(C(F)(F)F)cc6N,-3.964,45,-0.08808888888888888
Cc1ccc(cc1)[C@H](C)Nc(nc[nH+]2)c(c23)ccc(c3)-c4cccnc4,-3.964,26,-0.15246153846153845
Cc1ccc(cc1)CNc2ncc(-c3ccccc3)c([nH+]2)N[C@@H]4CCOC4,-3.963,27,-0.14677777777777778
C[C@H](O)c1ccccc1-c2cnc(-c3cccc(c3)C(=O)N)nc2N[C@H](C)c4ccccc4,-3.963,33,-0.1200909090909091
CC(C)Cn(n1)ccc1-c(c(c2)OC)cc(c23)ncc(C#N)c3N[C@H](C)c4ccc(cc4)[C@H](C)OC,-3.963,36,-0.11008333333333334
COc1cccc(c1)-c(cc2)nc(c23)c(nc([nH+]3)NCC[NH3+])Nc4ccnnc4,-3.963,29,-0.1366551724137931
CC(=O)Nc(c(C#N)cn1)c(c12)cc(NCC[NH3+])c(c2)-c3ccc(C)nc3,-3.962,27,-0.14674074074074075
FC(F)(F)c(c1)cccc1[C@H](C)NC(=O)Nc(nc2)nc(c23)c(-c4ccc(CO)cc4)cc(c3)-c5ccccc5,-3.961,40,-0.099025
Fc1ccccc1-c(n2)cc(nc2C)Nc3ncc(s3)-c4ccccc4CN5CCOCC5,-3.961,33,-0.12003030303030303
COc1cccc(c1)-c(c2C)c(=O)n(-c(c3)c(Br)cc(c34)OCC[N@@H+](C)C4)c(c25)nc(nc5)N[C@H](C)c6cc(C)c(N)cc6C(F)(F)F,-3.961,48,-0.08252083333333333
COc(c1)c(O)ccc1-c(cnc2NC)c([nH+]2)NCc3c(C)cccc3C,-3.96,27,-0.14666666666666667
Cc1ccc(nn1)-c2ncc(-c3ccccc3[C@H](C)O)c(n2)N[C@H](C)c4cc(N)cc(C(F)(F)F)c4,-3.96,36,-0.11
c1ccccc1-c2nc(-c(c3)cccc3C(=O)N)nc(c24)ccc(c4)-c5ccc(O)cc5,-3.959,32,-0.12371875
n1cn(C)c(c12)nc(-c(ccn3)cc3C)nc2NC(=O)c4ccc(c(F)c4)N5CCCC5=O,-3.959,33,-0.11996969696969698
Cc1cc(C)c(c(C)c1)[C@H](CO)Nc(n2)c(nc(nc3)NC4CC4)c3c(c25)ccc(c5)-c6ccc(=O)n(C)c6,-3.958,39,-0.10148717948717949
Fc1ccccc1-c2cc(-c3[nH+]ccn3CC)cc(c24)ncnc4NC(C)(C)CO,-3.958,30,-0.13193333333333335
Cn1ccc(cc1=O)-c(c2)c(-c3ccccc3)cc(c24)n(C)c(n4)N5CCOCC5,-3.958,30,-0.13193333333333335
CN(C)c1ccc(C(F)(F)F)cc1[C@H](C)Nc(nc2)nc(c23)c(-c4ccn(n4)C)cc(c3)-c5ccc(cc5)CC(=O)N(C)C,-3.958,44,-0.08995454545454545
Cn1c(C)ncc1-c(n2)cc(nc2C)Nc3ncc(s3)-c4cccnc4,-3.958,26,-0.15223076923076923
CCn1cc(C)c(cc1=O)-c(c2)c(OC)cc(c23)c(c(cn3)C#N)N[C@H](C)c4cccc(c4)[C@H](C)O,-3.957,36,-0.10991666666666666
OC[C@@H](C)Nc(c(C#N)c[nH+]1)c(c12)cc(NC3CCCC3)c(c2)-c4ccccc4,-3.956,29,-0.13641379310344828
C1COCCN1c(n2)n(C)c(c23)cc(-c4ccc(CO)cc4)c(c3)-c5ccccc5F,-3.955,31,-0.12758064516129033
Cc1ccc(cc1)[C@H](C)Nc(ncn2)c(c23)c(-c4coc(C(=O)[O-])c4)cc(c3)-c5cccnc5,-3.954,34,-0.11629411764705883
c1ncccc1-c2cnc([nH+]c2NCC)NCc3cccc(c3)OC,-3.954,25,-0.15816
OCC[N@H+]1CC[C@@H](CC1)Nc(c(c23)cccc3)nc(n2)-c(on4)c(c45)cccc5,-3.954,29,-0.1363448275862069
Cc1cccc(c1)[C@H](C)Nc(nc2)nc(c23)c(cc(c3)-c4ccc(F)cc4F)-c5cc(C(=O)[O-])cc(c5)N6CC[C@H](C(=O)N(C)C)C(=O)NC6=O,-3.953,51,-0.07750980392156863
Cc1cccc(c1)-c(o2)c(c(c23)c(ncn3)NC[C@H](C)[NH3+])-c4cccc(Br)c4,-3.953,28,-0.14117857142857143
Cc1c(N)cc([NH3+])cc1[C@H](C)Nc(n2)c(nc(nc3)NC4CC4)c3c(c25)ccc(c5)-c6cccnc6,-3.95,36,-0.10972222222222222
Cc1cccc(c1)-c(nc2NC(C)(C)C)nc(n23)c(cn3)-c4cc[nH+]cc4N,-3.949,28,-0.1410357142857143
CCOc1nc(cs1)-c2cnc(-c3ccccc3F)nc2NC[C@H](C)c4ccc([NH3+])cc4,-3.948,32,-0.123375
COc1ccccc1-c(c2)c(-c3ccncc3)cc(c24)ncnc4NCC[NH3+],-3.947,28,-0.1409642857142857
Cc1ccncc1-c2cc(-c(n3)ccn3C(=O)C(=O)NC)cc(c24)cnc(n4)N[C@@H]5CCOC5,-3.947,34,-0.11608823529411764
c1cc(C)ccc1CNc([nH+]c2NCCOC)ncc2-c3cccc(F)c3,-3.947,27,-0.1461851851851852
Fc1ccccc1-c(c(c2)OC)cc(c23)c(nc[nH+]3)NC[C@H](CO)[C@@H]4C[C@H]([NH3+])CCO4,-3.946,31,-0.12729032258064515
COc1cccc(c1)-c(nc(c23)n(cn3)C)nc2N[C@@H]4CCC[N@@H+](C4)CCN,-3.946,28,-0.14092857142857143
FC(F)(F)c(c1)cc(N)cc1-c(c(c23)c(ncn2)NC(=O)C)c(o3)-c4ccnc(c4)C(=O)N(C)C,-3.945,35,-0.11271428571428571
Fc(c1)c(F)ccc1-c(c2)c(cc(c23)c(c(C#N)cn3)NC(C)C)N[C@H](C)c4cccc(c4)C(F)(F)CO,-3.945,38,-0.10381578947368421
O=C([O-])Nc(cc1)ccc1-c2nc(-c(c3)cccc3C(=O)N)nc(c24)ccc(c4)-c5ccc(O)cc5,-3.944,36,-0.10955555555555556
c1ccccc1Nc2nc(NCc(c3)cccc3C)[nH+]c(c24)ccc(n4)-c5[nH+]ccn5C,-3.943,32,-0.12321875
CNC(=O)c1ccc(cc1)[C@H](C)Nc2ncc(-c3ccc(OC)c(c3)OC)c(n2)-c4ccc(C(=O)N)cc4,-3.942,38,-0.10373684210526317
CCNc(c(C#N)c[nH+]1)c(c12)cc(N[C@@H]3CCOC3)c(c2)-c4cccc(F)c4,-3.942,28,-0.1407857142857143
COc1ccccc1-c(c2)c(-c3cccc(c3)C[NH+](C)C)cc(c24)nc(n4C)N5CCOCC5,-3.941,34,-0.11591176470588235
CNc1nc([nH+]cc1C)NCc2cccc(C)c2CN(C)C,-3.941,22,-0.17913636363636362
Cc1cccc(c1)[C@H](C)Nc(ncn2)c(c23)c(cc(c3)-c4ccccn4)-c5cnn(c5)CC(=O)NCC(=O)N,-3.941,39,-0.10105128205128204
CC(C)(N)c(c1)cccc1[C@@H](C)Nc2nc(NCc3ccccc3C)[nH+]c(c24)ccc(n4)-c5cccc(c5)NC(C)C,-3.941,42,-0.09383333333333332
CN(C)C(=O)c(c1)cncc1-c(c(c2)OC)cc(c23)c(ncn3)N[C@@H]4CC[N@H+](CC4)Cc5ccc(C)c(C)c5,-3.94,39,-0.10102564102564103
c1ccccc1-c(c2)c(-c3cccnc3)cc(c24)nc(o4)N5CCOCC5,-3.94,27,-0.14592592592592593
CC(=O)N(C)Cc1cccc(c1)-c(cc2-c3ccc(C)[nH+]c3)cc(c24)ncnc4N[C@H](C)c5cccc(C)c5,-3.939,39,-0.101
Cn1cncc1-c(c2)c(cc(c23)c(NCC)c(C#N)c[nH+]3)NCCN(C)c4ccc(C)cc4,-3.939,33,-0.11936363636363637
Cc1c(N)cc(N)cc1[C@H](C)Nc(n2)c(nc(nc3)NC4CC4)c3c(c25)ccc(c5)-c6cccc(c6)[C@H](C)N(C)C,-3.939,41,-0.09607317073170732
Cn(c1)c(=O)ncc1-c(nc(C)c2)c(c23)nc(nc3)Nc4ccc(nc4)CN(C)C,-3.938,30,-0.13126666666666667
Fc1ccccc1-c2cc(-c3cccnc3OC)cc(c24)ncnc4N[C@H](C)c5cc(C)ccc5N(C)C,-3.937,38,-0.10360526315789473
Cc1ccc(cc1)CN(C)CCNc(n2)c(C(=O)N)c(n23)nc(-c4nccs4)cc3-c5ccncc5F,-3.937,37,-0.1064054054054054
n1cccnc1-c2c[nH+]c(nc2NC)N[C@@H]3CC[N@H+](C3)Cc4ccccc4F,-3.935,28,-0.1405357142857143
CC(C)=Nc(nc1)nc(c12)n(C)c(=O)c(c2C)-c3ccccc3,-3.934,23,-0.17104347826086957
COc1ccc(cc1)NC(=O)c2ccc(cc2)-c(c3)c(-c4cccc(c4)OC)cc(c35)ncnc5NC(=O)C,-3.933,39,-0.10084615384615384
COc1cccc(c1)-c(o2)c(c(c23)c(ncn3)NCC(C)(C)[NH3+])-c4ccnc(C)c4,-3.932,30,-0.13106666666666666
c1ccccc1-c(c2)cc(-c(cn3)ccc3COC)c(c24)c(ncn4)N[C@H](C)c5cc(N)cc(C(F)(F)F)c5,-3.932,39,-0.10082051282051283
c1ccccc1-c2cc([C@H](CC3)CC[N@@H+]3CC)nc(n24)c(C(=O)N)c(n4)NCc5ccccc5,-3.932,34,-0.11564705882352941
Clc1ccccc1CNc2ncc(-c3ncco3)c([nH+]2)NCCN4CCOCC4,-3.932,29,-0.1355862068965517
Cc1c(N)cc(N)cc1[C@H](C)Nc(n2)c(nc(nc3)NC4CC4)c3c(c25)ccc(c5)-c6ccccc6Br,-3.931,37,-0.10624324324324325
NC(=O)[C@@H](O)c1ccccc1-c(c(c2)NCC)cc(c23)[nH+]cc(C#N)c3NCCO,-3.931,30,-0.13103333333333333
c1ncccc1-c(c(c2)OC)cc(c23)ncc4c3cc(nc4N)-c5cccc(n5)N(C)C,-3.931,32,-0.12284375
Cc1nnc(CCO)cc1-c(c2)c(CCc3ccccc3)cc(c24)c(nc[nH+]4)N[C@@H]5CCCN(C5)c6ccc(C(F)(F)F)cc6,-3.93,45,-0.08733333333333333
COc1cccc(c1)-c(c2)nc(N)c(c23)cnc4c3cc(OC)c(c4)-c5cc(cc[nH+]5)[C@@H]6CCN(C)OC6,-3.93,38,-0.10342105263157896
c1c[nH+]ccc1-c2cc(C)nc(n23)c(C(=O)N)c(n3)NCC[NH+](C)C,-3.93,25,-0.1572
OC[C@@]1(O)[C@@H](O)C[N@@H+](C1)[C@H](C)c(nc(c23)n(cn3)C)nc2N[C@@H]4CCN(C4=O)c5ccccc5,-3.93,34,-0.11558823529411766
CCCn1cc(ccc1=O)-c(cc2)cc(c23)nc(NC[C@@H]4CCN(C4)C(=O)C)c5c3cnc(n5)NC6CC6,-3.929,38,-0.10339473684210526
CC(=O)Nc1cccc(c1)CNc(c(C#N)c[nH+]2)c(c23)cc(c(c3)-c4ccnn4C)NCc5ccccc5,-3.928,38,-0.10336842105263158
Cc1ccc(cc1Cl)-c(c2)c(-c3ccco3)cc(c24)oc(n4)N5CCOCC5,-3.928,28,-0.1402857142857143
Cc1ccc(cc1)CNc2[nH+]c(NCC[NH3+])ncc2-c3ccccc3C(=O)[O-],-3.928,28,-0.1402857142857143
OCCCNc1nc(NC(C)C)[nH+]c(c12)ccc(n2)-c3ccc(C(F)(F)F)cc3,-3.927,29,-0.13541379310344828
c1cnccc1-c(c2C)c(=O)n(-c(cc3)ccc3OC)c(c24)nc(nc4)N[C@@H]5CCC[N@H+](C)C5,-3.926,34,-0.11547058823529412
Cn1cc[nH+]c1-c(cc2)nc(c23)c(nc([nH+]3)NCC[NH3+])NC4CCCC4,-3.926,26,-0.151
Cc1ccc(cc1C)C(=O)Nc(c(c23)cccc3)nc(n2)-c4ccncc4,-3.926,27,-0.1454074074074074
FC(F)(F)c(c1)cc(N)cc1-c(c(c23)c(NC)ncn2)c(o3)-c4ccncc4,-3.926,28,-0.1402142857142857
COc1ccc(cc1)-c2cc(C)nc(n2)NC(=O)Nc3cccc(C(F)(F)F)c3,-3.926,29,-0.13537931034482759
C[C@H]([NH3+])c1cccc(c1)-c2ncc(-c3ccccc3[C@H](C)O)c(n2)N[C@H](C)c4ccccc4,-3.925,33,-0.11893939393939393
COc1cc(ccn1)C(=O)Nc2ncc(c(n2)-c3ccco3)-c4cccnc4,-3.925,28,-0.14017857142857143
COc1ccc(cc1O)-c(c2)nc(N)c(c23)cnc4c3cc(OC)c(c4)-c5cccc(=O)n5C,-3.924,34,-0.11541176470588235
OCc(c1)cccc1[C@H](C)Nc(c2)c(-c3cccnc3)cc(c24)[nH+]cc(C#N)c4NCCO,-3.924,33,-0.11890909090909091
CCNc(n1)c(C(=O)N)c(n12)nc(-c3ccc(CO)cc3)cc2-c4ccc(O)cc4,-3.923,30,-0.13076666666666667
CCN(C)C(=O)c1ccc(cc1OC)-c(cc(c2)-c3ccncc3)c(c24)c(ncn4)N[C@H](C)c5cc(N)cc(C(F)(F)F)c5,-3.923,44,-0.08915909090909091
COc1cccc(c1)[C@H](C)Nc(nc2)nc(c23)n(-c4ccccc4)c(=O)c(c3C)[C@@H]5CCN(C[C@@H]5O)C(=O)CN(C)C,-3.922,42,-0.09338095238095238
CCOc1ccc(cc1OC)-c(c2)c(OC)cc(c23)c4c(cn3)c(N)nc(c4)-c5ccccc5C(=O)N,-3.922,37,-0.10600000000000001
Fc(c1)cccc1-c2cc(-c3[nH+]ccn3C)cc(c24)ncnc4NCC(C)(C)[NH3+],-3.921,29,-0.13520689655172413
C1COCCN1C(=O)CNC(=O)CNc(cc(n2)-c3ccccc3F)n(c24)ncc4-c5ccc(F)c(F)c5,-3.921,38,-0.10318421052631578
Cc1cc(N)ccc1[C@H](C)Nc(n2)c(nc(nc3)NC4CC4)c3c(c25)ccc(c5)-c6ccc(=O)n(C)c6,-3.921,37,-0.10597297297297296
OCC(=O)c1ccccc1-c(o2)c(-c3ccccc3)c(c24)c(ncn4)NC5CCCC5,-3.92,31,-0.1264516129032258
FC(F)(F)c(c1)cccc1[C@H](CC)Nc(ncn2)c(c23)cc(-c4cc(OC)ccc4O)c(c3)-c5ccn(c5)CCC(=O)N(C)C,-3.92,45,-0.08711111111111111
c1cc(O)ccc1-c(cc2)nc(c23)c(NCC)nc(n3)N[C@H](C)c4ccccc4,-3.918,29,-0.13510344827586207
c1ccccc1C[N@H+]2CC[C@@H](C2)Nc(nc(n3)-c4ccsc4)n(c35)ncc5-n6cc[nH+]c6,-3.918,32,-0.1224375
CCn1cc(ccc1=O)-c(cc2)cc(c23)nc(N[C@H](C)c4ccc(C(F)(F)F)c(N)c4)c5c3cnc(n5)NC6CC6,-3.917,41,-0.09553658536585366
c1c[nH+]ccc1-n2c(=O)c(-c3ncco3)c(C)c(c24)cnc(n4)N[C@H](C)c5ccccc5,-3.917,32,-0.12240625
Cc1nccnc1-c(c(c2)OC)cc(c23)ncc(C#N)c3N[C@H](C)c4cc(C)cc(N)c4,-3.917,32,-0.12240625
COc1ccc(C(=O)N)cc1-c(cc2)cc(c23)nc(N[C@H](C)c4cc(C)cc(c4)C(C)(C)O)c5c3cnc(n5)NC6CC6,-3.917,43,-0.09109302325581395
CCCn1ncc(c1C)-c(c2)c(OC)cc(c23)c(c(cn3)C#N)NC(C)C,-3.916,27,-0.14503703703703705
Cn1c[nH+]c(c1)-c2cnc(Nc3cccc(=O)cc3)nc2-c4ccncc4,-3.916,27,-0.14503703703703705
C[NH+](C)CCNc(nc1)nc(c12)nc(-c3cccs3)c(c2)-c4cccnc4,-3.915,27,-0.145
CNc1cccc(c1)NC(=O)Nc(cc(n2)-c3ccccc3F)n(c24)ncc4-c5ccc(C)nc5,-3.915,35,-0.11185714285714286
C1CCCC1Nc([nH+]c2NC)ncc2-c3cccnc3C,-3.913,21,-0.18633333333333332
c1cnccc1-c(n2)cc(NC(=O)C[NH2+]C)n(c23)ncc3-c4cc[nH+]c(C)c4,-3.913,28,-0.13974999999999999
Cc1cn(C)c([nH+]1)-c(nc(c23)n(cn3)C)nc2NC[C@H](C)[NH3+],-3.912,22,-0.17781818181818182
[NH3+]Cc1ccc(cc1)-c(c2)c(-c3ccc(F)cc3)cc(c24)oc(n4)N5CCOCC5,-3.912,30,-0.1304
c1cnccc1-c(c(c2)OC)cc(c23)ncc4c3cc(nc4N)-c5nn(C)c(C)c5C(C)C,-3.909,33,-0.11845454545454545
Nc(c1)cccc1[C@H](C)Nc(ncn2)c(c23)cc(S(=O)(=O)C(C)(C)C)c(c3)-c4cnccn4,-3.908,33,-0.11842424242424242
CCn1nc(C)cc1-c(cc2)nc(c23)c(NCCCO)nc(n3)NCc4cccc(C)c4,-3.907,32,-0.12209375
Cc1cccc(c1)[C@H](C)Nc(ncn2)c(c23)c(cc(c3)-c4cnccn4)-c5ccnc(c5)C(=O)N(C)C,-3.907,37,-0.1055945945945946
CCn1cc(C)c(c1)-c(c2)c(OC)cc(c23)c(c(cn3)C#N)N[C@H](C)c4ccc(C)cc4C,-3.906,33,-0.11836363636363637
COc1ccc(cc1)CNc(c2)c(-c3ccccc3)cc(c24)[nH+]cc(C#N)c4NCCO,-3.906,32,-0.1220625
CC(=O)Nc1cc(O)cc(c1)-c(cc2)cc(c23)c(-c4ccc(C)cc4)nc(n3)-c5ccc(cc5)C(=O)CO,-3.905,38,-0.10276315789473683
Cc1ccc(cc1)-c(c2)c(C(C)C)cc(c23)oc(n3)N4CCOCC4,-3.904,25,-0.15616
c1cccc(c12)OC(=C/C(=O)NC2=O)\c(c(c3)OC)cc(c34)ncc5c4cc(nc5N)-c6ccno6,-3.904,36,-0.10844444444444444
FC(F)(F)c(c1)cccc1CN2CC[C@H](CC2=O)Nc3ncc(-c4ccccc4)c([nH+]3)NCc5ccccc5,-3.904,39,-0.1001025641025641
CN(C)C(=O)c(c1)cccc1-c(c(n2)-c(c3C)ccn3C)cc(c24)cnc(n4)NCCN5CCC[C@@H]5C,-3.904,37,-0.10551351351351351
CCC(F)(CC)Nc1[nH+]c(NC)ncc1-c2cccc(c2)C(=O)NCC(=O)[O-],-3.904,28,-0.13942857142857143
Cn1cccc1-c(c(c2)OC)cc(c23)ncc4c3cc(nc4N)-c5ccc(F)cc5,-3.904,30,-0.13013333333333332
c1ncccc1-c(n2)nc(NCCC)n(c23)ncc3-c4ccc(Cl)cc4,-3.904,26,-0.15015384615384614
c1ccccc1[C@H](C)Nc(nc[nH+]2)c(c23)cc(-c4ccn(n4)C)c(c3)-c5cccc(=O)o5,-3.903,32,-0.12196875
FC(F)(F)c(c1)cc(N)cc1[C@@H](C)n(c(c23)nc(nc2)NC(=O)C)c(=O)c(c3C)-c4cccc(c4)C(=O)N,-3.903,38,-0.10271052631578947
Cn(c1)c(=O)ccc1Nc2nc(NCC)nc(c23)ccc(n3)-c4ccc(C)cc4,-3.902,29,-0.13455172413793104
CC(=O)NCc1ccc(cc1)-c2cc(nc(n2)C)Nc3ncc(s3)-c4ccc(F)c(F)c4,-3.902,32,-0.1219375
n1ccncc1-c(c(c2)OC)cc(c23)ncc(C#N)c3N[C@H](C)[C@@H]4CC[N@@H+](C4)Cc5cc(C(F)(F)F)cc(C(F)(F)F)c5,-3.902,43,-0.09074418604651163
NCc(n1)cccc1-c(n2)cc(nc2C)Nc3ncc(s3)-c4ccc(F)cc4,-3.902,28,-0.13935714285714287
OCCc(c1)cccc1[C@H](C)Nc(nc[nH+]2)c(c23)ccc(c3)-c(cc4)cc(c45)OCCCO5,-3.901,33,-0.11821212121212121
COc(c1)c(N)cc(c12)c(nc[nH+]2)NCC[NH3+],-3.901,17,-0.2294705882352941
COc1cccc(c1)CNc2[nH+]c(NCC[NH3+])ncc2-c3ncccc3OC,-3.9,28,-0.1392857142857143
NC(=O)c1c(NC(C)C)nn(c12)c(-c(c[nH+]3)ccc3C)cc(n2)-c4ccccc4F,-3.899,30,-0.12996666666666667
COc1ccccc1Nc2[nH+]cc(-c3cccc(c3)C(=O)N)c(n2)NCc4cccc(C)c4,-3.899,33,-0.11815151515151515
Cn1cc(N)cc(c1=O)-c(c2)c(-c3cc(F)ccc3F)cc(c24)nc(o4)N5CCOCC5,-3.897,32,-0.12178125
Cc(c1)cccc1CNc([nH+]c2NCOC)ncc2-c3cccc(Br)c3,-3.895,26,-0.1498076923076923
Cc1ccc(cc1)-c(cc2)cc(c23)c(nc(n3)-c4ccc(C(=O)N)cc4)-c5cnn(c5)C6CCCC6,-3.895,36,-0.10819444444444444
COc1ccccc1-c(cn2)c(n23)nc(-c4ccsc4)nc3[N-]C(=O)CC[NH3+],-3.895,28,-0.13910714285714285
COc1cc(C(=O)N)cc(c1)-c(c2)nc(N)c(c23)cnc4c3cc(OC)c(c4)-c5ccncc5,-3.895,34,-0.11455882352941177
Clc1ccc(cc1C)-c(cn2)c(n23)nc(-c4ccccc4O)cc3N[C@@H]5CCC[N@@H+](C5)CC[NH+]6CCCC6,-3.894,38,-0.10247368421052631
n1ccccc1-c(o2)c(-c(cc3OC)ccc3OC)c(c24)c(ncn4)NC(=O)c5ccc(cc5)C(C)(C)c6ccccc6,-3.893,43,-0.09053488372093023
Nc(s1)ncc1-c(cn2)c(n23)nc(-c4cccc(F)c4C)cc3NC[C@@H]5CC[N@@H+](C)CC5,-3.893,32,-0.12165625
COc1ccccc1-c(c2)c(-c3ccccc3F)cc(c24)nc(o4)N5CCOCC5,-3.892,30,-0.12973333333333334
c1cccc(c12)nc(cc2)-c(cnc3NCC)c(n3)-c4ccccc4C#N,-3.892,27,-0.14414814814814814
Cc1cc(C)cc(c1)CNc2ncc(-c3ncccc3[O-])c(n2)-c4cccc(C)c4,-3.891,30,-0.1297
CC(C)Nc(nc1)nc(c12)c(-c(cc[nH+]3)cc3NC)cc(c2)-c4cnn(c4)C(C)(C)C,-3.89,31,-0.12548387096774194
Cc1ccc(cc1)-c2cnc(s2)Nc3cc(nc(n3)C)-c4cn(nn4)C[C@H](C)O,-3.89,29,-0.13413793103448277
OCc(cc1)ccc1-c(c(o2)CC[NH3+])c(c23)c(ncn3)NC[C@H](C[NH2+]CC4)c(c45)cccn5,-3.889,33,-0.11784848484848484
CCc1nocc1-c2nc(ncc2-c3ccccn3)NCC(=O)Nc4cc(C)cc(C(F)(F)F)c4,-3.889,35,-0.11111428571428571
FC(F)(F)c(c1)cc(cc1C)[C@H](C)Nc(ncn2)c(c23)c(-c4cccc(Br)c4)c(o3)-c5cccc(c5)CO,-3.888,38,-0.10231578947368421
CN(C)C(=O)c1cc(O)cc(c1)Nc(nc(n2)-c3ccc(N)cc3)n(c24)ncc4-c5ccc(F)cc5,-3.888,36,-0.108
NC(=O)CCCNc(nc1NC)ncc1-c2ccc(F)cc2,-3.888,22,-0.17672727272727273
C[N@H+]1CC[C@@H](CC1)Nc(ncn2)c(c23)c(-c4cccc(C(F)(F)Cl)c4)c(o3)-c5cccc(c5)[C@H](O)C(=O)[O-],-3.888,38,-0.10231578947368421
C1COCCN1c(n2)n(C)c(c23)cc(-c4cccc(F)c4)c(c3)-c5ccccc5O,-3.888,30,-0.1296
[NH3+]CCNc1nc(NCC)nc(c12)ccc(n2)-c3c(C)noc3C,-3.888,24,-0.162
Cc1ccc(cc1)[C@H](O)CNc(nc(n2)-c(c[nH+]3)n(c34)[C@@H](CC4)CN(C)C)n(c25)ncc5-c6cccnc6,-3.887,38,-0.10228947368421053
C1COCCN1c(n2)n(C)c(c23)cc(c(c3)-c4ccccc4C[NH3+])-c5ccccc5C(=O)c6ccccc6,-3.887,38,-0.10228947368421053
CCNc1[nH+]cc(-c2noc(C)c2C)c(n1)N[C@H](C)c3ccc(C)cc3,-3.887,26,-0.1495
c1ccccc1-c(cc2)nc(c23)c(NCC)nc(n3)N[C@H](C)c4ccccc4,-3.887,28,-0.13882142857142857
c1ccccc1-c(c(c2)OC)cc(c23)ncc4c3cc(nc4N)-c5ccc(C(=O)N)nc5C,-3.886,33,-0.11775757575757576
CNC(=O)c1ccc(cc1)-c(o2)c(-c3cc(N)cc(C(F)(F)F)c3)c(c24)c(ncn4)N[C@H](C)c5ccccc5,-3.886,39,-0.09964102564102564
COc1cccc(c1)-c(o2)c(-c3cccnc3)c(c24)c(ncn4)N[C@H](C)c5ccc(C(F)(F)N)cc5,-3.886,36,-0.10794444444444445
Cc1cccc(c1)CNc2nc([nH+]cc2-c3cn(C)cn3)Nc4ccccc4C,-3.886,29,-0.134
OCC(=O)Oc1cccc(c1)-c(cc2)nc(c23)c(NCCO)nc([nH+]3)NCCO,-3.886,29,-0.134
c1cc(C)ccc1CNc([nH+]c2NCC)ncc2-c3cccc(c3)OC,-3.884,26,-0.1493846153846154
Cc1ccc(cc1)[C@H](C)Nc(n2)c(C(=O)N)c(n23)nc(cc3-c4ccc(F)cc4)-c5ccc(cc5)[C@]6(O)CCON6C,-3.884,42,-0.09247619047619048
n1cc(C)ccc1-c2cc(-c(cc3)ccc3OC)nc(n24)c(C(=O)N)c(n4)NCc5ccc(C)cc5,-3.884,36,-0.10788888888888888
Fc1ccccc1CCc(n2)c(cnc2NCCO)-c3ccc(nc3)N(CC4)Cc(c45)cccc5,-3.883,35,-0.11094285714285715
Cc1cccc(c1)-c(cc2)nc(c23)c(NCC(C)C)nc(n3)NCc4ccccc4,-3.883,30,-0.12943333333333334
Cc1ccccc1-c(cc2)nc(c23)c(NCCC)nc(n3)NCc4ccc(C)cc4,-3.883,30,-0.12943333333333334
OCCNc1nc(NC)[nH+]c(c12)ccc(n2)-c3ccccc3C(=O)N,-3.883,25,-0.15532
Cc(c1)cccc1CNc([nH+]c2NCC)ncc2-c3ccccc3F,-3.882,25,-0.15528
O=c(c1)n(C)ccc1-c(c2)cc(-c(cn3)ccc3C)c(c24)c(ncn4)NCC[NH+]5CCCCC5,-3.881,34,-0.11414705882352941
CCN1CC[C@@H](C1)Nc2ncc(-c3ccccn3)c(n2)-c4ccccc4C(=O)[O-],-3.881,29,-0.13382758620689655
CCCC(=O)N(CC1)c(c12)ccc(c2)CNc3nc(C)cc(n3)-c4ccc(Br)nc4,-3.881,30,-0.12936666666666666
COc1cccc(c1)-c(c(c23)c(ncn3)NC(=O)N)c(o2)[C@@H]4CC(=O)N(C4)Cc5ccc(C(F)(F)F)cc5,-3.88,38,-0.10210526315789474
Nc1cc(=O)n(C)nc1-c(c2)cc(-c3c(C)n(C)nc3C)c(c24)c(ncn4)N[C@H](C)c5cc(N)cc(C(F)(F)F)c5,-3.88,41,-0.09463414634146342
NC(=O)c(cn1)ccc1Nc(nc2NCOC)ncc2-c3ccc(cn3)C(=O)N(C)C,-3.879,31,-0.12512903225806452
Cn1cncc1-c(c(c2)OC)cc(c23)c(nc[nH+]3)NC[C@H](O)c4ccc(C)c(N)c4,-3.879,30,-0.1293
Cc1ccc(cc1CN)[C@H](C)Nc2nc(-c3c(C)noc3C)ncc2-c4ccc(CO)cc4,-3.879,33,-0.11754545454545455
Cc1cccc(c1)-c(cn2)c(n23)nc(-c4cnc(=O)n(C)c4)cc3N[C@H](C)c5cccc(c5)[NH+]6CCCCC6,-3.878,39,-0.09943589743589744
n1ccccc1Nc(nc2NCOC)ncc2-c(cn3C)c(c34)cccc4,-3.878,27,-0.14362962962962963
FC(F)(F)c(cc1)ccc1[C@@H](C)Nc2nc(N[C@@H](C)c(c3C)cccc3C)nc(c24)ccc(n4)-c5cccc(c5)[C@H](C)O,-3.878,43,-0.09018604651162791
NC(=O)CCNc([nH+]1)nc(NCCOC)c(c12)nc(cc2)-c3ccccc3F,-3.878,28,-0.1385
COCCNc(ncn1)c(c12)c(-c3cc(N)cc(C(F)(F)F)c3)c(o2)-c4cccnc4,-3.877,31,-0.12506451612903224
c1cc(C)ccc1-c(n2)cc(NC(=O)N[C@@H](C)CC)n(c23)ncc3-c4ccc(nc4)C(=O)N(C)CC,-3.877,36,-0.10769444444444444
COc(c1)cccc1-c(cc2)nc(c23)c(NCCC)nc(n3)NC(=O)c4cccc(O)c4,-3.876,32,-0.121125
CS[N-]c(n1)c(C(=O)N)c(n12)nc(C)cc2-c3cccc(C)c3,-3.876,23,-0.16852173913043478
Cc1cccc(c1)CNc2ncc(-c3cnc(C)n3CCC(=O)N)c([nH+]2)NCc4ccccc4C,-3.873,35,-0.11065714285714286
COCC(=O)N(C)c1ccc(cc1)-c(o2)c(-c3cccc(Br)c3)c(c24)c(ncn4)N[C@H](C)c5ccc([C@H](C)[NH3+])cc5,-3.872,41,-0.0944390243902439
CCC[C@H]([NH3+])Nc(nc1)nc(c12)nc(-c3ccc(cc3)[C@H](O)[C@H](C)[NH+](C)C)c(c2)-c4ccccc4OC,-3.872,37,-0.10464864864864865
COc1ccc(cc1)-c(o2)c(-c3cccc(C)c3)c(c24)c(ncn4)N[C@H](C)[NH2+]Cc5ccc(C(F)(F)F)cc5,-3.87,39,-0.09923076923076923
Cc1cnc(cn1)-c(c2)c(-c3ccncc3)nc(c24)nc(nc4)NCCO,-3.87,27,-0.14333333333333334
s1cccc1-c(c(c2)OC)cc(c23)ncc4c3cc(nc4N)-c5ccc(C)cc5Cl,-3.87,30,-0.129
Cc1cccc(c1)[C@H](C)Nc2ncc(-c3ccc(C(=O)[O-])cc3)c([nH+]2)NCc4ccccc4,-3.87,33,-0.11727272727272728
c1ccccc1CN(CC2)CCC2Nc(nc3NCOC)ncc3-c4cccn4CC(=O)C(=O)N(C)C,-3.869,37,-0.10456756756756758
Cc1cccc(c1)[C@H](C)[C@H](C)Nc(ncn2)c(c23)c(cc(c3)-c4ccccn4)-c5cccc(c5)C(=O)NC(C)C,-3.869,40,-0.096725
Fc1ccccc1-c(nc2NC)ncc2-c3ccc(C)cc3,-3.868,22,-0.17581818181818182
Cc1cccc(c1)-c(o2)c(c(c23)c(ncn3)NCC(C)(C)[NH3+])Oc4nccn4C,-3.868,29,-0.13337931034482758
Cc1ccc(cc1)CNc2ncc(-c3ccccc3)c([nH+]2)N[C@H](C)c4cc(N)cc(C(F)(F)F)c4,-3.868,35,-0.11051428571428572
COc1cccc(c1)-c(cc2)nc(c23)c(\nc([nH]3)NCC[NH3+])=[NH+]\c4ccnnc4,-3.868,29,-0.13337931034482758
Cc1cccc(c1)[C@H](C)Nc(nc2N[C@@H]3CCOC3)nc(c24)ccc(n4)-c5cncc(c5)C[NH+](C)C,-3.868,36,-0.10744444444444444
CN(C)c(c1)cccc1[C@@H](C)Nc2nc(NCC)[nH+]c(c23)ccc(n3)-c4cc(ccn4)N5CCOCC5,-3.868,37,-0.10454054054054054
O=c1n(C)cncc1-c(c2)cc(-c(ccc3=O)cn3CCC)c(c24)c(ncn4)N[C@H](C)c5ccc(C)cc5,-3.867,38,-0.10176315789473685
Oc1cccc(c1)-c(c2)c(-c3ccccc3)cc(c24)oc(n4)N5CCOCC5,-3.866,28,-0.13807142857142857
Cc1ccc(cc1)Nc2nc(NCc3ccccc3)[nH+]cc2-c4cc(C)ncc4C,-3.866,30,-0.12886666666666666
CCC[C@H]([NH3+])Nc(nc1)nc(c12)nc(-c3ccc(F)cc3)c(c2)-c4ccccc4,-3.866,29,-0.13331034482758622
CO[C@H](C)c1ccccc1-c2ncc(c(n2)NC(=O)CN)-c3cccnc3,-3.866,27,-0.1431851851851852
CCCNc(ncn1)c(c12)c(-c3ccc(F)cc3)c(o2)-c4cccc(c4)OC,-3.865,28,-0.1380357142857143
COc1ccccc1-c(c(c23)c(ncn2)N[C@@H](C)C#C)cc(c3)-c4cccc(c4)C(=O)N,-3.865,32,-0.12078125
COc1cccc(c1)-c(c(c23)c(ncn3)NCC(C)(C)[NH3+])c(o2)-c4ccc(C)cc4,-3.864,30,-0.1288
CC(=O)Nc1cccc(c1)CNc(c(C#N)cn2)c(c23)cc(c(c3)-c4ccc(Cl)cc4)NCc5cccc(F)c5,-3.864,40,-0.09659999999999999
COc1ccccc1-c(c2)c(-c3cccc(c3)[C@H](C)O)cc(c24)nc(n4C)N5CCOCC5,-3.864,33,-0.11709090909090909
c1cnccc1-c(c(c2)OC)cc(c23)ncc4c3cc(nc4N)-c5cccc(c5)N(C)C,-3.863,32,-0.12071875
COc(c1)cccc1-c(c(c23)c(ncn2)N[C@@H](CC)[NH+](C)C)c(o3)[C@H](C)c4cc(N)cc(C(F)(F)F)c4,-3.863,37,-0.10440540540540541
CN(C)CC(=O)Nc(n1)c(ncnc2)c2c(c13)ccc(c3)-c4cccc(C(F)(F)F)c4,-3.863,31,-0.12461290322580645
COc(c1)c(OC)cc(c12)c(nc[nH+]2)N[C@@H]3CCC[NH2+]C3,-3.862,21,-0.1839047619047619
CC(=O)Nc1cccc(c1)C(=O)Nc2ncc(-c3ccccn3)c(n2)-c4ccn(n4)C,-3.861,31,-0.1245483870967742
COc1cccc(c1)-c2cc(nc(n2)C)Nc3ncc(s3)-c4ccc(Br)cc4,-3.861,28,-0.13789285714285715
Cc1cccc(c1)CNc2nc(Nc3ccc(F)cc3)[nH+]cc2-c4cnnc(c4)C[NH+](C)C,-3.861,33,-0.117
O=c1n(C)ccc(=O)cc1-c(c(c2)OC)cc(c23)ncc4c3cc(nc4N)-c5cnn(C)c5C,-3.861,34,-0.11355882352941177
COc1ccccc1-c2nc(N[C@@H]3CCNC3)ncc2-c4ccncc4,-3.861,26,-0.14850000000000002
COc1ccc(cc1)-c(c2)c(-c3ccccc3)cc(c24)oc(n4)N5CCOCC5,-3.859,29,-0.13306896551724137
Cc1cccc(c1)[C@H](C)Nc(ncn2)c(c23)c(cc(c3)-c4c[nH+]cn4C)-c5cccc(c5)C(=O)N(C)C,-3.859,37,-0.1042972972972973
CC(=O)Nc1cccc(c1)-c2nc(ncc2-c3cccc(C)c3)[N-]C(=C4)C=CC(=C5)N(C(=O)C)CCOc(c6N45)cccc6,-3.857,44,-0.08765909090909091
CCn1ncnc1-c(c2)c(OC)cc(c23)c(c(cn3)C#N)N[C@H](C)c4cccc(C)c4,-3.856,31,-0.12438709677419355
[nH+]1ccccc1CCNc(c(C#N)cn2)c(c23)cc(NCCO)c(c3)-c4ccccc4,-3.856,31,-0.12438709677419355
[NH3+]CCCNc(n1)nc(NOCC)c(c12)nc(cc2)-c3ccccc3,-3.856,25,-0.15424
Cc1ccc(cc1)C(=O)Nc(nc2)nc(c23)c(-c4nccn4C)cc(c3)-c5cnn(c5)CCC(=O)N,-3.856,36,-0.1071111111111111
Clc1ccc(cc1)-c(c2)c(-c3ccncc3)cc(c24)nc(o4)N5CCOCC5,-3.855,28,-0.13767857142857143
CCN(CC1)c(c12)cccc2[C@H](O)CNc(ncn3)c(c34)c(-c5c(C)nn(C)c5C)cc(c4)-c6c(C)ccc(=O)n6C,-3.854,42,-0.09176190476190477
c1ccccc1-c(n2)ccc(c23)nc(NC(=O)CSc(cc4)ccc4C)nc3N[C@H](C)c5cccc(c5)C(C)C,-3.853,40,-0.09632500000000001
CCc1ccc(cc1)-c(cc2)cc(c23)c(-c4ccnc(c4)C[NH+](C)C)nc(n3)-c5ccncc(=O)c5,-3.852,36,-0.107
Cc1cccc(c1)[C@H](O)CNc(n2)c(nc(nc3)NC4CC4)c3c(c25)ccc(c5)-c6cccn(c6=O)CC(=O)N(C)C,-3.852,42,-0.0917142857142857
CNc1[nH+]cc(c(n1)N[C@H](C[NH3+])CO)-c2ccc(O)c(c2)OC,-3.852,23,-0.16747826086956522
Cc1cccc(c1)[C@H](O)CNc(c(C#N)c[nH+]2)c(c23)cc(NC(C)C)c(c3)-c4cccnc4,-3.852,33,-0.11672727272727272
Cc1cccc(c1)CNc2nc(-c3ccc(N)cc3C(=O)[O-])[nH+]cc2-c4cccnc4,-3.851,31,-0.12422580645161291
Cc1cccc(c1)[C@H](C)Nc2nc([nH+]cc2C)-c3conc3C,-3.851,23,-0.16743478260869565
O=C1NCCC[C@H]1Nc2nc(NCC)nc(c23)ccc(n3)-c4ccccc4,-3.851,27,-0.14262962962962963
C1CCCCCN1C(=O)c(ccn2)cc2-c3cc(-c(c4)cccc4OC)cc(c35)ncnc5N[C@H](O)c6ccc(C(C)C)cc6,-3.85,45,-0.08555555555555555
O=C1CCN1c(c2)cc(cc2C)[C@H](C)Nc(nc3)nc(c34)c(nc(c4)C)-c5ccnnc5,-3.85,32,-0.1203125
Cn1c(C)nc(C)c1-c(cn2)c(n23)nc(-c(cc4)ccc4C)cc3NCCc5ccc(C(F)(F)F)cc5,-3.85,37,-0.10405405405405406
Cc1nn(C)cc1-c(c(c2)OC)cc(c23)c(nc[nH+]3)NC[C@H](F)c4cc(N)cc(C(F)(F)F)c4,-3.85,34,-0.11323529411764706
NC(=O)CCn(c1)ncc1-c(c2)cc(-c3c(OC)cccc3OC)c(c24)nc(nc4)NC(=O)c5cccc(c5)[C@H](C)OC,-3.849,43,-0.08951162790697675
FC(F)(Cl)c(c1)cccc1-c(c(c23)c(ncn2)N[C@@H](CC)[C@H](C)O)c(o3)-c4cccc(N)c4,-3.848,33,-0.1166060606060606
COc1ncccc1-c(c2)c(C3CC[NH2+]CC3)cc(c24)ncnc4N[C@H](C)Cc5cccc(C)c5,-3.848,35,-0.10994285714285713
O=C([O-])c(c1)cccc1-c(c(c2)OC)cc(c23)ncc(C#N)c3N[C@H](C)c4cc(C)cc(N)c4,-3.848,34,-0.1131764705882353
Cc1ccc([nH+]c1)[C@H](C)c(cc2)cc(c23)nc(NC[C@H](O)c4cc(N)cc(C(F)(F)F)c4)c5c3cnc(n5)NC6CC6,-3.847,42,-0.09159523809523809
CN(C)C(=O)c1cccc(n1)-c(cc2)cc(c23)c(-c4ccc(O)cc4)nc(n3)-c5ccc(O)cc5,-3.846,35,-0.1098857142857143
COc1ccc(cn1)-c(c2)nc(N)c(c23)cnc4c3cc(OC)c(c4)-c5ccccn5,-3.845,31,-0.12403225806451613
NC(=O)c1ccccc1-c2cc(-c(nn3)ccc3C)cc(c24)ncnc4NCc5ccc(N)c(C)c5,-3.844,36,-0.10677777777777778
OC[C@@H](O)c(cc1)ccc1-c(c2C)c(=O)n(CC)c(c23)nc(nc3)N[C@H](C)CN(C)c4ccccc4,-3.843,36,-0.10675
COc1cccc(c1)-c(c2)c(-c3ccc(F)cc3)cc(c24)oc(n4)N5CCOCC5,-3.843,30,-0.1281
COc1ccccc1-c2ncc(-c3cccc(C#N)c3)c(n2)NCCN4CCOCC4,-3.842,31,-0.12393548387096774
n1ccccc1-c(nc(c23)n(C)cn2)nc3NC(=O)c4ccc(C(F)(F)F)cc4,-3.841,29,-0.13244827586206898
Cn(c1)ncc1-c(c(c2)OC)cc(c23)ncc4c3cc(nc4N)[C@H](C)c5ccc(C(=O)N)cc5,-3.841,34,-0.11297058823529413
CC(C)Nc(nc1)nc(c12)c(-c(ccn3)cc3NC)cc(c2)-c4cnn(c4)C(C)(C)C,-3.837,31,-0.1237741935483871
c1cc(C)ccc1-c(c(c23)c(ncn2)NCC)c(o3)-c4cccc(Cl)c4,-3.836,26,-0.14753846153846153
C1CCCCCN1C(=O)c(ccn2)cc2-c3cc(-c4c(C)onc4C)cc(c35)ncnc5N[C@H](CO)c6ccc(C(F)(F)F)c(N)c6,-3.836,47,-0.08161702127659574
CC(=O)Nc1cccc(n1)-c(cc(c2)-c3cnc(=O)n(C)c3)c(c24)c(ncn4)N[C@H](C)c5cccc(F)c5,-3.835,38,-0.10092105263157895
Cc1cc(N)cc(c1)C(=O)Nc(n2)c(ncnc3)c3c(c24)ccc(c4)-c5ccc(nc5)C(=O)N6CCCC6,-3.835,38,-0.10092105263157895
C[NH+](C)CCNc(n1)c(cnc1NC)-c2ccc(Br)cc2,-3.835,21,-0.18261904761904763
C1CCCN1[C@@H](O)CNc(nc2NC)[nH+]cc2-c3cnccn3,-3.834,23,-0.16669565217391305
COc1cccc(c1)C(=O)Nc(ncn2)c(c23)ccc(c3)-c(cc4)cc(c45)cccc5,-3.834,31,-0.12367741935483871
Cn1nccc1-c(o2)c(c(c23)c(ncn3)NCC(C)(C)[NH3+])-c4cccc(F)c4,-3.833,28,-0.13689285714285715
NC(=O)c(cc1)ccc1-c(n2)ccc(c23)[nH+]c(NCC)nc3N[C@@H]([C@@H]4CCOC4)Nc5cc(C(F)(F)F)ccc5C,-3.833,41,-0.09348780487804878
Cc1ccccc1Oc(c(c2)OC)cc(c23)c(nc[nH+]3)N[C@H](C)[C@H](O)c4cccc(C)c4,-3.833,32,-0.11978125
Cn1c(=O)cccc1-c(c2)cc(Cc3c[nH+]ccc3C)c(c24)nc(nc4)N[C@H](C)c5cc(C(F)(F)F)ccc5N(C)C,-3.832,42,-0.09123809523809523
Oc1cccc(c1)-c(c2)c(-c3ccc(F)cc3)cc(c24)oc(n4)N5CCOCC5,-3.832,29,-0.13213793103448276
O=C([O-])Cn1c(C)ncc1-c(c2)cc(-c(c3)cccc3C)c(c24)c(ncn4)N[C@H](C)c5ccc(C(F)(F)F)cc5N,-3.831,41,-0.0934390243902439
Cc1ccc(cc1)CN2CCC(CC2)Nc(ncn3)c(c34)c(-c5ccccc5)c(o4)-c6ccccc6,-3.831,36,-0.10641666666666666
CNc1nc(NC(C)C)ncc1-c2ccc(OC)cc2OC,-3.831,22,-0.17413636363636364
O=c1ccc(cn1C)Nc(ncn2)c(c23)c(c(o3)-c4ccsc4)-c5ccccc5,-3.83,29,-0.13206896551724137
CN(C)c(n1)cccc1-c(c2)cc(-c(cnn3C)c3NC(=O)COC)c(c24)c(ncn4)N[C@H](C)c5cc(N)cc(C(F)(F)F)c5,-3.83,45,-0.08511111111111111
Cc(n1)nccc1-c(cc2C)nc(n2)N[C@H](C)c3cncc(c3)N4CCCC4=O,-3.83,29,-0.13206896551724137
Cc1ccc(cc1)CNc(c2)c(-c3cnccn3)cc(c24)[nH+]cc(C#N)c4NC(C)C,-3.83,31,-0.1235483870967742
Cc(n1)nccc1Nc(ncn2)c(c23)c(-c(cc4OC)ccc4OC)c(o3)-c5ccc(ccc5=O)C(=O)NC(C)C,-3.83,41,-0.09341463414634146
CC(C)Nc(n1)ncc(c12)cc(c(n2)-c(c(Br)c3)ccc3C)-c4cc(=O)ccn4CC(=O)N(C)C,-3.83,35,-0.10942857142857143
COc(c1)c(OC)cc(c12)c(ncn2)NC(=O)CCc3ccc([NH+](C)C)cc3,-3.83,28,-0.1367857142857143
COc1cccc(c1)-c(c2)c(-c3cccccc3=O)cc(c24)c(ncn4)NC(=O)c5c(N)cccc5C(F)(F)F,-3.828,40,-0.0957
CC[C@H](O)C(=O)N1CCC(CC1)c2cc[nH+]c(c2)-c(c3)c(Cc4cccc(C)c4)cc(c35)ncnc5N[C@H](C)Cc6cccc(C)c6,-3.828,47,-0.08144680851063829
C[NH+](C)CCNc(nc1)nc(c12)nc(-c3ccccc3Cl)c(c2)-c(cc4)n(c45)CCCC5=O,-3.827,33,-0.11596969696969697
Cc1onc(C)c1Oc(c(c2)OC)cc(c23)c(ncn3)NC(=O)c4ccc(N)cc4,-3.827,30,-0.12756666666666666
Cc1ccc(cn1)-c2cc(nc(n2)C)Nc3ncc(s3)-c4ccccc4,-3.827,26,-0.14719230769230768
COc1ccc(cc1)-c2cnc(s2)Nc3cc(nc(n3)C)-c4ccc(=O)n(C)c4,-3.827,29,-0.1319655172413793
CC(=O)Nc1cccc(c1)-c(cc(c2)-c3cn(C)c(=O)cn3)c(c24)c(ncn4)NC[C@H](O)c5ccc(C)cc5,-3.827,39,-0.09812820512820512
FC(F)(F)c(c1)cccc1N[C@@H](C)Nc(nc2)[nH+]c(c23)c(-c4ccco4)cc(c3)-c5cnn(c5)CCC(=O)N,-3.827,39,-0.09812820512820512
CCn1c(C(=O)N)ccc(c1=O)-c(c2)c(cc(c23)c(ncn3)NC(C)C)-c4cccc(C)c4,-3.827,33,-0.11596969696969697
CN(C)c1cnccc1-c(nc(n2)-c3ccc(F)cc3)c(c24)cc(cc4)-c5ccc(O)cc5,-3.826,33,-0.11593939393939394
Cc1cccc(c1)-c(o2)c(c(c23)c(ncn3)N[C@H](C)CO)-c4ccc(F)cc4,-3.826,28,-0.13664285714285715
NC(=O)c1cccc(c1)-c(c2)c(-c3ccc(F)cc3)cc(c24)oc(n4)N5CCOCC5,-3.826,31,-0.12341935483870968
Cn1c(=O)cccc1-c(c(c2)OC)cc(c23)ncc4c3cc(nc4N)-c5ccc(F)cc5,-3.825,32,-0.11953125
CCN1CC[C@@H](C1)Nc2ncc(-c3ccccn3)c(n2)-c4cccc(F)c4,-3.825,27,-0.14166666666666666
COc1ccc(cc1)CNc2[nH+]c(NC(C)(C)c3ccccc3OC)ncc2-c4ccc(OC)cc4OC,-3.825,38,-0.10065789473684211
N#Cc(cn1)c(NC)c(c12)cc(N[C@@H]3CCOC3)c(c2)-c4ccc(Cl)cc4,-3.823,27,-0.1415925925925926
Fc1ccccc1-c(c(c2)OC)cc(c23)ncc4c3cc(nc4N)-c5ccc(Br)cc5,-3.823,31,-0.12332258064516129
Cc1cc(C[NH3+])ccc1-c(n2)cc(-c3ccccc3CC)n(c24)nc(c4C(=O)N)NCc5ccccc5,-3.821,37,-0.10327027027027028
Cc1cc(C)cc(c1)NC(=O)Nc(c(c23)ncn3C)nc(n2)-c4[nH+]c(C)cn4C,-3.821,29,-0.1317586206896552
Cc1[nH+]cc(n1C)-c2cnc(NCc3ccccc3)[nH+]c2NCCc4ccccc4,-3.819,30,-0.1273
COCC(=O)N1CCC[C@@H](C1)c2ccnc(c2)-c3cnc(NCc4cccc(C)c4)[nH+]c3NC[C@H](O)c5cccc(C(F)(F)F)c5,-3.819,46,-0.08302173913043479
Cc1ccc(C)c(c1)CNc2[nH+]cc(-c3ccnn3C)c(n2)Nc4cccc(c4)C(=O)N(C)C,-3.819,34,-0.11232352941176471
C1COCCN1c(n2)n(C)c(c23)cc(-c4cccc(O)c4)c(c3)-c5cccnc5NC(=O)CO,-3.819,34,-0.11232352941176471
Fc1ccccc1-c(c(c2)-c(on3)cc3[C@H](C)O)cc(c24)nc(n4C)N5CCOCC5,-3.818,31,-0.12316129032258065
Cc1cccc(c1)[C@H](C)Nc(ncn2)c(c23)c(cc(c3)-c4cncn4C)-c5cccc(c5)C(=O)N(C)C,-3.817,37,-0.10316216216216216
Clc1ccc(cc1C)-c(cn2)c(n23)nc(nc3NC(F)(F)CO)-c4c(C)noc4C,-3.817,30,-0.12723333333333334
Nc1cc(F)cc(c1)-c(c2)c(-c3ccccc3)cc(c24)oc(n4)N5CCOCC5,-3.817,29,-0.13162068965517243
CC[C@H](O)CNc1ncc(c([nH+]1)NC)-c2ncccn2,-3.816,20,-0.1908
CC(C)NC(=O)Cn(n1)ccc1-c2cc(-c(ncc3C)cc3C(=O)N(C)CC)cc(c24)ncnc4N[C@H](C)c5ccccc5,-3.815,44,-0.08670454545454545
COc1ccc(cc1)-c(cn2)c(n23)nc(-c4ccco4)cc3NC[C@H]([NH2+]C5CCC5)c6ccccc6,-3.814,36,-0.10594444444444445
C[NH2+]CC(=O)Nc1cc(no1)-c2c[nH+]c(NCc3ccccc3)nc2NCCCOC,-3.814,31,-0.12303225806451613
Cc1ccccc1-c(c2)c(S(=O)(=O)C(C)(C)C)cc(c23)c(ncn3)N[C@H](C)c4cc(N)cc(C(F)(F)F)c4,-3.812,38,-0.1003157894736842
COc1ccc(cc1)-c2cc(nc(n2)C)Nc3ncc(s3)-c4cc(C)no4,-3.812,27,-0.1411851851851852
COc1ccc(cc1)CNc(c2)c(-c3ccc(OC)cc3)cc(c24)[nH+]cc(C#N)c4NCCO,-3.811,34,-0.11208823529411764
Cn(c1)c(=O)ccc1-c2cc(C(=O)Nc(cc3)ccc3C)cc(c24)ncnc4NC(F)(F)c5ccc(C(F)F)c(N)c5,-3.81,42,-0.09071428571428572
Cc1cccc(c1)-c(c2)c(S(=O)(=O)C(C)(C)C)cc(c23)c(ncn3)Nc4cnc(C)cn4,-3.81,32,-0.1190625
Cc1cccc(c1)-c(cc2)cc(c23)c(C4CC[NH2+]CC4)nc(n3)-c5c[nH+]cn5C,-3.81,29,-0.13137931034482758
CN(C)C(=O)Nc(cc1)ccc1-c(o2)c(-c(c3)cccc3C)c(c24)c(ncn4)N[C@H](C)c5cc(C)cc(N)c5,-3.81,39,-0.09769230769230769
COc1cccc(c1)-c(cc2)nc(c23)c(Nc4cccc(c4)C[NH+](C)C)nc(n3)Nc5cccc(c5)C(=O)N6CCCCC6,-3.809,44,-0.08656818181818182
CCCn1ccnc1-c(cc2)cc(c23)ncnc3NC(=O)N(CC4)CCO[C@]4(F)C[NH+]5CCCCC5,-3.808,36,-0.10577777777777778
Cc1cccc(c1)-c(cc2)cc(c23)c(-c4ccc([O-])c(C(F)(F)F)c4)nc(n3)-c5nccn5Cc6ccccc6,-3.808,40,-0.09519999999999999
Cc1ccccc1-c(n2)cc(nc2C)Nc3ncc(s3)-c4ccc(CN)cc4,-3.806,28,-0.13592857142857143
C1COCCN1c(n2C)nc(c23)cc(c(c3)-c4ccccc4OC)-c5ccccc5NC(=O)C(=O)[O-],-3.805,36,-0.10569444444444445
c1ccccc1-c(c(c2)OC)cc(c23)ncc4c3cc(nc4N)-c5ccc(C(=O)[O-])cc5,-3.805,32,-0.11890625
COc1cc(ccc1Cl)[C@H](C)Nc(nc[nH+]2)c(c23)cc(OC)c(c3)OC,-3.804,26,-0.1463076923076923
NC(=O)c1ccc(cc1)-c(c2)c(-c3ncco3)cc(c24)nc(o4)N5CCOCC5,-3.804,29,-0.13117241379310343
n1ccncc1-c(c(c2)OC)cc(c23)ncc4c3cc(nc4N)-c5ccc(F)cc5,-3.803,30,-0.12676666666666667
CC(C)(O)c(c1)cc(cc1C)[C@H](C)Nc(n2)c(nc(nc3)NC4CC4)c3c(c25)ccc(c5)-c6ccn(c6C)CCO,-3.803,41,-0.09275609756097561
Cc1ccc(cc1)[C@H](C)Nc(ncn2)c(c23)c(-c(cc4)cc(n45)ncc5)cc(c3)CCOc6ccccc6,-3.802,38,-0.10005263157894737
n1ccccc1-c(n2)nc(-c(nc3C)nn3C4CCCC4)c(c25)cc(cc5)-c6ccncc6,-3.8,33,-0.11515151515151514
COc1ccccc1-c(c2)c(-c3ccc(C)cc3)cc(c24)nc(n4C)N5CCOCC5,-3.799,31,-0.1225483870967742
CCN(C)C(=O)Cn1cc(ccc1=O)-c(c2)c(OC)cc(c23)c(c(cn3)C#N)N[C@H](C)c4ccc(cc4)[C@H](C)OC,-3.799,41,-0.09265853658536585
Cc1ncc(cn1)-c(cc(c2)C(=O)CN)c(c23)c(ncn3)NC(F)(F)c4ccc(C(F)F)c(N)c4,-3.798,35,-0.10851428571428572
Cc1cccc(c1)C(=O)[N-]c(nc(n2)-c3ccc(F)o3)n(c24)ncc4-c5[nH+]ccn5C,-3.798,31,-0.12251612903225807
CN(C)C(=O)c1ccc(=O)n(c1)-c(cc(c2)-c3cccnc3)c(c24)c(ncn4)NCC[NH+]5CCCCCC5,-3.798,38,-0.09994736842105263
C1COCCN1c(n2)n(C)c(c23)cc(c(c3)-c4cc(O)ccc4C)-c5cccc(c5)C(=O)N6C[C@H](C)C6=O,-3.798,38,-0.09994736842105263
CN(C)c1ccccc1-c(c2)c(-c3ccccc3)cc(c24)n(C)c(n4)N5CCOCC5,-3.797,31,-0.12248387096774194
COc1ccccc1-c(c2)c(OC)cc(c23)c4c(cn3)c(N)nc(c4)-c5ccc(=O)n(C)c5,-3.796,33,-0.11503030303030302
Cc1ccccc1CNc2nc(N[C@H](C)c3ccc(CN)cc3)ncc2-c4cncc(F)c4,-3.796,33,-0.11503030303030302
c1ccccc1-c(c2)c(-c3ccoc3)cc(c24)oc(n4)N5CCOCC5,-3.796,26,-0.146
Brc1ccccc1[C@@H](C)Nc(ncn2)c(c23)c(-c(c4)cccc4NC(=O)C)cc(c3)-c5ccc(=O)n(n5)CC[C@H](C)O,-3.795,42,-0.09035714285714286
c1cc(O)ccc1-c(n2)nc([C@H](C)C[NH+](C)C)c(c23)cc(cc3)-c4cccc(O)c4,-3.794,30,-0.12646666666666667
COCNc1nc(N[C@H](CO)[C@H](C)O)ncc1-c2ccc(OC)cc2,-3.794,25,-0.15176
CCCn1ncc(c1C)-c(c2)c(OC)cc(c23)c(c(cn3)C#N)NC(C)(C)c4cc(N)cc(C(F)(F)F)c4,-3.794,38,-0.0998421052631579
Cc1ccc(cc1)[C@H](C)Nc(ncn2)c(c23)c(c(o3)-c4cccc(C(=O)[O-])c4)-c5ccc(nc5)CN(C)C,-3.793,38,-0.09981578947368422
Cc1ccccc1CNc2nc(NCc3ccccc3Cl)ncc2-c4cccc(c4)CN,-3.793,32,-0.11853125
FC(F)(F)c(c1)cccc1NC(=O)Nc(c(c23)nccn3)nc(c2)-c4ccco4,-3.793,29,-0.13079310344827585
C1CCCN1[C@@H](O)CNc([nH+]c2NC)ncc2-c3cnccn3,-3.792,23,-0.1648695652173913
CC#CC(=O)Nc1cc(ccn1)-c(nc2-c3ccc(OC)cc3)nc(c24)ccc(c4)-c5ccn(C)c5,-3.792,36,-0.10533333333333333
COc1ccc(c(c1)OC)-c(o2)c(-c3cccc(C(F)(F)Cl)c3)c(c24)c(ncn4)NC(C)(C)c5cc(N)cc(C(F)(F)F)c5,-3.792,44,-0.08618181818181818
Cn1ccc(cc1=O)-c(c2)c(-c3ccc(F)cc3)cc(c24)n(C)c(n4)N5CCOCC5,-3.791,31,-0.12229032258064516
COc1ccccc1-c(c2)c(-c3cccc(C(=O)[O-])c3)cc(c24)nc(o4)N5CCOCC5,-3.791,32,-0.11846875
c1cccc(c12)OC(=C/C(=O)NC2=O)\c(c(c3)OC)cc(c34)ncc5c4cc(nc5N)-c6cc(C)on6,-3.79,37,-0.10243243243243243
NC(=O)c1ncccc1-c(c2)cc(-c3c(C)n(C)nc3C)c(c24)c(ncn4)N[C@H](C)c5ccc(C(F)(F)F)cc5N,-3.79,41,-0.0924390243902439
FC(F)(F)c(c1)cc(N)cc1[C@@H](C)Nc(n2)ncc(c23)c(C)c(-c4ccccc4F)c(=O)n3[C@@H]5CC[N@H+](CC5)Cc6ccccc6,-3.789,46,-0.0823695652173913
C[N@@H+]1CCC[C@@H](C1)c2coc(n2)-c(nc3-c4ccc(O)cc4)nc(c35)ccc(c5)-c6cccc(c6)C(=O)N,-3.789,38,-0.09971052631578947
CCN(CC1)c(c12)ccc(c2)[C@H](C)Nc(nc(n3)-c4ccccc4F)n(c35)ncc5-c6ccc([C@H](C)O)cc6,-3.789,39,-0.09715384615384616
c1ccccc1CNc([nH+]c2N[C@@](C)([NH3+])CC)ncc2-c3ccccc3,-3.788,26,-0.14569230769230768
NCc(c1)cccc1[C@H](C)Nc(nc2)nc(c23)nc(-c4ccccn4)c(c3)-c5nccn5CC(=O)N(C)C,-3.788,38,-0.09968421052631578
COc1ccc(cc1C)-c2c[nH+]c(N[C@H](C)[N@H+]3CC[C@@H](C3)C(=O)N(C)C)nc2NCc4cccc(C)c4,-3.787,37,-0.10235135135135134
Cn1c(=O)cccc1-c(c2)cc(-c(ncc3C)c(c3)N4CCCC4=O)c(c25)c(ncn5)N[C@H](C)c(cc6)cc(c67)N(CC7)[C@H](C)C(C)C,-3.787,48,-0.07889583333333333
Cc1ccc(cc1)-c(o2)c(-c3ccccc3)c(c24)c(ncn4)NCC[NH+](C)C,-3.787,28,-0.13525
c1cccc(c12)OC(=C/C(=O)NC2=O)\c(c(c3)OC)cc(c34)ncc5c4cc(nc5N)-c6ccc(F)cc6,-3.787,38,-0.0996578947368421
Fc1ccccc1-c(n2)nc(N[C@@H](C)c3cc(N(C)C)cc(C(F)(F)F)c3)n(c24)ncc4-c5[nH+]ccn5C,-3.786,38,-0.09963157894736842
Cc1ccc(cc1)-c(cc(c2)C(=O)CN)c(c23)c(ncn3)NC(F)(F)c4ccc(C(F)F)c(N)c4,-3.786,35,-0.10817142857142857
c1ccccc1-c(cc2)cc(c23)c(-c(cn4)cn4C(C)C)nc(n3)[C@@H]5CNCCN5C,-3.786,31,-0.12212903225806451
OCc1ccc(cc1)-c(c2)c(-c3ccccc3)cc(c24)oc(n4)N5CCOCC5,-3.786,29,-0.13055172413793104
Cc1cccc(c1)-c(cn2)c(n23)nc(nc3[N-]C(=O)N)-c4ccccc4F,-3.784,27,-0.14014814814814813
CN(C)c1ccc(C(F)(F)F)cc1[C@H](C)Nc(nc2)nc(c23)c(-c4ccccc4)cc(c3)-c5cccnc5,-3.784,38,-0.09957894736842104
COc1ccc(cc1OC)-c2cnc(s2)Nc3cc(nc(n3)C)-c4cccnn4,-3.784,29,-0.13048275862068964
CC(=O)CN(O)c1cccc(c1)-c(cc(c2)-c3ccc(nc3)C[NH+](C)C)c(c24)c(ncn4)N[C@H](C)c5ccc(C)cc5,-3.783,42,-0.09007142857142857
c1ncccc1-c(c2)cc(-c(c3)cccc3OC)c(c24)nc(nc4)N[C@H](C)c5cc(C(F)(F)F)ccc5N(C)C,-3.783,40,-0.09457499999999999
CC(C)Nc(nc1)nc(c12)c(-c3cc(n(C)c3)C(=O)N(C)C)cc(c2)-c4ccc(C(F)(F)F)cc4,-3.783,35,-0.10808571428571428
C1OCC[C@H]1Nc2nc(N[C@@H](C)c3ccc(C(F)(F)F)cc3)nc(c24)ccc(n4)-c5cccnc5,-3.783,35,-0.10808571428571428
COc1ccccc1-c2ncc(-c3ccc(o3)C)c(n2)NC(=O)C[NH+]4CCCC4,-3.782,29,-0.13041379310344828
COc1cc(C)ccc1-c2cnc(s2)Nc3cc(nc(n3)C)-c4ccc(F)cc4,-3.781,29,-0.13037931034482758
C1CC1Nc(nc2)nc(c(n3)NCC[NH3+])c2c(c34)ccc(c4)-c5ccc(Cl)cc5,-3.781,29,-0.13037931034482758
Cn1c(C)ncc1-c(c(c2)OC)cc(c23)ncc4c3cc(nc4N)-c5ccc(C(=O)N)cc5,-3.781,33,-0.11457575757575758
C1COCCN1c(n2)n(C)c(c23)cc(-c4ccc(F)cc4)c(c3)-c5cccc(c5)OCC(=O)N,-3.78,34,-0.1111764705882353
CC(C)Nc(ncn1)c(c12)ccc(c2)-c(n3)n(C[C@H](F)[NH+](C)C)c(c34)cncc4,-3.779,29,-0.13031034482758622
OCC(=O)Oc(cc1)ccc1-c(c(c2)-c(cs3)nc3C)cc(c24)n(C)c(n4)N5CCOCC5,-3.779,33,-0.11451515151515151
Cc1ccncc1-c(c(n2)-c(c3)scc3C)cc(c24)cnc(n4)N[C@H](CO)c5cc(N)ccc5C(F)(F)F,-3.778,38,-0.09942105263157895
Cn1c(=O)cccc1-c(cc(c23)c(ncn2)NC(C)C)c(c3)-c4ccc(C(F)(F)F)cc4,-3.778,32,-0.1180625
CC(C)[C@H]([O-])[NH+]1CCN(CC1)[C@H](C)CNc(nc2)nc(c23)nc(-c4ccccc4)c(c3)-c5cccc(=O)n5C,-3.778,39,-0.09687179487179487
C[NH+](C)CCNc(nc1)nc(c12)nc(-c3ccccc3)c(c2)-c4cccnc4,-3.778,28,-0.13492857142857143
Cc1cc(C)cc(c1)N2CC[C@@H](C2=O)Nc(c(c34)nccn4)nc(c3)-c5ccco5,-3.778,30,-0.12593333333333334
CC(C)Nc(c(C#N)cn1)c(c12)cc([N-]C3=CCCC3)c(c2)-c4ccccc4Br,-3.777,29,-0.13024137931034482
Oc1cccc(c1)-c(c2)c(-c3ccccc3Cl)cc(c24)oc(n4)N5CCOCC5,-3.777,29,-0.13024137931034482
FC(F)(F)c1cc(N)ccc1[C@H](C)Nc(ncn2)c(c23)cc(-c4ccccc4F)c(c3)-c5ccc(o5)CO,-3.777,38,-0.09939473684210527
CCc1ccc(cc1)-c2c[nH+]c(NC)nc2NC(F)(CC)CC,-3.777,23,-0.16421739130434784
NC(=O)c(c1)cccc1-c(c2C)c(=O)n(c(c23)nc(nc3)NCCOC)C(=O)Nc4ccccc4C(F)(F)F,-3.776,39,-0.09682051282051282
COc1ccc(cc1)-c(c2)c(-c3cccc(c3)C(=O)N)cc(c24)oc(n4)N5CCOCC5,-3.776,32,-0.118
Fc1ccccc1-c(c(c23)c(ncn2)NCC(C)(C)[NH3+])cc(c3)-c4ccc(C(=O)N)cc4,-3.774,32,-0.1179375
Cc1ccc(C)c(c1)CNc2[nH+]cc(-c3cccc(F)c3)c(n2)N[C@@H]4CCN(C)C4,-3.774,30,-0.1258
Cc1cc(N)ccc1C(C)(C)Nc(nc([nH+]2)NCC[NH3+])c(c23)nc(cc3)-c4cccc(c4)NC(C)C,-3.774,36,-0.10483333333333333
n1cnccc1-c(c(c2)OC)cc(c23)ncc(C#N)c3N[C@H](C)c4ccc(cc4)[C@H](C)OC,-3.773,33,-0.11433333333333334
Fc1ccccc1-c(n2)cc(N[C@@H](C)c(cc3)ccc3C(C)C)n(c24)ncc4-c5cn(C)ccc5=O,-3.773,36,-0.10480555555555555
C[NH+](C)C[C@@H](C)Nc(c(C#N)cn1)c(c12)cc(c(c2)-c3cccc(=O)n3C)N[C@H](O)c4cccc(c4)N(C)C,-3.773,39,-0.09674358974358975
Cc1ccccc1-c(c2)cc(-c3ccccc3OC)c(c24)c(ncn4)N[C@H](C)c5cc[nH+]c(N)c5,-3.772,35,-0.10777142857142856
Cc1[nH+]ccn1-c(c2)c(-c3cccnc3)nc(c24)nc(nc4)NCC[N@H+]5CCC[C@@H]5C,-3.772,31,-0.12167741935483871
Cc1oncc1-c(o2)c(c(c23)c(ncn3)N[C@H](C)CO)-c4ccc(F)cc4,-3.771,27,-0.13966666666666666
OCCc(c1)cccc1[C@H](C)Nc(nc[nH+]2)c(c23)ccc(c3)-c4ccoc(=O)c4,-3.77,29,-0.13
FC(F)(F)c(c1)cc(N)cc1[C@H](C)Nc(ncn2)c(c23)cc(S(=O)(=O)C(C)(C)C)c(c3)-c4ccsc4,-3.769,36,-0.10469444444444445
CCn1cc(c(n1)C)-c2cnc(-c3cn(C)nc3C)nc2N[C@]4(CO)CC[N@H+](C4)Cc5ccccc5,-3.768,36,-0.10466666666666666
CCCn1cc[nH+]c1-c(cc2)cc(c23)ncnc3NC(=O)N(CC4)CCO[C@]4(F)C[NH+]5CCCCC5,-3.767,36,-0.10463888888888889
c1cc(Cl)cc(c12)CN(C2)C[C@@H](C)C(=O)Nc(c(c34)ncn4C)nc(n3)-c5ccco5,-3.767,31,-0.12151612903225806
C1COCCN1c(n2)n(C)c(c23)cc(-c4ccccc4)c(c3)-c5ccnc(C(=O)[O-])c5,-3.767,31,-0.12151612903225806
Cc1cccc(c1)-c2cc(C)nc(n2)N[C@H](C)c3cc[nH+]c(c3)N(C4)CCCC4(F)F,-3.766,31,-0.12148387096774194
Fc(c1)cccc1-c(c2)c(cc(c23)c(NCC)c(C#N)c[nH+]3)NC(=O)Nc4cccc(C(F)(F)F)c4,-3.765,36,-0.10458333333333333
Cc1cccc(c1)[C@H](C)Nc(c(C#N)cn2)c(c23)cc(c(c3)-c4ccc(=O)n(C)c4)Nc5nc(C)cnc5C,-3.764,39,-0.09651282051282051
Fc1ccccc1Oc(c(c2)OC)cc(c23)c(ncn3)NC(=O)c4ccc(N)cc4,-3.763,30,-0.12543333333333334
Cc1cccc(c1)[C@H](C)Nc2ncc(-c3ccc(cc3)[C@H](C)N(C)C)c(n2)NCc4ccccc4,-3.763,35,-0.10751428571428572
Cc1nc(co1)-c(cc2)cc(c23)c(-c4ccc(cn4)C(=O)N(C)C)nc(n3)-c5cccnc5,-3.763,33,-0.11403030303030302
CC(C)[N@H+]1CCCC[C@@H](C1)Nc(ncn2)c(c23)c(-c4ccccc4F)cc(c3)-c5cccnc(=O)c5,-3.763,36,-0.10452777777777778
CC[C@H](C)Nc1[nH+]c(NC)ncc1-c2ccncc2,-3.763,19,-0.19805263157894737
Cc1ccc(c(C)c1)-c2cnc(s2)Nc3cc(nc(n3)C)-c4ccc(C(=O)N)cc4,-3.762,30,-0.1254
NC(=O)c1ccc(cc1)-c(c2)c(-c3cccnc3)cc(c24)nc(o4)N5CCOCC5,-3.762,30,-0.1254
Cc1ccc(C)c(c1)CNc2ncc(-c3cccc(F)c3)c([nH+]2)N[C@@H]4CCN(C)C4,-3.762,30,-0.1254
C[C@H](O)c1cccnc1-c2c[nH+]c(NCC[NH+](C)C)nc2NCc3ccccc3,-3.76,29,-0.1296551724137931
Fc(c1)cccc1-c(c(c2)OC)cc(c23)ncc4c3cc(nc4N)[C@H](C)c5ccc(C(=O)N)cc5,-3.759,35,-0.1074
COc1ccnc(c1)-c2cc(C)nc(n2)N[C@H](C)c3ccnc(c3)N(C4)CCCC4(F)F,-3.759,32,-0.11746875
Cc1ccccc1-c(cc2)nc(c23)c(NCCCO)nc(n3)NC(=O)Nc4c(C(F)(F)F)ccc(C)c4C,-3.759,38,-0.09892105263157895
CN(C)C(=O)Cn1c[nH+]cc1-c(c(c2)OC)cc(c23)ncc4c3cc(nc4N)-c5ccc(F)cc5,-3.759,35,-0.1074
COc1ccc(cn1)-c(c2)nc(N)c(c23)cnc4c3cc(OC)c(c4)-c5ccn(C)c(=O)c5,-3.759,33,-0.1139090909090909
Cc1onc(C)c1-c(n2)ccc(c23)nc(N[C@@H](C)c(c4)cc(C)cc4C)nc3N[C@H](C)c5cccc(C(F)(F)F)c5,-3.759,41,-0.09168292682926829
Fc1ccccc1-c(n2)cc(nc2C)Nc3ncc(s3)-c4ccccc4C[NH+]5CCOCC5,-3.757,33,-0.11384848484848485
Cc(n1)snc1-c(c2)cc(-c(ccc3=O)cn3CCC)c(c24)c(ncn4)N[C@H](C)c5ccc(C)cc5,-3.757,36,-0.10436111111111111
CN(C)c(c1)cccc1-c2cc(-c3nn(cc3C)C(=O)N(C)C)cc(c24)cnc(n4)N[C@@](F)(C)c5cc(O)cc(c5)N(C)C,-3.757,44,-0.08538636363636364
Cc1ccc(C)c(c1)[N@H+]2CC[C@@H](CC2)Nc(c(c34)ncn4C)nc(n3)-c5nc(C)cn5C,-3.757,32,-0.11740625
COc1ccccc1-c(c2)c(-c3cccc(n3)N(C)C)cc(c24)nc(o4)N5CCOCC5,-3.756,32,-0.117375
c1ccccc1CCNc(c(c23)cccc3)nc([nH+]2)-c4cccnc4,-3.756,25,-0.15023999999999998
Fc1ccc(cc1C)[C@H](C)Nc(ncn2)c(c23)c(-c4ccccn4)c(o3)-c5ccc(cc5)OC(F)(F)CO,-3.756,38,-0.09884210526315788
Cn(c1)c(=O)ccc1-c(c(c2)OC)cc(c23)ncc(C#N)c3N[C@H](C)c4cc(N)cc(C(F)(F)F)c4,-3.756,36,-0.10433333333333333
Cc1nc(co1)-c(cc2)cc(c23)c(-c4nccn4C)nc(n3)-c5ccccc5C(=O)[O-],-3.755,31,-0.12112903225806451
Cc1ccc(cc1)-c2cnc(NCCO)nc2C[C@@H]3CC[C@@H]([C@@H]3O)c4ccccc4,-3.755,30,-0.12516666666666668
c1cccc(c12)N(CCC2)CCC(=O)Nc3nc(-c4ccc(C(F)(F)F)cc4)ncc3-c5ccncc5,-3.754,37,-0.10145945945945946
s1cccc1-c2cnn(c23)c(N[C@@H](C)c4cccc(C(F)(F)F)c4)cc(n3)-c5ncccc5C(=O)N(C)C,-3.753,38,-0.09876315789473684
COc1ccc(cc1)-c(c2)nc(N)c(c23)cnc4c3cc(OC)c(c4)-c5cnccn5,-3.753,31,-0.12106451612903227
Cc1cc(N)cc(c1)C(=O)Nc(n2)c(ncnc3)c3c(c24)ccc(c4)-c5nccs5,-3.753,30,-0.12510000000000002
CCOc1cc(N)cc(c1)-c(c2)c(cc(c23)c(ncn3)NC(=O)C)[C@H](C)c4ccc(C)cc4C[N@@H+](C)CC,-3.752,38,-0.09873684210526315
Cc1cccc(C)c1CNc(nc2NCCO)nc(c23)ccc(n3)-c4cccnc4,-3.751,30,-0.12503333333333333
c1cc(C)ccc1-c(cc2)cc(c23)c(-c(cc4C)nn4CC)nc(n3)-c5ccc(OC)c(c5)C(=O)N,-3.75,36,-0.10416666666666667
C[NH+](C)CC(=O)c1ccc(nc1)-c(c2)c(-c3ccccn3)nc(c24)nc(nc4)NCCc(cc5)cc(c56)CC[N@H+]6C,-3.749,41,-0.0914390243902439
OCCN(C)C(=O)c(nc1)ccc1-c(c(c2)-c(c[nH+]3)ccc3C)cc(c24)ncnc4N[C@@H]([C@H](C)O)c5ccccc5,-3.749,41,-0.0914390243902439
CCn1cc(c(n1)C)-c(nc(C)c2)c(c23)nc(nc3)NCC(=O)Nc4cc(C(F)(F)F)ccc4C,-3.748,35,-0.1070857142857143
CCc1ccc(cc1)C(=O)NCCNc2ncc(-c3cccnc3)c(n2)-c4ccncc4Cl,-3.748,33,-0.11357575757575758
NC(=O)c(cc1)ccc1-c(cn2)c(n23)nc(-c(cc4)ccc4C)nc3Nc5cc(C)n(n5)C[C@H](C)N(C)C,-3.748,38,-0.09863157894736843
Fc1ccc(F)c(c1)-c(c2)c(-c3ccncc3)cc(c24)oc(n4)N5CCOCC5,-3.748,29,-0.12924137931034482
FC(F)(F)c(c1)cc(N)cc1[C@H](C)Nc2nc(-c3ccncc3)ncc2-c4ccc(=O)n(C)c4,-3.748,34,-0.11023529411764707
C1COCCN1c(n2)n(C)c(c23)cc(c(c3)-c4cc(F)ccc4F)-c5cccc(c5)C(=O)N,-3.747,33,-0.11354545454545455
Cn1cc[nH+]c1-c(o2)c(-c3cccc(C(F)(F)Cl)c3)c(c24)c(ncn4)Nc5ccon5,-3.746,31,-0.12083870967741936
COc1cc(cc(c1)OC)Nc2[nH+]cc(-c3ccc(C(=O)N)cc3)c(n2)NCc4ccccc4,-3.744,34,-0.11011764705882354
CCc1ccc(cc1)-c(cc2)cc(c23)c(nc(n3)-c4ccccc4)-c5ccnc(c5)CN(C)C,-3.744,34,-0.11011764705882354
COc1ccc(OC)c(c1)-c2cnc(-c3ccncc3)nc2N[C@@H]4CCC[N@@H+](C4)Cc5cccc(C)c5,-3.743,37,-0.10116216216216216
COc1ncccc1-c(c(c2)OC)cc(c23)ncc4c3cc(nc4N)-c5ccc(C(=O)N)nc5,-3.743,34,-0.11008823529411764
O=C([O-])c(c1)cccc1-c(c(c2)OC)cc(c23)ncc4c3cc(nc4N)-c5ccc(C)cc5OC,-3.743,35,-0.10694285714285715
COc1ccccc1-c(c2)c(-c3ccccc(=O)c3)cc(c24)nc(n4C)N5CCOCC5,-3.742,32,-0.1169375
c1ccccc1CNc(cc(c23)c(NC)c(C#N)cn2)c(c3)-c4nccc(n4)[C@@H]5CCCCN5,-3.742,34,-0.11005882352941176
OCCc(c1)cccc1[C@H](C)Nc(nc[nH+]2)c(c23)ccc(c3)-c4ccc(C(F)(F)F)cc4,-3.742,32,-0.1169375
COc1cc(C)ccc1[NH2+][C@H](C)Nc(c(c23)cccc3)nc(n2)-c4ccccc4C,-3.741,30,-0.1247
COCn1cc(ccc1=O)-c(o2)c(-c3ccccc3F)c(c24)c(ncn4)N[C@H](C)COc5cccc(C)c5,-3.741,38,-0.09844736842105263
FC(F)(Cl)c(c1)cccc1-c(c(c23)c(ncn2)NCC(=O)N)c(o3)-c4ccccc4,-3.741,30,-0.1247
CN(C)[C@@H](C)c(c1)cncc1Nc(ncc2-c(ccn3)cc3OC)nc2-c4cccc(c4)NC(=O)C,-3.74,36,-0.10388888888888889
Cc1ccc(cc1)CNc2ncc(-c3ccccc3C)c([nH+]2)NC4CCOCC4,-3.739,29,-0.1289310344827586
OCC(=O)Nc1ccc(cc1OC)-c2cnc(nc2-c3ccncc3)NCC(=O)Nc4ccccc4C(F)(F)F,-3.738,40,-0.09345
s1ccc(c12)nc(C)nc2-c3ccc(cc3)N4C(=O)NC(C)NC4=O,-3.737,25,-0.14948
Cn1nccc1-c(c2)c(-c3cc(F)ccn3)cc(c24)nc(n4C)N5CCOCC5,-3.737,29,-0.12886206896551725
CC(=O)N(C1)CCC[C@H]1Oc(c(c2)OC)cc(c23)c(nc[nH+]3)N[C@@H]4CC[N@@H+](C(C)C)CC4,-3.736,32,-0.11675
Cc1cccc(c1)-c(nc(c23)n(cn3)C)nc2NC(=O)Nc4cc(C(F)F)cc(C(F)(F)F)c4,-3.736,34,-0.10988235294117647
Cc1ccc(cc1)-c2cnc(s2)Nc3cc(nc(n3)C)-c4cccc(=O)cc4,-3.736,28,-0.13342857142857142
Cc1ccc(cc1)-c(o2)c(c(c23)c(ncn3)NCC(C)(C)[NH3+])-c4ccncc4,-3.735,28,-0.13339285714285715
C=Cc1cnccc1-c(c(o2)-c3ccc(F)cc3)c(c24)c(ncn4)N[C@H](C)COc5cccc(C)c5,-3.734,36,-0.10372222222222222
Cc1ccc(cc1)[C@H](C)Nc(nc[nH+]2)c(c23)ccc(c3)-c(c4)nn(c45)cccc5,-3.734,29,-0.12875862068965518
CC(C)Nc(c(C#N)cn1)c(c12)cc(NC3=CCCC3)c(c2)-c4ccccc4Br,-3.734,29,-0.12875862068965518
CCn1ccc(cc1=O)-c(o2)c(-c3cccc(C(F)(F)Cl)c3)c(c24)c(ncn4)N[C@H](C)c5ccccc5C,-3.734,38,-0.09826315789473684
CCCNc(n1)c(C(=O)N)c(n12)nc(cc2-c3ccoc3)-c(cc4)cc(c45)cccc5,-3.733,31,-0.12041935483870968
CC(=O)Nc1cccc(n1)-c(cc(c2)-c3cnc(=O)n(C)c3)c(c24)c(ncn4)N[C@H](CO)c5cccc(C)c5,-3.732,39,-0.0956923076923077
CC[C@H](O)CNc(c(c12)cccc2)nc([nH+]1)-c3ccc(OC)cc3OC,-3.732,26,-0.14353846153846156
NCc(cc1)ccc1-c(n2)nc(-c(n3)ccn3C)c(c24)cc(cc4)-c5ccccc5,-3.732,30,-0.12440000000000001
Cc1nn(C)cc1-c(c(o2)-c3cccc(=O)s3)c(c24)c(ncn4)NCC[NH3+],-3.731,27,-0.1381851851851852
n1ccccc1-c2cnc(nc2-c3cccnc3)NCCN(CC4)Cc(c45)cccc5,-3.73,31,-0.12032258064516128
NC(=O)c(cc1)ccc1-c(cnc2NC)c(n2)-c3ccncc3Cl,-3.728,24,-0.15533333333333335
COc1ccc(cc1)-c(c2)c(-c(cn3)nc(c34)cccc4)cc(c25)nc(o5)N6CCOCC6,-3.727,33,-0.11293939393939394
OCc1cccc(c1)-c(o2)c(-c3cccc[nH+]3)c(c24)c(ncn4)NCCC[NH+]5CCCC5,-3.726,32,-0.1164375
COc1ccc(c(O)c1)-c(c2)c(OC)cc(c23)c4c(cn3)c(N)nc(c4)-c5ccc(C)cc5OC,-3.725,35,-0.10642857142857143
CCNc1nc(NC(=O)CO)ncc1-c2ccccc2CN,-3.725,22,-0.1693181818181818
C1CCCN1c(cc(C(F)(F)F)c2)cc2[C@H](C)Nc(ncn3)c(c34)c(-c5ccc(F)cc5)c(o4)-c6cccc(O)c6,-3.724,41,-0.09082926829268294
c1ccccc1N2CCC[C@H]2[C@H](C)Nc(c(C#N)cn3)c(c34)cc(c(c4)-c5ccc(=O)n(C)c5)Nc6cc(nn6C)[C@@H]7CC[N@@H+](C)CC7,-3.722,48,-0.07754166666666666
O=c(n1)n(C)ccc1-c2cc(-c(cc3)ccc3OCC)cc(c24)cnc(n4)N[C@H](C)c5cccc(c5)[C@](F)([NH3+])CO,-3.721,41,-0.09075609756097561
CNc1ncc(-c2cccs2)c([nH+]1)NCC[NH3+],-3.721,17,-0.21888235294117647
OCCNc(n1)c(C(=O)N)c(n12)nc(C)cc2-c3cc[nH+]cc3,-3.719,23,-0.16169565217391305
Cc1ccc(C)c(c1)-c2cc(C)nc(n2)NCCN3CCN(CC3)CCn4cc[nH+]c4,-3.718,31,-0.11993548387096774
FC(F)(F)c(c1)cc(N)cc1[C@H](C)Nc(ncn2)c(c23)cc(-c(n4)n(CC(=O)N(C)C)c(c45)cccc5)c(c3)-c6cccc(=O)cc6,-3.718,47,-0.0791063829787234
c1ccccc1CNc([nH+]c2NCC)ncc2-c3cccnc3,-3.718,23,-0.16165217391304348
Nc(c1)cccc1-c(c(c23)c(ncn2)NCC)c(o3)-c4ccncc4,-3.717,25,-0.14868
Cc1ccc(cc1)C[N@H+](C)CC[N-]c(n2)c(C(=O)N)c(n23)nc(-c4cccs4)cc3-c5ccncc5,-3.716,36,-0.10322222222222223
Cc1ncc(s1)-c(c2)c(-c3ccccc3)cc(c24)oc(n4)N5CCOCC5,-3.716,27,-0.13762962962962963
Cc1cc(C(F)(F)F)ccc1N2C(=O)CC[C@@H]2Nc(ncn3)c(c34)c(-c5ccc(F)cc5)c(o4)-c6ccccc6C[NH+](C)C,-3.716,44,-0.08445454545454546
c1cc(Cl)ccc1-c(o2)c(-c(cc3)ccc3CO)c(c24)c(ncn4)NC[C@H](C[NH2+]CC5)c(c56)cccn6,-3.716,37,-0.10043243243243244
c1cc(Br)ccc1-c(c(c2)NC(C)C)cc(c23)ncc(C#N)c3NCCO,-3.715,27,-0.1375925925925926
NC(=O)c1ccc(cc1)-c(c2)c(-c3cccc(F)c3)cc(c24)nc(o4)N5CCOCC5,-3.715,31,-0.11983870967741934
CCOc(c1)c(OC)cc(c12)[nH+]cnc2NCC[NH+](C)C,-3.714,21,-0.17685714285714285
Cc1cccc(c1)-c(o2)c(-c3cccc(N)c3)c(c24)c(ncn4)N[C@@H]5CC[C@@H]5c6ccccc6,-3.714,34,-0.10923529411764706
c1ccccc1C[C@@H]([NH3+])Nc(n2)c(nc(nc3)NC4CC4)c3c(c25)ccc(c5)-c6ccc(CO)cc6,-3.713,36,-0.10313888888888889
CN(C)Cc(c1)cccc1-c(c(c2)OC)cc(c23)ncc4c3cc(nc4N)-c5ccccc5O,-3.713,34,-0.10920588235294118
c1ccccc1CNc([nH+]c2NC(C)C)ncc2-c3ccccc3,-3.712,24,-0.15466666666666667
CN(C)C(=O)Cn1ccnc1-c(c2)c(-c3cccc(F)c3)cc(c24)n(C)c(n4)N5CCOCC5,-3.712,34,-0.1091764705882353
OCc1ccccc1-c(c2)c(-c3cc(F)ccc3F)cc(c24)nc(o4)N5CCOCC5,-3.712,31,-0.11974193548387098
COc1cccc(c1)[C@H](C)Nc2ncc(-c3ncccc3[O-])c(n2)-c4cccc(=O)n4C,-3.711,32,-0.11596875
CCc1cccc(c1)-c(c2)c(-c3ccc(F)cc3)cc(c24)n(C)c(n4)N5CCOCC5,-3.71,31,-0.11967741935483871
CNc1[nH+]c(NCC(=O)N)ncc1-c2cccc(Cl)c2,-3.71,20,-0.1855
COc1ccc(cc1O)-c(c2)nc(N)c(c23)cnc4c3cc(OC)c(c4)-c5ccccn5,-3.71,32,-0.1159375
Cc1cc(N)ccc1S(=O)(=O)[N-]c2nc(-c3ccccn3)ncc2-c4cccc(C#N)c4,-3.71,32,-0.1159375
C[NH2+]CCc(n1)c(-c2ccoc2)cc(c13)cnc(n3)NCC(=O)Nc(cc4)cc(c45)OCC5,-3.71,33,-0.11242424242424243
Cc1ccc(cc1)-c(o2)c(-c3cncn3C)c(c24)c(ncn4)N[C@H](C)COc5cccc(C)c5,-3.709,34,-0.10908823529411765
Fc1cc(F)cc(c1)-c(c2)c(-c3ccccc3)cc(c24)oc(n4)N5CCOCC5,-3.708,29,-0.12786206896551724
Cc1cccc(c1)NC(=O)Nc(n2)c(C(=O)N)c(n23)nc(-c4ccc(F)cc4)cc3-c5ccccc5,-3.708,36,-0.10300000000000001
COc1ccc(cc1)C(=O)c(o2)c(-c3cccc(c3)[C@H](C)O)c(c24)c(ncn4)NCC(=O)N5CCCCC5,-3.708,38,-0.09757894736842106
c1cnccc1-c(c2)ccc(c23)nc(-c(n4)n(C)cc4C)nc3-c5ccncc5C(=O)N6CCCCC6,-3.707,37,-0.10018918918918919
CN(C)Cc(c1)cccc1-c2cc(-c(cnc3C)n3CC(=O)N(C)C)cc(c24)ncnc4N[C@H](C)c5ccc(C(F)(F)F)cc5N,-3.707,46,-0.08058695652173913
Cc1onc(C)c1-c(c(c2)NCCC)cc(c23)ncc(C#N)c3NCc4cccc(c4)NC(=O)C,-3.706,35,-0.10588571428571429
Cc1ccc(cc1)[C@H](C)Nc(ncn2)c(c23)c(c(o3)-c4cccnc4)-c5ccc(nc5)C[NH+](C)C,-3.706,35,-0.10588571428571429
c1cc(C)ccc1CNc(cc(c23)c(NC)c(C#N)c[nH+]2)c(c3)-c4cccc(c4)C(=O)N(C)C,-3.705,34,-0.10897058823529412
Cc1cnc(C)cc1-c(c(c2)NCC)cc(c23)[nH+]cc(C#N)c3NC,-3.705,25,-0.1482
c1cc(C)ccc1[C@@H](C)Nc([nH+]2)nc(NC)c(c23)nc(cc3)-c4cccc(c4)[NH2+]C(C)C,-3.704,32,-0.11575
[NH3+]CCCNc1nc(NC)nc(c12)ccc(n2)-c3ccccc3,-3.703,23,-0.161
n1ccc(=O)ccc1-c2cc([C@@H](C)CC)cc(c23)ncnc3N[C@H](C)c4cn(C)cc4C,-3.703,32,-0.11571875
Cn1cc[nH+]c1-c(cc2)nc(c23)c(nc(n3)NCC[NH3+])NC4CCCC4,-3.703,26,-0.14242307692307693
COCc1ccc(cc1)-c(c2)c(-c3ccc(OC)cc3)cc(c24)nc(o4)N5CCOCC5,-3.702,32,-0.1156875
Cn1c(C)ncc1-n2c(=O)c(-c3ccncc3)c(C)c(c24)cnc(n4)Nc5ccco5,-3.702,31,-0.11941935483870968
Cn1c(C)ncc1-c2nc(-c(c(n3)C)cn3CC)nc(c24)ccc(c4)-c5ccc(nc5)C[C@@H]6CCN(C6)C(=O)CO,-3.702,41,-0.09029268292682927
Cc1ccc(c(Br)c1)-c(n2)c(-c3ccn(C)c(=O)c3)cc(c24)cnc(n4)NCCN5CCOCC5,-3.702,35,-0.10577142857142857
COc1ccccc1-c(c2)c(-c3ccc(S(=O)(=O)N)cc3)cc(c24)nc(o4)N5CCOCC5,-3.701,33,-0.11215151515151515
o1cc(F)cc1-c(cc2)cc(c23)c(-c(cc4)ccc4OC)nc(n3)-c5ccc(C(=O)N(C)C)c(c5)OC,-3.701,37,-0.10002702702702702
Nc(c1)cccc1[C@H](C)Nc(ncn2)c(c23)c(-c4cccc(C(F)(F)Cl)c4)c(o3)-c5ccc(=O)n(C)c5,-3.7,37,-0.1
COc1cc(O)ccc1-c(c2)c(-c3ccccc3C)cc(c24)oc(n4)N5CCOCC5,-3.7,31,-0.11935483870967742
CC[C@](F)(C)c1cc(N)cc(c1)[C@H](C)Nc(cc(n2)-c3cccc(C)c3)n(c24)ncc4-c5ccc(C)nc5,-3.7,38,-0.09736842105263159
CCn1cc(c(n1)C)-c2cnc(-c3ccncc3)nc2NC(=O)c4cc(N)cc(C(F)(F)F)c4,-3.7,34,-0.10882352941176471
COc1cccc(c1)[C@H](C)Nc(nc2)nc(c23)n(c(=O)c(c3C)-c4cccc(F)c4)-c5ccnc(c5)NC(=O)C,-3.7,40,-0.0925
CC[N@H+]1CC[C@@H](CC1)Nc(c2)c(-c3ccoc(=O)c3)cc(c24)ncc(C#N)c4NC(C)C,-3.698,32,-0.1155625
COc1ccc(cc1)-c(c2)c(OC)cc(c23)c(c(cn3)C#N)NCC[NH+](C)C,-3.697,28,-0.13203571428571428
c1ccccc1-c(cc2)nc(c23)c(NCCCO)nc(n3)NCc4ccccc4,-3.696,29,-0.12744827586206897
Cc(c1)cccc1-c(cc2)nc(c23)c(NCC)nc([nH+]3)NCCN4CCCC4,-3.696,28,-0.132
c1cnccc1-c(cc2)nc(c23)c(NCC)nc(n3)NCc4cccc(C)c4,-3.694,28,-0.13192857142857142
FC(F)(F)c(cc1)ccc1[C@H](C)Nc(ncn2)c(c23)c(c(o3)-c4ccncc4)-c5ccc(nc5)C[NH+](C)C,-3.694,38,-0.09721052631578947
Cc1ccc(c(N)c1)-c(c2)c(-c3ccc(F)cc3)cc(c24)oc(n4)N5CCOCC5,-3.694,30,-0.12313333333333333
n1ccncc1-c(c(c2)OC)cc(c23)ncc(C#N)c3N[C@H](C)c4cccc(c4)[C@H](C)O,-3.694,32,-0.1154375
Cc1ccc(N(C)C)c(c1)[C@H](C)Nc(ncn2)c(c23)c(-c4ccccc4F)cc(c3)-c5ccsc5,-3.693,35,-0.10551428571428571
N#Cc(c(C)c1)ccc1Nc(ncn2)c(c23)c(-c(c4)cccc4OC)c(o3)CCN5CC[NH+](C(C)C)CC5,-3.693,38,-0.09718421052631579
Cc1cc(C)c(c[nH+]1)NC(=O)Cc2cccc(c2)-c(nc(n3)C)c(c34)scc4,-3.692,28,-0.13185714285714287
Cc1ccc(cc1)CNc2ncc(-c3ccccc3)c([nH+]2)N[C@H](C)Nc4cc(N)cc(C(F)(F)F)c4,-3.692,36,-0.10255555555555557
c1cnccc1-c(c2)c(cc(c23)c(NCC)c(C#N)c[nH+]3)NC[C@@H]4CC[N@H+](C4)C(C)C,-3.691,31,-0.11906451612903225
C[NH+](C)Cc(nc1)ccc1-c(c(c2)OC)cc(c23)ncc(C#N)c3N[C@@H](C(C)C)c4cccc(N)c4,-3.688,36,-0.10244444444444445
Cc1ccc(cc1)OC[C@H](O)Nc(ncn2)c(c23)cc(S(=O)(=O)C(C)(C)C)c(c3)-c4ccsc4,-3.687,34,-0.10844117647058824
C[C@H]([NH3+])[C@H](C)Nc(ncn1)c(c12)cc(S(=O)(=O)C(C)(C)C)c(c2)-c3cccc(c3)N(C)C,-3.687,32,-0.11521875
c1cncc(c12)n(C[C@@H](F)[NH+](C)C)c(n2)-c(cc3)cc(c34)ncnc4NCc5ccc(Cl)cc5,-3.687,34,-0.10844117647058824
CN(C)C(=O)c(c1)nccc1-c(c(c2)-c(cc3)ccc3C)cc(c24)n(C)c(n4)N5CCOCC5,-3.687,34,-0.10844117647058824
O=c1n(C)c(C)ccc1-c(c(c2)OC)cc(c23)ncc(C#N)c3N[C@H](C)c4cc(C)cc(C)c4,-3.687,34,-0.10844117647058824
CCOCCNc(c(C#N)c[nH+]1)c(c12)cc(NC3CCCC3)c(c2)-c4cccnc4,-3.686,30,-0.12286666666666667
C[NH+](C)CCNc(c(C#N)cn1)c(c12)cc([N-]S(=O)(=O)C)c(c2)-c3cccnc3,-3.686,29,-0.12710344827586206
Cc1nnc(CCO)cc1-c(c2)c(CCc3ccccc3)cc(c24)c(ncn4)N[C@@H]5CCCN(C5)c6ccc(C(F)(F)F)cc6,-3.686,45,-0.08191111111111112
COCC(=O)Nc1cncc(c1)-c(c2)c(-c3c(C)noc3C)cc(c24)c(ncn4)N[C@H](C)c5cccc(Cl)c5,-3.686,39,-0.0945128205128205
[NH3+]CCNc(ncn1)c(c12)cc(-c3ccncc3)c(c2)-c4ccncc4,-3.685,26,-0.14173076923076924
CCn1cc(cn1)-c(cc2)cc(c23)ncnc3NCC(=O)Nc4cc(C(F)(F)F)co4,-3.684,31,-0.11883870967741936
O=C([O-])c(c1)cccc1-c(n2)cc(nc2C)Nc3ncc(s3)-c4ccccc4,-3.684,28,-0.1315714285714286
Cc1ccc(cc1)-c(cc2)cc(c23)c(nc(n3)-c4ccc(F)cc4)-c5ccn(n5)CCC(=O)N(C)C,-3.684,36,-0.10233333333333333
Cc1cccc(c1)[NH2+][C@H](C)Nc2nc(C)cc(n2)-c3ccccc3Cl,-3.684,25,-0.14736000000000002
CCOc1cc(N)cc(c1)-c(c2)c(-c3occc3C)cc(c24)c(ncn4)NC(=O)Nc5cc(C)ccc5OC,-3.684,39,-0.09446153846153847
O=c(c1)occc1-c(c(c2)NCCC)cc(c23)[nH+]cc(C#N)c3NCCO,-3.684,27,-0.13644444444444445
CCCNc(n1)c(C(=O)N)c(n12)nc(-c3ccc(OC)cc3)cc2-c4ccc(C)cc4,-3.682,31,-0.1187741935483871
c1ccccc1-c(cn2)c(n23)nc(-c(cc4)ccc4C)nc3Nc5ccc(cn5)N6CN[C@H](C)CC6=O,-3.681,37,-0.09948648648648649
CCCNc(ncn1)c(c12)c(c(o2)-c3ccn(n3)C)-c4ccc(C)cc4,-3.681,26,-0.14157692307692307
Cn1ccc(n1)Nc2[nH+]cc(-c3cnccn3)c(n2)NCc4ccccc4,-3.679,27,-0.13625925925925925
CCCn1cc(ccc1=O)-c(cc2)cc(c23)nc(N[C@H](C)c4cccc(c4)C(C)C)c5c3cnc(n5)NC6CC6,-3.678,40,-0.09195
Cc1ccc(C)c(c1)-c(cn2)c(n23)nc(-c4ccc(F)cc4)nc3NC(C)(C)c5cc(N)cc(C(F)(F)F)c5,-3.678,39,-0.0943076923076923
Clc1ccccc1-c(n2)cc(nc2C)Nc3ncc(s3)-c4cccc(n4)N5CCCC5,-3.678,31,-0.11864516129032258
Fc(c1)cccc1-c(cc2C)nc(n2)NCCN3CCN(CC3)CCn4ccnc4,-3.677,30,-0.12256666666666667
CCNc(n1)c(C(=O)N)c(n12)nc(C)cc2-c3cc[nH+]cc3,-3.676,22,-0.1670909090909091
c1ncccc1Nc(nc2NC)[nH+]cc2-c3ncc(C)n3C,-3.676,22,-0.1670909090909091
Cc1cccc(c1)C(=O)Nc(nc2NCCC(=O)N)nc(c23)ccc(n3)-c4cccc(c4)[NH2+]C(C)C,-3.676,36,-0.10211111111111111
CCNc1nc(NCC)[nH+]c(c12)ccc(n2)-c3ccc(F)cc3,-3.675,23,-0.15978260869565217
c1cc(Cl)cc(c12)C[N@H+](C2)C[C@@H](C)C(=O)Nc(c(c34)ncn4C)nc(n3)-c5ccncc5,-3.674,32,-0.1148125
C[NH+](C)CCNc(ncn1)c(c12)c(-c(c3)cccc3C)c(o2)-c4ccc(C)c(C)c4,-3.674,30,-0.12246666666666667
FC(F)(F)c(c1)cc(cc1C)CNc(ncn2)c(c23)c(cc(c3)-c4ccc(=O)n(n4)C)-c5cc(ccn5)C(=O)N6CCCCCC6,-3.673,46,-0.07984782608695652
CCOc(c1)cc(N)cc1-c(c2)c(cc(c23)c(ncn3)NCC)-c4ccc(=O)n(c4)CCN(C)C(=O)CC,-3.671,38,-0.09660526315789474
COc1ccc(cc1)-c2cc(nc(n2)C)Nc3ncc(s3)-c4cccc(c4)C(=O)N,-3.67,30,-0.12233333333333334
CCNc1nc(NCCC)[nH+]c(c12)ccc(n2)-c3ccccc3F,-3.67,24,-0.15291666666666667
Cc1[nH+]cn(CC[NH3+])c1-c(c2)c(-c3ccc(C(F)(F)F)cc3)cc(c24)n(C)c(n4)N5CCOCC5,-3.669,35,-0.10482857142857142
O=c1n(C)c(C)ccc1-c(c(c2)OC)cc(c23)ncc(C#N)c3N[C@H](C)c4cc(N)ccc4C,-3.669,34,-0.10791176470588236
COCNc1[nH+]c(N[C@H](CO)[C@H](C)O)ncc1-c2ccc(OC)cc2,-3.669,25,-0.14676
OCCc(c1)cccc1[C@H](C)Nc(nc[nH+]2)c(c23)ccc(c3)-c4cccnc4,-3.669,28,-0.13103571428571428
Cc1ccncc1-c(c2)c(-c3ccc(F)cc3)cc(c24)oc(n4)N5CCOCC5,-3.668,29,-0.12648275862068967
Cc1ccc(cc1)C(C)(C)Nc(c2)c(-c3ccc(C(=O)N)cc3)cc(c24)ncc(C#N)c4NCCO,-3.667,36,-0.10186111111111111
Fc1ccccc1-c(c2)c(-c3ccccc3)cc(c24)nc(o4)N5CCOCC5,-3.667,28,-0.1309642857142857
COc1cccc(c1)-c(nc2[N-]C(=O)N)nc(n23)c(cn3)-c4cccc(F)c4,-3.666,28,-0.13092857142857142
COc1cc(cc(c1)[C@H](C)O)-c(c2)c(-c3ccc(F)cc3)cc(c24)nc(n4C)N5CCOCC5,-3.665,34,-0.10779411764705882
Cc(c1)cccc1CNc2nc(NCC[NH2+]CC)nc(c23)ccc(n3)-c4cccc(c4)OC,-3.665,33,-0.11106060606060607
NC(=O)c(c1)cccc1-c(c(c23)c(ncn2)NC(C)C)c(o3)-c4ccc(Cl)cc4,-3.664,29,-0.1263448275862069
Cc1cccc(c1)-c(c2)c(-c3cccc(F)c3)cc(c24)nc(o4)N5CCOCC5,-3.664,29,-0.1263448275862069
O=C([O-])Cc(c1)cccc1-n2c(=O)c(-c3ccncc3)c(C)c(c24)cnc(n4)NCc5cccc[nH+]5,-3.664,36,-0.10177777777777779
COc1cc(F)cc(c1)-c2cc(nc(n2)C)Nc3ncc(s3)-c4ccc(C)cc4,-3.664,29,-0.1263448275862069
CCCn1cc(cn1)-c(c2)c(OC)cc(c23)[nH+]cnc3NCC[NH+](C)C,-3.663,26,-0.14088461538461539
COc1ccc(cc1)CNc2nc(N[C@H](C)c3ccc(o3)C)[nH+]cc2-c4cn(C)c(n4)C,-3.663,32,-0.11446875
n1oc(C)cc1-c(n2)cc(nc2C)Nc3ncc(s3)-c4ccccc4,-3.662,25,-0.14648
COc(cc1)cc(c12)c(cn2C)-c3cnc(NC(=O)N)nc3-c4ccccc4C#N,-3.661,30,-0.12203333333333334
Fc(c1)cccc1NC(=O)Nc(cc(n2)-c3cccnc3)n(c24)ncc4-c5ccc(F)cc5,-3.66,33,-0.11090909090909092
c1cccc(c12)OC(=C/C(=O)NC2=O)\c(c(c3)OC)cc(c34)ncc5c4cc(nc5N)-c6ccccc6F,-3.659,38,-0.09628947368421052
COc1cc(O)ccc1-c2cc(nc(n2)C)Nc3ncc(s3)-c4cccnc4,-3.658,28,-0.13064285714285714
Cc1cc(C)ccc1-c2cc(-c(cc3)ccc3OCC)cc(c24)cnc(n4)N[C@H](C)c5cc(N)cc(C(F)(F)F)c5,-3.657,41,-0.08919512195121951
c1ccccc1[C@H](C)Nc(c2)c(-c3ccnn3C)cc(c24)[nH+]cc(C#N)c4NCCO,-3.657,31,-0.11796774193548387
C1OCC[C@H]1[N@@H+](C)CCNc([nH+]c2NCC)ncc2-c3cccc(c3)OC,-3.657,27,-0.13544444444444445
CN(C)c1ccc(C(F)(F)F)cc1[C@H](C)Nc(nc2)nc(c23)c(-c4ccn(c4)C(=O)N)cc(c3)-c5ccc(Cl)cc5,-3.656,41,-0.08917073170731708
c1ncccc1-c(cc2)nc(c23)c(NCC)nc(n3)NCc4ccc(F)cc4,-3.656,28,-0.1305714285714286
Cc1ccccc1-c2cnc(nc2-c3ccno3)NC(=O)NCc4ccccc4,-3.655,29,-0.12603448275862067
Cc1ccc(C)c(c1)N2CC[C@@H](C2)C(=O)Nc3nc(C)cc(n3)-c4ccc(F)cc4,-3.655,30,-0.12183333333333332
Clc1ccccc1-c(n2)cc(nc2C)Nc3ncc(s3)-c4ccc(nc4)C[NH+](C)C,-3.653,30,-0.12176666666666666
COc1ccccc1-c(o2)c(-c3cccc(c3)C(=O)N)c(c24)c(ncn4)N[C@H](C)c5cccc(c5)C(F)(F)CO,-3.652,40,-0.0913
Cc1cccc(c1)CNc2nc(Nc3ccc(F)cc3)[nH+]cc2-c4cnnc(c4)CN(C)C,-3.651,33,-0.11063636363636363
COc1ccc(cc1)-c2ncc(-c3ccoc3)c(n2)NC(=O)CN4CCCC4,-3.651,28,-0.13039285714285714
Fc(c1)cccc1Nc(n2)ncc(c23)c(C)c(-c4ccncc4)c(=O)n3CCN5CCCCCC5,-3.651,35,-0.1043142857142857
Cn1c(C)cnc1-n2c(=O)c(-c3ccncc3)c(C)c(c24)cnc(n4)Nc5ccco5,-3.651,31,-0.11777419354838708
FC(F)(F)c(c1)cc(N)cc1[C@H](C)Nc(ncn2)c(c23)c(-c4ccn(n4)C)c(o3)-c5cccc(F)c5,-3.65,36,-0.10138888888888889
CN(C)Cc(c1)cccc1-c(c(c2)OC)cc(c23)ncc(C#N)c3N[C@H](C)c4cccc(c4)[C@H](C)O,-3.65,36,-0.10138888888888889
COc1ccccc1-c(c2)c(-c3ccccc3O)cc(c24)ncnc4N[C@@H]5CCOC5,-3.649,31,-0.11770967741935484
Nc1cccnc1/[NH+]=c2\nc(NCC)[nH]c(c23)ccc(n3)-c4cccc(c4)OC,-3.649,29,-0.12582758620689655
COc1cccc(c1)-c(c2)c(-c3ccccc3OC)cc(c24)oc(n4)N5CCOCC5,-3.649,31,-0.11770967741935484
Cc1ccc(cc1C)-c(cn2)c(n23)nc(cc3N[C@H](C)CO)-c4cccc(c4)C(=O)N(C)C,-3.648,33,-0.11054545454545454
COc1ccccc1-c(n2)c(-c3ccnc(C)c3)cc(c24)cnc(n4)NC[C@H](C)N5CCCC5,-3.648,34,-0.10729411764705883
FC(F)(F)c(c1)cccc1[C@H](CC)Nc(ncn2)c(c23)cc(-c4cc(C)n(n4)C)c(c3)-c5ccc(cc5)C[NH+](C)C,-3.647,41,-0.08895121951219512
Cn1c(C)[nH+]c(C)c1-c(cnc2NC)c([nH+]2)NCCc3ccccc3,-3.645,25,-0.1458
c1ccccc1-c(s2)cnc2Nc(nc3C)cc(n3)-c4cccc(c4)CC(=O)N5CCCCC5,-3.645,34,-0.10720588235294118
c1ccccc1-c(c(o2)-c(cs3)nc3C)c(c24)c(ncn4)N[C@H](C)c5cc(N)cc(C(F)(F)F)c5,-3.644,35,-0.10411428571428571
OCC(O)(O)c1ccc(cc1)-c(c2)c(-c3ccccc3F)cc(c24)nc(o4)N5CCOCC5,-3.643,33,-0.11039393939393939
Cc1cccc(c1)CCNc(c(c23)ncn3C)nc(n2)-c4ccc([O-])cc4F,-3.643,28,-0.13010714285714284
Cc1ccc(cc1)-c(cc2)cc(c23)c(-c4cccc(C(=O)[O-])c4)nc(n3)-c5cn(C)c(n5)C,-3.642,33,-0.11036363636363636
c1cc(Cl)ccc1-c(c(n2)-c(c(o3)C)cc3C)cc(c24)cnc(n4)NC[C@H](C)N5CCCC5,-3.642,33,-0.11036363636363636
O=c(c1)ccccc1-c(c(c2)NCC)cc(c23)[nH+]cc(C#N)c3NC(C)C,-3.641,27,-0.13485185185185186
COc1cc(cc(c1)N(C)C)-c(c2)nc(N)c(c23)cnc4c3cc(OC)c(c4)-c5ccncc5,-3.641,34,-0.10708823529411765
Cc1cccc(c1)[C@H](C)Nc(c2)c(-c3cccc(=O)nc3)cc(c24)[nH+]cc(C#N)c4NC(C)C,-3.641,34,-0.10708823529411765
FC(F)(F)c(c(N)c1)c(N)cc1[C@H](C)Nc(ncn2)c(c23)c(cc(c3)-c4cnc(=O)n(C)c4)-c5ccnc(c5)[C@@H]6CC[N@H+](C)C6,-3.64,45,-0.08088888888888889
Clc1ccccc1-c(c(c2)-c(c3)ccn3C)cc(c24)oc(n4)N5CCOCC5,-3.639,28,-0.1299642857142857
COc1ccc(cc1O)-c(c2)nc(N)c(c23)cnc4c3cc(OC)c(c4)-c5ccn(C)c(=O)c5,-3.639,34,-0.10702941176470587
CN(C)C(=O)c(cc1)ccc1-c(nc(c23)nc(NC)nc2)c(c3)-c4cccc(C)c4,-3.638,30,-0.12126666666666666
COc1ccccc1-c(cc2-c3ccccc3)cc(c24)ncnc4NCC(C)(C)[NH3+],-3.638,30,-0.12126666666666666
CNc1c(C#N)cnc(c12)cc(c(c2)NCC)-c3ccc(cc3)N4CCCC4=O,-3.638,29,-0.12544827586206897
O=c(c1)n(C)ncc1-c(c(c2)OC)cc(c23)ncc(C#N)c3N[C@H](C)c4ccc(cc4)[C@H](C)OC,-3.638,35,-0.10394285714285714
C1COCCN1c([nH+]2)n(C)c(c23)cc(c(c3)-c4ccccc4C[NH3+])-c5ccccc5C(=O)c6ccccc6,-3.637,38,-0.09571052631578947
Fc1ccc(F)cc1-c(c(c2)-c(ccn3)ccc3=O)cc(c24)nc(o4)N5CCOCC5,-3.637,31,-0.1173225806451613
Nc1ccc[nH+]c1Nc2nc(NCC)nc(c23)ccc(n3)-c4cccc(c4)OC,-3.637,29,-0.12541379310344827
COc1ccc(cc1O)-c(cc2)cc(c23)c(-c4cccc(C)c4)nc(n3)-c5ccccn5,-3.637,32,-0.11365625
CN(C)c([nH+]1)cccc1-c(c2)cc(-c(cnn3C)c3NC(=O)COC)c(c24)c(ncn4)N[C@H](C)c5cc(N)cc(C(F)(F)F)c5,-3.637,45,-0.08082222222222223
CCc1ccc(cc1)-c(cc2)cc(c23)c(-c4ccccc4C(=O)[O-])nc(n3)-c5ccccc5C(=O)N(C)C,-3.636,38,-0.09568421052631579
Cn(n1)ccc1-c(cc2)nc(c23)c(NCCC)nc(n3)NCc4ccc(C)cc4,-3.636,29,-0.12537931034482758
Cc1cccc(c1)-c2cnc(s2)Nc3cc(nc(n3)C)-c4[nH+]c(C)cn4C,-3.635,27,-0.13462962962962963
c1cc(F)ccc1-c(c(c2)-c(cn3C)ccc3=O)cc(c24)nc(n4C)N5CCOCC5,-3.635,31,-0.11725806451612902
COc1ccccc1-c(c2)c(-c3ccccc3Cl)cc(c24)nc(o4)N5CCOCC5,-3.635,30,-0.12116666666666666
c1ccccc1CNc([nH+]c2N[C@@](C)([NH3+])CC)ncc2-c3cccc(Cl)c3,-3.635,27,-0.13462962962962963
COc1ccc(cc1)-c(c2)c(-c3ccccc3)cc(c24)nc(o4)N5CCOCC5,-3.634,29,-0.1253103448275862
Cc1cccc(c1)C[N-]c(n2)c(C(=O)N)c(n23)nc(-c4cc(C)on4)cc3-c5ccc(C)n(C)c5=O,-3.634,36,-0.10094444444444445
c1cccc(c12)cc(cc2)-c(cc3)nc(c34)c(NCC)nc(n4)NCc5cccc(C)c5,-3.633,32,-0.11353125
COc1cccc(c1)-c(cc2)nc(c23)c(\nc([nH]3)NCC[NH3+])=[NH+]\c4cc[nH+]nc4,-3.633,29,-0.12527586206896552
Cc1ccccc1-c(c2)c(-c3ccccc3F)cc(c24)nc(n4C)N5CCOCC5,-3.632,30,-0.12106666666666667
FC(F)(F)c(c1)cccc1[C@H](C)Nc(ncn2)c(c23)c(c(o3)-c4ccon4)-c5ccccn5,-3.632,33,-0.11006060606060607
CCn1cc(C)c(c1)-c(c2)c(OC)cc(c23)c(c(C#N)c[nH+]3)NC[C@H](O)c4cccc(c4)OC,-3.63,34,-0.10676470588235294
C1COCCN1c(n2)n(C)c(c23)cc(-c4ccccn4)c(c3)-c5ccccc5F,-3.628,29,-0.12510344827586206
FC(F)(F)c(c1)cc(N)cc1[C@H](C)Nc(c2)c(-c3cccnc3)cc(c24)[nH+]cc(C#N)c4NCCCl,-3.626,36,-0.10072222222222221
c1ccccc1CNc([nH+]c2NC)ncc2-c3cccc(c3)OC,-3.625,24,-0.15104166666666666
c1cc(O)ccc1-c(c(c2)OC)cc(c23)ncc4c3cc(nc4N)-c5cnn(C)c5C,-3.625,31,-0.11693548387096774
CC[N@H+]1CC[C@@H](CC1)[C@H](C)Nc(ncn2)c(c23)cc(c(c3)-c4cccn4C)-c5cccc(c5)C(=O)Oc6ccc(C)cc6,-3.624,43,-0.08427906976744186
Oc(c1)cccc1[C@H](CC)Nc(ncn2)c(c23)c(c(o3)-c4ccccn4)-c5ccccc5C,-3.623,33,-0.1097878787878788
FC(F)(F)c(n1C)nc(C)c1-c(c(c2)OC)cc(c23)ncc(C#N)c3N[C@H]([NH3+])c4cc(C)cc(C(F)(F)F)c4,-3.622,39,-0.09287179487179487
C1COCCN1c(n2)n(C)c(c23)cc(-c4ccc(F)cc4)c(c3)-c5cccnc5,-3.622,29,-0.12489655172413792
Cc1ccc(cc1)-c(c2)c(-c3ccccc3)cc(c24)nc(n4C)N5CCOCC5,-3.622,29,-0.12489655172413792
Cn1c(C)[nH+]cc1-c2nc(-c(nc3C)c(C)c(C)c3C)nc(c24)ccc(c4)-c5ccn(C)c5,-3.622,33,-0.10975757575757575
COC(=O)c1ccc(=O)cc(c1)-c(c(c23)c(ncn3)NCC(C)(C)[NH3+])cc(c2)-c4ccc(F)cc4,-3.621,35,-0.10345714285714286
CCCNc1[nH+]c(NCC)ncc1-c2cccc(c2)C(=O)N,-3.619,22,-0.1645
CC(C)(O)c(c1)cc(cc1C)[C@H](C)Nc(n2)c(nc(nc3)NC4CC4)c3c(c25)ccc(c5)-c6cccc(C#N)c6,-3.619,40,-0.090475
c1cc(F)ccc1-c(n2)cc(nc2C)Nc3ncc(s3)-c(nc4)nc(c45)CCCN5C,-3.618,31,-0.11670967741935484
Fc(c1)cccc1-c2cc(-c(cn3)cn3CC)cc(c24)ncnc4N[C@H](C)c(cc5)cc(c56)N(CC6)[C@H](C)C(C)C,-3.618,41,-0.08824390243902439
c1cc(=O)cccc1-c(c2)cc(-c3ccccc3C(=O)N)c(c24)c(ncn4)N[C@H](CO)c5ccc(Cl)cc5,-3.617,38,-0.09518421052631579
CCC(CC)[N@H+]1CC[C@@H](CC1)Nc(n2)c(ncnc3)c3c(c24)ccc(c4)-c5nncn5CCO,-3.617,34,-0.10638235294117647
COc1ccccc1-c(c(c2)NCC)cc(c23)[nH+]cc(C#N)c3NCCO,-3.616,27,-0.13392592592592592
Cn(c1)c(=O)ncc1-c(c2)cc(-c(nc3C)nc(C)c3N)c(c24)c(ncn4)N[C@H](C)c5cc(C(F)F)cc(C(F)(F)F)c5,-3.615,43,-0.08406976744186047
CN(C)C(=O)Cn(c(=O)c1)ccc1-c(c(c2)OC)cc(c23)ncc(C#N)c3N[C@H](F)c4ccccc4,-3.615,36,-0.10041666666666667
c1cc(F)ccc1-c(n2)ccc(c23)[nH]c(NC)n/c3=[NH+]\[C@@](F)(C)c4cccc(c4)C[NH3+],-3.614,31,-0.11658064516129032
CCNc1[nH+]cc(-c2nnoc2C)c(n1)NCc3ccc(OC)cc3,-3.614,25,-0.14456
Cc1cccc(c1)OC[C@H](C)Nc(ncn2)c(c23)c(-c4c(F)ccc(C)c4C)c(o3)-c5cnc(nc5)NC(C)C,-3.613,40,-0.090325
Fc1ccc(F)cc1-c(c(c2)-c(cn3)ncc3C)cc(c24)nc(n4C)N5CCOCC5,-3.612,31,-0.11651612903225807
CNc1cccc(c1)-c(o2)c(-c3cccc(c3)CO)c(c24)c(ncn4)N[C@H](C)c5cc(C(F)(F)F)ccc5N,-3.612,39,-0.09261538461538461
COc1cccc(c1)-c(nc2NC(=O)C)nc(n23)c(cn3)-c4ccccc4,-3.612,27,-0.13377777777777777
Cc(c1)cccc1[C@@H](C)Nc(cc(c23)c(NCC)c(C#N)c[nH+]2)c(c3)-c4ccc(=O)n(C(C)C)c(=O)c4,-3.612,37,-0.09762162162162162
c1ccccc1[C@H](C)Nc(nc[nH+]2)c(c23)ccc(c3)-c4cnn(c4)CC(=O)N,-3.611,28,-0.12896428571428573
Cc1cccc(c1)CN2CC[C@@H](C2)Nc(nc(n3)-c4cccc(F)c4)n(c35)ncc5C(=C6)C=CCc(c67)cccc7,-3.61,41,-0.08804878048780487
Cc1ccccc1-c2ncc(-c3ccccc3[C@H](C)O)c(n2)N[C@H](C)c4cc(N)cc(C(F)(F)F)c4,-3.609,36,-0.10025
Cc1ccc(cc1)[C@H](C)Nc(nc2)nc(c23)nc(Cc4cnn(C)c4)c(c3)-c5ccc(N(C)C)c[nH+]5,-3.609,36,-0.10025
c1cc(O)ccc1-c(o2)c(-c(cc3[C@H](C)O)ccc3OC)c(c24)c(ncn4)NC[C@H](O)c5ccc(C)cc5,-3.608,38,-0.09494736842105263
Cc1ccc(cc1)-c(c2)c(-c3cccnc3)cc(c24)n(C)c(n4)N5CCOCC5,-3.608,29,-0.12441379310344827
[NH3+]C[C@@H](C)Nc1nc(-c2ccncc2)ncc1-c3cccc(c3)CN(C)C,-3.606,27,-0.13355555555555554
C1COCCN1c(n2)n(C)c(c23)cc(c(c3)-c4ccccn4)-c5ccc(C(=O)N)cc5,-3.605,31,-0.11629032258064516
COc1ccccc1-c(c2)c(-c3ccccn3)cc(c24)nc(n4C)N5CCOCC5,-3.605,30,-0.12016666666666667
CNC(=O)n1cc(C(F)(F)OF)c(C)c1-c(c(c2)-c(cn3)cn3CC)cc(c24)c(ncn4)N[C@H](C)c5cc(N)cc(C(F)(F)F)c5,-3.604,46,-0.07834782608695652
Cn1c(C)cnc1-c(cn2)c(n23)nc(-c4cccc(F)c4C)cc3NCCN5CCCC5,-3.603,32,-0.11259375
CC(=O)N(C)Cc1cccc(c1)-c(cc2-c3ccc(C)nc3)cc(c24)[nH+]cnc4N[C@H](C)c5cccc(C)c5,-3.603,39,-0.09238461538461538
Cc1ccccc1[C@H](C)Nc(ncn2)c(c23)c(cc(c3)-c4cccnc4)-c5cn(cn5)C(=O)C(=O)OCC[NH+](C)C,-3.603,41,-0.08787804878048781
C[N@H+]1CC[C@@H](CC1)Nc(ncn2)c(c23)c(c(o3)-c4ccc(Cl)cc4)-c5cccc(c5)C(=O)N,-3.602,33,-0.10915151515151515
c1ccccc1CN2CC[C@@H](C2)Nc(nc(n3)-c4ccsc4)n(c35)ncc5-n6ccnc6,-3.601,32,-0.11253125
COc1cc(O)ccc1-c(c2)c(-c3ccccc3)cc(c24)oc(n4)N5CCOCC5,-3.601,30,-0.12003333333333334
COc1ccc(c(C)c1)-c2cnc(NCC[NH3+])nc2-c3ccc(C)cc3,-3.6,26,-0.13846153846153847
COC(=O)c1cccc(c1)-c(cc2)cc(c23)nc(NC(C)C)c4c3cnc(n4)NC5CC5,-3.6,32,-0.1125
c1cccc(c12)OC(=C/C(=O)NC2=O)\c(c(c3)OC)cc(c34)ncc5c4cc(nc5N)-c6ccccc6O,-3.6,38,-0.09473684210526316
C1CCC[C@@H]([N@H+]12)CN(CC2)C(=O)Nc(ncn3)c(c34)c(-c5ccccn5)c(o4)-c6cccc(c6)CO,-3.599,36,-0.09997222222222223
Cc1cccc(C)c1[C@H](C)Nc(nc([nH+]2)NCCO)c(c23)nc(cc3)-c4c(C)noc4C,-3.599,32,-0.11246875
COc1nccnc1-c2cnc(-c3cnc(C)n3C)nc2NCCN(C4)Cc(c45)cc(C)cc5,-3.599,34,-0.1058529411764706
FC(F)(F)c(c1)cccc1Nc2nc(N[C@H](C3)[C@@H](C)CC[N@@H+]3CC)[nH+]c(c24)ccc(n4)-c5cccc(c5)NC(C)C,-3.598,41,-0.0877560975609756
c1cnccc1-c(c2C)c(=O)n(-c(nc3)ncc3C)c(c24)nc(nc4)Nc5cccc(c5)[NH+](C)C,-3.596,35,-0.10274285714285715
COc1ccc(cc1)-c(c2)c(-c3ccc(C(=O)[O-])cc3)cc(c24)nc(o4)N5CCOCC5,-3.596,32,-0.112375
COc1ccc(cc1)-c2ncc(-c3cccnc3)c(n2)NC(=O)CN(C)C,-3.596,27,-0.13318518518518518
OCCNc(ncn1)c(c12)c(-c3cccc(Br)c3)c(o2)-c4ccccc4Cl,-3.595,27,-0.13314814814814815
Cn1nccc1Nc(ncn2)c(c23)c(-c4c(C)n(C)nc4C)cc(c3)-c5nccnc5C(=O)N,-3.595,34,-0.10573529411764707
Cc1n(C)nc(C)c1-c(c(c2)OC)cc(c23)ncc(C#N)c3N[C@H](C)c4cccc(c4)[C@H](C)O,-3.595,34,-0.10573529411764707
OCCn1c(=O)cc(cc1C)-c(c2)c(-c3ccc(Cl)cc3)cc(c24)c(ncn4)NCCC[NH3+],-3.595,33,-0.10893939393939395
Cc1cc(C)cc(c1)[C@H](C)Nc(nc2)nc(c23)n(c(=O)c(c3C)-c4ccccc4F)C5CCN(CC5)Cc6ccccc6,-3.595,43,-0.0836046511627907
c1cc(F)ccc1-c2cc(-c(cn3C)cnc3=O)cc(c24)ncnc4NC(=O)CO,-3.594,30,-0.11979999999999999
FC(F)(F)c(c1)cc(N)cc1[C@H](C)Nc(ncn2)c(c23)c(-c4ccc(=O)n(C)c4)cc(c3)-c5ccc(=O)n(C)c5,-3.593,40,-0.089825
COc1ccc(cc1)-c(c2)c(-c3ccc(C(F)(F)F)cc3)cc(c24)oc(n4)N5CCOCC5,-3.593,33,-0.10887878787878788
CCn1cc(ccc1=O)-c2c[nH+]c(Nc3cccnc3)nc2NCc4cccc(C)c4,-3.593,31,-0.11590322580645161
Cc1ncccc1-c2cnc([nH+]c2NCOC)Nc3cccc(=O)n3[C@H](C)C(=O)N(C)C,-3.592,32,-0.11225
C[C@H]([NH3+])c1ccc(cc1)C(=O)Nc(c2)c(-c3ccc(=O)n(C)c3)cc(c24)ncc(C#N)c4Nc5cnn(C)c5,-3.591,39,-0.09207692307692308
Cc1ccc(cc1)-c2cnc(s2)Nc3cc(nc(n3)C)-c4cc(C)sn4,-3.591,26,-0.1381153846153846
NCc(c1)cccc1[C@H](C)Nc2ncc(-c3ccccc3F)c(n2)-c4ccncc4,-3.591,30,-0.1197
CN(C)C(=O)Cn(n1)ccc1-c(c2)cc(-c(c3)cccc3NC(=O)C)c(c24)c(nc[nH+]4)NC[C@H](O)c5cccc(C)c5,-3.589,42,-0.08545238095238095
COc(c1)nccc1-c(o2)c(-c(c3)cc(OC)cc3OC)c(c24)c(ncn4)N[C@H](C)c5ccc(N)cc5C(F)(F)F,-3.589,41,-0.08753658536585365
CCc1ccc(cc1)-c(cc2)cc(c23)c(-c4cc(on4)OC)nc(n3)-c5coc(c5)C(=O)N(C)C,-3.589,35,-0.10254285714285714
C1COCCN1c(n2)n(C)c(c23)cc(-c4ccccc4)c(c3)-c5cccnc5,-3.588,28,-0.12814285714285714
CCNc(nc1)nc(c12)n(CC(C)(C)O)c(=O)c(c2C)-c3cccnc3,-3.587,26,-0.13796153846153847
Fc1ccccc1-c(n2)nc(NC(C)(C)c3cc(N)cc(C(F)(F)F)c3)n(c24)ncc4-c5ccncc5,-3.586,37,-0.09691891891891892
Brc1ccc(cc1)-c(c2)c(-c3ccncc3)cc(c24)ncnc4N[C@@H]5CCOC5,-3.586,29,-0.1236551724137931
Cc1nc(C)sc1-c(cc2C)nc(n2)NCCN3CCN(CC3)CCn4cc[nH+]c4,-3.585,30,-0.1195
CCOc1cc(N)cc(c1)-c(c2)c([C@H](C)c3cc(N)cc(C(F)(F)F)c3)cc(c24)c(ncn4)N[C@@H]5CC[N@@H+](C)CC5,-3.585,41,-0.0874390243902439
Cc1ccccc1-c(c2)c(-c3cc(F)ccc3F)cc(c24)nc(n4C)N5CCOCC5,-3.584,31,-0.11561290322580646
Cc1cc(C)c(C)c(c1)[N@H+](C2)CC[C@@]2(O)CNc(nc(n3)-c4cccs4)n(c35)ncc5-c6ccco6,-3.584,36,-0.09955555555555556
c1ncccc1Nc(nc2NC)[nH+]cc2-c3ccccc3OC,-3.584,23,-0.15582608695652175
CC(C)([NH3+])c(c1)cccc1[C@@H](C)Nc2nc(NCC)[nH+]c(c23)ccc(n3)-c4cccc(c4)NC(C)C,-3.584,36,-0.09955555555555556
FC(F)(F)c(c1)cccc1[C@H](C)Nc(ncn2)c(c23)c(-c4ccccc4C(=O)N)cc(c3)-c5cccc(=O)cc5,-3.584,40,-0.0896
Cc(n1)cncc1-c(c2)c(cc(c23)c(NCC)c(C#N)c[nH+]3)N[C@H](C)c4cccc(c4)CC,-3.584,33,-0.10860606060606061
CCCNc1[nH+]c(NCC)ncc1-c2ccccc2Cl,-3.583,20,-0.17915
COC(=O)c1cccc(c1)-c(cc2-c3ccc(C)nc3)cc(c24)ncnc4N[C@H](C)c5cccc(C)c5,-3.583,37,-0.09683783783783784
C1COCCN1c(cc2)ccc2[C@H](C)Nc(ncn3)c(c34)ccc(c4)-c5cccc(c5)C(=O)N6CCCCC6,-3.583,39,-0.09187179487179488
Clc1cnccc1-c(c(c2)-c(cc3)ccc3Cl)cc(c24)nc(o4)N5CCOCC5,-3.582,29,-0.12351724137931033
Cc1ccccc1-c(c2)c(-c3cc(F)ccc3F)cc(c24)nc(o4)N5CCOCC5,-3.581,30,-0.11936666666666666
Cc1cccc(c1)NC(=O)Nc(n2)c(C(=O)N)c(n23)nc(-c4ccncc4)cc3-c5cccc(C)[nH+]5,-3.581,36,-0.09947222222222223
COc1ccc(cc1)C(=O)Nc2ncc(-c3cccnc3)c(n2)-c4ccc(C)cc4,-3.581,30,-0.11936666666666666
CN(C)C(=O)c1cc(ccn1)-c(cn2)c(n23)nc(nc3[N-]C(=O)N)-c4ccc(N)cc4,-3.58,31,-0.11548387096774194
O=c1cccc(cc1)-c(c2)c(-c3cc(F)ccc3F)cc(c24)nc(o4)N5CCOCC5,-3.58,31,-0.11548387096774194
FC(F)(F)c(cc1)ccc1[C@H](C)Nc(ncn2)c(c23)c(-c4cccc(C(F)(F)Cl)c4)c(o3)-c5ccc(cn5)N(C)C,-3.579,41,-0.08729268292682928
CCc1cccc(c1)[NH2+]CCNc(ncn2)c(c23)c(-c4cnc(s4)N)cc(c3)-c5cnc(=O)n(C)c5,-3.579,36,-0.09941666666666667
Fc1ccccc1-c(n2)cc(nc2C)Nc3ncc(s3)-c4cc(ccn4)CN5CCCCC5,-3.578,33,-0.10842424242424242
c1cnccc1Oc(c(c2)OC)cc(c23)c(ncn3)NC(=O)CN(CCC4)c(c45)cccc5,-3.576,33,-0.10836363636363637
C[C@H](O)c(c1)cccc1-c(cn2)c(n23)nc(-c4ccoc4C)cc3N[C@H](C)Cc5ccc(C(F)(F)F)cc5,-3.576,38,-0.09410526315789473
n1cnc(NC)c(c12)cc(S(=O)(=O)C(C)(C)C)c(c2)-c3ccc(C(=O)N)cc3,-3.576,28,-0.12771428571428572
c1cnccc1-c2nc(-c(nc3)ccc3C)nc(c24)ccc(c4)-c(cc5)cc(c56)cccc6,-3.575,33,-0.10833333333333334
COc1cc(O)ccc1-c(c2)c(-c3ccccc3N)cc(c24)oc(n4)N5CCOCC5,-3.575,31,-0.1153225806451613
C[C@H](O)c1cccc(c1)[C@H](C)Nc(nc2)nc(c23)nc(-c4ccccn4)c(c3)-c5cnc(N)n5C,-3.574,35,-0.10211428571428571
c1ccccc1CCc(c(c2)-c(cccc3=O)n3CC[NH+](C)C)cc(c24)[nH+]cnc4N[C@@H]5CCCN(C5)c6ccc(C(F)(F)F)cc6,-3.574,47,-0.07604255319148936
Cc1ccccc1[C@H](C)Nc(nc2NCCO)nc(c23)ccc(n3)-c4cccc(Cl)c4,-3.574,31,-0.11529032258064516
[NH3+]Cc(cc1)ccc1Nc(ncn2)c(c23)c(-c(c4)cccc4OC)c(o3)CC[NH+]5CCN(C(C)C)CC5,-3.573,37,-0.09656756756756757
CC[C@H](C)[N@H+]1CC[C@@H](CC1)Nc2ncc(c(n2)-c3ccncc3Cl)-c4ccccc4OC,-3.572,32,-0.111625
Cc1ccc(c(C)c1)[C@H](C)Nc(nc2NCCO)nc(c23)ccc(n3)-c4ccncc4,-3.571,31,-0.11519354838709678
NC(=O)Cn(c[nH+]1)cc1-c(c(c2)OC)cc(c23)ncc4c3cc(nc4N)-c5ccccc5O,-3.57,33,-0.10818181818181817
OCc(cc1)ccc1-c2nc(-c(c3)cccc3C(=O)N)nc(c24)ccc(c4)-c5ccc(C(=O)[O-])cc5,-3.569,36,-0.09913888888888889
Oc(c1)cccc1[C@H](CC)Nc(ncn2)c(c23)c(-c4[nH+]c(C)cn4C)c(o3)-c5ccc(C(=O)[O-])cc5,-3.569,36,-0.09913888888888889
c1ncccc1-c(c(c2)OC)cc(c23)ncc4c3cc([nH+]c4N)-c5cccc(n5)N(C)C,-3.569,32,-0.11153125
OCc(cc1)ccc1-c2nc(-c(cn3)cn3C)nc(c24)ccc(c4)-c(cc(=O)c5)cc(c56)cccc6,-3.569,36,-0.09913888888888889
COCCCNc(nc[nH+]1)c(c12)ccc(c2)-c3ccncc3OC,-3.568,24,-0.14866666666666667
Nc1nccc(n1)-c(o2)c(-c3cccc(Br)c3)c(c24)c(ncn4)Nc5ccc(Br)cc5,-3.566,31,-0.11503225806451613
CN(C)C(=O)c(nc1)ccc1-c(c(c2)OC)cc(c23)ncc(C#N)c3N[C@H](C)c4ccc(cc4)[C@H](C)OC,-3.566,38,-0.0938421052631579
Cc(c1)c(C)ccc1NC(=O)Nc(nc2NCOC)ncc2-c3cccc(c3)C(=O)NC(=O)[C@H](O)C(F)(F)F,-3.565,39,-0.09141025641025641
Fc1ccccc1-c(cc2C)nc(n2)NCC[NH+]3CCN(CC3)CCn4ccnc4,-3.565,30,-0.11883333333333333
CC[N@H+]1CC[C@@H](CC1)[C@H](C)Nc(ncn2)c(c23)cc(-c4ccc(F)cc4)c(c3)-c5cc(F)ccc5F,-3.565,36,-0.09902777777777777
CC(=O)Nc1ccc(cc1)-c2cnc(Nc3ccc(C(=O)N)cc3)nc2-c4cccc(c4)NC(=O)C,-3.564,36,-0.099
CCn1cc(c(n1)C)-c2cnc(-c3ccccc3F)nc2N[C@H](C)c(cc(N)c4)c(c45)CN(CC5)C(=O)C(C)C,-3.563,40,-0.089075
COc1ccc(cc1)-c(c(c23)nc(nc3)NC(C)C)cc(c2)-c4ccc(cc4)COCC(=O)N,-3.563,34,-0.10479411764705883
Fc(c1)cccc1-c(cc2C)nc(n2)NCC[NH+]3CCN(CC3)CCn4ccnc4,-3.562,30,-0.11873333333333333
Fc1ccccc1-c(cc2)nc(c23)c(Nc4ccccn4)nc(n3)NCC[NH2+]C5CCCCC5,-3.562,34,-0.10476470588235294
Cc1cccc(c1)C[C@H](C)Nc(nc[nH+]2)c(c23)cc(c(c3)CC(C)(C)C[NH3+])-c4cccnc4,-3.562,33,-0.10793939393939393
COc1cc(O)ccc1-c(c2)c(-c3ccc(C)cc3)cc(c24)oc(n4)N5CCOCC5,-3.56,31,-0.11483870967741935
C1COCCN1c(n2)n(C)c(c23)cc(-c4cccoc4=O)c(c3)-c5cccc(F)c5,-3.558,30,-0.1186
CN(C)C[C@@H](O)CNc1cc(-c2ccoc2C)nc(n13)c(cn3)-c4ccccc4[C@H](C)O,-3.558,32,-0.1111875
Cc1ccc(cc1)[C@H](C)Nc(c2)c(-c3ccccc3)cc(c24)ncc(C#N)c4NCCc5ccccn5,-3.556,37,-0.0961081081081081
NC(=O)c(c1)scc1-c(n2)nc(-c(c3)cccc3OC)c(c24)cc(cc4)-c5ccc(C(=O)[O-])cc5,-3.556,35,-0.1016
Cc1ccc(cc1)-c(nc(c23)n(cn3)C)nc2N[C@@H]4CC(=O)N(C4)c5cccc(C(F)(F)F)c5,-3.554,34,-0.10452941176470587
CN(C)Cc1nc(C)oc1-c(c(c23)nc(NC)nc2)cc(c3)-c4cnn(c4)CCC(=O)N,-3.554,32,-0.1110625
CNc1ncc(c([nH+]1)N[C@H](C[NH3+])CO)-c2ccc(O)c(c2)OC,-3.554,23,-0.15452173913043477
c1cc(O)ccc1-c2nc(-c3cn(C)nc3C)nc(c24)ccc(c4)-c5ccc(cc5)C(=O)N(C)C,-3.554,35,-0.10154285714285714
FC(F)(F)c1cccc(c1)NCNc(nc[nH+]2)c(c23)ccc(c3)-c4cccc(n4)C[NH+]5CCCC5,-3.553,35,-0.10151428571428571
Cc1cccc(c1)[C@H](N)Nc(ncn2)c(c23)c(-c4cn(C)nc4C)c(o3)-c5cc(C)c(=O)n(C)c5,-3.553,35,-0.10151428571428571
o1ccnc1-c(cc2)cc(c23)c(-c(n4C)c[nH+]c4C)nc(n3)-c5cccc(=O)n5C,-3.552,30,-0.1184
COc1ccccc1-c(c(c23)c(NC)ncn2)cc(c3)-c4cccnc4,-3.552,26,-0.1366153846153846
Cc1cncc(c1)-c(o2)c(-c3cccc(C)c3)c(c24)c(ncn4)N[C@H](C)c5cc(N)c(C(F)(F)C)c(N)c5,-3.551,38,-0.09344736842105264
Cc1ncc(n1C)Nc(n2)c(C(=O)N)c(n23)nc(-c4cnsc4)cc3-c5cccnc5,-3.551,31,-0.1145483870967742
FC(F)(F)c(c1)cc(N)cc1[C@H](C)Nc(nc[nH+]2)c(c23)ccc(c3)-c4cccc(F)c4,-3.551,31,-0.1145483870967742
c1ccccc1[C@H](C)Nc(c2)c(-c3ccc(=O)n(C)c3)cc(c24)ncc(C#N)c4Nc5ccc(nc5)CN(C)C,-3.551,40,-0.088775
FC(F)(F)c(c1)cccc1CC(=O)c(c(c2)-c(cc3)ccc3C)cc(c24)oc(n4)N5CCOCC5,-3.55,35,-0.10142857142857142
Fc1cccc(F)c1-c(cnc2NCC)c([nH+]2)NCc3ccc(Br)cc3,-3.549,26,-0.1365
CNc(n1)c(C(=O)N)c(n12)nc(-c3ccc(C)cc3)cc2-c4ccc(OC)cc4,-3.549,29,-0.12237931034482759
Fc(c1)cccc1-c2nc(-n(c(n3)C(=O)[O-])cc3C)nc(c24)ccc(c4)-c5ccccc5,-3.549,32,-0.11090625
O=c1cc(CO)cncc1-c2nc(-c3ccccc3C)nc(c24)ccc(c4)-c5ccc(O)cc5,-3.549,34,-0.10438235294117647
COc(c1)c(OC)cc(c12)c(nc[nH+]2)NCCC(=O)Nc3cc(C)cc(C)c3C,-3.548,29,-0.12234482758620689
Clc1ccccc1-c(c(c2)-c(ccn3)cc3N)cc(c24)oc(n4)N5CCOCC5,-3.548,29,-0.12234482758620689
Cc1ccccc1-c(c2)c(S(=O)(=O)C(C)(C)C)cc(c23)c(ncn3)NCC[NH+](C)C,-3.548,30,-0.11826666666666667
Cc(n1)nccc1[C@@H](C)c(cnc2NC)c([nH+]2)N[C@H](C)c3ccccc3,-3.548,26,-0.13646153846153847
C[NH2+][C@@H](C)CNc(ncn1)c(c12)c(-c(n3CC)cnc3C)cc(c2)-c4cccc(Cl)c4,-3.548,31,-0.11445161290322581
c1nc(C)ccc1-c(c(c2)OC)cc(c23)c(ncn3)N[C@H](C)[C@@](C)(O)Nc4ccc(C(F)(F)F)cc4,-3.548,36,-0.09855555555555556
OCCN(C)C(=O)c1cccc(c1)-c(c2)c(-c3ccccc3)cc(c24)n(C)c(n4)N5CCOCC5,-3.546,35,-0.1013142857142857
O=c(o1)cccc1-c(c2)cc(-c(c(C)c3)ccc3C)c(c24)c(ncn4)N[C@H](C)c(cc5)cc(c56)N(CC6)[C@H](C)C(C)C,-3.546,42,-0.08442857142857142
COc1ccc(cc1O)-c(c2)nc(N)c(c23)cnc4c3cc(OC)c(c4)-c5ccnc(c5)N(C)C,-3.546,35,-0.1013142857142857
[NH3+]c1ccc(cc1C)CNc(nc2NC[C@H](C)O)[nH+]c(c23)ccc(n3)-c4ccc(F)cc4,-3.544,32,-0.11075
Cc1ccc(C)c(c1)CNc(n2)c(nc(nc3)NC4CC4)c3c(c25)ccc(c5)-c6ccnc(c6)C(=O)N(C)C,-3.543,39,-0.09084615384615385
COc1ccccc1-c(c2)c(-c3ccc(CO)cc3)cc(c24)nc(o4)N5CCOCC5,-3.543,31,-0.11429032258064517
n1ncccc1-c(c2)cc(-c3ccccc3F)c(c24)c(ncn4)NC5CC[NH2+]CC5,-3.543,30,-0.11810000000000001
CC(C)(O)Oc(c1)cccc1-c(c(c2)NCCC)cc(c23)[nH+]cc(C#N)c3NC(C)C,-3.542,31,-0.11425806451612902
CC(=O)Nc1cccc(c1)-c(cc(c2)-c3nccn3C)c(c24)c(ncn4)N[C@H](C)c5ccc(C)c(C)c5,-3.542,37,-0.09572972972972972
FC(F)(F)c(cc1)ccc1NC(=O)CNc(c(c23)nccn3)nc(c2)-c4ccccc4,-3.541,31,-0.1142258064516129
CC[C@H](C)Nc1nc(NC)[nH+]cc1-c2ccncc2,-3.541,19,-0.18636842105263157
Cc1cc(N)ccc1C(C)(C)Nc(nc([nH+]2)NCC(=O)N)c(c23)nc(cc3)-c4cccc(c4)NC(C)C,-3.541,37,-0.0957027027027027
c1ccccc1CN(CC2)CCC2Nc([nH+]c3NCOC)ncc3-c4cccn4CC(=O)C(=O)N(C)C,-3.539,37,-0.09564864864864865
COc1ccc(cc1OC)-c(c(o2)-c3ccn(C)c3)c(c24)c(ncn4)N[C@H](C)Cc5ccccc5,-3.538,35,-0.10108571428571428
c1ncccc1Nc(nc2NC)[nH+]cc2-c3cccc(F)c3,-3.538,22,-0.1608181818181818
Cc1cc(N)ccc1C(C)(C)Nc(nc(n2)NCC(=O)N)c(c23)nc(cc3)-c4cccc(c4)NC(C)C,-3.538,37,-0.09562162162162162
CCn1cc(cn1)-c(c2)c(-c3ccc(C)cc3)cc(c24)n(C)c([nH+]4)N5CCOCC5,-3.536,30,-0.11786666666666666
NC(=O)c1ccc(cc1)-c(c2)c(-c(cc3)cc(c34)cccc4)cc(c25)nc(o5)N6CCOCC6,-3.536,34,-0.104
COC(=O)CNc(ncn1)c(c12)c(-c3cc(N)cc(C(F)(F)F)c3)c(o2)-c4[nH+]ccn4C,-3.536,32,-0.1105
CCn1cc(cn1)-c(c2)c(-c3ccc(C)cc3)cc(c24)n(C)c(n4)N5CCOCC5,-3.536,30,-0.11786666666666666
CCCNc(ncn1)c(c12)cc(-c3c(C)noc3C)c(c2)-c4ccncc4,-3.535,27,-0.13092592592592592
Cc1ccc(cc1)[C@H](O)CNc(ncn2)c(c23)c(-c4cccc[nH+]4)c(o3)-c5ccccc5F,-3.534,33,-0.10709090909090908
COc1cccc(c1)-c(o2)c(-c3cn(C)nc3C)c(c24)c(ncn4)N[C@H](C)c5ccc(F)cc5,-3.533,34,-0.10391176470588236
CC(C)[C@@H](C)N(CC1)c(c12)cc(cc2)[C@H](C)Nc(ncn3)c(c34)c(cc(c4)-c5cccc(=O)n5C)-c6cccc(c6)OC(=O)N(C)C,-3.532,47,-0.07514893617021276
N#Cc(cc1)ccc1-c(c(c2)OC)cc(c23)ncc(C#N)c3NCC[NH+](C)C,-3.531,28,-0.12610714285714286
CC(C)c(c1)cccc1[C@@H](C)Nc2nc(N[C@H](C)C[NH+](C)C)nc(c23)ccc(n3)[C@H](C)c4cccc(C(F)(F)F)c4,-3.53,41,-0.08609756097560975
FC(F)(F)c(c1)cc(N)cc1[C@H](C)Nc(ncn2)c(c23)c(-c4ccccc4)c(o3)-c5[nH+]ccn5C,-3.53,35,-0.10085714285714285
C1COCCN1c(cc2)ccc2[C@H](C)Nc(ncn3)c(c34)ccc(c4)-c5ccccc5,-3.529,31,-0.11383870967741935
COc(c1)cccc1-c2cnc([nH+]c2NCC)N[C@@H]3C[N@@H+](C3)[C@H](C)c4cccc(C(F)(F)F)c4,-3.529,34,-0.10379411764705881
NC(=O)C[N@@H+]1CCC[C@@H](C1)Nc2ncc(-c3ccccn3)c(n2)-c4ccccc4Cl,-3.529,30,-0.11763333333333333
Nc1cc(C(F)(F)F)ccc1[C@H](C)Nc(ncn2)c(c23)c(-n4ccnc4C(=O)N)cc(c3)-c5ccc(=O)n(C)c5,-3.528,40,-0.0882
COc(cc1)ccc1-c(c(c2)NCC)cc(c23)[nH+]cc(C#N)c3NC,-3.527,25,-0.14108
COc1ccccc1-c2cnc([nH+]c2NC(C)C)NCc3ccccc3,-3.527,26,-0.13565384615384615
CNc1ncc(c([nH+]1)NC)-c2ccc(C(=O)N)cc2,-3.526,19,-0.18557894736842104
Cc1cccc(c1)-c2cnc(s2)Nc3cc(nc(n3)C)-c4ccc(cc4)CN5CCOCC5,-3.526,33,-0.10684848484848485
NC(=O)c(c1)cncc1-c(c2)cc(-c(n3C)cnc3C)c(c24)c(ncn4)N[C@H](C)c5ccc(C(F)(F)F)cc5,-3.525,39,-0.09038461538461538
Cn1cc(cn1)-c2ncc(-c3cccc(C(F)(F)F)c3)c(n2)NC(=O)c4cc(N)cc(C(F)(F)F)c4,-3.524,36,-0.09788888888888889
COc1ccccc1-c(o2)c(-c3cn(C)nc3C)c(c24)c(ncn4)NC(=O)[C@@H]5CCCN5c6cccc(C(F)(F)F)c6,-3.522,42,-0.08385714285714285
O=c(c1)ncccc1-c2cc(-c(cc3)ccc3OC)cc(c24)cnc(n4)N[C@@](F)(C)c5cc(O)cc(c5)N(C)C,-3.522,40,-0.08804999999999999
Cn1ccnc1-c(cc2)nc(c23)c(NCCO)nc(n3)NCC[NH+]4CCCC4,-3.521,28,-0.12575
COc1ccc(cc1)-c(c2)c(-c3ccc(OC)c(c3)OC)cc(c24)nc(o4)N5CCOCC5,-3.52,33,-0.10666666666666667
Cc1ccc(cc1)[C@H](C)Nc(nc[nH+]2)c(c23)ccc(c3)-c4ccc(=O)n(n4)C,-3.52,28,-0.12571428571428572
COCCNc(nc1)nc(c12)nc(-c3ccco3)c(c2)-c4ccccc4,-3.518,26,-0.1353076923076923
COc1ccc(cc1)-c(c2)c(-c3cccc(C)c3)cc(c24)oc(n4)N5CCOCC5,-3.517,30,-0.11723333333333333
Cc1ccccc1-c(c2)c(-c3ccc(F)cc3)cc(c24)n(C)c(n4)N5CCOCC5,-3.516,30,-0.1172
O=c1n(C)cncc1Nc(c(c2)-c(cn3C)ccc3=O)cc(c24)c(c(cn4)C#N)NCCCO,-3.516,34,-0.10341176470588236
CCCNc(ncn1)c(c12)c(-c3ccc(C)nc3)cc(c2)-c4cccc(c4)C(=O)OC,-3.515,31,-0.11338709677419355
C#Cc1ccc(cc1)NC(=O)CNc2ncc(-c3c(C)cccc3F)c(n2)-c4ccc(OC)cc4,-3.515,35,-0.10042857142857144
c1cccn(c12)c(=O)nc(c2)-c(c(c3)OC)cc(c34)ncc(C#N)c4N[C@H](C)c5ccc(cc5)[C@H](C)OC,-3.515,38,-0.0925
Cc1cn(C)cc1[C@H](C)Nc(nc[nH+]2)c(c23)c(-c4ccc(=O)n(C)c4)cc(c3)CCc5ccccc5,-3.514,36,-0.0976111111111111
CC(C)Nc(n1)c(C(=O)N)c(n12)nc(-c(cc3)ccc3C)cc2-c4ccccc4F,-3.514,30,-0.11713333333333333
Fc1ccccc1-c(n2)nc(N[C@@H](C)c3cc(N(C)C)cc(C(F)(F)F)c3)n(c24)ncc4-c5c[nH+]cn5C,-3.514,38,-0.0924736842105263
COc1cccc(c1C(=O)NC(=O)C)-c(c2)c(-c3cccc(F)c3)cc(c24)nc(n4C)N5CCOCC5,-3.514,37,-0.09497297297297297
Oc1cscc1-c(n2)cc(nc2C)Nc3ncc(s3)-c4ccncc4,-3.514,25,-0.14056
COCc1cccc(c1)-c(c2)c(-c3cc(F)ccc3F)cc(c24)nc(o4)N5CCOCC5,-3.513,32,-0.10978125
COc1ccccc1-c(c2)c(-c3cc(F)ccc3F)cc(c24)nc(n4C)N5CCOCC5,-3.512,32,-0.10975
CN(C)C(=O)Cn1cc[nH+]c1-c(c2)c(-c3cccc(F)c3)cc(c24)n(C)c(n4)N5CCOCC5,-3.512,34,-0.10329411764705883
NC(=O)c(c1)cccc1-c(c(c2)-c(cc3C)cc[nH+]3)nc(c24)nc(nc4)NC[C@H](C)[NH+]5CCCC5,-3.512,35,-0.10034285714285714
Cc1n(C)nc(C)c1-c(c(c2)OC)cc(c23)ncc(C#N)c3N[C@H](C)c4ccc(C(F)(F)F)cc4N,-3.511,36,-0.09752777777777778
CC(C)Nc(c(C#N)c[nH+]1)c(c12)cc(NC3CCCC3)c(c2)-c4ccccc4,-3.511,28,-0.12539285714285714
C[C@H](F)c1ccc(cc1)[C@H](C)Nc2nc(-c3cccc(F)c3)ncc2-c4cc([O-])n(c(=O)c4)CC(=O)N,-3.51,37,-0.09486486486486485
c1cc(C)ccc1CNc([nH+]c2NCCOC)ncc2-c3cccc(c3)COC,-3.51,29,-0.12103448275862068
Cc(c1)cccc1[C@@](C)(CC)Nc(ncn2)c(c23)c(cc(c3)-c4ccccn4)-c5ccn(n5)CC(=O)OC,-3.51,38,-0.09236842105263157
Cc1cc(cc[nH+]1)-c(cc2)cc(c23)nc(NC(C)C)c4c3cnc(n4)NC5CC5,-3.51,29,-0.12103448275862068
CC(C)NC(=O)c1cccc(c1)-c(cc(c2)-c3ccccn3)c(c24)c(ncn4)N[C@H](C)c5cccc(c5)C(C)C,-3.509,40,-0.087725
Clc(c1)cccc1-c(c(c2)NCC)cc(c23)[nH+]cc(C#N)c3NC,-3.507,24,-0.146125
CN(C)c1ccc(cn1)-c2cnc(NCC(=O)N)nc2-c3ccncc3Cl,-3.507,27,-0.1298888888888889
Cc1cc(C)c(c(C)c1)[C@H](CO)Nc(n2)c(nc(nc3)NC4CC4)c3c(c25)ccc(c5)-c6ccc(=O)n(c6)C(C)C,-3.506,41,-0.08551219512195121
Cc1ccccc1[C@H](CO)Nc(ncn2)c(c23)c(-c4cccnc4)cc(c3)-c5cnc(=O)n(C)c5,-3.503,35,-0.10008571428571429
CCn1nc(C(=O)N(C)C)cc1-c(c2)c(OC)cc(c23)c4c(cn3)c(N)nc(c4)-c5ccc(F)cc5,-3.503,36,-0.09730555555555556
Fc1ccc(F)cc1-c(c(c2)-c(c3)ccn3C)cc(c24)nc(o4)N5CCOCC5,-3.503,29,-0.12079310344827586
c1cc(Cl)ccc1-c(cc2)nc(c23)c(N[C@@H](C)c4cccc(c4)C[NH3+])nc(n3)N[C@@H]5CC[N@H+](C5)C(C)C,-3.503,37,-0.09467567567567568
CN(C)C(=O)Cn(c(=O)c1)ccc1-c(c(c2)OC)cc(c23)ncc(C#N)c3NCC[N@@H+](C)c4cccc(C)c4,-3.502,39,-0.08979487179487179
CCCn1cc(cn1)-c(o2)c(-c3cc(N)cc(C(F)(F)F)c3)c(c24)c(ncn4)N[C@H](C)c5cc(CN)cc(C(F)(F)F)c5,-3.502,43,-0.08144186046511627
Cc1cc(N)ccc1S(=O)(=O)[N-]c2nc(-c3cccs3)ncc2-c4cccc(C#N)c4,-3.501,31,-0.11293548387096773
CC(=O)Nc1ncccc1-c(c(c2)-c(cc3)ccc3OC)cc(c24)nc(o4)N5CCOCC5,-3.501,33,-0.10609090909090908
Clc1ccccc1-c(n2)cc(nc2C)Nc3ncc(s3)-c4ccccc4C,-3.5,27,-0.12962962962962962
FC(F)(F)c(c1)cccc1[C@H](C)Nc(ncn2)c(c23)cc(S(=O)(=O)C(C)(C)C)c(c3)-c4cccc(c4)C(=O)N,-3.5,39,-0.08974358974358974
Cc1cccc(c1)[C@H](C)Nc(c2)c(-c3ccccc3C(=O)N)cc(c24)[nH+]cc(C#N)c4NC(C)C,-3.498,35,-0.09994285714285715
Cc1cccc(c1)-c(c2)c(-c3ccc(C(=O)N)cc3)cc(c24)n(C)c(n4)N5CCOCC5,-3.498,32,-0.1093125
c1cc(C)ccc1-c(cc2)nc(c23)c(NCC)nc(n3)NCc4cccc(C)c4,-3.498,29,-0.12062068965517242
OCC(=O)[C@@H](N)c(c1)cccc1[C@H](C)Nc(ncn2)c(c23)c(-c4ccccc4F)cc(c3)-c5ccncc5,-3.497,38,-0.09202631578947368
Oc(c1)cccc1-c(cc2)cc(c23)c(-c([nH+]c4C)cn4C)nc(n3)-c5ccc(=O)n(c5)CC(=O)N(C)C,-3.496,37,-0.09448648648648648
c1cc([NH3+])ccc1[C@H](C)Nc(n2)c(nc(nc3)NC4CC4)c3c(c25)ccc(c5)-c6ccn(n6)C,-3.495,34,-0.10279411764705883
Cc1cccc(c1)[C@H](C)Nc(nc2)nc(c23)c(cc(c3)-c4cccnc4)-c5cc(C(=O)[O-])cc(c5)N6CC/C(=C(\[O-])N(C)C)C(=O)NC6=O,-3.495,49,-0.0713265306122449
Cc(c1)cccc1C(=O)Nc(cc(c23)c(c(C#N)cn2)NCC)c(c3)-c4cccc(c4)OC,-3.494,33,-0.10587878787878789
c1cc(F)ccc1-c(n2)ccc(c23)[nH+]c(NC)nc3N[C@@](F)(C)c4cccc(c4)C[NH3+],-3.494,31,-0.11270967741935485
COc1ccc(cc1O)-c(c2)c(-c3ccccc3)cc(c24)oc(n4)N5CCOCC5,-3.493,30,-0.11643333333333333
C1COCCN1c(n2)n(C)c(c23)cc(-c4cccoc4=O)c(c3)-c5ccc(C(=O)N)cc5,-3.493,32,-0.10915625
CCc1ccc(cc1)-c(cc2)cc(c23)c(-c4ccc(=O)ccc4OF)nc(n3)-c5cc(O)ccc5OC,-3.493,37,-0.0944054054054054
CC(C)Nc(c(C#N)cn1)c(c12)cc(NC(C)(C)C)c(c2)-c3cnccc3Cl,-3.491,28,-0.12467857142857143
CN(C)c1ccc(C(F)(F)F)cc1[C@H](C)Nc(nc2)nc(c23)c(-c4ccc(nn4)CN(C)C)cc(c3)-c5ccccc5F,-3.491,43,-0.0811860465116279
NCc(c1)cccc1[C@@H](C)Nc2nc(NCC(=O)c(cc3)ccc3OC)[nH+]c(c24)ccc(n4)-c5ccccc5F,-3.49,40,-0.08725000000000001
Cc1ccc(cc1)CN(C)CCNc(n2)c(C(=O)N)c(n23)nc(-c4ccccc4F)cc3-c5ccc(Cl)cc5,-3.488,39,-0.08943589743589743
CCn1cc(c(n1)C)-c2cnc(-n3nc(C)cc3C)nc2NC(=O)C4CCN(C(=O)C)CC4,-3.487,33,-0.10566666666666667
C[NH+](C)CCNc(nc1)nc(c12)nc(-c3cccnc3)c(c2)-c4cccc(F)c4,-3.487,29,-0.12024137931034483
C1COCCN1c([nH+]2)n(C)c(c23)cc(c(c3)-c4ccno4)-c5ccc(C(F)(F)F)cc5,-3.486,31,-0.11245161290322582
Cn(c1)c(=O)ccc1-c(c2)c(cc(c23)c(c(C#N)cn3)NC(=O)C)Nc4ccc(nc4)C(=O)N(C)C,-3.486,36,-0.09683333333333334
CC(C)Nc(n1)c(C(=O)N)c(n12)nc(-c(cc3)ccc3C)cc2-c4ccoc4,-3.485,28,-0.12446428571428571
OCC(=O)[C@@H]([NH3+])c(c1)cccc1[C@H](C)Nc(ncn2)c(c23)c(-c4ccccc4F)cc(c3)-c5ccncc5,-3.484,38,-0.09168421052631578
COc1cccc(c1)-c(c2)c(-c3cccc(C)c3)cc(c24)nc(n4C)N5CCOCC5,-3.484,31,-0.11238709677419355
C1COCCN1c([nH+]2)n(C)c(c23)cc(c(c3)-c4ccccc4)-c5cccc(c5)C(=O)N,-3.483,31,-0.11235483870967743
n1ccncc1-c(c(c2)OC)cc(c23)ncc4c3cc(nc4N)[C@H](C)c5ccc(C(=O)N)cc5,-3.483,34,-0.10244117647058824
Cc1cccc(c1)-c(c2)c(-c3ccc(C(=O)N)nc3)cc(c24)n(C)c(n4)N5CCOCC5,-3.482,32,-0.1088125
Cc1[nH+]c(c(C)n1C)Cc(cc2)nc(c23)c(nc(n3)NC(C)C)N[C@H](C)c4cccc(c4)C(C)C,-3.48,35,-0.09942857142857142
c1cccc(c12)[nH+]c(-c(cc3)ccc3C)nc2NCC#N,-3.478,21,-0.16561904761904764
c1nc(C)ccc1-c2cc(-c(cc3)ccc3C(=C)C(=O)N)cc(c24)ncnc4NC(C)C,-3.478,32,-0.1086875
COc1cccc(c1)-c(cc2)nc(c23)c(N[C@@H]4CCCCO4)nc([nH+]3)Nc5ccc(C)cc(=O)n5,-3.477,35,-0.09934285714285714
Nc1ccc(cc1C)CNc(nc2NC[C@H](C)O)nc(c23)ccc(n3)-c4ccc(F)cc4,-3.477,32,-0.10865625
c1cc(=O)cccc1-c(c(c2)OC)cc(c23)[nH+]cc(C#N)c3N[C@H](C)CO,-3.476,27,-0.12874074074074074
NC(F)(F)c(cc1)ccc1[C@H](C)Nc(ncn2)c(c23)c(-c4cccn4C)c(o3)-c5ccccc5,-3.476,34,-0.10223529411764706
FC(F)(F)c(c1)cc(N)cc1N[C@@H](C)n(c(c23)nc(NC)nc2)c(=O)c(c3C)-c4cccc(c4)C(=O)N,-3.476,37,-0.09394594594594595
COc1ccccc1-c(cc(c2)-c3ccccc3)c(c24)c(ncn4)N[C@H](C)c5cccc(C(F)(F)F)c5,-3.475,37,-0.09391891891891892
NC(=O)c(c1)cncc1-c(c2)cc(-c(n3C)c[nH+]c3C)c(c24)c(ncn4)N[C@H](C)c5ccc(C(F)(F)F)cc5,-3.475,39,-0.0891025641025641
COc1cccc(c1)[C@H](C)Nc(ncn2)c(c23)c(c(o3)-c4ccc(C(=O)[O-])cc4)-c5cccc(c5)CO,-3.475,37,-0.09391891891891892
s1ccc(c12)nc(C)nc2-c3cccc(n3)CN(CC4)CCC[C@@]4(C)O,-3.474,26,-0.13361538461538464
COc1cc(C)cc(c1)-c(n2)c(-c3ccccc3)cc(c24)cnc(n4)NCC[NH+](C)C,-3.474,31,-0.11206451612903226
CC(=O)N(CC1)CCC1Oc(c(c2)OC)cc(c23)c(nc[nH+]3)N[C@H](C)[C@H](CO)c4cc(N)cc(c4)C(F)(F)C,-3.474,39,-0.08907692307692308
CC(=O)N1CC[N@H+](C)CC[C@@H]1Cc(nc(n2)-c3ccncc3)c(c24)cc(cc4)-c5cc(N)ccc5O,-3.473,36,-0.09647222222222222
OCCNc(c(C#N)c[nH+]1)c(c12)cc(NCCO)c(c2)-c3ccco3,-3.473,25,-0.13892
Brc1ccccc1-c(c(c2)NCC)cc(c23)[nH+]cc(C#N)c3NC(C)C,-3.472,26,-0.13353846153846155
c1cc(O)ccc1-c(cc2)cc(c23)c(-c(n(n4)C)c(c45)cccc5)nc(n3)-c6ccccc6C(=O)N,-3.472,36,-0.09644444444444444
Cc1ccc(cc1)-c(nc(C)c2)c(c23)nc(nc3)N[C@H](C)c4cc(C)cc(c4)N5CCC5=O,-3.472,33,-0.10521212121212122
CCc1ccc(cc1)-c(c2)c(S(=O)(=O)C(C)(C)C)cc(c23)c(ncn3)N[C@H](C)c4cc(N)cc(C(F)(F)F)c4,-3.472,39,-0.08902564102564102
NC(=O)c(c1)cccc1-c(c(c2)-c(ccn3)cc3C)nc(c24)nc(nc4)NC[C@H](C)N5CCCC5,-3.472,35,-0.0992
COc1cccc(c1)-c(c2)c(-c3ccccc3Cl)cc(c24)nc(o4)N5CCOCC5,-3.472,30,-0.11573333333333333
O=C([O-])c(c1)cccc1-c2cc(CC[NH3+])cc(c23)ncnc3NC(F)(F)c4ccc(C(F)F)c(N)c4,-3.471,36,-0.09641666666666666
Fc1ccccc1-c(n2)nc(N[C@@H](C)c3cc(N(C)C)cc(C(F)(F)F)c3)n(c24)ncc4-c5cncn5C,-3.471,38,-0.09134210526315789
CCCNc(n1)c(C(=O)N)c(n12)nc(cc2-c3ccc(F)cc3)-c4cccnc4C(=O)Nn5cccc5,-3.47,37,-0.09378378378378378
O=c(n1)n(C)ccc1-c2cc(-c(cc3)ccc3OCC)cc(c24)cnc(n4)N[C@H](C)c5cccc(c5)[C@](F)(N)CO,-3.47,41,-0.08463414634146342
CCc1[nH+]ccc(CO)c1-c(c2)c(-c3cccnc3)cc(c24)c(ncn4)N[C@H](C)c5cccc(c5)C(F)(F)C,-3.47,39,-0.08897435897435899
COc1cccc(c1)[C@H](C)Nc(nc2)nc(c23)n(-c4cc(ncn4)C(=O)N(C)C)c(=O)c(c3C)-c5ccccc5F,-3.47,41,-0.08463414634146342
Cc1cc[nH+]cc1-c(cc2NC[C@H](C)O)nc(n23)c(cn3)-c4ccccc4C,-3.469,28,-0.12389285714285714
Cc1ccc(C)c(c1)CNc(n2)c(nc(nc3)NC4CC4)c3c(c25)ccc(c5)-c6cn(C(=O)N(C)C)nc6C,-3.469,39,-0.08894871794871795
Cc1ccc(cc1)CN(C)CCNc(n2)c(C(=O)N)c(n23)nc(-c4ccsc4)cc3-c5cccc(C)c5,-3.469,37,-0.09375675675675675
CC(C)Nc1cccc(c1)-c(cc2)nc(c23)c(nc(n3)N[C@H](C)CO)N[C@@H]4CCCOC4,-3.468,32,-0.108375
O=c1cccc(C(=O)N(C)C)cc1-c(c(c2)-c3nn(C)cc3C)cc(c24)c(nc[nH+]4)N[C@H](C)c5ccccc5,-3.468,39,-0.08892307692307692
C[C@H](O)c1cccc(c1)-c(cc2)nc(c23)c(N[C@H](C)c4ccc(C(F)(F)F)cc4)nc(n3)NC[C@@H]5CC[N@H+](C)C5,-3.468,40,-0.0867
C[C@@H]1CN(C1=O)C(=O)c2cccc(c2)-c(c3)c(-c4ccncc4)cc(c35)nc(n5C)N6CCOCC6,-3.467,36,-0.09630555555555556
COc1ccc(c(c1)N(C)C)-c2cc(nc(n2)C)Nc3ncc(s3)-c4ccc(C)cc4,-3.467,31,-0.11183870967741935
Nc(c1)cncc1-c2cc(-c(cn3C)cnc3=O)cc(c24)ncnc4NC5CC[NH2+]CC5,-3.466,32,-0.1083125
COc1ccc(c(c1C)CN(C)C)-c(c2)c(CC[NH3+])cc(c23)ncnc3N[C@H](C)c4cccc(c4)C(F)(F)C,-3.466,39,-0.08887179487179488
CCOc1cc(N)cc(c1)-c(c2)c(cc(c23)c(nc[nH+]3)NC(C)C)[C@H](C)c4ccc(C)cc4,-3.465,33,-0.105
C1CCCCCN1C(=O)c(ccn2)cc2-c3cc(-c(cn4)cn4C)cc(c35)ncnc5NC(=O)CN(CC6)c(c67)cccc7,-3.465,44,-0.07875
O=C([O-])c1ccccc1-c(c2)cc(c(c23)c(ncn3)NCC)-c4cc(ccn4)C(=O)N5CCCCCC5,-3.464,37,-0.09362162162162162
C[C@@H]1CCCN(C1)Cc2ccnc(c2)[C@H](C)Nc(c(c34)cccc4)nc(n3)-c5ccccc5F,-3.464,34,-0.10188235294117647
C[C@@H]1CCCN1CCNc(nc2)nc(c23)nc(-c4ccc(C(=O)[O-])cc4)c(c3)-c5ccc(F)cc5,-3.463,35,-0.09894285714285715
C1CCCN1C[C@@H](CC)Nc(ncn2)c(c23)c(-c4ccccn4)c(o3)-c5cccc(c5)OC,-3.463,33,-0.10493939393939394
O=c(c1)ccccc1-c(c(c2)NC)cc(c23)[nH+]cc(C#N)c3NC(C)C,-3.461,26,-0.1331153846153846
n1cnc(NC)c(c12)cc(-c3cnc(s3)C)c(c2)-c4ccncc4,-3.46,24,-0.14416666666666667
Cn(c1)ncc1-c(n2)ccc(c23)[n-]c(N[C@@H](C)c4ccccc4)n/c3=N/[C@H](C)[NH+]5CCCCC5,-3.459,34,-0.10173529411764706
Cc1cccc(c1)-c(c2)c(-c3cccc(C(=O)[O-])c3)cc(c24)n(C)c([nH+]4)N5CCOCC5,-3.459,32,-0.10809375
COc1ccc(cc1)CNc2nc(N[C@H](C)c3ccc(o3)C)ncc2-c4ccc(nc4)[C@@H]5CCCN(C5)CC(=O)N,-3.459,41,-0.08436585365853659
COc1cccc(c1)-c(c2)nc(N)c(c23)cnc4c3cc(OC)c(c4)-c5ccn(C)c(=O)c5,-3.459,33,-0.10481818181818182
Cc1cnc(C)c(n1)Nc(c2)c(-c3ccc(=O)n(C)c3)cc(c24)ncc(C#N)c4NC(=O)c5ccccc5C,-3.459,39,-0.0886923076923077
O=c1cccc(n1C)-c(c2)c(-c3ccc(F)cc3)cc(c24)nc(n4C)N5CCOCC5,-3.458,31,-0.1115483870967742
COc1cccc(c1)-c(n2)c(-c3ccc(F)cc3)cc(c24)cnc(n4)NCC[NH+](C)C,-3.458,31,-0.1115483870967742
OC[C@@H](C)c1ccc(cc1)[C@H](C)Nc(c2)c(-c3ccccc3)cc(c24)ncc(C#N)c4NCCO,-3.456,35,-0.09874285714285715
c1cc(=O)c(OC)ccc1-c(c2)c(cc(c23)c(NCC)c(C#N)c[nH+]3)NCCN(C)c4ccc(C)cc4,-3.455,37,-0.09337837837837838
C1COCCN1c(n2)n(C)c(c23)cc(-c4cccoc4=O)c(c3)-c5ccc(F)cc5,-3.454,30,-0.11513333333333334
COc1cc(C(=O)N)ccc1-c(c2)c(OC)cc(c23)c(c(cn3)C#N)N[C@H](C)c4ccc(cc4)[C@H](C)OC,-3.453,38,-0.09086842105263157
CCn1cc(ccc1=O)-c(c2)c(OC)cc(c23)ncnc3N[C@H](C)[C@@](C)(O)Nc4ccc(C(F)(F)F)cc4,-3.453,38,-0.09086842105263157
O=c1n(C)c(C)ccc1-c(c(c2)OC)cc(c23)ncc(C#N)c3N[C@H](C)c4ccc(C(F)(F)F)cc4,-3.453,36,-0.09591666666666666
COc1ccc(cc1)CNc(n2)c(nc(nc3)NC4CC4)c3c(c25)ccc(c5)-c6cccc(c6)C(=O)N(C)C,-3.452,39,-0.08851282051282051
COc1ccccc1-c2cc(-c(c3)cccc3C(=O)OC)cc(c24)ncnc4N[C@H](C)c5cc(N)cc(c5)C(F)(F)N,-3.452,42,-0.08219047619047619
Cc1cnc([C@H](C)N(C)C)c(n1)-c(cc2N[C@H](C)CO)nc(n23)c(cn3)-c4cc(N(C)C)ccc4O,-3.452,36,-0.09588888888888888
c1cnccc1-c(c(c2)OC)cc(c23)c(nc[nH+]3)N[C@H](C)[C@@](C)(O)Nc4ccc(C(F)(F)F)cc4,-3.451,35,-0.09860000000000001
c1nc(C)ccc1-c(c(c2)OC)cc(c23)c(nc[nH+]3)N[C@H](C)[C@@](C)(O)Nc4ccc(C(F)(F)F)cc4,-3.45,36,-0.09583333333333334
Cn(c1)c(=O)ncc1-c(c2)cc(-c(o3)ccc3CC)c(c24)c(ncn4)N[C@H](C)c5ccc(C)c(Cl)c5,-3.45,36,-0.09583333333333334
COc1cccc(c1)-c(c2)c(-c3ccccc3)cc(c24)nc(n4C)N5CCOCC5,-3.449,30,-0.11496666666666666
FC(F)(F)c1cccc(c1)-c(c2)c(-c3ccccc3Cl)cc(c24)nc(o4)N5CCOCC5,-3.447,32,-0.10771875
COc1ccc(cc1)-c(c2)c(-c3ccc(F)cc3)cc(c24)nc(o4)N5CCOCC5,-3.447,30,-0.1149
COc1cccc(c1)-c(c2)c(-c3cccoc3=O)cc(c24)n(C)c(n4)N5CCOCC5,-3.446,31,-0.11116129032258065
Brc1ccccc1-c(c2)c(-c3cccnc3)cc(c24)oc(n4)N5CCOCC5,-3.446,28,-0.12307142857142858
CCn1ccnc1-c(nc(C)c2)c(c23)nc(nc3)N[C@@H]4CCN4[C@@H]([C@@H](F)O)c5cccc(C)c5,-3.443,34,-0.10126470588235294
COCC(C)(C)Nc(ncn1)c(c12)c(-c3cccc(C)c3)cc(c2)-c4ccccn4,-3.443,30,-0.11476666666666667
C1COCCN1c(n2)n(C)c(c23)cc(-c4ccc(C(=O)N)nc4)c(c3)-c5ccc(F)cc5,-3.442,32,-0.1075625
NC(=O)c1ccc(cc1)-c(c2)c(-c3ccccc3Cl)cc(c24)nc(o4)N5CCOCC5,-3.441,31,-0.111
COc1cncc(c1)-c(c2)c(-c3ccc(C)cc3)cc(c24)nc(n4C)N5CCOCC5,-3.44,31,-0.11096774193548387
c1cccc(c12)c([nH+]cc2)-c(cn3)c(n34)nc(-c(c5)cccc5C)nc4N[C@@H]6CC[N@@H+](C(C)C)CC6,-3.438,36,-0.0955
NC(=O)c1ccccc1-c2cc(-c(nc3C)cn(C)c3=O)cc(c24)ncnc4N[C@H](C)c5ccc(C(F)(F)F)cc5,-3.438,41,-0.08385365853658537
Cc1cccc(c1C)-c2ncc(-c3ccc(F)cc3)c(n2)NC(=O)CN4CCCC4,-3.437,30,-0.11456666666666666
s1cncc1-c(c2C)c(=O)n(CC)c(c23)nc(nc3)NC(=O)Cc4cccc(F)c4,-3.436,30,-0.11453333333333333
c1ncncc1-c(c2)c(cc(c23)c(c(C#N)cn3)NC(=O)C)N[C@H](C)c4ccc(C)cc4,-3.435,32,-0.10734375
N#Cc1ccccc1-c2nc(NCCO)ncc2-n3ccnc3,-3.435,23,-0.14934782608695651
Fc1ccccc1-c(c(c23)c(NC)ncn2)cc(c3)-c4ccc(nc4)C(=O)N(C)C,-3.434,30,-0.11446666666666667
Cc1ccc(cc1)-c(nc(c23)n(cn3)C)nc2NCc(c[nH+]4)cc(c45)cccc5C,-3.434,30,-0.11446666666666667
Fc1ccc(cc1)-c(cn2)c(n23)nc(-c4cccnc4)cc3Nc5cc(ccn5)[C@@H]6CCCCN6,-3.434,35,-0.09811428571428572
O=C([O-])c(cc1)ccc1-c(c2)cc(c(c23)c(ncn3)NC[C@H](C)O)-c4cc(ccn4)C(=O)N5CCCCCC5,-3.433,39,-0.08802564102564102
Cn1ccc(cc1=O)-c(c2)c(-c3ccccc3)cc(c24)nc(n4C)N5CCOCC5,-3.433,30,-0.11443333333333333
c1cc(O)ccc1-c(cc2)cc(c23)c(C(/N=C\C4=O)=C/C=C\OC4=O)nc(n3)-c5cccc(C(=O)[O-])c5,-3.433,37,-0.09278378378378378
Cc1cccc(c1)-c(c2)c(S(=O)(=O)C(C)(C)C)cc(c23)c(ncn3)Nc4ccn(C)c4,-3.432,31,-0.11070967741935483
O=c(c1)n(C)ccc1-c(c(c23)c(ncn2)\N=C(\C)N)cc(c3)-c4ccccn4,-3.432,28,-0.12257142857142857
Cc1ccc(nc1)-c(c2)c(-c3ccc(C(=O)N)cc3)cc(c24)n(C)c(n4)N5CCOCC5,-3.431,32,-0.10721875
Clc1ccccc1-c(c(c2)-c(nc3C)cn3C)cc(c24)nc(o4)N5CCOCC5,-3.431,29,-0.1183103448275862
Cc1cccc(c1)[C@H](C)c2nc(NC(F)(F)F)ncc2-c3cnc(C)n3CC(=O)N,-3.431,30,-0.11436666666666667
CCNc1[nH+]c(NC)ncc1-c2cccc(c2)OC,-3.431,19,-0.18057894736842106
Fc1ccccc1-c(c(c2)-c(cn3C)ccc3=O)cc(c24)nc(n4C)N5CCOCC5,-3.43,31,-0.11064516129032259
c1ccccc1[C@@H](O)CNc(c(C#N)c[nH+]2)c(c23)cc(c(c3)-c4cc(F)cc(F)c4)NCc5ccccc5,-3.43,38,-0.09026315789473685
C[C@H](N)c(c1)cccc1-c(n2)cc(nc2C)Nc3ncc(s3)-c4cccnc4,-3.43,28,-0.12250000000000001
Cc1ccc(cc1)-c(c2)c(-c3ccc(C(=O)N)cc3)cc(c24)oc(n4)N5CCOCC5,-3.429,31,-0.11061290322580644
c1cc(F)ccc1-c(o2)c(-c(n3)ccn3C)c(c24)c(ncn4)NC(=O)Nc5ccc(C(F)(F)F)cc5,-3.428,36,-0.09522222222222222
Cc1ccccc1-c(nc2NC(C)C)[nH+]c(c23)cccc3,-3.428,21,-0.16323809523809524
Cc1cnc(cn1)-c(c2)c(-c3ccccc3)nc(c24)nc(nc4)NCCO,-3.426,27,-0.12688888888888888
Cn1nccc1-c(o2)c(-c3cccc(C(F)(F)Cl)c3)c(c24)c(ncn4)N[C@H]([NH3+])c5cccc(C(F)(F)F)c5,-3.426,38,-0.0901578947368421
CN(C)CC(=O)COc(c1)cc(-c(cn2)ccc2C)c(c13)c(ncn3)N[C@H](C)c4cccc(C(F)(F)F)c4,-3.426,38,-0.0901578947368421
Cc(c1)cccc1CNc([nH+]c2NC)ncc2-c3ccn(C(C)C)c(=O)c3,-3.426,27,-0.12688888888888888
OCC(=O)Oc1cccc(c1)-c(cc2)nc(c23)c(NCCO)nc(n3)NCCO,-3.425,29,-0.11810344827586207
COc1cnc(=O)ccc1-c(c(c2)-c(c3)cccc3OC)cc(c24)c(ncn4)N[C@@H]5CCN(C5)c6ccc(C)cc6,-3.425,41,-0.08353658536585365
NCC(=O)Nc(n1)nc(cc1C)-c2ccc(cc2)NC(=O)n3cc[nH+]c3,-3.425,26,-0.13173076923076923
c1cnccc1-c(c2C)c(=O)n(-c(c3)cc(OC(=O)C)cc3OC)c(c24)nc(nc4)N[C@@H]5CC[NH2+]C5,-3.425,36,-0.09513888888888888
Cc1cccc(c1)-c(cc2)cc(c23)c(-c4ccc(cc4)OC(=O)C(=O)N)nc(n3)-c5nccn5Cc6ccccc6,-3.425,41,-0.08353658536585365
Fc(c1)c(F)ccc1-c(cc2C)nc(n2)NCC[NH+]3CCN(CC3)CCn4ccnc4,-3.424,31,-0.1104516129032258
Clc1ccc(cc1C)-c(cn2)c(n23)nc(-c4ccccc4O)cc3N[C@@H]5CCCN(C5)CC[NH+]6CCCC6,-3.423,38,-0.09007894736842105
[NH3+]CCCNc(ncn1)c(c12)c(-c(cc3)ccc3C)c(o2)-c4ccc(N(C)C)[nH+]c4,-3.423,30,-0.11410000000000001
CCNc1[nH+]cc(-c2noc(C)c2C)c(n1)N[C@H](C)c3cccc(C)c3,-3.422,26,-0.13161538461538463
COc1cccc(c1)-c(nc(n2)-c3ncco3)c(c24)cc(cc4)-c5ccc(C(=O)[O-])cc5,-3.422,32,-0.1069375
c1c[nH+]ccc1-c2cc(-c(cc3)ccc3C)nc(n24)c(C(=O)N)c(n4)NCC[NH+](C)C,-3.42,31,-0.11032258064516129
COc1ccc(cc1)-c(c2)c(-c3cnn(c3)C(C)C)cc(c24)n(C)c(n4)N5CCOCC5,-3.419,32,-0.10684375
Cc1cccc(c1)-c(o2)c(c(c23)c(ncn3)NCC(C)(C)[NH3+])Oc4[nH+]ccn4C,-3.419,29,-0.11789655172413793
Cn1c(C)[nH+]cc1-c2nc(-c(c(n3)C)cn3CC)nc(c24)ccc(c4)-c5ccc(nc5)C[C@@H]6CCN(C6)C(=O)CO,-3.419,41,-0.08339024390243903
CCn1cc[nH+]c1-c2nc(NCc3ccccc3F)ncc2-c4cccnc4,-3.417,28,-0.12203571428571428
CN(C)C(=O)c(c1)cccc1-c(c2)cc(-c(c[nH+]3)ccc3C)c(c24)c(ncn4)N[C@H](C)c5cc(N)cc(c5)[C@H](C)O,-3.417,41,-0.08334146341463414
NC(=O)Nc1ncnc(c12)cc(-c(nc3)ccc3[C@@H](C)[N@H+](C)CC)cc2-c4cc(ccn4)C(=O)N5CCCCCC5,-3.417,41,-0.08334146341463414
CN(C)c1ccc(cc1OC)Nc(c2)c(-c3ccc(=O)n(C)c3)cc(c24)ncc(C#N)c4Nc5cccn5CC(=O)N6CCCCC6,-3.416,47,-0.07268085106382978
Cc1ccc(C)c(c1)CNc2ncc(-c(cc3)nc(c34)ccnc4)c([nH+]2)N[C@H](C)c5ccccc5,-3.416,35,-0.09759999999999999
C[NH+](C)CCNc(c1)c(-c2cccnc2)cc(c13)[nH+]cc(C#N)c3NCCCl,-3.416,28,-0.122
CCNc1[nH+]c(NC)ncc1-c2cccc(Cl)c2,-3.416,18,-0.18977777777777777
Fc1ccccc1-c(cc2)nc(c23)c(Nc4cccc[nH+]4)nc(n3)NCC[NH2+]C5CCCCC5,-3.416,34,-0.10047058823529412
OC[C@@H](C)Nc(ncn1)c(c12)c(-c3cccc(N)c3)c(o2)-c4ccccc4F,-3.415,28,-0.12196428571428572
FC(F)(F)c(c1)cccc1[C@H](C)Nc(ncn2)c(c23)cc(S(=O)(=O)C(C)(C)C)c(c3)-c4cccc(C(=O)[O-])c4,-3.415,39,-0.08756410256410256
Cc1ccc(cc1)-c(cc(c2)C(=O)C[NH3+])c(c23)c(ncn3)NC(F)(F)c4ccc(C(F)F)c(N)c4,-3.413,35,-0.0975142857142857
C[NH+](C)Cc(on1)cc1-c2cc(-c(ccc3=O)cn3CC)cc(c24)ncnc4N[C@H](C)c(cc5)cc(c56)N(CC6)[C@H](C)C(C)C,-3.412,45,-0.07582222222222222
CC(=O)Nc(c1)nccc1-c2cc(-c(cc3)ccc3OCC)cc(c24)cnc(n4)N[C@H](C)c5cc(N)cc(C(F)(F)F)c5,-3.412,43,-0.07934883720930232
CC(C)Nc(ncn1)c(c12)cc(S(=O)(=O)C(C)(C)C)c(c2)-c3ccc(cc3)C(=O)N(C)C,-3.412,32,-0.106625
Cc1cccc(c1)-c(c2)c(-c3cc(F)ccc3F)cc(c24)nc(o4)N5CCOCC5,-3.412,30,-0.11373333333333333
Fc1ccccc1-c(cc2)nc(c23)c(=[NH+]\C(F)(F)C)\nc([nH]3)NCC[NH2+]C4CCCCC4,-3.412,32,-0.106625
COc1ccc(cc1N(C)C)-c(cc2)cc(c23)nc(c4c3cncn4)N[C@H](C)c5cc([C@H](C)N)cc(C(F)(F)F)c5,-3.411,41,-0.08319512195121952
OC[C@@H](O)c(cc1)ccc1-c(c2C)c(=O)n(CC)c(c23)nc(nc3)NCC(=O)N4CCCCC4,-3.411,34,-0.1003235294117647
CC(C)Nc(ncn1)c(c12)ccc(c2)-c3ccc(nc3)CN(C)C,-3.411,24,-0.142125
CN(C)C(=O)c(nn1C)cc1-c(c(c2)OC)cc(c23)ncc(C#N)c3N[C@H](C)c4cccc(C)c4,-3.411,35,-0.09745714285714285
CN(C)C(=O)c1ccc(cc1)-c(o2)c(c(c23)c(ncn3)NCCO)-c4cccc(Br)c4,-3.41,31,-0.11
CN(C)C(=O)c(c1)nccc1-c(c(c2)-c(cc3)ccc3C)cc(c24)nc(n4C)N5CCOCC5,-3.41,34,-0.10029411764705883
Cc1ccc(cc1)[C@H](C)Nc(n2)c(nc(nc3)NC4CC4)c3c(c25)ccc(c5)-c6cccc(n6)C(=O)N(C)C,-3.41,39,-0.08743589743589744
C[C@H](N)c1cccc(c1)-c2ncc(c(n2)NC3CCC3)-c4ccccc4[C@H](C)O,-3.409,29,-0.11755172413793102
C1COCCN1c(n2)n(C)c(c23)cc(c(c3)-c4ccno4)-c5ccc(C(F)(F)F)cc5,-3.408,31,-0.10993548387096774
c1ncccc1Nc(nc2NC)[nH+]cc2-c3ccccc3F,-3.407,22,-0.15486363636363637
Cc1ccc(cc1)-c2c[nH+]c(NCC[NH3+])nc2Nc3ccccn3,-3.407,24,-0.14195833333333333
Cc1ccc(cc1)-c(o2)c(-c3c[nH+]cn3C)c(c24)c(ncn4)N[C@H](C)COc5cccc(C)c5,-3.406,34,-0.1001764705882353
Cn1nccc1-c(c(c2)OC)cc(c23)ncc(C#N)c3N[C@H](C)c4ccc(cc4)[C@H](C)OC,-3.406,33,-0.10321212121212121
CN(C)C(=O)c1ncccc1-c(c(c2)-c(cc3)ccc3OC)cc(c24)oc(n4)N5CCOCC5,-3.405,34,-0.10014705882352941
Cc1ccc(cc1)-c(cc2)cc(c23)nc(NCCO)c4c3cnc(n4)NC5CC5,-3.405,29,-0.11741379310344827
FC(F)(F)c(c(N)c1)ccc1[C@H](C)Nc(ncn2)c(c23)c(-c4cc(N)cc(C(F)(F)F)c4)c(o3)-c5ccncc5,-3.405,40,-0.08512499999999999
C1[NH2+]CCC[C@H]1c2nc(-c(cc3C)ccc3C)nc(c24)ccc(c4)-c5ccccc5C,-3.404,31,-0.10980645161290323
Cn(c1)ncc1-c(c(c2)OC)cc(c23)ncc(C#N)c3N[C@@H](C(C)C)c4cccc(N)c4,-3.403,32,-0.10634375
Fc1cccc(F)c1-c(cnc2NCC)c([nH+]2)NCc3ccccc3,-3.402,25,-0.13608
Cc1cccc(C)c1NC(=O)c(cn2)c(n23)nc(-c4cccnc4)nc3NC(=O)NCc(cc5)cc(c56)CCC6,-3.401,40,-0.08502499999999999
Cc1ccc(cc1N)[C@H](C)Nc(nc[nH+]2)c(c23)ccc(c3)-c4cncc(c4)CO,-3.4,29,-0.11724137931034483
Cc1cccc(c1)C(=O)[N-]c(nc(n2)-c3ccc(F)o3)n(c24)ncc4-c5nccn5C,-3.4,31,-0.10967741935483871
CCOc1cc(N)cc(c1)-c(c2)c([C@H](C)c3ccc(C)cc3)cc(c24)c(nc[nH+]4)NC[C@H](O)c5ccccc5,-3.4,39,-0.08717948717948718
CNc1ncnc(c12)cc(-c(cc3)ccc3C(=C)C(=O)N)cc2-c4ccc(C)nc4,-3.399,30,-0.1133
n1ccncc1-c2cc(-c(cc3)ccc3OC)cc(c24)cnc(n4)N[C@@](F)(C)c5cc(O)cc(c5)N(C)C,-3.399,38,-0.08944736842105264
n1cc(N)ccc1-c2nc(-c(cc3)ccc3[S@](=O)(C)=N)nc(c24)ccc(c4)-c5ccc(O)cc5,-3.398,34,-0.09994117647058824
CNC(=O)c1ccc(cn1)-c(c2)c(OC)cc(c23)c(c(cn3)C#N)N[C@H](C)[C@@H]4CC[N@@H+](C4)Cc5cc(C(F)(F)F)cc(C(F)(F)F)c5,-3.397,47,-0.07227659574468084
CCCNc1[nH+]c(NCC)ncc1-c2ccccc2F,-3.397,20,-0.16985
n1cccc(c12)cn(CC)c2-c(cnc3NCC)c([nH+]3)NCc4ccc(Cl)cc4,-3.396,29,-0.11710344827586207
Cc1ccccc1-c(cc2)cc(c23)c(-c4ccccc4)nc(n3)-c5ccccc5C(=O)[O-],-3.396,32,-0.106125
Cc1cccc(c1)OCCNc2nc(-c3ccn(n3)C)[nH+]cc2-c4cccc(C(F)(F)F)c4,-3.396,33,-0.10290909090909091
NC(=O)c1ccc(cc1)-c(n2)c(-c3ccoc3)cc(c24)cnc(n4)NCC(=O)Nc(cc5)cc(c56)OCC6,-3.396,38,-0.08936842105263158
Cc1cccc(c1)[C@H](C)Nc(n2)c(nc(nc3)NC4CC4)c3c(c25)ccc(c5)-c6ccc(cc6)[C@H](O)CO,-3.395,38,-0.08934210526315789
CCOc1ccc(cc1)[C@H](C)Nc(nc2Nc3ccc(C)cc3)nc(c24)ccc(n4)-c5ccncc5,-3.394,36,-0.09427777777777778
COc1ccc(cc1)-c2cnc(-c3conc3C)nc2NC[C@@H]4CCCN4C(C)C,-3.393,30,-0.11309999999999999
C1COCCN1c(n2)n(C)c(c23)cc(-c4ccc(F)cc4)c(c3)-c5ccc(Cl)cc5,-3.393,30,-0.11309999999999999
c1cc(N)ccc1[C@H](C)Nc(ncn2)c(c23)c(c(o3)-c4cccs4)-c5cccc(c5)C(=O)N,-3.393,33,-0.10281818181818181
COc1ccc(c(c1)OC)[C@H](C)Nc2ncc(-c3ccccc3F)c([nH+]2)NCc4ccccc4,-3.392,34,-0.09976470588235294
COc1ccc(nc1)-c(c2)c(-c3ccccc3)cc(c24)nc(o4)N5CCOCC5,-3.392,29,-0.11696551724137931
Cc1cccc(c1)[C@H](C)Nc(ncn2)c(c23)cc(S(=O)(=O)C(C)(C)C)c(c3)-n4cc[nH+]c4,-3.392,32,-0.106
CCNc1ncc(-c2ccc(F)cc2)c(n1)NCc3ccc(cc3)N4CCCC4=O,-3.391,30,-0.11303333333333333
CCn1nc(C)c(c1C)-c2ncc(-c3cccnc3)c(n2)NC4CCN(C(=O)C)CC4,-3.391,31,-0.10938709677419355
CC(C)Nc(n1)ncc(c12)cc(-c(cn3)ccc3OC)cc2-c4cccncc4=O,-3.391,30,-0.11303333333333333
CCc1noc(C)c1-c2cc(nc(n2)C)Nc3ncc(s3)-c4cccnc4F,-3.39,28,-0.12107142857142858
CC[N@H+]1CC[C@@H](CC1)[C@H](C)Nc(ncn2)c(c23)cc(c(c3)-c4cccc(F)c4)-c5ccc(nc5)-c6ccccc6,-3.388,40,-0.0847
CC(=O)Nc(ncn1)c(c12)cc(S(=O)(=O)C(C)(C)C)c(c2)-c3cccs3,-3.387,26,-0.13026923076923078
COc1ccc(c(O)c1)-c(cc2)cc(c23)c(-c4cc(C)no4)nc(n3)-c5ccno5,-3.385,30,-0.11283333333333333
Cc1ccc(C)c(c1)CNc2ncc(-c3cnn(n3)C)c([nH+]2)NC[C@H](C)c4ccccc4,-3.385,32,-0.10578125
c1cc(F)ccc1-c(c(c2)-c(cn3C)ccc3=O)cc(c24)n(C)c(n4)N5CCOCC5,-3.385,31,-0.10919354838709677
Nc1cccnc1-c(c2)c(-c3cc(F)ccc3F)cc(c24)nc(o4)N5CCOCC5,-3.384,30,-0.1128
Cc1ccc(C)c(c1)NC(=O)Nc(ncn2)c(c23)ccc(c3)-c4cncnc4CN(C)C,-3.384,32,-0.10575
Cc1ccc(C)c(c1)CNc2[nH+]cc(-c(cc3)nc(c34)ccnc4)c(n2)N[C@H](C)c5ccccc5,-3.384,35,-0.09668571428571428
Clc1ccccc1-c(c(c2)-c(cc3Cl)ccc3C)cc(c24)oc(n4)N5CCOCC5,-3.383,30,-0.11276666666666667
CN(C)C(=O)c1cc(ccn1)-c(nc(c23)n(cn3)C)nc2N[C@@H]4CCN(C4=O)c5ccccc5,-3.382,34,-0.09947058823529412
C1COCCN1c(n2)n(C)c(c23)cc(-c4cccc(O)c4)c(c3)-c5ccc(C(=O)[O-])cc5,-3.382,32,-0.1056875
CCC(F)(CC)Nc1nc(NC)[nH+]cc1-c2c(F)cccc2Cl,-3.381,23,-0.147
Cc1ccc(cc1)-c(n2)c(-c3ccc(F)cc3)cc(c24)cnc(n4)NC[C@H](C)N5CCCC5,-3.379,33,-0.1023939393939394
n1ccncc1-c(c(c2)OC)cc(c23)ncc4c3cc(nc4N)-c5cc(ns5)C(=O)N,-3.377,31,-0.10893548387096773
Cc1occc1-c(nc2NCC)[nH+]cc2-c3cc(C)nn3C,-3.377,22,-0.1535
O=c1cccccc1-c2cc(-c(cn3)cn3CC)cc(c24)ncnc4N[C@H](C)c5ccc(C(F)(F)F)cc5N,-3.376,39,-0.08656410256410256
c1ccccc1-c(nc(c23)n(C)cn2)nc3N[C@@H]4CCNC4,-3.376,22,-0.15345454545454545
CC[C@H](O)CNc1[nH+]cc(c(n1)NC)-c2ncccn2,-3.375,20,-0.16875
OC[C@@H](O)c(n1)cccc1-c(c(c2)OC)cc(c23)ncc(C#N)c3N[C@H](C)c4ccc(C)c(n4)C,-3.375,35,-0.09642857142857143
CC(=O)Nc1cccc(c1)-c(cc(c2)-c3ccn(C)c(=O)c3)c(c24)c(ncn4)N[C@H](C)c5cccc(c5)[C@H](C)[NH3+],-3.374,40,-0.08435000000000001
Cc1cccc(c1)[C@](C)([NH3+])Nc(ncn2)c(c23)c(-c4ccccc4)cc(c3)-c5cnc(=O)n(C)c5,-3.374,35,-0.0964
c1ncccc1-c(c(=O)n2C)c(C)c(c23)cnc(n3)N[C@H](C)c4cc(N(C)C)cc(C(F)(F)F)c4,-3.373,35,-0.09637142857142858
c1ncccc1-c(c(c2)NC(C)C)cc(c23)[nH+]cc(C#N)c3NCC(=O)N,-3.373,27,-0.12492592592592594
COCC(=O)N1CCC(CC1)Nc(cc(n2)-c3ccccc3)n(c24)ncc4-c5cccc(C)c5,-3.372,34,-0.0991764705882353
COc1ccc(cc1C(=O)N)-c(c2)c(-c(cc3)cc(c34)nccc4)cc(c25)[nH+]c(n5C)N6CCOCC6,-3.37,37,-0.09108108108108108
C1CC1Nc(nc2)nc(c(n3)NC(C)C)c2c(c34)ccc(c4)-c5ccc(cc5)C(=O)NC(C)(C)O,-3.369,35,-0.09625714285714286
COc1ccc(cc1)-c2cc(C)nc(n2)NCCN3CCN(CC3)CCn4ccnc4,-3.368,31,-0.10864516129032258
CCNc(c(C#N)c[nH+]1)c(c12)cc([N-]S(=O)(=O)C)c(c2)-c3cccc(c3)/C=N/[H],-3.368,28,-0.12028571428571429
NCc(c1)cccc1[C@H](C)Nc(ncn2)c(c23)cc(S(=O)(=O)C(C)(C)C)c(c3)-c4ncco4,-3.368,33,-0.10206060606060606
Clc1ccccc1CNc2[nH+]cc(-c3ncco3)c(n2)NCCN4CCOCC4,-3.368,29,-0.11613793103448275
CCCn1cc(ccc1=O)-c(cc2)cc(c23)nc(N[C@H](C)c4cc(C)ccc4C)c5c3cnc(n5)NC6CC6,-3.367,39,-0.08633333333333333
CC(C)c1cc(N)cc(c1)[C@H](C)Nc(ncn2)c(c23)c(-c4cccc(C(F)(F)Cl)c4)c(o3)-c5cccc(N)c5,-3.365,39,-0.08628205128205128
CC(C)[N@@H+](CC1)CC[C@H]1n2c(=O)c(-c3ccncc3)c(C)c(c24)cnc(n4)Nc5cc[nH+]cc5,-3.365,34,-0.09897058823529413
COC(=O)c1cccc(c1)NC(=O)CNc(nc[nH+]2)c(c23)ccc(c3)-c4cccc(F)c4F,-3.365,33,-0.10196969696969697
CC(C)Nc1cccc(c1)[C@H](C)c(c2)c(-c3cc(F)ccn3)cc(c24)nc(n4C)N5CCOCC5,-3.364,35,-0.09611428571428571
Cc1cccc(c1)-c(c2)c(-c3ccccc3Cl)cc(c24)oc(n4)N5CCOCC5,-3.364,29,-0.11599999999999999
Clc(c1)cccc1-c(c(c2)NCC)cc(c23)[nH+]cc(C#N)c3NC[C@H](O)c4ccccc4,-3.364,32,-0.105125
C1COCCN1c([nH+]2)n(C)c(c23)cc(-c4cccc(c4)C(=O)N)c(c3)-c5ccccc5C[NH3+],-3.364,33,-0.10193939393939394
Cn(c1)c(=O)ncc1-c(c2)cc(-c(o3)ccc3CC)c(c24)c(ncn4)N[C@H](C)c5cc(N)cc(C(F)(F)F)c5,-3.364,39,-0.08625641025641026
COc1ccc(cc1OC)-c2cnc(N[C@H](C)c3ccc(C(F)(F)F)cc3N)nc2-c4nccnc4C(=O)NC(C)C,-3.363,42,-0.08007142857142857
Cc1ccccc1-c(c(c2)NC)cc(c23)[nH+]cc(C#N)c3NCc4cccc(c4)NC(=O)C,-3.363,33,-0.10190909090909091
Cc1ncc(cn1)-c(cc(c2)C(=O)C[NH3+])c(c23)c(ncn3)NC(F)(F)c4ccc(C(F)F)c(N)c4,-3.361,35,-0.09602857142857144
CCn1nc(cc1C)-c(o2)c(-c3ccccc3)c(c24)c(ncn4)N[C@H](C)c5ccc(C(F)(F)N)cc5,-3.36,36,-0.09333333333333332
c1ccccc1[C@H](C)Nc(ncn2)c(c23)cc(S(=O)(=O)C(C)(C)C)c(c3)-c4ccc(cc4)C(=O)N(C)C,-3.36,37,-0.09081081081081081
NC[C@@H](O)CNc(n1)nc(cc1C)-c2ccccc2Cl,-3.36,20,-0.16799999999999998
Cn(c1)c(=O)ncc1-c(c2)cc(-c(nc3C)nc(C)c3N)c(c24)c(ncn4)NC[C@H](O)c5ccccc5,-3.36,37,-0.09081081081081081
c1ccccc1[C@H]([C@H](C)O)Nc(ncn2)c(c23)cc(-c4ccccc4)c(c3)-c5cccc(c5)NC(=O)[C@H]([O-])C(F)(F)C,-3.36,42,-0.08
n1ccccc1-c(cc2)nc(c23)c(NC)nc(n3)NCc4cccc(C)c4,-3.36,27,-0.12444444444444444
C[C@@H]1CN(C1=O)C(=O)c2cccc(c2)-c(c3)c(-c4cccc(F)c4)cc(c35)nc(n5C)N6CCOCC6,-3.359,37,-0.09078378378378378
Cn(n1)c(C)cc1-c(n2)cc(nc2C)Nc3ncc(s3)-c4ccc(F)cc4,-3.359,27,-0.12440740740740741
CCOc1cc(N)cc(c1)-c(c2)c(cc(c23)c(ncn3)NCC(=O)N)[C@H](C)c4cccc(Cl)c4,-3.359,34,-0.09879411764705882
O=C([O-])c1ncc(n1C)-c(c2)c(-c3ccccc3)cc(c24)oc(n4)N5CCOCC5,-3.359,30,-0.11196666666666667
CC(=O)Nc1cccc(c1)-c(cc(c2)-c3cccnc3)c(c24)c(ncn4)N[C@H](C)Cc5ccccc5,-3.358,36,-0.09327777777777778
c1cc(Cl)ccc1-c(n2)ccc(c23)[nH]c(NCC)n/c3=[NH+]\c4cc(no4)[C@@H]5CC[NH2+]C5,-3.358,31,-0.10832258064516129
COc1ccc(cc1Cl)-c2cnc(-c3ccc(C)nc3C)nc2NC(=O)Nc4ccccc4C,-3.357,34,-0.09873529411764706
C[C@@H]1CC[C@H](O)N(CC1)Cc2ccc(cc2)-c(c3)c(-c4ccc(=O)n(C)c4)cc(c35)ncnc5N[C@H](C)c6cccc(Cl)c6,-3.357,44,-0.07629545454545456
Cc1nc(co1)-c(cc2)cc(c23)c(-c4cccc(F)c4)nc(n3)-c5ccc(Cl)cc5,-3.355,30,-0.11183333333333333
COc1ccc(c(c1C)C[NH+](C)C)-c(c2)c(CC[NH3+])cc(c23)ncnc3N[C@H](C)c4cccc(c4)C(F)(F)C,-3.355,39,-0.08602564102564103
C[NH2+]CCNc(ncn1)c(c12)c(-c3ccccc3)c(o2)-c4ccccc4C(=O)CO,-3.354,30,-0.1118
OCCNc(n1)nc(cc1C)-c2ccc(cc2)NC(=O)n3cc[nH+]c3,-3.354,25,-0.13416
CN(C)c(c1)nccc1-c2cc(-c(c3C)ccc(=O)n3C)cc(c24)cnc(n4)NCc5cccc(c5)C(F)(F)CO,-3.352,41,-0.08175609756097561
c1cnccc1-c2cnc([nH+]c2NCC)NC[C@@H]3CN(C[C@@H]3O)c4ccc(C)cc4C,-3.352,31,-0.10812903225806451
Cc1cccc(c1)CNc2nc(Nc3ccc(F)cc3)[nH+]cc2-c4ccccc4C(=O)[C@H](C)[NH+]5CCCCC5,-3.351,39,-0.08592307692307692
FC(F)(F)c(c1)cc(cc1C)[C@H](C)c2nc(NC(F)(F)F)ncc2-c3ccc(nc3)C(=O)N(C)C,-3.35,35,-0.09571428571428571
Cc1ccccc1-c(o2)c(-c3ccccn3)c(c24)c(ncn4)NCC[NH3+],-3.349,26,-0.12880769230769232
COc1cc(C)cc(c1)NC(=O)Nc(nc2)nc(c23)nc(c(c3)-c4cnc(C)cn4)-c5cccc(Cl)c5,-3.349,37,-0.09051351351351351
COc1cccc(c1)-c(n2)c(-c3cccc(O)c3)cc(c24)cnc(n4)NC(=O)CN5CCCC5=O,-3.349,35,-0.09568571428571429
C1CCC[NH+]1CCNc2nc(NCC)nc(c23)ccc(n3)-c4[nH+]ccn4C,-3.348,27,-0.124
OCC(=O)Oc(cc1)ccc1-c(c(c2)-c(c3)[nH+]cn3C)cc(c24)n(C)c(n4)N5CCOCC5,-3.346,33,-0.1013939393939394
COc1ccc(cc1)-c(c2)c(-c3cccc(=O)cc3)cc(c24)n(C)c(n4)N5CCOCC5,-3.346,32,-0.1045625
C[NH+](C)Cc1ccc(cc1)-c(c2)c(-c3ccc(F)cc3)cc(c24)oc(n4)N5CCOCC5,-3.346,32,-0.1045625
C1COCCN1c(n2)n(C)c(c23)cc(-c4ccccc4)c(c3)-c5ccc(C(=O)N)cc5,-3.345,31,-0.10790322580645162
n1ccccc1-c(nc(c23)n(C)cn2)nc3NC[C@H]([O-])[NH2+]CC4CCCC4,-3.345,27,-0.1238888888888889
FC(F)(Cl)c(c1)cccc1-c(c(o2)-c(cc3)ccc3C)c(c24)c(ncn4)N[C@@]5(O)CCOC5,-3.344,33,-0.10133333333333333
COc1ccc(cc1)-c(c2)c(-c3ccc(C)cc3)cc(c24)n(C)c([nH+]4)N5CCOCC5,-3.343,31,-0.10783870967741935
CCn1cc(c(n1)C)-c2cnc(-n3nc(C)cc3C)nc2N[C@H](C)[NH2+]c4cccc(c4)C(C)C,-3.342,34,-0.09829411764705882
[NH3+]Cc(c1)cccc1[C@H](C)Nc(c(c23)nccn3)nc(c2)-c4ccc(Br)cc4,-3.342,28,-0.11935714285714286
COc1ccccc1-c(c2)c(-c3ccc(C)cc3)cc(c24)nc(o4)N5CCOCC5,-3.342,30,-0.1114
Cn(c1)c(=O)ccc1-c(n2)nc(-c(c3N)cccc3OC)c(c24)cc(cc4)-c5cnn(C)c5C,-3.342,34,-0.09829411764705882
COc1ccc(cc1)-c2cc(C)nc(n2)NCC[NH+]3CCN(CC3)CCn4ccnc4,-3.341,31,-0.1077741935483871
COc1ccc(cc1OC)Nc(nc([nH+]2)NC(C)(C)CO)c(c23)nc(cc3)-c4cccc(c4)C(=O)N,-3.341,36,-0.09280555555555556
CCCn1cc(ccc1=O)-c(cc2)cc(c23)nc(c4c3cnc(n4)NC5CC5)NCC(=O)N(CC6)Cc(c67)cccc7,-3.34,42,-0.07952380952380952
COc1cccc(c1C(=O)NC(=O)C)-c(c2)c(-c3ccc(F)cc3)cc(c24)nc(n4C)N5CCOCC5,-3.34,37,-0.09027027027027026
COc1ccc(cc1)-c2cc(nc(n2)C)Nc3ncc(s3)-c4cccc(c4)C(=O)N(C)C,-3.34,32,-0.104375
OCC(C)(C)c1cccc(c1)NC(=O)Nc(ncn2)c(c23)cc(S(=O)(=O)C(C)(C)C)c(c3)-c4ccc(C(=O)N)cc4,-3.339,41,-0.0814390243902439
Cn(c1)c(=O)ccc1-c(c(c2)OC)cc(c23)ncc(C#N)c3NCCN(C)Cc4ccccc4,-3.337,34,-0.09814705882352942
CCCn1ncc(c1C)-c(c2)c(OC)cc(c23)c(c(cn3)C#N)N[C@H](C)c4cccc(C(F)(F)F)c4,-3.337,36,-0.09269444444444445
CC(=O)N(C1)CCC[C@H]1Oc(c(c2)OC)cc(c23)c(nc[nH+]3)N[C@H](F)c4cc(N)ccc4C(F)(F)F,-3.337,36,-0.09269444444444445
[NH3+]CCN(C)[C@@H](C)c1ccncc1-c2cc(-c(cc3)ccc3OC)cc(c24)cnc(n4)N[C@@](F)(C)c5cc(O)cc(c5)N(C)C,-3.336,45,-0.07413333333333333
C1CCC1c(c2)[nH+]ccc2-c(c(c3)OC)cc(c34)ncc5c4cc(nc5N)[C@H](C)c6ccc(C(=O)N)cc6,-3.336,38,-0.08778947368421053
Cc1onc(C)c1-c(c(c2)NCCC)cc(c23)[nH+]cc(C#N)c3NCc4cccc(c4)NC(=O)C,-3.335,35,-0.09528571428571428
n1ccccc1-c(c2)cc(-c3nccn3CC)c(c24)c(ncn4)NC[C@](C)(CO)c5cccc(C)c5,-3.335,36,-0.09263888888888888
Cn1c[nH+]cc1-c(n2)nc(-c(cn3)cn3C)c(c24)cc(cc4)-c5ccncc5,-3.333,28,-0.11903571428571429
Cn1c(=O)cccc1-c(c(c2)NCC)cc(c23)ncc(C#N)c3[N-][NH+](C)C,-3.332,27,-0.1234074074074074
C[NH+](C)Cc(cc1)ccc1-c(c2)cc(-c(cc3)ccc3[C@@H](N)C(=O)OC)c(c24)nc(nc4)NCc5cc(C)cc(C)c5,-3.332,42,-0.07933333333333333
CN(C)C(=O)c1cccc(c1)-c(c2)c(-c3ccccc3)cc(c24)nc(o4)N5CCOCC5,-3.332,32,-0.104125
NC(=O)c1ccccc1-c2nc(-c([nH+]c3C)c(C)n3C)nc(c24)ccc(c4)-c5ccc(O)cc5,-3.331,34,-0.09797058823529411
Cc1[nH+]ccn1-c(c2)c(-c3cccnc3)nc(c24)nc(nc4)NCCN5CCC[C@@H]5C,-3.33,31,-0.10741935483870968
FC(F)(F)c(cc1)ccc1NC(=O)Nc(c(c23)cccc3)nc(n2)-c4ccc(C(F)(F)F)cc4,-3.33,34,-0.09794117647058824
Cc1cccc(c1)OC[C@H](C)Nc(ncn2)c(c23)c(c(o3)-c4ccc(F)cc4)-c5ccc(nc5)C(=O)N(C)C,-3.33,39,-0.08538461538461539
COCc1ccc(cc1)-c(cc2)cc(c23)nc(N[C@H](C)c4ccc(N)cc4)c5c3cnc(n5)NC6CC6,-3.328,37,-0.08994594594594595
o1nc(N)cc1-c(n2)ccc(c23)nc(NC)nc3[N-]C(=O)c4c(N)cccc4C(F)(F)F,-3.328,32,-0.104
Cc(c1)c(C)ccc1CNc(ncn2)c(c23)c(-c(cn4)ccc4C)cc(c3)-c5cccc(c5)C(=O)N(C)C,-3.327,38,-0.08755263157894737
n1ccccc1-c(nc2NC)ncc2-c(c3C)c(=O)oc(c34)cc(C)cc4,-3.327,27,-0.12322222222222222
Cc1cccc(c1)-c(c2)c(-c3ccc(C(=O)[O-])cc3)cc(c24)n(C)c(n4)N5CCOCC5,-3.327,32,-0.10396875
COc1cccc(c1)[C@H](C)Nc(nc2)nc(c23)n(c(=O)c(c3C)-c4ccccc4Cl)-c5ccc(cc5)C(=O)OCN(C)C,-3.325,43,-0.07732558139534884
FC(F)(F)c(c1)cc(N)cc1[C@@H](C)c2cc(-c(cc3)ccc3C)cc(c24)ncnc4NC(F)(F)c5ccc(C(F)F)c(N)c5,-3.325,44,-0.07556818181818183
CCn1c[nH+]cc1-c2cc(C)nc(n2)N[C@@H]3CC[N@@H+](C3)[C@H](C)c4cccc(F)c4,-3.324,29,-0.11462068965517241
CNc1cc(N)c([C@H](C)O)c(c1)C(=O)Nc(ncn2)c(c23)cc(S(=O)(=O)C(C)(C)C)c(c3)-c4ccccc4,-3.324,38,-0.08747368421052631
CC(C)Nc(nc[nH+]1)c(c12)cc(-c3cnccn3)c(c2)-c4cncc(F)c4,-3.323,27,-0.12307407407407407
O=c1ccc(cn1C)-c(cc2)cc(c23)c(-c4ccc(CO)cc4)nc(n3)-c5cccc(c5)C(=O)N,-3.321,35,-0.0948857142857143
c1cc(F)ccc1-c(cc2C)nc(n2)NCCN3CC[NH+](CC3)CCn4ccnc4,-3.321,30,-0.1107
n1cn(C)c(c12)nc(-c(ccn3)cc3C)nc2NC(=O)C[NH+]4CCN(CC4)CC(C)C,-3.32,31,-0.10709677419354838
O=C([O-])Cc1cccc(c1)-c(o2)c(c(c23)c(ncn3)NCCO)-c4ccc(F)cc4,-3.32,30,-0.11066666666666666
NC(=O)c(c1)cccc1Nc(c(c2)-c(cn3C)ccc3=O)cc(c24)c(c(cn4)C#N)NCc5ccc[nH+]c5,-3.319,38,-0.08734210526315789
Fc(c1)cccc1-c(c(c2)OC)cc(c23)c(nc[nH+]3)NCC(=O)c4ccc(C(F)(F)F)cc4N,-3.318,34,-0.09758823529411764
Cn1ccc(n1)Nc2[nH+]cc(-c3ccccc3C(F)(F)F)c(n2)NCc4ccccc4,-3.318,31,-0.10703225806451613
CNc(n1)c(C(=O)N)c(n12)nc(-c3cc[nH+]cc3)cc2-c4ccc(O)cc4,-3.317,27,-0.12285185185185186
COc1ccc(cc1)-c2cnc(s2)Nc3cc(nc(n3)C)-c4cnccc4C,-3.317,28,-0.11846428571428572
NC(=O)c(c1)cccc1-c(c2)cc(-c3ncccc3OC)c(c24)c(ncn4)N[C@H](C)c5ccc(C)cc5,-3.317,37,-0.08964864864864866
Cc1ccc(cc1)-c2cnc(-c3conc3C)nc2NCc4ccc(C(C)C)cc4,-3.317,30,-0.11056666666666667
Cc1ccccc1[C@H](C)Nc(nc(n2)NCCO)c(c23)nc(cc3)-c4c(C)noc4C,-3.316,31,-0.10696774193548386
Cc1cc[nH+]cc1-c(cn2)c(n23)nc(-c4cccc(C(F)(F)F)c4)nc3NCCC[NH3+],-3.316,31,-0.10696774193548386
CCc1ccc(c(n1)C)-c(c2)c(-c3ccc(C(F)(F)F)nc3C)cc(c24)ncnc4NC(C)C,-3.315,34,-0.0975
CC[N@H+]1CC[C@@H](CC1)[C@H](C)Nc(nc[nH+]2)c(c23)cc(c(c3)-c4ccc(C(=O)[O-])cc4)-c5cccc(c5)CO,-3.313,38,-0.0871842105263158
NC(=O)C(=O)N(C)[C@@H]1CCC[N@@H+](C1)c2cccc(c2)-c(cc(c3)-c4cn(C)cn4)c(c35)nc(nc5)NCc6cccc(c6)C(F)(F)CO,-3.313,48,-0.06902083333333334
CN(C)c(nc1)ccc1-c(o2)c(-c(cc3)ccc3C)c(c24)c(ncn4)N[C@H](C)Nc5cc(N)cc(C(F)(F)F)c5,-3.313,40,-0.08282500000000001
Cn1c(C)[nH+]cc1-c(c2)c(cc(c23)c(c(C#N)cn3)NCC)N[C@H](C)c4cccc(C)c4,-3.313,32,-0.10353125
Cc1cc(C)c(C)c(c1)[C@H](C)Nc(ncn2)c(c23)c(cc(c3)-c4ccccn4)-c5ccc(=O)n(c5)C(C)C,-3.313,38,-0.0871842105263158
COc1ccc(c(C)c1)-c2cnc(-c3ccc(F)cc3)nc2NCC[NH+](C)C,-3.31,28,-0.11821428571428572
Cc1ccc(cc1)C[N@H+](C)CC[N-]c(n2)c(C(=O)N)c(n23)nc(-c4nccs4)cc3-c5ccncc5F,-3.31,37,-0.08945945945945946
CC(C)c(cc1)ccc1-c(c2)c(cc(c23)c(NC)c(C#N)cn3)N[C@H](C)c4ccccc4,-3.309,32,-0.10340625
COc1cccc(c1)[C@H](C)Nc(c2)c(-c3ccc(F)c(F)c3)cc(c24)ncc(C#N)c4NC(C)C,-3.308,35,-0.0945142857142857
Cc(c1)cccc1[C@@H](C)Nc(nc[nH+]2)c(c23)cc(c(c3)OC)-c4ccc(=O)c(F)cc4C(=O)N5CCOCC5,-3.308,39,-0.08482051282051281
COc1ccc(cc1)-c(c2)c(-c3cccc(c3)N(C)C)cc(c24)oc(n4)N5CCOCC5,-3.307,32,-0.10334375
COc1ccccc1-c(c2)c(-c3cccnc3)cc(c24)nc(n4C)N5CCOCC5,-3.307,30,-0.11023333333333334
C1COCCN1c([nH+]2)n(C)c(c23)cc(-c4cccc(F)c4)c(c3)-c5cccc(c5)C(=O)N,-3.306,32,-0.1033125
CNC(=O)c1ccc(cc1)-c(c2)c(-c3ccc(C)cc3)cc(c24)n(C)c(n4)N5CCOCC5,-3.305,33,-0.10015151515151516
c1cc(F)ccc1-c(c2C)c(=O)n(CCC)c(c23)nc(nc3)NC(=O)Cn4ccnc4,-3.305,31,-0.10661290322580645
CN(C)C(=O)c1ncc(cn1)-c(c2)c(-c3cc(F)ccn3)cc(c24)nc(n4C)N5CCOCC5,-3.304,34,-0.0971764705882353
C1COCCN1c([nH+]2)n(C)c(c23)cc(-c4cccoc4=O)c(c3)-c5ccc(C(=O)N)cc5,-3.304,32,-0.10325
Cc1cn(C)cc1[C@H](C)Nc(nc[nH+]2)c(c23)c(C(CO)CO)cc(c3)-c4nccs4,-3.302,30,-0.11006666666666667
C[NH+](C)Cc(c1)cccc1-c(c(c2)-c(c3)cccc3C)cc(c24)n(C)c([nH+]4)N5CCOCC5,-3.302,33,-0.10006060606060606
Cc1ccccc1-c(c2)c(-c3ccccc3Br)cc(c24)nc(o4)N5CCOCC5,-3.302,29,-0.11386206896551725
Cn1nccc1[N-]c(n2)c(C(=O)N)c(n23)nc(-c4cccnc4)cc3-c5cccnc5,-3.301,31,-0.10648387096774194
Clc1ccccc1-c(c(c2)-c(cc3N)cc[nH+]3)cc(c24)oc(n4)N5CCOCC5,-3.3,29,-0.11379310344827585
O=c1cccc(n1C)-c(c2)c(-c3cccc(F)c3)cc(c24)n(C)c(n4)N5CCOCC5,-3.3,31,-0.1064516129032258
Cc1ccccc1[C@H](C)c2[nH+]cc(c(n2)N[C@H](C)C[NH3+])-c3c(C)noc3C,-3.3,27,-0.12222222222222222
FC(F)(F)c(cc1)ccc1-c(c(c2)OC)cc(c23)ncc(C#N)c3NCC[NH+](C)C,-3.3,30,-0.11
CC(=O)Nc1cccc(c1)-c(cc(c2)-c3[nH+]ccn3C)c(c24)c(ncn4)N[C@H](C)c5ccc(C)c(C)c5,-3.3,37,-0.08918918918918918
FC(F)(F)c(c1)cccc1-c(n2)nc(c(c23)cccc3)N[C@@H](C)c4cc[nH+]c(c4)N5CCC[C@@H]5CO,-3.299,36,-0.09163888888888888
NC(=O)Cc1ccncc1CNc(c(c23)cccc3)nc([nH+]2)-c4cccc(C(=O)[O-])c4,-3.298,31,-0.10638709677419354
Cn(n1)ncc1-c(c(c2)OC)cc(c23)ncc4c3cc(nc4N)[C@H](C)c5ccc(C(=O)N)cc5,-3.298,34,-0.097
Cc1ccc(c(C)c1)[C@H](C)Nc(ncn2)c(c23)c(-c4ccc(=O)n(C)c4)cc(c3)-c5cccnc5,-3.297,35,-0.0942
COc1ccc(cc1)-c(c2)c(-c3ccnc(N)c3)cc(c24)n(C)c(n4)N5CCOCC5,-3.296,31,-0.10632258064516129
Cc1cccc(c1)-c(cc2)nc(c23)c(nc(n3)NCCO)Nc4cc(C)n(C)c4,-3.296,29,-0.1136551724137931
Fc(c1)cccc1-c2nc(-c(cc3OC)ccc3O)nc(c24)ccc(c4)-c5cnc(s5)N,-3.296,32,-0.103
Cc1cccc(n1)-c(o2)c(-c3ccc(nc3)CN(C)C)c(c24)c(ncn4)NC[C@H]([NH3+])c5cccc(C(F)(F)F)c5,-3.294,40,-0.08235
CC(C)[N@@H+](CC1)CC[C@H]1Nc(ncn2)c(c23)c(-c(cc4OC)ccc4OC)c(o3)-c5ccccc5OC,-3.294,37,-0.08902702702702703
Cc1cccc(c1)[C@H](O)CNc(n2)c(nc(nc3)NC4CC4)c3c(c25)ccc(c5)-c6ccc(Cl)cc6,-3.293,36,-0.09147222222222223
Cc1cccc(c1)C(=O)[N-]c(nc(n2)-c3ccsc3)n(c24)ncc4-c5cccnc5,-3.293,30,-0.10976666666666667
Cc1ccc(cc1C)N[C@H](C)Nc(nc[nH+]2)c(c23)ccc(c3)-c4nccnc4N5CCCC5,-3.293,33,-0.09978787878787879
Oc(c1)cccc1[C@H](C)Nc(ncn2)c(c23)cc(S(=O)(=O)C(C)(C)C)c(c3)-c4cccc(c4)N(C)C,-3.292,36,-0.09144444444444444
Clc(c1)cccc1[C@@H](C)Nc2nc(N[C@@H](C)c(cc3)ccc3C)nc(c24)ccc(n4)-c5c(C)noc5C,-3.292,37,-0.08897297297297296
C1COCCN1c(n2)n(C)c(c23)cc(-c4cccc(F)c4)c(c3)-c5cccc(=O)nc5,-3.291,31,-0.10616129032258065
FC(F)(F)c(c1)cc(N)cc1[C@H](C)Nc(ncn2)c(c23)c(-c4cccc(=O)n4C)cc(c3)-c5cncc(n5)N,-3.291,39,-0.08438461538461538
Nc(c1)[nH+]ccc1-c(c2)cc(c(c23)nc(nc3)NC(C)C)-c4nccnc4C(=O)N(C)C,-3.29,32,-0.1028125
Cc1ccc(cc1)-c2cnc(-c3cccc(c3)C(C)C)nc2NC(=O)CN4CCCC4,-3.288,31,-0.10606451612903225
c1cc(N)ccc1[C@H](C)Nc(n2)c(nc(nc3)NC4CC4)c3c(c25)ccc(c5)-c6cccc(=O)cc6,-3.286,36,-0.09127777777777778
[NH3+]CCNc(n1)nc(NC[C@H](C)O)c(c12)nc(cc2)-c3ccccc3,-3.286,25,-0.13144
CC#CC(=O)Nc1cc(ccn1)-c(nc2-c3ccccc3)nc(c24)ccc(c4)-c5ccn(C)c5,-3.285,34,-0.09661764705882353
Cc1ccc(cc1)-c(c2)c(-c3ccc(CO)cc3)cc(c24)nc(n4C)N5CCOCC5,-3.283,31,-0.1059032258064516
COc1ccc(cc1OC)-c(cc2)cc(c23)nc(N[C@H](C)c4ccc(C)cc4)c5c3cnc(n5)NC6CC6,-3.283,38,-0.08639473684210526
Cc1cccc(c1)-c(cn2)c(n23)nc(C(C)(C)c4cccc(C)c4)cc3N[C@@H]5CCN(C5)C(C)C,-3.283,35,-0.0938
COc1ccc(cc1)-c(c2)c(-c3ccc(C)cc3)cc(c24)n(C)c(n4)N5CCOCC5,-3.282,31,-0.10587096774193548
CN(C)C(=O)Cn(c(=O)c1)ccc1-c(c(c2)OC)cc(c23)ncc(C#N)c3N[C@H](C)c4ccc(C(F)(F)F)cc4,-3.282,40,-0.08205
COc1cc(cc(c1)N(C)C)[C@H](C)Nc2nc(-c3ccccn3)ncc2-c4ccncc4,-3.281,32,-0.10253125
Cc1cccc(c1)Nc(c2)c(-c3ccc(=O)n(C)c3)cc(c24)ncc(C#N)c4Nc5cc(C)cnc5CN(C)C,-3.281,40,-0.082025
C1COCCN1c(n2)n(C)c(c23)cc(-c4ccc(C(F)(F)F)cc4)c(c3)-c5ccc(N)cc5,-3.28,33,-0.09939393939393938
NC(=O)c(c1)cccc1-c(c(c2)-c(ccc3)c(c34)n(C)c(n4)C)cc(c25)ncnc5NC(C)C,-3.279,34,-0.09644117647058824
Cc1cnc(cn1)-c(c2)c(-c3cccn3C)nc(c24)nc(nc4)NC(C)C,-3.278,27,-0.12140740740740741
COc(cc1)ccc1-n(c(c23)nc(NC)nc2)c(=O)c(c3C)-c4ccncc4,-3.277,28,-0.11703571428571428
Cc1cccc(c1)C(=O)Nc(ncn2)c(c23)c(cc(c3)-c4cnc(C)nc4)-c5ccccc5C(=O)N,-3.276,36,-0.091
CCNc1[nH+]cc(c(n1)NCC[NH3+])-c2ccc(F)cc2,-3.275,20,-0.16375
CC(=O)N1CCC[C@@H](C1)c2ncc(C)c(n2)Nc(c(C#N)cn3)c(c34)cc(c(c4)-c5ccc(=O)n(C)c5)N[C@H](C)c6ccc(C)cc6,-3.275,47,-0.06968085106382979
CN(C)Cc1cccc(c1)-c(nc2-c3ccn(n3)C)nc(c24)ccc(c4)-c5ccccc5,-3.274,32,-0.1023125
COc1ccc(cc1)-c(c2)c(-c3cccc(C)c3)cc(c24)nc(n4C)N5CCOCC5,-3.273,31,-0.10558064516129033
COc1c(Cl)cccc1C(=O)c(c(c2)OC)cc(c23)ncc(C#N)c3N[C@H](C)c4cccc(c4)[C@H](C)CO,-3.273,38,-0.08613157894736842
COc1ccc(cc1)CNc2nc(N[C@H](C)c3ccc(o3)C)ncc2-c4cn(C)c(C)[nH+]4,-3.273,32,-0.10228125
Cc1cccc(c1)-c2[nH+]cc(-c3cccc(N)c3)c(n2)NCc4cccc(c4)N5CCCCC5,-3.272,34,-0.09623529411764706
C[NH+](C)CCCNc(c1)c(-c2ccnc(Cl)c2)cc(c13)[nH+]cc(C#N)c3NC[C@H](O)c4ccccc4,-3.27,36,-0.09083333333333334
c1ccccc1[C@@H](C)n2c(=O)c(-c3ccncc3)c(C)c(c24)cnc(n4)Nc5ccc(C(=O)N)cc5,-3.27,36,-0.09083333333333334
C[NH+](C)[C@@H](C)n1cc[nH+]c1-c2cc(-c3c[nH+]cn3CC)cc(c24)cnc(n4)N[C@H](C)c5cc(C)cc(N)c5,-3.269,38,-0.08602631578947369
O=C1CCN1c(c2)cc(cc2C)[C@H](C)Nc(nc3)nc(c34)c(nc(c4)C)-c5[nH+]ccn5C,-3.267,32,-0.10209375
Cc1ccc(cc1C)N[C@H](C)Nc(ncn2)c(c23)ccc(c3)-c4c[nH+]cnc4N5CCCCC5,-3.267,34,-0.09608823529411764
CSc(cc1)ccc1[C@H](CC)Nc(nc2)nc(c23)nc(-c4ncco4)c(c3)-c5ccc(Cl)cc5,-3.265,34,-0.09602941176470589
Cc1cccc(c1)CNc2ncc(-c3c[nH+]c(C)n3CCC(=O)N)c([nH+]2)NCc4ccccc4C,-3.264,35,-0.09325714285714286
COc1cccc(c1)-c(cc2)nc(c23)c(NCCCO)nc(n3)NCC[NH3+],-3.264,27,-0.12088888888888888
Cc1ccc([C@H](C)O)c(c1)[C@H](C)Nc(ncn2)c(c23)c(-c4c(C)nn(C)c4C)cc(c3)-c5cccccc5=O,-3.263,39,-0.08366666666666667
COc1ccc(cc1OC)-c(o2)c(-c3cccc(c3)C(=O)N)c(c24)c(ncn4)NC(=O)c5cccc(C)c5,-3.263,38,-0.08586842105263158
COc1ccc(cc1)-c(cc2)nc(c23)c(nc(n3)N[C@@H]4CCC[N@H+](C)C4)N[C@H](C)c5cccc(c5)C(C)C,-3.263,38,-0.08586842105263158
Cc1ccc(cc1)CCNc(c(c23)cccc3)nc([nH+]2)-c4cccnc4,-3.263,26,-0.1255
Cc1ccc(c(C)c1)[C@H](C)Nc(ncn2)c(c23)c(-c4cccc(c4)CO)c(o3)-c5cccc(c5)N(C)C,-3.262,37,-0.08816216216216216
c1cc(O)ccc1-c(c2)nc(c(c23)nccn3)N[C@@H](CCOC)[C@@H]4COCCN4Cc5ccccc5,-3.261,36,-0.09058333333333334
CNc1[nH+]c(NC(C)C)ncc1-c2ccc(OC)cc2OC,-3.261,22,-0.14822727272727274
CC(C)[C@@H](C)N(CC1)c(c12)cc(cc2)[C@H](C)Nc(ncn3)c(c34)c(-c5ccc(=O)n(C)c5)cc(c4)-c6cccc(=O)n6C,-3.26,43,-0.07581395348837208
COCC(=O)N(C)N(C)[C@H](C)c1cccc(c1)-c(o2)c(-c3ccc(OC)c(c3)OC)c(c24)c(ncn4)N[C@H](C)c5cccc(C)c5,-3.259,46,-0.07084782608695651
COc(c1)cccc1-c2nc(-c(c3)cc(OC)cc3OC)nc(c24)ccc(c4)-c5cc(no5)NC(=O)C,-3.258,37,-0.08805405405405406
CN(C)c1cc(O)cc(c1)[C@](F)(C)Nc(nc2)nc(c23)c(-c4cnccn4)cc(c3)-c5ccc(C[NH3+])cc5,-3.258,38,-0.08573684210526315
Cc1ccc(C)c(c1)[C@H](CO)Nc(c2)c(-c3cccnc3)cc(c24)[nH+]cc(C#N)c4NC(C)C,-3.257,34,-0.09579411764705882
CCNc(ncn1)c(c12)cc(S(=O)(=O)C(C)(C)C)c(c2)-c3ccccc3NC(=O)C(=O)[O-],-3.255,32,-0.10171875
c1cnccc1-c(n2)cc(NC(=O)CNC)n(c23)ncc3-c4ccnc(C)c4,-3.25,28,-0.11607142857142858
COc1ccccc1-c2cc(-c(cc3)ccc3OC)cc(c24)ncnc4Nc5ccc(C)c(C(=O)[O-])c5,-3.249,37,-0.08781081081081081
NC(=O)c1ccc(cc1)-c(c2)c(-c3cccc(C(F)(F)F)c3)cc(c24)nc(o4)N5CCOCC5,-3.249,34,-0.09555882352941177
COc1ccc(cc1)CNc2[nH+]c(NCc3ccccc3C)ncc2-c4cccn4C(=O)[O-],-3.248,33,-0.09842424242424243
Cc1ccc(cc1)-c(c2)c(-c3ccc(C(=O)N)cc3)cc(c24)n(C)c(n4)N5CCOCC5,-3.248,32,-0.1015
C1COCCN1C(=O)Cc2cccnc2-c(c3)c(CCc4ccccc4)cc(c35)[nH+]cnc5N[C@@H]6CCCN(C6)c7ccc(C(F)(F)F)cc7,-3.248,50,-0.06496
CCNc(c(C#N)c[nH+]1)c(c12)cc(NCC(=O)N)c(c2)-n3cc(C)n3C,-3.248,26,-0.12492307692307693
Cc1ccc(cc1Cl)-c(c2)c(-c3cccc(F)c3)cc(c24)oc(n4)N5CCOCC5,-3.247,30,-0.10823333333333333
COc1ccc(cc1)-c2cnc(s2)Nc3cc(nc(n3)C)-c4ccc(Cl)cc4,-3.246,28,-0.11592857142857142
C1CCCN1[C@H](C)CNc(nc2)nc(c23)nc(-c4ccc(F)cc4)c(c3)-c5[nH+]ccn5C,-3.246,32,-0.1014375
Fc1ccccc1-c2cc(-c3nccn3CC)cc(c24)ncnc4NC(C)(C)CO,-3.246,30,-0.1082
CC(C)[NH2+]c(c1)cccc1-c(n2)ccc(c23)[nH+]c(NCCOC)nc3NCCN(C)c4cc(C)cc(C(F)(F)F)c4,-3.246,41,-0.07917073170731707
C#Cc1ccc(cc1)NC(=O)CNc2ncc(-c3ccccc3)c(n2)-c4ccsc4,-3.245,30,-0.10816666666666667
Cc1cn(C)cc1[C@H](C)Nc(nc[nH+]2)c(c23)c(-c4cccc(c4)C(=O)N(C)C)cc(c3)Cc5ccccc5,-3.245,38,-0.08539473684210526
CN(C)C(=O)c(c1)scc1-c(c(c2)-c(cc3)ccc3C)cc(c24)n(C)c(n4)N5CCOCC5,-3.244,33,-0.09830303030303031
Fc1ccccc1-c2cc(-c3[nH+]ccn3CC)cc(c24)ncnc4N[C@H](C)c5cc(C)cc(N)c5,-3.244,35,-0.09268571428571429
o1cccc1-c2cnn(c23)c(NC(=O)Nc(cc4)ccc4C)nc(n3)-c5cccc(C(F)(F)F)c5,-3.244,35,-0.09268571428571429
O=c(n1)ccccc1-c(c2)cc(-c(c(=O)n3C)ccc3C)c(c24)c(ncn4)N[C@H](C)c5cc(N)cc(C(F)(F)F)c5,-3.243,41,-0.07909756097560976
s1cncc1-c(c2C)c(=O)n(CC)c(c23)nc(nc3)N[C@@H]4CC(=O)N(C4=O)c5ccc(C)cc5,-3.243,34,-0.09538235294117647
CC[N@H+](C)CC[N-]c(n1)c(C(=O)N)c(n12)nc(-c3ccncc3)cc2-c4ccc(O)cc4,-3.242,32,-0.1013125
C1COCCN1c(n2)n(C)c(c23)cc(-c4cccc(O)c4)c(c3)-c5ccnc(c5)N6OCC[C@@H](C6=O)c7ccccc7F,-3.242,43,-0.0753953488372093
COc1ccccc1-c2cc(-c3nccn3CC)cc(c24)ncnc4Nc5ccc(C(=O)N)cc5,-3.241,35,-0.0926
C1COCCN1c(n2)n(C)c(c23)cc(c(c3)-c(cc4)cc(c45)nccc5)-c6cccc(c6)/C=N/C(=O)[O-],-3.24,37,-0.08756756756756758
Cc1ccccc1CNc2nc(N[C@H](C)c3ccc(CN)cc3)[nH+]cc2-c4cncc(F)c4,-3.24,33,-0.09818181818181819
Cn1cccc1-c(c(c2)NCC)cc(c23)[nH+]cc(C#N)c3NC[C@H](O)c4ccccc4,-3.24,31,-0.10451612903225807
Fc(c1)c(F)ccc1-c(c2)c(cc(c23)c(c(C#N)cn3)NC(C)C)N[C@@](F)(C)c4cc(N)cc(C(F)(F)F)c4,-3.239,39,-0.08305128205128205
C[NH+](C)CCNc(nc1)nc(c12)n(-c(c3)cc(OC(=O)C)cc3OC)c(=O)c(c2C)-c4ccncc4,-3.239,36,-0.08997222222222222
CNc1ccc(c[nH+]1)-c2cnc(-c3cccs3)nc2Nc4ccccc4F,-3.239,27,-0.11996296296296295
CN(C)c1cccc(c1)Cc(c2)c(-c3ccccc3)cc(c24)nc(n4C)N5CCOCC5,-3.238,32,-0.1011875
O=c(c1)ncncc1-c(c2)cc(-c(c3)cccc3NC(=O)C)c(c24)c(ncn4)N[C@H](C)c5cccc(C(F)(F)F)c5,-3.238,41,-0.07897560975609756
c1cc(Cl)ccc1-c(c[nH+]c2NC)c(n2)Nc3cccc(F)c3,-3.237,23,-0.14073913043478262
O=c(c1)n(C)c(C)cc1-c2cc(-c(c3)cncc3OC)cc(c24)ncnc4N[C@H](C)c5ccc(C(F)(F)F)cc5N,-3.236,41,-0.07892682926829268
Cc1cccc(c1)-c(c2)c(-c3ccoc3C(=O)[O-])cc(c24)n(C)c(n4)N5CCOCC5,-3.236,31,-0.10438709677419356
Cc1ccc(cc1C)-c(c2)c(-c3ccccc3)cc(c24)c(ncn4)N[C@@H]5CCOC5,-3.236,30,-0.10786666666666668
c1ccccc1-c(c(c2)-c(cn3C)ccc3=O)nc(c24)nc(nc4)N[C@H](CO)c5cc(N)ccc5C(F)(F)F,-3.235,39,-0.08294871794871794
Cc1ccc(cc1)[C@H](C)Nc(nc2NCCCO)nc(c23)ccc(n3)-c4cccc(C)c4,-3.235,32,-0.10109375
FC(F)(F)c(c1)cc(N)cc1[C@H](C)Nc(ncn2)c(c23)c(-c4ccccc4)c(o3)-c5ccc(=O)n(C)c5,-3.234,37,-0.08740540540540541
CCCn1ncc(c1C)-c(c2)c(OC)cc(c23)c(c(cn3)C#N)N[C@H](C)c4ccccc4,-3.231,32,-0.10096875
CCc1cccc(c1)[C@H](C)c(c2)c(-c3cnn(C)c3)cc(c24)c(nc[nH+]4)N[C@H](C)Cc5cccc(C)c5,-3.231,37,-0.08732432432432433
c1c[nH+]ccc1-c(n2)nc(NCc(cc3)ccc3C)n(c24)ncc4-c5cn(C)c(=O)n5C,-3.231,32,-0.10096875
CCCNc(ncn1)c(c12)c(-c3ccc(F)cc3)c(o2)-c4ccccc4,-3.231,26,-0.12426923076923077
COC(=O)n1cc(ccc1=O)-c(c2)c(-c3ccc(F)cc3)cc(c24)n(C)c(n4)N5CCOCC5,-3.229,34,-0.09497058823529413
FC(F)(F)c(c1)cc(N)cc1[C@H](C)Nc(ncn2)c(c23)cc(S(=O)(=O)C(C)(C)C)c(c3)-c4cccnc4,-3.229,37,-0.08727027027027028
c1ccccc1[C@@H](C)Nc(cc(c23)c(c(C#N)cn2)NC(C)C)c(c3)-c4cn(cn4)CC(=O)N(C)C,-3.229,36,-0.08969444444444445
O=c(c1)occc1-c(c2)c(cc(c23)c(c(C#N)cn3)NC(C)C)N[C@H](C)c4ccc(C(F)(F)F)cc4,-3.229,36,-0.08969444444444445
CN(C)c1ccc(cc1OC)Nc(c2)c(-c3ccc(=O)n(C)c3)cc(c24)ncc(C#N)c4N[C@@H]5CCN(C5)c6ccccc6,-3.227,44,-0.07334090909090908
Cc1ccc(cc1C)[NH2+][C@H](C)Nc(ncn2)c(c23)ccc(c3)-c4ncnn4C,-3.226,28,-0.11521428571428571
Fc1ccccc1-c2cc(-c(cc3=O)cccn3)cc(c24)ncnc4NCN5CCOCC5,-3.226,33,-0.09775757575757575
FC(F)(F)c(c1)cc(N)cc1[C@@H](C)Nc2nc(NCC)[nH+]c(c23)ccc(n3)-c4cc(ccn4)N5CCOCC5,-3.226,39,-0.08271794871794871
CCNc(ncn1)c(c12)cc(-c3cc(ccn3)CN(C)C)c(c2)-c4cccc(c4)C(=O)OC(=O)N5CCCCC5,-3.224,40,-0.0806
Cc1cc(N)cc(c1)C(=O)Nc(n2)c(ncnc3)c3c(c24)ccc(c4)-c5ccc(C#N)nc5,-3.224,33,-0.0976969696969697
c1cnn(c12)C[C@H](CO)[C@@H](C2)c(cc(c34)c(ncn3)NC(C)C)c(c4)-c5ccc(=O)n(C)c5,-3.224,33,-0.0976969696969697
c1ccccc1[C@H]2NC[C@H](CC[N@@H+]2C)Nc(nc(n3)-c4cccc(F)c4)n(c35)ncc5-c6ccccc6,-3.224,37,-0.08713513513513514
Cc1ccc(cc1)-c(cc2)cc(c23)c(nc(n3)-c4cnc(o4)C)-c5ccc(nc5)CN6CC[C@H](C(F)(F)F)C6=O,-3.224,40,-0.0806
c1cncc(c12)n(C[C@@H](F)[NH+](C)C)c(n2)-c(cc3)cc(c34)ncnc4NC(=O)Nc5cccc(C(F)(F)F)c5,-3.222,39,-0.08261538461538462
C#Cc1ccc(cc1)NC(=O)CNc2ncc(c(n2)-c3ccoc3)-c4cccc(c4)OC,-3.221,32,-0.10065625
C[C@H](O)c1ccccc1-c2cnc(-c3nccs3)nc2NC(=O)Nc4cccc(C(F)(F)F)c4,-3.221,34,-0.09473529411764706
C1COCCN1c([nH+]2)n(C)c(c23)cc(-c4cccc(c4)C(=O)N)c(c3)-c(cc5)cc(c56)nccc6,-3.221,35,-0.09202857142857143
CC(C)Nc(nc[nH+]1)c(c12)ccc(c2)-c3ccncc3,-3.22,20,-0.161
Fc1ccccc1-c2cc(-c(c3)cccc3C)cc(c24)ncnc4N[C@H](C)c5cccc(c5)[C@H]([NH3+])C(=O)CO,-3.219,39,-0.08253846153846153
Fc1ccccc1-c(n2)cc(nc2C)Nc3ncc(s3)-c4cccc(c4)C(=O)[C@H](CO)N(C)C,-3.218,34,-0.09464705882352942
CC(=O)Nc1cccc(c1)[C@H](C)Nc2nc(-c3cccc(F)c3)ncc2-c4cccnc4,-3.216,32,-0.1005
FC(F)(F)c(c1)cc(cc1N)[C@H](CO)Nc(nc[nH+]2)c(c23)cc(-c4cnccn4)c(c3)-c5cccc(c5)C(=O)OC(=O)N6CCCCC6,-3.215,48,-0.06697916666666666
Cc1cc(C)cc(c1)NC(=O)CNc(c(c23)cccc3)nc([nH+]2)-c4ccccc4,-3.214,29,-0.11082758620689655
CCn1cc(c(n1)C)-c2cnc(-c3cc(N)ccc3C(F)(F)F)nc2N[C@H](C)c4cccc(c4)C[NH+](C)C,-3.213,38,-0.08455263157894737
COc1ccc(cc1)-c(c2)c(-c3cc[nH+]c(N)c3)cc(c24)n(C)c(n4)N5CCOCC5,-3.213,31,-0.10364516129032258
Cc1noc(C)c1[N-]c(n2)c(C(=O)N)c(n23)nc(-c4ccccc4)cc3-c5ccncc5,-3.212,32,-0.100375
CC(C)Nc(n1)c(C(=O)N)c(n12)nc(-c3ccccc3F)cc2-c4cc[nH+]cc4,-3.212,29,-0.11075862068965518
CCNc(nc[nH+]1)c(c12)cc(c(c2)-c3cnn(C)c3)-c4ccn(c4)CC(=O)NC(=O)C,-3.21,31,-0.10354838709677419
Cc1ccccc1-c(cc2C)nc(n2)NCCN3CCN(CC3)CCn4ccnc4,-3.209,30,-0.10696666666666667
O=C([O-])c1ccc(cc1)-c2c[nH+]c(Nc3ccncc3)nc2NCc4ccccc4,-3.208,30,-0.10693333333333334
Cc1cccc(c1)CNc(nc2NCCO)nc(c23)ccc(n3)-c4cccc(C)c4,-3.207,30,-0.1069
Fc1ccccc1-c2cc(-c(on3)cc3NC(=O)C)cc(c24)ncnc4N[C@H](C)c5cc(C)cc(C)c5,-3.205,37,-0.08662162162162163
CC(C)Nc(c1)cccc1-c(n2)ccc(c23)nc(NCCOC)nc3NCCN(C)c4cc(C)cc(C(F)(F)F)c4,-3.202,41,-0.07809756097560976
FC(F)(F)c(c1)cc(N)cc1[C@H](C)Nc(c2)c(-c3cccnc3)cc(c24)ncc(C#N)c4NCCCl,-3.202,36,-0.08894444444444444
O=c(c1)n(C)ccc1-c(c(c2)OC)cc(c23)c(nc[nH+]3)NC4CCN(C(=O)N)CC4,-3.202,30,-0.10673333333333333
C[C@H](O)c1cc(cc(C(F)(F)F)c1)[C@H]([NH3+])Nc2nc(-c3cccc(c3)CN)ncc2-c4cccc(C(F)(F)F)c4,-3.201,40,-0.080025
Cc1cccc(c1)[C@H](C)Nc(ncn2)c(c23)c(-c4ccnn4C)cc(c3)-c5cnc(=O)n(C)c5,-3.199,34,-0.09408823529411764
C[C@@H]1CN(C1=O)C(=O)c2cccc(c2)-c(c3)c(-c4ccc(F)cc4)cc(c35)nc(n5C)N6CCOCC6,-3.199,37,-0.08645945945945946
C[C@@H]1CC[N@H+](CC1)Cc2cc(co2)-c(c(c34)c(ncn4)NC(C)C)cc(c3)-c5cccc(c5)C(=O)N,-3.198,36,-0.08883333333333333
Cc(c1)cccc1[C@@H](C)Nc2nc(NCc(cc3)ccc3C)nc(c24)ccc(n4)-c5cccc(c5)NC(C)C,-3.198,39,-0.082
Cc(o1)ncc1-c(c2)nc(c(c23)nccn3)N[C@@H](CCOC)[C@@H]4COCC[N@H+]4Cc5ccccc5,-3.197,35,-0.09134285714285714
CC[C@](C)(CO)Nc(ncn1)c(c12)c(-c3ccc(F)cc3)c(o2)-c4ccccc4C,-3.196,30,-0.10653333333333334
CC[N@H+]1CC[C@@H](CC1)[C@H](C)Nc(ncn2)c(c23)cc(-c4cccnc4)c(c3)-c5ccc(cc5)[C@@]6(O)CN(C)C[C@@H]6O,-3.196,41,-0.07795121951219512
Cc1cccc(c1)C[C@H](C)Nc(ncn2)c(c23)cc(-c4cccnc4)c(c3)[C@H](C)C(=O)Nc5ccc(C)c(N)c5,-3.196,40,-0.0799
NC(=O)CCCNc([nH+]c1NC)ncc1-c2ccc(F)cc2,-3.195,22,-0.14522727272727273
c1cc(Br)ccc1-c2nc(-c(n3)ccnc3CC)nc(c24)ccc(c4)-c5cc[nH]c(=O)c5,-3.193,32,-0.09978125
Cn(c1)c(=O)ccc1/[NH+]=c2\nc(NCC)[nH]c(c23)ccc(n3)-c4ccc(C)cc4,-3.191,29,-0.11003448275862068
c1cccc(c12)CN(CCO2)CC(=O)Nc3ncc(-c4cccnc4)c(n3)-c5cncnc5,-3.191,33,-0.0966969696969697
CN(C)CC(=O)[C@@H]1C[C@H](O)CN1C(=O)N2CCOC[C@@H](C2)Nc(ncn3)c(c34)c(c(o4)-c5ccsc5)-c6ccccc6,-3.191,42,-0.07597619047619047
CCCn1nccc1-c(c2)c(-c3ccc(C(=O)N)cc3)cc(c24)oc(n4)N5CCOCC5,-3.191,32,-0.09971875
Cc1cccc(c1)-c2cc(nc(n2)C)Nc3ncc(s3)-c4ccc(C)cc4C,-3.19,28,-0.11392857142857142
C1COCCN1c(n2)n(C)c(c23)cc(-c4ccc(F)cc4)c(c3)-c(cc5)cc(c56)nccc6,-3.19,33,-0.09666666666666666
O=c(c1)n(C)ccc1-c(c(c2)OC)cc(c23)c(nc[nH+]3)NC(C)C,-3.189,24,-0.132875
CN(C)C(=O)c1ccc(cn1)-c(cc2)cc(c23)c(-c4ccc(CO)cc4)nc(n3)-c5ccc(F)cc5,-3.189,36,-0.08858333333333333
COc1ccccc1-c2cc(-c(c3)cccc3OC)cc(c24)ncnc4Nc5ccc(cn5)C(=O)N,-3.188,36,-0.08855555555555555
c1cc(Cl)ccc1-c(c[nH+]c2NC)c(n2)Nc3cccc(C)c3,-3.188,23,-0.13860869565217393
[O-]c1cccnc1-c(cnc2NC(C)C)c(n2)-c3ccccc3F,-3.185,24,-0.13270833333333334
Cc1ccccc1[C@H](C)Nc(nc2)nc(c23)c(-c4nccn4C)cc(c3)[C@@H]5CC[N@H+](CC5)CCO,-3.185,35,-0.091
COC(=O)CNc(ncn1)c(c12)c(-c3cc(N)cc(C(F)(F)F)c3)c(o2)-c4ccc(=O)n(C)c4,-3.185,34,-0.09367647058823529
c1cc(F)ccc1Nc(cc(c23)c(NC)c(C#N)c[nH+]2)c(c3)-c4cscc4C(=O)N,-3.184,30,-0.10613333333333334
C[C@@H]1CCCN(C1)Cc2ccnc(c2)[C@H](C)Nc(c(c34)cccc4)nc(n3)-n5ccnc5,-3.184,32,-0.0995
Cc([nH+]1)n(C)cc1-c(n2)nc(-c(cc3)ccc3C)c(c24)cc(cc4)-c5cccnc5,-3.184,30,-0.10613333333333334
O=c(o1)cccc1-c(o2)c(-c(cc3OC)ccc3OC)c(c24)c(ncn4)NC(=O)c5cccc(C)c5,-3.184,36,-0.08844444444444445
FC(F)(F)c(c1)cccc1[C@H](C)Nc(ncn2)c(c23)c(-c4ccccn4)c(o3)-c5ccn(n5)C,-3.183,34,-0.09361764705882353
c1ccccc1C[N@H+]2CC[C@@H](CC2)Nc(ncn3)c(c34)c(-c5cccnc5)cc(c4)-c6cccnc6,-3.182,36,-0.08838888888888889
NC(=O)c(cc1)ccc1-c(cc2)nc(c23)c(NCCC)nc(n3)NCCCc4ccccc4,-3.181,33,-0.09639393939393939
COc1ccc(cc1OC)-c(c2)c(-c(cc3)cc(c34)nccc4)cc(c25)nc(n5C)N6CCOCC6,-3.18,36,-0.08833333333333333
n1cccnc1-c2cnc([nH+]c2NC)N[C@@H]3CC[N@H+](C3)Cc4ccccc4F,-3.18,28,-0.11357142857142857
CC(C)Nc(nc[nH+]1)c(c12)ccc(c2)-c3ccccc3F,-3.18,21,-0.15142857142857144
Cc(c1)cccc1-c2nc(-n3c(C)c[nH+]c3CC)nc(c24)ccc(c4)-c5cc(F)co5,-3.179,31,-0.10254838709677419
Cc1ccc(c(C)c1)NC(=O)C/[NH+]=c(\nc([nH]2)NCC[NH+](C)C)c(c23)nc(cc3)-c4c(C)noc4C,-3.179,36,-0.08830555555555555
CN(C)C(=O)c1ccc(cc1)-c(c2)c(-c3ccccn3)nc(c24)nc(nc4)N[C@H](CO)c5cc(N)ccc5C(F)(F)F,-3.178,42,-0.07566666666666666
Fc(c1)cccc1-c(n2)cc(nc2C)Nc3ncc(s3)C[C@H](O)C(=O)N[C@H](C)N(C)CCn4ccnc4C,-3.178,38,-0.08363157894736842
Cc1cccc(c1)C[C@H](O)c(c2)c(-c3cc(F)ccn3)cc(c24)[nH+]c(n4C)N5CCOCC5,-3.178,33,-0.09630303030303031
C1COCCN1c(n2)n(C)c(c23)cc(c(c3)-c4ccccn4)-c5ccc(C(F)(F)F)cc5,-3.178,32,-0.0993125
CC(=O)Nc(ncn1)c(c12)cc(S(=O)(=O)C(C)(C)C)c(c2)-c3ccsc3,-3.177,26,-0.1221923076923077
O=C1CCCN1CCc(c2)c(-c3ccccc3Br)cc(c24)nc(o4)N5CCOCC5,-3.176,30,-0.10586666666666668
c1ncccc1-c(n2)ccc(c23)nc(N[C@H](C4)CC[N@@H+]4CC)nc3NC[C@H](O)c5cc(C)cc(C)c5,-3.176,36,-0.08822222222222223
CCNc(ncn1)c(c12)cc(S(=O)(=O)C(C)(C)C)c(c2)-c3ccc(cc3)C(=O)N(C)C,-3.175,31,-0.10241935483870968
COc1ccc(cc1)CNc2nc(N[C@H](C)c3ccc(o3)C)[nH+]cc2-c4ccc(nc4)[C@@H]5CCCN(C5)CC(=O)N,-3.174,41,-0.07741463414634146
COc1cccc(c1)-c(cc2)nc(c23)c(Nc4cc[nH+]nc4)nc([nH+]3)N[C@@H]5CCC[C@H](O)[C@@H]5O,-3.173,34,-0.09332352941176471
CC(C)Nc(c(C#N)cn1)c(c12)cc(N[C@H](C)[C@@]3(C)CCO3)c(c2)-c4cnccc4Cl,-3.172,31,-0.1023225806451613
Cc1ccccc1[C@H](C)Nc(n2)c(nc(nc3)NC4CC4)c3c(c25)ccc(c5)-c6ccn(c6)CC(=O)N(C)C,-3.17,39,-0.08128205128205128
Cc1cc(nn1C)C(=O)Nc2cccc(c2)-c(nc(n34)c(cn4)-c5ccccc5)nc3[N-]C(=O)c6ccc(F)cc6F,-3.17,42,-0.07547619047619047
CC(C)n(c(=O)c1)ccc1-c(n2)cc(N[C@H](C)CO)n(c23)ncc3-c4cccc(c4)CN(C)C,-3.17,34,-0.09323529411764706
Cc1cccc(c1)-c(c2)c(S(=O)(=O)C(C)(C)C)cc(c23)c(ncn3)Nc4ccc(=O)n(C)c4,-3.169,33,-0.09603030303030304
C[C@H](O)c1cc(N)cc(c1)[C@H](C)Nc(ncn2)c(c23)c(-c4ccccc4F)cc(c3)-c5cccc(c5)N6C(=O)CC[C@@H]6CO,-3.169,44,-0.07202272727272728
CC(C)([NH3+])c(c1)cccc1[C@@H](C)Nc2nc(NCC)[nH+]c(c23)ccc(n3)-c4cccc(c4)[NH2+]C(C)C,-3.168,36,-0.08800000000000001
c1oncc1-c(n2)nc([N-]C(=O)c(n(C)c3)cc3C)n(c24)ncc4-c5ccncc5,-3.168,30,-0.1056
c1cc(O)ccc1-c2nc(-c(cn3)ccc3[C@@H](C)N(C)C)nc(c24)ccc(c4)-c5cccnc5,-3.168,34,-0.0931764705882353
C1CCCC1C(=O)N[C@H](c(c2)cccc2C)CNc(c3)c(-c4ccoc(=O)c4)cc(c35)[nH+]cc(C#N)c5NC(C)C,-3.168,41,-0.07726829268292683
NC(=O)CN1CCC[C@@H](C1)Nc2ncc(-c3ccccn3)c(n2)-c4cccc(Cl)c4,-3.168,30,-0.1056
Cc1ccccc1[N@H+]2CC[C@@H](C2)c(cc3-c4cccn(C)c4=O)cc(c35)ncnc5NC(F)(F)c6ccc(C(F)F)c(N)c6,-3.166,44,-0.07195454545454545
CN(C)C(=O)c1ccc(cn1)-c(c2)c(-c3ccccc3F)cc(c24)nc(n4C)N5CCOCC5,-3.165,34,-0.09308823529411765
CC(C)Nc(c(C#N)c[nH+]1)c(c12)cc(N[C@H](C)C[NH+](C)C)c(c2)-c3ccoc(=O)c3,-3.165,30,-0.1055
COc1ccc(C)cc1[C@H](C)Nc(n(c23)ncc3-c4cc(C)on4)cc(n2)-c5cccc(F)c5C,-3.165,35,-0.09042857142857143
o1cccc1-c2nc(-c([nH+]c3C)cn3C)nc(c24)ccc(c4)-c5ccncc5,-3.165,28,-0.11303571428571428
c1ccccc1-c(c(c2)NCCC)cc(c23)[nH+]cc(C#N)c3NCCO,-3.165,26,-0.12173076923076923
CN(C)C(=O)C(=O)c(c1)cccc1-c(c(c2)-c(c3)cccc3C)cc(c24)n(C)c(n4)N5CCOCC5,-3.165,36,-0.08791666666666667
CCOc(c1)c(OC)cc(c12)ncnc2NC(=O)[C@@H]3CC(=O)N(C3)c4ccc(C)cc4C,-3.163,32,-0.09884375
FC(F)(F)c(c1)cccc1-c(nc2NCC)[nH+]cc2-c3ccc(cc3)[C@H](C)NC(=O)N,-3.162,31,-0.102
CC(=O)NC1=CC=C(OCO1)c([nH+]c(n2)-c3ncco3)c(c24)cc(cc4)-c5cnn(C)c5C,-3.161,33,-0.09578787878787878
c1[nH+]cccc1[C@H](C)Nc(cc(n2)C(C)(C)CO)n(c23)ncc3-c4cccc(C(F)(F)F)c4,-3.16,33,-0.09575757575757576
C[NH+](C)c1ccc(cc1OC)Nc(c2)c(-c3ccc(=O)n(C)c3)cc(c24)ncc(C#N)c4Nc5cccn5CC(=O)N6CCCCC6,-3.16,47,-0.06723404255319149
Cc1cccc(c1)CNc(nc[nH+]2)c(c23)cc(c(c3)-c4ccc(CO)cc4)-c5ccnc(c5)C(=O)N6CCOCC6,-3.159,41,-0.07704878048780488
CC[C@H](C)Nc1nc(-c2ccc(C)c(C)c2)[nH+]cc1-c3cccnc3,-3.158,25,-0.12632
Cc1ccc(o1)Nc(c2)c(-c3ccc(=O)n(C)c3)cc(c24)ncc(C#N)c4N[C@H](C)c5ccc(C)c([S-])c5,-3.158,38,-0.08310526315789474
Cc1ccccc1-c(c2)c(-c3ccccc3)cc(c24)n(C)c(n4)N5CCOCC5,-3.156,29,-0.10882758620689656
c1ncccc1-c(c2)cc(-c(ccn3)cc3C(=O)N)c(c24)c(ncn4)N[C@@H]5CC[N@H+](CC5)Cc6ccccc6,-3.156,39,-0.08092307692307693
Cc(n1)onc1Nc(nc2NC)[nH+]cc2-c3cccc(C)c3,-3.155,22,-0.1434090909090909
O=C([O-])c(c1)cccc1-c(c2)c(cc(c23)c(NC)c(C#N)cn3)N[C@H](C)c4cc(N)cc(C(F)(F)F)c4,-3.155,37,-0.08527027027027026
CN(C)C(=O)c1ncccc1-c(c2)c(-c(cc3)cc(c34)nccc4)cc(c25)nc(n5C)N6CCOCC6,-3.153,37,-0.08521621621621622
CCNC(=O)Nc(c(C#N)cn1)c(c12)cc(c(c2)-c3cc(C)no3)N[C@H](C)c4ccc(OC)cc4,-3.153,35,-0.09008571428571428
CC[C@@H](C)Nc(n1)ncc(c12)cc(-c(cc3)ccc3OCC)cc2-c4ccnc(c4)NC(=O)C,-3.152,34,-0.09270588235294118
c1cnccc1-c2cnc(nc2NCC)NC[C@@H]3CN(C[C@@H]3O)c4ccc(C)cc4C,-3.151,31,-0.10164516129032257
[NH3+]Cc(cc1)ccc1Nc(ncn2)c(c23)c(-c(c4)cccc4OC)c(o3)CCN5CC[NH+](C(C)C)CC5,-3.15,37,-0.08513513513513513
NC(F)(F)c(cc1)ccc1[C@H](C)Nc(ncn2)c(c23)c(-c4ccc(=O)n(C)c4)c(o3)-c5ccncc5,-3.148,36,-0.08744444444444445
CCC(F)(CC)Nc1[nH+]c(NC)ncc1-c2c(F)cccc2Cl,-3.148,23,-0.1368695652173913
Cc1nc(cn1C)-c(cc2)cc(c23)c(-c4c[nH+]c(C)n4C)nc(n3)-c5ccccc5C(F)(F)F,-3.147,34,-0.09255882352941176
CCc1ccc(cc1)-c(cc2)cc(c23)c(nc(n3)-c4cccn(C)c4=O)-c5ccnc(c5)CN(C)C,-3.147,36,-0.08741666666666666
C[NH+](C)CCNc(c(C#N)cn1)c(c12)cc(Nc3ccsc3)c(c2)-c4ccc(=O)n(C)c4,-3.146,32,-0.0983125
c1cc(F)ccc1-c(c(c2)-c(c3C)ncn3C)cc(c24)oc(n4)N5CCOCC5,-3.143,29,-0.10837931034482758
FC(F)(F)c(c1)cc(N)cc1[C@@H](C)Nc(nc2N(CC)C(=O)C(=O)N(C)CC)ncc2-c3ccc(OC)c(c3)OC,-3.142,41,-0.07663414634146341
Cc1cnc(C)c(n1)Nc(c2)c(-c3ccc(=O)n(C)c3)cc(c24)ncc(C#N)c4NS(F)(F)(F)(C)c5ccc(N)cc5,-3.142,42,-0.07480952380952381
C1COCCN1c([nH+]2)n(C)c(c23)cc(-c4cccc(F)c4)c(c3)-c5cccc(=O)nc5,-3.141,31,-0.1013225806451613
CN(C)c1ccc(cc1)-c(cc2)cc(c23)c(-c4ncno4)nc(n3)-c5cccnc5,-3.141,30,-0.1047
CNc(n1)nc(NCC)c(c12)nc(cc2)-c3ccn(n3)C,-3.141,21,-0.14957142857142858
COc1nccnc1-c2cnc(-c3cnc(C)n3C)nc2N[C@H](C)c4cccc(C(F)(F)F)c4,-3.141,34,-0.09238235294117647
FC(F)(F)c(c1)cc(N)cc1[C@H](C)Nc(ncn2)c(c23)c(-c4cccc(=O)cc4)cc(c3)-c5ccccc(=O)n5,-3.141,40,-0.078525
CN(C)C(=O)c1cccc(c1)-c(c2)c(-c3ccc(F)cc3)cc(c24)nc(n4C)N5CCOCC5,-3.141,34,-0.09238235294117647
Cc1ccc(cc1)-c(c2)c(-c3ccc(F)cc3)cc(c24)[nH+]c(n4C)N5CCOCC5,-3.14,30,-0.10466666666666667
COC[C@H](O)Nc(ncn1)c(c12)cc(S(=O)(=O)C(C)(C)C)c(c2)-c3ccccc3,-3.14,29,-0.10827586206896553
CCc1nccc(CO)c1-c(c2)c(-c3cccnc3)cc(c24)c(ncn4)N[C@H](C)c5cccc(c5)C(F)(F)C,-3.139,39,-0.08048717948717948
C[C@H](O)c1cc(cc(C(F)(F)F)c1)[C@H](N)Nc2nc(-c3cccc(c3)C[NH3+])ncc2-c4cccc(C(F)(F)F)c4,-3.138,40,-0.07844999999999999
OCC(=O)Oc(cc1)ccc1-c(c(c2)-c(n3)ccn3C)cc(c24)n(C)c(n4)N5CCOCC5,-3.137,33,-0.09506060606060607
Cc1ccc(cc1)[C@H](C)Nc(ncn2)c(c23)c(c(o3)-c4cccs4)-c5cccc(c5)C(=O)N,-3.136,33,-0.09503030303030303
COc1ccc(cc1)-c2cc(C)nc(n2)N[C@H](C)N(CC3)Cc(c34)cc(cc4)OC,-3.136,30,-0.10453333333333334
Cc1cccc(c1)-c2[nH+]cc(c(n2)NCCO)-c3ccncc3,-3.136,23,-0.13634782608695653
CN(C)C(=O)c1ccc(cc1)-c(c2)c(-c3cccc(F)c3)cc(c24)n(C)c(n4)N5CCOCC5,-3.135,34,-0.09220588235294117
COc1ccccc1-c(cc(c2)-c3ccccc3)c(c24)c(ncn4)Nc5cccc(c5)N(C)C,-3.135,34,-0.09220588235294117
Cc1ccc(c(C)c1)NC(=O)Nc(ncn2)c(c23)c(-c4cccnc4)cc(c3)-c5cccnc5,-3.134,34,-0.09217647058823529
c1ncccc1-c(c2)cc(-c3nccn3C)c(c24)c(ncn4)N[C@@H]5CC[N@H+](CC5)Cc6ccccc6,-3.134,36,-0.08705555555555555
CC(=O)c1cc(C)ccc1-c(c2)c(NC(C)C)cc(c23)c(c(cn3)C#N)NC(C)C,-3.134,30,-0.10446666666666667
Brc1ccccc1-c(nc(c23)n(C)cn2)nc3N[C@@H]4CCC[N@@H+](C4)CCN,-3.134,27,-0.11607407407407407
C[NH2+][C@H](C)CNc(ncn1)c(c12)c(-c3cccc(C)c3)cc(c2)-c4cnc(C)n4C,-3.133,30,-0.10443333333333334
COc(c1)cccc1-c(c(c2)-c(n3CC)cccc3=O)cc(c24)ncnc4N[C@H](C)c5ccc(C(F)(F)F)cc5N,-3.132,41,-0.07639024390243902
CC(C)c1ccc(cc1)-c2cnc(nc2-c3ccncc3)N[C@H](C)c4ccc(cc4)C[NH+](C)C,-3.131,34,-0.09208823529411764
NC(=O)c1ccccc1-c(c(c23)c(NC)ncn2)cc(c3)-c4nc(CN)ccc4C(=O)[O-],-3.13,32,-0.0978125
c1cc(Cl)ccc1-c(cc2C)nc(n2)NCCN3CCN(CC3)CCn4cc[nH+]c4,-3.13,30,-0.10433333333333333
C1OC=CN1c(ccc2C)cc2C(=O)Nc(ncn3)c(c34)c(-c5ccn(n5)C)c(o4)-c6ccc(F)cc6,-3.13,37,-0.08459459459459459
CN(C)C(=O)c1ccc(cc1)-c(c2)c(-c3ccccc3F)cc(c24)nc(n4C)N5CCOCC5,-3.129,34,-0.09202941176470589
OCc1ccncc1-c(c(c2)NCC)cc(c23)[nH+]cc(C#N)c3NCCO,-3.129,27,-0.11588888888888889
C1COCCN1c(n2)n(C)c(c23)cc(c(c3)-c4ccc(F)cc4)-c5cccc(c5)C(=O)N6CCOCC6,-3.129,37,-0.08456756756756757
OC[C@@H](O)c(c1)cccc1-c(c2)cc(-c3ccccc3OC)c(c24)c(ncn4)NC(=O)Nc5cccc(C(F)(F)F)c5,-3.128,42,-0.07447619047619047
CN1CCN(CC1=O)C(=O)Cc2ccc(cc2)-c(cc3)cc(c34)nc(c5c4cncn5)NCC(=O)N6CCNCC6,-3.128,41,-0.07629268292682927
CN(C)Cc(cc1)ccc1-c2cc(-c3cn(c(=O)cc3C)CC(=O)N(C)C)cc(c24)cnc(n4)N[C@H](C)c5cc(C(F)(F)F)ccc5N(C)C,-3.127,50,-0.06254
COc1ccccc1-c(c2)c(-c3ccc(O)cc3C(=O)N(C)C)cc(c24)nc(n4C)N5CCOCC5,-3.127,36,-0.08686111111111111
CN(C)C(=O)c1ccc(cn1)-c(c2)c(-c3ccccc3F)cc(c24)nc(o4)N5CCOCC5,-3.127,33,-0.09475757575757575
Cc1ccccc1CNc2nc(NCc3ccccc3Cl)[nH+]cc2-c4cccc(c4)CN,-3.126,32,-0.0976875
Cc1cccc(c1)NC(=O)Cc(cc2-c3ccncc3)cc(c24)[nH+]cnc4N[C@H](C)c5cn(C)cc5C,-3.124,37,-0.08443243243243244
COc1ccccc1-c(c(c2)-c(cc3)ccc3OC)cc(c24)n(C)c(n4)N5CCOCC5,-3.124,32,-0.097625
CC(C)n1nccc1-c(c(c2)OC)cc(c23)ncc(C#N)c3N[C@H](C)c4ccc(C)c(c4)CN(C)C,-3.124,36,-0.08677777777777779
C[C@@H]1CCCN(C1)Cc2ccnc(c2)[C@H](C)Nc(c(c34)cccc4)nc(n3)-c5nccn5C,-3.124,33,-0.09466666666666668
C1COCCN1c(n2)n(C)c(c23)cc(c(c3)-c4cccc(=O)s4)-c5cccc(F)c5,-3.123,30,-0.10410000000000001
CC(C)Nc(ncn1)c(c12)cc(S(=O)(=O)C(C)(C)C)c(c2)-c3ccccc3,-3.122,27,-0.11562962962962962
O=c(o1)cccc1-c(o2)c(-c(cc3OC)ccc3OC)c(c24)c(ncn4)N[C@H](C)c5ccc(C)cc5,-3.122,36,-0.08672222222222221
o1cccc1-c(c(c2)NC)cc(c23)[nH+]cc(C#N)c3NCc4cccc(c4)NC(=O)C,-3.122,31,-0.10070967741935484
OC(F)(F)c(c1)cccc1[C@@H](C)Nc(cc(c23)c(NCC)c(C#N)c[nH+]2)c(c3)-c4cccc(c4)C[NH+]5CCCC5,-3.121,40,-0.078025
COc1cccc(c1)-c(cc2)nc(c23)c(=[NH+]\CC(=O)C)\nc([nH]3)Nc4cc(N)cc(O)c4,-3.12,32,-0.0975
OCC(=O)Oc(cc1)ccc1-c(c(c2)-c(c3)cccc3C)cc(c24)n(C)c(n4)N5CCOCC5,-3.12,34,-0.09176470588235294
Cc(c1)c(C)ccc1CNc(ncn2)c(c23)c(-c(c[nH+]4)ccc4C)cc(c3)-c5cccc(c5)C(=O)N(C)C,-3.119,38,-0.08207894736842106
c1cc(F)ccc1-c(c(c2)NC[C@H](C)[NH3+])cc(c23)[nH+]cc(C#N)c3NCCO,-3.119,28,-0.11139285714285715
CCOc1ccc(cc1)NC(=O)Nc(c(c23)cccc3)nc(n2)-c4cccc(F)c4,-3.118,30,-0.10393333333333334
Cc1nc(co1)-c(cn2)c(n23)nc(-c4ccc(F)cc4)nc3NC(=O)c5ccc(cc5)N6CCC[C@@H]6O,-3.118,37,-0.08427027027027027
FC(F)(F)c(c1)cc(C[NH3+])cc1[C@H](C)Nc(ncn2)c(c23)ccc(c3)-c(n4)n(C[C@H](F)N(C)C)c(c45)cncc5,-3.117,40,-0.077925
Cc1cccc(c1)NC(=O)Nc(n2)c(C(=O)N)c(n23)nc(-c4cc[nH+]cc4)cc3-c5ccccn5,-3.117,35,-0.08905714285714286
CC[N@H+]1CC[C@@H](CC1)[C@H](C)Nc(ncn2)c(c23)cc(-c4cn(C)c(n4)C)c(c3)-c5ccc(F)cc5,-3.117,35,-0.08905714285714286
CC[C@H](CO)Nc(nc1)nc(c12)nc(c(c2)-c3cnc(C)cn3)-c4cccc(c4)CN,-3.116,31,-0.10051612903225807
CN(C)C(=O)c(cc1)ccc1-c(c(c2)-c(cc3)ccc3C)cc(c24)n(C)c(n4)N5CCOCC5,-3.116,34,-0.09164705882352941
CN(C)C(=O)c1ccc(cc1)-c(c2)c(-c3ccc(F)cc3)cc(c24)n(C)c(n4)N5CCOCC5,-3.115,34,-0.09161764705882354
Cn(c1)c(=O)ccc1-c(c(c2)[C@@H](C)CC)cc(c23)c(nc[nH+]3)N[C@H](C)Cc4cccc(C)c4,-3.113,33,-0.09433333333333334
Cc1cccc(c1)[C@H](C)Nc(ncn2)c(c23)c(-c4c(C)nn(C)c4C)cc(c3)-c5cnn(n5)C6CCCC6,-3.112,38,-0.08189473684210527
c1cc(Cl)ccc1-c(n2)cc(nc2C)Nc3ncc(s3)-c(cc4)cc(c45)cccc5,-3.112,30,-0.10373333333333333
c1cnccc1-c(c(c2)NCC)cc(c23)[nH+]cc(C#N)c3NCCO,-3.112,25,-0.12448000000000001
COc1ccccc1-c(cc(c2)-c3cnn(C)c3)c(c24)c(ncn4)N[C@H](C)c5cccc(C)c5,-3.11,34,-0.09147058823529411
C1COCCN1c(n2)n(C)c(c23)cc(c(c3)-c4ccncc4)-c5cccc(Cl)c5C(=O)[O-],-3.11,32,-0.0971875
CCOc1ccccc1NC(=O)[C@@H](C(=O)[O-])Oc(cc(c2)-c3oc(C)nc3C)c(c24)c(ncn4)N[C@H](C)c5ccc(C(F)(F)F)cc5,-3.109,47,-0.06614893617021277
COc1ccc(cc1)-c(cn2)c(n23)nc(-c4ccccc4F)nc3N[C@@H]5CC[NH2+]C5,-3.106,30,-0.10353333333333332
CN(C)Cc1ccccc1-c(c(c2)OC)cc(c23)ncc4c3cc(nc4N)-c5ccccc5,-3.106,33,-0.09412121212121212
C1COCCN1c(n2)n(C)c(c23)cc(c(c3)-c4ccc(=O)[nH]c4)-c5cccc(Cl)c5C(=O)[O-],-3.106,33,-0.09412121212121212
Cc1ccc(C)c(c1)[C@H](CO)Nc(c2)c(-c3cccnc3)cc(c24)ncc(C#N)c4NC(C)C,-3.105,34,-0.0913235294117647
Cc1ccc(cc1)[C@H](C)Nc(ncn2)c(c23)c(cc(c3)-c4cccnc4)-c5cn(C)c(n5)C(=O)N6CCC(C(=O)N)CC6,-3.105,43,-0.0722093023255814
COc1cccc(c1)-c(n2)c(-c3ccc(cn3)C(=O)N(C)C)cc(c24)cnc(n4)NCC[NH+](C)C,-3.105,35,-0.08871428571428572
Cc1ccc(cc1)[C@H](C)Nc(ncn2)c(c23)c(c(o3)-c4ccc(Cl)cc4)-c5cccc(c5)CO,-3.102,34,-0.09123529411764705
CN(C)CCc1ncc(c(n1)NCC[NH3+])-c2cccc(C#N)c2,-3.102,23,-0.1348695652173913
O=c(c1)n(C)ccc1-c(cn2)c(n23)nc(-c(cc4)ccc4C)cc3N[C@H](C)c5ccc(C)c(N)c5,-3.101,35,-0.0886
Cn1cc(cn1)[N-]c(n2)c(C(=O)N)c(n23)nc(-c4ccncc4)cc3-c5ccccc5,-3.1,31,-0.1
c1cnccc1-c(c2)cc(c(c23)c(ncn3)NCC)-c4cc(ccn4)C(=O)N5CCCCCC5,-3.099,34,-0.09114705882352941
C1CCCCCN1C(=O)c(ccn2)cc2-c3cc(-c(cn4)cn4C)cc(c35)ncnc5NCc6ccc(C(F)(F)F)cc6,-3.099,43,-0.07206976744186047
CN(C)C[C@@H]([NH3+])c(nc1)ccc1-c(o2)c(-c3cn(C)nc3C)c(c24)c(ncn4)N[C@H](C)c5cccc(c5)C(F)(C)C,-3.097,41,-0.07553658536585366
C[NH+](C)CC(=O)[C@@H]1C[C@H](O)CN1C(=O)N2CCOC[C@@H](C2)Nc(ncn3)c(c34)c(c(o4)-c5ccsc5)-c6ccccc6,-3.097,42,-0.07373809523809524
NC(=O)c(cc1)ccc1-c2cc(-c(cc3)ccc3C)cc(c24)ncnc4N[C@H](C)c5ccc(C(F)(F)F)cc5N,-3.097,40,-0.077425
FC(F)(F)c(c1)cccc1Nc2nc(N[C@H](C3)[C@@H](C)CC[N@@H+]3CC)nc(c24)ccc(n4)-c5cccc(c5)NC(C)C,-3.097,41,-0.07553658536585366
C1CCC[NH+]1[C@@H]([O-])CNc(nc2NC)[nH+]cc2-c3cnccn3,-3.097,23,-0.1346521739130435
CCCNc(n1)c(C(=O)N)c(n12)nc(-c3cc[nH+]cc3)cc2-c4ccccc4NC(=O)C,-3.094,32,-0.0966875
NCC(=O)Nc(n1)nc(cc1C)-c2ccc(cc2)NC(=O)n3ccnc3,-3.094,26,-0.119
COc1ccc(cc1)-c2cc(C)nc(n2)NCCN3CC[NH+](CC3)CCn4ccnc4,-3.094,31,-0.09980645161290322
CCN1CCN(C)C[C@@H]1CNc2nc(C)cc(n2)-c3ccc(C(F)(F)F)cc3,-3.093,28,-0.11046428571428571
CC(C)NC(=O)Cn1cc(cn1)-c(c2)c(cc(c23)c(nc[nH+]3)NC(C)C)-c4ccc(Cl)c(C=O)c4,-3.093,35,-0.08837142857142857
Cc1cccc(c1)Nc(c2)c(-c3ccc(=O)n(C)c3)cc(c24)ncc(C#N)c4Nc5cc(C)cnc5C[NH+](C)C,-3.093,40,-0.077325
CCn1cc[nH+]c1-c2cnc(NCC[NH3+])nc2-c3ccc(C)cc3,-3.092,24,-0.12883333333333333
FC(F)(F)c(c1)cccc1[C@H]([N@H+](C2)CC[C@]2(F)C)Nc(ncn3)c(c34)c(-c5cccc(C(F)(F)F)c5)cc(c4)-c6cccnc6,-3.091,45,-0.0686888888888889
Cn(c1)c(=O)ccc1-c(c2)cc(-c(cn3)ccc3C)c(c24)c(ncn4)N[C@H](C)c5cc(N)cc(C(F)(F)F)c5,-3.09,39,-0.07923076923076923
[NH3+]CCNc(ncn1)c(c12)c(-c3cccc[nH+]3)c(o2)-c4ccc(cc4)OC(F)(F)CO,-3.089,31,-0.09964516129032258
N#Cc(c[nH+]1)c(NC)c(c12)cc(N[C@@H]3CCOC3)c(c2)-c4ccc(Cl)cc4,-3.088,27,-0.11437037037037037
C[NH+](C)Cc1cc(c(Cl)cn1)-c(c2)c(-c3ccccc3O)cc(c24)ncnc4N[C@@H]5CCOC5,-3.086,34,-0.09076470588235294
FC(F)(F)c(c1)c(N)ccc1[C@H](C)Nc(ncn2)c(c23)cc(-c4[nH+]ccn4CC(=O)N(C)C)c(c3)-c5cccc(c5)C(=O)OC(=O)N6CCCCC6,-3.084,52,-0.05930769230769231
C[C@H](O)CNc(c(C#N)cn1)c(c12)cc(c(c2)-c3ccc(=O)n(C)c3)Nc4cncn(C)c4=O,-3.084,34,-0.09070588235294118
COc(c1)c(OC)cc(c12)c(nc[nH+]2)NCC[NH+](C)C,-3.084,20,-0.1542
COc1ccccc1-c2cc(-c(cn3)ccc3NC)cc(c24)ncnc4Nc5ccc(C(=O)N)cc5,-3.084,36,-0.08566666666666667
c1cc(C)ccc1-c(nc2NC)[nH+]cc2-c3ccccc3F,-3.083,22,-0.14013636363636364
COc1ccc(cc1OC)-c(c2)c(-c3cnn(C)c3)cc(c24)ncnc4NC(=O)Nc5cccc(C(F)(F)F)c5,-3.083,40,-0.077075
C[N@H+]1CC[C@@H](CC1)Nc(nc2)nc(c23)nc(-c4[nH+]ccn4C)c(c3)-c5ccccc5,-3.082,30,-0.10273333333333333
Cc1ccccc1-c2cc(C)nc(n23)c(C(=O)N)c(n3)[N-][C@@H](C(F)F)c4cccc(N)c4,-3.082,32,-0.0963125
CC(C)c(c1)cccc1[C@@H](C)Nc2nc(N[C@H](C)C[C@H](C)N3CCOCC3)[nH+]c(c24)ccc(n4)-c5cccc(c5)CN(C)C,-3.079,44,-0.06997727272727274
OCCNc1nc(NC)nc(c12)ccc(n2)-c3ccccc3C(=O)N,-3.078,25,-0.12312
CC(C)Nc(nc[nH+]1)c(c12)ccc(c2)-c3cccc(C(F)(F)F)c3,-3.078,24,-0.12825
c1ncccc1-c(c(c2)NC)cc(c23)[nH+]cc(C#N)c3NCc4cccc(c4)NC(=O)C,-3.077,32,-0.09615625
N#Cc(cn1)c(NC)c(c12)cc(NC(C)C)c(c2)-c3ccc(nc3)NC(=O)c4ccccc4,-3.077,33,-0.09324242424242424
NC(=O)c1ccccc1-c(o2)c(-c(c3)c(OC)ccc3OC)c(c24)c(ncn4)N[C@H](C)c5ccc(C(F)(F)N)cc5,-3.076,41,-0.07502439024390244
COc(cc1)ccc1-c(nc2NCC)[nH+]cc2C[C@@H]3CC[N@@H+](CC)CC3,-3.076,26,-0.11830769230769231
Fc1ccccc1-c(cc2C)nc(n2)NCCN3CCN(CC3)CCn4ccnc4,-3.075,30,-0.10250000000000001
c1cc(F)ccc1-c(cc2C)nc(n2)NCCN3CCN(CC3)CCn4cc[nH+]c4,-3.074,30,-0.10246666666666666
COc1ccccc1-c(c2)c(-c3ccccc(=O)c3)cc(c24)[nH+]c(n4C)N5CCOCC5,-3.074,32,-0.0960625
c1ccccc1[C@@H](C)[C@H](CO)Nc(ncn2)c(c23)ccc(c3)-c4ccn(n4)CCN(C)C,-3.074,32,-0.0960625
Cc1ccc(o1)-c2cnc(NCCO)nc2-c3ccncc3,-3.074,22,-0.13972727272727273
NC(=O)c(cc1)ccc1-c(c2)c(cc(c23)c(c(C#N)cn3)NCC)N[C@H](C)c4ccccc4,-3.073,33,-0.09312121212121212
COc1ccccc1-c2cc(-c3c[nH+]cn3CCC)cc(c24)ncnc4Nc5ccc(C(=O)N)cc5,-3.073,36,-0.08536111111111111
Oc(c1)cccc1[C@H](C)Nc(ncn2)c(c23)cc(-c4ccccn4)c(c3)-c5cccc(c5)C(=O)OC(=O)N6CCCCC6,-3.073,43,-0.07146511627906976
FC(F)(F)c(c1)cc(N)cc1[C@H](C)Nc(ncn2)c(c23)c(-c4ccccc4)c(o3)-c5nccn5C,-3.073,35,-0.0878
C1CCCN1C(=O)Cn2cc[nH+]c2-c(c(c3)OC)cc(c34)ncc5c4cc(nc5N)-c6cccnc6,-3.072,36,-0.08533333333333333
CCc1ccc(cc1)-c(cc2)cc(c23)c(nc(n3)-c4ccc(o4)C(=O)[O-])-c5ccccc5[C@H](O)CO,-3.071,36,-0.08530555555555557
OCc(cc1)ccc1-c(c(c2)OC)cc(c23)[nH+]cc(C#N)c3N[C@H](C)CO,-3.07,27,-0.1137037037037037
COc1ccccc1-c(c2)c(-c3ccccn3)cc(c24)[nH+]c(n4C)N5CCOCC5,-3.07,30,-0.10233333333333333
C[C@@H]1CCC[N@H+]1CCNc(nc2)nc(c23)nc(c(c3)-c4cc(N)ccn4)-c5ccc(O)cc5,-3.069,33,-0.093
Cc(s1)ncc1-c(n2)ccc(c23)nc(NC(=O)c(cc4)ccc4OC)nc3N[C@H](C)c5cccc(c5)C(C)C,-3.069,39,-0.07869230769230769
COc1cccc(c1)-c(c2)nc(N)c(c23)cnc4c3cc(OC)c(c4)-c5ccccc5NC(=O)CN(C)C,-3.068,38,-0.08073684210526316
Cc1cccc(c1)OC[C@H](C)Nc(ncn2)c(c23)c(c(o3)-c4ccc(O)cc4)-c5ccc(nc5)C(=O)N(C)C,-3.066,39,-0.07861538461538461
COc1ccc(cc1)-c(c2)c(-c3ccccc3Br)cc(c24)nc(o4)N5CCOCC5,-3.064,30,-0.10213333333333334
c1ncccc1-c(c[nH+]c2NC)c(n2)N[C@@H]3CCCC[NH2+]3,-3.062,21,-0.1458095238095238
CC(C)[C@H](O)N1CC[NH+](CC1)[C@H](C)CNc(nc2)nc(c23)nc(-c4ccccc4)c(c3)-c5cccc(=O)n5C,-3.062,39,-0.0785128205128205
COc1ccc(cc1)-c(cn2)c(n23)nc(-c4c(C)noc4C)cc3NC(=O)Nc5cc(N)c(C)cc5C(F)(F)F,-3.061,40,-0.076525
c1cccn(c12)cc(c2)CC(=O)Nc3nc(-c4cccs4)ncc3-c5nccs5,-3.06,29,-0.10551724137931034
O=c1ncc(cn1C)Nc2[nH+]cc(-c3ccccn3)c(n2)NCc4ccccc4,-3.06,29,-0.10551724137931034
CC(=O)N[C@H](C)C(=O)n1ccc(c1)-c(o2)c(-c3cccc(C(F)(F)Cl)c3)c(c24)c(ncn4)Nc5ccc(N(C)C)[nH+]c5,-3.059,42,-0.07283333333333333
CCNc1ncc(-c2ccc(F)cc2)c([nH+]1)NCc3ccc(cc3)N4CCCC4=O,-3.059,30,-0.10196666666666668
FC(F)(F)c(c1)cc(N)cc1[C@@H](C)n(c(c23)nc(nc2)NCC)c(=O)c(c3C)-c4cccc(c4)C(=O)N,-3.058,37,-0.08264864864864864
CC[N@H+]1CC[C@@H](CC1)[C@H](C)Nc(nc[nH+]2)c(c23)cc(-c(cn4)nc(c45)COCC5)c(c3)-c6cccc(c6)CO,-3.058,39,-0.07841025641025641
Fc(c1)cccc1-c(cnc2NC)c(n2)NC(=O)c3ccc(cc3)CN(C)C,-3.055,28,-0.10910714285714286
Cc1cccc(c1)-c(cc2)nc(c23)c(nc([nH+]3)NCC(=O)N)Nc4c[nH+]ccc4C,-3.055,30,-0.10183333333333335
Cc(c1)cc(C)cc1[C@@H](C)Nc(nc2-c(cc3)ccc3C)ncc2-c4cnn(C)c4[C@H](C)N5CCCC5,-3.054,37,-0.08254054054054054
COc1ccccc1-c(c2)c(cc(c23)c(c(cn3)C#N)NC(=O)C)N[C@H](C)c4cccc(C(F)(F)F)c4,-3.052,37,-0.08248648648648649
COc1cc(cc(c1)[C@H](C)O)-c(c2)c(-c3ccc(F)cc3)cc(c24)[nH+]c(n4C)N5CCOCC5,-3.052,34,-0.08976470588235294
C1COCCN1c(n2)n(C)c(c23)cc(-c4ccc(S(=O)(=O)N)cc4)c(c3)-c5ccc(F)cc5,-3.051,33,-0.09245454545454546
O1CCC[C@H]1CNc(cc(c23)c(=[NH+]/[O-])\c(C#N)c[nH]2)c(c3)-c4ccccc4,-3.05,27,-0.11296296296296296
c1ccccc1[C@H](N(C)C)CCNc(ncn2)c(c23)cc(S(=O)(=O)C(C)(C)C)c(c3)-c4ncco4,-3.05,35,-0.08714285714285713
COc1cccc(c1)-c(c2)c(-c3cccc(C)c3)cc(c24)[nH+]c(n4C)N5CCOCC5,-3.048,31,-0.09832258064516129
Nc1cc(C(F)(F)C)ccc1[C@H](C)Nc(c2)c(-c3cccnc3)cc(c24)ncc(C#N)c4NCCCl,-3.046,36,-0.08461111111111111
CN(C)C(=O)c1ccccc1-c(c2)c(-c3ccc(C(F)(F)F)cc3)cc(c24)n(C)c(n4)N5CCOCC5,-3.045,37,-0.08229729729729729
C[NH+](C)CCNc(n1)c(c[nH+]c1NC)-c2ccc(Br)cc2,-3.045,21,-0.145
Fc(c1)cccc1-c(n2)cc(N[C@@H](N)c(cc3C)cc(C(F)(F)F)c3)n(c24)ncc4-c5cccnc5,-3.044,36,-0.08455555555555555
Cc1ccc(cc1)[C@H](C)Nc(ncn2)c(c23)c(cc(c3)-c4cnc(C)n(C)c4=O)-c5cc(ccn5)C(=O)N6CCCCCC6,-3.043,44,-0.0691590909090909
CN(C)C(=O)c(c1)nccc1-c(c(c2)-c(cc3)ccc3C)cc(c24)n(C)c([nH+]4)N5CCOCC5,-3.042,34,-0.08947058823529411
C1C[N@H+](C)CC[C@H]1Nc2nc(NCCC[NH+](C)C)nc(c23)ccc(n3)-c4ccc(F)cc4,-3.042,32,-0.0950625
OCCNc1c(C#N)cnc(c12)cc(c(c2)NC(C)(C)c(cc3)ccc3C)-c4[nH+]ccn4C5CCOCC5,-3.041,38,-0.08002631578947368
n1ccc(=O)ccc1-c2cc([C@@H](C)CC)cc(c23)[nH+]cnc3N[C@H](C)c4cn(C)cc4C,-3.039,32,-0.09496875
Cc1cccc(c1)[C@H](C)Nc(ncn2)c(c23)c(-c4cccc[nH+]4)c(o3)-c5cccc(C(F)(F)F)c5,-3.039,35,-0.08682857142857144
Cc1ccc(cc1)N2C[C@@H](CC2=O)Nc3ncc(-c4cnco4)c(n3)[C@H](C)[C@H](C)[NH+]5CCCCC5,-3.039,35,-0.08682857142857144
Cc(o1)ncc1-c(c2)nc(c(c23)nccn3)N[C@@H](CCOC)[C@@H]4COCCN4Cc5ccccc5,-3.039,35,-0.08682857142857144
CCOc(c1)cc(N)cc1-c(c(c2)CCC)cc(c23)[nH+]cnc3NCc4cccc(C)c4,-3.039,32,-0.09496875
[NH-]C(=O)C(=O)n1ccc(c1)Nc2[nH+]cc(-c3ccc(F)cc3)c(n2)NCc4ccccc4,-3.037,32,-0.09490625
Cc1cn(C)c(=O)c(n1)-c(o2)c(-c3cc(N)cc(C(F)(F)F)c3)c(c24)c(ncn4)Nc5cccs5,-3.037,35,-0.08677142857142857
c1ccccc1-c(cc2)nc(c23)c(N[C@@H](C)c(cc4)ccc4C)nc(n3)NCC[NH+]5CCCCC5,-3.037,35,-0.08677142857142857
CCNc1ncc(-c2nnoc2C)c(n1)NC(=O)CN(C)C,-3.036,22,-0.138
CCc1ccc(cc1)-c(cc2)cc(c23)c(nc(n3)-c4ncco4)-c5cccnc5N(C)C,-3.036,32,-0.094875
CC(C)Nc(nc[nH+]1)c(c12)ccc(c2)-c3ccc(nc3)C[NH+](C)C,-3.035,24,-0.12645833333333334
CC(C)CNc1nc(NCC)nc(c12)ccc(n2)-c3cccc(c3)NC(C)C,-3.033,28,-0.10832142857142857
Cc1cccc(c1)-c(c2)c(S(=O)(=O)C(C)(C)C)cc(c23)c(ncn3)Nc4ccc(C(=O)N)cc4,-3.032,34,-0.0891764705882353
Cc1cccc(c1)[NH2+][C@H](C)Nc(nc2)nc(c23)nc(-c4nc(C)cn4C)c(c3)-c5ccc(F)cc5,-3.032,35,-0.08662857142857143
CCOC(=O)c1cnccc1-c(c2)c(C[C@H](C)Nc3ccc(C(F)(F)F)cc3)cc(c24)[nH+]cnc4N[C@@H]5CCCN(C5)c6ccc(C(F)(F)F)cc6,-3.032,52,-0.05830769230769231
CN(C)c(c1)cccc1-c(o2)c(-c(cc3)ccc3C)c(c24)c(ncn4)N[C@H](C)c5cccc(F)c5,-3.031,35,-0.08660000000000001
CC(C)Nc(n1)ncc(c12)cc(-c(nn3)ccc3C)cc2-c4ccccc4CO,-3.031,29,-0.10451724137931034
Fc(c1)cccc1-c(o2)c(-c(cc3OC)ccc3OC)c(c24)c(ncn4)N[C@H](C)Cc5ccccc5,-3.031,36,-0.08419444444444445
CSc(cc1)ccc1[C@H](CC)Nc(nc2)nc(c23)nc(c(c3)-c4cccc(F)c4)-c5ccc[nH+]c5N(C)C,-3.031,38,-0.07976315789473684
FC(F)(F)c(c1)cc(N)cc1[C@@H](C)Nc2nc(NCC)nc(c23)ccc(n3)-c4cc(ccn4)N5CCOCC5,-3.03,39,-0.07769230769230769
C1COCCN1c([nH+]2)n(C)c(c23)cc(-c4ccc(F)cc4)c(c3)-c(cc5)cc(c56)nccc6,-3.03,33,-0.09181818181818181
Cc1ccccc1-c(c2C)c(=O)n(CC)c(c23)nc(nc3)NC[C@H](C)Nc4ccc(C(F)(F)F)cc4,-3.03,36,-0.08416666666666667
COc(c1)c(OC(C)C)cc(c12)c(ncn2)NC(=O)Nc3ccc(C(F)(F)F)cc3,-3.027,30,-0.1009
c1cc(C)ccc1-c(c(c2)OC)cc(c23)c(ncn3)N[C@H](C)[C@@](C)(O)Nc4ccc(C(F)(F)F)cc4,-3.027,36,-0.08408333333333334
n1ccccc1CCNc(c(C#N)c[nH+]2)c(c23)cc(NCCO)c(c3)-c4ccccc4,-3.025,31,-0.09758064516129032
CC(=O)Nc(c(C#N)cn1)c(c12)cc(NCC[NH3+])c(c2)-c3ccc(C)[nH+]c3,-3.025,27,-0.11203703703703703
Cn(n1)ccc1-c(c2)nc(c(c23)nccn3)N[C@@H](CCOC)[C@@H]4COCCN4Cc5ccccc5,-3.024,35,-0.0864
COc1ccccc1-c(c2)c(-c3cccc(c3)[C@H](O)CO)cc(c24)[nH+]cnc4NC(C)C,-3.023,32,-0.09446875
Cc1cccc(c1)OCCNc(nc2NCCO)nc(c23)ccc(n3)-c4cccc(Cl)c4,-3.023,32,-0.09446875
CN(C1)CCC[C@@]1(O)CNc2nc(-c3cccc(F)c3)ncc2-c4ccncc4,-3.023,29,-0.10424137931034483
CCNc1ncc(c([nH+]1)NCC[NH3+])-c2ccc(F)cc2,-3.022,20,-0.15109999999999998
CCCNc(nc[nH+]1)c(c12)cc(c(c2)-c3ccc(o3)CO)-c4cccc(c4)NC(=O)C,-3.021,31,-0.0974516129032258
Cc1conc1-c(c(c2)OC)cc(c23)c(ncn3)N[C@H](C)[C@@](C)(O)Nc4ccc(C(F)(F)F)cc4,-3.021,35,-0.08631428571428572
c1cc(Cl)ccc1-c(cc2C)nc(n2)NCCN3CCN(CC3)CCn4ccnc4,-3.021,30,-0.1007
Cc1ccccc1Oc(c(c2)OC)cc(c23)c(ncn3)NC(=O)c4ccc(C(F)(F)F)cc4,-3.02,33,-0.09151515151515152
CCc1ccc(cc1)-c(cc2)cc(c23)c(-c4cnn(C)c4)nc(n3)-c5cccc(c5)NC(=O)C,-3.019,34,-0.08879411764705883
FC(F)(F)c(c1)cccc1CNC(=O)Cc(c2)c(-c3ccccc3Br)cc(c24)nc(o4)N5CCOCC5,-3.019,37,-0.0815945945945946
Cc1cccc(c1)CNc2ncc(c([nH+]2)NC(C)C)-c3cccc(n3)NC(=O)CO,-3.015,30,-0.1005
COc1ccccc1-c2cc(-c3cncn3CCC)cc(c24)ncnc4Nc5ccc(C(=O)N)cc5,-3.015,36,-0.08375
CCCn1ncc(c1C)-c(c2)c(OC)cc(c23)c(c(cn3)C#N)NN(CC)CC(C)C,-3.014,31,-0.0972258064516129
CC(=O)c1ccc(cc1)-c(c2)c(-c3ccccc3)cc(c24)n(C)c(n4)N5CCOCC5,-3.012,31,-0.09716129032258064
Cc1ccc(cc1)[C@H](C)Nc(nc2)nc(c23)nc(-c4ccccc4[C@H](C)O)c(c3)-c5cc(F)n(c5)CC(=O)N6CC[NH2+]CC6,-3.01,44,-0.0684090909090909
Nc1ccc[nH+]c1/[NH+]=c2\nc(NCC(=O)NC)[nH]c(c23)ccc(n3)-c4cccc(c4)OC,-3.01,32,-0.0940625
O=c1cccc(n1CC)-c(c2)c(-c3[nH+]c(C)cn3C)cc(c24)ncnc4N[C@H](C)c5cc(O)cc(C(F)(F)F)c5,-3.009,40,-0.075225
FC(F)c1ccc(cc1N)C(F)(F)Nc(ncn2)c(c23)c(C(=O)c4cccs4)cc(c3)-c5ccncc5,-3.008,37,-0.0812972972972973
OCC(=O)Oc(cc1)ccc1-c(c(c2)-c(cc[nH+]3)cc3N(C)C)cc(c24)n(C)c(n4)N5CCOCC5,-3.008,36,-0.08355555555555555
CCC(=O)Nc(ncn1)c(c12)c(-c3cn(C)nc3C)c(o2)-c4cccc(F)c4,-3.007,28,-0.10739285714285715
Cc1ccc(cc1)[C@H](C)Nc(nc2)nc(c23)c(cc(c3)-c4cc(C)n(n4)C)-c5cccn(c5=O)C(C)C,-3.007,37,-0.08127027027027027
CC(=O)c1cc(C)ccc1-c(c2)c(NC(=O)[C@H](C)O)cc(c23)c(c(cn3)C#N)NC(C)C,-3.007,32,-0.09396875
c1cc(=O)cccc1-c(c2)cc(-c3ccccc3OC)c(c24)c(ncn4)N[C@H](C)c5cc(N)cc(C(F)(F)F)c5,-3.006,40,-0.07515
CCNc(ncn1)c(c12)cc(-c3cc(ccn3)C[NH+](C)C)c(c2)-c4cccc(c4)C(=O)OC(=O)N5CCCCC5,-3.005,40,-0.075125
[NH3+]CCNc1[nH+]cc(-c2ccc(Br)cc2)c(n1)Nc3ccccc3,-3.005,24,-0.12520833333333334
CN(C)c([nH+]c1)ccc1-c(c(c2)OC)cc(c23)ncc(C#N)c3N[C@H]([NH3+])c4cc(C)cc(C(F)(F)F)c4,-3.005,37,-0.08121621621621622
O=c1cccccc1-c(c(c2)NC(C)C)cc(c23)[nH+]cc(C#N)c3NCCO,-3.004,28,-0.10728571428571429
COc1ccc(cc1)-c(c2)c(-c3cnn(c3)C(C)C)cc(c24)n(C)c([nH+]4)N5CCOCC5,-3.004,32,-0.093875
Fc(c1)cccc1-c(cc2C)nc(n2)N[C@H](C)c3ccnc(c3)N(C4)CCCC4(F)F,-3.003,31,-0.09687096774193549
C1COCCN1c(n2)n(C)c(c23)cc(-c4ccccc4)c(c3)-c5ccccc5C[NH3+],-3.002,30,-0.10006666666666666
Cc1cn(C)cc1[C@H](C)Nc(ncn2)c(c23)c(cc(c3)[C@H](C)[C@H]([NH3+])CO)-c4cccc(c4)CO,-3.002,34,-0.08829411764705881
c1ccccc1-c(c2C)c(=O)n(CC)c(c23)nc(nc3)NCCc4cccc(Cl)c4,-3.001,30,-0.10003333333333334
C1COCCN1c([nH+]2)n(C)c(c23)cc(-c4ccc(cc4)[C@H](O)C(=O)N)c(c3)-c5ccccc5C[NH3+],-3.0,35,-0.08571428571428572
Cc1cccc(F)c1-c2cnc(-c3ccc(Cl)cc3)nc2NC(=O)CN4CCCC4,-2.999,30,-0.09996666666666668
Fc1ccccc1-c(n2)cc(nc2C)Nc3ncc(s3)-c4ccncc4[O-],-2.999,27,-0.11107407407407408
CN(C)C(=O)c(c1)cncc1-c(c(c2)OC)cc(c23)c(nc[nH+]3)N[C@@H]4CC[N@H+](CC4)Cc5ccc(C)c(C)c5,-2.997,39,-0.07684615384615384
C1COCCN1c(n2)n(C)c(c23)cc(-c4cccc(Br)c4)c(c3)-c5ccccc5,-2.995,29,-0.10327586206896552
CCc1cc(ccn1)-c(c2)c(-c3ccc(CO)cc3)cc(c24)[nH+]cnc4NCc5cccc(C)c5,-2.995,35,-0.08557142857142858
c1cc(C)ccc1[C@@H](C)Nc(ncn2)c(c23)c(-c(ccc4=O)cn4CCC)cc(c3)-c5nccnc5CN6CCOCC6,-2.995,43,-0.06965116279069768
CN(C)CC(=O)c1ccc(nc1)-c(c2)c(-c3ccccn3)nc(c24)nc(nc4)NCCc(cc5)cc(c56)CC[N@H+]6C,-2.995,41,-0.07304878048780489
CCc1cccc(c1)-c(c2)c(-c3ccc(F)cc3)cc(c24)n(C)c([nH+]4)N5CCOCC5,-2.992,31,-0.09651612903225806
Cc1ccccc1[C@H](C)Nc(ncn2)c(c23)c(cc(c3)-c4cccnc4)-c5cn(cn5)C(=O)C(=O)OCCN(C)C,-2.992,41,-0.07297560975609756
Cc1cccc(c1)-c2cnc(s2)Nc3cc(nc(n3)C)-c4ccc(cc4)C[NH+]5CCOCC5,-2.992,33,-0.09066666666666667
Cc1cc(C)cc(c1)CNc(nc2)nc(c23)c(-c4c(C)cnn4C[C@H](C)O)cc(c3)-c5ccc(cc5)C(=O)CO,-2.992,40,-0.0748
c1ccccc1-c(c(c2)NCCC)cc(c23)[nH+]cc(C#N)c3NC,-2.991,24,-0.124625
COc1ccccc1[C@H](C)Nc(ncn2)c(c23)c(-c4cc(N)cc(C(F)(F)F)c4)c(o3)-c5cccc(=O)cc5,-2.99,39,-0.07666666666666667
C[C@H](O)c1cccnc1-c2cnc(NCC[NH+](C)C)[nH+]c2NCc3ccccc3,-2.989,29,-0.10306896551724137
c1[nH+]c(C)ccc1-c2cc(-c(cn3)cn3CC)cc(c24)ncnc4N[C@H](C)c5cc(C)cc(C)c5,-2.987,35,-0.08534285714285715
CCn1cc(c(n1)C)-c2cnc(-c3cc(C)nn3C)nc2N[C@H](C)c4ccccc4C,-2.987,31,-0.09635483870967743
COc1cc(cc(c1)OC)Nc2[nH+]cc(-c3ccnc(c3)C(=O)N)c(n2)NCc4ccccc4,-2.985,34,-0.08779411764705881
Cc1nc(co1)-c(cc2)cc(c23)c(-c4[nH+]ccn4C)nc(n3)-c5cccc(c5)C(C)C,-2.984,31,-0.09625806451612903
Cc1ccc(cc1)-c(c2)c(-c3ccc(C(=O)N)cc3)cc(c24)n(C)c([nH+]4)N5CCOCC5,-2.984,32,-0.09325
[NH3+]CCCNc(ncn1)c(c12)c(-c(cc3)ccc3C)c(o2)-c4ccc(N(C)C)nc4,-2.983,30,-0.09943333333333333
c1ccccc1-c(c2)c(cc(c23)c(NC)c(C#N)c[nH+]3)Nc4ccccc4F,-2.982,28,-0.10650000000000001
CCCn1cc(ccc1=O)-c(c2)c(-c3ccc(C)cc3)cc(c24)nc(n4C)N5CCOCC5,-2.982,33,-0.09036363636363637
COc1ccc(cc1O)-c(cc2)cc(c23)c(nc(n3)-c4cn(C)c(=O)s4)-c5cc(=O)ccn5C,-2.982,34,-0.08770588235294119
c1cc(N)ccc1[C@H](CC)Nc(ncn2)c(c23)c(-c4ccc(F)cc4)c(o3)-c5ccncc5,-2.981,33,-0.09033333333333333
C[NH+](C)CCNc([nH+]1)c(cnc1NC)-c2ccc(Br)cc2,-2.98,21,-0.1419047619047619
c1ncccc1-c(c(c2)NC(C)C)cc(c23)ncc(C#N)c3NC(=O)Nc4cc(C(F)F)cc(C(F)(F)F)c4,-2.979,39,-0.07638461538461538
Fc(c1)cccc1-c(cc2C)nc(n2)NCCN3CC[NH+](CC3)CCn4ccnc4,-2.979,30,-0.0993
COc1cccc(c1)[C@H](C)Nc(nc2)nc(c23)n(c(=O)c(c3C)-c4ccc(F)cc4)-c5nccn5CC(=O)N(C)C,-2.979,41,-0.07265853658536586
Clc1ccccc1-c(c(c2)-c(cc3)ccc3C)cc(c24)nc(o4)N5CCOCC5,-2.979,29,-0.10272413793103449
C[NH+](C)Cc(c1)cccc1-c(c(c2)-c(cc3)ccc3C)cc(c24)[nH+]c(n4C)N5CCOCC5,-2.979,33,-0.09027272727272728
Cc1cccc(c1)-c(c2)c(-c3ccnc(c3)CN)nc(c24)nc(nc4)N[C@@H]5CC[N@@H+](C)CC5,-2.978,33,-0.09024242424242425
Cc1cccc(c1)CNc(ncn2)c(c23)cc(c(c3)-c4cn(C)c[nH+]4)-c5ccn(c5)C/C([O-])=C(\O)C(=O)N(C)C,-2.978,40,-0.07445
OCC(=O)[C@@H](N)c(c1)cccc1[C@H](C)Nc(ncn2)c(c23)c(-c4ccccc4F)cc(c3)-c5ccc(F)cc5,-2.977,39,-0.07633333333333334
Cc1ccc(cc1)CN(C)CCNc(n2)c(C(=O)N)c(n23)nc(cc3C(C)C)-c4ccccc4F,-2.977,35,-0.08505714285714286
Cc1ccc(cc1)-c(c2)c(S(=O)(=O)C(C)(C)C)cc(c23)c(ncn3)NCC[NH+](C)C,-2.977,30,-0.09923333333333333
Cc1ccccc1[C@H](C)Nc(ncn2)c(c23)c(cc(c3)-c4ccccc4)-c5cc(ccn5)C(=O)N6CCCCCC6,-2.977,41,-0.07260975609756097
Cc1ccc(cc1)[C@H](C)Nc(n2)c(C(=O)N)c(n23)nc(-c4ccc(F)cc4)cc3-c5c[nH+]ccc5C,-2.976,36,-0.08266666666666667
Cn1c(C)[nH+]cc1-c(cn2)c(n23)nc(Cc4c(C)cccc4C)cc3NC(C)(C)c5ccc(C(F)(F)F)cc5,-2.975,39,-0.07628205128205129
Cc1ccc(cc1C)-c(cn2)c(n23)nc(-c4ccccc4)cc3NCCc5ccc(C(F)(F)F)cc5,-2.974,36,-0.08261111111111112
Fc1ccccc1-c(c(c23)c(ncn2)NC(C)(C)C)cc(c3)-c4ccc(O)c(c4)C[C@H]([O-])[NH+]5CCCCC5,-2.973,38,-0.07823684210526316
c1cc(F)ccc1-c(c(c2)NCCC)cc(c23)[nH+]cc(C#N)c3NCCO,-2.973,27,-0.1101111111111111
C#Cc1ccc(cc1)NC(=O)CNc2ncc(-c3cccc(O)c3)c(n2)-c4ccnn4C,-2.972,32,-0.092875
O=C([O-])c1c(Cl)cccc1-c(c(c2)-c(c3)cccc3C)cc(c24)n(C)c(n4)N5CCOCC5,-2.97,33,-0.09000000000000001
COc1ccc(cc1OC)-c(c2)c(-c(cc3)cc(c34)nccc4)cc(c25)[nH+]c(n5C)N6CCOCC6,-2.969,36,-0.08247222222222222
OCC(=O)Oc(cc1)ccc1-c(c(c2)-c(c3)ncn3C)cc(c24)n(C)c(n4)N5CCOCC5,-2.968,33,-0.08993939393939394
CN(C)C(=O)c(c1)scc1-c(c(c2)-c(cc3)ccc3C)cc(c24)n(C)c([nH+]4)N5CCOCC5,-2.966,33,-0.08987878787878789
FC(F)(F)c(c1)cc(N)cc1[C@H](C)Nc(ncn2)c(c23)cc(S(=O)(=O)C(C)(C)C)c(c3)[S@@]4=CC=N4,-2.966,35,-0.08474285714285715
FC(F)(F)c(c1)cc(N)cc1[C@H](C)Nc(nc[nH+]2)c(c23)cc(-c4ccoc4)c(c3)-c5cncc(=O)n5C,-2.966,37,-0.08016216216216217
Cc1ccc(c(C)c1)[C@H](C)Nc(n2)c(nc(nc3)NC4CC4)c3c(c25)ccc(c5)-c6cn(c[nH+]6)CC(=O)N(C)C,-2.964,40,-0.0741
Cc1ccc(cc1)N2C[C@@H](CC2=O)Nc3ncc(-c(cc4)cc(c45)cccc5)c(n3)[C@H](C)c6cccc(C(F)(F)F)c6,-2.964,42,-0.07057142857142858
[NH3+]CCc(n1)cc(cc1C)-c(c2)c(-c3cccc(F)c3)cc(c24)n(C)c([nH+]4)N5CCOCC5,-2.961,33,-0.08972727272727272
C1COCCN1c(n2)n(C)c(c23)cc(-c4ccc(cc4)OC(=O)CO)c(c3)-c5cccc(c5)Cn6cccn6,-2.96,39,-0.0758974358974359
c1ncccc1-c(c2)cc(-c3ccnn3C(=O)C)c(c24)c(ncn4)N[C@H](C)C5CN(C5)c6cccc(Cl)c6,-2.96,38,-0.07789473684210527
Cc1cccc(c1)OC[C@H](C)Nc(ncn2)c(c23)c(c(o3)-c4ccc(F)cc4)-c5cccc(c5)CN(C)C,-2.959,38,-0.07786842105263159
CCc1nc(C)c(o1)-c2nc(NCCO)ncc2-c3ncccc3[O-],-2.959,25,-0.11836
c1cnccc1-c2cc(-c(cc3)ccc3OC)nc(n24)c(C(=O)N)c(n4)NCc5ccccc5,-2.959,34,-0.08702941176470588
C[C@@H]1CCC[N@@H+](C1)Cc2ccnc(c2)[C@H](C)Nc(c(c34)cccc4)nc([nH+]3)-c5ccco5,-2.958,32,-0.0924375
CCc1cccc(c1)-c(cc2)nc(c23)c(NCCOC)nc(n3)NCC[NH+](C)C,-2.958,29,-0.10200000000000001
C[C@H](C1)C[C@H]1Nc(ncn2)c(c23)c(-c4c(C)n(C)nc4C)cc(c3)-c5cnc(C)n(c5=O)CC(C)(C)C,-2.958,37,-0.07994594594594595
FC(F)(F)c(c1)cc(cc1C)[C@H](C)Nc(ncn2)c(c23)cc(c(c3)-c4ccncc4)-c5ccnn5CC(=O)[O-],-2.958,39,-0.07584615384615385
C[C@H](N)c1ccc(cc1)C(=O)Nc(c2)c(-c3ccc(=O)n(C)c3)cc(c24)ncc(C#N)c4Nc5cnn(C)c5,-2.958,39,-0.07584615384615385
c1ccccc1-c(c(c2)-c(n(n3)C)nc3C)nc(c24)nc(nc4)NC5CCN(CC5)[C@H](C)c6ccccc6,-2.957,38,-0.07781578947368421
Cc1cccc(c1)[C@H](C)Nc(ncn2)c(c23)c(cc(c3)-c4ccccc4)-c5ccccc5C(=O)N,-2.957,35,-0.08448571428571428
C[N@H+]1CC[C@@H](CC1)Nc(nc2)nc(c23)nc(-c4[nH+]ccn4C)c(c3)-c5cccnc5,-2.952,30,-0.0984
COc1cccc(c1)NC(=O)Nc(nc(n2)-c3cccc(c3)OC)n(c24)ncc4-c5ccccc5[C@H](C)O,-2.951,38,-0.0776578947368421
n1ccccc1Nc(nc2NCOC)[nH+]cc2-c(cn3C)c(c34)cccc4,-2.951,27,-0.1092962962962963
Nc(c1)nccc1-c(c2)cc(c(c23)nc(nc3)NC(C)C)-c4nccnc4C(=O)N(C)C,-2.951,32,-0.09221875
NC(=O)c1ccccc1Nc2[nH+]cc(Cc3c(N)cc(C(F)(F)F)cc3C(F)(F)F)c(n2)NCc4ccccc4,-2.949,40,-0.073725
Brc(c1)cccc1-c(c(c23)c(ncn2)NC(C)C)c(o3)-c4ccc(C(F)(F)F)cc4,-2.948,30,-0.09826666666666667
c1cccc(c12)c(NC)nc([nH+]2)-c3cccc(c3)NC(=O)C,-2.947,22,-0.13395454545454547
Cc1cc(N)cc(c1)[C@H](C)NC(=O)Nc(cc(n2)-c3ccc(C)[nH+]c3)n(c24)ncc4-c5cccc(C(F)(F)F)c5,-2.946,40,-0.07365000000000001
C#Cc1ccc(cc1)NC(=O)CNc2ncc(-c3ccc(O)cc3)c(n2)-c4ccnc(n4)C,-2.945,33,-0.08924242424242423
COc1ccc(C(=O)NC(=O)C)c(c1)-c(c2)c(OC)cc(c23)c(c(cn3)C#N)N[C@H](C)c4ccc(cc4)[C@H](C)OC,-2.944,41,-0.07180487804878048
CCNc(ncn1)c(c12)cc(S(=O)(=O)C(C)(C)C)c(c2)-c3ccc(C(=O)N)cc3,-2.944,29,-0.10151724137931034
[NH3+]CC[N-]c(n1)c(C(=O)N)c(n12)nc(-c(cn3)cn3CC)cc2-c4ccc(Cl)cc4,-2.944,30,-0.09813333333333334
c1ccccc1CN2CCC(CC2)Nc(ncn3)c(c34)c(-c5cccnc5)cc(c4)-c6cccnc6,-2.941,36,-0.08169444444444444
O=c(c1)n(C)c(C)cc1-c(nc(C)c2)c(c23)nc(nc3)NC(=O)Nc4cccc(C(F)(F)F)c4,-2.941,34,-0.0865
Cc1cc(F)ccc1-c(c(c2)OC)cc(c23)ncc(C#N)c3N[C@H](C)c4cc(C)cc(N)c4,-2.941,33,-0.08912121212121211
COc1cccc(c1OC)-c2cnc(-c3cccnc3)nc2N[C@H](C)c4ccc(C[NH3+])cc4,-2.941,33,-0.08912121212121211
COc1cccc(OC)c1-c(c(c2)-c(cc3)ccc3OC)cc(c24)nc(o4)N5CCOCC5,-2.94,33,-0.0890909090909091
C1COCCN1c([nH+]2)n(C)c(c23)cc(-c4cccoc4=O)c(c3)-c5cccc(F)c5,-2.937,30,-0.0979
c1cc(O)ccc1-c(c2)nc(c(c23)nccn3)N[C@@H](CCOC)[C@@H]4COCC[N@H+]4Cc5ccccc5,-2.936,36,-0.08155555555555555
COc1cccc(c1)-c(cc2)nc(c23)c(N[C@H](C)c4ccc(C(F)(F)F)cc4)nc(n3)N[C@@H]5CC[N@@H+](C)CC5,-2.936,39,-0.07528205128205127
Clc(c1)cccc1[C@H](C)Nc(ncn2)c(c23)cc([C@@]4(C)C[C@H]([NH+](C)C)[C@H](O)CO4)c(c3)-n5cc[nH+]c5,-2.935,36,-0.08152777777777778
Cc1ccccc1-c2cc(-c(cc3)ccc3C)nc(n24)c(C(=O)N)c(n4)Nc5ccccc5OC(C)(C)O,-2.933,38,-0.07718421052631579
C1CCCN1[C@H](C)CNc(nc2)nc(c23)nc(-c4ccc(F)cc4)c(c3)-c5nccn5C,-2.932,32,-0.091625
CCNc1[nH+]cc(-c2ccc(F)cc2)c(n1)NCc3ccc(cc3)N4CCCC4=O,-2.931,30,-0.0977
Oc1ccccc1-c(c(c2)[C@H](C)C[NH3+])cc(c23)[nH+]cnc3N[C@@H]4CCOC4,-2.931,27,-0.10855555555555556
O=c(c1)n(C)ccc1-c(o2)c(-c(cc3OC)ccc3OC)c(c24)c(ncn4)N[C@H](C)c5cccc(C(F)(F)F)c5,-2.93,40,-0.07325000000000001
Cc1ccc(C)c(c1)CNc(n2)c(nc(nc3)NC4CC4)c3c(c25)ccc(c5)-n6cnc(c6)C(=O)N(C)C,-2.93,38,-0.07710526315789475
OCCCNc1nc(NCC)nc(c12)ccc(n2)-c3cccc(C)c3,-2.929,25,-0.11715999999999999
c1cnccc1-c2cnc([nH+]c2NCC)NC[C@@H]3C[N@@H+](C[C@@H]3O)c4ccc(C)cc4C,-2.928,31,-0.0944516129032258
Cc(c1)cccc1-c(cc2)nc(c23)c(NCC)nc(n3)NCC[NH+]4CCCC4,-2.927,28,-0.10453571428571429
Cc(c1)cccc1-c(o2)c(-c(cc3)ccc3C)c(c24)c(ncn4)N[C@H](C)c5ccc([C@@H](F)O)cc5,-2.924,35,-0.08354285714285714
c1ccccc1-c(cc2)nc(c23)c(N[C@@H](C)c4cc(N)cc(C(F)(F)F)c4)nc(n3)NCC5(C)OCCO5,-2.924,38,-0.07694736842105263
OCCNc1nc(NCCO)nc(c12)ccc(n2)-c3cccc(F)c3,-2.922,25,-0.11688000000000001
CCCNc(ncn1)c(c12)c(-c3ccccc3)c(o2)-c4ccc(Cl)cc4,-2.922,26,-0.11238461538461539
FC(F)(F)c1ccc(cc1)N2CCC[C@@H](C2)Nc(nc[nH+]3)c(c34)cc(c(c4)-c5ccncc5)[C@@H]6CC[N@H+](CC6)Cc7ccc(Cl)cc7,-2.92,47,-0.062127659574468086
Cc1ccc(cc1)[C@H](C)Nc(ncn2)c(c23)c(-c4cccc(F)c4)cc(c3)-c5ccc(C(=O)N)cc5,-2.92,36,-0.0811111111111111
CN(C)C(=O)c1cc(ccn1)-c(c2)c(-c3ccccc3F)cc(c24)nc(o4)N5CCOCC5,-2.919,33,-0.08845454545454545
FC(F)(F)c(c1)cc(N)cc1[C@H](C)Nc(ncn2)c(c23)c(-c4ccc(F)ccc4=O)cc(c3)-c5ccc(=O)n(C)c5,-2.919,41,-0.07119512195121952
Cc1[nH+]c(cn1C)-c(cc2)cc(c23)c(-c4c[nH+]c(C)n4C)nc(n3)-c5ccccc5C(F)(F)F,-2.918,34,-0.08582352941176472
C1COCCN1c([nH+]2)n(C)c(c23)cc(-c4cccc(F)c4)c(c3)-c5ccccc5O,-2.918,30,-0.09726666666666667
COc1ccccc1-c(c2)c(-c3cccc(Cl)c3C(=O)[O-])cc(c24)n(C)c(n4)N5CCOCC5,-2.917,34,-0.08579411764705881
COc1cc(OC)cc(c1)-c(c(o2)-c3ccnnc3)c(c24)c(ncn4)N[C@H](C)c5cccc(C)c5,-2.914,35,-0.08325714285714286
Cc1ncc(n1CC)Nc2ncc(-c3cccc(C)c3)c(n2)-c4cccc(c4)NC(=O)C,-2.914,32,-0.0910625
C1CCCN1CC(=O)Nc2nc(-c3ccncc3)ncc2-c4ccccc4,-2.912,27,-0.10785185185185185
Cc1ccc(cc1)CN(C)CCNc(n2)c(C(=O)N)c(n23)nc(-c4ccsc4)cc3-c5ccc(C)cc5,-2.912,37,-0.0787027027027027
COC(=O)c1cccc(c1)NC(=O)CNc(ncn2)c(c23)ccc(c3)-c4ccc(nc4C)N5CCCCC5,-2.911,38,-0.07660526315789473
Cc1ccc(cc1C)N[C@H](C)Nc(nc[nH+]2)c(c23)ccc(c3)-c4cncnc4N5CCCCC5,-2.91,34,-0.08558823529411765
Cn1ccnc1-c(o2)c(-c3cccc(C(F)(F)Cl)c3)c(c24)c(ncn4)Nc5ccon5,-2.909,31,-0.09383870967741935
C#Cc1ccc(cc1)NC(=O)CNc2ncc(-c3ccc(Br)cc3)c(n2)-c4ccccc4Br,-2.909,33,-0.08815151515151515
C1COCCN1c([nH+]2)n(C)c(c23)cc(c(c3)-c4cccc(=O)s4)-c5cccc(F)c5,-2.907,30,-0.0969
C1COCCN1c(n2)n(C)c(c23)cc(c(c3)-c4cccc(F)c4)-c5cccc(Cl)c5C(=O)[O-],-2.906,33,-0.08806060606060606
CN(C)[C@H](CO)C(=O)c1cccc(c1)-c(nc2-c3ccncc3)nc(c24)ccc(c4)-c(cc5)cc(c56)cccc6,-2.906,40,-0.07265
CCCNc(nc(n1)NC)c(c12)nc(cc2)-c3cccc(F)c3,-2.905,23,-0.12630434782608696
n1ccccc1Nc(nc2NCOC)ncc2-c3cccc(F)c3,-2.904,24,-0.121
[H]\N=C\c(c1)cncc1-c(c(o2)-c(cc3)ccc3C)c(c24)c(ncn4)N[C@H](C)COc5cccc(C)c5,-2.903,36,-0.08063888888888888
c1cc(F)ccc1-c(c(c2)NCC)cc(c23)[nH+]cc(C#N)c3NCc4cccc(c4)NC(=O)C,-2.902,34,-0.08535294117647059
Cc1cccc(c1)[C@H](CO)Nc(nc2)nc(c23)n(c(=O)c(c3C)-c4cccnc4)-c5cccc(c5)C(=O)N(C)C,-2.901,40,-0.07252499999999999
CC(C)Nc(c(C#N)c[nH+]1)c(c12)cc(NCCO)c(c2)-c3ccccc3Br,-2.9,27,-0.10740740740740741
CC(C)c(cc1)ccc1-c2nc(-c([nH+]c3C)c(C)n3C)nc(c24)ccc(c4)-c5ccc(O)cc5,-2.9,34,-0.08529411764705883
Cc(c1)cccc1-c2cnn(c23)c(N[C@H](C4)CCN4CC)cc(n3)C(=O)Nc5ccc(C)cc5OC,-2.9,36,-0.08055555555555555
Fc1ccccc1-c(n2)cc(-c(c[nH+]3)ccc3C)n(c24)nc(c4C(=O)N)NCc5ccccc5,-2.899,34,-0.08526470588235294
FC(F)(F)c(cc1)ccc1[C@H](C)Nc(c2)c(-c3cccnc3)cc(c24)ncc(C#N)c4NCCCl,-2.897,35,-0.08277142857142857
Cc1cccc(c1)-c2ncc(-c3ccccc3[C@H](C)O)c(n2)N[C@H](C)c4cccc(C(F)(F)F)c4,-2.896,35,-0.08274285714285715
NC(=O)Nc(n1)nc(cc1C)-c2ccc(cc2)NC(=O)n3cc[nH+]c3,-2.894,25,-0.11576
C[C@H](O)Cn1ccc(n1)-c(c2)c(-c3ccc(cc3)OC(=O)CO)cc(c24)n(C)c([nH+]4)N5CCOCC5,-2.893,36,-0.0803611111111111
n1ncccc1-c(c2)cc(-c3ccccc3F)c(c24)c(ncn4)NCc5ccccc5C(F)(F)F,-2.893,35,-0.08265714285714285
CCNc(n1)c(C(=O)N)c(n12)nc(-c3ccco3)cc2-c4cc[nH+]cc4,-2.893,26,-0.11126923076923076
c1ncccc1-c(c(c2)NCCC)cc(c23)[nH+]cc(C#N)c3NC[C@H](O)c4ccccc4,-2.892,32,-0.090375
n1coc(=O)cc1-c(c(c2)OC)cc(c23)ncc(C#N)c3N[C@H](C)c4cccc(C)c4,-2.891,31,-0.09325806451612903
Fc1ccccc1-c2cc(-c3nccn3CC)cc(c24)ncnc4N[C@H](C)c5cc(C)cc(N)c5,-2.89,35,-0.08257142857142857
CCOc(c1)c(OC)cc(c12)ncnc2NC(=O)Nc3cc(C(F)(F)F)cc(N)c3C(F)(F)F,-2.889,34,-0.08497058823529412
CC(=O)NC(=O)c1cccc(c1)-c(c2)c(-c3cccc(F)c3F)cc(c24)c(nc[nH+]4)NCCC[NH3+],-2.888,35,-0.0825142857142857
CCn1nc(C)cc1Nc(ncn2)c(c23)c(-c4ccc(OC)c(c4)OC)c(o3)-c5ccc(ccc5=O)C(=O)NC(C)C,-2.887,42,-0.06873809523809524
n1cc(C)ncc1-c(o2)c(-c(cc3)ccc3C)c(c24)c(ncn4)N[C@H](C)c5cc(N)cc(C(F)(F)F)c5,-2.887,37,-0.07802702702702703
COC[C@H](O)c1ccc(cc1)-c(cc2)cc(c23)[nH+]cnc3N[C@@H](C4)CO[C@@]4(C)c5cccc(C)c5,-2.886,35,-0.08245714285714285
Cn1cccc(c1=O)-c(c2)c(-c3ccc(CO)cc3)nc(c24)nc(nc4)N[C@H](CO)c5cc(N)ccc5C(F)(F)F,-2.886,41,-0.07039024390243903
c1cc(=O)cccc1-c(o2)c(-c(cc3)ccc3OC)c(c24)c(ncn4)N[C@H](C)c5ccc(C)cc5,-2.883,35,-0.08237142857142857
COc1ccccc1-c(c(c2)-c(cc3)ccc3OC)cc(c24)n(C)c([nH+]4)N5CCOCC5,-2.88,32,-0.09
Cc1cccc(c1)-c(c2)c(S(=O)(=O)C(C)(C)C)cc(c23)c(ncn3)Nc4cnccn4,-2.88,31,-0.0929032258064516
c1cc(C)ccc1[C@@H](C)Nc2nc(N[C@@H](C)c(cc3)ccc3C)nc(c24)ccc(n4)-c5cccc(C)c5,-2.88,37,-0.07783783783783783
CCn1cc(c(n1)C)[C@H](C)Nc(ncn2)c(c23)c(-c4c(C)nn(C)c4C)cc(c3)-c5ccc(OC)c(c5)OC,-2.88,39,-0.07384615384615384
COc1ccc(cc1)Nc(c2)c(-c3ccc(=O)n(C)c3)cc(c24)ncc(C#N)c4NC(=O)CN(C)C,-2.878,36,-0.07994444444444444
CN(C)c1cc(ccn1)-c(c2)c(-c3cccc(O)c3)cc(c24)n(C)c(n4)N5CCOCC5,-2.872,32,-0.08975
CN(C)C(=O)Cn1ccnc1-c(c2)c(-c3cccc(F)c3)cc(c24)n(C)c([nH+]4)N5CCOCC5,-2.871,34,-0.08444117647058824
Oc1ccc(cc1O)-c(cc2)cc(c23)c(-c4ncno4)nc(n3)-c5ccc(Br)cc5,-2.871,30,-0.0957
COc1cccc(c1)-c(c2)c(-c3ccccc3)cc(c24)[nH+]c(n4C)N5CCOCC5,-2.869,30,-0.09563333333333333
Cc1ccc(cc1)-c(c2)c(-c3ccc(N(C)C)cc3)cc(c24)[nH+]c(n4C)N5CCOCC5,-2.868,32,-0.089625
CCOc1ccc(cc1)[C@H](C)Nc(ncn2)c(c23)c(-c4ccn(n4)C)c(o3)-c5ccc(=O)n(C)c5,-2.867,35,-0.08191428571428572
CCn1nccc1-c2ncc(-c3cccc(c3)OC)c(n2)NC(=O)[C@H](N)[C@@H]4CC[N@@H+](C)CC4,-2.867,33,-0.08687878787878787
C1COCCN1c(n2)oc(c23)cc(c(c3)-c(cc4)ccc4C)C[C@@H]5CC(=O)C[C@@H]5Oc6cccc(F)c6,-2.867,37,-0.07748648648648648
FC(F)(F)c(c1)cc(cc1C)[C@H](C)Nc(ncn2)c(c23)c(-c4ccc(F)cc4)c(o3)-c5cnn(C)c(=O)c5,-2.866,38,-0.07542105263157894
Fc(c1)c(F)ccc1-c(cc2C)nc(n2)NCCN3CCN(CC3)CCn4cc[nH+]c4,-2.866,31,-0.09245161290322582
COc1cnc(=O)ccc1-c(c(c2)-c(c3)cccc3OC)cc(c24)c(nc[nH+]4)N[C@@H]5CCN(C5)c6ccc(C)cc6,-2.865,41,-0.06987804878048781
OC[C@@H](C)Cc(cn1)c(n12)nc(-c3ccc(F)o3)nc2[N-]C(=O)c4ccco4,-2.864,28,-0.10228571428571429
FC(F)(F)c(c1)cc(N)cc1[C@H](C)Nc(nc[nH+]2)c(c23)cc(c(c3)-c4nn(C)ccc4=O)-c5ccccc5CO,-2.864,40,-0.0716
Cc1cn(cn1)-c(cn2)c(n23)nc(-c4ccccc4)nc3[N-]C[N@H+]5CCC[C@@H]5C,-2.863,29,-0.09872413793103449
Cc1nc(C)sc1-c(cc2C)nc(n2)NCCN3CCN(CC3)CCn4ccnc4,-2.863,30,-0.09543333333333333
NC(=O)c(c1)cccc1-c(c(c2)-c(ccc3)c(c34)n(C)c(n4)C)cc(c25)[nH+]cnc5NC(C)C,-2.863,34,-0.08420588235294117
Cn1cc[nH+]c1-c(cc2)nc(c23)c(NCCO)nc([nH+]3)NCC[NH+]4CCCC4,-2.86,28,-0.10214285714285713
Cc1cccc(c1)CNc2nc(Nc3ccc(F)cc3)[nH+]cc2-c4ccccc4C(=O)[C@H](C)N5CCCCC5,-2.86,39,-0.07333333333333333
c1cc(F)ccc1-c(c2)c(cc(c23)c(NC)c(C#N)c[nH+]3)NCc4ccccc4,-2.859,29,-0.09858620689655172
NC(=O)c(c1)cccc1-c(c(c2)-c(ccc3)c(c34)n(C)c(C)[nH+]4)cc(c25)ncnc5NC(C)C,-2.858,34,-0.08405882352941177
COc(c1)cccc1Nc(cc(c23)c(NC)c(C#N)c[nH+]2)c(c3)-c4cc(=O)n(C)nc4C,-2.858,32,-0.0893125
CC(F)(F)c(c1)cccc1[C@H](C)Nc(nc[nH+]2)c(c23)cc(c(c3)-c4ccc(O)cc4)-c5ccccc5CC(=O)N,-2.857,40,-0.071425
Cc1cc(C)cc(c1)NC(=O)CNc(c(c23)cccc3)nc([nH+]2)[C@H](C)c4cc(N)cc(C(F)(F)F)c4,-2.857,36,-0.07936111111111112
Cc1cn(C)cc1[C@H](C)Nc(nc[nH+]2)c(c23)c(cc(c3)Cc4ccccn4)-c5cccc(n5)C(=O)N6CCCCC6,-2.854,41,-0.06960975609756098
Fc1ccccc1Nc(cc(c23)c(NC)c(C#N)c[nH+]2)c(c3)-c4ccnc(c4)C(=O)N,-2.854,31,-0.09206451612903226
c1ncccc1-c(c2)cc(-c3[nH+]ccn3C)c(c24)c(ncn4)N[C@@H]5CC[N@H+](CC5)Cc6ccccc6,-2.853,36,-0.07925
FC(F)(F)c(c1)cc(cc1C)N[C@H](C)Nc2[nH+]cc(-c3cncc(F)c3)c(n2)NCc4ccccc4C,-2.853,37,-0.07710810810810811
C[NH+](C)CCNc(n1)nc(NCC)c(c12)nc(cc2)-c3c(C)noc3C,-2.853,26,-0.10973076923076924
COc1ccccc1-c(o2)c(-c3cn(C)nc3C)c(c24)c(ncn4)N[C@H](C)c5cccc(C)c5,-2.853,34,-0.08391176470588235
Cn(c1)c(=O)ccc1-c(c2)cc(-c3c(C)n(C)nc3C)c(c24)c(ncn4)N[C@H](C)c5ccc(N)c(C(F)(F)F)c5,-2.852,40,-0.0713
C1COCCN1c(n2)n(C)c(c23)cc(c(c3)-c(cc4)cc(c45)nccc5)-c6ccc(cc6)C(=O)N7CCCOC7,-2.852,40,-0.0713
C#Cc1ccc(cc1)NC(=O)CNc2ncc(c(n2)-c3cncs3)-c4ccccc4,-2.852,30,-0.09506666666666666
Cn1ccc(c1)-c(cc2)cc(c23)c(-c4[nH+]ccn4C)nc(n3)-c5nccn5C,-2.852,28,-0.10185714285714285
COc1cccc(c1)-c(cc2)nc(c23)c(NCC(=O)C)nc([nH+]3)Nc4cc(N)cc(O)c4,-2.847,32,-0.08896875
C[C@H](O)Cn1ccc(n1)-c(c2)c(-c3ccc(cc3)OC(=O)CO)cc(c24)n(C)c(n4)N5CCOCC5,-2.847,36,-0.07908333333333334
CC(=O)Cn1ccc(n1)-c(cc2)cc(c23)nc(N[C@H](C)c4ccc(C)cc4C)c5c3cnc(n5)NC6CC6,-2.846,38,-0.07489473684210526
CC(C)Nc(ncn1)c(c12)cc(S(=O)(=O)C(C)(C)C)c(c2)-c3cccnc3,-2.846,27,-0.10540740740740741
c1cc(F)ccc1-c(c2C)c(=O)n(CCC)c(c23)nc(nc3)NC(=O)Cn4cc[nH+]c4,-2.846,31,-0.09180645161290323
CN(C)[C@H](C)c1ncc(cn1)-c(cn2)c(n23)nc(cc3NC(C)(C)[NH3+])-c4cccc(F)c4,-2.846,32,-0.0889375
CN(C1)CC[C@H]1Nc2nc[nH+]c(c23)cc(c(c3)-c(cc4)ccc4OC)-c5cccc(c5)C(=O)OC(=O)N6CCCCC6,-2.845,42,-0.06773809523809524
c1cc(F)ccc1-c(c(o2)-c(cn3C)ccc3=O)c(c24)c(ncn4)NC5CCCCC5,-2.844,31,-0.09174193548387097
Cc1ccc(cc1)[C@H](C)Nc(nc[nH+]2)c(c23)ccc(c3)-c4cnn(c4)CC(=O)N(C)C,-2.843,31,-0.09170967741935483
c1ccccc1-c(c(c2)NCC)cc(c23)[nH+]cc(C#N)c3NC(C)C,-2.843,25,-0.11372
Clc(c1)cccc1[C@H](C)Nc(ncn2)c(c23)cc(-c4ccc(=O)n(c4)C(C)(C)O)c(c3)-c5ccc(=O)n(c5)CCN,-2.842,41,-0.06931707317073171
o1cccc1-c(c(=O)n2C)c(C)c(c23)cnc(n3)NC(=S)Nc4ccc(C(F)(F)F)cc4,-2.842,32,-0.0888125
CN(C)c1cccc(c1)-c(o2)c(-c3cccc(c3)CO)c(c24)c(ncn4)NC(C)(C)c5cccc(N)c5,-2.84,37,-0.07675675675675675
Cn1cc[nH+]c1-c(o2)c(-c(cc3OC)ccc3OC)c(c24)c(ncn4)NC(=O)c5ccc(C)cc5C,-2.836,36,-0.07877777777777778
CC(=O)Nc(c1)cccc1Oc(c(c2)OC)cc(c23)c(nc[nH+]3)N[C@H](C)[C@H](O)c4cccc(C)c4,-2.835,35,-0.081
Cc1cccc(c1)[C@H](C)Nc(ncn2)c(c23)c(-c4ccc(C)[nH]c4=O)cc(c3)-c5ccc(nc5)C(=O)N(C)C,-2.833,39,-0.07264102564102565
Cc1ccc(nc1)-c(c2)c(-c3ccc(C(=O)N)cc3)cc(c24)n(C)c([nH+]4)N5CCOCC5,-2.833,32,-0.08853125
C[NH+](C)CCNc(ncn1)c(c12)c(-c3ccccn3)c(o2)-c4cccc(c4)CN,-2.833,29,-0.0976896551724138
c1ccccc1Nc(ncn2)c(c23)c(-c(cc4OC)ccc4OC)c(o3)-c5ccc(C(=O)N(C)C)c(OC)cc5=O,-2.831,41,-0.06904878048780488
CN(C)C(=O)c(cc1)ccc1-c(c(c2)C(C)C)cc(c23)c(nc[nH+]3)N[C@H](C)c4cc(O)cc(C(F)(F)F)c4,-2.831,38,-0.0745
C1COCCN1c([nH+]2)n(C)c(c23)cc(-c4ccnccc4=O)c(c3)-c5ccccc5C[NH3+],-2.831,32,-0.08846875
Cc1ccc(cc1)-c(o2)c(-c3cccc(C)c3)c(c24)c(ncn4)NCC[C@H](O)N(C)c5cc(C)cc(C(F)(F)F)c5,-2.831,41,-0.06904878048780488
c1cccc(c12)CC=CC(=C2)c(cn3)c(n34)nc(-c(c5)cccc5F)nc4NCCC[NH+]6CCOCC6,-2.83,37,-0.07648648648648648
CC(=O)NC(=O)Cc1cc(ccn1)-c(cc2)cc(c23)[nH+]cnc3NC(C)C,-2.829,27,-0.10477777777777779
COc1cc(OC)cc(c1)-c(c(o2)-c3ccccc3)c(c24)c(ncn4)NC(C)(C)C5CC5,-2.828,32,-0.088375
FC(F)(F)c(c(N)c1)ccc1[C@H](C)Nc(n2)c(nc(nc3)NC4CC4)c3c(c25)ccc(c5)-c6ccn(C)c(=O)c6,-2.825,40,-0.07062500000000001
NC(=O)c(cn1)ccc1-c(c(c2)NC)cc(c23)[nH+]cc(C#N)c3NC,-2.825,25,-0.113
CC(=O)Nc1cccc(c1)-c(cc(c2)-c3cn(C)c(=O)cn3)c(c24)c(nc[nH+]4)NC[C@H](O)c5ccc(C)cc5,-2.825,39,-0.07243589743589744
Cc1ccc(cc1C)[NH2+][C@H](C)Nc(ncn2)c(c23)ccc(c3)-c4cncnc4N5CCCCC5,-2.825,34,-0.08308823529411766
Cc1ccc(cc1)-c(c2)c(-c3ccccc3)cc(c24)[nH+]c(n4C)N5CCOCC5,-2.823,29,-0.0973448275862069
CCc1ccc(cc1)-c(cc2)cc(c23)c(-c4cc(on4)OC)nc(n3)-c5cccc(n5)CN,-2.822,33,-0.08551515151515152
Cc1ccccc1[C@H](C)Nc(nc2)nc(c23)c(-c4ccc(N(C)C)cc4)cc(c3)[C@@H]5CCN(C5)c6cccc[nH+]6,-2.822,40,-0.07055
Cc1cn(C)c(n1)-c(c2)c(S(=O)(=O)C(C)(C)C)cc(c23)c(ncn3)N[C@H](C)c4cc(N)cc(C(F)(F)F)c4,-2.822,38,-0.07426315789473685
OC[C@@]1(O)[C@@H](O)CN(C1)[C@H](C)c(nc(c23)n(cn3)C)nc2N[C@@H]4CCN(C4=O)c5ccccc5,-2.822,34,-0.083
CCCNc(nc(n1)NC)c(c12)nc(cc2)-c3cccc(c3)OC,-2.82,24,-0.1175
Cc1[nH+]ccn1-c(c2)c(-c3cccs3)nc(c24)nc(nc4)N[C@H](CO)c5cc(N)ccc5C(F)(F)F,-2.818,36,-0.07827777777777778
Cc1cccc(c1)-c(c2)c(-c3ccc(C(=O)[O-])cc3)cc(c24)n(C)c([nH+]4)N5CCOCC5,-2.818,32,-0.0880625
Cn1c(=O)cccc1-c(c(c2)NC)cc(c23)[nH+]cc(C#N)c3NCCO,-2.815,26,-0.10826923076923077
C[C@H](O)c1ccccc1-c(cnc2-c(no3)nc3C)c(n2)N[C@H](C)c4cc(N)cc(C(F)(F)F)c4,-2.815,35,-0.08042857142857143
CCc1ccc(c(C)[nH+]1)-c(c2)c(-c3ccc(cc3)CC(=O)N)cc(c24)ncnc4NC(C)C,-2.813,33,-0.08524242424242424
C[C@@H]1CCCN(C1)Cc2ccnc(c2)[C@H](C)Nc(c(c34)cccc4)nc(n3)-c5cccc(C(F)(F)F)c5,-2.812,37,-0.076
CNC(=O)c1ccc(cc1)Nc(c(C#N)cn2)c(c23)cc(c(c3)-c4ccc(=O)n(C)c4)N[C@H](C)c5cccc(C)c5,-2.809,41,-0.06851219512195122
Cc1ccc(C(=O)N)cc1-c(c2)c(-c3ccc(F)cc3)cc(c24)n(C)c([nH+]4)N5CCOCC5,-2.804,33,-0.08496969696969696
COc1ccc(OC)c(c1)-c(c(o2)-c3ccc(=O)n(C)c3)c(c24)c(ncn4)NC(=O)c5cc(C)cc(C)c5,-2.801,38,-0.07371052631578948
Fc1ccccc1-c(c(c2)OC)cc(c23)ncc4c3cc([nH+]c4N)-c5ccccn5,-2.799,30,-0.0933
Cc1cccc(c1)CN2CCC[C@@H](C2)Nc3nc(-c4ccncc4)ncc3-c5cccc(n5)N,-2.798,34,-0.08229411764705882
COc1ccccc1-c(c2)c(-c3ccc(C)cc3C(=O)N)cc(c24)nc(n4C)N5CCOCC5,-2.798,34,-0.08229411764705882
Cn1c(=O)cccc1-c(c2)cc(-c(c3CN=O)cccc3OC)c(c24)c(ncn4)N[C@H](C)c5cccc(C)c5,-2.797,39,-0.07171794871794872
CCCNc(n1)c(C(=O)N)c(n12)nc(-c(c[nH+]c3)c(c34)cccc4)cc2-c5ccccc5F,-2.796,33,-0.08472727272727272
COc1cc(OC)cc(c1)-c(c(o2)-c3ccncc3)c(c24)c(ncn4)N[C@H](C)c5ccc(N)cc5C(F)(F)F,-2.795,39,-0.07166666666666667
n1ccccc1-c2cnc(-c3cccnc3)nc2NCc4cccc(c4)[NH+]5CCCCC5,-2.795,32,-0.08734375
Oc1ccccc1-c(c2)c(-c3ccccc3)cc(c24)ncnc4N[C@@H]5CCOC5,-2.792,29,-0.09627586206896552
COc1ccc(cc1C(F)(F)F)[C@H](C)Nc(ncn2)c(c23)c(-c4ccn(n4)C)c(o3)-c5ccccc5C,-2.792,37,-0.07545945945945945
COc1cccc(c1)C(C)(C)Nc(ncn2)c(c23)c(-c4ccc(C)cc4)c(o3)-c5csc(c5)CN(C)C,-2.792,37,-0.07545945945945945
COc1ccc(cc1)-c(o2)c(-c3cn(C)nc3C)c(c24)c(ncn4)N[C@H](C)c(cc5)cc(c56)C[N@H+](C(C)C)CC6,-2.79,40,-0.06975
Cn1ccnc1-c2cc(-c(ccc3=O)cn3CC)cc(c24)ncnc4N[C@H](C)c5cc(N)cc(C(F)(F)F)c5,-2.79,39,-0.07153846153846154
c1cc(F)ccc1-c(cc2C)nc(n2)NCCN3CCN(CC3)CCn4ccnc4,-2.79,30,-0.093
CC[N@H+]1CC[C@@H](CC1)[C@H](C)Nc(ncn2)c(c23)cc(c(c3)-c4ccnn4C)-c5ccc(cc5)CN(C)C,-2.79,37,-0.07540540540540541
CCc1ccc(cc1)-c(c2)c(S(=O)(=O)C(C)(C)C)cc(c23)c(ncn3)N[C@H](C)c4ccc(N)cc4,-2.789,35,-0.07968571428571429
C1COCCN1c(n2)n(C)c(c23)cc(-c4ccc(cc4)[C@H](O)C(=O)N)c(c3)-c5ccccc5CN,-2.789,35,-0.07968571428571429
CN(C)C(=O)c(nc1)ncc1-n2c(=O)c(-c3cncc(=O)n3C)c(C)c(c24)cnc(n4)NCC[NH+]5CCCCC5,-2.788,40,-0.0697
OC(F)(F)c(c1)cccc1[C@@H](C)Nc(cc(c23)c(c(C#N)cn2)NCC)c(c3)-c4cccc(c4)CN5CCCC5,-2.788,40,-0.0697
CC(C)CNc1nc(NCC)[nH+]c(c12)ccc(n2)-c3cccc(c3)[NH2+]C(C)C,-2.787,28,-0.09953571428571428
NS(=O)(=O)c(c1)cccc1-c(c(c2)N[C@@H](C)COC)cc(c23)[nH+]cc(C#N)c3NC(C)C,-2.786,32,-0.0870625
C1COCCN1c([nH+]2)n(C)c(c23)cc(-c4cccoc4=O)c(c3)-c5ccc(F)cc5,-2.786,30,-0.09286666666666667
C1CCC[NH+]1[C@@H](O)CNc([nH+]c2NC)ncc2-c3cnccn3,-2.786,23,-0.1211304347826087
COc1nccnc1-c2cnc(-c3ccccc3)nc2N[C@H](C)c4cc(N)cc(c4)CC(F)(F)F,-2.785,35,-0.07957142857142857
Cn(n1)ccc1-c(c2)nc(c(c23)nccn3)N[C@@H](CCOC)[C@@H]4COCC[N@H+]4Cc5ccccc5,-2.784,35,-0.07954285714285714
Cc(c1)c(C)ccc1-c(c2)nc(c(c23)nccn3)N[C@@H](CCOC)[C@@H]4COCCN4Cc5ccccc5,-2.784,37,-0.07524324324324323
OCC(=O)Nc(n1)ncc(c12)cc(-c(cc3)ccc3OCC)cc2-c4cc(nn4C)COC(=O)C(F)(F)F,-2.782,38,-0.07321052631578948
Fc1ccccc1-c(c(c23)c(ncn2)NC(C)C)cc(c3)-c4ccc(C(=O)[O-])nc4,-2.781,30,-0.0927
C1COCCN1c([nH+]2)n(C)c(c23)cc(c(c3)-c4ccccn4)-c5ccc(C(F)(F)F)cc5,-2.781,32,-0.08690625
CNC(=O)c1ccc(cc1)-c(c2)c(-c3ccc(C)cc3)cc(c24)n(C)c([nH+]4)N5CCOCC5,-2.78,33,-0.08424242424242423
CC(C)c(cc1)ccc1-c(c2)c(cc(c23)c(NC)c(C#N)c[nH+]3)N[C@H](C)c4ccccc4,-2.78,32,-0.086875
Cc1ccc(cc1)-c(c2)c(S(=O)(=O)C(C)(C)C)cc(c23)c(ncn3)N[C@H](C)c4cc([NH+](C)C)ccc4C,-2.78,37,-0.07513513513513513
Cc(c1)cccc1[C@@H](C)Nc(nc2)nc(c23)c(-c(n4CC)cccc4=O)cc(c3)-c5ccc(cc5)OCCC(=O)N,-2.778,41,-0.06775609756097561
Cc1ccc(cc1)[C@H](C)Nc2nc(-c3cccnc3)ncc2-c4cccnc4CC(=O)N(C)C,-2.778,34,-0.08170588235294118
c1cc(O)ccc1-c2nc(-c(c3)cccc3[C@H](C)N)nc(c24)ccc(c4)-c5cccnc5,-2.777,32,-0.08678125
Cc1cc(C)c(c(C)c1)[C@H](CO)Nc(n2)c(nc(nc3)NC4CC4)c3c(c25)ccc(c5)-c6cccc(c6)C(=O)N(C)C,-2.776,42,-0.0660952380952381
Cc1cnccc1-c(c2)c(S(=O)(=O)C(C)(C)C)cc(c23)c(ncn3)N[C@H](C)c4ccc(C(F)(F)F)cc4,-2.776,37,-0.07502702702702702
Cc1ccc(cc1)-c(c2)c(-c3ccc(F)cc3)cc(c24)nc(n4C)N5CCOCC5,-2.774,30,-0.09246666666666667
CC(C)(N)c(c1)cccc1[C@@H](C)Nc2nc(NCC)[nH+]c(c23)ccc(n3)-c4cccc(c4)NC(C)C,-2.773,36,-0.07702777777777778
COc1ccccc1-c(c2)c(cc(c23)c(c(cn3)C#N)NC(=O)C)N[C@H](CO)c4cccc(C)c4,-2.771,35,-0.07917142857142857
NCc1ccccc1-c(c(c2)-c(cc3C)nc(n3)C)cc(c24)nc(n4C)N5CCOCC5,-2.77,32,-0.0865625
CN(C)C(=O)n(c1)ccc1-c(o2)c(-c(cc3OC)ccc3OC)c(c24)c(ncn4)N[C@H](C)c5ccc(C)cc5,-2.77,39,-0.07102564102564103
c1cc(Cl)ccc1[C@@H](C)Nc(cc(c23)c(c(C#N)cn2)NC(C)C)c(c3)-c4cccc(c4)CO,-2.768,34,-0.08141176470588235
O=C([O-])c1ccccc1-c(c(c2)-c(cc3)ccc3OC)cc(c24)oc(n4)N5CCOCC5,-2.766,32,-0.0864375
COc1ccccc1-c(c2)c(-c3cccnc3)cc(c24)[nH+]c(n4C)N5CCOCC5,-2.766,30,-0.0922
c1cc(F)ccc1-c(c(c2)NCCC)cc(c23)[nH+]cc(C#N)c3NCc4cccc(c4)NC(=O)C,-2.766,35,-0.07902857142857143
CN(C)Cc(c1)cccc1-c2cc(-c(c[nH+]c3C)n3CC(=O)N(C)C)cc(c24)ncnc4N[C@H](C)c5ccc(C(F)(F)F)cc5N,-2.764,46,-0.06008695652173913
COc1ccc(c(C)c1)-c(c2)c(-c3ccc(C(F)(F)F)cc3)cc(c24)n(C)c([nH+]4)N5CCOCC5,-2.763,35,-0.07894285714285713
CN(C)c1ccc(cc1OC)-c(c2)c(-c3ccccc3)cc(c24)n(C)c(n4)N5CCOCC5,-2.762,33,-0.0836969696969697
Fc(c1)c(F)ccc1-c(cc2C)nc(n2)NCCN3CCN(CC3)CCn4ccnc4,-2.761,31,-0.08906451612903227
CN(C)c1cccc(c1)Cc(c2)c(-c3ccccc3)cc(c24)[nH+]c(n4C)N5CCOCC5,-2.76,32,-0.08625
Fc1ccccc1-c(c(c23)c(ncn2)NC(C)(C)C)cc(c3)-c4ccc(O)c(c4)C[C@H](O)N5CCCCC5,-2.76,38,-0.07263157894736842
CC(=O)N(C)c1cccc(c1)-c(c2)c(-c3ccccc3Cl)cc(c24)oc(n4)N5CCOCC5,-2.758,33,-0.08357575757575758
CCn1nc(C)c(c1C)-c(nc2NC)[nH+]c(c23)cccc3,-2.758,21,-0.13133333333333333
C[C@@H]1CCC[N@@H+](C1)Cc2ccnc(c2)[C@H](C)Nc(c(c34)cccc4)nc([nH+]3)-c5ccccc5F,-2.758,34,-0.08111764705882353
CC(C)(O)Oc(c1)cccc1-c(c(c2)NC(C)C)cc(c23)[nH+]cc(C#N)c3NC(C)C,-2.757,31,-0.08893548387096775
Cc1conc1-c(c(c2)OC)cc(c23)c(nc[nH+]3)N[C@H](C)[C@@](C)(O)Nc4ccc(C(F)(F)F)cc4,-2.757,35,-0.07877142857142858
COC(=O)c1ccc(cc1)NC(=O)CNc(ncn2)c(c23)cc(S(=O)(=O)C(C)(C)C)c(c3)-c4cc(C)ccc4C(=O)N,-2.756,42,-0.06561904761904762
FC(F)(F)c(c1)cc(C[NH3+])cc1[C@H](C)Nc(ncn2)c(c23)ccc(c3)-c(n4)n(C[C@H](F)N(C)C)c(c45)c[nH+]cc5,-2.756,40,-0.06889999999999999
Cc1ccc(C)c(c1)N2CCC(CC2)Nc(c(c34)ncn4C)nc(n3)-c5[nH+]c(C)cn5C,-2.754,32,-0.0860625
Cn(c1)c(=O)ccc1-c(c(c2)OC)cc(c23)ncc(C#N)c3N[C@H](C)c4ccc(cc4)[C@H](C)OC,-2.752,35,-0.07862857142857142
Cc1ccc(cc1C)[NH2+][C@H](C)Nc(ncn2)c(c23)ccc(c3)-c4ccc(o4)C(=O)Nc5ncccc5C,-2.75,37,-0.07432432432432433
CN(C)c([nH+]c1)ccc1-c(o2)c(-c(cc3)ccc3C)c(c24)c(ncn4)N[C@H](C)Nc5cc(N)cc(C(F)(F)F)c5,-2.749,40,-0.06872500000000001
COc1cccc(c1)N[C@H](O)Nc(ncn2)c(c23)cc(S(=O)(=O)C(C)(C)C)c(c3)-c4ccc(C)cc4,-2.743,36,-0.07619444444444444
CC[N@H+]1CC[C@@H](CC1)[C@H](C)Nc(nc[nH+]2)c(c23)cc(-c4ccncc4)c(c3)-c5c(C)noc5C,-2.743,34,-0.0806764705882353
COC(=O)c1cncc(c1)-c(n2)c(-c3ccc(C)n3C)cc(c24)cnc(n4)NC[C@H](C)N5CCCC5,-2.743,36,-0.07619444444444444
c1cc(Cl)ccc1C(=O)[N-]c(nc(n2)-c3cccs3)n(c24)ncc4-c5ccncc5,-2.742,30,-0.0914
Cc1nc(C)sc1-c(cc2C)nc(n2)NCCN3CC[NH+](CC3)CCn4ccnc4,-2.741,30,-0.09136666666666667
COc(c1)cccc1-c(c2C)c(=O)n(CC)c(c23)nc(nc3)NC(=O)Nc4cccc(C(F)(F)F)c4,-2.74,36,-0.07611111111111112
C[C@@H]1CN(C1=O)C(=O)c2cccc(c2)-c(c3)c(-c4cccc(F)c4)cc(c35)[nH+]c(n5C)N6CCOCC6,-2.74,37,-0.07405405405405406
Fc1ccccc1-c2cc(-c(cc[nH+]3)cc3CNC(=O)C)cc(c24)ncnc4N[C@H](C)c5cc(N)cc(C(F)(F)F)c5,-2.739,42,-0.06521428571428571
CN(C)Cc1cc(c(Cl)cn1)-c(c2)c(-c3ccccc3O)cc(c24)ncnc4N[C@@H]5CCOC5,-2.739,34,-0.08055882352941177
Clc1ccccc1-c(c2)nc(c(c23)nccn3)N[C@@H](CCOC)[C@@H]4COCC[N@H+]4Cc5ccccc5,-2.737,36,-0.07602777777777778
Cn1cccc1-c2cc(C)nc(n23)c(C(=O)N)c(n3)N[C@H](C)c4ccc([NH3+])cc4,-2.736,29,-0.09434482758620691
C1[NH2+]CC[C@H]1Nc2nc(-c(cc3)ccc3NC)nc(n24)c(cn4)-c5ccccc5,-2.732,29,-0.09420689655172415
COc1ccc(cc1)[C@H](O)CNc(ncn2)c(c23)c(-c4ccc(F)cc4)c(o3)-c(c[nH+]5)n(c56)cccc6,-2.731,37,-0.07381081081081081
CN(C)C(=O)Cn(n1)ccc1-c(c2)cc(-c(c3)cccc3NC(=O)C)c(c24)c(ncn4)NC[C@H](O)c5cccc(C)c5,-2.73,42,-0.065
C[NH2+][C@H](C)CNc(nc[nH+]1)c(c12)c(-c3ccc(OC)cc3)cc(c2)-c4cccc(c4)COC,-2.73,33,-0.08272727272727273
CN(C)C(=O)c(nc1)ccc1-c(c(c2)OC)cc(c23)ncc(C#N)c3N[C@H](C)c4cccc(C)c4,-2.729,35,-0.07797142857142858
CN(C)C(=O)c1cccc(c1)-c(c2)c(-c3ccc(F)cc3)cc(c24)[nH+]c(n4C)N5CCOCC5,-2.728,34,-0.08023529411764707
OCCNc(n1)ncc(c12)c(C)c(-c3cccc(c3)C(=O)N)c(=O)n2[C@H](C)c4cc(CN)cc(C(F)(F)F)c4,-2.726,39,-0.0698974358974359
COc(c1)c(OC)cc(c12)c(nc[nH+]2)NCCC(=O)Nc3ccc(C)cc3,-2.725,27,-0.10092592592592593
CC(C)[C@H](O)[NH+]1CCN(CC1)[C@H](C)CNc(nc2)nc(c23)nc(-c4ccccc4)c(c3)-c5cccc(=O)n5C,-2.724,39,-0.06984615384615385
C1COCCN1c([nH+]2)n(C)c(c23)cc(-c4ccc(C(=O)N)nc4)c(c3)-c5ccc(F)cc5,-2.722,32,-0.0850625
CN(C)C(=O)c(c1)cccc1-c(c(c2)OC)cc(c23)[nH+]cc(C#N)c3N[C@H](C)CO,-2.722,30,-0.09073333333333333
FC(F)(F)c(cc1)ccc1[C@H](C)Nc(ncn2)c(c23)c(-c4ccncc4)cc(c3)-c5ccnc(=O)n5C,-2.721,37,-0.07354054054054054
COc1ccccc1-c(cc(c2)-c3cnn(C)c3)c(c24)c(ncn4)N[C@H](C)c5cccc(C(F)(F)F)c5,-2.72,37,-0.07351351351351351
CCN(C(=O)[O-])c1ccc(cc1)-c(c2)c(-c3ccccc3)cc(c24)nc(n4C)N5CCOCC5,-2.719,34,-0.07997058823529411
c1ccccc1-c2cc(-c(ncc3C)cc3C(=O)N(C)CC)cc(c24)ncnc4NC5CCCC5,-2.719,35,-0.07768571428571429
FC(F)(F)c(cc1)ccc1[C@H](C)Nc(ncn2)c(c23)c(-c4ccccc4F)cc(c3)-c5ccc(Br)cc5,-2.717,37,-0.07343243243243243
Cn1c[nH+]cc1-c2cc(-c(cc3C(=O)[O-])ccc3OC)cc(c24)cnc(n4)NCc5cccc(c5)C(F)(F)CO,-2.717,40,-0.067925
COc1ccc(cc1)CNc2nc(NC(=O)Nc3ccc(C(F)(F)F)cc3)ncc2-c4ccccc4OC,-2.716,38,-0.07147368421052631
CCCn1ncc(c1C)-c(c2)c(OC)cc(c23)c(c(cn3)C#N)[N-][N@H+](CC)CC(C)C,-2.716,31,-0.08761290322580646
CCn1cc(c(n1)C)-c2cnc(-c3cnccn3)nc2N[C@H](C)c4ccccc4,-2.716,29,-0.0936551724137931
CN(C)C(=O)C(=O)c(c1)cccc1-c(c(c2)-c(c3)cccc3C)cc(c24)n(C)c([nH+]4)N5CCOCC5,-2.716,36,-0.07544444444444445
CCNC(=O)Nc(c(C#N)cn1)c(c12)cc(NC(C)(C)O)c(c2)-c3ccc(N(C)C)[nH+]c3,-2.715,32,-0.08484375
COc1cccc(c1)[C@H](C)Nc(nc2)nc(c23)n(-c4ccccc4)c(=O)c(c3C)-c5ccc(C(=O)N)cc5,-2.714,38,-0.07142105263157894
CN(C)[C@H](O)c1ccc(cc1)-c(cn2)c(n23)nc(-c4cccc(F)c4)cc3N[C@@H]5CCC[NH2+]C5,-2.713,34,-0.07979411764705882
CCn1cc[nH+]c1-c(nc(C)c2)c(c23)nc(nc3)N[C@@H]4CC[N@H+]4[C@@H]([C@@H](F)O)c5cccc(C)c5,-2.711,34,-0.07973529411764706
C1COCCN1c([nH+]2)n(C)c(c23)cc(c(c3)-c(cc4)cc(c45)nccc5)-c6cccc(c6)/C=N/C(=O)[O-],-2.711,37,-0.07327027027027026
Cc1ccc(c[nH+]1)-c(cn2)c(n23)nc(-c4ccccc4)nc3N[C@@H]5CCN(C)C5,-2.709,29,-0.09341379310344827
Cc1cccc(c1)CNc(nc[nH+]2)c(c23)cc(c(c3)-c4cccnc4)-c5ccc(nc5)C(=O)N6CCCOCC6,-2.709,40,-0.06772500000000001
C1CCCN1[C@H](C)CNc(nc2)nc(c23)nc(-c4cccs4)c(c3)-c5ccc(Cl)cc5,-2.708,31,-0.08735483870967743
CCCn1ccnc1-c(cc2)cc(c23)[nH+]cnc3NC,-2.708,20,-0.13540000000000002
COc1ccc(cc1)[C@H](C)Nc(nc[nH+]2)c(c23)ccc(c3)-c4ccc(F)cc4,-2.706,28,-0.09664285714285714
Cc1nc(cn1C)-c(cc2)cc(c23)c(-c4cnc(C)n4C)nc(n3)-c5ccccc5C(F)(F)F,-2.706,34,-0.07958823529411764
n1ccccc1-c(c2)cc(-c3[nH+]ccn3CC)c(c24)c(ncn4)NC[C@](C)(CO)c5cccc(C)c5,-2.706,36,-0.07516666666666666
CN(C)C[C@@H](O)c(nc1)ccc1-c(c(c2)OC)cc(c23)ncc4c3cc(nc4N)-c5ccc(F)cc5,-2.705,36,-0.0751388888888889
FC(F)(F)c(c1)cc(N)cc1[C@H](C)Nc(ncn2)c(c23)c(-c4ccc(C[NH3+])cc4)cc(c3)-c5cnc(=O)n(C)c5,-2.705,40,-0.067625
Cc(c1)cccc1-c(c2)c(cc(c23)c(c(C#N)cn3)NC(=O)C)N[C@H](C)c4cccc(C)c4,-2.704,33,-0.08193939393939395
C1COCCN1c([nH+]2)n(C)c(c23)cc(-c4ccc(C(F)(F)F)cc4)c(c3)-c5ccnc(c5)CC[NH3+],-2.704,35,-0.07725714285714286
CCCCN1CC[C@@H](C1)Nc2nc(NCc3ccccc3)[nH+]cc2-c4cccc(F)c4,-2.703,31,-0.08719354838709677
CO[C@H](C)Nc(ncn1)c(c12)cc(S(=O)(=O)C(C)(C)C)c(c2)-c3ccc(C)cc3,-2.699,29,-0.09306896551724138
O=C([O-])c(c1)cccc1-c(o2)c(-c(cc3)ccc3C)c(c24)c(ncn4)N[C@H](C)c5ccccc5,-2.697,34,-0.07932352941176471
Cc1ccc(C)c(c1)NC(=O)Nc(ncn2)c(c23)ccc(c3)-c4cnn(c4)CC(=O)N(C)C,-2.696,33,-0.0816969696969697
FC(F)(F)c(c1)cccc1N[C@@H](C)Nc(ncn2)c(c23)cc(S(=O)(=O)C(C)(C)C)c(c3)-c4cnc(o4)[C@@H]5CCC[NH2+]5,-2.696,41,-0.06575609756097561
COc1ncccc1-c(o2)c(-c(cc3)ccc3OC)c(c24)c(ncn4)N[C@H](C)c5ccc(C)cc5,-2.695,35,-0.077
Cc1ccccc1-c(cn2)c(n23)nc(-c(o4)cnc4CC)cc3NC(=O)N5CCC(CC5)c6ccccc6F,-2.693,39,-0.06905128205128205
Cc1cc[nH+]cc1-c2cc(-c(n3)ccn3C(=O)C(=O)NC)cc(c24)cnc(n4)N[C@@H]5CCOC5,-2.692,34,-0.07917647058823529
Cc1cccc(c1)[C@@]2(C)C[C@@H](CO2)Nc(nc[nH+]3)c(c34)ccc(c4)-c5cccc(n5)C(=O)N(C)C,-2.69,35,-0.07685714285714286
CC[N@H+]1CC[C@@H](CC1)[C@H](C)Nc(ncn2)c(c23)cc(c(c3)-c4ccccc4)-c5ccccc5CN(C)C,-2.687,37,-0.07262162162162161
COc1ccc(cc1)-c2cnc(-c3conc3C)nc2N[C@H](C)c4cccc(c4)NC(=O)C,-2.686,33,-0.0813939393939394
CN(C)c1ccccc1-c(c2)c(-c3ccccc3)cc(c24)n(C)c([nH+]4)N5CCOCC5,-2.686,31,-0.08664516129032258
Fc1ccccc1-c(c(c2)OC)cc(c23)ncc4c3cc(nc4N)-c5cccc[nH+]5,-2.685,30,-0.0895
NC(=O)c(cc1)ccc1-c(n2)ccc(c23)nc(NCC)nc3N[C@@H]([C@@H]4CCOC4)Nc5cc(C(F)(F)F)ccc5C,-2.681,41,-0.06539024390243903
C1COCCN1c([nH+]2)n(C)c(c23)cc(c(c3)-c4ccccn4)-c5ccc(C(=O)N)cc5,-2.68,31,-0.08645161290322581
COc1cccc(c1C(=O)NC(=O)C)-c(c2)c(-c3cc(Cl)ccc3C)cc(c24)nc(n4C)N5CCOCC5,-2.678,38,-0.07047368421052631
O=c(c1)n(C)ccc1-c(c2)cc(-c(cn3)ccc3C)c(c24)c(ncn4)N[C@H](C)c5ccc(C(F)(F)F)c(N)c5,-2.677,39,-0.06864102564102564
c1[nH+]c(C)ccc1-c2cc(-c(cn3)cn3CC)cc(c24)ncnc4NC[C@H](C)[NH3+],-2.677,29,-0.09231034482758621
CC(=O)Nc1cccc(c1)CNc(c(C#N)c[nH+]2)c(c23)cc(NCCO)c(c3)-c4ccncc4,-2.675,34,-0.07867647058823529
C1COCCN1c(cc2)ccc2[C@H](C)Nc(ncn3)c(c34)ccc(c4)-c5nccnc5CN6CCCC6,-2.675,37,-0.0722972972972973
COc1cccnc1-c(c(c23)c(nc[nH+]3)NCCO)cc(c2)-c4cccc(c4)C(=O)N,-2.673,31,-0.0862258064516129
Cc1ccc(cc1C)-c(cn2)c(n23)nc(-c4ccc(N)cc4C)cc3NC(=O)c5cc(N)cc(C(F)(F)F)c5,-2.672,39,-0.06851282051282051
c1cc(F)ccc1N2C[C@H](CC2=O)Cc(c3)c(-c4ccccc4Br)cc(c35)nc(o5)N6CCOCC6,-2.671,36,-0.07419444444444444
C1COCCN1c(cc2)ccc2[C@H](C)Nc(ncn3)c(c34)ccc(c4)-c5cn(C)nn5,-2.669,31,-0.08609677419354839
C[NH+](C)Cc1cccc(c1)-c(c2)c(-c3ccccc3)cc(c24)n(C)c([nH+]4)N5CCOCC5,-2.669,32,-0.08340625
N#Cc(cn1)c(NC)c(c12)cc(NCCO)c(c2)-c3ccc(N(C)C)cc3,-2.668,27,-0.09881481481481481
CCNc(n1)nc(NCCC)c(c12)nc(cc2)-c3cccc(Cl)c3,-2.668,24,-0.11116666666666668
C1CCCCN1C(=O)COc2ccc(nc2)-c(cc3)cc(c34)c(-c5ccncc5)nc(n4)-c6ccoc6,-2.667,37,-0.07208108108108108
OC[C@@H](C)Nc(n1)nc(NC(C)C)c(c12)nc(cc2)-c3cccnc3,-2.666,25,-0.10664
c1nc(C)ccc1-c2cc(-c(cc3)ccc3C(=C)C(=O)N)cc(c24)ncnc4NC(C)(C)c5ccccc5,-2.664,38,-0.07010526315789474
Cn1ccc(c1)-c(cc2)cc(c23)c(-c4nccn4C)nc(n3)-c5[nH+]ccn5C,-2.664,28,-0.09514285714285715
CC#CC[N-]c(n1)c(C(=O)N)c(n12)nc(-c3cccc(F)c3)cc2-c4ccc(Cl)cc4,-2.663,31,-0.08590322580645161
Cc1ccccc1[C@H](C)Nc2nc(-c3c(C)noc3C)ncc2-c4cccc(n4)C(=O)N,-2.663,32,-0.08321875
COc1ccc(cc1)-c(c2)c(-c3ccnc(N)c3)cc(c24)n(C)c([nH+]4)N5CCOCC5,-2.663,31,-0.08590322580645161
CC(C)Nc(nc[nH+]1)c(c12)cc(-c3cccnc3)c(c2)-c4cccc(C(=O)[O-])c4,-2.659,29,-0.09168965517241379
CN(C)c1ccc(cc1OC)-c(c2)c(-c3ccccc3)cc(c24)n(C)c([nH+]4)N5CCOCC5,-2.658,33,-0.08054545454545455
CN(C)C(=O)c(cc1)ccc1-c(c(c2)-c(cc3)ccc3C)cc(c24)n(C)c([nH+]4)N5CCOCC5,-2.658,34,-0.07817647058823529
COc1ccccc1-c(c2)c(OC)cc(c23)c4c(cn3)c(N)nc(c4)-c5ccc(CN)nc5,-2.658,33,-0.08054545454545455
Cc1ccccc1-c(c2)c(-c3ccccc3)cc(c24)n(C)c([nH+]4)N5CCOCC5,-2.657,29,-0.09162068965517242
CCc1cccc(c1)[C@H](C)Nc(ncn2)c(c23)c(cc(c3)-c4ccccc4F)-c5ccccc5C(=O)N,-2.657,37,-0.07181081081081081
C[N@H+]1CCC[C@@H]1C[N-]c(n2)c(C(=O)N)c(n23)nc(-c4ccncc4)cc3-c5cccnc5,-2.657,32,-0.08303125
C1COCCN1c([nH+]2)n(C)c(c23)cc(-c4ccc(C(=O)N)cc4)c(c3)-c5ccccc5,-2.656,31,-0.08567741935483872
Cc(c1)cccc1-c(cnc2NC)c([nH+]2)NCc(cn3CC(=O)C)c(c34)cccc4,-2.656,30,-0.08853333333333334
n1cnc(NC)c(c12)cc(S(=O)(=O)C(C)(C)C)c(c2)-c3ccc(cc3)C(=O)N(C)C,-2.654,30,-0.08846666666666667
Cc1nc(co1)-c(cn2)c(n23)nc(-c4ccc(F)cc4)nc3[N-]C(=O)c5ccc(cc5)N6CCC[C@@H]6O,-2.653,37,-0.07170270270270271
Fc1ccccc1-c2cc(-c3cccnc3OC)cc(c24)ncnc4N[C@H](C)c5cc(C)ccc5[NH+](C)C,-2.652,38,-0.06978947368421053
c1cccc(c12)OC(=C/C(=O)[N-]C2=O)\c(c(c3)OC)cc(c34)ncc5c4cc(nc5N)-c6ncncc6C,-2.652,38,-0.06978947368421053
COc1ccccc1-c(cc(c2)-c3ccnc(C)c3)c(c24)c(ncn4)N[C@H](C)c5cccc(C)c5,-2.649,35,-0.07568571428571429
c1ncccc1-c(cc2C)nc(n2)N[C@H](C)c3ccnc(c3)N(C4)CCCC4(F)F,-2.646,30,-0.0882
COc1cc(OC)cc(c1)-c(c(o2)-c3ccnnc3)c(c24)c(ncn4)N[C@H](C)c5cc(C)cc(C)c5,-2.645,36,-0.07347222222222222
Cc1cc([NH3+])ccc1[C@H](C)Nc(n2)c(nc(nc3)NC4CC4)c3c(c25)ccc(c5)-c6cccc(=O)nc6,-2.644,37,-0.07145945945945946
C[NH+](C)CCC(=O)Nc1cc(-c(cc2)ccc2C)nc(n13)c(cn3)-c4ccc[nH+]c4C,-2.643,31,-0.08525806451612902
[O-]c1cscc1-c(n2)cc(nc2C)Nc3ncc(s3)-c4ccncc4,-2.642,25,-0.10568
n1cccnc1-c(cc2C)nc(n2)NC(=O)N3CC[C@@H](C3)c(c[nH+]4)cc(c45)cccc5,-2.64,31,-0.08516129032258064
CC[N@H+]1CC[C@@H](CC1)[C@H](C)Nc(ncn2)c(c23)cc(c(c3)-c(c[nH+]4)n(c45)cccc5)-c6cccc(c6)C(=O)Oc7ccc(C)cc7,-2.64,46,-0.05739130434782609
c1ccccc1[C@@H](C)[C@H](CO)Nc(nc[nH+]2)c(c23)ccc(c3)-c4ccn(n4)CC[NH+](C)C,-2.639,32,-0.08246875
COc1cccc(c1C(=O)NC(=O)C)-c(c2)c(-c3ccc(C(F)(F)F)cc3)cc(c24)nc(n4C)N5CCOCC5,-2.639,40,-0.06597499999999999
C[NH+](C)CCNc(nc1)nc(c12)nc(-c3ccccc3Cl)c(c2)-c4ccc(cc4)N5CC[NH2+]CC5,-2.638,35,-0.07537142857142858
c1ccccc1-c2cc(-c(ncc3C)cc3C(=O)N(C)CC)cc(c24)ncnc4N[C@H](C)c5cccc(Cl)c5,-2.637,39,-0.06761538461538462
Cc1ccc(cc1C)-c(c2)c(-c3ccccc3)cc(c24)c(nc[nH+]4)N[C@@H]5CCOC5,-2.635,30,-0.08783333333333333
[nH+]1ccccc1-c(c(c23)c(NC)ncn2)c(o3)-c4cccc(C(F)(F)F)c4,-2.635,27,-0.09759259259259258
Cc1ccc(cc1)-c(cc2)cc(c23)c(-c4cccc(C(=O)[O-])c4)nc(n3)-c5cn(C)c(C)[nH+]5,-2.634,33,-0.07981818181818182
c1ccccc1[C@H](C)Nc(c(C#N)c[nH+]2)c(c23)cc(NC4CCCC4)c(c3)-c5ccccc5,-2.631,33,-0.07972727272727272
FC(F)(F)c(c1)cccc1[C@H](C)Nc(ncn2)c(c23)cc(S(=O)(=O)C(C)(C)C)c(c3)-c4ccccc4,-2.629,36,-0.07302777777777777
Cc1ncn(CC[NH3+])c1-c(c2)c(-c3ccc(C(F)(F)F)cc3)cc(c24)n(C)c([nH+]4)N5CCOCC5,-2.628,35,-0.07508571428571428
Nc1ccc[nH+]c1/N=c2\nc(NCC(=O)NC)[n-]c(c23)ccc(n3)-c4cccc(c4)OC,-2.627,32,-0.08209375
CC[N@H+]1CC[C@@H](CC1)[C@H](C)Nc(ncn2)c(c23)cc(-c4cccc(C)[nH+]4)c(c3)-c5cc(F)ccc5F,-2.626,36,-0.07294444444444444
c1cnccc1-c(c(c2)OC)cc(c23)c(ncn3)N[C@H](C)[C@@](C)(O)Nc4ccc(C(F)(F)F)cc4,-2.626,35,-0.07502857142857143
COc1ccc(nc1)-c(o2)c(-c3ccc(OC)c(c3)OC)c(c24)c(ncn4)NC[C@](C)(COC5)c(c56)cccc6,-2.626,40,-0.06565
NC(=O)c1cccc(c1)-c(c2)c(-c3ccc(cc3)[C@H](O)CO)cc(c24)[nH+]cnc4N[C@@H]5CCOC5,-2.625,35,-0.075
CC(=O)Nc1cccc(c1)-c(cc2-c3ccc(C)[nH+]c3)cc(c24)cnc(n4)NC(C)C,-2.625,31,-0.0846774193548387
c1ncccc1-c(c2)cc(-c(ccn3)cc3C(=O)N)c(c24)c(ncn4)NC5CCN(CC5)Cc6ccccc6,-2.624,39,-0.06728205128205128
CN(C)C(=O)c(cc1)ccc1-n2c(=O)c(-c3cncc(=O)n3C)c(C)c(c24)cnc(n4)NCC[NH+]5CCCCC5,-2.624,40,-0.0656
Cc1c[nH+]c(n1C)-c2nc(N[C@@H]3CCC[N@H+](C)C3)ncc2-c4ccccn4,-2.622,27,-0.0971111111111111
Cc1ccc(cc1C)-c(c2)c(NC(C)C)cc(c23)c(c(C#N)c[nH+]3)NCCO,-2.621,28,-0.09360714285714286
C1COCCN1c([nH+]2)n(C)c(c23)cc(-c4ccccc4)c(c3)-c5ccccc5C[NH3+],-2.621,30,-0.08736666666666666
CNc1c(C#N)c[nH+]c(c12)cc(c(c2)NCC)-c3ccc(cc3)N4CCCC4=O,-2.621,29,-0.09037931034482759
C[C@H](O)C(=O)NC(=O)c(cc1)ccc1-c(c(c2)-c(cc3)ccc3C)cc(c24)nc(n4C)N5CCOCC5,-2.62,37,-0.07081081081081081
CN(C)C(=O)c(n1)cccc1-c(c(c2)OC)cc(c23)ncc4c3cc(nc4N)-c5ccc(C)c(C)c5,-2.619,36,-0.07275000000000001
Nc(c1)cc(C)cc1-c(c2)c(cc(c23)c(c(C#N)cn3)NCC)N[C@H](C)c4cccc(c4)C(C)C,-2.618,35,-0.07479999999999999
CC[N@H+]1CC[C@@H](CC1)[C@H](C)Nc(ncn2)c(c23)cc(c(c3)-c4ccc(F)cc4)-c(cc5)cc(c56)ccnc6,-2.618,38,-0.06889473684210526
COC(=O)c1cccc(c1)NC(=O)CNc(nc[nH+]2)c(c23)ccc(c3)-c4cnccc4C,-2.615,32,-0.08171875
COc1ccccc1-c(n2)c(-c3cc[nH+]c(C)c3)cc(c24)cnc(n4)NC[C@H](C)[NH+]5CCCC5,-2.615,34,-0.07691176470588236
Cc(c1)cccc1[C@@H](C)Nc2nc(NC(=O)C)nc(c23)ccc(n3)-c4cccc(c4)[NH2+]C(C)C,-2.615,34,-0.07691176470588236
CC(=O)Nc1cccc(c1)-c(cc(c2)-c3ccc(Cl)cc3)c(c24)c(nc[nH+]4)NC[C@H](C)[C@H](O)CO,-2.613,35,-0.07465714285714285
COc(c1)c(OC)cc(c12)c(ncn2)NC(=O)Nc3cc(C(F)(F)F)cc(N)c3C(F)(F)F,-2.609,33,-0.07906060606060605
CCC[C@H]([NH3+])Nc(nc1)nc(c12)nc(-c3ccc(cc3)[C@H](O)[C@H](C)N(C)C)c(c2)-c4ccccc4OC,-2.608,37,-0.07048648648648649
Cn1cc[nH+]c1-c2nc(-c(cn3)ccc3C(=O)NC)nc(c24)ccc(c4)-c5ccccc5C,-2.606,33,-0.07896969696969697
C1CCCCC1c(n2)cncc2-n(c(=O)c(c3C)-c(c4)cccc4OC)c(c35)nc(nc5)N[C@H](C)c6ccc([NH3+])cc6,-2.605,42,-0.06202380952380952
FC(F)(F)c(c1)cc(N)cc1[C@@H](F)Nc(cc(c23)c(c(C#N)cn2)NCC)c(c3)-c4ccnn4C(=O)C(=O)N(C)C,-2.605,41,-0.06353658536585366
c1cc(F)ccc1-c(n2)cc(-c(n3C)cnc3C)n(c24)nc(c4C(=O)N)NCc5ccccc5,-2.604,34,-0.07658823529411765
CC(=O)Nc(ncn1)c(c12)cc(S(=O)(=O)C(C)(C)C)c(c2)-c3ccc(Cl)cc3,-2.603,28,-0.09296428571428572
Cc1ccc(C(F)(F)F)cc1NC(=O)Nc(nc2)nc(c23)n(-c4ncco4)c(=O)c(c3C)-c5cncc(=O)n5C,-2.601,40,-0.065025
c1cc(C)ccc1-c(c(c2)NCCC)cc(c23)[nH+]cc(C#N)c3NCc4cccc(c4)NC(=O)C,-2.6,35,-0.07428571428571429
COc1ccccc1-c(c2)c(-c3cccc([nH+]3)N(C)C)cc(c24)nc(o4)N5CCOCC5,-2.599,32,-0.08121875
c1ncccc1Nc(nc2NC)ncc2-c3[nH+]cc(C)n3C,-2.599,22,-0.11813636363636365
Cc1cnc(C)c(n1)Nc(c2)c(-c3ccc(=O)n(C)c3)cc(c24)[nH]cc(C#N)c\4=[NH+]\S(F)(F)(F)(C)c5ccc(N)cc5,-2.599,42,-0.061880952380952384
[NH3+]c1ccccc1[C@H](CCO)Nc(nc(n2)-c3cccc(F)c3)n(c24)ncc4-c5cccnc5,-2.599,34,-0.07644117647058823
O=C([O-])c(cc1)ccc1-c(c2)c(cc(c23)c(c(C#N)cn3)NCC)N[C@H](C)c4cccc(c4)CC,-2.597,35,-0.0742
OCC(=O)n1c(=O)cccc1-c(c(c2)-c(c3)cccc3OC)cc(c24)c(ncn4)N[C@@H]5CCN(C(=O)C)[C@@H]5C,-2.597,39,-0.0665897435897436
CC[N@H+]1CC[C@@H](CC1)[C@H](C)Nc(ncn2)c(c23)cc(c(c3)-c4ccc(F)cc4)-c(cc5)cc(c56)cc[nH+]c6,-2.596,38,-0.06831578947368422
CN(C)c(nc1)ccc1-c(c(c2)OC)cc(c23)ncc(C#N)c3N[C@H]([NH3+])c4cc(C)cc(C(F)(F)F)c4,-2.595,37,-0.07013513513513514
Cc1ccccc1-c(nc(n23)c(C(=O)N)c(n2)NC)cc3-c4cc[nH+]cc4,-2.595,27,-0.09611111111111112
COc1ccc(cc1)-c(c2)c(-c3cc[nH+]c(N)c3)cc(c24)n(C)c([nH+]4)N5CCOCC5,-2.594,31,-0.0836774193548387
CN(C)c(c1)nccc1-c(c(c2)OC)cc(c23)c(ncn3)N[C@H](F)c4ccc(N)cc4C(F)(F)F,-2.592,35,-0.07405714285714286
CCn1nccc1-c(cc2)cc(c23)[nH+]cnc3NC(C)C,-2.591,21,-0.1233809523809524
Cc1cccc(c1)-c(cc2)nc(c23)c(NCCO)nc(n3)NCC[NH+]4CCCCC4,-2.59,30,-0.08633333333333333
FC(F)(F)c1ccc(cc1)N2CCC[C@@H](C2)Nc(ncn3)c(c34)cc(c(c4)-c5ccncc5)[C@@H]6CC[N@H+](CC6)Cc7ccc(Cl)cc7,-2.588,47,-0.055063829787234043
Cc1cnc(C)c(n1)Nc(c2)c(-c3ccc(=O)n(C)c3)cc(c24)[nH+]cc(C#N)c4NS(F)(F)(F)(C)c5ccc(N)cc5,-2.588,42,-0.06161904761904762
Cn(c1)c(=O)ccc1-c(c2)cc(-c(cn3)ccc3C)c(c24)c(ncn4)N[C@H](C)c5ccc([C@H](C)O)cc5,-2.587,37,-0.06991891891891892
COC(=O)c1cccc(c1)NC(=O)CNc(ncn2)c(c23)ccc(c3)-c4ccc(OC)cc4,-2.587,33,-0.0783939393939394
Cn(c1)ccc1-c(c2)ccc(c23)nc(-c(ccn4)cc4NC(=O)C#CC)nc3-c5cnccc5C(=O)C[NH+](C)C,-2.585,40,-0.064625
CCn1nc(C)cc1-c(cc2)cc(c23)nc(N[C@H](C)c4cc([NH3+])cc(N)c4C)c5c3cnc(n5)NC6CC6,-2.582,38,-0.06794736842105263
Cc1cccc(c1)NC(=O)Nc(n2)c(C(=O)N)c(n23)nc(-c4cc[nH+]cc4)cc3-c5ccoc5,-2.58,34,-0.07588235294117647
c1cc(F)ccc1-c2cnc(nc2-c(cc3)ccc3C)NCC(=O)Nc4ccc(C)c(C)c4,-2.58,33,-0.07818181818181819
Cc(c1)c(C)ccc1CNc(nc[nH+]2)c(c23)c(-c(cn4)ccc4C)cc(c3)-c5cccc(c5)C(=O)N(C)C,-2.578,38,-0.06784210526315788
C[C@@H]1CCCN(C1)Cc2ccnc(c2)[C@H](C)Nc(c(c34)cccc4)nc(n3)-c5ccco5,-2.576,32,-0.0805
Cc(c1)cncc1-c(c(c2)OC)cc(c23)ncc(C#N)c3N[C@H](N)c4cc(C)cc(C(F)(F)F)c4,-2.574,35,-0.07354285714285713
O=c(c1)n(C)ncc1-c(c2)cc(-c(n3)ccnc3C(C)C)c(c24)c(ncn4)N[C@H](C)c5ccc(C(F)(F)F)cc5,-2.572,40,-0.0643
C1CC1Nc(nc2)nc(c(n3)N[C@H](C)CO)c2c(c34)ccc(c4)-c5ccc(Br)cc5,-2.567,30,-0.08556666666666667
FC(F)(F)c(c1)cccc1[C@H](C)Nc(ncn2)c(c23)cc(S(=O)(=O)C(C)(C)C)c(c3)-c4ccncc4,-2.565,36,-0.07125
Cn1cncc1Nc(ncn2)c(c23)c(c(o3)-c4ccsc4)-c5ccccc5,-2.564,27,-0.09496296296296297
Cc1cnc([C@H](C)[NH+](C)C)c(n1)-c(cc2N[C@H](C)CO)nc(n23)c(cn3)-c4cc([NH+](C)C)ccc4O,-2.561,36,-0.07113888888888889
COc1ccc(c(C)c1)-c(c2)c(-c3ccc(C(F)(F)F)cc3)cc(c24)n(C)c(n4)N5CCOCC5,-2.56,35,-0.07314285714285715
Cc1c(C)nncc1-c(cnc2NC)c([nH+]2)N[C@H](C)c3ccccc3,-2.559,25,-0.10236
CC(C)n1nccc1-c(c(c2)OC)cc(c23)ncc(C#N)c3N[C@H](C)c4ccc([NH3+])c(C)c4,-2.558,33,-0.07751515151515151
CC(=O)Nc1cccc(c1)CNc(c(C#N)c[nH+]2)c(c23)cc(c(c3)-c4ccc(Cl)cc4)NCc5cccc(F)c5,-2.558,40,-0.06394999999999999
COc1cccc(c1)-c(cc2)nc(c23)c(nc(n3)NCC[NH3+])Nc4cc[nH+]nc4,-2.552,29,-0.088
COc1ccc(cc1)-c(cn2)c(n23)nc(-c4ccco4)cc3NC[C@H](NC5CCC5)c6ccccc6,-2.549,36,-0.07080555555555555
OC[C@@H](O)c(n1)cccc1-c(c(c2)OC)cc(c23)ncc(C#N)c3[N-]C(=O)c4cccc(C(F)(F)F)c4,-2.546,37,-0.06881081081081081
c1ccccc1-c(c2C)c(=O)n(CC)c(c23)nc(nc3)NC(=O)Nc4cc(C)cc(C)c4,-2.545,32,-0.07953125
c1ccccc1CNc([nH+]c2N[C@H](C)CO)ncc2-c3ccccn3,-2.544,25,-0.10176
FC(F)(F)c(c1)cccc1[C@H](CC)Nc(nc[nH+]2)c(c23)cc(c(c3)-c4ccc(C)cc4)-c5cc(OC)ccc5O,-2.543,40,-0.063575
CCc1ccc(cc1)-c(c2)c(S(=O)(=O)C(C)(C)C)cc(c23)c(ncn3)N[C@H](C)c4cc(N)ccc4CC,-2.537,37,-0.06856756756756757
Cc1ccc(cc1)-c(c2)c(-c3ccccc3)cc(c24)n(C)c([nH+]4)N5CCOCC5,-2.533,29,-0.08734482758620689
C[C@H](O)CNc1nc(NCC)nc(c12)ccc(n2)-c3cccc(F)c3,-2.532,25,-0.10128
c1ccccc1-c(c(c2)OC)cc(c23)ncc4c3cc(nc4N)-c5cccc(c5)OC(=O)N(C)C,-2.532,35,-0.07234285714285714
c1cccc(c12)OC(=C/C(=O)[N-]C2=O)\c(c(c3)OC)cc(c34)ncc5c4cc(nc5N)-c6ccccc6O,-2.53,38,-0.06657894736842104
CC(=O)Nc1cccc(c1)CNc(c(C#N)cn2)c(c23)cc(c(c3)-c4ccc(Cl)cc4)N[C@H](C)c5cccc(C(F)(F)F)c5,-2.53,44,-0.057499999999999996
Nc1ccc[nH+]c1-c(c2)c(-c3cc(F)ccc3F)cc(c24)nc(o4)N5CCOCC5,-2.53,30,-0.08433333333333333
O=c1n(C)c(C)ccc1-c(c(c2)OC)cc(c23)ncc(C#N)c3N[C@H](C)c4cccc(N)c4,-2.529,33,-0.07663636363636363
C[NH2+]CCNc(c(c12)cccc2)nc([nH+]1)-c3ccc(C(F)(F)F)cc3,-2.528,25,-0.10112
FC(F)(F)c(c1)cc(N)cc1[C@H](C)Nc(ncn2)c(c23)cc(S(=O)(=O)C(C)(C)C)c(c3)-c4ccccc4Cl,-2.522,38,-0.06636842105263158
Cc1nn(C)cc1-c2ncc(-c3cccc(C(F)(F)F)c3)c(n2)N[C@H](C)c4cccc(c4)N(C)C,-2.52,35,-0.072
Cc1cc(C(=O)[O-])ccc1-c(c2)c(-c3ccc(F)cc3)cc(c24)[nH+]c(n4C)N5CCOCC5,-2.515,33,-0.07621212121212122
CCn1cc(C)[nH+]c1-c(nc(n2)C)c(c23)scc3,-2.513,18,-0.1396111111111111
NC(=O)Cc(c1)cccc1-c(c2)cc(-c(c3)cccc3OC)c(c24)c(nc[nH+]4)N[C@H](C)c5cc(N)cc(C(F)(F)F)c5,-2.512,42,-0.05980952380952381
Cc1ccc(cc1)[C@H](C)Nc(nc[nH+]2)c(c23)ccc(c3)-c4ccccc4[C@H](O)C(=O)N5CCOCC5,-2.512,36,-0.06977777777777777
CCCn1ccnc1-c(cc2)cc(c23)ncnc3NC(=O)N(CC4)CCO[C@]4(F)CN5CCCCC5,-2.512,36,-0.06977777777777777
Cc1cc(C(=O)[O-])ccc1-c(c2)c(-c3ccc(F)cc3)cc(c24)nc(n4C)N5CCOCC5,-2.512,33,-0.07612121212121212
c1cncc(c12)n(C[C@@H](F)N(C)C)c(n2)-c(cc3)cc(c34)ncnc4NC(=O)Nc5cccc(C(F)(F)F)c5,-2.511,39,-0.06438461538461539
CCNc1nc(NCC)nc(c12)ccc(n2)-c3cc(ccn3)N4CCOCC4,-2.51,28,-0.08964285714285714
c1cnccc1-c(c(c2)NCCC)cc(c23)[nH+]cc(C#N)c3NCc4cccc(c4)NC(=O)C,-2.509,34,-0.07379411764705882
NC(=O)CNc(c(C#N)c[nH+]1)c(c12)cc(NCCO)c(c2)-c3cccnc3,-2.509,27,-0.09292592592592593
Cn1c(=O)cccc1-c(c(c2)NC(C)C)cc(c23)[nH+]cc(C#N)c3N[C@H](C)[C@H](O)c4cccc(C(F)(F)F)c4,-2.508,39,-0.0643076923076923
CN(C)C(=O)C(=O)Nc1ccc(cc1)-c2ncc(-n3ccnc3)c(n2)NCc4cccc(c4)[NH+]5CCCCC5,-2.507,39,-0.06428205128205129
CNc1[nH+]c(NCC#N)ncc1-c2cc(C)on2,-2.505,18,-0.13916666666666666
c1ncccc1-c(cnc2NC)c([nH+]2)N[C@@H]3CCCC[NH2+]3,-2.501,21,-0.11909523809523809
Cc1nocc1-c(cc2)cc(c23)nc(N[C@H](C)c4cc([NH3+])cc(N)c4C)c5c3cnc(n5)NC6CC6,-2.5,36,-0.06944444444444445
NC(=O)Nc1ncnc(c12)cc(-c(nc3)ccc3[C@@H](C)N(C)CC)cc2-c4cc(ccn4)C(=O)N5CCCCCC5,-2.499,41,-0.06095121951219513
COC(=O)c1ccc(cc1)C(=O)Nc(c2)c(-c3cccnc3)cc(c24)ncc(C#N)c4NC(C)C,-2.498,35,-0.07137142857142857
Cc1ccc(cc1)[C@H](C)Nc(ncn2)c(c23)c(-c4c(C)nn(C)c4C)cc(c3)-c5c(C)ccc(=O)n5C,-2.496,37,-0.06745945945945946
Cc1ocnc1-c(c2)c(S(=O)(=O)C(C)(C)C)cc(c23)c(ncn3)N[C@H](C)c4cccc(C(F)(F)F)c4,-2.496,36,-0.06933333333333333
CN(C)C(=O)n(c1)ncc1-c(c2)cc(-c(ccn3)cc3C)c(c24)c(ncn4)N[C@H](C)c5ccc(C(F)(F)F)cc5N,-2.491,41,-0.060756097560975615
Clc(c1)nccc1-c(c(c2)NCC(C)(C)C)cc(c23)[nH+]cc(C#N)c3NC[C@H](O)c4ccccc4,-2.49,35,-0.07114285714285715
COCCNc([nH+]c1NC)ncc1-c2ccc(OC)cc2,-2.487,21,-0.11842857142857144
COc1ccccc1-c(c2)c(-c3ccc(o3)C(=O)N(C)C)cc(c24)[nH+]cnc4NCc5cccc(C)c5,-2.486,37,-0.06718918918918919
COc1cccc(c1)-c(o2)c(c(c23)c(ncn3)NCC(C)(C)[NH3+])-c4cc[nH+]c(C)c4,-2.483,30,-0.08276666666666667
CC(=O)Nc1cccc(c1)CNc(c(C#N)c[nH+]2)c(c23)cc(NCC[NH+](C)C)c(c3)-c4ccc(Cl)cc4,-2.482,37,-0.06708108108108109
CC(C)Nc(nc[nH+]1)c(c12)cc(-c3ccccc3)c(c2)-c4cccc(c4)C(=O)N(C)C,-2.48,31,-0.08
Cc1ccc(cc1)CN(C)CCNc(n2)c(C(=O)N)c(n23)nc(-c4cccc(F)c4)cc3-c5ccccc5C,-2.48,39,-0.06358974358974359
COc1ccc(c(O)c1)-c(cc2)cc(c23)c(-c4ccc(N(C)C)nc4)nc(n3)Cc5nccnc5C,-2.478,36,-0.06883333333333334
COc1ccc(cc1)-c(c2)c(-c3ccc(OC(=O)[O-])cc3)cc(c24)nc(o4)N5CCOCC5,-2.478,33,-0.0750909090909091
C1CCCC1C(=O)N[C@H](c(c2)cccc2C)CNc(c3)c(-c4ccoc(=O)c4)cc(c35)ncc(C#N)c5NC(C)C,-2.476,41,-0.06039024390243902
CNc(nc1)nc(c12)n([C@H](C)CN)c(=O)c(c2C)-c3cccc(c3)C(=O)N,-2.476,27,-0.0917037037037037
CN(C)C(=O)c1ccc(cc1)-c(c2)c(-c3ccc(F)cc3)cc(c24)n(C)c([nH+]4)N5CCOCC5,-2.473,34,-0.07273529411764705
c1cc(C)ccc1-c(c(c2)OC)cc(c23)c(nc[nH+]3)N[C@H](C)[C@@](C)(O)Nc4ccc(C(F)(F)F)cc4,-2.473,36,-0.06869444444444445
CCn1cc(C)c(c1)-c(c2)c(OC)cc(c23)c(c(C#N)c[nH+]3)NCCN4CCCC4,-2.471,30,-0.08236666666666667
Cc1cccc(c1)C(=O)Nc(ncn2)c(c23)c(cc(c3)-c4cnnc(C)c4)-c5ccccc5C(=O)N,-2.47,36,-0.06861111111111112
NCC[N@H+](C)[C@H](C)c1ccncc1-c(cc(c2)-c3ccn(C)c(=O)c3)c(c24)nc(nc4)N[C@@](F)(C)c5cc(O)cc(c5)N(C)C,-2.47,45,-0.05488888888888889
Cc1cccc(c1)CNc(nc[nH+]2)c(c23)cc(-c4cc(co4)N(C)C)c(c3)-c5cccnc5C(=O)[O-],-2.469,36,-0.06858333333333333
c1cnccc1-c2nc(N(CC3)CCC3CO)[nH+]c(c24)ccc(c4)-c5cccnc5,-2.469,30,-0.0823
Cc1noc(n1)-c(o2)c(-c3cccc[nH+]3)c(c24)c(ncn4)N[C@H](C)c5ccc(F)cc5,-2.467,31,-0.07958064516129032
C1COCCN1c(n2)oc(c23)cc(c(c3)-c(cc4)ccc4C)C(=O)[C@@H]5CC(=O)N(C5)c6ccc(C)cc6C,-2.465,38,-0.06486842105263158
Cc1cccc(c1)-c(c2)c(S(=O)(=O)C(C)(C)C)cc(c23)c(ncn3)Nc(c4)ncc(c45)cccc5,-2.463,35,-0.07037142857142857
COc(c1)cccc1-c2cnc(nc2NCC)NC3CN(C3)[C@H](C)c4cccc(C(F)(F)F)c4,-2.46,34,-0.07235294117647059
CC(=O)Nc1cccc(c1)CNc(c(C#N)c[nH+]2)c(c23)cc(NC(C)C)c(c3)-c4ccncc4,-2.458,34,-0.07229411764705883
c1cc(Cl)cc(c12)CN(C2)C[C@@H](C)C(=O)Nc(c(c34)ncn4C)nc(n3)-c5cccnc5,-2.457,32,-0.07678125
C[NH+](C)CCNc(ncn1)c(c12)c(-c3cccc[nH+]3)c(o2)-c4cccc(c4)C[NH3+],-2.457,29,-0.08472413793103448
Cc1cccc(c1)-c(c2)c(-c3cc(N)cc(c3)C(=O)N)cc(c24)[nH+]cnc4NC(C)C,-2.457,31,-0.07925806451612903
C1COCCN1c(n2)n(C)c(c23)cc(c(c3)-c4ccco4)-c5cccc(Cl)c5C(=O)[O-],-2.456,31,-0.0792258064516129
[NH3+]C[C@@H](C)Nc1nc(-c2[nH+]ccn2C)ncc1-c3ccccc3,-2.456,23,-0.10678260869565218
CCN(C)C(=O)c1ncccc1-c(o2)c(-c3cccc(C)c3)c(c24)c(ncn4)N[C@H](C)c5ccc(C)cc5,-2.455,38,-0.06460526315789474
Cc1ccc(C)c(c1)CNc(nc2)nc(c23)n([C@@H]4CC[N@H+](C4)C[C@H](C)O)c(=O)c(c3C)-c5ccccc5,-2.455,37,-0.06635135135135135
C[C@H](O)C(=O)NC(=O)c(cc1)ccc1-c(c(c2)-c(cc3)ccc3C)cc(c24)[nH+]c(n4C)N5CCOCC5,-2.453,37,-0.06629729729729729
c1cc(Cl)cc(c12)CN(C2)C[C@@H](C)C(=O)Nc(c(c34)ncn4C)nc(n3)-c5ccnn5C,-2.452,32,-0.076625
Brc1ccccc1[C@@H](C)Nc(nc[nH+]2)c(c23)c(-c(c4)cccc4NC(=O)C)cc(c3)-c5ccc(=O)n(n5)CC[C@H](C)O,-2.45,42,-0.058333333333333334
COc1cncc(c1)-c(c2)c(-c3ccc(C)cc3)cc(c24)[nH+]c(n4C)N5CCOCC5,-2.448,31,-0.07896774193548387
Cn1ncc(c1C)-c(cc2)cc(c23)c(-c4ccn(c4)C(=O)CO)nc(n3)-c5ccc(cc5)C(=O)N(C)C,-2.447,37,-0.06613513513513514
Cc1ccccc1-c(c2)c(S(=O)(=O)C(C)(C)C)cc(c23)c(ncn3)NC(C)C,-2.445,28,-0.08732142857142856
Cc1nnc(C)cc1-c(cn2)c(n23)nc(-c(cc4)ccc4C)cc3N[C@H](C)c5ccc(cc5)NC(C)(C)C,-2.442,38,-0.06426315789473684
c1cccc(c12)c(NC[C@H](C)O)nc([nH+]2)-c(on3)c(c34)cccc4,-2.439,24,-0.10162500000000001
CC(C)Nc(ncn1)c(c12)ccc(c2)-c(n3)n(C[C@H](F)N(C)C)c(c34)c[nH+]cc4,-2.433,29,-0.08389655172413793
s1cccc1-c2cnc([nH+]c2NCOC)N/C(=C/C=C\C3(C)C)/C=C(C)\CNC3=O,-2.431,30,-0.08103333333333333
COc(n1)onc1-c(c2)cc(-c(cc3)ccc3OC)c(c24)c(ncn4)N[C@H](C)c5cccc(C)c5,-2.431,35,-0.06945714285714286
COc1ccc(cc1)-c(cc2)nc(c23)c(N[C@H](C)C[NH+](C)C)nc(n3)N[C@H](C)c4cccc(C(F)(F)F)c4,-2.427,38,-0.06386842105263157
CC(=O)Nc1cc(ccn1)-c2nc(NC(=O)c3ccc(C[NH3+])cc3)ncc2-c4cccnc4,-2.424,33,-0.07345454545454545
CCNC(=O)Nc(ncn1)c(c12)cc(S(=O)(=O)C(C)(C)C)c(c2)-c3ccccc3,-2.423,29,-0.08355172413793104
c1cc(C)ccc1[C@@H](C)Nc(ncn2)c(c23)c(-c(ccc4=O)cn4CCC)cc(c3)-c5nccnc5C[NH+]6CCOCC6,-2.416,43,-0.0561860465116279
CN(C)C(=O)c1ccc(cc1)-c(c2)c(-c3cccc(F)c3)cc(c24)n(C)c([nH+]4)N5CCOCC5,-2.416,34,-0.07105882352941176
C1CCC[NH+]1[C@H](C)CNc(nc2)nc(c23)nc(-c4cccs4)c(c3)-c5ccc(Cl)cc5,-2.415,31,-0.07790322580645162
CC(=O)c1cc(C)ccc1-c(c2)c(NC(C)C)cc(c23)c(c(C#N)c[nH+]3)NC(C)C,-2.414,30,-0.08046666666666667
C1CCCN1[C@H](C)CNc(nc2)nc(c23)nc(-c4ccccn4)c(c3)-c5ccc(F)cc5,-2.414,32,-0.0754375
C1CCCC1Nc(n2)nc(NCC)c(c23)nc(cc3)-c4cccnc4,-2.414,25,-0.09656
Clc1ccccc1-c(n2)cc(nc2C)Nc3ncc(s3)-c4ccc(nc4)CN(C)C,-2.413,30,-0.08043333333333333
COc(c1)cc(OC)cc1-c(c(c23)c(NC)ncn2)c(o3)-c4[nH+]ccn4CC(=O)N(C)C,-2.411,32,-0.07534375
COc1ccc(cc1)-c(c2)c(-c3cccc(=O)cc3)cc(c24)n(C)c([nH+]4)N5CCOCC5,-2.409,32,-0.07528125
CCON(C)c1[nH+]cccc1-c(nc(n2)-c3ccc(Cl)cc3)c(c24)cc(cc4)-c5cccc(C)c5,-2.406,35,-0.06874285714285715
COc1ncccc1-c(c(c2)OC)cc(c23)ncc4c3cc(nc4N)-c5cn(C)c[nH+]5,-2.404,31,-0.0775483870967742
Cc1cccc(c1)C(=O)c(c2)c(-c3cncn3C)cc(c24)c(ncn4)N[C@@H]5CCCN(C5)c6ccc(C(F)(F)F)cc6,-2.404,42,-0.057238095238095234
c1ccccc1CCNc(n2)c(c[nH+]c2NC)C(c(c34)cccc4)=NN(CC3)Cc5cc(F)ccn5,-2.403,36,-0.06675
Cc1cc(N(C)C)ccc1C(F)(F)Nc(ncn2)c(c23)c(-c4cccnc4)cc(c3)-c5cnc(=O)n(C)c5,-2.403,38,-0.06323684210526316
Cc1ccc(cc1)-c(c2)c(-c3ccc(CO)cc3)cc(c24)[nH+]c(n4C)N5CCOCC5,-2.401,31,-0.0774516129032258
C#Cc1ccc(cc1)NC(=O)CNc2ncc(-c3cccc(C)c3)c(n2)-c4nnc(o4)C,-2.398,32,-0.0749375
O=C([O-])Nc(c1)c(C)ccc1-c(c(c2)OC)cc(c23)[nH+]cc(C#N)c3NC(C)(C)CO,-2.398,31,-0.07735483870967742
OC[C@@H]([NH3+])[C@@H](C)c(c1)cc(-c(cc2C)ccc2CO)c(c13)c(nc[nH+]3)N[C@H](C)c4cn(C)cc4C,-2.397,35,-0.06848571428571427
Cc1ccc(cc1)[C@H](CO)c(c2)c(-c3cc(F)ccn3)cc(c24)nc(n4C)N5CCOCC5,-2.397,33,-0.07263636363636362
Cc1ccccc1-c(c2)c(-c3cc(F)ccc3F)cc(c24)[nH+]c(n4C)N5CCOCC5,-2.395,31,-0.07725806451612903
COc1ccc(cc1)-c(c2)c(-c3cccc(C)c3)cc(c24)[nH+]c(n4C)N5CCOCC5,-2.392,31,-0.07716129032258064
OCC(=O)Oc(cc1)ccc1-c(c(c2)-c(ccn3)cc3N(C)C)cc(c24)n(C)c(n4)N5CCOCC5,-2.392,36,-0.06644444444444444
CCc1noc(C)c1Nc(c(C#N)cn2)c(c23)cc(N[C@@H]4CC[N@@H+](C)CC4)c(c3)-c5cccc(=O)n5C,-2.391,37,-0.06462162162162162
COc1ccccc1-c(c(c23)c(nc[nH+]3)NCCC(=O)N)cc(c2)-c4ccccc4C,-2.387,31,-0.077
OCCNc1c(C#N)c[nH+]c(c12)cc(c(c2)NC(C)(C)c(cc3)ccc3C)-c4nccn4C5CCOCC5,-2.386,38,-0.06278947368421053
CCc1ccc(cc1)-c(cc2)cc(c23)c(-c4ccnc(c4)CN(C)C)nc(n3)-c5ccncc(=O)c5,-2.384,36,-0.06622222222222222
Cc1cc([NH3+])ccc1[C@H](C)Nc(n2)c(nc(nc3)NC4CC4)c3c(c25)ccc(c5)-c6ccc(=O)n(C)c6,-2.382,37,-0.06437837837837838
[NH3+]Cc1ccccc1-c(c(c2)-c(cc3C)nc(n3)C)cc(c24)[nH+]c(n4C)N5CCOCC5,-2.378,32,-0.0743125
C1COCCN1c(n2)n(C)c(c23)cc(-c4cccc(c4)C(=O)N)c(c3)-c5ccccc5CN,-2.377,33,-0.07203030303030303
C1CCNCc(c12)n(CC)nc2-c3cnc(-c4cccnc4)nc3NCc5cccc(c5)N6CCCCC6,-2.377,38,-0.06255263157894736
COc1ccccc1-c(c2)c(-c3cccc(c3)C[NH+](C)C)cc(c24)[nH+]c(n4C)N5CCOCC5,-2.376,34,-0.06988235294117646
N#Cc(c[nH+]1)c(NC)c(c12)cc(NC(C)C)c(c2)-c3ccc(nc3)NC(=O)c4ccccc4,-2.374,33,-0.07193939393939394
c1cc(Cl)ccc1-c(o2)c(C(N(C)N=C34)=C(N(C)C4=O)CCCC3)c(c25)c(ncn5)NCCc6cccc(C(F)(F)F)c6,-2.373,43,-0.05518604651162791
CC(=O)CN(O)c1cccc(c1)-c(cc(c2)-c3ccc(nc3)CN(C)C)c(c24)c(ncn4)N[C@H](C)c5ccc(C)cc5,-2.371,42,-0.056452380952380955
Cc1cnc(C)c(n1)Nc(c2)c(-c3ccc(=O)n(C)c3)cc(c24)ncc(C#N)c4[N-]S(F)(F)(F)(C)c5ccc(N)cc5,-2.37,42,-0.05642857142857143
CCOc1cc(N)cc(c1)-c(c2)c([C@H](C)c3cc(N)cc(C(F)(F)F)c3)cc(c24)c(nc[nH+]4)N[C@@H]5CC[N@@H+](C)CC5,-2.369,41,-0.05778048780487805
c1cc(Br)ccc1-c(c2)cc(-c(ccn3)cc3OC)c(c24)c(ncn4)N[C@H](C)c5ccc(C(F)(F)F)cc5,-2.369,38,-0.0623421052631579
COc1ccc(cn1)-c(c2)nc(N)c(c23)cnc4c3cc(OC)c(c4)-c5ccc(OC)c(c5)C(=O)N,-2.367,36,-0.06575
CCOC(C)(C)[N-]c(n1)c(C(=O)N)c(n12)nc(-c3cnn(c3)CC)cc2-c4ccc(Cl)cc4,-2.366,33,-0.0716969696969697
C1COCCN1c([nH+]2)n(C)c(c23)cc(-c4ccccc4)c(c3)-c5cccnc5,-2.366,28,-0.0845
Cc1ccc(cc1)[C@H](C)Nc(ncn2)c(c23)c(c(o3)-c4cccc(C)c4)-c5cccc(n5)N(C)C,-2.361,35,-0.06745714285714287
COc1ccc(Br)cc1-c(cc(n2)-c3cccnc3)n(c24)nc(c4C(=O)N)[N-]C(F)(F)c5ccc(N)cc5,-2.359,38,-0.06207894736842105
c1ccccc1-c(c(c2)-c(ccn3)cc3C)cc(c24)[nH+]cnc4NCCC[NH3+],-2.357,28,-0.08417857142857144
Cn(c1)c(=O)ccc1-c(c(c2)NC(C)C)cc(c23)ncc(C#N)c3Nc4ccc(nc4)CN(C)C,-2.355,35,-0.06728571428571428
C[NH+](C)[C@H](O)c1ccc(cc1)-c(cn2)c(n23)nc(-c4cccc(F)c4)cc3N[C@@H]5CCC[NH2+]C5,-2.355,34,-0.06926470588235294
C1COCCN1c([nH+]2)n(C)c(c23)cc(c(c3)-c(cc4)cc(c45)nccc5)-c6ccc(cc6)C(=O)N7CCCOC7,-2.354,40,-0.05885
COc1cccc(c1)-c(cc2C3CC3)cc(c24)[nH+]cnc4N[C@H](C)c5cn(C)cc5C,-2.353,31,-0.07590322580645162
Cc1ccc(cc1)N2C[C@@H](CC2=O)Nc3ncc(-c4sncc4C)c(n3)[C@H](C)[C@H](C)[NH+]5CCCCC5,-2.352,36,-0.06533333333333333
c1cc(Cl)ccc1-c(cc2)nc(c23)c(N[C@@H](C)c4cccc(c4)C[NH3+])nc([nH+]3)N[C@@H]5CCN(C5)C(C)C,-2.35,37,-0.06351351351351352
CCNc(c(C#N)cn1)c(c12)cc(NC(=O)[C@H](C)N)c(c2)-c3ccccc3,-2.349,27,-0.08700000000000001
C1COCCN1c([nH+]2)n(C)c(c23)cc(-c4cccc(O)c4)c(c3)-c5cccnc5NC(=O)CO,-2.344,34,-0.06894117647058823
CC(=O)c1cc(C)ccc1-c(c2)c(NCC[NH+](C)C)cc(c23)c(c(C#N)c[nH+]3)NC(C)C,-2.342,32,-0.0731875
FC(F)(F)c(cc1)ccc1[C@@H](C)Nc2nc(NCCOC)nc(c23)ccc(n3)-c4ccccc4,-2.341,34,-0.06885294117647059
Cc1cc(N)ccc1C(C)(C)Nc(nc([nH+]2)NCC(=O)N)c(c23)nc(cc3)-c4cccc(c4)[NH2+]C(C)C,-2.339,37,-0.06321621621621622
Fc(c1)cccc1-c(n2)cc(nc2C)Nc3ncc(s3)C[C@H](O)C(=O)N[C@H](C)[N@H+](C)CCn4cc[nH+]c4C,-2.337,38,-0.061500000000000006
Cc1ccc(cc1)[C@H](C)Nc(ncn2)c(c23)c(-c4c(C)nn(C)c4C)cc(c3)-c5cncc(c5)C(=O)N6CCOCC6,-2.336,42,-0.05561904761904762
Cn(n1)ccc1-c(n2)ccc(c23)nc(NC)nc3N[C@H](C)c4cc(N)cc(C(F)(F)F)c4,-2.335,32,-0.07296875
C1COCCN1c([nH+]2)n(C)c(c23)cc(-c4cccc(O)c4)c(c3)-c5ccc(C(=O)[O-])cc5,-2.331,32,-0.07284375
Cn1ccnc1-c(o2)c(-c(cc3OC)ccc3OC)c(c24)c(ncn4)NC(=O)c5ccc(C)cc5C,-2.33,36,-0.06472222222222222
Cc1cccc(c1)-c2cc(C)nc(n2)N[C@H](C)c3ccnc(c3)N(C4)CCCC4(F)F,-2.33,31,-0.07516129032258065
CC[N@H+]1CC[C@@H](CC1)[C@H](C)Nc(nc[nH+]2)c(c23)cc(-c4ccc(C(=O)N)cc4)c(c3)-c5ccc(F)cc5,-2.33,37,-0.06297297297297297
c1cc(Cl)ccc1NC(=O)c(c(c2)-c(nn3)ccc3C)cc(c24)ncnc4N[C@@H]5CCCN(C5)c6ccc(C(F)(F)F)cc6,-2.327,44,-0.052886363636363634
C[NH+](C)Cc1cccc(c1)-c(c2)c(-c3ccc(C(=O)N)cc3)cc(c24)n(C)c([nH+]4)N5CCOCC5,-2.327,35,-0.06648571428571429
Cc1c(N)cc([NH3+])cc1[C@H](C)Nc(n2)c(nc(nc3)NC4CC4)c3c(c25)ccc(c5)-c6ccccc6Br,-2.326,37,-0.06286486486486487
Cc1cc(N)cc(c1)[C@H](C)Nc(ncn2)c(c23)c(-c4ccc(C)nc4)cc(c3)-c5ccc(=O)n(c5)C[C@H](C)[NH+](C)C,-2.322,41,-0.056634146341463416
NC(=O)c1ccccc1-c2cc(-c(nn3)ccc3C)cc(c24)ncnc4NCc5ccc([NH3+])c(C)c5,-2.322,36,-0.0645
NC(=O)c1ccc(cc1)-c(c2)c(-c3ccccc3)cc(c24)[nH+]cnc4N[C@@H]5CCOC5,-2.32,31,-0.07483870967741935
COc1ccc(Br)cc1-c(cc(n2)-c3cccnc3)n(c24)nc(c4C(=O)N)[N-]CC[NH+](C)C,-2.32,33,-0.0703030303030303
C1COCCN1c([nH+]2)n(C)c(c23)cc(-c4ccc(F)cc4)c(c3)-c5cccc(c5)OCC(=O)N,-2.32,34,-0.06823529411764706
C1NCC[C@H]1Nc([nH+]2)nc(NC)c(c23)nc(cc3)-c4ccc(F)cc4,-2.313,25,-0.09252
COc1ccccc1-c2cc(-c(c[nH+]3)ccc3NC)cc(c24)ncnc4Nc5ccc(C(=O)N)cc5,-2.306,36,-0.06405555555555556
COc1cccc(c1)-c(c2)c(-c3cccoc3=O)cc(c24)n(C)c([nH+]4)N5CCOCC5,-2.306,31,-0.07438709677419356
C[C@@H]1CN(C1=O)C(=O)c2cccc(c2)-c(c3)c(-c4ccncc4)cc(c35)[nH+]c(n5C)N6CCOCC6,-2.305,36,-0.06402777777777778
c1ccccc1CCNc([nH+]2)c(cnc2NC)C(c(c34)cccc4)=NN(CC3)Cc5cc(F)ccn5,-2.302,36,-0.06394444444444444
CN(C)C(=O)Cn(c(=O)c1)ccc1-c(c(c2)OC)cc(c23)ncc(C#N)c3N[C@H](C)c4cccc(C)c4,-2.296,37,-0.06205405405405405
Cc1noc(C)c1-c2ncc(-c(cn3C)c(c34)cc[nH+]c4)c(n2)N[C@H](C)c5ccc(N)cc5,-2.291,33,-0.06942424242424242
COc1cc(cc(c1)N(C)C)-c2cnc(-c3c(C)noc3C)nc2N[C@H](C)c(cc4)cc(c45)OCC5,-2.29,36,-0.06361111111111112
CCCCN1CC[C@@H](C1)Nc2[nH+]c(NCc3ccccc3)ncc2-c4cccc(F)c4,-2.29,31,-0.07387096774193548
Nc1cc(C(F)(F)F)ccc1[C@@H](C)Nc(ncn2)c(c23)c(-c(cc4C)cc[nH+]4)cc(c3)-c5ccc(=O)n(c5)C[C@@H]6CNC(=O)C6,-2.289,45,-0.05086666666666667
Cc1cccc(c1)[C@H](N)Nc(ncn2)c(c23)c(cc(c3)-c4ccccn4)-c5cnn(c5)C[C@H](C)O,-2.282,35,-0.0652
OCCNc1nc(NCCO)nc(c12)ccc(n2)-c3ccccc3,-2.278,24,-0.09491666666666666
Cc1nn(C)cc1-c2ncc(-c3cccc(C(F)(F)F)c3)c(n2)N[C@H](C)c4cccc(c4)[C@@](C)(N)CO,-2.277,37,-0.06154054054054055
COc1cccc(c1)[C@H](C)Nc(c2)c(-c3cnccn3)cc(c24)[nH+]cc(C#N)c4NC(C)C,-2.275,33,-0.06893939393939394
COc1ccc(cc1)-c2cnc(-c3cccc(c3)C(=O)C)nc2NC(=O)CN4CCCC4,-2.274,32,-0.0710625
CC(=O)N1CCOC[C@H]([C@H](C)[NH+](C)C)[C@@H]1c(cc(c2)-c3cccnc3)c(c24)c(ncn4)N[C@H](C)c5ccccc5,-2.273,40,-0.056825
Cc1ccc(c(C)c1)NC(=O)CNc(nc(n2)NCC[NH+](C)C)c(c23)nc(cc3)-c4c(C)noc4C,-2.273,36,-0.0631388888888889
Fc1ccccc1-c(c(c23)c(ncn2)NC(C)C)cc(c3)-c4ccoc(=O)n4,-2.27,28,-0.08107142857142857
CC(C)[NH2+]c1cccc(c1)-c(cc2)nc(c23)c(nc([nH+]3)NCC[NH+](C)C)NCc4cc(N)cc(C(F)(F)F)c4,-2.268,39,-0.058153846153846146
[nH+]1ccccc1-c(c(c23)c(ncn2)NC(=O)C)c(o3)-c4cccc(c4)CO,-2.265,27,-0.08388888888888889
c1ncccc1-c(cn2)c(n23)nc(-c(cc4)ccc4NC(=O)C)nc3NCCN(CC5)c(c56)cccc6,-2.264,37,-0.06118918918918918
Fc(c1)c(F)ccc1-c(c2)c(cc(c23)c(NC(C)C)c(C#N)c[nH+]3)N[C@@](F)(C)c4cc(N)cc(C(F)(F)F)c4,-2.264,39,-0.058051282051282044
Cc1ccc(cc1)-c(c2)c(-c3cccnc3)cc(c24)n(C)c([nH+]4)N5CCOCC5,-2.263,29,-0.07803448275862068
COc1cc(ccn1)-c(cn2)c(n23)nc(-c4cccc(c4)C(=O)N)nc3N[C@H](C)c5ccc(cc5)[NH+]6CCCCC6,-2.262,41,-0.055170731707317074
Cc1oc(C)nc1-c(cc2C)nc(n2)N[C@H](C)c3ccnc(c3)N(C4)CCCC4(F)F,-2.259,31,-0.07287096774193548
C1COCCN1c([nH+]2)n(C)c(c23)cc(-c4cccc(F)c4)c(c3)-c5cc(=O)cc[nH]5,-2.258,30,-0.07526666666666666
C[C@H](O)c(cc1)ccc1[C@@H](C)Nc(ncn2)c(c23)c(-c4c(C)n(C)nc4C)cc(c3)-c5cccc(=O)n5CC(=O)N(C)C,-2.253,43,-0.0523953488372093
COC(=O)n1cc(ccc1=O)-c(c2)c(-c3ccc(F)cc3)cc(c24)n(C)c([nH+]4)N5CCOCC5,-2.253,34,-0.06626470588235295
c1c[nH+]ccc1-c2cc(-c(cc3)ccc3OC)nc(n24)c(C(=O)N)c(n4)NCc5ccccc5,-2.249,34,-0.06614705882352942
CCN(C(=O)O)c1ccc(cc1)-c(c2)c(-c3ccccc3)cc(c24)nc(n4C)N5CCOCC5,-2.248,34,-0.06611764705882353
Cc1cc(C)cc(c1)[C@H](C)Nc(ncn2)c(c23)c(c(o3)-c4ccn(n4)C)-c5ccc(nc5)CN(C)C,-2.247,36,-0.06241666666666666
Cc1ccc(cc1C)-c2[nH+]cc(-c3cccc(F)c3F)c(n2)NCC(=O)N(C)C,-2.246,29,-0.07744827586206897
O1CCCN1CCC(=O)[N-]c(nc(n2)-c3ccccc3)n(c24)ncc4-c5ccccc5F,-2.245,32,-0.07015625
CN(C)C[C@@H](N)c(nc1)ccc1-c(o2)c(-c3cn(C)nc3C)c(c24)c(ncn4)N[C@H](C)c5cccc(c5)C(F)(C)C,-2.244,41,-0.05473170731707318
CN(C)C(=O)c1ccccc1-c(c(c2)OC)cc(c23)ncc(C#N)c3N[C@H](N)c4cc(C)cc(C(F)(F)F)c4,-2.243,39,-0.05751282051282051
OCCN(C)C(=O)c1cccc(c1)-c(c2)c(-c3ccccc3)cc(c24)n(C)c([nH+]4)N5CCOCC5,-2.242,35,-0.06405714285714285
CCNc(c(C#N)c[nH+]1)c(c12)cc(N[C@H](C)CO)c(c2)-c3ccccc3,-2.241,26,-0.0861923076923077
Cc1cccc(c1)-c(c2)c(-c3ccc(C(=O)N)nc3)cc(c24)n(C)c([nH+]4)N5CCOCC5,-2.241,32,-0.07003125
COc1cccc(c1)-c(c2C)c(=O)n(-c(c3)c(Br)cc(c34)OCCN(C)C4)c(c25)nc(nc5)N[C@H](C)c6cc(C)c(N)cc6C(F)(F)F,-2.24,48,-0.04666666666666667
OCc(c1)cccc1-c(c2)cc(-c(cn3)ccc3C)c(c24)c(nc[nH+]4)N[C@@](C)(C(=O)[O-])c5cccc(N)c5,-2.239,38,-0.05892105263157894
NS(=O)(=O)c(c1)cccc1-c(c(c2)N[C@@H](C)COC)cc(c23)ncc(C#N)c3NC(C)C,-2.232,32,-0.06975
Cc1cccc(c1)[C@@]2(C)C[C@@H](CO2)Nc(nc[nH+]3)c(c34)ccc(c4)-c5ccc(CO)nc5,-2.231,32,-0.06971875
c1ccccc1[C@H]([C@H](C)O)Nc(nc[nH+]2)c(c23)cc(c(c3)-c4cccnc4)-c5cc(C(=O)[O-])cc(c5)N(C)C,-2.231,39,-0.0572051282051282
COc1cccc(c1)-c(cc2)nc(c23)c(Nc4cc(C)ccc4C(=O)N(C)C)nc(n3)[N-]c5cccc(c5)C(=O)N6CCCCC6,-2.229,46,-0.04845652173913044
Cc1cccc(c1)NC(=O)Nc(n2)c(C(=O)N)c(n23)nc(-c4c(C)nc(C)n4C)cc3-c5ccc(F)cc5F,-2.229,39,-0.05715384615384616
NC(=O)[C@@H]1CCN[C@@H](C1)Nc(ncn2)c(c23)c(-c4ccccn4)cc(c3)-c5cccnc5,-2.227,32,-0.06959375
c1cnccc1-c(o2)c(-c(c(CC)c(c34)n(C)c(=O)c4)cn3CC(=O)N(C)C)c(c25)c(ncn5)N[C@H](C)c6ccc(C(F)(F)N)cc6,-2.224,47,-0.047319148936170216
COc1cc(OC=O)[nH+]cc1-c(cn2)c(n23)nc(nc3NCCO)-c4ccc(C)cc4,-2.222,31,-0.0716774193548387
C[NH+](C)CCNc(nc1)nc(c12)nc(-c3ccc(F)cc3)c(c2)-c4ccc(nc4)CN(C)C,-2.221,33,-0.06730303030303031
Fc(c1)cccc1-c(n2)cc(nc2C)Nc3ncc(s3)C[C@H](O)C(=O)N[C@H](C)[N@H+](C)CCn4ccnc4C,-2.22,38,-0.05842105263157895
COc1ccc(cc1O)-c(cc2)cc(c23)c(-c4c(C)cccc4F)nc(n3)-c5ccc(cn5)N(C)C,-2.214,36,-0.0615
Cc1nc(co1)-c(cc2)cc(c23)c(-c4[nH+]ccn4C)nc(n3)-c5ccccc5C(=O)[O-],-2.213,31,-0.07138709677419355
CN(C)c(c1)cccc1[C@@H](C)Nc2nc(NCC)nc(c23)ccc(n3)-c4cc(ccn4)N5CCOCC5,-2.213,37,-0.05981081081081081
FC(F)(F)c1ccc(cc1)N2CCC[C@@H](C2)Nc(ncn3)c(c34)cc(c(c4)-c5ccncc5)C6CCN(CC6)Cc7ccc(Cl)cc7,-2.213,47,-0.04708510638297873
O=C([O-])c(c1)c(OC)ccc1-c(c2)cc(-c3ccccc3NC)c(c24)c(nc[nH+]4)N[C@H](C)c(cc5)cc(c56)N(CC6)[C@H](C)C(C)C,-2.211,46,-0.04806521739130434
Fc1ccccc1-c(c(c23)c(NC(C)C)nc[nH+]2)cc(c3)-c4cccc(c4)C(=O)N,-2.209,30,-0.07363333333333334
C[NH+](C)CC(=O)COc(c1)cc(-c(cn2)ccc2C)c(c13)c(nc[nH+]3)N[C@H](C)c4cccc(C(F)(F)F)c4,-2.208,38,-0.05810526315789474
C1COCCN1c([nH+]2)n(C)c(c23)cc(c(c3)-c4cc(F)ccc4F)-c5cccc(c5)C(=O)N,-2.208,33,-0.06690909090909092
Cc1cccc(c1)-c(cc2)nc(c23)c(nc(n3)NC[C@H](C)[NH+](C)C)N[C@H](C)c4cc(N)cc(C(F)(F)F)c4,-2.207,38,-0.05807894736842105
COc1nn(C)cc1-c(o2)c(-c3cc[nH+]cc3)c(c24)c(ncn4)N[C@H](C)c5ccc(C)cc5,-2.206,33,-0.06684848484848485
Cc1ccccc1[N@H+]2CC[C@@H](C2)c(cc3-c4nccnn4)cc(c35)ncnc5NC(F)(F)c6ccc(C(F)F)c(N)c6,-2.205,42,-0.052500000000000005
C1COCCN1c([nH+]2)n(C)c(c23)cc(c(c3)-c4cc(O)ccc4C)-c5cccc(c5)C(=O)N6C[C@H](C)C6=O,-2.205,38,-0.05802631578947368
Cc1ccc(cc1)-c(c2)c(S(=O)(=O)C(C)(C)C)cc(c23)c(ncn3)N[C@H](C)c4cccc(C)c4,-2.204,34,-0.06482352941176471
Cc1cccc(c1)CNc(ncn2)c(c23)cc(-c4ccn(c4)C/C([O-])=C(\O)C(=O)N(C)C)c(c3)-c5sncc5-c6ccccn6,-2.203,45,-0.04895555555555555
c1ccccc1[C@H](CC)Nc(c(C#N)c[nH+]2)c(c23)cc(NC)c(c3)-c4ccccc4,-2.202,30,-0.07339999999999999
CCn1cc(ccc1=O)-c(c2)c(OC)cc(c23)[nH+]cnc3N[C@H](C)[C@@](C)(O)Nc4ccc(C(F)(F)F)cc4,-2.194,38,-0.057736842105263156
COc1ccccc1-c(c2)c(-c3ccc(C)cc3)cc(c24)[nH+]c(n4C)N5CCOCC5,-2.192,31,-0.07070967741935484
Fc1ccccc1-c(c(c23)c(NC(C)C)nc[nH+]2)cc(c3)-c4ccoc(=O)[nH+]4,-2.192,28,-0.07828571428571429
C1COCCN1c([nH+]2)n(C)c(c23)cc(-c4ccc(CO)cc4)c(c3)-c5ccccc5F,-2.191,31,-0.0706774193548387
Cc1cccc(c1)-c(c2)c(-c3ccc(C(=O)N)cc(=O)n3)cc(c24)[nH+]cnc4NC(C)C,-2.189,32,-0.06840625
CCNC(=O)Nc(c(C#N)cn1)c(c12)cc(NC(C)(C)O)c(c2)-c3ccc(N(C)C)nc3,-2.186,32,-0.0683125
c1cc([NH3+])ccc1[C@H](C)Nc(ncn2)c(c23)c(c(o3)-c4cccs4)-c5cccc(c5)C(=O)N,-2.185,33,-0.06621212121212121
CCNc(nc[nH+]1)c(c12)c(-c3ccc(o3)C)cc(c2)-c4cccc(c4)C(=O)N,-2.185,28,-0.07803571428571429
COCCNc(c1)c(-c2cccnc2)cc(c13)[nH+]cc(C#N)c3NCc4ccccc4,-2.185,31,-0.07048387096774193
CCCn1cc[nH+]c1-c(cc2)cc(c23)ncnc3NC(=O)N(CC4)CCO[C@]4(F)CN5CCCCC5,-2.184,36,-0.060666666666666674
COc1ccc(cc1)-c(cn2)c(n23)nc(-c4cccc(F)c4)nc3N[C@@H]5CC(=O)N(C5)Cc6ccc(C(F)(F)F)cc6,-2.183,42,-0.051976190476190474
c1cc(F)ccc1-c(c(c2)-c(cn3C)ccc3=O)cc(c24)n(C)c([nH+]4)N5CCOCC5,-2.183,31,-0.07041935483870967
Cc1cnc(o1)[N-]c(n2)c(C(=O)N)c(n23)nc(-c4cccnc4)cc3-c5cccnc5,-2.182,31,-0.07038709677419355
NC(=O)c1ccccc1-c2cc(-c(nn3)ccc3C)cc(c24)[nH+]cnc4NCc5ccc(N)c(C)c5,-2.182,36,-0.06061111111111111
Nc(c1)[nH+]ccc1-c(n2)cc(nc2C)Nc3ncc(s3)-c4ccc(F)c(F)c4,-2.178,28,-0.07778571428571428
Cc1ccccc1-c(o2)c(-c(c3)cc(OC)cc3OC)c(c24)c(ncn4)N[C@H](C)c5cc(C)cc(C)c5,-2.173,37,-0.05872972972972973
C[NH+](C)[C@H](CO)C(=O)c1cccc(c1)-c(nc2-c3ccncc3)nc(c24)ccc(c4)-c(cc5)cc(c56)cccc6,-2.168,40,-0.054200000000000005
CCN(C)C(=O)c1ccc(cc1OC)-c(cc(c2)-c3cccc(C)c3)c(c24)c(nc[nH+]4)N[C@H](C)c5cc(N)cc(C(F)(F)F)c5,-2.166,45,-0.048133333333333334
Cc1cccc(c1)[C@H](C)Nc(c(C#N)c[nH+]2)c(c23)cc(NCCO)c(c3)-c4cccnc4,-2.166,32,-0.0676875
O=C([O-])c1c(Cl)cccc1-c(c(c2)-c(c3)cccc3C)cc(c24)n(C)c([nH+]4)N5CCOCC5,-2.165,33,-0.06560606060606061
CCn1cnc(c1)-c(cc2)cc(c23)nc(N[C@H](C)c4ccc([NH3+])cc4)c5c3cnc(n5)NC6CC6,-2.16,35,-0.06171428571428572
Clc(c1)cccc1[C@H](C)Nc(nc[nH+]2)c(c23)cc(-c4cnn(C)c(=O)c4)c(c3)-c5cnccc5C(=O)N(C)C,-2.158,39,-0.05533333333333333
CC[N@H+]1CC[C@@H](CC1)[C@H](C)Nc(nc[nH+]2)c(c23)cc(-c4cccc(Cl)c4)c(c3)-c5cccc(c5)C(=O)N,-2.155,37,-0.05824324324324324
Cc1cccc(c1)NC(=S)Nc(ncn2)c(c23)c(-c4c(C)nn(C)c4C)cc(c3)-c5cccn5C(=O)NC(=O)C(C)C,-2.154,42,-0.05128571428571428
c1cc(Cl)cc(c12)CN(C2)C[C@@H](C)C(=O)Nc(c(c34)ncn4C)nc(n3)-c5ccncc5,-2.153,32,-0.06728125
COc1cc(OC=O)ncc1-c(cn2)c(n23)nc(nc3NCCO)-c4ccc(C)cc4,-2.15,31,-0.06935483870967742
c1cc(N)ccc1-c(n2)nc(NC)n(c23)ncc3-c4ccc(cc4)[C@H](O)CN,-2.15,28,-0.07678571428571428
C[NH+](C)c1ccc(cc1OC)Nc(c2)c(-c3ccc(=O)n(C)c3)cc(c24)ncc(C#N)c4N[C@@H]5CCN(C5)c6ccccc6,-2.147,44,-0.04879545454545454
Cc1cccc(c1)-c(c2)c(-c3ccoc3C(=O)[O-])cc(c24)n(C)c([nH+]4)N5CCOCC5,-2.146,31,-0.0692258064516129
Cc1ccc(C)c(c1)[N@H+]2CC[C@@H](CC2)Nc(c(c34)ncn4C)nc(n3)-c5[nH+]c(C)cn5C,-2.144,32,-0.067
Cc(c1)cccc1Nc2nc(NCC)[nH+]c(c23)ccc(n3)-c4c(C)cccc4Cl,-2.143,29,-0.07389655172413792
Cc1cccc(c1)-c(c2)c(-c3ccc(C(=O)N)cc3)cc(c24)n(C)c([nH+]4)N5CCOCC5,-2.137,32,-0.06678125
Cc1ccc(cc1C)N[C@H](C)Nc(nc[nH+]2)c(c23)ccc(c3)-c4ccc(o4)C(=O)Nc5ncccc5C,-2.134,37,-0.05767567567567567
COC(=O)C[N-]c(n1)c(C(=O)N)c(n12)nc(-c3cccnc3)cc2-c4ccccc4C,-2.133,31,-0.06880645161290323
CC(C)c(n1)nccc1-c2cc(-c(cn3)ccc3C)cc(c24)ncnc4N[C@H](C)c5ccc(C(F)(F)F)cc5,-2.13,39,-0.054615384615384614
O=c(c1)occc1-c(c2)c(cc(c23)c(NC(C)C)c(C#N)c[nH+]3)N[C@H](C)c4ccc(C(F)(F)F)cc4,-2.125,36,-0.059027777777777776
Clc1ccccc1-c(c2)nc(c(c23)nccn3)N[C@@H](CCOC)[C@@H]4COCCN4Cc5ccccc5,-2.122,36,-0.05894444444444444
O=C([O-])c(cc1)ccc1-c2nc(-c3[nH+]ccn3C)nc(c24)ccc(c4)-c5ccccc5F,-2.112,32,-0.066
Cc1cccc(c1)NC(=O)Cc(cc2-c3cc[nH+]cc3)cc(c24)ncnc4N[C@H](C)c5cn(C)cc5C,-2.111,37,-0.05705405405405406
CN(C)C(=O)C(=O)Oc1ccc(cc1)-c(c2)c(-c3ccccc3)cc(c24)n(C)c(n4)N5CCOCC5,-2.107,36,-0.05852777777777778
COC(=O)Cn1cccc1-c2cc(-c(ncc3C)cc3C(=O)N(C)CC)cc(c24)ncnc4N[C@H](C)c5ccc(C(C)C)cc5,-2.107,45,-0.04682222222222222
CCn1cc(c(n1)C)-c2cnc(-c3cc(N)ccc3C(F)(F)F)nc2N[C@H](C)c4cccc(c4)CN(C)C,-2.106,38,-0.05542105263157895
C1COCCN1c(n2)n(C)c(c23)cc(c(c3)-c4ccccc4CN)-c5ccccc5C(=O)c6ccccc6,-2.105,38,-0.05539473684210526
Cc1ccc(cc1)[C@H](CO)c(c2)c(-c3cc(F)ccn3)cc(c24)[nH+]c(n4C)N5CCOCC5,-2.104,33,-0.06375757575757576
FC(F)(F)c(cc1)ccc1[C@@H](C)Nc(ncn2)c(c23)c(-c4cccc(O)c4OC)cc(c3)-c5cccc(=O)n5C(C)C,-2.102,42,-0.05004761904761904
COc1ccc(Br)cc1-c(cc(n2)-c3cc[nH+]cc3)n(c24)nc(c4C(=O)N)NC(C)(C)c5cccc(C)c5,-2.102,38,-0.05531578947368421
CN(C)C(=O)c(c1)nccc1-c(c(c2)-c(cc3)ccc3C)cc(c24)[nH+]c(n4C)N5CCOCC5,-2.099,34,-0.06173529411764706
O=c(n1)ccccc1-c2cc(-c(cc3C(=O)OC)ccc3OC)cc(c24)ncnc4N[C@H](C)c5cccc(C)c5,-2.095,40,-0.052375000000000005
n1ncccc1-c(c2)cc(-c3ccccc3F)c(c24)c(nc[nH+]4)NC5CC[NH2+]CC5,-2.094,30,-0.0698
Cc1cc(C(F)(F)F)ccc1N2C(=O)CC[C@@H]2Nc(ncn3)c(c34)c(-c5ccc(F)cc5)c(o4)-c6ccccc6CN(C)C,-2.09,44,-0.047499999999999994
c1cc([NH3+])ccc1[C@H](C)Nc(n2)c(nc(nc3)NC4CC4)c3c(c25)ccc(c5)-c6cccc(=O)cc6,-2.085,36,-0.057916666666666665
Cc1ccccc1[C@H](C)Nc(nc[nH+]2)c(c23)c(-c4cc(C)c(C(=O)N)c(c4)C(=O)N)cc(c3)-c5cccnc5,-2.084,39,-0.05343589743589744
CN(C)c1ccc(c[nH+]1)-c2cnc(NCC(=O)[C@H]([NH3+])CO)nc2-c3ccncc3Cl,-2.083,30,-0.06943333333333333
c1ccccc1[C@@](CC)(OC)Nc(ncn2)c(c23)c(-c4ccccn4)c(o3)-c5cc(F)ccc5F,-2.082,35,-0.05948571428571428
Cc1ccccc1-c(c2)c(-c3ccc(F)cc3)cc(c24)n(C)c([nH+]4)N5CCOCC5,-2.08,30,-0.06933333333333333
C1COCCN1c(n2C)[nH+]c(c23)cc(c(c3)-c4ccccc4OC)-c5ccccc5NC(=O)C(=O)[O-],-2.076,36,-0.05766666666666667
Cc1cc(C)c(C)c(c1)N(C2)CC[C@@]2(O)CNc(nc(n3)-c4cccs4)n(c35)ncc5-c6ccco6,-2.076,36,-0.05766666666666667
CCc1ccc(cc1)-c(cc2)cc(c23)c(nc(n3)-c4ncc(C)n(c4=O)C(C)C)-c5ccnn5CCN(C)C,-2.075,39,-0.05320512820512821
c1cc(F)ccc1-c(c(c2)S(=O)(=O)C(C)(C)C)cc(c23)ncnc3N[C@H](N)c4cc(N)cc(C(F)(F)F)c4,-2.075,38,-0.05460526315789474
c1sccc1-c(c(=O)n2C)c(C)c(c23)cnc(n3)NC(=S)Nc4ccc(C(F)(F)F)cc4,-2.072,32,-0.06475
CC(=O)Nc(c1)cccc1-c(c(c23)c(nc[nH+]2)NCCOC)cc(c3)-c4ccccc4,-2.067,31,-0.06667741935483872
Brc1ccccc1-c(c2)c(cc(c23)c(c(C#N)cn3)NC(C)C)N[C@H](C)c4cc(N)cc(C(F)(F)F)c4,-2.066,37,-0.055837837837837835
CCCn1c(=O)c(C)ccc(c1=O)-c2cnc(-c3c(C)noc3C)nc2N[C@H](C)c(cc4)cc(c45)OCC5,-2.063,38,-0.05428947368421053
O=C([O-])c1[nH+]cc(n1C)-c(c2)c(-c3ccccc3)cc(c24)oc(n4)N5CCOCC5,-2.062,30,-0.06873333333333333
Cc1ccc(cc1)[C@H](C)Nc(nc[nH+]2)c(c23)c(cc(c3)-c4cccc(c4)C(=O)N)-c5coc(c5)C[N@H+]6CC[C@H](C)CC6,-2.061,42,-0.04907142857142857
O1CCC[C@H]1CN(C)[C@H](C)Nc(n2)c(C(=O)N)c(n23)nc(-c4ccccc4)cc3-c5cccc(c5)C(=O)N,-2.057,38,-0.05413157894736842
C1OCC[C@H]1Nc(n2)ncc(c23)cc(-c(cc4)ccc4OC)cc3-c5ccccc5C(=O)N(C)C,-2.055,35,-0.05871428571428572
CNc1nc(NCC#N)[nH+]cc1-c2cc(C)on2,-2.055,18,-0.11416666666666668
COC(=O)c1cccc(c1)NC(=O)CNc(ncn2)c(c23)ccc(c3)-c4ccc([nH+]c4C)N5CCCCC5,-2.051,38,-0.05397368421052632
CCn1nccc1-c(nc(C)c2)c(c23)nc(nc3)N[C@@H]4CCN4[C@@H]([C@@H](F)O)c5cccc(C)c5,-2.048,34,-0.06023529411764706
Cc1cccc(c1)[C@@H]2CCN(C2)CCNc(nc(n3)-c4ccsc4)n(c35)ncc5-c6[nH+]c(C)cn6C,-2.047,36,-0.05686111111111111
C1COCCN1c(cc2)ccc2[C@H](C)Nc(nc[nH+]3)c(c34)ccc(c4)-c5cccc(c5)C(=O)N,-2.041,34,-0.06002941176470588
NC(=O)CCNc(n1)nc(NCCOC)c(c12)nc(cc2)-c3ccccc3F,-2.04,28,-0.07285714285714286
c1ccccc1[C@H]([C@H](C)O)Nc(nc[nH+]2)c(c23)cc(-c4ccccc4)c(c3)-c5cccc(c5)NC(=O)[C@H](O)C(F)(F)C,-2.039,42,-0.04854761904761905
Cn1c(C)nc(C)c1-c(cnc2NC)c([nH+]2)NCCc3ccccc3,-2.037,25,-0.08148
COc1cccc(c1C(=O)NC(=O)C)-c(c2)c(-c3cc(Cl)ccc3C)cc(c24)[nH+]c(n4C)N5CCOCC5,-2.034,38,-0.05352631578947368
Cc1cc[nH+]c(c1)-c(c(c23)c(ncn3)N[C@H](C)CO)cc(c2)-c4cnc(=O)n(C)c4,-2.033,30,-0.06776666666666667
Fc1ccccc1-c(c(c23)c(NC)nc[nH+]2)cc(c3)-c4ccc(nc4)C(=O)N(C)C,-2.032,30,-0.06773333333333334
C1CC1Nc(n2)ncc3c2c(nc(c34)cc(cc4)-c(c(c5C)C(=O)N)cn5C)N[C@H](C)c6cccc(c6)[NH+](C)C,-2.028,40,-0.0507
c1cc(F)ccc1-c(c(c2)-c(cn3C)ccc3=O)cc(c24)[nH+]c(n4C)N5CCOCC5,-2.028,31,-0.06541935483870968
Cc(c1)c(C)ccc1-c(c2)nc(c(c23)nccn3)N[C@@H](CCOC)[C@@H]4COCC[N@H+]4Cc5ccccc5,-2.028,37,-0.05481081081081081
N#Cc(c[nH+]1)c(NC)c(c12)cc(OC)c(c2)-c3ccc(C)c(c3)NC(=O)[O-],-2.027,27,-0.07507407407407408
COc1ccc(cc1O)-c(cc2)cc(c23)c(-c4ccccc4F)nc(n3)[C@@H]5CCCC[N@H+]([C@@H]5O)CCc6ccccc6,-2.026,42,-0.04823809523809523
Cc1c(C)cccc1-c(c(c2)-c(ccn3)cc3OC)cc(c24)[nH+]cnc4NCCC[NH3+],-2.026,31,-0.06535483870967741
CC(=O)c1ccc(cc1)-c(c2)c(-c3ccccc3)cc(c24)n(C)c([nH+]4)N5CCOCC5,-2.026,31,-0.06535483870967741
CCn1c[nH+]c(c1)-c2nc(N[C@@H]3CC[N@@H+](C)CC3)ncc2-c4cccnc4,-2.023,27,-0.07492592592592594
CCc1ccc(cc1)-c(c2)c(S(=O)(=O)C(C)(C)C)cc(c23)c(ncn3)N[C@H](C)c4ccc(N)c(C(F)(F)F)c4,-2.021,39,-0.05182051282051282
NCc(cc1)ccc1Nc(ncn2)c(c23)c(-c(c4)cccc4OC)c(o3)CCN5CC[NH+](C(C)C)CC5,-2.017,37,-0.05451351351351351
NC(=O)c1ccc([O-])cc1-c(c2)c(-c3ccccn3)nc(c24)nc(nc4)N[C@H](CO)c5cc(N)ccc5C(F)(F)F,-2.016,41,-0.049170731707317075
CC(C)Nc1cccc(c1)[C@H](C)c(c2)c(-c3cc(F)ccn3)cc(c24)[nH+]c(n4C)N5CCOCC5,-2.013,35,-0.05751428571428571
COC(=O)c1cccc(c1)NC(=O)CNc(nc[nH+]2)c(c23)ccc(c3)-c4ccncc4,-2.013,31,-0.06493548387096774
O=c1cccc(n1C)-c(c2)c(-c3ccc(F)cc3)cc(c24)[nH+]c(n4C)N5CCOCC5,-2.012,31,-0.06490322580645161
Cc1ccc(cc1)[C@H](C)Nc(nc[nH+]2)c(c23)c(-c4ccc(F)cc4)cc(c3)C5=CN=C[C@H](C)N5C,-2.011,35,-0.05745714285714286
COc1ccc(cc1)-c(c2)c(-c3ccccc3C)cc(c24)n(C)c([nH+]4)N5CCOCC5,-2.01,31,-0.06483870967741935
C1COCCN1c([nH+]2)n(C)c(c23)cc(c(c3)-c4ccccc4F)-c5ccc(cc5)N(C[C@H]6O)CC[C@]6(O)C(=O)N,-2.008,40,-0.0502
N#Cc(c(C)c1)ccc1Nc(ncn2)c(c23)c(-c(c4)cccc4OC)c(o3)CC[NH+]5CCN(C(C)C)CC5,-2.002,38,-0.052684210526315785
Cc1cccc(c1)[C@H](C)Nc(c2)c(-c3nccnc3C)cc(c24)[nH+]cc(C#N)c4NC(C)C,-2.002,33,-0.06066666666666666
CC(=O)Nc(ncn1)c(c12)cc(S(=O)(=O)C(C)(C)C)c(c2)-c(ccc3)c(c34)OCO4,-2.001,30,-0.0667
CC(C)Nc(c(C#N)c[nH+]1)c(c12)cc(N[C@H](C)[C@@]3(C)CCO3)c(c2)-c4cnccc4Cl,-2.0,31,-0.06451612903225806
Cc1nnc(C)cc1-c(cn2)c(n23)nc(-c(cc4)ccc4C)cc3N[C@H](C)c5ccc(cc5)[NH2+]C(C)(C)C,-1.998,38,-0.05257894736842105
CN(C)C(=O)c1ccc(cn1)-c(c2)c(-c3ccccc3F)cc(c24)[nH+]c(n4C)N5CCOCC5,-1.993,34,-0.05861764705882353
Cc1ccccc1-c(c2)c(-c3ccccc3F)cc(c24)[nH+]c(n4C)N5CCOCC5,-1.987,30,-0.06623333333333334
COCc1ccc(cc1)-c(cc2)cc(c23)nc(N[C@H](C)c4ccc([NH3+])cc4)c5c3cnc(n5)NC6CC6,-1.984,37,-0.053621621621621623
CN(C)Cc1cccc(c1)-c(c2)c(-c3ccc(C(=O)N)cc3)cc(c24)n(C)c(n4)N5CCOCC5,-1.983,35,-0.05665714285714286
COc1ccccc1-c(cn2)c(n23)nc(cc3NCC(F)(F)N)-c4cc[nH+]cc4,-1.982,29,-0.0683448275862069
CC(C)[C@@H](C)N(CC1)c(c12)cc(cc2)[C@H](C)Nc(nc[nH+]3)c(c34)c(-c5cccc(C(F)(F)F)c5)cc(c4)-c6cccc(c6)C(=O)N,-1.982,46,-0.04308695652173913
COCC(=O)N(CCO1)Cc(c12)c(ccc2)-c(c3)c(-c4ccncc4)cc(c35)ncnc5N[C@H](C)c6cccc(c6)C(C)C,-1.98,44,-0.045
COc1cccc(c1)[C@H](C)Nc(nc2)nc(c23)n(c(=O)c(c3C)-c4ccc(C)cc4)-c5nccn5CC(=O)N(C)C,-1.978,41,-0.04824390243902439
CCOc1nc(cs1)-c2cnc(-c3cccs3)nc2N[C@H](C)c4ccc([NH3+])cc4OC,-1.978,31,-0.06380645161290323
c1cc(F)ccc1-c(c(=O)n2CCN(C)C)c(C)c(c23)cnc(n3)NCCO,-1.976,28,-0.07057142857142858
COCC(C)(C)Nc(nc[nH+]1)c(c12)c(-c3cccc(C)c3)cc(c2)-c4ccccn4,-1.974,30,-0.0658
C1COCCN1c([nH+]2)n(C)c(c23)cc(-c4ccc(F)cc4)c(c3)-c5cccnc5,-1.972,29,-0.068
Oc(c1)cccc1[C@H](CC)Nc(ncn2)c(c23)c(-c4nc(C)cn4C)c(o3)-c5ccc(C(=O)[O-])cc5,-1.971,36,-0.05475
Cc1ccc(cc1)NC(=O)Nc2nc(C)cc(n2)-c3ccc(cc3)NC(=O)n4cc[nH+]c4,-1.966,32,-0.0614375
Brc(c1)cccc1-c(c(c23)c(ncn2)NCC)c(o3)-c4cccc(c4)[C@H](C)N,-1.966,28,-0.07021428571428572
C1COCCN1c(n2)n(C)c(c23)cc(-c4ccnccc4=O)c(c3)-c5ccccc5CN,-1.96,32,-0.06125
Cc1cccc(c1)CNc(nc[nH+]2)c(c23)cc(-c4ccc(Cl)cc4)c(c3)-c5cccnc5C(=O)[O-],-1.959,35,-0.055971428571428575
C[C@@H]1CN(C1=O)C(=O)c2cccc(c2)-c(c3)c(-c4ccc(F)cc4)cc(c35)[nH+]c(n5C)N6CCOCC6,-1.956,37,-0.052864864864864865
COc1ccccc1-c(c2)c(-c3ccc(C)cc3C(=O)N)cc(c24)[nH+]c(n4C)N5CCOCC5,-1.95,34,-0.057352941176470586
OC[C@@H](C)c1ccc(cc1)[C@H](C)Nc(c2)c(-c3ccccc3)cc(c24)[nH+]cc(C#N)c4NCCO,-1.95,35,-0.055714285714285716
COCC(C)(C)Nc(ncn1)c(c12)c(-c(cc3)cc(c34)n(C)c[nH+]4)cc(c2)-c5ccccn5,-1.95,33,-0.05909090909090909
COc1ccccc1-c(c2)c(-c3cc(F)ccc3F)cc(c24)[nH+]c(n4C)N5CCOCC5,-1.948,32,-0.060875
CC(C)Nc(nc[nH+]1)c(c12)cc(c(c2)-c3cnn(C)c3)-c4ccc(N(C)C)cc4,-1.948,29,-0.06717241379310344
c1cc(C)ccc1[C@@H](C)Nc2nc(NCC)nc(c23)ccc(n3)[C@H](CCO)[NH+]4CCCC4,-1.948,32,-0.060875
c1cnccc1-c(c2)c(cc(c23)c(NC)nc[nH+]3)-c4ncnnc4C5CCCC5,-1.945,29,-0.06706896551724138
COCCNc(c1)c(-c2cccnc2)cc(c13)[nH+]cc(C#N)c3NCc4cc(N)cc(C(F)(F)F)c4,-1.943,36,-0.05397222222222223
COc1cc(ccc1O)-c(c2)c(-c3ccc(F)cc3)cc(c24)[nH+]cnc4NCCC[NH3+],-1.943,31,-0.06267741935483871
CC(=O)Nc1cccc(c1)-c(cc(c2)-c3cccnc3)c(c24)c(nc[nH+]4)N[C@H](C)Cc5ccccc5,-1.942,36,-0.05394444444444444
CNc1nc[nH+]c(c12)cc(-c(cc3)ccc3C(=C)C(=O)N)cc2-c4ccc(C)nc4,-1.939,30,-0.06463333333333333
NC(=O)c(cc1)ccc1-c(c(c2)OC)cc(c23)ncc(C#N)c3N[C@H](N)c4cc(C)cc(C(F)(F)F)c4,-1.934,37,-0.05227027027027027
Fc1ccc(F)cc1-c(c(c2)-c(cn3)ncc3C)cc(c24)[nH+]c(n4C)N5CCOCC5,-1.934,31,-0.062387096774193546
OCc(c1)cccc1-c(c2)cc(-c(c[nH+]3)ccc3C)c(c24)c(ncn4)N[C@@](C)(C(=O)[O-])c5cccc(N)c5,-1.93,38,-0.05078947368421052
COc1ccccc1-c(c2)c(-c3cccc(c3)[C@H](C)O)cc(c24)[nH+]c(n4C)N5CCOCC5,-1.929,33,-0.058454545454545453
Cc1cccc(c1)[NH2+]CCNc(nc2NCC(C)C)[nH+]c(c23)ccc(n3)-c4c(C)noc4C,-1.929,33,-0.058454545454545453
CC(=O)Nc1cccc(c1)CNc(c(C#N)c[nH+]2)c(c23)cc(c(c3)-c4ccc(Cl)cc4)N[C@H](C)c5cccc(C(F)(F)F)c5,-1.926,44,-0.04377272727272727
c1cc([NH3+])ccc1[C@H](C)Nc(ncn2)c(c23)c(-c4cccc(c4)CO)c(o3)-c5cccc(c5)N(C)C,-1.926,36,-0.0535
CN(C)Cc(nc1)ccc1-c(c(c2)OC)cc(c23)ncc(C#N)c3N[C@@H](C(C)C)c4cccc(N)c4,-1.909,36,-0.05302777777777778
n1cnc(NC)c(c12)cc(-c3cccc(C)c3)c(c2)-c4cccc(c4)C(=O)OC(=O)N5CCCCC5,-1.907,36,-0.052972222222222226
c1cccc(c12)CC[N@H+]([C@@H]2C(F)(F)F)CNc3nc(-c4ccccc4)ncc3-c5cccnc5,-1.907,34,-0.05608823529411765
Nc1cc(C(F)(F)F)ccc1[C@H](C)Nc(ncn2)c(c23)c(cc(c3)-c4ccc(nc4)[C@H](C)N(C)C)-c5cccc(c5)C(=O)N6CCOCC6,-1.902,49,-0.03881632653061224
NCc1ccc(cc1)-c(c2)c(-c3ccc(F)cc3)cc(c24)oc(n4)N5CCOCC5,-1.9,30,-0.06333333333333332
COc1ccc(cc1)-c2cnc(-c3conc3C)nc2N[C@@H]4CCN4Cc5ccc(C)cc5,-1.899,33,-0.057545454545454545
c1cccc(c12)OC(=C/C(=O)[N-]C2=O)\c(c(c3)OC)cc(c34)ncc5c4cc(nc5N)-c6ccno6,-1.893,36,-0.052583333333333336
c1ncccc1-c(c2)cc(-c3nccn3C)c(c24)c(ncn4)NC5CCN(CC5)Cc6ccccc6,-1.888,36,-0.05244444444444444
c1cc(=O)cccc1-c(c2)cc(-c3ccccc3OC)c(c24)c(nc[nH+]4)N[C@H](C)c5cc(N)cc(C(F)(F)F)c5,-1.887,40,-0.047175
CC[C@](F)(C)c1cc(N)cc(c1)[C@H](C)Nc(cc(n2)-c3cccc(C)c3)n(c24)ncc4-c5ccc(C)[nH+]c5,-1.885,38,-0.049605263157894736
C[C@H](O)COc1ccc(cc1)-c(c2)c(-c3cc(F)ccc3F)cc(c24)[nH+]c(n4C)N5CCOCC5,-1.885,35,-0.05385714285714286
Cc1ccc(cc1)C(C)(C)Nc(c2)c(-c3ccc(C(=O)N)cc3)cc(c24)[nH+]cc(C#N)c4NCCO,-1.882,36,-0.05227777777777778
Cc1ccc(cc1)[C@H](C)Nc(nc[nH+]2)c(c23)c(-c4ccc(C)nc4)cc(c3)-c5cccc(c5)CO,-1.876,35,-0.053599999999999995
Cc1ccccc1-c(cn2)c(n23)nc(-c4cc[nH+]cc4)cc3NC(=O)NC(C)C,-1.872,29,-0.06455172413793103
COc1ccccc1-c(c2)c(-c3ccc(O)cc3C(=O)N(C)C)cc(c24)[nH+]c(n4C)N5CCOCC5,-1.868,36,-0.051888888888888894
Fc1ccc(cc1)CCNc(nc[nH+]2)c(c23)ccc(c3)CCc(cc4)cc(c45)cccc5,-1.867,32,-0.05834375
FC(F)(F)c(cc1)ccc1[C@H](C)Nc(ncn2)c(c23)c(-c4cccc(C(F)(F)Cl)c4)c(o3)-c5ccc(N(C)C)c[nH+]5,-1.862,41,-0.04541463414634147
FC(F)(F)c(c1)cc(N)cc1[C@@H](C)Nc(nc[nH+]2)c(c23)cc(c(c3)OC)-c4ccccc4CC(=O)N5CCOCC5,-1.86,41,-0.04536585365853659
COc1cccc(c1OC)-c2cc(C)nc(n2)N[C@H](C)c3ccnc(c3)N(C4)CCCC4(F)F,-1.858,34,-0.05464705882352942
Cc1n(C)nc(C)c1-c2cc(-c(cc3C=C)n(c3)C(=O)[C@H](C)O)cc(c24)ncnc4N[C@@H]5C[C@H](C)N(C5)C(=O)C,-1.857,40,-0.046425
Cc1ccc([C@H](C)O)c(c1)[C@H](C)Nc(nc[nH+]2)c(c23)c(-c4c(C)nn(C)c4C)cc(c3)-c5cccccc5=O,-1.856,39,-0.04758974358974359
Cc(c1)cccc1-c(c(c2)OC)cc(c23)ncc(C#N)c3N[C@H](C)[C@@H]4CC[N@@H+](C4)Cc5cc(C(F)(F)F)cc(C(F)(F)F)c5,-1.85,44,-0.042045454545454546
CN(C)C(=O)c1ccccc1-c(c2)c(-c3ccc(C(F)(F)F)cc3)cc(c24)n(C)c([nH+]4)N5CCOCC5,-1.849,37,-0.04997297297297297
CCCNc(nc[nH+]1)c(c12)ccc(c2)-c3ccncc3OC,-1.846,22,-0.08390909090909092
[NH3+]CCCNc(nc[nH+]1)c(c12)cc(c(c2)-c3ccccc3)-c4cccc(c4)C(=O)N,-1.843,30,-0.06143333333333333
CC(=O)Nc1cccc(c1)-c(cc(c2)-c3nc(C)oc3C)c(c24)c(nc[nH+]4)NCc5ccc(C(F)(F)F)cc5,-1.836,39,-0.04707692307692308
COc1ccccc1-c(c2)c(-c3cccc(c3)CN(C)C)cc(c24)nc(n4C)N5CCOCC5,-1.832,34,-0.05388235294117647
c1cc(Cl)ccc1-c(cc2)nc(c23)c(N[C@@H](C)c4cccc(c4)CN)nc([nH+]3)N[C@@H]5CC[N@H+](C5)C(C)C,-1.831,37,-0.049486486486486486
COc1ccccc1-c(c2)c(-c3ccccc3O)cc(c24)[nH+]cnc4N[C@@H]5CCOC5,-1.831,31,-0.059064516129032255
CC[N@H+]1CC[C@@H](CC1)[C@H](C)Nc(nc[nH+]2)c(c23)cc(c(c3)-c4cnn(C)c4)-c5ccc(CO)cc5,-1.828,35,-0.05222857142857143
Cc1ccc(cc1)CNc(ncn2)c(c23)cc(S(=O)(=O)C(C)(C)C)c(c3)-c4ccc(C(=O)N)cc4,-1.827,35,-0.052199999999999996
Cn1nccc1-c(o2)c(-c3cccc(C(F)(F)Cl)c3)c(c24)c(ncn4)N[C@H](N)c5cccc(C(F)(F)F)c5,-1.825,38,-0.04802631578947368
COc1cc(OC)c(cn1)-c(c2)c(-c3ccccc3)cc(c24)c(nc[nH+]4)N[C@@H]([C@H](C)O)c5ccccc5,-1.824,37,-0.0492972972972973
Cc(n1)nccc1-c(c(c2)OC)cc(c23)ncc(C#N)c3N[C@H](N)c4cc(C)cc(C(F)(F)F)c4,-1.821,35,-0.052028571428571424
CCNc1nc(NCC)nc(c12)ccc(n2)-c3ccc(F)cc3,-1.816,23,-0.07895652173913044
C1COCCN1c(n2)n(C)c(c23)cc(-c4ccc(cc4)OC(=O)N)c(c3)-c(cc5)cc(c56)nccc6,-1.813,36,-0.050361111111111106
CN(C)Cc(c1)cccc1-c(c(c2)-c(c3)cccc3C)cc(c24)n(C)c(n4)N5CCOCC5,-1.813,33,-0.05493939393939394
Cc1ccc(cc1)-c(c2)c(S(=O)(=O)C(C)(C)C)cc(c23)c(ncn3)N[C@H](C)c4cc(N(C)C)ccc4C,-1.812,37,-0.048972972972972977
Cc1cccc(c1)-c(cn2)c(n23)nc([C@H](C)c4ccc(C(F)(F)F)cc4)cc3N[C@@](C)(N)c5cccc(C(F)(F)F)c5,-1.81,42,-0.043095238095238096
Cc1ccc(C)c(c1)-c2cc(C)nc(n2)NCCN3CCN(CC3)CCn4ccnc4,-1.81,31,-0.05838709677419355
[NH3+]Cc(cc1)ccc1Nc(ncn2)c(c23)c(-c(c4)cccc4OC)c(o3)CCN5CCN(C(C)C)CC5,-1.806,37,-0.04881081081081081
Cc1cc(N)cc(c1)[C@H](C)Nc(ncn2)c(c23)c(-c4ccc(C)nc4)cc(c3)-c5ccc(=O)n(c5)C[C@H](C)N(C)C,-1.805,41,-0.044024390243902436
Cc1cccc(c1)CNc(nc[nH+]2)c(c23)c(-c4c(C)nn(C)c4C)cc(c3)-c5nn(C)c(=O)cc5N,-1.792,36,-0.04977777777777778
CCN(C)C(=O)Cc1ccc(cc1)-c(cc2-c3cnccn3)cc(c24)[nH+]cnc4N[C@H](C)c(cc5)cc(c56)N(CC6)[C@H](C)C(C)C,-1.788,46,-0.03886956521739131
OC[C@@H](N)[C@@H](C)c(c1)cc(-c(cc2C)ccc2CO)c(c13)c(ncn3)N[C@H](C)c4cn(C)cc4C,-1.788,35,-0.05108571428571429
COc1ccccc1-c(c2)c(OC)cc(c23)c(c(C#N)c[nH+]3)N[C@H](C)CO,-1.784,27,-0.06607407407407408
C1COCCN1c([nH+]2)n(C)c(c23)cc(-c4ccccc4)c(c3)-c5ccc(C(=O)N)cc5,-1.784,31,-0.05754838709677419
C1CCC[C@@H]([N@H+]12)CN(CC2)C(=O)Nc(ncn3)c(c34)c(-c5cccc[nH+]5)c(o4)-c6cccc(c6)CO,-1.783,36,-0.049527777777777775
C1COCCN1c([nH+]2)n(C)c(c23)cc(-c4ccc(F)cc4)c(c3)-c5ccc(Cl)cc5,-1.776,30,-0.0592
Cc1ccc(cc1)-c(o2)c(c(c23)c(ncn3)NCC(C)(C)[NH3+])-c4cc[nH+]cc4,-1.771,28,-0.06325
CC(C)Nc(nc[nH+]1)c(c12)cc(-c3ccc(F)cc3)c(c2)-c4cccc(c4)CO,-1.77,29,-0.06103448275862069
C1COCCN1c([nH+]2)n(C)c(c23)cc(-c4ccc(C(F)(F)F)cc4)c(c3)-c5ccc(N)cc5,-1.768,33,-0.053575757575757575
Cc1ccc([NH+](C)C)c(c1)[C@H](C)Nc(ncn2)c(c23)c(-c4ccccc4F)cc(c3)-c5ccsc5,-1.768,35,-0.05051428571428571
CC(C)Nc(c(C#N)c[nH+]1)c(c12)cc(NC(C)(C)C)c(c2)-c3cnccc3Cl,-1.765,28,-0.06303571428571428
CCC[N@@H+](C)Nc(c1)c(-c2cccnc2)cc(c13)ncc(C#N)c3Nc4cccc(F)c4,-1.765,32,-0.05515625
Cc1ccc(cc1)-c2cnc(s2)Nc3cc(nc(n3)C)-c4[nH+]cn(C)c4C,-1.761,27,-0.06522222222222222
CCn1cc(c(n1)C)-c2cnc(-c3cn(C)nc3C)nc2N[C@]4(CO)CCN(C4)Cc5ccccc5,-1.753,36,-0.04869444444444444
CC(C)Nc(n1)ncc(c12)c(C)c(-c3ccccc3F)c(=O)n2[C@@H]4CC[N@H+](CC4)Cc5ccccc5,-1.746,36,-0.0485
C1CCC[NH+]1[C@@H]([O-])CNc([nH+]c2NC)ncc2-c3cnccn3,-1.743,23,-0.07578260869565218
COc1cccc(c1)C(=O)N[C@H](C)CNc(nc[nH+]2)c(c23)cc(-c4cccnc4)c(c3)-c5cccc(c5)C(=O)OC(=O)N6CCCCC6,-1.743,48,-0.036312500000000004
CCc1ccc(cc1)-c(cc2)cc(c23)c(nc(n3)-c4ncco4)-c5ccc[nH+]c5N(C)C,-1.742,32,-0.0544375
FC(F)(F)c(n1C)nc(C)c1-c(c(c2)OC)cc(c23)ncc(C#N)c3N[C@H](N)c4cc(C)cc(C(F)(F)F)c4,-1.739,39,-0.044589743589743595
c1[nH+]c(C)ccc1-c(c(c2)OC)cc(c23)ncc4c3cc(nc4N)-c5ccccc5O,-1.735,31,-0.05596774193548387
CCC(=O)N1CC(C1)Nc(nc[nH+]2)c(c23)cc(-c4ccc(C(=O)N)cc4)c(c3)-c5cccc(c5)C(=O)OC(=O)N6CCCCC6,-1.735,45,-0.03855555555555556
CN(C)C(=O)c(cc1)ccc1-c(o2)c(-c(c3)c(OC)ccc3OC)c(c24)c(ncn4)N[C@H](C)c5ccc(F)cc5C,-1.733,41,-0.04226829268292683
Nc1cccnc1Nc2nc(NCC(=O)NC)[nH+]c(c23)ccc(n3)-c4cccc(c4)OC,-1.732,32,-0.054125
O=c1n(C)c(C)ccc1-c(c(c2)OC)cc(c23)ncc(C#N)c3[N-]C(=O)c4cccc(C)c4,-1.731,33,-0.052454545454545455
CCN(C(=O)[O-])c1ccc(cc1)-c(c2)c(-c3ccccc3)cc(c24)[nH+]c(n4C)N5CCOCC5,-1.729,34,-0.050852941176470594
Fc1ccccc1-c(c(c23)c(NC(C)(C)C)nc[nH+]2)cc(c3)-c4ccc(O)c(c4)C[C@H]([O-])[NH+]5CCCCC5,-1.726,38,-0.045421052631578945
CCNc1nc(NCCC)nc(c12)ccc(n2)-c3ccccc3F,-1.721,24,-0.07170833333333333
FC(F)(F)c(c1)cccc1[C@H](C)Nc(nc[nH+]2)c(c23)c(-c4ccccc4C(=O)N)cc(c3)-c5cccc(=O)cc5,-1.721,40,-0.043025
c1nc(C)ccc1-c2cc(-c(cc3)ccc3C(=C)C(=O)N)cc(c24)[nH+]cnc4NC(C)C,-1.719,32,-0.05371875
CCn1cc(cn1)-c2c[nH+]c(-c3ccc(C)cc3)nc2N[C@H](C)C[NH3+],-1.718,25,-0.06872
COc1cccc(c1)-c(c2)c(-c3cccnc3OC)cc(c24)c(nc[nH+]4)N[C@@H]5CC[N@@H+](C)CC5,-1.716,34,-0.050470588235294114
N#Cc(c1)cccc1-c(nc2NCC)[nH+]cc2-c3ccc(OC)c(O)c3,-1.716,26,-0.066
C1CCC[NH+]1C[C@@H](CC)Nc(ncn2)c(c23)c(-c4ccccn4)c(o3)-c5cccc(c5)OC,-1.715,33,-0.05196969696969697
C[NH+](C)CCNc(c(C#N)c[nH+]1)c(c12)cc([N-]S(=O)(=O)C)c(c2)-c3cccnc3,-1.714,29,-0.059103448275862065
Cn1ccc(cc1=O)-c(c2)c(-c3ccc(F)cc3)cc(c24)n(C)c([nH+]4)N5CCOCC5,-1.71,31,-0.055161290322580644
Cn1nccc1-c(c2)c(-c3cc(F)ccn3)cc(c24)[nH+]c(n4C)N5CCOCC5,-1.706,29,-0.05882758620689655
CN(C)Cc1ccc(cc1)-c(c2)c(-c3ccccc3)cc(c24)nc(o4)N5CCOCC5,-1.705,31,-0.055
CC(=O)c1ccc(cc1)-c(c2)c(-c3ccc(Cl)cc3)cc(c24)[nH+]cnc4N[C@@H]5CCOC5,-1.699,32,-0.05309375
CN(C)C(=O)c1ncccc1-c(c2)c(-c(cc3)cc(c34)nccc4)cc(c25)[nH+]c(n5C)N6CCOCC6,-1.699,37,-0.04591891891891892
c1ncccc1-c(c2)cc(-c3ccnn3C(=O)C)c(c24)c(nc[nH+]4)N[C@H](C)C5CN(C5)c6cccc(Cl)c6,-1.696,38,-0.04463157894736842
Cc1cc([NH3+])ccc1C(C)(C)Nc(nc([nH+]2)NCC(=O)N)c(c23)nc(cc3)-c4cccc(c4)NC(C)C,-1.69,37,-0.045675675675675674
CN(C)c(c1)cc(C(=O)[O-])cc1-c(o2)c(-c3cn(C)nc3C)c(c24)c(ncn4)N[C@H](C)c5cc(C(N)N)cc(C(F)(F)F)c5,-1.689,44,-0.038386363636363635
CCCNc(nc(n1)NC)c(c12)nc(cc2)-c3ccn(n3)C,-1.686,22,-0.07663636363636363
CN(C)CC(=O)COc(c1)cc(-c(cn2)ccc2C)c(c13)c(nc[nH+]3)N[C@H](C)c4cccc(C(F)(F)F)c4,-1.683,38,-0.044289473684210524
Fc1ccccc1-c2cc(-c3nccn3CC)cc(c24)[nH+]cnc4NC(C)(C)CO,-1.681,30,-0.05603333333333334
Fc1ccc(cc1C)[C@H](C)Nc(ncn2)c(c23)c(-c4cccc[nH+]4)c(o3)-c5ccc(cc5)OC(F)(F)CO,-1.679,38,-0.04418421052631579
FC(F)(F)c(c1)cc(N)cc1[C@@H](F)Nc(cc(c23)c(NCC)c(C#N)c[nH+]2)c(c3)-c4ccnn4C(=O)C(=O)N(C)C,-1.678,41,-0.040926829268292685
CN(C)c1ccc(c[nH+]1)-c2cnc(NCC(=O)[C@H](N)CO)nc2-c3ccncc3Cl,-1.675,30,-0.05583333333333333
c1cc([NH3+])ccc1[C@H](CC)Nc(ncn2)c(c23)c(-c4ccc(F)cc4)c(o3)-c5ccncc5,-1.672,33,-0.050666666666666665
CCCn1ncc(F)c1Nc2nc(-c3cccs3)ncc2-c4[nH+]cn(C)c4C,-1.669,28,-0.05960714285714286
COc1ccc(c(O)c1)-c(cc2)cc(c23)c(-c4ccc(N(C)C)[nH+]c4)nc(n3)Cc5nccnc5C,-1.666,36,-0.04627777777777778
Cc(n1)occ1-c(cn2)c(n23)nc(-c(cc4)ccc4OC)cc3NC(=O)c5ccc(N)cc5C,-1.66,34,-0.0488235294117647
OCc(cc1)ccc1-c(c(o2)C)c(c23)c(ncn3)NCC(=O)N4CC[C@@H]4c(n5)n(C)c(c56)cccc6,-1.658,36,-0.04605555555555555
CCc1ccc(c(C)[nH+]1)-c(c2)c(-c3ccc(C(F)(F)F)nc3C)cc(c24)ncnc4NC(C)C,-1.658,34,-0.04876470588235294
CN(C)C(=O)c1ccc(cc1)-c(c2)c(-c3ccccc3F)cc(c24)[nH+]c(n4C)N5CCOCC5,-1.654,34,-0.04864705882352941
C[C@H](C1)C[C@H]1Nc(nc[nH+]2)c(c23)c(-c4c(C)n(C)nc4C)cc(c3)-c5ccc(CO)nc5,-1.65,32,-0.0515625
Cn1ccc(c1)-c(cc2)cc(c23)c(nc(n3)-c4cc(C#N)co4)-c5[nH+]ccn5C,-1.649,29,-0.056862068965517244
Fc1ccc(F)c(c1)-c(o2)c(-c3cccc[nH+]3)c(c24)c(ncn4)NC5CCCCC5,-1.649,30,-0.05496666666666667
CC(C)Nc(nc[nH+]1)c(c12)ccc(c2)-c(n3)n(C[C@H](F)N(C)C)c(c34)cncc4,-1.644,29,-0.05668965517241379
CNc1cccc(c1)NC(=O)Nc(cc(n2)-c3ccccc3F)n(c24)ncc4-c5ccc(C)[nH+]c5,-1.64,35,-0.046857142857142854
O=C([O-])Cn1c(C)ncc1-c(c2)cc(-c3c(C)n(C)nc3C)c(c24)c(ncn4)N[C@H](C)c5ccc(C(F)(F)F)cc5N,-1.639,42,-0.03902380952380952
CCOc1c(OC)cccc1-c(c2)c(-c3ccnn3C[NH+](C)C)cc(c24)c(ncn4)N[C@H](C)c5cc(O)cc(C(F)(F)F)c5,-1.639,44,-0.03725
Cc1onc(C)c1-c(c(c2)OC)cc(c23)[nH+]cc(C#N)c3N[C@H](C)CO,-1.639,26,-0.06303846153846154
C[C@H](O)c(c1)cccc1-c(c(o2)[C@@H](C)CC)c(c23)c(ncn3)Nc4cc([O-])ccc4C#N,-1.639,32,-0.05121875
C1COCCN1c([nH+]2)n(C)c(c23)cc(-c4ccc(S(=O)(=O)N)cc4)c(c3)-c5ccc(F)cc5,-1.634,33,-0.04951515151515151
CCNc(n1)nc(NCCC)c(c12)nc(cc2)-c3ccccc3,-1.631,23,-0.07091304347826087
Cc1ccc(cc1C[NH3+])C(=O)Nc(ncn2)c(c23)cc(S(=O)(=O)C(C)(C)C)c(c3)-c4ccccc4,-1.627,35,-0.04648571428571428
C[N@H+]1CC[C@@H](CC1)Nc(nc2)nc(c23)nc(-c4cccc(C([O-])(F)F)c4)c(c3)-c5cccc(F)c5,-1.622,35,-0.046342857142857144
Fc1ccccc1-c(c(c2)-c(on3)cc3[C@H](C)O)cc(c24)[nH+]c(n4C)N5CCOCC5,-1.619,31,-0.052225806451612906
OCCCNc1nc(NC[C@H](C)O)nc(c12)ccc(n2)-c3ccc(C(F)(F)F)cc3,-1.619,30,-0.05396666666666667
Cc1ccc(cc1)[C@H](C)Nc(ncn2)c(c23)c(-c4c(C)noc4C)cc(c3)-c5nccn5CC(=O)N(C)C,-1.618,38,-0.042578947368421056
COc1cccc(c1OC)-c2cnc(-c3cccnc3)nc2N[C@H](C)c4ccc(CN)cc4,-1.616,33,-0.048969696969696976
CCCNc(nc[nH+]1)c(c12)c(-c3ccc(C)nc3)cc(c2)-c4cccc(c4)C(=O)OC,-1.613,31,-0.052032258064516126
CCNC(=O)Oc1cccc(c1)-c(c2)c(OC)cc(c23)c4c(cn3)c(N)nc(c4)-c5ccc(C(=O)N)cc5,-1.611,38,-0.04239473684210526
CN(C)C(=O)n(c1)ncc1-c(c2)cc(-c(cc3C)cc[nH+]3)c(c24)c(ncn4)N[C@H](C)c5ccc(C(F)(F)F)cc5N,-1.611,41,-0.03929268292682927
Cc1ccc(cc1)[C@H](C)Nc(ncn2)c(c23)c(-c4ccc(C)[nH+]c4)cc(c3)-c5cccc(c5)CO,-1.609,35,-0.04597142857142857
CCCc(c1)c(OC)cc(c12)c(c(C#N)c[nH+]2)N[C@H](C)c3cccc(c3)[C@H](C)CO,-1.607,30,-0.053566666666666665
CN(C)Cc1ccc(cc1)-c(c2)c(-c3ccc(F)cc3)cc(c24)oc(n4)N5CCOCC5,-1.606,32,-0.0501875
C[NH+](C)[C@@H](C)c(c(=O)cc1)ccc1-c2cc(-c(cc3)ccc3OCC)cc(c24)cnc([nH+]4)N[C@H](C)Nc5cc(C(F)(F)F)ccc5CC,-1.605,48,-0.0334375
Cc1nocc1-c(c2)c(-c3ccc(F)cc3)cc(c24)[nH+]cnc4N[C@@H]([C@H](C)O)c5ccccc5,-1.602,34,-0.047117647058823535
FC(F)(F)c(c1)cccc1[C@H](C)Nc(ncn2)c(c23)c(c(o3)-c4ccn(n4)C)-c5cccc[nH+]5,-1.602,34,-0.047117647058823535
Cc1ccc(cc1)-c2nc(NCCO)ncc2-c3cn(C)c[nH+]3,-1.601,23,-0.06960869565217391
n1ccncc1-c(c2)cc(-c(c[nH+]3)ccc3CC)c(c24)nc(nc4)N[C@@](F)(C)c5cc(O)cc(c5)N(C)C,-1.597,38,-0.04202631578947368
Fc1ccccc1-c(c(c23)c(NCC)nc[nH+]2)cc(c3)-c4ccnc(c4)C(=O)N(C)C,-1.597,31,-0.051516129032258065
C1COCCN1c([nH+]2)n(C)c(c23)cc(-c4cccc(Br)c4)c(c3)-c5ccccc5,-1.596,29,-0.05503448275862069
O=c(c1)n(C)ccc1-c(c2)cc(-c(c[nH+]3)ccc3C)c(c24)c(ncn4)NCC[NH+]5CCCCC5,-1.595,34,-0.046911764705882354
OCCCNc1nc(NC(C)C)nc(c12)ccc(n2)-c3ccc(C(F)(F)F)cc3,-1.594,29,-0.05496551724137931
c1cnccc1-c(c2)ccc(c23)nc(-c([nH+]4)n(C)cc4C)nc3-c5ccncc5C(=O)N6CCCCC6,-1.592,37,-0.04302702702702703
C[C@@H]1CC[C@H](O)[N@H+](CC1)Cc2ccc(cc2)-c(c3)c(-c4ccc(=O)n(C)c4)cc(c35)ncnc5N[C@H](C)c6cccc(Cl)c6,-1.592,44,-0.03618181818181818
CC(=O)Nc1cccc(c1)-c(cc(c2)-c3ccn(C)c(=O)c3)c(c24)c(ncn4)N[C@H](C)c5cccc(c5)[C@H](C)N,-1.586,40,-0.039650000000000005
COc1ccc(cc1OC)-c(cc2)nc(c23)c(nc(n3)NC(C)C)NCCCO,-1.581,29,-0.05451724137931034
Cc1n(C)nc(C)c1-c2cc(-c(cc3C=C)n(c3)C(=O)[C@@H]([O-])C)cc(c24)[nH+]cnc4N[C@@H]5CCN(C5)c6cccc(C(F)(F)F)c6,-1.58,46,-0.03434782608695652
OCCNc1nc(NC)nc(c12)ccc(n2)-c3c(C)noc3C,-1.578,23,-0.06860869565217391
CN(C)Cc(cc1)ccc1-c(c2)cc(-c(cc3)ccc3[C@@H](N)C(=O)OC)c(c24)nc(nc4)NCc5cc(C)cc(C)c5,-1.576,42,-0.03752380952380953
C[C@H](O)CNc(n1)nc(NCC)c(c12)nc(cc2)-c3cccc(C)c3,-1.573,25,-0.06292
CNc1ncnc(c12)cc(-c(cc3)ccc3C(=C)C(=O)N)cc2-c4ccc(C)[nH+]c4,-1.573,30,-0.05243333333333333
CCCNc(nc[nH+]1)c(c12)cc(-c3cccnc3)c(c2)-c4ccncc4,-1.571,26,-0.06042307692307692
Clc1cc(C)ccc1[C@@H](C)Nc(ncn2)c(c23)c(-c(c4)cc(OC)cc4OC)c(o3)[C@H](C)NC(=O)NC(=O)c5cccc(F)c5,-1.562,45,-0.03471111111111111
Nc(c1)c[nH+]cc1-c2cc(-c(cn3C)cnc3=O)cc(c24)ncnc4NC5CC[NH2+]CC5,-1.562,32,-0.0488125
COc1cccc(c1)[C@H](C)Nc(nc2)nc(c23)n(-c4cncc(c4)CN(C)C)c(=O)c(c3C)-c5ccc(cc5)NC(=O)[C@H](C)[NH+](C)C,-1.556,47,-0.033106382978723405
Cn1ccc(cc1=O)-c(c2)c(-c3ccccc3)cc(c24)[nH+]c(n4C)N5CCOCC5,-1.551,30,-0.051699999999999996
c1ccccc1C(=O)C[N@@H+]2CC[C@@H](C2)Nc(nc(n3)-c4ccccc4)n(c35)ncc5-c6cccs6,-1.549,35,-0.044257142857142856
O=c1ccn(CC(=O)N)cc1-c(c(c2)-c(cc3)ccc3C)cc(c24)n(C)c([nH+]4)N5CCOCC5,-1.548,34,-0.04552941176470588
COC(=O)c1cccc(c1)-c(cc2-c3ccc(C)[nH+]c3)cc(c24)ncnc4N[C@H](C)c5cccc(C)c5,-1.548,37,-0.04183783783783784
c1cccc(c12)OC(=C/C(=O)[N-]C2=O)\c(c(c3)OC)cc(c34)ncc5c4cc(nc5N)-c6ccccc6F,-1.544,38,-0.04063157894736842
O=c(c1)[nH]ccc1-c(cc2)cc(c23)c(-c(c4)cccc4C)nc(n3)-c5cccc(C([O-])(F)F)c5,-1.539,34,-0.045264705882352936
Fc(c1)c(F)ccc1-c(c2)c(cc(c23)c(NC(C)C)c(C#N)c[nH+]3)N[C@H](C)c4cccc(c4)C(F)(F)CO,-1.538,38,-0.040473684210526314
C1COCCN1c([nH+]2)n(C)c(c23)cc(-c4cccc(F)c4)c(c3)-c5ccccc5C(=O)N,-1.538,32,-0.0480625
C[NH+](C)c(c1)cccc1[C@@H](C)Nc2nc(NCC)[nH+]c(c23)ccc(n3)-c4cc(ccn4)N5CCOCC5,-1.538,37,-0.04156756756756757
C[NH+](C)Cc1cc(c(Cl)cn1)-c(c2)c(-c3ccccc3O)cc(c24)[nH+]cnc4N[C@@H]5CCOC5,-1.533,34,-0.045088235294117644
Cc1cccc(c1)[C@H](C)Nc(ncn2)c(c23)cc(S(=O)(=O)C(C)(C)C)c(c3)-c4cccc(c4)N(C)C,-1.528,36,-0.042444444444444444
CC(=O)Oc(cc1)ccc1-c(c(c2)OC)cc(c23)c(ncn3)Nc4ccc(F)cc4[NH3+],-1.517,31,-0.04893548387096774
Fc1ccccc1-c(cc2)nc(c23)c(NC(F)(F)C)nc([nH+]3)NCC[NH2+]C4CCCCC4,-1.513,32,-0.04728125
CN(C)C(=O)Cn1c(C)ccc1-c(c(c2)-c(c3)cccc3OC)cc(c24)c(ncn4)N[C@H](C)c5cc(C)cc(c5)C(C)(C)N,-1.51,44,-0.03431818181818182
CN(C)Cc1cccc(c1)-c(c2)c(-c3ccccc3)cc(c24)n(C)c(n4)N5CCOCC5,-1.509,32,-0.04715625
C1COCCN1c([nH+]2)n(C)c(c23)cc(c(c3)-c4ccc(F)cc4)-c5cccc(c5)C(=O)N6CCOCC6,-1.502,37,-0.040594594594594594
C1COCCN1c([nH+]2)n(C)c(c23)cc(c(c3)-c4ccco4)-c5cccc(Cl)c5C(=O)[O-],-1.501,31,-0.048419354838709676
C[C@H](O)CNc(ncn1)c(c12)cc(S(=O)(=O)C(C)(C)C)c(c2)-c3ccc(cc3)C(=O)N(C)C,-1.501,33,-0.04548484848484848
O=C([O-])c(cc1)ccc1-c(c2)cc(c(c23)c(nc[nH+]3)NC[C@H](C)O)-c4cc(ccn4)C(=O)N5CCCCCC5,-1.497,39,-0.038384615384615385
Cc1ccc(cc1)CNc(ncn2)c(c23)c(-c4ccccn4)c(o3)-c5ccc(C(=O)N)cc5,-1.492,33,-0.04521212121212121
Brc1ccc(cc1)-c(c2)c(-c3ccncc3)cc(c24)[nH+]cnc4N[C@@H]5CCOC5,-1.491,29,-0.05141379310344828
CCN(C)C(=O)c1ccc(cn1)-c(c2)c(-c3cccnc3)cc(c24)[nH+]cnc4NC(C)C,-1.49,32,-0.0465625
c1cc(Br)ccc1-c(c(c2)NC(C)C)cc(c23)[nH+]cc(C#N)c3NCCO,-1.489,27,-0.055148148148148154
c1sccc1-c(c(c2)S(=O)(=O)C(C)(C)C)cc(c23)ncnc3N[C@@H]4CC(=O)N(C4)c5ccccc5,-1.485,35,-0.042428571428571434
N#Cc(c[nH+]1)c(NC)c(c12)cc(NCCO)c(c2)-c3ccc(N(C)C)cc3,-1.478,27,-0.05474074074074074
Cc1cccc(c1)-c(c2)c(S(=O)(=O)C(C)(C)C)cc(c23)c(ncn3)Nc4cncc(c4)CN(C)C,-1.475,35,-0.04214285714285715
CN(C)Cc(c1)cccc1-c(c(c2)-c(cc3)ccc3C)cc(c24)nc(n4C)N5CCOCC5,-1.475,33,-0.0446969696969697
NC(=O)c(cc1)ccc1-c(c2)c(cc(c23)c(NCC)c(C#N)c[nH+]3)N[C@H](C)c4ccccc4,-1.474,33,-0.04466666666666667
Cc1ccc(cc1)[C@H](C)Nc(nc[nH+]2)c(c23)c(-c4coc(C(=O)[O-])c4)cc(c3)-c5cccnc5,-1.465,34,-0.04308823529411765
[NH3+]CCCNc(nc[nH+]1)c(c12)c(-c3ccccc3F)cc(c2)-c4cccnc4,-1.45,28,-0.05178571428571428
COC(=O)c1cccc(c1)NC(=O)CNc(nc[nH+]2)c(c23)ccc(c3)-c4ccc(OC)cc4,-1.444,33,-0.04375757575757576
c1[nH+]c(C)ccc1-c2cc(-c(cc3)ccc3C(=C)C(=O)N)cc(c24)ncnc4NC(C)C,-1.437,32,-0.04490625
C1COCCN1c([nH+]2)n(C)c(c23)cc(c(c3)-c4cccc(F)c4)-c5cccc(Cl)c5C(=O)[O-],-1.436,33,-0.043515151515151514
Fc1ccc(cc1)-c(o2)c(-c3cccc[nH+]3)c(c24)c(ncn4)NC5CCCC5,-1.435,28,-0.051250000000000004
Cc1cnc(C)c(n1)Nc(c2)c(-c3ccc(=O)n(C)c3)cc(c24)ncc(C#N)c4NS(F)(F)(F)(C)c5ccc([NH3+])cc5,-1.434,42,-0.03414285714285714
Nc(c1)cc(C)cc1-c(c2)c(cc(c23)c(NCC)c(C#N)c[nH+]3)N[C@H](C)c4cccc(c4)C(C)C,-1.426,35,-0.04074285714285714
C1COCCN1c([nH+]2)n(C)c(c23)cc(-c4ccccc4)c(c3)-c5ccnc(C(=O)[O-])c5,-1.425,31,-0.04596774193548387
CNc1nc([nH+]cc1C)NC(=O)[C@@H]2CC(=O)N(C2)c3ccc(C)cc3C,-1.423,26,-0.054730769230769236
C1COCCN1c(n2)n(C)c(c23)cc(-c4ccccc4)c(c3)-c5ccccc5CN,-1.421,30,-0.04736666666666667
Cc(c1)c(C)ccc1[C@@H](C)Nc2nc(NCC)nc(c23)ccc(n3)-c4ccc(C)c(C)c4,-1.418,32,-0.0443125
CC[N@H+]1CC[C@@H](CC1)Nc(c2)c(-c3ccoc(=O)c3)cc(c24)[nH+]cc(C#N)c4NC(C)C,-1.416,32,-0.04425
CC(=O)N[C@H](C)C(=O)n1ccc(c1)-c(o2)c(-c3cccc(C(F)(F)Cl)c3)c(c24)c(ncn4)Nc5ccc(N(C)C)nc5,-1.408,42,-0.033523809523809525
FC(F)(F)c(c1)cc(N)cc1[C@H](C)Nc(nc[nH+]2)c(c23)c(-c4cccc(=O)cc4)cc(c3)-c5ccccc(=O)n5,-1.4,40,-0.034999999999999996
C1COCCN1c(cc2)ccc2[C@H](C)Nc(nc[nH+]3)c(c34)ccc(c4)-c5cccc(c5)C(=O)N(C)C,-1.398,36,-0.03883333333333333
CN(C)C(=O)c(c1)cncc1-c(c(c2)OC)cc(c23)c(nc[nH+]3)NC4CCN(CC4)Cc5ccc(C)c(C)c5,-1.397,39,-0.03582051282051282
CC[N@H+]1CC[C@@H](CC1)[C@H](C)Nc(nc[nH+]2)c(c23)cc(c(c3)-c(cn4)n(c45)cccc5)-c6cccc(c6)C(=O)Oc7ccc(C)cc7,-1.395,46,-0.03032608695652174
CCCNc(ncn1)c(c12)c(-c3ccc(C)[nH+]c3)cc(c2)-c4cccc(c4)C(=O)OC,-1.395,31,-0.045
Cc1cccc(c1)[C@](C)(N)Nc(ncn2)c(c23)c(-c4ccccc4)cc(c3)-c5cnc(=O)n(C)c5,-1.387,35,-0.03962857142857143
c1cc(Cl)ccc1NC(=O)c(c2)c(-c3ccncc3)cc(c24)c(ncn4)N[C@@H]5CCCN(C5)c6ccc(C(F)(F)F)cc6,-1.385,43,-0.0322093023255814
Cc1cccc(c1)-c(cc2)nc(c23)c(NC(C)C)nc(n3)NCCO,-1.378,25,-0.055119999999999995
O=c(c1)ncncc1-c(c2)cc(-c(c3)cccc3NC(=O)C)c(c24)c(nc[nH+]4)N[C@H](C)c5cccc(C(F)(F)F)c5,-1.374,41,-0.03351219512195122
c1cc(O)ccc1-c(n2)nc([C@H](C)CN(C)C)c(c23)cc(cc3)-c4cccc(O)c4,-1.355,30,-0.04516666666666667
CN(C)c1c[nH+]ccc1-c(nc(n2)-c3ccc(F)cc3)c(c24)cc(cc4)-c5ccc(O)cc5,-1.353,33,-0.041
Cc1cn(C)cc1[C@H](C)Nc(nc[nH+]2)c(c23)c(cc(c3)[C@H](C)[C@H]([NH3+])CO)-c4cccc(c4)CO,-1.348,34,-0.03964705882352942
CN(C)[C@H](C)c1cccc(c1)-c(c2)c(-c3ccccc3Cl)cc(c24)oc(n4)N5CCOCC5,-1.345,33,-0.040757575757575756
CCCn1cc(ccc1=O)-c(c2)c(-c3ccc(C)cc3)cc(c24)[nH+]c(n4C)N5CCOCC5,-1.338,33,-0.04054545454545455
C1COCCN1c(n2)n(C)c(c23)cc(-c4ccccc4)c(c3)-c5cc[nH+]c(C(=O)[O-])c5,-1.337,31,-0.04312903225806451
Cc1ccccc1Cn2nccc2-c(c3)c(cc(c34)c(nc[nH+]4)NC(C)C)-c5cnn(c5)CC(=O)N,-1.336,36,-0.037111111111111116
COc(nc1)ccc1-c(c2)c(cc(c23)c(NCC)c(C#N)c[nH+]3)N[C@H](C)c4cccc(C)c4,-1.336,33,-0.040484848484848485
c1ncccc1-c(c2)cc(-c3[nH+]ccn3C)c(c24)c(ncn4)NC5CCN(CC5)Cc6ccccc6,-1.331,36,-0.03697222222222222
COc1cccc(c1C(=O)NC(=O)C)-c(c2)c(-c3cccc(F)c3)cc(c24)[nH+]c(n4C)N5CCOCC5,-1.329,37,-0.03591891891891892
C1COCCN1c([nH+]2)n(C)c(c23)cc(c(c3)-c4ccncc4)-c5cccc(Cl)c5C(=O)[O-],-1.326,32,-0.0414375
Nc1ccc[nH+]c1Nc2nc(NCC(=O)NC)[nH+]c(c23)ccc(n3)-c4cccc(c4)OC,-1.323,32,-0.04134375
Cn(c1)c(=O)ccc1-c(c2)cc(-c(c[nH+]3)ccc3C)c(c24)c(ncn4)N[C@H](C)c5ccc([C@H](C)O)cc5,-1.321,37,-0.035702702702702704
O=C([O-])c(c1)cccc1-c(c2)c(cc(c23)c(NC)c(C#N)c[nH+]3)N[C@H](C)c4cc(N)cc(C(F)(F)F)c4,-1.321,37,-0.035702702702702704
COC(=O)c1cccc(c1)NC(=O)CNc(ncn2)c(c23)ccc(c3)-c4c[nH+]ccc4C,-1.316,32,-0.041125
O=c1n(C)c(C)ccc1-c(c(c2)OC)cc(c23)ncc(C#N)c3N[C@H](C)c4cc([NH3+])ccc4C,-1.309,34,-0.0385
OCCNc1nc(NCCO)nc(c12)ccc(n2)-c3ccc(F)cc3,-1.3,25,-0.052000000000000005
Cc1ccccc1C(=O)Nc(c(C#N)cn2)c(c23)cc(c(c3)-c4cccc(=O)n4C)N[C@H](O)c5cccc(c5)[NH+](C)C,-1.295,42,-0.03083333333333333
c1cc(Cl)ccc1[C@@H](C)Nc(cc(c23)c(NC(C)C)c(C#N)c[nH+]2)c(c3)-c4cccc(c4)CO,-1.288,34,-0.03788235294117647
C1COCCN1c([nH+]2)n(C)c(c23)cc(c(c3)-c4ccc(=O)[nH]c4)-c5cccc(Cl)c5C(=O)[O-],-1.285,33,-0.03893939393939394
Cc1cc(N)cc(c1)C(=O)Nc(n2)c(ncnc3)c3c(c24)ccc(c4)-c5cnc(N)cn5,-1.284,32,-0.040125
C1COCCN1c(cc2)ccc2[C@H](C)Nc(nc[nH+]3)c(c34)ccc(c4)-c5cccc(c5)C(=O)N6CCCCC6,-1.283,39,-0.03289743589743589
Cn(c1)ncc1-c(cc2)nc(c23)c(N[C@@H](C)c4ccc(C(F)(F)F)cc4)nc(n3)N[C@H](CO)c5ccccc5C(F)(F)F,-1.278,43,-0.02972093023255814
O=c1cccc(n1C)-c(c2)c(-c3cccc(F)c3)cc(c24)n(C)c([nH+]4)N5CCOCC5,-1.275,31,-0.04112903225806451
C1OCCC[C@H]1NC(=O)Nc(ncn2)c(c23)c(-c4cccc[nH+]4)c(o3)-c5ccccc5,-1.273,31,-0.04106451612903225
COCCNc(ncn1)c(c12)c(-c3cccc(Br)c3)c(o2)-c4cccc(c4)[C@H](C)N,-1.271,30,-0.042366666666666664
Cc1cnc(C)c(n1)Nc(c2)c(-c3ccc(=O)n(C)c3)cc(c24)ncc(C#N)c4[N-]S(F)(F)(F)(C)c5ccc([NH3+])cc5,-1.263,42,-0.03007142857142857
c1cc(Cl)ccc1NC(=O)c(c(c2)-c(nn3)ccc3C)cc(c24)[nH+]cnc4N[C@@H]5CCCN(C5)c6ccc(C(F)(F)F)cc6,-1.258,44,-0.02859090909090909
O=c1cccc(CN(C)C)cc1-c(c(c2)OC)cc(c23)ncc(C#N)c3N[C@H](C)c4cccc(c4)[C@H](C)O,-1.254,38,-0.033
C1COCCN1c(cc2)ccc2[C@H](C)Nc(nc[nH+]3)c(c34)ccc(c4)-c5ccccc5,-1.253,31,-0.040419354838709676
c1cc(F)ccc1-c(s2)cnc2Nc(nc3C)cc(n3)-c4ccc(nc4)C(=O)N5CCCCN(C)CC5,-1.24,37,-0.03351351351351351
CCc1ccc(c(n1)C)-c(c2)c(-c3ccc(C(F)(F)F)nc3C)cc(c24)[nH+]cnc4NC(C)C,-1.239,34,-0.03644117647058824
Cc1cccc(C)c1[C@H](C)Nc(nc(n2)NCCO)c(c23)nc(cc3)-c4c(C)noc4C,-1.236,32,-0.038625
Fc1ccccc1-c(c(c2)-c(cn3C)ccc3=O)cc(c24)[nH+]c(n4C)N5CCOCC5,-1.235,31,-0.03983870967741936
COc1cccc(c1C(=O)NC(=O)C)-c(c2)c(-c3ccc(F)cc3)cc(c24)[nH+]c(n4C)N5CCOCC5,-1.229,37,-0.03321621621621622
Cc1cc[nH+]cc1-c(c2)c(-c3ccc(F)cc3)cc(c24)oc(n4)N5CCOCC5,-1.225,29,-0.04224137931034483
C[C@H](O)c1ccc(cc1)[C@H](C)Nc(ncn2)c(c23)c(-c4cccc(C(F)(F)Cl)c4)c(o3)-c5ccc(CN)cc5,-1.206,39,-0.03092307692307692
c1c[nH+]cc(c12)n(C[C@@H](F)N(C)C)c(n2)-c(cc3)cc(c34)ncnc4NC(=O)Nc5cccc(C(F)(F)F)c5,-1.204,39,-0.03087179487179487
CN(C)c1cc(ccn1)-c(c2)c(-c3cccc(O)c3)cc(c24)n(C)c([nH+]4)N5CCOCC5,-1.204,32,-0.037625
c1cc(=O)cccc1-c(c2)cc(-c3ccccc3C(=O)N)c(c24)c(nc[nH+]4)N[C@H](CO)c5ccc(Cl)cc5,-1.202,38,-0.03163157894736842
c1ncccc1-c(c2)cc(-c3ccnn3C(=O)C)c(c24)c(ncn4)N[C@H](C)[C@@H]5C[N@@H+](C5)c6cccc(Cl)c6,-1.2,38,-0.031578947368421054
[nH+]1cc(C)ccc1-c2cc(-c(cc3)ccc3OC)nc(n24)c(C(=O)N)c(n4)NCc5ccc(C)cc5,-1.187,36,-0.03297222222222222
Cc1ccc(cc1)[C@H](C)Nc(c2)c(-c3ccccc3)cc(c24)[nH+]cc(C#N)c4NCCc5ccccn5,-1.181,37,-0.03191891891891892
FC(F)(F)c1ccc(cc1C)[C@H](C)Nc(ncn2)c(c23)c(-c4cccc[nH+]4)c(o3)-c5ccc(cc5)OC(F)(F)CO,-1.179,41,-0.02875609756097561
COc(c1)c(OC)ccc1-c2cc(-c(cc3)ccc3OCC)cc(c24)cnc([nH+]4)NC[C@H](CO)Sc5ccc(C)c(N)c5,-1.177,43,-0.027372093023255814
NC(=O)c1ccccc1-c2cc(-c(nc3C)cn(C)c3=O)cc(c24)[nH+]cnc4N[C@H](C)c5ccc(C(F)(F)F)cc5,-1.165,41,-0.028414634146341464
CCn1cc(cn1)-c(cc2)cc(c23)[nH+]cnc3N[C@@H]4CCC[N@@H+](C4)C5CCCCC5,-1.158,30,-0.038599999999999995
C1COCCN1c([nH+]2)n(C)c(c23)cc(-c4ccccn4)c(c3)-c5ccccc5F,-1.156,29,-0.039862068965517236
C[NH+](C)C[C@@H](C)Nc(c(C#N)cn1)c(c12)cc(c(c2)-c3cccc(=O)n3C)N[C@H](O)c4cccc(c4)[NH+](C)C,-1.153,39,-0.029564102564102565
CC[N@H+]1CC[C@@H](CC1)[C@H](C)Nc(nc[nH+]2)c(c23)cc(c(c3)-c4cccc(F)c4)-c5ccc(nc5)-c6ccccc6,-1.145,40,-0.028625
CC#CC(=O)Nc1ncc(cc1OC)-c(c2)c(-c3cccnc3)cc(c24)[nH+]cnc4NCc5cccc(C)c5,-1.138,39,-0.029179487179487176
NC(=O)c(cc1)ccc1-c2cc(-c(cc3)ccc3C)cc(c24)[nH+]cnc4N[C@H](C)c5ccc(C(F)(F)F)cc5N,-1.138,40,-0.028449999999999996
Cc1ncc([C@H](C)O)cc1-c(c2)cc(-c(c[nH+]3)ccc3C)c(c24)c(ncn4)N[C@H](C)c5cccc(c5)C(=O)N,-1.136,39,-0.029128205128205124
Cc1ccccc1-c(o2)c(c(c23)c(ncn3)NCC[NH3+])-c4cccc[nH+]4,-1.133,26,-0.043576923076923076
CC(=O)Nc1cc(ccn1)-c2nc(NC(=O)c3ccc(CN)cc3)ncc2-c4cccnc4,-1.131,33,-0.034272727272727274
Cc1nn(C)cc1-c2ncc(-c3cccc(C(F)(F)F)c3)c(n2)N[C@H](C)c4cccc(c4)[NH+](C)C,-1.128,35,-0.032228571428571426
COc1cccc(c1)-c(c2)nc(N)c(c23)cnc4c3cc(OC)c(c4)-c5cc(ccn5)[C@@H]6CC[N@H+](C)OC6,-1.126,38,-0.02963157894736842
CCCn1ccnc1-c(c2)c(cc(c23)c(c(C#N)c[nH+]3)NC(C)C)NC[C@H](O)c4ccccc4,-1.117,34,-0.032852941176470585
Cc1ccc(cc1)CNc(ncn2)c(c23)c(-c4cccc[nH+]4)c(o3)-c5ccc(C(=O)N)cc5,-1.114,33,-0.033757575757575764
CC(C)n(c1)ncc1-c(c2)cc(-c(cc3CO)ccc3OC)c(c24)c(nc[nH+]4)N[C@H](C)c(cc5)cc(c56)N(CC6)[C@H](C)C(C)C,-1.107,45,-0.0246
CC(C)[NH2+]c1cccc(c1)[C@H](C)c(c2)c(-c3cc(F)ccn3)cc(c24)nc(n4C)N5CCOCC5,-1.104,35,-0.03154285714285714
C1COCCN1c([nH+]2)n(C)c(c23)cc(-c4ccn(C(=O)N)c(=O)c4)c(c3)-c5cc(F)ccc5F,-1.092,34,-0.03211764705882353
CCCNc(nc[nH+]1)c(c12)cc(-c3c(C)noc3C)c(c2)-c4ccncc4,-1.09,27,-0.040370370370370376
FC(F)(F)c(c1)cccc1[C@H](CC)Nc(ncn2)c(c23)cc(-c4cc(C)n(n4)C)c(c3)-c5ccc(cc5)CN(C)C,-1.086,41,-0.026487804878048783
COc1ccccc1-c(c(c23)c(NC)nc[nH+]2)cc(c3)-c4cccnc4,-1.086,26,-0.041769230769230774
COc1ccc(cc1O)-c(cc2)cc(c23)c(-c4ccccc4F)nc(n3)[C@@H]5CCCCN([C@@H]5O)CCc6ccccc6,-1.083,42,-0.025785714285714283
CC[N@H+]1CC[C@@H](CC1)[C@H](C)Nc(nc[nH+]2)c(c23)cc(-c4ccc(F)cc4)c(c3)-c5cc(F)ccc5F,-1.083,36,-0.030083333333333333
Cc1cn(C)cc1[C@H](C)Nc(ncn2)c(c23)c(cc(c3)[C@H](C)[C@H](N)CO)-c4cccc(c4)CO,-1.069,34,-0.031441176470588236
COc1ccc(cc1)-c(cc2)cc(c23)[nH+]cnc3N[C@@H]4CC[N@@H+](C4)Cc5ccccc5,-1.066,31,-0.03438709677419355
Fc1ccccc1-c(nc2NC)[nH+]cc2-c3ccc(C)cc3,-1.064,22,-0.048363636363636366
CC(C)[NH2+]c1cccc(c1)-c(cc2)nc(c23)c(nc([nH+]3)N[C@H](C)CO)N[C@@H]4CCCOC4,-1.058,32,-0.0330625
FC(F)(F)c(c1)cc(N)cc1[C@H](C)Nc(ncn2)c(c23)c(-c4ccc(CN)cc4)cc(c3)-c5cnc(=O)n(C)c5,-1.053,40,-0.026324999999999998
FC(F)(F)c(c1)cccc1[C@H](C)Nc(ncn2)c(c23)c(-c4cccc[nH+]4)c(o3)-c(cc5)cc(c56)nccc6,-1.05,38,-0.027631578947368424
Brc1ccccc1-c(c2)c(cc(c23)c(NC(C)C)c(C#N)c[nH+]3)N[C@H](C)c4cc(N)cc(C(F)(F)F)c4,-1.044,37,-0.028216216216216217
CC(C)NC(=O)Oc1ccc(cc1)-c(c2)c(-c3cccc(F)c3)cc(c24)n(C)c(n4)N5CCOCC5,-1.031,36,-0.028638888888888887
CCc1ccc(c(n1)C)-c(c2)c(-c3ccc(cc3)CC(=O)N)cc(c24)[nH+]cnc4NC(C)C,-1.022,33,-0.03096969696969697
c1cc(F)ccc1-c(nc2NCC)[nH+]cc2-c3ccc(C)cc3,-1.021,23,-0.04439130434782608
CCn1cc(c(n1)C)[C@H](C)Nc(nc[nH+]2)c(c23)c(-c4c(C)nn(C)c4C)cc(c3)-c5ccc(OC)c(c5)OC,-1.005,39,-0.025769230769230766
Cc1noc(C)c1-c2ncc(-c(cn3C)c(c34)cc[nH+]c4)c(n2)N[C@H](C)c5ccc([NH3+])cc5,-1.005,33,-0.030454545454545453
CCOc1cc(N)cc(c1)-c(c2)c([C@H](C)CC)cc(c23)c(nc[nH+]3)N[C@H](C)c4ccc(C(F)(F)F)cc4N,-0.989,38,-0.026026315789473686
O=c(n1)ccccc1-c2cc(-c(cc3C(=O)OC)ccc3OC)cc(c24)[nH+]cnc4N[C@H](C)c5cccc(C)c5,-0.974,40,-0.02435
CCn1cc(c(n1)C)-c2cnc(-c3cn(C)c(C)[nH+]3)nc2N[C@H](C)c4ccc(cc4)C(F)(F)CO,-0.967,35,-0.02762857142857143
n1ccccc1-c(nc(c23)n(C)cn2)nc3[N-]C(=O)c4ccc(C(F)(F)F)cc4,-0.959,29,-0.03306896551724138
C[C@@H]1CC[N@H+](CC1)Cc2cc(co2)-c(c(c34)c(nc[nH+]4)NC(C)C)cc(c3)-c5cccc(c5)C(=O)N,-0.953,36,-0.02647222222222222
COC(=O)c1cccc(c1)NC(=O)CNc(nc[nH+]2)c(c23)ccc(c3)-c4ccc(nc4C)N5CCCCC5,-0.953,38,-0.02507894736842105
Cc1n(C)nc(C)c1-c2cc(-c(cc3C=C)n(c3)C(=O)[C@H](C)O)cc(c24)[nH+]cnc4N[C@@H]5C[C@H](C)N(C5)C(=O)C,-0.951,40,-0.023774999999999998
COc1cccc(c1C(=O)NC(=O)C)-c(c2)c(-c3ccc(C(F)(F)F)cc3)cc(c24)[nH+]c(n4C)N5CCOCC5,-0.948,40,-0.0237
CCCNc(c(C#N)c[nH+]1)c(c12)cc(OC)c(c2)-c3ccc(C)c(c3)NC(=O)[O-],-0.945,29,-0.03258620689655172
Cc1ccc(c([NH3+])c1)[C@H](C)Nc(c2)c(-c3cnn(C)c3C)cc(c24)ncc(C#N)c4NCCO,-0.938,34,-0.027588235294117646
CCOc1cc(N)cc(c1)-c(c2)c(cc(c23)c(ncn3)NC(=O)C)[C@H](C)c4ccc(C)cc4CN(C)CC,-0.922,38,-0.024263157894736844
C[C@H](N)c1cccc(c1)C(=O)Nc(ncn2)c(c23)c(-c4ccccc4C(=O)N)cc(c3)-c5cnc(nc5)N6CCCC6,-0.916,42,-0.02180952380952381
O=c1cccccc1-c2cc(-c(cn3)cn3CC)cc(c24)[nH+]cnc4N[C@H](C)c5ccc(C(F)(F)F)cc5N,-0.908,39,-0.023282051282051283
Cc1n(C)nc(C)c1-c2cc(-c(cc3C=C)n(c3)C(=O)[C@@H]([O-])C)cc(c24)ncnc4N[C@@H]5C[C@H](C)N(C5)C(=O)C,-0.903,40,-0.022575
CN(C)C(=O)C(=O)Oc1ccc(cc1)-c(c2)c(-c3ccccc3)cc(c24)n(C)c([nH+]4)N5CCOCC5,-0.889,36,-0.024694444444444446
FC(F)(F)c(c1)cccc1[C@H](C)Nc(ncn2)c(c23)c(c(o3)-c4ccon4)-c5cccc[nH+]5,-0.886,33,-0.026848484848484847
CN(C)c1cc(O)cc(c1)[C@](F)(C)Nc(nc2)nc(c23)c(-c4cnccn4)cc(c3)-c5ccc(CN)cc5,-0.87,38,-0.022894736842105263
Fc1ccccc1-c(c(c23)c(NC(C)C)nc[nH+]2)cc(c3)-c4ccc(C(=O)[O-])nc4,-0.865,30,-0.028833333333333332
CN(C)C(=O)c1ncc(cn1)-c(c2)c(-c3cc(F)ccn3)cc(c24)[nH+]c(n4C)N5CCOCC5,-0.863,34,-0.02538235294117647
CN(C)c1ccc(cc1OC)Nc(c2)c(-c3ccc(=O)n(C)c3)cc(c24)[nH+]cc(C#N)c4N[C@@H]5CCN(C5)c6ccccc6,-0.861,44,-0.019568181818181818
C[C@H](N)c1cccc(c1)-c2ncc(-c3ccccc3[C@H](C)O)c(n2)N[C@H](C)c4ccccc4,-0.859,33,-0.02603030303030303
CC[N@H+]1CC[C@@H](CC1)[C@H](C)Nc(nc[nH+]2)c(c23)cc(c(c3)-c4cccn4C)-c5cccc(c5)C(=O)Oc6ccc(C)cc6,-0.836,43,-0.019441860465116277
Cc1cc(N)cc(c1)C(C)(C)Nc(nc[nH+]2)c(c23)c(-c4cccc(C(F)(F)F)c4)cc(c3)-c5cccnc5,-0.832,38,-0.021894736842105262
CC[N@H+]1CC[C@@H](CC1)[C@H](C)Nc(nc[nH+]2)c(c23)cc(c(c3)-c4ccc(F)cc4)-c(cc5)cc(c56)ccnc6,-0.831,38,-0.02186842105263158
CN(C)Cc(cc1)ccc1-c(c2)cc(-c(cc3)ccc3[C@@H]([NH3+])C(=O)OC)c(c24)nc(nc4)NCc5cc(C)cc(C)c5,-0.828,42,-0.019714285714285712
COc1cccc(c1)[C@H](C)Nc(c2)c(-c3ccc(F)c(F)c3)cc(c24)[nH+]cc(C#N)c4NC(C)C,-0.816,35,-0.023314285714285714
c1[nH+]c(C)ccc1-c2cc(-c(cc3)ccc3C(=C)C(=O)N)cc(c24)ncnc4NC(C)(C)c5ccccc5,-0.815,38,-0.02144736842105263
CC(C)[C@@H](C)N(CC1)c(c12)cc(cc2)[C@@H](C)Nc(ncn3)c(c34)c(-c(cc5CO)ccc5OC)cc(c4)-c6cccn(c6=O)CCN(C)C,-0.815,49,-0.016632653061224488
CCC(=O)Nc(nc1)nc(c12)nc(-c3cccc(c3)OC)c(c2)-c4ccc(cc4)C(=O)N(C)C,-0.796,34,-0.023411764705882354
CCc1ccc(cc1)-c(c2)c(S(=O)(=O)C(C)(C)C)cc(c23)c(ncn3)N[C@H](C)c4ccc(C)c(C)c4,-0.795,36,-0.022083333333333333
COc1ccccc1-c(c2)c(-c3cccc(Cl)c3C(=O)[O-])cc(c24)n(C)c([nH+]4)N5CCOCC5,-0.795,34,-0.023382352941176472
Cc1cc(N)cc(c1)[C@H](C)Nc(ncn2)c(c23)c(-c4ccc(C)[nH+]c4)cc(c3)-c5ccc(=O)n(c5)C[C@H](C)[NH+](C)C,-0.794,41,-0.019365853658536585
COc1ccccc1-c(cc(c2)-c3cc[nH+]c(C)c3)c(c24)c(ncn4)N[C@H](C)c5cccc(C)c5,-0.792,35,-0.02262857142857143
O=c(o1)cccc1-c(c2)cc(-c(c(C)c3)ccc3C)c(c24)c(nc[nH+]4)N[C@H](C)c(cc5)cc(c56)N(CC6)[C@H](C)C(C)C,-0.79,42,-0.01880952380952381
CN(C)c1ccc(c[nH+]1)-c2cnc(NCC(=O)N)nc2-c3ccncc3Cl,-0.768,27,-0.028444444444444446
Cc1cnc(C)c(n1)Nc(c2)c(-c3ccc(=O)n(C)c3)cc(c24)[nH]cc(C#N)c\4=N\S(F)(F)(F)(C)c5ccc(N)cc5,-0.758,42,-0.01804761904761905
Cn(c1)c(=O)ncc1-c(c2)cc(-c(c3)[nH+]ccc3C)c(c24)c(ncn4)NC(=O)Nc5cccc(C(F)(F)F)c5,-0.748,39,-0.01917948717948718
CN(C)CNc(nc1)nc(c12)n(CC)c(=O)c(c2C)-c3ccc(C)c(C)c3,-0.747,27,-0.027666666666666666
OCC(=O)Oc(cc1)ccc1-c(c(c2)-c(c3)ncn3C)cc(c24)n(C)c([nH+]4)N5CCOCC5,-0.745,33,-0.022575757575757575
COc1cccc(c1)-c2c[nH+]c(-c3cccc(c3)CO)nc2N[C@H](C)c4cc(N)cc(C(F)(F)F)c4C,-0.742,37,-0.020054054054054055
CN(C)[C@@H](C)c(c(=O)cc1)ccc1-c2cc(-c(cc3)ccc3OCC)cc(c24)cnc(n4)N[C@H](C)Nc5cc(C(F)(F)F)ccc5CC,-0.71,48,-0.014791666666666667
CC(C)Nc(ncn1)c(c12)cc(-c3ccc(F)cc3)c(c2)-c4cnc(nc4)CCN(C)C,-0.686,32,-0.0214375
Cc1cccc(c1C)-c(o2)c(-c3cccc(C(F)(F)Cl)c3)c(c24)c(ncn4)N[C@H](N)c5cccc(C(F)(F)F)c5,-0.686,40,-0.017150000000000002
c1c[nH+]ccc1-c2cc(-c(cc3)ccc3C)nc(n24)c(C(=O)N)c(n4)N[C@H](C)c5cc(N)cc(c5)CC(F)(F)F,-0.684,40,-0.0171
CC(C)[NH2+]c(c1)cccc1-c(cc2)nc(c23)c(N[C@@H](CO)c(c4)cccc4C)nc([nH+]3)N[C@H](C)c5cc(N)cc(C(F)(F)F)c5,-0.678,45,-0.015066666666666667
N#Cc(c(C)c1)ccc1Nc(ncn2)c(c23)c(-c(c4)cccc4OC)c(o3)CCN5CCN(C(C)C)CC5,-0.67,38,-0.017631578947368422
Nc1cc(=O)n(C)nc1-c(c2)cc(-c3c(C)n(C)nc3C)c(c24)c(nc[nH+]4)N[C@H](C)c5cc(N)cc(C(F)(F)F)c5,-0.638,41,-0.015560975609756098
FC(F)(F)c(c1)cc(N)cc1[C@@H](C)Nc(n2)ncc(c23)c(C)c(-c4ccccc4F)c(=O)n3C5CCN(CC5)Cc6ccccc6,-0.623,46,-0.013543478260869565
COC(=O)c1cccc(c1)NC(=O)CNc(nc[nH+]2)c(c23)ccc(c3)-c4ccccn4,-0.614,31,-0.019806451612903224
c1cccc(c12)OC(=C/C(=O)[N-]C2=O)\c(c(c3)OC)cc(c34)ncc5c4cc(nc5N)-c6cc(C)on6,-0.598,37,-0.016162162162162163
c1ncc(=O)ccc1-c(cc(c23)c(NC(C)C)nc[nH+]2)c(c3)-c4ccnn4Cc5ccccc5,-0.59,34,-0.01735294117647059
Cc1cocc1CN2CCCCN(CC2)C(=O)CNc(nc3)nc(c34)n(-c5ccccc5)c(=O)c(c4C)-c6cncc(=O)n6C,-0.587,45,-0.013044444444444444
Nc1cc(C(F)(F)C)ccc1[C@H](C)Nc(c2)c(-c3cccnc3)cc(c24)[nH+]cc(C#N)c4NCCCl,-0.579,36,-0.01608333333333333
NCC[N@@H+](C)[C@@H](C)c1ccncc1-c2cc(-c(cc3)ccc3OC)cc(c24)cnc(n4)N[C@@](F)(C)c5cc(O)cc(c5)N(C)C,-0.565,45,-0.012555555555555554
Cc1cccc(c1)-c2[nH+]cc(-c3ccccc3[C@H](C)O)c(n2)N[C@H](C)c4cccc(C(F)(F)F)c4,-0.542,35,-0.015485714285714287
Cn(c1)c(=O)ccc1-c(c2)cc(-c(c[nH+]3)ccc3C)c(c24)c(ncn4)N[C@H](C)c5cc(N)cc(C(F)(F)F)c5,-0.531,39,-0.013615384615384616
CC(C)c(n1)nccc1-c2cc(-c(c[nH+]3)ccc3C)cc(c24)ncnc4N[C@H](C)c5ccc(C(F)(F)F)cc5,-0.53,39,-0.01358974358974359
O=c(c1)n(C)ccc1-c(c2)cc(-c(c[nH+]3)ccc3C)c(c24)c(ncn4)N[C@H](C)c5ccc(C(F)(F)F)c(N)c5,-0.523,39,-0.013410256410256411
COc1cccc(c1)[C@H](C)Nc(nc2)nc(c23)n(-c4cncc(c4)CN(C)C)c(=O)c(c3C)-c5ccc(cc5)NC(=O)[C@H](C)N(C)C,-0.521,47,-0.011085106382978724
n1ncccc1-c(c2)cc(-c3ccccc3F)c(c24)c(nc[nH+]4)NCc5ccccc5C(F)(F)F,-0.52,35,-0.014857142857142857
CN(C)C(=O)Cn(c(=O)c1)ccc1-c(c(c2)OC)cc(c23)ncc(C#N)c3[N-]C(=O)c4cccc(C)c4,-0.511,37,-0.01381081081081081
CN(C)c([nH+]c1)ccc1-c(c(c2)OC)cc(c23)ncc(C#N)c3N[C@H](N)c4cc(C)cc(C(F)(F)F)c4,-0.51,37,-0.013783783783783784
C1COCCN1c([nH+]2)n(C)c(c23)cc(-c4ccc(cc4)OC(=O)N)c(c3)-c(cc5)cc(c56)nccc6,-0.495,36,-0.01375
FC(F)(F)c1ccccc1N(C)C(=O)Nc(c(c23)ncn3C)nc(n2)-c4ccc([O-])cc4F,-0.482,33,-0.014606060606060605
Cc1ccc(N(C)C)c(c1)[C@H](C)Nc(nc[nH+]2)c(c23)c(-c4ccccc4F)cc(c3)-c5ccsc5,-0.47,35,-0.013428571428571429
c1cccc(c12)OC(=C/C(=O)[N-]C2=O)\c(c(c3)OC)cc(c34)ncc5c4cc(nc5N)-c6ccc(F)cc6,-0.46,38,-0.012105263157894737
COCC(=O)N(C)c1ccc(cc1)-c(o2)c(-c3cccc(Br)c3)c(c24)c(ncn4)N[C@H](C)c5ccc([C@H](C)N)cc5,-0.444,41,-0.010829268292682928
FC(F)(F)c(c1)cc(CN)cc1[C@H](C)Nc(ncn2)c(c23)ccc(c3)-c(n4)n(C[C@H](F)N(C)C)c(c45)cncc5,-0.437,40,-0.010925
Cc1cc(C(F)(F)F)cc(N)c1CCNc(c2)c(-c3ccccc3)cc(c24)[nH+]cc(C#N)c4NC(C)C,-0.437,37,-0.01181081081081081
OCC(=O)Oc(cc1)ccc1-c(c(c2)-c(c3)cccc3C)cc(c24)n(C)c([nH+]4)N5CCOCC5,-0.419,34,-0.012323529411764705
c1ccccc1N2CCC[C@H]2[C@H](C)Nc(c(C#N)c[nH+]3)c(c34)cc(c(c4)-c5ccc(=O)n(C)c5)Nc6cc(nn6C)[C@@H]7CC[N@@H+](C)CC7,-0.409,48,-0.008520833333333333
C[NH2+]c1ccc(cc1)C(=O)c(o2)c(-c3cccc(c3)OC)c(c24)c(ncn4)NC(C)(C)c5ccccc5,-0.403,37,-0.010891891891891893
C1COCCN1c([nH+]2)n(C)c(c23)cc(-c4ccc(cc4)OC(=O)CO)c(c3)-c5cccc(c5)Cn6cccn6,-0.356,39,-0.009128205128205127
c1ccccc1[C@@](CC)(OC)Nc(ncn2)c(c23)c(-c4cccc[nH+]4)c(o3)-c5cc(F)ccc5F,-0.354,35,-0.010114285714285715
Cc1cccc(c1)CNc2nc(-c3ccc(F)cc3)ncc2-c4cccc(c4)[NH+]5CCCCC5,-0.35,34,-0.010294117647058823
CCc1ccc(cc1)-c(c2)c(S(=O)(=O)C(C)(C)C)cc(c23)c(ncn3)N[C@H](C)c4ccc([NH3+])cc4,-0.31,35,-0.008857142857142857
COc1ccc(cc1)-c(o2)c(-c3cccc(C)c3)c(c24)c(ncn4)N[C@H](C)NCc5ccc(C(F)(F)F)cc5,-0.308,39,-0.007897435897435898
CC(F)(C)c(c1)cccc1[C@@H](C)Nc(ncn2)c(c23)c(-c4cn(C)nc4C)c(o3)-c5ccccc5C(=O)Oc6cccc(F)c6,-0.236,45,-0.005244444444444444
c1ccccc1C(=O)N2C[C@@H](O)CN(C(=O)[C@H]2C)c(nc3-c4cccc(F)c4)nc(c35)ccc(c5)-c6cnc(CN)n6C,-0.232,43,-0.005395348837209302
[nH+]1cnc(NC)c(c12)cc(-c3cccc(C)c3)c(c2)-c4cccc(c4)C(=O)OC(=O)N5CCCCC5,-0.172,36,-0.0047777777777777775
Cc1ccc(cc1)[C@H](C)Nc(ncn2)c(c23)c(-c4c(C)noc4C)cc(c3)-c5[nH+]ccn5CC(=O)N(C)C,-0.155,38,-0.004078947368421053
OCC(=O)Oc(cc1)ccc1-c(c(c2)-c(n3)ccn3C)cc(c24)n(C)c([nH+]4)N5CCOCC5,-0.154,33,-0.004666666666666666
CN(C)c(nc1)ccc1-c(c(c2)OC)cc(c23)ncc(C#N)c3N[C@H](N)c4cc(C)cc(C(F)(F)F)c4,-0.069,37,-0.001864864864864865
CCc1ccc(cc1)[C@H](C)Nc(nc2)nc(c23)c(cc(c3)-c4cccnc4)[C@@](C)(C(=O)N56)\C(NC(=O)C6)=C\C=C/C=C([O-])\COCC5,-0.024,47,-0.0005106382978723404
COc1ccc(cc1)-c(c2)c(-c3ccc(cc3)OC(=O)O)cc(c24)nc(o4)N5CCOCC5,-0.002,33,-6.0606060606060605e-05
OCC(=O)Oc(cc1)ccc1-c(c(c2)-c(cs3)nc3C)cc(c24)n(C)c([nH+]4)N5CCOCC5,0.117,33,0.0035454545454545456
Cc1c[nH+]ccc1-c(c2)c(S(=O)(=O)C(C)(C)C)cc(c23)c(ncn3)N[C@H](C)c4ccc(C(F)(F)F)cc4,0.224,37,0.006054054054054054
COc1ccccc1-c2nc(ncc2-c3ccccc3F)NC(=O)[C@@H]4CCN(C4)c5ccc(C(F)(F)F)cc5,0.359,39,0.009205128205128204
CN(C)C(=O)Cn(c(=O)c1)ccc1-c(o2)c(-c(cc3OC)ccc3OC)c(c24)c(ncn4)N[C@H](C)c5cccc(c5)CN,0.432,43,0.010046511627906977
OCC(=O)Oc(cc1)ccc1-c(c(c2)-c(ccn3)cc3N(C)C)cc(c24)n(C)c([nH+]4)N5CCOCC5,0.438,36,0.012166666666666666
C[NH+](C)CCNc(nc1)nc(c12)nc(-c3ccccc3Cl)c(c2)-c4ccc(cc4)N5CCNCC5,0.683,35,0.019514285714285717
CC(C)NC(=O)Oc1ccc(cc1)-c(c2)c(-c3cccc(F)c3)cc(c24)n(C)c([nH+]4)N5CCOCC5,0.763,36,0.021194444444444446
CC(C)Nc(n1)ncc(c12)c(C)c(-c3ccccc3F)c(=O)n2C4CCN(CC4)Cc5ccccc5,1.074,36,0.029833333333333337
Cc1ccc(cc1CN)C(=O)Nc(ncn2)c(c23)cc(S(=O)(=O)C(C)(C)C)c(c3)-c4ccccc4,1.139,35,0.032542857142857144
