SMILES,docking score,Heavy_Atoms,Ligand_Efficiency
CC(=O)NCCC(=O)c(c(c1)OC)cc(c12)c(nc(n2)C)N[C@H](C)c3cc(N)cc(C(F)(F)F)c3,-9.737,35,-0.2782
Cc1c(C#N)cccc1[C@@H](C)Nc(nnc2C)c(c23)cc(nc3)-c4cc(Cl)c[nH]c4=O,-9.36,31,-0.30193548387096775
c1c[nH]c(=O)c(n12)c(C)cc2CCCNC(=O)c3ccc(S(=O)=O)cc3,-9.033,26,-0.3474230769230769
N#Cc(c1Cl)ccc(c1C)CC(=O)Nc2nc(cs2)-c3ccccn3,-8.532,25,-0.34128000000000003
COc(c1)c(OC)cc(c12)c(nc(n2)C)N[C@H](C)c3cccc(c3)-n4nccn4,-8.504,29,-0.29324137931034483
Cc1c(C#N)cccc1[C@@H](C)Nc(nnc2C)c(c23)cc(nc3)N4CCCC4,-8.465,28,-0.3023214285714286
C1COCCN1c2nccn(c23)c(c(n3)C)-c4cnn(c4)Cc5ccccc5CO,-8.46,30,-0.28200000000000003
FC(F)(F)c1cccc(c1C)[C@@H](C)Nc([nH+]nc2C)c(c23)cc(cc3)CC(=O)N,-8.336,29,-0.287448275862069
Cc1c(C#N)cccc1[C@@H](C)Nc(nnc2C)c(c23)cc(nc3)[C@@H]4CCC[NH2+]C4,-8.321,29,-0.2869310344827586
FC(F)(F)c1cccc(c1C)[C@@H](C)Nc(nnc2C)c(c23)cc(cc3)CC(=O)N,-8.265,29,-0.28500000000000003
FC(F)(F)c1cccc(c1C)[C@@H](C)Nc(n[nH+]c2C)c(c23)cc(cc3)N4CC[NH+](CC4)C5COC5,-8.264,35,-0.2361142857142857
COc(c1)c(OC)cc(c12)c(nc([nH+]2)C)N[C@H](C)c3cccc(c3)-n4nccn4,-8.156,29,-0.2812413793103449
o1nc(C)c(c12)cc(c(c2)OC)[C@H](C)c3cccc(c3)-c4cn[nH]c4,-8.111,25,-0.32444
C[NH2+]Cc1cc(nn1C)-c2ccnc(n2)Nc3ccc(C)c(C)c3,-8.092,24,-0.33716666666666667
COc(c1)c(OC)cc(c12)c(nc([nH+]2)C)N[C@H](C)c3cc(cs3)CCCC[NH3+],-8.08,28,-0.2885714285714286
Cc1ccc(cc1C)Nc2nccc(n2)-c3ccc(C[NH3+])cc3Cl,-8.074,24,-0.33641666666666664
C1CC1Oc2ccc(cc2OC)C(=O)NNCc3cccc(c3)C(=O)N,-8.059,26,-0.30996153846153846
o1nc(C)c(c12)cc(c(c2)NC)NN3C=CCC(=C3)C(=O)N,-8.051,22,-0.3659545454545455
O=C([O-])c(c1)cccc1-c(cc2C)cc(n2)C(=O)NCc3ccc(F)cc3,-8.045,27,-0.297962962962963
n1nn(C)cc1C(=O)c(n2)cc(cc2C)-c3ncn(n3)C[C@H]4CC[C@H](C(=O)[O-])CC4,-8.036,30,-0.26786666666666664
Cc1c(C#N)cccc1[C@@H](C)Nc(n[nH+]c2C)c(c23)cc(nc3)N4CCCC4,-7.986,28,-0.2852142857142857
Oc1c(C)cc(cc1C)CCc(n2)[nH]c(c23)cccc3,-7.954,20,-0.3977
O=C[C@@H]1CCCN1c2cc(CO)ccc2F,-7.945,16,-0.4965625
n1cccc(c12)c(c(C)cc2)[C@@H]3OC[C@@H](O)[C@H]3O,-7.944,18,-0.44133333333333336
OCc1ccccc1CN(C[C@H](C2CC2)N3C(=O)OC)c(c34)cc(cc4)C5=CC[NH2+]CC5,-7.933,32,-0.24790625
Cn(c1)c(=O)ccc1-c(cn2C)c(n2)CN(CCO3)[C@@H]([C@H]34)CCC4,-7.92,24,-0.33
COc(cc1)cc(c12)[nH]c(n2)CCc3cc(Cl)c[nH]c3=O,-7.918,21,-0.3770476190476191
Cc1ccccc1CC(=O)Nc2cc(C)c(c(C)c2)S(=O)(=O)NCC(=O)[C@@H](CO)C(C)C,-7.904,32,-0.247
CCc(no1)c(c12)cc(c(c2)OC)NC(=O)Cc(c[nH+]c3)c(c34)c(O)ccc4,-7.898,28,-0.2820714285714286
c1cc(F)ccc1-c(c2)nc(cc2C(C)(C)[NH3+])C(=O)NNCCn3ccc(=O)[nH]c3=O,-7.883,31,-0.25429032258064516
c1ccc([N+](=O)[O-])c(c12)nc([nH]2)CC[N@H+]3CC[C@H](O)CC3,-7.873,21,-0.3749047619047619
FC(F)(F)c1cccc(c1C)[C@@H](C)c2[nH]nc(C#N)c2C,-7.808,21,-0.3718095238095238
c1cccc(c12)oc(c2)Cc(c(c34)CN(S(=O)(=O)C)CC3)nn4CCC[NH+]5CCOCC5,-7.801,32,-0.24378125
CC(=O)NCCC(=O)c(c(c1)OC)cc(c12)c(nc([nH+]2)C)N[C@H](C)c3cc(N)cc(C(F)(F)F)c3,-7.795,35,-0.22271428571428573
CCN(C1=O)c2ccc(c(c2c13)ccc3)Nc4cccc(c4)N5CCCC5=O,-7.788,28,-0.27814285714285714
COc1nc(N(C)C)ncc1S(=O)(=O)c2c(C)cc(cc2C)NC(=O)Cc3ccccc3C,-7.771,33,-0.2354848484848485
CCN(C1=O)c2ccc(c(c2c13)ccc3)COCCO,-7.765,20,-0.38825
[nH+]1ccc(OC)c(c12)cc(cc2)[C@H](C)c3cc(N)cc(C(F)(F)F)c3,-7.764,25,-0.31056
O=c1ccc(cn1C)C(=O)NCCCNC(=O)c2cc(c[nH]2)C(=O)c3c(Cl)cccc3Cl,-7.762,32,-0.2425625
COc1cccc(c1)OCC(=O)CCc(n2)[nH]c(c23)cc(Cl)c(Cl)c3,-7.715,25,-0.3086
COc1ccc(cc1)Cn2nnc(n2)-c3cccc(c3)C(=O)c(ccc4)c(c45)ncn5C,-7.715,32,-0.24109375
O=c([nH]1)onc1C(=O)Cc(cs2)c(c23)cc(Cl)cc3,-7.704,19,-0.4054736842105263
O=S(=O)c(cc1)ccc1C(=O)NCCCc2ccc(Cl)cc2,-7.704,22,-0.35018181818181815
O=C1C=CCN1c2cccc(c2)Nc3cc(Cl)ccc3O,-7.7,21,-0.3666666666666667
c1ccccc1C[NH2+]Cc(n[nH]2)c(c23)cccn3,-7.699,18,-0.4277222222222222
COc(cc1)cc(c12)[nH]c(n2)CCc3c(Cl)cccc3Cl,-7.694,21,-0.36638095238095236
Clc(c1)cccc1C(=O)NCc2ccccc2,-7.694,17,-0.4525882352941176
CCCn(c1=O)c(=O)n(CCC)c(c12)nc([nH]2)CCC[N+](C)(CCO)CCO,-7.69,28,-0.27464285714285713
n1c[nH]c(=O)c(c12)ncn2C[C@@H](O)c3cccc(Cl)c3,-7.69,20,-0.3845
CC(=O)N1CCC(CC1)Cc2c(cc[nH]c2=O)NC[C@@H](O)c3cccc(Cl)c3,-7.683,28,-0.27439285714285716
C[C@H]1COCCN1c(cc2C)cc(n2)C(=O)NCc3ccc(F)cc3,-7.681,25,-0.30724
c1c[nH]c(=O)c(n12)c(C)cc2N3CCOCC3,-7.676,17,-0.4515294117647059
CC[C@@H](CO)[C@H](C)c(ccc1)c(c12)cccc2,-7.659,17,-0.45052941176470584
n1cnc(N)c(c12)ncn2Cc(c3)[nH]c(c34)cccc4Cl,-7.648,21,-0.3641904761904762
COc1cc(cc(c1)OC)N[C@H](C)c2cccc(C(F)(F)F)c2,-7.636,23,-0.332
C[NH2+]Cc1cccc(c1)CNNC(=O)c2ccc(c(c2)OC)OC3CC3,-7.633,26,-0.29357692307692307
CCc(no1)c(c12)cc(c(c2)OC)NC(=O)Cc(cnc3)c(c34)c(O)ccc4,-7.626,28,-0.27235714285714285
COc(c1)c(OC)cc(c12)c(nc(n2)C)N[C@H](C)c3cc(cs3)CCCC[NH3+],-7.613,28,-0.27189285714285716
Nc1nc(SC)nc(c12)n(cn2)Nc3ccccc3F,-7.612,20,-0.3806
CC(=O)N[C@H]1CCN(C1)n2cncn2,-7.604,14,-0.5431428571428571
c1ccccc1C(=O)CC(=O)c(cn2)cc(c23)cccc3,-7.601,21,-0.36195238095238097
NC(=O)c1ncc(cn1)C[C@H](O)[C@H]([NH3+])CO,-7.582,16,-0.473875
COc1cccc(c1)C/C(N)=N/n(cn2)c(c23)nc[nH]c3=O,-7.572,22,-0.3441818181818182
COc(c1)c(OC)cc(c12)c(nc(n2)C)N[C@H](C)c3ccc(s3)CCCC(=O)[O-],-7.565,29,-0.2608620689655173
Cc1nnc(n12)c(NC)nc(c2)NCc3ccc(OC)cc3C(F)(F)F,-7.564,26,-0.29092307692307695
c1ccccc1C[C@@H](NC(=O)[C@H](O)[C@H](C)[NH3+])CC[NH2+]CCc2ccncc2,-7.563,27,-0.2801111111111111
O=C1C=CCN1c2cccc(c2)NC(=N3)CSc(c34)cccc4,-7.56,23,-0.328695652173913
C[NH2+]Cc1ccc(cc1)-c2cc(C(=O)NC3CC3)cc(n2)Cc4ccccc4,-7.56,28,-0.26999999999999996
c1cccc(c12)c(c[nH]2)C[C@@H](CO)[NH2+]CCCCc3ccccc3,-7.556,24,-0.31483333333333335
N#Cc1cc(F)cc(c1)N2CCNC(=O)C2,-7.541,16,-0.4713125
o1nc(C)c(c12)cc(c(c2)O)Nc3ccc(cc3Cl)C[NH2+]CCc4ncc[nH]4,-7.538,28,-0.26921428571428574
Fc(c1)cc(F)cc1-n(n2)cnc2-c(cc3C)cc(n3)C(=O)NCc4ccc(F)cc4,-7.538,31,-0.24316129032258066
O=C[C@@H]1CCC[N+]\1=C(\N2)CSc(c23)cccc3,-7.533,17,-0.44311764705882356
O=C(C=1)N=c(c12)ccc(c2)Cc3ccccc3CO,-7.533,19,-0.3964736842105263
CC(=O)N1CCC(CC1)CC(=O)c2cc(nc(c2)-c3cn(C)nn3)Cc4ccccc4,-7.53,31,-0.24290322580645163
c1ncccc1COc2ccc(cc2C[NH3+])C(=O)CCC(=O)NCCc3ccc(Cl)c(Cl)c3,-7.523,33,-0.22796969696969696
CC(C)S(=O)(=O)n(cc1)c(=O)n(c12)ccn2,-7.522,16,-0.470125
Fc1cc(F)ccc1NC(=O)NCCCCc2ccccc2,-7.519,22,-0.3417727272727273
Cc1ccccc1CC(=O)Nc2cc(C)c(c(C)c2)S(=O)(=O)C(=O)Cc3ccc(F)cc3,-7.507,32,-0.23459375
Cc1ncsc1[C@H]2CC[C@H](O)CC2,-7.505,13,-0.5773076923076923
CC(C)C(C(C)C)N[C@@H]1C=NC(N1)=C2CCC2,-7.501,17,-0.44123529411764706
Cc1ccccc1CC(=O)Nc2cc(C)c(c(C)c2)S(=O)(=O)CC[NH+](C)C,-7.496,27,-0.27762962962962967
C[C@@H]1C[NH2+]CCCN1n2ccc(=O)[nH]c2=O,-7.493,16,-0.4683125
FC(F)(F)c1cccc(c1C)[C@@H](C)Nc(n[nH+]c2C)c(c23)cc(cc3)CC(=O)N,-7.487,29,-0.25817241379310346
c1c[nH]c(c12)c(=O)n(C\C=C\C)cc2-c3cccc(c3)C(=O)Cc4cc(O)cc(O)c4,-7.483,31,-0.24138709677419354
CC(C)NC(=O)N[C@@H](CCCC[NH3+])C(=O)NCCC1CCCCC1,-7.48,24,-0.3116666666666667
O=c([nH]1)c(Cl)ccc1CC(=O)c2[nH]ncc2-c3ccncc3,-7.465,22,-0.3393181818181818
Nc1nc(SC)nc(c12)n(cn2)CC#N,-7.465,15,-0.49766666666666665
C[N+](C)(C)C1CCN(CC1)c2ccc(cc2)Nc(c[nH+]3)n(c34)CCC4,-7.459,25,-0.29835999999999996
[NH3+]CCNC(=O)[C@H]1O[C@H]([C@H](O)[C@@H]1O)c(cc2)cc(c23)[C@@](O)(CC3)c4ccccc4,-7.458,29,-0.25717241379310346
C[C@@H](O)COCC(CO)(COC[C@@H](C)O)Cc(cc1)cc(c1=2)=NC(=O)N2,-7.457,26,-0.2868076923076923
O=C([O-])CCCC(=O)Cc(cs1)c(c12)cc(Cl)cc2,-7.456,19,-0.39242105263157895
Cn(c1)c(=O)ccc1-c(cn2C)c(n2)C[NH2+]CC[C@H](CC3)c(c34)c5c(cc4)OCC5,-7.452,30,-0.2484
c1cc(F)ccc1CC(=O)Nc2nc(cs2)-c3ccccc3O,-7.451,23,-0.3239565217391304
N#Cc(c1Cl)ccc(c1C)CC[C@H](NC(=O)[C@H](O)[C@H](C)[NH3+])Cc2ccccc2,-7.45,28,-0.26607142857142857
Fc(c1)cccc1S(=O)(=O)Nc2cccc(c2)-c3cc[nH]n3,-7.448,22,-0.33854545454545454
Fc(c1)cccc1OCC(=O)Nc2nc(cs2)-c3cc(Cl)ccc3O,-7.446,25,-0.29784
CC(C)C[C@H]([NH3+])C(=O)Nc(c(c12)CN(S(=O)(=O)C)CC2)nn1CCC[NH+]3CCOCC3,-7.443,31,-0.24009677419354838
CC(=O)N1CCC(CC1)Cc(cnc2C(F)(F)F)c(c23)CC[C@H]3O,-7.441,24,-0.31004166666666666
c1ccccc1[C@]2(C)COc(c23)c(C(=O)NC)cc(c3)C(=O)CCc4ncc[nH]4,-7.44,29,-0.25655172413793104
c1cccc(n2)c1n(c23)C[C@H](C)N3c(cc4C)cc(n4)C(=O)NCc5ccc(F)cc5,-7.437,31,-0.23990322580645163
C1C[C@@H](O)CC[C@@H]1c(cnn2C)c2Oc3ccccc3,-7.434,20,-0.37170000000000003
COc(c1)c(OC)cc(c12)c(nc([nH+]2)C)N[C@H](C)c3ccc(s3)CCCC(=O)[O-],-7.429,29,-0.25617241379310346
O=C1C=CCN1c2cccc(c2)Nc(ncn3)c(c34)cc[nH]4,-7.428,22,-0.3376363636363636
CC(=O)NCCC(=O)c1ccccc1F,-7.426,15,-0.49506666666666665
NC(=O)CC(=O)c1ccc(F)cc1,-7.419,13,-0.5706923076923076
Clc(c1)c(Cl)ccc1CCNC(=O)CCC(=O)c(cc2)nc(c23)sc(n3)NC(=O)C4CC4,-7.418,32,-0.2318125
CC(=O)N1CCC[C@H](C1)Cc(c(c23)CN(S(=O)(=O)C)CC3)nn2CCC[NH+]4CCOCC4,-7.418,32,-0.2318125
NC(=O)Cc1cccc(c1)N2CCCC2=O,-7.416,16,-0.4635
o1nc(C)c(c12)cc(c(c2)NC)NNCc3ccc(C(=O)[O-])cc3,-7.407,24,-0.308625
Cc1nnc(n12)c(NC)nc(c2)N3CCS[C@@H](CC3)c4cccs4,-7.406,24,-0.3085833333333333
CCOC(=O)CCNc1cccc(c1)[C@@H](C)Nc(nc(n2)C)c(c23)cc(OC)c(c3)OC,-7.394,32,-0.2310625
O=c([nH]1)onc1-c(cc2C)cc(n2)C(=O)NCc3ccc(F)cc3,-7.391,24,-0.30795833333333333
Cc1cc(C)cc(c1)Oc2cccc(n2)N3CCOC[C@@H]3C,-7.388,22,-0.3358181818181818
COc1ccc(cc1Cl)CCc([nH]2)[n+]([O-])c(c23)ccc(c3)-c4c(C)noc4C,-7.387,28,-0.26382142857142854
C1COCCN1c(ncn2)c(c23)cc(c(c3)OC)OCCc4cccc(c4)C(=O)N(C)C,-7.386,32,-0.2308125
Cn1cc(cn1)-c2cnc(N)c(c2)CC#N,-7.384,16,-0.4615
NC(=O)CC[NH2+]Cc1ccc(c(Cl)c1)-c2cn[nH]c2,-7.383,19,-0.3885789473684211
NC(=O)Cc1cccc(c1)NS(=O)(=O)c2cccc(Br)c2,-7.38,21,-0.3514285714285714
Cn1cc(cn1)-c2c[nH+]c(N)c(c2)NCC[C@H](CC3)c(c34)c5c(cc4)OCC5,-7.379,28,-0.26353571428571426
[NH3+]CCc(cc1)ccc1-c(nc(c23)n(cn2)C(C)C)nc3Nc4ccc(C(=O)[O-])c(Cl)c4,-7.377,32,-0.23053125
Oc1ccc(cc1)CCCNc(n2)sc(c23)cccc3,-7.37,20,-0.3685
CCOC(=O)c1csc(n1)Nc2cccc(Cl)c2Cl,-7.369,19,-0.3878421052631579
Cn(c1)c(=O)ccc1-c(cn2C)c(n2)CCCc(c[nH]3)c(c34)cccc4,-7.366,26,-0.2833076923076923
CCOC(=O)c(cc1)cc(c12)[C@@](O)(CC2)c3ccccc3,-7.366,21,-0.3507619047619047
CC(=O)n(cc1)c(=O)n(c12)ccn2,-7.364,13,-0.5664615384615385
C[NH2+]C[C@@H](O)Cc(ncn1)c(c12)cc[nH]2,-7.352,15,-0.49013333333333337
C1COCCN1c(c2)ncc(c23)c(C)nnc3N[C@H](C)c4cccc(c4)S(=O)(=O)N,-7.35,30,-0.245
NC(=O)[C@@H](C)[NH+]1CCCCC1,-7.347,11,-0.6679090909090909
NC(=[NH2+])N(CC1)CCC1n(nnc2C)c2-c3cccc(n3)-c4ccccc4CO,-7.346,29,-0.2533103448275862
NC(=O)C[C@H](C)c(ccc1)c(c12)cccc2,-7.345,16,-0.4590625
CC(=O)N1CCC(CC1)Cc2cnn(C)c2,-7.342,16,-0.458875
NS(=O)(=O)c1ccc(cc1)-c2csc(n2)NC(=O)COc3cccc(F)c3,-7.341,27,-0.2718888888888889
COC(=O)CC(=O)c(ccc1)n(c12)nc(n2)N,-7.341,17,-0.4318235294117647
CCCCn1cc(nn1)C[NH2+][C@H](C)c2cc(N)cc(C(F)(F)F)c2,-7.338,24,-0.30575
c1ccccc1[C@H](C)c2cc(C(=O)c3cn[nH]c3)cc(n2)-c4cn(C)nn4,-7.335,27,-0.27166666666666667
O[C@@H]1CCCN(C1)n2cncn2,-7.331,12,-0.6109166666666667
N#Cc1ccc(cc1)CCc(n2)[nH]c(c23)cccc3,-7.327,19,-0.38563157894736844
Fc1cccc(F)c1S(=O)(=O)Nc2cccc(c2)C(=N3)CSc(c34)cccc4,-7.324,28,-0.26157142857142857
CC(C)(C)[NH2+]Cc(n[nH]1)c(c12)cccn2,-7.323,15,-0.4882
[NH3+]CCc1cc(S(=O)(=O)N)ccc1-c2csc(n2)NC(=O)COc3cccc(F)c3,-7.321,30,-0.24403333333333332
Cc1cc(C)nc(n12)nc(n2)CC(=O)Cc3ccc(Cl)c(Cl)c3,-7.305,23,-0.3176086956521739
c1cccc(c12)c(CC(C)(C)O)nc(n2)Nc3ccc(F)c(Cl)c3,-7.303,24,-0.3042916666666667
COc1cccc(c1)CC(=[NH2+])NC[C@H]2CCCO2,-7.301,18,-0.40561111111111114
Nc1cc(cc[nH+]1)CCc(n2)[nH]c(c23)cccc3,-7.289,18,-0.40494444444444444
COC1=C(OC)C(=O)C(=C(C)C1=O)CCCCc(c[nH]2)c(c23)cccc3,-7.288,26,-0.2803076923076923
CCNC(=O)c(c1)[nH]c(c12)c(=O)n(C)cc2C(=O)Cc3cccc(C)c3,-7.286,26,-0.2802307692307692
n1ccn(c12)c(=O)n(cc2)NCCOc(cc3)c(c4c35)ccc6c4c(cc5)ccc6,-7.284,30,-0.2428
s1cncc1Nc(cc2C)cc(n2)C(=O)NCc3ccc(F)cc3,-7.284,24,-0.3035
O=c1ccc(cn1C)CCCOc(cc2)cc(c23)ccn3CC(=O)[O-],-7.283,25,-0.29132
COc1cccc(c1)OCC(=O)Nc2ccc(cc2)C(=O)c(c3)n(CC(=O)[O-])c(c34)ccc(c4)OC,-7.282,36,-0.20227777777777778
CCC[NH2+]CC[C@H](NC(=O)[C@H](O)[C@H](C)[NH3+])Cc1ccccc1,-7.281,22,-0.33095454545454545
C1COCCC1C(=C2)N=[N+](C23)C(=O)C=C(N=3)CNCc4cccc(Cl)c4,-7.28,26,-0.28
Fc(c1)cccc1OCC(=O)Nc2nc(cs2)NC3=[NH+]NCS3,-7.276,23,-0.3163478260869565
Cc1ccccc1C(=O)c(n2)cc(cc2C)-c3ncn(n3)C[C@H]4CC[C@H](C(=O)[O-])CC4,-7.272,31,-0.23458064516129032
c1cccc(c12)c(ccc2)[C@@H](C)CCOCCO,-7.272,18,-0.404
Cc1cc(on1)[C@@H](C(C)C)C(=O)n2cnc(n2)-c3cc(C)nc(c3)C(=O)NCc4ccc(F)cc4,-7.265,35,-0.20757142857142857
FC(F)(F)c1cccc(c1C)[C@@H](C)Nc([nH+]nc2C)c(c23)cc(cc3)N4CC[NH+](CC4)C5COC5,-7.262,35,-0.20748571428571427
Cc1cccc(c1)NCC[C@H](CC2)c(c23)c4c(cc3)OCC4,-7.26,22,-0.33
Cc1cc(C)cc(c1)Nc2cccc(n2)-c3cn[nH]c3,-7.26,20,-0.363
CN(C1)C(=O)Nc(c12)ccc(c2)N[C@H](C(=O)[O-])Cc(c[nH]3)c(c34)cccc4,-7.259,27,-0.26885185185185184
Cn(n1)ccc1-c2ccc(cc2OC)C[NH2+]CCc(n3)[nH]c(c34)cccc4,-7.253,27,-0.2686296296296296
C1CCCCC1c([nH]2)nc(c23)n(c(=O)n(c3=O)CCC)CCCNc4cccc(c4)N5CC=CC5=O,-7.247,36,-0.20130555555555554
COc1ccc(cc1)[C@@H]2S/C(NC2=C)=N\Cc(ccc3)c(c34)OCO4,-7.24,25,-0.2896
CCc(no1)c(c12)cc(c(c2)OC)C(=O)[C@@H](N)CC(=O)c3ccccc3N,-7.235,27,-0.26796296296296296
C1CC(O)CCN1N[C@@H](C(C)C)C(=O)Nc2ccncc2,-7.234,21,-0.3444761904761905
n1cnc(n12)nc(C)cc2N3CC[NH2+]CC3,-7.234,16,-0.452125
Nc1nc(SC)nc(c12)n(cn2)-c3ncn(n3)C[C@H]4CC[C@H](C(=O)[O-])CC4,-7.221,27,-0.26744444444444443
c1nccc(c12)c(C(=O)[O-])c(C)c(n2)N[C@H](C)c3ccc(Br)cc3,-7.22,24,-0.30083333333333334
[NH3+]CCc1ccc(cc1)NCc2ccc(C(=O)[O-])cc2,-7.217,20,-0.36085
CC(=O)NCCC(=O)n1ccnc1C(=O)Nc(cc2)cc(c23)n(nn3)C,-7.215,26,-0.27749999999999997
C#CCc(c1)nc(n12)cc(cc2)NC(=O)c3c(cnn3C)C(=O)N4CCOCC4,-7.21,29,-0.24862068965517242
COc1cc(cc(c1)OC)Nc2cc(F)cc(C#N)c2,-7.208,20,-0.3604
c1cccc(c12)n(C)nc2CCc3cnc[nH]3,-7.204,17,-0.42376470588235293
COc1ccc(cc1OC)CCc([nH]2)nc(c23)c([N+](=O)[O-])ccc3,-7.204,24,-0.30016666666666664
O=C([O-])Cn(cc1)c(c12)ccc(c2)OCCCCc3cc(O)cc(O)c3,-7.202,26,-0.277
CC(C)c(no1)c(c12)cc(cn2)C(=O)c(ncn3)c(c34)cc[nH]4,-7.2,23,-0.3130434782608696
FC(F)(F)c1ccc(cc1F)-n2cncn2,-7.195,16,-0.4496875
O=C1C=CCN1c2cccc(c2)NO,-7.194,14,-0.5138571428571429
C1CC1NC(=O)c2cc(Cc3ccccc3)nc(c2)N(C4=O)C(=O)N[C@]45C[C@H](C5)c6ccccc6,-7.194,35,-0.20554285714285714
FC(F)(F)c(c1)cc(N)cc1[C@@H](C)[NH2+]CCOc2ccc(cc2)C[C@@H]3SC(=O)[N-]C3=O,-7.192,31,-0.232
O=[N+]([O-])c1cc(S(=O)(=O)C(F)(F)F)ccc1NO,-7.192,18,-0.39955555555555555
O=C1CC[C@@H](C(=O)N1)[N@H+]2CC[C@H](O)CC2,-7.189,15,-0.4792666666666667
CNc1cc(nc(n1)N)N2CC[NH+](CC2)Cc(n[nH]3)c(c34)cccn4,-7.189,25,-0.28756
Cc1noc(C)c1-c2ccc(=O)n(c2)Nc3ccccc3F,-7.188,22,-0.3267272727272727
NC(=O)CC1CC[NH2+]CC1,-7.185,10,-0.7184999999999999
Cc1nc([N+](=O)[O-])cn1-c2ccc(O)c(O)c2,-7.184,17,-0.42258823529411765
COc1cccc(c1)CC(=[NH2+])Nc(cc2)c3[n-]c(cc(c3c24)c(O)n4C)N5CC[NH+](C)CC5,-7.177,33,-0.21748484848484848
COc1cccc(c1)C/C(N)=[NH+]\C(=O)c2cc(Cl)ccc2C(=O)CCC(=O)[O-],-7.169,28,-0.25603571428571426
Cn1cc[nH+]c1C(=O)c(o2)c(C)c(c23)c(ccc3)OCCCCCc4ccc(cn4)[C@H](C)O,-7.165,33,-0.21712121212121213
Fc(c1)cccc1OCC(=O)Nc2nc(cs2)-c3cccc(c3)N4CC=CC4=O,-7.164,29,-0.24703448275862067
CC[C@@H]([C@H](C)O)c(cc1)nc(c12)cccc2,-7.163,16,-0.4476875
O=C([O-])Cn(cc1)c(c12)ccc(c2)OCCCC(=O)Cc(cnc3)c(c34)c(O)ccc4,-7.162,31,-0.23103225806451613
[NH3+]Cc1ccc(c(Cl)c1)-c2cnns2,-7.161,14,-0.5115
CC(C)(C)c1cc(Br)c(O)c(c1)Cc(ccc2)n(c23)nc(n3)N,-7.161,23,-0.3113478260869565
O=C([O-])c1ccc(cc1)C[NH2+]CCN2CCOCC2,-7.16,19,-0.3768421052631579
Cc1cc(C)nc(n12)nc(n2)CC(=O)c3cc(C)c(O)c(C)c3,-7.155,23,-0.3110869565217391
C1COCC[N+]1=c(o2)cc(O)c(c23)scc3NCc4ccc(F)cc4,-7.151,25,-0.28604
NC(=O)[C@@H](C)[NH2+]Cc1cccs1,-7.149,12,-0.59575
COc1nc(N)nc(n1)-c(c(c23)ccc(Cl)c3)c([nH]2)C(=O)NCCN4CCOCC4,-7.141,30,-0.23803333333333335
C1CC1C(=O)[C@@H](CC(C)C)C(=O)N[C@H](C(=O)[O-])Cc(c[nH]2)c(c23)cccc3,-7.14,27,-0.2644444444444444
Oc1ccc(Cl)cc1Cc2cccc(Cl)c2,-7.139,16,-0.4461875
O=C1C=CCN1c2cccc(c2)-c(cc3)cc(c34)[C@@](O)(CC4)c5ccccc5,-7.139,28,-0.2549642857142857
CCOC(=O)c1cnn(C)c1C(=O)c2cccc(c2)C(=O)NCc3ccc(C(=O)[O-])cc3,-7.137,32,-0.22303125
CO[C@@H](C)Cn1cc(cn1)-c2cccc(n2)Oc3cc(C)cc(C)c3,-7.135,25,-0.2854
c1ccc(OC)c(c12)nc([nH]2)CCc3ccccc3,-7.134,19,-0.37547368421052635
NC(=O)C1=CN(C=CC1)c2cc(nc(n2)N)N3CCOCC3,-7.133,22,-0.32422727272727275
Fc1ccc(CO)cc1-c2c(cc[nH]c2=O)NC[C@@H](O)c3cccc(Cl)c3,-7.132,27,-0.26414814814814813
Fc(n1)cccc1-c(nn(c23)c(C)nn2)cc3N[C@H](C)C(=O)N,-7.129,23,-0.3099565217391304
C[NH+]1CCN(CC1)c(cc2)cc(c23)n(c(n3)NCC[NH3+])Cc4ccccc4,-7.125,27,-0.2638888888888889
Fc(c1)cccc1OCC(=O)Nc2nc(cs2)C(=O)c3cc(Cl)ccc3OC4CC[NH2+]CC4,-7.124,33,-0.21587878787878786
O=C([O-])CCC(=O)c(c(C)cc1)c(c12)cccn2,-7.123,18,-0.39572222222222225
O[C@@H]1CCC[C@@H](O)[C@H]1[C@H](O)c(ccc2S(=O)(=O)C)c(Cl)c2N3CCC[NH2+]CC3,-7.122,28,-0.25435714285714284
Cn(c1)ncc1[C@H](C)c2c(Cl)ccc(F)c2Cl,-7.121,17,-0.4188823529411765
c1cccc(c12)c(ccc2)[C@@H](C)c3ccc(OS(=O)=O)cc3,-7.12,22,-0.32363636363636367
N#Cc1cc(F)cc(c1)CCc(c[nH]2)c(c23)cccc3,-7.117,20,-0.35585
n1nc(C)n(c12)cc(cc2)[C@H](C)c3c(Cl)ccc(F)c3Cl,-7.108,21,-0.3384761904761905
CS(=O)(=O)Nc1cc(ccc1C)Cc(n[nH]2)c(c23)cccn3,-7.106,22,-0.323
NC(=O)c1ncc(cn1)-c2ncn(n2)C[C@H]3CC[C@H](C(=O)[O-])CC3,-7.102,24,-0.29591666666666666
c1cc(C)cc(c12)c(c[nH]2)Cc(cc3C)n(c34)cc[nH]c4=O,-7.101,22,-0.32277272727272727
Cc1c(C#N)cccc1[C@@H](C)c2ccno2,-7.1,16,-0.44375
OCCOCCOCCOCCOCCCc(c(F)cc1)c(c12)CCO2,-7.099,26,-0.27303846153846156
COc1ccc(cc1)Cn2nnc(n2)-c(cc3)nn(c34)c(C)c(n4)C,-7.098,25,-0.28392
n1nc(C)n(c12)nc(cc2)CCO,-7.098,13,-0.546
N#Cc1ccc(NO)cc1Cl,-7.094,11,-0.644909090909091
O=C([O-])C/[NH+]=C/C(=O)CCCc(cc1)cc(c12)ccn2CC(=O)[O-],-7.086,24,-0.29525
C[NH2+]Cc1cccc(c1)CNc(cc2)cc(c23)c(c[nH]3)C4CC[NH2+]CC4,-7.086,26,-0.27253846153846156
CCNC(=O)c1cc(-c2c[nH]nc2C)nc(c1)[C@@H](C)c3ccccc3,-7.084,25,-0.28336
Cn1cc(cn1)CCCNC(=O)c2ccc(S(=O)=O)cc2,-7.084,21,-0.3373333333333333
COCCc(cc1)cc(c12)ccn2CC(=O)[O-],-7.08,17,-0.41647058823529415
Cc1cc(C)cc(c1)Nc2cccc(n2)-c3c(C)nnn3/N=C4\NNCS4,-7.08,27,-0.26222222222222225
c1cc(C)cc(c12)[nH]c(n2)CCn3ccc(O)c(C(=O)[O-])c3=O,-7.077,23,-0.30769565217391304
CCCCC/C=C/Cc(n1)[nH]c(c12)cc(cc2C)N3CCOCC3,-7.074,24,-0.29475
Clc1cccc(c1)Nc(nc(c23)cccc3)nc2N(CC4)C[C@H]([N@H+]45)CCC5,-7.073,27,-0.26196296296296295
C[NH+](C)C1CCN(CC1)c2ncn(n2)C[C@H]3CC[C@H](C(=O)[O-])CC3,-7.073,24,-0.29470833333333335
c1nccc(c12)c(ccc2)S(=O)(=O)NCC[NH2+]CCc3ccn[nH]3,-7.07,24,-0.29458333333333336
NC(=O)[C@@H](C)Nc1cc(nn(c12)c(C)nn2)-c3cccc(c3F)-c(ccn4)c(c45)[nH]cn5,-7.069,32,-0.22090625
COc1cccc(c1)[C@H](O)Cc2cccc(Cl)c2,-7.069,18,-0.3927222222222222
NC(=O)c1cccc(c1)C[C@@H]2CCC[NH2+]C2,-7.069,16,-0.4418125
c1cccc(c12)[nH]cc2CCc(ccn3)c(c34)[nH]cn4,-7.068,20,-0.3534
C[C@H]1C[C@@H](C)C[N@H+](C1)[C@H](C)c(ccc2)c(c23)cccc3,-7.063,20,-0.35314999999999996
N#Cc1cc(F)cc(c1)C2COC2,-7.059,13,-0.543
C1COCCN1[C@@H](C)CC(=O)c2cc(nc(c2)-c3cn(C)nn3)Cc4ccccc4,-7.057,30,-0.23523333333333335
N#Cc(c(N)[nH]1)c(c12)cc(cc2)Oc3ccc(cc3)NC(=O)Cc(cnc4)c(c45)c(O)ccc5,-7.056,34,-0.20752941176470588
CC(=O)N1CCC(CC1)Cc2ccc(N)[nH+]c2,-7.052,17,-0.4148235294117647
n1cn(C(C)C)c(c12)nc(N[C@H](CC)CO)nc2NCc3ccc(cc3)-c4cnn(C)c4,-7.048,32,-0.22025
O=C1CC[NH+](CC1)C[C@@H](O)c2cccc(Cl)c2,-7.045,17,-0.41441176470588237
c1cccc(c12)c(CC[NH3+])nc(n2)Nc3cccc(Cl)c3,-7.038,21,-0.33514285714285713
O=C([O-])Cc1cccc(c1)Cn2ccc(O)c(C(=O)[O-])c2=O,-7.037,22,-0.31986363636363635
C[C@@H]1C[NH2+]CCCN1c(c(c23)c(=O)[nH]nc3)cnc2NCc(c(F)cc4)c(c45)CCO5,-7.037,31,-0.227
COc1cc(OC)cc(c12)nc([nH]c2=O)-c(cc3)cc(c34)[C@@](O)(CC4)c5ccccc5,-7.034,31,-0.2269032258064516
Cc1nn(C)c(C)c1-c2ccc(C#N)cc2,-7.034,16,-0.439625
C[C@H]1COCCN1c2cc(Cl)cn(C)c2=O,-7.033,16,-0.4395625
CNc1cc(nc(n1)N)-c2ccc(N)nc2,-7.033,16,-0.4395625
c1cccc(c12)c(on2)C(=O)N[C@H](CCC3)c(c34)cnn4C5CCCC5,-7.031,26,-0.27042307692307693
CCCCn1cc(nn1)CNc(c(c23)[nH]c(=O)c(c3)C)ncc2-c4cncc(C)c4,-7.029,30,-0.2343
n1nc(C)n(c12)cc(nc2NC(C)C)[C@H](CCCO)C3=CCCC=C3,-7.027,25,-0.28108
OCc1ccc(Cl)cc1,-7.019,9,-0.7798888888888889
Cc1nn(C)c(Cl)c1S(=O)(=O)CCCC(=O)/C=[NH+]/CC(=O)[O-],-7.018,22,-0.319
Cc1nn(C)c(C)c1NS(=O)(=O)c2ccc(nc2)NCCc3cccc(F)n3,-7.018,28,-0.2506428571428571
COc1ccc(cc1)CC(=O)c2cc(-c3cn(C)nn3)nc(c2)[C@@H](C)c4ccccc4,-7.018,31,-0.22638709677419355
Cc1ccc(C(C)C)cc1N2C=CCC(=C2)C(=O)N,-7.016,19,-0.36926315789473685
COc1cccc(c1)OCC(=O)Nc2ccc(cc2)C(=O)c(c3)oc(c34)cccc4,-7.013,30,-0.23376666666666665
Cc(n1)sc(c12)ccc(c2)[C@H](C)c3cccc(C#N)c3C,-7.009,21,-0.33376190476190476
n1nc(C)n(c12)nc(cc2)-c3ccc(cc3)OCc4nn(C)cc4-c5ccc(=O)n(C)c5,-7.008,32,-0.219
CCNC(=O)c1cc([C@H](C)C(=O)N)nc(c1)[C@@H](C)c2ccccc2,-7.007,24,-0.2919583333333333
C[NH2+]Cc1cccc(c1)Cc2cc(Cl)ccc2C,-7.006,18,-0.38922222222222225
C1CC1NC(=O)CCc2cccc(c2)NS(=O)(=O)c3cccc(F)c3,-7.006,25,-0.28024
O=C(C1)NC[C@@H]1[C@@H](C)c2ccc(N)nc2,-7.005,15,-0.46699999999999997
[NH3+]CCc1ccc(cc1Cl)C[NH2+]CCc(n2)[nH]c(c23)cc(Cl)c(Cl)c3,-7.005,25,-0.2802
Clc(c1)cccc1CNc2nc(OC)nc(c23)ccc(c3)-c4ccc(=O)n(C)c4,-7.005,29,-0.24155172413793102
O=S(=O)c(cc1)ccc1C(=O)c2ccnc(c2)N3CC[NH2+]CC3,-7.004,23,-0.3045217391304348
c1nccc(c12)c(ccc2)S(=O)(=O)c(cc3)nn(c34)c(Cl)nn4,-7.004,23,-0.3045217391304348
C[NH+]1CCN(CC1)c(c2)[nH]c3c(ccc(c3c24)n(C)c4O)OCc(c5)oc(c56)cccc6,-7.002,32,-0.2188125
COc1cccc(c1)OCC(=O)NCCOc2ccc(Cl)cc2Cl,-6.999,24,-0.29162499999999997
Nc(n1)nn(c12)c(ccc2)Cc3ccc(cc3)-c4cccc(F)n4,-6.996,24,-0.29150000000000004
COc1cccc(c1)-c2ccc(c(F)c2)NCc3cccc(c3)C(=O)N,-6.995,26,-0.26903846153846156
CC(O1)(C)C(=O)Nc(c12)ccc(c2)NCC[C@H](CC3)c(c34)c5c(cc4)OCC5,-6.995,28,-0.24982142857142858
Cc1ncsc1[C@H]2O[C@H](CO)[C@@H](O)[C@H](O)[C@H]2O,-6.993,17,-0.4113529411764706
C[NH2+]Cc1cccc(c1)C[NH2+][C@H](C)c2ccc(cc2)-c3c(C)noc3C,-6.992,26,-0.26892307692307693
c1ccccc1[C@](O)(CC2)c(c23)cc(cc3)-c4ccc(F)c(F)c4F,-6.992,25,-0.27968
Cc1c(C#N)cccc1[C@@H](C)[NH2+]C2CCOCC2,-6.992,18,-0.3884444444444444
C1CC1c(n2)cccc2[C@H](CC)c3cccc(c3)C(=O)N(C)C,-6.991,23,-0.3039565217391304
CC(=O)N1CCC(CC1)CNc2cccn2C,-6.991,17,-0.41123529411764703
COC1=C(OC)C(=O)C(=C(C)C1=O)CCS(=O)(=O)c2ccc(F)cc2C,-6.989,26,-0.2688076923076923
Cc1n[nH]cc1CCc(n2)[nH]c(c23)cc(Cl)c(Cl)c3,-6.986,19,-0.3676842105263158
c1ccc(OC)c(c12)[nH]c(n2)CCc3ccccc3,-6.984,19,-0.36757894736842106
Nc(n1)nn(c12)c(ccc2)-c3c[nH]cn3,-6.982,15,-0.4654666666666667
Cc1ccccc1CC(=O)Nc2cc(C)c(c(C)c2)S(=O)(=O)NCC(=O)C3CCCCC3,-6.975,32,-0.21796875
Cc1ncsc1NCCc2ccc(Cl)c(Cl)c2,-6.974,17,-0.4102352941176471
Cc1cncc(c1)-c(c(c23)cc(C)c(=O)[nH]3)cnc2Cc(cc4)nc(c45)cccc5,-6.974,30,-0.23246666666666668
CC(=O)NCCC(=O)CCc(n1)[nH]c(c12)cc(Cl)c(Cl)c2,-6.973,21,-0.33204761904761904
c1n[n-]c(=O)c(n12)c(C)cc2CCc(n3)[nH]c(c34)ccc(Cl)c4,-6.972,23,-0.3031304347826087
FC1(F)CC(C1)C(=S)NCc2ccco2,-6.969,15,-0.4646
Fc(c1)cccc1OCC(=O)CCCCNC(=O)CCC(=O)NCCc2ccc(Cl)c(Cl)c2,-6.967,33,-0.2111212121212121
Cn1nc(C2CC2)cc1[C@H](CO)Cc(c[nH]3)c(c34)cccc4,-6.965,22,-0.3165909090909091
COc1cccc(c1)CC(=[NH2+])Nc2ncc(F)cc2F,-6.964,20,-0.3482
Cc1ccc(cc1C)[C@@H]2O[C@@H]([C@@H](O)[C@H]2O)C(=O)NCC[NH3+],-6.964,21,-0.33161904761904765
O=c1ccc(cn1C)C(=O)c2ccn[nH]2,-6.962,15,-0.46413333333333334
Clc1ccc(cc1Cl)CO/N=C/c(n(c23)ccs3)c(n2)-n4cncn4,-6.962,25,-0.27848
CCc(no1)c(c12)cc(c(c2)OC)C(=O)Cc3ccccc3C,-6.961,23,-0.3026521739130435
Cc1ccc(cc1)[C@H](C)S(=O)(=O)c(cc2)cc(c23)scn3,-6.961,21,-0.3314761904761905
Oc1ccccc1-n(cn2)c(c23)[nH]cnc3=O,-6.958,17,-0.4092941176470588
c1cc[nH]c1CCNc(ccc2)c(c23)cccc3,-6.953,18,-0.3862777777777778
o1nc(C)c(c12)cc(c(c2)O)CCC[NH+]3CCOCC3,-6.951,20,-0.34754999999999997
CC(=O)N1CCC(CC1)CNc(cc2)nn(c23)c(Cl)nn3,-6.95,21,-0.33095238095238094
NC(=[NH2+])c1ccc(Cl)cc1,-6.949,10,-0.6949
COc1ncc(c(n1)OC)[C@H](C)c2cccc(C(F)(F)F)c2C,-6.942,23,-0.30182608695652174
CC(C)n(cn1)c(c12)nc(-c3ccoc3)nc2Nc4ccc(C(=O)[O-])c(Cl)c4,-6.939,28,-0.24782142857142858
n1cnc(n12)nc(C)cc2-c3cc(c(=O)n(C)c3)NC(=O)Nc4ccccc4F,-6.939,29,-0.2392758620689655
c1ccccc1C(=O)CC(=O)c(on2)c(c23)cccc3,-6.937,20,-0.34685
C1CC1S(=O)(=O)c(cs2)nc2NC(=O)COc3cccc(F)c3,-6.936,23,-0.3015652173913043
O=C1CCCN1c(c(c23)c(=O)[nH]nc3)cnc2NCc(c(F)cc4)c(c45)CCO5,-6.935,29,-0.23913793103448275
FC(F)(F)c(cc1)ccc1-c([nH+]cc2C)n2Cc3ccccc3CC[NH3+],-6.932,26,-0.26661538461538464
C[NH+](C)CCCN(C)[C@H]1CCN(C1)c(cc[nH+]2)c(c23)[nH]c(n3)N,-6.932,23,-0.30139130434782613
CO[C@@H](C)Cc1ccc(C)c(c1)NS(=O)(=O)C,-6.931,17,-0.4077058823529412
C1CC1Nc2nc(N)nc(c2CC)NCCC3CCCCC3,-6.929,22,-0.3149545454545455
O=C([O-])c1ccc(cc1)CNc(cnc2)c(c23)cccc3,-6.927,21,-0.32985714285714285
c1ccc(Cl)c(c12)cc([nH]2)C[NH2+]C3CCCCC3,-6.927,18,-0.3848333333333333
COc1cc(=O)n(C)nc1-c2ccccc2C[C@@H](C)O,-6.927,20,-0.34635
Cc1ccccc1CCCc(c[nH]2)c(c23)cccc3,-6.927,19,-0.36457894736842106
Cn(c1)c(=O)ccc1-c(cn2C)c(n2)COc3ccc(cc3)CC(C)(C)O,-6.924,27,-0.2564444444444445
[nH]1cncc1-c(o2)cc(c23)c(=O)n(C)cc3CCCc4ccccc4,-6.923,25,-0.27692
c1ccccc1[C@H](C)c(c2)nc(cc2C(=O)NCC)-c3n[nH]cc3-c4ccncc4,-6.922,30,-0.23073333333333332
n1cccc(c12)c(c(C)cc2)N3CCC(C)CC3,-6.92,18,-0.3844444444444444
OC1CCN(CC1)c2cc(F)cnc2Cl,-6.92,15,-0.4613333333333333
Clc1cc(Cl)ccc1[C@H](C)[NH+]2CCN(CC2)C3COC3,-6.919,20,-0.34595
CSc1ccc(cc1)C(=O)CCc2nn(C)cc2-c3ccc(=O)n(C)c3,-6.914,26,-0.26592307692307693
C1C[C@@H](O)c(c12)c(C(F)(F)F)ncc2CCc(c[nH]3)c(c34)cccc4,-6.914,25,-0.27656
O=Cc1ccccc1/C=N/N=c2/[nH]c(cs2)NO,-6.911,18,-0.3839444444444444
CCc1c(NC)nc(N)nc1-c2ccnc(N)c2,-6.91,18,-0.3838888888888889
FC(F)(F)c1cccc(c1C)[C@@H](C)Nc(n[nH+]c2C)c(c23)cc(cc3)N4CCN(CC4)C5COC5,-6.907,35,-0.19734285714285715
Cc1cccc(c1)CC(=O)CCNC(=O)c2c(-c3cccc(c3)CC(=O)[O-])noc2-c4ccccc4,-6.906,36,-0.19183333333333333
CC[N@H+]1CC[C@@H](CC1)[C@H]2CCOC2,-6.906,13,-0.5312307692307692
CC(=O)NCCCc1cc(Cl)ccc1C,-6.905,15,-0.46033333333333337
CCNC(=O)[C@H]1O[C@H]([C@H](O)[C@@H]1O)c2cccc(C(=O)[O-])c2,-6.904,21,-0.32876190476190476
CCCCn1cc(nn1)CN[C@H](C)c2cc(N)cc(C(F)(F)F)c2,-6.903,24,-0.28762499999999996
[NH3+]CCc1cc(S(=O)(=O)N)ccc1NCCc2cccs2,-6.901,21,-0.3286190476190476
Cc1[nH]nc(C2CC2)c1-c(cc3)cc(c3=4)=NC(=O)N4,-6.896,19,-0.36294736842105263
Cc1ccc(cc1)[C@H](C)Nc(cc2)cc(c23)N(CCC(=O)N)[C@@H](C)C(=O)N3C,-6.895,28,-0.24625
O=C([O-])c1ccc(cc1)CNC(=O)c2ccc(cc2)-c3ccccc3,-6.895,25,-0.2758
CC(=O)N1CCC(CC1)CCc2[nH+]c(cn2C)-c3ccccc3,-6.894,23,-0.2997391304347826
c1ccccc1S(=O)(=O)Nc(cc2)cc(c23)c(c[nH]3)C4CC[NH2+]CC4,-6.894,25,-0.27576
COc1ccc(c(C(F)(F)F)c1)CNN2CCCOC2=O,-6.893,21,-0.3282380952380952
CC(=O)NCCC[C@H](C)c(ccc1)c(c12)cccc2,-6.892,19,-0.3627368421052632
O=Cc1ccccc1/C=N/N=c2/[nH]c(cs2)[C@@H]3O[C@H](CO)[C@@H](O)[C@H]3O,-6.891,25,-0.27564
CN(C)c1ccc(cc1)C2(CCCC2)CNc3cccc(c3)CCCNC(=O)CC(=O)C(=O)[O-],-6.891,34,-0.2026764705882353
Cc1nc(C[NH+](C)C)ccc1-c2cccc(c2)NS(=O)(=O)c3ccc(F)c(Cl)c3,-6.891,29,-0.2376206896551724
Cc1cc(C)cc(c1)Oc2cccc(n2)NCCC(=O)Nc3cccc(C(=O)[O-])c3,-6.89,30,-0.22966666666666666
c1ccccc1[C@]2(C)COc(c23)c(C(=O)NC)cc(c3)C(=O)CCc4[nH+]cc[nH]4,-6.889,29,-0.23755172413793105
Cc1noc(C)c1-c2ccc(=O)n(c2)OCc3ccccc3,-6.888,22,-0.3130909090909091
Clc(c1)cccc1[C@H](O)CNc(cc[nH]c2=O)c2NC3CCN(CC3)c4cccc[nH+]4,-6.887,31,-0.22216129032258064
Cc1n[nH]cc1N(C)c2c(C)nn(C)c2C,-6.885,16,-0.4303125
CC(=O)N1CCC(CC1)C[NH2+]Cc2c(C)nn(C)c2C,-6.885,20,-0.34425
C1C[NH2+]CCC1n(nnc2C)c2-c3cc(cnc3N)-c4cnn(C)c4,-6.884,25,-0.27536
Cc1cc(C)cc(c1)Nc2cccc(n2)-c(ccc3)c(c34)ncn4C,-6.88,25,-0.2752
O=C([O-])C[NH2+]Cc1ccc(cc1Cl)-c2ncon2,-6.879,18,-0.38216666666666665
O=C([O-])C(C)(C)Oc(ccc1)c(c12)ccn2CCCc3cc(Cl)ccc3O,-6.874,27,-0.2545925925925926
Clc(c1)cccc1[C@H](O)C[NH2+]Cc2ccc(cc2)N3CCCCC3,-6.872,24,-0.28633333333333333
FC(F)(F)CCCc(c1)[nH]c(c12)cccc2Cl,-6.87,17,-0.4041176470588235
C1COCCN1c(c2)cc(C)c(c23)nc([nH]3)[C@H]4CCCC[NH2+]4,-6.869,22,-0.31222727272727274
CC(C)(C)OC(=O)N1CCNC(=O)C1,-6.868,14,-0.4905714285714286
c1cccc(c12)nc(cc2)Cc(c(c34)c(=O)[nH]nc3)cnc4NCc(c(F)cc5)c(c56)CCO6,-6.868,34,-0.202
COc1ccc(cc1)Oc2cc(ncn2)Cc3cccc(Cl)c3,-6.866,23,-0.2985217391304348
COc1ccc(cc1)Cn2nnc(n2)-c3cccc(c3)C(=O)CCc4ccc(cc4)OS(=O)(=O)C,-6.866,35,-0.19617142857142855
CCC(=O)c(cc1)cc(c1=2)=CC(=O)N2,-6.866,14,-0.4904285714285714
Cc(n1)c(C)n(c12)nc(cc2)[C@H](C)c3cccc(C(F)(F)F)c3,-6.866,23,-0.2985217391304348
Cc1ncsc1-c(cc2)nn(c23)c(nn3)C,-6.866,16,-0.429125
Cc1ccc(cc1)[C@H](C)Nc(cc2)cc(c23)N([C@@H](C)C(=O)N3C)c(cc4)cc(c4=5)=CC(=O)N5,-6.863,33,-0.20796969696969697
[nH]1cncc1-c(o2)cc(c23)c(=O)n(C)cc3CCCCc4ccccc4,-6.862,26,-0.2639230769230769
s1cncc1COc2ccc(cc2C[NH3+])C(=O)c(c(c34)cccc4)nn3Cc5ccc(F)cc5,-6.862,34,-0.2018235294117647
COc1ccc(nn1)-c(c(c23)c(=O)[nH]nc3)cnc2NCc(c(F)cc4)c(c45)CCO5,-6.861,31,-0.22132258064516128
COc1cccc(c1)[C@H](O)Cc(n2)n(C)c(c23)c(=O)n(c(=O)n3C)Cc4ccc(Cl)c(Cl)c4,-6.86,33,-0.20787878787878789
Oc1c(C)cc(cc1C)Nc(cc2)c3[nH]c(cc(c3c24)c(O)n4C)N5CC[NH+](C)CC5,-6.858,31,-0.22122580645161288
COc(cc1)cc(c12)c(CCC(=O)[O-])cn2Cc3cccc(c3)C(=O)N,-6.858,26,-0.26376923076923076
COc1c(OC)cc(cc1OC)C(=O)CCc2ccc(cc2)OS(=O)(=O)C,-6.857,27,-0.25396296296296295
COc1cccc(c1)OCC(=O)Nc2ccc(cc2)-c3c[nH]cn3,-6.856,24,-0.2856666666666667
c1cccc(c12)[nH]c(n2)CC[NH2+]Cc(cc3C)ccc3C(=O)COc4cccc(F)c4,-6.855,31,-0.22112903225806452
CN(C)c1cccc(c1)NS(=O)(=O)c2cccc(Br)c2,-6.855,20,-0.34275
FC(F)(F)c1ncc(c(c12)C[C@@H](F)[C@H]2O)C(=O)c3cc(F)ccc3O,-6.854,25,-0.27416
n1nc(C)n(c12)c3c(cccc3)N(C[C@H]2C)N4CCC(=O)CC4,-6.853,23,-0.2979565217391304
CC(=O)N1CCC(CC1)Cc2ccc(Cl)cc2,-6.853,17,-0.4031176470588235
c1cccc(c12)n(C)nc2CCc3c[nH+]c[nH]3,-6.852,17,-0.4030588235294118
Cc1cc(C)c(c(C)c1)C2COC2,-6.852,13,-0.5270769230769231
O=c([nH]1)onc1[C@H](C)C(=O)c(cn2)cc(c23)cccc3,-6.851,20,-0.34255
Fc1ccccc1-n(nc2)c(c23)CCC[C@H]3[NH2+]Cc4cccc(Cl)c4,-6.851,25,-0.27404
N#Cc1cc(F)cc(c1)Cc2ccco2,-6.849,15,-0.4566
Cn1cc(nn1)-c2cc(C(=O)C[C@H](O)CO)ccc2OCc3ccccn3,-6.848,27,-0.25362962962962965
COC(=O)c1ccc(c(Cl)c1)CNc(c2)c(OC)cc(c23)onc3C,-6.848,25,-0.27392
Clc1ccc(cc1Cl)Cc2ccc(nc2)N3CC[NH2+]CC3,-6.848,21,-0.3260952380952381
O=c1n(C)cc(cc1C)-c2ccccc2O,-6.845,16,-0.4278125
CC(C)C[C@H]([NH3+])C(=O)Nc(c(c12)CN(S(=O)(=O)C)CC2)nn1CCCN3CCOCC3,-6.844,31,-0.2207741935483871
n1cccc(c12)c(n[nH]2)Cn(ccc3C)c(=O)c3N4CCC(=O)CC4,-6.844,25,-0.27376
c1cccc(c12)cncc2Cc3ccsc3,-6.84,16,-0.4275
N#CCN[C@H](C)c1ccc(Br)cc1,-6.839,13,-0.5260769230769231
COc1cccc(c1)OCC(=O)Nc2ccc(cc2)OC(C)C,-6.837,23,-0.29726086956521736
O=C([O-])c(c1)cccc1NC(=O)CCNNc2cccc(C(=O)[O-])c2,-6.837,25,-0.27348
CC(O1)(C)C(=O)Nc(c12)ccc(c2)NCc3ccc(C(=O)[O-])cc3,-6.833,24,-0.28470833333333334
CCC(CC)c1cc(F)cc(F)c1,-6.833,13,-0.5256153846153846
COc1cccc(c1)NNC(=O)c2ccc(c(c2)OC)OC3CC3,-6.832,24,-0.2846666666666667
COc1ccc(c(C)c1)NNc(c2)c(O)cc(c23)onc3C,-6.832,22,-0.3105454545454545
Cc1nc(cs1)-c2ccc(cc2)C(=O)Cc3ccccc3CO,-6.829,23,-0.29691304347826086
Fc(c1)cccc1S(=O)(=O)Nc2cccc(c2)-c3ccn[nH]3,-6.829,22,-0.3104090909090909
C1CC1C(=O)Nc(n2)sc(c23)nc(cc3)Cc(c4)[nH]c(c45)cccc5Cl,-6.829,26,-0.2626538461538461
o1nc(C)c(c12)cc(c(c2)O)NNc3ccc(O)cc3,-6.828,20,-0.34140000000000004
[nH+]1c[nH]cc1-c(o2)cc(c23)c(=O)n(C)cc3CCCc4ccccc4,-6.825,25,-0.273
c1cccc(c12)oc(c2)C(=O)Cc(c3)[nH]c(c34)cccc4Cl,-6.825,22,-0.31022727272727274
n1nn(C)c(c12)cc(cc2)Nc3ccccc3OCCn4ccc(=O)[nH]c4=O,-6.823,28,-0.24367857142857144
O=c([nH]1)onc1C(=O)c(cc2)nc(c23)cccc3,-6.823,18,-0.3790555555555556
Nc1ccc(cc1)Nc2cccc(F)c2,-6.82,15,-0.45466666666666666
CC(=O)NCCC(=O)c1ccnc(n1)Oc2cc(C(C)C)ccc2C,-6.819,25,-0.27276
O[C@@H](C1)CCCN1n(c(=O)n(c2=O)CCC)c(c23)nc([nH]3)C4CCCCC4,-6.815,27,-0.2524074074074074
Cn1nc(C2CC2)cc1-c3cccc(F)c3,-6.814,16,-0.425875
o1cccc1CNC(=S)Cc(c2)oc(c23)cccc3,-6.813,19,-0.35857894736842105
c1nccc(c12)c(ccc2)S(=O)(=O)NCCc3ccc(cc3Cl)C[NH2+]CCc4cnc[nH]4,-6.812,32,-0.212875
FC(F)(F)c(n1)nc(n12)nc(C)cc2C(=O)[C@@H](N)Cc(c[nH]3)c(c34)cccc4,-6.812,28,-0.2432857142857143
Fc1cccc(F)c1S(=O)(=O)Nc2cccc(c2)Nc3ccccc3F,-6.812,26,-0.262
Clc1ncc(F)cc1[C@H](C)c2cccc(c2)-c3cn[nH]c3,-6.809,21,-0.32423809523809527
O=C([O-])c1cc(C)nc(c12)n(nc2C(C)C)C(=O)OCc3ccccc3,-6.808,26,-0.26184615384615384
c1cccc(c12)cncc2Cc(n[nH]3)c(c34)cccn4,-6.807,20,-0.34035000000000004
CC(=O)N1CCC[C@H](C1)Cn(c(=O)c(c23)[nH]cc3)cc2-c4cccc(c4)C(=O)N(C)C,-6.804,31,-0.21948387096774194
Cc1noc(C)c1-c2ccc(cc2)Cc3cccc(c3)N4CC=CC4=O,-6.803,26,-0.2616538461538461
NC(=[NH2+])N1CCC(CC1)CCc([nH]2)nc(c23)ccc(Cl)c3,-6.803,21,-0.32395238095238094
N#Cc(c(Cl)c1)ccc1-c(nc(c23)n(cn2)C(C)C)nc3NCc4ccc(cc4)OCCO,-6.801,33,-0.2060909090909091
OCCOCCc(ncn1)c(c12)cc[nH]2,-6.8,15,-0.4533333333333333
c1cccc(c12)c(c[nH]2)C[C@@H]([NH2+][C@@H](C)COC)C(=O)Nc3ccncc3,-6.8,26,-0.26153846153846155
O=c1ccc(cn1C)CCOCCOCCOCCOCCOCCO,-6.799,26,-0.2615
CCc1ccccc1N[C@@H](C(C)C)C(=O)Nc2ccncc2,-6.798,22,-0.309
Fc1ccc(F)c(c1)-c2ccoc2,-6.797,13,-0.5228461538461538
C[NH+]1CCN(CC1)CCc2ccc(=O)n(C)c2,-6.797,17,-0.3998235294117647
Cc1nnn(C)c1-c2cc(F)cc(F)c2,-6.795,15,-0.453
COc(c1)cccc1-c(ncn2CC#C)c2C(=O)c3ccc(F)cc3,-6.794,25,-0.27176
c1ccccc1-c(cn2C)[nH+]c2Cc(cnc3C(F)(F)F)c(c34)C[C@@H](F)[C@H]4O,-6.793,28,-0.24260714285714285
CCNC(=O)[C@H]1O[C@H]([C@H](O)[C@@H]1O)c2cs/c([nH]2)=N/N=C/c3ccccc3C=O,-6.788,28,-0.24242857142857144
COc1cc(=O)n(C)nc1CC(=O)Nc2ccc(cc2)-c(n3)sc(c34)cccc4,-6.788,29,-0.23406896551724138
Cc1cc(no1)[C@@H](C)NC(=O)c2[nH]cc(c2C)-c3ccc(Cl)cc3,-6.787,24,-0.28279166666666666
C1CC1c(n2)cccc2[C@H](CC)CC[N@@H+]3CCN(C)C(=O)[C@H]3C,-6.783,23,-0.29491304347826086
Cn1cc(Cl)cc(c1=O)Nc2ccc(cc2)N3CCC([N+](C)(C)C)CC3,-6.782,26,-0.26084615384615384
NC(=[NH2+])N1CCC(CC1)CCc(n2)[nH]c(c23)ccc(Cl)c3,-6.779,21,-0.3228095238095238
COCCO[C@H](C)c1cccc(C(F)(F)F)c1C,-6.776,18,-0.3764444444444444
COc1ccc(cc1)C[NH2+]C2CCN(CC2)c3ccccn3,-6.775,22,-0.3079545454545455
C[NH2+]Cc1cccc(c1)Cc(cc2)cc(c23)[C@@H](N(C)C3=O)c4ccccc4,-6.774,27,-0.2508888888888889
CC[C@@H](C(=O)[O-])Cc1ccc(cc1)C(=O)c(cc2)cn(c23)c(nn3)C,-6.771,25,-0.27083999999999997
O=C([O-])[C@@H]([NH3+])CC[S+](C)C[C@H]1O[C@H]([C@H](O)[C@@H]1O)c2ccncc2F,-6.765,24,-0.281875
c1nccc(c12)c(ccc2)S(=O)(=O)NCC[NH2+]CCc(cnc3C(F)(F)F)c(c34)CC[C@H]4O,-6.765,33,-0.205
CC(=O)NCCC(=O)Nc(c(n12)nnc2C)cc(n1)CC(=O)c3ccccc3,-6.765,28,-0.24160714285714285
CNc1ccnc(n1)Nc(cc2)cc(c23)n(c(c3)C)[C@@H]4O[C@H](CO)[C@@H](O)[C@H]4O,-6.765,28,-0.24160714285714285
O1CCOc(c12)cc(cc2)Nc(cc3)cc(c34)c(c[nH]4)C5CC[NH2+]CC5,-6.764,26,-0.2601538461538462
O=C([O-])C(=O)CC(=O)c1ccc(cc1)C(=O)NCc2ccccc2,-6.763,24,-0.28179166666666666
Clc(c1)c(Cl)ccc1CCOc(c(c2)OC)cc(c23)c(ncn3)N4CCOCC4,-6.762,29,-0.23317241379310344
Cc(n1)c(C)n(c12)nc(cc2)OCc3nc(cn3C)C(=O)[C@H](O)[C@H](C)[NH3+],-6.762,26,-0.26007692307692304
n1ccccc1Cc(cc2C)cc(n2)C(=O)NCc3ccc(F)cc3,-6.761,25,-0.27044
Cc1ccccc1CC(=O)Nc2cc(C)c(c(C)c2)S(=O)(=O)CCN(C)C,-6.761,27,-0.2504074074074074
COc1cccc(c1)C/C(N)=N/N=C/c2ccc(o2)-c3ccccc3Cl,-6.76,26,-0.26
COCCc1ccc(cc1Cl)C[NH2+]CCCNC(=O)CC(=O)OC,-6.759,24,-0.281625
O=C1NC(=O)[C@@H](S1)Cc2ccc(cc2)OCCNc3cc(Cl)ccc3O,-6.759,26,-0.25996153846153847
C1[NH2+]CCC[C@H]1c2ccc(cc2C)C[NH2+]CCc(n3)[nH]c(c34)cccc4,-6.758,26,-0.2599230769230769
C[C@@H]1C(=O)N(C)CC[N@H+]1CCc2cc(CO)ccc2F,-6.756,20,-0.3378
COc1cccc(c1)OCC(=O)Nc2ccc(cc2)-c3ccnc(C)c3,-6.755,26,-0.2598076923076923
n1nn(C)c(c12)cc(cc2)NC(=O)c3nccn3S(=O)(=O)c4cccs4,-6.753,26,-0.2597307692307692
Cc1ccccc1CC(=O)Nc2cc(C)c(c(C)c2)S(=O)(=O)N3CCSCC3,-6.753,28,-0.24117857142857144
O=c1[nH]c(=O)n(cc1C)-c2cccc(c2)NS(=O)(=O)c3cccs3,-6.752,24,-0.2813333333333333
O=C([O-])Cc1ncn(n1)C[C@H]2CC[C@H](C(=O)[O-])CC2,-6.75,19,-0.35526315789473684
Oc1ccc(cc1)CCc(n[nH]2)c(c23)cccn3,-6.748,18,-0.3748888888888889
Cn1ccc(n1)CCNc(n2)sc(c23)cccc3,-6.745,18,-0.37472222222222223
OCCOc1c(C)cc(cc1C)-c(c2)oc(c23)c(cn(c3=O)C)Nc4cccc(c4)N5CC=CC5=O,-6.745,36,-0.18736111111111112
OCc1ccc(F)c(c1)N(CC2)Cc(c23)cccc3,-6.744,19,-0.3549473684210526
Cc1cc(C)cc(c1)Nc2nccc(n2)C(=O)Cc(n3)nn(c34)c(C)cc(n4)C,-6.743,29,-0.23251724137931035
[NH3+]CCNC(=O)COc1ccc(cc1)-c2cc(Cl)ccc2O,-6.742,22,-0.3064545454545455
C1C[NH2+]CCN1c(c2)ccc(c23)c(C)nnc3CCNS(=O)(=O)c(ccc4)c(c45)ccnc5,-6.742,33,-0.2043030303030303
O=C(N1)C=c(c=12)cc(cc2)[C@H](C)c3c(Cl)ccc(F)c3Cl,-6.74,21,-0.320952380952381
NC(=O)CC[NH2+]Cc1ccc(CC(=O)[O-])c(Cl)c1,-6.74,18,-0.37444444444444447
Cn(c1)c(=O)ccc1-c(cn2C)c(n2)COc3ccc(cc3)-c4ccc(cc4Cl)C[NH2+]CCCO,-6.738,35,-0.19251428571428572
C[NH2+]Cc1ccccc1-c2cc(F)cc(F)c2,-6.738,17,-0.39635294117647063
N#CCc1ccc(cc1)C(=O)NCc2ccccc2,-6.737,19,-0.35457894736842105
CC(=O)N1CCC(CC1)CN[NH2+][C@H](C)c2ccc(Br)cc2,-6.735,21,-0.32071428571428573
c1ccccc1[C@](C)(CO2)c(c23)cc(C(=O)N[C@H]4[C@@H]([C@@H]45)COC5)cc3C(=O)OCc6ccccc6,-6.733,35,-0.19237142857142855
Oc1ccc(cc1)Nc2cn[nH]c2,-6.732,13,-0.5178461538461538
O=C([O-])C[NH2+]NCCc1ccc(Cl)c(Cl)c1,-6.731,16,-0.4206875
CC(C)C[NH2+]CC(=O)N1C=CCC1=O,-6.731,14,-0.48078571428571426
c1cc(C)cc(c12)c(c[nH]2)Cn3cc(O)cn3,-6.73,17,-0.3958823529411765
COc1ccccc1[C@H](C)c2cccc(C(F)(F)F)c2,-6.73,20,-0.3365
O=C([O-])CCc(n1)nc(cc1C)-c2cccc(c2)NS(=O)(=O)c3cccc(Br)c3,-6.729,29,-0.23203448275862068
Cn1cc(nn1)-c2cc(C(=O)c3c[nH]cn3)ccc2OCc4ccccn4,-6.727,27,-0.24914814814814815
Cc1cc(no1)[C@@H](C)NCc2ccc([C@@H](C)O)cc2,-6.722,19,-0.35378947368421054
COc(cc1)cc(c12)[nH]c(n2)CCc(cn(C)c3=O)c(c34)oc(c4)-c5c[nH+]c([nH]5)C6CCC6,-6.721,33,-0.20366666666666666
Cc1nnn(C)c1NCc2ccc(F)cc2,-6.72,16,-0.42
C1CCCCC1C(=O)c(c(c23)c(=O)[nH]nc3)cnc2NCc(c(F)cc4)c(c45)CCO5,-6.72,31,-0.2167741935483871
c1cncc(c12)c([O-])c(C#N)c(n2)Nc3cccc(c3)N4CCCC4=O,-6.719,26,-0.2584230769230769
c1ccccc1-c(cn2C)[nH+]c2Cc3ncc[nH]3,-6.716,18,-0.3731111111111111
C1CCn(c12)c(c[nH+]2)-c(s3)ccc3[C@@H](C)[NH2+][C@H](C(=O)[O-])Cc(c[nH]4)c(c45)cccc5,-6.715,30,-0.22383333333333333
C[NH+]1CCN(CC1)c2ccc(cc2)COCCO,-6.714,18,-0.373
Oc1c(C)cc(cc1C)C(=O)[C@@H](N)CO,-6.713,15,-0.44753333333333334
o1nc(C)c(c12)cc(c(c2)NC)Cc3nc(cn3C)-c4ccccc4,-6.712,25,-0.26848
[NH3+][C@H]1CCCN(C1)c(n2)c(n(c23)ccs3)/C=N/OCc4ccc(Cl)c(Cl)c4,-6.712,27,-0.2485925925925926
NC(=O)c1cccc(c1)CS(=O)(=O)c2ccccc2Cl,-6.71,20,-0.3355
COc1ccc(c(C(F)(F)F)c1)C[NH2+][C@@H]2C=C[N+](=N2)C,-6.708,20,-0.33540000000000003
c1cc(C)cc(c12)[nH]c(n2)CCn3ccc(=O)c(C(=O)[O-])c3O,-6.707,23,-0.2916086956521739
c1cccc(c12)oc(c2)Cc(c(c34)CN(S(=O)(=O)C)CC3)nn4CCCN5CCOCC5,-6.707,32,-0.20959375
C1CC1[C@@H](C)c2cccc(c2)C(=O)NCc3ccc(C(=O)[O-])cc3,-6.705,24,-0.279375
c1ccccc1-c(cn2C)nc2Cc3ncc[nH]3,-6.704,18,-0.3724444444444444
OCCOc1c(C)cc(cc1C)-c2cccc(n2)-c3c(C)nnn3C4CC[NH2+]CC4,-6.703,30,-0.22343333333333334
CN1CC[NH+](CC1)C2CCN([NH2+][O-])CC2,-6.702,15,-0.4468
CC[C@@H]([C@H](C)O)c(cc1)[nH+]c(c12)cccc2,-6.702,16,-0.418875
CN(C)C(=O)c1cccc(c1)C(=O)[C@@H](N)Cc(c[nH]2)c(c23)cccc3,-6.701,25,-0.26804
C[NH+](C)CCN(CC1)CCC1n(nnc2C)c2-c3ccc(cc3)[C@@H](C[NH3+])c4ccc(Cl)cc4,-6.701,33,-0.20306060606060605
C#CCn1cc(ccc1=O)-c2c(C)noc2C,-6.7,17,-0.3941176470588235
Cc1nc(C[NH+](C)C)ccc1CCNS(=O)(=O)c(ccc2)c(c23)ccnc3,-6.7,27,-0.24814814814814815
Cc1c(C#N)cccc1[C@@H](C)c(cc2)cc(c2=3)=NC(=O)N3,-6.698,21,-0.318952380952381
OCc1ccccc1Cc2cccc(F)c2,-6.696,16,-0.4185
O[C@@H]1CCc(c12)c(CC=C)ccc2C(F)(F)F,-6.696,17,-0.39388235294117646
Cc1c(C#N)n[nH]c1N2CCN(C)C(=O)[C@H]2C,-6.696,17,-0.39388235294117646
C1COCCC1[C@H]([C@@H](CC)CO)c2ccccc2,-6.694,18,-0.3718888888888889
c1nccc(c12)c(ccc2)S(=O)(=O)NCCCCC3OCCO3,-6.694,23,-0.29104347826086957
N#CCCN(C)c(c(c12)cc(Br)cc2)nc(n1)C[C@H](O)[C@H]([NH3+])CO,-6.691,24,-0.27879166666666666
C[C@H]([NH3+])[C@@H](O)C(=O)c1ccc(F)c(Cl)c1,-6.688,15,-0.44586666666666663
COCCCNc1cccc(c1)NS(=O)(=O)c2c(F)cccc2F,-6.688,24,-0.2786666666666667
C1COCCN1c(o2)cc(=O)c(c23)scc3NCc4ccc(F)cc4,-6.688,25,-0.26752
n1cccc(c12)c(n[nH]2)Cc(cn3C)c(n3)COc4ccc(cc4)-c(ccc5)c(c56)ncn6C,-6.687,34,-0.1966764705882353
n1[nH]cnc1[C@@H](C)[NH2+]Cc2ccc([N+](=O)[O-])cc2,-6.687,18,-0.3715
Cc1cccc(c12)n(c(n2)CCC)C(=O)OCc3ccccc3,-6.687,23,-0.2907391304347826
CCC(=O)c1c[nH]c(c1)C(=O)c2cccc(c2)NS(=O)(=O)c3cccc(Br)c3,-6.683,28,-0.23867857142857143
C1CCC1CNc(c(c23)c(=O)[nH]nc2)cnc3NCc(c(F)cc4)c(c45)CCO5,-6.682,29,-0.23041379310344828
Cn1c(C#N)ccc1N2CCSCC2,-6.681,14,-0.4772142857142857
CC(=O)N1CCC(CC1)Cc2ccc(cc2)-c(n3)c(C)c(C(=O)[O-])c(c34)ccnc4,-6.68,30,-0.22266666666666665
CC(C)(O)Cn1cc(cn1)CCNS(=O)(=O)c(ccc2)c(c23)ccnc3,-6.68,26,-0.2569230769230769
COc1ccc(cc1)Oc2cc(ncn2)-c3[nH]ncc3-c4ccncc4,-6.679,26,-0.2568846153846154
c1cnccc1NC(=O)[C@H](C(C)C)NN[C@@H](CCCC[NH3+])C(=O)NCCC2CCCCC2,-6.678,32,-0.2086875
CC[C@H](C)[C@H]([NH3+])C(=O)Nc(c1)c(NC)cc(c12)onc2C,-6.676,21,-0.3179047619047619
CCc1ccccc1Nc(c2)c(OC)cc(c23)onc3CC,-6.675,22,-0.3034090909090909
n1nc(Cl)n(c12)nc(cc2)[C@H](C)c3cccc(C(F)(F)F)c3,-6.674,22,-0.3033636363636364
FC(F)(F)c1ncc(c(c12)CC[C@H]2O)-c(cnn3C)c3Oc4ccccc4,-6.674,27,-0.2471851851851852
n1c[nH]c(=O)c(c12)ncn2CC3CCOCC3,-6.669,17,-0.3922941176470588
COc(cc1)cc(c12)nc([nH]2)CCc3cc(Cl)c[nH]c3=O,-6.669,21,-0.31757142857142856
Cc1nnn(C)c1-c2ccsc2,-6.665,12,-0.5554166666666667
O=c1ccc(cn1C)-c2ccncc2,-6.662,14,-0.47585714285714287
COc1ccc(cc1OC)Nc2ccc(C)cc2C,-6.661,19,-0.35057894736842105
CC(=O)N1CCC[C@H](C1)CNc2ccc(F)cc2F,-6.661,19,-0.35057894736842105
c1cncc(c12)c(=O)c(C#N)c([nH]2)Nc3cccc(c3)N4CCCC4=O,-6.659,26,-0.25611538461538463
c1cccc(c12)c(on2)C(=O)c3ccccc3F,-6.659,18,-0.3699444444444444
n1cnc(N)c(c12)ncn2CCC[NH2+]Cc3ccc(c(Cl)c3)-c4ccccc4,-6.659,28,-0.23782142857142857
C1CC(O)CCN1C(=O)c2cc(F)ccc2O,-6.658,17,-0.39164705882352946
C[C@H]([NH3+])[C@@H](O)C(=O)c(cnc1)c(c12)cccc2,-6.656,17,-0.39152941176470585
OCCOc1ccc(cc1)Cc(ccc2)c(c23)cccc3,-6.655,21,-0.3169047619047619
COc1ccc(cc1)Cn2nnc(n2)C(=O)Cc3ccc(Cl)c(=O)[nH]3,-6.655,25,-0.2662
COc1ccc(cc1)Cc([nH]2)c(c(c23)cc(cc3)OC)CCNC(=O)C,-6.655,26,-0.25596153846153846
COc1cccc(c1)OCC(=O)Nc2ccc(cc2)-c3cc(C)c(O)c(C)c3,-6.654,28,-0.23764285714285713
C[NH+]1CCN(CC1)c2cc(F)ccc2F,-6.654,15,-0.4436
C1C[NH2+]CCN1C(=O)[C@@H](C2)Oc(c23)c(cc(Cl)c3)[C@H](CO)Cc(c[nH]4)c(c45)cccc5,-6.654,31,-0.21464516129032257
c1ccccc1C[C@@H](NC(=O)[C@H](O)[C@H](C)[NH3+])CCc2ccc(F)c(F)c2F,-6.65,27,-0.24629629629629632
Cn1nc(cc1)-c2cccc(C(=O)[O-])c2,-6.649,15,-0.44326666666666664
CC(C)(C)S(=O)(=O)n1ccc(=O)[n-]c1=O,-6.647,15,-0.4431333333333333
FC(F)(F)c1ccncc1C(=O)c2cccc(c2)NS(=O)(=O)c3cccc(Br)c3,-6.646,29,-0.22917241379310344
O=C1C=CCN1c2cccc([NH2+][O-])c2,-6.644,14,-0.4745714285714286
O=c1ccc(cn1C)C(=O)CCn(c(n2)SCCC(=O)[O-])c(c23)cccc3,-6.644,27,-0.24607407407407408
o1nc(C)c(c12)cc(c(c2)O)Nc3ccc(c(F)c3)N4CCSCC4,-6.643,25,-0.26572
O=C([O-])c1ccc(cc1)CNC(=O)c2cccc(c2)-c3nnn(n3)N4CCCOC4=O,-6.643,31,-0.21429032258064515
Cc1nn(C)c(C)c1NS(=O)(=O)c2ccc(nc2)NCCc3ccc(Cl)c(Cl)c3,-6.643,29,-0.22906896551724137
COc1ccc(c(C)c1)Nc(c[nH+]2)n(c23)CCC3,-6.642,18,-0.369
CC[N@H+]1CC[C@@H](CC1)c2ccnc(n2)Oc3cc(C)cc(C)c3,-6.642,23,-0.2887826086956522
NC(=O)c1ncc(cn1)N[C@H](Cc(c[nH]2)c(c23)cccc3)C(=O)Nc4ccncc4,-6.642,30,-0.2214
COC1=C(OC)C(=O)C(=C(C)C1=O)CCCc(c(F)cc2)c(c23)CCO3,-6.64,26,-0.2553846153846154
COc(c1)c(OC)cc(c12)c(nc(n2)C)-c3cc(F)cc(C#N)c3,-6.639,24,-0.276625
O=C([O-])CCCOc1ccccc1[C@H]2CC[C@H](O)CC2,-6.639,20,-0.33195
COc1ccc(cc1)Cn2nnc(n2)N3CCCC3=O,-6.638,20,-0.3319
S1SCC[C@H]1CCCCC(=O)Nc2nc(cs2)-c3ccccn3,-6.637,23,-0.2885652173913043
O=S(=O)c(cc1)ccc1C(=O)NCCCc2ccc(=O)n(c2)Cc3ccccc3,-6.636,29,-0.22882758620689655
NC(=O)c1cccc(c1)Cc2ccc(c(F)c2)N3CCSCC3,-6.636,23,-0.2885217391304348
Cc1ccc(cc1)[C@H](C)Nc(cc2)cc(c23)N([C@@H](C)C(=O)N3C)c4ncccn4,-6.635,29,-0.22879310344827586
CC(C)[C@H](CO)[C@H](C)[C@H]1CNC(=O)C1,-6.635,14,-0.4739285714285714
[NH3+]CCNn(c1=O)c(=O)n(C)c(c12)ccc(c2)C(=O)C3=C([O-])CCCC3=O,-6.635,27,-0.24574074074074073
COc1cc(=O)n(C)nc1-c2ccccc2CC(=O)c3ccccc3,-6.634,25,-0.26536000000000004
c1ccccc1C[C@@H](C(=O)[O-])Cc(ccc2OCCC)cc2C[NH2+]Cc3cc(O)cc(O)c3,-6.634,33,-0.20103030303030303
C[NH2+]Cc1cccc(c1)Cc2c(cccc3)c3nc(c24)CCCC4,-6.633,24,-0.276375
O=S(=O)Oc(cc1)ccc1C(=O)c2cc(c[nH]2)C(=O)c3c(Cl)cccc3Cl,-6.632,27,-0.24562962962962961
OCCOCc1ccnc(c1)N2CC[NH2+]CC2,-6.632,17,-0.3901176470588235
CC(C)n(cn1)c(c12)nc(-c3cnns3)nc2Nc4ccc(C(=O)[O-])c(Cl)c4,-6.631,28,-0.23682142857142857
Cc1ccc(Cl)cc1N2CCC[C@@H](O)C2,-6.631,15,-0.44206666666666666
N#Cc1ccc(cc1Cl)C(=O)Cc2ccccc2,-6.631,18,-0.3683888888888889
c1ccccc1[C@](O)(CC2)c(c23)cc(cc3)N4CC[NH+](CC4)C5COC5,-6.63,26,-0.255
[NH3+]CCc(cc1)cc(c12)occ2CC(=O)[O-],-6.628,16,-0.41425
COc1ccc(cc1OC)NCCCNC(=O)c2ccc(F)cc2,-6.627,24,-0.276125
c1cccc(c12)c(c[nH]2)C[C@H](N)C(=O)NC3CCN(CC3)C(=O)NCCCCc4ccccc4,-6.627,34,-0.19491176470588234
N#CCCNc1cccc(c1)-c2csc(=O)[nH]2,-6.627,17,-0.3898235294117647
COc1ccc(cc1)Cn2nnc(n2)-c(c3)nc(NC(C)C)c(n34)nnc4C,-6.626,28,-0.23664285714285715
C[NH2+]Cc1cccc(c1)CS(=O)(=O)c(cc2)cc(c23)scn3,-6.626,22,-0.3011818181818182
c1nccn1C(=O)Cc(cs2)c(c23)cc(Cl)cc3,-6.625,18,-0.3680555555555556
O=c1[n-]c(no1)-c2cccc(C(F)(F)F)c2,-6.625,16,-0.4140625
Cc1cc(C)cc(c1)Oc2nccc(n2)-c3c(-c4ccccc4F)ncn3[C@H]5CC[N@@H+](C5)CC[NH3+],-6.624,35,-0.18925714285714285
c1ccccc1[C@]2(C)COc(c23)c(C(=O)NC)cc(c3)C(=O)Nc4ccccc4F,-6.623,30,-0.22076666666666667
Cc1cc(C)cc(c1)Nc2cccc(n2)-c3c(C)nnn3C4CCN(CC4)n5cc(C)c(=O)[nH]c5=O,-6.621,36,-0.18391666666666667
[NH3+]Cc1ccc(cc1)-c2ncon2,-6.619,13,-0.5091538461538462
OCc1ccccc1Cc2ccc(nc2)N3CC[NH2+]CC3,-6.615,21,-0.315
NC(=O)C1=CN(C=CC1)NC2CCCCCC2,-6.615,17,-0.38911764705882357
CC(O1)(C)C(=O)Nc(c12)ccc(c2)Nc3ccccc3F,-6.613,21,-0.3149047619047619
O=C([O-])CNc1noc(-c2ccccc2)c1C(=O)NCCOc3ccc(Cl)cc3Cl,-6.613,30,-0.22043333333333334
Cc1nn(C)c(C)c1Cc2ccc(F)c(F)c2F,-6.613,18,-0.36738888888888893
COCCNc(ncn1)c(c12)cc[nH]2,-6.611,14,-0.4722142857142857
Cc1noc(C)c1-c2ccc(=O)n(c2)N[C@@H](CCCC[NH3+])C(=O)NCCC3CCCCC3,-6.61,32,-0.2065625
CCCCCC(=O)NCc(n1)sc(c12)cc(OC)c(c2)OCCC[N+](C)(CCO)CCO,-6.609,32,-0.20653125
c1ccccc1C(=O)CCc2ccc(F)cc2,-6.609,17,-0.38876470588235296
[nH]1ccc(c12)c(ncn2)C(=O)c3ccco3,-6.608,16,-0.413
CC(C)C[C@H](N)C(=O)c1cc(nc(n1)N)N2CCOCC2,-6.606,21,-0.31457142857142856
O=Cc1ccccc1/C=N/N=c2/[nH]c(cs2)CCCc3ccccc3,-6.606,25,-0.26424
C1C[C@H](C)Cc(c12)sc(c2C(=O)N)Nc(cc3)cc(c34)[C@@](O)(CC4)c5ccccc5,-6.605,30,-0.22016666666666668
n1cccnc1-c(cc2)ccc2C(=O)c3ncn(n3)C[C@H]4CC[C@H](C(=O)[O-])CC4,-6.604,29,-0.2277241379310345
Cn1cc[nH+]c1C(=O)c(o2)c(C)c(c23)c(ccc3)OCCCC(=O)COc4cccc(F)c4,-6.604,33,-0.20012121212121212
Cc1cc(C)cc(c1)Oc2nccc(n2)-c3c(NCC[NH3+])ncn3[C@H]4CC[N@H+](C4)CC[NH3+],-6.604,32,-0.206375
C1COCCN1c(ncn2)c(c23)cc(c(c3)OC)-c4cc(C)nc(c4)C(=O)NCc5ccc(F)cc5,-6.602,36,-0.1833888888888889
CC(=O)CCc(n1)[nH]c(c12)cc(Cl)c(Cl)c2,-6.602,16,-0.412625
O=C([O-])[C@H]1CC[C@@H](CC1)CNc2ccc(F)cc2F,-6.601,19,-0.34742105263157896
COC(=O)c1ccc(c(Cl)c1)Cc(cc2)nn(c23)c(nn3)C,-6.601,22,-0.30004545454545456
O=C([O-])[C@H]1CC[C@@H](CC1)Cn2cnc(n2)OCc3ccccc3,-6.6,23,-0.28695652173913044
O=c([nH]1)onc1C(\C)=C/2c(cccc3)c3OCc(c24)cc(cc4)CCc5cccc(c5)C(=O)N,-6.599,34,-0.19408823529411764
C[NH2+]Cc1cc(nn1C)Cc(c[nH]2)c(c23)cc(C)cc3,-6.598,20,-0.32989999999999997
O=C([O-])c1sccc1C(=O)NCCc2ccncc2,-6.598,19,-0.34726315789473683
c1c[nH]c(c12)c(=O)n(C\C=C\C)cc2Cc(c3)oc(c34)cccc4,-6.596,24,-0.2748333333333333
Cc1nnn(C)c1-c(nc(c23)cccc3)nc2NCc4ccco4,-6.596,24,-0.2748333333333333
c1ccccc1-c(cn2C)nc2Cc3cccc(c3)N4CCCC4=O,-6.595,25,-0.2638
o1nc(C)c(c12)cc(c(c2)OC)S(=O)(=O)c3ccccc3,-6.594,21,-0.314
c1ccccc1C(=O)CC(C)=[N+]2CCN(CC2)c3ccccc3OCCO,-6.592,27,-0.24414814814814814
O=C([O-])CNn(c(n1)C)c(c12)cccc2C#N,-6.591,17,-0.3877058823529412
c1cnccc1-n(c(=O)n(c2=O)CCC)c(c23)nc([nH]3)C4CCCCC4,-6.591,26,-0.2535
Cc1cc(n[nH]1)[C@@H](C)Nc(c(c23)cc(Br)cc3)nc([nH+]2)N(C)CCC[NH+](C)C,-6.59,28,-0.23535714285714285
Cc1ccc(cc1C)Nc2nccc(n2)Nc3nccs3,-6.589,21,-0.3137619047619048
c1cccc(c12)c(c[nH]2)C[C@H]([NH3+])C(=O)N[C@@H]3CC[N@H+](CC3)CCc4c[nH]cn4,-6.589,28,-0.2353214285714286
C1CC1Nc(nc2N)cc(n2)N3CCN(CC3)C(=O)c4ccccc4[N+](=O)[O-],-6.589,28,-0.2353214285714286
CCCCC(=O)c(c(c12)c(=O)[nH]nc2)cnc1NCc(c(F)cc3)c(c34)CCO4,-6.588,29,-0.22717241379310346
Cn1c(=O)n(C)c(c12)cc(c(C)c2)S(=O)(=O)[C@H](C)[C@H]3CC[C@H](C)CC3,-6.587,25,-0.26348
Cn1cc(cn1)C2CC[NH2+]CC2,-6.586,12,-0.5488333333333334
CCc1c(NC)nc(N)nc1-c(nc(c23)cccc3)nc2NCc4ccco4,-6.586,28,-0.23521428571428574
O=C([O-])CCCCCNC(=O)CCC(=O)NCCc1ccc(Cl)c(Cl)c1,-6.585,26,-0.25326923076923075
COc1ccc(cc1)Oc2cc(ncn2)N(C)CCc3ccccc3OCCO,-6.585,29,-0.22706896551724137
C[C@H](O)Cc1cs/c([nH]1)=N\N=C\c2ccccc2C=O,-6.585,20,-0.32925
C[NH2+]Cc1cc(nn1C)Cc2ccc(C)cc2,-6.585,17,-0.38735294117647057
N#Cc(c1Cl)ccc(c1C)NCc2ccc(C(=O)[O-])cc2,-6.584,21,-0.3135238095238095
COc1cccc(c1)C/C(N)=[NH+]\C(=O)c2cc(Cl)ccc2S(=O)(=O)c3ccc(F)c(C)c3,-6.584,32,-0.20575
CN(C1)C(=O)Nc(c12)ccc(c2)Nc(cc3)cc(c34)n(nn4)C,-6.583,23,-0.2862173913043478
COc1cccc(c1)[C@H](O)Cc2[nH+]cc[nH]2,-6.583,16,-0.4114375
COc1ccc(cc1OC)N(CC(=O)NC(C(C)C)C(C)C)CCc(n2)[nH]c(c23)cccc3OC,-6.583,35,-0.1880857142857143
n1nc(C)n(c12)nc(cc2)-n3cncn3,-6.58,15,-0.43866666666666665
CN(C)C(=O)c1cccc(c1)S(=O)(=O)c(cc2)cc(c23)CN(C)C(=O)N3,-6.58,26,-0.2530769230769231
c1cccc(c12)c(c[nH]2)C[C@H]([NH3+])C(=O)NC3CCN(CC3)N(C4=O)C(=O)N([C@H]45)CC[C@H]5O,-6.576,32,-0.2055
CC(C)Nc1ccc(Cl)c(Cl)c1,-6.576,12,-0.5479999999999999
COc1cccc(c1)-c2ccc(c(F)c2)Nc3cccc(c3)CC(=O)[O-],-6.572,26,-0.25276923076923075
C1CC1C(=O)c(cn2C)cc(c2=O)NC(=O)Nc3ccccc3F,-6.571,24,-0.27379166666666666
Cc1ccc(C)c(c1)C[NH2+]Cc2cccc(n2)Oc3ccccc3,-6.571,24,-0.27379166666666666
c1cccc(c12)[nH]cc2CCCC3CCOCC3,-6.57,18,-0.365
O=C([O-])[C@H](C)[C@H]1CCN(C1)S(=O)(=O)C,-6.57,14,-0.4692857142857143
n1nc(C)n(c12)nc(cc2)-c3cnn(C)c3Cc(c4)oc(c45)cccc5,-6.57,26,-0.2526923076923077
O=C([O-])c1ccc(cc1)CNS(=O)(=O)c2c(F)cccc2F,-6.57,22,-0.29863636363636364
O[C@@H]1CCc(c12)c(CC(=O)[O-])ccc2C(F)(F)F,-6.568,18,-0.3648888888888889
C[NH+](C)CCC[C@H]1SC(=NC1=C)NCc(ccc2)c(c23)OCO3,-6.567,23,-0.28552173913043477
[NH3+]CCNn(c1=O)c(=O)n(C)c(c12)ccc(c2)C(=O)C3=C(O)CCCC3=O,-6.566,27,-0.24318518518518517
Cc1c(C#N)n[nH]c1[C@@H](C)C(=O)[O-],-6.563,13,-0.5048461538461538
O=C1OCCCN1c(cnc2)c(c23)cccc3,-6.562,17,-0.386
CCc1ccccc1CCn2ccc(=O)[nH]c2=O,-6.561,18,-0.3645
Cc1noc(C)c1[C@@H]2O[C@@H]([C@@H](O)[C@H]2O)C(=O)NCCO,-6.558,20,-0.32789999999999997
O=[N+]([O-])c1ccc(cc1)Cc2cccc(F)c2,-6.557,17,-0.3857058823529412
Clc1cccc(Cl)c1C(=O)c2c[nH]c(c2)C(=O)[C@@H]3CCC[NH2+]C3,-6.557,23,-0.28508695652173915
CCc(nn1)n(c12)nc(cc2)-n(c(C)c3)c(c34)cc(cc4)Nc5nccc(n5)NC,-6.555,30,-0.2185
[NH3+]Cc1ccc(cc1)N2CC[NH+](CC2)Cc3ccccc3,-6.553,21,-0.312047619047619
CCC(=O)c1c(C)ccn(c1=O)Cc(n[nH]2)c(c23)cccn3,-6.553,22,-0.2978636363636364
c1ccccc1C[C@@H](NC(=O)[C@H](O)[C@H](C)[NH3+])CCc(cc(n2)N)c(c23)ccc(Br)c3O,-6.553,31,-0.21138709677419354
c1n[nH]c([O-])c(c12)c(=N\S(=O)(=O)C)/cnc2NCc(c(F)cc3)c(c34)CCO4,-6.552,28,-0.23399999999999999
c1ccccc1[C@H](C)c(cc2C(=O)NCC)nc(c2)S(=O)(=O)c3cccc(Br)c3,-6.551,29,-0.22589655172413795
CC(C)[C@H](CO)c1ccc(I)cc1,-6.551,13,-0.5039230769230769
FC(F)(F)c(c1)cc(N)cc1[C@@H](C)[NH2+]CCOc2ccc(cc2)C[C@@H]3SC(=O)NC3=O,-6.55,31,-0.21129032258064515
CNc1ccnc(n1)-n2ccnc2,-6.548,13,-0.5036923076923077
CC(C)(C)Oc1ccc(cc1Cl)C[NH2+]CCc(n2)[nH]c(c23)cccc3,-6.547,25,-0.26188
Cc1ccc(C(C)C)cc1Oc2nccc(n2)CCC[N+](C)(CCO)CCO,-6.546,28,-0.2337857142857143
Cc1ccccc1CC(=O)CCNC(=O)CCCC[C@@H]2CCSS2,-6.546,24,-0.27275
Cc1cc(CC(=O)[O-])ccc1C#N,-6.545,13,-0.5034615384615384
Cc1cncc(c1)-c(c(c23)cc(C)c(=O)[nH]3)cnc2N4CCC([NH+](C)C)CC4,-6.545,28,-0.23374999999999999
n1nc(C)n(c12)cc(cc2)-c3cc(C(=O)NC4CC4)cc(n3)Cc5ccccc5,-6.545,29,-0.2256896551724138
CC(=O)C(=O)N1CCC(CC1)c2nc(no2)-c3cccs3,-6.544,21,-0.3116190476190476
CCCC(=CC1=O)N=C([N+]1=2)N=C(N2)Cc(c3)nc(NC)c(n34)nnc4C,-6.544,26,-0.25169230769230766
COc1cc(=O)n(C)nc1-c2ccccc2Nc3cccc(c3)N4CC=CC4=O,-6.544,29,-0.2256551724137931
c1nccc(c12)c(ccc2)S(=O)(=O)NCC[NH2+]CCCCC3OCCO3,-6.543,26,-0.2516538461538462
C[C@H](O)Cc1ncn(n1)C[C@H]2CC[C@H](C(=O)[O-])CC2,-6.542,19,-0.3443157894736842
FC(F)(C1)[C@@H](O)c(c12)c(S(=O)(=O)C)ccc2-c(cc3)cc(c34)[C@@](O)(CC4)c5ccccc5,-6.542,32,-0.2044375
n1[nH]ccc1-n(c(c2)CC)c(c23)CCCC3=O,-6.541,17,-0.38476470588235295
C1C[C@@H](O)c(c12)c(C(F)(F)F)ncc2NC3CCOCC3,-6.541,21,-0.3114761904761905
O=C([O-])Cc1cccc(Cl)c1Cl,-6.54,12,-0.545
COc1cccc(c1)CC(=[NH2+])NC(=O)c2ccc(cc2)-c3ccccc3F,-6.538,27,-0.24214814814814817
Cn1ccc(n1)-n2cc(O)cn2,-6.538,12,-0.5448333333333334
CC1CCN(C(=O)C(F)(F)F)CC1,-6.538,13,-0.5029230769230769
CC(C)[NH2+]Cc1cc(O)cc(O)c1,-6.537,13,-0.5028461538461538
Cc1nn(C)c(C)c1Cc(ccc2)c(c23)ncn3C,-6.537,19,-0.3440526315789474
Cc1ccccc1CC(=O)c2cc(nc(n2)N)NC3CC3,-6.537,21,-0.3112857142857143
Cc1cc(no1)[C@@H](C)NC(=O)c2[nH]cc(c2C)-c3ccc(C)c(c3)S(=O)(=O)NC4C=C4,-6.536,31,-0.21083870967741933
CC(=O)Nc1cccc(c1)CC#C[Si](C)(C)C,-6.536,17,-0.3844705882352941
COc(cc1)cc(c12)nc([nH]2)CCc3c(Cl)cccc3Cl,-6.536,21,-0.3112380952380952
C[C@@H]1C[NH2+]CCCN1c2cc(F)cnc2Cl,-6.536,16,-0.4085
CCOC(=O)c1cnn(C)c1C(=O)Nc2nccs2,-6.536,19,-0.344
n1cc[nH]c1CCCc2cncs2,-6.534,13,-0.5026153846153846
O=C([O-])CCCc(cnc1)c(c12)cccc2,-6.534,16,-0.408375
c1cc(F)cc(c12)c(N[C@H](C)C(=O)[O-])c(C#N)c(n2)N[C@H](C)c3ccc(Br)cc3,-6.532,29,-0.22524137931034482
CC(=O)c1ccccc1-c(nn(c23)c(nn3)C)cc2N[C@H](C)C(=O)N,-6.531,25,-0.26123999999999997
O=C([O-])c1cc(CC)nc(c12)n(nc2C(CC)CC)Nc(cc3)cc(c34)n(nn4)C,-6.531,30,-0.21769999999999998
CC(C)Oc(cc1)cc(c12)OCCO2,-6.531,14,-0.46649999999999997
CC[N@H+]1CC[C@@H](CC1)CCCOc(ccc2)c(c23)c(C)c(o3)C(=O)c4[nH+]ccn4C,-6.531,30,-0.21769999999999998
Cc1noc(C)c1-c2ccc(cc2)C(=O)NCCCCc3ccccc3,-6.529,26,-0.25111538461538463
Oc1ccc(F)cc1C(=O)C[C@H]2CC[C@H](C(=O)[O-])CC2,-6.527,20,-0.32635000000000003
Cc1cc(C)cc(c1)Nc2nccc(n2)/N=C/c3ccccc3C=O,-6.526,25,-0.26104
Fc1cccc(c1)Cc2ccc(C(F)(F)F)c(F)c2,-6.526,19,-0.3434736842105263
n1ccc(OC)c(c12)cc(cc2)[C@H](C)c3cc(N)cc(C(F)(F)F)c3,-6.525,25,-0.261
O=C1[N-]C(=O)N(C1(C)C)[N-][C@@H](CCSC)C(=O)Nc2ccncc2,-6.525,24,-0.27187500000000003
COC1=C(OC)C(=O)C(=C(C)C1=O)CCC[C@@H](O)c2cccc(Cl)c2,-6.523,25,-0.26092
Cc1ccc(cc1C)Nc2nccc(n2)N3CCC[C@H]3C=O,-6.523,22,-0.2965
OCCc1cn[nH]c1-c2cccc(C(F)(F)F)c2,-6.523,18,-0.36238888888888887
N#Cc1ccc(cc1)Nc2nccc(n2)-n3cncn3,-6.523,20,-0.32615
c1cc(F)ccc1-c(c2)nc(cc2C(C)(C)N)C(=O)NNCCn3ccc(=O)[nH]c3=O,-6.522,31,-0.21038709677419357
COC(=O)c1ccc(c(Cl)c1)Cc2cccc(C)c2C,-6.522,20,-0.3261
Cn1cc[nH+]c1C(=O)c(o2)c(C)c(c23)c(ccc3)CC(CO)(COC[C@@H](C)O)COC[C@@H](C)O,-6.52,34,-0.19176470588235292
COc1ccc(CC[NH3+])cc1OC,-6.519,13,-0.5014615384615385
Cc1cc(C)cc(c1)Oc2nccc(n2)-c3cnc([nH]3)C4CCCC4,-6.519,25,-0.26076
COCCc1cnc(C(=O)N)nc1,-6.519,13,-0.5014615384615385
Cc1[nH]ncc1CCc(n2)[nH]c(c23)cc(Cl)c(Cl)c3,-6.518,19,-0.34305263157894733
COc1ccc(cc1)S(=O)(=O)n(c(c23)ccc(c3)OC)cc2CCC(=O)CCC(=O)N,-6.518,31,-0.21025806451612902
C[NH2+]Cc1cccc(c1)Cc2c(cccc3)c3[nH+]c(c24)CCCC4,-6.517,24,-0.2715416666666667
COc1cc(=O)n(C)nc1-c2ccccc2C(=O)C,-6.517,19,-0.343
CC(=O)N1CCC[C@H](C1)CCc(cc2)nc(c23)cccc3,-6.516,21,-0.3102857142857143
[NH3+]CCc1ccc(cc1)Cc2ccc(F)cc2,-6.515,17,-0.38323529411764706
FC(F)(F)c1cccc(c1)C2CC2,-6.512,13,-0.5009230769230769
OB(O)c1ccc(C(F)(F)F)cc1,-6.511,13,-0.5008461538461538
O=C([O-])c1ccc(cc1Cl)[C@@H]2O[C@@H]([C@@H](O)[C@H]2O)C(=O)NCCO,-6.511,23,-0.28308695652173915
Fc1cccc(c1)C[NH2+]Cc2cccs2,-6.51,15,-0.434
Cc1cccc(c1C)Oc2nccc(n2)-c3c([C@@H]4OC[C@@H](O)[C@H]4O)ncn3C5CC[NH2+]CC5,-6.509,33,-0.19724242424242425
Cc1ccccc1Cc2cc(C)c(=O)n(C)c2,-6.508,17,-0.38282352941176473
Cn1cc(nn1)Nc2nc(cs2)-c3ccccn3,-6.505,18,-0.36138888888888887
O=C([O-])C(C)(C)Oc1ccc(cc1)CC[NH2+]Cc(c2)oc(c23)cccc3,-6.505,26,-0.2501923076923077
CC(C)Cn1ncc(Cl)c1C(=O)Nc2nc(cs2)-c3ccccn3,-6.503,24,-0.27095833333333336
Oc1cnn(c1)-c2nccs2,-6.503,11,-0.5911818181818181
O=c1ccc(cn1C)C(=O)[C@H]2CCN(C2)CC[NH3+],-6.502,18,-0.3612222222222222
NC(=O)[C@@H](C)Nc1cc(nn(c12)c(C)nn2)-c(cc3)cc(c34)nccc4,-6.502,26,-0.2500769230769231
C1C[NH2+]CCN1c(nc2OC)nc(n2)N3CCC[C@H](O)C3,-6.502,21,-0.3096190476190476
Cc1cc(no1)[C@@H](C)N[C@@H]2O[C@@H]([C@@H](O)[C@H]2O)C(=O)NCCO,-6.501,22,-0.29550000000000004
O=C([O-])c1c(O)ccn(c1=O)-c2cnns2,-6.499,16,-0.4061875
Cn1cc(cn1)-c2cc(F)c(c(F)c2)-c3ccccc3F,-6.498,21,-0.30942857142857144
N#Cc1ccc(cc1C)C/C=C/c2ccc(Br)cc2,-6.496,19,-0.3418947368421053
O1CCC[C@@H]1CCC(=O)Nc2nc(cs2)-c3ccccn3,-6.495,21,-0.3092857142857143
COc1ccc(cc1)Cn2nnc(n2)-c3cccc(c3)C(=O)C(=O)C(F)(F)F,-6.494,28,-0.23192857142857143
c1cccc(c12)c(c[nH]2)C[C@H]([NH3+])C(=O)N[C@@H]3CC[N@H+](CC3)CCCCCC(=O)[O-],-6.493,29,-0.22389655172413794
Ic(n1)nc(N)c(c12)ncn2Nc3ccc(Cl)cc3,-6.493,19,-0.34173684210526317
Nc(c1)cccc1[C@@H](C)c2cc(CO)ccc2F,-6.493,18,-0.3607222222222222
COc1cccc(c1)OCC(=O)Nc2ccc(cc2)-c3cnc[nH]3,-6.492,24,-0.2705
COc1nc(N)nc(n1)-c(c(c23)ccc(Cl)c3)c([nH]2)C(=O)NCC[NH+]4CCOCC4,-6.492,30,-0.2164
C[C@@H]1C(=O)N(C)CC[N@H+]1CCc2cc(F)cc(C#N)c2,-6.492,20,-0.3246
c1ccccc1COC(=O)c2cccc(c2)N3CCCC3=O,-6.492,22,-0.29509090909090907
CC(=O)c(c1)c(O)cc(c12)onc2C,-6.49,14,-0.4635714285714286
C1OCC[C@@H]1c2c(cc[nH]c2=O)NC[C@@H](O)c3cccc(Cl)c3,-6.49,23,-0.2821739130434783
c1ccccc1C[C@@H](NC(=O)[C@H](O)[C@H](C)[NH3+])CCc2cc(Cl)ccc2O,-6.49,26,-0.24961538461538463
Cc1c(C#N)cccc1[C@@H](C)Nc(nnc2C)c(c23)cc(nc3)-c4cc(Cl)c[n-]c4=O,-6.49,31,-0.20935483870967742
CC(=O)NC[C@H]1CN(C(=O)O1)/N=C/c2ccccc2C=O,-6.489,21,-0.309
COc1ccccc1Oc2nccc(n2)N3CC[C@@H](C3)[N@@H+](C)CCC[NH+](C)C,-6.489,28,-0.23174999999999998
n1cccc(c12)c(n[nH]2)Cc3cnc[nH]3,-6.488,15,-0.4325333333333334
O=C([O-])Cc1cccc(c1)Cc2ccc(Br)cc2,-6.486,18,-0.36033333333333334
O=c1ccc(cn1C)C(=O)c2cccc(Cl)c2Cl,-6.486,18,-0.36033333333333334
c1cccc(c12)c(c[nH]2)C[C@H](C(=O)[O-])CCc3ccccc3,-6.484,22,-0.2947272727272727
CNc1cc(nc(n1)N)C(=O)c2cc(Cl)ccc2OC3CC[NH2+]CC3,-6.483,25,-0.25932
[NH3+]CCCc1ccc(Cl)cc1,-6.483,11,-0.5893636363636363
c1cccc(c12)c(c[nH]2)C[C@H]([NH3+])C(=O)NC3CCOCC3,-6.482,21,-0.3086666666666667
C1CCCCC1([NH3+])CNc2ccc(cc2OC)C[NH2+]CCc(n3)[nH]c(c34)cccc4,-6.482,30,-0.21606666666666668
C1CC1C(=O)C(=O)Cn2c(cc(c23)cc(OC)cc3)C(=O)OCc(c4)oc(c45)cccc5,-6.482,32,-0.2025625
c1ccccc1-c(cn2C)[nH+]c2Cc3cccc(c3)N4CCCC4=O,-6.48,25,-0.25920000000000004
CCCC(=O)c1cnn(C)c(=O)c1C,-6.48,14,-0.4628571428571429
O=C1OCCCN1c2cccc(F)n2,-6.48,14,-0.4628571428571429
O=C(C1)NC[C@@H]1[C@@H](C)N2CCCC2=O,-6.477,14,-0.4626428571428572
CCc1ccccc1-n2cc(C)c(=O)[nH]c2=O,-6.476,17,-0.3809411764705882
n1[nH]cnc1[C@@H](C)NCc2ccc([N+](=O)[O-])cc2,-6.474,18,-0.3596666666666667
Fc(c1)cccc1OCC(=O)Nc2nc(cs2)-c3ccc(C(F)(F)F)cc3[N+](=O)[O-],-6.474,30,-0.21580000000000002
C[C@H]1CC[C@@H](CC1)C[NH2+]Cc2ccccn2,-6.473,16,-0.4045625
Clc1ccc(c(Cl)c1)-c2n[nH]cc2-c3ccncc3,-6.473,19,-0.34068421052631576
COc1ccc(cc1)Oc2cc(ncn2)-c3ccc(cc3Cl)C[NH2+]CCCC[NH3+],-6.472,29,-0.22317241379310346
[nH]1ccc(c12)c(cn(C)c2=O)[C@H](C)C3CC3,-6.472,16,-0.4045
Cc1ccc(N(C)C(F)(F)F)cc1,-6.471,13,-0.4977692307692308
Cn1c(C#N)ccc1C(C)(C)C(=O)[O-],-6.471,14,-0.46221428571428574
CCCCC/C=C/Cc([nH]1)nc(c12)cc(cc2C)N3CCOCC3,-6.47,24,-0.26958333333333334
CN(C)C(=O)c1cccc(c1)NCCOc2ccc(cc2)C[C@@H]3SC(=O)NC3=O,-6.47,29,-0.22310344827586207
Fc(c1)cccc1C(=O)Cc2ccc(Cl)c(=O)[nH]2,-6.469,18,-0.3593888888888889
Cc1cc([nH]n1)[C@@H](C)Nc(c(c23)cc(Br)cc3)nc([nH+]2)N(C)CCC[NH+](C)C,-6.465,28,-0.23089285714285715
Cc1cc(C)cc(c1)Oc2cccc(n2)-c3c(C)nnn3C(=O)c4ccc(S(=O)=O)cc4,-6.465,32,-0.20203125
Fc1ccc(cc1)Nc2ccc(F)c(F)c2F,-6.464,17,-0.38023529411764706
o1nc(C)c(c12)cc(c(c2)OC)NC/C=C(/C)CCC(=O)[O-],-6.464,22,-0.2938181818181818
c1ccccc1Cc(n2)cc(cc2-c(nn3)cn3C)C(=O)Nc4ccc(C(F)(F)F)cc4[N+](=O)[O-],-6.464,35,-0.1846857142857143
CC(C)ONCCCn(c(=O)n(c1=O)CCC)c(c12)nc([nH]2)C3CCCCC3,-6.463,28,-0.23082142857142857
O=C([O-])COc1ccc(cc1C)SCc2nnc(s2)C(=O)[C@@H](N)CC(C)C,-6.462,27,-0.23933333333333331
COc1ccc(cc1)Oc2cc(ncn2)-c3c(cnn3C)-c(cc4)nn(c45)c(nn5)C,-6.461,31,-0.2084193548387097
C[C@@H]1C(=O)N(C)CCN1CCc(nc(c23)n(cn2)C(C)C)nc3Nc4ccc(C(=O)[O-])c(Cl)c4,-6.461,34,-0.1900294117647059
O=C([O-])c(c1)cccc1NC(=O)CCNC(=O)CC[NH2+]Cc2ccc(c(Cl)c2)-c3ccno3,-6.46,33,-0.19575757575757577
CC(=O)NCCC(=O)N1CCCOC1=O,-6.46,15,-0.43066666666666664
O=C1CCCN1n2cccc2,-6.458,11,-0.5870909090909091
n1cccc(c12)c(n[nH]2)Cc3c[nH]c[nH+]3,-6.457,15,-0.43046666666666666
CC(=O)N1CCC[C@H](C1)Cc2ccccc2OCCCC(=O)[O-],-6.457,23,-0.2807391304347826
O=C1CCCc(c12)n(c(c2)CC)C[C@@H]3CCCN(C3)C(=O)C,-6.457,22,-0.2935
CC[C@H](CO)Cc1ccccc1F,-6.457,13,-0.49669230769230766
c1ccccc1C[NH+]2CCN(CC2)Cc(n[nH]3)c(c34)cccn4,-6.456,23,-0.28069565217391307
CNc1cc([nH+]c(n1)N)N2CCN(CC2)c3cc(F)cc(F)c3,-6.455,23,-0.2806521739130435
CSc1ccc(cc1)C(=O)CC(=O)c(cn2)cc(c23)cccc3,-6.455,23,-0.2806521739130435
c1c(Cl)ccc(c12)c([C@H](C)C(=O)[O-])c([nH]2)C(=O)NCCN3CCOCC3,-6.455,26,-0.24826923076923077
C1CC1N2C(C)(C)C(=O)N(C)c(c23)ccc(c3)Nc4cc(F)cc(F)c4,-6.454,26,-0.24823076923076923
[NH3+][C@H]1CCCN(C1)Cc2cccc(c2)Oc3ccccc3,-6.453,21,-0.3072857142857143
Cc1ccc(C(C)C)cc1Oc2nccc(n2)-c3ccc(cc3)NS(=O)(=O)C,-6.453,28,-0.23046428571428573
C/C=C/Cc1ccc(F)c(F)c1F,-6.452,13,-0.4963076923076923
O[C@@H]1CO[C@H]([C@@H]1O)n2cncn2,-6.452,12,-0.5376666666666666
Cc1ccc(cc1C)Nc2nccc(n2)-c(sc3S(=O)(=O)C)c(c34)CCC(F)(F)[C@H]4O,-6.452,31,-0.2081290322580645
C[C@@H](O)CS(=O)(=O)c1cccc(F)c1,-6.449,14,-0.46064285714285713
FC(F)(F)c1cccc(c1C)[C@@H](C)CCc2[nH+]cc[nH]2,-6.449,20,-0.32245
C[NH+](C)CCC[C@H]1SC(\NC1=C)=N/Cc(ccc2)c(c23)OCO3,-6.449,23,-0.28039130434782605
CC(C)(O)Cn(c1)ncc1-c2cc(nn(c23)c(C)nn3)-c4ccccc4Oc5ccccc5,-6.447,33,-0.19536363636363638
n1ccccc1N(CC2)CCC2NC(=O)NCC[NH2+]Cc3ccc(O)cc3,-6.447,27,-0.23877777777777778
O[C@@H]1CCCN(C1)c2cc(ccc2Cl)OCc(n[nH]3)c(c34)cccn4,-6.447,25,-0.25788
NC(=O)CC[NH2+]C1CCOCC1,-6.447,12,-0.53725
CN(C)C(=O)c1cccc(c1)NCCOc2ccc(cc2)C[C@@H]3SC(=O)[N-]C3=O,-6.446,29,-0.22227586206896552
CCc1ccc(nc1)CC[NH2+]CCC(=O)Nc2cccc(C(=O)[O-])c2,-6.446,25,-0.25784
CCCNC(=O)c(cc1)nc(c12)cccc2,-6.445,16,-0.4028125
O=C(C1)NC[C@@H]1[C@@H](C)Oc(c(c23)ccc[nH+]3)cc(c2)[C@H](CO)Cc(c[nH]4)c(c45)cccc5,-6.444,32,-0.201375
COC(=O)CC(=O)c1ccnc(n1)Oc2cccc(C)c2C,-6.444,22,-0.2929090909090909
COc(nn1)n(c12)nc(cc2)NO,-6.444,13,-0.4956923076923077
O=C([O-])C/[NH+]=C/C(=O)CCCCc(n[nH]1)c(c12)cccn2,-6.443,21,-0.3068095238095238
Oc1c(C)cc(cc1C)NCCc2ccc(Cl)c(Cl)c2,-6.442,20,-0.3221
[NH3+]CCOP(=O)([O-])OC[C@@H](COC(=O)CCC)C(=O)Cc1cccc(C)c1,-6.44,27,-0.23851851851851855
CC(=O)NCCC(=O)Nc(c(n12)nnc2C)cc(n1)-c3ccc(C)c(c3)Nc4ccccc4[NH3+],-6.44,34,-0.18941176470588236
c1cccc(c12)nc(s2)CCc3cnc[nH]3,-6.44,16,-0.4025
C1CC1NC(=O)c2cc(Cc3ccccc3)nc(c2)-c4cccc(Cl)c4,-6.44,26,-0.2476923076923077
Cn1ccc(n1)-c2cc(NC(=O)c3ccco3)cc(c2)C(=O)c(c4)oc(c45)cccc5,-6.44,31,-0.207741935483871
COc1ccc(CC#N)cc1,-6.439,11,-0.5853636363636364
n1[nH]ccc1C(=O)OCc2ccccc2,-6.439,15,-0.4292666666666667
c1cccc(c12)nc(C)nc2Cc3ccccc3C,-6.438,19,-0.3388421052631579
c1ccccc1CNNc2ccccc2,-6.437,15,-0.42913333333333337
c1c[nH]c(c12)c(=O)n(C)cc2N(C3CC3)Cc4ccccc4OCCCCCC(=O)[O-],-6.437,31,-0.2076451612903226
COc1ccc(CCC#N)cc1OC,-6.436,14,-0.4597142857142857
NC(=O)c1cccc(c1)CN2CCOC[C@@H]2c3ccccc3,-6.436,22,-0.29254545454545455
COc1ccc(cc1OC)C(=O)c(c2)oc(c23)cccc3,-6.435,21,-0.3064285714285714
Nc([nH+]1)cc(C)c(c12)ccc(c2)C[C@H](O)CO,-6.435,17,-0.37852941176470584
COc1[nH+]c(N(C)C)ncc1NCC(=O)[O-],-6.434,16,-0.402125
CCCCCCCCC(=O)Nc1c(CC(C)C)nn(C)c1C,-6.433,22,-0.2924090909090909
c1nccc(c12)c(ccc2)S(=O)(=O)NCC[NH2+]C3CCOCC3,-6.433,23,-0.279695652173913
COc1cc(=O)n(C)nc1-c2ccccc2NO,-6.43,18,-0.3572222222222222
CS(=O)(=O)Nc1cc(ccc1C)C(=O)CCCCCCCCC[NH3+],-6.43,24,-0.26791666666666664
O=C(N1)C(C)(C)Oc(c12)cc(c(c2)OC)N[C@H](C)[C@H]3CC[C@H](C)CC3,-6.43,25,-0.2572
C1C[NH2+]CCC1n(nnc2C)c2C(=O)c3[nH]cc(c3C)-c(c[nH]4)c(c45)ccc(c5)C(F)(F)F,-6.43,33,-0.19484848484848483
CCCn(c1=O)c(=O)n(C(C2)CC2(F)F)c(c13)nc([nH]3)C4CCCCC4,-6.429,26,-0.24726923076923077
COc1cc(Cl)ccc1O,-6.429,10,-0.6429
O=C(N1)C(C)(C)Oc(c12)cc(c(c2)OC)Nc3ccc(C)c(C)c3,-6.429,24,-0.26787500000000003
O=C([O-])CCC[C@@H](O)/C=C/C=C/C/C=C/CC[N@H+]1CCOC[C@@H]1c2ccccc2,-6.427,29,-0.2216206896551724
[nH]1cc[nH+]c1CCc(c(c23)ccc(Cl)c3)c([nH]2)C(=O)NCC[NH+]4CCOCC4,-6.427,28,-0.22953571428571426
OC[C@@H](O)C(=O)c1ccc(B(O)O)cc1,-6.426,15,-0.4284
n1c[nH]cc1-c(o2)cc(c23)c(=O)n(C)cc3CCCc4ccccc4,-6.426,25,-0.25704
CNc1cc([nH+]c(n1)N)-c2ccc(N)nc2,-6.425,16,-0.4015625
n1cn(C)c(c12)cccc2S(=O)(=O)c3cccs3,-6.425,18,-0.35694444444444445
Oc1cc(O)cc(c1)Cc2ccc(F)c(Cl)c2,-6.424,17,-0.3778823529411765
Fc1ccccc1Cn2ccnc2,-6.424,13,-0.49415384615384617
CC(=O)N1CCC(CC1)CNC(=O)N[C@@H](c(nnc2C)n2c(c34)cccc4)N=C3c5ccccc5,-6.422,35,-0.18348571428571428
Cc1noc(C)c1-c2ccc(cc2)CCc3ccc(O)cc3,-6.422,22,-0.2919090909090909
OCC[N+](C)(CCO)CCCOc(c(c1)OC)cc(c12)nc(s2)CNc(c[nH+]3)n(c34)CCC4,-6.421,33,-0.1945757575757576
C1CC1c([nH+]2)cccc2[C@H](CC)CC[N@@H+]3CCN(C)C(=O)[C@H]3C,-6.42,23,-0.2791304347826087
c1nccc(c12)c(ccc2)S(=O)(=O)c3ccccc3[O-],-6.419,20,-0.32094999999999996
CC[C@H](CO)n(cn1)c(c12)ncnc2N,-6.419,15,-0.42793333333333333
c1cccc(c12)c(-c(cs3)[nH]c3=O)nc(n2)Nc4ccc(F)c(Cl)c4,-6.416,25,-0.25664000000000003
Cc1nc([N+](=O)[O-])cn1C(=O)CCC(=O)NCCc2ccc(Cl)c(Cl)c2,-6.416,26,-0.2467692307692308
COC[C@H](C)c1c(C)ccn(C)c1=O,-6.415,14,-0.45821428571428574
Clc1ccc(cc1)C[C@@H]2CCC[NH2+]C2,-6.415,14,-0.45821428571428574
C1COCCN1C(=O)c(cnn2C)c2C(=O)CCCC(=O)/C=[NH+]/CC(=O)[O-],-6.415,27,-0.2375925925925926
c1ccccc1CCc2cn(C)c(=O)c(c23)C/C(O3)=c4\cnc([nH]4)=C5CCCC5,-6.414,29,-0.22117241379310343
Nc1cc(cc[nH+]1)Cc2cccc(Cl)c2,-6.413,15,-0.4275333333333334
c1occc1N(C2=O)C(=O)N([C@H]23)CC[C@H]3O,-6.412,16,-0.40075
CNc1ccnc(n1)-c2ccc(C#N)n2C,-6.412,16,-0.40075
c1ccccc1CNc2cn(C)c(=O)c(c23)C/C(O3)=c4\cnc([nH]4)=C5CCCC5,-6.412,29,-0.22110344827586206
COC(=O)CC(=O)c1ncn(C2CC[NH2+]CC2)c1-c3ccnc(n3)Nc4ccc(C)c(C)c4,-6.411,33,-0.19427272727272726
CCC(=O)c1ccc(CC[NH2+]CCO)cc1NC(=O)c(cc2)nc(c23)cccc3,-6.411,29,-0.22106896551724137
Cc1cc(C)cc(c1)Oc2cccc(n2)Cc3ccc([N+](=O)[O-])cc3,-6.41,25,-0.2564
CCOC(=O)Cc1nc(cs1)-c2ccnc(n2)Oc3cc(C(C)C)ccc3C,-6.409,28,-0.22889285714285715
C[N+](C)(C)C1CCN(CC1)c2ccc(cc2)NNc3cccc(c3)N4CCCC4=O,-6.408,30,-0.2136
FC(F)(F)c1ncc(c(c12)CC[C@H]2O)C(=O)COc3cccc(F)c3,-6.407,25,-0.25628
FC(F)(F)c(n1)nc(n12)nc(C)cc2C(=O)Cc(cnc3)c(c34)c(O)ccc4,-6.407,28,-0.22882142857142856
CC(C)Cn1ncc(Cl)c1C(=O)C(=O)c2cc(C(C)(C)[NH3+])cc(n2)-c3ccc(F)cc3,-6.407,31,-0.20667741935483872
O=c1[nH]c(cs1)Cc2ccccc2F,-6.407,14,-0.45764285714285713
C[C@H]([NH3+])[C@@H](O)C(=O)c1cncc(Cl)c1,-6.406,14,-0.4575714285714286
Cc1ncsc1Cc2ccsc2,-6.403,12,-0.5335833333333333
c1ccccc1CNC(=O)c2ccc(cc2)-c3ncn(n3)C[C@H]4CC[C@H](C(=O)[O-])CC4,-6.403,31,-0.20654838709677417
O=C[C@@H]1CCCN1[NH+]=c2cc[nH]cc2,-6.402,14,-0.4572857142857143
COc1cccc(c1)[C@H](O)CCCC2OCCO2,-6.402,18,-0.3556666666666667
CNc1cc([nH+]c(n1)N)N2CCN(CC2)c3ccnc(n3)Nc4cc(C)cc(C)c4,-6.402,30,-0.2134
O=c1[nH]c(=O)n(cc1C)[C@@H]2CC[N@H+](CC2)Cc3cccc(n3)N(CC4)C[C@H]([N@H+]45)CCC5,-6.402,31,-0.20651612903225808
COc(c1)c(OC)cc(c12)c(ncn2)-c3cc(Cl)cc(C#N)c3,-6.401,23,-0.27830434782608693
[NH3+]CCc1ccc(cc1)-c2ncon2,-6.401,14,-0.4572142857142857
Nc1cc(cc[nH+]1)-c(cc(Cl)c2)c(c23)O[C@H](C3)C(=O)NCc4cccs4,-6.401,26,-0.24619230769230768
CNS(=O)(=O)c(cc1)cc(c12)C[NH2+]CC2,-6.401,15,-0.4267333333333333
OCCOc1ccccc1-c2ncc(F)cc2F,-6.4,18,-0.35555555555555557
C[C@@H](O)c1ccc(cc1)Cc2cccc(C(=O)[O-])c2,-6.4,19,-0.3368421052631579
Cc1ccc(cc1)N(C)CC(=O)NCC[NH3+],-6.399,16,-0.3999375
COc1ccc(cc1)Cn2nnc(n2)-c3cccc(c3)C(=O)Cc4ccc([C@@H](C)O)cc4,-6.398,32,-0.1999375
c1ccccc1C[NH2+]NC2CCCCCC2,-6.397,16,-0.3998125
CCc(no1)c(c12)cc(c(c2)OC)NC/C=C/[C@@H](O)CCCCCCCC(=O)[O-],-6.396,29,-0.22055172413793103
Cc1c(C#N)cccc1[C@@H](C)Nc([nH+]nc2C)c(c23)cc(nc3)N4CCCC4,-6.396,28,-0.22842857142857143
COc(cc1)cc(c12)c(CCNC(=O)C)c([nH]2)Cc3ccccn3,-6.395,24,-0.2664583333333333
O=C(C1)NC[C@@H]1[C@@H](C)Oc(c(c23)cccn3)cc(c2)[C@H](CO)Cc(c[nH]4)c(c45)cccc5,-6.394,32,-0.1998125
CCOc1ccccc1-c2scnc2C,-6.393,15,-0.42619999999999997
Cc1nn(C)c(Cl)c1S(=O)(=O)NCc2ccc(cc2)C(=O)[C@H](O)CO,-6.391,25,-0.25564
Cc1ccc(CCCO)cc1NS(=O)(=O)C,-6.391,16,-0.3994375
CC(=O)NC[C@H]1CN(C(=O)O1)Nc2cccc(c2)N3CC=CC3=O,-6.389,24,-0.2662083333333333
s1cncc1NC(=O)Nc2c(F)cc(cc2F)-c3ccco3,-6.388,22,-0.2903636363636364
C[C@@H](O)c1ccc(cc1)Cc2ccc(cc2)-c3ccccc3,-6.388,22,-0.2903636363636364
c1c[nH]c(c12)c(=O)n(C)cc2N3CC[NH+](CC3)C4COC4,-6.388,21,-0.3041904761904762
c1n[n-]c(=O)c(n12)c(C)cc2C(=O)Cc3ccc(F)cc3,-6.388,21,-0.3041904761904762
C[NH2+]Cc1ccccc1Cc(n[nH]2)c(c23)cccn3,-6.385,19,-0.3360526315789474
OC[C@H]1CCCN1c2ccccc2Cl,-6.385,14,-0.45607142857142857
CC(C)C[C@H](N)C(=O)Nc(c(c12)CN(S(=O)(=O)C)CC2)nn1CCC[NH+]3CCOCC3,-6.385,31,-0.20596774193548387
OCCc1c[nH]nc1-c2cccc(C(F)(F)F)c2,-6.383,18,-0.3546111111111111
[NH3+]CCNC(=O)[C@H]1O[C@H]([C@H](O)[C@@H]1O)C(=O)c2ccc(cc2)-c3ccccc3F,-6.382,28,-0.22792857142857142
C[N@H+]1CC[C@@H](CC1)c2ccc(cc2F)-c3ccccc3OCCn4ccc(=O)[nH]c4=O,-6.382,31,-0.20587096774193547
n1nn(C)c(c12)cc(cc2)NC(=O)c3nccn3S(=O)(=O)CC(F)(F)F,-6.381,26,-0.24542307692307694
N#Cc(c(N)[nH]1)c(c12)cc(cc2)CCC(=O)N,-6.379,17,-0.37523529411764706
CSc1ccc(cc1)C(=O)Cc(nc(c23)cccc3)nc2NCc4ccco4,-6.378,28,-0.22778571428571429
Fc1cccc(F)c1S(=O)(=O)CCC2OCCO2,-6.378,18,-0.35433333333333333
O=c1[nH]cc(Cl)cc1-c2ncc[nH]2,-6.377,13,-0.49053846153846153
n1nc(C)n(c12)nc(cc2)NCCC(F)(F)F,-6.377,17,-0.3751176470588235
CC(C)C[C@H](N)C(=O)c1cc(nc(n1)N)N2CCCCC2,-6.377,21,-0.30366666666666664
N#Cc1ccc(cc1)Nc2nccc(n2)OCc3ccccc3,-6.375,23,-0.27717391304347827
OCCOCCc1c(cccc2)c2[nH+]c(c13)CCCC3,-6.374,20,-0.3187
COC(=O)CCCCc1cs/c([nH]1)=N/N=C/c2ccccc2C=O,-6.374,24,-0.26558333333333334
c1c[nH]c(c12)c(=O)n(C)cc2CCOCCOCCOCCO,-6.372,23,-0.27704347826086956
Clc1c(F)ccc(Cl)c1[C@@H](C)Oc2cc(NCC[NH3+])c[nH+]c2N,-6.372,23,-0.27704347826086956
COc1ccc(c(C(F)(F)F)c1)C[NH2+][C@@H]2O[C@@H]([C@@H](O)[C@H]2O)C(=O)NCCO,-6.371,27,-0.23596296296296299
O=C([O-])c1c(=O)ccn(c1O)-c2ccccn2,-6.368,17,-0.37458823529411767
c1ccccc1-c(cn2C)nc2Cc(cnc3C(F)(F)F)c(c34)C[C@@H](F)[C@H]4O,-6.367,28,-0.22739285714285715
CCOC(=O)CCNC(=O)N1CCNC(=O)C1,-6.366,17,-0.3744705882352941
C[NH2+]Cc1ccccc1C[C@@H]2CC(=NO2)c3ccc(c(F)c3)N4CC[C@@H](C4)NC(=O)C,-6.365,31,-0.2053225806451613
COC(=O)c1ccccc1S(=O)(=O)n2ccnc2,-6.365,18,-0.3536111111111111
n1c[nH]cc1-c(o2)cc(c23)c(=O)n(C)cc3CCCCc4ccccc4,-6.364,26,-0.24476923076923077
COc1cccc(c1)OCC(=O)c2c(C)cccc2C,-6.363,20,-0.31815000000000004
Cc1ccccc1CC(=O)CC(C)C,-6.362,14,-0.45442857142857146
COc1cccc(c1)[C@H](O)Cc2cc(F)c(c(F)c2)-c3cc(CO)ccc3F,-6.36,28,-0.22714285714285715
O=C([O-])CCC[C@@H](O)/C=C/C=C/CC[C@H](CO)Cc(c[nH]1)c(c12)cccc2,-6.359,27,-0.23551851851851852
[NH3+]Cc1cc(CC2CC2)ccc1OCc3cncs3,-6.359,19,-0.3346842105263158
C1CCCCC1c([nH]2)nc(c23)n(c(=O)n(c3=O)CCC)CCCNN4CCCC4=O,-6.359,30,-0.21196666666666666
C1COCCC1CC(=O)COc(ccc2)c(c23)C(=O)N(C3=O)[C@H]4CCC(=O)NC4=O,-6.358,30,-0.21193333333333333
Cc1ccc(cc1)[C@H](C)Nc(cc2)cc(c23)N(S(=O)(=O)C)[C@H](C)C(=O)N3C,-6.358,27,-0.23548148148148146
COC(=O)c1ccc(c(Cl)c1)C[NH2+]CCC(=O)Nc2cccc(C(=O)[O-])c2,-6.354,27,-0.23533333333333334
n1ccccc1COc(ccc2C(=O)NCC)c(c2)-c3ccc(C(=O)NCC)cc3-c4cn(C)nn4,-6.354,36,-0.1765
COc1cccc(c1)[C@H](O)Cc2cnns2,-6.353,16,-0.3970625
Cc1ccc(C(C)C)cc1-c2cccc(C(=O)[O-])c2,-6.353,19,-0.3343684210526316
C[NH+](C)C1CCN(CC1)c2cc[nH]n2,-6.351,14,-0.4536428571428571
COc1ccccc1Oc2nccc(n2)-c3c(-c4ccc(F)cc4)ncn3[C@@H]5O[C@H](CO)[C@@H](O)[C@H]5O,-6.351,36,-0.17641666666666667
NC(=O)c1cccc(c1)CS(=O)(=O)c2cccs2,-6.35,18,-0.35277777777777775
CN(C)CC[NH2+]Cc1ccc(C(=O)[O-])cc1,-6.35,16,-0.396875
CCCC(=O)c1c[nH]cn1,-6.35,10,-0.635
CCNC(=O)c(c1)[nH]c(c12)c(=O)n(C)cc2C(=O)c3cc(c[nH]3)C(=O)c4c(Cl)cccc4Cl,-6.349,33,-0.1923939393939394
O=C([O-])CNc1cc(Cl)cc(Cl)c1,-6.348,13,-0.4883076923076923
COc1ccc(c(C)c1)Nc(cc2)cc(c23)[nH+]c(N)cc3C,-6.348,22,-0.28854545454545455
Cc1cccc(C)c1N2CCCCC2,-6.347,14,-0.4533571428571429
COc1ccccc1-c2ccc(cc2C)C[NH2+]CCc(n3)[nH]c(c34)cccc4,-6.347,28,-0.22667857142857145
C=CC1=C(C)/C(NC1=O)=C/c2[nH]c(c(c2C)CCC(=O)[O-])Cc3ccccc3CO,-6.347,30,-0.21156666666666668
COc1ccc(OC(C)(C)C)cc1OC,-6.346,15,-0.42306666666666665
n1c[nH]cc1-c(o2)cc(c23)c(=O)n(C)cc3[C@H](CCCO)C4=CCCC=C4,-6.346,27,-0.23503703703703704
Nc1nccc(n1)C[C@H]2CC[C@H](C(=O)[O-])CC2,-6.345,17,-0.37323529411764705
COc1ccc(cc1OC)S(=O)(=O)Cc(n2)sc(c23)cc(C)c(c3)C,-6.345,25,-0.25379999999999997
O=c1[nH]c(=O)n(cc1C)-n2nccn2,-6.344,14,-0.4531428571428572
C[C@@H](O)c1ccc(cc1)Cn2cc(ccc2=O)-c(cc3)cc(c34)occ4CC(=O)[O-],-6.343,30,-0.21143333333333333
Cc1c(C#N)n[nH]c1-c2ccc(=O)n(c2)Cc3ccccc3,-6.343,22,-0.2883181818181818
Cc1ccccc1CC(=O)Nc2cc(C)c(c(C)c2)S(=O)(=O)N3CCC(CC3)[NH+]4CCN(C)CC4,-6.341,35,-0.18117142857142857
O=c1[nH]c(cs1)-c2cccc(c2)NCCc3cccs3,-6.34,20,-0.317
O=C([O-])c1ccc(cc1)Cc2ccc(C(=O)[O-])c(Cl)c2,-6.34,20,-0.317
CC(=O)c(c1)c([O-])cc(c12)onc2C,-6.34,14,-0.45285714285714285
C1CCCCC1([NH3+])C/[NH+]=c(/cc2O)oc(c23)c(cs3)-c(cc4)cc(c45)OCCO5,-6.339,29,-0.21858620689655173
Cc1ccccc1Cc2cc(F)cc(Br)c2,-6.338,16,-0.396125
Fc1ccccc1Cc2cccc(Cl)c2,-6.337,15,-0.42246666666666666
n1nc(C)n(c12)nc(cc2)S(=O)(=O)c3ccc(cc3)C#CCNS(=O)(=O)C,-6.337,27,-0.2347037037037037
C1C[NH2+]CCN1c(c2)ccc(c23)c(C)[nH+]nc3CCNS(=O)(=O)c(ccc4)c(c45)ccnc5,-6.335,33,-0.19196969696969696
O1COc(c12)c(ccc2)CNc(nc3C)sc3S(=O)(=O)c4c(C)noc4C,-6.334,27,-0.23459259259259257
CC(C)(O)Cn1cc(cn1)-c2ccc(=O)n(c2)Cc3ccccc3,-6.334,24,-0.26391666666666663
CC(C)[NH2+][C@H](C)[C@H]1CC[C@H](C)CC1,-6.334,13,-0.4872307692307692
c1nccc(c12)c(ccc2)S(=O)(=O)NCC[NH2+]CCc3cc[nH]n3,-6.332,24,-0.2638333333333333
O=C(N1)C(C)(C)c(c12)cc(cc2F)C(=O)c3cccc(Cl)c3,-6.332,22,-0.2878181818181818
CCc(nn1)n(c12)nc(cc2)-c3ccc(cc3)[C@@H](C[NH3+])c4ccc(Cl)cc4,-6.331,27,-0.23448148148148149
CCn(cn1)c(c12)c(=O)[nH]c(=O)n2C/C=C/[C@@H](O)CCCCCCCC(=O)[O-],-6.331,28,-0.22610714285714287
CC(C)(C)c1cc(Br)c(O)c(c1)Cc(ccc2)n(c23)nc([nH+]3)N,-6.331,23,-0.2752608695652174
c1cccc(c12)c(c[nH]2)C[C@H](N)C(=O)c3ccc(cc3Cl)C[NH2+]CCc(n4)[nH]c(c45)cccc5,-6.331,34,-0.1862058823529412
COC(=O)CC(=O)NCCCc(cc1)cc(c12)ccn2CC(=O)[O-],-6.33,24,-0.26375
CC(C)Cn1ncc(Cl)c1C(=O)Nc(cc2)cc(c23)c(c[nH]3)C4CC[NH2+]CC4,-6.33,28,-0.22607142857142856
C1C[NH2+]CCC1n(nnc2C)c2C3CCN(CC3)CC[NH+](C)C,-6.329,23,-0.27517391304347827
c1cccc(c12)ccc(n2)-c3[nH]ncc3-c4ccncc4,-6.329,21,-0.30138095238095236
Cc1cc(C)cc(c1)Nc2cccc(n2)-c3c(C)nnn3[C@H]4CCN(C4)S(=O)(=O)C,-6.328,30,-0.21093333333333333
Clc1ccccc1-c2ccc(o2)/C=N/n3cccc3,-6.327,19,-0.333
c1cc(Cl)ccc1NCCC(=O)NCCC(=O)Nc2cccc(C(=O)[O-])c2,-6.327,27,-0.23433333333333334
Fc(c1)cccc1OCC(=O)Nc2nc(cs2)/N=C3\NNCS3,-6.326,23,-0.27504347826086956
C[N@H+]1CC[C@@H](C1)N(C)c(nc(c23)cc(s3)C(C)(C)C)nc2Nc4cc[nH+]cc4,-6.325,28,-0.22589285714285715
c1ccccc1C[NH+]2CCN(CC2)CCc3ccc[nH]3,-6.323,20,-0.31615000000000004
C[NH2+]Cc1cccc(c1)Cc2ccc(cc2Cl)C[NH2+]CCc(n3)[nH]c(c34)c(C)ccc4,-6.322,31,-0.20393548387096774
Cc1ccc(cc1)Cn(cc2)c(=O)n(c23)ccn3,-6.321,18,-0.3511666666666666
c1cc(C)cc(c12)c(c[nH]2)Cc3ccccc3C,-6.321,18,-0.3511666666666666
CSc1ccc(cc1)C(=O)N2CCC(CC2)NC(=O)[C@@H]([NH3+])Cc(c[nH]3)c(c34)cccc4,-6.321,31,-0.2039032258064516
O=C([O-])Cc1ccccc1O,-6.32,11,-0.5745454545454546
OC[C@H]([NH3+])C(=O)N1CCC[C@H]1C=O,-6.32,13,-0.48615384615384616
O=C([O-])c1c(=O)ccn(c1O)-c2ccccc2,-6.319,17,-0.37170588235294116
CCCCCCCC(=O)O[C@@H](COP(=O)([O-])OCC[NH3+])CNc1cccc(Cl)c1Cl,-6.319,30,-0.21063333333333334
Clc(c1)cncc1[C@@H](CC)c2cccc(n2)C3CC3,-6.318,19,-0.33252631578947367
Cn1ccc(n1)-c(c(c23)cccc3)nc(n2)Nc4ccc(F)c(Cl)c4,-6.318,25,-0.25272
COc1ccc(c(C)c1)Nc2cnc(N(C)C)nc2OC,-6.317,21,-0.3008095238095238
CCOC(=O)CCNc1cccc(c1)[C@@H](C)Nc(nc(C)[nH+]2)c(c23)cc(OC)c(c3)OC,-6.317,32,-0.19740625
[NH3+]CCCC[C@H](NOC(C)(C)C)C(=O)NCCC1CCCCC1,-6.317,23,-0.2746521739130435
CC(C)C[C@H]([NH3+])C(=O)Nc1c(Cl)cccc1Cl,-6.317,17,-0.37158823529411766
CC[C@H](CO)c1[nH+]cn(C2CC[NH2+]CC2)c1-c3ccnc(n3)Oc4ccccc4OC,-6.315,31,-0.20370967741935486
Cc1cc(C)cc(c1)Oc2nccc(n2)-n(c(n3)N)c(c34)cccc4,-6.314,25,-0.25256
Cc1nn(C)c(C)c1CCCC(F)(F)F,-6.313,15,-0.42086666666666667
NC(=O)CCc1cc(nn(c12)c(C)nn2)-c3ccccc3Oc4ccccc4,-6.312,28,-0.22542857142857145
C1COCCN1c(c2)ncc(c23)c(C)nnc3OCc4ccccc4,-6.311,25,-0.25244
COc1ccc(cc1)S(=O)(=O)c(cc2)cc(c2=3)=NC(=O)N3,-6.311,21,-0.3005238095238095
CCCCCC[C@@H](C)Nc(c1)nc(NC(C)C)c(n12)nnc2C,-6.311,23,-0.2743913043478261
CC[N@H+]1CC[C@@H](CC1)C[C@@H](O)c2cccc(c2)OC,-6.31,19,-0.33210526315789474
C[C@H]1COCCN1CC(=O)Nc2nc(cs2)-c3ccccn3,-6.31,22,-0.2868181818181818
COC(=O)CC(=O)c(cc1)nn(c12)c(C)c(n2)C,-6.309,18,-0.35050000000000003
CC(=O)N1CCC(CC1)CNc2ccc(cc2)C[C@@H]3SC(=O)NC3=O,-6.309,25,-0.25236000000000003
CCNC(=O)c1cc(-c2cn[nH]c2C)nc(c1)[C@@H](C)c3ccccc3,-6.305,25,-0.2522
c1cc(F)ccc1CC(=O)C(=O)c(c(c23)cccc3)nn2Cc4ccc(F)cc4,-6.305,29,-0.21741379310344827
n1ccccc1COc(ccc2C(=O)NCC)c(c2)-c3ccc(s3)C(=O)NC4CC4,-6.304,30,-0.21013333333333334
O=C1C[N@H+](CCN1)CCC[NH2+]Cc2cccnc2,-6.301,18,-0.35005555555555556
c1cccc(c12)ccc(n2)-c3n[nH]cc3-c4ccncc4,-6.3,21,-0.3
CCCCCCc1ccc(C#N)c(Cl)c1C,-6.298,16,-0.393625
C[N@@H+](C1)CC[C@@H]1C(=O)[C@H](CCSC)NC(=O)[C@H]2CC[C@@H](C)CC2,-6.298,23,-0.2738260869565217
O=C([O-])COc1ccc(cc1C)SCc2nnc(s2)CC[NH3+],-6.297,22,-0.2862272727272727
CC(=O)N[C@H]1CCN(C1)c2ccc(cc2F)C3=NO[C@@H](C3)CCc4ccccn4,-6.297,29,-0.21713793103448276
COc1nc(N)nc(n1)CC#N,-6.296,12,-0.5246666666666667
C1CCC1=C2N=C[C@H](N2)NCC3CCC3,-6.296,15,-0.41973333333333335
CCCCCC[C@@H](C)Nc(c(c12)c(=O)[nH]nc2)cnc1NCc(c(F)cc3)c(c34)CCO4,-6.296,32,-0.19675
Clc1ccc(c(Cl)c1)N2CCCCC2,-6.295,14,-0.4496428571428571
C[NH2+]Cc1cccc(c1)Cc2cnns2,-6.295,15,-0.4196666666666667
c1ccccc1[C@](C)(CO2)c(c23)cc(C(=O)N[C@H]4[C@@H]([C@@H]45)COC5)cc3C(=O)N6CCNC(=O)C6,-6.295,34,-0.18514705882352941
C[C@H]1C[C@@H](C)CN(C1)C(=O)c(on2)c(c23)cccc3,-6.294,19,-0.3312631578947368
COCCCNc1ccc(C[NH3+])cc1Cl,-6.293,15,-0.41953333333333337
CCCCCCCC(=O)c(c(c12)c(=O)[nH]nc2)cnc1NCc(c(F)cc3)c(c34)CCO4,-6.293,32,-0.19665625
C[NH2+]Cc1ccccc1-c2cncc(C)c2,-6.293,16,-0.3933125
C1CCCCC1c([nH]2)nc(c23)n(c(=O)n(c3=O)CCC)-c4ccc(cc4)C[C@@H]5SC(=O)NC5=O,-6.293,34,-0.18508823529411766
CCNC(=O)c(c1)[nH]c(c12)c(=O)n(C)cc2CCCCCCCCC(=O)[O-],-6.291,27,-0.233
N#CCCN(C)c(c(c12)sc(c2)C(C)(C)C)nc(n1)C[C@H]3CC[C@H](C(=O)[O-])CC3,-6.29,29,-0.21689655172413794
OC[C@@H]([O-])C(=O)S(=O)(=O)c1ccc(F)c(Cl)c1,-6.29,17,-0.37
[NH3+]CCCCc1ccccc1OCCn2ccc(=O)[nH]c2=O,-6.289,22,-0.2858636363636364
COc1ccc(cc1)Cn2nnc(n2)-c3cccc(c3)-c4csc(=O)[nH]4,-6.289,26,-0.24188461538461536
N/C([O-])=C(\C)C(=O)COc1cccc(F)c1,-6.288,16,-0.393
Cc1cnc(nc1C(F)(F)F)Nc2ccc(c(F)c2)C(=O)N[C@@H]3CC[N@@H+](C)CC3,-6.287,29,-0.21679310344827585
COC(=O)c1ccc(c(Cl)c1)CC(=O)c2ccc(c(c2)OC)OC3CC3,-6.286,26,-0.24176923076923076
FC(F)(F)c(c1)cccc1[C@@H](C)c2ccc(cc2)C[C@@H]3SC(=O)NC3=O,-6.286,26,-0.24176923076923076
CCc1ccc(nc1)CCn(c(c23)cccc3)nc2C(=O)N[C@@H](C(C)(C)C)C(=O)OC,-6.285,31,-0.20274193548387098
O=C([O-])[C@H](C)Oc1cc(ccc1Cl)CS(=O)(=O)c2cccc(F)c2,-6.284,24,-0.2618333333333333
COc1cc(=O)n(C)nc1-c2ccccc2[NH2+][O-],-6.284,18,-0.3491111111111111
C[NH+](C)CCC[N@@H+](C)[C@H]1CCN(C1)C(=O)c([nH]2)c(C(N)=[NH2+])c(c23)ccc(Cl)c3,-6.284,28,-0.22442857142857142
COc(cc1)cc(c12)[nH]c(n2)CCC(=O)c3c(cnn3C)C(=O)N4CCOCC4,-6.284,29,-0.2166896551724138
O=C1[N-]C(=O)[C@@H](S1)Cc2ccc(cc2)OCCNc3cc(Cl)ccc3O,-6.283,26,-0.24165384615384616
CN(C)c1ccc(cc1)C2(CCCC2)CNc3ccc(S(=O)(=O)N)cc3CC[NH3+],-6.283,29,-0.21665517241379312
O=C([O-])CNS(=O)(=O)c1c(C)cc(cc1C)NC[C@H](C)[NH+]2CCOCC2,-6.278,26,-0.24146153846153845
CC(=O)NCCC(=O)Nc(c(n12)nnc2C)cc(n1)-c3ccc(C)c(c3)N4CCC(O)CC4,-6.277,33,-0.19021212121212122
Cc1nn(C)c(C)c1Cc(n2)[nH]c(c23)cc(cc3)NC(=O)c4c(Cl)cnn4CC(C)C,-6.277,31,-0.20248387096774195
O=C([O-])c1ccc(cc1OC)NNc2ccc(N)cc2,-6.277,20,-0.31385
COc1cc(cnc1N)-c2cnn(C)c2,-6.276,15,-0.4184
Fc1ccccc1Cc2ccc(c(F)c2)N3CCSCC3,-6.276,21,-0.2988571428571428
Cn1cc(cn1)-c2cnc(N)c(c2)Nc(cc3)cc(c34)n(nn4)C,-6.275,24,-0.26145833333333335
Cn1cc(Cl)cc(c1=O)C(=O)c2ccc(cc2)-c3ccco3,-6.275,22,-0.2852272727272727
o1nc(C)c(c12)cc(c(c2)NC)Cc3[nH+]c(cn3C)-c4ccccc4,-6.275,25,-0.251
Nc1cc(ccn1)-c(cc(Cl)c2)c(c23)O[C@H](C3)C(=O)NCc4cccs4,-6.275,26,-0.24134615384615385
COCCC(=O)[C@@H]([NH3+])Cc(c[nH]1)c(c12)cccc2,-6.273,18,-0.3485
O=C1C=CCN1c2cccc(c2)NCCCCCc3ccccn3,-6.273,24,-0.26137499999999997
Clc1cc(Cl)ccc1[C@H](C)[NH2+][C@@H](C(=O)[O-])Cc(c[nH]2)c(c23)cccc3,-6.273,25,-0.25092
c1ccsc1CNc2c(cccc3)c3[nH+]c(c24)CCCC4,-6.272,21,-0.2986666666666667
Cc1cc(C)cc(c1)Oc2cccc(n2)N3CCN(CC3)C(=O)c4cc(=O)[nH]c(=O)[n-]4,-6.272,31,-0.2023225806451613
COc(c(Cl)c1)ccc1CCc(nc(c23)cc(cc2)NCC)n3C[C@H](C)N4CCOCC4,-6.272,32,-0.196
CC[C@](C)(C(=O)[O-])Oc1ccc(cc1)CCC(=O)Cc2ccc(F)cc2,-6.271,26,-0.24119230769230768
Cc1ccc(C)c(c1)CNc2ccc(cc2)[NH+]3CCN(C)CC3,-6.271,23,-0.27265217391304347
Cc1cc(C)cc(c1)Oc2nccc(n2)-c3c(-c4[nH]nc(C#N)c4C)ncn3[C@H]5CC[N@@H+](C5)CC[NH3+],-6.271,36,-0.17419444444444443
CCCCCc1ccc(cc1)OCc2nn(C)cc2-c3ccc(=O)n(C)c3,-6.27,27,-0.23222222222222222
Cc1cc(no1)[C@@H](C)[NH2+]Cc2ccc([C@@H](C)O)cc2,-6.27,19,-0.32999999999999996
COc(cc1)c(C(F)(F)F)c(c12)cccc2C(=S)N(C)CC(=O)c3ccoc3,-6.266,28,-0.22378571428571428
COc1cccc(c1)[C@H](O)CCCOc2ccc(cc2)C[C@@H]3SC(=O)[N-]C3=O,-6.266,28,-0.22378571428571428
c1cccc(c12)nc(cc2)C(=O)CCCCCc3ccccn3,-6.265,23,-0.27239130434782605
Cc1nn(C)c(C)c1CC[N@@H+]2CCN(C)C(=O)[C@H]2C,-6.265,19,-0.32973684210526316
Cc1nc([N+](=O)[O-])cn1S(=O)(=O)c2c(F)cccc2F,-6.264,20,-0.31320000000000003
Cc1ccc(cc1)[C@H](C)c2c(C)nn(C)c2C,-6.262,17,-0.36835294117647055
c1c(Cl)ccc(c12)c([C@H](C)C(=O)[O-])c([nH]2)C(=O)NCC[NH+]3CCOCC3,-6.262,26,-0.24084615384615382
OCc1ccccc1-c2ccccc2Cl,-6.262,15,-0.41746666666666665
COc1ccc(cc1)S(=O)(=O)Nc(c2)c(OC)cc(c23)onc3C,-6.261,24,-0.260875
O=C([O-])CCCc1ccc(F)c(Cl)c1,-6.26,14,-0.4471428571428571
CCS(=O)(=O)c(cc1)cc(c12)N(C[C@H](C3CC3)N2C(=O)C)Cc4ccccc4CO,-6.26,30,-0.20866666666666667
O=C(N=1)N=c(c12)cc(cc2)-c3ccc(cc3Cl)C[NH2+]CCc(n4)[nH]c(c45)cccc5,-6.26,30,-0.20866666666666667
O=C([O-])CCC(\C)=C/C[C@H]1CCC(=O)NC1=O,-6.26,17,-0.36823529411764705
O=C1CCCc(c12)n(c(c2)CC)CCC/C(C)=C/CSP(=O)([O-])OP(=O)([O-])[O-],-6.259,28,-0.2235357142857143
C1CC1c([nH+]2)cccc2[C@H](CC)c3cccc(c3)C(=O)N(C)C,-6.259,23,-0.27213043478260873
n1cccc(c12)c(n[nH]2)Cn(ccc3C)c(=O)c3-c4ccc(cc4Cl)C[NH2+]CCC(=O)N,-6.259,32,-0.19559375
[NH3+]CCNC(=O)Cc(cc1)cc(c12)OCCO2,-6.258,17,-0.36811764705882355
O=C([O-])c1ccc(cc1)C[NH+]2CCN(CC2)Cc3ccccc3,-6.258,23,-0.27208695652173914
C[NH2+]Cc1cccc(c1)Cc2ccc(cc2F)N3C[C@@H](OC3=O)CNC(=O)C,-6.257,28,-0.2234642857142857
Cc([nH+]1)c(C)n(c12)c(C)c(cc2)CCc3nc(cn3C)N4CC[NH+](C)CC4,-6.255,27,-0.23166666666666666
Cc1cc(C)cc(c1)Oc2nccc(n2)-c3c(CC(C)C)ncn3[C@H]4CC[N@H+](C4)CC[NH3+],-6.255,32,-0.19546875
c1sccc1CC(=O)Cc2ccc(F)cc2,-6.254,16,-0.390875
CC(C)C[C@H]([NH3+])C(=O)Nc1c(ncn1CC#C)-c2cccc(c2)OC,-6.254,25,-0.25016
FC(F)(F)c1ccc(cc1)Cc(cc2)nc(c23)cccc3,-6.254,21,-0.2978095238095238
C1COCCN1c(c2)ncc(c23)c(C)nnc3Nc4ccc(O)cc4,-6.253,25,-0.25012
CC(=O)N1CCC(CC1)Cc2ccc(N)nc2,-6.252,17,-0.36776470588235294
C[C@H]1C[C@@H](C)C[N@H+](C1)[C@@H]2OC[C@@H](O)[C@H]2O,-6.251,15,-0.41673333333333334
CCCCCCCC(=O)CC(=O)SCCNn(cc1)c(=O)n(c12)ccn2,-6.251,26,-0.24042307692307693
c1cccc(c12)oc(c2)CN(C[C@@H](N3C(=O)C)C4CC4)c(c35)cc(cc5)C6=CC[NH2+]CC6,-6.251,32,-0.19534375
COc1cccc(c1)[C@H](O)Cc(sc2S(=O)(=O)C)c(c23)CC(F)(F)[C@H]3O,-6.25,26,-0.2403846153846154
C1C[C@@H](O)c(c12)c(C(F)(F)F)ccc2N3CC[NH+](CC3)C4COC4,-6.25,24,-0.2604166666666667
CCc1cccc(C)c1NN[C@@H](C(C)C)C(=O)Nc2ccncc2,-6.25,24,-0.2604166666666667
CCN(C(=O)C1)c(c12)ccc(c2)Nc3ccc(F)cc3,-6.25,20,-0.3125
Fc1cccc(c1)Cc2ccc(Br)cc2,-6.249,15,-0.41659999999999997
COc1c(OC)cc(cc1OC)C(=O)Cc2c(C)nn(C)c2C,-6.249,23,-0.271695652173913
CSc1ccc(cc1)-c2ncn(n2)C[C@H]3CC[C@H](C(=O)[O-])CC3,-6.248,23,-0.27165217391304347
Cc1noc(C)c1-c(cc2)c3cccc(c3c24)C(=O)N4CC[NH2+]CCO,-6.248,26,-0.2403076923076923
Cc1ccc(cc1C)Nc2nccc(n2)-c(ccn3)c(c34)cc(c(c4)C(=O)N)OC(C)C,-6.248,32,-0.19525
C[C@H]1C[C@@H](C)C[N@H+](C1)Cc(n[nH]2)c(c23)cccn3,-6.248,18,-0.34711111111111115
Cc1ccc(cc1)[C@H](C)CC/C=C/C=C/[C@H](O)CCCC(=O)[O-],-6.247,23,-0.2716086956521739
N#Cc1ccc(cc1)NCCc2cccs2,-6.247,16,-0.3904375
FC(F)(F)c1cccc(c1C)[C@@H](C)CCc2ncc[nH]2,-6.247,20,-0.31235
COc(c1)c(OC)cc(c12)CN(CC2)N3CC[NH2+]CC3,-6.247,20,-0.31235
COc1ccc(cc1Cl)CCc(n2)n(O)c(c23)ccc(c3)-c4c(C)noc4C,-6.245,28,-0.22303571428571428
Cc1cc(no1)[C@@H](C)NC(=O)c(cc2)cc(c23)ccn3Cc4cccc(F)c4,-6.245,28,-0.22303571428571428
Cc1nc(cs1)-c2cnn(C)c2,-6.243,12,-0.52025
CC(=O)Nc1ccccc1-c2cccc(c2)-c3csc(=O)[nH]3,-6.243,22,-0.2837727272727273
Cn(c1)c(=O)ccc1-c(cn2C)c(n2)Cc3ccccc3O,-6.242,22,-0.2837272727272727
C[C@@H]1C[NH2+]CCCN1c2ccc(F)c(F)c2F,-6.242,17,-0.36717647058823527
COc1cc(cc(c1)OC)NNCc2cccs2,-6.242,18,-0.3467777777777778
n1nc(C)n(c12)nc(cc2)CCCC[NH3+],-6.241,15,-0.41606666666666664
O=C([O-])c1cccc(c1)Nc2ccc(O)c(O)c2,-6.241,18,-0.3467222222222222
O=C1[N-]C(=O)[C@@H](S1)Cc2ccc(cc2)OCC[NH2+]Cc3ccc(O)cc3,-6.238,26,-0.23992307692307693
c1cc(Br)ccc1C(=O)NCCCCc2ccccc2,-6.238,20,-0.3119
CC(O1)(C)C(=O)Nc(c12)cc(O)c(c2)NCCc3[nH+]cc[nH]3,-6.238,22,-0.28354545454545454
c1cccc(c12)c(N[C@H](C)C3CC3)nc(n2)Nc4ccc(O)cc4,-6.237,24,-0.259875
C1CCCC1n(c(c2)C(=O)N(C)C)c(c23)nc(nc3)NCc4ccc(F)cc4,-6.236,28,-0.2227142857142857
O=C1CCCN1Nc2cccc(Cl)c2Cl,-6.233,15,-0.4155333333333333
CC(C)[NH+]1CCN(CC1)c2ccc(cc2)[C@@H](n3nccn3)c4cccc(O)c4,-6.231,28,-0.22253571428571428
O=C1CC[C@@H](C(=O)N1)c2ccncc2,-6.231,14,-0.44507142857142856
COCCOc1cc(F)ccc1F,-6.231,13,-0.4793076923076923
C[NH+]1CCN(CC1)c2ccc(cc2)-c3cc(nc(n3)N)N4CCOCC4,-6.229,26,-0.23957692307692308
COc1ccc(cc1)Cn2nnc(n2)-c3cccc(c3)C(=O)c4nccs4,-6.229,27,-0.23070370370370372
Cc1cc(C)cc(c1)Nc2nccc(n2)NO,-6.229,17,-0.3664117647058824
CCCCCCOc1cccc(c1)C[NH2+]CC2CCN(C(=O)C)CC2,-6.229,25,-0.24916
CCN(C(=O)C1)c(c12)ccc(c2)CCC/C(C)=C/CSP(=O)([O-])OP(=O)([O-])[O-],-6.229,28,-0.22246428571428573
COC(=O)n1cc(C)c(=O)[nH]c1=O,-6.228,13,-0.47907692307692307
Cc1cccc(c1C)Oc2nccc(n2)-n3cc(O)cn3,-6.227,21,-0.2965238095238095
O=C([O-])COc1ccc(cc1C)SCc2sc(nc2C)-n3cncn3,-6.226,25,-0.24904
O[C@H]1CC[C@@H](CC1)c2ccc(cc2Cl)C[NH2+]CCc(n3)[nH]c(c34)cccc4,-6.225,27,-0.23055555555555554
Oc1c(C)cc(cc1C)CCc([nH+]2)[nH]c(c23)cccc3,-6.224,20,-0.31120000000000003
Clc1ccc(c(Cl)c1)-c2[nH]ncc2-c3ccncc3,-6.223,19,-0.32752631578947367
O=C([O-])Cc(co1)c(c12)ccc(c2)NCCO,-6.222,17,-0.36600000000000005
Cc1ccc(cc1)[C@H](C)Nc2cc(C)c(c(C)c2)S(=O)(=O)NCC(=O)[O-],-6.221,26,-0.23926923076923076
[NH3+]CCNC(=O)COc1ccc(cc1)-c2ccccc2C(=O)c3ccccc3,-6.22,28,-0.22214285714285714
Cn1cc(cn1)-c2c[nH+]c(N)c(c2)Nc(cc3)cc(c34)n(nn4)C,-6.22,24,-0.25916666666666666
Cn1nc(cc1)Cc2cncs2,-6.22,12,-0.5183333333333333
CCOc1ccc(C(=O)C)cc1Cc2ccco2,-6.22,18,-0.34555555555555556
c1c(Cl)ccc(c12)nc([nH]2)CCc3cn(C)c(=O)c(c34)C/C(O4)=c5\cnc([nH]5)=C6CCCC6,-6.219,33,-0.18845454545454546
CCc1c(C)nc(N)nc1[C@H](C)C(=O)N,-6.219,15,-0.4146
[NH3+]CCNC(=O)CCc1ccc(F)cc1,-6.218,15,-0.4145333333333333
Clc1cccc(c1Cl)NNc2nccs2,-6.216,15,-0.4144
Fc1ccc(CO)cc1-c(nc(c23)n(cn2)C(C)C)nc3Nc4ccc(C(=O)[O-])c(Cl)c4,-6.215,32,-0.19421875
Cn1ccc(n1)N[C@@H](C(=O)[O-])Cc(c[nH]2)c(c23)cccc3,-6.215,21,-0.29595238095238097
c1ccccc1CNCc(n[nH]2)c(c23)cccn3,-6.215,18,-0.3452777777777778
CCO[C@H](C(=O)[O-])Cc1ccc(cc1)-c2cccc(c2)OCc3ccccc3,-6.215,28,-0.2219642857142857
C[C@H]1C[C@@H](C)CN(C1)C2=NC(=O)SC2,-6.214,14,-0.4438571428571429
Cc1nn(C)c(C)c1NS(=O)(=O)c2ccc(nc2)NCC[NH2+]Cc3ccc(C(=O)[O-])cc3,-6.214,32,-0.1941875
C[NH2+]C[C@@H](O)COc1ccc(Cl)c(c1)-c2cc(F)cc(Cl)c2,-6.214,22,-0.28245454545454546
c1cc(Cl)cc(c12)c(cs2)CC(=O)CCNS(=O)(=O)c(ccc3)c(c34)ccnc4,-6.214,29,-0.21427586206896554
C[NH+]1CCN(CC1)c(cc2)cc(c23)n(c(n3)CC[NH2+]CCO)Cc4ccccc4,-6.213,29,-0.21424137931034484
n1cccc(c12)c(n[nH]2)Cc3c[nH]cn3,-6.213,15,-0.4142
c1cc(C)cc(c12)c(c[nH]2)Cc3ccc(cc3)C[C@@H]4SC(=O)[N-]C4=O,-6.213,25,-0.24852
c1nccc(c12)c(ccc2)S(=O)(=O)NCCCCC(F)(F)F,-6.211,22,-0.28231818181818186
C[NH2+]Cc1ccccc1C(=O)C2CCCCC2,-6.211,17,-0.3653529411764706
CC[C@H](CO)c1ncn(C2CC[NH2+]CC2)c1-c3ccnc(n3)Oc4ccccc4OC,-6.21,31,-0.20032258064516129
COc1ccc(cc1)Cn(nn2)c(c23)[C@](C)(O)CC[C@H]3[NH2+]CCO,-6.209,24,-0.2587083333333333
COCCOCC[C@H](C)c1c(Cl)ccc(F)c1Cl,-6.209,18,-0.34494444444444444
c1c[nH]c(c12)c(=O)n(C)cc2N3CCN(CC3)C4COC4,-6.208,21,-0.2956190476190476
COc1ccc(cc1OC)N(CC(=O)NC(C(C)C)C(C)C)[C@H]2CCN(C2)CC[NH3+],-6.207,30,-0.2069
CC(C)c1ccccc1OCc2ccccc2,-6.207,17,-0.36511764705882355
O=C([O-])CCC(/C)=C\CC(=O)Cn1c(cc(c12)cc(OC)cc2)C(=O)OCc(c3)oc(c34)cccc4,-6.207,36,-0.17241666666666666
O[C@@H]1CO[C@H]([C@@H]1O)c(n2)oc(c23)cccc3,-6.205,16,-0.3878125
CCCC(=CC1=O)N=C([N+]1=2)N=C(N2)Cc3cccc(F)n3,-6.204,21,-0.29542857142857143
CC(C)(C)c1cc(Br)c(O)c(c1)C[NH2+]C2CCCC2,-6.204,19,-0.32652631578947366
Cc1ccc(Cl)cc1NCCCNC(=O)c2ccc(=O)n(C)c2,-6.201,23,-0.2696086956521739
C[NH2+]Cc1ccccc1-c2cc(ccc2C)-c(nn(c34)c(nn4)C)cc3NC(=O)CCNC(=O)C,-6.2,35,-0.17714285714285716
Cc1cc(C)cc(c1)Nc2cccc(n2)-c3c(C)nnn3-n(cn4)c(c45)ncnc5N,-6.2,31,-0.2
c1ccc(c2c13)ccc4c2c(cc3)ccc4ONCCN5CCOCC5,-6.198,26,-0.2383846153846154
Cc1nn(C)c(C)c1-c2cccc(c2F)C(=O)c3cccc(Cl)c3,-6.198,24,-0.25825000000000004
CC[C@H](C)[C@H]([NH3+])C(=O)c1cccc(C)c1C,-6.196,16,-0.38725
CCOC(=O)c1cnn(C)c1C(=O)c2ccnc(n2)Nc3cc(C)cc(C)c3,-6.196,28,-0.22128571428571428
CCc1ccccc1-c2ccc(cc2C)C[NH2+][C@H](C)c3cccc(c3)S(=O)(=O)N,-6.192,29,-0.21351724137931036
COc(cc1)cc(c12)nc([nH]2)CCC(=O)c3c(cnn3C)C(=O)N4CCOCC4,-6.192,29,-0.21351724137931036
COc1ccc(c(C(F)(F)F)c1)CNc2cccc(c2)C(=O)NCc3ccc(C(=O)[O-])cc3,-6.192,33,-0.18763636363636363
c1ccccc1C(=O)c2ccccc2NCC(=CC3=O)N=C([N+]3=4)C=C(N4)C5CCOCC5,-6.191,32,-0.19346875
Cn1cccc1-c(nc(c23)n(cn2)C(C)C)nc3NCc4ccc(cc4)OCCO,-6.19,30,-0.20633333333333334
CC[NH+]1CCN(CC1)c2cc(Cl)ccc2C,-6.19,16,-0.386875
OCCOc1c(C)cc(cc1C)CCc2nc(oc2C)-c3ccccc3,-6.189,26,-0.23803846153846153
CCOc1ccccc1N(CCO2)[C@@H]([C@H]23)CCC3,-6.188,18,-0.34377777777777774
COc1cccc(c1)CC(=[NH2+])Nn(cn2)c(c23)nc[nH]c3=O,-6.187,22,-0.2812272727272727
Cc1nn(C)c(C)c1N(C)NC(C)(C)CO,-6.187,16,-0.3866875
C[NH2+]Cc1cc(nn1C)C[C@H](O)CO,-6.187,14,-0.44192857142857145
COc1ccc(cc1)S(=O)(=O)C(C)(C)C,-6.186,15,-0.4124
CC(C)(O)C[NH2+]Cc1ccccc1,-6.185,13,-0.4757692307692307
CCNC(=O)c1ccc(c(c1)-c2cn(C)nn2)-c3ccc(cc3Cl)C[NH2+]CCc4ncc[nH]4,-6.185,33,-0.1874242424242424
COc1ccc(cc1)Cn2nnc(n2)-c3cccc(c3)C(=O)N(CC4)Cc(c45)cc(OC)c(c5)OC,-6.184,36,-0.17177777777777778
[NH3+][C@H](C1)CCCN1[C@H](C)c2cccc(c2)-c3cn[nH]c3,-6.182,20,-0.30910000000000004
n1ccccc1CCCCCC(=O)c2nccn2Cc3ccccc3,-6.181,25,-0.24724000000000002
CCNc1ccccc1C(C)C,-6.18,12,-0.515
O=C([O-])CN1CCCOC1=O,-6.18,11,-0.5618181818181818
Nc1nc(SC)nc(c12)n(cn2)C(=O)Cc3ccc(F)cc3,-6.18,22,-0.2809090909090909
C[C@@H]1C(=O)N(C)CC[N@H+]1CCc(nc(c23)n(cn2)C(C)C)nc3Nc4ccc(C(=O)[O-])c(Cl)c4,-6.18,34,-0.18176470588235294
n1nc(C)n(c12)cc(nc2NC(C)C)-c3ccccc3OCCn4ccc(=O)[nH]c4=O,-6.18,31,-0.1993548387096774
O=C([O-])c1ccc(cc1)C[NH+]2CCC2,-6.179,14,-0.4413571428571429
[nH+]1c[nH]cc1-c(o2)cc(c23)c(=O)n(C)cc3CCCCc4ccccc4,-6.179,26,-0.23765384615384616
Cc1noc(C)c1-c2ccc(cc2)-c3ccccc3OCCn4ccc(=O)[nH]c4=O,-6.178,30,-0.20593333333333333
Cc1cc(C)cc(c1)Oc2cccc(n2)[C@@H](C)C(=O)[O-],-6.178,20,-0.3089
Clc(c1)cncc1C(=O)Cc2ccc(F)cc2,-6.177,17,-0.36335294117647055
O=C(N1)C(C)(C)Oc(c12)cc(c(c2)OC)Nc3cccc(C(=O)[O-])c3,-6.176,25,-0.24704
c1ccccc1[C@H](C)Nc2ccc(O)cc2,-6.175,16,-0.3859375
O=Cc1ccccc1/C=[NH+]/Cc2ccccc2-c3ccccc3,-6.175,23,-0.2684782608695652
Cc1ccccc1CCCCOc(cc2)cc(c23)ccn3CC(=O)[O-],-6.175,25,-0.247
CCOC(=O)CCN/N=C/c1ccc(o1)-c2ccccc2Cl,-6.175,22,-0.2806818181818182
c1cccc(c12)cccc2NN(CC3)C[C@H]([N@H+]34)CCC4,-6.174,20,-0.30870000000000003
CC(=O)N1CCC(CC1)CCc2nc(cn2C)-c3ccccc3,-6.173,23,-0.2683913043478261
COc(cc1)cc(c12)nc([nH]2)CCC(=O)[C@H](C(C)C)c3cc(C)no3,-6.171,25,-0.24684
CCc1ccccc1C(=O)c(cc(c2)C(=O)N[C@H]3[C@@H]([C@@H]34)COC4)c(c25)OC[C@@]5(C)c6ccccc6,-6.171,35,-0.17631428571428573
[NH3+]CCOP(=O)([O-])OC[C@@H](COC(=O)CCC)Oc1ccccc1C[NH2+]C,-6.17,27,-0.2285185185185185
CC(C)Cc1nc(cs1)C[C@H]2O[C@H]([C@H](O)[C@@H]2O)n(cn3)c(c34)ncnc4N,-6.17,27,-0.2285185185185185
c1ccc(C(N)=[NH2+])c(c12)oc(cc2=O)N3CCOCC3,-6.169,20,-0.30845
O=C([O-])C(=O)CC(=O)NCCCc1cccc(c1)NCc2ccccc2,-6.168,26,-0.23723076923076925
OCCOc1c(C)cc(cc1C)-c(c2)oc(c23)c(cn(c3=O)C)C(=O)c4cnccc4C(F)(F)F,-6.168,35,-0.17622857142857143
NC(=O)CC[NH2+]Cc1ccc(c(Cl)c1)Cc2ccc([N+](=O)[O-])cc2,-6.166,24,-0.2569166666666667
c1ccccc1[C@](O)(CC2)c(c23)cc(cc3)N4CCN(CC4)C5COC5,-6.165,26,-0.23711538461538462
C1CCCCC1c([nH]2)nc(c23)n(c(=O)n(c3=O)CCC)CCCNNc4ccc(OC)cc4C,-6.165,34,-0.18132352941176472
CO[C@H](C)c1ccccc1,-6.164,10,-0.6164
C1CCCCC1c([nH]2)nc(c23)n(c(=O)n(c3=O)CCC)-c4ccc(cc4)C[C@@H]5SC(=O)[N-]C5=O,-6.164,34,-0.18129411764705883
Cc1ccc(Cl)cc1-c2ncc(F)cc2F,-6.164,16,-0.38525
Cc1ccc(cc1)[C@H](C)c(cc2)cc(c23)CN(C)C(=O)N3,-6.164,21,-0.2935238095238095
COc1cc(=O)n(C)nc1-c2ccccc2Nc3cccc(Cl)c3Cl,-6.164,25,-0.24656
Nc(n1)nn(c12)c(ccc2)-c3cnc[nH]3,-6.163,15,-0.41086666666666666
O=C([O-])CCc(n1)nc(cc1C)-c2c(C)nnn2C,-6.163,19,-0.3243684210526316
O=C([O-])C(C)(C)[NH+]1CCNCC1,-6.162,12,-0.5135
C[NH+](C)CCC[N@@H+](C)[C@H]1CCN(C1)NCCCNC(=O)c2ccc(=O)n(C)c2,-6.162,28,-0.22007142857142856
s1cncc1COc2ccc(cc2C[NH3+])-c3cccc(c3)Cn4ccc(O)c(C(=O)[O-])c4=O,-6.161,33,-0.1866969696969697
O=C(C1)NC[C@@H]1[C@@H](C)c2ccc(N)[nH+]c2,-6.16,15,-0.4106666666666667
COc1ccc(cc1)Cn2nnc(n2)-c3cccc(c3)C(=O)CCC4OCCO4,-6.16,29,-0.21241379310344827
O=C([O-])c1ccc(cc1)-c2cc(Cl)ccc2O,-6.159,17,-0.3622941176470588
Cc1noc(C)c1-c2ccc(cc2)Cc3cc(F)cnc3Cl,-6.158,22,-0.27990909090909094
CO[C@@H](C)CC(=O)[C@H](CCSC)NC(=O)[C@H]1CC[C@@H](C)CC1,-6.158,22,-0.27990909090909094
n1nn(C)c(c12)cc(cc2)NNc3cccc(c3)-c4csc(=O)[nH]4,-6.158,24,-0.25658333333333333
c1occc1-c(cc2)ccc2C(=O)c3cccc(c3)N4CC=CC4=O,-6.157,25,-0.24628
CCc(no1)c(c12)cc(c(c2)OC)C(=O)[C@@H]([NH3+])CC(=O)c3ccccc3N,-6.156,27,-0.22799999999999998
Nc1ccccc1C(=O)C[C@H](N)C(=O)Cc(cc2)nc(c23)cccc3,-6.156,25,-0.24624
CCN1CC[NH+](CC1)Cc2ccc(cc2C(F)(F)F)Nc3cc[nH+]c(N)c3,-6.156,27,-0.22799999999999998
Cc1nn(C)c(C)c1-c2ncon2,-6.154,13,-0.4733846153846154
Clc(c1)cccc1[C@H](O)CCCNc(n2)sc(c23)cccc3,-6.154,22,-0.2797272727272727
COc1ccc(cc1)Cn2nnc(n2)Nc3ccc(OC)cc3C,-6.153,24,-0.25637499999999996
Fc1ccc(cc1Cl)Nc(nc(c23)cccc3)nc2-n4cccc4,-6.152,24,-0.25633333333333336
O=C([O-])c1ccccc1CCCO,-6.152,13,-0.47323076923076923
COc1cccc(c1)CC(=[NH2+])Nc2ccnc(n2)Oc3cc(C)cc(C)c3,-6.152,27,-0.22785185185185186
COc1ccc(Br)cc1S(=O)(=O)Cc2ccc(O)cc2,-6.15,20,-0.3075
CCN(C(=O)C1)c(c12)ccc(c2)Nc(c3)c(OC)cc(c34)onc4C,-6.15,25,-0.24600000000000002
COc1ccccc1S(=O)(=O)c(cc2)cc(c23)CN(C)C(=O)N3,-6.15,23,-0.2673913043478261
O=C(C1)NC[C@@H]1[C@@H](C)S(=O)(=O)c(cc2)cc(c23)CN(C)C(=O)N3C,-6.148,24,-0.25616666666666665
C=CCc(cc1)cc(c12)[C@@](O)(CC2)c3ccccc3,-6.148,19,-0.323578947368421
CCC(=O)c1c[nH]c(c1)C(=O)CC2CCOCC2,-6.146,18,-0.34144444444444444
COc1ccc(cc1)Oc2cc(ncn2)N(C)CCc(c3)c(OC)cc(c34)onc4C,-6.146,31,-0.19825806451612904
Cc1noc(C)c1C(N)=[NH2+],-6.146,10,-0.6146
N#Cc1c(=O)[n-]c(cc1[S@](=O)C)-c2cccc(c2)Nc3ccc(F)cc3,-6.146,26,-0.2363846153846154
CCNC(=O)c1ccc(c(c1)NS(=O)(=O)C)OCc2ccccn2,-6.145,24,-0.25604166666666667
COC(=O)CC(=O)c1cc(Cl)cc(C#N)c1,-6.145,16,-0.3840625
[nH+]1cc[nH]c1CCCc2cncs2,-6.145,13,-0.47269230769230763
C[N+](C)(C)C1CCN(CC1)c2ccc(C(=O)[O-])cc2,-6.144,19,-0.3233684210526316
FC(F)(F)c(c1)ccc(c12)c(c[nH]2)-c(c3C)c[nH]c3C(=O)C(=O)[C@@H](N)CC(=O)c4ccccc4N,-6.144,35,-0.17554285714285714
C[NH+]1CCN(CC1)c2ccc(cc2)NCC[NH+]3CCOCC3,-6.144,22,-0.2792727272727273
COc1ccccc1Oc2nccc(n2)C/C=C(/C)CCC(=O)[O-],-6.143,24,-0.25595833333333334
Fc1cccc(c1)CNc2ccc(F)cc2F,-6.143,17,-0.3613529411764706
c1cc(F)cc(c12)c(C(=O)[N-]S(=O)(=O)C)c(N)c(n2)Cc3ccccc3,-6.143,26,-0.23626923076923076
CC(=O)N[C@H]1CCN(C1)c2ccc(cc2F)C3=NO[C@@H](C3)C[N@H+]4C[C@@H](C)C[C@@H](C)C4,-6.142,30,-0.20473333333333335
C[C@@H]1C(=O)N(C)CC[N@H+]1CCc2cnns2,-6.142,16,-0.383875
c1cccc(c12)c(c[nH]2)C[C@H]([NH3+])C(=O)N[C@@H]3CC[N@H+](CC3)CCc4cnc[nH]4,-6.141,28,-0.21932142857142858
O[C@@H](C1)CCCN1c(oc2C)nc2CCCc3ccc(cc3)C[C@@H](C(=O)[O-])n4cccc4,-6.141,32,-0.19190625
CCCCn1cc(C)c(=O)[nH]c1=O,-6.14,13,-0.47230769230769226
Cc1ncsc1Cc2cccc(Cl)c2,-6.139,14,-0.4385
OCCNc1ccc(Br)cc1Br,-6.138,12,-0.5115
CS(=O)(=O)N1CC[C@@H](C1)[C@H]2CCOC2,-6.138,14,-0.43842857142857145
Cc1[nH]ncc1N(C)c2c(C)nn(C)c2C,-6.138,16,-0.383625
C[C@H](O)c1ccc(nc1)CCc2cc(nc(N)[nH+]2)N3CC[NH+](CC3)C4COC4,-6.137,28,-0.21917857142857142
[NH3+]CCCC[C@H](C)c1cccc(C(F)(F)F)c1,-6.135,17,-0.36088235294117643
NC(=O)CC[NH2+]Cc1ccc(c(Cl)c1)C/C=C/c2ccc(Br)cc2,-6.135,24,-0.255625
O=C([O-])c1ccc(cc1)CN[C@H](Cc(c[nH]2)c(c23)cccc3)C(=O)Nc4ccncc4,-6.135,31,-0.19790322580645162
COc1ccccc1Oc2nccc(n2)-c3ccnc(N)c3,-6.135,22,-0.27886363636363637
COCCCNc1ncc(F)cc1F,-6.134,14,-0.43814285714285717
N#Cc1cc(F)cc([c-]1)C(=O)C(F)(F)F,-6.134,15,-0.40893333333333337
O=c1[nH]c(cs1)-c2cccc(c2)-c3cc(F)cnc3Cl,-6.134,20,-0.30670000000000003
CC1=NCS[C@@H]1c2ccc(cc2)CNc(cc[nH+]3)c(c34)nc([nH]4)N,-6.133,24,-0.25554166666666667
C[NH+](C)C1CCN(CC1)Cc2ccc([N+](=O)[O-])cc2,-6.133,19,-0.3227894736842105
COc1cccc(c1)Cc2nc(cn2C)-c3ccccc3,-6.133,21,-0.29204761904761906
CC(O1)(C)C(=O)Nc(c12)cc(O)c(c2)N(CC3)CCC3([NH3+])Cc4ccc(Cl)cc4,-6.132,29,-0.21144827586206896
C[C@@H](O)Cc1ccc(S(=O)(=O)N)cc1,-6.132,14,-0.438
C1CC1C(=O)Cc2ccc(Br)cc2,-6.132,13,-0.4716923076923077
COC(=O)c1ccc(Cl)cc1,-6.131,11,-0.5573636363636364
CC(C)CCNC(=O)c(c(c12)cccc2)nn1Cc3ccc(F)cc3,-6.131,25,-0.24524
c1ccncc1C[NH2+]CCCN(CCO2)[C@@H]([C@H]23)CCC3,-6.131,20,-0.30655
C[C@@H]1C(=O)N(C)CC[N@H+]1CCC(=O)c2ccc(cc2)-c3ccco3,-6.129,24,-0.25537499999999996
Fc1ccccc1Cn2cc[nH+]c2,-6.129,13,-0.47146153846153843
c1cccc(c12)nc(s2)NCCC3CCCCC3,-6.128,18,-0.34044444444444444
Fc1ccc(cc1C)S(=O)(=O)Nc(cc2)cc(c23)n(nn3)C,-6.128,22,-0.27854545454545454
CC(C)(C)c1ncn(n1)C[C@H]2CC[C@H](C(=O)[O-])CC2,-6.127,19,-0.3224736842105263
Cc1noc(C)c1-c2ccc(cc2)CNc3ccc(F)cc3F,-6.127,23,-0.2663913043478261
o1nc(C)c(c12)cc(c(c2)NC)Nc3cc[nH+]cc3,-6.127,19,-0.3224736842105263
C[C@H]1COCCN1c(cc2C)cc([nH+]2)C(=O)NCc3ccc(F)cc3,-6.127,25,-0.24508
CC(C)C[NH2+]CC(=O)c1ccc(C#N)n1C,-6.127,16,-0.3829375
[nH]1cc[nH+]c1CCc(c(c23)ccc(Cl)c3)c([nH]2)C(=O)NCCN4CCOCC4,-6.126,28,-0.2187857142857143
n1cccnc1Nc(c2)c(ccc2S(=O)(=O)C)-c(nc(c34)cccc4)nc3NCc5ccco5,-6.125,34,-0.1801470588235294
O=CNCCC1CCCCC1,-6.125,11,-0.5568181818181818
Cc1ccc(cc1)OCC/[NH+]=C/c2c(C)nn(c2C)-c3ccccc3,-6.125,25,-0.245
O=c([nH]1)c(Cl)ccc1CC(=O)c2ccc(cc2)C(=O)NCc3ccccc3,-6.124,27,-0.2268148148148148
o1nc(C)c(c12)cc(c([O-])c2)-c3ccno3,-6.123,16,-0.3826875
O=C([O-])C(C)(C)Sc1ccc(cc1)CC[N@H+](CC(=O)N)CCCCC2CCCCC2,-6.123,30,-0.2041
CC(C)C[C@H]([NH3+])C(=O)CC(=O)Nc1nc(cs1)-c2ccccn2,-6.123,23,-0.26621739130434785
CO[C@@H](C)Cc(n1)[nH]c(c12)cc(cc2)NC(=O)c3c(Cl)cnn3CC(C)C,-6.122,27,-0.22674074074074074
CC[C@H](C)[C@H]([NH3+])C(=O)N1CCSCC1,-6.122,14,-0.4372857142857143
n1cnc(n12)nc(C)cc2CCCC(=O)[O-],-6.12,16,-0.3825
C[NH+]1CCN(CC1)c2ccc(cc2)C(=O)Cc(cs3)c(c34)cc(Cl)cc4,-6.119,26,-0.23534615384615384
Cc1ncsc1-c2cc(nc(n2)N)N3CCOCC3,-6.118,19,-0.322
Cc1cc(n[nH]1)[C@@H](C)NCc(cc2)nc(c23)cccc3,-6.118,20,-0.3059
CN(C1)C(=O)Nc(c12)ccc(c2)S(=O)(=O)c3cc(F)cc(Br)c3,-6.117,23,-0.2659565217391304
CS(=O)(=O)c1ccccn1,-6.116,10,-0.6115999999999999
c1[nH+]ccn1C[C@@H](N(C=CC2)C=C2C(=O)N)c3ccc(Cl)cc3Cl,-6.115,24,-0.2547916666666667
Cn1cc(cn1)-c2cnc(N)c(c2)COCCO,-6.115,18,-0.33972222222222226
CC(=O)NCCC(=O)Nc(c(n12)nnc2C)cc(n1)-c3ccc(C)c(c3)-c4cc(F)cnc4Cl,-6.113,34,-0.17979411764705883
O=C([O-])c(c1)cccc1NC(=O)CCNc2cnns2,-6.112,20,-0.3056
c1cccc(c12)CCN(C2)n3nccn3,-6.112,15,-0.4074666666666667
CNC(=O)c1cccc(c1)S(=O)(=O)c(cc2)nc(c23)sc(n3)NC(=O)C4CC4,-6.111,28,-0.21825
CC(C)(C)OC(=O)Cc1cccnc1,-6.111,14,-0.4365
[nH]1ccc(c12)c(ncn2)-c3nnc(C)c(c34)cnc(c4)N5CCOCC5,-6.111,26,-0.23503846153846153
CN(C)C(=O)c1cccc(c1)CCC(=O)NC2CC2,-6.111,19,-0.32163157894736844
CCc1cccc(C)c1NC(=O)c2cnccc2C(F)(F)F,-6.111,22,-0.2777727272727273
N#Cc1cc(Cl)cc(c1)-c2ccc(cc2Cl)C[NH2+]CCCO,-6.111,22,-0.2777727272727273
COc1cccc(c1)Cc2[nH+]c(cn2C)-c3ccccc3,-6.11,21,-0.29095238095238096
C1CC1S(=O)(=O)Nc(cc2)cc(c23)c(c[nH]3)C4CC[NH2+]CC4,-6.11,22,-0.27772727272727277
Cn1c(C#N)ccc1CCCCNC(=O)CCC(=O)NCCc2ccc(Cl)c(Cl)c2,-6.11,30,-0.2036666666666667
Cc(n1)c(C)n(c12)nc(cc2)-c3c(cc[nH]c3=O)NC[C@@H](O)c4cccc(Cl)c4,-6.108,29,-0.2106206896551724
c1cccc(c12)[nH]c(n2)CC[NH2+]Cc(cc3C)ccc3-c4ccc(=O)n(c4)Cc5ccccc5,-6.108,34,-0.1796470588235294
CCS(=O)(=O)C(C1)CC1(F)F,-6.108,11,-0.5552727272727273
COc(cc1)cc(c12)[nH]c(n2)CCC(=O)[C@H](C(C)C)c3cc(C)no3,-6.108,25,-0.24431999999999998
CN(C)c1ccc(cc1)C2(CCCC2)CNc3nccs3,-6.108,21,-0.2908571428571428
CCOC(=O)Cc1nc(cs1)-c2ccc(cc2)C(=O)c3cccc(c3)C(=O)N(C)C,-6.106,30,-0.20353333333333332
Cc1nn(C)c(C)c1Nc(n2)c(C#N)c([O-])c(c23)cncc3,-6.106,22,-0.27754545454545454
c1ccccc1Oc2c(cnn2C)-c3ccc(c(c3)C[NH3+])OCc4cncs4,-6.105,28,-0.2180357142857143
c1cccc(c12)c(c[nH]2)C[C@@H]([NH2+]C(CC)CC)C(=O)Nc3ccncc3,-6.105,26,-0.23480769230769233
CN(C1)C(=O)Nc(c12)ccc(c2)-c3cc(nc(n3)N)N4CCCCC4,-6.104,25,-0.24416000000000002
CO[C@@H](C)Cn1cc(cn1)-c(c(n2)C)n(c23)ccnc3S(=O)(=O)c(ccc4)c(c45)ccnc5,-6.103,33,-0.18493939393939393
Oc1c(C)cc(cc1C)Nc(cc2)c3[nH]c(cc(c3c24)c(O)n4C)N5CCN(C)CC5,-6.102,31,-0.19683870967741937
CCc(no1)c(c12)cc(c(c2)OC)NC(=O)c3ccsc3C(=O)[O-],-6.102,24,-0.25425000000000003
Cn1c(C#N)ccc1C(=O)c(on2)c(c23)cccc3,-6.102,19,-0.32115789473684214
N#Cc1cccc(c12)n(c(n2)C)-c3[nH]ncc3-c4ccncc4,-6.101,23,-0.2652608695652174
c1cccc(c12)cncc2-c3ccsc3,-6.1,15,-0.4066666666666666
n1ccccc1CSc(n2)n(CCCCC)c(=O)c(c23)ccc(c3)C(=O)N4CCSCC4,-6.1,32,-0.190625
Cc1cc(C)cc(c1)Oc2nccc(n2)-c3c([C@H]4CCCC[NH2+]4)ncn3[C@H]5CCN(C5)CC[NH3+],-6.099,34,-0.17938235294117647
Cn1ccc(n1)-c2ccccc2F,-6.099,13,-0.46915384615384614
c1ccccc1CCCCNC(=O)Nc2cccc(c2)N3CC=CC3=O,-6.099,26,-0.23457692307692307
CCCC(=CC1=O)N=C([N+]1=2)N=C(N2)Cc3c(cnn3C)-c(cc4)nn(c45)c(nn5)C,-6.097,30,-0.20323333333333335
CC(=O)Nc1ccccc1CCn(c(n2)SCCC(=O)[O-])c(c23)cccc3,-6.097,27,-0.22581481481481483
N#Cc1c(=O)[n-]c(cc1[S@](=O)C)C(=O)c2cc(F)ccc2O,-6.097,22,-0.2771363636363637
CCc1ccc(nc1)CC[NH2+][C@H](CCC2)c(c23)cnn3-c4ccccc4F,-6.096,27,-0.22577777777777777
c1cccc(c12)c(N[C@H](C)C3CC3)nc([nH+]2)Cc4ccsc4,-6.095,22,-0.27704545454545454
Nc([nH+]1)nn(c12)c(ccc2)Cc3ccc(cc3)-c4cccc(F)n4,-6.094,24,-0.2539166666666667
Cc1ccc(cc1C)Nc2nccc(n2)-c(cc3)cc(c34)N(C5CC5)[C@@H](C)C(=O)N4C,-6.094,31,-0.19658064516129034
CSc1ccc(cc1)C(=O)N2CC[C@@H](C2)[N@@H+](C)CCC[NH+](C)C,-6.093,23,-0.2649130434782609
c1cccc(c12)c(on2)C(=O)N[C@H](CCC3)c(c34)cnn4NCc5ccccc5,-6.093,29,-0.21010344827586208
O=Cc1ccccc1/C=N/CC(=O)c2ccccc2,-6.093,19,-0.3206842105263158
CSc1ccc(cc1)C(=O)Cc2ccccc2C(=O)[O-],-6.092,20,-0.3046
Cc1ccc(cc1)[C@H](C)c2ccc(C[NH3+])cc2,-6.091,17,-0.3582941176470588
Ic(n1)nc(N)c(c12)ncn2CC(=O)[O-],-6.09,15,-0.40599999999999997
c1cccc(c12)n(C)nc2NCC#Cc3ccc(cc3)C(=O)NCCC(F)(F)F,-6.089,29,-0.20996551724137932
Cc1cccc(c1)CC(=O)CCOCCOCCOCCOCCOCCO,-6.089,28,-0.21746428571428572
Cc1ccc(cc1)OCCCCNS(=O)(=O)c(ccc2)c(c23)ccnc3,-6.088,26,-0.23415384615384616
COc1cccc(c1)C/C(N)=N/c2ncc(F)cc2F,-6.087,20,-0.30435
n1cnc(N)c(c12)ncn2[C@@H]3CCCC[C@@H]3[C@H](O)C4CCCCC4,-6.087,24,-0.253625
Oc1ccc(F)cc1C(=O)CCNS(=O)(=O)c(ccc2)c(c23)ccnc3,-6.086,26,-0.2340769230769231
Cn(c1)c(=O)ccc1-c(cn2C)c(n2)Cn3ccc(=O)[nH]c3=O,-6.086,23,-0.26460869565217393
C[N@H+]1CC[C@@H]([C@H](O)C1)c(c(O)cc2O)c(c23)oc(cc3=O)C(=O)CCCCCCCCCO,-6.086,33,-0.18442424242424243
N#Cc(c(N)[nH]1)c(c12)cc(cc2)N3CCC[C@H]3C=O,-6.086,19,-0.3203157894736842
NC(=O)c1ncc(cn1)N2CCC[C@H]([NH3+])C2,-6.085,16,-0.3803125
O=CCCCOc(cc1)cc(c12)ccn2CC(=O)[O-],-6.085,19,-0.32026315789473686
COc(c1)c(OC)cc(c12)C[N@H+](CC2)CCc3ccc(cc3)NC[C@H](O)CCCC(=O)[O-],-6.085,32,-0.19015625
CN(C)C(=O)c1cccc(c1)C(=O)[C@@H]([NH3+])Cc(c[nH]2)c(c23)cccc3,-6.084,25,-0.24336
Cc1cc(F)cc(C)c1-c2nc(ncc2C)Nc3ccc(c(F)c3)C(=O)N[C@@H]4CC[N@@H+](C)CC4,-6.083,34,-0.17891176470588235
O=C(N1)C(C)(C)Oc(c12)cc(c(c2)OC)Nc(ccc3)n(c34)nc([nH+]4)N,-6.083,26,-0.23396153846153847
O=C1NC(=O)[C@@H](S1)Cc2ccc(cc2)OCC[NH2+]Cc3ccc(O)cc3,-6.082,26,-0.23392307692307693
CC(C)Cc1nc(cs1)-c2ncn(n2)C[C@H]3CC[C@H](C(=O)[O-])CC3,-6.082,24,-0.2534166666666667
n1cn(C)c(c12)cccc2CCCC[NH3+],-6.082,15,-0.40546666666666664
O=C1CC[C@@H](C(=O)N1)N(CCO2)[C@@H]([C@H]23)CCC3,-6.081,17,-0.3577058823529412
Cc1cc(on1)CCCCCc(c(c23)CN(S(=O)(=O)C)CC3)nn2CCC[NH+]4CCOCC4,-6.081,33,-0.18427272727272728
COc1ccc(cc1)[C@@H]2SC(=NC2=C)NCc(ccc3)c(c34)OCO4,-6.08,25,-0.2432
Cc1cccc(c1C)C(=O)Cc2ccc(F)cc2,-6.08,18,-0.3377777777777778
Cc1noc(C)c1-c2ccc(cc2)-c(n3)c(n(c34)ccnc4)CCCC(=O)/C=[NH+]/CC(=O)[O-],-6.079,33,-0.18421212121212122
O=c1[n-]c(no1)-c2ccncc2F,-6.079,13,-0.4676153846153846
O[C@@H]1CC[N@H+](CC1)Cc2ccccc2F,-6.077,15,-0.40513333333333335
Cc1ccc(Cl)cc1-c2ccc(nc2)N3CC[NH2+]CC3,-6.077,20,-0.30385
Cc1cccc(c1)Cc2ccc(O)cc2,-6.076,15,-0.40506666666666663
Cc1cc(C)cc(c1)Oc2cccc(n2)NCCc3ccncc3,-6.075,24,-0.253125
O=C(N1)C(C)(C)Oc(c12)cc(c(c2)OC)NC(=O)Cc3ccc(Cl)c(=O)[nH]3,-6.075,27,-0.225
C[C@@H]1C[NH2+]CCCN1[NH2+][C@@H](C(=O)[O-])Cc(c[nH]2)c(c23)cccc3,-6.075,23,-0.2641304347826087
FC(F)(F)S(=O)(=O)c1ccc(c(c12)CC(F)(F)[C@H]2O)C(=O)Cc3ccc(F)cc3,-6.075,29,-0.20948275862068966
CCC(=O)N1CCC(CC1)N2CCCOC2=O,-6.075,17,-0.3573529411764706
COc1c(OC)cc(cc1OC)C(=O)Cc2ccc(Br)cc2,-6.073,22,-0.27604545454545454
CC(=O)N[C@H]1CCN(C1)c2cccc(n2)-c3c(C)nnn3C4CC[NH2+]CC4,-6.072,27,-0.2248888888888889
O[C@@H]1[C@@H](O)[C@@H](O)[C@@H](O[C@H]1C)Cc2ccco2,-6.069,16,-0.3793125
CCC(=O)Nc(cc1)c2[nH]c(cc(c2c13)c(O)n3C)N4CC[NH+](C)CC4,-6.068,26,-0.23338461538461536
CC(=O)N1CCC(CC1)CNc2c(C)nnn2C3CCN(CC3)CC[NH+](C)C,-6.068,28,-0.2167142857142857
c1ccncc1Cc2ccsc2,-6.067,12,-0.5055833333333334
COc1ccccc1S(=O)(=O)Nc(cc2)c3[n-]c(C(=O)C4CC4)cc(c3c25)c(O)n5C,-6.066,31,-0.1956774193548387
N#Cc(c(N)[nH]1)c(c12)cc(cc2)Oc3ccc(cc3)Nc4cc[nH+]c(c4)N5CC[NH2+]CC5,-6.066,32,-0.1895625
CCCCCCC(=O)OC[C@H](COP(=O)([O-])OCC[NH3+])Cc1ccccc1C,-6.066,28,-0.21664285714285714
c1ccccc1CC#Cc(c2)ccc(c23)n(C)c(=O)n(c3=O)CCC[NH2+]Cc4cccnc4,-6.065,33,-0.1837878787878788
O=C[C@@H]1CCCN1C(=O)CCCC[C@@H]2CCSS2,-6.065,18,-0.3369444444444445
CCCCC[C@H]1CCC(=O)NC1=O,-6.064,13,-0.4664615384615385
c1cccc([nH+]2)c1n(c23)C[C@H](C)N3c(cc4C)cc(n4)C(=O)NCc5ccc(F)cc5,-6.063,31,-0.1955806451612903
O=C([O-])CCc(n1)nc(cc1C)C(=O)Cc(cnc2)c(c23)c(O)ccc3,-6.063,26,-0.23319230769230767
O=C([O-])CCCOc1ccccc1-c2ccc(nc2)N3CC[NH2+]CC3,-6.063,25,-0.24251999999999999
CC[NH2+]Cc1ccc([C@@H](C)O)cc1,-6.063,13,-0.46638461538461534
c1ccccc1Oc2c(cnn2C)N3CCC(CC3)NC(=O)[C@@H]([NH3+])Cc(c[nH]4)c(c45)cccc5,-6.063,34,-0.1783235294117647
Fc(n1)cccc1C(=O)Cc2ccccc2,-6.062,16,-0.378875
C/C=C/CS(=O)(=O)c1c(F)cccc1F,-6.062,15,-0.40413333333333334
c1cc(F)ccc1C(=O)Cc2ccc(Br)cc2,-6.061,17,-0.3565294117647059
FC(F)(C1)[C@@H](O)c(c12)c(S(=O)(=O)C)sc2C(=O)c3cccc(Cl)c3,-6.06,24,-0.2525
C1C[NH2+]CCN1c(c2)ccc(c23)c(C)nnc3-c4ccc(cc4)C[NH+]5CCCCC5,-6.059,30,-0.20196666666666668
Cc1ccc(cc1)OCCc(ccc2)n(c23)nc(n3)N,-6.058,20,-0.3029
Cc1cccc(c1)N2CCN(CC2)C(=O)c3cc(F)ccc3O,-6.058,23,-0.2633913043478261
C1CC1c([nH+]2)cccc2[C@H](CC)C[C@](O)(Cn3cncn3)c4ccc(F)cc4F,-6.058,29,-0.20889655172413793
C1OCC1c([nH]2)c[nH+]c2C3CCC3,-6.057,13,-0.46592307692307694
O=C1CC[C@@H](C(=O)N1)N2CCC(O)CC2,-6.057,15,-0.40380000000000005
[NH3+]Cc1ccc(c(Cl)c1)-c2ccc(cc2Cl)C[NH2+]CCC(=O)N,-6.056,23,-0.26330434782608697
C1C[NH2+]CCC1n(nnc2C)c2-c3cccc(n3)-c4cc(F)cnc4Cl,-6.055,26,-0.23288461538461538
C=CC1=C(C)/C(NC1=O)=C/c2[nH]c(c(c2C)CCC(=O)[O-])CC(=O)Cc3cccc(C)c3,-6.055,32,-0.18921875
CS(=O)(=O)Oc1ccc(cc1)CC[C@H]2CCC(=O)NC2=O,-6.055,21,-0.28833333333333333
CSc1ccc(cc1)CC(=O)c2ccccc2,-6.054,17,-0.35611764705882354
O=C[C@@H]1CCCN1C(=O)c2ccc(cc2)-c3ccco3,-6.053,20,-0.30265
COc1ccc(cc1)Cc2[nH]nc(n2)-c3ccccc3,-6.053,20,-0.30265
[NH3+]CCc1cc(F)c(c(F)c1)NC(=O)Nc2cncs2,-6.052,20,-0.3026
O=C1C=CCN1Nc2cc(Cl)cc(Cl)c2,-6.052,15,-0.40346666666666664
O=C([O-])c(cc1)ccc1Cc(o2)c(C)c(c23)c(ccc3)OCCC[NH2+]Cc4cccnc4,-6.051,32,-0.18909375
c1ccccc1CC(=O)N2CCC(CC2)c3nc(no3)-c4ccccn4,-6.051,26,-0.23273076923076924
COc1cccc(c1)CC(=[NH2+])NCc2c(c(C)n[nH]3)c3nc(c24)c(C)cc(c4)OC,-6.049,30,-0.20163333333333336
CC(C)NC(=O)c(c1)nc(n12)cc(cc2)NC(=O)c3c(cnn3C)C(=O)N4CCOCC4,-6.048,32,-0.189
o1cccc1C(=O)c2c(Cl)cccc2Cl,-6.048,15,-0.4032
Nc(c1)cccc1[C@@H](C)c(nc2)nc(c23)n(c(c3)C(=O)N(C)C)C4CCCC4,-6.047,28,-0.2159642857142857
O=C1NC(=O)[C@@H](S1)Cc2ccc(cc2)N[C@H](Cc(c[nH]3)c(c34)cccc4)C(=O)Nc5ccncc5,-6.046,35,-0.17274285714285714
O=C([O-])CCC(=O)Nc1cccc(C(=O)[O-])c1,-6.046,17,-0.3556470588235294
Cn1cc(nn1)N2CCC([N+](C)(C)C)CC2,-6.046,16,-0.377875
c1cccc(c12)c(c[nH]2)C[C@H]([NH3+])C(=O)CC[NH2+]C/C=C/c3ccc(Br)cc3,-6.045,27,-0.2238888888888889
C[NH2+]C[C@@H](O)CN(CC1)Cc(c12)sc3c2c4n(ncn4)c(=O)n3Cc5ccc(OC)cc5,-6.045,32,-0.18890625
CCOC(=O)c1csc(n1)N2CCN(CC2)N3CC[NH2+]CC3,-6.045,22,-0.2747727272727273
COc1cccc(c1C(=O)OC)CCCCCCCCN2C=CCC(=C2)C(=O)N,-6.044,29,-0.20841379310344826
C1C[C@@H](O)CC[C@@H]1n(n2)cnc2-c(cc3C)cc(n3)C(=O)NCc4ccc(F)cc4,-6.044,30,-0.20146666666666666
FC(F)(F)c(n1)nc(n12)nc(C)cc2C(=O)[C@@H]([NH3+])Cc(c[nH]3)c(c34)cccc4,-6.044,28,-0.21585714285714283
NC(=[NH2+])N(CC1)CCC1n(nnc2C)c2-c3cccc(n3)NCCC(F)(F)F,-6.044,28,-0.21585714285714283
CNc1ccnc(n1)Nc(cc2)cc(c23)n(c(c3)C)[C@H]4CCN(C4)S(=O)(=O)C,-6.043,28,-0.21582142857142858
c1ccccc1[C@@H](C)Nc(cc2)cc(c23)N([C@H](C)C(=O)N3C)c4ccnc(n4)N,-6.043,29,-0.2083793103448276
CCCCCCCC(=O)c1nnn(n1)Cc2ccc(OC)cc2,-6.043,23,-0.26273913043478264
Cc1cccc(C)c1-c2ccc(B(O)O)cc2,-6.043,17,-0.35547058823529415
N#Cc1ccc(cc1C)Oc2ccc(cc2)CC(=O)Nc3cccc(c3)N4CCCC4=O,-6.043,32,-0.18884375
Cc1c(C#N)n[nH]c1-c2ccc(F)cc2,-6.042,15,-0.4028
O=C([O-])CCC(\C)=C/Cc(cc1=O)oc(c12)c(c(O)cc2O)[C@H]3CC[N@H+](C)C[C@H]3O,-6.042,30,-0.2014
CS(=O)(=O)NCCCc1ccc(cc1OC)C[NH2+]CCc(n2)[nH]c(c23)cccc3,-6.041,29,-0.20831034482758623
c1n[n-]c(=O)c(n12)c(C)cc2CCc([nH+]3)[nH]c(c34)ccc(Cl)c4,-6.04,23,-0.26260869565217393
NC(=O)CS(=O)(=O)C1CC1,-6.04,10,-0.604
Cc1cccc(c1)N2CCN(CC2)N3CCC[NH2+]C[C@@H]3C,-6.039,21,-0.28757142857142853
Cc(n1)sc(c12)ccc(c2)Cc3ccc(cc3)OCCO,-6.038,21,-0.2875238095238095
OCCOc(cc1)ccc1Cc(c(c2)C(=O)N)cc(c23)c(ccn3)O[C@@H]4CCC[NH2+]C4,-6.037,31,-0.19474193548387098
CC(=O)N[C@H]1CCN(C1)N(C2(C)C)C(=O)NC2=O,-6.037,18,-0.3353888888888889
CCC(=O)c1c[nH]c(c1)C(=O)c2ccccc2O,-6.037,18,-0.3353888888888889
COCCc1cccc(c1)C[N@@H+]2CCC[C@@H](C2)n3cc(C)c(=O)[nH]c3=O,-6.036,26,-0.23215384615384613
COc1cccc(c1)C/C(N)=N/c2ccnc(n2)Oc3cc(C)cc(C)c3,-6.036,27,-0.22355555555555554
C[NH+](C)CCC[N@@H+](C)[C@H]1CCN(C1)c2ccc(S(=O)(=O)N)cc2CC[NH3+],-6.035,26,-0.2321153846153846
Cn1cc(nn1)-c2ccc(N)nc2,-6.035,13,-0.4642307692307692
CCN1CC[NH+](CC1)Cc2ccc(cc2C(F)(F)F)NNc3cccc(c3)N4CCCC4=O,-6.034,33,-0.18284848484848484
C[C@H]1C[NH2+]CCCN1c2cc(nc(n2)N)-c3cccc(Cl)c3Cl,-6.034,23,-0.2623478260869565
n1cnc(N)c(c12)ncn2[C@@H]3O[C@@H]([C@@H](O)[C@H]3O)Cc4ncc(F)cc4F,-6.034,26,-0.23207692307692307
COCCNc1ccccc1F,-6.034,12,-0.5028333333333334
CCc1ccccc1S(=O)(=O)CC,-6.034,13,-0.46415384615384614
C1C[NH2+]CCC1n(nnc2C)c2Cc3cc(O)cc(O)c3,-6.031,21,-0.28719047619047616
OC[C@H]1O[C@@H]([C@H](O)[C@@H](O)[C@@H]1O)[C@@H]2CC[N@H+](CC2)Cc3cccc(n3)Oc4ccccc4,-6.031,31,-0.1945483870967742
C[NH+](C)CCCN(C)c(nc(c12)ccc(Br)c2)nc1-c3[nH]ncc3-c4ccncc4,-6.03,30,-0.201
c1cc(Cl)cc(c12)nc([nH]2)CCCCC[NH2+]Cc3cccnc3,-6.029,23,-0.26213043478260867
c1[nH+]ccc(c12)c(C(=O)[O-])c(C)c(n2)N[C@H](C)c3ccc(Br)cc3,-6.028,24,-0.25116666666666665
[NH3+]CCn1cncn1,-6.027,8,-0.753375
Cc1cc(C)cc(c1)Nc2cccc(n2)-c3c(C)nnn3NC(C)(C)CO,-6.026,27,-0.22318518518518518
c1cccc(c12)c[nH+]cc2Cc3ccsc3,-6.026,16,-0.376625
CC(C)ONc1ccc(F)cc1F,-6.025,13,-0.4634615384615385
COc1ccc(cc1)Cn2nnc(n2)-c3[nH]ncc3-c4ccncc4,-6.024,25,-0.24096
CC(=O)Nc1cccc(c1)C(=O)C2CC2,-6.023,15,-0.4015333333333333
CC(C)Cc(nn1C)c(c1C)NCCC(=O)N,-6.023,17,-0.3542941176470588
FC(F)(F)c1ccncc1C(=O)Nc2ccccc2F,-6.023,20,-0.30115
Cc1nc(C[NH+](C)C)ccc1-c(c(c23)c(=O)[nH]nc3)cnc2Nc4cccc(c4)N5CCCC5=O,-6.022,35,-0.17205714285714285
C1CC1N2C(C)(C)C(=O)N(C)c(c23)ccc(c3)Cc4ccc([N+](=O)[O-])cc4,-6.021,27,-0.223
Cc1cc(C)cc(c1)Oc2nccc(n2)-c3c(NCC[NH3+])ncn3[C@H]4CCN(C4)CC[NH3+],-6.021,32,-0.18815625
CCc1ccccc1Cc2ccccc2F,-6.02,16,-0.37625
C[NH+]1CCN(CC1)c2ccc(cc2)[NH2+]CCC3CCCCC3,-6.02,22,-0.2736363636363636
CNc1ccnc(n1)-c2c(cc[nH]c2=O)NC[C@@H](O)c3cccc(Cl)c3,-6.02,26,-0.23153846153846153
O[C@@H]1CCN([C@@H]12)C(=O)N(C2=O)c3cccc(c3)NS(=O)(=O)c4cccs4,-6.02,26,-0.23153846153846153
[nH+]1ccccc1N(CC2)CCC2NC(=O)NCC[NH2+]Cc3ccc(O)cc3,-6.02,27,-0.22296296296296295
Cc1[nH]ncc1C[C@H]2CC[C@H](C(=O)[O-])CC2,-6.02,16,-0.37625
CS(=O)(=O)S(=O)(=O)c1ccccc1,-6.019,13,-0.463
Oc1ccc(Cl)cc1CCCCCc2ccccn2,-6.019,19,-0.3167894736842105
COc1nc(N)nc(n1)S(=O)(=O)c2cccs2,-6.019,17,-0.35405882352941176
CCCCCC(=O)N[C@@H](CO)[C@H](O)Cc(cc1)c(c2c13)ccc4c2c(cc3)ccc4,-6.019,30,-0.20063333333333333
OCC[NH2+]CCc1cc(nn(c12)c(C)nn2)-c3ccccc3Oc4ccccc4,-6.018,29,-0.20751724137931032
Cc1nn(C)c(C)c1Cc(ccn2)c(c23)cccc3,-6.018,19,-0.31673684210526315
O=c([n-]1)[nH]c(=O)cc1C(=O)N2CCN(CC2)c3ccc(O)c(O)c3,-6.016,24,-0.25066666666666665
Cc(n1)sc(c12)ccc(c2)CCc3[nH+]cc[nH]3,-6.015,17,-0.3538235294117647
O=C1CCCN1c2cccc(c2)NNc(cc3)cc(c34)c(c[nH]4)C5CC[NH2+]CC5,-6.015,29,-0.20741379310344826
CS(=O)(=O)Nc1cc(ccc1C)-c2cc[nH]n2,-6.014,17,-0.353764705882353
Cc1ccc(C)c(c1)CNc2ccc(cc2)N3CC[NH+](C)CC3,-6.014,23,-0.2614782608695652
CC(=O)NCCCc1ccc(cc1)CNS(=O)(=O)c2c(C)nn(C)c2Cl,-6.013,26,-0.23126923076923075
COC(=O)c1ccc(c(Cl)c1)C[N@@H+](CC2)CC[C@@]2(O)Cn(cn3)c(c34)nc[nH]c4=O,-6.012,30,-0.2004
CC(C)Cn1ncc(Cl)c1C(=O)c(cc2)cc(c23)nccc3,-6.012,22,-0.2732727272727273
CCCCc(cc(F)c1)c(c12)ccc(c2)C#N,-6.011,17,-0.35358823529411765
O=C([O-])COc(c(C)c1)ccc1SC[C@H](OCC)Cc2ccccc2OCCCC(=O)[O-],-6.011,32,-0.18784375
c1ccccc1C[C@@H](NC(=O)[C@H](O)[C@H](C)[NH3+])CCC(=O)CCC(=O)[O-],-6.011,25,-0.24044000000000001
COC(=O)Cc1ccc(Cl)c(=O)[nH]1,-6.011,13,-0.4623846153846154
COC(=O)CC(=O)C(=O)Cc(cs1)c(c12)cc(Cl)cc2,-6.009,20,-0.30045
Cc1nn(C)c(C)c1CCc2ccc(cc2)-c3cccc(F)n3,-6.009,23,-0.2612608695652174
CC(=O)Nc1ccccc1Oc2nc(ncc2Cl)-c3noc(=O)[nH]3,-6.009,24,-0.250375
CC(C)OCc(c1)[nH]c(c12)cccc2Cl,-6.009,15,-0.4006
O=C([O-])C(=O)CC(=O)C(=O)c1ccc(Cl)cc1,-6.007,17,-0.3533529411764706
CCOc1ccccc1C(=O)c2cccc(Cl)c2,-6.005,18,-0.3336111111111111
Cc1cc(C)cc(c1)N2CCSCC2,-6.005,14,-0.42892857142857144
C1CCCCN1C(=O)c2ccc(Cl)cc2,-6.005,15,-0.4003333333333333
CC(=O)Nc1cccc(c1)CCC(=O)N,-6.005,15,-0.4003333333333333
COc1ccc(nn1)N2CC[NH+](CC2)Cc(c3)oc(c34)cccc4,-6.005,24,-0.2502083333333333
CC(=O)NCCC[NH2+]Cc1ccc(c(Cl)c1)Nc2cccc(C(=O)[O-])c2,-6.004,26,-0.2309230769230769
C[NH+](C)CCC[N@H+](C)[C@H]1CCN(C1)c2cccc(Cl)c2Cl,-6.004,21,-0.2859047619047619
FC(F)(F)c1ccc(cc1)N2CCN(CC2)c3ccccc3Cl,-6.003,23,-0.261
O=C([O-])c1ccc(cc1)CNC(=O)c2cccc(c2)NC3CCCC3,-6.003,25,-0.24012
COC(=O)CC(=O)c1ccc(cc1)CC[NH3+],-6.003,16,-0.3751875
[nH]1ccc(c12)c(ccc2)[C@@H]3COc(c34)c(C(=O)NC)cc(c4)C(=O)c5cccc(c5)N6CCCC6=O,-6.002,36,-0.16672222222222222
c1cccc(c12)c(c[nH]2)C[C@H](N)C(=O)c(cc3)cc(c34)ccc(c4)C[C@@H]5SC(=O)NC5=O,-6.002,32,-0.1875625
c1ccccc1[C@H](C)c2cc(cc(n2)-c3cn(C)nn3)C(=O)S(=O)(=O)c4ccc(F)c(Cl)c4,-6.001,33,-0.18184848484848487
OCCCCCc1ccc(cc1Cl)C[NH2+]CCc2c[nH]cn2,-6.001,22,-0.2727727272727273
O1CCc(c12)c(c(F)cc2)CN3CCOC[C@@H]3c4ccccc4,-6.0,23,-0.2608695652173913
O=C([O-])c1c(O)ccn(c1=O)CCO,-6.0,14,-0.42857142857142855
COc(c1)c(OC)cc(c12)c(ncn2)-c3ccccc3OCCCC(=O)[O-],-5.999,27,-0.22218518518518518
C1CC1Oc2ccc(cc2OC)C(=O)NNC(=O)c3cc(C(C)(C)[NH3+])cc(n3)Nc4ccccc4,-5.999,35,-0.1714
O=c([nH]1)onc1[C@H](C)C(=O)Cc2nc(cs2)-c3ccc(cc3)C(=O)NCCC(F)(F)F,-5.999,31,-0.19351612903225807
C[C@@H]1C(=O)N(C)CCN1c(c(Cl)cc2)c(c23)nnn3Cc(n[nH]4)c(c45)cccn5,-5.998,29,-0.20682758620689656
c1ccccc1S(=O)(=O)C(=O)c(c(c23)cccc3)nn2Cc4ccc(F)cc4,-5.998,28,-0.21421428571428572
CC(C)C[NH+]1CCOCC1,-5.997,10,-0.5997
CC(=O)NCCC(=O)Nc(c(n12)nnc2C)cc(n1)CC[N@@H+]3CCN(C)C(=O)[C@H]3C,-5.997,30,-0.1999
O=C1OCCCN1CCC(F)(F)F,-5.996,13,-0.4612307692307693
FC(F)(F)c1cc(ccc1Cl)N2CCN(CC2)c3[nH]ncc3-c4ccncc4,-5.996,28,-0.21414285714285716
C1C[NH2+]CCN1N[C@H]2[C@@H]([C@@H]23)COC3,-5.996,13,-0.4612307692307693
CC(C)(C)OC(=O)N(CC1)Cc(c12)cccc2,-5.996,17,-0.3527058823529412
C[NH2+]Cc1cccc(c1)Cc2ccc(cc2Cl)C[NH2+]CCc([nH]3)nc(c34)c(C)ccc4,-5.995,31,-0.19338709677419355
CCOC(=O)S(=O)(=O)c1cccs1,-5.995,13,-0.46115384615384614
CSc1ccc(cc1)C(=O)Cn2cc(O)cn2,-5.995,17,-0.3526470588235294
C[NH+]1CCN(CC1)c(c2)[n-]c3c(ccc(c3c24)n(C)c4O)OCc(c5)oc(c56)cccc6,-5.995,32,-0.18734375
O=C1[N-]C(=O)[C@H](S1)Cc2ccc(cc2)Nc(cc3)cc(c34)c(c[nH]4)C5CC[NH2+]CC5,-5.992,30,-0.19973333333333335
O=C1NC(=O)[C@H](S1)Cc2ccc(cc2)Nc(cc3)cc(c34)c(c[nH]4)C5CC[NH2+]CC5,-5.991,30,-0.1997
OCC[NH2+]CCN[C@H](CCC1)c(c12)cnn2-c3ccccc3F,-5.99,23,-0.2604347826086957
O=c([nH]1)scc1-c2ccc(cc2OC)C[NH2+]CCc(n3)[nH]c(c34)cccc4,-5.99,27,-0.22185185185185186
Cc1cccc(c1)N2CCN(CC2)c3cc(F)cnc3Cl,-5.988,21,-0.28514285714285714
C1C[C@H](C)Cc(c12)sc(c2C(=O)N)NCOCCO,-5.987,19,-0.3151052631578947
C1CCCC[NH+]1Cc(cc2)ccc2C3CC[NH2+]CC3,-5.987,19,-0.3151052631578947
o1c(N)nc(c12)cc(C)cc2C(=O)c(cn3)cc(c34)cccc4,-5.986,23,-0.2602608695652174
CC(C)(C)c(cc1)ccc1[C@H](C)NOCc2ccccc2,-5.986,21,-0.28504761904761905
C[NH2+]Cc1ccccc1-n(c(n2)N)c(c23)cccc3,-5.985,19,-0.315
Cc1ccc(cc1)OCCc(cc2)cc(c23)OC(C)(C)C(=O)N3,-5.985,23,-0.26021739130434784
O=C([O-])COc1ccc(cc1C)SCc2nnc(s2)Cc(c(F)cc3)c(c34)CCO4,-5.983,30,-0.19943333333333332
C[C@H]1COCCN1C(=O)OCc2ccccc2,-5.983,17,-0.3519411764705882
c1nccc(c12)c(C(=O)[O-])c(C)c(n2)-c3ccc(cc3)Cc4cc(O)cc(O)c4,-5.982,29,-0.20627586206896553
CSc1ccc(cc1)C(=O)Nc2nc(cs2)C(=O)c(on3)c(c34)cccc4,-5.982,27,-0.22155555555555556
CCCCc1ccc(cc1)OCC[C@H]([NH2+]C[C@H](O)[C@H](N)CO)Cc2ccccc2,-5.982,29,-0.20627586206896553
o1nc(C)c(c12)cc(c(c2)OC)C(=S)NCc3ccco3,-5.981,21,-0.2848095238095238
CC(C)(C)c1ccc(cc1)COCCO,-5.981,15,-0.39873333333333333
CC(=O)N1CCC(CC1)Cc(c(Cl)cc2)c(c23)nnn3Cc(n[nH]4)c(c45)cccn5,-5.98,30,-0.19933333333333333
Fc1cnc(c(F)c1)NCc2cccc[nH+]2,-5.98,16,-0.37375
Clc1ccccc1-c2ncc[nH]2,-5.98,12,-0.49833333333333335
CCCn(c1=O)c(=O)n(CCC)c(c12)nc([nH]2)-c3ccc(cc3)CCc(c[nH]4)c(c45)cccc5,-5.98,34,-0.1758823529411765
COc(c1)c(OC)cc(c12)c(nc(n2)C)N[C@H](C)c3cccc(c3)N(CCO4)[C@@H]([C@H]45)CCC5,-5.98,33,-0.1812121212121212
CC(O1)(C)C(=O)Nc(c12)cc(O)c(c2)NCC/C=C/C/C=C/C=C/[C@H](O)CCCC(=O)[O-],-5.979,32,-0.18684375
O=C(N1)C(C)(C)Oc(c12)cc(c(c2)OC)Nc3cc(F)ccc3F,-5.978,24,-0.24908333333333332
Nc1cc(cc[nH+]1)Cc2ccc(Cl)c(Cl)c2,-5.978,16,-0.373625
Cc1c(C#N)n[nH]c1NC(=O)[C@@H]([NH3+])CC(C)C,-5.977,17,-0.35158823529411765
[NH3+]Cc1ccc(c(Cl)c1)Cc2ccc(cc2Cl)-c3ncon3,-5.977,22,-0.2716818181818182
C[C@@H]1C(=O)N(C)CCN1c(oc2C)nc2CC[C@H](O)c3ccc(cc3)C[C@@H]4SC(=O)NC4=O,-5.977,33,-0.18112121212121213
Cc1ccc(cc1)CC(=O)Cc2cccc(C)c2,-5.977,18,-0.33205555555555555
S1CN[NH+]=C1NNc(cc2)cc(c23)c(c[nH]3)C4CC[NH2+]CC4,-5.976,22,-0.2716363636363636
NC(=O)c1cccc(c1)C[N@H+]2CCOC[C@@H]2c3ccccc3,-5.975,22,-0.27159090909090905
CC(C)ON(C1(C)C)C(=O)NC1=O,-5.975,13,-0.4596153846153846
C1CC1c(n2)cccc2[C@H](CC)c3cn(C)c([nH+]3)COc(cc4)nn(c45)c(C)c(n5)C,-5.974,31,-0.19270967741935485
N#Cc1c(=O)[nH]c(cc1[S@](=O)C)NCc2ccccn2,-5.974,20,-0.2987
O=C([O-])c1ccc(cc1)-c2ccccc2C(=O)[O-],-5.974,18,-0.3318888888888889
CC(C)Nc1cs/c([nH]1)=N\N=C\c2ccccc2C=O,-5.974,20,-0.2987
COC1=C(OC)C(=O)C(=C(C)C1=O)C/C=C(/C)CCC[C@H]2C[C@@H](C#N)C2,-5.973,26,-0.22973076923076924
c1ccccc1CC[NH2+]CCc2ccncc2,-5.973,17,-0.3513529411764706
Cc1nn(C)c(C)c1Cc(ccc2)c(c23)[nH+]cn3C,-5.972,19,-0.3143157894736842
Cc1nn(C)c(C)c1Cc(n2)sc(c23)cccc3,-5.971,18,-0.33172222222222225
c1cccc(c12)c(CC#C)nc(n2)Nc3cccc(Cl)c3,-5.97,21,-0.28428571428571425
O=C1[N-]C(=O)[C@H](S1)Cc2ccc(cc2)C(=O)c3ccc(Cl)cc3,-5.97,23,-0.25956521739130434
COc1ncc(c(n1)OC)C(=O)c2cc(nc(c2)-c3cn(C)nn3)Cc4ccccc4,-5.97,31,-0.1925806451612903
C1C[N@H+](C)CC[C@H]1Nc(c2)c(ccc2NS(=O)(=O)CC)Oc3ccc(F)cc3F,-5.968,29,-0.20579310344827587
FC(F)(F)CCc1cccs1,-5.968,11,-0.5425454545454546
Cc1cc(C)cc(c1)Oc2nccc(n2)-c3c(-c4ccccc4F)ncn3[C@H]5CC[N@@H+](C5)CCN,-5.967,35,-0.17048571428571427
C1C[N@H+](C)CC[C@H]1NC(=O)c(cc2OC)ccc2NCc3cccc[nH+]3,-5.966,26,-0.22946153846153847
C1C[N@H+](C)CC[C@H]1NC(=O)c(cc2OC)ccc2Nc3ccc(Cl)cc3,-5.966,26,-0.22946153846153847
O=C([O-])C(C)(C)c1ccc(OS(=O)=O)cc1,-5.966,16,-0.372875
COc(cc1)cc(c12)c(CCC(=O)[O-])cn2C(=O)c3cnn(C)c3C,-5.965,25,-0.2386
CCCCc1ccc(cc1)-c2c(C)nnn2C,-5.965,17,-0.3508823529411765
CCOC(=O)c1csc(n1)CCC(=O)N,-5.964,15,-0.3976
C[N@H+]1CC[C@@H]([C@H](O)C1)c(c(O)cc2O)c(c23)oc(cc3=O)CCC(=O)N,-5.964,26,-0.2293846153846154
CC[C@H](C)[C@H]([NH3+])C(=O)Nc(cc1)nn(c12)c(C)c(n2)C,-5.963,20,-0.29815
Cc1cccc(c1)-n2nccn2,-5.961,12,-0.49675
n1cn(C(C)C)c(c12)nc(N[C@H](C(C)C)CO)nc2N(CC3)CCC3([NH3+])Cc4ccc(Cl)cc4,-5.961,34,-0.1753235294117647
CS(=O)(=O)Oc1ccc(cc1)CCc(cnc2C(F)(F)F)c(c23)C[C@@H](F)[C@H]3O,-5.961,28,-0.21289285714285716
[NH3+]CCCCCCCCCC(=O)N[C@@H](CO)C(=O)NCC[C@H](CC1)c(c12)c3c(cc2)OCC3,-5.961,33,-0.18063636363636365
Cc1ccccc1CC(=O)c2ccc(c(F)c2)C(=O)N[C@@H]3CC[N@@H+](C)CC3,-5.96,27,-0.22074074074074074
C[NH+]1CCN(CC1)CCc2ccc(F)c(F)c2F,-5.96,18,-0.33111111111111113
C1COCCN1c(o2)cc(=O)c(c23)scc3NCc4ccccn4,-5.959,24,-0.24829166666666666
CN(C)C(=O)c1cccc(c1)-c2ccccc2Cl,-5.959,18,-0.33105555555555555
C1CC1N2C(C)(C)C(=O)N(C)c(c23)ccc(c3)Cc4ccccc4,-5.959,24,-0.24829166666666666
N#Cc1ccc(cc1C)N2CCC[NH2+]C[C@@H]2C,-5.959,17,-0.35052941176470587
OB(O)c1ccc(cc1)N(CC2)C[C@H]([N@H+]23)CCC3,-5.958,18,-0.331
Cc1noc(c12)cc(NC)c(c2)C[C@@H](OCC)CSc3ccc(c(C)c3)OCC(=O)[O-],-5.958,31,-0.1921935483870968
O=C([O-])[C@H]1CC[C@@H](CC1)CCc2cccnc2,-5.957,17,-0.35041176470588237
Oc1c(C)cc(cc1C)NCCC2CCCCC2,-5.957,18,-0.33094444444444443
CC[C@@](C)(C(=O)[O-])n(cn1)c(c12)ncnc2N,-5.956,17,-0.3503529411764706
CCC(=O)c1c[nH]c(c1)C(=O)c2cnn(C)c2,-5.955,17,-0.3502941176470588
CN(C1)C(=O)Nc(c12)ccc(c2)S(=O)(=O)c3cccc(Br)c3,-5.955,22,-0.2706818181818182
CCCCC(=O)OC[C@H](CO)c1cccc(c1)NS(=O)(=O)c2cccc(Br)c2,-5.955,28,-0.21267857142857144
O=S(=O)Oc1ccc(cc1)-c2ncon2,-5.954,15,-0.3969333333333333
CC(=O)N1CCC(CC1)CN2CCOC[C@@H]2C,-5.954,17,-0.35023529411764703
CCN(C1=O)c2ccc(c(c2c13)ccc3)S(=O)(=O)c(ccn4)c(c45)[nH]c(n5)N,-5.954,28,-0.21264285714285713
O=[N+]([O-])c1ccc(cc1)CCc(c2)oc(c23)cccc3,-5.954,20,-0.29769999999999996
C[C@@H](O)c1ccc(cc1)Cc(cc2=O)oc(c23)c(cs3)-c(cc4)cc(c45)OCCO5,-5.954,30,-0.19846666666666665
O=C([O-])c1ccc(cc1)Cn(cn2)c(c23)nc[nH]c3=O,-5.953,20,-0.29765
Cc1nc([N+](=O)[O-])cn1CCCCCc2ccccn2,-5.953,20,-0.29765
C[N@H+]1CC[C@@H](CC1)c2ccc(cc2F)NC3CCOCC3,-5.953,21,-0.2834761904761905
c1ccccc1C(=O)c2ccccc2-c3ccccc3OCCn4ccc(=O)[nH]c4=O,-5.953,31,-0.19203225806451613
Cc1cc(C)cc(c1)Oc2cccc(n2)C(=O)c(on3)c(c34)cccc4,-5.951,26,-0.22888461538461538
COc1cccc(c1)CC(=[NH2+])Nc(cn(C)c2=O)c(c23)O/C(C3)=c4\cnc([nH]4)=C5CCCC5,-5.951,33,-0.18033333333333332
Fc1cccc(n1)Cc2ccc(cc2)-c3cccc(F)n3,-5.951,21,-0.28338095238095234
n1ccccc1N(C)CC[NH2+][C@H](Cc(c[nH]2)c(c23)cccc3)C(=O)Nc4ccncc4,-5.951,31,-0.19196774193548385
[nH]1cncc1-c(nc2N)cc(n2)N3CCOCC3,-5.95,18,-0.33055555555555555
CCC(CC)c(c1)nc(NC(C)C)c(n12)nnc2C,-5.95,19,-0.31315789473684214
C1COCCN1c(nc(n2)N)cc2[C@H](C)c3ccc(s3)-c4ccccc4CO,-5.95,28,-0.2125
O=C[C@@H]1CCCN1OC[C@H](O)CO,-5.95,13,-0.45769230769230773
CO[C@H](C(=O)[O-])Cc(c(c12)scc2)ccc1Cc(n[nH]3)c(c34)cccn4,-5.949,26,-0.2288076923076923
c1cc(F)ccc1-c(c2)nc(cc2C(C)(C)[NH3+])C(=O)NNOC[C@H]3CCCO3,-5.949,28,-0.21246428571428572
O=C([O-])CCC(=O)c1cn[nH]c1-c2cccc(C(F)(F)F)c2,-5.947,22,-0.27031818181818185
c1cccc(c12)sc(n2)CCC(=O)NCCC(=O)Nc3cccc(C(=O)[O-])c3,-5.947,28,-0.21239285714285713
c1cc(C)cc(c12)nc([nH]2)CCn3ccc(=O)c(C(=O)[O-])c3O,-5.946,23,-0.25852173913043475
CC[C@@H](CO)Cc1nn(C)cc1-c2ccc(=O)n(C)c2,-5.946,20,-0.2973
CC[NH2+]Cc1ccc(c(Cl)c1)-c2ccccc2,-5.945,17,-0.3497058823529412
C=CC1=C(C)[C@@H](NC1=O)c(cc(C)c2)c(c23)oc(n3)N,-5.945,20,-0.29725
O=C([O-])[C@@H]([NH3+])CC[S+](C)C[C@H]1O[C@H]([C@H](O)[C@@H]1O)CCC[NH+]2CCOCC2,-5.944,26,-0.2286153846153846
O=C([O-])[C@@H]([NH3+])CC[S+](C)C[C@H]1O[C@H]([C@H](O)[C@@H]1O)CCC[NH+]2CCOCC2,-5.944,26,-0.2286153846153846
CCc(nn1)n(c12)nc(cc2)Cc(n[nH]3)c(c34)cccn4,-5.944,21,-0.28304761904761905
O=C1CCCN1Nc2ccc(F)cc2F,-5.944,15,-0.39626666666666666
NC(=[NH2+])N1CCC(CC1)c2ccc(cc2)CC(=O)N3CCOCC3,-5.944,24,-0.24766666666666667
CN(C)CC[N@H+]1CC[C@@H](CC1)c2cccc(c2)NS(=O)(=O)c3cccs3,-5.943,26,-0.22857692307692307
N#Cc(c1Cl)ccc(c1C)N2CCC(CC2)NC(=O)[C@@H]([NH3+])Cc(c[nH]3)c(c34)cccc4,-5.943,31,-0.19170967741935482
COc1ccc(cc1OC)[C@H]2CCN(C2)S(=O)(=O)C,-5.942,19,-0.31273684210526315
CC[N@H+]1CC[C@@H](CC1)Nc2cccc(Cl)c2Cl,-5.942,17,-0.34952941176470587
CCCNC(=O)[C@H]1O[C@H]([C@H](O)[C@@H]1O)Nc2cccc(c2)N3CCCC3=O,-5.942,26,-0.22853846153846155
COc1ccccc1Oc2nccc(n2)-c3c(-c(cc4)cn(c45)c(nn5)C)ncn3C6CC[NH2+]CC6,-5.942,36,-0.16505555555555557
C[N+](C)(C)C1CCN(CC1)c2ccc(C(F)(F)F)c(F)c2,-5.941,21,-0.2829047619047619
FC(F)(F)c(cc1)ccc1-c(ncc2C)n2Cc3ccccc3CC[NH3+],-5.94,26,-0.22846153846153847
[NH2+]1CCCC[C@@H]1N(C)CCCCNC(=O)CCCC[C@@H]2CCSS2,-5.94,24,-0.24750000000000003
Cc1cncc(c1)C(=O)c2ccco2,-5.94,14,-0.4242857142857143
Cc1cc(C)cc(c1)Oc2nccc(n2)-c3c(-c4[nH]nc(C#N)c4C)ncn3[C@H]5CCN(C5)CC[NH3+],-5.939,36,-0.16497222222222221
n1ccccc1C[NH2+]NC2CCCC2,-5.939,14,-0.4242142857142857
COc1cccc(c1)C/C(N)=N/n(cn2)c(c23)ncnc3[O-],-5.939,22,-0.26995454545454545
C[N@H+]1CC[C@@H](C1)N(C)c(nc(c23)cc(s3)C(C)(C)C)nc2Nc4ccncc4,-5.939,28,-0.21210714285714286
O=C1[N-]C(=O)[C@@H](S1)Cc2ccc(cc2)N[C@H](Cc(c[nH]3)c(c34)cccc4)C(=O)Nc5ccncc5,-5.938,35,-0.16965714285714284
c1ccccc1NN(CC2)C[C@H]([N@H+]23)CCC3,-5.938,16,-0.371125
Ic(n1)nc(N)c(c12)ncn2Cc3ccc(Cl)cc3,-5.938,19,-0.31252631578947365
N#Cc1ccc(cc1)N2CCC(CC2)CCC(=O)c3cccc(c3)CC(=O)[O-],-5.938,28,-0.21207142857142855
CC(=O)NCCC(=O)c1ccnc(n1)Oc2cc(C)cc(C)c2,-5.937,23,-0.2581304347826087
COc(c1)c(OC)cc(c12)c(nc(n2)C)NCCC(=O)Nc3cccc(C(=O)[O-])c3,-5.937,30,-0.19790000000000002
Cc1ccc(C(C)C)cc1Oc2nccc(n2)C(=O)[C@@H]3CN(C(=O)CC4)N4C35CCCC5,-5.937,32,-0.18553125
O=C([O-])[C@H]1CC[C@@H](CC1)CCc(cc2)nc(c23)cccc3,-5.936,21,-0.2826666666666667
c1c[nH]c(c12)c(=O)n(C\C=C\C)cc2C(=O)CCCCCCC,-5.936,23,-0.25808695652173913
CCCCCCc(cnc1)c(c12)cccc2,-5.934,16,-0.370875
Cc1cccc(C)c1-c2cc(Cl)ccc2O,-5.933,16,-0.3708125
Cn1nc(C2CC2)cc1-c([nH]c(=O)n3)c(c34)cccc4,-5.932,20,-0.29660000000000003
CCON1[C@@H](C)C(=O)N(C)c(c12)ccc(c2)N[C@@H](C)c3ccc(C)cc3,-5.931,26,-0.2281153846153846
FC(F)(F)OCCC(=O)c(cc1)nc(c12)cccc2,-5.931,19,-0.31215789473684213
COc1ccc(cc1)Cn(nn2)c(c23)[C@](C)(O)CC[C@H]3NCCO,-5.929,24,-0.2470416666666667
COc1ccccc1S(=O)(=O)c2ccc(C#N)cc2,-5.929,19,-0.31205263157894736
n1cnc(N)c(c12)ncn2S(=O)(=O)c3cccc(F)c3,-5.928,20,-0.2964
c1ccc(Cl)c(c12)cc([nH]2)CN[C@@H](Cn3cc[nH+]c3)c4ccccc4,-5.928,25,-0.23712
NC(=[NH2+])N(CC1)CCC1n(nnc2C)c2-c3cccc(n3)-n4cccc4,-5.927,26,-0.22796153846153844
Cc1ccc(C(C)C)cc1Oc2nccc(n2)Cc3ccc(cc3)OCCO,-5.925,28,-0.21160714285714285
COc1ccccc1Oc2nccc(n2)NCCCCc3ccccc3,-5.925,26,-0.22788461538461538
O1CCOc(c12)cc(cc2)N3CCC[NH2+]CC3,-5.924,17,-0.34847058823529414
O=C(N=1)N=c(c12)cc(cc2)-c3cc(ccc3Cl)OCc(n[nH]4)c(c45)cccn5,-5.923,28,-0.2115357142857143
CC(=O)NCCC(=O)c1ccoc1,-5.922,13,-0.4555384615384615
CNc1cc([nH+]c(n1)N)N2CCN(CC2)c(c[nH+]c3)c(c34)cccc4,-5.919,25,-0.23675999999999997
Cc1cc(CC(=O)[O-])cc(C)c1OCCO,-5.919,16,-0.3699375
O=[N+]([O-])c1ccc(cc1)C[N@H+]2CC[C@@H](CC2)Cc(ccn3)c(c34)cccc4,-5.919,27,-0.2192222222222222
FC(F)(F)c(c1)cccc1[C@@H](C)c2ccc(cc2)C[C@@H]3SC(=O)[N-]C3=O,-5.919,26,-0.22765384615384615
c1[nH]ncc1-c2ccc(cc2C)C[NH2+]CCc(n3)[nH]c(c34)cccc4,-5.918,25,-0.23672
Cc1ccccc1[C@H](C)c2ccccc2,-5.918,15,-0.39453333333333335
OCC[N+](C)(CCO)CCCCCCNC(=O)c1ccc(S(=O)=O)cc1,-5.917,26,-0.22757692307692307
C1C[NH2+]CCN1C(=O)[C@@H](C2)Oc(c23)c(cc(Cl)c3)-c4cnc([nH]4)C5CCC5,-5.917,27,-0.21914814814814815
C1C[NH2+]CCC1n(nnc2C)c2-c3ccc(c(F)c3)[C@@H]4CC[N@@H+](C)CC4,-5.917,26,-0.22757692307692307
C/C=C/Cc(c1)[n-]c2c(ccc(c2c13)n(C)c3O)NS(=O)(=O)c4ccccc4OC,-5.917,30,-0.19723333333333332
Clc(c1)cc(F)cc1C(=O)c2ccc(S(=O)=O)cc2,-5.917,19,-0.31142105263157893
COC(=O)CC(=O)/[NH+]=C(/N)Cc1cccc(c1)OC,-5.916,19,-0.31136842105263157
c1cccc(c12)c(nn2C)-c(nn(c34)c(C)nn3)cc4N[C@H](C)C(=O)N,-5.916,26,-0.22753846153846155
CC(=O)NCCC[NH2+]Cc1ccc(c(Cl)c1)-c(cn(C)c2=O)c(c23)oc(c3)-c4cnc[nH]4,-5.916,32,-0.184875
COc1cc(OC)c(cc1C)S(=O)(=O)c2cccs2,-5.915,19,-0.3113157894736842
c1ncc(C)c(c12)c(ccc2)S(=O)(=O)c(cc3C)n(c34)cc[nH]c4=O,-5.914,25,-0.23656
CC(C)OC(=O)c1ccccc1F,-5.914,13,-0.4549230769230769
CC(=O)N1CCC(CC1)C[N@H+]2CCOC[C@@H]2C,-5.913,17,-0.3478235294117647
COC(=O)c1c(Cl)cnn1CC(C)C,-5.913,14,-0.4223571428571429
C1COCCC1C(=C2)N=[N+](C23)C(=O)C=C(N=3)C[NH2+]Cc4cccc(Cl)c4,-5.913,26,-0.22742307692307692
C1C[NH2+]CCN1c(c2)ccc(c23)c(C)[nH+]nc3CCOCCOCCOCCOCCO,-5.912,32,-0.18475
CCc1c(C)nc(N)nc1-c(c(c23)nc([nH]3)C4CC4)cc(c2)-c5c(C)noc5C,-5.911,29,-0.20382758620689653
COc1ccc(cc1)Cc2ccc(cc2Cl)C[NH2+]CCc3ccc[nH]3,-5.911,25,-0.23643999999999998
COc(cc1)cc(c12)c(CCC(=O)[O-])cn2S(=O)(=O)c3ccccc3,-5.911,25,-0.23643999999999998
c1ccccc1Cn2ccnc2C(=O)c3cccc(c3)OCc4ccccc4,-5.911,28,-0.21110714285714285
c1n[n-]c(=O)c(n12)c(C)cc2CCc([nH]3)nc(c34)ccc(Cl)c4,-5.911,23,-0.257
c1cc(C)cc(c12)c(c[nH]2)Cc3cccc(c3)C[N@@H+]4CCC[C@@H](C4)n5cc(C)c(=O)[nH]c5=O,-5.91,33,-0.1790909090909091
c1cccc(c12)c(OCC(=O)[O-])ccc2S(=O)(=O)c3cc(F)cc(Br)c3,-5.908,26,-0.22723076923076924
COc1cccc(c1)CC(=[NH2+])NC(=O)c2cc(Cl)ccc2S(=O)(=O)c3ccc(F)c(C)c3,-5.908,32,-0.184625
CC[C@@H](CO)c(cc1)cc(c12)occ2CC(=O)[O-],-5.908,18,-0.32822222222222225
Fc1ccc(F)c(c1)CCOC(F)(F)F,-5.907,15,-0.3938
O=C([O-])CCCC(=O)c1ccc(S(=O)=O)cc1,-5.907,17,-0.34747058823529414
CO[C@@H](C)Cn1cc(cn1)Cc2cccc(F)c2,-5.906,18,-0.3281111111111111
O=c(n1)[nH]c(=O)c(n2)c1n(c(c23)cc(C)c(C)c3)Nc(cc4)cc(c45)n(nn5)C,-5.905,29,-0.2036206896551724
c1cccc(c12)[nH]cc2CCc(ccn3)c(c34)nc[nH]4,-5.904,20,-0.2952
Cc(n1)c(C)n(c12)nc(cc2)OCc3nc(cn3C)C(=O)[C@H]([O-])[C@H](C)[NH3+],-5.903,26,-0.22703846153846152
Cc1noc(C)c1S(=O)(=O)N[C@H](C)c2ccc(cc2)Cc(c(F)cc3)c(c34)CCO4,-5.903,30,-0.19676666666666665
C1COCCN1c(c2)ncc(c23)c(C)[nH+]nc3Nc4ccc(O)cc4,-5.903,25,-0.23612
c1c[nH]c(c12)c(=O)n(C\C=C\C)cc2Nc3nc(cs3)-c4ccccn4,-5.903,26,-0.22703846153846152
C1OCC1[NH2+]CCN2CCOCC2,-5.903,13,-0.45407692307692304
CC[C@H](CO)c1cccc(n1)-c2c(C)nnn2C3CC[NH2+]CC3,-5.902,23,-0.2566086956521739
[NH3+]CCCCc1ccc(Br)cc1Br,-5.902,13,-0.454
CCCn(c1=O)c(=O)n(C(C2)CC2(F)F)c(c13)[nH]c(n3)C4CCCCC4,-5.9,26,-0.22692307692307695
C1OCC[C@@H]1c2ccc(cc2OC)C[NH2+]CCc(n3)[nH]c(c34)cccc4,-5.9,26,-0.22692307692307695
O=C1NC(=O)[C@@H](S1)Cc(cc2)cc(c23)ccc(c3)C(=O)c4ccsc4C(=O)[O-],-5.9,28,-0.21071428571428572
FC(F)(F)CS(=O)(=O)c1cc(nn(c12)c(C)nn2)-c3ccccc3Oc4ccccc4,-5.899,31,-0.19029032258064515
O=C([O-])CCC(\C)=C/Cc1ccc(cc1)C(=O)NCc2ccccc2,-5.899,25,-0.23596
CCC(=O)Nc(cc1)c2[n-]c(cc(c2c13)c(O)n3C)N4CC[NH+](C)CC4,-5.899,26,-0.22688461538461538
Cc1cc(C)cc(c1)Nc2nccc(n2)S(=O)(=O)CC(F)(F)F,-5.898,23,-0.2564347826086956
COc1nc(N)nc(n1)N2CCC[C@H]([NH3+])C2,-5.898,16,-0.368625
Cc1nn(C)c(C)c1NN2CCC[NH2+]C[C@@H]2C,-5.898,17,-0.3469411764705882
c1cc(F)ccc1C(=O)c(cc2)cc(c23)OCCO3,-5.898,19,-0.31042105263157893
CC(O1)(C)C(=O)Nc(c12)ccc(c2)C[C@H]3CC[C@H](C(=O)[O-])CC3,-5.897,23,-0.2563913043478261
CC(C)(C)c1ccccc1-c2ccsc2,-5.897,15,-0.39313333333333333
O=C([O-])c1ccc(cc1)NCc2ccc(cc2)N3CCCCC3,-5.897,23,-0.2563913043478261
CC(C)(C)OC(=O)NCCC[NH2+]c1cccc(c1)Cn2ccc(O)c(C(=O)[O-])c2=O,-5.897,30,-0.19656666666666667
FC(F)S(=O)(=O)c1ccc(c(Br)c1CO)Nc2ccc(F)cc2,-5.895,23,-0.25630434782608696
C1COCCN1c(n2)cc(nc2N)C/C=C/c3ccc(Br)cc3,-5.895,23,-0.25630434782608696
CC(=O)NC[C@H]1CN(C(=O)O1)c2ccc(c(F)c2)-c3cccc(c3)OCc4ccccc4,-5.895,32,-0.18421875
C[NH2+]C[C@@H](O)COc1ccc(Cl)c(c1)-c2ccc(S(=O)(=O)N)cc2CC[NH3+],-5.894,27,-0.2182962962962963
Cc1cc(C)cc(c1)Oc2cccc(n2)-c3c(C)nnn3-c(cc4)nn(c45)c(C)c(n5)C,-5.893,32,-0.18415625
Cc1cccc(c1)NCc2ccccn2,-5.893,15,-0.39286666666666664
COCCc1cccc(c1)CN2CCC[C@@H](C2)n3cc(C)c(=O)[nH]c3=O,-5.893,26,-0.22665384615384615
Cc1nn(C)c(Cl)c1S(=O)(=O)NCc2ccc(cc2)CC/C=C/C=C/[C@H](O)CCCC(=O)[O-],-5.893,33,-0.17857575757575758
C=CC1=C(C)[C@@H](NC1=O)c(cc2)cc(c2=3)=NC(=O)N3,-5.892,19,-0.3101052631578948
CCN(C1=O)c2ccc(c(c2c13)ccc3)S(=O)(=O)Cc4ccc(Cl)cc4,-5.892,26,-0.22661538461538464
C1COCCN1c(o2)cc(=O)c(c23)scc3Cc4ccc(F)cc4,-5.892,24,-0.24550000000000002
COc1ccc(nn1)N2CC[NH+](CC2)Cc3ccc(C)cc3,-5.891,22,-0.2677727272727273
COc1ccccc1Oc2nccc(n2)CCCC(=O)[O-],-5.891,21,-0.2805238095238095
O=c1ccc(cn1C)C(=O)NCCCNc2ccc(cc2)C[C@H]3SC(=O)[N-]C3=O,-5.89,29,-0.20310344827586205
CCOC(=O)CCNc(n1)c(n(c12)ccs2)/C=N/OCc3ccc(Cl)c(Cl)c3,-5.89,28,-0.21035714285714285
O=C([O-])c1c(O)ccn(c1=O)-c2cc(F)ccc2F,-5.89,19,-0.31
NC(=[NH2+])N1CCC(CC1)Cc2ccco2,-5.89,15,-0.39266666666666666
O=C([O-])Cc1cccc(c1)OCc2ccccc2,-5.89,18,-0.3272222222222222
C[NH+](C)CCCC(=O)c(cn1)cc(c12)cccc2,-5.89,18,-0.3272222222222222
COc1ccc(cc1)Cn2nnc(n2)-c3n[nH]cc3-c4ccncc4,-5.89,25,-0.23559999999999998
COc1ccc(cc1)C2CC2,-5.889,11,-0.5353636363636364
CN(C)C(=O)c1cc(c[nH]1)C(=O)c2c(Cl)cccc2Cl,-5.889,20,-0.29445
COc1ccc(cc1)Cn2nnc(n2)[C@H](C)CCC(=O)[O-],-5.888,21,-0.2803809523809524
C[NH2+]C[C@@H](O)COc1ccc(Cl)c(c1)-n2cncn2,-5.888,19,-0.3098947368421053
O=c([n-]1)onc1[C@@H](C)c(cnc2)c(c23)cccc3,-5.888,18,-0.32711111111111113
c1cccc(c12)c(c[nH]2)C[C@H](C(=O)[O-])c([nH+]c3N)cc(n3)N4CC[NH+](CC4)C5COC5,-5.888,31,-0.18993548387096773
FC(F)(F)c1cccc(c1C)[C@@H](C)Nc([nH+]nc2C)c(c23)cc(cc3)N4CCN(CC4)C5COC5,-5.887,35,-0.1682
OC[C@H]([NH3+])C(=O)Nc1ccncc1,-5.886,13,-0.45276923076923076
Nc1cc(ccn1)CCc(n2)[nH]c(c23)cccc3,-5.886,18,-0.327
OCC[NH2+]CCc1ccccc1F,-5.885,13,-0.45269230769230767
O=P([O-])([O-])OP(=O)([O-])SC/C=C(\C)CCCNc1ccc(F)cc1,-5.885,24,-0.24520833333333333
CCc1ccc(nc1)CCOCc(c2)oc(c23)cccc3,-5.884,21,-0.2801904761904762
CC[C@@H]([C@H](C)O)Cc1cccc(n1)Oc2ccccc2,-5.883,20,-0.29415
FC(F)(C1)[C@@H](O)c(c12)c(S(=O)(=O)C)ccc2O,-5.883,17,-0.34605882352941175
[nH]1cncc1-c(o2)cc(c23)c(=O)n(C)cc3N4CCC(CC4)NC(=O)[C@@H]([NH3+])Cc(c[nH]5)c(c56)cccc6,-5.883,37,-0.159
CN(C)c1ccc(cc1)C2(CCCC2)CNNc3ccc(Cl)cc3,-5.882,24,-0.24508333333333332
C[NH+]1CCN(CC1)c2ccc(cc2)N3C=CCC(=C3)C(=O)N,-5.882,22,-0.26736363636363636
C[C@@H](O)c1ccc(cc1)Cc2ccc(cc2)C[C@H]3SC(=O)[N-]C3=O,-5.881,24,-0.24504166666666669
COc1ccc(c(C)c1)Nc2c(C)nnn2C3CC[NH2+]CC3,-5.88,22,-0.2672727272727273
Cc1cc(C)cc(c1)Oc2nccc(n2)-c3c(-c4[nH]nc(C#N)c4C)ncn3[C@H]5CC[N@@H+](C5)CCN,-5.879,36,-0.16330555555555554
O=C([O-])c(c1)cccc1-c(o2)c(CC(=O)[O-])c(c23)ccc(c3)Cc4ccccc4,-5.879,29,-0.20272413793103447
[nH]1ccnc1CCC(=O)CCNC(=O)CC[NH2+]Cc2ccc(c(Cl)c2)-c3ccccc3,-5.879,31,-0.18964516129032258
O=C([O-])c1c(=O)ccn(c1O)Cc2cccc(c2)Cc3ccc(Cl)cc3,-5.878,26,-0.2260769230769231
Oc1c(C)cc(cc1C)C(=O)[C@@H]([NH3+])CO,-5.878,15,-0.3918666666666667
CC[NH+]1CCN(CC1)c(cc2)cc(c23)C=CN(C)C(=O)[C@@H]3C,-5.877,22,-0.2671363636363636
COc1ncc(c(n1)OC)C(=O)c(c2)oc(c23)cccc3,-5.877,21,-0.27985714285714286
N#Cc(c1Cl)ccc(c1C)N2CCC(CC2)NC(=O)[C@@H](N)Cc(c[nH]3)c(c34)cccc4,-5.876,31,-0.1895483870967742
c1c(Cl)ccc(c12)c([C@@H](CC)[C@H](C)O)c([nH]2)C(=O)N3CC[C@@H](C3)[N@@H+](C)CCC[NH+](C)C,-5.875,31,-0.18951612903225806
c1cccc(c12)CN(CC2)c(cn3C)cc(c3=O)NC(=O)Nc4ccccc4F,-5.875,29,-0.2025862068965517
NC(=O)c1ncc(cn1)-c2cc(ccc2Cl)OCc(n[nH]3)c(c34)cccn4,-5.875,27,-0.2175925925925926
Cc1ccc(cc1)[C@H](C)S(=O)(=O)c(cc2)cc(c23)CN(C)C(=O)N3,-5.874,24,-0.24475
C1C[C@@H](O)CC[C@@H]1NC(=O)C(=O)\C=C(\[O-])NCCCc2cccc(c2)Oc3ccccc3,-5.874,32,-0.1835625
c1cccc(c12)c(N[C@H](C)C3CC3)nc(n2)C(=O)c4ccc(=O)n(C)c4,-5.873,26,-0.2258846153846154
CCCCCCC(=O)c1ccc(=O)n(C)c1,-5.873,16,-0.3670625
COc1cc(OC)c(cc1C)[C@H]2CCN(C2)CC[NH3+],-5.873,19,-0.30910526315789477
Clc1ccc(c(Cl)c1)OCC[NH2+]Cc2ccccc2,-5.872,19,-0.30905263157894736
n1c[nH]cc1-c(nc2N)cc(n2)N3CCOCC3,-5.87,18,-0.32611111111111113
OC[C@H](O)COP(=O)([O-])OC[C@H](OC(=O)C)COCc1ccccc1-c2ccccc2,-5.869,31,-0.18932258064516128
C[NH+]1CCN(CC1)c(cc2)cc(c23)n(Cc4ccccc4)c(n3)[C@H]5CCN(C5)CC[NH3+],-5.869,31,-0.18932258064516128
Cc1noc(C)c1-c2ccc(cc2)NCC(=O)[O-],-5.869,18,-0.32605555555555554
c1ccccc1-n(nc2C)c(C)c2/C=N/c3cccc(c3)Cn4ccc(O)c(C(=O)[O-])c4=O,-5.869,33,-0.17784848484848484
CC(=O)NCCC(=O)c1ccc(cc1Cl)C[NH2+]CCc([nH]2)nc(c23)ccc(c3)C,-5.868,29,-0.20234482758620692
Cc1n[nH]cc1C[C@H]2CC[C@H](C(=O)[O-])CC2,-5.867,16,-0.3666875
Cn1cc(NO)cc(c1=O)NC(=O)Nc2ccccc2F,-5.867,21,-0.2793809523809524
Cc1cc(C)cc(c1)Nc2cccc(n2)-c3c(C)nnn3CCN4CCN(C)C(=O)[C@H]4C,-5.867,32,-0.18334375
CCc1cccc(C)c1Nn2cccc2,-5.866,15,-0.3910666666666666
c1ccccc1[C@@H](C)Nc(cc2)cc(c23)N([C@H](C)C(=O)N3C)N4CCC[C@@H]4CO,-5.865,29,-0.20224137931034483
Clc(c1)cccc1[C@H](O)CNc(cc[nH]c2=O)c2NC3CCN(CC3)c4ccccn4,-5.865,31,-0.1891935483870968
COCCNc1cccc(n1)Oc2cc(Br)ccc2Br,-5.864,20,-0.2932
c1cc(F)ccc1C(=O)C(=O)c2ccco2,-5.864,16,-0.3665
N#CCCN(C)c(c(c12)cc(Br)cc2)nc([nH+]1)NCCc3ccncc3,-5.864,26,-0.22553846153846152
n1cccc(c12)c(n[nH]2)Cc(c(Cl)cc3)c(c34)nnn4Cc(n[nH]5)c(c56)cccn6,-5.863,30,-0.19543333333333335
O1CCc(c12)c(c(F)cc2)CC(=O)c3ccc(cc3)-c4ccccc4F,-5.863,26,-0.2255
COc1ccc(cc1)Oc2cc(ncn2)N(C)CCc3ccc(I)cc3,-5.863,26,-0.2255
CC(=O)N1[C@@H](C)C[C@@H](NC(=O)OC(C)C)c(c12)cc(cc2)S(=O)(=O)c(ccc3)c(c34)c(C)cnc4,-5.862,35,-0.1674857142857143
Cc1cc(C)c(c(C)c1)CCc2ccc[nH]2,-5.861,16,-0.3663125
Cn1c(=O)n(C)c(c12)cc(c(c2)[C@@H](CC)CO)Oc3cccc(c3)OCc4ccccc4,-5.861,32,-0.18315625
CSc1ccc(cc1)CC(C)(C)C,-5.861,13,-0.45084615384615384
Cc1cccc(c1)N2CCN(CC2)CC[NH+](C)C,-5.86,18,-0.3255555555555556
Cc1cccc(c12)n(c(n2)CCC)Cc3ccc(cc3Cl)C(=O)OC,-5.86,25,-0.23440000000000003
c1cc(C)cc(c12)c(c[nH]2)C[N@H+]3CC[C@@H](CC3)Nn4ccc(=O)c(C(=O)[O-])c4O,-5.86,29,-0.20206896551724138
CCCCC(=O)c(cc1)cc(c12)[C@@H](N(C)C(=O)N2)OCCO,-5.858,22,-0.26627272727272727
COc1cccc(c1)-c2cc(nc(n2)N)N3CCOCC3,-5.858,21,-0.27895238095238095
O[C@@H]1CC[N@H+](CC1)Cc(n[nH]2)c(c23)cccn3,-5.857,17,-0.3445294117647059
CCn1c(=O)[n-]c(=O)c(c12)[C@H](c3ccc(C)cc3)C4=C(N2)CN(C4=O)C(=O)Cc5cccc(C)c5,-5.857,35,-0.16734285714285715
O=C([O-])CCc(n1)nc(cc1C)-c2cccc(c2)N3CC=CC3=O,-5.856,24,-0.244
c1ccccc1Oc2cccc(n2)CNC3=[NH+]NCS3,-5.854,20,-0.2927
O=C([O-])c(c1)cccc1-c(o2)c(CC(=O)[O-])c(c23)ccc(c3)Cc4ccccc4F,-5.854,30,-0.19513333333333333
c1cccc(c12)c[nH+]cc2Cc(n[nH]3)c(c34)cccn4,-5.854,20,-0.2927
Cc1nn(C)c(C)c1Cc2ccc(cc2)N3CC[NH+](C)CC3,-5.854,22,-0.2660909090909091
CCOC(=O)c1csc(n1)Nc2nccs2,-5.853,16,-0.3658125
CC(=O)Nc1ccccc1Oc2nc(ncc2Cl)Nc3ccc(cc3)C/C=C(/C)CCC(=O)[O-],-5.852,34,-0.17211764705882354
O=c1n(C)cc(cc1C)-c(n2)n(c(c23)cccc3)NCC[NH2+]C/C=C/c4ccc(Br)cc4,-5.852,32,-0.182875
CCCCCCCCC(=O)Cc1nn(C)cc1-c2ccc(=O)n(C)c2,-5.851,25,-0.23404
CC(=O)NCCCc1cc(ccc1C)-c(nn(c23)c(nn3)C)cc2NC(=O)CCNC(=O)C,-5.85,33,-0.17727272727272725
c1ccccc1C(c2ccccc2)CCn3cc[nH+]c3,-5.85,20,-0.2925
n1cccc(c12)c(n[nH]2)Cn(ccc3C)c(=O)c3-c4c(C)nnn4C,-5.848,25,-0.23392
CCCNn1cc(C)c(=O)[nH]c1=O,-5.848,13,-0.44984615384615384
C1COCCN1C(=O)c(cnn2C)c2C(=O)Nc(cc3)cc(n34)nc(c4)Cc5cccc(F)c5,-5.848,34,-0.172
O=Cc1ccccc1/C=[NH+]/CCC[NH+]2CCOCC2,-5.848,19,-0.3077894736842105
s1cncc1COc2ccc(cc2C[NH3+])-c3cccc(c3)Cn4ccc(=O)c(C(=O)[O-])c4O,-5.848,33,-0.1772121212121212
n1cccc(c12)c(n[nH]2)CC(=O)[C@H](C(C)(C)C)NC(=O)c(c(c34)cccc4)nn3Cc5ccc(F)cc5,-5.847,37,-0.15802702702702703
C1C[N@H+](C)CC[C@H]1NC(=O)c(cc2OC)ccc2NCc3ccccn3,-5.847,26,-0.2248846153846154
[NH3+]CCNc1cn(C)c(=O)c(c12)cc(o2)-c3cnc[nH]3,-5.846,20,-0.2923
C[NH+]1CCN(CC1)Nc2cncs2,-5.846,13,-0.4496923076923077
c1ccccc1-c2n[nH]c(n2)NCCc3ccncc3,-5.845,20,-0.29225
O[C@@H]1CCCN(C1)/[NH+]=c(/cc2)cc(n23)[nH]c(c3)-c4ccccc4,-5.845,23,-0.25413043478260866
COc1ccc(cc1)Cc2ccc(C)cc2,-5.844,16,-0.36525
CN1CCN(CC1)c(c2)[nH]c3c(ccc(c3c24)n(C)c4O)Nc5ncccn5,-5.844,28,-0.2087142857142857
O=C([O-])C/[NH+]=C/C(=O)CCCNCC(=CC1=O)N=C([N+]1=2)C=C(N2)C3CCOCC3,-5.844,29,-0.20151724137931035
FC(F)(F)C(O)(C(F)(F)F)C(=O)C1COC1,-5.844,16,-0.36525
COc(cc1)cc(c12)[nH+]c([nH]2)CCc3cc(Cl)c[nH]c3=O,-5.844,21,-0.2782857142857143
CC(=O)N1[C@@H](C)C[C@@H](NC(=O)OC(C)C)c(c12)cc(cc2)OCc3ccccc3,-5.842,29,-0.20144827586206895
OCC[N+](C)(CCO)CCCOc(c(c1)OC)cc(c12)nc(s2)CNNCCC3CCCCC3,-5.842,34,-0.1718235294117647
CSc1ccc(cc1)S(=O)(=O)c2cccc(F)c2,-5.841,18,-0.3245
Clc1ccccc1S(=O)(=O)Cc2ccc(Cl)c(Cl)c2,-5.841,19,-0.307421052631579
COc1nc(cs1)-c2ccccc2,-5.84,13,-0.4492307692307692
CN(C)C(=O)c1cccc(c1)-c(c(c23)cc[nH]3)cn(c2=O)-c4cc(F)c(C(F)(F)F)c(F)c4,-5.84,33,-0.17696969696969697
O=C([O-])c1cc(CC)nc(c12)n(nc2C(CC)CC)CCn3ccc(=O)[nH]c3=O,-5.84,29,-0.2013793103448276
O=C([O-])C(C)(C)Oc(ccc1)c(c12)ccn2CCCc3ccc(C(=O)[O-])cc3,-5.84,28,-0.20857142857142857
CC(C)(C)Oc1cccc(F)n1,-5.839,12,-0.48658333333333337
Cc1noc(C)c1CCc2nc(oc2C)-c3ccccc3,-5.839,21,-0.27804761904761904
Cn1nc(C2CC2)cc1CCc3cnc[nH]3,-5.839,16,-0.3649375
COc(c1)c(OC)cc(c12)CN(CC2)C(=O)c(c(c34)cccc4)nn3Cc5ccc(F)cc5,-5.838,33,-0.1769090909090909
c1ccccc1CN[NH2+]C2CCCCCC2,-5.838,16,-0.364875
O=C([O-])c1ccccc1Cc2ccc([N+](=O)[O-])cc2,-5.838,19,-0.30726315789473685
CC(C)CCc1csc(C(F)(F)F)c1,-5.837,14,-0.4169285714285714
n1[nH]ccc1-c(cc2)cc(c23)[C@@H](C[C@H](C)N3C(=O)C)[NH2+]Cc4cc(C)ccc4C,-5.837,29,-0.2012758620689655
c1cccc(c12)c(N[C@H](C)C3CC3)nc(n2)Cc(c(F)cc4)c(c45)CCO5,-5.837,27,-0.21618518518518517
CC(=O)Nc1ccccc1Oc2nc(ncc2Cl)CCc3ccccc3,-5.836,26,-0.22446153846153846
Cc1cc(C)cc(c1)Oc2nccc(n2)-c3c(CC(C)C)ncn3[C@H]4CC[N@H+](C4)CCN,-5.836,32,-0.182375
NC(=O)CC[NH2+]Cc1ccc(c(Cl)c1)-c(cc2)cc(c23)occ3CC(=O)[O-],-5.835,27,-0.21611111111111111
Cn(c1)ncc1-c(ncn2)c(c23)cc(c(c3)OC)OCCNc(n4)sc(c45)cccc5,-5.835,31,-0.1882258064516129
FC(F)(F)c(n1)nc(n12)nc(C)cc2N3CCS[C@@H](CC3)c4cccs4,-5.834,26,-0.22438461538461538
O=C([O-])Cc(co1)c(c12)ccc(c2)NC3C=C3,-5.833,17,-0.3431176470588235
CC(C)Cc1nc(cs1)-c2ccc(cc2Cl)C[NH2+]CCCNS(=O)(=O)C,-5.833,26,-0.22434615384615386
Cc1ccccc1CC(=O)c2ccc(B(O)O)cc2,-5.832,19,-0.30694736842105264
Nc([nH+]1)cc(C)c(c12)ccc(c2)-c3ccc(c(c3)C[NH3+])Cc4cccnc4,-5.832,27,-0.216
Brc1ccc(Br)c(c1)N2CC[NH+](CC2)C3COC3,-5.831,18,-0.3239444444444445
Cn(c1)c(=O)ccc1-c(cn2C)c(n2)COc3ccc(cc3)-c4ccncc4,-5.831,28,-0.20825000000000002
Cn1nc(C2CC2)cc1-c(nc(=O)[nH]3)c(c34)cccc4,-5.83,20,-0.2915
CCCCC[C@H](CC[C@@]1(C)O)c(c12)nnn2Cc3ccc(OC)cc3,-5.828,25,-0.23312000000000002
CC(C)S(=O)(=O)c(cc1)cc(c12)[C@@](O)(CC2)c3ccccc3,-5.827,22,-0.26486363636363636
COC(=O)CC(=O)NCCC[NH2+]CCOc(cc1)c(c2c13)ccc4c2c(cc3)ccc4,-5.827,31,-0.18796774193548388
CCc(nn1)n(c12)nc(cc2)N3CC[NH2+]CC3,-5.827,17,-0.3427647058823529
CNc1cc([nH+]c(n1)N)N2CCN(CC2)c(cnc3)c(c34)cccc4,-5.826,25,-0.23304
c1ccccc1[C@H](C)NC2=[NH+]NCS2,-5.826,14,-0.4161428571428571
CCc1ccccc1-c2ccc(cc2C)C[NH2+]CCCNC(=O)c3ccc(=O)n(C)c3,-5.825,31,-0.1879032258064516
n1ccccc1COc(ccc2C(=O)NCC)c(c2)-c3ncn(n3)C[C@H]4CC[C@H](C(=O)[O-])CC4,-5.824,34,-0.17129411764705882
C[C@@H](O)c1ccc(cc1)Cc2cs/c([nH]2)=N/N=C/c3ccccc3C=O,-5.824,26,-0.224
O=c1ccc(cn1C)C(=O)c(cc2)c(C(F)F)c(c23)[C@@H](O)C(F)(F)S3(=O)=O,-5.824,27,-0.2157037037037037
N#CCN[C@H]1CC[C@H](O)CC1,-5.823,11,-0.5293636363636364
CCOC(=O)c1csc(n1)N2CCN(CC2)c3cccc(F)c3,-5.823,23,-0.2531739130434783
C=CC1=C(C)[C@@H](NC1=O)n2ccc(=O)[nH]c2=O,-5.823,17,-0.3425294117647059
O=C([O-])Cn(cc1)c(c12)ccc(c2)Cc(n[nH]3)c(c34)cccn4,-5.822,23,-0.2531304347826087
O=C1CC=CN1C(=O)C(=O)/C=C(\[O-])NCCCc2cccc(c2)Oc3ccccc3,-5.822,30,-0.19406666666666667
N#Cc1ccc(cc1C)Oc2ccc(cc2)C/C([O-])=C3\CCC(=O)NC3=O,-5.822,27,-0.21562962962962964
Cc1[nH]ncc1NC2CCOCC2,-5.821,13,-0.44776923076923075
C1CC1C[NH2+]CCCCNC(=O)COc(ccc2)c(c23)C(=O)N(C3=O)[C@H]4CCC(=O)NC4=O,-5.821,33,-0.17639393939393938
O=c1[nH]cc(Cl)cc1C(=O)CCC2c(ccc(c3)O)c3Oc(c24)cc(O)cc4,-5.82,28,-0.20785714285714288
N#Cc1cccc(c12)n(c(n2)C)C(=O)c3ccc(c(c3)-c4cn(C)nn4)OCc5ccccn5,-5.819,34,-0.1711470588235294
Fc1ccccc1Cc2ccc(cc2Cl)-c3ncon3,-5.819,20,-0.29095
CC(C)Cc1nc(cs1)-c(nc(=O)[nH]2)c(c23)cccc3,-5.819,20,-0.29095
Nc1ccccc1C(=O)C[C@H](N)C(=O)Cc(cc2)[nH+]c(c23)cccc3,-5.818,25,-0.23271999999999998
O=C([O-])CCCc(c[nH+]c1)c(c12)cccc2,-5.818,16,-0.363625
O=C([O-])c1c(=O)ccn(c1O)CCO,-5.817,14,-0.41550000000000004
Cc1ccc(cc1C)Nc2nccc(n2)Nc3c(CC(C)C)nn(C)c3C,-5.817,27,-0.21544444444444444
O=c1n(C)cc(cc1C)-c(n2)n(c(c23)cccc3)CCc4ccc(cn4)[C@H](C)O,-5.817,29,-0.20058620689655174
N#Cc1c(=O)[n-]c(cc1[S@](=O)C)NCc2ccccn2,-5.816,20,-0.2908
c1ccccc1C(=O)/C=C(\O)c(cn2)cc(c23)cccc3,-5.816,21,-0.27695238095238095
Nc1nc(SC)nc(c12)n(cn2)S(=O)(=O)c3c(F)cccc3F,-5.816,23,-0.2528695652173913
c1ccccc1NC(=O)c2ccc(cc2)C(=O)OCc3ccccc3,-5.816,25,-0.23263999999999999
c1cccc(c12)c(c[nH]2)C[C@H]([NH3+])C(=O)NC3CCN(CC3)CCc4c[nH+]c[nH]4,-5.815,28,-0.20767857142857143
COc1cccc(c1)CC(=[NH2+])Nc(cc2)c3[nH]c(cc(c3c24)c(O)n4C)N5CC[NH+](C)CC5,-5.815,33,-0.17621212121212124
COc1ccc(c(C)c1)Nc2noc(n2)C3CCN(CC3)C(=O)OC(C)(C)C,-5.814,28,-0.20764285714285716
CO[C@@H](C)Cc1ccccc1C(=O)c2ccccc2,-5.813,19,-0.30594736842105263
FC(F)(C1)[C@@H](O)c(c12)c(S(=O)(=O)C)sc2-c3ccc(cc3)C(=O)NCCC(F)(F)F,-5.812,30,-0.19373333333333334
CN(C)C(=O)c1cccc(c1)-c(c(c23)cc[nH]3)cn(c2=O)Nc4ccc(N)cc4,-5.811,29,-0.2003793103448276
CC(C)C[C@H]1O[C@H]([C@H](O)[C@@H]1O)n(cn2)c(c23)ncnc3N,-5.811,21,-0.2767142857142857
Cc1ccc(cc1C)N2CCC[C@H](O)C2,-5.81,15,-0.3873333333333333
c1ccc(OC)c(c12)nc([nH]2)CC[NH2+]Cc3ccc(c(Cl)c3)[C@H]4C[C@@H](C#N)C4,-5.81,28,-0.2075
CC(C)(O)C[N@@H+]1CCC[C@H](N)C1,-5.81,12,-0.48416666666666663
O=c1[nH]ccn(c12)c(cc2C)C(=O)[C@H](CCSC)NC(=O)[C@H]3CC[C@@H](C)CC3,-5.81,28,-0.2075
Cc1ccccc1CC(=O)S(=O)(=O)c2c(C)noc2C,-5.809,20,-0.29045
Cc1nn(C)c(C)c1Cc2ccc(s2)C(=O)NC3CC3,-5.809,20,-0.29045
O=P([O-])([O-])OP(=O)([O-])SCCCCc(n1)[nH]c(c12)ccc(Cl)c2,-5.808,23,-0.2525217391304348
OCCCn1ccc(c12)cc(cc2)C(=O)NCc3ccc(cc3C(F)(F)F)NS(=O)(=O)C4CC4,-5.808,34,-0.1708235294117647
c1cccc(c12)c(N[C@H](C)C3CC3)nc(n2)-c4cc(F)cc(F)c4,-5.808,24,-0.242
CC(=O)NCCC[NH2+]Cc1ccc(c(Cl)c1)CC(=O)N,-5.808,20,-0.2904
CCN(C1=O)c2ccc(c(c2c13)ccc3)C(=O)COc4cccc(F)c4,-5.808,26,-0.22338461538461538
C[NH+]1CCN(CC1)c(cc2)cc(c23)n(Cc4ccccc4)c(n3)Nc5ccncc5,-5.808,30,-0.1936
OC[C@H]([NH3+])C(=O)Nc1ccc(cc1)-c([nH]c(=O)n2)c(c23)cccc3,-5.807,24,-0.24195833333333336
c1cc(C)cc(c12)c(c[nH]2)Cc3ccc(cc3)C[C@@H]4SC(=O)NC4=O,-5.806,25,-0.23224
CCc1c(NC)nc(N)[nH+]c1-c2ccnc(N)c2,-5.806,18,-0.32255555555555554
OCCOc1c(C)cc(cc1C)-c2ccccc2O,-5.806,19,-0.30557894736842106
n1c[n-]c(=O)c(c12)[nH+]cn2CC3CCOCC3,-5.806,17,-0.34152941176470586
o1nc(C)c(c12)cc(c(c2)OC)-n3cnc(n3)-c4cc(C)nc(c4)C(=O)NCc5ccc(F)cc5,-5.805,35,-0.16585714285714284
Cc1ccc(cc1)OCCn(c(c23)cccc3)c(n2)SCCC(=O)c4c[nH]nc4C,-5.803,30,-0.19343333333333332
CC[C@@H]([C@H](C)O)[C@H](C)[C@H]1CC[C@H](C)CC1,-5.803,15,-0.38686666666666664
CN1C(=O)[C@@H](C)N(C2CC2)c(c13)cc(cc3)C(=O)Cc4ccccc4,-5.802,25,-0.23207999999999998
Cc1ccc(c(C)c1)Nn(c2=O)c3sc(CCCC4)c4c3c(n25)ncn5,-5.801,26,-0.22311538461538463
Cc([nH+]1)c(C)n(c12)c(C)c(cc2)CCc3nc(cn3C)Nc4ccncc4,-5.8,27,-0.21481481481481482
c1cc(Cl)ccc1C(=O)c(cc2-c(nn3)cn3C)ccc2OCc4ccccn4,-5.8,29,-0.19999999999999998
COc1ccc(Br)cc1S(=O)(=O)c2cc(F)ccc2F,-5.8,20,-0.29
OCCS(=O)(=O)c1ccc(cc1)N[C@@H](Cn2cc[nH+]c2)c3ccccc3,-5.8,26,-0.22307692307692306
C1CCCC1NC(=O)c2ccc(cc2)-c3ncccn3,-5.799,20,-0.28995000000000004
[NH3+][C@H]1CCC/[N+](C1)=C(\N2)CSc(c23)cccc3,-5.799,17,-0.3411176470588235
C=CC1=C(C)[C@@H](NC1=O)c(c2)c(OC)cc(c23)NC(=O)C(O3)(C)C,-5.797,24,-0.24154166666666665
Cc1ccc(CC=O)cc1,-5.797,10,-0.5797
Cc1cc(OC)cc(c12)c(c3c(n2)[nH]nc3C)Cc4ccc(=O)n(C)c4,-5.797,26,-0.22296153846153846
Cc1nn(C)c(C)c1N[C@H]2CCOC2,-5.796,14,-0.41400000000000003
CCCCCCc([nH]1)c(c(c12)cc(cc2)OC)CCNC(=O)C,-5.796,23,-0.252
C[NH2+]Cc1ccccc1N[C@@H](C(=O)[O-])Cc(c[nH]2)c(c23)cccc3,-5.794,24,-0.24141666666666664
OCCOc1c(C)cc(cc1C)Nc2cccc(Cl)c2Cl,-5.794,21,-0.2759047619047619
CCOc1ccc(C(=O)C)cc1CCCNC(=O)CC(=O)OC,-5.794,23,-0.2519130434782609
COc1cccc(c1)CC(=[NH2+])NCCc2nc(oc2C)-c3ccccc3,-5.794,26,-0.22284615384615383
COc1cccc(c1)CC(=[NH2+])NCc2cc(O)cc(O)c2,-5.792,21,-0.2758095238095238
N1CCCC[C@@H]1[N@@H+](C)CCCCNC(=O)CCCC[C@@H]2CCSS2,-5.791,24,-0.24129166666666668
O=C([O-])[C@H](C)[C@H](C)c1noc(=O)[nH]1,-5.79,13,-0.4453846153846154
CCOc1ccc(C(=O)C)cc1-c2cc(cc(c2)-c3ccn(n3)C)NCCc4[nH+]cc[nH]4,-5.79,32,-0.1809375
c1cncc(c12)c([O-])c(C#N)c(n2)NCCC(F)(F)F,-5.789,20,-0.28945
Cn1cc[nH+]c1C(=O)c(o2)c(C)c(c23)c(ccc3)OCCCNc(cc4)cc(c45)OC(C)(C)C(=O)N5,-5.789,36,-0.16080555555555553
Cc1nnn(C)c1-c(c2)c(F)cc(c23)c4c(cc(cn4)C(C)(C)O)n3-c(cc5)cc(c5=6)=NC(=O)N6,-5.789,35,-0.1654
O=c1[nH]c(=O)n(cc1C)[C@@H]2CC[N@H+](CC2)CCc(c[nH]3)c(c34)cccc4,-5.787,26,-0.22257692307692306
Cn1c(C#N)ccc1COCCO,-5.784,13,-0.4449230769230769
O=C([O-])[C@@H](C)C(=O)Cc1ccc(F)cc1,-5.784,15,-0.3856
COCCOCCOCCOc(c1)c(OC)cc(c12)CC[N@@H+](C2)CCc3ccc(cc3)CCO,-5.783,34,-0.17008823529411765
FC(F)(F)C(=O)NCC[NH2+]C/C=C/c1ccc(Br)cc1,-5.783,20,-0.28915
Cc1noc(C)c1-c2ccc(cc2)C(=O)c3ccccc3[N+](=O)[O-],-5.781,24,-0.24087499999999998
Clc(c1)c(F)ccc1S(=O)(=O)c2ccccc2,-5.781,17,-0.34005882352941175
c1cc(Br)ccc1[C@@H](C)Nc2ccc(cc2)CC(=O)N3CCOCC3,-5.781,25,-0.23124
O=C([O-])[C@H](C)S(=O)(=O)c1cccs1,-5.78,13,-0.44461538461538463
O=C1CCCN1c2cccc(c2)-c3ccsc3,-5.78,17,-0.34
n1cc[nH]c1CCC2CC[NH2+]CC2,-5.78,13,-0.44461538461538463
o1nc(C)c(c12)cc(c(c2)NC)NN3C[C@H](O)C[C@H]3C(=O)NCc4ccc(cc4)[C@@H]5C(C)=NCS5,-5.779,35,-0.1651142857142857
CC(O1)(C)C(=O)Nc(c12)cc(OC)c(c2)[C@@H](CC)c3cccc(n3)C4CC4,-5.778,27,-0.214
Clc(c1)cncc1S(=O)(=O)c2ccc(F)cc2Cl,-5.778,18,-0.32099999999999995
c1ccccc1S(=O)(=O)[C@H](C)c2cccc(c2)-c3cn[nH]c3,-5.777,22,-0.2625909090909091
CCOC(=O)c1cnn(C)c1C(=O)c2ccc(cc2)C[C@H]3SC(=O)[N-]C3=O,-5.777,27,-0.21396296296296297
COC1=C(OC)C(=O)C(=C(C)C1=O)C/C=C(/C)CCCc2[nH+]cc[nH]2,-5.777,25,-0.23108
CC(=O)NCCC(=O)Nc(c(n12)nnc2C)cc(n1)-c3ccc(C)c(c3)Nc4ccccc4N,-5.776,34,-0.16988235294117646
n1cn(C(C)C)c(c12)nc(N[C@H](C(C)C)CO)nc2-c3ccc(cc3)NS(=O)(=O)C,-5.776,30,-0.19253333333333333
C1C[NH2+]CCC1n(nnc2C)c2-c3ccc(c(c3)C[NH3+])OCc4cccnc4,-5.775,28,-0.20625000000000002
CCCn(c1[O-])c(=O)n(CCC)c(c12)nc(n2)C(=O)[C@@H](N)[C@@H](C)CC,-5.775,25,-0.231
c1ccccc1Oc2cccc(c2)Cc(c[nH+]3)n(c34)CCC4,-5.775,22,-0.2625
C[C@@H](O)COCC(CO)(COC[C@@H](C)O)Cc1ccc(F)cc1F,-5.774,24,-0.24058333333333334
N#Cc1ccc(cc1C)Oc2ccc(cc2)CC(=O)c3c(C)nnn3C4CCN(CC4)CC[NH+](C)C,-5.774,36,-0.1603888888888889
Cc1cccc(c1C)Oc2nccc(n2)CCc([nH]3)nc(c34)c([N+](=O)[O-])ccc4,-5.773,29,-0.19906896551724138
CCOc1ccccc1C(=O)Cc2ccccc2,-5.773,18,-0.3207222222222222
Cn1cc(Cl)cc(c1=O)NCCCCc2ccccc2,-5.772,20,-0.2886
O=C([O-])CCC(=O)NCCc1cccs1,-5.772,15,-0.38480000000000003
ONc(c1)ccc(c12)N(C)C(=O)C(C)(C)N2C3CC3,-5.77,19,-0.3036842105263158
[nH+]1c[nH]cc1-c(o2)cc(c23)c(=O)n(C)cc3[C@H](CCCO)C4=CCCC=C4,-5.769,27,-0.21366666666666667
CCCCCCC(=O)OC[C@H](COP(=O)([O-])OCC[NH3+])OC1CC[NH2+]CC1,-5.769,27,-0.21366666666666667
C1C[NH2+]CCN1C(=O)[C@@H](C2)Oc(c23)c(cc(Cl)c3)-c4c[nH+]c([nH]4)C5CCC5,-5.769,27,-0.21366666666666667
Cc1nc([N+](=O)[O-])cn1CCC(C)C,-5.769,14,-0.4120714285714286
Cc1nc(cs1)[C@@H](C)c2ccccc2,-5.769,14,-0.4120714285714286
COc1cc(=O)n(C)nc1-c2ccccc2CCc(c[nH]3)c(c34)cccc4,-5.769,27,-0.21366666666666667
O=C1NC(=O)[C@H](S1)Cc2ccc(cc2)C(=O)c3ccc(Cl)cc3,-5.769,23,-0.25082608695652175
Cc1nn(C)c(C)c1CN2CC[NH+](C)CC2,-5.769,16,-0.3605625
C1COCC[NH+]1CCCC(=O)[C@H](C(C)(C)C)NC(=O)c(c(c23)cccc3)nn2Cc4ccc(F)cc4,-5.768,36,-0.1602222222222222
C[NH+](C)CCN(CC1)CCC1n(nnc2C)c2-c3cccc(n3)-c4cc(Cl)ccc4O,-5.768,31,-0.18606451612903224
C1CCCC1n(c(c2)C(=O)N(C)C)c(c23)nc(nc3)Nc4ccc(cc4)C5C=C5,-5.768,29,-0.19889655172413792
COC(=O)CC(=O)c(cn(C)c1=O)c(c12)oc(c2)-c3c[nH+]c([nH]3)C4CCC4,-5.767,27,-0.2135925925925926
O=Cc1ccccc1/C=[NH+]/CCCN2CCOCC2,-5.766,19,-0.30347368421052634
O=c1n(C)ncc(c1C)NCc2ccccc2-c3ccc(C(=O)[O-])c(Cl)c3,-5.766,27,-0.21355555555555555
C1CCCCC1([NH3+])CNCc2cc(O)cc(O)c2,-5.766,18,-0.32033333333333336
CC(=O)N[C@H]1CCN(C1)c2ccc(cc2F)C3=NO[C@@H](C3)CCc4ccco4,-5.765,28,-0.20589285714285713
C[NH+](C)C1CCN(CC1)c2ccc(cc2Cl)C[NH2+]CCc3ccc[nH]3,-5.765,25,-0.2306
O=[N+]([O-])c1ccccc1C(=O)c2ccccc2OCCO,-5.764,21,-0.2744761904761905
c1cc(F)ccc1CC(=O)c2ccc(cc2OC)C[NH2+]CCc(n3)[nH]c(c34)cccc4,-5.764,31,-0.18593548387096775
O=P([O-])([O-])OP(=O)([O-])SC/C=C(\C)CCCN(C)c1ccc(C)cc1,-5.764,25,-0.23056000000000001
CCc(no1)c(c12)cc(c(c2)OC)Nc3ccc(cc3)C[C@H]4SC(=O)NC4=O,-5.763,28,-0.20582142857142857
c1nccn1C[C@@H](N(C=CC2)C=C2C(=O)N)c3ccc(Cl)cc3Cl,-5.761,24,-0.24004166666666668
O=C1CN(CCN1)C(=O)c2ccc(C(F)(F)F)c(F)c2,-5.759,20,-0.28795000000000004
c1cccc(c12)c(c[nH]2)C[C@H](N)C(=O)C(=O)c(c3)oc(c34)cccc4,-5.759,25,-0.23036
C[N@H+]1CC[C@@H](CC1)[NH2+]C[C@H](O)CO,-5.758,13,-0.4429230769230769
[nH]1nccc1-c2ccc(cc2Cl)C[NH2+]CCc3c[nH]cn3,-5.758,21,-0.2741904761904762
O=c([n-]1)onc1[C@@H](C)C2CCCCC2,-5.758,14,-0.4112857142857143
Cn1cc[nH+]c1C(=O)c(o2)c(C)c(c23)c(ccc3)-c4ccccc4O,-5.758,25,-0.23032
Cc1cccc(c1)CC(=O)c2ccc(cc2C[NH3+])-c(cc3)cc(c34)[nH+]c(N)cc4C,-5.758,30,-0.19193333333333334
C[NH2+]Cc1ccc(cc1)-n(c2=O)c(=O)n(C)c(c23)ccc(c3)C(=O)C4=C([O-])CCCC4=O,-5.758,32,-0.1799375
Cc1nn([C@H](C)C(=O)[O-])c(C)c1/C=N/N2CC[NH+](CC2)Cc3ccccc3,-5.757,27,-0.2132222222222222
[nH+]1ccccc1N(C)CCc(cc2)c(C(F)F)c(c23)[C@@H](O)C(F)(F)S3(=O)=O,-5.757,27,-0.2132222222222222
CCN(C(=O)C1)c(c12)ccc(c2)NN3CCN(C)C(=O)[C@H]3C,-5.756,22,-0.26163636363636367
Fc1ccc(c(F)c1)NNc2cncs2,-5.756,15,-0.38373333333333337
CO/C([O-])=C/C(=O)S(=O)(=O)c1c(C)nn(C)c1Cl,-5.756,18,-0.31977777777777777
Fc1ccc(F)cc1-c2n(nnc2C)C3CCN(CC3)CC[NH+](C)C,-5.755,25,-0.2302
COc1ccc(cc1)Oc2cc(ncn2)Cc3ccccn3,-5.755,22,-0.2615909090909091
c1ccccc1COC(=O)C(=O)c2ccc(cc2)-c3ccco3,-5.755,23,-0.25021739130434784
CC1=NCS[C@@H]1c2ccc(cc2)C[NH2+]Cc3ccco3,-5.755,20,-0.28775
CSc1ccc(cc1)C(=O)c2ccc(cc2Cl)C[NH2+]CCCO,-5.754,23,-0.25017391304347825
[NH3+]CCNc1c[nH]cn1,-5.754,9,-0.6393333333333333
CCOC(=O)Cc1nc(cs1)-c2ccc(cc2)C(=O)c3cc(CO)ccc3F,-5.753,28,-0.2054642857142857
c1ccccc1[C@@H](C)[NH2+][C@@H](Cn2ccnc2)c3ccccc3,-5.753,22,-0.2615
c1cc(C)cc(c12)c(c[nH]2)CS(=O)(=O)c3c(F)cccc3F,-5.753,22,-0.2615
C[NH2+]C[C@@H](O)CCc1cncs1,-5.752,12,-0.47933333333333333
Ic(n1)nc(N)c(c12)ncn2-c3ccccc3Oc4ccccc4,-5.751,24,-0.239625
C/C=C/Cc1ccc(C(F)(F)F)cc1[N+](=O)[O-],-5.751,17,-0.33829411764705886
n1ccccc1N2CCC(CC2)Nc(cnc3)c(c34)cccc4,-5.75,23,-0.25
OCCOc1ccccc1N2CCN(CC2)Nc3cc(Cl)cc(Cl)c3,-5.75,25,-0.23
Cc(n1)c(C)n(c12)nc(cc2)-c(c(c34)cc(Br)cc4)nc(n3)N(C)CCC[NH+](C)C,-5.75,30,-0.19166666666666668
O=C1[N-]C(=O)[C@@H](S1)Cc2ccc(cc2)OCCNc3ccccc3Cc4ccccc4,-5.75,31,-0.18548387096774194
o1c(N)nc(c12)cc(C)cc2Nc3cccc(c3)-c4csc(=O)[nH]4,-5.747,24,-0.23945833333333333
o1cccc1CNC(=S)NCCOc2ccc(Cl)cc2Cl,-5.747,21,-0.27366666666666667
O=c([n-]1)[nH]c(=O)cc1C(=O)N2CC[NH+](CC2)Cc(c3)oc(c34)cccc4,-5.747,26,-0.22103846153846154
Cc1noc(C)c1-c2ccc(cc2)-c3ccc(C[NH3+])cc3,-5.746,21,-0.27361904761904765
C[C@H]1COCCN1c2ccc(S(=O)(=O)N)cc2,-5.746,17,-0.338
O=C(C1)NC[C@@H]1[C@@H](C)Oc(c(c23)cccn3)cc(c2)-c4ccc(F)c(F)c4F,-5.746,28,-0.20521428571428574
C[C@H](O)c1ccc(nc1)CCC(F)(F)F,-5.746,15,-0.3830666666666667
C[C@@H](O)c1ccc(cc1)CN2CCCOC2=O,-5.745,17,-0.33794117647058824
[nH+]1cn(C)c(c12)cccc2CCCC[NH3+],-5.745,15,-0.383
CC(C)(C)OC(=O)[C@H](CC)c(nc(n1)C)c(c12)cc(c(c2)OC)O[C@H]3CCOC3,-5.745,29,-0.19810344827586207
n1nc(C)n(c12)cc(cc2)-c(n3)n(C)c(c34)c(=O)n(c(=O)n4C)Cc(c5)[nH]c(c56)cccc6Cl,-5.744,34,-0.16894117647058823
CCOC(=O)Cc1nc(cs1)-c2cc(Cl)ccc2O,-5.744,19,-0.3023157894736842
FC(F)(F)C(=O)NC1CCCC1,-5.743,12,-0.47858333333333336
CO[C@H](C(=O)[O-])Cc(c(c12)scc2)ccc1OCCc3nc(CC(C)C)oc3C,-5.743,29,-0.1980344827586207
Cc1nc([N+](=O)[O-])cn1[C@@H]2CC[N@H+](C2)CCN(C)C,-5.742,19,-0.3022105263157895
CN1CC[NH+](CC1)C2CCN(CC2)NCCCCc3ccccc3,-5.742,24,-0.23925
COc1cccc(c1)CC(=[NH2+])NC(=O)c2cc(Cl)ccc2C(=O)CCC(=O)[O-],-5.741,28,-0.20503571428571427
CC(C)Cn1ncc(Cl)c1C(=O)Nc(cc2)cc(c23)[nH]c(n3)C[C@H](O)CO,-5.741,27,-0.2126296296296296
C[NH+](C)CCN1CCC(CC1)c2cccc(c2)NS(=O)(=O)c3cccs3,-5.741,26,-0.2208076923076923
Cc1ccccc1C[C@@H](CO)C(C)C,-5.74,14,-0.41000000000000003
CC(C)NC(=O)c1c(Cl)cc(cc1Cl)C[NH2+]CCc(n2)[nH]c(c23)cccc3,-5.739,27,-0.21255555555555555
c1cccc(c12)nc(s2)CCc3c[nH+]c[nH]3,-5.739,16,-0.3586875
FC(F)(F)C([O-])(C(F)(F)F)C(=O)NCc1ccc(F)cc1,-5.739,21,-0.2732857142857143
O=c1[nH]cc(Cl)cc1N2CCN(CC2)c3ccccc3OCCO,-5.738,24,-0.23908333333333334
CCNC(=O)c(c1)[nH]c(c12)c(=O)n(C)cc2-c3cc(C(C)(C)O)ccc3-c4ccno4,-5.737,31,-0.18506451612903227
c1cccc(c12)c(c[nH]2)C[C@H]([NH3+])C(=O)C(=O)c(c3)oc(c34)cccc4,-5.737,25,-0.22948000000000002
FC(F)(C1)[C@@H](O)c(c12)c(S(=O)(=O)C)ccc2Cc(n[nH]3)c(c34)cccn4,-5.734,26,-0.22053846153846154
CCc1c(C)nc(N)nc1-c2ccc(Cl)cc2Cl,-5.733,18,-0.3185
NC(=[NH2+])C(=O)c1cccc(c1)S(=O)(=O)N(CC2)Cc(c23)cccc3,-5.733,24,-0.23887499999999998
Cc1noc(C)c1-c(cc(c23)nccc3)cc2CC#C[Si](C)(C)C,-5.733,24,-0.23887499999999998
COc1ccccc1Oc2nccc(n2)NCCC3CCCCC3,-5.732,24,-0.23883333333333334
o1nc(C)c(c12)cc(c(c2)OC)NN3CCC(=O)CC3,-5.732,20,-0.2866
c1cnccc1NC(=O)[C@H](C(C)C)NC(=O)c2nccn2Cc3ccccc3,-5.731,28,-0.20467857142857143
CC(=O)Nc1ccccc1-n2nc(C)c(c2C)/C=N/N3CC[NH+](CC3)Cc4ccccc4,-5.731,32,-0.17909375
FC(F)(F)c(c1)cccc1[C@@H](C)n(c(=O)n(c2=O)CCC)c(c23)nc([nH]3)C4CCCCC4,-5.731,32,-0.17909375
c1cc(C)cc(c12)[nH]c(n2)CCc3c[nH+]c([nH]3)C4CCCC4,-5.731,22,-0.2605
n1ccn(c12)c(=O)n(cc2)-c3csc(C(F)(F)F)c3,-5.73,19,-0.30157894736842106
Cc1ccc(cc1)[C@H](C)Nc(cc2)cc(c23)N([C@H](C)C(=O)N3C)N[C@H]4[C@@H]([C@@H]45)COC5,-5.73,30,-0.191
O=C([O-])c1ccc(cc1Cl)-c([nH]c(=O)n2)c(c23)cccc3,-5.73,21,-0.27285714285714285
COC[C@H](C)S(=O)(=O)c1cccs1,-5.729,13,-0.4406923076923077
O=C([O-])CCC(\C)=C/Cn1ccc(=O)c(C(=O)[O-])c1O,-5.729,20,-0.28645
n1cccc(c12)c(n[nH]2)C[NH+]3CCCCC3,-5.727,16,-0.3579375
COCCCNC(=O)c(cc1)nc(c12)cccc2,-5.727,18,-0.3181666666666667
COc1ccc(cc1)Oc2cc(ncn2)-c3n[nH]cc3-c4ccncc4,-5.727,26,-0.22026923076923077
c1ccccc1C(C2C=C2)c3ccccc3,-5.727,16,-0.3579375
O=C1NC(=O)[C@@H](S1)Cc2ccc(cc2)[C@@H](C(=O)[O-])Cc(c[nH]3)c(c34)cccc4,-5.726,28,-0.2045
O=C([O-])c1c(=O)ccn(c1O)NCCOc2ccc(Cl)cc2Cl,-5.726,23,-0.24895652173913044
O=c1ccc(cn1C)C(=O)c2ccc(cc2)C(=O)Nc3ccccc3,-5.726,25,-0.22904
C1CC1NC(=O)CCS(=O)(=O)c2ccccc2,-5.726,17,-0.3368235294117647
CC(=O)NCCCc1ccc(cc1Cl)C[NH2+]CCCC[NH3+],-5.726,21,-0.27266666666666667
c1cccc(c12)c(ccc2Cl)Nc(cc3C)cc(C)c3S(=O)(=O)NCC(=O)[O-],-5.725,28,-0.2044642857142857
C1CCn(c12)c(c[nH+]2)N[C@H](C)c3ccc(cc3)-c4cc(F)cnc4Cl,-5.724,25,-0.22896
n1cccc(c12)c(n[nH]2)Cn(ccc3C)c(=O)c3Cc4ccc(Cl)c(Cl)c4,-5.724,27,-0.212
n1ccccc1CC(=O)c2ccc(cc2)-c3ccco3,-5.724,20,-0.2862
CN1C(=O)[C@@H](C)N(C2CC2)c(c13)cc(cc3)C(=O)c4ccc(cc4)C[NH+]5CCCCC5,-5.724,31,-0.18464516129032257
O=C([O-])Cn(cc1)c(c12)ccc(c2)OCCCC(=O)Cc(c[nH+]c3)c(c34)c(O)ccc4,-5.723,31,-0.18461290322580645
COc1ccc(cc1OC)-c(ccn2)c(c23)cc(c(c3)C(=O)N)OC(C)C,-5.723,27,-0.21196296296296296
COc(nn1)n(c12)nc(cc2)NCCCc3cccc(c3)Oc4ccccc4,-5.721,28,-0.20432142857142857
c1ccccc1Nn2c(=O)n(ncn3)c3c(c24)c5c(s4)C[N@H+](CC5)CC6CCOCC6,-5.721,31,-0.1845483870967742
CCNC(=O)c(c1)[nH]c(c12)c(=O)n(C)cc2-c3cc(S(=O)(=O)CC)ccc3CCC(=O)NC4CC4,-5.72,35,-0.16342857142857142
CNc1nc(N)[nH+]c(c1CC)CCNC(=O)CCCC[C@@H]2CCSS2,-5.719,25,-0.22876000000000002
CC[C@@H](C(=O)[O-])Cc1ccc(cc1)C(=O)c2cc(ncn2)Oc3ccc(OC)cc3,-5.719,30,-0.19063333333333335
c1ccccc1C[C@@H](NC(=O)[C@H](O)[C@H](C)[NH3+])CCc(cc(n2)N)c(c23)ccc(Br)c3[O-],-5.718,31,-0.18445161290322581
C[C@H]1C[NH2+]CCCN1[C@@H]2O[C@@H]([C@@H](O)[C@H]2O)C[S+](C)CC[C@H]([NH3+])C(=O)[O-],-5.717,25,-0.22868
CC(C)CNc1ccccc1F,-5.717,12,-0.47641666666666665
c1nc[nH]c1CC2CCOCC2,-5.715,12,-0.47625
Cc1nnc(n12)c(NC)nc(c2)-c3cccc(c3)Cn4ccc(O)c(C(=O)[O-])c4=O,-5.714,30,-0.19046666666666667
Cc1cc(C)cc(c1)Oc2nccc(n2)[C@@H](C)C(=O)[O-],-5.714,20,-0.2857
CC[C@](C)(C(=O)[O-])C[C@H]1CCCO1,-5.714,13,-0.43953846153846154
[NH2+]1CCCC[C@@H]1N(C)CCc2ccc(C#N)cc2,-5.713,18,-0.3173888888888889
c1cccc(c12)c(on2)C(=O)c(c3)c(ccc3C(=O)NCC)OCc4ccccn4,-5.713,30,-0.19043333333333334
c1nccc(c12)c(C(=O)[O-])c(C)c(n2)CCC[NH+](C)C,-5.713,20,-0.28565
OCCNC(=O)[C@H]1O[C@H]([C@H](O)[C@@H]1O)Cc2ccc(cc2)OCCO,-5.713,24,-0.23804166666666668
CNc1cc(nc(N)[nH+]1)-c2ccc(N)nc2,-5.713,16,-0.3570625
C1CCCCN1c2cn(C)c(=O)c(c23)cc(o3)-c4c[nH+]c([nH]4)C5CCC5,-5.712,26,-0.2196923076923077
COc1ccc(cc1)Cn2nnc(n2)CC(=O)c3ccc(SC)cc3,-5.712,25,-0.22848
Nc1nc(SC)nc(c12)n(cn2)-c3cc(ccc3Cl)OCc(n[nH]4)c(c45)cccn5,-5.711,30,-0.19036666666666668
c1cccc(c12)c(c[nH]2)CCC(=O)c(n3)cc(cc3C)-c4ncn(n4)C[C@H]5CC[C@H](C(=O)[O-])CC5,-5.711,35,-0.16317142857142858
c1ccccc1[C@H](C)c2cnn(c2)CC(C)(C)O,-5.71,18,-0.31722222222222224
COc1ccccc1Oc2nccc(n2)-n(c(=O)c(c34)[nH]cc4)cc3-c5cccc(c5)C(=O)N(C)C,-5.71,36,-0.15861111111111112
CCc1ccccc1-c(ncc2)c(n23)nc(C)c3-c4cnn(c4)C[C@H](C)OC,-5.71,28,-0.20392857142857143
CC[C@H](CO)c1ccc(S(=O)(=O)C)cc1Nc2ncccn2,-5.709,22,-0.2595
CC(=O)N1CCC(CC1)CNc2ccc(cc2)C[C@@H]3SC(=O)[N-]C3=O,-5.709,25,-0.22835999999999998
C[NH+](C)CCN1CCN(CC1)c2cc(F)cc(Cl)c2,-5.707,19,-0.30036842105263156
N#CCCN(C)c(c(c12)cc(Br)cc2)nc([nH+]1)N[C@@H](C(=O)[O-])Cc(c[nH]3)c(c34)cccc4,-5.707,32,-0.17834375
Cc1nn(C)c(C)c1Nc(nn2C)c(c23)cccc3,-5.706,19,-0.30031578947368426
C[C@H](O)c1ccc(nc1)CCC/C=C/[C@@H](O)CCCCCCCC(=O)[O-],-5.704,26,-0.21938461538461537
CC(C)(O)CN1CCC[C@H]([NH3+])C1,-5.704,12,-0.47533333333333333
Cc1noc(C)c1-c(cc2)cc(c23)N(C4CC4)[C@@H](C)C(=O)N3C,-5.703,23,-0.24795652173913044
O=C1CN(CCN1)CCC[NH2+]Cc2cccnc2,-5.703,18,-0.31683333333333336
CC(C)(C)Nc1ccccc1OCCn2ccc(=O)[nH]c2=O,-5.702,22,-0.2591818181818182
C1CC[C@@H](N12)C[N@@H+](CC2)[C@@H](CC)c3cccc(n3)C4CC4,-5.702,21,-0.2715238095238095
Cn(c1)c(=O)ccc1-c(cn2C)c(n2)COc3ccc(cc3)Cc4ccc([N+](=O)[O-])cc4,-5.702,32,-0.1781875
FC(F)(F)CCNC(=O)c1ccc(cc1)-c2ccc(F)cc2F,-5.701,23,-0.24786956521739129
COc1ccccc1S(=O)(=O)c2ccc(cc2F)C3=NO[C@@H](C3)CNS(=O)(=O)C(C)C,-5.7,31,-0.18387096774193548
c1ccccc1[C@H](N(C)C2=O)c(c23)cc(cc3)C(=O)c4c(cnn4C)C(=O)N5CCOCC5,-5.7,33,-0.17272727272727273
c1ccc([N+](=O)[O-])c(c12)[nH]c(n2)CC[N@H+]3CC[C@H](O)CC3,-5.7,21,-0.27142857142857146
Cc1ccc(cc1)OCCc(nc(c23)n(cn3)C(C)C)nc2NCc4ccc(cc4)OCCO,-5.7,34,-0.16764705882352943
COCCc1cnn(c1)CC(C)(C)O,-5.697,14,-0.4069285714285714
o1nc(C)c(c12)cc(c(c2)O)Nc3ccc(cc3Cl)C[NH2+]CCc4[nH+]cc[nH]4,-5.696,28,-0.20342857142857143
[NH3+]CCc(cc1)ccc1-c(oc2C)nc2CCCc3ccc(cc3)C[C@@H](C(=O)[O-])n4cccc4,-5.695,34,-0.1675
CO[C@@H](C)Cn1cc(cn1)-c(c(n2)C)n(c23)ccnc3CCCC(=O)[O-],-5.695,26,-0.21903846153846154
c1ccccc1C(=O)CC(\C)=[NH+]/[C@H](C(=O)[O-])Cc2ccc(cc2)N3CCC(O)CC3,-5.695,30,-0.18983333333333335
CC(C)NC(=O)N1CCN(CC1)c2cc(nc(n2)N)NC3CC3,-5.695,23,-0.24760869565217392
N#CCCN(C)c(c(c12)cc(Br)cc2)nc(n1)NCCc3ccncc3,-5.695,26,-0.21903846153846154
N#Cc(cc1)cc(c12)cc(F)cc2C(=O)N3CCNC(=O)C3,-5.694,22,-0.25881818181818184
Cc1cccc(c1)CC(=O)c2ccc(cc2C[NH3+])-c(cc3)cc(c34)nc(N)cc4C,-5.694,30,-0.1898
O=C1CCN(CC1)C(=O)c2ccc(F)cc2,-5.694,16,-0.355875
C1C[NH2+]CCC1n(nnc2C)c2-c(c3)c(C(=O)N)cc(c34)nccc4O[C@@H]5CCC[NH2+]C5,-5.693,32,-0.17790625
O=C([O-])CCSc(n1)n(c(c12)cccc2)CCS(=O)(=O)c3c(F)cccc3F,-5.693,28,-0.20332142857142857
c1ccccc1-c2ccccc2Cc3n[nH]cc3-c4ccncc4,-5.693,24,-0.23720833333333333
c1ccncc1C[NH2+]CCC[N@H+](CCO2)[C@@H]([C@H]23)CCC3,-5.692,20,-0.2846
COc1ccc(cc1)S(=O)(=O)C[C@H]2CC[C@H](C)CC2,-5.691,19,-0.2995263157894737
CCOc1ccc(cc1)C[C@@H]2SC(=O)NC2=O,-5.691,17,-0.3347647058823529
O1COc(c12)c(ccc2)C\N=C(\NC3=C)S[C@@H]3c(cc4C)n(c45)cn[n-]c5=O,-5.69,28,-0.20321428571428574
C[NH2+]Cc1ccc(cc1)-n(c2=O)c(=O)n(C)c(c23)ccc(c3)C(=O)C4=C(O)CCCC4=O,-5.689,32,-0.17778125
CCc1cccc(C)c1NCCNC(=O)CCCC[C@@H]2CCSS2,-5.688,24,-0.237
COc1cc(=O)n(C)nc1-c2ccccc2NCC[NH2+]C/C=C/c3ccc(Br)cc3,-5.688,30,-0.1896
O=c([n-]1)[nH]c(=O)cc1C(=O)N2CCN(CC2)c3c[nH]c(n3)C4CCCC4,-5.687,26,-0.21873076923076923
CC(C)(C)c(cc1)ccc1S(=O)(=O)c(c2C)nnn2[C@H](CO)Cc(c[nH]3)c(c34)cccc4,-5.687,32,-0.17771875
O=C([O-])CCCOc1ccccc1N2CCN(CC2)Cc3cncs3,-5.687,25,-0.22748000000000002
C1CCCC1[NH2+][C@@H]2CCCNC2,-5.687,12,-0.4739166666666667
N#C[C@H]1C[C@H](C1)C2CCCCC2,-5.686,12,-0.47383333333333333
CC(=O)Nc1cccc(c1)-c(cc2)cc(c23)[C@H](NCC#N)C[C@H](C)N3C(=O)C,-5.685,28,-0.20303571428571426
C[C@H]1COCCN1c2ccc(nc2)N3CC[NH2+]CC3,-5.684,19,-0.2991578947368421
COc1ccc(nn1)N2CCN(CC2)c3cc(C4CC4)nn3C,-5.684,23,-0.2471304347826087
CC(C)c1ccccc1S(=O)(=O)c2cccs2,-5.684,17,-0.3343529411764706
CN(C)C(=O)c1cccc(c1)-c(c(c23)cc[nH]3)cn(c2=O)C/C=C/[C@H](O)CCCC(=O)[O-],-5.684,32,-0.177625
C[C@H]1C[C@@H](C)CN(C1)c2cccc(c2)OCc3ccccc3,-5.684,22,-0.25836363636363635
CC(C)CCc1ccc(B(O)O)cc1,-5.684,14,-0.406
COc1ccc(c(C(F)(F)F)c1)CN[C@@H]2O[C@@H]([C@@H](O)[C@H]2O)C(=O)NCCO,-5.683,27,-0.21048148148148146
c1cccc(c12)c(c[nH]2)C[C@H]([NH3+])C(=O)NC3CCN(CC3)C(=O)NCCCCc4ccccc4,-5.683,34,-0.1671470588235294
C[NH+]1CCN(CC1)C2CCN([NH2+][O-])CC2,-5.683,15,-0.37886666666666663
Cc1ccc(C)c(c1)C[NH2+]CCNC/C=C/c2ccc(Br)cc2,-5.682,23,-0.2470434782608696
Clc1ccc(cc1O)OCc(n[nH]2)c(c23)cccn3,-5.682,19,-0.2990526315789474
CCNC(=O)[C@H]1O[C@@H](CCO)[C@H](O)[C@@H]1O,-5.681,15,-0.3787333333333333
[nH+]1ccccc1N(C)CCOc2ccc(cc2)C[C@@H](C(=O)[O-])c3ncon3,-5.681,27,-0.2104074074074074
OC1CCN(CC1)c(ncc2)n(c23)nc(-c4ccc(F)cc4)c3NCc5cccs5,-5.68,30,-0.18933333333333333
O=C([O-])CCC[C@@H](O)/C=C/Cc1cc(Cl)ccc1O,-5.68,19,-0.29894736842105263
CO[C@@H](C)Cn1cc(cn1)-c(c(n2)C)n(c23)ccnc3-c4cc[nH]n4,-5.679,25,-0.22716
CCN(C1=O)c2ccc(c(c2c13)ccc3)S(=O)(=O)CCCc4ccccc4,-5.679,27,-0.21033333333333334
CC[C@H](C)[C@H]([NH3+])C(=O)NNC1CCOCC1,-5.678,16,-0.354875
n1ccccc1CCc(cc2C(C)(C)C)cc(c2)-c(ccc3)c(c34)C(=O)N(C4=O)[C@H]5CCC(=O)NC5=O,-5.678,37,-0.15345945945945946
OCC[N+](C)(CCO)CCCOc(c(c1)OC)cc(c12)nc(s2)CNN3CCC[NH2+]CC3,-5.677,32,-0.17740625
CCN1CC[NH+](CC1)[C@H](C)c2cc(cs2)-c3ccccc3C[NH2+]C,-5.676,24,-0.23650000000000002
CNc1cc[nH+]c(n1)Nc(cc2)cc(c23)n(c(c3)C)Nc(cc4)cc(c45)n(nn5)C,-5.675,30,-0.18916666666666665
C[NH+](C)CCN1CCN(CC1)c2ccc(S(=O)(=O)C)cc2Nc3ncccn3,-5.675,28,-0.20267857142857143
c1ccccc1C(c2ccccc2)CCn3ccnc3,-5.674,20,-0.2837
c1ccccc1CN(C(=O)OCC)C(=O)Nc2cc(OC)cc(c2)OC,-5.673,26,-0.21819230769230769
Fc1cccc(F)c1S(=O)(=O)[N-]c2cccc(c2)C(=N3)CSc(c34)cccc4,-5.671,28,-0.2025357142857143
CSc1ccc(cc1)C(=O)CCc2ncc[nH]2,-5.67,17,-0.33352941176470585
c1ccccc1CCC[NH+]2CCOCC2,-5.67,15,-0.378
C1CC1C(=O)c(cn2)n(c23)CCC3,-5.669,13,-0.43607692307692303
s1nncc1C(=O)N2CCS[C@@H](CC2)c3cccs3,-5.669,19,-0.29836842105263156
Cc1cccc(c1)N2CCN(CC2)c3cccc(c3)NS(=O)(=O)c4c(F)cccc4F,-5.669,31,-0.18287096774193548
CC(C)On(c1=O)c(=O)n(C)c(c12)ccc(c2)C#CCc3ccccc3,-5.669,26,-0.21803846153846151
CC(=O)N1CCC(CC1)CNc2cc(nc(n2)N)-c3cccc(Cl)c3Cl,-5.668,26,-0.218
COc1c(OC)cc(cc1OC)C(=O)n2cccc2,-5.667,19,-0.29826315789473684
Cc1ccc(c(C)c1)NCC/C=C/C/C=C/C=C/[C@H](O)CCCC(=O)[O-],-5.666,26,-0.21792307692307694
Oc1c(C)cc(cc1C)N2CCC[C@H](O)C2,-5.666,16,-0.354125
Cc1onc(C)c1-c(ccc2C)cc2S(=O)(=O)Cc3cccnc3,-5.666,24,-0.23608333333333334
c1c[nH]c(c12)c(=O)n(C)cc2-c3ccccc3-c4ccc(C[NH3+])cc4Cl,-5.666,26,-0.21792307692307694
N#Cc1c(=O)[n-]c(cc1[S@](=O)C)-c2cccc(c2)CCc([nH]3)nc(c34)ccc(Cl)c4,-5.665,30,-0.18883333333333333
CC(C)(C)Oc1cncc(Cl)c1,-5.665,12,-0.47208333333333335
C[N@@H+]1CC[C@@H](C1)CC[NH3+],-5.665,9,-0.6294444444444445
S1SCC[C@H]1CCCCC(=O)c2ncn(n2)C[C@H]3CC[C@H](C(=O)[O-])CC3,-5.665,26,-0.2178846153846154
CS(=O)(=O)N1CCC1,-5.665,8,-0.708125
CNc1cc(nc(N)[nH+]1)N2CCN(CC2)c3cc(F)cc(F)c3,-5.664,23,-0.24626086956521737
Cc1ccccc1CC(=O)c(c2CC)nc(N)nc2N3CCCCC3,-5.663,25,-0.22652
COc1ccc(nn1)CCCCc2ccccc2,-5.663,18,-0.3146111111111111
n1ccn(c12)c(=O)n(cc2)C(=O)c(cc3)cc(c34)ccn4Cc5cccc(F)c5,-5.663,29,-0.19527586206896552
C1=CC1c(n2)oc(c23)cccc3,-5.663,12,-0.4719166666666667
COc1ccccc1S(=O)(=O)Nc(cc2)c3[nH]c(NCCO)cc(c3c24)c(O)n4C,-5.662,30,-0.18873333333333334
C[NH+]1CCN(CC1)CCNc2ccc(cn2)S(=O)(=O)c3n[nH]cc3-c4ccncc4,-5.662,30,-0.18873333333333334
CCc1c(NC)nc(N)nc1N2C=CCC(=C2)C(=O)N,-5.662,20,-0.2831
Cc1cc([nH]n1)[C@@H](C)Nc(n2)[nH]c(c23)cc(cc3C)N4CCOCC4,-5.66,25,-0.22640000000000002
CO[C@@H](C)CC(=O)c1nccn1Cc2ccccc2,-5.659,19,-0.2978421052631579
Fc1cnccc1-c2c[nH]c(n2)C3CCCC3,-5.658,17,-0.33282352941176474
Cc1nn(C)c(Cl)c1S(=O)(=O)N2CCCOC2=O,-5.658,18,-0.31433333333333335
c1cc(O)ccc1Cc(cn2C)cc(c2=O)NC(=O)Nc3ccccc3F,-5.658,27,-0.20955555555555558
C1COCC[NH+]1[C@@H](C)CC(=O)c2cc(nc(c2)-c3cn(C)nn3)Cc4ccccc4,-5.658,30,-0.18860000000000002
Cc1ncsc1S(=O)(=O)c2ccc(cc2)C#CCNS(=O)(=O)C,-5.658,23,-0.24600000000000002
COc1ccc(cc1)Oc2cc(ncn2)N(C)CCN(C)c3c(C)nn(C)c3C,-5.658,29,-0.19510344827586207
CCOC(=O)c1csc(n1)Cc2ccccn2,-5.657,17,-0.33276470588235296
C1CCCCC1S(=O)(=O)c(c2)c(ncc2CS(=O)(=O)CC)Oc3ccc(F)cc3F,-5.657,30,-0.18856666666666666
CC(C)C[C@H](N)C(=O)CC(=O)Nc1nc(cs1)-c2ccccn2,-5.657,23,-0.24595652173913043
C1C[NH2+]CCN1c(c2)ccc(c23)c(C)n[nH+]c3CCNS(=O)(=O)c(ccc4)c(c45)ccnc5,-5.656,33,-0.17139393939393938
Cc1cccc(c1)N2CCN(CC2)c(cc3)nc(c34)sc(n4)NC(=O)C5CC5,-5.655,28,-0.20196428571428574
CNc1cc([nH+]c(n1)N)N2CC[N+](CC2)=C(C)CC(=O)c3ccccc3,-5.655,26,-0.2175
COc(nn1)n(c12)nc(cc2)N(C)Cc3ccccc3OC/C=C(/C)CCC(=O)[O-],-5.655,30,-0.1885
c1c[nH]c(c12)c(=O)n(C\C=C\C)cc2-c3cccc(c3)C(=O)c(cc4)cc(c45)occ5CC(=O)[O-],-5.655,35,-0.1615714285714286
O=c1ccc(cn1C)Nc2ccncc2,-5.654,15,-0.37693333333333334
CNc1[nH+]c(N)nc(c1CC)Cc2ccc(Cl)c(c2)O[C@@H](C)C(=O)[O-],-5.654,25,-0.22616
CCOC(=O)c1csc(n1)N2CCN(CC2)c(c(c34)cccc4)nc([nH+]3)Nc5cccc(Cl)c5,-5.653,34,-0.16626470588235293
Cc1ccccc1Nc2cc[nH+]cc2,-5.651,14,-0.40364285714285714
NC(=[NH2+])N1CCC(CC1)C(=O)CC(=O)C(=O)[O-],-5.651,17,-0.33241176470588235
n1cc(O)cn1N(C(C)C)Cc2ccccc2OCCCCCC(=O)[O-],-5.651,26,-0.21734615384615383
CN(C)c1ccc(cc1)C2(CCCC2)C[NH2+]CCN(C)[C@H]3CCCC[NH2+]3,-5.651,26,-0.21734615384615383
c1cccc(c12)c(c[nH]2)C[C@H](N)C(=O)c(cc3)cc(c34)ccc(c4)C[C@@H]5SC(=O)[N-]C5=O,-5.65,32,-0.1765625
C[NH2+]Cc1ccccc1C(=O)c2[nH]cc(c2C)C3(CC3)c4ccc(C(F)(F)F)nc4,-5.65,30,-0.18833333333333335
CCCNC(=O)[C@H]1O[C@H]([C@H](O)[C@@H]1O)CC/C=C/C/C=C/C=C/[C@H](O)CCCC(=O)[O-],-5.649,30,-0.1883
C1COCCN1C(=O)c(cnn2C)c2C(=O)NCC[C@H](CC3)c(c34)c5c(cc4)OCC5,-5.649,31,-0.1822258064516129
N#C\C=C\c(cc1C)cc(C)c1Nc2ccnc(n2)[C@H](C)C3CC3,-5.647,24,-0.23529166666666668
NC(=O)Cc1cc(C)nc(n12)nc(n2)C(F)(F)F,-5.647,18,-0.31372222222222224
COc1ccc(cc1Cl)CCc(n2)n(C[C@H](C)N3CCOCC3)c(c24)ccc(c4)-c5ccn(n5)C,-5.646,35,-0.16131428571428572
C[NH+](C)C1CCN(CC1)c2ccn[nH]2,-5.646,14,-0.4032857142857143
CC(C)(O)c1ccc(c(c1)C(=O)[C@H](O)CO)Oc2ccc(F)cc2F,-5.646,25,-0.22583999999999999
Nc(c1)cccc1[C@@H](C)c2c(Cl)cccc2OC(F)(F)F,-5.646,21,-0.26885714285714285
CC(C)(C)c1ccccc1C(=O)COc2cccc(F)c2,-5.646,21,-0.26885714285714285
CC/C=C/CCNc(cc1)cc(c12)n(nn2)C,-5.645,17,-0.33205882352941174
[NH3+]Cc1ccc(cc1)C(=O)c2nccn2Cc3ccccc3,-5.645,22,-0.2565909090909091
COc1ccc(cc1OC)CCOCCOCCOCCOCCO,-5.645,25,-0.22579999999999997
CCCC(=CC1=O)N=C([N+]1=2)N=C(N2)Cc3cnn(C)c3,-5.644,20,-0.2822
Fc1cnccc1-c2cnc([nH]2)C3CCCC3,-5.644,17,-0.332
Cc1ccc(Cl)cc1C(=O)CC(=O)C(=O)[O-],-5.643,16,-0.3526875
Cc1cccc(c1C)Oc2nccc(n2)-c3ccc(cc3)C[C@@H]4SC(=O)NC4=O,-5.642,29,-0.19455172413793104
OCCOc1c(C)cc(cc1C)-c(c2)oc(c23)c(cn(c3=O)C)CCCCCC(=O)[O-],-5.642,31,-0.18200000000000002
c1cccc(c12)c(c[nH]2)C[C@H](N)C(=O)NC3CCN(CC3)N(C4=O)C(=O)N([C@H]45)CC[C@H]5O,-5.642,32,-0.1763125
NC(=O)c1ncc(cn1)C[C@H](O)[C@H](N)CO,-5.642,16,-0.352625
COc1ccc(cc1OC)S(=O)(=O)c2cccc(c2)Cn3ccc(=O)c(C(=O)[O-])c3O,-5.641,31,-0.18196774193548387
C=CCOc1cccc(c1)N2CCCC2=O,-5.641,16,-0.3525625
CC(=O)N1CCC(CC1)CNN[C@H](C)c2ccc(Br)cc2,-5.641,21,-0.26861904761904765
CCc1cccc(C)c1NCc2cccc[nH+]2,-5.64,17,-0.3317647058823529
FC(F)(F)CCS(=O)(=O)c1cccs1,-5.64,14,-0.40285714285714286
[O-][NH2+]c(c1)ccc(c12)N(C)C(=O)C(C)(C)N2C3CC3,-5.639,19,-0.29678947368421055
O=[N+]([O-])c1cc(S(=O)(=O)C(F)F)ccc1Cc2cccc(n2)Oc3ccccc3,-5.638,29,-0.19441379310344828
N#Cc1ccc(cc1C)[C@H]2CCN(C2)S(=O)(=O)C,-5.638,18,-0.31322222222222224
COc1ccc(nn1)N2CC[NH+](CC2)Cc3ccc(Br)cc3,-5.638,22,-0.25627272727272726
C1C[C@H](C)Cc(c12)sc(c2C(=O)N)NN3CCC[NH2+]C[C@@H]3C,-5.638,22,-0.25627272727272726
c1sccc1Cc(ccc2)c(c23)c(C)c(o3)C(=O)c4[nH+]ccn4C,-5.637,24,-0.23487499999999997
C[NH+](C)CCN1CCN(CC1)c(ccc2S(=O)(=O)C(F)(F)F)c(c23)CC(F)(F)[C@H]3O,-5.637,30,-0.18789999999999998
O=C[C@@H]1CCCN1c2cccc(c2)OCc3ccccc3,-5.637,21,-0.2684285714285714
c1ccccc1Oc2cc(ccc2N(CC3)CCC3=O)C(=O)Nc4ccccc4C(=O)[O-],-5.637,32,-0.17615625
CN(C1)C(=O)Nc(c12)ccc(c2)S(=O)(=O)c3ccc(cc3)C(=O)NCCC(F)(F)F,-5.636,30,-0.18786666666666668
C1CCCCC1c2n[nH+]c(C)c(c23)ccc(c3)N4CC[NH2+]CC4,-5.636,23,-0.24504347826086956
Clc1cccc(c1)Nc([nH+]c(c23)cccc3)nc2N(CC4)C[C@H]([N@H+]45)CCC5,-5.636,27,-0.20874074074074075
c1c[nH]c(c12)c(=O)n(C\C=C\C)cc2C3CCCC3,-5.635,19,-0.29657894736842105
COC(=O)CC(=O)NCCC[NH2+]Cc1ccc(c(Cl)c1)[C@H](C)c2ccccc2,-5.635,28,-0.20124999999999998
Cc1cc(F)ccc1S(=O)(=O)N[C@H](C)c2ncn[nH]2,-5.635,19,-0.29657894736842105
C1C[N@H+](C)CC[C@H]1NC(=O)c(cc2OC)ccc2S(=O)(=O)c3ccc(F)c(C)c3,-5.634,29,-0.19427586206896552
O=C([O-])c1c(O)ccn(c1=O)-c2ccccc2,-5.634,17,-0.33141176470588235
COCCCN[NH2+]Cc1ccc(F)cc1,-5.634,15,-0.37560000000000004
c1ccccc1CC#Cc(c2)ccc(c23)n(C)c(=O)n(c3=O)Cc4ccc(cc4)C(=O)COCCO,-5.634,36,-0.1565
Cc1nn(C)c(Cl)c1S(=O)(=O)NCc2ccc(cc2)CCCCc3ccccc3,-5.634,29,-0.19427586206896552
OC[C@@H](O)/C=C(/[N-]1)CSc(c12)cccc2,-5.634,15,-0.37560000000000004
O=C([O-])[C@H]1CC[C@@H](CC1)Cn2c[nH+]c(n2)OCc3ccccc3,-5.633,23,-0.24491304347826087
CS(=O)(=O)NCCCc1csc(=O)[nH]1,-5.633,14,-0.40235714285714286
COc1ccc(cc1)S(=O)(=O)c2c(Cl)cccc2Cl,-5.632,19,-0.2964210526315789
O=C(C1)NC[C@@H]1[C@@H](C)c2cc(NC(=O)c3ccco3)cc(c2)-c4ccn(n4)C,-5.632,28,-0.20114285714285712
C1=CN(C)C(=O)[C@H](C)c(c12)ccc(c2)CCO,-5.632,17,-0.3312941176470588
Cc1nnn(C)c1CCc2ccc(cn2)[C@H](C)O,-5.63,18,-0.31277777777777777
c1cccc(c12)c(c[nH]2)C[C@H](N)C(=O)NC3CCOCC3,-5.63,21,-0.2680952380952381
c1cc(F)cc(c12)c(C(=O)[N-]S(=O)(=O)C)c(N)c(n2)S(=O)(=O)c3ccc(F)c(Cl)c3,-5.63,30,-0.18766666666666668
CCCC(=CC1=O)N=C([N+]1=2)N=C(N2)Cn(c(n3)SCCC(=O)[O-])c(c34)cccc4,-5.629,29,-0.19410344827586207
OCCOc1c(C)cc(cc1C)-c(c2)oc(c23)c(cn(c3=O)C)C[C@H](O)[C@H]([NH3+])CO,-5.629,30,-0.18763333333333332
CCCCC(=O)c1cccc(Cl)c1,-5.629,13,-0.43299999999999994
C1=CN(C)C(=O)[C@H](C)c(c12)ccc(c2)N3CCC[NH2+]C[C@H]3C,-5.629,22,-0.25586363636363635
COc(nn1)n(c12)nc(cc2)N3CCC(CC3)c4ccc(cc4)N[C@H](C)c5cc(C)on5,-5.628,32,-0.175875
Nc(c1)cccc1[C@@H](C)Cc2ccc([N+](=O)[O-])cc2,-5.628,19,-0.2962105263157895
c1c[nH]c(c12)c(=O)n(C\C=C\C)cc2-c3cn[nH]c3,-5.626,19,-0.29610526315789476
c1cncc(c12)c([O-])c(C#N)c(n2)-c3cccc(c3)NS(=O)(=O)c4cccs4,-5.626,28,-0.20092857142857143
COc1cccc(c1C(=O)OC)CCCCCCCC[NH2+]CCN,-5.626,24,-0.2344166666666667
CCOC(=O)c1csc(n1)-c2ccnc(c2)N3CC[NH2+]CC3,-5.625,22,-0.2556818181818182
Nc1ccc(cc1)NNc2cc[nH+]cc2,-5.625,15,-0.375
c1nnc(O)c(n12)c(C)cc2CCc([nH]3)nc(c34)ccc(Cl)c4,-5.624,23,-0.24452173913043476
C[NH+]1CCN(CC1)c(c2)[nH]c3c(ccc(c3c24)n(C)c4O)-c5ccccc5OCCO,-5.624,31,-0.18141935483870966
C1CC1c2nc(C)nc(c23)onc3C,-5.624,14,-0.4017142857142857
COc1ccc(c(C)c1)NNC(C)C,-5.623,14,-0.40164285714285713
CC(O1)(C)C(=O)Nc(c12)cc(O)c(c2)-c3cc(F)cc(Br)c3,-5.623,22,-0.2555909090909091
[NH3+]Cc1ccc(c(Cl)c1)-n(c(c2)CCCC(=O)[O-])c(c23)ccc(Cl)c3,-5.623,25,-0.22492
FC(F)(F)Oc1cccc(c1)Cc2ccccc2,-5.623,18,-0.3123888888888889
CC(C)S(=O)(=O)NNC(=O)c(cc1OC)ccc1OC2CC2,-5.623,22,-0.2555909090909091
Cc1cc(on1)CCCCCc(ccc2)c(c23)c(C)c(o3)C(=O)c4[nH+]ccn4C,-5.622,29,-0.19386206896551725
Cc1cc(n[nH]1)[C@@H](C)Nc(n2)[nH]c(c23)cc(cc3C)N4CCOCC4,-5.621,25,-0.22484
O=C([O-])c1ccccc1N2CCN(CC2)C(=O)c3cc(=O)[nH]c(=O)[n-]3,-5.62,25,-0.2248
N#Cc1ccc(cc1)CCc([nH+]2)[nH]c(c23)cccc3,-5.62,19,-0.29578947368421055
COC1=C(OC)C(=O)C(=C(C)C1=O)C/C=C(/C)CC/C=C(/C)CCCc2cnn(C)c(=O)c2C,-5.62,34,-0.1652941176470588
COc(c1)c(OC)cc(c12)CN(CC2)c([nH+]c(c34)cccc4)nc3N[C@H](C)C5CC5,-5.62,30,-0.18733333333333332
OCCOCC(=O)c1cc(F)ccc1O,-5.62,15,-0.37466666666666665
CC[C@](C)(C(=O)[O-])c1nc(c(o1)C)CC[C@H](O)c2ccc(cc2)C[C@@H]3SC(=O)[N-]C3=O,-5.619,31,-0.18125806451612902
C1C[C@@H](C)CC[C@@H]1[C@@H](C)Cc2ccc(F)cc2,-5.619,17,-0.33052941176470585
CC1=NCS[C@@H]1c2ccc(cc2)CNC(=O)[C@@H]3C[C@@H](O)CN3c4ccno4,-5.618,27,-0.20807407407407408
NC(=O)[C@@H](C)Nc1cc(nn(c12)c(C)nn2)-c3cccc(c3F)-c(ccn4)c(c45)nc[nH]5,-5.618,32,-0.1755625
COC(=O)CC(=O)NCCCc1ccccc1C(=O)c2ccccc2,-5.617,25,-0.22468
o1nc(C)c(c12)cc(c(c2)OC)N[C@@H]3CCC[NH2+]C3,-5.615,19,-0.2955263157894737
c1ccccc1C(C(=O)N(CC2=O)CCN2)c3ccccc3,-5.614,22,-0.2551818181818182
c1cc(O)ccc1NN[C@H](C)c2ccc(cc2)-c3cc(F)cnc3Cl,-5.614,25,-0.22455999999999998
C1C[NH2+]CCN1c(c2)nccc2CCC3OCCO3,-5.614,19,-0.29547368421052633
C=CC1=C(C)C(=O)N[C@@H]1CCOc2ccc(cc2)C3CCN(CC3)c(cc4)nn(c45)c(Cl)nn5,-5.613,34,-0.16508823529411765
c1cccc(c12)cc(cn2)C(=O)c(cc3C[NH3+])ccc3OCc4cccnc4,-5.613,28,-0.20046428571428573
Fc1cnc(c(F)c1)NCc2ccccn2,-5.613,16,-0.3508125
CCc1c(C)nc(N)nc1CCCC(=O)/C=[NH+]/CC(=O)[O-],-5.612,21,-0.2672380952380952
C[NH+]1CCN(CC1)CCNc2ccc(cn2)S(=O)(=O)c3ccc(Cl)cc3,-5.612,26,-0.21584615384615385
N#Cc1cccc(c12)n(c(n2)C)-c3ccc(s3)C(=O)CCC[NH+](C)C,-5.612,25,-0.22448
COc(c1)c(OC)cc(c12)C[N@H+](CC2)NNC(=O)c3ccc(c(c3)OC)OC4CC4,-5.61,30,-0.187
CCOC(=O)c1csc(n1)N2CCN(CC2)NCc3cc(C)ccc3C,-5.609,26,-0.21573076923076923
Cc1nn(C)c(C)c1-c2ccc(cc2Cl)C[NH2+]CCc3ncc[nH]3,-5.609,24,-0.23370833333333332
C[C@@H](O)COCC(CO)(COC[C@@H](C)O)CCCc(n1)[nH]c(c12)ccc(Cl)c2,-5.609,28,-0.20032142857142857
CC(C)(C)c1ccc(cc1)-c2ccc(S(=O)(=O)N)cc2CC[NH3+],-5.609,23,-0.2438695652173913
COc1ccc(cc1)Cn2nnc(n2)-c3cccc(c3)C(=O)Nc(cc4)cc(c45)OC(C)(C)C(=O)N5,-5.608,36,-0.15577777777777777
o1cccc1C(=O)C(=O)c2cnccc2C(F)(F)F,-5.608,19,-0.29515789473684206
CNc1nc(N)[nH+]c(c1CC)Cc2ccc(Cl)c(c2)O[C@@H](C)C(=O)[O-],-5.608,25,-0.22432
CC(C)(C)[C@H](C)c1ccc(s1)-c(c[nH+]2)n(c23)CCC3,-5.608,19,-0.29515789473684206
CC(C)C(C(C)C)Nc1ccccc1O,-5.608,15,-0.3738666666666666
O=C([O-])c1ccc(cc1)CNC(=O)c2cccc(c2)-c3ccc(cc3)C(=O)NCc4ccccc4,-5.606,35,-0.16017142857142858
COc(c1)c(OC)cc(c12)c(nc(n2)C)CCc([nH]3)nc(c34)cccc4OC,-5.605,28,-0.20017857142857146
CCc1ccccc1N[C@H]2CC[C@H](O)CC2,-5.605,16,-0.3503125
C1C[C@H](C)Cc(c12)sc(c2C(=O)N)N[C@H]3CCN(C3)S(=O)(=O)C,-5.605,23,-0.24369565217391306
CC(C)C(C(C)C)NC(=O)Cc1cc(F)cc(Br)c1,-5.604,19,-0.2949473684210526
Cc([nH+]1)c(C)n(c12)c(C)c(cc2)CCc3nc(cn3C)Nc4cc[nH+]cc4,-5.604,27,-0.20755555555555555
CC(C)CNCC(=O)C(=O)/C([O-])=C/C(=O)NCCCc1cccc(c1)Oc2ccccc2,-5.604,32,-0.175125
CSc1ccc(cc1)C(=O)S(=O)(=O)c2cccc(F)c2,-5.603,20,-0.28015
n1cccc(c12)ccc(c2)C3CCCCC3,-5.603,16,-0.3501875
O1CCc(c12)c(c(F)cc2)Cc3ccc(Br)cc3Br,-5.602,19,-0.2948421052631579
Fc1ccc(cc1)-c2ncn(C3CC[NH2+]CC3)c2-c4ccnc(n4)NC5CCCC5,-5.601,30,-0.1867
c1ccccc1Cn2cc(ccc2=O)NCC[C@H](CC3)c(c34)c5c(cc4)OCC5,-5.601,29,-0.19313793103448276
Cc1ccc(cc1C)S(=O)(=O)c(c(c23)cccc3)ccc2OCC(=O)[O-],-5.6,26,-0.21538461538461537
Fc1ccc(cc1)Cc2ccsc2,-5.6,13,-0.43076923076923074
Cc1noc(C)c1-c(cc2)cc(c23)[C@H](NS(=O)(=O)C)N(C)C(=O)N3,-5.6,24,-0.2333333333333333
CC[N@H+]1CC[C@@H](CC1)NCC(=CC2=O)N=C([N+]2=3)C=C(N3)C4CCOCC4,-5.599,26,-0.21534615384615385
CC(C)C[C@H]([NH3+])C(=O)Nc1ccc(Cl)c(c1)NS(=O)(=O)C(C)(C)C,-5.597,24,-0.23320833333333335
C1C[NH2+]CCC1N(C)c(nc(c23)ccs3)nc2CCC(=O)N,-5.597,22,-0.2544090909090909
CN(C)[NH2+]CCCCNC(=O)COc(ccc1)c(c12)C(=O)N(C2=O)[C@H]3CCC(=O)NC3=O,-5.597,32,-0.17490625
Cc1ccc(C(C)C)cc1[C@H](C)c2noc(=O)[n-]2,-5.597,18,-0.31094444444444447
C1C[C@@H](C)CC[C@@H]1[C@@H](C)[NH2+]CCNC(=O)NC2CCN(CC2)c3cccc[nH+]3,-5.596,28,-0.19985714285714287
Cc1ccc(cc1)[C@H](C)c2ncn(n2)C[C@H]3CC[C@H](C(=O)[O-])CC3,-5.595,24,-0.233125
C=CC1=C(C)C(=O)N[C@@H]1O,-5.594,10,-0.5594
[NH3+]CCNC(=O)Cc1cc(nc(n1)N)N2CCCCC2,-5.594,20,-0.2797
C/C=C/CCCCCCCC(=O)Nc1cc(C)c(c(C)c1)S(=O)(=O)NCC(=O)[O-],-5.593,29,-0.19286206896551725
Clc1cccc(Cl)c1-c2c[nH]cn2,-5.593,13,-0.43023076923076925
CC(C)(C)OC(=O)[C@H](CC)Cc(n[nH]1)c(c12)cccn2,-5.592,20,-0.27959999999999996
N#Cc1c(=O)[n-]c(cc1[S@](=O)C)-c2cccc(c2)CCc(n3)[nH]c(c34)ccc(Cl)c4,-5.592,30,-0.18639999999999998
CC(C)S(=O)(=O)Nc1ccccc1F,-5.591,14,-0.39935714285714285
OC[C@H](O)COP(=O)([O-])OC[C@H](OC(=O)C)COc1cc(C)cc(C)c1,-5.59,26,-0.215
CN1CCN(CC1)c(c2)[nH]c3c(ccc(c3c24)n(C)c4O)OCc(c5)oc(c56)cccc6,-5.59,32,-0.1746875
CS(=O)(=O)Nc1cc(ccc1C)-c(nn(c23)c(nn3)C)cc2Nc4ncc[nH]4,-5.589,28,-0.19960714285714287
Fc1cnccc1C(=O)c2ccc(cc2)-c3ccco3,-5.588,20,-0.2794
C[NH+](C)CCC[N@H+](C)[C@H]1CCN(C1)C(=O)c([nH]2)c(c(c23)ccc(Cl)c3)Nc4ccc(N)cc4,-5.588,33,-0.16933333333333334
O=C([O-])c1sccc1C(=O)CCCCCCCCCOC(=O)[C@H](O)CO,-5.588,26,-0.21492307692307694
Cc1cc(on1)[C@@H](C(C)C)C(=O)Cc2ccc(cc2Cl)-c3ncon3,-5.587,25,-0.22347999999999998
Cc(n1)sc(c12)ccc(c2)CCc3ncc[nH]3,-5.585,17,-0.3285294117647059
C[C@@H]1C[NH2+]CCCN1CCc2[nH+]cc[nH]2,-5.585,15,-0.37233333333333335
CC(C)CCc1cccc(c1)-c2csc(=O)[nH]2,-5.585,17,-0.3285294117647059
CC(=O)N[C@H]1CCN(C1)c2ccc(cc2F)C3=NO[C@@H](C3)CCCCCc4ccccc4,-5.585,32,-0.17453125
O=P([O-])([O-])OP(=O)([O-])SCCc(cc1)nc(c12)cccc2,-5.584,21,-0.26590476190476187
O=P([O-])([O-])OP(=O)([O-])SC/C=C(\C)CCC[C@@H]1CCC[NH2+]C1,-5.584,22,-0.2538181818181818
Fc1ccc(c(F)c1)NN2CCN(CC2)c3ccc(C(F)(F)F)cc3,-5.584,25,-0.22335999999999998
Cc1ccnc(c1)CCCCCC(=O)Cc(cnc2)c(c23)c(O)ccc3,-5.584,26,-0.21476923076923077
COC[C@H](C)c1c(C)cc(/C=C/C#N)cc1C,-5.584,17,-0.32847058823529407
C[C@@H](O)COCC(CO)(COC[C@@H](C)O)CN1CCCOC1=O,-5.583,23,-0.24273913043478262
Nc([nH+]1)cc(C)c(c12)ccc(c2)-c3ccc(c(c3)C[NH3+])CCCCCC(=O)[O-],-5.583,28,-0.19939285714285715
O=C1NC(=O)[C@@H](S1)Cc2ccc(cc2)OCCNc3ccccc3Cc4ccccc4,-5.582,31,-0.18006451612903226
CCN1CC[NH+](CC1)Cc2ccc(cc2C(F)(F)F)NCC[N@H+](C)[C@H]3CCCCN3,-5.582,30,-0.18606666666666666
COc1cc(cc(c1)OC)NC(=O)N(S(=O)(=O)C2CC2)Cc3ccccc3,-5.582,27,-0.20674074074074072
[NH3+]CCNc1cn(C)c(=O)c(c12)cc(o2)-c3c[nH]cn3,-5.581,20,-0.27905
[NH3+][C@H]1CCCN(C1)/N=C2\NNCS2,-5.58,13,-0.42923076923076925
Nc([nH+]1)nn(c12)c(ccc2)N3CCN(CC3)C(=O)CC4(CC(=O)[O-])CCCC4,-5.579,28,-0.19924999999999998
[nH]1cncc1-c(o2)cc(c23)c(=O)n(C)cc3-c4cc(F)c(c(F)c4)-c5cc(CO)ccc5F,-5.578,33,-0.16903030303030303
C1CC1Nc(c2CC)nc(N)nc2-c3cc(NC)nc(n3)N,-5.578,22,-0.2535454545454546
Cc([nH+]1)c(C)n(c12)nc(cc2)[C@H](C)c3cccc(C(F)(F)F)c3,-5.576,23,-0.24243478260869564
C[C@H]1CC[C@H](CC1)C(=O)CCC2OCCO2,-5.575,16,-0.3484375
COc1ccc(cc1)CCCCO,-5.575,13,-0.4288461538461539
Cc1cc(F)ccc1S(=O)(=O)c2cn[nH]c2C,-5.574,17,-0.32788235294117646
CCc(nn1)n(c12)nc(cc2)Cc([nH]n3)c(c34)cccn4,-5.574,21,-0.2654285714285714
Cc1noc(C)c1-c2ccc(cc2)CNC(=O)c3cc(=O)[nH]c(=O)[nH]3,-5.572,25,-0.22288
COc1ccc(c(C)c1)NNCCO,-5.572,14,-0.398
O=C([O-])c(c1)cccc1-c(nc2N)cc(n2)N3CCOCC3,-5.571,22,-0.2532272727272727
CCCC(=O)C(C1)CC1(F)F,-5.571,11,-0.5064545454545454
COc1ccc(cc1)Cc2ccc([C@@H](C)O)cc2,-5.57,18,-0.30944444444444447
Cc1cc(C)cc(c1)Oc2cccc(n2)Cc3ccc(Cl)c(c3)O[C@@H](C)C(=O)[O-],-5.569,29,-0.1920344827586207
O=S(=O)([O-])CC(F)(F)F,-5.569,9,-0.6187777777777778
o1cccc1C(=O)CCC(=O)NCCC(=O)Nc2cccc(C(=O)[O-])c2,-5.568,26,-0.21415384615384614
S=C(N1)OC(C)(C)c(c12)cc(cc2)C(=O)Cc3ccccc3,-5.568,22,-0.2530909090909091
C[C@H]1COC(=N1)c2ccc(c(Cl)c2)-c3cs/c([nH]3)=N/N=C/c4ccccc4C=O,-5.567,29,-0.1919655172413793
Cc(n1)c(C)n(c12)nc(cc2)[C@@H]3OC[C@@H](O)[C@H]3O,-5.567,18,-0.30927777777777776
c1cc(Br)ccc1[C@@H](C)NC(=O)Cc(cnc2)c(c23)c(O)ccc3,-5.566,24,-0.23191666666666666
COc1ccccc1CCOc2ccc(cc2)C[C@@H]3SC(=O)NC3=O,-5.565,25,-0.22260000000000002
c1sccc1-n(nc2C)c(C)c2/C=N/N3CC[NH+](CC3)Cc4ccccc4,-5.565,27,-0.20611111111111113
CC(C)C[C@H](N)C(=O)Nc1c(ncn1CC#C)-c2cccc(c2)OC,-5.565,25,-0.22260000000000002
NCC[NH2+]CCc1ccncc1,-5.564,12,-0.46366666666666667
CS(=O)(=O)Nc1cc(ccc1C)-c2nccs2,-5.562,17,-0.3271764705882353
COc1cccc(c1)-c(o2)c(CC(=O)[O-])c(c23)ccc(c3)C(=O)c4cccc(Cl)c4,-5.562,30,-0.1854
CC/C=C/CCS(=O)(=O)c(ccc1)c(c12)c(C)cnc2,-5.562,20,-0.2781
COc1cccc(c1)OCC(=O)Nc2ccc(cc2)-n(nn3)c(c34)C(=O)c5c(C4=O)cccc5,-5.561,34,-0.16355882352941176
c1ccccc1CC(=O)N2CCC(CC2)c3nc(no3)C4COC4,-5.56,24,-0.23166666666666666
C1CCCCN1c(n2)cc(nc2N)Nc3ccccc3F,-5.56,21,-0.26476190476190475
C[NH+]1CCN(CC1)CCc2csc(=O)[nH]2,-5.559,15,-0.3706
CCCCC1CC[NH2+]CC1,-5.559,10,-0.5559000000000001
CN1C(=O)[C@H](C)N(C2CC2)c(c13)cc(cc3)N4CCN(C)C(=O)[C@H]4C,-5.559,25,-0.22236
c1cccc(c12)cc(cn2)C(=O)CC#Cc3ccc(cc3)C(=O)NCCC(F)(F)F,-5.558,30,-0.18526666666666666
Cc1ccc(C)c(c1)CNS(=O)(=O)c2ccc(F)c(Cl)c2,-5.557,21,-0.26461904761904764
NC(=O)CC[NH2+]Cc1ccc(c(Cl)c1)CCc2c[nH+]c[nH]2,-5.557,21,-0.26461904761904764
C1CCCCC1CCNC(=O)[C@H](CCCC[NH3+])NC(=O)[C@H](CO)[NH2+]CC2CCOCC2,-5.557,31,-0.17925806451612905
Nc(n1)[n-]c(c12)c(cc[nH+]2)-c3cccc(n3)Oc4cc(Br)ccc4Br,-5.557,25,-0.22228
COCCOCCOCCOc(c1)c(OC)cc(c12)CC[N@@H+](C2)CCc3ccc[nH]3,-5.557,30,-0.18523333333333333
C[C@@H]1C(=O)N(C)CCN1CCc2cc(F)cc(C#N)c2,-5.557,20,-0.27785000000000004
c1c(Cl)ccc(c12)c(C(=O)C)c([nH]2)C(=O)N3CC[C@@H](C3)[N@@H+](C)CCC[NH+](C)C,-5.556,28,-0.19842857142857143
COC(=O)CC(=O)NCCCc(n[nH+]c1C)c(c12)cc(cc2)N3CC[NH2+]CC3,-5.556,28,-0.19842857142857143
OCC[N+](C)(CCO)CCCc1cc(F)c(c(F)c1)-c2cc(CO)ccc2F,-5.556,28,-0.19842857142857143
c1ccccc1[C@H](N(C)C2=O)c(c23)cc(cc3)-c4cn[nH]c4,-5.555,22,-0.2525
O[C@H](C1)CCC[N@H+]1C[C@@H](OCC)CSc2ccc(c(C)c2)OCC(=O)[O-],-5.555,26,-0.21365384615384614
CCc1ccc(nc1)CCc(n2)c(C#N)c(N[C@H](C)C(=O)[O-])c(c23)cc(F)cc3,-5.554,29,-0.19151724137931037
Cc1cccc(c1)NCc2cccc[nH+]2,-5.554,15,-0.3702666666666667
O=C([O-])CCC[C@@H](O)\C=C\Cc([nH+]c1N)cc(n1)N2CCN(CC2)C3COC3,-5.553,28,-0.19832142857142857
O=C1CC=CN1c2cccc(c2)Nc3cc(Cl)ccc3O,-5.553,21,-0.2644285714285714
n1cn(C(C)C)c(c12)nc(N[C@H](C(C)C)CO)nc2-c3ccccc3,-5.552,25,-0.22207999999999997
Fc1cnccc1-c2c[nH+]c([nH]2)C3CCCC3,-5.551,17,-0.3265294117647059
CCN1CC[NH+](CC1)Cc2ccc(cc2C(F)(F)F)NCCN(C)[C@H]3CCCC[NH2+]3,-5.551,30,-0.18503333333333333
CC(=O)N[C@H]1CCN(C1)c2ccc(cc2F)C3=NO[C@@H](C3)C[N@@H+]4CCC[C@H](N)C4,-5.55,29,-0.19137931034482758
c1ccccc1-c2ccccc2Cc3[nH]ncc3-c4ccncc4,-5.549,24,-0.23120833333333335
c1cc(F)ccc1C(=O)NCCC[NH2+]CC[NH2+]C/C=C/c2ccc(Br)cc2,-5.549,27,-0.20551851851851854
FC(F)(F)c(cc1)ccc1-c([nH+]cc2C)n2Cc3ccccc3,-5.548,23,-0.24121739130434783
C1OC[C@H]([C@H]12)[C@@H]2Nc3ccc(cc3Cl)C[NH2+]CCc(n4)[nH]c(c45)cccc5,-5.548,27,-0.2054814814814815
CC(=O)N[C@H]1CCN(C1)CC#N,-5.548,12,-0.4623333333333333
CC(C)CCNS(=O)(=O)c1ccc(cc1)-c2csc(n2)CC(=O)NCc3ccccc3,-5.548,31,-0.17896774193548387
C1C[C@@H](O)c(c12)c(C(F)(F)F)ncc2CCCCCc3ccccn3,-5.547,25,-0.22188
n1csc(c12)cc(cc2)S(=O)(=O)c(cc3)cc(c34)ccs4,-5.547,21,-0.2641428571428571
COCCC(=O)c1ccc(SC)cc1,-5.546,14,-0.3961428571428572
O=S(=O)Oc1ccc(cc1)CCc2[nH+]cc[nH]2,-5.546,17,-0.32623529411764707
O=C([O-])CC(=O)c1ccc(cc1)N2CCCCC2,-5.546,18,-0.3081111111111111
O=C([O-])CC(=O)c1ccc(cc1)N2CCCCC2,-5.546,18,-0.3081111111111111
CCCCCCCC(=O)CC(=O)SCCNC(=O)CC[NH2+]Cc1cncs1,-5.546,27,-0.20540740740740743
COc1ccccc1S(=O)(=O)CCCCCc2cc(C)no2,-5.546,22,-0.2520909090909091
n1nc(C)n2nc(c(c3c12)cccc3)CCN4CC[NH+](C)CC4,-5.546,23,-0.2411304347826087
CC(=O)NCCC(=O)Nc(c(n12)nnc2C)cc(n1)CCN3CCN(C)C(=O)[C@H]3C,-5.546,30,-0.18486666666666668
C[NH2+]Cc1cc(nn1C)-c2cc(ncn2)Oc3ccc(OC)cc3,-5.545,24,-0.23104166666666667
CCc1c(NC)nc(N)[nH+]c1-c(nc(c23)cccc3)nc2NCc4ccco4,-5.544,28,-0.19799999999999998
C[C@@H](O)c1ccc(cc1)CN2CCC[NH2+]C[C@H]2C,-5.544,18,-0.308
O[C@H]1CC[C@@H](CC1)[NH2+]CCCCc2ccccc2,-5.544,18,-0.308
COC(=O)N(CC1)CCC12CN(C2)[C@@H]3O[C@@H]([C@@H](O)[C@H]3O)C(=O)NCCO,-5.542,26,-0.21315384615384614
n1nc(C)n2nc(c(c3c12)cccc3)-c4ccc(N5CCOCC5)c(c4)NNCc6ccccc6,-5.542,35,-0.15834285714285715
[NH3+][C@H](C1)CCCN1c(nn(c23)c(C)nn2)cc3N[C@H](C)C(=O)N,-5.541,23,-0.2409130434782609
OCC[NH2+]CCc1nnc(C)c(c12)ccc(c2)N3CC[NH2+]CC3,-5.541,23,-0.2409130434782609
C[NH+](C)CCCc1ccc(cc1Cl)C[NH2+]CCc2c[nH]cn2,-5.541,22,-0.2518636363636364
Cc1cc(C)nc(n12)nc(n2)CC(=O)C(=O)Cc(cnc3)c(c34)c(O)ccc4,-5.54,28,-0.19785714285714287
CCCNC(=O)[C@H]1O[C@H]([C@H](O)[C@@H]1O)[NH2+]C2CCCC2,-5.539,19,-0.2915263157894737
CC(=O)N1CCC(CC1)C[NH2+]N[C@H](C)c2ccc(Br)cc2,-5.539,21,-0.26376190476190475
c1ccc([N+](=O)[O-])c(c12)nc([nH]2)CCN3CCC(O)CC3,-5.539,21,-0.26376190476190475
n1cccnc1-c2c(Cl)cc(cc2Cl)C[NH2+]CCc(n3)[nH]c(c34)cccc4,-5.539,27,-0.20514814814814814
C=CC1=C(C)[C@@H](NC1=O)c2cccc(c2)NC(=O)C,-5.539,19,-0.2915263157894737
CC(=O)N1CCC(CC1)CNN2CCN(CC2)C(=O)CC3(CC(=O)[O-])CCCC3,-5.538,29,-0.1909655172413793
CCS(=O)(=O)Nc1ccc(CC[NH3+])c(c1)-c(cn(C)c2=O)c(c23)oc(c3)-c4c[nH]cn4,-5.538,31,-0.1786451612903226
C1COCCN1c(c2)cc(C)c(c23)[nH]c(n3)-c4c(cc[nH]c4=O)/N=C/c5ccccc5C=O,-5.538,33,-0.16781818181818184
COc1cccc(c1C(=O)OC)CCCCCCCCc2ccc(S(=O)(=O)N)cc2,-5.537,30,-0.18456666666666666
CCCCC(=O)OC[C@H](CO)Oc(nc(n1)C)c(c12)c3c([nH]2)cc(c(c3)OC)-c4c(C)noc4C,-5.536,35,-0.15817142857142855
CCC(CC)Nc1cc(C)[nH+]c(c1C)-c2csc(=O)[nH]2,-5.536,20,-0.2768
C[C@H]1COC(=N1)c2ccc(cc2)C(=O)[C@H](O)[C@H](C)[NH3+],-5.536,19,-0.29136842105263155
n1cn(C(C)C)c(c12)nc(N[C@H](C(C)C)CO)nc2NCC(=O)[O-],-5.536,24,-0.23066666666666666
CO[C@@H](C)Cn1cc(cn1)-c(c(n2)C)n(c23)ccnc3-c4ccn[nH]4,-5.535,25,-0.2214
N#C\C=C\c(cc1C)cc(C)c1CCC(C)C,-5.535,17,-0.3255882352941177
c1c[nH]c(c12)c(=O)n(C\C=C\C)cc2S(=O)(=O)c3cccs3,-5.535,22,-0.2515909090909091
COc1ccc(cc1)Cn(nn2)c(c23)[C@@](C)(O)CC[C@H]3CCc(n4)[nH]c(c45)ccc(c5)C,-5.535,32,-0.17296875
Cc1nn(C)c(C)c1Nc([nH]2)c(C#N)c(=O)c(c23)cncc3,-5.534,22,-0.2515454545454545
Cn1cc(cn1)-c2ccc(S(=O)(=O)C)cc2Nc3ncccn3,-5.534,23,-0.2406086956521739
CCCCCCC(=O)c1cccc(c1)C(=O)NCc2ccc(C(=O)[O-])cc2,-5.534,27,-0.20496296296296296
[NH3+]CCc1cc(S(=O)(=O)N)ccc1OC[C@H](O)CO,-5.534,19,-0.29126315789473683
CCOC(=O)c1ccc(C(=O)[O-])cc1,-5.533,14,-0.39521428571428574
c1ccccc1C(\O)=C/C(=O)c(cn2)cc(c23)cccc3,-5.533,21,-0.2634761904761905
C1COCCN1C(=O)c(cnn2C)c2C(=O)Nc(cc3)cc(n34)[nH+]c(c4)Cc5cccc(F)c5,-5.532,34,-0.16270588235294117
Cc1nnn(C)c1-c(c2)c(F)cc(c23)c4c(cc(cn4)C(C)(C)O)n3CCc5ncc[nH]5,-5.532,32,-0.172875
Cn1cc(nn1)NCC23C[C@H]4C[C@@H](C3)C[C@H](C4)C2,-5.531,18,-0.30727777777777776
c1cc(F)ccc1C(=O)NCCC[NH2+]CCNC/C=C/c2ccc(Br)cc2,-5.531,27,-0.20485185185185184
FC(F)(F)c1ccncc1C(=O)NCc2ccccn2,-5.529,20,-0.27645
COc1ccc(cc1)Oc2cc(N(C)C)ncn2,-5.529,18,-0.30716666666666664
c1occc1-c(cc2)ccc2C(=O)C(=O)c3ccccc3[N+](=O)[O-],-5.528,24,-0.2303333333333333
CCCCCCCCC(=O)SCCNC(=O)CCNNc(c1)c(O)cc(c12)onc2C,-5.528,31,-0.17832258064516127
CCCCC(=O)c(c(c12)c(=O)[n-]nc2)cnc1NCc(c(F)cc3)c(c34)CCO4,-5.528,29,-0.1906206896551724
c1ccccc1C(=O)Cc(oc2C)nc2CC[C@H](O)c3ccc(cc3)C[C@@H]4SC(=O)[N-]C4=O,-5.528,33,-0.1675151515151515
C1CCC1C[NH2+][C@H](CC)c2cc(no2)-c3ccc(cc3)OC(C)(C)C(=O)[O-],-5.527,27,-0.20470370370370372
FC(F)(C1)[C@@H](O)c(c12)c(S(=O)(=O)C)sc2-c3ccc(c(c3)C[NH3+])OCc4cncs4,-5.527,30,-0.18423333333333333
CCc(no1)c(c12)cc(c(c2)OC)[C@@H]3O[C@H](CO)[C@@H](O)[C@H]3O,-5.527,22,-0.25122727272727274
CC(=O)N1[C@@H](C2CC2)CN(CCCC(=O)[O-])c(c13)cccc3,-5.526,22,-0.2511818181818182
O=S(=O)Oc1ccc(cc1)[C@H]2CCC[N@H+](C2)Cc3cccc(c3)Oc4ccccc4,-5.526,30,-0.1842
c1[nH]cnc1CC2CCOCC2,-5.526,12,-0.46049999999999996
COc1cccc(c1)-c(o2)c(CC(=O)[O-])c(c23)ccc(c3)S(=O)(=O)c(cc4)cc(c45)scn5,-5.526,33,-0.16745454545454544
NC(=O)CC[NH2+]CCNC(=O)NC1CCN(CC1)c2ccccn2,-5.525,24,-0.23020833333333335
O=C1[N-]C(=O)[C@H](S1)Cc2ccc(cc2)-c3cccc(c3)NS(=O)(=O)c4ccc(F)c(Cl)c4,-5.525,32,-0.17265625
C[C@H]1CC[C@H](CC1)C(=O)C(=O)[C@@H](C2)Oc(c23)c(cc(Cl)c3)-c4cc[nH+]c(N)c4,-5.524,28,-0.1972857142857143
COC(=O)CC(=O)NCCCNc1cccc(c1)-c2csc(=O)[nH]2,-5.524,24,-0.23016666666666666
C1CC1Oc2ccc(cc2OC)C(=O)c3cc(nc(n3)N)N4CCOCC4,-5.523,27,-0.20455555555555555
FC(F)(F)CCNC(=O)c1ccc(cc1)C#CCCc2ccc(O)cc2,-5.523,26,-0.2124230769230769
[NH3+]CCNc(cc1)cc(c12)[nH]c([nH+]2)-c3ccccc3,-5.523,19,-0.29068421052631577
n1ccccc1CCc2ncc[nH]2,-5.521,13,-0.4246923076923077
CCc1c(NC)[nH+]c(N)nc1-c2ccnc(N)c2,-5.521,18,-0.30672222222222223
O=C([O-])Cc1cccc(c1)C(=O)c2ccc(cc2F)-c3cc(F)ccc3F,-5.52,27,-0.20444444444444443
C[C@H]1CC[C@@H](CC1)Cc2ccc(c(c2)C[NH3+])OCc3cccnc3,-5.519,24,-0.22995833333333335
C1CC[C@@H]([N@@H+]12)C[N@@H+](CC2)[C@@H](CC)c3cccc(n3)C4CC4,-5.519,21,-0.2628095238095238
OC[C@@H](O)Cc(ncn1)c(c12)cc(c(c2)OC)OCCNc(n3)sc(c34)cccc4,-5.517,30,-0.1839
NC(=O)[C@@H](C)Nc1cc(nn(c12)c(C)nn2)NC3CCN(CC3)c4ccccn4,-5.517,29,-0.19024137931034485
O=C([O-])CCC[C@@H](O)C[NH+]1CCN(CC1)c2ccc(C(F)(F)F)cc2,-5.516,25,-0.22064
c1nnc(O)c(n12)c(C)cc2CCc(n3)[nH]c(c34)ccc(Cl)c4,-5.516,23,-0.23982608695652174
n1nc(C)n(c12)nc(cc2)N3CCNC(=O)C3,-5.515,17,-0.32441176470588234
CC[C@H](C)[C@H]([NH3+])C(=O)NN1CC[N+](CC1)=C(N2)CSc(c23)cccc3,-5.515,25,-0.2206
C[NH2+]Cc1cc(nn1C)N2CC[C@@H](C2)NC(=O)C,-5.515,18,-0.3063888888888889
c1cccc(c12)c(c[nH]2)C[C@H](N)C(=O)CC[NH2+]C/C=C/c3ccc(Br)cc3,-5.514,27,-0.20422222222222222
O=C1NC(=O)N(C1(C)C)n(nc2C)c(C)c2/C=N/N3CC[NH+](CC3)Cc4ccccc4,-5.514,31,-0.1778709677419355
[nH]1cncc1-c(o2)cc(c23)c(=O)n(C)cc3[C@H](CCCO)C4=CCCC=C4,-5.514,27,-0.20422222222222222
OCCOCOCc1cc(on1)CCCCCCCc(c[nH]2)c(c23)cccc3,-5.514,28,-0.19692857142857143
O=C([O-])c1ccccc1N2CCOC[C@@H]2c3ccccc3,-5.513,21,-0.2625238095238095
O=P([O-])([O-])OP(=O)([O-])SC/C=C(\C)CCC[NH2+][C@H]1[C@@H]([C@@H]12)COC2,-5.512,23,-0.23965217391304347
CS(=O)(=O)NCC#Cc1ccc(cc1)S(=O)(=O)N(CC2)Cc(c23)cccc3,-5.512,27,-0.20414814814814813
CC(C)(C)c(cc1)ccc1[C@H](C)Nc(cc2)cc(c2=3)=CC(=O)N3,-5.512,23,-0.23965217391304347
COc1ccc(nn1)N2CCN(CC2)c3c[nH]c(n3)C4CCC4,-5.511,23,-0.2396086956521739
COc1ccc(nn1)N2CCN(CC2)c(cc3)c4[nH]c(cc(c4c35)c(O)n5C)N6CC[NH+](C)CC6,-5.511,35,-0.15745714285714285
CC(C)(C)OC(=O)[C@H](CC)[C@@H]1CCC[NH2+]C1,-5.511,16,-0.3444375
CCCCCN1CC=CC1=O,-5.511,11,-0.501
C[NH+](C)CCN(CC1)CCC1n(nnc2C)c2-c3cccc(n3)Nc4ccc(F)cc4F,-5.51,32,-0.1721875
CC1=NCS[C@@H]1c2ccc(cc2)CNc3cnn(C)c3Oc4ccccc4,-5.509,27,-0.20403703703703704
CC(=O)NCCC(=O)Nc(c(n12)nnc2C)cc(n1)-c3ccc(C)c(c3)Nc4ccc(C#N)cc4,-5.508,35,-0.15737142857142858
CCNC(=O)c1ccc(c(c1)-c2cn(C)nn2)-c3cccc(n3)-c4c(C)nnn4C5CC[NH2+]CC5,-5.508,35,-0.15737142857142858
C[C@H]1C[C@@H](C)CN(C1)[C@@H]2OC[C@@H](O)[C@H]2O,-5.508,15,-0.3672
O=C([O-])c1ccccc1Cc2noc(=O)[n-]2,-5.508,16,-0.34425
CN1C(=O)[C@@H](C)N(C2CC2)c(c13)cc(cc3)CCCc4ccccc4,-5.507,25,-0.22027999999999998
COCCOCCNc1ccc(F)cc1,-5.507,15,-0.3671333333333333
NC(=[NH2+])N[C@H](C)c1cccc(c1)S(=O)(=O)N,-5.506,16,-0.344125
c1cc(F)cc(c12)c(C(=O)[N-]S(=O)(=O)C)c(N)c(n2)S(=O)(=O)C3CCCCC3,-5.506,28,-0.19664285714285715
O=C(N1)C(C)(C)Oc(c12)cc(c(c2)OC)CCc3[nH+]cc[nH]3,-5.506,22,-0.25027272727272726
C[C@H](O)c1ccc(nc1)CC[N@@H+]2CCNC(=O)C2,-5.506,18,-0.3058888888888889
C[N@H+]1CC[C@@H](C1)N2CCOCC2,-5.506,12,-0.45883333333333337
CCc(no1)c(c12)cc(c(c2)OC)Nc3cncs3,-5.505,19,-0.2897368421052631
OC[C@H]([NH3+])C(=O)Nc1ccc(cc1)-c(nc(=O)[nH]2)c(c23)cccc3,-5.505,24,-0.229375
c1cccn1-c2cn(C)c(=O)c(c23)cc(o3)-c4c[nH+]c([nH]4)C5CCC5,-5.505,25,-0.2202
COC(=O)c1ccc(c(F)c1)[C@@H]2CC[N@@H+](C)CC2,-5.505,18,-0.30583333333333335
Nc1nccc(n1)-c(cnc2)c(c23)cccc3,-5.504,17,-0.3237647058823529
CCc1ccccc1S(=O)(=O)c2cccs2,-5.504,16,-0.344
Nc(c1)cccc1[C@@H](C)Cc2ccc(C(=O)[O-])cc2,-5.504,19,-0.28968421052631577
Cc1cc(C)cc(c1)Nc2nccc(n2)-c3c(C(=O)[C@@H]([NH3+])CO)ncn3C4CC[NH2+]CC4,-5.503,32,-0.17196875
c1ccccc1CCn2cccc2,-5.501,13,-0.42315384615384616
C[NH+](C)CCC[N@@H+](C)[C@H]1CCN(C1)c(cc2)cc(c23)n(CCOC(F)(F)F)c([nH+]3)C4CCOCC4,-5.501,35,-0.15717142857142857
COc1cc(=O)n(C)nc1CCCCCO,-5.5,16,-0.34375
COc1ccc(cc1OC)[NH2+]CCCNC(=O)c2ccc(F)cc2,-5.499,24,-0.229125
CC(=O)Nc1cccc(c1)C(=O)c2nccn2Cc3ccccc3,-5.499,24,-0.229125
CC(=O)NCCC[NH2+]Cc1ccc(c(Cl)c1)Nc2cc[nH+]cc2,-5.499,23,-0.2390869565217391
C[NH2+]Cc1cc(nn1C)S(=O)(=O)c2ccc(Cl)cc2,-5.499,19,-0.2894210526315789
O=C([O-])c(cc1)ccc1Cc2cn(C)c(=O)c(c23)C/C(O3)=c4\cnc([nH]4)=C5CCC5,-5.498,30,-0.18326666666666666
CCCNC(=O)[C@H]1O[C@@H](C(N)=[NH2+])[C@H](O)[C@@H]1O,-5.498,16,-0.343625
C[C@@H]1C[NH2+]CCCN1CC/C=C/C/C=C/C=C/[C@H](O)CCCC(=O)[O-],-5.497,25,-0.21988
CCCCCC[C@@H](C)NC(=O)c1cnn(C)c1C(=O)NCCC,-5.497,23,-0.239
O=C([O-])CCC[C@@H](O)/C=C/C=C/CCc1ccc(S(=O)(=O)C(F)F)cc1[N+](=O)[O-],-5.497,29,-0.18955172413793103
C[C@H](O)CC(=O)c1cccc(c1)S(=O)(=O)N(CC2)Cc(c23)cccc3,-5.495,25,-0.2198
CCN(C(=O)C1)c(c12)ccc(c2)-c3ccno3,-5.495,17,-0.32323529411764707
COc(c1)c(OC)cc(c12)c(nc([nH+]2)C)NCCC(=O)Nc3cccc(C(=O)[O-])c3,-5.495,30,-0.18316666666666667
NC(=O)CC[NH2+]Cc1ccc(c(Cl)c1)-c2ccccc2OCCCC(=O)[O-],-5.494,27,-0.20348148148148149
[nH+]1ccn(c12)c(=O)n(cc2)NCCOc(cc3)c(c4c35)ccc6c4c(cc5)ccc6,-5.494,30,-0.18313333333333331
NC(=O)C(=C1)CC=CN1c(nc2OC)nc(n2)N3CC[NH2+]CC3,-5.494,23,-0.2388695652173913
Cc1nnn(C)c1CC(C)(C)C,-5.494,12,-0.4578333333333333
C1CCn(c12)c(cn2)-c(s3)ccc3[C@@H](C)[NH2+][C@H](C(=O)[O-])Cc(c[nH]4)c(c45)cccc5,-5.493,30,-0.1831
c1nccc(c12)c(C(=O)[O-])c(C)c(n2)[C@H](CCCO)C3=CCCC=C3,-5.493,25,-0.21972000000000003
CO[C@H](C(=O)[O-])Cc(c(c12)scc2)ccc1OCCc3nc(oc3C)-c4ccccn4,-5.493,31,-0.17719354838709678
O=C([O-])CCC(\C)=C/Cn1ccc(O)c(C(=O)[O-])c1=O,-5.493,20,-0.27465
Cc1cccc(c1C)Oc2nccc(n2)-n(nn3)c(c34)[C@@](C)(O)CC[C@H]4OC(=O)NC(C)C,-5.492,33,-0.16642424242424242
CCc(no1)c(c12)cc(c(c2)OC)Nc3ccc(cc3)C[C@H]4SC(=O)[N-]C4=O,-5.492,28,-0.19614285714285715
Cc1cc(C)cc(c1)Nc2nccc(n2)-c3c(C(=O)[C@@H](N)CO)ncn3C4CC[NH2+]CC4,-5.491,32,-0.17159375
Brc1ccc(cc1)/C=C/C[NH2+]CCc2ccco2,-5.491,18,-0.3050555555555555
CCCCCc1ccc(C[NH3+])cc1Cl,-5.49,14,-0.3921428571428572
c1ccc(OC)c(c12)[nH+]c([nH]2)CCc(cc3)cc(c34)OC(C)(C)C(=O)N4,-5.49,26,-0.21115384615384616
Cc1cncc(c1)-c(c(c23)cc(C)c(=O)[nH]3)cnc2Nc4ccc(Cl)cc4,-5.49,27,-0.20333333333333334
CNc1ccnc(n1)CCCCCCCCc2cccc(OC)c2C(=O)OC,-5.49,28,-0.1960714285714286
o1cccc1-c(cc2)cc(c23)[C@@H](C[C@H](C)N3C(=O)C)NC(=O)CCC[C@@H](C)CC(=O)[O-],-5.489,31,-0.17706451612903226
C[NH+]1CCN(CC1)c(c2)[n-]c3c(NS(=O)(=O)C)ccc(c3c24)n(C)c4O,-5.489,26,-0.21111538461538462
CNc1cc(nc(n1)N)N2CCN(CC2)c3cc(F)cc(F)c3,-5.489,23,-0.23865217391304347
C1CC1Nc([nH+]c2N)cc(n2)N3CCN(CC3)C(=O)c4ccccc4[N+](=O)[O-],-5.488,28,-0.196
COCCC(=O)[C@@H](N)Cc(c[nH]1)c(c12)cccc2,-5.488,18,-0.30488888888888893
CN1CC[NH+](CC1)C2CCN(CC2)[C@H]3CC[N@@H+](C)C3,-5.487,19,-0.28878947368421054
O=C1NC(=O)[C@@H](S1)Cc2ccc(cc2)NC3CCCCCC3,-5.487,22,-0.2494090909090909
Nc1ccccc1C(=O)C[C@H]([NH3+])C(=O)Cc(cc2)nc(c23)cccc3,-5.487,25,-0.21948
CC[C@@H]([C@H](C)O)C(=O)c1cnccc1C(F)(F)F,-5.487,18,-0.30483333333333335
CC(C)Cn1ncc(Cl)c1C(=O)Nc(cc2)cc(c23)nc([nH]3)C[C@H](O)CO,-5.487,27,-0.20322222222222222
O=c1[nH]c(=O)n(cc1C)C2CCN(CC2)Cc3cccc([nH+]3)NCCc4cccs4,-5.487,30,-0.1829
Cc1cc([nH]n1)[C@@H](C)Nc2ccccc2C(=O)c3ccccc3,-5.486,23,-0.23852173913043478
C[N@H+]1CC[C@@H](CC1)NN2CCSCC2,-5.486,14,-0.39185714285714285
CC[C@H](C)[C@H](N)C(=O)c1ccc(C)c(c1)NS(=O)(=O)C,-5.486,20,-0.2743
O[C@@H]1CCCN(C1)NCCC[NH2+]Cc2ccc(c(Cl)c2)-c3ccccc3,-5.486,26,-0.211
CC(=O)N1CCC[C@H](C1)Cc2ccc(cc2)CNS(=O)(=O)c3c(C)nn(C)c3Cl,-5.486,29,-0.18917241379310343
C[C@@H]1C(=O)N(C)CCN1CCc2cnns2,-5.485,16,-0.3428125
Cc1cc(C)cc(c1)Oc2nccc(n2)-c3c(CC4CCOCC4)ncn3[C@H]5CC[N@H+](C5)CC[NH3+],-5.485,35,-0.15671428571428572
COC(=O)c1ccc(c(Cl)c1)CCCNC(=O)CCCC[C@@H]2CCSS2,-5.484,26,-0.21092307692307694
Brc1ccc(cc1)/C=C/C[NH2+][C@@H](Cn2ccnc2)c3ccccc3,-5.484,24,-0.2285
C[C@@H](O)c1ccc(cc1)Cc2ccc(cc2)C(=O)Nc3ccccc3,-5.484,25,-0.21936
CC(=O)NC[C@H]1CN(C(=O)O1)CCc2ccc(cc2)OS(=O)(=O)C,-5.484,24,-0.2285
N[C@H]1CCCN(C1)N=c2cc[nH]cc2,-5.484,14,-0.39171428571428574
[NH3+]CCc1ccc(cc1Cl)CNCCc(n2)[nH]c(c23)cc(Cl)c(Cl)c3,-5.484,25,-0.21936
CCNS(=O)(=O)c1ccc(F)c(C)c1,-5.484,14,-0.39171428571428574
ONc1ccco1,-5.483,7,-0.7832857142857143
CC(C)(C)Oc1cc(Cl)ccc1O,-5.483,13,-0.42176923076923073
C[C@@H]1C(=O)N(C)CCN1CCC(=O)c2ccc(cc2)-c3ccco3,-5.483,24,-0.22845833333333332
C1CCC1CNc(nc(c23)n(cn2)C(C)C)nc3Nc4ccc(C(=O)[O-])c(Cl)c4,-5.482,29,-0.1890344827586207
NC(=O)C1=CN(C=CC1)c(cnc2C(F)(F)F)c(c23)C[C@@H](F)[C@H]3O,-5.482,24,-0.22841666666666668
CC[C@H](CO)[C@@H](C1CC1)CS(=O)(=O)N2CCCC2,-5.482,18,-0.3045555555555556
CCC(=O)Nc(cc1)c2[nH]c(cc(c2c13)c(O)n3C)N4CCN(C)CC4,-5.482,26,-0.21084615384615385
OCCOCOCc1cc(on1)CCCCCCc2ccco2,-5.482,23,-0.23834782608695654
CCCCn1cc(nn1)CNc2cc(NC)nc(n2)N,-5.482,20,-0.2741
Nc1cc(ccn1)Cc2cccc(Cl)c2,-5.482,15,-0.36546666666666666
c1ccc(C)c(c12)[nH]c(n2)CC[NH2+]Cc3ccc(c(Cl)c3)NCCCNC(=O)c4ccc(F)cc4,-5.481,35,-0.1566
O=C1CCCc(c12)n(c(c2)CC)NCCC3CCCCC3,-5.481,21,-0.261
o1nc(C)c(c12)cc(c(c2)OC)NN[C@H](Cc(c[nH]3)c(c34)cccc4)C(=O)Nc5ccncc5,-5.48,34,-0.1611764705882353
OCCOCCOCCOCCCc(c1)[nH]c(c12)cccc2Cl,-5.48,23,-0.23826086956521741
Cc1ccc(cc1)Cn(cc2)c(=O)n(c23)cc[nH+]3,-5.479,18,-0.3043888888888889
CCCCn1cc(nn1)CNC(=O)CCCC[C@@H]2CCSS2,-5.479,22,-0.24904545454545454
Cn1ccc(n1)-c2cc(NC(=O)c3ccco3)cc(c2)-c4ccnc(N)c4,-5.478,27,-0.20288888888888887
CN(C)CC[N@@H+]1CC[C@H](C1)c(n2)n(Cc3ccccc3)c(c24)cc(cc4)N5CC[NH+](C)CC5,-5.477,33,-0.165969696969697
Fc(c1)cccc1-n(c(n2)C)c(c23)cccc3C#N,-5.477,19,-0.28826315789473683
C1CCCCC1([NH3+])CNC(=O)c2cc(F)ccc2O,-5.477,19,-0.28826315789473683
COc1ccc(cc1)Cc2n[nH]c(n2)-c3ccccc3,-5.476,20,-0.2738
NC(=O)[C@@H](C)N1CCCCC1,-5.476,11,-0.4978181818181818
C[NH+](C)CCC[N@H+](C)[C@H]1CCN(C1)c2cc(Br)ccc2Br,-5.476,21,-0.26076190476190475
Clc(c1)c(F)ccc1S(=O)(=O)c(cc2)cc(c23)C[NH2+][C@H](C3)CO,-5.476,23,-0.23808695652173914
C[NH2+]Cc1ccccc1Cc(cc2)cc(c23)COc4c(cccc4)C\3=C(/C)c5noc(=O)[n-]5,-5.475,33,-0.1659090909090909
CCC(=O)c1c[nH]c(c1)C(=O)C[C@@H]2CC[N@H+](CC2)Cc3ccc([N+](=O)[O-])cc3,-5.475,28,-0.19553571428571428
Cc1noc(C)c1S(=O)(=O)C(=O)[C@@H](N)CO,-5.475,16,-0.3421875
O=C([O-])CCC[C@@H](O)/C=C/C=C/CCc1ccc(S(=O)(=O)C(F)F)c(c1Br)CO,-5.475,29,-0.18879310344827585
CC[C@@H](C(=O)[O-])Cc1ccc(cc1)C(=O)C(N)=[NH2+],-5.474,18,-0.3041111111111111
CNc1ccnc(n1)S(=O)(=O)c2ccccc2,-5.474,17,-0.322
CS(=O)(=O)Oc1ccc(cc1)CCCc2ccccn2,-5.474,20,-0.2737
Clc1cccc(Cl)c1-c2cnc[nH]2,-5.473,13,-0.421
FC(F)(F)c(cc1)ccc1-c(ncc2C)n2Cc3ccccc3CCC[N+](C)(CCO)CCO,-5.473,34,-0.16097058823529412
CSc1ccc(cc1)C[C@H]2CCCO2,-5.473,14,-0.3909285714285714
COc1cccc(c1)/N=C/c2ccccc2C=O,-5.472,18,-0.30400000000000005
CSc1ccc(cc1)C(=O)C[NH2+][C@@H](C(=O)[O-])Cc(c[nH]2)c(c23)cccc3,-5.472,26,-0.21046153846153848
COC(=O)CC(=O)NCCCS(=O)(=O)c1ccc(nc1)NCC[NH+]2CCN(C)CC2,-5.471,30,-0.18236666666666668
O=C([O-])C(C)(C)Oc1c(C)cc(cc1C)CC2CCN(C(N)=[NH2+])CC2,-5.471,25,-0.21884
Nc(c1)cccc1[C@@H](C)[NH2+]CCC2CCCCC2,-5.47,18,-0.3038888888888889
O=C([O-])CCC(\C)=C/CCc1ccccc1,-5.469,16,-0.3418125
C[NH+](C)CCCN(C)c(nc(c12)ccc(Br)c2)nc1CC3CCOCC3,-5.468,26,-0.2103076923076923
FC1(F)CC(C1)C(=O)c(cc2C(C)(C)[NH3+])nc(c2)-c3ccc(F)cc3,-5.468,25,-0.21872
O=C1CC=CN1c2cccc(c2)NC(=N3)CSc(c34)cccc4,-5.467,23,-0.23769565217391303
O=C1C=CCN1c2cccc(c2)[C@@H](C3CC3)CS(=O)(=O)N4CCCC4,-5.465,25,-0.2186
CC[NH+]1CCN(CC1)Cc2ccc(cc2C(F)(F)F)NNc3cccc(c3)N4CCCC4=O,-5.465,33,-0.1656060606060606
Cc1ccc(cc1C)-c2ccc(cc2)CC(=O)N3CCOCC3,-5.464,23,-0.23756521739130437
Cc1nn(C)c(Cl)c1S(=O)(=O)NCc2ccc(cc2)C(=O)[C@H](O)[C@H](C)[NH3+],-5.464,26,-0.21015384615384616
Cc1ncsc1CCC[C@@H](C)CC(=O)[O-],-5.463,15,-0.3642
Clc1cccc(c1)Nc(nc(c23)cccc3)nc2[C@H]4CCOC4,-5.463,23,-0.23752173913043478
O=C([O-])CCCCCCCCc1ccc(C(=O)[O-])c(Cl)c1,-5.462,21,-0.2600952380952381
C[NH2+]Cc1cc(nn1C)-c([nH]c(=O)n2)c(c23)cccc3,-5.462,20,-0.2731
COc1ccc(cc1OC)-c(n2)n(c(c23)ccc(Br)c3)C[C@@H]4CCCN(C4)C(=O)C,-5.461,30,-0.18203333333333335
Cc1noc(C)c1-c(c2)cc([C@H]3C[C@@H](C#N)C3)c(c24)[nH]c(n4)C5CC5,-5.461,25,-0.21844000000000002
C1CCCCN1c(nc2N)cc(n2)N3CCC[C@H](O)C3,-5.461,20,-0.27305
N#CCCN(C)c(c(c12)cc(Br)cc2)nc(n1)-c3ccc(=O)n(c3)Cc4ccccc4,-5.46,31,-0.1761290322580645
OC[C@@H]([NH3+])[C@@H](O)C[NH+]1CCN(CC1)C2COC2,-5.46,17,-0.3211764705882353
CC(=O)N1[C@@H](C2CC2)CN(C[C@H](C)O)c(c13)cccc3,-5.46,20,-0.273
Cc1ccc(cc1)S(=O)(=O)c2ccc(cc2)-c3ccnc(C)c3,-5.46,23,-0.2373913043478261
CCCC(=CC1=O)N=C([N+]1=2)N=C(N2)Cc3ccoc3,-5.46,19,-0.28736842105263155
[NH3+]CCNc1cn(C)c(=O)c(c12)cc(o2)-c3c[nH]c[nH+]3,-5.459,20,-0.27294999999999997
CC[C@](C)(C(=O)[O-])Oc1ccc(cc1)CCN2CC[NH+](CC2)Cc3ccccc3,-5.459,29,-0.18824137931034482
COc1cccc(c1)[C@H](O)Cc2ccc(cc2)OC(C)(C)C(=O)[O-],-5.459,24,-0.22745833333333332
O[C@@H]1[C@@H](O)[C@@H](O)[C@@H](O[C@H]1C)c(c2)c(O)cc(c23)NC(=O)C(O3)(C)C,-5.459,24,-0.22745833333333332
O=c([n-]1)onc1[C@H](C)Cc2cccnc2,-5.459,15,-0.36393333333333333
C[NH2+]C[C@@H](O)COc1ccc(Cl)c(c1)-c2nccs2,-5.458,19,-0.28726315789473683
n1ccccc1CNn2cncn2,-5.458,13,-0.41984615384615387
CCCCCc1ccc(Cl)cc1Cl,-5.458,13,-0.41984615384615387
o1c(N)nc(c12)cc(C)cc2Cc3ccc(cc3)-c4c(C)noc4C,-5.457,25,-0.21828
O=C([O-])CCC(\C)=C/COc1ccccc1CN(C)OC(C)(C)C,-5.457,24,-0.227375
COC[C@H](C)CCC[NH+]1CCOCC1,-5.456,14,-0.38971428571428574
O=c1[nH]c(=O)n(cc1C)-c2cccc(c2)[N-]S(=O)(=O)c3cccs3,-5.456,24,-0.22733333333333336
C[N@@H+]1CC[C@@H](C1)Nc2cc[nH+]cc2,-5.456,13,-0.4196923076923077
C[C@@H]1C[NH2+]CCCN1CCc2ncc[nH]2,-5.456,15,-0.36373333333333335
C1CCCCC1C(=O)c(c(c23)c(=O)[n-]nc3)cnc2NCc(c(F)cc4)c(c45)CCO5,-5.456,31,-0.17600000000000002
CCNC(=O)c(c1)[nH]c(c12)c(=O)n(C)cc2-c3cc(C(C)(C)O)ccc3-c4cc(F)ccc4F,-5.455,34,-0.16044117647058823
O=S(=O)Oc1ccc(cc1)N2CCN(CC2)c3ccc(Cl)c(Cl)c3,-5.454,24,-0.22724999999999998
CN(C)CC[N@H+]1CC[C@H](C1)Cc(c2)oc(c23)cccc3,-5.454,20,-0.2727
Cc1ccc(cc1)Cc2c[nH+]c([nH]2)C3CCCC3,-5.453,18,-0.30294444444444446
COc1ccc(cc1OC)S(=O)(=O)N2CCC([NH+](C)C)CC2,-5.453,22,-0.24786363636363637
C[C@H](O)c1ccc(nc1)CCc2cc(nc(n2)N)N3CC[NH+](CC3)C4COC4,-5.452,28,-0.1947142857142857
c1cccc(c12)c([nH]c(=O)n2)-c3c(-c4ccc(F)cc4)ncn3C5CC[NH2+]CC5,-5.452,29,-0.188
O=C1CC=CN1c2cccc(c2)Nc(ncn3)c(c34)cc[nH]4,-5.451,22,-0.24777272727272726
CCOc1ccc(C(=O)C)cc1-c2cc(cc(c2)NC(=O)c3ccco3)CCOCCOCCO,-5.451,35,-0.15574285714285713
c1ccccc1-c([nH]2)c(c(c23)cc(OC)cc3)CCNc4cccc[nH+]4,-5.451,26,-0.20965384615384614
O=C([O-])C[C@H](C)CCCOc1ccccc1CCc(c2)[nH]c(c23)cccc3Cl,-5.45,28,-0.19464285714285715
Clc1ccc(cc1Cl)N2CCN(CC2)c3ccco3,-5.45,19,-0.2868421052631579
O=C([O-])C/[NH+]=C/C(=O)CCCC(=O)CC[C@H]1c(ccc(c2)O)c2Oc(c13)cc([O-])cc3,-5.45,31,-0.17580645161290323
C[C@@H]1C(=O)N(C)CCN1CCOc2ccc(cc2)[C@@H]3CC[N@H+](CC3)Cc4cccnc4,-5.45,31,-0.17580645161290323
CC[C@@H]([C@H](C)O)Nc(cc1)cc(c12)c(c[nH]2)C3CC[NH2+]CC3,-5.45,22,-0.24772727272727274
O=C([O-])c1ccccc1CCOCCO,-5.449,15,-0.3632666666666667
CCOC(=O)c1cnn(C)c1C(=O)C[C@H](C)N2CCOCC2,-5.449,22,-0.24768181818181817
CC(C)C[NH2+]CC(=O)c(cc1=O)oc(c12)c(c(O)cc2O)[C@H]3CC[N@H+](C)C[C@H]3O,-5.449,29,-0.18789655172413794
CCOc1ccccc1-n2cc([N+](=O)[O-])nc2C,-5.447,18,-0.3026111111111111
CCNC(=O)c(c1)[nH]c(c12)c(=O)n(C)cc2-c3c(C)nn(C)c3C,-5.446,24,-0.22691666666666666
CCCCc1cccc(c1)CN2CCC[C@@H](C2)n3cc(C)c(=O)[nH]c3=O,-5.446,26,-0.20946153846153845
c1cc(C)cc(c12)c(c[nH]2)Cc(c3CC)[nH+]c(N)nc3N4CC[NH+](C)CC4,-5.446,27,-0.2017037037037037
CC[C@](C)(C(=O)[O-])c1ccnc(n1)Oc2cc(C(C)C)ccc2C,-5.445,24,-0.22687500000000002
c1cccc(c12)c(c[nH]2)C[C@H]([NH3+])C(=O)NC3CCN(CC3)CCc4cnc[nH]4,-5.445,28,-0.19446428571428573
c1cccc(c12)c(c[nH]2)C[C@H](C(=O)[O-])c(nc3N)cc([nH+]3)N4CCN(CC4)C5COC5,-5.444,31,-0.17561290322580644
Cc1ccc(cc1)Cc2ccc(cc2)-c(n3)c(C#N)c([O-])c(c34)cncc4,-5.444,27,-0.20162962962962963
CC(O1)(C)C(=O)Nc(c12)ccc(c2)CCC[NH+]3CCOCC3,-5.443,22,-0.24740909090909088
CSc1ccc(cc1)C(=O)N2C[C@H](O)C[C@H]2C(=O)NCc3ccc(cc3)[C@@H]4C(C)=NCS4,-5.442,32,-0.1700625
[nH]1cncc1-c(o2)cc(c23)c(=O)n(C)cc3N4CCC(CC4)NC(=O)[C@@H](N)Cc(c[nH]5)c(c56)cccc6,-5.442,37,-0.1470810810810811
COc(cc1)cc(c12)cc(n2CC(=O)[O-])C(=O)c3ccc(cc3)[C@@H](C[NH3+])c4ccc(Cl)cc4,-5.442,33,-0.16490909090909092
CC[C@H](C)[C@H]([NH3+])C(=O)c1ncc(F)cc1F,-5.441,16,-0.3400625
O=C([O-])Cc(co1)c(c12)ccc(c2)-c3c(-c4ccc(F)cc4)ncn3C5CC[NH2+]CC5,-5.441,31,-0.17551612903225805
COC(=O)CC(=O)c1ccccc1CO,-5.44,15,-0.3626666666666667
c1cccc(c12)c(c[nH]2)C[C@H]([NH3+])C(=O)N[C@@H]3CC[N@H+](CC3)CCc4c[nH+]c[nH]4,-5.438,28,-0.1942142857142857
C1CC1Oc2ccc(cc2OC)C(=O)c3c(C)noc3C,-5.438,21,-0.25895238095238093
Cc1ncsc1-c2ccc(cc2)CNC(=O)[C@@H]([NH3+])CC(C)C,-5.437,22,-0.24713636363636365
CCNC(=O)c(c1)[nH]c(c12)c(=O)n(C)cc2-c3cc(C(C)(C)O)ccc3-c4cc(F)cnc4Cl,-5.437,34,-0.15991176470588236
CC(O1)(C)C(=O)Nc(c12)cc(O)c(c2)S(=O)(=O)c3cccs3,-5.437,22,-0.24713636363636365
CN1CCN(CC1)c2cc(F)ccc2F,-5.437,15,-0.36246666666666666
Cc1nc(C[NH+](C)C)ccc1N2[C@@H](C)Cn(c23)c4c(n3)cccc4,-5.437,24,-0.22654166666666667
CC(C)ON(C1(C)C)C(=O)[N-]C1=O,-5.436,13,-0.41815384615384615
CSc1ccc(cc1)C(=O)c2cccc(Cl)c2,-5.436,17,-0.31976470588235295
C[NH+](C)CCN1CCN(CC1)c(c2)c(C(=O)N)cc(c23)[nH+]ccc3O[C@@H]4CCC[NH2+]C4,-5.436,31,-0.1753548387096774
O=S(=O)Oc1ccc(cc1)-c2ccc(cc2)C[NH+]3CCCCC3,-5.435,23,-0.23630434782608695
COc1ccc(cc1OC)S(=O)(=O)Nc(c2)c(cc(c23)n(C)c(=O)n3C)C4CCCCC4,-5.435,32,-0.16984375
COc1cccc(c1)OCC(=O)C2CCN(C(N)=[NH2+])CC2,-5.434,21,-0.25876190476190475
O=C([O-])CCC[C@@H](O)/C=C/Cc1[nH]nc(n1)-c2ccc(F)cc2,-5.434,23,-0.23626086956521739
FC(F)(F)CCNC(=O)c1ccc(cc1)-c2csc(n2)CC(=O)n3ccnc3,-5.434,28,-0.1940714285714286
COC(=O)[C@H](C(C)(C)C)NC(=O)c1cccc(Cl)c1,-5.433,19,-0.2859473684210526
O=[N+]([O-])c1ccccc1C(=O)NCCCc2cccc(c2)Oc3ccccc3,-5.433,28,-0.19403571428571428
N#CCCN(C)c(c(c12)cc(Br)cc2)nc([nH+]1)NCCc3cc[nH+]cc3,-5.433,26,-0.20896153846153845
C[NH+](C)CC[N@H+]1CC[C@@H](CC1)c2cccc(c2)NS(=O)(=O)c3cccs3,-5.433,26,-0.20896153846153845
o1nc(C)c(c12)cc(c(c2)O)-c3ccno3,-5.433,16,-0.3395625
Cc1c(C)c(O)c(C)c(c12)CC[C@](O2)(C)Cc3ccncc3,-5.433,22,-0.24695454545454545
CC[C@H](C)[C@H](N)C(=O)Nc(c1)c(NC)cc(c12)onc2C,-5.432,21,-0.2586666666666667
CCOC(=O)Cc1nc(cs1)-c(ccc2C(F)(F)F)c(c23)CC[C@H]3O,-5.432,25,-0.21728000000000003
C[NH+]1CCN(CC1)c(c2)[nH]c3c(ccc(c3c24)n(C)c4O)NCCOCCOCCO,-5.431,31,-0.17519354838709678
Cn1ccc(n1)-c2ccc(cc2)CC[NH3+],-5.431,15,-0.36206666666666665
C1C[NH2+]CCC1c2cn(C)c(=O)c(c23)cc(o3)-c4c[nH]c[nH+]4,-5.43,22,-0.2468181818181818
COCCONc1cccc(C(=O)[O-])c1,-5.43,15,-0.362
CC(=O)N[C@H]1CCN(C1)c2ccc(cc2F)C3=NO[C@@H](C3)CC(C)(C)C(=O)[O-],-5.429,28,-0.19389285714285714
Cc1nn(C)c(C)c1CC#Cc2ccc(cc2)S(=O)(=O)NCCC(F)(F)F,-5.429,27,-0.20107407407407407
C1C[NH+](C)CCN1c2nc(N)[nH+]c(c2CC)Cc3nc(cn3C)-c4ccccc4,-5.429,29,-0.18720689655172415
COc1cc(=O)n(C)nc1Cc(o2)c(C)c(c23)c(ccc3)OCCC[NH2+]Cc4cccnc4,-5.428,33,-0.16448484848484848
C1CCCCC1c([nH]2)nc(c23)n(c(=O)n(c3=O)CCC)CCCNc4ccc(C(=O)[O-])cc4,-5.428,33,-0.16448484848484848
Cc(c1)c(C)cc(c12)n(c3c(n2)c(=O)[nH]c(=O)n3)CC#C[Si](C)(C)C,-5.428,25,-0.21712
Cc1cc(on1)[C@@H](C(C)C)C(=O)N2CCC[C@@H]2CO,-5.427,19,-0.2856315789473684
COc1cc(OC)cc(c12)[nH]c(nc2=O)-c(cc3)cc(c34)[C@@](O)(CC4)c5ccccc5,-5.427,31,-0.17506451612903223
Cc(n1)c(C)n(c12)c(C)c(cc2)CCc3[nH+]c(cn3C)-c(cc4)cc(c45)OC(C)(C)C(=O)N5,-5.427,33,-0.16445454545454544
FC(F)(F)c1cc(ccc1Cl)N2CCN(CC2)c3n[nH]cc3-c4ccncc4,-5.426,28,-0.19378571428571428
COc1cc(=O)n(C)nc1Nc(s2)c(C(=O)N)c(c23)CC[C@H](C)C3,-5.426,24,-0.22608333333333333
O=C([O-])CCC[C@@H](O)/C=C/Cc1c[nH+]c[nH]1,-5.425,16,-0.3390625
C[C@H](O)COCC(CO)(CC[C@H](O)CO)COC[C@@H](C)O,-5.425,21,-0.2583333333333333
o1nc(C)c(c12)cc(c(c2)OC)NNCCCNC(=O)c3ccc(=O)n(C)c3,-5.424,28,-0.19371428571428573
Cc1nn(C)c(C)c1Cc2ccc(cc2)CNS(=O)(=O)c3c(C)nn(C)c3Cl,-5.423,28,-0.19367857142857142
Cc1cc(C)cc(c1)Oc2nccc(n2)-c3c(CC4CCOCC4)ncn3[C@H]5CC[N@H+](C5)CCN,-5.423,35,-0.15494285714285713
Cc1ccc(cc1)[C@H](C)c2cccc(Cl)c2-c(cc3)cc(c3=4)=NC(=O)N4,-5.423,26,-0.20857692307692308
O=C([O-])c1ccc(cc1Cl)S(=O)(=O)c(cc2)cc(c23)scn3,-5.423,22,-0.2465
Cc1nn(C)c(Cl)c1S(=O)(=O)N2C=CCC(=C2)C(=O)N,-5.422,20,-0.2711
[NH3+]CCNC(=O)COc1ccc(cc1)Cc2cccc(c2)Oc3ccccc3,-5.422,28,-0.19364285714285714
O=C([O-])CC[C@@H](C)c1ccc(C(F)(F)F)cc1[N+](=O)[O-],-5.422,20,-0.2711
O=C([O-])CCCCCCC[C@H](O)Cc1c(Cl)cccc1Cl,-5.421,21,-0.2581428571428572
Cc1ccc(cc1)CC(=O)c2nccn2Cc3ccccc3,-5.421,22,-0.2464090909090909
COC(=O)CC(=O)NCCC[NH2+]Cc1ccc(c(Cl)c1)C(=O)[C@H](O)[C@H](C)[NH3+],-5.42,27,-0.20074074074074075
O=C([O-])COCc1ccccc1,-5.42,12,-0.45166666666666666
C1OCC[C@@H]1Oc(c(c2)OC)cc(c23)c(nc(n3)C)Nc4cncs4,-5.419,25,-0.21675999999999998
O=C([O-])c1sccc1C(=O)NCCc2cc[nH+]cc2,-5.419,19,-0.28521052631578947
c1cccc(c12)c(N[C@H](C)C3CC3)nc(n2)Nc4cccc(C(=O)[O-])c4,-5.418,26,-0.2083846153846154
c1[nH]c[nH+]c1CC2CCOCC2,-5.418,12,-0.4515
C[C@@H]1C(=O)N(C)CCN1c(oc2C)nc2CC[C@H](O)c3ccc(cc3)C[C@@H]4SC(=O)[N-]C4=O,-5.417,33,-0.16415151515151516
CC(=O)Nc1ccccc1C(C2)CC2(F)F,-5.417,16,-0.3385625
CC[C@@](C)(C(=O)[O-])C(=O)Cc(n1)nn(c12)c(C)cc(n2)C,-5.416,21,-0.2579047619047619
OCCC[NH+]1CCN(CC1)c2ccc(Cl)c(Cl)c2,-5.416,18,-0.30088888888888893
o1nc(C)c(c12)cc(c(c2)O)CCCN3CCOCC3,-5.416,20,-0.27080000000000004
CO[C@@H](C)Cn1cc(cn1)-c(c(n2)C)n(c23)ccnc3Cc4ccc(C)cc4,-5.415,28,-0.19339285714285714
CC(C)C[C@H]([NH3+])C(=O)c1cc(nc(n1)N)N2CCOCC2,-5.415,21,-0.25785714285714284
[O-]c1ccc(F)cc1C(=O)CCNS(=O)(=O)c(ccc2)c(c23)ccnc3,-5.415,26,-0.20826923076923076
COc1ccccc1S(=O)(=O)c2ccc(Cl)c(C(F)(F)F)c2,-5.415,22,-0.24613636363636363
Cc1cc(N)[nH+]c(c1)C[C@@H]2C[NH2+]C[C@@H]2Nc(c3)c(C#N)cn(c34)cc(n4)-c5ccccc5,-5.414,32,-0.1691875
Cc1cc(cc[nH+]1)NCCc2cccs2,-5.414,15,-0.36093333333333333
O=c1ccn(c(=O)[nH]1)CCOCCOCCOCCOCCOCCO,-5.414,26,-0.20823076923076922
CC(C)Oc(c1)c(C(=O)N)cc(c12)nccc2-c3c[nH]c(n3)C4CCC4,-5.414,26,-0.20823076923076922
Cc1cc([nH]n1)[C@@H](C)NNc2ccccc2,-5.41,16,-0.338125
COc(c1)c(OC)cc(c12)c(nc(n2)C)N[C@H](C)c3cccc(c3)C[C@@H]4CCCN(C4)C(=O)C,-5.41,34,-0.15911764705882353
COc1ccc(cc1)S(=O)(=O)c2ccc(cc2)-c(ccc3)c(c34)ncn4C,-5.409,27,-0.20033333333333334
COc1ccc(cc1)Oc2cc(ncn2)N(C)CCn(cc3CCC(=O)[O-])c(c34)ccc(c4)OC,-5.409,35,-0.15454285714285715
CN(C)CC[N@H+]1CC[C@H](C1)c(cc2)cc(c23)[C@@](O)(CC3)c4ccccc4,-5.408,26,-0.20800000000000002
OC[C@@H](O)C(=O)OCCCCCCCCCS(=O)(=O)c(cc1)cc(c12)C[NH2+][C@H](C2)CO,-5.407,31,-0.17441935483870968
N#Cc(cc1)cc(c12)cc(F)cc2CCCCCC(=O)[O-],-5.407,21,-0.25747619047619047
c1ccc(OC)c(c12)[nH]c(n2)CCc(cc3)cc(c34)OC(C)(C)C(=O)N4,-5.406,26,-0.2079230769230769
Cc1cc(C)cc(c1)CC2CCOCC2,-5.406,15,-0.3604
n1ccccc1N2CCC(CC2)Nn3cncn3,-5.406,18,-0.30033333333333334
c1ccc(OC)c(c12)nc([nH]2)CCc3cccc(c3F)-c4c(C)nn(C)c4C,-5.405,28,-0.19303571428571428
n1nc(C)n2nc(S(=O)(=O)C3CC3)c(c4c12)cccc4,-5.405,20,-0.27025
c1ccccc1-c2n[nH]c(n2)NCCc3cc[nH+]cc3,-5.405,20,-0.27025
CC(C)(C)c(cc1)ccc1S(=O)(=O)c(c2C)nnn2CCCc3ccccc3,-5.405,28,-0.19303571428571428
CC(C)Nc(c1)c(O)cc(c12)NC(=O)C(O2)(C)C,-5.404,18,-0.3002222222222222
c1cnccc1NC(=O)[C@H](C(C)C)Nn(nn2)c(c23)C(=O)c4c(C3=O)cccc4,-5.404,29,-0.1863448275862069
COc(cc1)cc(c12)[nH]c(n2)CCc(cn(C)c3=O)c(c34)oc(c4)-c5c[nH]c(n5)C6CCC6,-5.404,33,-0.16375757575757577
c1ccc(OC)c(c12)[nH]c(n2)CC[NH2+]Cc3ccc(c(Cl)c3)[C@H]4C[C@@H](C#N)C4,-5.403,28,-0.1929642857142857
[NH3+]Cc(cc1)ccc1-c(n(n2)C)c(c23)ncn(c3=O)C(=O)C4CC4,-5.403,24,-0.225125
COc1cc(OC)cc(c12)nc([nH]c2=O)-c(c(c34)cccn4)cc(c3)-c5c(C)noc5C,-5.403,32,-0.16884375
n1[nH]cnc1[C@@H](C)Nc2nccc(n2)-c3c(-c4ccc(Br)cc4)ncn3C5CC[NH2+]CC5,-5.402,32,-0.1688125
CC1=NCS[C@@H]1c2ccc(cc2)CNC(=O)[C@@H]3C[C@@H](O)CN3[C@@H]4CCC[NH2+]C4,-5.402,28,-0.19292857142857142
CC(C)CCNc1cc[nH+]cc1,-5.402,12,-0.45016666666666666
n1cccc(c12)c([nH]n2)Cn(ccc3C)c(=O)c3-c4ccc(cc4Cl)C[NH2+]CCC(=O)N,-5.401,32,-0.16878125
Oc1ccc(cc1)Cc2ncccn2,-5.401,14,-0.3857857142857143
Cc1cc(F)ccc1S(=O)(=O)c2c[nH]nc2C,-5.401,17,-0.31770588235294117
CCc1c(NC)[nH+]c(N)nc1-c(nc(c23)cccc3)nc2NCc4ccco4,-5.401,28,-0.19289285714285714
CNc1cc(nc(N)[nH+]1)N2CCN(CC2)c(c[nH+]c3)c(c34)cccc4,-5.401,25,-0.21603999999999998
CC(C)(C)OC(=O)NCCCNc([nH+]cc1C)n1Cc2ccccc2OCCC[C@@H](C)CC(=O)[O-],-5.4,35,-0.1542857142857143
CN(C)CC[N@H+]1CC[C@H](C1)c(ccc2)n(c23)nc(n3)N,-5.399,20,-0.26995
O=C1NC(=O)[C@@H](S1)Cc2ccc(cc2)C(=O)c3cccc(Cl)c3,-5.399,23,-0.23473913043478262
C1CC1Nc(c2CC)nc(N)nc2-c(c(Cl)cc3)c(c34)nnn4Cc(n[nH]5)c(c56)cccn6,-5.399,33,-0.16360606060606062
CCCCCC(=O)Cc1cccnc1,-5.398,14,-0.38557142857142856
s1cncc1Nc(cc2C)cc([nH+]2)C(=O)NCc3ccc(F)cc3,-5.398,24,-0.22491666666666665
n1nc(C)n(c12)cc(-n3nccn3)nc2NC(C)C,-5.398,19,-0.2841052631578947
Brc1ccc(cc1)/C=C/C[NH2+]CCNCc2cccs2,-5.398,20,-0.2699
c1ncccc1[C@H](C(=O)NCC)N(c2ccc(C(C)(C)C)cc2)C/C=C/[C@H](O)CCCC(=O)[O-],-5.397,34,-0.15873529411764706
O=C1C=CCN1c2cccc(c2)NCCCCCc3cccc[nH+]3,-5.396,24,-0.22483333333333333
c1cc(C)cc(c12)[nH]c(n2)CCN3CC[NH+](CC3)C4COC4,-5.396,22,-0.24527272727272728
c1ccccc1-c([nH]2)cnc2C3CCCC3,-5.396,16,-0.33725
Cc1noc(C)c1-c2ccc(cc2)Nc3ccc(F)cc3F,-5.396,22,-0.24527272727272728
c1cc(C)cc(c12)nc([nH]2)CCN3CC[NH+](CC3)C4COC4,-5.395,22,-0.2452272727272727
Cn1cc(cn1)-c2cnc(N)c(c2)C(=O)c3ccccc3[N+](=O)[O-],-5.394,24,-0.22475
c1cc(Cl)cc(c12)[nH]c(n2)CCCCCNCc3cccnc3,-5.394,23,-0.23452173913043478
Cc1ccccc1CC(=O)C/C=C/[C@@H](O)CCCCCCCC(=O)[O-],-5.393,25,-0.21572
CCCCCCc(c[nH+]c1)c(c12)cccc2,-5.393,16,-0.3370625
c1cccc(c12)c(on2)C(=O)N[C@H](CCC3)c(c34)cnn4N5CCC(CC5)N6CCCOC6=O,-5.393,34,-0.15861764705882353
n1cccc(c12)c(n[nH]2)Cn(ccc3C)c(=O)c3-c(ccc4C(F)(F)F)c(c45)CC[C@H]5O,-5.393,32,-0.16853125
n1[nH]ccc1C(=O)[C@H](C(C)C)NC(=O)C2CCCCC2,-5.393,20,-0.26965
CN(C1)C(=O)Nc(c12)ccc(c2)Nc3ccc(c(c3)C[NH3+])OCc4cccnc4,-5.392,29,-0.18593103448275863
COc(cc1)cc(c12)[nH]c(n2)CCn(c3=O)c(=O)n(C)c(c34)ccc(c4)C(=O)C5=C([O-])CCCC5=O,-5.392,36,-0.1497777777777778
c1cc(Cl)cc(c12)[nH]c(n2)CCCCC[NH2+]Cc3cccnc3,-5.391,23,-0.2343913043478261
Cc1cc([nH]n1)[C@@H](C)[NH2+]Cc(cc2)nc(c23)cccc3,-5.391,20,-0.26955
COc1cccc(c1C(=O)OC)CCCCCCCC[NH2+]CC[NH3+],-5.39,24,-0.22458333333333333
Cc1nn(C)c(Cl)c1S(=O)(=O)c2cc(c(=O)n(C)c2)NC(=O)Nc3ccccc3F,-5.39,30,-0.17966666666666667
CC(C)(C)c(cc1)ccc1[C@H](C)NNc2ccc(F)cc2F,-5.39,22,-0.245
c1c[nH]c(c12)c(=O)n(C\C=C\C)cc2-c3cccc(c3)C(=O)CCO,-5.39,25,-0.21559999999999999
COCCOCCOCCN1CCOC[C@@H]1c2ccccc2,-5.389,22,-0.24495454545454545
Cn1nc(C2CC2)cc1CCc3c[nH+]c[nH]3,-5.389,16,-0.3368125
C[N+](C)(C)C1CCN(CC1)c2ccc(cc2Cl)C[NH2+]CCc3ccc[nH]3,-5.388,26,-0.20723076923076922
Cc1n[nH]cc1C(=O)C(C2)(CC(=O)[O-])Cc(c23)cc(F)c(F)c3,-5.388,23,-0.23426086956521738
O=C1CCN(CC1)c(cnc2C(F)(F)F)c(c23)CC[C@H]3O,-5.387,21,-0.2565238095238095
C[N@H+]1CC[C@@H](CC1)NNc2cc(Cl)cc(Cl)c2,-5.387,17,-0.31688235294117645
OCC(C)(C)NS(=O)(=O)c1ccccc1Cl,-5.386,16,-0.336625
C[NH+](C)C1CCN(CC1)c2cccc(c2)N3CCCC3=O,-5.386,21,-0.25647619047619047
[nH]1cncc1-c2ccc(nc2)N3CC[NH2+]CC3,-5.386,17,-0.3168235294117647
C1C[C@@H](C)CC[C@@H]1[C@@H](C)[C@@H]2O[C@@H]([C@@H](O)[C@H]2O)C[S+](C)CC[C@H]([NH3+])C(=O)[O-],-5.383,26,-0.20703846153846153
Cc1ccc(cc1)S(=O)(=O)c2ccc(F)c(C)c2,-5.382,18,-0.299
COc1ccc(cc1)S(=O)(=O)[C@H](C(=O)[O-])Cc2ccc(cc2)OCCN(C)c3cccc[nH+]3,-5.382,33,-0.1630909090909091
O=C([O-])CCC(\C)=C/C[NH2+]CCOc1ccc(cc1)C[C@@H]2SC(=O)[N-]C2=O,-5.382,27,-0.19933333333333333
CCCCC(=O)OC[C@H](CO)CCn1ccc(=O)[nH]c1=O,-5.382,21,-0.2562857142857143
COC(=O)c1ccc(c(Cl)c1)C[N@@H+](CC2)CC[C@@]2(O)Cn(cn3)c(c34)nc[n-]c4=O,-5.382,30,-0.17939999999999998
CC(=O)NC[C@H]1CN(C(=O)O1)C/C=C/[C@H](O)CCCC(=O)[O-],-5.381,22,-0.2445909090909091
CCCn(c1[O-])c(=O)n(CCC)c(c12)nc(n2)-c3ccnc(n3)Oc4cc(C)cc(C)c4,-5.381,32,-0.16815625
O=C([O-])CCC(\C)=C/COc1ccccc1CN(C)c2c[nH+]cc(C)c2,-5.38,26,-0.20692307692307693
c1ccccc1[C@H](C)c2cccc(c2F)-c(ccn3)c(c34)[nH]cn4,-5.38,24,-0.22416666666666665
CNc1cc([nH+]c(n1)N)N2CCN(CC2)Cc(n[nH]3)c(c34)cccn4,-5.379,25,-0.21516
COCCOCCOCCn(cc1)c(=O)n(c12)ccn2,-5.379,20,-0.26894999999999997
CC(=O)N1[C@@H](C)C[C@@H](NC(=O)OC(C)C)c(c12)cc(cc2)-c3cccc(c3)NN4CCC(O)CC4,-5.379,35,-0.1536857142857143
Cc1nn(C)c(Cl)c1S(=O)(=O)c2cn(C)c(n2)CCc(cc3)c(C)n(c34)c(C)c([nH+]4)C,-5.379,31,-0.17351612903225805
COCCOCCOCCOCCCc1cccc(c1)Oc2ccccc2,-5.378,27,-0.1991851851851852
O=C([O-])c1cc(C)nc(c12)n(nc2C(C)C)C(=O)C3CCCCC3,-5.378,24,-0.22408333333333333
[nH]1ncnc1[C@@H](C)Nc(n2)oc(c23)cccc3,-5.378,17,-0.3163529411764706
OC[C@H](N)C(=O)N1CCC[C@H]1C=O,-5.378,13,-0.4136923076923077
O=C([O-])c1c(O)ccn(c1=O)NCCOc2ccc(Cl)cc2Cl,-5.378,23,-0.23382608695652174
Nc([nH+]1)cc(C)c(c12)ccc(c2)-c3ccc(c(c3)C[NH3+])-c4cc(C5CC5)nn4C,-5.376,29,-0.1853793103448276
CC(C)[N@H+](CC1)CC[C@]12CC(=O)c3c(O2)ccc(c3)-c4ccc(=O)n(c4)Cc5ccccc5,-5.376,33,-0.16290909090909092
c1ccccc1[C@@H](C)Nc(cc2)cc(c23)N([C@H](C)C(=O)N3C)C(=O)CC4CC4,-5.376,28,-0.192
FC(F)(F)CCNC(=O)c1ccc(cc1)-n2cccc2,-5.376,20,-0.26880000000000004
C1COCCN1[C@@H](C)Cc2cnc[nH]2,-5.376,14,-0.384
CC(C)Cc1nc(cs1)CCN(C)c2cccc[nH+]2,-5.376,19,-0.28294736842105267
O=C1CCCC(=O)C1=C([O-])c(cc2)c(C)c(c23)c(=O)n(c(=O)n3C)CC(=O)c4cccc(F)c4,-5.375,34,-0.15808823529411764
Cc1nc(cs1)Nc2ccncc2,-5.375,13,-0.41346153846153844
C[C@@H]1C(=O)N(C)CC[N@H+]1CC[C@H](c2cccnc2)C(=O)NC3CCCCC3,-5.375,27,-0.19907407407407407
NS(=O)(=O)c1ccc(cc1)-c2cccc(c2)OC(F)(F)F,-5.374,21,-0.2559047619047619
O=C(N1)C(C)(C)Oc(c12)cc(c(c2)OC)NN3CCC[C@H]([NH3+])C3,-5.374,23,-0.23365217391304346
CCN(C1=O)c2ccc(NC(C)C)c(c2c13)ccc3,-5.373,19,-0.28278947368421053
CC(C)=CCC[C@H](C)c1cccc(n1)-c2c(C)nnn2C3CC[NH2+]CC3,-5.373,26,-0.20665384615384616
c1ccccc1CC(=O)n(c2=O)c(=O)n(C)c(c23)ccc(c3)C(=O)C4=C([O-])CCCC4=O,-5.373,32,-0.16790625
CCS(=O)(=O)[N-]c1ccc(c(c1)S(=O)(=O)c2cccs2)Oc3ccc(F)cc3F,-5.373,29,-0.1852758620689655
FC(F)(F)c1cc(ccc1Cl)N2CCN(C(F)(F)F)CC2,-5.372,21,-0.2558095238095238
O1CCOc(c12)cc(cc2)-c3cccc(c34)c(=O)cc(o4)CCOCCOCCOCCO,-5.372,33,-0.1627878787878788
n1ccnn1-n(nnc2C)c2-c3cccc(n3)Oc4cc(Br)ccc4Br,-5.372,26,-0.20661538461538462
CCCCCC[C@@H](C)Nc1cccc(c1)-c2csc(=O)[nH]2,-5.372,21,-0.2558095238095238
Cc1cc([nH]n1)[C@@H](C)Nc2cn[nH]c2,-5.372,14,-0.38371428571428573
CCC(=O)c1c[nH]c(c1)C(=O)NCc2ccc(cc2C(F)(F)F)NS(=O)(=O)C3CC3,-5.371,30,-0.17903333333333335
o1nc(C)c(c12)cc(c(c2)NC)Nc3ccncc3,-5.371,19,-0.2826842105263158
CN(C)C(=O)c1cccc(c1)-c2ccc(F)c(Cl)c2,-5.37,19,-0.2826315789473684
N#Cc1ccc(cc1)Nc2nccc(n2)CC(=O)[O-],-5.37,19,-0.2826315789473684
O=c([nH]1)c(Cl)ccc1CC(=O)c(cs2)c(c23)oc(cc3=O)N4CCOCC4,-5.37,27,-0.1988888888888889
CC[C@](C)(C(=O)[O-])Oc1ccc(cc1)CC[C@@H]2CCC[NH2+]C2,-5.369,22,-0.24404545454545454
Cc1cc(C)cc(c1)Oc2nccc(n2)-c3c(NCC[NH3+])ncn3[C@H]4CC[N@H+](C4)CCN,-5.369,32,-0.16778125
CC(C)C[C@H](N)C(=O)Nc1c(Cl)cccc1Cl,-5.369,17,-0.31582352941176467
O=c1ccc(cn1C)-c(cn(C)c2=O)c(c23)oc(c3)-c4c[nH+]c([nH]4)C5CCC5,-5.368,28,-0.19171428571428573
CN(C)CC[N@H+]1CC[C@H](C1)NS(=O)(=O)C,-5.368,15,-0.35786666666666667
O=c1[nH]c(cs1)-c2cccc(c2)NN3CC[N+](CC3)=C(N4)CSc(c45)cccc5,-5.368,29,-0.1851034482758621
CS(=O)(=O)NCCC[NH2+]Cc1ccc(c(Cl)c1)C2CC[NH2+]CC2,-5.367,23,-0.23334782608695653
Cc(n1)sc(c12)ccc(c2)C(=O)Cc3ccc(Cl)c(=O)[nH]3,-5.367,21,-0.25557142857142856
COc1cccc(c1)CC(=[NH2+])Nc(cc2)c3[n-]c(cc(c3c24)c([O-])n4C)N5CC[NH+](C)CC5,-5.366,33,-0.1626060606060606
Cc1cccc(c1C)Oc2nccc(n2)-c3ccc(cc3)C[C@@H]4SC(=O)[N-]C4=O,-5.365,29,-0.185
C1COCC[N+]1=c(o2)cc(O)c(c23)scc3Cc4ccc(F)cc4,-5.365,24,-0.22354166666666667
CCS(=O)(=O)Cc1cnc(c(c1)-c(ccn2)c(c23)[nH]cn3)Oc4ccc(F)cc4F,-5.365,30,-0.17883333333333334
o1cccc1C[NH2+][C@H](C)c2ccc(cc2)-c3cc(F)cnc3Cl,-5.365,23,-0.2332608695652174
Cn1c(C#N)ccc1CCCCCC(=O)[O-],-5.365,16,-0.3353125
Cc1cc(on1)CCCCCc(c(c23)CN(S(=O)(=O)C)CC3)nn2CCCN4CCOCC4,-5.364,33,-0.16254545454545455
C[NH+]1CCN(CC1)c2ccc(cc2)NCCC3CCCCC3,-5.364,22,-0.24381818181818182
Cc1noc(C)c1-c2ccc(cc2)[C@@H](C)Nc3c(C)nnn3C,-5.364,23,-0.23321739130434782
Cc1cc(N)[nH+]c(c1)CCCCCc2ccccn2,-5.363,19,-0.2822631578947369
Cc1nc(cs1)NCc2ccc(cc2)-c3c(C)noc3C,-5.363,21,-0.2553809523809524
c1nccn1C[C@@H]([NH2+]C(C)C)c2ccc(Cl)cc2Cl,-5.362,19,-0.28221052631578947
COc1ccc(cc1)S(=O)(=O)n(c(c23)ccc(c3)OC)cc2CCC(=O)C[C@H](C)O,-5.362,30,-0.17873333333333333
C[NH+]1CCN(CC1)c(c2)[n-]c3c(ccc(c3c24)n(C)c4O)NCCOCCOCCO,-5.361,31,-0.17293548387096774
CCc1ccc(nc1)CCc2ccc(N)[nH+]c2,-5.361,17,-0.31535294117647056
CN(C1)C(=O)Nc(c12)ccc(c2)S(=O)(=O)CCCCCO,-5.36,21,-0.25523809523809526
C1CCCC1(CC(=O)[O-])CC(=O)C(=O)c(c2C)nn(CCCCCO)c2-c3ccccc3,-5.36,32,-0.1675
c1cc(C)cc(c12)nc([nH]2)CCn3ccc(O)c(C(=O)[O-])c3=O,-5.359,23,-0.233
c1c[nH]c(c12)c(=O)n(C)cc2-c3ccccc3N[C@H]4[C@@H]([C@@H]45)COC5,-5.359,24,-0.22329166666666667
OC[C@@H](O)COCc1cc(O)cc(O)c1,-5.359,15,-0.3572666666666667
C1C[NH2+]CCC1N(C)c(nc(c23)ccs3)nc2[C@@H]4CCC[NH2+]C4,-5.359,23,-0.233
[nH]1cncc1[C@@H](CC)c2cccc(n2)C3CC3,-5.358,17,-0.3151764705882353
Cc1noc(C)c1-c2ccc(cc2)C[C@@H]3O[C@@H](C)[C@H](O)[C@@H](O)[C@H]3O,-5.358,24,-0.22324999999999998
Cc1cccc(c1C)NCC(=CC2=O)N=C([N+]2=3)C=C(N3)C4CCOCC4,-5.358,26,-0.20607692307692307
C[NH2+]Cc1ccc(cc1)-c(cn(C)c2=O)c(c23)oc(c3)-c4cc(C)c(c(C)c4)OCCO,-5.357,32,-0.16740625
C[C@@H](O)c1ccc(cc1)CN2CCC[NH2+]CC2,-5.357,17,-0.31511764705882356
O=C([O-])c1ccc(cc1)CNc(c[nH+]c2)c(c23)cccc3,-5.357,21,-0.2550952380952381
CC[N@H+]1CC[C@@H](CC1)Nc2cc(OC)cc(c2)OC,-5.356,19,-0.28189473684210525
c1ccccc1[C@H](C)C(=O)[C@H]2CC[C@@H](C)CC2,-5.356,17,-0.3150588235294118
CNCc1cccc(c1)CNNC(=O)c2ccc(c(c2)OC)OC3CC3,-5.356,26,-0.206
Nc1nccc(n1)-c2ccccc2Oc3ccccc3,-5.356,20,-0.2678
[nH]1nccc1-c(cnn2C)c2Oc3ccccc3,-5.355,18,-0.29750000000000004
COc1nc(N)nc(n1)-c2cnn(c2)CC(C)(C)O,-5.355,19,-0.2818421052631579
CCOC(=O)[C@@H]1OC[C@@H](O)[C@H]1O,-5.355,12,-0.44625000000000004
Nc1nc(SC)nc(c12)n(cn2)-c3ccc(nc3)N4CC[NH2+]CC4,-5.355,24,-0.22312500000000002
c1c[nH+]ccc1NNC[C@H](OC2=O)CN2c3ccc(c(F)c3)N4CCSCC4,-5.354,28,-0.19121428571428573
O=C[C@@H]1CCCN1C(=O)c2nccn2Cc3ccccc3,-5.354,21,-0.25495238095238093
[nH]1nccc1-c(cc2)cc(c23)[C@@H](C[C@H](C)N3C(=O)C)[NH2+]Cc4cc(C)ccc4C,-5.354,29,-0.18462068965517242
n1ccccc1N(C)CCN[C@H](Cc(c[nH]2)c(c23)cccc3)C(=O)Nc4ccncc4,-5.354,31,-0.17270967741935483
C[N+](C)(C)CCOP(=O)([O-])OC[C@H](OC(=O)CCCC)COc1cc(C)cc(C)c1,-5.353,30,-0.17843333333333333
CCCC(=O)C(=O)CCc(c(c12)cc(cc2)OC)cn1S(=O)(=O)c3ccc(OC)cc3,-5.353,31,-0.1726774193548387
CNc1cc(nc(N)[nH+]1)N2CCN(CC2)Cc(n[nH]3)c(c34)cccn4,-5.353,25,-0.21411999999999998
Fc1ccc(cc1C)S(=O)(=O)c2ccc(C)c(c2)NS(=O)(=O)C,-5.352,23,-0.23269565217391305
[nH+]1c[nH]cc1-c(o2)cc(c23)c(=O)n(C)cc3N4CCC(CC4)NC(=O)[C@@H]([NH3+])Cc(c[nH]5)c(c56)cccc6,-5.352,37,-0.14464864864864865
Brc1ccc(Br)c(c1)Oc2cccc(n2)C3COC3,-5.352,19,-0.2816842105263158
O=C([O-])CNS(=O)(=O)c1c(C)cc(cc1C)NNCCCc2cccc(c2)Oc3ccccc3,-5.351,34,-0.15738235294117647
CC(=O)Nc1cccc(c1)CC#Cc2ccc(cc2)C(=O)NCCC(F)(F)F,-5.351,28,-0.19110714285714286
CSc1ccc(cc1)C(=O)S(=O)(=O)C2CC2,-5.35,16,-0.334375
CC(C)C[C@H]([NH3+])C(=O)Cc(c1)oc(c12)cccc2,-5.35,18,-0.2972222222222222
C1CCC1CNc(c(c23)c(=O)[nH]nc2)c[nH+]c3NCc(c(F)cc4)c(c45)CCO5,-5.35,29,-0.18448275862068964
C[NH+](C)CCN1CCC(CC1)c2ccccc2C(=O)c3ccccc3,-5.35,25,-0.214
COC(=O)CC(=O)NCCCc1cc([S@](=O)C)c(C#N)c(=O)[nH]1,-5.349,23,-0.23256521739130437
CCCCCCCC(=O)O[C@@H](COP(=O)([O-])OCC[NH3+])COc1ccccc1Cl,-5.349,29,-0.18444827586206897
CNc1cc(nc(n1)N)N2CCN(CC2)Cc(n[nH]3)c(c34)cccn4,-5.348,25,-0.21392
CC(C)(C)S(=O)(=O)Nc1cc(ccc1Cl)N2CC[NH+](CC2)Cc3ccccc3,-5.347,28,-0.19096428571428573
CC(C)C[C@H]([NH3+])C(=O)Nc1ccc(Cl)c(c1)[N-]S(=O)(=O)C(C)(C)C,-5.346,24,-0.22275
Clc1cc(Cl)cc(c1)NN2CC[NH+](CC2)C3COC3,-5.346,19,-0.2813684210526316
CCCCCCC(=O)c(nc(c12)n(cn2)C(C)C)nc1NCc3ccc(cc3)OCCO,-5.346,32,-0.1670625
c1cccc(c12)c(c[nH]2)C[C@H]([NH3+])C(=O)c3ccc(cc3Cl)C[NH2+]CCc(n4)[nH]c(c45)cccc5,-5.345,34,-0.15720588235294117
CCCCC(=O)C(=O)[C@H](C(C)(C)C)NC(=O)c(c(c12)cccc2)nn1Cc3ccc(F)cc3,-5.345,33,-0.16196969696969696
CC(=O)NCCC[NH2+]Cc1ccc(CC(=O)[O-])c(Cl)c1,-5.345,20,-0.26725
O=C([O-])c1ccc(cc1)CN2CC[NH+](CC2)Cc3ccccc3,-5.344,23,-0.23234782608695653
Cc1ccc(cc1C)[N@@H+]2CCC[C@H](O)C2,-5.344,15,-0.3562666666666667
CC(=O)CCCCc1ccccc1,-5.344,13,-0.4110769230769231
C[N+]1=N[C@@H](C=C1)C(=O)CCC(=O)[O-],-5.343,13,-0.411
CNc1cc(nc(N)[nH+]1)N2CC[NH+](CC2)Cc(n[nH]3)c(c34)cccn4,-5.343,25,-0.21372
O=C1CN(CCN1)C(=O)c(cc2)nc(c23)sc(n3)NC(=O)C4CC4,-5.343,24,-0.222625
CC(C)(C)S(=O)(=O)C[C@H](C1CC1)C(=O)c2ccc(cc2)-c3ncccn3,-5.342,26,-0.20546153846153845
C1C[NH2+]CCC1n(nnc2C)c2-c3cnn(c3)CC(C)(C)O,-5.342,22,-0.2428181818181818
CC(=O)Nc1ccccc1C(=O)c2ccccc2[N+](=O)[O-],-5.342,21,-0.2543809523809524
CN(C)c1ccc(cc1)N(Cc2cc(Cl)cs2)c(cc3)cc(c3=4)=NC(=O)N4,-5.341,27,-0.19781481481481483
Cc1cc(ccn1)-c2ccc(cc2)S(=O)(=O)c3ccccc3,-5.341,22,-0.24277272727272728
CC(C)Oc(c1)c(C(=O)N)cc(c12)nccc2-c3c[nH+]c([nH]3)C4CCC4,-5.341,26,-0.20542307692307693
COc1ccc(cc1)Cn(nn2)c(c23)[C@@](C)(O)CC[C@H]3[NH2+]CC4(CCCC4)c5ccc(N(C)C)cc5,-5.341,36,-0.1483611111111111
CCOC(=O)Cc1nc(cs1)-c2ccc(cc2)C(=O)c3cccc(Cl)c3,-5.341,26,-0.20542307692307693
O=Cc1ccccc1/C=N/N=c2/[nH]c(cs2)-c(cc3)cc(c34)OCCO4,-5.341,26,-0.20542307692307693
O=C([O-])CCC[C@@H](O)/C=C/C=C/CCN1CCC[NH2+]CC1,-5.34,21,-0.2542857142857143
COC(=O)CC(=O)NCCCc1cc([S@](=O)C)c(C#N)c(=O)[n-]1,-5.34,23,-0.23217391304347826
o1nccc1C[C@]2(O)CC[N@H+](CC2)Cc3ccc(cc3Cl)-c4ncon4,-5.339,26,-0.20534615384615387
Cc1cc(C)cc(c1)Oc2nccc(n2)-c3c(CC(C)C)ncn3[C@H]4CCN(C4)CC[NH3+],-5.339,32,-0.16684375
Cc1nn(C)c(C)c1Cc(n2)n(c(c23)cccc3)CC4CCOCC4,-5.339,25,-0.21356000000000003
C=CCS(=O)(=O)c1ccc(F)c(C)c1,-5.339,14,-0.3813571428571429
c1cc(Cl)cc(c12)nc([nH]2)CCCCCNCc3cccnc3,-5.338,23,-0.23208695652173914
Cc1nn(C)c(C)c1-c2cccc(c2F)-c3ccc(F)cc3,-5.337,22,-0.24259090909090908
FC(F)(F)c1cccc(c1C)[C@@H](C)Nc(nnc2C)c(c23)cc(cc3)N4CC[NH+](CC4)C5COC5,-5.336,35,-0.15245714285714287
ONc(cc1)cc(c12)n(CCOC(F)(F)F)c(n2)C3CCOCC3,-5.336,24,-0.22233333333333336
c1ccncc1CNCCC[N@H+](CCO2)[C@@H]([C@H]23)CCC3,-5.336,20,-0.26680000000000004
COc1ccc(c(C)c1)Nc2ccccc2C(=O)[O-],-5.335,19,-0.28078947368421053
OCc1ccc(F)c(c1)[C@@H](c(ccc2)c(c23)OC(F)(F)O3)c4ncccc4Cl,-5.334,28,-0.19049999999999997
O=C([O-])C[C@H](C)CCCc1c(ccc(Cl)c2)c2nc(c13)CCCC3,-5.334,24,-0.22224999999999998
C1COCCN1C(=O)c(cnn2C)c2C(=O)CCNc(n3)sc(c34)cccc4,-5.334,28,-0.19049999999999997
n1ccccc1C(=O)c2cccc(c2)-c(cc3)nc(c34)sc(n4)NC(=O)C5CC5,-5.333,29,-0.18389655172413794
[nH]1c[nH+]cc1[C@@H](CC)c2cccc(n2)C3CC3,-5.333,17,-0.31370588235294117
c1ccccc1-c2ccc(cc2)CC3CC3,-5.332,16,-0.33325
COc1ccc(cc1)Cc2nnc([nH]2)-c3ccccc3,-5.332,20,-0.2666
C[C@H](O)C[C@@H](CC)c1cccc(n1)C2CC2,-5.331,16,-0.3331875
c1n[nH]c(=O)c(c12)c(NS(=O)(=O)C)cnc2NCc(c(F)cc3)c(c34)CCO4,-5.331,28,-0.19039285714285717
CS(=O)(=O)c1ccc(c(Cl)c1CCO)[C@@H](O)[C@@H]2[C@H](O)CCC[C@H]2O,-5.33,24,-0.22208333333333333
Cc1nc(C[NH+](C)C)ccc1-c2cc(F)c(c(F)c2)-c3cc(CO)ccc3F,-5.33,28,-0.19035714285714286
OC[C@@H](O)C(=O)C1CCCC1,-5.33,11,-0.48454545454545456
CCC(=O)c1c[nH]c(c1)C(=O)c2cccc(c2)[N-]S(=O)(=O)c3cccc(Br)c3,-5.33,28,-0.19035714285714286
Cc1n[nH]cc1C(=O)C(C)(C)Oc2ccc(cc2)CCNC(=O)c3ccc(Cl)cc3,-5.33,30,-0.17766666666666667
O=C([O-])COc1ccc(cc1C)SCc2nnc(s2)S(=O)(=O)c3ccc(F)cc3Cl,-5.33,30,-0.17766666666666667
c1cc(Br)cc(c12)c(C\C=C\C)nc(n2)N(C)CCC[NH+](C)C,-5.329,23,-0.23169565217391302
COc1ccc(cc1)S(=O)(=O)n(c(c23)ccc(c3)OC)cc2CCC(=O)C[C@H](C)OC,-5.329,31,-0.1719032258064516
C1CCCN1C(=O)c(cc2)cc(c23)nc(SCc4ccccn4)n(c3=O)-c(n5)oc(c56)cccc6,-5.329,35,-0.15225714285714284
n1cnc(N)c(c12)ncn2CC(=O)Oc(cc3)c(c4c35)ccc6c4c(cc5)ccc6,-5.328,30,-0.1776
n1cccc(c12)c(n[nH]2)Cc(cn3C)c(n3)COc4ccc(cc4)-c(ccc5)c(c56)[nH+]cn6C,-5.328,34,-0.1567058823529412
C[NH+]1CCN(CC1)c(cc2)cc(c23)n(Cc4ccccc4)c(n3)Nc5cc[nH+]cc5,-5.328,30,-0.1776
CC(C)OC(=O)n1cncn1,-5.327,11,-0.48427272727272724
Cc(n1)c(C)n(c12)nc(cc2)[C@@H]3CCCC[C@@H]3[C@H](O)C4CCCCC4,-5.327,25,-0.21308
O=C([O-])CC(=O)c(c1)ccc(c12)c(=O)n(CCCCC)c(n2)SCc3ccccn3,-5.327,30,-0.17756666666666668
c1cc(Br)ccc1\C=C\CC(=O)c2nccn2Cc3ccccc3,-5.326,24,-0.22191666666666665
CC(C)O[C@@H]1O[C@H](CO)[C@@H](O)[C@H]1O,-5.326,13,-0.4096923076923077
[NH3+]CCNC(=O)Cc1cc([nH+]c(n1)N)N2CCCCC2,-5.324,20,-0.2662
COC(=O)S(=O)(=O)c1ccc(F)c(C)c1,-5.324,15,-0.3549333333333333
C1CCCC1N([C@H](CC)C(=O)N2C)c(c23)nc(nc3)-c4ccnc(n4)Nc5ccc(C#N)cc5,-5.324,34,-0.15658823529411764
CCCCCCCC(=O)C(=O)c1ccc(cc1)C#CCNS(=O)(=O)c2ccccc2,-5.323,30,-0.17743333333333336
Cc1ccc(cc1)S(=O)(=O)NCCO,-5.323,14,-0.3802142857142857
c1cccc(c12)nc(o2)[C@@H]3CCC[NH2+]C3,-5.323,15,-0.3548666666666667
N#Cc1ccc(cc1C)Oc2ccc(cc2)CC(=O)Cc3ccco3,-5.323,25,-0.21292000000000003
O=C([O-])CCC[C@@H](O)/C=C/C=C/CCCCNS(=O)(=O)c(ccc1)c(c12)ccnc2,-5.322,30,-0.1774
c1cccc(c12)[N-]C(=CS2)c3[nH+]cc[nH]3,-5.322,15,-0.3548
Cc1cccc(c1)N2CC[NH+](CC2)CCCCCCCCC(=O)[O-],-5.322,24,-0.22175
FC(F)(F)c(c1)cc(N)cc1[C@@H](C)NCCOc2ccc(cc2)C[C@@H]3SC(=O)NC3=O,-5.322,31,-0.1716774193548387
FC(F)(F)OCCC(=O)[C@H](C(C)(C)C)NC(=O)c(c(c12)cccc2)nn1Cc3ccc(F)cc3,-5.321,34,-0.1565
CCOC(=O)c1cnn(C)c1C(=O)Cc2cc(O)cc(O)c2,-5.321,22,-0.24186363636363636
Cc1ncsc1C(=O)N2CCS[C@@H](CC2)c3cccs3,-5.32,20,-0.266
O[C@H]1CC[C@@H](CC1)Nc2cc[nH+]cc2F,-5.32,15,-0.3546666666666667
CCCCC(=O)OC[C@H](CO)Oc(c(n1)-c2ccc(F)cc2)c(n13)ccnc3N4CCC(O)CC4,-5.32,35,-0.152
C[NH2+]C[C@@H](O)COc1ccc(Cl)c(c1)OC[C@H](O)CO,-5.32,20,-0.266
O=P([O-])(O)OP(=O)([O-])SC/C=C(\C)CCCN(C)c1ccc(C)cc1,-5.319,25,-0.21276
C1C[NH2+]CCC1c2cn(C)c(=O)c(c23)cc(o3)-c4cnc[nH]4,-5.319,22,-0.24177272727272728
N#Cc(cc1)ccc1N[C@H](C[C@H](C)N2C(=O)C)c(c23)cc(cc3)N4CCC([NH+](C)C)CC4,-5.319,32,-0.16621875
c1ccccc1CC[C@H](C[C@H](C)N2C(=O)C)c(c23)cc(cc3)-c4[nH]ncc4,-5.319,27,-0.197
C[C@H]1CC[C@H](CC1)C(=O)C(=O)[C@@H](C2)Oc(c23)c(cc(Cl)c3)-c4ccnc(N)c4,-5.318,28,-0.18992857142857142
c1cccc(c12)[nH]c([nH+]2)CC[NH2+]Cc(cc3C)ccc3C(=O)COc4cccc(F)c4,-5.318,31,-0.17154838709677417
CN1C(=O)[C@@H](C)N(C2CC2)c(c13)cc(cc3)CCCCCc4ccccn4,-5.317,27,-0.19692592592592592
COc(c1)c(OC)cc(c12)c(nc([nH+]2)C)N[C@H](C)c3cccc(c3)C[C@@H]4CCCN(C4)C(=O)C,-5.317,34,-0.15638235294117647
C=CCc1c(Br)cc(Br)cc1Br,-5.317,12,-0.44308333333333333
Clc(c1)cncc1-n(cn2)c(c23)nc(N[C@H](CC)CO)nc3NCc4ccc(cc4)OCCO,-5.317,34,-0.15638235294117647
O=C1CCCC([O-])=C1C(=O)c(cc2)c(C)c(c23)c(=O)n(c(=O)n3C)OCc(c4)oc(c45)cccc5,-5.317,35,-0.15191428571428572
COc1cc(OC)cc(c12)nc([nH]c2=O)C3C=C3,-5.316,18,-0.29533333333333334
c1ccccc1Oc2cccc(n2)C[N@H+]3CC[C@@H](CC3)CCc4c[nH+]c[nH]4,-5.316,27,-0.1968888888888889
CC(C)C[C@H]([NH3+])C(=O)NCc1cccc(c1)Oc2ccccc2,-5.316,23,-0.2311304347826087
C[NH2+]C[C@@H](O)Cc(n1)c(C)c(C(=O)[O-])c(c12)ccnc2,-5.315,20,-0.26575000000000004
CN(C)C(=O)c1cccc(c1)-c(c(c23)cc[nH]3)cn(c2=O)Nc4cncs4,-5.315,27,-0.19685185185185186
O=C(C1)NC[C@@H]1[C@@H](C)Oc(c(c23)cccn3)cc(c2)Cc4ccccc4C(=O)[O-],-5.313,29,-0.18320689655172412
CCCCn1cc(nn1)CNc2cc(Cl)c[nH]c2=O,-5.312,19,-0.2795789473684211
Cc1cc(C)cc(c1)Oc2nccc(n2)-c3c(-c4ccccc4F)ncn3[C@H]5CCN(C5)CC[NH3+],-5.312,35,-0.15177142857142858
CCCCCC[C@@H](C)[NH2+]NNC(=O)c1cc(C(C)(C)[NH3+])cc(n1)-c2ccc(F)cc2,-5.312,30,-0.17706666666666668
Cc1nn(C)c(Cl)c1S(=O)(=O)NCc2ccc(cc2)N(C3=O)C(=O)N([C@H]34)CC[C@H]4O,-5.312,30,-0.17706666666666668
COCCNC(=O)c1ccsc1C(=O)[O-],-5.31,15,-0.354
O[C@@H]1[C@H](O)[C@@H](CO)O[C@H]1[C@H](C)c2c(Cl)ccc(F)c2Cl,-5.31,20,-0.26549999999999996
c1cccc(c12)C(=O)c3c(C2=O)nnn3N4CCN(CC4)Cc5ccccc5,-5.31,28,-0.18964285714285714
O=C([O-])c1ccc(cc1)NCc2ccc(cc2)[NH+]3CCCCC3,-5.31,23,-0.2308695652173913
Cc1cc([nH]n1)[C@@H](C)Nc2cc(F)cc(Br)c2,-5.31,17,-0.31235294117647056
CCNC(=O)c1cc(c[nH]1)C(=O)CC,-5.31,14,-0.3792857142857143
CNc1cc[nH+]c(n1)Nc(cc2)cc(c23)n(c(c3)C)[C@@H]4O[C@H](CO)[C@@H](O)[C@H]4O,-5.309,28,-0.18960714285714286
CCOc1ccc(C(=O)C)cc1S(=O)(=O)CC,-5.309,17,-0.31229411764705883
CCCNC(=O)[C@H]1O[C@H]([C@H](O)[C@@H]1O)c2cc(ncn2)Oc3ccc(OC)cc3,-5.308,28,-0.18957142857142856
N#Cc1c(=O)[nH]c(cc1[S@](=O)C)NCc2cccc[nH+]2,-5.308,20,-0.26539999999999997
C1COCCN1C(=O)Cc2ccc(cc2)-c(n3)oc(c34)cccc4,-5.308,24,-0.22116666666666665
COc1cc(OC)c(cc1C)CCCCCc2cc(C)no2,-5.307,22,-0.24122727272727273
c1ccccc1C(=O)Cc(oc2C)nc2CC[C@H](O)c3ccc(cc3)C[C@@H]4SC(=O)NC4=O,-5.307,33,-0.16081818181818183
O=C(N1)C(C)(C)Oc(c12)cc(c(c2)OC)Nc(ccc3)n(c34)nc(n4)N,-5.306,26,-0.20407692307692307
Cc(n1)c(C)n(c12)nc(cc2)OCc3nc(cn3C)Nc4c(CC(C)C)nn(C)c4C,-5.306,31,-0.17116129032258065
O=C([O-])CCC[C@@H](O)/C=C/C=C/C/C=C/CCN1CCOC[C@@H]1c2ccccc2,-5.306,29,-0.1829655172413793
CC(=O)Nc1ccccc1-n2nc(C)c(c2C)/C=N/N3CCN(CC3)Cc4ccccc4,-5.305,32,-0.16578125
O[C@@H]1[C@H](O)CO[C@H]1[C@H](C)c2cc(N)cc(C(F)(F)F)c2,-5.305,20,-0.26525
CC(=O)N1[C@@H](C2CC2)CN(c(c13)cccc3)Cc4ccc(Cl)cc4,-5.304,24,-0.221
CCC(CC)Cc1ccc(cc1)-c2c(C)noc2C,-5.304,19,-0.2791578947368421
CS(=O)(=O)N1CC[C@@H](C1)S(=O)(=O)c2ccc(F)cc2Cl,-5.303,20,-0.26515
COC(=O)CC(=O)NCCCc1ncc(Cl)c(n1)Oc2ccccc2NC(=O)C,-5.303,29,-0.18286206896551724
C1CCCCN1c([nH+]2)cc(nc2N)Nc3ccccc3F,-5.303,21,-0.25252380952380954
CCCC(=O)c1c(C)nnn1C,-5.303,12,-0.4419166666666667
CC(C)Oc(c1)c(C(=O)N)cc(c12)nccc2-c3cnc([nH]3)C4CCC4,-5.303,26,-0.20396153846153847
O=C1CCCc(c12)n(c(c2)CC)-c3cc(F)cc(Br)c3,-5.303,20,-0.26515
COc1ccc(c(C)c1)Nc(c2)c(O)cc(c23)NC(=O)C(O3)(C)C,-5.303,24,-0.22095833333333334
C1CC1Oc2ccc(cc2OC)C(=O)NNC(=O)c3cc(C(C)(C)[NH3+])cc(n3)C(=O)C4CC4,-5.301,33,-0.16063636363636363
[NH3+][C@H]1CCCN(C1)C[C@H](O)CCCC(=O)[O-],-5.301,16,-0.3313125
C[NH+]1CCN(CC1)c(c2)[n-]c3c(ccc(c3c24)n(C)c4O)Nc5ncccn5,-5.3,28,-0.18928571428571428
C[C@H](O)Cn1cc[nH+]c1,-5.299,9,-0.5887777777777778
O=C([O-])C(C)(C)Oc1c(C)cc(cc1C)C[C@@H]2CC[N@H+](CC2)Cc3cccc(n3)Oc4ccccc4,-5.298,36,-0.14716666666666667
C[C@H]([NH3+])[C@@H](O)C(=O)c(cc1)cc(c12)OCCO2,-5.298,17,-0.3116470588235294
C[NH+]1CCN(CC1)c(cc2)cc(c23)n(c([nH+]3)NCC[NH3+])Cc4ccccc4,-5.298,27,-0.19622222222222221
Cn1cc(nn1)[C@@H]2CCCC[C@@H]2[C@H](O)C3CCCCC3,-5.297,20,-0.26485
Clc1cccc(Cl)c1C(=O)c2c[n-]c(c2)C(=O)[C@@H]3CCC[NH2+]C3,-5.297,23,-0.23030434782608694
C[NH2+]Cc1ccccc1-c(n2)n(C)c(c23)c(=O)n(c(=O)n3C)Cc4ccc(Cl)c(Cl)c4,-5.297,31,-0.17087096774193547
O=c1[nH]cc(Cl)cc1C(=O)CC[NH2+]Cc2ccc(c(Cl)c2)-c3ccccc3,-5.296,27,-0.19614814814814815
Cc1ccnc(c1)CCCCCCCSP(=O)([O-])OP(=O)([O-])[O-],-5.296,23,-0.2302608695652174
c1c(Cl)ccc(c12)n(CC#C)c(c2)CCCC(=O)[O-],-5.296,19,-0.27873684210526317
N#Cc1c(=O)[n-]c(cc1[S@](=O)C)NCc2cccc[nH+]2,-5.296,20,-0.26480000000000004
c1ccccc1N[C@H](C[C@H](C)N2C(=O)C)c(c23)cc(cc3)CC(=O)NCC[NH3+],-5.296,28,-0.18914285714285714
CN(C1)C(=O)Nc(c12)ccc(c2)NNC3CCOCC3,-5.295,20,-0.26475
C[NH+](C)CCCN(C)c(nc(c12)ccc(Br)c2)nc1-c3n[nH]cc3-c4ccncc4,-5.295,30,-0.1765
[NH3+]Cc1cc(Cl)cc(c1Cl)C(=O)CCCCCCCCCO,-5.295,22,-0.2406818181818182
Nc1nccc(n1)CCOc2ccc(cc2)C[C@@H]3SC(=O)[N-]C3=O,-5.294,24,-0.22058333333333333
n1c[nH]cc1-c2ccc(nc2)N3CC[NH2+]CC3,-5.294,17,-0.31141176470588233
COC(=O)[C@H](C(C)(C)C)NC(=O)c(on1)c(c12)cccc2,-5.294,21,-0.2520952380952381
c1cccc(c12)c(nc(=O)[nH]2)-c3c(-c4ccc(F)cc4)ncn3C5CC[NH2+]CC5,-5.293,29,-0.18251724137931036
c1n[nH]c([O-])c(c12)c(=N\S(=O)(=O)C)/c[nH+]c2NCc(c(F)cc3)c(c34)CCO4,-5.292,28,-0.189
Cc1ccc(C)c(c1)C[NH2+]CC[NH2+]C/C=C/c2ccc(Br)cc2,-5.292,23,-0.23008695652173913
FC(F)(F)C(=O)N[C@@H](C(C)(C)C)C(=O)c(c(Cl)cc1)c(c12)nnn2Cc(n[nH]3)c(c34)cccn4,-5.292,34,-0.15564705882352942
O=C([O-])C(=O)/C=C(\O)c1ccc(cc1)C(=O)NCc2ccccc2,-5.292,24,-0.2205
OCCCCCc1ccc(cc1Cl)CNCCc2c[nH+]c[nH]2,-5.292,22,-0.24054545454545453
c1cc(Cl)ccc1N[C@H](C[C@H](C)N2C(=O)C)c(c23)cc(cc3)C(=O)[C@@H](N)CO,-5.291,28,-0.18896428571428572
n1cncn1C(=O)c2cccc(c2)S(=O)(=O)N(CC3)Cc(c34)cccc4,-5.291,26,-0.20350000000000001
OCCOc1c(C)cc(cc1C)N2CC[NH+](CC2)Cc3ccccc3,-5.291,25,-0.21164000000000002
c1cc(F)ccc1-c(c2)nc(cc2C(C)(C)[NH3+])C(=O)NNc3ccc(cc3)CC[NH3+],-5.291,30,-0.17636666666666667
CC(C)C[NH2+]CC(=O)Cc(cc1C)cc(C)c1Nc2ccnc(n2)Nc3ccc(C#N)cc3,-5.29,33,-0.1603030303030303
Cn(n1)ccc1-c(ncn2)cc2N(C)CCOc3ccc(cc3)C[C@@H]4SC(=O)NC4=O,-5.29,31,-0.1706451612903226
O=C([O-])c1c(O)cc[n+](c1O)Cc2cccc(c2)Cc3ccc(Cl)cc3,-5.29,26,-0.20346153846153847
Clc(c1)c(F)ccc1S(=O)(=O)CCCCCO,-5.29,17,-0.3111764705882353
Cc1cc(C)cc(c1)Oc2nccc(n2)-c3c(CC4CCOCC4)ncn3[C@H]5CCN(C5)CC[NH3+],-5.29,35,-0.15114285714285713
o1cccc1C(=O)c2cc(F)c(c(F)c2)-c3cc(CO)ccc3F,-5.289,24,-0.220375
FC(F)(F)c(c1)cccc1[C@@H](C)n2ccnc2C(=O)Nc(cc3)cc(c34)n(nn4)C,-5.289,30,-0.17629999999999998
S=C(N1)OC(C)(C)c(c12)cc(cc2)-c3ccc(cc3)CC(=O)N4CCOCC4,-5.288,28,-0.18885714285714286
O=C([O-])Cc1cccc(c1)-c2ccc(OS(=O)=O)cc2,-5.288,20,-0.2644
O=C([O-])c1cccc(c1)N[C@H]2C[C@H](O)[C@H](O2)COP(=O)[O-],-5.287,21,-0.25176190476190474
CCOc1ccc(C(=O)C)cc1-c2cc(NC(=O)c3ccco3)cc(c2)[C@H](C)c4noc(=O)[nH]4,-5.287,34,-0.1555
c1cccc(c12)nc(s2)-c3c[nH]c(n3)C4CCC4,-5.286,18,-0.29366666666666663
O=C1OCCCN1NCc2ccccc2,-5.284,15,-0.3522666666666667
COc1ccc(cc1)S(=O)(=O)c2ccccc2CO,-5.283,19,-0.2780526315789474
CC1=NCS[C@@H]1c2ccc(cc2)CNC(=O)Cc3cccc(C)c3,-5.283,24,-0.22012500000000002
C1CC1c(n2)[nH]c(c23)cc(-c4c(C)onc4C)cc3-c5ccc(S(=O)(=O)N)cc5,-5.283,29,-0.18217241379310345
OCCOc(cc1)ccc1Cc(c(c2)C(=O)N)cc(c23)c(cc[nH+]3)O[C@@H]4CCC[NH2+]C4,-5.282,31,-0.17038709677419356
C[NH+]1CCN(CC1)c(c2)[nH]c3c(ccc(c3c24)n(C)c4O)Nc5ncccn5,-5.282,28,-0.18864285714285714
N#CCCN(C)c(c(c12)sc(c2)C(C)(C)C)nc([nH+]1)C[C@H]3CC[C@H](C(=O)[O-])CC3,-5.282,29,-0.18213793103448275
c1nccc(c12)c(ccc2)S(=O)(=O)NCCc3ccc(cc3Cl)C[NH2+]CCc4c[nH+]c[nH]4,-5.282,32,-0.1650625
NC(=O)CCNCc1ccc(c(Cl)c1)CCc2cnc[nH]2,-5.282,21,-0.25152380952380954
N#C[C@H]1C[C@H](C1)c2ccc(cc2Cl)C[NH2+]CCc3ccc[nH]3,-5.281,22,-0.24004545454545453
N#Cc1cc(Cl)cc(c1)CCC[NH2+]Cc2cccnc2,-5.281,20,-0.26405
C1COCC[N+]1=c(o2)cc(O)c(c23)scc3NCc4ccccn4,-5.281,24,-0.22004166666666666
CC(=O)N[C@H]1CCN(C1)c2cccc(c2F)-c3c(C)nn(C)c3C,-5.28,24,-0.22
O=c([n-]1)[nH]c(=O)cc1C(=O)N2CCN(CC2)c3c[nH+]c([nH]3)C4CCCC4,-5.28,26,-0.2030769230769231
Cc1c(C#N)n[nH]c1NC(=O)[C@@H](N)CC(C)C,-5.28,17,-0.31058823529411766
COc1ccc(Br)cc1S(=O)(=O)CCC(F)(F)F,-5.28,18,-0.29333333333333333
CCC(=O)c1ccc(CCC(=O)N)cc1NC(=O)c(cc2)nc(c23)cccc3,-5.279,28,-0.18853571428571428
C1CCCCC1S(=O)(=O)Cc2cccc(n2)Oc3ccccc3,-5.278,23,-0.2294782608695652
[NH3+]Cc1ccc(c(Cl)c1)C(=O)c2csc(n2)N3CC[N+](CC3)=C(N4)CSc(c45)cccc5,-5.277,32,-0.16490625
Nc(c1)cccc1[C@@H](C)CCCCCc2cc(no2)COCOCCO,-5.277,26,-0.20296153846153847
FC(F)(F)c(cc1)ccc1-c(ncc2C)n2Cc3ccccc3,-5.276,23,-0.2293913043478261
C1C[NH2+]CCC1n(nnc2C)c2-c3cccc(n3)CC(c4ccccc4)c5ccccc5,-5.276,32,-0.164875
Fc1ccc(c(F)c1)NN(CCO2)[C@@H]([C@H]23)CCC3,-5.276,18,-0.2931111111111111
c1ccccc1[C@H](N(C)C2=O)c(c23)cc(cc3)C(=O)c4ccsc4C(=O)[O-],-5.273,27,-0.19529629629629627
Cc1n[nH]c(C2CC2)c1Cc3cccc(c3)Oc4ccccc4,-5.272,23,-0.22921739130434785
O=C([O-])[C@@H](C)C(=O)C(O)(C(F)(F)F)C(F)(F)F,-5.272,17,-0.31011764705882355
n1cccc(c12)c(c(C)cc2)-c(ccn3)c(c34)cccc4,-5.271,21,-0.251
COc1ccc(Br)cc1S(=O)(=O)Nc2cccc(c2)-c3c[nH]cn3,-5.271,24,-0.219625
c1c[nH]c(=O)c(n12)c(C)cc2S(=O)(=O)c3ccc(cc3)C#CCNS(=O)(=O)C,-5.271,28,-0.18825
COc1ccc(Br)cc1S(=O)(=O)Nc2cccc(c2)-c3cnc[nH]3,-5.27,24,-0.21958333333333332
C[NH+](C)CCNCc1ccc(C(=O)[O-])cc1,-5.27,16,-0.329375
COc1ccc(cc1OC)N(NC2CC2)CC(=O)NC(C(C)C)C(C)C,-5.269,26,-0.20265384615384616
s1cccc1S(=O)(=O)C(=O)Cc(cnc2)c(c23)c(O)ccc3,-5.268,22,-0.23945454545454545
C[NH2+]Cc1ccc(cc1)-c(cc2)cc(c23)[C@H](N[NH2+][O-])C[C@H](C)N3C(=O)C,-5.268,26,-0.2026153846153846
COc1ccc(Br)cc1S(=O)(=O)c2ccc(Cl)c(C(F)(F)F)c2,-5.268,23,-0.22904347826086954
CCCCCC(=O)n(n1)c(Nc2ccccc2)c(c13)c(=O)[n+](C)c4n3[C@@H]5[C@H](N4)CCC5,-5.268,31,-0.16993548387096774
c1cnccc1NC(=O)[C@@H](Cc(c[nH]2)c(c23)cccc3)NCc4cccc(F)c4,-5.268,29,-0.1816551724137931
COc(cc1)cc(c12)c(CCC(=O)[O-])cn2Cc3ccco3,-5.267,22,-0.23940909090909093
c1cccc(c12)c(N[C@H](C)C3CC3)nc(n2)C(=O)c4ccc(cc4)-c5ncccn5,-5.266,30,-0.17553333333333335
Cn1nc(cc1)N2CCN(CC2)C(=O)c3cc(=O)[nH]c(=O)[nH]3,-5.265,22,-0.2393181818181818
COc1cccc(c1)CC(=[NH2+])N/N=C/c2ccc(o2)-c3ccccc3Cl,-5.265,26,-0.20249999999999999
N#CCCC[C@@H](OCC)CSc1ccc(c(C)c1)OCC(=O)[O-],-5.265,23,-0.22891304347826086
Cc1cc(n[nH]1)[C@@H](C)[NH2+]Cc(cc2)nc(c23)cccc3,-5.264,20,-0.2632
c1c[nH]c(c12)c(=O)n(C\C=C\C)cc2C(=O)CNCC(C)C,-5.264,22,-0.23927272727272728
O=c1[nH]cc(Cl)cc1Nc2ccc(O)cc2,-5.263,16,-0.3289375
OCC(C)(C)Nc1csc(C(F)(F)F)c1,-5.263,15,-0.35086666666666666
C1CCN1c(n2)n(C)c(c23)c(=O)n(c(=O)n3C)Cc4ccc(Cl)c(Cl)c4,-5.263,26,-0.20242307692307693
CCOc1ccc(C(=O)C)cc1-c2cc(NN3CCC(O)CC3)cc(c2)-c4ccn(n4)C,-5.263,32,-0.16446875
FC(F)(F)c(n1)nc(n12)nc(C)cc2S(=O)(=O)c3ccc(nc3)NCCN4CC[NH+](C)CC4,-5.263,33,-0.15948484848484848
[nH+]1ccccc1N(C)CCN[C@H](Cc(c[nH]2)c(c23)cccc3)C(=O)Nc4ccncc4,-5.263,31,-0.1697741935483871
Cc1ncsc1C(=O)c2ccc(S(=O)=O)cc2,-5.262,17,-0.30952941176470583
CCCNC(=O)[C@H]1O[C@@H]([NH2+]C(C)(C)C)[C@H](O)[C@@H]1O,-5.261,18,-0.2922777777777778
CC(C)C(C(C)C)[NH2+]CCNC(=O)c1c(-c2cccc(c2)CC(=O)[O-])noc1-c3ccccc3,-5.261,34,-0.15473529411764705
O=C1[N-]C(=O)[C@@H](S1)Cc2ccc(cc2)C(=O)c3cccc(Cl)c3,-5.261,23,-0.2287391304347826
CCS(=O)(=O)Nc1ccc(CC[NH3+])c(c1)-c(cn(C)c2=O)c(c23)oc(c3)-c4cnc[nH]4,-5.261,31,-0.16970967741935483
NC(=O)[C@@H](C)C(=O)COc1cccc(F)c1,-5.26,16,-0.32875
O=C1NC(=O)[C@@H](S1)Cc2ccc(cc2)-c(ccn3)c(c34)cccc4,-5.259,24,-0.21912500000000001
CCOC(=O)[C@@H](C1CC1)CS(=O)(=O)N2CCCC2,-5.258,18,-0.2921111111111111
CO[C@@H](C)Cc1c(C)nnn1C,-5.258,12,-0.43816666666666665
Cc1cc(N)[nH+]c(c1)CCCCCc2cc(CS(=O)(=O)C)cnc2Oc3ccc(F)cc3F,-5.257,33,-0.15930303030303028
CCS(=O)(=O)Nc1ccc(CC[NH3+])c(c1)-c(cn(C)c2=O)c(c23)oc(c3)-c4c[nH]c[nH+]4,-5.257,31,-0.16958064516129032
C1CCCCC1[NH+]2CCC2,-5.257,10,-0.5257
O=C([O-])Cc1c[nH+]c([nH]1)C2CCCC2,-5.256,14,-0.37542857142857144
O=C1CN(CCN1)Cc2ccc(Cl)c(Cl)c2,-5.256,16,-0.3285
COc1ccccc1-c2ccc(C#N)c(C)c2,-5.256,17,-0.30917647058823533
Cc1nn(C)c([O-])c1C(=O)c(cc2)c(C)c(c23)c(=O)n(c(=O)n3C)NCCC(F)(F)F,-5.255,31,-0.16951612903225807
CNc1cc(nc(N)[nH+]1)N2CCN(CC2)[NH2+][C@H](C(=O)[O-])Cc(c[nH]3)c(c34)cccc4,-5.255,30,-0.17516666666666666
COc1ccc(cc1)Cn(nn2)c(c23)[C@@](C)(O)CC[C@H]3Cc4cccc(n4)Oc5ccccc5,-5.254,34,-0.15452941176470586
C1C[NH2+]CCN1C(=O)[C@@H](C2)Oc(c23)c(cc(Cl)c3)-c4c[nH]c(n4)C5CCC5,-5.254,27,-0.19459259259259257
CC[C@H](C)[C@H]([NH3+])C(=O)c(n1)n(C)c(c12)c(=O)n(c(=O)n2C)Cc3ccc(Cl)c(Cl)c3,-5.254,30,-0.1751333333333333
Cc1cc(C)cc(c1)Nc2cccc(n2)-c3c(C)nnn3CC[N@@H+]4CCN(C)C(=O)[C@H]4C,-5.254,32,-0.1641875
Cc1cc(C)cc(c1)Oc2cccc(n2)N3CCN(CC3)C(=O)c4cc(=O)[nH]c(=O)[nH]4,-5.252,31,-0.16941935483870968
O=P([O-])([O-])OP(=O)([O-])SCCc1ccoc1,-5.252,16,-0.32825
COc1ccc(cc1)Oc2cc(ncn2)N(C)CCC(=O)c3ccc(cc3)N4CCCCC4,-5.251,33,-0.15912121212121214
CC(C)(C)c1ccc(cc1)C(=O)OCc2ccccc2,-5.251,20,-0.26255
CCn(cn1)c(c12)c(=O)[nH]c(=O)n2-c3cccc(Cl)c3,-5.251,20,-0.26255
COc1ccc(cc1)Oc2cc(ncn2)N(C)CCC(=O)c3ccc(F)cc3,-5.251,28,-0.1875357142857143
C1COCCN1c(c2)ncc(c23)c(C)[nH+]nc3N[C@H](C)c4cccc(c4)S(=O)(=O)N,-5.25,30,-0.175
CCc1cccc(C)c1N[C@@H]2CC[N@@H+](C2)CCN(C)C,-5.25,20,-0.2625
Cc1ncsc1-c2ccc(cc2)CNNCC[NH+]3CCOCC3,-5.249,23,-0.22821739130434782
Cc1noc(C)c1S(=O)(=O)C(=O)[C@@H](C2)Oc(c23)c(cc(Cl)c3)-c4cc[nH+]c(N)c4,-5.249,29,-0.181
Clc1cc(Br)cc(Cl)c1S(=O)(=O)c2c[nH]c(n2)C3CCC3,-5.248,21,-0.2499047619047619
COC(=O)CCCCn(c1=O)c2sc(c3c2c(n14)ncn4)C[N@@H+](CC3)CC5CCOCC5,-5.248,32,-0.164
n1[n-]cnc1[C@@H](C)[NH2+]Cc2ccc([N+](=O)[O-])cc2,-5.247,18,-0.2915
O[C@@H]1[C@H](F)Cc(c12)c(cnc2C(F)(F)F)-c3ncccn3,-5.246,21,-0.24980952380952384
CC[C@H](C)[C@H]([NH3+])C(=O)c1ccc(C)c(c1)NS(=O)(=O)C,-5.246,20,-0.26230000000000003
C1CCCCC1c(n2)[nH]c(c23)n(c(=O)n(c3=O)CCC)CCCNN4CCCC4=O,-5.246,30,-0.17486666666666667
c1ccccc1Cc2n(CCCCCO)nc(c2C)C(=O)NC34C[C@@H]5C[C@H](C4)C[C@@H](C5)C3,-5.245,32,-0.16390625
Cc1cc(n[nH]1)[C@@H](C)Nc(c(c23)cn[nH]c3=O)ncc2-c4ccc(C[NH+](C)C)nc4C,-5.245,31,-0.16919354838709677
[nH+]1cc[nH]c1CCC2CC[NH2+]CC2,-5.244,13,-0.40338461538461534
C[N@@H+]1CC[C@@H](C1)n(nn2)c(c23)ccc(Cl)c3Oc4cc(Cl)cc(c4Cl)C[NH3+],-5.243,27,-0.1941851851851852
C1C[NH2+]CCC1n(nnc2C)c2Nc3ccncc3,-5.243,19,-0.27594736842105266
CCCn(c1=O)c(=O)n(CCC)c(c12)nc([nH]2)-c3ccnc(n3)Oc4cc(C)cc(C)c4,-5.243,32,-0.16384375
COc1ccc(cc1)Oc2cc(ncn2)-c(n3)c(C#N)c(N[C@H](C)C(=O)[O-])c(c34)cc(F)cc4,-5.242,34,-0.1541764705882353
CC(C)Oc1ccc(cc1)Cn(n2)c(Nc3ccccc3)c(c24)c(=O)[n+](C)c5n4[C@@H]6[C@H](N5)CCC6,-5.242,35,-0.14977142857142858
Cc1ccc(c(C)c1)NC(=O)c2ccc(cc2)-c3ccoc3,-5.241,22,-0.2382272727272727
C[NH+](C)CCCN(C)c(nc(c12)ccc(Br)c2)nc1-c3cc(CO)ccc3F,-5.241,28,-0.18717857142857142
c1cc(F)ccc1C(=O)NCCC[NH2+]C2CCN(CC2)Cc3cccc(n3)Oc4ccccc4,-5.241,34,-0.15414705882352941
Cc1nn(C)c(C)c1CN(C)c2nc([C@H]3CCCC[NH2+]3)nc(n2)N(C)CCC(=O)NC4CC4,-5.24,33,-0.15878787878787878
NC(=O)CCNCc1ccc(c(Cl)c1)-c2cn[nH]c2,-5.24,19,-0.27578947368421053
Nc1cc(ccn1)Cc2ccc(Cl)c(Cl)c2,-5.24,16,-0.3275
O=C([O-])COc1ccc(cc1C)SCc2sc(nc2C)C[C@H](O)[C@H](N)CO,-5.239,27,-0.19403703703703704
C[C@@H]1C(=O)N(C)CCN1CCc2cc(CO)ccc2F,-5.239,20,-0.26195
CC[C@@H]([C@H](C)O)S(=O)(=O)C(C)(C)C,-5.239,13,-0.40299999999999997
Cc1noc(C)c1S(=O)(=O)c2ccccc2,-5.239,16,-0.3274375
[NH2+]1CCCC[C@@H]1N(C)CCO[C@@H]2CC[C@@H](CC2)C[C@@H](C([O-])=O)S(=O)(=O)C3CC3,-5.239,28,-0.18710714285714286
C[NH2+]Cc1ccccc1N[C@H](CCC2)c(c23)cnn3-c4ccccc4F,-5.238,26,-0.20146153846153847
NC(=O)c1ncc(cn1)CCCCCCCCCOC(=O)[C@H](O)CO,-5.238,25,-0.20952
Fc1ccc(cc1)-c2ncn(c2NC3CC3)C4CC[NH2+]CC4,-5.237,22,-0.23804545454545456
CCS(=O)(=O)Cc1cnc(c(c1)-n2cc(O)cn2)Oc3ccc(F)cc3F,-5.237,27,-0.19396296296296298
CCNC(=O)c1ccc(c(c1)-c2cn(C)nn2)-c3ccc(cc3)C4=N[C@@H](C)CO4,-5.237,29,-0.18058620689655172
c1cc(Br)ccc1[C@@H](C)NN2CCOCC2,-5.237,16,-0.3273125
Cc1cc(C)nc(n12)nc(n2)CC(=O)CCC#N,-5.236,18,-0.29088888888888886
CC1=NCS[C@@H]1c2ccc(cc2)CNc(cc[nH+]3)c(c34)[nH]c([nH+]4)N,-5.236,24,-0.21816666666666665
C=CC1=C(C)C(=O)N[C@@H]1C[C@H](C)N2CCOCC2,-5.236,18,-0.29088888888888886
OCCCC(=O)COc1cccc(F)c1,-5.236,15,-0.34906666666666664
COc1ccccc1S(=O)(=O)Nc(cc2)c3[n-]c(cc(c3c24)c(O)n4C)NC5CCCCCC5,-5.236,34,-0.154
c1cc(C)cc(c12)[nH]c(n2)CCCCC(=O)N,-5.235,17,-0.3079411764705883
COc1cccc(c1)OCC(=O)Nc2ccc(cc2)-c3c[nH+]c[nH]3,-5.235,24,-0.218125
CSc1ccc(cc1)C(=O)CCC(C)(C)O,-5.234,16,-0.327125
C1CCCCCC1NC(=O)C2CCN(CC2)c3cc[nH+]cc3,-5.233,22,-0.23786363636363636
C/C=C/C[C@@H](C)c1ccc(C)cc1,-5.233,13,-0.4025384615384615
Cc1nn(C)c(Cl)c1S(=O)(=O)[N-]c2cncs2,-5.233,17,-0.30782352941176466
C[C@H](O)c1ccc(nc1)CCc2cc([nH+]c(n2)N)N3CCN(CC3)C4COC4,-5.233,28,-0.18689285714285714
COc1ccccc1S(=O)(=O)CC#C[Si](C)(C)C,-5.233,18,-0.2907222222222222
O=C([O-])CCC[C@@H](O)/C=C/CC(=O)c1ccc(cc1)-c2ccoc2,-5.233,24,-0.21804166666666666
Cc1ccc(cc1)CN(CC2)CCC2([NH3+])Cc3ccc(Cl)cc3,-5.232,23,-0.2274782608695652
CC(=O)NCCC(=O)O[C@H](CC)c1cc(no1)-c2ccc(cc2)OC(C)(C)C(=O)[O-],-5.232,30,-0.1744
c1cc(Cl)ccc1C(=O)C(=O)C(=O)/C=C(\[O-])NCCCc2cccc(c2)Oc3ccccc3,-5.23,33,-0.1584848484848485
CCc1ccc(nc1)CCn(c(n2)SCCC(=O)[O-])c(c23)cccc3,-5.23,25,-0.20920000000000002
N#Cc1ccc(cc1)N[C@H](Cc(c[nH]2)c(c23)cccc3)C(=O)Nc4ccncc4,-5.229,29,-0.1803103448275862
CC[NH+]1CCN(CC1)NCCCOC,-5.229,14,-0.3735
C1CCCCC1([NH3+])CNOC[C@H](O)CO,-5.228,15,-0.3485333333333333
C1C[C@@H](C)CC[C@@H]1[C@@H](C)S(=O)(=O)c2ccccc2Cl,-5.228,19,-0.2751578947368421
c1cccc(c12)c(N[C@H](C)C3CC3)nc(n2)Cc4ccsc4,-5.228,22,-0.23763636363636362
CCCCCCCC(=O)CC(=O)SCCNc1ccc(O)c(O)c1,-5.228,24,-0.21783333333333332
CCNC(=O)c1ccc(c(c1)-c2cn(C)nn2)Nc(c3)c(NC)cc(c34)onc4C,-5.227,30,-0.17423333333333335
CC(C)Cc1nc(cs1)-c([nH]c(=O)n2)c(c23)cccc3,-5.226,20,-0.2613
CCN(C(=O)C1)c(c12)ccc(c2)-c3ccn(n3)C,-5.225,18,-0.29027777777777775
Cc1noc(C)c1-c2ccc(cc2)[C@@H](C)c3ccc(N)[nH+]c3,-5.224,22,-0.23745454545454547
Cc1noc(C)c1-c2ccc(cc2)C[NH2+]CCC(C)C,-5.224,20,-0.2612
O=C([O-])CCC/[NH+]=C/c1ccc(o1)-c2ccccc2Cl,-5.224,20,-0.2612
COc(cc1)cc(c12)[nH+]c([nH]2)CCc3c(Cl)cccc3Cl,-5.224,21,-0.24876190476190477
CC(C)Cn1ncc(Cl)c1C(=O)Nc(cc2)cc(c23)nc([nH]3)-c4ccc(S(=O)(=O)N)cc4,-5.223,32,-0.16321875
C[NH+](C)CCN1CC[NH+](CC1)C2CC[NH2+]CC2,-5.223,17,-0.30723529411764705
CC(C)(C)[NH2+]CCC1OCCO1,-5.223,12,-0.43524999999999997
FC(F)(F)c1cccc(c1C)[C@@H](C)N2CCC[NH2+]C[C@H]2C,-5.222,21,-0.24866666666666667
CO[C@@H](C)Cn1cc(cn1)-c(c(C)[nH+]2)n(c23)ccnc3NCCC4CCCCC4,-5.222,29,-0.18006896551724139
CC(C)(O)Cn1cc(cn1)-c2cc(nc(n2)N)-c3cccc(Cl)c3Cl,-5.222,25,-0.20888
CN(C)CC[N@H+]1CC[C@H](C1)CCc2cnc[nH]2,-5.222,17,-0.30717647058823533
O=C1NC(=O)[C@@H](S1)Cc(c(c23)scc3)ccc2Cc4ccccc4F,-5.222,25,-0.20888
C[NH2+]Cc1ccccc1-c2csc(c2)[C@@H](C)c3ccc(cc3)OCC(=O)NCC[NH3+],-5.221,30,-0.17403333333333335
CCCn(c1=O)c(=O)n(CCC)c(c12)nc([nH]2)-c3ccc(cc3)N4CC[NH+](CC4)Cc5ccccc5,-5.221,36,-0.14502777777777778
c1ncc(C)c(c12)c(ccc2)S(=O)(=O)c3c[nH]c(n3)C4CCC4,-5.22,23,-0.22695652173913042
[NH2+]1CCCC[C@@H]1N(C)CCO[C@@H]2CC[C@@H](CC2)C[C@@H](C([O-])=O)c3cccc(C(=O)[O-])c3,-5.22,31,-0.16838709677419353
C[NH2+]C[C@@H](O)COc1ccc(Cl)c(c1)-c2ccc(cc2)C[C@@H]3SC(=O)NC3=O,-5.22,28,-0.18642857142857142
OCCCCCc1ccc(cc1Cl)C[NH2+]CCc2c[nH+]c[nH]2,-5.219,22,-0.23722727272727273
CCc1ccc(nc1)CCc(n2)n([C@@H](C)COC)c(c23)cc([nH+]c3)N4CCOC[C@@H]4C,-5.219,31,-0.16835483870967743
C1CC1S(=O)(=O)c2ccc(C(F)(F)F)c(F)c2,-5.219,17,-0.307
c1cccc(c12)nc(s2)-c3cnc([nH]3)C4CCC4,-5.219,18,-0.28994444444444445
CCc1c(C)nc(N)nc1-c2ccc(s2)C(=O)NC3CC3,-5.218,21,-0.24847619047619046
[NH3+]CCc1ccc(cc1)N2CCCCC2,-5.218,15,-0.34786666666666666
Cc1c(C)c(O)c(C)c(c12)CC[C@](O2)(C)Cc3cncc(Cl)c3,-5.218,23,-0.2268695652173913
O=c1ccc(cn1C)Nc2cc[nH+]cc2,-5.217,15,-0.3478
C1C[NH2+]CCCN1n2c(=O)n(ncn3)c3c(c24)c5c(s4)CCCC5,-5.217,24,-0.21737499999999998
NC(=[NH2+])N(CC1)CCC1n(nnc2C)c2-c3cccc(n3)CCC(c4ccccc4)c5ccccc5,-5.217,36,-0.14491666666666667
Cc1nn(C)c(C)c1N(C)c2ccc(B(O)O)cc2,-5.216,19,-0.2745263157894737
COc1ccc(cc1OC)S(=O)(=O)C[C@H](O)[C@H]([NH3+])CO,-5.216,20,-0.26080000000000003
Fc(c1)cccc1OCC(=O)Nc2nc(cs2)-c3cccc(c3)N4C=CCC4=O,-5.216,29,-0.17986206896551724
Cc1n[nH]cc1N(C)c2c(C)[nH+]n(C)c2C,-5.215,16,-0.3259375
c1cc(F)ccc1-c(o2)c(C(=O)NC)c(c23)cc(C4CC4)c(c3)C(=O)c5cnn(C)c5C,-5.215,32,-0.16296875
C/C=C/Cc1ccc(c(c1)C[NH3+])OCc2cccnc2,-5.215,20,-0.26075
c1ccccc1[C@H]2COCCN2c([nH+]cc3C)n3Cc4ccccc4OCCC[C@@H](C)CC(=O)[O-],-5.215,35,-0.149
C[NH2+]Cc1ccccc1-c2csc(c2)[C@@H](C)N3CCC[C@H]([NH3+])C3,-5.215,23,-0.2267391304347826
O=C([O-])C(=O)CC(=O)NCCCc1cccc(c1)-c2ccccc2O,-5.215,25,-0.2086
O=C([O-])C/[NH+]=C/C(=O)CCCC(=O)Cc1ccccc1,-5.215,20,-0.26075
C[N+](C)(C)C1CCN(CC1)c2ccc(cc2)NC(=O)Cc3ccc(Cl)c(=O)[nH]3,-5.214,28,-0.18621428571428572
CCCCCCCC(=O)CC(=O)SCCNC(=O)CCNN1CCNC(=O)C1,-5.214,28,-0.18621428571428572
C1CCn(c12)c(cn2)C(=O)c3ccc(cc3F)-c4cccc(F)c4,-5.214,24,-0.21725000000000003
C1C[NH2+]CCN1c(c2)ccc(c23)c(C)[nH+]nc3-c4ccc(cc4)C[NH+]5CCCCC5,-5.213,30,-0.17376666666666668
CCCCC(=O)S(=O)(=O)c1ccc(OC)cc1,-5.213,17,-0.30664705882352944
Cc1cncc(c1)C[C@H]2O[C@H]([C@H](O)[C@@H]2O)n(cn3)c(c34)ncnc4N,-5.213,25,-0.20852
C[NH2+]Cc1cc(nn1C)NCC2([NH3+])CCCCC2,-5.212,18,-0.28955555555555557
C1CC1Nc2nc(N)[nH+]c(c2CC)Cc(c3)oc(c34)cccc4,-5.211,23,-0.22656521739130436
O=C([O-])CCC(\C)=C/Cc1cccc(c1)OCc2ccccc2,-5.21,23,-0.22652173913043477
COc1ccccc1CCOc2ccc(cc2)C[C@@H]3SC(=O)[N-]C3=O,-5.21,25,-0.2084
O=C1[N-]C(=O)[C@@H](S1)Cc(cc2)cc(c23)ccc(c3)C(=O)c4ccsc4C(=O)[O-],-5.21,28,-0.18607142857142858
O=c1n(C)ncc(c1C)NCc2ccccc2NC(C)(C)C,-5.21,22,-0.23681818181818182
Cc1ccc(Cl)cc1-c2cc([S@](=O)C)c(C#N)c(=O)[n-]2,-5.21,20,-0.2605
c1cc(C)cc(c12)c(c[nH]2)Cc(c3CC)nc(N)nc3N4CC[NH+](C)CC4,-5.209,27,-0.19292592592592592
C1CC1N2C(C)(C)C(=O)N(C)c(c23)ccc(c3)[C@H](CCCO)C4=CCCC=C4,-5.209,28,-0.18603571428571428
c1cc(C)cc(c12)nc([nH]2)CC[NH2+]CCCNC(=O)c3ccc(F)cc3,-5.209,26,-0.20034615384615384
CC(C)(C)[C@H]1CCOC1,-5.207,9,-0.5785555555555555
O=c1n(C)ncc(c1C)C(=O)NCCCCc2ccccc2,-5.207,22,-0.2366818181818182
Cn1cc(cn1)-c2cnc(N)c(c2)NCC[C@H](CC3)c(c34)c5c(cc4)OCC5,-5.207,28,-0.18596428571428572
C[NH+](C)CCN1CCN(CC1)c(c2)c(C(=O)N)cc(c23)nccc3O[C@@H]4CCC[NH2+]C4,-5.206,31,-0.16793548387096777
Cc1noc(C)c1-c(c2)cc([C@H]3C[C@@H](C#N)C3)c(c24)nc([nH]4)C5CC5,-5.206,25,-0.20824
Cc1cccc(c1C)C(=O)[C@@H]([NH3+])CC(C)C,-5.206,16,-0.325375
Cn1c(C#N)ccc1S(=O)(=O)c2ccc(cc2)C#CCNS(=O)(=O)C,-5.206,25,-0.20824
CCCCCCc1cccc(Cl)c1,-5.206,13,-0.4004615384615385
C[NH+]1CCN(CC1)c2ccc(cc2)Nc3ncc(Cl)c(n3)CC(C)(C)C,-5.206,26,-0.20023076923076924
CC(=O)N1CCC(CC1)CNc2cc([nH+]c(n2)N)-c3cccc(Cl)c3Cl,-5.205,26,-0.2001923076923077
Cc1ccc(Cl)cc1-c(sc2S(=O)(=O)C)c(c23)CCC(F)(F)[C@H]3O,-5.205,24,-0.216875
O=C([O-])Cc1coc(c12)cc(cc2)-c(cc3C[NH3+])ccc3OCc4cccnc4,-5.204,29,-0.17944827586206896
Brc1ccc(cc1)/C=C/C[NH2+]CCNNCC[NH+]2CCOCC2,-5.204,23,-0.22626086956521738
Cc1nn(C)c(C)c1Cc([nH+]2)n(c(c23)cccc3)CC4CCOCC4,-5.202,25,-0.20808
CC(=O)N1CCC(CC1)C[N@H+](CCO2)[C@@H]([C@H]23)CCC3,-5.202,19,-0.2737894736842105
COc1ccc(cc1OC)-c2c(C)ccn(c2=O)Cc(n[nH]3)c(c34)cccn4,-5.202,28,-0.18578571428571428
COC(=O)CC(=O)c(ncn1)c(c12)cc(OC)c(c2)OC,-5.202,21,-0.24771428571428572
CCCCCCCC(=O)CC(=O)SCCNc(n1)oc(c12)cccc2,-5.202,25,-0.20808
C1COCCN1c(c2)cc(C)c(c23)[nH]c(n3)-c4c(cc[nH]c4=O)CCN(C)[C@H]5CCCC[NH2+]5,-5.201,33,-0.15760606060606058
c1ccccc1CC(=O)c2noc(n2)C3CCN(CC3)C(=O)Cc4ccccc4,-5.2,29,-0.1793103448275862
Cc1nn(C)c(C)c1N(C)S(=O)(=O)c2c(Cl)cc(cc2Cl)CCCc3c(C)nnn3C,-5.199,31,-0.16770967741935483
Cc1ccccc1CC(=O)c(n2)sc(c23)cccc3,-5.198,19,-0.2735789473684211
CC(=O)Nc1ccccc1Oc2nc(ncc2Cl)Nc3ccc(cc3)[C@H](C)CCC(=O)[O-],-5.198,32,-0.1624375
O=C([O-])CCC[C@@H](O)/C=C/C=C/CCc1ccc(cc1)C(=O)N[C@@H](Cn2cc[nH+]c2)c3ccccc3,-5.198,36,-0.1443888888888889
c1nccc(c12)c(C(=O)[O-])c(C)c(n2)COCCO,-5.198,19,-0.2735789473684211
O=C[C@@H]1CCCN1c2ccc(cc2Cl)C[NH2+]CCc3c[nH]cn3,-5.197,23,-0.22595652173913044
COc1ccc(Br)cc1S(=O)(=O)Nc2cccc(c2)-c3c[nH+]c[nH]3,-5.197,24,-0.21654166666666666
c1cccc(c12)n(C)nc2-c3ccc(F)c(Cl)c3,-5.197,18,-0.2887222222222222
C1C[NH+](C)CCN1c2nc(N)nc(c2CC)Cc3nc(cn3C)-c4ccccc4,-5.195,29,-0.17913793103448278
n1nc(C)n(c12)cc(nc2NC(C)C)-c(ccc3C(F)(F)F)c(c34)CC[C@H]4O,-5.195,28,-0.1855357142857143
CC(C)Cn1ncc(Cl)c1C(=O)C(=O)c2cc(C(C)(C)N)cc(n2)-c3ccc(F)cc3,-5.194,31,-0.1675483870967742
CC(C)[NH2+]CCCCCOc(cc1)cc(c12)C=CN(C)C(=O)[C@@H]2C,-5.194,24,-0.21641666666666667
COc1cc(=O)n(C)nc1-c2ccccc2[C@@H](C)c3ccc(C)cc3,-5.194,25,-0.20776
CCN(C1=O)c2ccc(c(c2c13)ccc3)Cc4cncs4,-5.194,21,-0.24733333333333332
Cc1cc(n[nH]1)[C@@H](C)Nc2cc(F)cc(Br)c2,-5.193,17,-0.3054705882352941
C1C[NH2+]CCN1c(n2)nc(nc2OC)Nc3cc(S(=O)(=O)C)ccc3[C@H]4CC[N@@H+](C)C4,-5.193,31,-0.16751612903225804
Cn1nc(cc1)N2CC[N+](CC2)=C(N3)CSc(c34)cccc4,-5.192,22,-0.23600000000000002
Clc(c1)cncc1[C@@H](CC)c2cccc([nH+]2)C3CC3,-5.192,19,-0.2732631578947369
n1c[nH]cc1-c(o2)cc(c23)c(=O)n(C)cc3-c4cccc(Cl)c4F,-5.192,24,-0.21633333333333335
CNc1cc[nH+]c(n1)-c2ccc(C#N)n2C,-5.191,16,-0.3244375
OC[C@@H](O)COC(=O)CCCCCCCCc1cccc(c1)NS(=O)(=O)c2c(F)cccc2F,-5.191,34,-0.1526764705882353
[nH]1nccc1-c2ccc(cc2Cl)C[NH2+]CCc3c[nH+]c[nH]3,-5.191,21,-0.24719047619047618
n1cn(C(C)C)c(c12)nc(N[C@H](C(C)C)CO)nc2C(C)(C)C(=O)[O-],-5.191,25,-0.20764
[NH3+]CCc1cc(S(=O)(=O)N)ccc1-c(ncn2)c(c23)cc[nH]3,-5.19,22,-0.23590909090909093
O=C([O-])Cc1cccc(c1)-c2ccc(C(F)(F)F)cc2,-5.19,20,-0.2595
O[C@H](C1)CCCN1c2cn(C)c(=O)c(c23)cc(o3)-c4c[nH+]c([nH]4)C5CCC5,-5.19,27,-0.19222222222222224
O=C(N=1)N=c(c12)cc(cc2)-c3ccc(cc3)C(=O)NCCC(F)(F)F,-5.189,25,-0.20756
C1C[N@H+](C)CC[C@H]1NC(=O)c(cc2OC)ccc2-c3cc(C)cc(C)c3,-5.189,26,-0.19957692307692307
[nH+]1ccccc1N2CCC(CC2)Nn3cncn3,-5.188,18,-0.2882222222222222
CCOC(=O)c1cnn(C)c1C(=O)c2ccc(cc2)C[C@H]3SC(=O)NC3=O,-5.188,27,-0.19214814814814815
O=S(=O)Oc(cc1)ccc1-c2c(ncn2CC#C)-c3ccccc3OCCn4ccc(=O)[nH]c4=O,-5.186,35,-0.14817142857142857
Cn1ccc(n1)-c2cc(NC(=O)c3ccco3)cc(c2)-c4cc[nH+]c(N)c4,-5.186,27,-0.19207407407407406
FC(F)(F)C([O-])(C(F)(F)F)C(=O)NCCO,-5.185,16,-0.3240625
CN(C1)C(=O)Nc(c12)ccc(c2)NNCC(=CC3=O)N=C([N+]3=4)C=C(N4)C5CCOCC5,-5.185,31,-0.167258064516129
[NH2+]1CCCC[C@@H]1N(C)CCO[C@@H]2CC[C@@H](CC2)C[C@@H](C([O-])=O)C(=O)CC(=O)C(=O)[O-],-5.185,30,-0.1728333333333333
Cc1nnn(C)c1-c(cc2)cc(c23)nc(N)cc3C,-5.184,19,-0.2728421052631579
CONc(c1)c(OC)cc(c12)onc2C,-5.184,15,-0.3456
Cc1cc(N)[nH+]c(c1)CCCCCc2n[nH]c(n2)-c3ccc(F)cc3,-5.183,25,-0.20732
CN(C)CC[N@H+]1CC[C@H](C1)c2ccc(I)cc2,-5.183,17,-0.30488235294117644
c1cccc(c12)c(c[nH]2)C[C@H](C(=O)[O-])[NH2+]NCC[NH2+]C/C=C/c3ccc(Br)cc3,-5.182,29,-0.1786896551724138
CC[C@@H](CO)[C@@H]1CC[N@@H+](CC)CC1,-5.182,13,-0.39861538461538465
CO/C([O-])=C\C(=O)c(ccc1)n(c12)nc(n2)N,-5.182,17,-0.3048235294117647
CC(=O)N[C@H]1CC[N@H+](C1)C[C@@](C)(CC2)Oc(c23)c(C)c(C)c(O)c3C,-5.182,25,-0.20728000000000002
CC(C)(O)CS(=O)(=O)c1cccs1,-5.182,13,-0.39861538461538465
O=c1ccc(cn1C)C(=O)NCCCNc2ccc(cc2)C[C@H]3SC(=O)NC3=O,-5.182,29,-0.1786896551724138
Cc1nn(C)c(C)c1N[C@@H](CCCC[NH3+])C(=O)NCCC2CCCCC2,-5.18,26,-0.1992307692307692
CC(=O)NC[C@H]1CN(C(=O)O1)C(=O)c2ccc(cc2)-c3csc(n3)CC(C)C,-5.179,28,-0.18496428571428572
CN1CC[NH+](CC1)CCCC2CCOCC2,-5.179,16,-0.3236875
CCCCC(=O)OC[C@H](CO)OC(=O)CCCCCCCCCc1c(C)nnn1C2CC[NH2+]CC2,-5.178,35,-0.14794285714285715
CC(=O)N[C@H]1CCN(C1)c2ccc(cc2F)C3=NO[C@@H](C3)CNS(=O)(=O)C4CC4,-5.178,29,-0.17855172413793102
C[N@H+]1CC[C@@H](CC1)c2ccc(cc2F)[C@@H]3OC[C@@H](O)[C@H]3O,-5.178,21,-0.24657142857142858
c1cc(C)cc(c12)nc([nH]2)CCc(c(c34)cc(Br)cc4)nc(n3)N(C)CCC[NH+](C)C,-5.177,31,-0.16699999999999998
O=C([O-])CC(=O)c(cc1)ccc1Cn(c2=O)c(=O)n(C)c(c23)ccc(c3)C#CCc4ccccc4,-5.177,35,-0.1479142857142857
NC(=[NH2+])N(CC1)CCC1n(nnc2C)c2CC(=O)Nc3ccc(cc3)-c(n4)sc(c45)cccc5,-5.177,34,-0.15226470588235294
c1ccc(OC)c(c12)nc([nH]2)CCC(=O)[C@H](C(C)C)NC(=O)C3CCCCC3,-5.176,28,-0.18485714285714286
n1[nH]cnc1[C@@H](C)Nc2cnn(C)c2,-5.176,14,-0.3697142857142857
Clc1cccc(c1Cl)NNc2[nH+]ccs2,-5.176,15,-0.3450666666666667
CC(=O)NC[C@H]1CN(C(=O)O1)C2CCN(CC2)Cc3cccc(n3)Oc4ccccc4,-5.176,31,-0.1669677419354839
COCCN(C)c1cc(ncn1)Oc2ccc(OC)cc2,-5.176,21,-0.2464761904761905
c1ccc(c2c13)ccc4c2c(cc3)ccc4ONCC[NH+]5CCOCC5,-5.176,26,-0.1990769230769231
C[N@H+]1CC[C@@H](CC1)NNCc2ccccc2,-5.175,16,-0.3234375
c1ccccc1N[C@H](C[C@H](C)N2C(=O)C)c(c23)cc(cc3)[C@H]4CC[N@H+](C)C4,-5.175,27,-0.19166666666666665
c1ccccc1Cn2ccnc2C(=O)CC#Cc3ccc(cc3)S(=O)(=O)NCCC(F)(F)F,-5.175,33,-0.1568181818181818
Cc(n1)c(C)n(c12)nc(cc2)C3CCN(CC3)CC[NH+](C)C,-5.175,22,-0.23522727272727273
c1ccccc1S(=O)(=O)NCC#Cc2ccc(cc2)S(=O)(=O)c3ccc(C(F)(F)F)c(F)c3,-5.175,33,-0.1568181818181818
c1ccccc1Cn2cc(ccc2=O)-c3ccc(cc3)C4CCN(CC4)c(cc5)nn(c56)c(Cl)nn6,-5.175,36,-0.14375
NC(=O)CC[NH2+]Cc1ccc(c(Cl)c1)CCc2cnc[nH]2,-5.174,21,-0.2463809523809524
Cc1ccc(cc1)S(=O)(=O)c2c(C)ccn(c2=O)Cc(n[nH]3)c(c34)cccn4,-5.174,28,-0.1847857142857143
COC(=O)CCCC[C@H](CO)Cc(c[nH]1)c(c12)cccc2,-5.174,21,-0.2463809523809524
Fc1cc(F)ccc1Nn2c(=O)n(ncn3)c3c(c24)c5c(s4)C[N@H+](CC5)CC6CCOCC6,-5.173,33,-0.15675757575757576
C[NH+](C)CCCC(=O)c1ccc(cc1)-c2cccc(F)c2,-5.173,21,-0.24633333333333335
CCOC(=O)c1csc(n1)S(=O)(=O)c2ccc(F)c(C)c2,-5.173,21,-0.24633333333333335
O=C([O-])c1c(=O)ccn(c1O)-c2cc(F)ccc2F,-5.172,19,-0.27221052631578946
NC(=[NH2+])C(=O)[C@H](CO)NC(=O)CCCCCCCCCO,-5.172,21,-0.24628571428571427
O[C@@H]1[C@@H](O)[C@@H](O)[C@@H](O[C@H]1C)[NH2+]CCCCc2ccccc2,-5.172,21,-0.24628571428571427
O=[N+]([O-])c1cc(S(=O)(=O)C(F)(F)F)ccc1Nc2ccccc2F,-5.171,24,-0.21545833333333334
O=C([O-])c1ccccc1NN2CCC[C@@H]2CO,-5.171,17,-0.3041764705882353
C[Si](C)(C)C#CCNCC1([NH3+])CCCCC1,-5.17,16,-0.323125
CC(=O)N[C@H]1CCN(C1)c2ccc(cc2F)C3=NO[C@@H](C3)C[NH2+]CCc(n4)[nH]c(c45)cccc5,-5.17,34,-0.15205882352941177
Nc1ccc(c[nH+]1)C[C@H](O)CCCC(=O)[O-],-5.17,16,-0.323125
Cc1cccc(n1)[C@@H]2N(CCc(c23)scc3)c4cc(nc(n4)N)N5CCN(CC5)C6COC6,-5.169,33,-0.15663636363636363
C[NH2+]C[C@@H](O)COc1ccc(Cl)c(c1)-c2ccc(Cl)c(Cl)c2,-5.169,22,-0.23495454545454544
CCc1c(NC)nc(N)[nH+]c1[C@H](C)c2noc(=O)[n-]2,-5.168,19,-0.272
COc1cccc(c1)OCC(=O)c2ccc(cc2Cl)C[NH2+]CCc([nH]3)nc(c34)cccc4OC,-5.168,34,-0.152
C[NH2+]Cc1cc(nn1C)-c(nc(=O)[nH]2)c(c23)cccc3,-5.167,20,-0.25834999999999997
C1CC1Nc(c2CC)nc(N)[nH+]c2-c(c(Cl)cc3)c(c34)nnn4Cc(n[nH]5)c(c56)cccn6,-5.167,33,-0.15657575757575756
CC[C@H](C)[C@H]([NH3+])C(=O)NNCC(=CC1=O)N=C([N+]1=2)C=C(N2)C3CCOCC3,-5.167,27,-0.19137037037037036
COc1ccc(cc1)Cn2nnc(n2)N[C@@H](C)c3ccc(C(C)(C)C)cc3,-5.167,27,-0.19137037037037036
C[C@H]([NH3+])[C@@H](O)C(=O)c1cc(c(=O)n(C)c1)NC(=O)Nc2ccccc2F,-5.166,26,-0.1986923076923077
Cc1ccccc1-c(cc2)nn(c23)c(Cl)nn3,-5.166,17,-0.3038823529411765
c1cccc(c12)nc(o2)CC3CCOCC3,-5.165,16,-0.3228125
CCCCCCC(=O)c1cnc(N(C)C)nc1OC,-5.165,19,-0.2718421052631579
CCCCc1ccc(cc1)C[C@H]2SC(=O)NC2=O,-5.165,18,-0.28694444444444445
Cc1noc(C)c1-c2ccc(cc2)[C@@H](C)S(=O)(=O)C(C)C,-5.164,21,-0.2459047619047619
CC(C)OC(=O)C(=N1)CSc(c12)cccc2,-5.164,16,-0.32275
Fc1ccc(cc1C)S(=O)(=O)n(cc2)c(c23)cccc3OC(C)(C)C(=O)[O-],-5.164,27,-0.19125925925925924
CC(C)CNCC(=O)c(c(c1)OC)cc(c12)[nH]c3c2c(nc(n3)C)Nc4cc(C5CC5)nn4C,-5.163,34,-0.1518529411764706
COc1ccc(Br)cc1S(=O)(=O)c(ccn2)c(c23)nc[nH]3,-5.163,21,-0.24585714285714286
CCNC(=O)c(c1)[nH]c(c12)c(=O)n(C)cc2-c3cc(S(=O)(=O)CC)ccc3CC(C)C,-5.163,31,-0.1665483870967742
n1cccc(c12)c(n[nH]2)Cc(c(Cl)cc3)c(c34)nnn4Cc([nH]n5)c(c56)cccn6,-5.162,30,-0.17206666666666667
C[C@@H]1CNCCC[N@@H+]1CCc2ncc[nH]2,-5.162,15,-0.34413333333333335
n1ccccc1N2CCC(CC2)Nc(c[nH+]c3)c(c34)cccc4,-5.161,23,-0.22439130434782606
FC(F)(F)c1cccc(c1C)[C@@H](C)[C@@H]2CC[N@H+](C2)CCN(C)C,-5.161,23,-0.22439130434782606
C[C@@]1(O)CCC(=O)[C@@H](OC)[C@]1(O)[C@@]2(C)O[C@@H]2CCC[C@H](O)CCCC(=O)[O-],-5.161,27,-0.19114814814814812
C[C@H]1C[NH2+]CCCN1Cc2ccc(c(Cl)c2)-c3ccccc3,-5.16,22,-0.23454545454545456
Cc1ccc(Cl)cc1C(C)(c2ccccn2)c3ccccn3,-5.159,22,-0.2345
COc1ccc(cc1Cl)CCc(n2)n(c(c23)ccc(c3)-c4cc[nH]n4)C[C@H](C)N5CCOCC5,-5.159,34,-0.15173529411764705
CCc1cccc(C)c1Nc(nc(n2)N[C@H](CC)CO)c(c23)ncn3C(C)C,-5.159,28,-0.18425
CN(C)C(=O)c1cccc(c1)-c2ccnc(N)c2,-5.159,18,-0.2866111111111111
CC(C)CCNc1cnn(C)c1,-5.159,12,-0.42991666666666667
C1C[NH2+]CCN1C(=O)[C@@H](OCC)Cc2ccc(cc2)OCCc3ccc(cc3)OS(=O)(=O)C,-5.159,33,-0.15633333333333332
c1cccc(c12)c(OCC(=O)[O-])ccc2S(=O)(=O)[C@@H]3CCC[NH2+]C3,-5.158,24,-0.21491666666666667
Cc1cccc(c12)n(c(n2)CCC)-c3nc(OC)nc(n3)N4CC[NH2+]CC4,-5.158,27,-0.19103703703703706
CCc1ccc(nc1)CC[NH2+]CCC(C)C,-5.158,16,-0.322375
CNc1cc(nc(N)[nH+]1)N2CCN(CC2)c3ccnc(n3)Nc4cc(C)cc(C)c4,-5.157,30,-0.1719
O=C[C@@H]1CCCN1c2ccc(cc2Cl)C[NH2+]CCc3cnc[nH]3,-5.156,23,-0.22417391304347825
O=C1CC[C@@H](C(=O)N1)N(C2=O)C(=O)c(c23)c(ccc3)-c4ccc(cc4)CC(=O)N5CCOCC5,-5.156,34,-0.1516470588235294
Cc1cc(n[nH]1)[C@@H](C)Nc2cn[nH]c2,-5.156,14,-0.36828571428571427
O=C([O-])C(C)(C)Cc(n1)c(cn1C)-c2ccc(=O)n(C)c2,-5.155,21,-0.2454761904761905
Cc1nn(C)c(C)c1[N-]S(=O)(=O)c2ccc(nc2)NCC[NH2+]Cc3ccc(C(=O)[O-])cc3,-5.154,32,-0.1610625
O=C1CN(CCN1)c(c[nH]2)c(c23)ccc(c3)C(F)(F)F,-5.154,20,-0.2577
Cc1cc[nH+]c(c1)CCCCCC(=O)Cc(cnc2)c(c23)c(O)ccc3,-5.153,26,-0.19819230769230767
CC(C)OC(=O)c1ccccc1O,-5.153,13,-0.39638461538461534
C1CC1NNC(=O)c(cc2OC)ccc2OC3CC3,-5.153,19,-0.27121052631578946
CO[C@@H](C)Cn1cc(cn1)-c(c(n2)C)n(c23)ccnc3-c4ccc(=O)n(c4)Cc5ccc([C@@H](C)O)cc5,-5.152,37,-0.13924324324324325
OCCO[C@H](N(C)C(=O)N1)c(c12)cc(cc2)-c(ccc3Cl)c(c34)cccc4,-5.152,27,-0.19081481481481483
O[C@@H]1[C@@H](O)[C@@H](O)[C@@H](O[C@H]1C)c2ccc(cc2Cl)C[NH2+]CCc3ncc[nH]3,-5.152,26,-0.19815384615384615
c1[nH]ncc1C(=O)c(c2)cc(C(=O)NC)c(c23)OC[C@@]3(C)c4ccccc4,-5.152,27,-0.19081481481481483
O=S(=O)Oc1ccc(cc1)CCc2ncc[nH]2,-5.152,17,-0.30305882352941177
CO[C@@H](C)Cn1cc(cn1)-c(c(n2)C)n(c23)ccnc3[C@H]4CCN(C4)CC[NH3+],-5.152,28,-0.184
c1cccc(c12)n(C)nc2CCc3c[nH]cn3,-5.151,17,-0.303
COc(cc1)cc(c12)c(CCC(=O)[O-])cn2-c3ncc[nH]3,-5.151,21,-0.24528571428571427
C[NH2+]Cc1cccc(c1)CN[C@H](C)c2ccc(cc2)-c3c(C)noc3C,-5.15,26,-0.1980769230769231
CCc1c(NC)nc(N)nc1[C@H](C)c2noc(=O)[n-]2,-5.15,19,-0.2710526315789474
CC(C)(O)C[N@@H+]1CCC[C@H]([NH3+])C1,-5.149,12,-0.4290833333333333
CC[C@H](C)[C@H]([NH3+])C(=O)CC1CC1,-5.148,12,-0.429
Cc1noc(C)c1-c2ccc(cc2)CN[NH2+]C(C(C)C)C(C)C,-5.148,23,-0.22382608695652173
c1c[nH]nc1-c(c2)ccc(c23)N(N4CCC(O)CC4)[C@@H](C)C[C@H]3Nc5ccccc5Cl,-5.147,31,-0.16603225806451613
n1cc[nH]c1-c2cnns2,-5.147,10,-0.5147
COc1cc(cc(c1)OC)NC(=O)N(Cc2ccccc2)NCc3ccc(C(=O)[O-])cc3,-5.146,32,-0.1608125
c1ccccc1[C@@H]([NH+]2CCCC2)C3CCOCC3,-5.146,18,-0.28588888888888886
FC(F)(F)c(cc1)ccc1-c([nH+]cc2C)n2Cc3ccccc3CCC[N+](C)(CCO)CCO,-5.146,34,-0.15135294117647058
CN(C)CC[N@H+]1CC[C@H](C1)c2ccc(C(F)(F)F)cc2,-5.146,20,-0.2573
CCN(C1=O)c2ccc(c(c2c13)ccc3)Nc4cc[nH]n4,-5.146,21,-0.24504761904761904
C[NH2+]Cc1cc(nn1C)CCCNS(=O)(=O)C,-5.146,17,-0.30270588235294116
CCc(c1)nc(C)c(c12)c(c(C#N)c(=O)[nH]2)-c3ccc(cc3)NC(=O)c4ccc(=O)n(C)c4,-5.146,33,-0.15593939393939393
Cc1nn(C)c(C)c1-c2cccc(c2F)CC3CCOCC3,-5.145,22,-0.23386363636363636
O=C([O-])COc1ccc(cc1C)SCc2sc(nc2C)C[C@H](O)[C@H]([NH3+])CO,-5.145,27,-0.19055555555555553
FC(F)(F)CCNS(=O)(=O)c1ccc(cc1)C#CC[NH2+]C2CCCCCC2,-5.145,27,-0.19055555555555553
CC[C@H](C)[C@H](N)C(=O)c(n1)n(C)c(c12)c(=O)n(c(=O)n2C)Cc3ccc(Cl)c(Cl)c3,-5.145,30,-0.17149999999999999
Cc1n[nH]c(C2CC2)c1NCC[NH+]3CCOCC3,-5.144,18,-0.2857777777777778
Cn1c(=O)n(C)c(c12)cc(c(c2)C(=O)OCC)Oc3cccc(c3)OCc4ccccc4,-5.144,32,-0.16075
O=c1[n-]ncn(c12)c(cc2C)-c3n(nnc3C)C4CCN(CC4)CC[NH+](C)C,-5.144,28,-0.18371428571428572
[NH2+]1CCCC[C@@H]1N(C)CCN2CCC([N+](C)(C)C)CC2,-5.143,20,-0.25715
C[NH+](C)CCCc1ccc(=O)n(c1)Cc2ccccc2,-5.142,20,-0.2571
CCCCCCCC(=O)O[C@@H](COP(=O)([O-])OCC[NH3+])Cc1c(C)cc(F)cc1C,-5.14,30,-0.1713333333333333
C1CC[C@@H]([N@@H+]12)CN(CC2)[C@@H](CC)c3cccc(n3)C4CC4,-5.14,21,-0.24476190476190474
O1CCOC1CCc(cc2)ccc2C[NH+]3CCCCC3,-5.14,20,-0.257
c1c[nH]c(=O)c(n12)c(C)cc2-c3cc(C(C)(C)O)ccc3Oc4ccc(F)cc4F,-5.14,30,-0.1713333333333333
N#Cc1c(=O)[n-]c(cc1[S@](=O)C)-c2cccc(c2)CC(=O)NCC[NH3+],-5.14,25,-0.20559999999999998
N#Cc(c1Cl)ccc(c1C)N2CCN(CC2)C(=O)CC3(CC(=O)[O-])CCCC3,-5.14,28,-0.18357142857142855
CC(=O)NCCC[NH2+]Cc1ccc(c(Cl)c1)-c(cc2)cc(c23)N(C4CC4)[C@H](C)C(=O)N3C,-5.139,32,-0.16059375
c1cc(C)cc(c12)[nH+]c([nH]2)CCn3ccc(O)c(C(=O)[O-])c3=O,-5.139,23,-0.22343478260869568
CCN(C(=O)C1)c(c12)ccc(c2)NC(C)(C)C,-5.139,17,-0.3022941176470588
CS(=O)(=O)NNC(=O)c(cc1C(C)(C)[NH3+])nc(c1)-c2ccc(F)cc2,-5.139,25,-0.20556000000000002
CCCCC(=O)OC[C@H](CO)Oc1cc(ccc1Cl)OC[C@H](O)C[NH2+]C,-5.138,26,-0.1976153846153846
CCOn1c(C)c[nH+]c1-c2ccc(C(F)(F)F)cc2,-5.138,19,-0.27042105263157895
CC[C@H](C)[C@H]([NH3+])C(=O)[N-]S(=O)(=O)NCc1cc(C)ccc1C,-5.136,22,-0.23345454545454547
Cc1cc(C)cc(c1)Oc2nccc(n2)S(=O)(=O)C3CCCCC3,-5.136,24,-0.214
CCOc1ccc(cc1)C[C@@H]2SC(=O)[N-]C2=O,-5.135,17,-0.30205882352941177
CNCc1cccc(c1)CS(=O)(=O)c(cc2)cc(c23)scn3,-5.135,22,-0.2334090909090909
Cc1noc(C)c1-c2ccc(cc2)-c(cc3)nn(c34)c(nn4)C,-5.134,23,-0.22321739130434784
CC(=O)NCCC[NH2+]Cc1ccc(c(Cl)c1)-c2cn[nH]c2C,-5.134,22,-0.23336363636363638
C[C@H](O)Cn1ccnc1,-5.134,9,-0.5704444444444445
COc1cccc(c1)-c(cc2)cc(c23)oc(c3CC(=O)O)-n(cn4)c(c45)[nH]cnc5=O,-5.133,31,-0.1655806451612903
FC(F)(F)c1ncc(c(c12)C[C@@H](F)[C@H]2O)C(=O)c3cc(F)ccc3[O-],-5.133,25,-0.20532
O=c1n(C)ncc(c1C)NCc2ccccc2-c3ccc(s3)C(=O)NC4CC4,-5.133,28,-0.18332142857142858
O=C([O-])Cc(co1)c(c12)ccc(c2)-c3ccc(cc3)C[C@@H]4SC(=O)NC4=O,-5.132,27,-0.19007407407407406
Cc1nn(C)c(C)c1NS(=O)(=O)c(ccc2)c(c23)c(C)cnc3,-5.131,23,-0.22308695652173913
O=P([O-])(O)OP(=O)([O-])SC/C=C(\C)CCCNc1ccc(F)cc1,-5.131,24,-0.21379166666666669
C1CC1CC(=O)c2cc(Cl)ccc2O,-5.131,14,-0.3665
N#Cc(cc1)cc(c12)cc(F)cc2CCC(=O)NC3CC3,-5.13,21,-0.24428571428571427
n1cccc(c12)c([nH]n2)Cn(ccc3C)c(=O)c3-c4c(C)nnn4C,-5.129,25,-0.20515999999999998
COc(c1)c(OC)cc(c12)CN(CC2)CC#C[Si](C)(C)C,-5.129,21,-0.24423809523809523
C1C[C@@H](O)CC[N@@H+]1N[C@@H](C(C)C)C(=O)Nc2ccncc2,-5.129,21,-0.24423809523809523
CCCCC#Cc(nc1N)nc(c12)n(c(n2)-c3cccs3)N4CCC[C@H]([NH3+])C4,-5.129,28,-0.1831785714285714
Cc1ccc(C)c(c1)CNCc2cccc(n2)Oc3ccccc3,-5.128,24,-0.21366666666666667
Cc1nc(CN(C)C)ccc1CCNS(=O)(=O)c(ccc2)c(c23)ccnc3,-5.128,27,-0.18992592592592594
n1[nH]ccc1-c2ccc(cc2Cl)C[NH2+]CCc3c[nH+]c[nH]3,-5.127,21,-0.24414285714285713
C[C@H]([NH3+])[C@@H]([O-])C(=O)c1cc(c(=O)n(C)c1)NC(=O)Nc2ccccc2F,-5.127,26,-0.1971923076923077
CCOc1ccc(C(=O)C)cc1-n2cc(C)c(=O)[nH]c2=O,-5.127,21,-0.24414285714285713
CNc1nc(N)nc(c1CC)CCNC(=O)CCCC[C@@H]2CCSS2,-5.127,25,-0.20507999999999998
CCCNC(=O)[C@H]1O[C@H]([C@H](O)[C@@H]1O)NC2CCCC2,-5.126,19,-0.2697894736842105
CNc1cc(nc(n1)N)N2CCN(CC2)NCc3cccs3,-5.126,22,-0.233
C1C[NH2+]CCC1c2cn(C)c(=O)c(c23)cc(o3)-c4c[nH]cn4,-5.124,22,-0.2329090909090909
O=C1CCCc(c12)n(c(c2)CC)CCC/C(C)=C/CSP(=O)([O-])OP(=O)([O-])O,-5.124,28,-0.183
NCc1ccc(c(Cl)c1)-c2cnns2,-5.124,14,-0.366
Cc1ccc(cc1)OCCc(ccc2)n(c23)nc([nH+]3)N,-5.124,20,-0.2562
Cc1noc(C)c1-c2ccc(cc2)-c3cccc(n3)-c4c(C)nnn4C5CC[NH2+]CC5,-5.123,31,-0.16525806451612904
n1nc(C)n(c12)cc(cc2)-c3ccnc(N)c3,-5.123,17,-0.3013529411764706
CN(C)CC[N@H+]1CC[C@H](C1)CCc2c[nH]cn2,-5.122,17,-0.3012941176470588
C1COCCC1C(=C2)N=[N+](C23)C(=O)C=C(N=3)CNc4cc(F)cnc4Cl,-5.122,26,-0.197
c1ccccc1-c([nH]2)c[nH+]c2C3CCCC3,-5.122,16,-0.320125
CCCCn1cc(nn1)CNN2CCC[NH2+]CC2,-5.121,18,-0.28450000000000003
N#C[C@H]1C[C@H](C1)Nc2ccc(Cl)cc2,-5.121,14,-0.3657857142857143
c1ccccc1C(CC=C)c2ccccc2,-5.121,16,-0.3200625
Cc1ccnc(c1)CCCCC[NH2+]C23C[C@H]4C[C@@H](C3)C[C@H](C4)C2,-5.121,23,-0.2226521739130435
c1cccc(c12)[nH+]c(cc2)Cc(c(c34)c(=O)[nH]nc3)cnc4NCc(c(F)cc5)c(c56)CCO6,-5.12,34,-0.15058823529411766
COc1ccc(cc1)Cc2ccc(cc2F)N3C[C@@H](OC3=O)CNC(=O)C,-5.12,27,-0.18962962962962962
Clc1ccccc1S(=O)(=O)c2cccc(c2F)-c(ccn3)c(c34)[nH]cn4,-5.119,26,-0.19688461538461538
CS(=O)(=O)Nc1cc(ccc1C)-c(c(c23)cccn3)cc(c2)-c(cc4)cn(c45)c(nn5)C,-5.119,32,-0.15996875
CNc1cc(nc(n1)N)N2CCN(CC2)c3ccnc(n3)Nc4cc(C)cc(C)c4,-5.117,30,-0.17056666666666667
OCCOCCc1ccc(O)cc1,-5.117,13,-0.3936153846153846
C[C@@H](O)c1ccc(cc1)C[N@H+]2CCCNC[C@H]2C,-5.117,18,-0.2842777777777778
C[C@H](O)COCC(CO)(COC[C@@H](C)O)CNc1nccs1,-5.117,22,-0.2325909090909091
COc(nn1)n(c12)nc(cc2)N3CCC(CC3)c4ccc(cc4)[C@H](C)C(=O)N,-5.116,28,-0.1827142857142857
c1cc(C)cc(c12)nc([nH]2)CCCCC(=O)N,-5.116,17,-0.3009411764705882
CN(C)CC[N@H+](CC1)CC[C@H]1n(nnc2C)c2-c3cccc(n3)-c4cc(Cl)ccc4O,-5.116,31,-0.16503225806451613
CCC(=O)c1c[nH]c(c1)C(=O)NCCOc2ccc(cc2)C[C@@H]3SC(=O)[N-]C3=O,-5.115,29,-0.1763793103448276
c1c(Cl)ccc(c12)[nH]c(n2)CCc3cn(C)c(=O)c(c34)C/C(O4)=c5\cnc([nH]5)=C6CCCC6,-5.114,33,-0.15496969696969698
Cc1noc(C)c1-c2ccc(cc2)[C@@H](C)[NH2+]C(C)(C)CO,-5.113,21,-0.24347619047619048
c1cccc(c12)c(N[C@H](C)C3CC3)nc([nH+]2)Cc(c(F)cc4)c(c45)CCO5,-5.113,27,-0.18937037037037038
CCCCC(=O)OC[C@H](CO)OC(=O)CCCCCCCCCC(=O)c1ccc(S(=O)=O)cc1,-5.112,34,-0.15035294117647058
NC(=O)Cc1cccc(c1)[N-]S(=O)(=O)c2cccc(Br)c2,-5.112,21,-0.24342857142857144
CC(=O)N1[C@@H](C2CC2)CN(c(c13)cccc3)CC[NH2+]C/C=C/c4ccc(Br)cc4,-5.111,29,-0.1762413793103448
Cc1cc(N)[nH+]c(c1)CCCCCc2ccccc2C(=O)[O-],-5.111,22,-0.2323181818181818
COc(c1)cccc1-c(ncn2CC#C)c2NCCCNC(=O)c3ccc(F)cc3,-5.111,30,-0.17036666666666667
CN(C)NCCCCNC(=O)COc(ccc1)c(c12)C(=O)N(C2=O)[C@H]3CCC(=O)NC3=O,-5.11,32,-0.1596875
CC(O1)(C)C(=O)Nc(c12)ccc(c2)Cc3ccc(cc3)-c4cccc(F)n4,-5.109,27,-0.1892222222222222
COc1ccccc1Oc2nccc(n2)C3CC3,-5.109,18,-0.2838333333333333
CCOC(=O)c1csc(n1)N2CCN(CC2)c(c(c34)cccc4)nc(n3)Nc5cccc(Cl)c5,-5.109,34,-0.15026470588235294
Cc1cc(OC)cc(c12)c(c3c(n2)[nH]nc3C)C[C@@H]4CC[N@H+](CC4)CCN(C)C,-5.108,29,-0.17613793103448275
CCCC(=CC1=O)N=C([N+]1=2)N=C(N2)Cc3ccc(cc3)-c(n4)c(NC(C)(C)C)n(c45)ccnc5,-5.108,34,-0.15023529411764705
n1c[n-]c(=O)c(c12)[nH+]cn2C[C@@H](O)c3cccc(Cl)c3,-5.107,20,-0.25535
COc1cccc(c1)-c2ncn(Cc3ccccc3)c2-c4ccc(OS(=O)=O)cc4,-5.107,30,-0.17023333333333335
CCCCCC(=O)c1nc(cs1)-c2ccccc2,-5.107,18,-0.2837222222222222
CN1CC[NH+](CC1)CCNc2ccc(cn2)S(=O)(=O)C3CC3,-5.107,22,-0.23213636363636364
Cc1c(C#N)cccc1[C@@H](C)NC2CCOCC2,-5.107,18,-0.2837222222222222
C=CC1=C(C)[C@@H](NC1=O)[C@](C)(C(=O)[O-])CC,-5.107,16,-0.3191875
Cc1ccc(cc1)C[NH2+]C(C)(C)CO,-5.107,14,-0.3647857142857143
COCCCNNCc1ccc(F)cc1,-5.106,15,-0.3404
COCC[NH2+]CCOc1ccc(Cl)cc1Cl,-5.105,16,-0.3190625
O=S(=O)Oc(cc1)ccc1-c2c(ncn2CC#C)-c3csc(n3)N/N=C/c4ccccc4C=O,-5.104,34,-0.15011764705882352
O=C([O-])CCC[C@@H](O)\C=C\Cc(nc1N)cc(n1)N2CCN(CC2)C3COC3,-5.104,28,-0.1822857142857143
c1c[nH]c(=O)c(n12)c(C)cc2-c(nc(c34)ccs4)nc3N(C)CCC#N,-5.104,26,-0.19630769230769232
O=C([O-])c1ccc(cc1)Cn(cn2)c(c23)nc[n-]c3=O,-5.104,20,-0.2552
CC(C)CNCC(=O)c1ccc(C#N)n1C,-5.103,16,-0.3189375
Fc(c1)cc(F)cc1C(=O)c2ccc(cc2)N3CCCCC3,-5.102,22,-0.23190909090909093
Cc1cc(C)c(c(C)c1)S(=O)(=O)c2cc(F)c(c(F)c2)NC(=O)Nc3cncs3,-5.102,29,-0.17593103448275862
FC(F)(F)CCNC(=O)c1ccc(cc1)-c2ccnc(c2)N3CC[NH2+]CC3,-5.102,27,-0.18896296296296297
C1=CN(C)C(=O)[C@H](C)c(c12)ccc(c2)OCCCCC[NH2+]Cc3cccs3,-5.101,27,-0.1889259259259259
CCCn(c1=O)c(=O)n(CCC)c(c12)nc([nH]2)-c3ccc(c(F)c3)C(=O)N[C@@H]4CC[N@@H+](C)CC4,-5.101,34,-0.15002941176470588
COc(cc1)cc(c12)nc([nH]2)CCc(cn(C)c3=O)c(c34)oc(c4)-c5c[nH]c(n5)C6CCC6,-5.101,33,-0.1545757575757576
c1cncc(c12)c(=O)c(C#N)c([nH]2)NCCC(F)(F)F,-5.101,20,-0.25505
C[C@@H](O)c1ccc(cc1)Cc2cc(ncn2)N(C)CCOc3ccc(cc3)C[C@@H]4SC(=O)[N-]C4=O,-5.101,35,-0.14574285714285715
Cn1ccc(n1)-c2cc(NC(=O)c3ccco3)cc(c2)-c4ccccc4O,-5.1,27,-0.18888888888888888
Cc1ccc(c(C)c1)NC(=O)CCC(=O)NCCc2ccc(Cl)c(Cl)c2,-5.1,26,-0.19615384615384615
CC[NH2+]C(C)(C)C,-5.1,7,-0.7285714285714285
O[C@H]1CC[C@@H](CC1)Nc2ccccc2Oc3ccccc3,-5.099,21,-0.2428095238095238
CC[C@@H]([C@H](C)O)CCOc1ccc(C)cc1,-5.099,16,-0.3186875
[NH3+]Cc1cc(Cl)cc(c1Cl)Oc(c(Cl)cc2)c(c23)nnn3N4CCC[C@@H](O)C4,-5.099,28,-0.18210714285714286
CO[C@H](C(=O)[O-])Cc(c(c12)scc2)ccc1N3CC[N+](CC3)=C(N4)CSc(c45)cccc5,-5.099,32,-0.15934375
C[N@H+]1CC[C@@H](C1)N(C)c([nH+]c(c23)cc(s3)C(C)(C)C)nc2Nc4cc[nH+]cc4,-5.099,28,-0.18210714285714286
COc1cc(OC)c(cc1C)NCCOc2ccc(cc2)C[C@@H]3SC(=O)[N-]C3=O,-5.097,29,-0.1757586206896552
C[Si](C)(C)C#CCC(=O)c1ccccc1[N+](=O)[O-],-5.097,18,-0.2831666666666667
CCCCC/C=C/C[NH+]1CCN(CC)CC1,-5.096,16,-0.3185
c1c[nH]c(c12)c(=O)n(C\C=C\C)cc2-c3cc(F)cc(F)c3,-5.096,22,-0.23163636363636364
O=C([O-])c1c(=O)ccn(c1O)-c2cccc(n2)Oc3cc(Br)ccc3Br,-5.096,26,-0.196
C[C@@H]1C(=O)N(C)CCN1CCOc2ccc(cc2)C3CCN(CC3)c4cnn(c4)CC(C)(C)O,-5.096,34,-0.14988235294117647
CCNC(=O)[C@H]1O[C@H]([C@H](O)[C@@H]1O)c2csc(n2)N/N=C/c3ccccc3C=O,-5.096,28,-0.182
CNc1cc(nc(n1)N)N2CCN(CC2)c(cnc3)c(c34)cccc4,-5.096,25,-0.20384
O=P([O-])(O)OP(=O)([O-])SCCCCc(n1)[nH]c(c12)ccc(Cl)c2,-5.096,23,-0.22156521739130436
Nc(c1)cccc1[C@@H](C)C(=O)c(cn2)cc(c23)cccc3,-5.095,21,-0.2426190476190476
CS(=O)(=O)Nc1ccc(cc1)[C@H]2CCC(=O)NC2=O,-5.095,19,-0.2681578947368421
O=C1CC=CN1c2cccc(c2)-c(cc3)cc(c34)[C@@](O)(CC4)c5ccccc5,-5.094,28,-0.18192857142857144
c1[nH+]ccn1C[C@@H](c2ccccc2)NC(=O)c3ccc(cc3)Nc4cc[nH+]cc4,-5.093,29,-0.1756206896551724
CCc1cccc(C)c1NNCC[NH3+],-5.093,14,-0.36378571428571427
CNCc1cccc(c1)CNc(cc2)cc(c23)c(c[nH]3)C4CC[NH2+]CC4,-5.093,26,-0.19588461538461538
Cc1cc([nH]n1)[C@@H](C)NCc(cc2)nc(c23)cccc3,-5.092,20,-0.2546
[NH2+]1CCCC[C@@H]1N(C)CCO[C@@H]2CC[C@@H](CC2)C[C@@H](C([O-])=O)c3ccccc3CO,-5.092,30,-0.16973333333333332
c1cc(Br)c([O-])c(c12)nc(N)cc2S(=O)(=O)c3cccc(F)c3,-5.091,23,-0.22134782608695652
Cn(c1)c(=O)ccc1-c(cn2C)c(n2)COc3ccc(cc3)[C@H]4CCN(C4)S(=O)(=O)C,-5.091,31,-0.16422580645161292
O=C1NC(=O)N(C1(C)C)c(cc2C)cc(C)c2CCS(=O)(=O)CC[N@@H+]3CCN(C)C(=O)[C@H]3C,-5.091,33,-0.15427272727272728
Cc1ccccc1CS(=O)(=O)c2cccc(Br)c2,-5.091,18,-0.2828333333333333
O=c1[n-]c(no1)Nc2cc[nH+]cc2,-5.091,13,-0.39161538461538464
CC(C)OC(=O)N(CC1)CCC1([NH3+])Cc2ccc(Cl)cc2,-5.09,21,-0.24238095238095236
Cc1cc(C)cc(c1)Nc2nccc([nH+]2)/N=C/c3ccccc3C=O,-5.09,25,-0.2036
C[NH+](C)NCCCCNC(=O)COc(ccc1)c(c12)C(=O)N(C2=O)[C@H]3CCC(=O)NC3=O,-5.09,32,-0.1590625
Cc1ccccc1CC(=O)NC(C)(C)C,-5.089,15,-0.3392666666666667
CC(C)Cc(nn1C)c(c1C)Nc(nc2)nc(c23)n(c(c3)C(=O)N(C)C)C4CCCC4,-5.089,31,-0.16416129032258067
CCS(=O)(=O)Nc1cccc(c1)-c2csc(=O)[nH]2,-5.089,18,-0.28272222222222226
CC(=O)Nc1cccc(c1)C(=O)[C@@H](N)CC(C)C,-5.088,18,-0.2826666666666667
COC(=O)CC(=O)Cc1ccc(cc1Cl)C(=O)OC,-5.088,19,-0.2677894736842105
O=C(N=1)N=c(c12)cc(cc2)-c3cccc(c3)-c4csc(=O)[nH]4,-5.088,22,-0.23127272727272727
O=C([O-])Cc1cccc(c1)-c2noc(-c3ccccc3)c2C(=O)NCCN(CCO4)[C@@H]([C@H]45)CCC5,-5.088,35,-0.14537142857142857
CCNC(=O)c(c1)[nH]c(c12)c(=O)n(C)cc2-c3cc(C(C)(C)O)ccc3NCCc4ccncc4,-5.087,35,-0.14534285714285713
[NH3+]CCCCn(nn1)c(c12)C(=O)c3c(C2=O)cccc3,-5.087,20,-0.25434999999999997
c1ccccc1[C@@H](C)N(C2=O)c3ccc(c(c3c24)ccc4)-c(ccc5)n(c56)nc(n6)N,-5.087,31,-0.16409677419354837
c1cnccc1NC(=O)[C@H](CCSC)Nc2c(-c3ccc(F)cc3)ncn2C4CC[NH2+]CC4,-5.086,33,-0.15412121212121213
CCCCCC(=O)N[C@@H](CO)[C@H](O)Cc1ccc(cc1)-c([nH]2)c(C#N)c(=O)c(c23)cncc3,-5.086,33,-0.15412121212121213
C[N+](C)(C)C1CCN(CC1)CCOCCO,-5.086,16,-0.317875
C1CC1[C@@H](C)Nc2nc(nc(c23)cccc3)C[C@@H](OCC)CSc4ccc(c(C)c4)OCC(=O)[O-],-5.085,35,-0.1452857142857143
CC(=O)CCCNS(=O)(=O)C,-5.085,11,-0.4622727272727273
C[NH2+]Cc1cccc(c1)Cc2ccc(cc2Cl)C[NH2+]CCc([nH+]3)[nH]c(c34)c(C)ccc4,-5.085,31,-0.16403225806451613
O=C(C1)NC[C@@H]1[C@@H](C)c(cc2)c(c3c24)ccc5c3c(cc4)ccc5,-5.085,24,-0.211875
C[C@H]1C[C@@H](C)CN(C1)[N@H+]2CC[C@H](O)CC2,-5.085,15,-0.339
CC[C@H](C)[C@H](N)C(=O)Nc(cc1)nn(c12)c(C)c(n2)C,-5.084,20,-0.2542
Nc1ccc(cn1)C[C@H](O)CCCC(=O)[O-],-5.084,16,-0.31775
Cn1nc(cc1)N2CCN(CC2)C(=O)c3cc(=O)[nH]c(=O)[n-]3,-5.082,22,-0.23099999999999998
COc1ccc(cc1)Oc2cc(ncn2)C(=O)c3ccc(cc3)-c4ccco4,-5.082,28,-0.1815
CC(C)(C)c1ccc(cc1)-c2ccccc2CO,-5.081,18,-0.2822777777777778
Cc1cncc(c1)-c(c(c23)cc(C)c(=O)[nH]3)cnc2Cc(cc4)[nH+]c(c45)cccc5,-5.081,30,-0.1693666666666667
O=C([O-])Cc1cccc(c1)-c2noc(-c3ccccc3)c2C(=O)NCCn4cc[nH+]c4,-5.081,31,-0.1639032258064516
C[Si](C)(C)C#CCNc1ccc(N)cc1,-5.08,15,-0.33866666666666667
[NH3+]CCCCCCc1ccccc1,-5.08,13,-0.39076923076923076
O=C([O-])[C@H](C)[NH2+]CCOc(cc1)c(c2c13)ccc4c2c(cc3)ccc4,-5.08,25,-0.2032
CC(C)CCNc1ccc(C(F)(F)F)c(F)c1,-5.08,17,-0.2988235294117647
O=C([O-])COc(c(C)c1)ccc1SC[C@H](OCC)CC/C=C/c2ccc(Br)cc2,-5.08,29,-0.17517241379310344
CS(=O)(=O)Nc1cc(ccc1C)-c(nn(c23)c(nn3)C)cc2Nc4[nH+]cc[nH]4,-5.078,28,-0.18135714285714286
Fc1ccccc1-n(nc2)c(c23)CCC[C@H]3NCc4cccc(Cl)c4,-5.078,25,-0.20312000000000002
C1CC1CC(=O)CCOc(c(c2)OC)cc(c23)c(ncn3)N4CCOCC4,-5.078,27,-0.1880740740740741
COc(c1)c(OC)cc(c12)c(nc(n2)C)-c3cccn3C,-5.077,21,-0.24176190476190476
O=C([O-])CC[C@@H](C)S(=O)(=O)c(cc1)cc(c12)CN(C)C(=O)N2C,-5.076,23,-0.22069565217391302
C1CCCCC1c([nH]2)nc(c23)n(c(=O)n(c3=O)CCC)CCCNc4cccc(c4)N5C=CCC5=O,-5.076,36,-0.141
Cc1cc(C)cc(c1)-c(cc2)c3[n-]c(cc(c3c24)c(O)n4C)N5CC[NH+](C)CC5,-5.076,29,-0.17503448275862069
Cc1cc(C)cc(c1)Oc2nccc(n2)-n(c(N)[nH+]3)c(c34)cccc4,-5.076,25,-0.20304
O=C([O-])CCC[C@@H](O)/C=C/Cc1cnc[nH]1,-5.075,16,-0.3171875
C1C[C@@H](O)c(c12)c(C(F)(F)F)ccc2-c3ccccc3F,-5.074,21,-0.24161904761904762
n1nc(C)n2nc(c(c3c12)cccc3)CC[NH+]4CCN(C)CC4,-5.074,23,-0.22060869565217392
COc1cccc(c1)-c(n[nH+]c2C)c(c23)cc(cc3)N4CC[NH2+]CC4,-5.074,25,-0.20296
COc1ccc(Br)cc1S(=O)(=O)CCc2ccc[nH]2,-5.073,19,-0.267
CC(=O)NCCCc1ccc(cc1Cl)CNCCCC[NH3+],-5.073,21,-0.2415714285714286
[nH]1nccc1-c2cn(C)c(=O)c(c23)C/C(O3)=c4\cnc([nH]4)=C5CCCC5,-5.073,26,-0.19511538461538463
COCCOS(=O)(=O)CC(F)(F)F,-5.071,13,-0.39007692307692304
C[C@H]1C[C@@H](C)CN(C1)c2ccc(cc2Oc3ccccc3)C(=O)CCOCCOCCO,-5.071,32,-0.15846875
O=P([O-])(O)OP(=O)([O-])SC/C=C(\C)CCC[C@@H]1CCC[NH2+]C1,-5.07,22,-0.23045454545454547
NC(=O)C1=CN(C=CC1)NCC23C[C@H]4C[C@@H](C3)C[C@H](C4)C2,-5.07,21,-0.24142857142857144
CN1C(=O)[C@@H](C)N(C2CC2)c(c13)cc(cc3)-c4cc(nc(N)[nH+]4)N5CCN(CC5)C6COC6,-5.069,33,-0.1536060606060606
Cc1c(C#N)n[nH]c1CCCCCO,-5.069,14,-0.36207142857142854
s1ccnc1S(=O)(=O)C2CCCCC2,-5.069,14,-0.36207142857142854
CS(=O)(=O)NCC#Cc1ccc(cc1)S(=O)(=O)c(n2)sc(c23)cccc3,-5.069,26,-0.19496153846153846
O=C(N1)C(C)(C)c(c12)cc(cc2F)-c3ccccc3OCCCC(=O)[O-],-5.068,26,-0.19492307692307692
O=C([O-])[C@H](C)[NH2+]CCC[NH2+]Cc1ccc(c(Cl)c1)-c2ccccc2,-5.068,24,-0.21116666666666664
CN1CCN(CC1)c(c2)[nH]c3c(ccc(c3c24)n(C)c4O)NCCOCCOCCO,-5.068,31,-0.16348387096774192
C1CC1c([nH]2)nc(c23)cc(-c4c(C)onc4C)cc3-c(ncn5)c(c56)cc[nH]6,-5.067,28,-0.18096428571428572
[NH3+]Cc1ccc(cc1)N2CCN(CC2)Cc3ccccc3,-5.067,21,-0.2412857142857143
C[NH2+]Cc1cc(nn1C)-c2cc[nH]c(=O)c2-c(n3)[nH]c(c34)cc(cc4C)N5CCOCC5,-5.066,32,-0.1583125
c1cc(Br)ccc1[C@@H](C)NC(=O)c2ccc(S(=O)=O)cc2,-5.066,21,-0.24123809523809522
c1ccccc1C(=O)/C=C(\O)c(on2)c(c23)cccc3,-5.066,20,-0.25329999999999997
Cc1noc(C)c1S(=O)(=O)c2cc(CO)ccc2F,-5.065,19,-0.2665789473684211
Cc1noc(C)c1-c2ccc(cc2)CN[NH2+]C3CCN(CC3)c4ccccn4,-5.065,28,-0.18089285714285716
Cc1cc(C)cc(c1)-c(cc2)c3[nH]c(cc(c3c24)c(O)n4C)N5CCN(C)CC5,-5.065,29,-0.1746551724137931
OB(O)c1ccc(cc1)-c(n2)sc(c23)cccc3,-5.064,18,-0.2813333333333333
CCc1c(NC)nc(N)[nH+]c1[C@H](C)c2ccc(cc2)-c3c(C)noc3C,-5.064,26,-0.19476923076923078
CNc1[nH+]c(N)nc(c1CC)CCNC(=O)CCCC[C@@H]2CCSS2,-5.064,25,-0.20256
C[NH+](C)CCN1CCN(CC1)c2ccc(F)c(F)c2F,-5.063,20,-0.25315
CNc1ccnc(n1)-c(cc2)cc(c23)c(OC)cc[nH+]3,-5.062,20,-0.2531
[O-][NH2+]c1ccco1,-5.062,7,-0.7231428571428572
s1cncc1COc2ccc(cc2C[NH3+])-c(cc3)nc(c34)sc(n4)NC(=O)C5CC5,-5.062,30,-0.16873333333333335
O=P([O-])OC[C@H]1O[C@H](C[C@@H]1O)Cc2ccc(cc2Cl)-c3ncon3,-5.062,24,-0.21091666666666667
[NH3+]CCCC[NH2+]Cc1ccc(c(Cl)c1)NC23C[C@@H]4C[C@H](C3)C[C@@H](C4)C2,-5.061,25,-0.20244
COCCOCCOCCc1ccc(S(=O)(=O)C)cc1Nc2ncccn2,-5.061,27,-0.18744444444444444
O=C([O-])CCc(n1)nc(cc1C)CC[NH2+]C/C=C/c2ccc(Br)cc2,-5.06,25,-0.2024
c1nccc(c12)c(ccc2)S(=O)(=O)NCC[N@@H+]3CCC[C@H](O)C3,-5.059,23,-0.21995652173913044
Cc1ccccc1-c(c2)ccc(O3)c2C(=O)C[C@@]34CC[N@H+](C(C)C)CC4,-5.059,26,-0.1945769230769231
CC(C)Oc1ccc(C(F)(F)F)cc1[N+](=O)[O-],-5.059,17,-0.29758823529411765
OCCOCCOCCOCCOCCOCC[NH2+]Cc1ccccn1,-5.058,26,-0.19453846153846152
COc1cc(=O)n(C)nc1-c2ccnc(n2)Oc3cccc(C)c3C,-5.058,25,-0.20232
COc1ccccc1S(=O)(=O)Nc(cc2)c3[n-]c(NCCO)cc(c3c24)c(O)n4C,-5.057,30,-0.16856666666666667
n1c[nH]c(=O)c(c12)ncn2CC(c3ccccc3)c4ccccc4,-5.057,24,-0.21070833333333336
Cc1nc(cs1)OC(C)(C)C,-5.056,11,-0.4596363636363636
O=C([O-])CCC[C@@H](O)/C=C/Cc1nnc([nH]1)-c2ccc(F)cc2,-5.056,23,-0.21982608695652175
Cc1ccnc(c1)CCCCCc(n2)c(cccc3)c3c(n24)nnc4C,-5.056,26,-0.19446153846153846
Cc1nn(C)c(C)c1CN(C)c2nc([nH+]c(n2)N3CCC3)N(C)CCC(=O)NC4CC4,-5.056,31,-0.1630967741935484
CC(C)C[C@H]([NH3+])C(=O)NC(=O)c1nccn1Cc2ccccc2,-5.056,23,-0.21982608695652175
CCCCCN1CCC[C@H]([NH3+])C1,-5.056,12,-0.42133333333333334
C[C@@H](O)c1ccc(cc1)Cc2cc(nc[nH+]2)N(C)CCOc3ccc(cc3)C[C@@H]4SC(=O)[N-]C4=O,-5.055,35,-0.14442857142857143
C1C[C@H](C)CC[C@@H]1C(=O)N[C@@H](CCSC)C(=O)c2ccc(cc2)OCC(=O)NCC[NH3+],-5.055,31,-0.16306451612903225
O=C1CCN(CC1)C[C@@H](O)c2cccc(Cl)c2,-5.054,17,-0.2972941176470588
c1c[nH]c(c12)c(=O)n(C)cc2-c3ccccc3-c4ccc(CN)cc4Cl,-5.053,26,-0.19434615384615384
C1CC1c(n2)[nH]c(c23)cc(-c4c(C)onc4C)cc3-c(ncn5)c(c56)cc[nH]6,-5.053,28,-0.18046428571428572
c1ccccc1C(Cc(cc2C)cn(C)c2=O)c3ccccc3,-5.053,23,-0.21969565217391304
c1nccc(c12)c(ccc2)S(=O)(=O)c3ccccc3O,-5.053,20,-0.25265
COc1cccc(c1)OCC(=O)c2ccc(cc2)CCNC(=O)c3ccc(Cl)cc3,-5.053,30,-0.16843333333333332
Cc1nn(C)c(Cl)c1S(=O)(=O)NCc2ccc(cc2)S(=O)(=O)C(C)(C)C,-5.052,26,-0.1943076923076923
C=CC1=C(C)[C@@H](NC1=O)C[C@H](O)CO,-5.051,14,-0.3607857142857143
COc1ccc(Br)cc1S(=O)(=O)c(ccn2)c(c23)[nH]cn3,-5.051,21,-0.24052380952380953
CCN(C1=O)c2ccc(c(c2c13)ccc3)S(=O)(=O)c(ccn4)c(c45)nc([nH]5)N,-5.051,28,-0.18039285714285716
c1cccc(c12)nc(C)nc2Cc3ccco3,-5.05,17,-0.29705882352941176
Cc1[nH+]c(CN(C)C)ccc1N2CCCC2,-5.05,16,-0.315625
CCCCCc1[nH+]cc(C)n1Cc2ccccc2OCCC[C@@H](C)CC(=O)[O-],-5.05,28,-0.18035714285714285
s1ccnc1NC[C@H](OC2=O)CN2c3ccc(c(F)c3)N4CCSCC4,-5.049,26,-0.19419230769230772
C1CCC(=O)C(=C1[O-])C(=O)c2nc(Cl)c(Cl)c(c2Cl)NCCc3cccs3,-5.049,27,-0.18700000000000003
Brc1ccc(cc1)-c2ncn(C3CC[NH2+]CC3)c2-c(cc4)cc(c45)OCCO5,-5.049,28,-0.18032142857142858
o1cccc1CS(=O)(=O)c2c(Cl)cc(cc2Cl)-c3ccnc(c3)N4CC[NH2+]CC4,-5.049,29,-0.17410344827586208
CC(C)S(=O)(=O)NC[C@@H]1CC(=NO1)c2ccc(c(F)c2)-c3ccc(C(F)(F)F)cc3[N+](=O)[O-],-5.048,33,-0.15296969696969698
c1ccc(OC)c(c12)[nH]c(n2)CCc3cccc(c3F)-c4c(C)nn(C)c4C,-5.048,28,-0.1802857142857143
Cc1ccc(cc1)N(C)c2cccc(c2)CCCNC(=O)CC(=O)C(=O)[O-],-5.048,27,-0.18696296296296297
n1cccc(c12)c([nH]n2)Cc(cn3C)c(n3)COc4ccc(cc4)-c(ccc5)c(c56)ncn6C,-5.048,34,-0.14847058823529413
C[N@H+]1CC[C@@H](CC1)Nc2cnn(C)c2,-5.048,14,-0.3605714285714286
Cc1ccc(cc1)OCC/N=C/c2c(C)nn(c2C)-c3ccccc3,-5.048,25,-0.20192
Cc1cccc(c1)CC(=O)[C@H]2O[C@H](CO)[C@@H](O)[C@H](O)[C@H]2O,-5.047,21,-0.24033333333333332
CCOC(=O)c1cnn(C)c1C(=O)C(=O)OC,-5.047,17,-0.29688235294117643
CCn(cn1)c(c12)c(=O)[nH]c(=O)n2NCCOc(cc3)c(c4c35)ccc6c4c(cc5)ccc6,-5.047,33,-0.15293939393939393
COc1ccc(cc1)Cn2nnc(n2)CCc3nc(oc3C)-c4ccccc4,-5.047,28,-0.18025
COc1ncc(c(n1)OC)-c2cccc(c2)N3CCCC3=O,-5.046,22,-0.22936363636363638
COc1ccc(cc1)Cn(nn2)c(c23)[C@@](C)(O)CC[C@H]3OC(=O)NC(=[NH2+])Cc4cccc(c4)OC,-5.046,35,-0.1441714285714286
C[NH+]1CCN(CC1)c2cc(F)c(c(F)c2)-c3cc(CO)ccc3F,-5.046,24,-0.21025000000000002
CC(O1)(C)C(=O)Nc(c12)ccc(c2)NN3CCSCC3,-5.045,20,-0.25225
CCOC(=O)c1cnn(C)c1C(=O)n(c2=O)c(=O)n(C)c(c23)ccc(c3)C#CCc4ccccc4,-5.045,35,-0.14414285714285713
CS(=O)(=O)Nc1cc(ccc1C)-c2ccn[nH]2,-5.045,17,-0.29676470588235293
CC[N@H+]1CC[C@@H](CC1)Nc2c(CC(C)C)nn(C)c2C,-5.044,20,-0.2522
CC(C)CCNS(=O)(=O)C,-5.044,10,-0.5044
O=[N+]([O-])c1ccc(cc1)Cc2ccno2,-5.044,15,-0.33626666666666666
n1cn(C(C)C)c(c12)nc(N[C@H](CC)CO)nc2CCc3ccc(cc3)O[C@@](C)(C(=O)[O-])CC,-5.044,34,-0.14835294117647058
COc1ccc(cc1)Oc2cc(ncn2)-n(c3=O)c(=O)n(C)c(c34)ccc(c4)C#CCc5ccccc5,-5.044,37,-0.13632432432432431
CCCC(=O)CCCCc1ccccc1,-5.043,15,-0.3362
C/C=C/CCCCCCCC(=O)O[C@H](COP(=O)([O-])[O-])Cc1cc(Cl)cc(c1Cl)C[NH3+],-5.043,31,-0.1626774193548387
O=C([O-])C(=O)CC(=O)NCCCc1cccc(c1)-c2cc(F)cc(Br)c2,-5.041,26,-0.1938846153846154
ONc(cc1)cc(c12)n(CCOC(F)(F)F)c([nH+]2)C3CCOCC3,-5.041,24,-0.21004166666666668
O=C1NC(=O)[C@@H](S1)Cc2ccc(cc2)OCCNN(CC3)CCC34Oc5c(O4)cccc5,-5.04,32,-0.1575
O=C([O-])C(C)(C)Cc1ccc(Cl)c(Cl)c1,-5.04,15,-0.336
CC(C)(C)OS(=O)(=O)c1ccc(F)cc1Cl,-5.04,16,-0.315
Cc1ccc(cc1C)-c2ccc(cc2)C[NH+]3CCCCC3,-5.04,21,-0.24
CCCNC(=O)c1c(cnn1C)C(=O)n2nc(C)c(c2C)/C=N/N3CC[NH+](CC3)Cc4ccccc4,-5.039,36,-0.13997222222222222
CC(C)(C)OC(=O)[C@H](CC)C[C@H]1CC[C@H](C)CC1,-5.039,18,-0.27994444444444444
Cc1cc(n[nH]1)[C@@H](C)NNc2ccccc2,-5.039,16,-0.3149375
CS(=O)(=O)N1CC[C@@H](C1)c2ccc(cc2Cl)C[NH2+]CCc3ncc[nH]3,-5.039,25,-0.20156
C1CCCC1[NH2+][C@@H]2CCC[NH2+]C2,-5.038,12,-0.41983333333333334
OCCOc1ccccc1N2CCN(CC2)[NH+]=c3cc[nH]cc3,-5.038,23,-0.2190434782608696
O=C([O-])C(C)(C)Oc1c(C)cc(cc1C)Cc2ccnc(n2)Nc3ccc(C#N)cc3,-5.038,31,-0.16251612903225807
CCS(=O)(=O)CCNC(=O)CCCC[C@@H]1CCSS1,-5.037,19,-0.26510526315789473
Nc1nccc(n1)CCOc2ccc(cc2)C[C@@H]3SC(=O)NC3=O,-5.037,24,-0.209875
C[C@H]([NH3+])[C@@H](O)C(=O)NC[C@H]1CN(C(=O)O1)c2ccc(c(F)c2)N3CCSCC3,-5.037,28,-0.17989285714285713
O=C([O-])C(C)(C)Oc1ccc(cc1)CCNN2CCCOC2=O,-5.037,23,-0.219
CC(=O)N[C@H]1CCN(C1)c2ccc(cc2F)C3=NO[C@@H](C3)CS(=O)(=O)c4cccc(F)c4,-5.036,32,-0.157375
O=C([O-])[C@H](C)CCOC(F)(F)F,-5.036,12,-0.41966666666666663
O=C1CCCc(c12)n(c(c2)CC)-c3cnn(c3)C[C@H](C)OC,-5.036,22,-0.2289090909090909
c1c[nH]c(c12)c(=O)n(C\C=C\C)cc2Cc(n3)sc(c34)cc(C)c(c4)C,-5.036,26,-0.19369230769230766
CCCCCCOc1cccc(c1)Cn2ccc([O-])c(c2=O)C(=O)C[C@H](C)N3CCOCC3,-5.036,33,-0.1526060606060606
[NH3+]CC[NH2+]CCc1ccncc1,-5.036,12,-0.41966666666666663
C[NH+]1CCN(CC1)CC[NH2+]C2CCCC2,-5.035,15,-0.33566666666666667
NC(=O)[C@@H](C)NCc1cccs1,-5.035,12,-0.41958333333333336
CC(C)S(=O)(=O)NC[C@@H]1CC(=NO1)c2ccc(c(F)c2)N3CC[C@@H](C3)NN4CCCC4=O,-5.034,32,-0.1573125
C1CC1[C@@H](C)c2ccccc2,-5.033,11,-0.4575454545454546
CCCCCCCCCC/C=C/CCC(=O)/C=N/CC(=O)N1C=CCC1=O,-5.033,27,-0.1864074074074074
O=Cc1ccno1,-5.033,7,-0.7190000000000001
n1[nH]ccc1-c2ccc(cc2Cl)C[NH2+]CCc3c[nH]cn3,-5.033,21,-0.2396666666666667
Brc1ccc(cc1)-c2ncn(c2-c3cc[nH]n3)C4CC[NH2+]CC4,-5.033,23,-0.21882608695652175
n1ccccc1CCc2[nH+]cc[nH]2,-5.033,13,-0.3871538461538462
CCc1cccc(C)c1N[C@@H]2CCN(C2)CC[NH+](C)C,-5.032,20,-0.2516
c1c[nH]c(c12)c(=O)n(C\C=C\C)cc2C(=O)C[NH2+]CC(C)C,-5.032,22,-0.22872727272727272
Cn1nc(C2CC2)cc1CCc3c[nH]cn3,-5.032,16,-0.3145
O=Cc1ccccc1/C=N/c(cc2)cc(c23)ccc(c3)C[C@@H]4SC(=O)NC4=O,-5.031,28,-0.1796785714285714
o1cccc1-c(cc2)cc(c23)[C@@H](C[C@H](C)N3C(=O)C)NC/C=C/[C@H](O)CCCC(=O)[O-],-5.03,31,-0.16225806451612904
C1COCCN1c(c2)ncc(c23)c(C)nnc3-c4cccc(C(=O)[O-])c4,-5.03,26,-0.19346153846153846
Cc1ccc(cc1)OCCS(=O)(=O)c2c(C)noc2C,-5.03,20,-0.2515
c1ccc(C)c(c12)[nH]c(n2)CC[NH2+]Cc3ccc(c(Cl)c3)-c4n[nH]c(n4)-c5ccc(F)cc5,-5.029,33,-0.1523939393939394
CC[C@@H](CO)S(=O)(=O)c1cc(ccc1C)-c2c(C)noc2C,-5.029,22,-0.2285909090909091
CC(C)(C)c1ccccc1-c2nccs2,-5.029,15,-0.33526666666666666
c1ccccc1CNC(=O)c2ccc(cc2)CCCCCO,-5.029,22,-0.2285909090909091
c1nccn(c12)c(NC(C)(C)C)c(n2)-c3cccc(Cl)c3,-5.029,21,-0.23947619047619048
COc(cc1)cc(c12)c(CCC(=O)[O-])cn2-c(cc(Cl)c3)c(c34)O[C@H](C4)C(=O)N5CC[NH2+]CC5,-5.028,34,-0.14788235294117646
CSc1ccc(cc1)C(=O)Nc2nc(cs2)C(C3)CC3(F)F,-5.028,22,-0.22854545454545452
COc1ccc(cc1)Oc2cc(ncn2)N(C)CCCCCCCCCCC(=O)OC[C@H](O)CO,-5.026,35,-0.1436
COC(=O)CC(=O)c(cn(C)c1=O)c(c12)oc(c2)-c3cnc([nH]3)C4CCC4,-5.025,27,-0.18611111111111112
C1CC1C(=O)C(=O)C([O-])(C(F)(F)F)C(F)(F)F,-5.025,17,-0.29558823529411765
CCCCCCCCCCCCC(=O)N1C=CCC(=C1)C(=O)N,-5.024,23,-0.21843478260869564
OCCOCCOCCOCCc1c(ccc(Cl)c2)c2nc(c13)CCCC3,-5.024,27,-0.1860740740740741
CC(C)S(=O)(=O)c1ccc(C(F)(F)F)cc1,-5.024,16,-0.314
c1ccccc1-n(nc2C)c(C)c2/C=N/C(=O)CCCCCCCCCO,-5.024,27,-0.1860740740740741
Cc1cc(C)cc(c1)Oc2nccc(n2)-c3c([C@H]4CCCC[NH2+]4)ncn3[C@H]5CC[N@@H+](C5)CCN,-5.023,34,-0.14773529411764705
CC(C)(C)ON[C@H](C)c1nc[nH]n1,-5.022,13,-0.38630769230769235
CCC(=O)c1c(C)ccn(c1=O)Cc([nH]n2)c(c23)cccn3,-5.022,22,-0.2282727272727273
CC(C)(C)ON[C@H](C)c1ncn[nH]1,-5.022,13,-0.38630769230769235
Clc1cccc(Cl)c1C(=O)c(c[nH]2)cc2C(=O)c3ccccc3OCCn4ccc(=O)[nH]c4=O,-5.021,34,-0.1476764705882353
[NH3+]CCCC[NH2+]Cc1ccc(c(Cl)c1)-c2ccccc2N,-5.021,21,-0.23909523809523808
c1ccccc1CCCCNc2ccco2,-5.021,16,-0.3138125
C=CCc1cnn(c1)CC(C)(C)O,-5.021,13,-0.3862307692307692
Cn(c1)c(=O)ccc1-c(cn2C)c(n2)COc3ccc(cc3)-c4cc[nH+]cc4,-5.02,28,-0.17928571428571427
CC/C=C/CCc1ccccn1,-5.02,12,-0.4183333333333333
C1C[C@@H](O)CC[C@@H]1Nc(n2)n(C)c(c23)c(=O)n(c(=O)n3C)[C@H]4CCN(C4)CC[NH3+],-5.02,29,-0.17310344827586205
O=c([n-]1)onc1-c(c2CC)nc(N)nc2N3CC[NH+](C)CC3,-5.019,22,-0.22813636363636364
COC(=O)CCCCc(cc1=O)oc(c12)c(cs2)-c(cc3)cc(c34)OCCO4,-5.018,28,-0.17921428571428571
Cc1cc(OC)cc(c12)c(c3c(n2)[nH]nc3C)C[NH2+]C4CCCC4,-5.018,24,-0.20908333333333332
Cc1ccc(c(C)c1)NCCSP(=O)([O-])OP(=O)([O-])[O-],-5.017,20,-0.25085
CCCCCCC1CC[NH2+]CC1,-5.017,12,-0.41808333333333336
O=C(N1)C(C)(C)c(c12)cc(cc2F)-c3ccc(cc3Cl)C[NH2+]CCc4cnc[nH]4,-5.016,29,-0.17296551724137932
COc(cc1)cc(c12)[nH]c(n2)CCc(cn(C)c3=O)c(c34)oc(c4)-c5cnc([nH]5)C6CCC6,-5.016,33,-0.152
CC(C)(C)S(=O)(=O)Nc1cc(ccc1Cl)Nc2nc(CC(=O)[O-])ncc2C(F)(F)F,-5.016,30,-0.1672
O=C([O-])C(C)(C)Oc1c(C)cc(cc1C)CCCc(n2)[nH]c(c23)cccc3,-5.015,27,-0.18574074074074073
C1CC1[C@@H](C)c2cc(Cl)ccc2OCC[NH+](C)C,-5.015,18,-0.2786111111111111
O=C1NC(=O)[C@@H](S1)Cc2ccc(cc2)-c3cccc(C(=O)[O-])c3,-5.014,23,-0.218
CS(=O)(=O)CCCOc(ccc1)c(c12)c(C)c(o2)C(=O)c3[nH+]ccn3C,-5.014,26,-0.19284615384615386
FC(F)(F)CCNc1ccccc1Oc2ccccc2,-5.014,20,-0.25070000000000003
C[N@H+]1CC[C@@H](CC1)Nc2ccc(C(C)(C)C)cc2,-5.013,18,-0.27849999999999997
C[N@H+]1CC[C@@H](CC1)Nc2cc(Br)ccc2Br,-5.013,16,-0.3133125
CCOc1ccccc1-c(cc2)nc(c23)sc(n3)NC(=O)C4CC4,-5.013,24,-0.208875
CN1CC[C@@H](C1)[NH2+]CCCNC(=O)c2ccc(F)cc2,-5.013,20,-0.25065
O=C([O-])C(C)(C)c1ccc(cc1)NC(=O)[C@@H]([NH3+])CO,-5.012,19,-0.2637894736842105
CC(C)(C)NC(=O)[C@@H](C1)Oc(c12)c(cc(Cl)c2)-c3cc[nH+]c(N)c3,-5.012,24,-0.20883333333333332
FC(F)(F)c1ccncc1C(=O)c2cccc(c2)[N-]S(=O)(=O)c3cccc(Br)c3,-5.011,29,-0.17279310344827586
CC(C)Oc(c1)c(C(=O)N)cc(c12)nccc2[C@H](C)C3CC3,-5.011,22,-0.22777272727272727
C1C[C@@H](O)CC[C@@H]1C(=O)[C@H](CCSC)NC(=O)[C@H]2CC[C@@H](C)CC2,-5.011,24,-0.20879166666666668
Cc1nc(CN(C)C)ccc1-c(c(c23)c(=O)[nH]nc3)cnc2Nc4cccc(c4)N5CCCC5=O,-5.01,35,-0.14314285714285713
Cc1cc(n[nH]1)[C@@H](C)Nc(c(c23)cc(Br)cc3)nc(n2)N(C)CCC[NH+](C)C,-5.01,28,-0.1789285714285714
C1CC1Nc(c2CC)nc(N)nc2C(=O)C3CCCCC3,-5.008,21,-0.23847619047619048
Clc1cc(F)ccc1S(=O)(=O)NCc2ccccc2,-5.008,19,-0.2635789473684211
O[C@@H]1[C@H](F)Cc(c12)c(cnc2C(F)(F)F)N3CC[N+](CC3)=C(N4)CSc(c45)cccc5,-5.007,31,-0.16151612903225807
O=C(N=1)N=c(c12)cc(cc2)N[C@@H](Cn3cc[nH+]c3)c4ccccc4,-5.007,24,-0.20862499999999998
c1ccc([N+](=O)[O-])c(c12)[n-]c(n2)CC[N@H+]3CC[C@H](O)CC3,-5.007,21,-0.2384285714285714
CCOc1ccccc1-c2ccc(C[NH+](C)C)nc2C,-5.006,20,-0.2503
NC(=O)CCNCc1ccc(CC(=O)[O-])c(Cl)c1,-5.006,18,-0.27811111111111114
[NH2+]1CCCC[C@@H]1N(C)CCc2noc(n2)C3CCN(CC3)C(=O)Cc4ccccc4,-5.006,30,-0.16686666666666666
CSc1ccc(cc1)-c2cccc(c2C)CCC[NH+]3CCOCC3,-5.006,24,-0.20858333333333334
CCc1ccccc1-c2cc(nc(n2)N)N3CCN(CC3)C4COC4,-5.005,25,-0.2002
c1cccc(c12)C(=O)c3c(C2=O)nnn3-c4cc(F)c(c(F)c4)NC5CCCC5,-5.004,29,-0.17255172413793102
CCN(C1=O)c2ccc(c(c2c13)ccc3)N4CCC[C@H]4C=O,-5.004,22,-0.22745454545454544
CCCCCCC(=O)OC[C@H](COP(=O)([O-])OCC[NH3+])O[C@@H]1CCN(C1)CC[NH+](C)C,-5.004,31,-0.16141935483870967
Cc1ccn(C)c(=O)c1-c2cnc(Cl)c(c2)-n(c(C)c3)c(c34)cc(cc4)CCCC[NH3+],-5.003,31,-0.16138709677419355
O=C([O-])CCSc(n1)n(c(c12)cccc2)[C@@H]3C=NC(N3)=C4CCC4,-5.003,24,-0.20845833333333333
c1ccc(OC)c(c12)nc([nH]2)CCc(cc3)cc(c34)OC(C)(C)C(=O)N4,-5.002,26,-0.19238461538461538
C[C@H]1C[NH2+]CCCN1c2cc([nH+]c(n2)N)-c3cccc(Cl)c3Cl,-5.002,23,-0.2174782608695652
CN1C(=O)[C@@H](C)N(C2CC2)c(c13)cc(cc3)-c4cc(nc(n4)N)N5CC[NH+](CC5)C6COC6,-5.002,33,-0.15157575757575756
CCCCCCCC(=O)c1ccc(cc1OC)C(=O)N[C@@H]2CC[N@@H+](C)CC2,-5.002,27,-0.18525925925925926
CSc1ccc(cc1)C(=O)Cc2ccccc2Cl,-5.002,18,-0.27788888888888885
C[C@@H]1C(=O)N(C)CC[N@H+]1CCOc2ccc(cc2)C3CCN(CC3)c4cc[nH+]cc4,-5.001,30,-0.16670000000000001
O=c1[nH]c(=O)ccn1CCc(c(c2)OC)cc(c23)[nH]c4c3c(nc(n4)C)-c(ccn5)c(c56)cccc6,-5.001,36,-0.1389166666666667
CC[C@H](CO)Nc1cccc(c1)-c(cc2)cc(c23)[C@H](NC(=O)OC(C)C)C[C@H](C)N3C(=O)C,-5.001,33,-0.15154545454545457
Cc1n[nH]cc1NC2CCOCC2,-5.001,13,-0.3846923076923077
CN1CC[NH+](CC1)CCc2ccc(F)c(F)c2F,-5.0,18,-0.2777777777777778
CCCCC(=O)OC[C@H](CO)OS(=O)(=O)c1cccc(Br)c1,-4.999,22,-0.22722727272727272
c1cccc(c12)c(c[nH]2)C[C@H](C(=O)[O-])NS(=O)(=O)c3ccc(cc3)NCCc4ccncc4,-4.999,33,-0.15148484848484847
CC(C)(C)c1cc(Br)c(O)c(c1)Cc2ccc(S(=O)(=O)N)cc2CC[NH3+],-4.999,26,-0.19226923076923075
c1ccc(OC)c(c12)[nH+]c([nH]2)CCc3ccccc3,-4.998,19,-0.26305263157894737
c1ccc(OC)c(c12)nc([nH]2)CC[NH2+]Cc3ccc(c(Cl)c3)S(=O)(=O)CC(F)(F)F,-4.997,30,-0.16656666666666667
Cc1ccc(cc1)[C@H](C)OC[C@H]2CCCO2,-4.997,16,-0.3123125
Cc1ccccc1CC(=O)NC(C(C)C)C(C)C,-4.997,18,-0.2776111111111111
Cc1noc(C)c1-c2ccc(cc2)CNc3cn[nH]c3,-4.996,20,-0.24980000000000002
COc1cccc(c1)-c2ccc(OC)c(c2)OC,-4.996,18,-0.27755555555555556
CS(=O)(=O)Cc1cnc(c(c1)-n2ccnc2)Oc3ccc(F)cc3F,-4.996,25,-0.19984000000000002
[nH+]1c[nH]cc1-c(o2)cc(c23)c(=O)n(C)cc3N4CCC(CC4)NC(=O)[C@@H](N)Cc(c[nH]5)c(c56)cccc6,-4.996,37,-0.13502702702702704
C1CC1Nc2[nH+]c(N)nc(c2CC)Cc(c3)oc(c34)cccc4,-4.996,23,-0.21721739130434783
Cc1cc(OC)cc(c12)c(c3c(n2)[nH]nc3C)Cc4ccn(n4)C,-4.995,24,-0.208125
Cc1nc(cs1)NNC(=O)c2cc(C(C)(C)[NH3+])cc(n2)-c3ccc(F)cc3,-4.995,27,-0.185
C[C@H]1CNCCC[N@@H+]1Cc2ccc(c(Cl)c2)-c3ccccc3,-4.995,22,-0.22704545454545455
CC(=O)Nc1cccc(c1)C(=O)CCC(=O)[O-],-4.994,17,-0.29376470588235293
CCN(C(=O)C1)c(c12)ccc(c2)N3CCC(CC3)N4CCCOC4=O,-4.994,25,-0.19976
CCc1ccccc1-c2cc([nH+]c(n2)N)N3CCN(CC3)C4COC4,-4.994,25,-0.19976
CCNC(=O)c(c1)[nH]c(c12)c(=O)n(C)cc2C(C3)CC3(F)F,-4.994,22,-0.22699999999999998
c1ccccc1C(Cn2cncn2)c3ccccc3,-4.993,19,-0.2627894736842105
c1cc(C)cc(c12)[nH+]c([nH]2)CCN3CC[NH+](CC3)C4COC4,-4.992,22,-0.22690909090909092
c1cnccc1NC(=O)[C@H](CCSC)N[NH2+]CCC2CCCCC2,-4.992,24,-0.208
COCCOC[C@@H]1CC[N@H+](CC1)Cc2ccc([N+](=O)[O-])cc2,-4.992,22,-0.22690909090909092
NC(=O)CCNCc1ccc(c(Cl)c1)Cc2ccc([N+](=O)[O-])cc2,-4.992,24,-0.208
C[NH+](C)CCCc1ccc(cc1Cl)C[NH2+]CCc2cnc[nH]2,-4.991,22,-0.22686363636363635
CCCCCCCC(=O)O[C@@H](COP(=O)([O-])OCC[NH3+])COCCc1ccc[nH]1,-4.99,29,-0.17206896551724138
c1cccc(c12)c(c[nH]2)C[C@H]([NH3+])C(=O)NC3CCN(CC3)CCc4c[nH]cn4,-4.99,28,-0.17821428571428571
C1OCC1[NH+](CC2)CCN2Cc(cc3C)cc(C)c3Nc4ccnc(n4)Nc5ccc(C#N)cc5,-4.99,35,-0.14257142857142857
COc(cc1)cc(c12)C(c(ccc3)c(c34)cc[nH]4)=N[C@H](c5n2c(nn5)C)CC(=O)CC[NH2+]CCO,-4.989,35,-0.14254285714285714
C1CC1NC(=O)c2ccc(s2)-c3ccc(cc3Cl)C[NH2+]CCc4ccc[nH]4,-4.988,27,-0.18474074074074076
C[NH+]1CCN(CC1)c(cc2)cc(c23)n(c([nH+]3)CC[NH2+]CCO)Cc4ccccc4,-4.988,29,-0.17200000000000001
O=c1[nH]c(=O)ccn1C(=O)c2nccn2Cc3ccccc3,-4.988,22,-0.22672727272727275
COC(=O)CCCC[NH+]1CCC1,-4.988,12,-0.4156666666666667
O=C[C@@H]1CCCN1c2cc(F)c(c(F)c2)-c3ccccc3F,-4.987,22,-0.22668181818181818
O=C([O-])CCC(\C)=C/COc1ccccc1CN(C)c2ccc(I)cc2,-4.987,26,-0.19180769230769232
CCCCCCCCCCCCCCC[C@@H](O)[C@H](CO)[NH2+]CCC(=O)NC1CC1,-4.987,29,-0.17196551724137932
COC(=O)CCCCc1ccnc(n1)Nc2ccc(C#N)cc2,-4.986,23,-0.21678260869565216
CCc1c(NC)nc(N)[nH+]c1N2C=CCC(=C2)C(=O)N,-4.986,20,-0.2493
COCCCNNc1cccc(c1)N2CC=CC2=O,-4.986,19,-0.26242105263157894
CC[N@H+]1CC[C@@H](CC1)c(cc2)cc(c23)c(OC)cc[nH+]3,-4.986,20,-0.2493
c1cccc(c12)c(c[nH]2)C[C@H]([NH3+])C(=O)c(cc3)cc(c34)ccc(c4)C[C@@H]5SC(=O)NC5=O,-4.985,32,-0.15578125
O=C([O-])CCSc(n1)n(c(c12)cccc2)CCn3ccc(=O)c(C(=O)[O-])c3O,-4.985,28,-0.1780357142857143
c1ccccc1CCCN2CCOCC2,-4.985,15,-0.33233333333333337
O=c1n(C)ncc(c1C)NCc2ccccc2NCCC(C)C,-4.984,23,-0.21669565217391304
C1CCCCC1([NH3+])C[NH2+]Cc2cc(O)cc(O)c2,-4.984,18,-0.2768888888888889
CC(C)C[C@H](N)C(=O)Cc(c1)oc(c12)cccc2,-4.983,18,-0.2768333333333333
Cc1ccc(cc1)N(C)CCC(C)C,-4.983,14,-0.3559285714285714
c1ccccc1S(=O)(=O)NCC#Cc2ccc(cc2)S(=O)(=O)N3CCSCC3,-4.983,28,-0.1779642857142857
c1sccc1C[NH+]2CCSCC2,-4.981,12,-0.4150833333333333
C1COCC[NH+]1[C@@H](C)Cc2cnc[nH]2,-4.98,14,-0.35571428571428576
Fc1ccc(cc1)-c2n[nH]c(n2)C([N-]3)=CSc(c34)cccc4,-4.98,22,-0.22636363636363638
CCOc1ccccc1-c2nccc(n2)NC,-4.98,17,-0.29294117647058826
CCOC(=O)c(c1)c(OC)cc(c12)onc2C,-4.979,17,-0.2928823529411765
OC[C@H](N)C(=O)CCc1c[nH]cn1,-4.978,13,-0.3829230769230769
C1CC1Oc2ccc(cc2OC)C(=O)NNC(=O)c3cc(C(C)(C)[NH3+])cc(n3)C4CCCCC4,-4.977,34,-0.1463823529411765
COC(=O)[C@H](C(C)(C)C)NC(=O)c(c(c12)cccc2)nn1NCCc3cccs3,-4.976,29,-0.1715862068965517
O=C([O-])CCC(\C)=C/COc1ccccc1CN(C)c2cncc(C)c2,-4.976,26,-0.19138461538461538
s1cncc1NC(=O)Nc2c(F)cc(cc2F)-c3ccccc3OCCn4ccc(=O)[nH]c4=O,-4.976,34,-0.14635294117647057
N#CCCN(C)c(c(c12)scc2)nc(n1)-c3noc(n3)C4CCN(CC4)C(=O)Cc5ccccc5,-4.975,35,-0.14214285714285713
c1ccccc1CC(=O)N2CCC(CC2)c3nc(no3)NC4CCN(CC4)c5ccccn5,-4.975,33,-0.15075757575757576
CC(C)(C)c(on1)cc1N(C(F)(F)F)[C@@H](C(=O)NC(C)(C)C)c2cccnc2,-4.975,28,-0.1776785714285714
CCCCc1ccc(cc1)NCc2cccs2,-4.974,17,-0.29258823529411765
C1CCN1c(n2)c[nH]c2C3CCC3,-4.973,13,-0.38253846153846155
C[NH+](C)CCN1CCN(CC1)Nc2ccc(Cl)cc2,-4.973,19,-0.26173684210526316
O=C(C1)NC[C@@H]1[C@@H](C)Oc(c(c23)cccn3)cc(c2)C(=O)Cc(cnc4)c(c45)c(O)ccc5,-4.973,33,-0.1506969696969697
O=c([n-]1)onc1[C@@H](C)c(c[nH+]c2)c(c23)cccc3,-4.972,18,-0.27622222222222226
C=CC1=C(C)C(=O)N[C@@H]1c2ccc(cc2C[NH3+])-c(cc3)cc(c34)[nH+]c(N)cc4C,-4.972,29,-0.17144827586206898
O=c([nH]1)[nH]c(=O)cc1C(=O)N2CCN(CC2)c3c[nH+]c([nH]3)C4CCCC4,-4.972,26,-0.19123076923076926
Fc1ccc(cc1)-c2ncn(C3CC[NH2+]CC3)c2-c4ccnc(n4)-c5ccn[nH]5,-4.971,29,-0.1714137931034483
c1cc(C)cc(c12)[nH+]c([nH]2)CCn3ccc(=O)c(C(=O)[O-])c3O,-4.971,23,-0.2161304347826087
Cc1cc(C)cc(c1)Oc2cccc(n2)CCC(=O)NCCC(=O)Nc3cccc(C(=O)[O-])c3,-4.971,34,-0.14620588235294119
Cc1cc([nH]n1)[C@@H](C)Nc(c(c23)cc(Br)cc3)nc(n2)N(C)CCC[NH+](C)C,-4.97,28,-0.1775
O=C1NC(=O)[C@@H](S1)Cc2ccc(cc2)S(=O)(=O)C3CCCCC3,-4.97,23,-0.21608695652173912
CC1CCN(CC1)c(cc2=O)oc(c23)c(c(O)cc3O)[C@H]4CC[N@H+](C)C[C@H]4O,-4.969,28,-0.1774642857142857
COc1cccc(c1)-c(cc2)cc(c23)c(OC)cc[nH+]3,-4.969,20,-0.24845
CCCCn1cc(nn1)CNc2cc(NC)[nH+]c(n2)N,-4.969,20,-0.24845
CNc1ccnc(n1)-c(ccc2S(=O)(=O)C(F)F)c(c23)CC(F)(F)[C@H]3O,-4.969,26,-0.19111538461538463
n1cccc(c12)ccc(c2)CC3CCOCC3,-4.969,17,-0.2922941176470588
c1ccccc1[C@H](N(C)C2=O)c(c23)cc(cc3)NCC4([NH3+])CCCCC4,-4.968,26,-0.1910769230769231
CCCNC(=O)[C@H]1O[C@H]([C@H](O)[C@@H]1O)[C@H]2CCC[N@H+](C2)Cc3cccc(c3)Oc4ccccc4,-4.968,33,-0.15054545454545454
Cc1ccc(C)c(c1)CNCC[NH2+]C/C=C/c2ccc(Br)cc2,-4.968,23,-0.216
O=c1[nH]c(=O)n(cc1C)[C@@H]2CC[N@H+](CC2)Cc3cccc(n3)NCCc4cccs4,-4.967,30,-0.16556666666666667
CCCCCC[C@@H](C)Nc(c1)c(NC)cc(c12)onc2C,-4.967,21,-0.2365238095238095
s1cccc1CNC(=O)[C@@H]2CN(N3CCC[C@@H]3CO)CCN2c4ccc(Cl)c(Cl)c4,-4.966,30,-0.16553333333333334
O[C@@H]1[C@@H](O)[C@@H](O)[C@@H](O[C@H]1C)N2CCC(CC2)N3CCCOC3=O,-4.965,23,-0.21586956521739128
N#C\C=C\c(cc1C)cc(C)c1Nc2ccnc(n2)[C@H]3CCN(C3)S(=O)(=O)C,-4.962,28,-0.1772142857142857
O=C([O-])Cn(cc1)c(c12)ccc(c2)Cc([nH]n3)c(c34)cccn4,-4.961,23,-0.21569565217391307
CC(=O)NC[C@H]1CN(C(=O)O1)c2ccc(c(F)c2)C(=O)CC(=O)C(=O)[O-],-4.961,26,-0.19080769230769232
CS(=O)(=O)Cc1cnc(c(c1)-c2nccs2)Oc3ccc(F)cc3F,-4.961,25,-0.19844
C[C@H]1C[C@@H](C)CN(C1)Nc2ccccc2C(=O)[O-],-4.961,18,-0.27561111111111114
Cc1nn(C)c(C)c1-c2cccc(c2F)-c3cc(nc(n3)N)N4CCOCC4,-4.961,28,-0.17717857142857144
Cc1nn(C)c(C)c1CCN2CCN(C)C(=O)[C@H]2C,-4.96,19,-0.26105263157894737
C1COCCN1CCCC(=O)[C@H](C(C)(C)C)NC(=O)c(c(c23)cccc3)nn2Cc4ccc(F)cc4,-4.96,36,-0.13777777777777778
O=C([O-])c1ccc(cc1OC)NNc2ccc([NH3+])cc2,-4.96,20,-0.248
C[NH2+]Cc1ccc(cc1)-c(cc2)cc(c23)[C@@H](C[C@H](C)N3C(=O)C)NC(=O)N[C@H](C)c4ncn[nH]4,-4.96,34,-0.14588235294117646
OC[C@H](N)C(=O)Nc1ccncc1,-4.96,13,-0.38153846153846155
c1c[nH]c(c12)c(=O)n(C\C=C\C)cc2-c3cccc(c3)C(=O)[C@H](C)C(=O)[O-],-4.96,27,-0.1837037037037037
CCCCCC[C@@H](C)[NH2+]N1CCN(CC1)c2ccc(Cl)cc2,-4.959,22,-0.2254090909090909
c1cccc(c12)nc(o2)N[C@H]3[C@@H]([C@@H]34)COC4,-4.958,16,-0.309875
CN(C)CC[N@H+](C1)CC[C@H]1c(c(n2)C)n(c23)ccnc3N4CCOCC4,-4.958,26,-0.1906923076923077
[NH3+]CCc1ccc(cc1)-c(cc2)cc(c23)ccc(c3)C[C@@H]4SC(=O)NC4=O,-4.958,27,-0.18362962962962964
n1[nH]cnc1[C@@H](C)NNC(C)(C)CO,-4.956,14,-0.35400000000000004
c1ccccc1CCCCNC(=O)Nc2cccc(c2)N3C=CCC3=O,-4.955,26,-0.1905769230769231
Clc1ccc(cc1)N2CCN(CC2)CCc(n3)[nH]c(c34)cc(Cl)c(Cl)c4,-4.955,26,-0.1905769230769231
c1[nH+]ccn1C[C@@H](c2ccccc2)NC(=O)c3ccc(cc3)Nc4ccncc4,-4.955,29,-0.17086206896551726
O=C([O-])C(C)(C)N1CC[NH2+]CC1,-4.953,12,-0.41275
O[C@H](C1)CCCN1c2cn(C)c(=O)c(c23)cc(o3)-c4c[nH]c(n4)C5CCC5,-4.953,27,-0.18344444444444447
O=C1CCCc(c12)n(c(c2)CC)-c3nnc([n-]3)-c4ccccc4,-4.953,23,-0.21534782608695655
CC(C)C[C@H]([NH3+])C(=O)OC(C)C,-4.952,12,-0.4126666666666667
c1ccccc1CN2CC[NH+](CC2)Cc(n[nH]3)c(c34)cccn4,-4.951,23,-0.21526086956521737
O=[N+]([O-])c1ccc(cc1)C[N@H+]2CC[C@@H](CC2)C[NH+]3CCOCC3,-4.951,23,-0.21526086956521737
Cc1noc(c12)nc(C)nc2N3CCN(CC3)C4COC4,-4.951,21,-0.23576190476190476
Cc1noc(C)c1-c2ccc(cc2)-c3c(C)nnn3C,-4.95,20,-0.2475
N#Cc(c(N)[nH]1)c(c12)cc(cc2)Oc3ccc(cc3)Nc4cc[nH+]c(c4)N5CCNCC5,-4.95,32,-0.1546875
COC(=O)[C@H](C(C)(C)C)NC(=O)c(c(c12)cccc2)nn1N[C@@H](C(C)C)C(=O)Nc3ccncc3,-4.95,35,-0.14142857142857143
c1ccccc1C(=O)/C=C(\C)n(c2=O)c3sc(CCCC4)c4c3c(n25)ncn5,-4.95,28,-0.1767857142857143
COc1ccc(cc1)-c2c(S(=O)(=O)C)ccc(c2C)C(=O)c3cnn(C(C)C)c3O,-4.95,30,-0.165
C1CCCCC1NC(=O)c2ccc(cc2)C#CCNS(=O)(=O)c3ccccc3,-4.949,28,-0.17675
CCC(CC)c1ccc(cc1F)N2C[C@@H](OC2=O)CNC(=O)C,-4.949,23,-0.21517391304347824
O=P([O-])OC[C@H]1O[C@H](C[C@@H]1O)[C@@H]2CCC[NH2+]C2,-4.949,17,-0.29111764705882354
c1cc(C)cc(c12)nc([nH]2)CCc3cnc([nH]3)C4CCCC4,-4.949,22,-0.22495454545454543
Cc1cc([nH+][nH]1)[C@@H](C)NNc2ccccc2,-4.949,16,-0.3093125
COC(=O)N(CC1)CCC12CN(C2)c3nc(CCC[NH+](C)C)nc(c3C)-c4c(C)noc4C,-4.948,33,-0.14993939393939396
O=C([O-])CCCOc1ccccc1N2CC[NH+](CC2)Cc3cncs3,-4.948,25,-0.19792
OCCOc1ccccc1N2CCN(CC2)[N@H+]3CCC[C@@H]3CO,-4.948,23,-0.2151304347826087
C[C@@H](O)c1ccc(cc1)Cc2ccc(cc2)C[C@H]3SC(=O)NC3=O,-4.948,24,-0.2061666666666667
C1CC[C@H]2[C@@H]1Nc([n+](C)c3=O)n2c(c34)nn(-c5ccc(F)c(Cl)c5)c4Nc6ccccc6,-4.948,32,-0.154625
C[N+](C)(C)CCOP(=O)([O-])OC[C@H](OC(=O)CCCC)COC(=O)c1ccc(=O)n(C)c1,-4.947,32,-0.15459375
FC(F)(F)c(c1)scc1-n(c2=O)c(=O)n(C)c(c23)ccc(c3)C(=O)C4=C([O-])CCCC4=O,-4.947,32,-0.15459375
CC(C)(C)OC(=O)[C@H](CC)CCc1nc(oc1C)-c2ccccc2,-4.946,24,-0.2060833333333333
OCCOc1ccccc1N2CCN(CC2)N3CCC[C@@H]3CO,-4.945,23,-0.21500000000000002
CCCCCCCCC(=O)SCCNNc1ccc(C(=O)[O-])c(c1)OC,-4.945,26,-0.19019230769230772
CS(=O)(=O)C(=O)c(c1)oc(c12)cccc2,-4.944,15,-0.3296
c1cc(F)ccc1-c(c2)nc(cc2C(C)(C)[NH3+])C(=O)c3ccc(cc3Cl)C[NH2+]CCCC[NH3+],-4.944,33,-0.14981818181818182
CCCC[NH2+][C@H](C)c1ccc(cc1)-c2cc(F)cnc2Cl,-4.944,21,-0.23542857142857143
c1cc(C)cc(c12)nc([nH]2)CCc3cc(nc(N)[nH+]3)N4CC[NH+](CC4)C5COC5,-4.943,29,-0.17044827586206895
Nc(n1)cc(C)c(c12)ccc(c2)-c3nccs3,-4.942,17,-0.2907058823529412
Cc1nn(C)c(C)c1C[NH+]2CCN(C)CC2,-4.941,16,-0.3088125
Nc(n1)cc(C)c(c12)ccc(c2)-c3ccc(c(c3)C[NH3+])-c4cc(C5CC5)nn4C,-4.941,29,-0.1703793103448276
C=CCNc1ccc(cc1)N2CCC([N+](C)(C)C)CC2,-4.94,20,-0.24700000000000003
Cc1cc(OC)cc(c12)c(c3c(n2)[nH]nc3C)Cc4cccc(C)c4,-4.94,25,-0.19760000000000003
OCCOCC(=O)c1cc(F)ccc1[O-],-4.94,15,-0.32933333333333337
COc1ccccc1Oc2nccc(n2)S(=O)(=O)c3ccccc3OC,-4.939,26,-0.18996153846153846
O=C[C@@H]1CCCN1Nc2ccncc2,-4.939,14,-0.3527857142857143
O=C1NC(=O)[C@@H](S1)Cc2ccc(cc2)OCCNc3c[nH]cn3,-4.939,23,-0.2147391304347826
c1cc(Br)ccc1-c2ccc(cc2Cl)C[NH2+]CCc3ncc[nH]3,-4.938,23,-0.21469565217391304
C[NH2+]C[C@@H](O)CS(=O)(=O)c1c(Cl)cc(cc1Cl)CCCN(CC2)C[C@H]([N@H+]23)CCC3,-4.937,29,-0.17024137931034483
CC(C)(C)S(=O)(=O)C[C@H](CC)c(c(c12)c(=O)[nH]nc2)cnc1NCc(c(F)cc3)c(c34)CCO4,-4.937,34,-0.14520588235294118
FC(F)(F)c(c1)cc(N)cc1[C@@H](C)NCCOc2ccc(cc2)C[C@@H]3SC(=O)[N-]C3=O,-4.937,31,-0.15925806451612903
O=C([O-])c1ccc(cc1OC)N[C@H](C(=O)[O-])Cc2ccc(cc2)OCCN(C)c3cccc[nH+]3,-4.936,34,-0.1451764705882353
s1cncc1COc2ccc(cc2CN)-c3cccc(c3)Cn4ccc(O)c(C(=O)[O-])c4=O,-4.936,33,-0.14957575757575758
CC(=O)N[C@H]1CCN(C1)N2CCC(CC2)CCC(=O)NCc3ccc(cc3)N4CCCCC4,-4.936,33,-0.14957575757575758
O=C([O-])C(C)(C)Oc(ccc1)c(c12)ccn2CCC[NH+]3CCC3,-4.936,23,-0.21460869565217391
CC[C@H](C)[C@H](N)C(=O)c1ncc(F)cc1F,-4.935,16,-0.3084375
Cc1noc(C)c1-c2ccc(cc2)[C@@H](C)c3ccc(N)nc3,-4.935,22,-0.2243181818181818
Cc1cc(F)ccc1S(=O)(=O)CCCc2ccccc2,-4.935,20,-0.24674999999999997
C1CCCN1c2ccc(cc2Cl)C[NH2+]CCc3ncc[nH]3,-4.935,21,-0.235
CC(C)[C@H](CO)[NH2+]C(C)(C)CO,-4.934,12,-0.4111666666666667
O=C1[N-]C(=O)[C@@H](S1)Cc(c(c23)scc3)ccc2Cc4ccccc4F,-4.934,25,-0.19736
O=C([O-])[C@@H](C)[C@@H](C)C(=O)[O-],-4.933,10,-0.49329999999999996
N#Cc1ccc(cc1Cl)-c2ccccc2OCCO,-4.933,19,-0.25963157894736844
c1cc(F)ccc1CC(=O)c2ccc(c(F)c2)N3CCSCC3,-4.933,23,-0.2144782608695652
CO[C@@H](C)Cn1cc(cn1)-c(c(n2)C)n(c23)ccnc3NCCC4CCCCC4,-4.933,29,-0.17010344827586207
COc1cccc(c1)-c(nnc2C)c(c23)cc(cc3)N4CC[NH2+]CC4,-4.932,25,-0.19728
[nH]1ccnc1C(=O)c2ccc(cc2)-c3cccc(F)c3,-4.932,20,-0.2466
C[C@H]1COC(=N1)c2ccc(cc2)CCCCCCCCC(=O)[O-],-4.932,23,-0.21443478260869567
O[C@@H]1[C@H](O)CO[C@H]1S(=O)(=O)c2cccc(F)c2,-4.932,17,-0.29011764705882354
COC(=O)CC(=O)NCCCS(=O)(=O)c1ccc(nc1)NCCN2CC[NH+](C)CC2,-4.931,30,-0.16436666666666666
CC(C)(C)c(cc1)ccc1[C@H](C)NNCc2ccccc2,-4.931,21,-0.2348095238095238
C[NH2+]CCCOc(cc1)cc(c12)ccn2CC(=O)[O-],-4.93,19,-0.2594736842105263
COC(=O)N(CC1)CCC12CN(C2)c3ccc(nc3)N4CC[NH2+]CC4,-4.93,25,-0.1972
COc1cccc(c1C(=O)OC)CCCCCCCCNCC[NH3+],-4.929,24,-0.205375
n1c[nH]cc1[C@@H](CC)c2cccc(n2)C3CC3,-4.929,17,-0.28994117647058826
CC(C)Cn1ncc(Cl)c1C(=O)Nc(cc2)cc(c23)[nH]c([nH+]3)C[C@H](O)CO,-4.929,27,-0.18255555555555555
c1cc(C)cc(c12)[nH+]c([nH]2)CCCCCOc(cc3)cc(c34)ccn4CC(=O)[O-],-4.927,29,-0.16989655172413792
Cc1nn(C)c(C)c1Cc([nH]2)nc(c23)cc(cc3)NC(=O)c4c(Cl)cnn4CC(C)C,-4.926,31,-0.1589032258064516
NC(=O)[C@@H](C)Nc1cc(nn(c12)c(C)nn2)NC3CCN(CC3)c4cccc[nH+]4,-4.926,29,-0.16986206896551725
n1[nH]ccc1OC[C@H]2CCCO2,-4.926,12,-0.41050000000000003
C[NH2+]C[C@@H](O)COc1ccc(Cl)c(c1)S(=O)(=O)c2ccc(C)cc2,-4.926,24,-0.20525000000000002
CC(=O)N1CCC[C@H](C1)Cn(c(c23)ccc(Br)c3)c(n2)[C@H](C)c4cccc(N)c4,-4.926,29,-0.16986206896551725
c1cnccc1NC(=O)[C@H](CCSC)NC(=O)C(C2)(CC(=O)[O-])Cc(c23)cc(F)c(F)c3,-4.925,32,-0.15390625
N#Cc1ccc(cc1C)-c2ccc(o2)/C=N/Nc3ccccc3C(=O)[O-],-4.925,26,-0.18942307692307692
n1cc([O-])cn1S(=O)(=O)c(cc2)cc(c23)C[NH2+]CC3,-4.924,19,-0.25915789473684214
n1ccccc1N(C)CCc(cc2)c(C(F)F)c(c23)[C@@H](O)C(F)(F)S3(=O)=O,-4.924,27,-0.18237037037037038
O=C([O-])Cn(cc1)c(c12)ccc(c2)-c3cc(Br)ccc3Br,-4.924,21,-0.2344761904761905
CN(C1)C(=O)Nc(c12)ccc(c2)Nc(c3)c(O)cc(c34)NC(=O)C(O4)(C)C,-4.924,27,-0.18237037037037038
C[C@@]1(O)CCC(=O)[C@@H](OC)[C@]1(O)[C@@]2(C)O[C@@H]2CCc3cccc(n3)Oc4cc(C)cc(C)c4,-4.924,33,-0.1492121212121212
CCCCCCCCCCCCC(=O)OC[C@@H](COP(=O)([O-])[O-])OC1CCCC1,-4.924,29,-0.16979310344827586
C1CCCN1S(=O)(=O)C[C@H](C2CC2)c(n3)sc(c34)cccc4,-4.923,22,-0.22377272727272726
CCCCc1cc(ncn1)Oc2ccc(OC)cc2,-4.923,19,-0.2591052631578947
[nH+]1ccccc1N(C)CCCCn(c(n2)SCCC(=O)[O-])c(c23)cccc3,-4.922,27,-0.1822962962962963
CCC(CC)C(=O)[C@@H]([NH3+])CC(C)C,-4.921,13,-0.37853846153846155
O=C([O-])c1c(=O)ccn(c1O)C(c2ccccc2)c3ccccc3,-4.921,24,-0.20504166666666668
O=c([n-]1)[nH]c(=O)cc1C(=O)Cc2ccc([N+](=O)[O-])cc2,-4.921,20,-0.24605000000000002
C[NH+]1CCN(CC1)c(c2)[n-]c3c(ccc(c3c24)n(C)c4O)-c5ccccc5OCCO,-4.921,31,-0.15874193548387097
C[NH2+]C[C@@H](O)COc1ccc(Cl)c(c1)CCCNC(=O)c2ccc(S(=O)=O)cc2,-4.921,29,-0.1696896551724138
Cc1cccc(C)c1-c(c(Cl)cc2)c(c23)nnn3Cc(n[nH]4)c(c45)cccn5,-4.921,28,-0.17575000000000002
O=C([O-])[C@H]1CC[C@@H](CC1)CCc(cc2)[nH+]c(c23)cccc3,-4.92,21,-0.2342857142857143
[nH]1c(N)nc(c12)c(ccn2)C(=O)[C@H](C(C)C)NC(=O)C3CCCCC3,-4.919,25,-0.19676
OC[C@H]([NH3+])C(=O)C(=O)c1ccco1,-4.919,13,-0.3783846153846154
C1CC1Nc(c2CC)[nH+]c(N)nc2-c(c(Cl)cc3)c(c34)nnn4Cc(n[nH]5)c(c56)cccn6,-4.919,33,-0.14906060606060606
Fc1ccc(cc1C)S(=O)(=O)c2c(C3CC3)n[nH]c2C,-4.918,20,-0.2459
CCc1ccccc1-c2ccc(cc2C)C[C@H](CC)CO,-4.916,21,-0.2340952380952381
COc1ccc(cc1OC)S(=O)(=O)c2cccc(c2)C[n+]3ccc(O)c(C(=O)[O-])c3O,-4.913,31,-0.15848387096774194
C[NH+](C)C1CCN(CC1)c2ccc(cc2)-c(cs3)c(c34)oc(cc4O)=[N+]5CCOCC5,-4.912,31,-0.1584516129032258
CC[C@H](C)[C@H]([NH3+])C(=O)CC#Cc1ccc(cc1)C(=O)NCCC(F)(F)F,-4.912,26,-0.18892307692307692
C1CCC1CNC(=O)c2ccc(cc2)-c3ccccc3F,-4.912,21,-0.2339047619047619
CN(C1)C(=O)Nc(c12)ccc(c2)N3CC=CC3=O,-4.912,18,-0.2728888888888889
c1cc(C(F)(F)F)cc(c12)n(CC)c([nH+]2)[C@@H](C)Nc3cc[nH+]c(N)c3,-4.911,25,-0.19643999999999998
COc1cccc(c1)OCC(=O)c2ccc(cc2Cl)C[NH2+]CCc(n3)[nH]c(c34)cccc4OC,-4.911,34,-0.1444411764705882
O=C1NC(=O)[C@@H](S1)Cc(cc2)cc(c23)ccc(c3)-c(cs4)c(c45)oc(cc5=O)N6CCOCC6,-4.911,34,-0.1444411764705882
O=c([nH]1)[nH]c(=O)cc1C(=O)N2CCN(CC2)c3ccc(O)c(O)c3,-4.911,24,-0.20462499999999997
CCCCCC(=O)O[C@H](COCC(=O)N)COP(=O)([O-])OCC[N+](C)(C)C,-4.91,27,-0.18185185185185185
NC(=O)[C@@H](C)CC(=O)Nc1nc(cs1)-c2ccccn2,-4.91,20,-0.2455
C1CN(C)CCN1c2[nH+]c(N)nc(c2CC)Cc3nc(cn3C)-c4ccccc4,-4.91,29,-0.16931034482758622
Oc1c(C)cc(cc1C)[N@@H+]2CCC[C@H](O)C2,-4.909,16,-0.3068125
CC(C)Cc1nc(cs1)-c2ccc(cc2)C(=O)n(nn3)c(c34)C(=O)c5c(C4=O)cccc5,-4.908,32,-0.153375
CN1CC[NH+](CC1)CCc2ccc(=O)n(C)c2,-4.908,17,-0.2887058823529412
CCCCC(=O)OC[C@H](CO)Nc(cc1)cc(c12)CN(C)C(=O)N2,-4.908,24,-0.20450000000000002
CCCCCCCCCCCCO[C@H]1O[C@H](CO)[C@H]([C@H](O)[C@H]1O)NC2=[NH+]NCS2,-4.907,29,-0.16920689655172413
CC[NH+]1CCN(CC1)c([nH+]2)n(c(c23)cccc3)CC4CCOCC4,-4.907,24,-0.20445833333333333
CC(C)CCNS(=O)(=O)c1ccc(cc1)OCc(c2)oc(c23)cccc3,-4.906,26,-0.1886923076923077
C[NH2+]Cc1ccc(cc1)-c2cccc(Cl)c2Cl,-4.906,17,-0.28858823529411765
CC(C)CCNc1ccc(C(F)(F)F)cc1[N+](=O)[O-],-4.906,19,-0.25821052631578945
n1ccccc1N(C)CCOc2ccc(cc2)C[C@@H](C(=O)[O-])c3ncon3,-4.905,27,-0.18166666666666667
COc1cccc(c1C(=O)OC)CCCCCCCCc2c(C)ccn(C)c2=O,-4.905,29,-0.16913793103448277
COc1cccc(c1)C/C(N)=[NH+]\N=C\c2ccc(o2)-c3ccccc3Cl,-4.905,26,-0.18865384615384617
Cc1cc(on1)CCCCC[NH2+]Cc2ccc(cc2)N3CCCCC3,-4.905,25,-0.1962
CC(C)(O)Cn1cc(cn1)N(C2=O)C(=O)N([C@H]23)CC[C@H]3O,-4.905,21,-0.2335714285714286
CCOc1ccc(C(=O)C)cc1-c2cc(cc(c2)-c3ccn(n3)C)NCCc4ncc[nH]4,-4.904,32,-0.15325
COc(c1)c(OC)cc(c12)c(ncn2)[C@H](C)C3CC3,-4.904,19,-0.2581052631578947
O=c1[n-]c(=O)ccn1C(=O)c2nccn2Cc3ccccc3,-4.904,22,-0.22290909090909092
O=C([O-])CCC[C@@H](O)/C=C/C=C/CCc1ncn(n1)C[C@H]2CC[C@H](C(=O)[O-])CC2,-4.904,29,-0.16910344827586207
COC(=O)CCCCNc(cc1)cc(n12)[nH+]c(c2)-c3ccccc3,-4.904,24,-0.20433333333333334
CS(=O)(=O)Nc1cc(ccc1C)Cc([nH]n2)c(c23)cccn3,-4.903,22,-0.22286363636363635
c1ccccc1-c(oc2C)nc2CCN3CCN(CC3)c4ccc(Cl)cc4,-4.903,27,-0.18159259259259258
C1CCCN1S(=O)(=O)C[C@H](C2CC2)c3ccc(Cl)cc3,-4.902,20,-0.2451
C=CC1=C(C)[C@@H](NC1=O)c2ccc(S(=O)(=O)C(F)F)c(c2Br)CO,-4.901,24,-0.20420833333333333
Brc1ccc(cc1)/C=C/CNCC[NH2+]Cc2cccs2,-4.901,20,-0.24505
Cc1nn([C@H](C)C(=O)[O-])c(C)c1/C=N/N2CCN(CC2)Cc3ccccc3,-4.901,27,-0.18151851851851852
Cc1cc(C)cc(c1)Nc2cccc(n2)C/C=C/[C@H](O)CCCC(=O)[O-],-4.9,26,-0.18846153846153849
CCCCCCCC(=O)n(c(c1)CCCC(=O)[O-])c(c12)ccc(Cl)c2,-4.9,25,-0.196
Brc1ccc(cc1)-c2ncn(C3CC[NH2+]CC3)c2-c4ccnc(n4)C5CC[NH2+]CC5,-4.9,30,-0.16333333333333336
O=C([O-])C[NH2+][C@H](C)c1nc[nH]n1,-4.899,12,-0.40825
O=C([O-])[C@@H](C)CCOc1ccc(cc1)C[C@@H]2SC(=O)NC2=O,-4.898,22,-0.22263636363636363
Cc1cc([nH]n1)[C@@H](C)Nc(c(c23)cn[nH]c3=O)ncc2-c4ccc(C[NH+](C)C)nc4C,-4.898,31,-0.158
c1ccc(OC)c(c12)[nH]c(n2)CC[NH2+]Cc3ccc(c(Cl)c3)S(=O)(=O)CC(F)(F)F,-4.897,30,-0.16323333333333334
c1sccc1C(=O)c2nccn2Cc3ccccc3,-4.897,19,-0.25773684210526315
O=C1CC/C(C(=O)N1)=C(/[O-])C2CCCCC2,-4.896,16,-0.306
Cc([nH+]1)c(C)n(c12)c(C)c(cc2)CCc3[nH+]c(cn3C)CCOCCOCCOCCOCCO,-4.896,35,-0.13988571428571428
CC/C=C/C/C=C/CCc1ccccc1OCCn2ccc(=O)[nH]c2=O,-4.896,26,-0.18830769230769231
CC(C)Oc(c1)c(C(=O)N)cc(c12)nccc2C(F)(F)F,-4.895,21,-0.23309523809523808
c1cccc(c12)nccc2CC3CCOCC3,-4.894,17,-0.2878823529411765
Cc1cccc(n1)[C@@H]2N(CCc(c23)scc3)c4cc(nc(n4)N)N5CC[NH+](CC5)C6COC6,-4.894,33,-0.1483030303030303
O=c1[nH]c(cs1)-c2cccc(c2)-c(cc3)c(C(F)F)c(c34)[C@@H](O)C(F)(F)S4(=O)=O,-4.894,29,-0.16875862068965516
[nH]1ncnc1[C@@H](C)Nc2cnn(C)c2,-4.893,14,-0.3495
[O-]c1cnn(c1)-c2nccs2,-4.893,11,-0.4448181818181818
NC(=O)[C@@H](C)Nc1cc(nn(c12)c(C)nn2)-c3ccccc3CCc4ccc(cn4)[C@H](C)O,-4.893,33,-0.14827272727272728
Cc1nc(CN(C)C)ccc1-c2cccc(c2)NS(=O)(=O)c3ccc(F)c(Cl)c3,-4.893,29,-0.16872413793103447
CC[C@H](CO)CCC/C(C)=C/CSP(=O)([O-])OP(=O)([O-])[O-],-4.893,21,-0.23299999999999998
Cc1nn(C)c(C)c1CN(C)c2nc(CCCCCC(=O)[O-])nc(n2)N(C)CCC(=O)NC3CC3,-4.892,35,-0.13977142857142857
[nH]1ccnc1CCc(c(c23)ccc(Cl)c3)c([nH]2)C(=O)NCCN4CCOCC4,-4.892,28,-0.17471428571428574
CCCNC(=O)[C@H]1O[C@@H](NC(C)(C)C)[C@H](O)[C@@H]1O,-4.891,18,-0.2717222222222222
[NH3+]CCNC(=O)COc1ccc(cc1)N2CCCOC2=O,-4.891,21,-0.2329047619047619
n1c(N)nn(c12)c(ccc2)-c3nc(ncc3C)Nc4ccc(c(F)c4)C(=O)N[C@@H]5CC[N@@H+](C)CC5,-4.891,35,-0.13974285714285714
C1CC1[C@@H](C)Nc2nc([nH+]c(c23)cccc3)C[C@@H](OCC)CSc4ccc(c(C)c4)OCC(=O)[O-],-4.89,35,-0.1397142857142857
COc(cc1)cc(c12)C(c(ccc3)c(c34)cc[nH]4)=N[C@H](c5n2c(nn5)C)CC(=O)CCC(=O)NC6CC6,-4.89,37,-0.13216216216216214
COc1c(OC)cc(cc1OC)C(=O)c2ccc(C)c(c2)NS(=O)(=O)C,-4.889,26,-0.18803846153846154
O=c(n1)[nH]c(=O)c(n2)c1n(c(c23)cc(C)c(C)c3)S(=O)(=O)c4ccc(cc4)[C@H]5CC(=O)N(C)C5,-4.889,34,-0.14379411764705882
Cc1cc(ccn1)-c2ccc(cc2)-c3c(C)noc3C,-4.888,20,-0.2444
FC(F)(F)CCNC(=O)c1ccc(cc1)C#CCNc2ccc(cc2)C[NH+]3CCCCC3,-4.888,32,-0.15275
Cc1nn(C)c(C)c1NS(=O)(=O)c2ccc(nc2)Nc3cc(Cl)cc(Cl)c3,-4.887,27,-0.181
CNc1cc(nc(N)[nH+]1)N2CCN(CC2)c(cnc3)c(c34)cccc4,-4.886,25,-0.19544
CC[C@@H](CO)c(c[nH]1)c(c12)ccc(c2)C(F)(F)F,-4.885,18,-0.2713888888888889
CC(=O)N1[C@@H](C2CC2)CN(c(c13)cccc3)N[C@@H]4CC[N@H+](CC4)Cc(c[nH]5)c(c56)cc(C)cc6,-4.885,34,-0.1436764705882353
c1cccc(c12)nc(s2)CCc3c[nH]cn3,-4.884,16,-0.30525
Cc(n1)c(C)n(c12)nc(cc2)-c3ccccc3OCCCC(=O)[O-],-4.884,24,-0.20350000000000001
CCOP(=O)([O-])O[C@@H]1O[C@@H](C)[C@H](O)[C@@H](O)[C@H]1O,-4.884,17,-0.28729411764705887
COc1cc(OC)cc(c12)[nH]c(nc2=O)C3C=C3,-4.884,18,-0.27133333333333337
Cc1ccc(cc1)S(=O)(=O)S(=O)(=O)c(ccc2)c(c23)ccnc3,-4.884,23,-0.21234782608695654
n1ccc(OC)c(c12)cc(cc2)-c(cn(C)c3=O)c(c34)O/C(C4)=c5\cnc([nH]5)=C6CCCC6,-4.882,33,-0.14793939393939393
CCn(cn1)c(c12)c(=O)[nH]c(=O)n2-c3nc(ncc3Cl)Nc4ccc(cc4)N5CC[NH+](C)CC5,-4.881,34,-0.14355882352941177
c1ccccc1NC(=O)c2ccc(cc2)-c(c[nH+]3)n(c34)CCC4,-4.881,23,-0.21221739130434783
CCNC(=O)c1ccc(C(=O)CC2CC2)c(c1)-c3cn(C)nn3,-4.881,23,-0.21221739130434783
C1C[NH2+]CCN1c(c2)[nH+]ccc2CCC3OCCO3,-4.88,19,-0.25684210526315787
O=C([O-])c1c(=O)ccn(c1O)-c2cnns2,-4.88,16,-0.305
CCOC(=O)Cc1nc(cs1)N[C@H]2CC[C@H](O)CC2,-4.879,19,-0.2567894736842105
CS(=O)(=O)N1CC[C@@H](C1)NCC[NH2+]C/C=C/c2ccc(Br)cc2,-4.879,23,-0.21213043478260868
CS(=O)(=O)Nc1cc(ccc1C)-c(nn(c23)c(nn3)C)cc2NC4CCCCC4,-4.879,29,-0.1682413793103448
Cc1ccc(cc1)-c(nnc2C)c(c23)cc(nc3)N4CCOCC4,-4.878,24,-0.20325000000000001
C1COCCN1C(=O)c(cnn2C)c2C(=O)Nc(c3)c(C#N)cn(c34)cc(n4)C[C@H]5CC[C@H](C)CC5,-4.878,36,-0.1355
CCn1c(=O)[n-]c(=O)c(c12)[C@H](c3ccc(C)cc3)C4=C(N2)CN(C4=O)OC,-4.877,27,-0.1806296296296296
C[C@H]1CC[C@@H](CC1)CC(=O)c2ccc(cc2)C#CCNS(=O)(=O)c3ccccc3,-4.877,29,-0.16817241379310344
CN1CCN(CC1)c2ccc(cc2)NCC[NH+]3CCOCC3,-4.877,22,-0.22168181818181817
Fc1cccc(c1)CNCc2cccs2,-4.876,15,-0.32506666666666667
COc1cccc(c1)-c2ncn(c2-c3ccc(OS(=O)=O)cc3)CCCCCc4ccccn4,-4.876,34,-0.14341176470588235
O=C1C[N@H+](CCN1)CCCNCc2cccnc2,-4.876,18,-0.2708888888888889
C[N@H+]1CC[C@@H]([C@H](O)C1)c(c(O)cc2O)c(c23)oc(cc3=O)-c(ccn4)c(c45)nc[nH]5,-4.876,30,-0.16253333333333334
CCCCCCCc1ccc(F)c(Cl)c1,-4.876,15,-0.32506666666666667
Clc1ccccc1S(=O)(=O)c2c[nH]nc2-c3cccc(C(F)(F)F)c3,-4.876,25,-0.19504000000000002
CC[C@H](CO)[N@@H+]1CCC[C@@H](C1)n2cc(C)c(=O)[nH]c2=O,-4.876,20,-0.24380000000000002
CCOC(=O)CCNc1ccc(cc1)-c(n2)c(C)c(C(=O)[O-])c(c23)ccnc3,-4.875,28,-0.17410714285714285
Cn1ccnc1C(=O)c(o2)c(C)c(c23)c(ccc3)OCCCCCc4ccc(cn4)[C@H](C)O,-4.875,33,-0.14772727272727273
CO[C@@H]1CC[N@H+](CC1)Cc2cccc(n2)Oc3ccccc3,-4.874,22,-0.22154545454545452
Cc1ccc(cc1)OCCNC2=[NH+]NCS2,-4.874,16,-0.304625
Cc1cc(on1)CCCCCn2nnc(n2)-c3cccc(c3)C(=O)NCc4ccc(C(=O)[O-])cc4,-4.874,35,-0.13925714285714286
Oc1ccc(cc1)CCc([nH]n2)c(c23)cccn3,-4.873,18,-0.27072222222222225
COc1ccccc1S(=O)(=O)c(sc2S(=O)(=O)C)c(c23)CCC(F)(F)[C@H]3O,-4.872,27,-0.18044444444444444
COc1ccc(cc1)Cn(nn2)c(c23)[C@@](C)(O)CC[C@H]3OS(=O)(=O)c4ccc(F)cc4C,-4.872,32,-0.15225
COCCCNc(cc(c12)nccc2)cc1-c3c(C)noc3C,-4.872,23,-0.21182608695652175
[NH3+]CCNc(cc1)cc(c12)[nH]c(n2)-c3ccccc3,-4.871,19,-0.2563684210526316
CC(O1)(C)C(=O)Nc(c12)cc(O)c(c2)NCCc3ncc[nH]3,-4.87,22,-0.22136363636363637
O=C([O-])c1ccccc1NNCC23C[C@H]4C[C@@H](C3)C[C@H](C4)C2,-4.87,22,-0.22136363636363637
N#C\C=C\c(cc1C)cc(C)c1Nc2ccnc(n2)Nc3nccs3,-4.869,25,-0.19476
O=C([O-])Cc(co1)c(c12)ccc(c2)CCCCCCCCCCC(=O)[O-],-4.869,26,-0.18726923076923077
O=C1CCCc(c12)n(c(c2)CC)-c3ccnc(n3)Nc4ccc(C#N)cc4,-4.869,27,-0.18033333333333332
Fc(c1)cccc1S(=O)(=O)[N-]c2cccc(c2)-c3cc[nH]n3,-4.869,22,-0.2213181818181818
[nH+]1ccccc1NCc2ccc(cc2)N3CCCCC3,-4.868,20,-0.2434
CN(C1)C(=O)Nc(c12)ccc(c2)N3CCCOC3=O,-4.868,19,-0.2562105263157895
O=C1CCCc(c12)n(c(c2)CC)-c3n[nH]c(n3)-c4ccccc4,-4.868,23,-0.2116521739130435
Cn(c1)c(=O)ccc1-c(cn2C)c(n2)COc3ccc(cc3)CCCCCc4ccccn4,-4.868,33,-0.14751515151515152
[nH]1ncnc1[C@@H](C)NNC(C)(C)CO,-4.868,14,-0.34771428571428575
CC[C@@H]([C@H](C)O)c1ccc(cn1)S(=O)(=O)Nc2c(C)nn(C)c2C,-4.868,24,-0.20283333333333334
C1COCCC1C(=C2)N=[N+](C23)C(=O)C=C(N=3)CNNCCC4CCCCC4,-4.868,27,-0.18029629629629632
N#CCCN(C)c(c(c12)cc(Br)cc2)nc(n1)N[C@@H](C(=O)[O-])Cc(c[nH]3)c(c34)cccc4,-4.867,32,-0.15209375
COCCCNc1cccc(Cl)c1-c(cc2)cc(c2=3)=NC(=O)N3,-4.867,23,-0.2116086956521739
CCCC(=O)c1c(C)nnn1C2CCN(C(N)=[NH2+])CC2,-4.866,20,-0.2433
O=C(N1)C(C)(C)c(c12)cc(cc2F)-c3ccc(cc3Cl)C[NH2+]CCc4c[nH]cn4,-4.866,29,-0.16779310344827586
CC(=O)NC[C@H]1CN(C(=O)O1)[C@@H]2CC[N@H+](CC2)Cc3cccc(n3)Oc4ccccc4,-4.866,31,-0.15696774193548385
c1cccc(c12)[nH+]c(C)nc2N[C@H]3CC[C@H](O)CC3,-4.865,19,-0.25605263157894737
C1C[C@@H](C)CC[C@@H]1[C@@H](C)CCN(C)c2cccc[nH+]2,-4.864,19,-0.256
COc1ccc(cc1)S(=O)(=O)c2ccc(cc2)C[NH+]3CCCCC3,-4.864,24,-0.20266666666666666
CCOC(=O)Cc1nc(cs1)-c2ccc(cc2)C(=O)C(=O)CCC(=O)[O-],-4.864,26,-0.18707692307692309
CCCCCCCCC(=O)SCCNc1ccc(C[NH3+])cc1,-4.862,22,-0.221
c1ccccc1[C@](C)(CO2)c(c23)cc(C(=O)N[C@H]4[C@@H]([C@@H]45)COC5)cc3C(=O)Cc(c6)oc(c67)cccc7,-4.861,37,-0.13137837837837837
COc1ccc(cc1OC)N2C[C@H](O)C[C@H]2C(=O)NCc3ccc(cc3)[C@@H]4C(C)=NCS4,-4.861,32,-0.15190625
CNc1nc(N)nc(c1CC)Cc2ccc(Cl)c(c2)O[C@@H](C)C(=O)[O-],-4.861,25,-0.19444
CC(=O)N1CCC[C@H](C1)CCc(cc2)[nH+]c(c23)cccc3,-4.86,21,-0.23142857142857146
n1[nH]cnc1[C@@H](C)Nc(n2)oc(c23)cccc3,-4.859,17,-0.2858235294117647
CN(C1)C(=O)Nc(c12)ccc(c2)NOC(C)(C)C,-4.859,18,-0.26994444444444443
CC[NH+]1CCN(CC1)c2ccc(cc2Cl)C[NH2+]CCc(n3)[nH]c(c34)cc(Cl)c(Cl)c4,-4.859,30,-0.16196666666666668
C1CCCN1S(=O)(=O)C[C@H](C2CC2)c3cc(F)c(C(F)(F)F)c(F)c3,-4.859,25,-0.19436
C1C[N@H+](C)CC[C@H]1NC(=O)c(cc2OC)ccc2CCCCCc3cc(C)no3,-4.859,29,-0.16755172413793104
Cn1[nH+]c(C2CC2)cc1[C@H](CO)Cc(c[nH]3)c(c34)cccc4,-4.859,22,-0.22086363636363637
C1COCCN1[C@@H](C)Cc2c[nH]c[nH+]2,-4.858,14,-0.347
c1nccn1C[C@@H](c2ccccc2)NC(=O)c3ccc(cc3)Nc4cc[nH+]cc4,-4.857,29,-0.16748275862068968
COCCOCCc1cc(nc[nH+]1)N(C)CCOc2ccc(cc2)C[C@@H]3SC(=O)NC3=O,-4.856,32,-0.15175
n1nc(C)n(c12)c3c(cccc3)C(c4ccccc4)=N[C@H]2Nc5c[nH]c(n5)C6CCC6,-4.855,31,-0.15661290322580645
C[NH+](C)CCN1CC[NH+](CC1)Cc2ccc(cc2Cl)-c3ncon3,-4.855,24,-0.20229166666666668
COc1ccccc1Oc2nccc(n2)C(C)(C)C(=O)[O-],-4.855,21,-0.23119047619047622
CC(C)C[C@H](N)C(=O)NC/C=C/c1ccc(Br)cc1,-4.855,19,-0.2555263157894737
Cc1ccc(cc1)[C@H](C)Nc(cc2)cc(c23)N(N(C4(C)C)C(=O)NC4=O)[C@H](C)C(=O)N3C,-4.855,32,-0.15171875
CCCNc(cc1)cc(c12)oc(c2CC(=O)[O-])-c3cccc(c3)OC,-4.853,25,-0.19412
COc1cc(=O)n(C)nc1-c(ncn2)c(c23)cc[nH]3,-4.852,19,-0.2553684210526316
CC[C@@H]([C@H](C)O)c1ccc(cc1OCC)C(=O)N2CCC(CC2)[NH+]3CCN(C)CC3,-4.852,30,-0.16173333333333334
COc(c1)cccc1-c([nH+]cn2CC#C)c2C/C=C(/C)CCC(=O)[O-],-4.852,25,-0.19408
OC[C@@H](O)C(=O)NC[C@H]1CN(C(=O)O1)c2ccc(c(F)c2)N3CCSCC3,-4.852,27,-0.17970370370370373
Fc1ccc(CO)cc1C(=O)c(cc2OC)c(cc2OC)NC(=O)c(cn3)cc(c34)cccc4,-4.851,34,-0.1426764705882353
C1C[C@@H](O)CC[C@@H]1S(=O)(=O)c2c(Cl)cc(cc2Cl)CCCN(CC3)C[C@H]([N@H+]34)CCC4,-4.851,30,-0.1617
[NH2+]1CCCC[C@@H]1N(C)CCO[C@@H]2CC[C@@H](CC2)C[C@@H](C([O-])=O)[NH2+]Cc3ccccc3,-4.851,30,-0.1617
c1cc(C(F)(F)F)cc(c12)n(CC)c(n2)[C@@H](C)Nc3cc[nH+]c(N)c3,-4.851,25,-0.19404
O=C(N=1)N=c(c12)cc(cc2)-c3cc(ccc3Cl)OCc([nH]n4)c(c45)cccn5,-4.85,28,-0.1732142857142857
O=C([O-])C[C@H](C)CCCOc1ccccc1CS(=O)(=O)c(cc2)cc(c23)scn3,-4.85,29,-0.16724137931034483
CNc1nc(N)[nH+]c(c1CC)C/C=C(/C)CCC(=O)[O-],-4.85,20,-0.2425
CCCCCCCC(=O)O[C@H](CONC(C(C)C)C(C)C)COP(=O)([O-])OCC[NH3+],-4.849,30,-0.16163333333333335
c1cc(F)ccc1CC(=O)c2ccc(cc2OC)C[NH2+]CCc([nH+]3)[nH]c(c34)cccc4,-4.848,31,-0.15638709677419355
O=c1[nH]c(=O)n(cc1C)[C@@H]2CC[N@H+](CC2)C[C@H](C)N3CCOCC3,-4.848,24,-0.20199999999999999
NC(=O)c1ncc(cn1)-c2cc(ccc2Cl)OCc([nH]n3)c(c34)cccn4,-4.848,27,-0.17955555555555555
Cc1ccnc(c1)CCCCCC(=O)COc2cccc(F)c2,-4.848,23,-0.21078260869565216
n1nc(C)n(c12)nc(cc2)-c3cnn(C)c3CCC(C)C,-4.848,21,-0.23085714285714284
CCC(CC)Nc1cc(C)nc(c1C)C(=O)[C@@H](N)CC(C)C,-4.847,22,-0.22031818181818183
CC(C)C(C(C)C)NC(=O)Cc(nc1)nc(c12)N(C3CCCC3)c4c(C(=O)N2C)cccc4,-4.847,33,-0.1468787878787879
C1CC(O)CCN1C(=O)c2cc(F)ccc2[O-],-4.847,17,-0.28511764705882353
O=C1CC=CN1c2cccc(c2)NO,-4.845,14,-0.34607142857142853
CC(C)C[NH2+]CC(=O)c(c(c1)OC)cc(c12)[nH]c3c2c(nc(n3)C)Nc4cc(C5CC5)nn4C,-4.845,34,-0.1425
O=c([n-]1)[nH]c(=O)cc1C(=O)N2CCN(CC2)c(ccc3)c(c34)cccc4,-4.845,26,-0.18634615384615383
COCCOCCCCC/C(C)=C/CC/C(C)=C/CSP(=O)([O-])OP(=O)([O-])[O-],-4.845,28,-0.17303571428571426
COc1ccc(c(C(F)(F)F)c1)CNn(c(n2)SCCC(=O)[O-])c(c23)cccc3,-4.845,29,-0.16706896551724137
O=C1NC(=O)[C@H](S1)Cc2ccc(cc2)-c3cccc(c3)NS(=O)(=O)c4ccc(F)c(Cl)c4,-4.845,32,-0.15140625
O=P([O-])(O)OP(=O)([O-])SCCCCc([nH]1)nc(c12)ccc(Cl)c2,-4.845,23,-0.21065217391304347
O=c1ccc(cn1C)-c(cn(C)c2=O)c(c23)oc(c3)-c4cnc([nH]4)C5CCC5,-4.844,28,-0.17300000000000001
Fc1ccc(cc1)-c2[nH]nc(n2)-c3ccc(cc3Cl)C[NH2+]CCc4ccc[nH]4,-4.844,28,-0.17300000000000001
NC(=O)CC[NH2+]Cc1ccc(c(Cl)c1)C(=O)[C@@H](C2)Oc(c23)c(cc(Cl)c3)-c4ccnc(N)c4,-4.843,33,-0.14675757575757575
CCCCCCC(=O)OC[C@H](COP(=O)([O-])OC[C@@H](O)CO)OCc1ccccc1C,-4.843,31,-0.1562258064516129
C=CCOC(=O)c1cc(C(C)(C)[NH3+])cc(n1)-c2ccc(F)cc2,-4.843,23,-0.21056521739130435
Cn1ccc(n1)CCC[NH2+]Cc2ccc(c(Cl)c2)-c3ccccc3,-4.843,24,-0.20179166666666667
Fc1cc(F)ccc1Oc(ncc2CS(=O)(=O)CC)c(c2)CCN3CC[NH+](C)CC3,-4.843,30,-0.16143333333333335
c1cc(F)ccc1-c(c2)nc(cc2C(C)(C)[NH3+])C(=O)NCCCNC(=O)c3ccc(F)cc3,-4.842,33,-0.1467272727272727
Cc1cc(ccn1)-c2ccc(C#N)c(Cl)c2C,-4.842,17,-0.2848235294117647
[nH]1nccc1-c2ccc(cc2Cl)C[NH2+]CCc3cnc[nH]3,-4.842,21,-0.23057142857142857
Cn1cc(cn1)-c2c[nH+]c(N)c(c2)COCCO,-4.842,18,-0.26899999999999996
CC(C)Cc1ccccc1C(C)(C)C,-4.841,14,-0.3457857142857143
Cc1ncsc1-c2ccc(cc2)CNC(=O)[C@@H]3C[C@@H](O)CN3NC4CCCCC4,-4.841,29,-0.16693103448275862
CC(C)CCNc1ncccn1,-4.841,12,-0.4034166666666667
Cc([nH+]1)c(C)n(c12)c(C)c(cc2)CCc3nc(cn3C)-c4ccnc(c4)N5CC[NH2+]CC5,-4.841,32,-0.15128125
CCCCCCOc1cccc(c1)CC(=O)[C@@H]2CN(C(=O)CC3)N3C24CCCC4,-4.841,29,-0.16693103448275862
O=C([O-])CCSc(n1)n(c(c12)cccc2)CC[NH2+]CC3CCC3,-4.841,23,-0.21047826086956523
CC(C)S(=O)(=O)NC[C@@H]1CC(=NO1)c2ccc(c(F)c2)CCC[NH+](C)C,-4.84,26,-0.18615384615384614
O=C([O-])c1c(=O)ccn(c1O)-c(ccn2)c(c23)[nH]cn3,-4.839,20,-0.24195000000000003
Clc1c(F)ccc(Cl)c1[C@@H](C)Oc2cc(NCC[NH3+])cnc2N,-4.838,23,-0.2103478260869565
CC(=O)Nc1cccc(c1)C(=O)[C@@H]([NH3+])CC(C)C,-4.838,18,-0.2687777777777778
Cc1cc(C)cc(c1)Oc2nccc(n2)-c3c[nH]c(n3)C4CCCC4,-4.838,25,-0.19352
CCC(=O)c1c[nH]c(c1)C(=O)NCCOc2ccc(cc2)C[C@@H]3SC(=O)NC3=O,-4.837,29,-0.16679310344827586
O=C1CCCN1Nc2ccc(C(F)(F)F)cc2[N+](=O)[O-],-4.837,20,-0.24184999999999998
CNc1cc([nH+]c(n1)N)N2CCN(CC2)N3CC[NH+](C(C)C)CC3,-4.837,24,-0.20154166666666665
N#C\C=C\c(cc1C)cc(C)c1-c2cccc(c2)C(=O)N(C)C,-4.837,23,-0.21030434782608695
FC(F)(F)CCNS(=O)(=O)c1ccc(cc1)C#CC[C@@H]2O[C@H](CO)[C@@H](O)[C@H]2O,-4.836,28,-0.17271428571428574
Cc1cc[nH+]c(c1)CCCCCc(n2)c(cccc3)c3c(n24)nnc4C,-4.836,26,-0.186
[nH]1nccc1-c2ccc(cc2OC)C(=O)N[C@@H]3CC[N@@H+](C)CC3,-4.836,23,-0.21026086956521742
O=C([O-])CCC(\C)=C/C[NH2+]CCOc1ccc(cc1)C[C@@H]2SC(=O)NC2=O,-4.836,27,-0.1791111111111111
CCCCCCO[C@@H](COP(=O)([O-])OCC[NH3+])COC(=O)CCCCCC,-4.835,27,-0.17907407407407408
O=S1(=O)C(F)(F)[C@H](O)c(c12)c(C(F)F)c(cc2)Nc3nccs3,-4.835,23,-0.21021739130434783
FC(F)(C1)[C@@H](O)c(c12)c(S(=O)(=O)C)ccc2N3CCC(=O)CC3,-4.835,23,-0.21021739130434783
CCc(nn1)n(c12)nc(cc2)-n(c(C)c3)c(c34)cc(cc4)Nc5[nH+]ccc(n5)NC,-4.834,30,-0.16113333333333332
c1ccccc1S(=O)(=O)NCC#Cc2ccc(cc2)S(=O)(=O)c3ccnc(c3)N4CC[NH2+]CC4,-4.834,34,-0.1421764705882353
C1COCCN1c(c2)ncc(c23)c(C)n[nH+]c3N[C@H](C)c4cccc(c4)S(=O)(=O)N,-4.834,30,-0.16113333333333332
n1cccc(c12)c(n[nH]2)Cn(ccc3C)c(=O)c3[C@@H]4CCC[NH2+]C4,-4.833,24,-0.201375
CCN1CCN(CC1)c2cc(Cl)ccc2C,-4.833,16,-0.3020625
Nc1nc(SC)nc(c12)n(cn2)-c3cc(C(C)(C)O)ccc3Oc4ccc(F)cc4F,-4.833,31,-0.1559032258064516
CC(C)(C)OC(=O)[C@H](CC)NCC#Cc1ccc(cc1)C(=O)NCCC(F)(F)F,-4.833,29,-0.1666551724137931
C[N@H+]1CC[C@@H](CC1)c2ccc(cc2F)CCOCCOCCOCCOCCOCCO,-4.833,32,-0.15103125
CCc1ccccc1-c2ccc(cc2Cl)CCCC(=O)N,-4.832,21,-0.23009523809523807
[NH3+][C@H]1CCCN(C1)c2cs/c([nH]2)=N/N=C/c3ccccc3C=O,-4.831,23,-0.21004347826086958
CN1C(=O)[C@@H](C)N(C2CC2)c(c13)cc(cc3)-c4cccc(C(F)(F)F)c4,-4.831,26,-0.1858076923076923
CC(C)(C)Oc1nc(cs1)-c2ccccc2,-4.83,16,-0.301875
CCN(C(=O)C1)c(c12)ccc(c2)NC(=O)c(c3)oc(c34)cccc4,-4.83,24,-0.20125
Fc1ccc(cc1C)S(=O)(=O)c2c(C3CC3)[nH]nc2C,-4.83,20,-0.2415
Cc1nn(C)c(C)c1-c2cccc(c2F)N(CC3)CCC34Oc5c(O4)cccc5,-4.83,29,-0.16655172413793104
Cc1ccccc1CC(=O)Nc2cc(C)c(c(C)c2)S(=O)(=O)N3CCC(CC3)N4CC[NH+](C)CC4,-4.829,35,-0.13797142857142855
O=C(N1)C(C)(C)Oc(c12)cc(c(c2)OC)-c3ccccc3N,-4.829,22,-0.2195
COC1=C(OC)C(=O)C(=C(C)C1=O)CCN2CCCC2,-4.828,20,-0.2414
COC(=O)c1ccccc1S(=O)(=O)c2ccnc(n2)Nc3ccc(C#N)cc3,-4.828,28,-0.17242857142857143
CCOc1ccc(C(=O)C)cc1[C@@H](C)COC,-4.828,17,-0.28400000000000003
C1C[C@@H](O)CC[C@@H]1NC(=O)C(=O)CC(=O)NCCCc2cccc(c2)Oc3ccccc3,-4.828,32,-0.150875
CN(C)CCC[N@H+](C)[C@H]1CCN(C1)c(cc[nH+]2)c(c23)[nH]c(n3)N,-4.827,23,-0.2098695652173913
C1CCn(c12)c(cn2)C(=O)c3ccc(cc3)C#CCNS(=O)(=O)c4ccccc4,-4.827,29,-0.16644827586206895
Cc1ccc(c(C)c1)NNC(C)(C)CO,-4.826,15,-0.3217333333333333
C1CC1S(=O)(=O)C(=O)O[C@H](CC)c2cc(no2)-c3ccc(cc3)OC(C)(C)C(=O)[O-],-4.826,30,-0.16086666666666666
OCC(C)(C)Nc(cc1)cc(c12)n(CCOC(F)(F)F)c(n2)C3CCOCC3,-4.826,28,-0.17235714285714285
COc1cccc(c1)[C@H](O)CCCOc2ccc(cc2)C[C@@H]3SC(=O)NC3=O,-4.826,28,-0.17235714285714285
CC[C@@H](CO)CCc1ccc(cc1)OS(=O)(=O)C,-4.825,18,-0.26805555555555555
CCOC(=O)c1csc(n1)N2CCN(CC2)c3cn[nH]c3,-4.825,21,-0.22976190476190478
C=CC1=C(C)[C@@H](NC1=O)OC(C)C,-4.825,13,-0.37115384615384617
[NH3+]CCCCCCCCCC(=O)c(cc(n1)N)c(c12)ccc(Br)c2O,-4.825,25,-0.193
OC[C@@H](C1)[NH2+]Cc(c12)cc(cc2)S(=O)(=O)C(=O)N3CCC(CC3)c4nc(no4)-c5cccs5,-4.824,33,-0.1461818181818182
Cc1cc(F)ccc1S(=O)(=O)N[C@H](C)c2nc[nH]n2,-4.824,19,-0.25389473684210523
N1CCCC[C@@H]1[N@H+](C)CCN2CCC([N+](C)(C)C)CC2,-4.824,20,-0.2412
Nc(n1)nn(c12)c(ccc2)-c3ccc(Br)cc3,-4.824,17,-0.2837647058823529
CC(C)(C)c(cc1)ccc1S(=O)(=O)c(c2C)nnn2NC3CCCCC3,-4.824,26,-0.18553846153846154
C1CC1Oc2ccc(cc2OC)C(=O)c3ccc(c(c3)C[NH3+])OCc4cncs4,-4.824,29,-0.1663448275862069
CC(C)Cn1ncc(Cl)c1C(=O)Nc(cc2)cc(c23)[nH]c(n3)-c4ccc(S(=O)(=O)N)cc4,-4.824,32,-0.15075
Cn1ncc(c1C)C(=O)S(=O)(=O)c2ccc(cc2)C#CCNS(=O)(=O)C,-4.823,26,-0.18550000000000003
c1cc(C)cc(c12)nc([nH]2)CCc3c[nH+]c([nH]3)C4CCCC4,-4.823,22,-0.21922727272727274
c1cccc(c12)[N-]C(=CS2)c3ncc[nH]3,-4.823,15,-0.32153333333333334
CC[N@H+]1CC[C@@H](CC1)c2ccc(OC)c(c2)OC,-4.821,18,-0.2678333333333333
Cc1noc(C)c1S(=O)(=O)c2cc(ccc2Cl)OCc(n[nH]3)c(c34)cccn4,-4.821,28,-0.17217857142857143
C1C[NH+](C)CCN1c(c2CC)nc(N)nc2-n(nn3)c(c34)C(=O)c5c(C4=O)cccc5,-4.821,31,-0.15551612903225806
C[C@@H](O)COCC(CO)(COC[C@@H](C)O)Cc(nn1C)c(c12)cccc2,-4.821,26,-0.1854230769230769
C1CC1C(=O)Nc(n2)sc(c23)nc(cc3)-c4ccco4,-4.82,20,-0.24100000000000002
c1ccccc1-c2ccc(cc2Cl)C[NH2+]CCCNNCc3ccccc3,-4.82,27,-0.17851851851851852
NC(=O)CC[NH2+]Cc1ccc(c(Cl)c1)S(=O)(=O)c2ccccc2Cl,-4.82,24,-0.20083333333333334
CC(=O)N[C@H]1CC[N@@H+](C1)CCC[NH+](C)C,-4.819,15,-0.32126666666666664
O=c1ccc(cn1C)C(=O)CCn(c([nH+]2)SCCC(=O)[O-])c(c23)cccc3,-4.818,27,-0.17844444444444443
C=CC1=C(C)[C@@H](NC1=O)c2c(Cl)cccc2Cl,-4.818,17,-0.2834117647058823
O=C1[N-]C(=O)[C@@H](S1)Cc2ccc(cc2)-c(ccn3)c(c34)cccc4,-4.817,24,-0.20070833333333335
CC(=O)NCCC[NH2+]Cc1ccc(c(Cl)c1)[C@H](C)[C@H]2CC[C@H](C)CC2,-4.817,25,-0.19268000000000002
C[C@H](N)[C@@H](O)C(=O)[C@@H]1C=NC(N1)=C2CCC2,-4.817,16,-0.3010625
n1ccc(OC)c(c12)cc(cc2)C(=O)[C@H](O)[C@H](C)[NH3+],-4.816,19,-0.2534736842105263
C[NH2+]Cc1cc(nn1C)-n(cc2CCC(=O)[O-])c(c23)ccc(c3)OC,-4.816,25,-0.19264
CC(C)Cc1nc(cs1)-c2ccc(cc2)C(=O)c3cnn(C)c3,-4.816,23,-0.20939130434782607
O=C1OCCCN1NCCN2CCOCC2,-4.815,16,-0.3009375
[NH3+]CCc1ccc(cc1)-c(cc2)cc(c23)ccc(c3)C[C@@H]4SC(=O)[N-]C4=O,-4.815,27,-0.17833333333333334
OCCOCOCc1cc(on1)CCCCCc2ccccc2Oc3ccccc3,-4.815,30,-0.1605
Cc1noc(C)c1-c2ccc(cc2)-c3cnc[nH]3,-4.815,18,-0.2675
C[NH2+]Cc1ccccc1-n(c(N)[nH+]2)c(c23)cccc3,-4.813,19,-0.2533157894736842
n1cn(C(C)C)c(c12)nc(N[C@H](CC)CO)nc2NCc3ccc(cc3)N4CCC[C@H]4C=O,-4.813,33,-0.14584848484848484
C1C[NH2+]CCCN1C(=O)c(cnn2C)c2C(=O)Nc(c3)c(C#N)cn(c34)cc(n4)-c5ccccc5,-4.813,35,-0.1375142857142857
O=C(N1)C(C)(C)c(c12)cc(cc2F)-c(ncn3)c(c34)cc[nH]4,-4.812,22,-0.21872727272727274
O=C([O-])Cn(cc1)c(c12)ccc(c2)C(=O)c3ccc(cc3)N4CCCCC4,-4.811,27,-0.1781851851851852
O[C@@H]1CCCN(C1)NCCCCc2ccccc2,-4.811,18,-0.2672777777777778
CC(C)(C)[NH2+]C(C)(C)C(=O)[O-],-4.811,11,-0.43736363636363634
C1COCCN1c(o2)cc(=O)c(c23)scc3-c4cccc(c4F)-c(ccn5)c(c56)[nH]cn6,-4.81,32,-0.1503125
O1COc(c12)c(ccc2)CNC(=NC3=C)S[C@@H]3c(cc4C)n(c45)cn[n-]c5=O,-4.809,28,-0.17175
COc1cccc(c1)[C@H](O)Cc2ncc[nH]2,-4.809,16,-0.3005625
Cc1cccc(c1C)C(=O)[C@@H](N)CC(C)C,-4.808,16,-0.3005
C1CC1N2C(C)(C)C(=O)N(C)c(c23)ccc(c3)-c4ccc(cc4Cl)C[NH2+]CCc5ncc[nH]5,-4.808,33,-0.14569696969696969
CC[NH+]1CCN(CC1)Cc2ccc(cc2C(F)(F)F)Nc3cc[nH+]c(N)c3,-4.807,27,-0.17803703703703705
Cc1nnn(C)c1NC2CC2,-4.805,11,-0.43681818181818177
N#CCCN(C)c(c(c12)scc2)nc(n1)-n(cn3)c(c34)nc(I)nc4N,-4.805,26,-0.18480769230769228
C[N@@H+]1CC[C@@H](C1)N(C)c(nc2C[C@H](O)CO)nc(c23)cc(s3)C(C)(C)C,-4.805,26,-0.18480769230769228
CC(C)C(C(C)C)NC(=O)Cc1c[nH+]c([nH]1)C2CCCC2,-4.805,21,-0.2288095238095238
C1CCCCC1C(=O)[C@@H]2CN(C(=O)CC3)N3C24CCCC4,-4.804,21,-0.22876190476190478
C/C=C/Cc(c1)[nH]c2c(ccc(c2c13)n(C)c3O)NS(=O)(=O)c4ccccc4OC,-4.804,30,-0.16013333333333335
C[C@@H](O)c1ccc(cc1)Cn2cc(ccc2=O)S(=O)(=O)c(cc3)cc(c34)C[NH2+][C@H](C4)CO,-4.803,32,-0.15009375
[nH+]1ccccc1N2CCC(CC2)Nc(cnc3)c(c34)cccc4,-4.803,23,-0.20882608695652174
Cc1nn(C)c(C)c1CN(C)c2nc(N(C)CCC(=O)NC3CC3)nc(n2)N4CCC[C@H]4C=O,-4.802,34,-0.14123529411764704
OC[C@@H](O)COC(=O)CCCCCCCCc1cccc(F)c1,-4.802,23,-0.20878260869565216
COc1ccc(cc1)Cn(nn2)c(c23)[C@](C)(O)CC[C@H]3Oc4cccc(Cl)c4,-4.802,28,-0.17149999999999999
CCOC(=O)c1cnn(C)c1C(=O)c2c[nH]c(n2)C3CCC3,-4.801,22,-0.21822727272727274
Cc1nnc(n12)c(NC)nc(c2)-c3ccncc3,-4.801,18,-0.26672222222222225
CC(C)C[C@H](N)C(=O)Nc1ccc(Cl)c(c1)NS(=O)(=O)C(C)(C)C,-4.801,24,-0.20004166666666667
COc1ccc(cc1)S(=O)(=O)N(CC2)Cc(c23)cccc3,-4.8,21,-0.22857142857142856
O=C([O-])C[C@H](C)CCCOc1ccccc1C[NH+](CC2)CCC23Oc4c(O3)cccc4,-4.799,31,-0.15480645161290324
COc1ccc(cc1OC)-c2ccc(cc2)-c3c(C)noc3C,-4.799,23,-0.2086521739130435
CC(C)(C)S(=O)(=O)C[C@H](CC)C(=O)COc1cccc(c1)OC,-4.798,23,-0.2086086956521739
Nc(n1)cc(C)c(c12)ccc(c2)-c3ccc(c(c3)C[NH3+])Cc4cccnc4,-4.798,27,-0.1777037037037037
Fc1ccc(cc1C)S(=O)(=O)c(c2)c(O)cc(c23)NC(=O)C(O3)(C)C,-4.798,25,-0.19192
c1ccccc1Cc(n2)cc(cc2-c(nn3)cn3C)C(=O)[N-]c4ccc(C(F)(F)F)cc4[N+](=O)[O-],-4.797,35,-0.13705714285714285
C[C@@H](O)c1ccc(cc1)C[N@@H+]2CCCNCC2,-4.797,17,-0.28217647058823525
CCO[C@H](C(=O)[O-])Cc1ccc(cc1)-c(cc2)cc(c23)occ3CC(=O)[O-],-4.797,27,-0.17766666666666667
C[NH2+]Cc1ccc(cc1)-c(cc2)cc(c23)[C@@H](C[C@H](C)N3C(=O)C)NC(=O)C[C@H](O)[C@H]([NH3+])CO,-4.797,33,-0.14536363636363636
C[NH+]1CCN(CC1)c2ccc(cc2)CC/C=C/C/C=C/C=C/[C@H](O)CCCC(=O)[O-],-4.796,30,-0.15986666666666668
c1c[nH]c(c12)c(=O)n(C\C=C\C)cc2-c3cccc(c3)C(=O)NC(C)(C)C,-4.796,27,-0.17762962962962964
CCCCCC(=O)N[C@@H](CO)[C@H](O)CCCC(=O)NC1CC1,-4.796,22,-0.218
Cc1cc(OC)cc(c12)c(c3c(n2)[nH]nc3C)C[NH2+]CCCNC(=O)c4ccc(F)cc4,-4.796,32,-0.149875
CCc1ccccc1-c2cc(nc(N)[nH+]2)N3CCN(CC3)C4COC4,-4.795,25,-0.1918
O=C1CC[C@@H](C(=O)N1)N(C2=O)C(=O)c(c23)c(ccc3)-c4ccco4,-4.795,24,-0.19979166666666667
C[NH2+]Cc1cccc(c1)Cc2ccc(cc2Cl)CNCCc([nH]3)nc(c34)c(C)ccc4,-4.795,31,-0.1546774193548387
O=C1[N-]C(=O)[C@@H](S1)Cc2ccc(cc2)[C@@H](C(=O)[O-])Cc(c[nH]3)c(c34)cccc4,-4.795,28,-0.17124999999999999
CC(=O)NC[C@H]1CN(C(=O)O1)C[C@@H]2CC(=NO2)c3ccc(c(F)c3)N4CC[C@@H](C4)NC(=O)C,-4.794,33,-0.14527272727272725
Fc(c1)cccc1S(=O)(=O)c2c(-c3ccc(F)cc3)ncn2C4CC[NH2+]CC4,-4.794,28,-0.1712142857142857
O=C([O-])/C(O)=C/C(=O)c1ccc(cc1)C(=O)NCc2ccccc2,-4.793,24,-0.19970833333333335
C[C@H]1COCC[N@@H+]1CCCN2CCOCC2,-4.793,16,-0.2995625
O=C1[N-]C(=O)[C@@H](S1)Cc2ccc(cc2)OCCNCc3ccc(O)cc3,-4.793,26,-0.18434615384615385
c1nccn(c12)c(NC(C)(C)C)c(n2)-c3ccc(cc3)-c(ncn4)c(c45)cc[nH]5,-4.792,29,-0.16524137931034483
O=c1n(C)ncc(c1C)Nc2ccc(C(F)(F)F)cc2[N+](=O)[O-],-4.791,23,-0.20830434782608698
Cc1nnc(n12)c(NC)nc(c2)-c3cc(nc(n3)N)-c4cccc(Cl)c4Cl,-4.791,27,-0.17744444444444446
COCCOCCc1cc(nc[nH+]1)N(C)CCOc2ccc(cc2)C[C@@H]3SC(=O)[N-]C3=O,-4.79,32,-0.1496875
Cc1cc(N)[nH+]c(c1)CCCCCC(F)(F)F,-4.79,17,-0.2817647058823529
CCCCCc1cccc(Cl)c1-c(cc2)cc(c2=3)=NC(=O)N3,-4.79,22,-0.21772727272727274
CCCCCCCCCCCCc1nc(OC)nc(n1)N2CC[NH2+]CC2,-4.79,26,-0.18423076923076923
CNc1cc(nc(N)[nH+]1)N2CC[N+](CC2)=C(C)CC(=O)c3ccccc3,-4.789,26,-0.18419230769230768
CCOc1ccc(C(=O)C)cc1[C@H](C(=O)[O-])Cc2ccc(cc2)OCCN(C)c3cccc[nH+]3,-4.789,34,-0.14085294117647057
C[C@H]1C[C@@H](C)C[N@H+](C1)N2CCC(O)CC2,-4.788,15,-0.31920000000000004
c1ccccc1-c(oc2C)nc2CC[NH+]3CCN(CC3)c4ccc(Cl)cc4,-4.788,27,-0.17733333333333334
CCOc1ccc(C(=O)C)cc1-c(cc2)cc(c23)ccn3CC(=O)[O-],-4.788,25,-0.19152000000000002
C[NH2+]Cc1cc(nn1C)N(C[C@H](C2CC2)N3C(=O)C)c(c34)cc(cc4)C5=CC[NH2+]CC5,-4.787,31,-0.15441935483870967
CC[C@@H](C(=O)[O-])Cc1ccc(cc1)C(=O)CC(CO)(COC[C@H](C)O)COC[C@@H](C)O,-4.786,31,-0.15438709677419354
COCCC[NH2+]NCc1ccc(F)cc1,-4.786,15,-0.31906666666666667
COC(=O)n(c1=O)c(=O)n(C)c(c12)ccc(c2C)C(=O)C3=C([O-])CCCC3=O,-4.786,28,-0.1709285714285714
O=c([n-]1)[nH]c(=O)cc1C(=O)N2CC[NH+](CC2)C[C@@H]3CC[N@H+](CC3)Cc4ccc([N+](=O)[O-])cc4,-4.786,33,-0.145030303030303
COc1cccc(c1)OCC(=O)CCC[NH+]2CCOCC2,-4.785,21,-0.22785714285714287
O=C([O-])C[C@H](C)CCCS(=O)(=O)C,-4.785,13,-0.3680769230769231
CC(C)=CCC[C@H](C)C(=O)c1cc(=O)[nH]c(=O)[n-]1,-4.784,18,-0.2657777777777778
COc(nn1)n(c12)nc(cc2)N3CCC(CC3)c4ccc(cc4)N5CCN(C(C)C)CC5,-4.783,32,-0.14946875
Cc1noc(c12)nc(C)nc2N3CC[NH+](CC3)C4COC4,-4.783,21,-0.22776190476190478
Cc1cc(n[nH]1)[C@@H](C)[NH2+]CCOc2ccc(cc2)C[C@@H]3SC(=O)[N-]C3=O,-4.783,26,-0.18396153846153848
O=C([O-])[C@@H](C)[NH2+][C@H](C)c1ccc(cc1)-c2cc(F)cnc2Cl,-4.783,22,-0.2174090909090909
COc1cc(OC)c(C(=O)C(F)(F)F)cc1C,-4.782,17,-0.2812941176470588
CNCc1ccc(cc1)-c2cc(C(=O)NC3CC3)cc(n2)Cc4ccccc4,-4.781,28,-0.17074999999999999
c1cccc(c12)c(c[nH]2)C[C@H](C(=O)[O-])NS(=O)(=O)c3ccc(cc3)Cc4ccccn4,-4.78,31,-0.15419354838709678
CNCc1cccc(c1)Cc(cc2)cc(c23)[C@@H](N(C)C3=O)c4ccccc4,-4.78,27,-0.17703703703703705
OB(O)c1ccc(cc1)-c(cc2)nc(c23)cccc3,-4.779,19,-0.25152631578947365
C=CC1=C(C)[C@@H](NC1=O)NC(C)(C)C,-4.778,14,-0.34128571428571425
OCCOc1c(C)cc(cc1C)-c2c(S(=O)(=O)C)ccc(c2Cl)[C@@H](O)[C@@H]3[C@H](O)CCC[C@H]3O,-4.778,33,-0.14478787878787877
CCCCC(=O)OC[C@H](CO)OC(=O)CCCCCCCCCc1ccnc(C)c1,-4.778,30,-0.15926666666666664
CC[N@H+]1CC[C@@H](CC1)n(c(n2)C)c(c23)ccc(c3)OC(F)(F)F,-4.777,23,-0.20769565217391306
n1nc(Cl)n(c12)nc(cc2)-c3nc(cs3)-c4ccccc4,-4.777,21,-0.22747619047619047
FC(F)(F)CCNS(=O)(=O)c1ccc(cc1)N2CC[NH+](CC2)Cc3ccccc3,-4.777,29,-0.1647241379310345
CCCCCC(=O)O[C@H](CCc(c(F)cc1)c(c12)CCO2)COP(=O)([O-])OCC[N+](C)(C)C,-4.777,33,-0.14475757575757575
CNc1ccnc(n1)C(c2ccccc2)c3ccccc3,-4.776,21,-0.22742857142857142
O=C1[N-]C(=O)[C@@H](S1)Cc2ccc(cc2)-c3cccc(C(=O)[O-])c3,-4.776,23,-0.20765217391304347
CCS(=O)(=O)Nc1ccc(c(c1)S(=O)(=O)c2cccs2)Oc3ccc(F)cc3F,-4.776,29,-0.1646896551724138
Brc1ccc(Br)c(c1)N2CCN(CC2)C3COC3,-4.776,18,-0.2653333333333333
NC(=O)CC[NH2+]Cc1ccc(c(Cl)c1)C(=O)[C@@H](C2)Oc(c23)c(cc(Cl)c3)-c4cc[nH+]c(N)c4,-4.776,33,-0.14472727272727273
CCCCC(=O)OC[C@H](CO)c1ccc(C#N)c(Cl)c1,-4.775,20,-0.23875000000000002
CCc1c(NC)[nH+]c(N)nc1[C@H](C)c2noc(=O)[n-]2,-4.775,19,-0.2513157894736842
CC(C)CCNc1cc(F)c(c(F)c1)NC(=O)Nc2cncs2,-4.774,23,-0.20756521739130435
O=P([O-])([O-])OP(=O)([O-])SCC[N@H+]1CCC[C@@H]1CO,-4.774,18,-0.26522222222222225
c1cc(F)ccc1CC(=O)c2ccc(cc2OC)CNCCc(n3)[nH]c(c34)cccc4,-4.774,31,-0.154
C1=CC1NNc(cc2)cc(c23)c(c[nH]3)C4CC[NH2+]CC4,-4.773,20,-0.23864999999999997
O=c1n(C)cc(cc1C)-c(cc2)cc(c23)n(CCc4ncon4)c(n3)C5CCOCC5,-4.773,31,-0.15396774193548385
CC(C)CNCC(=O)c(cc1=O)oc(c12)c(c(O)cc2O)[C@H]3CC[N@H+](C)C[C@H]3O,-4.772,29,-0.16455172413793104
OCCOCCOCCOCCc1c(ccc(Cl)c2)c2[nH+]c(c13)CCCC3,-4.772,27,-0.17674074074074075
c1cc(Br)ccc1C(=O)CCCCCCCCCO,-4.772,19,-0.25115789473684214
Cc1[nH]nc(C2CC2)c1Cc3cccc(c3)Oc4ccccc4,-4.772,23,-0.20747826086956522
O=C([O-])CCC[C@@H](O)/C=C/Cc1c[nH]cn1,-4.771,16,-0.2981875
C[NH+](C)CCN1CC[C@H](C1)c2ccc(I)cc2,-4.771,17,-0.2806470588235294
Cc1nn(C)c(C)c1CN(C)c2nc(nc(n2)N3CCC3)N(C)CCC(=O)NC4CC4,-4.771,31,-0.1539032258064516
O=C(N1)C(C)(C)c(c12)cc(cc2F)C[C@@H](OCC)CSc3ccc(c(C)c3)OCC(=O)[O-],-4.77,32,-0.1490625
Cc1cc(C)cc(c1)Nc2nccc(n2)-c3ccc(S(=O)(=O)C(F)(F)F)cc3[N+](=O)[O-],-4.77,31,-0.15387096774193548
OCCCc1c[nH]c[nH+]1,-4.77,9,-0.5299999999999999
C[C@H](N)[C@@H](O)C(=O)c(cc1)cc(c12)OCCO2,-4.77,17,-0.28058823529411764
CC(C)(C)OC(=O)[C@H](CC)c1c(CC(C)C)nn(C)c1C,-4.77,21,-0.22714285714285712
N1CCCC[C@@H]1[N@H+](C)CCc2ccc(C#N)cc2,-4.77,18,-0.26499999999999996
C1CC1Nc(nc2N)cc(n2)N3CCN(CC3)[NH2+]C4CCCCC4,-4.769,24,-0.19870833333333335
Clc1ccc(cc1Cl)C2CCN(CC2)c3cn[nH]c3,-4.769,19,-0.251
O=c([nH]1)[nH]c(=O)cc1C(=O)Cc2ccc([N+](=O)[O-])cc2,-4.768,20,-0.2384
CC[C@](C)(C(=O)[O-])c1ccnc(n1)Oc2ccccc2OC,-4.767,22,-0.2166818181818182
OCCOCCOCCOCCOCCCCC1OCCO1,-4.766,22,-0.21663636363636363
C1CCCCC1S(=O)(=O)c2cc(Br)ccc2Br,-4.766,17,-0.2803529411764706
c1cc(F)cc(c12)c(N[C@H](C)C(=O)[O-])c(C#N)c(n2)-c3ccc(cc3)[C@H]4CCC(=O)NC4=O,-4.766,33,-0.14442424242424243
O=C(N1)C(C)(C)Oc(c12)cc(c(c2)OC)NN3CCN(C)C(=O)[C@H]3C,-4.766,25,-0.19064
OCCOc1c(C)cc(cc1C)-c(c2)oc(c23)c(cn(c3=O)C)Nc4cccc(c4)N5C=CCC5=O,-4.766,36,-0.1323888888888889
n1[nH]ccc1-c2ccc(cc2Cl)C[NH2+]CCc3cnc[nH]3,-4.765,21,-0.2269047619047619
CCN(C(=O)C1)c(c12)ccc(c2)-c3cc(Cl)c[nH]c3=O,-4.765,20,-0.23825
OCCS(=O)(=O)c1ccc(cc1)NC2CCCC2,-4.765,18,-0.2647222222222222
C[NH2+]C[C@@H](O)CCCCCNC(=O)CCC(=O)NCCc1ccc(Cl)c(Cl)c1,-4.764,28,-0.17014285714285715
O=c([nH]1)scc1C(=O)c(c2C)nn(CCCCCO)c2-c3ccccc3,-4.764,26,-0.18323076923076925
o1cccc1C(=O)c2ccc(cc2F)-c3cc(F)ccc3F,-4.764,22,-0.21654545454545457
CC(=O)N1CCC[C@H](C1)Cc(c(c23)CN(S(=O)(=O)C)CC3)nn2CCCN4CCOCC4,-4.764,32,-0.148875
n1nc(C)n(c12)cc(nc2NC(C)C)-c3ccc(I)cc3,-4.763,21,-0.2268095238095238
c1nccc(c12)c(C(=O)[O-])c(C)c(n2)-c3ccc(cc3)-c4ccc(c(c4)C[NH3+])OCc5cccnc5,-4.763,36,-0.13230555555555557
CC(C)CN1CCOCC1,-4.763,10,-0.4763
c1c[nH]c(c12)c(=O)n(C\C=C\C)cc2-c3cc(Cl)ccc3OCC[NH+](C)C,-4.762,27,-0.17637037037037034
CN(C)CC[N@H+]1CC[C@@H](CC1)c2ccccc2C(=O)c3ccccc3,-4.761,25,-0.19044
C[C@H]1CC[C@@H](CC1)CCCOCCOCCOCCOCCOCCO,-4.76,26,-0.18307692307692308
O=C1C=CCN1c2cccc(c2)/N=C(/N3)CSc(c34)cccc4,-4.76,23,-0.20695652173913043
C[NH+](C)CCCN1CCN(CC1)C(=O)CC2(CC(=O)[O-])CCCC2,-4.76,24,-0.19833333333333333
O=C([O-])c(c1)cccc1NC(=O)CCNC(=O)CC/[NH+]=C/c2ccc(o2)-c3ccccc3Cl,-4.759,33,-0.14421212121212124
CNc1cc(nc(n1)N)N2CCN(CC2)c(ccc3C(F)(F)F)c(c34)CC[C@H]4O,-4.759,29,-0.16410344827586207
C[N@H+]1CC[C@@H]([C@H](O)C1)c(c(O)cc2O)c(c23)oc(cc3=O)-c4ccccc4C(=O)c5ccccc5,-4.759,35,-0.13597142857142858
C1CC1S(=O)(=O)Nc2ccc(c(C(F)(F)F)c2)C[NH2+]CCNc(n3)sc(c34)cccc4,-4.759,31,-0.1535161290322581
C[C@H]1COC(=N1)c2ccc(c(Cl)c2)-c3ccc(c(c3)C[NH3+])OCc4cncs4,-4.758,28,-0.16992857142857143
c1cc(F)ccc1-c(n2)c(-c(cc3)nn(c34)c(nn4)OC)c(n25)ccnc5N6CCC(O)CC6,-4.757,34,-0.13991176470588235
CC[C@](C)(C(=O)[O-])Oc1ccc(cc1)CC[C@H](CCCO)C2=CCCC=C2,-4.757,27,-0.17618518518518517
C[C@H](N)[C@@H](O)C(=O)c(cnc1)c(c12)cccc2,-4.757,17,-0.2798235294117647
s1cccc1[C@H](CC2)SCCN2C(=O)CCCCCc3ccccn3,-4.757,25,-0.19027999999999998
N#Cc1cc(F)cc(c1)-c([nH+]2)n(c(c23)cccc3)CC4CCOCC4,-4.756,25,-0.19024000000000002
CCc1cccc(C)c1Nc2ccc(cn2)S(=O)(=O)Nc3c(C)nn(C)c3C,-4.756,28,-0.16985714285714287
CC[NH+]1CCN(CC1)Cc2ccc(cc2C(F)(F)F)Nc3ccc(OC)cc3,-4.755,28,-0.16982142857142857
C[C@@H](O)c1ccc(cc1)Cc2cc(nc[nH+]2)N(C)CCOc3ccc(cc3)C[C@@H]4SC(=O)NC4=O,-4.755,35,-0.13585714285714284
Cc1noc(c12)nc(C)nc2N3CCC(O)CC3,-4.755,18,-0.26416666666666666
c1ncccc1[C@H](C(=O)NC)N(CC#C[Si](C)(C)C)c2ccc(C(C)(C)C)cc2,-4.754,29,-0.16393103448275861
CC(C)(C)S(=O)(=O)Cc(cc1C)cc(C)c1OC(C)(C)C(=O)[O-],-4.753,23,-0.2066521739130435
CC[N@H+]1CC[C@@H](CC1)CC(=O)NC(C(C)C)C(C)C,-4.753,19,-0.25015789473684213
[NH3+]CCNc(cc1)cc(c12)nc([nH]2)-c3ccccc3,-4.753,19,-0.25015789473684213
COc(c1)c(OC)cc(c12)c(ncn2)N[C@H](CCC3)c(c34)cnn4-c5ccccc5F,-4.753,31,-0.1533225806451613
n1cnc(n12)nc(C)cc2N3CCNCC3,-4.753,16,-0.2970625
CCN(C(=O)C1)c(c12)ccc(c2)NNC[C@@H]3CC(=NO3)c4ccc(c(F)c4)N5CC[C@@H](C5)NC(=O)C,-4.753,36,-0.13202777777777777
C[NH+](C)CCc1ccc(cc1)C[C@@H]2SC(=O)NC2=O,-4.752,19,-0.2501052631578947
N#Cc1ccc(cc1)N2CCC(CC2)CCC(=O)NC3CC3,-4.752,22,-0.216
O=P([O-])(O)OP(=O)([O-])SCC[N@H+]1CCC[C@@H]1CO,-4.752,18,-0.264
CC1(C)C(=O)[N-]C(=O)N1[N-]c(cc2)cc(n23)nc(c3)-c4ccccc4,-4.751,25,-0.19004000000000001
CN1C(=O)[C@@H](C)N(C2CC2)c(c13)cc(cc3)C(=O)NC4C=C4,-4.751,22,-0.21595454545454548
C1CCCC1NS(=O)(=O)c2cc(ccc2C)[C@H](C)c3cccc(c3)-c4cn[nH]c4,-4.75,29,-0.16379310344827586
C[C@H]1COC(=N1)c2ccc(cc2)[C@H]3C[C@@H](C#N)C3,-4.75,18,-0.2638888888888889
CN(C)c1ccc(cc1)N(C(=O)[C@H](O)CO)Cc2cc(Cl)cs2,-4.75,23,-0.20652173913043478
Nc(n1)cc(C)c(c12)ccc(c2)-c(cn(C)c3=O)c(c34)O/C(C4)=c5\cnc([nH]5)=C6CCC6,-4.749,32,-0.14840625
CC(C)S(=O)(=O)NC[C@@H]1CC(=NO1)c2ccc(c(F)c2)N3CC[C@@H](C3)Nc4ccno4,-4.749,31,-0.15319354838709676
CCc(no1)c(c12)cc(c(c2)OC)NCCOCCOCCOCCO,-4.749,26,-0.18265384615384614
C1CC1CC(=O)c2cn[nH]c2,-4.748,11,-0.43163636363636365
CC(C)(C)c1ccc(cc1)-n(c(n2)SCCC(=O)[O-])c(c23)cccc3,-4.748,25,-0.18992
CCc1ccc(nc1)CCc2ccc(N)nc2,-4.748,17,-0.27929411764705886
c1ccccc1C(=O)\C=C(\C)[C@H](C([O-])=O)C[C@@H]2CC[C@@H](CC2)OCCN(C)[C@H]3CCCC[NH2+]3,-4.748,33,-0.14387878787878788
c1ccccc1-c(n2)c[nH]c2C3CCCC3,-4.748,16,-0.29675
O=C(N1)C(C)(C)Oc(c12)cc(c(c2)OC)-c3ccc(F)c(F)c3F,-4.747,24,-0.19779166666666667
COCCc1ccc(cc1)C[NH+]2CCCCC2,-4.747,17,-0.279235294117647
COc(c1)cccc1-c([nH+]cn2CC#C)c2NCCCNC(=O)c3ccc(F)cc3,-4.746,30,-0.1582
C[NH+]1CCN(CC1)c(c2)[nH]c3c(ccc(c3c24)n(C)c4O)Nc5ccc(C(C)(C)C)cc5,-4.746,32,-0.1483125
FC(F)(F)C(=O)N[C@@H](C(C)(C)C)C(=O)c1ccc(C#N)cc1,-4.746,22,-0.21572727272727274
Cc1[nH]nc(C2CC2)c1NCC[NH+]3CCOCC3,-4.745,18,-0.26361111111111113
COc1ccc(cc1)Cn2nnc(n2)-c3cccc(c3)C(=O)c4ccc(cc4)CC(=O)N5CCOCC5,-4.745,37,-0.12824324324324324
N#Cc1cccc(c12)n(c(n2)C)-c3ccc(s3)C(=O)COCCO,-4.745,24,-0.19770833333333335
CC(C)OC(=O)Cc1cccc(c1)Oc2ccccc2,-4.744,20,-0.2372
Cn1cc(cn1)-c2c[nH+]c(N)c(c2)CC#N,-4.743,16,-0.2964375
c1ccccc1CC#Cc(c2)ccc(c23)n(C)c(=O)n(c3=O)N4CCOC[C@@H]4c5ccccc5,-4.743,34,-0.1395
CC(C)(C)OC(=O)[C@H](CC)C(=O)CC1(CC(=O)[O-])CCCC1,-4.743,22,-0.2155909090909091
Cc1cc(C)cc(c1)-n(c2=O)c3sc(c4c3c(n25)ncn5)C[N@@H+](CC4)CC6CCOCC6,-4.742,32,-0.1481875
C[NH+](C)CCN1CCC(CC1)c2ccc(O)c(O)c2,-4.742,19,-0.24957894736842104
n1ocnc1-c(cc2Cl)ccc2Cc3cn[nH]c3,-4.742,18,-0.2634444444444444
NC(=[NH2+])CC(=O)Nc1nc(cs1)-c2ccccn2,-4.741,18,-0.2633888888888889
n1nc(C)n(c12)nc(cc2)-c3cccc(c3)-c4csc(=O)[nH]4,-4.741,22,-0.2155
c1ncccc1COc2ccc(cc2CN)C(=O)CCC(=O)NCCc3ccc(Cl)c(Cl)c3,-4.74,33,-0.14363636363636365
C1COCCN1c(o2)cc(=O)c(c23)scc3NCc4cccc[nH+]4,-4.74,24,-0.1975
CCC(CC)Nc1cc(C)nc(c1C)-c2nnn(n2)Cc3ccc(OC)cc3,-4.74,28,-0.1692857142857143
CC(C)=CCC[C@H](C)C(C)(C)C(=O)[O-],-4.74,14,-0.3385714285714286
CCn(cn1)c(c12)c(=O)[nH]c(=O)n2-c3ccc(I)cc3,-4.739,20,-0.23695
C1CCCCC1C(=O)S(=O)(=O)c2ccc(cc2)-c3ccc(I)cc3,-4.739,24,-0.19745833333333332
Cc1cc(C)cc(c1)-c(cc2)c3[nH]c(cc(c3c24)c(O)n4C)N5CC[NH+](C)CC5,-4.739,29,-0.16341379310344828
O=c([n-]1)[nH]c(=O)cc1C(=O)N2CCN(CC2)Cc(c3)oc(c34)cccc4,-4.739,26,-0.18226923076923077
Cc1ccc(cc1)OCCC[C@@H](O)CCCCCCCC(=O)[O-],-4.738,23,-0.20600000000000002
CC(=O)N[C@H]1CCN(C1)Nc2ccccc2C(=O)[O-],-4.738,19,-0.2493684210526316
OCCOC[NH2+]CCCn(c(=O)n(c1=O)CCC)c(c12)nc([nH]2)C3CCCCC3,-4.738,29,-0.1633793103448276
O=C([O-])CCC(\C)=C/CNc1c(CC(C)C)nn(C)c1C,-4.738,21,-0.22561904761904764
COc1cccc(c1)CC(=[NH2+])Nc(cc2)c3[nH]c(cc(c3c24)c(O)n4C)N5CCN(C)CC5,-4.737,33,-0.14354545454545456
COc(cc1)cc(c12)nc([nH]2)CCc(cn(C)c3=O)c(c34)oc(c4)-c5c[nH+]c([nH]5)C6CCC6,-4.736,33,-0.1435151515151515
CCc(c1)nc(C)c(c12)c(c(c([n-]2)=O)C#N)-c3ccnc(n3)Nc4ccc(C#N)cc4,-4.736,31,-0.1527741935483871
CC(C)(C)c(s1)cc(c12)nc(C(=O)[C@H](O)[C@H](C)[NH3+])nc2N(C)CCC#N,-4.736,26,-0.18215384615384614
CCc1c(C)nc(N)nc1N[C@@H](Cn2cc[nH+]c2)c3ccccc3,-4.736,24,-0.19733333333333333
COC(=O)S(=O)(=O)c(cc1)cc(c12)CN(C)C(=O)N2,-4.735,19,-0.2492105263157895
c1ccccc1C[NH2+]Cc([nH]n2)c(c23)cccn3,-4.734,18,-0.263
Cc1noc(C)c1-c(cc2)cc(c23)c(nc(n3)C[C@H](O)[C@H]([NH3+])CO)N4CCOC[C@@H]4c5ccccc5,-4.733,36,-0.1314722222222222
C[NH+](C)CCN1CC[C@H](C1)c(cc2)cc(c23)[C@@](O)(CC3)c4ccccc4,-4.733,26,-0.18203846153846154
n1cc(O)cn1S(=O)(=O)c(cc2)cc(c23)C[NH2+]CC3,-4.733,19,-0.24910526315789472
N#C\C=C\c(cc1C)cc(C)c1CC#C[Si](C)(C)C,-4.733,19,-0.24910526315789472
Cc(c1)c(C)cc(c12)sc(n2)Cc(n3)[nH]c(c34)cc(cc4C)N5CCOCC5,-4.733,28,-0.16903571428571426
O=C1[N-]C(=O)[C@@H](S1)Cc2ccc(cc2)OCCNN(CC3)CCC34Oc5c(O4)cccc5,-4.73,32,-0.1478125
Cc1ccc(C)c(c1)CNc2ccc(cc2)N3CCN(C)CC3,-4.73,23,-0.2056521739130435
O=C([O-])Cc(co1)c(c12)ccc(c2)-c3ccc(cc3)C[C@@H]4SC(=O)[N-]C4=O,-4.729,27,-0.17514814814814816
CCC(CC)Nc1cc(C)[nH+]c(c1C)-c2nnn(n2)Cc3ccc(OC)cc3,-4.729,28,-0.16889285714285715
COc1ncc(c(n1)OC)[C@H](C)c2ccc(cc2)-c3cc(F)cnc3Cl,-4.729,26,-0.1818846153846154
CC(C)Cc(nn1C)c(c1C)N2CC[NH+](C(C)C)CC2,-4.729,20,-0.23645
O=C([O-])CC[C@@H](C)c(cc(Cl)c1)c(c12)O[C@H](C2)C(=O)N3CC[NH2+]CC3,-4.729,25,-0.18916
COCCOCCOCCCCOc1ccc(cc1)C[C@@H]2SC(=O)[N-]C2=O,-4.728,27,-0.1751111111111111
n1ccn(c12)c(=O)n(cc2)-c3cc(F)c(C(F)(F)F)c(F)c3,-4.728,22,-0.2149090909090909
Cc1ncsc1-c2ccc(cc2)CNC(=O)[C@@H]3C[C@@H](O)CN3C(=O)c4cnccc4C(F)(F)F,-4.727,34,-0.1390294117647059
O=C(C1)NC[C@@H]1[C@@H](C)Oc(c(c23)cccn3)cc(c2)C(=O)CC4(CC(=O)[O-])CCCC4,-4.727,31,-0.15248387096774194
C[C@H]1COC(=N1)c2ccc(cc2)CCC3OCCO3,-4.727,19,-0.24878947368421053
c1nc(N)ccc1-c(cc2)cc(c2n(c34)c(C)nn3)N(C[C@@H]4C)c5ccc(=O)n(c5)Cc6ccccc6,-4.727,37,-0.12775675675675677
CCN(C(=O)C1)c(c12)ccc(c2)NCCC(=O)NCCC(=O)Nc3cccc(C(=O)[O-])c3,-4.727,32,-0.14771875
S1SCC[C@H]1CCCCC(=O)NCCCNC(=O)c2ccc(F)cc2,-4.726,25,-0.18903999999999999
CC(C)(O)Cn1cc(cn1)NCC[NH3+],-4.725,14,-0.33749999999999997
Cc1nnn(C)c1C(=O)c2ccc(cc2F)-c3cccc(F)c3,-4.725,23,-0.20543478260869563
CCCNNc1c(C(C)C)cccc1C(C)C,-4.724,17,-0.27788235294117647
[nH]1ncnc1[C@@H](C)[NH2+]Cc2ccc([N+](=O)[O-])cc2,-4.724,18,-0.2624444444444445
c1ccccc1[C@H](C)c2cccc(c2F)-c(ccn3)c(c34)nc[nH]4,-4.724,24,-0.19683333333333333
O=C([O-])CCC[C@@H](O)\C=C\Cc([nH+]c1N)cc(n1)N2CC[NH+](CC2)C3COC3,-4.724,28,-0.16871428571428573
Cn1cc(cn1)-c2ccc(cc2)C[C@@H]3SC(=O)NC3=O,-4.723,20,-0.23615
CN1CC[NH+](CC1)c2ccc(cc2)Nc3ncc(Cl)c(n3)CC(C)(C)C,-4.723,26,-0.18165384615384614
CC(C)NC(=O)N1CCN(CC1)c2cc(nc(N)[nH+]2)NC3CC3,-4.723,23,-0.2053478260869565
CCCCCCCCC(=O)CC[C@@H](O1)[C@@]1(C)[C@@]2(O)[C@H](OC)C(=O)CC[C@@]2(C)O,-4.722,28,-0.16864285714285715
CC1(C)C(=O)NC(=O)N1C(=O)CCCC[C@@H]2CCSS2,-4.722,20,-0.23610000000000003
C[C@@H]1C(=O)N(C)CCN1c(c(Cl)cc2)c(c23)nnn3Cc([nH]n4)c(c45)cccn5,-4.721,29,-0.16279310344827586
n1cccnc1-c(cc2)ccc2C(=O)CCOCCOCCOCCOCCOCCO,-4.721,32,-0.14753125
CCCCCC(=O)N[C@@H](CO)[C@H](O)CNc1ccccc1F,-4.721,22,-0.21459090909090908
CN1CCN(CC1)c(c2)[nH]c3c(NS(=O)(=O)C)ccc(c3c24)n(C)c4O,-4.72,26,-0.18153846153846154
C1COCC[N+]1=c(o2)cc(O)c(c23)scc3NCc4cccc[nH+]4,-4.72,24,-0.19666666666666666
CC(C)OC(=O)c1ccccc1Oc2ccccc2,-4.719,19,-0.2483684210526316
N1CCCC[C@@H]1[N@H+](C)CCO[C@@H]2CC[C@@H](CC2)C[C@@H](C([O-])=O)c3ccc(Cl)c(C(F)(F)F)c3,-4.719,33,-0.14300000000000002
O=C([O-])c(c1)cccc1NC(=O)CCNC(=O)CCNCc2ccc(c(Cl)c2)-c3ccno3,-4.719,33,-0.14300000000000002
CC(O1)(C)C(=O)Nc(c12)ccc(c2)NN3CCCC3,-4.719,19,-0.2483684210526316
Clc(c1)c(Cl)ccc1N(CC2)CCN2C(=O)c3nccn3Cc4ccccc4,-4.719,28,-0.1685357142857143
CO[C@@H](C)C[NH2+]CCCNC(=O)c1ccc(=O)n(C)c1,-4.719,20,-0.23595000000000002
CCCCCC[C@@H](C)NN1CCN(CC1)c2ccc(Cl)cc2,-4.718,22,-0.21445454545454545
C[NH+](C)CCN1CC[C@H](C1)c2ccc(C(F)(F)F)cc2,-4.718,20,-0.2359
COc1c(OC)cc(cc1OC)C(=O)c(c(n2)C)n(c23)ccnc3N4CCOCC4,-4.717,30,-0.1572333333333333
O=C([O-])CCCCCc(ncn1)c(c12)cc(c(c2)OC)OCCNc(n3)sc(c34)cccc4,-4.717,33,-0.14293939393939392
CCC(=O)c1c[nH]c(c1)C(=O)C(=O)c2ccc(cc2)-c3cccc(F)c3,-4.716,26,-0.1813846153846154
[nH]1ccnc1C(=O)c(cc2OC)ccc2OC3CC3,-4.716,19,-0.2482105263157895
C1CCCCC1([NH3+])CNC(=O)c2cc(F)ccc2[O-],-4.716,19,-0.2482105263157895
NC(=O)C[NH2+]CC#Cc1ccc(cc1)C(=O)NCCC(F)(F)F,-4.716,23,-0.20504347826086958
CCCCCCCC(=O)CC(=O)SCCNNCc1cc(C)ccc1C,-4.715,26,-0.18134615384615385
OCCNC(=O)[C@H]1O[C@H]([C@H](O)[C@@H]1O)CC(c2ccccc2)c3ccccc3,-4.715,27,-0.17462962962962963
C[N+](C)(C)C1CCN(CC1)N2CCCC2,-4.714,15,-0.3142666666666667
c1cccc(c12)c(N[C@H](C)C3CC3)nc([nH+]2)Nc4ccc(O)cc4,-4.714,24,-0.19641666666666668
CC[C@H](C)[C@H]([NH3+])C(=O)c(cc1)cc(c12)oc(c2CC(=O)[O-])-c3cccc(c3)OC,-4.714,29,-0.16255172413793104
COc(cc1)cc(c12)c(CCC(=O)[O-])cn2-c3cccc(C)c3,-4.713,23,-0.20491304347826086
CS(=O)(=O)NCCCc1cc(Cl)cc(C#N)c1,-4.713,17,-0.2772352941176471
CCOn1c(C)cnc1-c2ccc(C(F)(F)F)cc2,-4.713,19,-0.24805263157894739
Cc1cc(ccn1)-c2ccc(cc2)-c3c(C)ccn(C)c3=O,-4.713,22,-0.21422727272727274
CSc1ccc(cc1)C(=O)[N-]c2nc(cs2)C(=O)c(on3)c(c34)cccc4,-4.713,27,-0.17455555555555555
CCCNNCC1([NH3+])CCCCC1,-4.712,13,-0.36246153846153845
Cc1noc(C)c1-c2ccc(cc2)Cc3cccc(c3)N4C=CCC4=O,-4.712,26,-0.18123076923076922
CNc1nc(c(o1)C)CCOc2ccc(cc2)C[C@@H](C(=O)[O-])/[NH+]=C(/C)CC(=O)c3ccccc3,-4.712,34,-0.13858823529411765
Cc1cc(F)ccc1S(=O)(=O)N[C@H](C)c2[nH]cnn2,-4.711,19,-0.24794736842105264
n1nn(C)cc1-n(c(n2)C)c(c23)ccc(c3)OC(F)(F)F,-4.711,21,-0.22433333333333336
Cc1noc(C)c1S(=O)(=O)N2CCN(CC2)C3COC3,-4.711,20,-0.23555
C1CC1S(=O)(=O)[C@@H](CC)CS(=O)(=O)C(C)(C)C,-4.71,17,-0.27705882352941175
NC(=O)CC[NH2+]Cc1ccc(c(Cl)c1)C(=O)c2cnccc2C(F)(F)F,-4.71,26,-0.18115384615384617
COC(=O)CC(=O)NCCCc([nH+]nc1C)c(c12)cc(cc2)N3CC[NH2+]CC3,-4.71,28,-0.1682142857142857
C[C@H]1C[C@@H](C)C[N@H+](C1)c2cccc(c2)OCc3ccccc3,-4.71,22,-0.21409090909090908
O=C([O-])Cc1cccc(c1)-c2noc(-c3ccccc3)c2C(=O)NCC[N@H+](CCO4)[C@@H]([C@H]45)CCC5,-4.71,35,-0.13457142857142856
CC(C)C[NH2+]CCC(F)(F)F,-4.709,11,-0.4280909090909091
C/C=C/CCCC/C(C)=C/CSP(=O)([O-])OP(=O)([O-])[O-],-4.709,20,-0.23545
FC(F)(C1)[C@@H](O)c(c12)c(S(=O)(=O)C)ccc2Cc([nH]n3)c(c34)cccn4,-4.709,26,-0.1811153846153846
COCCCCCc1ccccn1,-4.709,13,-0.3622307692307692
N#CCCN(C)c(c(c12)scc2)nc(n1)-c(cc3)cc(c34)[C@@H](N(C)C(=O)N4)OCCO,-4.708,31,-0.15187096774193548
CC(C)=CCC/C(C)=C\CC[C@H](C)[C@H]1C[C@H](O)[C@H](O1)COP(=O)[O-],-4.707,24,-0.196125
c1cc(C)cc(c12)[nH]c(n2)CCc3cc(nc(N)[nH+]3)N4CC[NH+](CC4)C5COC5,-4.707,29,-0.1623103448275862
CCCCCCCCC(=O)SCC[NH2+]C[C@H](O)CCCC(=O)[O-],-4.707,23,-0.20465217391304347
Clc1cc(F)ccc1S(=O)(=O)c2ccccc2Cl,-4.707,18,-0.2615
FC(F)(C1)[C@@H](O)c(c12)c(S(=O)(=O)C)sc2-c3ccsc3,-4.707,20,-0.23535
CCCOc1ccc(cc1C[NH2+]CC(=O)[O-])C[C@H](C(=O)[O-])Cc2ccccc2,-4.706,28,-0.1680714285714286
[NH2+]1CCCC[C@@H]1c2n(nnc2C)C3CCN(CC3)CC[NH+](C)C,-4.706,23,-0.20460869565217393
Nc1ccc(cc1)NCCC(=O)NC2CC2,-4.705,16,-0.2940625
c1cn[nH]c1-c(c2)ccc(c23)N(N4CCC(O)CC4)[C@@H](C)C[C@H]3Nc5ccccc5Cl,-4.705,31,-0.1517741935483871
Cc1ccc(cc1C)-c2ccc(cc2)NS(=O)(=O)C,-4.704,19,-0.24757894736842104
COC1=C(OC)C(=O)C(=C(C)C1=O)CCc2cnn(C)c2,-4.704,21,-0.22399999999999998
CC(C)Cc1nc(cs1)CCN(C)c2ccccn2,-4.704,19,-0.24757894736842104
Cn1ncc(c1C)C(=O)c(c2)nc(n23)cc(cc3)NC(=O)c4c(cnn4C)C(=O)N5CCOCC5,-4.704,35,-0.1344
COc(nn1)n(c12)nc(cc2)N3CCC(CC3)c4ccc(cc4)OCCC(=O)Cc5ccccc5C,-4.704,36,-0.13066666666666665
CNc1cc(nc(n1)N)-c2[nH]nc(C#N)c2C,-4.703,17,-0.2766470588235294
c1ccccc1-c2[nH]nc(n2)NCCc3ccncc3,-4.701,20,-0.23504999999999998
n1c[nH]cc1-c(o2)cc(c23)c(=O)n(C)cc3N4CCC(CC4)NC(=O)[C@@H]([NH3+])Cc(c[nH]5)c(c56)cccc6,-4.7,37,-0.12702702702702703
Cc1ccc(C(C)C)cc1Oc2nccc(n2)-c3ccc(cc3)[N-]S(=O)(=O)C,-4.7,28,-0.16785714285714287
CCCCCC(=O)O[C@H](COC(F)(F)F)COP(=O)([O-])OCC[N+](C)(C)C,-4.699,27,-0.17403703703703702
C[NH2+]Cc1cc(nn1C)-c2cc[nH]c(=O)c2-c([nH]3)nc(c34)cc(cc4C)N5CCOCC5,-4.699,32,-0.14684375
Nc1ccc(c[nH+]1)-c2ccc(cc2)C[C@@H]3SC(=O)NC3=O,-4.699,21,-0.22376190476190475
[nH]1cncc1-c(o2)cc(c23)c(=O)n(C)cc3-c4cccc(Cl)c4F,-4.698,24,-0.19575
C[Si](C)(C)C#CCn(c(n1)SCCC(=O)[O-])c(c12)cccc2,-4.698,22,-0.21354545454545457
C1CCCC1(CC(=O)[O-])CC(=O)c(cs2)c(c23)oc(cc3=O)N4CCOCC4,-4.697,28,-0.16775
OCCCCCc1ccc(cc1Cl)C[NH2+]CCc2cnc[nH]2,-4.697,22,-0.2135
CC(C)O[NH2+]CCCn(c(=O)n(c1=O)CCC)c(c12)nc([nH]2)C3CCCCC3,-4.696,28,-0.1677142857142857
COc(c(Cl)c1)ccc1CCc(nc(c23)cc(cc2)NCC)n3C[C@H](C)[NH+]4CCOCC4,-4.696,32,-0.14675
c1cccn1-c2cn(C)c(=O)c(c23)cc(o3)-c4c[nH]c(n4)C5CCC5,-4.695,25,-0.18780000000000002
CCCCC#Cc(nc1N)nc(c12)n(c(n2)-c3cccs3)-c4cc(F)cnc4Cl,-4.695,29,-0.16189655172413794
c1ccccc1C[C@@H](NC(=O)[C@H](O)[C@H](C)[NH3+])CCc(cc(N)[nH+]2)c(c23)ccc(Br)c3[O-],-4.695,31,-0.1514516129032258
COC(=O)N(CC1)CCC12CN(C2)c3ccc([nH+]c3)N4CC[NH2+]CC4,-4.694,25,-0.18776
CS(=O)(=O)C(=O)c1ccc(cc1)-c2ccccc2F,-4.694,19,-0.24705263157894736
O=C1NC(=O)[C@@H](S1)Cc2ccc(cc2)Nc(cc3)cc(c34)[nH]c([nH+]4)-c5ccccc5,-4.693,30,-0.1564333333333333
O=c1n(C)cc(cc1C)-c(cc2)cc(c23)n(c(n3)C4CCOCC4)CCc5ccc(O)c(O)c5,-4.693,34,-0.13802941176470587
C1OCC1[NH+](CC2)CCN2c(n3)cc(nc3N)C(=O)c4ccc(cc4)-c5ccccc5F,-4.693,32,-0.14665625
Cc1cc(N)[nH+]c(c1)CCCCCCCc2ccc(cc2)OC(C)(C)C(=O)[O-],-4.693,28,-0.16760714285714284
Cc1nn(C)c(C)c1CN(C)c2nc(nc([nH+]2)N3CCC3)N(C)CCC(=O)NC4CC4,-4.692,31,-0.15135483870967742
Cc1cc(ccn1)-c2ccc(S(=O)(=O)N)cc2,-4.692,17,-0.276
CNc1cc([nH+]c(n1)N)N2CCN(CC2)NCc3cccs3,-4.691,22,-0.2132272727272727
CC(C)C[C@H]([NH3+])C(=O)c1cc(nc(n1)N)N2CCCCC2,-4.69,21,-0.22333333333333336
O=c1[nH]cc(Cl)cc1-c(cnc2C(F)(F)F)c(c23)C[C@@H](F)[C@H]3O,-4.69,23,-0.2039130434782609
N#Cc1cc(Cl)cc(c1)-c2csc(C(F)(F)F)c2,-4.689,18,-0.2605
Cc1cc(C)c(c(C)c1)S(=O)(=O)N2CCC[C@H]([NH3+])C2,-4.688,19,-0.24673684210526314
CCOC(=O)Cc1nc(cs1)Nc(cc2)cc(c23)N(C4CC4)C(C)(C)C(=O)N3C,-4.688,29,-0.1616551724137931
OCCOCC[NH2+][C@@H](C(=O)[O-])Cc(c[nH]1)c(c12)cccc2,-4.688,21,-0.22323809523809524
CN1C(=O)[C@H](C)N(C2CC2)c(c13)cc(cc3)N4CCC[C@H](O)C4,-4.687,23,-0.20378260869565218
Fc1ccc(cc1)-c2ncn(C3CC[NH2+]CC3)c2Cc4ccccc4F,-4.686,26,-0.18023076923076922
Cc1cc(no1)[C@@H](C)[NH2+]C[C@@H]2CC[N@H+](CC2)Cc3ccc([N+](=O)[O-])cc3,-4.686,26,-0.18023076923076922
CC(=O)NCCC(=O)c1ccc(cc1Cl)CNCCc([nH]2)nc(c23)ccc(c3)C,-4.685,29,-0.161551724137931
N#C\C=C\c(cc1C)cc(C)c1N[C@@H](Cn2cc[nH+]c2)c3ccccc3,-4.685,26,-0.18019230769230768
C1CC1N2C(C)(C)C(=O)N(C)c(c23)ccc(c3)-c4csc(n4)NC(=O)Cc5ccc(F)cc5,-4.685,33,-0.14196969696969697
OC[C@H]([NH3+])C(=O)CCc1c[nH]cn1,-4.684,13,-0.36030769230769233
CN1CC[NH+](CC1)C2CCN(CC2)[NH2+]CCCCc3ccccc3,-4.684,24,-0.19516666666666668
C1CC1[NH2+]C[C@@H](OCC)CSc2ccc(c(C)c2)OCC(=O)[O-],-4.683,23,-0.2036086956521739
CC(C)(O)Cn1cc(cn1)C(=O)c2ccco2,-4.683,17,-0.27547058823529413
OCC[N+](C)(CCO)CCCOc(c(c1)OC)cc(c12)nc(s2)CNc(cn3)n(c34)CCC4,-4.682,33,-0.14187878787878788
c1c[nH]c(c12)c(=O)n(C\C=C\C)cc2-c3cccc(c3)C(=O)N4CCOC[C@@H]4C,-4.682,29,-0.16144827586206897
C[NH+](C)CC[NH2+]Cc1ccc(C(=O)[O-])cc1,-4.681,16,-0.2925625
CC[C@H](C)[C@H](N)C(=O)N1CCSCC1,-4.681,14,-0.33435714285714285
CCCC(=CC1=O)N=C([N+]1=2)N=C(N2)CCCC(=O)N,-4.68,19,-0.24631578947368418
CC(=O)Nc1ccccc1-c2cc(F)c(C(F)(F)F)c(F)c2,-4.68,22,-0.2127272727272727
OC[C@H]([NH3+])C(=O)CCc1cnc[nH]1,-4.679,13,-0.35992307692307696
FC(F)(C1)[C@@H](O)c(c12)c(S(=O)(=O)C(F)(F)F)ccc2N3CCC(O)CC3,-4.679,26,-0.17996153846153848
CN1CCN(CC1)CCc2ccc(=O)n(C)c2,-4.679,17,-0.2752352941176471
c1ccccc1C(=O)\C=C(\C)[C@H](C([O-])=O)C[C@@H]2CC[C@@H](CC2)OCC[N@H+](C)[C@H]3CCCCN3,-4.678,33,-0.14175757575757575
CC/C=C/CCc1cccc(C)c1,-4.678,13,-0.3598461538461538
O=C(N1)C(C)(C)Oc(c12)cc(c(c2)OC)Nc3cc(Cl)cc(c3Cl)C[NH3+],-4.677,26,-0.17988461538461537
[NH3+]CCNCCc1ccncc1,-4.677,12,-0.38975
C[NH+](C)CCc1ccc(cc1)-c2ccccc2,-4.677,17,-0.2751176470588235
CCCCCC(=O)c1ccc(cc1)-c2c(C)noc2C,-4.677,20,-0.23384999999999997
CN(C)CC[N@H+]1CC[C@@H](CC1)n2cnc(c2C(=O)CCC(=O)[O-])-c3ccc(C(F)(F)F)cc3,-4.675,33,-0.14166666666666666
CCc(no1)c(c12)cc(c(c2)OC)/N=C/c3ccccc3C=O,-4.675,23,-0.20326086956521738
CC(C)(O)Cn1cc(cn1)CCCC(=O)[O-],-4.674,16,-0.292125
CC1=NCS[C@@H]1c2ccc(cc2)CNc(cc[nH+]3)c(c34)[nH]c(n4)N,-4.673,24,-0.19470833333333334
n1ccn(c12)c(=O)n(cc2)Nc(cc3)cc(n34)[nH+]c(c4)-c5ccccc5,-4.673,26,-0.17973076923076922
O=C([O-])C[NH2+][C@H](CCC1)c(c12)cnn2-c3ccccc3F,-4.673,21,-0.2225238095238095
c1ccccc1-c([nH]2)c(c(c23)cc(OC)cc3)CCNc4ccccn4,-4.671,26,-0.17965384615384616
c1ccccc1-n(nc2C)c(C)c2/C=N/n3cc(C)c(=O)[nH]c3=O,-4.671,24,-0.19462500000000002
CN(C1)C(=O)Nc(c12)ccc(c2)S(=O)(=O)CCC#N,-4.67,19,-0.24578947368421053
CC(=O)NCCC[NH2+]Cc1ccc(c(Cl)c1)-c2c[nH]nc2C,-4.67,22,-0.21227272727272728
O=C([O-])c(cc1)ccc1Cc(o2)c(C)c(c23)c(ccc3)OCCCNCc4cccnc4,-4.67,32,-0.1459375
OCCO[C@H](N(C)C(=O)N1)c(c12)cc(cc2)-c(n3)oc(c34)cccc4,-4.67,25,-0.1868
CCCCCCCC(=O)O[C@@H](COP(=O)([O-])OCC[NH3+])CON1CC[NH+](C(C)C)CC1,-4.67,31,-0.15064516129032257
C=CC1=C(C)/C(NC1=O)=C/c2[nH]c(c(c2C)CCC(=O)[O-])C[NH2+]CCO,-4.669,26,-0.17957692307692305
Cc1onc(C)c1-c(c(c2)OC)cc(c23)[nH]c4c3c([nH+]cc4)CC(=O)N,-4.669,26,-0.17957692307692305
C[NH2+]Cc1cc(nn1C)[C@H](C([O-])=O)C[C@@H]2CC[C@@H](CC2)OCCN(C)[C@H]3CCCC[NH2+]3,-4.669,31,-0.15061290322580645
O=C1NC(=O)[C@@H](S1)Cc2ccc(cc2)-n(cn3)c(c34)[nH]cnc4=O,-4.669,24,-0.19454166666666664
COc1cccc(c1)-c(cc2)cc(c23)oc(c3CC(=O)[O-])C(=O)[C@@H]([NH3+])CC(C)C,-4.669,29,-0.16099999999999998
C1CC[C@H]([C@@H]12)N(CCO2)C(=O)c3ccc(cc3)N4CCCCC4,-4.668,23,-0.20295652173913045
O=C1CC=CN1C(=O)C(=O)CC(=O)NCCCc2cccc(c2)Oc3ccccc3,-4.668,30,-0.15560000000000002
O=C([O-])C/[NH+]=C/C(=O)CCCC(=O)CCC1c(ccc(c2)O)c2Oc(c13)cc(O)cc3,-4.668,31,-0.15058064516129033
C[NH+]1CCN(CC1)c2ccc(cc2)NCCN3CCOCC3,-4.668,22,-0.2121818181818182
[NH3+]Cc1ccc(cc1)NCCC(F)(F)F,-4.667,15,-0.3111333333333333
COc1ccc(cc1Cl)CCc(n2)n(C[C@H](C)N3CCOCC3)c(c24)ccc(c4)-c5ccn[nH]5,-4.667,34,-0.13726470588235293
C[NH+](C)c1ccc(cc1)C2(CCCC2)CNc3cccc(c3)CCCNC(=O)CC(=O)C(=O)[O-],-4.666,34,-0.13723529411764707
CC(C)(O)Cn1cc(cn1)C(=O)c2ccccc2NC(=O)Nc3cc(Cl)cc(Cl)c3,-4.666,30,-0.15553333333333336
O=Cc1ccccc1/C=N/Nc2nc(cs2)-c(cc3)cc(c34)OCCO4,-4.666,26,-0.17946153846153848
COc1ccc(nn1)-c2cnc(N(C)C)nc2OC,-4.665,19,-0.24552631578947368
NC(=O)CC[NH2+]Cc1ccc(c(Cl)c1)-c2noc(n2)C3CCN(CC3)C(=O)Cc4ccccc4,-4.665,34,-0.13720588235294118
NC(=O)CC[NH2+]CCNC(=O)NC1CCN(CC1)c2cccc[nH+]2,-4.665,24,-0.194375
C[Si](C)(C)C#CCN[C@@H](CCSC)C(=O)Nc1ccncc1,-4.665,22,-0.21204545454545454
CCNC(=O)c(c1)[nH]c(c12)c(=O)n(C)cc2-c3cc(C(C)(C)O)ccc3NCCc4cc[nH+]cc4,-4.664,35,-0.13325714285714285
Fc1cc(F)ccc1Oc(ccc2NS(=O)(=O)CC)c(c2)N3CC[NH+](CC3)Cc4ccccc4,-4.664,34,-0.1371764705882353
FC(F)(F)C(=O)N[C@@H](C(C)(C)C)C(=O)c(ccc1)c(c12)cccc2,-4.664,24,-0.19433333333333333
CCCCCCCC(=O)CC(=O)SCCNc1nc(cs1)C(=O)OCC,-4.664,26,-0.17938461538461536
CCOC(=O)CCNc1ccc(cn1)S(=O)(=O)Nc2c(C)nn(C)c2C,-4.664,26,-0.17938461538461536
COc1ccc(cc1)Cn(nn2)c(c23)[C@@](C)(O)CC[C@H]3OC(=O)/[NH+]=C(\N)Cc4cccc(c4)OC,-4.664,35,-0.13325714285714285
[NH3+]CCCC[NH2+]CCC1CCCCC1,-4.663,14,-0.3330714285714286
c1cccc(c12)c(c[nH]2)C[C@H](C(=O)[O-])c(nc3N)cc(n3)N4CC[NH+](CC4)C5COC5,-4.661,31,-0.15035483870967742
C[NH2+]Cc1cc(nn1C)-c2ccc(C(=O)[O-])c(Cl)c2,-4.661,19,-0.24531578947368418
O1CCc(c12)c(c(F)cc2)C[N@H+]3CCOC[C@@H]3c4ccccc4,-4.661,23,-0.20265217391304347
CS(=O)(=O)Oc1ccc(cc1)CCc2ccc(nc2)N3CC[NH2+]CC3,-4.66,25,-0.1864
COc1cccc(c1)-c2cc(F)c(c(F)c2)Nc3cn[nH]c3,-4.66,22,-0.21181818181818182
COc(c1)cccc1-c(ncn2CC#C)c2C/C=C(/C)CCC(=O)[O-],-4.659,25,-0.18636
OCCC[NH2+][C@@H](C(C)C)C(=O)Nc1ccncc1,-4.658,18,-0.2587777777777778
Cc1nnn(C)c1-c(c2)c(F)cc(c23)c4c(cc(cn4)C(C)(C)O)n3[C@H](C)C(=O)N,-4.658,30,-0.1552666666666667
O=C([O-])COc1ccc(cc1C)SCc2nnc(s2)C(=O)[C@@H]([NH3+])CC(C)C,-4.657,27,-0.17248148148148149
c1nccc(c12)c(ccc2)S(=O)(=O)NCCN3CCC[C@H](O)C3,-4.656,23,-0.20243478260869563
c1cc(C)cc(c12)[nH]c(n2)CCNc(cc3)cc(c34)N(C5CC5)C(C)(C)C(=O)N4C,-4.656,30,-0.15519999999999998
OCCCN1CCN(CC1)c2ccc(Cl)c(Cl)c2,-4.656,18,-0.25866666666666666
Cn1ccc(n1)-c2c(cccc3)c3nc(c24)CCCC4,-4.656,20,-0.23279999999999998
O=C([O-])CNS(=O)(=O)c1c(C)cc(cc1C)NC(=O)c2ccc(cc2F)-c3cccc(F)c3,-4.656,33,-0.14109090909090907
C[NH+](C)CCCc1ccc(cc1Cl)C[NH2+]CCc2c[nH+]c[nH]2,-4.655,22,-0.2115909090909091
Cc1noc(C)c1-c2ccc(cc2)-c3ccno3,-4.655,18,-0.2586111111111111
O=Cc1ccccc1/C=N/c(cc2)cc(c23)ccc(c3)C[C@@H]4SC(=O)[N-]C4=O,-4.655,28,-0.16625
CC(C)CCc1ccc(cc1)N2CC[NH+](C)CC2,-4.654,18,-0.25855555555555554
CCCCCC(=O)n1cc([N+](=O)[O-])nc1C,-4.654,16,-0.290875
c1cccc(c12)cncc2Cc([nH]n3)c(c34)cccn4,-4.654,20,-0.2327
O=C(N1)C(C)(C)Oc(c12)cc(c(c2)OC)NNCCNC(=O)NC3CCN(CC3)c4ccccn4,-4.653,35,-0.13294285714285714
COc1ccc(cc1)-c([nH+]2)n(c(c23)cccc3)CC4CCOCC4,-4.653,24,-0.193875
CCC(=O)c1c[n-]c(c1)C(=O)C(=O)c2ccc(cc2)-c3cccc(F)c3,-4.653,26,-0.17896153846153845
C[C@H]1C[C@@H](C)CN(C1)N2CCC(O)CC2,-4.653,15,-0.3102
COCC[NH+]1CCN(CC1)CC[NH+](C)C,-4.652,15,-0.3101333333333333
Nc1ccccc1-c(ccc2S(=O)(=O)C(F)(F)F)c(c23)CC(F)(F)[C@H]3O,-4.651,26,-0.17888461538461536
COc1cccc(c1)C/C(N)=N/c(cn(C)c2=O)c(c23)O/C(C3)=c4\cnc([nH]4)=C5CCCC5,-4.651,33,-0.14093939393939392
n1c[nH]cc1-c(o2)cc(c23)c(=O)n(C)cc3N4CCC(CC4)NC(=O)[C@@H](N)Cc(c[nH]5)c(c56)cccc6,-4.651,37,-0.1257027027027027
C1COCC[N+]1=c(o2)cc(O)c(c23)scc3-c(cc4)cc(c45)nccc5,-4.65,26,-0.17884615384615385
CCCCCCCC(=O)O[C@@H](COP(=O)([O-])OCC[NH3+])CON1CCN(C(C)C)CC1,-4.65,31,-0.15000000000000002
OCC[NH2+]CCc1n[nH+]c(C)c(c12)ccc(c2)N3CC[NH2+]CC3,-4.65,23,-0.2021739130434783
Cc1nc(cs1)Nc2cc[nH+]cc2,-4.65,13,-0.3576923076923077
O=c1[n-]c(no1)Nc2ccncc2,-4.65,13,-0.3576923076923077
c1cccn1-c2cn(C)c(=O)c(c23)cc(o3)-c4cnc([nH]4)C5CCC5,-4.649,25,-0.18596000000000001
COC(=O)N(CC1)CCC12CN(C2)c3ccc(cc3)C[C@@H]4SC(=O)NC4=O,-4.649,27,-0.1721851851851852
COC(=O)c1ccc(c(Cl)c1)C[N@@H+](CC2)CC[C@@]2(O)Cc3ccc(C(F)(F)F)cc3,-4.648,30,-0.1549333333333333
CC(C)(C)S(=O)(=O)C[C@H](CC)c(cc1)cc(c1=2)=CC(=O)N2,-4.648,21,-0.22133333333333333
C1COCCN1c(o2)cc(=O)c(c23)scc3-c(cc4)cc(c45)nccc5,-4.648,26,-0.17876923076923076
c1ccccc1-n(nc2C)c(C)c2/C=N/CC[NH+](C)C,-4.647,20,-0.23235
CC(=O)N[C@H]1CCN(C1)c2ccc(cc2F)C3=NO[C@@H](C3)CCc4cccc[nH+]4,-4.647,29,-0.16024137931034482
c1ncc(C)c(c12)c(ccc2)S(=O)(=O)c(cc3)cc(c34)ccc(c4)C[C@@H]5SC(=O)NC5=O,-4.646,32,-0.1451875
CCCCCC[C@@H](C)Nc1ccccc1-c(nn(c23)c(nn3)C)cc2N[C@H](C)C(=O)N,-4.646,31,-0.14987096774193548
C1COCCN1c2nccn(c23)c(c(n3)C)-c4ccc(cc4)CCNC(=O)c5ccc(Cl)cc5,-4.646,34,-0.1366470588235294
C1OCC1N(CC2)CCN2c([nH+]3)cc(nc3N)/[NH+]=c(/cc4)cc(n45)[nH]c(c5)-c6ccccc6,-4.646,33,-0.1407878787878788
CCc1cccc(C)c1NN[C@H](C)c2cc(C)[nH]n2,-4.646,19,-0.24452631578947367
O=C1CCCN1c(cc2F)ccc2C(=O)N[C@H](Cc(c[nH]3)c(c34)cccc4)C(=O)Nc5ccncc5,-4.646,36,-0.12905555555555556
O=C([O-])[C@@H](C)[NH2+]CC1CCC1,-4.645,11,-0.42227272727272724
COc1cccc(c1)CC(=[NH2+])Nc(cc2)c3[n-]c(cc(c3c24)c(O)n4C)N5CCN(C)CC5,-4.645,33,-0.14075757575757575
O=C([O-])c1sccc1C(=O)Nc2ccc(cc2F)S(=O)(=O)c3cccs3,-4.644,26,-0.17861538461538462
C1C[NH+](C)CCN1c2nc(N)[nH+]c(c2CC)Cc3[nH+]c(cn3C)-c4ccccc4,-4.644,29,-0.16013793103448276
FC(F)(F)C(O)(C(F)(F)F)C(=O)NCCO,-4.643,16,-0.2901875
CN1CCN(CC1)c(c2)[nH]c3c(ccc(c3c24)n(C)c4O)-c5ccccc5OCCO,-4.642,31,-0.149741935483871
CC(O1)(C)C(=O)Nc(c12)cc(O)c(c2)CC(=O)[O-],-4.641,18,-0.25783333333333336
O=Cc1ccccc1/C=N/CCC[NH+]2CCOCC2,-4.641,19,-0.24426315789473685
c1cc(C)cc(c12)nc([nH]2)CCNc(cc3)cc(c34)N(C5CC5)C(C)(C)C(=O)N4C,-4.64,30,-0.15466666666666665
CC(O1)(C)C(=O)Nc(c12)cc([O-])c(c2)-n(cc3)c(=O)n(c34)ccn4,-4.64,24,-0.19333333333333333
C1C[C@@H](C)CC[C@@H]1[C@@H](C)[NH2+]CCNC(=O)NC2CCN(CC2)c3ccccn3,-4.64,28,-0.1657142857142857
FC(F)(C1)[C@@H](O)c(c12)c(S(=O)(=O)C)sc2-c(ccc3)n(c34)nc(n4)N,-4.64,25,-0.1856
Cc1ccc(cc1C)Nc2nccc(n2)-c3ccc(CN)cc3Cl,-4.639,24,-0.19329166666666667
CN1CC[NH+](CC1)CCNc2ccc(cn2)S(=O)(=O)c3ccc(Cl)cc3,-4.639,26,-0.17842307692307693
CCc1ccc([nH+]c1)CCOCc(c2)oc(c23)cccc3,-4.638,21,-0.22085714285714286
c1nccc(c12)c(C(=O)[O-])c(C)c(n2)-c(nnc3C)c(c34)cc(nc4)N5CCOCC5,-4.638,31,-0.14961290322580645
C1CCCCC1([NH3+])CNc(cc2=O)oc(c23)c(cs3)-c(cc4)cc(c45)OCCO5,-4.638,29,-0.1599310344827586
C1CSCC[NH+]1[C@H](C[C@H](C)N2C(=O)C)c(c23)cc(cc3)-c4n[nH]cc4,-4.637,25,-0.18547999999999998
C[NH2+]C[C@@H](O)CC(=O)[C@H](C(C)C)NC(=O)C1CCCCC1,-4.636,21,-0.22076190476190477
CN1C(=O)[C@H](C)N(C2CC2)c(c13)cc(cc3)[N@@H+]4CCC[C@H](O)C4,-4.636,23,-0.20156521739130434
c1cc(F)ccc1CC(=O)N2CC[NH+](CC2)C(c3ccccc3)c4ccccc4,-4.635,29,-0.15982758620689655
O=C[C@@H]1CCCN1NC2CCN(CC2)c3ccccn3,-4.635,20,-0.23174999999999998
C[NH+](C)CCCc1ccc(C(C)(C)O)cc1-c(cn(C)c2=O)c(c23)O/C(C3)=c4\cnc([nH]4)=C5CCC5,-4.634,36,-0.12872222222222224
C1CC1[C@@H](C)c2cc(nc[nH+]2)N(C)CCOc3ccc(cc3)C[C@@H]4SC(=O)NC4=O,-4.633,30,-0.15443333333333334
c1cccc(c12)c(c[nH]2)C[C@H](N)C(=O)N[C@@H]3CC[N@H+](CC3)CCc4cnc[nH]4,-4.633,28,-0.1654642857142857
COc1ccc(cc1)S(=O)(=O)[C@H](C)c2noc(=O)[n-]2,-4.632,19,-0.2437894736842105
COc1cccc(c1)-c2cc(F)c(c(F)c2)NN(C3=O)C(=O)N([C@H]34)CC[C@H]4O,-4.632,28,-0.16542857142857142
O=C([O-])CCc(n1)nc(cc1C)-c2cccc(c2)[N-]S(=O)(=O)c3cccc(Br)c3,-4.631,29,-0.1596896551724138
COc(c1)c(OC)cc(c12)c(nc[nH+]2)N[C@H](CCC3)c(c34)cnn4-c5ccccc5F,-4.631,31,-0.14938709677419357
COC[C@H](C)Cc1ccc(Cl)c(c1)O[C@@H](C)C(=O)[O-],-4.631,19,-0.24373684210526317
CCCCCCCC(=O)CC(=O)SCCNc1ccc(cc1F)N2C[C@@H](OC2=O)CNC(=O)C,-4.631,34,-0.13620588235294118
CC[C@@](C)(C(=O)[O-])CCN(C)[C@H]1CCCC[NH2+]1,-4.629,17,-0.2722941176470588
OCc1ccccc1Cc(c(n2)-c3ccc(F)cc3)c(n24)ccnc4N5CCC(O)CC5,-4.629,32,-0.14465625
CC[C@H](C)[C@H]([NH3+])C(=O)[N-]S(=O)(=O)[C@H](C)c1ccc(cc1)-c2c(C)noc2C,-4.628,27,-0.17140740740740742
C1COCCN1NC2CC2,-4.628,10,-0.4628
CC[C@](C)(C(=O)[O-])Oc1ccc(cc1)CC[NH2+]Cc2ccc(cc2)[C@@H]3C(C)=NCS3,-4.628,30,-0.15426666666666666
O=C([O-])CCSc(n1)n(c(c12)cccc2)CCn3ccc(O)c(C(=O)[O-])c3=O,-4.628,28,-0.16528571428571429
c1cc(F)cc(c12)c(C(=O)[N-]S(=O)(=O)C)c(N)c(n2)N3CC[NH2+]CC3,-4.627,25,-0.18508
OCC[N+](C)(CCO)CCCOc(c(c1)OC)cc(c12)[nH+]c(s2)CNN3CCC[NH2+]CC3,-4.626,32,-0.1445625
Cc1cc(C)cc(c1)-c(cc2)cc(c2=3)=NC(=O)N3,-4.626,18,-0.257
CNC[C@@H](O)Cc(ncn1)c(c12)cc[nH]2,-4.625,15,-0.30833333333333335
c1cc(F)cc(c12)c(C(=O)[N-]S(=O)(=O)C)c(N)c(n2)-c3ccc(cc3)CCCCCC(=O)[O-],-4.625,33,-0.14015151515151514
C1CC1Nc2nc(N)nc(c2CC)Cc(c3)oc(c34)cccc4,-4.624,23,-0.20104347826086955
C1COCCC1[C@H](N(CC2=O)CCN2)c3ccccc3,-4.623,20,-0.23115000000000002
n1nc(C)n(c12)c3c(cccc3)N(C[C@H]2C)c4cccc(c4)NS(=O)(=O)c5cccs5,-4.623,31,-0.14912903225806454
c1cc(F)ccc1-c(o2)c(C(=O)NC)c(c23)cc(C4CC4)c(c3)N5CC[C@@H](C5)NC(=O)C,-4.623,32,-0.14446875
Cc1cc(n[nH]1)[C@@H](C)N[NH2+]CC23C[C@H]4C[C@@H](C3)C[C@H](C4)C2,-4.623,21,-0.22014285714285714
Fc1ccccc1-n2c(=O)n(ncn3)c3c(c24)c5c(s4)C[N@H+](CC5)CC6CCOCC6,-4.623,31,-0.14912903225806454
Cc1c(C)c(O)c(C)c(c12)CC[C@](O2)(C)Cc3cnc(C(=O)N)nc3,-4.623,25,-0.18492
COc1nc(N(C)C)[nH+]cc1NCC[NH3+],-4.622,15,-0.3081333333333333
OCC(C)(C)Nc(cc1)cc(c12)n(CCOC(F)(F)F)c([nH+]2)C3CCOCC3,-4.621,28,-0.1650357142857143
n1[nH]ccc1-c(cnn2C)c2Oc3ccccc3,-4.621,18,-0.25672222222222224
CCN(C(=O)C1)c(c12)ccc(c2)Nc3ccc(cc3Cl)C[NH2+]CCCNC(=O)CC(=O)OC,-4.619,33,-0.13996969696969697
CCOC(=O)c1csc(n1)N2CCN(CC2)c3cccc(c3)N4CC=CC4=O,-4.619,28,-0.1649642857142857
Nc1ccc(cn1)NCCC(F)(F)F,-4.619,14,-0.3299285714285714
Cn1c(=O)n(C)c(c12)cc(c(C)c2)S(=O)(=O)CCCCCCCCC(=O)OC[C@H](O)CO,-4.619,32,-0.14434375
CC(C)S(=O)(=O)[N-]c1ccccc1F,-4.619,14,-0.3299285714285714
Cc1nc([N+](=O)[O-])cn1[C@@H]2CCN(C2)CC[NH+](C)C,-4.616,19,-0.2429473684210526
c1ccc(OC)c(c12)nc([nH]2)CCNCc3ccc(c(Cl)c3)S(=O)(=O)C(C)(C)C,-4.615,29,-0.15913793103448276
CC[C@H](C)[C@H]([NH3+])C(=O)NCCOCCOCCOCCOCCO,-4.614,24,-0.19225
[nH]1nccc1-c2n(nnc2C)C3CCN(CC3)CC[NH+](C)C,-4.614,22,-0.20972727272727273
C[C@@H](O)Cc(cc1=O)oc(c12)c(c(O)cc2O)[C@H]3CC[N@H+](C)C[C@H]3O,-4.614,25,-0.18456
Clc1ccccc1S(=O)(=O)c2cccc(c2F)-c(ccn3)c(c34)nc[nH]4,-4.614,26,-0.17746153846153845
COC(=O)CC(=O)NCCC[NH2+]Cc1ccc(c(Cl)c1)NC2CCCC2,-4.613,26,-0.17742307692307693
C[NH+](C)CCN(CC1)CCC1n(nnc2C)c2C(=O)[C@@H]3CN(C(=O)CC4)N4C35CCCC5,-4.613,32,-0.14415625
C1CC1[C@@H](C)[NH2+]CC#Cc2ccc(cc2)C(=O)NCCC(F)(F)F,-4.613,24,-0.19220833333333334
Cc1noc(C)c1-c(cc2CCCO)cc(c23)nccc3,-4.612,21,-0.21961904761904763
O=C([O-])c1ccc(cc1OC)N[C@H](C(=O)[O-])Cc2ccc(cc2)OCCN(C)c3ccccn3,-4.612,34,-0.13564705882352943
CCS(=O)(=O)Cc1cnc(c(c1)-c(ccn2)c(c23)nc[nH]3)Oc4ccc(F)cc4F,-4.612,30,-0.15373333333333333
COCCOCCc1cc(ncn1)N(C)CCOc2ccc(cc2)C[C@@H]3SC(=O)[N-]C3=O,-4.612,32,-0.144125
C1COCCC1Cn(c(c23)cccc3)c(n2)C(=O)CCCCCCCCCO,-4.612,28,-0.16471428571428573
n1cn(C(C)C)c(c12)nc(N[C@H](CC)CO)nc2C(=O)c(cn3)cc(c34)cccc4,-4.612,30,-0.15373333333333333
OC[C@@H](N)[C@@H](O)C[NH+]1CCN(CC1)C2COC2,-4.612,17,-0.27129411764705885
Cc1nnn(C)c1-c(c2)c(F)cc(c23)c4c(cc(cn4)C(C)(C)O)n3-c5nnc([n-]5)-c6ccccc6,-4.611,36,-0.12808333333333333
Cc1cc([nH]n1)[C@@H](C)[NH2+]CCOc2ccc(cc2)C[C@@H]3SC(=O)[N-]C3=O,-4.611,26,-0.17734615384615385
CS(=O)(=O)Nc1cc(ccc1C)-n2ccc(=O)c(C(=O)[O-])c2O,-4.611,23,-0.20047826086956522
NS(=O)(=O)c1ccc(cc1)-c2ccccc2,-4.61,16,-0.288125
CN(C1)C(=O)Nc(c12)ccc(c2)[NH2+][C@H](C(=O)[O-])Cc(c[nH]3)c(c34)cccc4,-4.61,27,-0.17074074074074075
Nc(c1)cccc1[C@@H](C)CCCCCCCCC(=O)OC[C@H](O)CO,-4.609,25,-0.18436
CC(C)(C)S(=O)(=O)C(=O)Cc(cnc1)c(c12)c(O)ccc2,-4.609,21,-0.21947619047619046
S=C(N1)OC(C)(C)c(c12)cc(cc2)-c3n[nH]c(n3)-c4ccc(F)cc4,-4.609,25,-0.18436
Fc1cc(F)ccc1Oc(ccc2NS(=O)(=O)CC)c(c2)C(=O)c3ccccc3[N+](=O)[O-],-4.609,32,-0.14403125
CCCCCCCC(=O)CC(=O)SCCNN1CC[NH+](CC)CC1,-4.608,24,-0.19199999999999998
COc1cc(cc(c1)OC)NC(=O)N([C@@H]2O[C@H](CO)[C@@H](O)[C@H]2O)Cc3ccccc3,-4.607,30,-0.15356666666666668
c1cc(F)ccc1-c(n2)c(CC(=O)[O-])c(n23)ccnc3N4CCC(O)CC4,-4.607,27,-0.17062962962962963
CC[N@H+]1CC[C@@H](CC1)CC[C@@H](O2)[C@@]2(C)[C@@]3(O)[C@H](OC)C(=O)CC[C@@]3(C)O,-4.607,26,-0.1771923076923077
OCCOCCOCCCc1ccc(cc1)-c2cccc(F)n2,-4.607,23,-0.20030434782608697
CCCNc1cnns1,-4.607,9,-0.511888888888889
CN(C)c1cc(F)c(c(F)c1)-c2cc(CO)ccc2F,-4.606,20,-0.2303
CCOC(=O)Cc1nc(cs1)-c2ccc(cc2)C(=O)[C@@H]3C=C[N+](=N3)C,-4.606,25,-0.18424
CC(C)(O)C[C@H]1C[C@H](O)[C@H](O1)COP(=O)[O-],-4.606,16,-0.287875
CO[C@@H](C)Cn1cc(cn1)-c2ccc(cc2F)C3=NO[C@@H](C3)CNS(=O)(=O)C(C)C,-4.606,30,-0.15353333333333333
Cn1cc(cn1)-c2ccc(cc2)C[C@@H]3SC(=O)[N-]C3=O,-4.605,20,-0.23025
C[NH2+]Cc1ccccc1-c2csc(c2)[C@@H](C)c(cc3)cc(c3=4)=CC(=O)N4,-4.604,26,-0.17707692307692308
O=C([O-])[C@@H](C)CCOc1ccc(cc1)C[C@@H]2SC(=O)[N-]C2=O,-4.604,22,-0.20927272727272728
Nc1ccc(cc1)[NH2+]C2CC2,-4.602,11,-0.4183636363636364
C1OCC[C@@H]1c2ccc(cc2OC)C(=O)N[C@@H]3CC[N@@H+](C)CC3,-4.601,23,-0.20004347826086957
C1COCCN1c(o2)cc(=O)c(c23)scc3-c4ccc(c(F)c4)N5CCSCC5,-4.601,29,-0.1586551724137931
OCc1ccc(F)c(c1)-c2c(F)cc(cc2F)C3CC[NH2+]CC3,-4.601,23,-0.20004347826086957
C[C@@H]1C(=O)N(C)CCN1CCCCCn(cc2)c(c23)cccc3OC(C)(C)C(=O)[O-],-4.6,30,-0.15333333333333332
C[NH+]1CCN(CC1)C2CCN(CC2)S(=O)(=O)c(cc3)cc(c34)scn4,-4.6,25,-0.184
COCCC[NH2+][C@@H]1O[C@H](CO)[C@@H](O)[C@H]1O,-4.6,15,-0.30666666666666664
COc1cc(=O)n(C)nc1-c2ccccc2Nc3cccc(c3)N4C=CCC4=O,-4.6,29,-0.1586206896551724
CCC(=O)S(=O)(=O)c(cc1)c2cccc(c2c13)C(=O)N3CC,-4.599,22,-0.20904545454545456
CCc1ccccc1-c2ccc(cc2)C3CCN(CC3)c(cc4)nn(c45)c(nn5)OC,-4.599,31,-0.14835483870967742
CCCCCc1cccc(n1)Oc2ccccc2,-4.598,18,-0.2554444444444444
FC(F)(F)C(=O)NCC1CCC1,-4.598,12,-0.38316666666666666
CCCCC#Cc(nc1N)nc(c12)n(c(n2)-c3cccs3)-c4nc(cs4)C(=O)OCC,-4.598,31,-0.1483225806451613
Cc1c(C#N)cccc1[C@@H](C)Nc(n[nH+]c2C)c(c23)cc(nc3)[C@@H]4CCC[NH2+]C4,-4.597,29,-0.15851724137931036
C1CC1Nc(n2)cc(nc2N)NCC3([NH3+])CCCCC3,-4.596,20,-0.2298
CCCCCCCC(=O)O[C@@H](COP(=O)([O-])OCC[NH3+])Cc1ccc(C[NH+](C)C)nc1C,-4.596,32,-0.143625
c1cnccc1-c(o2)cc(=O)c(c23)scc3-c(cc4)cc(c45)OCCO5,-4.596,26,-0.17676923076923076
c1cc(C(F)(F)F)cc(c12)n(CC)c(n2)[C@@H](C)N[C@H]3C[NH2+]C[C@H]3Cc4cc(C)cc(N)[nH+]4,-4.596,32,-0.143625
CC(=O)NC[C@H]1CN(C(=O)O1)c2ccc(C(C)(C)C)c(F)c2,-4.596,22,-0.2089090909090909
Cn1cccc1CCSP(=O)([O-])OP(=O)([O-])[O-],-4.596,17,-0.2703529411764706
COC(=O)CC(=O)c(cn(C)c1=O)c(c12)oc(c2)-c3c[nH]c(n3)C4CCC4,-4.596,27,-0.17022222222222222
Cn(n1)ccc1-c(ncn2)cc2N(C)CCOc3ccc(cc3)C[C@@H]4SC(=O)[N-]C4=O,-4.595,31,-0.1482258064516129
COc(c(Cl)c1)ccc1CCc([nH+]c(c23)cc(cc2)NCC)n3C[C@H](C)[NH+]4CCOCC4,-4.594,32,-0.1435625
CCCCC/C=C/Cc1ccnc(n1)N,-4.593,15,-0.30619999999999997
COc1cc(c[nH+]c1N)-c2cnn(C)c2,-4.593,15,-0.30619999999999997
O=C([O-])[C@H]1CC[C@@H](CC1)CCc2ccc[nH+]c2,-4.593,17,-0.2701764705882353
Cc1cc(C)cc(c1)Nc2cccc(n2)-c3c(C)nnn3S(=O)(=O)c(cc4)cc(c45)scn5,-4.592,33,-0.13915151515151514
O=C([O-])c1c(O)ccn(c1=O)N[C@H]2CC[C@H](O)CC2,-4.592,19,-0.24168421052631578
Nc1ccc(cn1)-c2ccc(cc2)C[C@@H]3SC(=O)NC3=O,-4.591,21,-0.21861904761904763
CN1C(=O)[C@@H](C)N(C2CC2)c(c13)cc(cc3)-c4cc(nc(N)[nH+]4)N5CC[NH+](CC5)C6COC6,-4.591,33,-0.13912121212121212
FC(F)(C1)[C@@H](O)c(c12)c(S(=O)(=O)C)sc2-c(n3)oc(c34)cccc4,-4.591,24,-0.19129166666666667
n1ccccc1NCc2ccc(cc2)N3CCCCC3,-4.591,20,-0.22955
Cc1n[nH]c(C2CC2)c1NCCN3CCOCC3,-4.591,18,-0.2550555555555556
COC(=O)CC(=O)N(C)C,-4.591,10,-0.4591
CC(C)Cn1ncc(Cl)c1C(=O)Nc(cc2)cc(c23)[nH]c([nH+]3)-c4ccc(S(=O)(=O)N)cc4,-4.591,32,-0.14346875
c1ccc(C(N)=[NH2+])c(c12)oc(cc2O)=[N+]3CCOCC3,-4.59,20,-0.22949999999999998
C=CC1=C(C)C(=O)N[C@@H]1C[C@H](C)[NH+]2CCOCC2,-4.59,18,-0.255
Cc1noc(C)c1-c2ccc(=O)n(c2)N3CC[C@@H](C3)N(C)CCC[NH+](C)C,-4.59,27,-0.16999999999999998
Cc1[nH+]n(C)c(C)c1N[C@@H](CCCC[NH3+])C(=O)NCCC2CCCCC2,-4.59,26,-0.17653846153846153
C=CC1=C(C)C(=O)N[C@@H]1n2nnc(c2C)S(=O)(=O)c3ccc(C(C)(C)C)cc3,-4.59,28,-0.16392857142857142
C1CC1Nc(nc2N)cc([nH+]2)N3CCN(CC3)C(=O)c4ccccc4[N+](=O)[O-],-4.589,28,-0.16389285714285715
CCCCCCC(=O)c1cc(F)cc(Br)c1,-4.589,16,-0.2868125
C1OCC1[NH+](CC2)CCN2C(=O)CCCCCCCCCO,-4.589,22,-0.2085909090909091
Cc1[nH]nc(C2CC2)c1S(=O)(=O)c3cccs3,-4.589,17,-0.26994117647058824
[nH+]1c[nH]cc1-c(o2)cc(c23)c(=O)n(C)cc3-c4cc(F)c(c(F)c4)-c5cc(CO)ccc5F,-4.588,33,-0.13903030303030303
O=c([nH]1)onc1[C@H](C)c(cc2)nc(c23)sc(n3)NC(=O)C4CC4,-4.588,23,-0.19947826086956522
CC(O1)(C)C(=O)Nc(c12)ccc(c2)CCCN3CCOCC3,-4.588,22,-0.20854545454545456
C1C[NH+](C)CCN1CCc2cc(ccc2N(C3)C[C@H](C)C[C@@H]3C)C(=O)Nc4ccccc4C(=O)[O-],-4.587,35,-0.13105714285714284
C[N@H+]1CC[C@@H](C1)N(C)c([nH+]c(c23)cc(s3)C(C)(C)C)nc2Nc4ccncc4,-4.587,28,-0.16382142857142856
CC(=O)NC[C@H]1CN(C(=O)O1)c2c(C)nnn2C3CC[NH2+]CC3,-4.586,23,-0.1993913043478261
CC(C)S(=O)(=O)NC[C@@H]1CC(=NO1)c2ccc(c(F)c2)N3CC[C@@H](C3)[NH2+]CC(C)(C)C,-4.585,31,-0.1479032258064516
c1cc(F)ccc1C(=O)C(=O)c2ccc(cc2F)-c3cc(F)ccc3F,-4.585,26,-0.17634615384615385
COc1cc(OC)c(cc1C)-c2n[nH]c(n2)-c3ccccc3,-4.584,22,-0.20836363636363633
C1CCCCN1c2cn(C)c(=O)c(c23)cc(o3)-c4c[nH]c(n4)C5CCC5,-4.584,26,-0.1763076923076923
CCCC(=O)S(=O)(=O)C,-4.584,9,-0.5093333333333333
CC[NH+]1CCN(CC1)Cc2ccc(cc2C(F)(F)F)NCC[N@H+](C)[C@H]3CCCCN3,-4.583,30,-0.15276666666666666
Cc1noc(C)c1-c2ccc(cc2)[C@@H](C)C[C@H](O)CCCC(=O)[O-],-4.583,24,-0.19095833333333334
Nc1ccc(cc1)NNCC(=O)[O-],-4.583,13,-0.3525384615384616
O=C([O-])Cc(c1)cccc1-c(c2C(=O)NC(C)C)noc2-c3ccccc3,-4.582,27,-0.1697037037037037
CCc1ccc(nc1)CCc(n2)n([C@@H](C)COC)c(c23)cc(nc3)N4CCOC[C@@H]4C,-4.582,31,-0.14780645161290323
C[NH2+]Cc1cc(nn1C)-c(n2)c(C#N)c([O-])c(c23)cncc3,-4.581,22,-0.20822727272727273
c1c[nH]c(c12)c(=O)n(C\C=C\C)cc2-c3c(C)nnn3C,-4.581,21,-0.21814285714285717
C[NH+](C)C1CCN(CC1)c2ccc(cc2)-c(cs3)c(c34)oc(cc4=O)N5CCOCC5,-4.58,31,-0.14774193548387096
CCCC(=O)Nc1c(F)cc(cc1F)-c2cccc(c2)OC,-4.579,22,-0.20813636363636362
CNc1cc(nc(N)[nH+]1)N2CCN(CC2)c(ccc3C(F)(F)F)c(c34)CC[C@H]4O,-4.578,29,-0.15786206896551724
OCc1ccc(F)c(c1)-c2c(F)cc(cc2F)CCc3c[nH+]c[nH]3,-4.578,24,-0.19075
Cc1noc(C)c1-c2ccc(cc2)CNc3cc[nH]n3,-4.578,20,-0.22890000000000002
Cc1cc(C)cc(c1)Oc2nccc(n2)-c3c(CC4CCOCC4)[nH+]cn3[C@H]5CCN(C5)CC[NH3+],-4.578,35,-0.1308
o1nc(C)c(c12)cc(c(c2)NC)C(=O)Cc(c[nH+]c3)c(c34)c(O)ccc4,-4.576,26,-0.176
O=C(C=1)N=c(c12)ccc(c2)-c(n3)sc(c34)cccc4,-4.575,19,-0.24078947368421053
O=C1[N-]C(=O)[C@@H](S1)Cc2ccc(cc2)OCCNc3c[nH]cn3,-4.574,23,-0.1988695652173913
FC1(F)CC(C1)[N@@H+](CC2)CC[C@H]2C(=O)NC3CCCCCC3,-4.574,22,-0.2079090909090909
COc(c1)c(OC)cc(c12)c(nc(n2)C)-c3ccc(F)cc3F,-4.574,23,-0.1988695652173913
CC(C)Cc1nc(cs1)N2CCC(CC2)c3nc(no3)-c4cccs4,-4.574,25,-0.18295999999999998
C1C[C@@H](C)CC[C@@H]1[C@@H](C)CCN(C)c2ccccn2,-4.573,19,-0.2406842105263158
CCCCCCC(=O)[C@@H]1O[C@@H]([C@@H](O)[C@H]1O)C[S+](C)CC[C@H]([NH3+])C(=O)[O-],-4.573,25,-0.18292000000000003
CN(C1)C(=O)N(C)c(c12)ccc(c2)S(=O)(=O)C=O,-4.573,18,-0.2540555555555556
Cc1ccc(cc1C)-n(c2=O)c(=O)n(C)c(c23)nc(n3C)N[C@H]4CC[C@H](O)CC4,-4.573,29,-0.15768965517241382
O=C1[N-]C(=O)[C@@H](S1)Cc(cc2)cc(c23)ccc(c3)-c(cs4)c(c45)oc(cc5=O)N6CCOCC6,-4.572,34,-0.13447058823529412
COc1cccc(c1)OCC(=O)c2ccc(cc2Cl)C[NH2+]CCc([nH+]3)[nH]c(c34)cccc4OC,-4.572,34,-0.13447058823529412
COc1cccc(c1)CC(=[NH2+])Nn(cn2)c(c23)ncnc3[O-],-4.572,22,-0.20781818181818182
COc(c1)cccc1-c(ncn2CC#C)c2CCc3ccc(cc3)O[C@@](C)(C(=O)[O-])CC,-4.571,32,-0.14284375
C[N+](C)(C)CCOP(=O)([O-])OC[C@H](OC(=O)CCCCC)C[NH2+][C@H]1CC[C@H](O)CC1,-4.571,30,-0.15236666666666665
OCCS(=O)(=O)c1ccc(cc1)[C@@H]2CCCC[C@@H]2[C@H](O)C3CCCCC3,-4.57,26,-0.1757692307692308
C[NH2+]Cc1ccccc1-c2csc(c2)[C@@H](C)c3nn(C)c(=O)cc3OC,-4.57,26,-0.1757692307692308
COc1ccc(nn1)N2CCN(CC2)c3c(CC(C)C)nn(C)c3C,-4.57,25,-0.18280000000000002
O[C@H](C1)CCCN1c2cn(C)c(=O)c(c23)cc(o3)-c4cnc([nH]4)C5CCC5,-4.569,27,-0.16922222222222222
C1C[NH2+]CCN1c(c2)ccc(c23)c(C)nnc3CCOCCOCCOCCOCCO,-4.569,32,-0.14278125
[NH3+]CCCCCCCCCC(=O)CCCOc(cc1)cc(c12)ccn2CC(=O)[O-],-4.568,29,-0.15751724137931034
OC[C@H](N)C(=O)Nc1ccc(cc1)-c([nH]c(=O)n2)c(c23)cccc3,-4.568,24,-0.19033333333333333
Cc1noc(c12)nc(C)nc2C(=O)CCC3c(ccc(c4)O)c4Oc(c35)cc(O)cc5,-4.568,31,-0.14735483870967742
Clc1ccc(cc1O)OCc([nH]n2)c(c23)cccn3,-4.568,19,-0.24042105263157892
CCc(c1)nc(C)c(c12)c(c(c([n-]2)=O)C#N)-c3ccc(cc3)NC(=O)c4ccc(=O)n(C)c4,-4.568,33,-0.13842424242424242
C1CCCCC1([NH3+])CNc2ccc(cc2OC)C[NH2+]CCc([nH+]3)[nH]c(c34)cccc4,-4.568,30,-0.15226666666666666
O=C([O-])Cc1cccc(c1)C(c2ccccc2)c3ccccc3,-4.567,23,-0.19856521739130437
s1ccnc1CC(=O)Nc2ccc(cc2)-c(n3)sc(c34)cccc4,-4.567,24,-0.19029166666666666
O=C([O-])[C@@H](N)CC[S+](C)C[C@H]1O[C@H]([C@H](O)[C@@H]1O)c2ccncc2F,-4.567,24,-0.19029166666666666
COC(=O)[C@H](C(C)(C)C)Nc1ccc(cc1Cl)C[NH2+]CCc2ccc[nH]2,-4.567,26,-0.17565384615384616
COc1cccc(c1)-c2ccc(c(F)c2)NC/C=C(/C)CCC(=O)[O-],-4.565,25,-0.1826
O=C([O-])[C@H](C)Oc1cc(ccc1Cl)Cc2ccc(cc2Cl)C[NH2+]CCCNS(=O)(=O)C,-4.565,31,-0.14725806451612905
O=C1CCCN1n(c(n2)C)c(c23)ccc(c3)OC(F)(F)F,-4.564,21,-0.21733333333333332
OC[C@H](N)C(=O)C(=O)c1ccco1,-4.564,13,-0.35107692307692306
c1cc(C)cc(c12)c(c[nH]2)Cc(c3CC)nc(N)[nH+]c3N4CCN(C)CC4,-4.564,27,-0.16903703703703704
C[NH2+]Cc1cc(nn1C)CCCCCc2cc(C)no2,-4.564,20,-0.22820000000000001
FC(F)(F)CCNS(=O)(=O)c1ccc(cc1)Nc2cccc(Cl)c2Cl,-4.564,25,-0.18256
C1C[NH2+]CCN1c(n2)nc(nc2OC)Nc3cc(S(=O)(=O)C)ccc3-c4c(C)cccc4C,-4.563,33,-0.13827272727272727
COc1cccc(c1)C/C(=N\[H])Nc(cn(C)c2=O)c(c23)O/C(C3)=c4\cnc([nH]4)=C5CCCC5,-4.562,33,-0.13824242424242425
c1ccccc1C(=O)c2ccccc2N[C@H](C(=O)[O-])Cc3ccc(cc3)OCC[N@H+]4CCC[C@@H](O)C4,-4.562,36,-0.12672222222222224
CC(C)[N@H+](CC1)CC[C@@]12CC(=O)c3c(O2)ccc(c3)-c4ccc(cc4)C(=O)n5ccnc5,-4.561,32,-0.14253125
Cc1nnn(C)c1-c(c2)c(F)cc(c23)c4c(cc(cn4)C(C)(C)O)n3-c5n[nH]c(n5)-c6ccccc6,-4.561,36,-0.12669444444444444
c1nccn(c12)c(NC(C)(C)C)c(n2)-c3ccc(cc3)-c4cnc[nH]4,-4.56,25,-0.18239999999999998
C1C[NH2+]CCC1n(nnc2C)c2[C@@H]3CC[N@H+](CC3)CCN(C)C,-4.56,23,-0.19826086956521738
c1ccccc1-c2ccc(cc2Cl)C[NH2+]CCCN[NH2+]Cc3ccccc3,-4.559,27,-0.16885185185185186
CO[C@@H](C)C[C@@H]1O[C@@H]([C@@H](O)[C@H]1O)C[S+](C)CC[C@H]([NH3+])C(=O)[O-],-4.559,22,-0.20722727272727273
CCOC(=O)c(cc1)c2cccc(c2c13)C(=O)N3CC,-4.559,20,-0.22795
Cc1cc(C)cc(c1)Nc2cccc(n2)-c(nnc3C)c(c34)cc(nc4)N5CCOCC5,-4.558,32,-0.1424375
O=C(N1)C(C)(C)Oc(c12)cc(c(c2)OC)N[N@@H+]3CCC[C@H](N)C3,-4.557,23,-0.19813043478260872
Clc1ccccc1-c2[nH+]cc[nH]2,-4.557,12,-0.37975000000000003
c1cc(C)cc(c12)c(c[nH]2)Cn3cc([O-])cn3,-4.557,17,-0.2680588235294118
C[C@@H](O)CNc(cc1C)cc(C)c1S(=O)(=O)NCC(=O)[O-],-4.557,21,-0.21700000000000003
C1OCC1[NH+](CC2)CCN2c(n3)cc(nc3N)NCCC(c4ccccc4)c5ccccc5,-4.557,33,-0.1380909090909091
CC[C@@H](CO)S(=O)(=O)c1c(C)cc(C)cc1C,-4.556,17,-0.268
Cc1noc(C)c1-c2ccc(cc2)Cc(cc3)nn(c34)c(C)c(n4)C,-4.556,25,-0.18224
FC(F)(F)c(n1)nc(n12)nc(C)cc2N3CC[NH+](C(C)C)CC3,-4.556,23,-0.19808695652173913
n1ccccc1C(C)(c2ccccn2)n(cn3)c(c34)nc[nH]c4=O,-4.555,24,-0.18979166666666666
c1cc(C)cc(c12)c(c[nH]2)Cc3cccc(c3)CN4CCC[C@@H](C4)n5cc(C)c(=O)[nH]c5=O,-4.555,33,-0.13803030303030303
OCC[N+](C)(CCO)CCCOc(c(c1)OC)cc(c12)nc(s2)CN[NH2+]CCC3CCCCC3,-4.555,34,-0.13397058823529412
C[C@H]1COCC[N@@H+]1Cc2ccccc2OCCC[C@@H](C)CC(=O)[O-],-4.553,24,-0.18970833333333334
FC(F)(F)c1ncc(c(c12)C[C@@H](F)[C@H]2O)N[C@@H](CCSC)C(=O)Nc3ccncc3,-4.553,30,-0.15176666666666666
CNc1ccnc(n1)-c(cc2)cc(c23)c(ccn3)OC,-4.552,20,-0.22759999999999997
CC(C)(C)c([nH]n1)cc1N(C(=O)CC)[C@H](c2cccnc2)C(=O)n3cc([N+](=O)[O-])nc3C,-4.552,32,-0.14225
C1CC1Nc(c2CC)nc(N)nc2N[C@H](CCC3)c(c34)cnn4-c5ccccc5F,-4.552,30,-0.15173333333333333
CC[C@@H]([C@H](C)O)C(=O)c(cc1)cc(c12)c(C)c(C)n2Cc3ccc(Cl)c(c3)O[C@@H](C)C(=O)[O-],-4.551,33,-0.13790909090909093
c1ccccc1-n(nc2C)c(C)c2/C=N/c3ccc(cc3Cl)C[NH2+]CCc4c[nH]cn4,-4.551,31,-0.14680645161290323
Clc1ccc(cc1)N2CC[NH+](CC2)CCc(n3)[nH]c(c34)cc(Cl)c(Cl)c4,-4.551,26,-0.17503846153846153
CCO[C@H](C(=O)[O-])Cc1ccc(cc1)S(=O)(=O)c(cc2)cc(c23)C[NH2+]CC3,-4.55,27,-0.1685185185185185
CCOC(=O)CCNC(=O)c1ccc(cc1)C#CCNS(=O)(=O)c2ccccc2,-4.55,29,-0.1568965517241379
CC/C=C/C/C=C/C/C=C/C/C=C/C=C/[C@H](O)CCCC(=O)[C@@H]1O[C@@H]([C@@H](O)[C@H]1O)C(=O)NCC,-4.55,34,-0.1338235294117647
CCN1CC[NH+](CC1)Cc2ccc(cc2C(F)(F)F)Nc3ccc(OC)cc3,-4.55,28,-0.1625
CCN(C(=O)C1)c(c12)ccc(c2)Nc3cc(F)c(c(F)c3)-c4cc(CO)ccc4F,-4.549,30,-0.15163333333333334
c1sccc1CN2CCSCC2,-4.548,12,-0.379
COc(cc1)cc(c12)[nH]c(n2)CCn(c3=O)c(=O)n(C)c(c34)ccc(c4)C(=O)C5=C(O)CCCC5=O,-4.547,36,-0.12630555555555556
Oc1c(C)cc(cc1C)[NH2+]CCC2CCCCC2,-4.547,18,-0.2526111111111111
c1cccc(C2=O)c1C(=O)c(c23)n(nn3)-n(nc4C)c(C)c4/C=N/N5CC[NH+](CC5)Cc6ccccc6,-4.546,37,-0.12286486486486488
CC(=O)N[C@H]1CC[N@H+](C1)[C@H]2CCN(C2)S(=O)(=O)C,-4.546,18,-0.2525555555555556
Fc(c1)cccc1OCC(=O)Nc2nc(cs2)-c3cc(Cl)ccc3[O-],-4.545,25,-0.1818
CCCCCCC(=O)OC[C@H](COP(=O)([O-])OCC[NH3+])Oc1cccc(F)c1,-4.545,28,-0.16232142857142856
CSc1ccc(cc1)C(=O)CCc2[nH+]cc[nH]2,-4.545,17,-0.26735294117647057
CCCC(=CC1=O)N=C([N+]1=2)N=C(N2)Cc3ccc(cc3CN)-c(cc4)cc(c45)[nH+]c(N)cc5C,-4.545,34,-0.13367647058823529
CC(C)c1nn(C(CC)CC)c(c12)nc(C)cc2C(=O)[O-],-4.544,21,-0.21638095238095237
CCN1CC[NH+](CC1)Cc2ccc(cc2C(F)(F)F)NC(=O)c3cccc(c3)C(N)=[NH2+],-4.544,31,-0.1465806451612903
O=C([O-])c1ccccc1N/N=C/c2ccc(o2)N3CCN(CC3)c4ccc(Cl)cc4,-4.544,30,-0.15146666666666667
OC[C@@H](O)CCc1cccc(c1)Oc2ccccc2,-4.543,19,-0.23910526315789474
Cc1noc(C)c1-c2ccc(cc2)CNNc(cc3)cc(c34)CN(C)C(=O)N4,-4.543,28,-0.16225
COc1ccc(cc1OC)N(CC(=O)NC(C(C)C)C(C)C)CCc([nH+]2)[nH]c(c23)cccc3OC,-4.543,35,-0.1298
C[NH+](C)CCOc1ccc(Cl)cc1CCSP(=O)([O-])OP(=O)([O-])[O-],-4.543,24,-0.18929166666666666
n1cncn1-c2ccnc(c2)N3CC[NH2+]CC3,-4.542,17,-0.2671764705882353
Cc1ccccc1CC(=O)N2CCC(CC2)c3nc(no3)-c4cccs4,-4.542,26,-0.17469230769230767
CCCCCCCC(=O)O[C@H](CCC[NH3+])COP(=O)([O-])OCC[NH3+],-4.54,24,-0.18916666666666668
CC(C)Cc(nn1C)c(c1C)CCOC(F)(F)F,-4.54,18,-0.25222222222222224
C1CCCCC1([NH3+])CNc2ccc(cc2OC)CNCCc(n3)[nH]c(c34)cccc4,-4.54,30,-0.15133333333333335
Cc1[nH+]n(C)c(C)c1[N-]S(=O)(=O)c2ccc(nc2)NCC[NH2+]Cc3ccc(C(=O)[O-])cc3,-4.54,32,-0.141875
COc(c1)c(OC)cc(c12)c(nc(n2)C)-c(cc3C)n(c34)cc[nH]c4=O,-4.539,26,-0.17457692307692307
C[C@H](N)[C@@H](O)C(=O)c1ccc(F)c(Cl)c1,-4.539,15,-0.3026
O=c([n-]1)onc1[C@@H](C)c(cc(F)c2)c(c23)ccc(c3)C#N,-4.539,21,-0.21614285714285714
Clc1ccccc1S(=O)(=O)c2cn[nH]c2-c3cccc(C(F)(F)F)c3,-4.539,25,-0.18156
C1CC1C(=O)c(c[nH+]2)n(c23)CCC3,-4.538,13,-0.3490769230769231
C1CCCC1(CC(=O)[O-])CC(=O)N2CCN(CC2)c3ccc(cc3)C[C@H]4SC(=O)NC4=O,-4.538,32,-0.1418125
CCCCCC(=O)O[C@H](COn1ccnc1)COP(=O)([O-])OCC[N+](C)(C)C,-4.538,28,-0.1620714285714286
[nH]1c[nH+]cc1-c2ccc(nc2)N3CC[NH2+]CC3,-4.538,17,-0.26694117647058824
n1[nH]ccc1Nc(c(C#N)c2)cc(n23)nc(c3)-c4ccccc4,-4.537,23,-0.19726086956521738
CC(C)CNCC(=O)N1C=CCC1=O,-4.537,14,-0.32407142857142857
COCCOCCOCCOCCCC(=O)Oc(cc1)c(c2c13)ccc4c2c(cc3)ccc4,-4.537,33,-0.1374848484848485
N1CCCC[C@@H]1[N@@H+](C)CCO[C@@H]2CC[C@@H](CC2)C[C@@H](C([O-])=O)[NH2+]Cc3ccccc3,-4.537,30,-0.15123333333333333
NCc1ccc(cc1)-c2ncon2,-4.536,13,-0.3489230769230769
O=C1[N-]C(=O)N(C1(C)C)n(nc2C)c(C)c2/C=N/N3CC[NH+](CC3)Cc4ccccc4,-4.536,31,-0.14632258064516127
NCC[NH2+]Cc1ccccn1,-4.535,11,-0.4122727272727273
Cc1cc([nH]n1)[C@@H](C)[NH2+]CC#Cc2ccc(cc2)S(=O)(=O)NCCC(F)(F)F,-4.535,28,-0.16196428571428573
Oc1ccc(O)c(C2=O)c1C(=O)c(c23)c(N(CC4)CCN4CC[NH+](C)C)ccc3NCC[NH2+]CCO,-4.535,36,-0.12597222222222224
CCc1c(NC)nc(N)[nH+]c1-c2ccc(cc2)NS(=O)(=O)C,-4.535,22,-0.20613636363636365
C[C@H](O)COCC(CO)(COC[C@@H](C)O)CC1CCN(C(N)=[NH2+])CC1,-4.534,25,-0.18136
O[C@@H]1CCCN(C1)c2cc(ccc2Cl)OCc([nH]n3)c(c34)cccn4,-4.534,25,-0.18136
CC[N@H+]1CC[C@@H](CC1)c2ccc(C)c(c2)S(=O)(=O)NC3CCCC3,-4.534,24,-0.18891666666666665
O=C([O-])C[NH2+]NCC1CCC1,-4.534,11,-0.41218181818181815
Cc1cccc(C)c1C(=O)c2c(Cl)cnn2CC(C)C,-4.533,20,-0.22665000000000002
OCc1ccccc1OC[C@H]2CCCO2,-4.533,15,-0.3022
CC(=O)NCCC(=O)c1ccccc1Oc(cc(F)c2)c(c23)ccc(c3)C#N,-4.533,28,-0.16189285714285714
C[C@@]1(O)CCC(=O)[C@@H](OC)[C@]1(O)[C@@]2(C)O[C@@H]2CCc3cc(C)cc(C)c3,-4.532,26,-0.1743076923076923
C1C[NH2+]CCN1c(n2)nc(nc2OC)Nc3cc(S(=O)(=O)C)ccc3CC4CCOCC4,-4.532,32,-0.141625
s1ccnc1C(=O)[C@@H](OCC)Cc2ccc(cc2)OCCc3ccc(cc3)OS(=O)(=O)C,-4.531,32,-0.14159375
CCN(C(=O)C1)c(c12)ccc(c2)O[C@H](CC[C@]3(C)O)c(c34)nnn4Cc5ccc(OC)cc5,-4.531,33,-0.1373030303030303
C1C[NH2+]CCN1c(nc2OC)nc([nH+]2)N3CCC[C@H](O)C3,-4.531,21,-0.21576190476190474
CCCCCCCCC(=O)SCCNO[C@@H](CO)COC(=O)CCCC,-4.531,26,-0.17426923076923076
C[NH+]1CCN(CC1)c(cc2)cc(c23)n(Cc4ccccc4)c([nH+]3)Nc5ccncc5,-4.531,30,-0.15103333333333332
CC(C)[NH+](CC1)CCN1c(ccc2C)cc2S(=O)(=O)NC3CCCC3,-4.531,25,-0.18123999999999998
C1CCCC1(CC(=O)[O-])CC(=O)N2CCN(CC2)c3cccc(c3)OC(F)(F)F,-4.531,29,-0.15624137931034482
CNc1cc(nc(N)[nH+]1)Nc2cc(OC)cc(c2)OC,-4.531,20,-0.22654999999999997
CNc1cc([nH+]c(n1)N)-c2[nH]nc(C#N)c2C,-4.53,17,-0.2664705882352941
Clc1ccc(c(Cl)c1)OCCNCc2ccccc2,-4.529,19,-0.23836842105263156
s1cccc1CNC(=O)CC[NH2+]Cc2ccc(c(Cl)c2)-c3ccccc3,-4.529,26,-0.1741923076923077
COc1ccc(cc1)C[NH2+]C2CCN(CC2)c3cccc[nH+]3,-4.529,22,-0.20586363636363636
C[NH+](C)c1ccc(cc1)C2(CCCC2)CNc3ccc(S(=O)(=O)N)cc3CC[NH3+],-4.529,29,-0.15617241379310345
c1occc1-c(cc2)ccc2C(=O)c3cccc(c3)N4C=CCC4=O,-4.529,25,-0.18116
C[C@H]([NH3+])[C@@H](O)C(=O)c1ccccc1CN(C)C(=O)c2ccc(cc2)-c3ccco3,-4.528,29,-0.15613793103448276
[nH+]1c[nH]cc1-c(o2)cc(c23)c(=O)n(C)cc3-c4cccc(Cl)c4F,-4.527,24,-0.18862500000000001
Fc1ccc(cc1)-c2n[nH]c(n2)-c3ccc(cc3Cl)C[NH2+]CCc4ccc[nH]4,-4.527,28,-0.16167857142857142
Cc1cccc(c1)N2CC[NH+](CC2)CCN(C)C,-4.527,18,-0.2515
C#CCc(c1)c(O)cc(c12)NC(=O)C(O2)(C)C,-4.526,17,-0.26623529411764707
COc1ccc(Br)cc1S(=O)(=O)[N-]c2cccc(c2)-c3c[nH]cn3,-4.523,24,-0.1884583333333333
CC(C)NC(=O)CCNC(=O)c1c(-c2cccc(c2)CC(=O)[O-])noc1-c3ccccc3,-4.522,32,-0.1413125
C1CCC1CNC(=O)c2cccc(c2)S(=O)(=O)N(CC3)Cc(c34)cccc4,-4.521,27,-0.16744444444444445
CCCCCCC/C([O-])=C/C(=O)SCCNc1cccc(c1)Cn2ccc(O)c(C(=O)[O-])c2=O,-4.521,34,-0.13297058823529412
CC(C)(C)OC(=O)c1ccc(OS(=O)=O)cc1,-4.52,17,-0.26588235294117646
Cc1cccc(c1C)Oc2nccc(n2)-n3cc([O-])cn3,-4.52,21,-0.21523809523809523
CCCCCCC(=O)OC[C@H](COP(=O)([O-])OCC[NH3+])O[C@@H]1CC[N@H+](C1)CCN(C)C,-4.52,31,-0.1458064516129032
CC[NH+]1CCN(CC1)c(cc2)nc(c23)ncc(C(=O)[O-])c3Nc4ccccc4C(C)(C)C,-4.519,32,-0.14121875
c1ccccc1C(=O)c2ccccc2N[C@H](C(=O)[O-])Cc3ccc(cc3)CCc4ccccc4,-4.519,34,-0.13291176470588237
CCC[NH2+]N1CCC(CC1)CN(C2)C(=O)C(=C23)[C@@H](c4ccc(C)cc4)c5c(N3)n(CC)c(=O)[nH]c5=O,-4.519,36,-0.1255277777777778
FC(F)(C1)[C@@H](O)c(c12)c(S(=O)(=O)C)ccc2C(=O)C3CC3,-4.518,21,-0.21514285714285714
COc1ccc(cc1)Cn(nn2)c(c23)[C@@](C)(O)CC[C@H]3Oc4ccc(nc4)N5CC[NH2+]CC5,-4.518,33,-0.1369090909090909
C1CC1NC(=O)CCC(=O)C2CC2,-4.518,13,-0.3475384615384615
CN(C)c1ccc(cc1)C2(CCCC2)CNC(=O)CC(=O)C(=O)[O-],-4.517,24,-0.18820833333333334
COc1nc(N(C)C)ncc1-c2ccc(cc2)-c(n3)c(NC(C)(C)C)n(c34)ccnc4,-4.517,31,-0.14570967741935484
C[C@@H](O)CC(=O)C1CC1,-4.517,9,-0.5018888888888889
CC(C)Cc1noc(n1)C2CCN(CC2)C(=O)OC(C)(C)C,-4.516,22,-0.20527272727272727
O=C([O-])C(C)(C)Oc1ccc(cc1)CCc2ccc(cc2)OCC(=O)NCC[NH3+],-4.516,29,-0.15572413793103448
COc1ccc(cc1)-c(n2)n(c(c23)cccc3)CC4CCOCC4,-4.516,24,-0.18816666666666668
CC(C)(C)OC(=O)NCCCNNCc1ccc(cc1C(F)(F)F)NS(=O)(=O)C2CC2,-4.516,31,-0.14567741935483872
Cc1nn(C)c(Cl)c1S(=O)(=O)NCc2ccc(cc2)C(=O)[C@H](O)[C@H](C)N,-4.516,26,-0.1736923076923077
Cc1c(C)c(O)c(C)c(c12)CC[C@](O2)(C)CC[C@@H](C)O,-4.515,20,-0.22574999999999998
CCN(C1=O)c2ccc(c(c2c13)ccc3)S(=O)(=O)C4CC4,-4.515,21,-0.215
[NH3+]CCCC[C@@H]1CCCC[C@@H]1[C@H](O)C2CCCCC2,-4.514,19,-0.23757894736842106
O=C1[N-]C(=O)[C@@H](S1)Cc(c(c23)scc3)ccc2NCCO,-4.513,21,-0.2149047619047619
CS(=O)(=O)Nc1cc(ccc1C)-c2ccc(cc2)NC(=O)[C@@H](N)CO,-4.512,25,-0.18047999999999997
COCCOCCOCCOc(c1)c(OC)cc(c12)CCN(C2)c3ccc(C#N)n3C,-4.512,31,-0.14554838709677417
c1nccc(c12)c(ccc2)S(=O)(=O)NCC[NH2+]CCc3ccc(Cl)cc3,-4.512,26,-0.17353846153846153
o1nccc1-n2ncc(Cl)c2C(=O)Nc(cc3)cc(c34)[nH]c([nH+]4)-c5ccccc5,-4.512,29,-0.1555862068965517
FC(F)(C1)[C@@H](O)c(c12)c(S(=O)(=O)C(F)F)ccc2-c3cccc(Cl)c3Cl,-4.511,26,-0.17350000000000002
Cc1noc(C)c1-c2ccc(cc2)-c(n3)c(n(c34)ccnc4)Cc5cncs5,-4.511,28,-0.16110714285714287
Nc1ccc(cc1)NCCCO,-4.511,12,-0.3759166666666667
CCNC(=O)NCCC(c1ccccc1)c2ccccc2,-4.511,21,-0.2148095238095238
C[NH+](C)C1CCN(CC1)Cc2ccc(O)cc2,-4.51,17,-0.2652941176470588
CCOC(=O)c1ncc(CS(=O)(=O)CC)cc1-c(cc2C)n(c23)cc[nH]c3=O,-4.51,28,-0.16107142857142856
c1ccccc1-c(cn2C)[nH+]c2Cc3[nH+]cc[nH]3,-4.51,18,-0.25055555555555553
CCCc(n1)n(C(=O)[C@@H](N)CO)c(c12)cccc2C,-4.51,19,-0.23736842105263156
CN(C)CC[N@@H+](CC1)CC[C@H]1n(nnc2C)c2-c3cccc(n3)Nc4ccc(F)cc4F,-4.51,32,-0.1409375
CCCCC(=O)OC[C@H](CO)c1ccccc1CC,-4.509,19,-0.23731578947368423
COc(nn1)n(c12)nc(cc2)N3CCC(CC3)c4ccc(cc4)OCCCCC(=O)NC5CC5,-4.509,34,-0.13261764705882353
COc(c1)c(OC)cc(c12)c(nc(n2)C)CCc([nH+]3)[nH]c(c34)cccc4OC,-4.508,28,-0.161
O=C1C=CCN1c2cccc(c2)-c(ccc3S(=O)(=O)C(F)F)c(c34)CC(F)(F)[C@H]4O,-4.508,30,-0.15026666666666666
COCCOCCC1CCCCC1,-4.507,13,-0.3466923076923077
N#Cc1cc(F)cc(c1)-c(n2)n(c(c23)cccc3)CC4CCOCC4,-4.507,25,-0.18028
CSc1ccc(cc1)C(=O)Cc([nH+]c(c23)cccc3)nc2NCc4ccco4,-4.507,28,-0.1609642857142857
O=C([O-])C/[NH+]=C/C(=O)CCC[NH2+]CCC(F)(F)F,-4.506,18,-0.25033333333333335
Cc1cc(N)[nH+]c(c1)CCCCCS(=O)(=O)c2c(C)nn(C)c2Cl,-4.505,24,-0.18770833333333334
Cc1nc(CN(C)C)ccc1-c2c(C)nnn2C3CCN(C(N)=[NH2+])CC3,-4.504,26,-0.17323076923076922
COc1cc(OC)cc(c12)nc([nH]c2=O)-c(nnc3C)c(c34)cc(cc4)N5CC[NH2+]CC5,-4.504,32,-0.14075
CC(=O)N[C@H]1CCN(C1)c2ccc(cc2F)C3=NO[C@@H](C3)CNN[C@H](C)c4cc(C)n[nH]4,-4.504,32,-0.14075
[nH+]1ccccc1NCc2ccc(cc2)[NH+]3CCCCC3,-4.504,20,-0.22519999999999998
Cc1noc(c12)nc(C)nc2N[C@H]3CC[C@H](O)CC3,-4.504,19,-0.23705263157894735
CC(C)(C)S(=O)(=O)[N-]c1cc(ccc1Cl)Nc2nc(CC(=O)[O-])ncc2C(F)(F)F,-4.503,30,-0.1501
COCCOc(cs1)c(c12)oc(cc2=O)N3CCOCC3,-4.503,21,-0.21442857142857144
COC1=C(OC)C(=O)C(=C(C)C1=O)CCc2cnns2,-4.503,20,-0.22515000000000002
c1cc[nH]c1CCN(CC2)CCC23Oc4c(O3)cccc4,-4.503,21,-0.21442857142857144
C=CCc1noc(=O)[n-]1,-4.502,9,-0.5002222222222222
CC(C)(C)[NH2+]Cc([nH]n1)c(c12)cccn2,-4.502,15,-0.3001333333333333
COc1cccc(c1)[C@H](O)CCc(cc2)cc(c23)COc4c(cccc4)C\3=C(/C)c5noc(=O)[n-]5,-4.501,35,-0.12860000000000002
O=C([O-])C[C@H](C)CCCc1cc(CS(=O)(=O)C)cnc1Oc2ccc(F)cc2F,-4.501,29,-0.15520689655172415
Cc1cc(C)cc(c1)Oc2nccc(n2)-c3c[nH+]c([nH]3)C4CCCC4,-4.501,25,-0.18004
C[C@H]1C[NH2+]CCCN1c2cc(nc(N)[nH+]2)-c3cccc(Cl)c3Cl,-4.501,23,-0.19569565217391305
COc1cc(OC)cc(c12)nc([nH]c2=O)NCc3ccc(cc3)-c4scnc4C,-4.5,29,-0.15517241379310345
O=C([O-])COc(c(C)c1)ccc1SC[C@H](OCC)CNc(cc2)cc(c23)[nH]c([nH+]3)-c4ccccc4,-4.5,35,-0.12857142857142856
CCc1ccccc1-c2cc(nc(n2)N)N3CC[NH+](CC3)C4COC4,-4.5,25,-0.18
O=c([nH]1)[nH]c(=O)cc1C(=O)N2CCN(CC2)c(ccc3)c(c34)cccc4,-4.499,26,-0.17303846153846153
COc1nc(N)nc(n1)-c2ccc(cc2Cl)C3=N[C@@H](C)CO3,-4.498,22,-0.20445454545454547
c1cnccc1NC(=O)[C@H](CCSC)NNCCC2CCCCC2,-4.498,24,-0.18741666666666668
C[N+](C)(C)CCOP(=O)([O-])OC[C@H](OC(=O)CCCC)CCCCc1ccccc1,-4.498,30,-0.14993333333333334
CC(C)(C)n(c1[O-])ncc1C(=O)c(c2C)ccc(S(=O)(=O)C)c2OCc3ccccc3,-4.498,31,-0.14509677419354838
C[NH+](C)CCCN(C)[C@H]1CCN(C1)c2cccc(Cl)c2Cl,-4.498,21,-0.2141904761904762
CC(=O)N1CCC(CC1)CNc2cc(nc(N)[nH+]2)-c3cccc(Cl)c3Cl,-4.498,26,-0.17300000000000001
COc(cc1)cc(c12)[nH+]c([nH]2)CCC(=O)c3c(cnn3C)C(=O)N4CCOCC4,-4.497,29,-0.15506896551724136
COC1=C(OC)C(=O)C(=C(C)C1=O)CC[NH+]2CCCC2,-4.497,20,-0.22485
N#Cc1c(=O)[n-]c(cc1[S@](=O)C)N2CCC(=O)CC2,-4.497,19,-0.23668421052631577
NC(=O)CCC(=O)[O-],-4.497,8,-0.562125
c1nccc(c12)c(ccc2)S(=O)(=O)NCCc3ccc(cc3Cl)C[NH2+]CCc4c[nH]cn4,-4.497,32,-0.14053125
CCn1c(=O)[n-]c(=O)c(c12)[C@H](c3ccc(C)cc3)C4=C(N2)CN(C4=O)COCCO,-4.496,30,-0.14986666666666668
CCOC(=O)Cc1nc(cs1)-c2ccc(cc2)C(=O)CC#C[Si](C)(C)C,-4.496,26,-0.17292307692307693
c1cc(Br)ccc1[C@@H](C)NC(=O)Cc(cnc2)c(c23)c([O-])ccc3,-4.496,24,-0.18733333333333335
C[NH2+]Cc1ccccc1-c2ccc(cc2)C(=O)NCc3ccccc3,-4.495,25,-0.17980000000000002
CCCCCCCC(=O)CC(=O)SCCNc(nc(n1)C)c(c12)cccc2,-4.495,27,-0.16648148148148148
CCCCCCCC(=O)CC(=O)SCCNC(=O)CCNS(=O)(=O)C1CCCCC1,-4.494,30,-0.1498
O[C@@H]1CCC[N@@H+](C1)NCCCCc2ccccc2,-4.494,18,-0.24966666666666665
C1CC1[C@@H](C)c2cc(nc[nH+]2)N(C)CCOc3ccc(cc3)C[C@@H]4SC(=O)[N-]C4=O,-4.494,30,-0.1498
O=C([O-])CCCc(c1)n(-c2ccno2)c(c13)ccc(Cl)c3,-4.494,21,-0.214
CCS(=O)(=O)N1CCN(CC1)c2ccc(nn2)OC,-4.493,19,-0.23647368421052634
C[NH+]1CCN(CC1)CCCC2CCOCC2,-4.493,16,-0.2808125
CC(=O)NC[C@H]1CN(C(=O)O1)Nc2cccc(c2)N3C=CCC3=O,-4.493,24,-0.18720833333333334
Cc1nn(C)c(Cl)c1S(=O)(=O)c2ccc(cc2)OCc3nn(C)cc3-c4ccc(=O)n(C)c4,-4.491,33,-0.13609090909090907
O=C([O-])CCSc(n1)n(c(c12)cccc2)CC[NH+]3CCCCC3,-4.491,23,-0.19526086956521738
CCCCCC[C@@H](C)Nc(c(c12)c(=O)[nH]nc2)c[nH+]c1NCc(c(F)cc3)c(c34)CCO4,-4.491,32,-0.14034375
O=C[C@@H]1CCCN1NC2CCN(CC2)c3cccc[nH+]3,-4.491,20,-0.22454999999999997
C1CN(C)CCN1c2nc(N)nc(c2CC)C(=O)CCCCCCCCC[NH3+],-4.49,28,-0.16035714285714286
C[Si](C)(C)C#CCNc1ccc([NH3+])cc1,-4.49,15,-0.29933333333333334
CN(C)CC[N@@H+]1CC[C@H](C1)n2cnc(-c3ccc(C(F)(F)F)cc3)c2-n(cc4)c(=O)n(c45)ccn5,-4.49,35,-0.12828571428571428
CCn1c(=O)[n-]c(=O)c(c12)[C@H](c3ccc(C)cc3)C4=C(N2)CN(C4=O)N5CC[NH2+]CC5,-4.49,31,-0.14483870967741935
Cn1cc(Cl)cc(c1=O)-n(c2=O)c3sc(c4c3c(n25)ncn5)C[N@H+](CC4)CC6CCOCC6,-4.49,33,-0.13606060606060608
Cc1ccc(cc1)[C@H](C)S(=O)(=O)c2ccc(cc2)C#CCNS(=O)(=O)c3ccccc3,-4.49,31,-0.14483870967741935
CC(=O)NCCC(=O)c1ccc(cc1Cl)C[NH2+]CCc(n2)[nH]c(c23)ccc(c3)C,-4.489,29,-0.15479310344827585
C[C@H]1COCCN1Cc2ccccc2OCCC[C@@H](C)CC(=O)[O-],-4.489,24,-0.18704166666666666
O=c1n(C)c2cc(cccn3)c3n(c(c2c14)ccc4)-c5ccncc5F,-4.489,26,-0.17265384615384616
O=C([O-])C/[NH+]=C/C(=O)CCC[NH2+]CC(=CC1=O)N=C([N+]1=2)C=C(N2)C3CCOCC3,-4.488,29,-0.15475862068965518
CS(=O)(=O)Nc1ccc(cc1)-c2ccc(cc2)C[C@@H]3SC(=O)[N-]C3=O,-4.488,25,-0.17952
c1ccccc1-c(oc2C)nc2CCOc3ccc(cc3)C[C@@H](C(=O)[O-])S(=O)(=O)c4ccccc4,-4.487,35,-0.1282
c1cc(C)cc(c12)[nH]c(n2)CC[NH2+]CCCNC(=O)c3ccc(F)cc3,-4.486,26,-0.17253846153846153
CC(=O)N1[C@@H](C)C[C@@H](NC(=O)OC(C)C)c(c12)cc(cc2)[C@H](C)[C@H]3CNC(=O)C3,-4.486,29,-0.1546896551724138
COc(c1)c(OC)cc(c12)C[N@@H+](CC2)CCc3ccc(cc3)NCCC(=O)NC4CC4,-4.486,31,-0.14470967741935484
C1COCCN1c(c2)cc(C)c(c23)[nH]c(n3)[C@H]4CCCC[NH2+]4,-4.485,22,-0.20386363636363639
CC/C=C/CCc1ccoc1,-4.485,11,-0.40772727272727277
c1cc(C)cc(c12)nc([nH]2)CCc3cc(nc(n3)N)N4CC[NH+](CC4)C5COC5,-4.485,29,-0.15465517241379312
C1CCCC1N([C@H](C)C(=O)N2C)c(c23)cc(cc3)C(=O)C(=O)[C@H](O)CO,-4.484,26,-0.17246153846153847
C=CCOCc1ccc(cc1Cl)-c2ncon2,-4.483,17,-0.2637058823529412
CC/C=C/CCn(c(n1)C)c(c12)ccc(c2)OC(F)(F)F,-4.482,21,-0.21342857142857144
FC(F)(F)C(O)(C(F)(F)F)C(=O)NCc1ccc(F)cc1,-4.482,21,-0.21342857142857144
O=Cc1ccccc1/C=N/Nc2nc(cs2)[C@@H]3O[C@H](CO)[C@@H](O)[C@H]3O,-4.482,25,-0.17928
c1cc(F)cc(c12)c(N[C@H](C)C(=O)[O-])c(C#N)c([nH+]2)N[C@H](C)c3ccc(Br)cc3,-4.482,29,-0.15455172413793103
O=C([O-])CCc(n1)nc(cc1C)-c(cnc2C(F)(F)F)c(c23)C[C@@H](F)[C@H]3O,-4.481,27,-0.16596296296296295
FC(F)(F)c(n1)nc(n12)nc(C)cc2N3CCN(C(C)C)CC3,-4.481,23,-0.19482608695652173
Nc(n1)cc(C)c(c12)ccc(c2)-c3ccc(c(c3)C[NH3+])CCCCCC(=O)[O-],-4.48,28,-0.16
N#Cc(c(N)[nH]1)c(c12)cc(cc2)-c3n[nH]c(n3)-c4ccccc4,-4.48,23,-0.1947826086956522
N1CCCC[C@@H]1[N@H+](C)CCc2noc(n2)C3CCN(CC3)C(=O)Cc4ccccc4,-4.48,30,-0.14933333333333335
c1ccccc1[C@H](N(C)C2=O)c(c23)cc(cc3)CC(C)(C)C,-4.48,22,-0.20363636363636364
O=C1NC(=O)CC[C@@H]1c(n2)n([C@@H](C)COC)c(c23)cc(nc3)N4CCOC[C@@H]4C,-4.479,29,-0.15444827586206897
Cc1noc(C)c1-c2ccc(cc2)Cn(nn3)c(c34)[C@@](C)(O)CC[C@H]4OC(=O)NC(C)C,-4.478,32,-0.1399375
COC(=O)c1ccccc1S(=O)(=O)Nc(cc2)cc(c23)OC(C)(C)C(=O)N3,-4.477,27,-0.16581481481481483
c1ccccc1C[C@@H](NC(=O)[C@H](O)[C@H](C)N)CCC(=O)CCC(=O)[O-],-4.477,25,-0.17908000000000002
O=c([n-]1)[nH]c(=O)cc1C(=O)N2CCN(CC2)C[C@@H]3CC[N@H+](CC3)Cc4ccc([N+](=O)[O-])cc4,-4.477,33,-0.13566666666666669
C#CCC(=O)CCC1CCN(CC1)c2ccc(C#N)cc2,-4.477,21,-0.2131904761904762
OCCOc1ccccc1N2CCN(CC2)N3CCN(CC3)c4ccc(Cl)c(Cl)c4,-4.477,30,-0.14923333333333336
Cc1nc(cs1)-c2ccc(cc2)S(=O)(=O)CC(C)C,-4.476,19,-0.23557894736842105
COC(=O)CCCCn(c1=O)c2sc(c3c2c(n14)ncn4)CN(CC3)CC5CCOCC5,-4.476,32,-0.139875
C1CCCC1(CC(=O)[O-])CC(=O)c(c(n2)C)n(c23)ccnc3N4CCOCC4,-4.476,28,-0.15985714285714286
CN1C(=O)[C@@H](C)N(C2CC2)c(c13)cc(cc3)CCOCCOCCOCCOCCO,-4.476,31,-0.14438709677419354
CC(C)Cc1nc(cs1)-c2ccc(cc2)C(=O)S(=O)(=O)c3ccc(cc3)[C@H]4CC(=O)N(C)C4,-4.475,33,-0.1356060606060606
CCC[NH2+]CC[C@H](NC(=O)[C@H](O)[C@H](C)N)Cc1ccccc1,-4.474,22,-0.20336363636363639
COc1cc(OC)c(cc1C)NCCOc2ccc(cc2)C[C@@H]3SC(=O)NC3=O,-4.474,29,-0.1542758620689655
CN1CC[NH+](CC1)c2ccc(cc2)NCC[NH+]3CCOCC3,-4.474,22,-0.20336363636363639
Cc1cc(C)cc(c1)S(=O)(=O)c2c(Cl)cc(cc2Cl)-c3ccnc(c3)N4CC[NH2+]CC4,-4.474,31,-0.1443225806451613
c1ccccc1[C@H](C)c(c2)nc(cc2C(=O)NCC)-c3[nH]ncc3-c4ccncc4,-4.474,30,-0.14913333333333334
Cc1noc(C)c1-c(cc2)cc(c23)[nH+]cc(C(=O)[O-])c3NCc4ccccc4,-4.474,28,-0.15978571428571428
C1CCCC1N(n(cc2C)c(=O)[nH]c2=O)Cc3ccccc3OCCCCCC(=O)[O-],-4.473,31,-0.14429032258064517
Cc1ccnc(c1)CCCCCc2ccc(cc2)S(=O)(=O)NCCC(C)C,-4.473,27,-0.16566666666666666
C1CCCC1(CC(=O)[O-])CC(=O)N2CCN(CC2)Nc3ccc(O)cc3,-4.473,26,-0.17203846153846153
OCCOCc1cn[nH]c1,-4.472,10,-0.44720000000000004
C1CC1N2C(C)(C)C(=O)N(C)c(c23)ccc(c3)NN[C@H]4[C@@H]([C@@H]45)COC5,-4.471,25,-0.17884
CCC[NH2+]NCC1([NH3+])CCCCC1,-4.471,13,-0.34392307692307694
Cc1nn(C)c(C)c1Cc(cc[nH+]2)c(c23)cccc3,-4.471,19,-0.23531578947368423
C[NH+]1CCN(CC1)c(cc2)cc(c23)n(Cc4ccccc4)c(n3)[C@H]5CC[N@@H+](C5)CCN,-4.471,31,-0.1442258064516129
CC(C)(O)CC(=O)O[C@H](CC)c1cc(no1)-c2ccc(cc2)OC(C)(C)C(=O)[O-],-4.47,29,-0.15413793103448276
O=c([nH]1)[nH]c(=O)cc1C(=O)c2nccc(n2)-c3c(-c4ccc(F)cc4)ncn3C5CC[NH2+]CC5,-4.47,34,-0.13147058823529412
COCCOc(cs1)c(c12)oc(cc2O)=[N+]3CCOCC3,-4.47,21,-0.21285714285714286
O=[N+]([O-])c1cc(C(F)(F)F)ccc1[C@H]2C[C@H](O)[C@H](O2)COP(=O)[O-],-4.469,24,-0.18620833333333334
NC(=O)[C@@H](C)Nc1cc(nn(c12)c(C)nn2)-c3ccccc3-c4ccc(nc4)N5CC[NH2+]CC5,-4.469,34,-0.13144117647058826
C[C@@H]1CC[N@H+](CC1)C[C@@H]2CC[N@H+](CC2)Cc3ccc([N+](=O)[O-])cc3,-4.469,24,-0.18620833333333334
C[C@H](O)C[C@@H](CC)c1cccc([nH+]1)C2CC2,-4.469,16,-0.2793125
Cc([nH+]1)c(C)n(c12)c(C)c(cc2)CCc3[nH+]c(cn3C)-c(n4)[nH]c(c45)cc(cc5C)N6CCOCC6,-4.468,36,-0.12411111111111112
COc1ncc(c(n1)OC)CC#C[Si](C)(C)C,-4.468,17,-0.2628235294117647
C[NH+](C)CCC[N@H+](C)[C@H]1CCN(C1)Nc2ccccc2,-4.468,20,-0.2234
[nH]1nccc1-c2ccc(cc2Cl)CNCCc3c[nH+]c[nH]3,-4.468,21,-0.21276190476190476
c1cccc(c12)c(ccc2)[C@@H](C)S(=O)(=O)c3c(F)cccc3F,-4.468,23,-0.1942608695652174
Brc1ccc(cc1)/C=C/CN[C@@H](Cn2ccnc2)c3ccccc3,-4.467,24,-0.18612499999999998
C[C@@H]1C(=O)N(C)CCN1c(oc2C)[nH+]c2CC[C@H](O)c3ccc(cc3)C[C@@H]4SC(=O)[N-]C4=O,-4.467,33,-0.13536363636363635
C1C[N@H+](C)CC[C@H]1Nc(c2)c(ccc2[N-]S(=O)(=O)CC)Oc3ccc(F)cc3F,-4.467,29,-0.15403448275862067
CN1CC[NH+](CC1)C2CCN(CC2)c3ccc(F)cc3,-4.467,20,-0.22335
C=CC1=C(C)/C(NC1=O)=C/c2[nH]c(c(c2C)CCC(=O)[O-])C[NH2+][C@H]3CC[C@H](O)CC3,-4.465,30,-0.14883333333333332
c1ccccc1Cn(c([nH+]2)-c(cc3)ccc3C)c(c24)cc(cc4)N5CC[NH+](C)CC5,-4.465,30,-0.14883333333333332
O=P([O-])([O-])OP(=O)([O-])SCCCCc([nH]1)nc(c12)ccc(Cl)c2,-4.464,23,-0.19408695652173916
CC(=O)N[C@H]1CC[N@H+](C1)CCn(c(n2)SCCC(=O)[O-])c(c23)cccc3,-4.464,26,-0.1716923076923077
O=C([O-])CCc(n1)nc(cc1C)S(=O)(=O)c(cc2)cc(c23)CN(C)C(=O)N3C,-4.464,28,-0.15942857142857145
COCCOCCOCCCCOc1ccc(cc1)C[C@@H]2SC(=O)NC2=O,-4.463,27,-0.1652962962962963
CC(C)(C)S(=O)(=O)Nc1cc(ccc1Cl)-c2ncccn2,-4.463,21,-0.21252380952380953
O=c1[nH]cc(Cl)cc1-c2nccc(n2)-c3c(-c4ccc(F)cc4)ncn3C5CC[NH2+]CC5,-4.461,32,-0.13940625
C[N@H+]1CC[C@@H]([C@H](O)C1)c(c([O-])cc2O)c(c23)oc(cc3=O)CCC(=O)N,-4.461,26,-0.1715769230769231
Brc1ccc(cc1)/C=C/C[NH2+]CC[NH2+]Cc2cccs2,-4.461,20,-0.22305000000000003
O=[N+]([O-])c1ccccc1C(=O)c(c(n2)-c3ccc(F)cc3)c(n24)ccnc4N5CCC(O)CC5,-4.46,34,-0.13117647058823528
Cc1cc[nH+]c(c1)CCCCCCCSP(=O)([O-])OP(=O)([O-])[O-],-4.459,23,-0.1938695652173913
CC(C)(C)[NH2+]c1ccccc1OCCn2ccc(=O)[nH]c2=O,-4.459,22,-0.20268181818181816
Cc1cccc(C)c1[NH+]2CCCCC2,-4.459,14,-0.31849999999999995
CNc1cc(nc(n1)N)N2CCN(CC2)c3ccc(OC)c(c3)OC,-4.459,25,-0.17836
CNc1cc(nc(N)[nH+]1)N2CCN(CC2)c3cc[nH+]c(n3)Nc4cc(C)cc(C)c4,-4.459,30,-0.1486333333333333
CC(C)(C)OC(=O)NCCCNc(cc1)cc(c12)OCCO2,-4.459,22,-0.20268181818181816
Cc1noc(C)c1-c2ccc(c(F)c2)NC(=O)c3ccsc3C(=O)[O-],-4.458,25,-0.17832
CCCCCCOc1cccc(c1)Cn2ccc([O-])c(c2=O)C(=O)n3cc([N+](=O)[O-])nc3C,-4.458,33,-0.1350909090909091
Nc(n1)nn(c12)c(ccc2)N3CCC(CC3)c4nc(no4)-c5cccs5,-4.457,26,-0.17142307692307693
CNCc1cccc(c1)Cc2cnns2,-4.456,15,-0.2970666666666667
C[NH2+]Cc1ccccc1-c2csc(c2)[C@@H](C)c(n3)c(C)c(C(=O)[O-])c(c34)ccnc4,-4.456,30,-0.14853333333333335
CCCCCCCN(N[C@H](C)c1ncn[nH]1)CCc2ccc(cc2)O[C@](C)(C(=O)[O-])CC,-4.456,32,-0.13925
C/C=C/CCCCCCCC(=O)O[C@H](COP(=O)([O-])[O-])COCOCCO,-4.455,27,-0.165
c1ccccc1CC(=O)C(=O)c2cccc(c2)S(=O)(=O)N(CC3)Cc(c34)cccc4,-4.455,30,-0.1485
N#CCS(=O)(=O)c1c(Cl)cc(cc1Cl)-c2ccnc(c2)N3CC[NH2+]CC3,-4.454,26,-0.1713076923076923
CO[C@@H](C)Cc(c[nH]1)c(c12)ccc(c2)C(F)(F)F,-4.454,18,-0.24744444444444444
c1cc(O)ccc1Nc(c2)c(ncc2CS(=O)(=O)CC)Oc3ccc(F)cc3F,-4.454,29,-0.15358620689655172
C1CC1C(=O)Cc2ccco2,-4.453,11,-0.40481818181818185
c1ncc(C)c(c12)c(ccc2)S(=O)(=O)N3CCC[C@@H]3CO,-4.452,21,-0.212
C1C[NH2+]CCC1n(nnc2C)c2-c3nc(cs3)-c4ccccc4,-4.452,23,-0.19356521739130433
N#Cc(c1)cc(Cl)cc1Oc2c(=O)n(ccc2C)N(CC3)CCC34Oc5c(O4)cccc5,-4.451,32,-0.13909375
c1ccccc1C[C@@H](C(=O)[O-])Cc(ccc2OCCC)cc2C[NH2+]Cc3cc([O-])cc(O)c3,-4.451,33,-0.13487878787878788
COc(nn1)ccc1-c(c2CC)[nH+]c(N)nc2N3CC[NH+](C)CC3,-4.451,24,-0.1854583333333333
COC(=O)[C@H](C(C)(C)C)NN1CCN(CC1)c2ccc(Cl)c(Cl)c2,-4.45,24,-0.18541666666666667
CO[C@@H](C)Cn1cc(cn1)-c(c(n2)C)n(c23)ccnc3[C@H]4CC[N@H+](C4)CC[NH3+],-4.45,28,-0.15892857142857145
CCO[C@](C)(C(=O)[O-])CC,-4.449,10,-0.44489999999999996
O=c([n-]1)[nH]c(=O)cc1C(=O)c2cccc(c2F)-c(ccn3)c(c34)[nH]cn4,-4.449,26,-0.1711153846153846
COc1cccc(c1)C/C(=N/[H])NC(=O)c2ccc(cc2)-c3ccccc3F,-4.449,27,-0.16477777777777777
c1ccccc1[C@H](N(C)C2=O)c(c23)cc(cc3)Nc4cncs4,-4.448,23,-0.19339130434782612
CCCCCCOc1cccc(c1)Cn2ccc(O)c(c2=O)C(=O)[C@H](C)c3noc(=O)[nH]3,-4.448,32,-0.139
C[NH2+]Cc1ccc(cc1)-c(cc2)cc(c23)[C@H](NC(=O)OC(C)C)C[C@H](C)N3c4ccnc(n4)N,-4.448,34,-0.13082352941176473
CCOC(=O)Cc1nc(cs1)-c2ccc(cc2)C(=O)c(cnc3C(F)(F)F)c(c34)CC[C@H]4O,-4.448,33,-0.1347878787878788
CCCCCCCCC(=O)C(=O)c1cnccc1C(F)(F)F,-4.448,22,-0.2021818181818182
C[NH+](C)CCN1CC[C@H](C1)n(c2=O)c3sc(CCCC4)c4c3c(n25)ncn5,-4.446,27,-0.16466666666666666
O=c1n(C)ncc(c1C)NCc2ccccc2[NH2+]C(C)(C)C,-4.446,22,-0.20209090909090907
C1CC1Nc(c2CC)nc(N)nc2-c(c3)nc(NC)c(n34)nnc4C,-4.446,25,-0.17784
COCCOCCOCCOc(c1)c(OC)cc(c12)CCN(C2)c3ccc(C#N)c(Cl)c3,-4.445,32,-0.13890625
c1ccccc1-n(nc2C)c(C)c2/C=N/N3CCN(CC3)NC4CCCC4,-4.445,27,-0.16462962962962965
CCCCCCCCCCCCO[C@H]1O[C@H](CO)[C@H]([C@H](O)[C@H]1O)CCCO,-4.445,27,-0.16462962962962965
c1c(F)c(F)cc(c12)CC(C2)(CC(=O)[O-])C(=O)c(cc3)cc(c34)ccc(c4)C[C@@H]5SC(=O)[N-]C5=O,-4.445,35,-0.127
Cc1[nH+]n(C)c(C)c1[N-]S(=O)(=O)c2ccc(nc2)NCCc3ccn(n3)C,-4.442,27,-0.16451851851851854
OCCOc1c(C)cc(cc1C)-c(cc(Cl)c2)c(c23)O[C@H](C3)C(=O)N4CC[NH2+]CC4,-4.442,30,-0.14806666666666668
FC(F)(F)CS(=O)(=O)c(c(c1)C(=O)N)cc(c12)c(ccn2)O[C@@H]3CCC[NH2+]C3,-4.441,28,-0.15860714285714286
C[NH2+]Cc1cccc(c1)CS(=O)(=O)c2cccc(c2)C(=O)NC,-4.441,23,-0.19308695652173913
CS(=O)(=O)NCC#Cc1ccc(cc1)S(=O)(=O)c2cc[nH]n2,-4.441,22,-0.20186363636363636
CCC(CC)Nc1cc(C)[nH+]c(c1C)C(=O)[C@@H](N)CC(C)C,-4.441,22,-0.20186363636363636
C1CCCCC1c([nH]2)nc(c23)n(c(=O)n(c3=O)CCC)CCC[NH2+]Nc4ccc(OC)cc4C,-4.441,34,-0.13061764705882353
O=c([n-]1)[nH]c(=O)cc1C(=O)N(C[C@H]2C(=O)CC[NH3+])CCN2c3ccc(Cl)c(Cl)c3,-4.44,29,-0.1531034482758621
CCCCCCCCCCCCCCC[C@@H](O)[C@H](CO)NC=O,-4.44,23,-0.1930434782608696
n1ccccc1N(C)CCCCn(c(n2)SCCC(=O)[O-])c(c23)cccc3,-4.439,27,-0.16440740740740742
CCCn(c1=O)c(=O)n(CCC)c(c12)nc([nH]2)-c3ccc(cc3)OCC(=O)[C@H]4C[C@@H](C#N)C4,-4.439,33,-0.1345151515151515
C1CCC1=C(N2)N=C[C@H]2n(c(n3)C(=O)OCC)c(=O)c(c34)c(C)c(cc4)C([O-])=C5C(=O)CCCC5=O,-4.438,36,-0.12327777777777776
CCCCCCCC(=O)c1cc(C(=O)C)ccc1OCC,-4.438,21,-0.21133333333333332
NC(=O)CN1CCN(CC1)C(=O)c2cc(=O)[nH]c(=O)[n-]2,-4.437,20,-0.22185000000000002
C1CCCCC1c2[nH+]nc(C)c(c23)ccc(c3)N4CC[NH2+]CC4,-4.437,23,-0.19291304347826088
O=C([O-])c1ccccc1NC(=O)C2CC2,-4.436,15,-0.29573333333333335
C1COCC[N+]1=c(o2)cc(O)c(c23)scc3C[C@H]4CC[C@H](C(=O)[O-])CC4,-4.436,26,-0.1706153846153846
CC[C@](C)(C(=O)[O-])c1ccccc1OCCn2ccc(=O)[nH]c2=O,-4.435,24,-0.18479166666666666
Cc1cc(F)ccc1S(=O)(=O)N2CCN(CC2)Cc3ccccc3,-4.435,24,-0.18479166666666666
c1[nH+]ccn1C[C@@H](NC(C)C)c2ccc(Cl)cc2Cl,-4.435,19,-0.23342105263157892
CN1CCN(CC1)c(c2)[nH]c3c(ccc(c3c24)n(C)c4O)Nc5ccc(C(C)(C)C)cc5,-4.435,32,-0.13859375
N1CCCC[C@@H]1[N@H+](C)CCO[C@@H]2CC[C@@H](CC2)C[C@@H](C([O-])=O)c3cccc(C(=O)[O-])c3,-4.435,31,-0.14306451612903223
CCNC(=O)[C@H]1O[C@H]([C@H](O)[C@@H]1O)c2ccc(cc2)C[NH2+]C,-4.435,21,-0.21119047619047618
N#Cc1c(=O)[n-]c(cc1[S@](=O)C)-c2ccccc2F,-4.434,19,-0.23336842105263159
O=[N+]([O-])c1cc(C(F)(F)F)ccc1S(=O)(=O)c2cccc(Br)c2,-4.434,23,-0.19278260869565217
Cc1nc([N+](=O)[O-])cn1[C@@H]2CC[N@H+](C2)CC[NH+](C)C,-4.434,19,-0.23336842105263159
c1ccccc1C([NH2+]CC(=O)[O-])c2ccccc2,-4.434,18,-0.24633333333333335
C1OCC[C@@H]1Oc(c(c2)OC)cc(c23)c(nc(n3)C)CC[N@@H+]4CCN(C)C(=O)[C@H]4C,-4.433,30,-0.14776666666666666
CCN(C(=O)C1)c(c12)ccc(c2)NCCCOc(cc3)cc(c34)ccn4CC(=O)[O-],-4.433,30,-0.14776666666666666
COc1ccc(cc1Cl)CCc(n2)n(c(c23)ccc(c3)-c4cc[nH]n4)C[C@H](C)[NH+]5CCOCC5,-4.433,34,-0.13038235294117648
n1ccccc1N(CC2)CCC2NC(=O)NCCNCc3ccc(O)cc3,-4.433,27,-0.16418518518518518
CN1C(=O)[C@@H](C)N(C2CC2)c(c13)cc(cc3)-c4cc([nH+]c(n4)N)N5CCN(CC5)C6COC6,-4.432,33,-0.1343030303030303
Cc1ccc(Cl)cc1-c2cc(c[nH+]c2N)-c3cnn(C)c3,-4.432,21,-0.21104761904761907
COCCCNc1ccc(CN)cc1Cl,-4.432,15,-0.2954666666666667
Cc1[nH+]n(C)c(C)c1N[C@H]2CCOC2,-4.432,14,-0.3165714285714286
O=C([O-])[C@H](C)[N@H+]1CC[C@@H](CC1)C(=O)NC2CCCCCC2,-4.431,21,-0.211
COc1cc(OC)c(cc1C)[C@H]2CC[N@@H+](C2)CC[NH3+],-4.431,19,-0.23321052631578948
Cc1cccc(c1)[NH2+]CC[C@H](CC2)c(c23)c4c(cc3)OCC4,-4.43,22,-0.20136363636363636
Cc1nn(C)c(C)c1[N-]S(=O)(=O)c2ccc(nc2)NCCc3ccc(Cl)c(Cl)c3,-4.43,29,-0.15275862068965515
CC(=O)N1CCC[C@H](C1)CN([C@]23c4c(NC3=O)cc(Cl)cc4)C[C@@H]([NH3+])[C@@H]2c5cccc(Cl)c5,-4.429,33,-0.13421212121212123
Cc1ccc(C)c(c1)C[NH2+]c2ccc(cc2)N3CC[NH+](C)CC3,-4.429,23,-0.19256521739130436
C[NH+]1CCN(CC1)c2ccc(cc2)Nc3ncc(Cl)c(n3)C(=O)c4cccc(Cl)c4,-4.428,30,-0.1476
CC1=NCS[C@@H]1c2ccc(cc2)CNC(=O)[C@@H]3C[C@@H](O)CN3N4CCN(C)C(=O)[C@H]4C,-4.428,31,-0.14283870967741935
FC(F)(C1)[C@@H](O)c(c12)c(S(=O)(=O)C(F)F)ccc2[C@H](c3ccccc3)C4CCOCC4,-4.428,31,-0.14283870967741935
CCCCCCCC(=O)O[C@H](Cc1cccs1)COP(=O)([O-])OCC[NH3+],-4.426,26,-0.17023076923076924
O=C([O-])Cc1cccc(c1)-c2noc(-c3ccccc3)c2C(=O)NCCn4ccnc4,-4.426,31,-0.1427741935483871
CC(C)(C)S(=O)(=O)C[C@H](CC)c1ccccc1OC,-4.426,19,-0.23294736842105265
CC/C=C/CC[C@@H]1O[C@@H]([C@@H](O)[C@H]1O)C[S+](C)CC[C@H]([NH3+])C(=O)[O-],-4.426,23,-0.19243478260869565
C1CCCCC1C(=O)N[C@H](CCC2)c(c23)cnn3-c4ccccc4F,-4.424,25,-0.17696
o1nc(C)c(c12)cc(c(c2)NC)C(=O)Cc(cnc3)c(c34)c(O)ccc4,-4.424,26,-0.17015384615384616
CC[C@H](C)[C@H](N)C(=O)C(=O)O[C@H](CC[C@]1(C)O)c(c12)nnn2Cc3ccc(OC)cc3,-4.424,31,-0.14270967741935486
n1c[nH]cc1CCC(=O)c(cc2)cc(c23)c(C)c(C)n3Cc4ccc(Cl)c(c4)O[C@@H](C)C(=O)[O-],-4.424,34,-0.13011764705882353
O=C([O-])C(C)(C)[NH2+][O-],-4.423,8,-0.552875
O=c1[nH]c(=O)n(cc1C)[C@H]2CCC[N@H+](C2)Cc3cccc(c3)NCc4ccc(cc4)N5CCCCC5,-4.423,36,-0.12286111111111112
c1ccccc1C(=O)CC(\C)=[NH+]/[C@H](C(=O)[O-])Cc2ccc(cc2)-c3cccc(F)c3,-4.422,30,-0.1474
CC(C)CC(=O)c1csc(n1)N2CC[N+](CC2)=C(N3)CSc(c34)cccc4,-4.421,27,-0.16374074074074074
c1cccc(c12)nc(C)nc2-c3nc(c(o3)C)CC[C@H](O)c4ccc(cc4)C[C@@H]5SC(=O)[N-]C5=O,-4.421,35,-0.1263142857142857
C/C=C/CN(C[C@@H]1C)c(c2n(c13)c(nn3)C)cc(cc2)-c4ccc(N)nc4,-4.42,27,-0.1637037037037037
O=c1ccc(cn1C)-c2ccc(cc2)-c3ccccc3,-4.42,20,-0.221
O=CS(=O)(=O)c(c(C)c1)cc(c12)n(C)c(=O)n2C,-4.419,18,-0.24549999999999997
O=C(N1)C(C)(C)Oc(c12)cc(c(c2)OC)Nc3ccc(C#N)c(C)c3,-4.419,25,-0.17675999999999997
Cc1cccc(c12)n(c([nH+]2)CCC)Cc3ccc(cc3Cl)C(=O)OC,-4.419,25,-0.17675999999999997
C1CC1Oc2ccc(cc2OC)C(=O)NNc3ccc(S(=O)(=O)C(F)F)cc3[N+](=O)[O-],-4.416,31,-0.1424516129032258
C1CC1Nc(c2CC)[nH+]c(N)nc2C(CC)CC,-4.416,18,-0.24533333333333335
O=C([O-])c1cc(C)nc(c12)n(nc2C(C)C)-c3scnc3C,-4.416,22,-0.20072727272727275
[nH+]1ccccc1Cc(cc2C)cc(n2)C(=O)NCc3ccc(F)cc3,-4.416,25,-0.17664000000000002
CC(=O)NC[C@H]1CN(C(=O)O1)c2ccc(c(F)c2)CCCCCc3ccccn3,-4.415,29,-0.15224137931034482
CS(=O)(=O)Oc1ccc(cc1)CCc2ccc([nH+]c2)N3CC[NH2+]CC3,-4.415,25,-0.1766
COc1cc(OC)cc(c12)[nH]c(nc2=O)-c(c(c34)cccn4)cc(c3)-c5c(C)noc5C,-4.414,32,-0.1379375
Cc1cc(C)nc(n12)nc(n2)CC(=O)c3cccc(c3)N4CCCC4=O,-4.414,26,-0.16976923076923076
C1CC1c(n2)cccc2[C@H](CC)CCN3CCN(C)C(=O)[C@H]3C,-4.413,23,-0.19186956521739132
c1ccc(C)c(c12)nc([nH]2)CC[NH2+]Cc3ccc(c(Cl)c3)-c4n[nH]c(n4)-c5ccc(F)cc5,-4.412,33,-0.1336969696969697
n1nc(C)n2nc(c(c3c12)cccc3)-c4ccc(cc4)-c5ccccc5,-4.411,26,-0.16965384615384613
C[NH+](C)CCN1CC[C@H](C1)c(ccc2)n(c23)nc(n3)N,-4.411,20,-0.22054999999999997
O=Cc1ccccc1/C=N/Cc2ccccc2-c3ccccc3,-4.41,23,-0.1917391304347826
c1ccccc1C[C@@H](NC(=O)[C@H](O)[C@H](C)[NH3+])CCc(cc(N)[nH+]2)c(c23)ccc(Br)c3O,-4.41,31,-0.14225806451612905
O=C([O-])Cn(cc1)c(c12)ccc(c2)-n3ccnc3,-4.409,18,-0.24494444444444444
CCc(nn1)n(c12)nc(cc2)CCCCCCCCC(=O)OC[C@H](O)CO,-4.408,27,-0.16325925925925927
C/C=C/CCCCCCCC(=O)O[C@H](COP(=O)([O-])[O-])/C=C(\[N-]1)CSc(c12)cccc2,-4.408,31,-0.14219354838709677
FC(F)(F)c1ccc(cc1)N2CCN(CC2)Nc(cc3)cc(c34)c(c[nH]4)C5CC[NH2+]CC5,-4.408,32,-0.13775
CC(C)[NH2+]Cc1cc([O-])cc(O)c1,-4.408,13,-0.3390769230769231
C[NH2+]Cc1cccc(c1)Cc2ccc(cc2Cl)CNCCc(n3)[nH]c(c34)c(C)ccc4,-4.408,31,-0.14219354838709677
C[C@@H](O)Cn(c1=O)c(=O)n(C)c(c12)nc(n2C)N[C@H]3CC[C@H](O)CC3,-4.408,25,-0.17632
Brc1ccc(cc1)/C=C/CN[C@@H](Cn2cc[nH+]c2)c3ccccc3,-4.408,24,-0.18366666666666667
Cn1cc(nn1)CCC(c2ccccc2)c3ccccc3,-4.408,21,-0.20990476190476193
[NH3+]CCNCc1ccccn1,-4.408,11,-0.40072727272727277
CC1(C)C(=O)NC(=O)N1C(=O)CCCCCCCCC[NH3+],-4.408,21,-0.20990476190476193
N#CCc(c1)c(C2CC2)cc(c13)c(C(=O)NC)c(o3)-c4ccc(F)cc4,-4.408,26,-0.16953846153846155
CC(C)NC(=O)O[C@H](CC[C@]1(C)O)c(c12)nnn2CCCCCc3ccccn3,-4.407,29,-0.1519655172413793
Cc1cc[nH+]c(c1)CCCCCC(=O)Cc(c[nH+]c2)c(c23)c(O)ccc3,-4.407,26,-0.1695
CC(C)Oc1ccc(S(=O)(=O)N)cc1CC[NH3+],-4.407,17,-0.25923529411764706
CCCC(=O)OC[C@@H](CC1CC1)COP(=O)([O-])OCC[NH3+],-4.407,21,-0.20985714285714285
Cc1nnn(C)c1-c(c2)c(F)cc(c23)c4c(cc(cn4)C(C)(C)O)n3Cc5cccc(F)c5,-4.407,33,-0.13354545454545455
O=S(=O)Oc(cc1)ccc1-c2c(ncn2CC#C)-c3cs/c([nH]3)=N/N=C/c4ccccc4C=O,-4.406,34,-0.12958823529411764
N#Cc(cc1)ccc1N[C@H](C[C@H](C)N2C(=O)C)c(c23)cc(cc3)C4CC[NH2+]CC4,-4.406,29,-0.1519310344827586
Cc([nH+]1)c(C)n(c12)c(C)c(cc2)CCc3nc(cn3C)N4CCN(C)CC4,-4.406,27,-0.16318518518518518
CC(C)Oc1nc(ncc1Cl)Nc2ccc(cc2)N3CCN(C)CC3,-4.406,25,-0.17623999999999998
Cc1cc(C)cc(c1)Oc2cccc(n2)NCCc3cc[nH+]cc3,-4.405,24,-0.1835416666666667
C=CC1=C(C)C(=O)NC\1=C\C2=N[C@@H](C(=C2C)CCC(=O)[O-])c3cc(C)c(=O)n(C)c3,-4.405,30,-0.14683333333333334
c1cccc(c12)c(c[nH]2)C[C@H](N)C(=O)c3ccc(cc3Cl)CNCCc(n4)[nH]c(c45)cccc5,-4.405,34,-0.12955882352941178
CC(=O)NCCC(=O)c1ccc(cc1Cl)C[NH2+]CCc([nH+]2)[nH]c(c23)ccc(c3)C,-4.404,29,-0.15186206896551724
Fc1ccccc1-c2ccc(c(F)c2)N3CCSCC3,-4.404,20,-0.2202
C[NH+]1CCN(CC1)c(cc2)cc(c23)n(Cc4ccccc4)c(n3)[C@H]5CC[N@@H+](C5)CC[NH3+],-4.403,31,-0.1420322580645161
C1CC1Nc(c2CC)nc(N)[nH+]c2C(CC)CC,-4.402,18,-0.24455555555555555
C=CCOS(=O)(=O)c(cc1)cc(c12)CN(C)C(=O)N2C,-4.402,20,-0.22010000000000002
n1ccccc1CN[NH2+]C2CCCC2,-4.402,14,-0.31442857142857145
O=C[C@@H]1CCCN1c2ccc(cc2Cl)C[NH2+]CCc3c[nH+]c[nH]3,-4.402,23,-0.19139130434782609
NC(=[NH2+])N1CCC(CC1)CCc([nH+]2)[nH]c(c23)ccc(Cl)c3,-4.399,21,-0.20947619047619048
c1cccc(c12)c[nH+]cc2-c3ccsc3,-4.399,15,-0.2932666666666667
Cc1ccc(cc1)[C@H](C)c2ccc(CN)cc2,-4.399,17,-0.25876470588235295
O=c1n(C)ncc(c1C)NCc2ccccc2NCC3(CCCC3)c4ccc(N(C)C)cc4,-4.397,33,-0.13324242424242425
CS(=O)(=O)Nc1ccc(cc1)-c(n2)c(C#N)c([O-])c(c23)cncc3,-4.397,24,-0.18320833333333333
Cc1nnc(n12)c(NC)nc(c2)-c(n3)n(CCOC(F)(F)F)c(c34)cc(cc4)N5CC[NH+](C)CC5,-4.395,35,-0.12557142857142856
COc1cccc(c1)-c(cc2)cc(c23)c(ccn3)OC,-4.393,20,-0.21964999999999998
[NH3+]CCNC(=O)[C@H]1O[C@H]([C@H](O)[C@@H]1O)CCc2ccc[nH]2,-4.393,20,-0.21964999999999998
C1CC1Nc(c2CC)nc(N)[nH+]c2-c(c3)nc(NC)c(n34)nnc4C,-4.393,25,-0.17572
CCCCCCC(=O)OC[C@@H](OC(=O)CCCC)COP(=O)([O-])OCC[NH3+],-4.393,27,-0.16270370370370368
Cc1cccc(n1)[C@@H]2N(CCc(c23)scc3)C(=O)CCC[N@@H+](C)[C@H]4CCCCN4,-4.392,29,-0.15144827586206897
COCCOCC[N@@H+](CC1)Cc(c12)sc3c2c4n(ncn4)c(=O)n3Cc5ccc(OC)cc5,-4.391,33,-0.13306060606060607
CC(O1)(C)C(=O)Nc(c12)cc(OC)c(c2)[C@@H](CC)c3cccc([nH+]3)C4CC4,-4.391,27,-0.16262962962962962
CC/C=C/CCc1c[nH+]c([nH]1)C2CCC2,-4.39,15,-0.29266666666666663
CN(C1)C(=O)Nc(c12)ccc(c2)-c3cc([nH+]c(n3)N)N4CCCCC4,-4.389,25,-0.17556000000000002
OCCCc1c[nH]cn1,-4.389,9,-0.4876666666666667
CC(C)(C)Nc(c1)c(C#N)cn(c12)cc(n2)-c3ccccc3,-4.389,22,-0.1995
Cc1nn(C)c(C)c1NNC2CCOCC2,-4.388,16,-0.27425
CC(=O)Nc1cccc(c1)C(=O)[C@H](C(C)C)NC(=O)C2CCCCC2,-4.388,25,-0.17552
Cc1noc(C)c1S(=O)(=O)c2cc(ccc2Cl)OCc([nH]n3)c(c34)cccn4,-4.388,28,-0.15671428571428572
CC(C)NC(=O)c(c1)[nH+]c(n12)cc(cc2)NC(=O)c3c(cnn3C)C(=O)N4CCOCC4,-4.387,32,-0.13709375
Cc1cc(C)cc(c1)Nc2cccc(n2)-c(ccc3)c(c34)[nH+]cn4C,-4.387,25,-0.17547999999999997
Clc1ccc(cc1[O-])OCc(n[nH]2)c(c23)cccn3,-4.387,19,-0.23089473684210524
C1CC1[C@@H](C)c2cc(ncn2)N(C)CCOc3ccc(cc3)C[C@@H]4SC(=O)[N-]C4=O,-4.386,30,-0.1462
Fc(c1)cc(F)cc1N(C[C@@H](N2C(=O)C)C3CC3)c(c24)cc(cc4)C5=CC[NH2+]CC5,-4.386,30,-0.1462
Cc1ncsc1-c2ccc(cc2)CNC(=O)[C@@H](N)CC(C)C,-4.386,22,-0.19936363636363638
O=C([O-])c1ccccc1CN(c(c23)cccc3)C[C@H](C4CC4)N2n5ccc(=O)c(C(=O)[O-])c5O,-4.385,34,-0.12897058823529411
C[C@H]1C[C@@H](C)C[N@H+](C1)Cc([nH]n2)c(c23)cccn3,-4.385,18,-0.2436111111111111
Fc1ccc(cc1)-c2ncn(C3CC[NH2+]CC3)c2-c4cn[nH]c4,-4.384,23,-0.19060869565217392
Cc(n1)sc(c12)ccc(c2)C(=O)[C@@H]3CN(C(=O)CC4)N4C35CCCC5,-4.384,25,-0.17536000000000002
c1ccc(OC)c(c12)[nH]c(n2)CCC(=O)[C@H](C(C)C)NC(=O)C3CCCCC3,-4.384,28,-0.15657142857142858
Brc1ccc(cc1)/C=C/C[NH2+]CCNNCCN2CCOCC2,-4.383,23,-0.19056521739130436
COc(cc1)cc(c12)nc([nH]2)CCc(cn(C)c3=O)c(c34)oc(c4)-c5cnc([nH]5)C6CCC6,-4.383,33,-0.1328181818181818
CCCCc(ccc1)c(c12)c(C)c(o2)C(=O)c3[nH+]ccn3C,-4.382,22,-0.19918181818181815
C1OCC1NCC[NH+]2CCOCC2,-4.382,13,-0.33707692307692305
Cc1nn(C)c(C)c1[N-]S(=O)(=O)c2ccc(nc2)NCCc3cccc(F)n3,-4.382,28,-0.1565
COc1ccc(cc1)S(=O)(=O)c2ccc(cc2)[C@H]3CC(=O)N(C)C3,-4.382,24,-0.18258333333333332
C1CCCN1C(=O)c(cc2)cc(c23)nc(SCc4ccccn4)n(c3=O)Cc5ccccc5,-4.381,33,-0.13275757575757577
CN(C)c1ccc(cc1)N(NC(C)(C)C)Cc2cc(Cl)cs2,-4.38,22,-0.1990909090909091
CCOc1ccccc1N2[C@@H](C3CC3)CN(c(c24)cccc4)Cc5ccccc5C(=O)[O-],-4.38,32,-0.136875
CC(=O)N1CCC(CC1)Cc(c(Cl)cc2)c(c23)nnn3Cc([nH]n4)c(c45)cccn5,-4.38,30,-0.146
O=P([O-])(O)[C@H](S(=O)(=O)[O-])CCCc1cccc(c1)NC2C=C2,-4.379,22,-0.19904545454545453
C[C@H]1COCCN1CCC[NH+]2CCOCC2,-4.379,16,-0.2736875
C1CC1Nc(nc2N)cc(n2)N3CCN(CC3)NC4CCCCC4,-4.379,24,-0.1824583333333333
CCOC(=O)Cc1nc(cs1)S(=O)(=O)c2ccc(cc2)-c3csc(n3)C,-4.378,26,-0.16838461538461538
O=c1n(C)cc(cc1C)-c(n2)n(c(c23)ccc(Br)c3)NC4CCOCC4,-4.377,26,-0.16834615384615384
COC1=C(OC)C(=O)C(=C(C)C1=O)C/C=C(\C)CC/C=C(\C)CCCc(ccn2)c(c23)[nH]c(n3)N,-4.377,35,-0.12505714285714284
c1ccccc1CC(=O)n(c2=O)c(=O)n(C)c(c23)ccc(c3)C(=O)C4=C(O)CCCC4=O,-4.376,32,-0.13675
CCOc1ccccc1-c2ccc(cc2)CCc3ccc(cc3)OS(=O)(=O)C,-4.376,28,-0.1562857142857143
O=C1CCCC(=O)C1=C([O-])c(cc2)c(C)c(c23)c(=O)n(c(=O)n3C)CC(=O)NCCc4nccs4,-4.376,35,-0.12502857142857143
CC(C)C(C(C)C)NC(=O)Cc1cccc(F)c1,-4.374,18,-0.243
Cc1cc(C)cc(c1)Oc2nccc(n2)-c3c([C@H]4CCCC[NH2+]4)ncn3[C@H]5CC[N@@H+](C5)CC[NH3+],-4.374,34,-0.1286470588235294
C[NH+]1CCN(CC1)c(c2)[nH]c3c(NS(=O)(=O)C)ccc(c3c24)n(C)c4O,-4.374,26,-0.1682307692307692
C[C@H]1COCCN1C(=O)c(cc2)cc(c23)N([C@H](C)C(=O)N3C)C4CCCC4,-4.374,27,-0.16199999999999998
COc1ccc(cc1)-c2cc(C)c(OC)cc2OC,-4.374,19,-0.23021052631578945
CS(=O)(=O)Nc1ccc(cc1)CCOCCOCCO,-4.373,20,-0.21865
Cc1[nH+]n(C)c(C)c1Nc(nn2C)c(c23)cccc3,-4.373,19,-0.23015789473684212
Fc1cc(F)ccc1Oc(ccc2NS(=O)(=O)CC)c(c2)-c3cc(cnc3N)-c4cnn(C)c4,-4.373,34,-0.12861764705882353
c1ccccc1-c([nH]2)c(c(c23)cc(OC)cc3)CCNC(=O)c4c(cnn4C)C(=O)N5CCOCC5,-4.373,36,-0.12147222222222223
C1C[NH2+]CCC1N(C)c(nc(c23)ccs3)nc2-c(ccc4C(F)(F)F)c(c45)CC[C@H]5O,-4.373,31,-0.14106451612903226
CCCCCCOc1cccc(c1)CCc(n[nH]2)c(c23)cccn3,-4.373,24,-0.18220833333333333
CCC(=O)c1c[nH]c(c1)C(=O)c2ccccc2[O-],-4.372,18,-0.24288888888888888
O=C(N1)C(C)(C)c(c12)cc(cc2F)NCC[NH3+],-4.372,17,-0.2571764705882353
n1cn(C(C)C)c(c12)nc(N[C@H](CC)CO)nc2NCc3ccc(cc3)CC[NH+](C)C,-4.372,31,-0.14103225806451614
[NH3+]CCCCCCCCCC(=O)N[C@@H](CO)C(=O)c1c[nH]cn1,-4.372,23,-0.19008695652173913
Nc1ccccc1C(=O)C[C@H](N)C(=O)C(=O)NCCC(c2ccccc2)c3ccccc3,-4.371,32,-0.13659375
O=C([O-])[C@H](C)c1ccc(nc1)N2CC[NH2+]CC2,-4.37,17,-0.2570588235294118
n1cccc(c12)c([nH]n2)Cn(ccc3C)c(=O)c3N4CCC(=O)CC4,-4.37,25,-0.1748
C1C[NH2+]CCC1n(nnc2C)c2-c3cccc(n3)-c(cc4)nc(c45)sc(n5)NC(=O)C6CC6,-4.369,33,-0.1323939393939394
Cc1noc(C)c1-c(cc2)cc(c23)ncc(C(=O)[O-])c3C(=O)Cc4ccc(F)cc4,-4.368,30,-0.1456
CN(C)CC[N@H+](CC1)CC[C@H]1n(nnc2C)c2-c3ccc(cc3)[C@@H](C[NH3+])c4ccc(Cl)cc4,-4.368,33,-0.13236363636363638
CC(C)=CCC[C@H](C)Nc1cc(C(=O)[O-])ccc1N2CCC(CC2)N3CCCOC3=O,-4.368,31,-0.14090322580645162
C[N@H+]1CC[C@@H](CC1)N[NH2+]Cc2ccccc2,-4.368,16,-0.273
n1cccc(c12)c([nH]n2)CC(=O)[C@H](C(C)(C)C)NC(=O)c(c(c34)cccc4)nn3Cc5ccc(F)cc5,-4.367,37,-0.11802702702702703
Cc1nnn(c1CC#N)C2CCN(CC2)CC[NH+](C)C,-4.367,20,-0.21835
Oc1c(C)cc(cc1C)[NH2+]CCc2ccc(Cl)c(Cl)c2,-4.367,20,-0.21835
O=Cc1ccccc1/C=N/N=c2\[nH]c(cs2)NCC[NH2+]C/C=C/c3ccc(Br)cc3,-4.367,30,-0.14556666666666668
O=c1ccc(cn1C)-c(cn(C)c2=O)c(c23)oc(c3)-c4c[nH]c(n4)C5CCC5,-4.366,28,-0.15592857142857142
N1CCCC[C@@H]1[N@H+](C)CCO[C@@H]2CC[C@@H](CC2)C[C@@H](C([O-])=O)S(=O)(=O)C3CC3,-4.366,28,-0.15592857142857142
CC(C)(C)c(cc1)ccc1[C@H](C)[NH2+]NCc2ccccc2,-4.365,21,-0.20785714285714288
CCCCCCC(=O)OC[C@@H](c1ccccn1)COP(=O)([O-])OC[C@@H](O)CO,-4.363,28,-0.15582142857142858
C1C[NH2+]CCN1c(c2)ccc(c23)c(C)n[nH+]c3CCOCCOCCOCCOCCO,-4.363,32,-0.13634375
COCCOCCOCCOc(c1)c(OC)cc(c12)CCN(C2)C(=O)N3CCNC(=O)C3,-4.362,32,-0.1363125
COc1ccc(cc1OC)[N@@H+]2C[C@H](O)C[C@H]2C(=O)NCc3ccc(cc3)[C@@H]4C(C)=NCS4,-4.362,32,-0.1363125
Cc1cc(C)cc(c1)Nc2cccc(n2)-c3c(C)nnn3C4CCN(CC4)C(=O)CC5CC5,-4.361,33,-0.13215151515151513
o1nc(C)c(c12)cc(c(c2)NC)N(CC3)Cc(c34)cc(c(c4)OC)OCCOCCOCCOC,-4.361,35,-0.12459999999999999
O=C([O-])C[C@H](C)CCCOc1ccccc1CN(CC2)CCC23Oc4c(O3)cccc4,-4.361,31,-0.1406774193548387
CC(C)CCN[NH+]1CCCC1,-4.361,11,-0.39645454545454545
C1CC1S(=O)(=O)c2c[nH]c(n2)C3CCC3,-4.361,15,-0.29073333333333334
O=C1NC(=O)[C@@H](S1)Cc(c(c23)scc3)ccc2NCCO,-4.36,21,-0.20761904761904765
O=c1ccc(cn1C)C(=O)c(cc2)c(C(F)F)c(c23)[C@@H]([O-])C(F)(F)S3(=O)=O,-4.36,27,-0.1614814814814815
O=C([O-])c1cc(C)nc(c12)n(nc2C(C)C)-c3ccsc3,-4.36,21,-0.20761904761904765
c1cccc(c12)c(CC(C)(C)O)[nH+]c(n2)Nc3ccc(F)c(Cl)c3,-4.36,24,-0.18166666666666667
C1COCC[NH+]1[C@@H](C)Cc2c[nH]cn2,-4.359,14,-0.31135714285714283
CO[C@@H](C)Cn1cc(cn1)C(=O)OC(C)(C)C,-4.359,17,-0.25641176470588234
Cc1c(C)c(O)c(C)c(c12)CC[C@](O2)(C)Cc3cc[nH+]cc3,-4.359,22,-0.19813636363636364
COc(cc1)cc(c12)c(CCC(=O)[O-])cn2-c3ccccc3CO,-4.359,24,-0.181625
CC(=O)N1CCC(CC1)CNc2c(C)c(nn2CCCCCO)C(=O)NC34C[C@H]5C[C@@H](C4)C[C@H](C5)C3,-4.358,36,-0.12105555555555554
C1OCC[C@@H]1C(=O)[C@@H](OCC)Cc2ccc(cc2)OCCc3ccc(cc3)OS(=O)(=O)C,-4.358,32,-0.1361875
O=C([O-])c1cc(CC)nc(c12)n(nc2C(CC)CC)-c3cncc(C)c3,-4.358,26,-0.1676153846153846
CCN(C1=O)c2ccc(c(c2c13)ccc3)Nc4ccn[nH]4,-4.357,21,-0.20747619047619048
[nH]1cncc1[C@@H](CC)c2cccc([nH+]2)C3CC3,-4.357,17,-0.25629411764705884
CCN(C(=O)C1)c(c12)ccc(c2)-c3ncc(F)cc3F,-4.357,20,-0.21785000000000002
n1cccnc1-c(cc2)ccc2C(=O)c3ccc(cc3Cl)C[NH2+]CCc4ncc[nH]4,-4.357,30,-0.14523333333333335
c1[nH+]ccn1C[C@@H]([NH2+]C(C)C)c2ccc(Cl)cc2Cl,-4.356,19,-0.22926315789473684
O=[N+]([O-])c1cc(S(=O)(=O)C(F)F)ccc1-c2n[nH]c(n2)-c3ccc(F)cc3,-4.356,27,-0.16133333333333333
n1c[nH]cc1-c(o2)cc(c23)c(=O)n(C)cc3-c4cc(F)c(c(F)c4)-c5cc(CO)ccc5F,-4.356,33,-0.132
COC1=C(OC)C(=O)C(=C(C)C1=O)C/C=C(/C)CCCc2cn(C)nn2,-4.356,26,-0.16753846153846153
CCCCCCCCCCCCC(=O)OC[C@@H](COP(=O)([O-])[O-])Oc1ccccc1C,-4.355,31,-0.14048387096774195
CCc1cccc(C)c1NN[C@H](C)c2cc(C)[nH][nH+]2,-4.355,19,-0.2292105263157895
C[N+](C)(C)CCOP(=O)([O-])OC[C@H](OC(=O)CCCCC)COc1ccc(F)c(Cl)c1,-4.354,31,-0.1404516129032258
c1ccccc1-c(oc2C)nc2CCOc3ccc(cc3)C[C@@H](C(=O)[O-])C(=O)CCC(=O)[O-],-4.354,33,-0.13193939393939394
O=C1OCCCN1NCC[NH+]2CCOCC2,-4.354,16,-0.272125
CNCc1cccc(c1)Cc2cc(Cl)ccc2C,-4.353,18,-0.24183333333333332
C1CCCC1(CC(=O)[O-])CC(=O)N2CCN(CC2)S(=O)(=O)c3c(F)cccc3F,-4.352,29,-0.1500689655172414
O=P([O-])([O-])OP(=O)([O-])SC/C=C(\C)CCC[N@@H+](C)c1ccc(C)cc1,-4.352,25,-0.17408
c1cc(Cl)ccc1[C@@H](c2cccnc2)C(=O)NCCOc3ccc(cc3)C[C@@H]4SC(=O)[N-]C4=O,-4.351,34,-0.1279705882352941
Nc1ccc(c[nH+]1)NCCC(F)(F)F,-4.351,14,-0.3107857142857143
C1CC[C@H]2[C@@H]1Nc([n+](C)c3=O)n2c(c34)nn(C5CCN(C(N)=[NH2+])CC5)c4Nc6ccccc6,-4.351,33,-0.13184848484848485
Nc1ncnc(c12)n(cn2)C(=O)c(c3C)nn(CCCCCO)c3-c4ccccc4,-4.35,30,-0.145
CS(=O)(=O)NCC#Cc1ccc(cc1)S(=O)(=O)c2ccn[nH]2,-4.35,22,-0.19772727272727272
c1ccccc1-c(cc2)ccc2C(=O)c(cc3CCC)ccc3OCCCN(CC4)C[C@H]([N@H+]45)CCC5,-4.349,36,-0.12080555555555555
c1cc(C)cc(c12)nc([nH]2)CCc3cc(nc(N)[nH+]3)N4CCN(CC4)C5COC5,-4.349,29,-0.14996551724137933
CCCCCCC(=O)OC[C@H](COP(=O)([O-])OCC[NH3+])Oc(ccc1)c(c12)ncn2C,-4.349,31,-0.14029032258064517
COC(=O)[C@H](C(C)(C)C)NC[C@@H](OCC)CSc1ccc(c(C)c1)OCC(=O)[O-],-4.348,29,-0.14993103448275863
CN(C)CC[N@H+]1CC[C@H](C1)n2cnc(c2CC#N)-c3ccc(C(F)(F)F)cc3,-4.347,28,-0.15525000000000003
FC(F)(F)c(c1)scc1-n(c2=O)c(=O)n(C)c(c23)ccc(c3)C(=O)C4=C(O)CCCC4=O,-4.347,32,-0.13584375
c1nccc(c12)c(C(=O)[O-])c(C)c(n2)[C@H](C)c3ccc(s3)-c4ccccc4CO,-4.347,29,-0.14989655172413793
[nH+]1ccc(OC)c(c12)cc(cc2)C(=O)[C@H](O)[C@H](C)[NH3+],-4.347,19,-0.22878947368421054
n1[nH]ccc1-c2cn(C)c(=O)c(c23)C/C(O3)=c4\cnc([nH]4)=C5CCCC5,-4.346,26,-0.16715384615384615
O=P([O-])(O)OP(=O)([O-])SC/C=C(\C)CCC[NH2+][C@H]1[C@@H]([C@@H]12)COC2,-4.346,23,-0.18895652173913044
Fc(c1)cccc1CS(=O)(=O)c(cc2)cc(c23)C[NH2+][C@H](C3)CO,-4.346,23,-0.18895652173913044
COc(cc1)cc(c12)c(CCNC(=O)C)c([nH]2)Cc3cccc[nH+]3,-4.346,24,-0.18108333333333335
CCCCC(=O)OC[C@H](CO)c1cn(C)c([nH+]1)CCc(cc2)c(C)n(c23)c(C)c(n3)C,-4.345,31,-0.14016129032258065
COc1ccc(c(C)c1)Nc(cn2)n(c23)CCC3,-4.345,18,-0.24138888888888888
FC(F)(F)Nc(cc1)cc(c12)c(c[nH]2)C3CC[NH2+]CC3,-4.345,20,-0.21725
c1ccnc(c12)cc(NCCOC)cc2-c3c(C)noc3C,-4.345,22,-0.19749999999999998
O=[N+]([O-])c1cc(S(=O)(=O)C(F)(F)F)ccc1N2CC[N+](CC2)=C(N3)CSc(c34)cccc4,-4.344,32,-0.13575
n1cnc(N)c(c12)ncn2CCCNCc3ccc(c(Cl)c3)-c4ccccc4,-4.344,28,-0.15514285714285717
O=C1C=CCN1Cc2cc(on2)CCCCCOc3c(Cl)cc(cc3Cl)C4=NCCO4,-4.344,31,-0.14012903225806453
CCS(=O)(=O)S(=O)(=O)c1ccc(F)c(Cl)c1,-4.344,16,-0.2715
Cc1ccc(cc1)Cc2c[nH]c(n2)C3CCCC3,-4.344,18,-0.24133333333333334
C[NH2+]Cc1ccccc1Cc([nH]n2)c(c23)cccn3,-4.344,19,-0.22863157894736844
CC[C@H](C)[C@H]([NH3+])C(=O)c1ccc(cc1)-c(n2)c(C#N)c([O-])c(c23)cncc3,-4.343,27,-0.16085185185185186
[nH]1ncnc1[C@@H](C)NCc2ccc([N+](=O)[O-])cc2,-4.341,18,-0.24116666666666667
C1C[NH2+]CCC1n(nnc2C)c2-c3cccc(n3)N(C4=O)C(=O)N([C@H]45)CC[C@H]5O,-4.341,29,-0.1496896551724138
O=C(C=1)N=c(c12)ccc(c2)-c(c(n3)-c4ccc(F)cc4)c(n35)ccnc5-c6cccc(Cl)c6,-4.341,33,-0.13154545454545455
Cc1cccc(C)c1-c(c2)c(C(=O)N)cc(c23)nccc3O[C@@H]4CCC[NH2+]C4,-4.341,28,-0.1550357142857143
O=[N+]([O-])c1cc(S(=O)(=O)C(F)(F)F)ccc1-c2cc(F)cc(Cl)c2,-4.341,24,-0.180875
CC[N@H+]1CC[C@@H](CC1)N(C)c([nH+]c(c23)ccs3)nc2N4CCN(CC4)c5ccccc5OCCO,-4.341,35,-0.12402857142857143
CCc1cccc(C)c1NN[C@H](C)c2cc(C)n[nH]2,-4.34,19,-0.22842105263157894
CCOC(=O)c1cnn(C)c1C(=O)c2cnc([nH]2)C3CCC3,-4.34,22,-0.19727272727272727
N#Cc1cc(Cl)cc(c1)CCCNCc2cccnc2,-4.34,20,-0.217
CCCCCC(=O)O[C@H](COn1cc[nH+]c1)COP(=O)([O-])OCC[N+](C)(C)C,-4.339,28,-0.15496428571428572
C1C[C@@H](C)CC[C@@H]1[C@@H](C)N(C2=O)C(=O)N([C@H]23)CC[C@H]3O,-4.339,20,-0.21695000000000003
COc(nn1)ccc1-c(c2CC)nc(N)nc2N3CC[NH+](C)CC3,-4.339,24,-0.18079166666666668
O=S1(=O)C(F)(F)[C@H](O)c(c12)c(C(F)F)c(cc2)C3CCCCC3,-4.339,23,-0.1886521739130435
CC(C)C(C(C)C)NC(=O)CCC#Cc1ccc(cc1)C(=O)NCCC(F)(F)F,-4.339,29,-0.14962068965517242
Fc1ccc(cc1)-c2ncn(C3CC[NH2+]CC3)c2-c4ccnc(n4)-c5cc[nH]n5,-4.339,29,-0.14962068965517242
C1OCC1c([nH]2)cnc2C3CCC3,-4.339,13,-0.3337692307692308
c1c(F)c(F)cc(c12)CC(C2)(CC(=O)[O-])C(=O)CCNc(n3)sc(c34)cccc4,-4.338,29,-0.14958620689655172
O=C1NC(=O)[C@@H](S1)Cc2ccc(cc2)OCCNCc3ccc(O)cc3,-4.338,26,-0.16684615384615384
O=C1NC(=O)[C@@H](S1)Cc(c(c23)scc3)ccc2-c4cncc(Cl)c4,-4.337,24,-0.18070833333333333
c1cc(Cl)ccc1C(c(c23)cc(OC)cc2)=N[C@H](c4n3c(nn4)C)CC(=O)C5C=C5,-4.337,30,-0.14456666666666665
CO/C([O-])=C/C(=O)NC(=[NH2+])Cc1cccc(c1)OC,-4.337,19,-0.22826315789473683
Cc1[nH]nc(C2CC2)c1NCCN3CCOCC3,-4.337,18,-0.24094444444444443
C1COCCN1[C@@H](C)Cc2noc(n2)C3CCN(CC3)C(=O)Cc4ccccc4,-4.337,29,-0.14955172413793102
N#Cc1c(=O)[nH]c(cc1[S@](=O)C)N2CCC(=O)CC2,-4.336,19,-0.2282105263157895
O=C([O-])[C@@H](C)n(nn1)c(c12)ccc(Cl)c2Oc3cc(Cl)cc(c3Cl)C[NH3+],-4.336,26,-0.16676923076923078
Nc1cc(cc[nH+]1)CCc([nH+]2)[nH]c(c23)cccc3,-4.336,18,-0.2408888888888889
Cc1ccc(Cl)cc1/C(O)=C\C(=O)C(=O)[O-],-4.336,16,-0.271
[NH3+][C@H]1CCCN(C1)CCCCCCCCC(=O)OC[C@H](O)CO,-4.335,23,-0.1884782608695652
c1ccccc1Nc(n(n2)[C@@H](CC)[C@H](C)O)c(c23)c(=O)[n+](C)c4n3[C@@H]5[C@H](N4)CCC5,-4.335,30,-0.1445
O=C(C1)NC[C@@H]1[C@@H](C)[N@@H+]2CC[C@@H](C2)N(C)CCC[NH+](C)C,-4.335,21,-0.20642857142857143
Nc1ccc(c[nH+]1)-c2ccc(cc2)C[C@@H]3SC(=O)[N-]C3=O,-4.334,21,-0.20638095238095236
CC(=O)N1CCC(CC1)C[NH2+]c2ccc(cc2)C[C@@H]3SC(=O)NC3=O,-4.334,25,-0.17336
Fc1ccccc1NNC2CCOCC2,-4.334,15,-0.2889333333333333
CNc1cc([nH+]c(n1)N)N2CCN(CC2)c3ccc(OC)c(c3)OC,-4.333,25,-0.17332
C1COCCN1c2nccn(c23)c(c(n3)C)-c4cnn(c4)-c5ccc(cc5)C[NH+]6CCCCC6,-4.333,34,-0.12744117647058825
O=c1ccn(c(=O)[nH]1)CCCCC[NH2+]Cc2cccnc2,-4.332,21,-0.20628571428571427
CCCn(c1=O)c(=O)n(CCC)c(c12)nc([nH]2)-c3ccc(cc3)N4C[C@@H](OC4=O)CNC(=O)C,-4.332,34,-0.12741176470588234
CNCc1cccc(c1)C[NH2+][C@H](C)c2ccc(cc2)-c3c(C)noc3C,-4.332,26,-0.1666153846153846
c1cccc(c12)c(c[nH]2)C[C@@H](N[C@@H](C)COC)C(=O)Nc3ccncc3,-4.332,26,-0.1666153846153846
c1c(Cl)ccc(c12)[nH]c([nH+]2)CCc3cn(C)c(=O)c(c34)C/C(O4)=c5\cnc([nH]5)=C6CCCC6,-4.332,33,-0.13127272727272726
Cc1cc(on1)[C@@H](C(C)C)C(=O)N2C[C@H](O)C[C@H]2C(=O)c(cc3)nn(c34)c(C)c(n4)C,-4.331,31,-0.13970967741935486
CN1CCN(CC1)c2ccc(cc2)[NH2+]CCC3CCCCC3,-4.33,22,-0.1968181818181818
CS(=O)(=O)NCCC[NH2+]Cc1ccc(c(Cl)c1)-c2ccc(C#N)c(Cl)c2,-4.33,26,-0.16653846153846155
[NH3+]CCNC(=O)COc1ccc(C(=O)C(F)(F)F)cc1,-4.33,20,-0.2165
C1COCCN1c(c2)cc(C)c(c23)nc([nH]3)-c4c(cc[nH]c4=O)CCN(C)[C@H]5CCCC[NH2+]5,-4.329,33,-0.13118181818181818
C[Si](C)(C)C#CCCCOCCOCCOCCOCCO,-4.328,22,-0.19672727272727275
COCCOCCOCCOc(c1)c(OC)cc(c12)CCN(C2)CCc3ccc(cc3)CCO,-4.328,34,-0.12729411764705884
Cc1noc(c12)nc(C)nc2CC#Cc3ccc(cc3)S(=O)(=O)NCCC(F)(F)F,-4.327,30,-0.14423333333333332
CC(=O)N1CCC(CC1)CNc2c(C)nnn2[C@@H]3CC[N@H+](CC3)CCN(C)C,-4.327,28,-0.15453571428571428
Cc1noc(C)c1S(=O)(=O)N[C@H](C)c2ccc(cc2)-c(cc3)nc(c34)cccc4,-4.326,29,-0.14917241379310345
FC1(F)CCC(CC1)CC[C@H]([C@H]23)[C@@H](C[C@H]([NH2+]3)CC2)[NH+]4CCSCC4,-4.325,24,-0.18020833333333333
N#Cc(cc1)cc(c12)cc(F)cc2N3CC[N+](CC3)=C(N4)CSc(c45)cccc5,-4.325,29,-0.14913793103448275
O=C([O-])[C@@H](C)CCc1ccc(cc1)OS(=O)(=O)C,-4.325,18,-0.24027777777777778
CC/C=C/CC[NH+]1CCN(CC1)c2ccccc2OCCCC(=O)[O-],-4.325,25,-0.17300000000000001
S=C(N1)OC(C)(C)c(c12)cc(cc2)-c3ccoc3,-4.323,18,-0.2401666666666667
OC[C@@H](O)COC(=O)CCCCCCCCCC[NH2+]CCO,-4.323,22,-0.1965
COC[C@H](C)c1cc(C)c(OC)cc1OC,-4.322,16,-0.270125
CCc(c1)nc(C)c(c12)c(c(C#N)c(=O)[nH]2)-c3ccc(cc3)NS(=O)(=O)C,-4.322,27,-0.16007407407407406
COc(cc1)cc(c12)c(CCC(=O)[O-])cn2-c3cccc(c3)NC(=O)C,-4.322,26,-0.16623076923076924
Cc1cc(OC)cc(c12)c(c3c(n2)[nH]nc3C)Cc(ccn4)c(c45)nc([nH]5)N,-4.322,28,-0.15435714285714286
C1CCCCC1C(=O)N[C@@H](C(C)C)C(=O)S(=O)(=O)c(cc2)cc(c23)C[NH2+][C@H](C3)CO,-4.321,30,-0.14403333333333332
COc(c1)c(OC)cc(c12)c(nc(n2)C)-c(cc3)cc(c34)OC(C)(C)C(=O)N4,-4.321,28,-0.15432142857142855
O=C(N1)C(C)(C)Oc(c12)cc(c(c2)OC)NNc3ccc(C(=O)[O-])c(c3)OC,-4.32,28,-0.1542857142857143
Cc1cc([nH]n1)[C@@H](C)[NH2+]CCOc2ccc(cc2)C[C@@H]3SC(=O)NC3=O,-4.32,26,-0.16615384615384615
CCCCCCC(=O)n(cn1)c(c12)ncnc2N,-4.32,18,-0.24000000000000002
CN1CCN(CC1)c(cc2)cc(c23)n(c(n3)NCC[NH3+])Cc4ccccc4,-4.319,27,-0.15996296296296297
n1[nH]ccc1-c2ccc(cc2OC)C(=O)N[C@@H]3CC[N@@H+](C)CC3,-4.318,23,-0.1877391304347826
CC(=O)N1[C@@H](C)C[C@@H](C(F)(F)F)c(c12)cc(cc2)-c3[nH]ncc3,-4.318,23,-0.1877391304347826
Cc1nnn(C)c1-c(c2)c(F)cc(c23)c4c(cc(cn4)C(C)(C)O)n3CCc5[nH+]cc[nH]5,-4.316,32,-0.134875
CNc1cc(nc(N)[nH+]1)N2CCN(CC2)c3c(-c4ccccc4)[nH+]cn3Cc5ccc(Cl)cc5,-4.316,34,-0.12694117647058822
N#Cc(c(N)[nH]1)c(c12)cc(cc2)-c3[nH]nc(n3)-c4ccccc4,-4.316,23,-0.18765217391304348
COc1ccc(cc1)S(=O)(=O)[C@H](C(=O)[O-])Cc2ccc(cc2)OCCN(C)c3ccccn3,-4.315,33,-0.13075757575757577
c1cccc(c12)c(c[nH]2)C[C@H](N)C(=O)N[C@@H]3CC[N@H+](CC3)CCc4c[nH]cn4,-4.315,28,-0.15410714285714286
O=C(C=1)N=c(c12)ccc(c2)-c(c(n3)-c4ccc(F)cc4)c(n35)ccnc5S(=O)(=O)CC(F)(F)F,-4.314,34,-0.12688235294117647
c1cc(C)cc(c12)nc([nH]2)CCc3cc([nH+]c(n3)N)N4CCN(CC4)C5COC5,-4.314,29,-0.14875862068965517
CC[C@@H]([C@H](C)O)[N@H+]1CC[C@@H](CC1)c2nc(no2)-c3cccs3,-4.314,22,-0.1960909090909091
[nH+]1ccc(OC)c(c12)cc(cc2)-c(cc(n3)C)n(c34)nc(n4)C(F)(F)F,-4.314,26,-0.16592307692307692
NC(=O)CC[NH2+]Cc1ccc(c(Cl)c1)CCc2c[nH]cn2,-4.314,21,-0.20542857142857143
Cc1nn(C)c(Cl)c1S(=O)(=O)N2CCC[NH2+]CC2,-4.314,18,-0.23966666666666667
CCc1cccc(C)c1NCc2ccccn2,-4.313,17,-0.25370588235294117
COc1cccc(c1)-c2[nH+]cn(c2-c3ccc(OS(=O)=O)cc3)CCCCCc4ccccn4,-4.313,34,-0.12685294117647058
C1OCC1NCCN2CCOCC2,-4.312,13,-0.33169230769230773
n1ccn(c12)c(=O)n(cc2)Nc(cc3)cc(n34)nc(c4)-c5ccccc5,-4.311,26,-0.1658076923076923
Cc([nH+]1)c(C)n(c12)nc(cc2)[C@@H]3CCCC[C@@H]3[C@H](O)C4CCCCC4,-4.311,25,-0.17244
C[C@H]1C[C@@H](C)CN(C1)c2ccc(C(=O)/N=C3/NNCS3)cc2Oc4ccccc4,-4.31,29,-0.1486206896551724
O=P([O-])(O)OP(=O)([O-])SCCc(cc1)nc(c12)cccc2,-4.309,21,-0.2051904761904762
COC(=O)CC(=O)NCCCc(nnc1C)c(c12)cc(cc2)N3CC[NH2+]CC3,-4.307,28,-0.15382142857142858
FC(F)(F)c(n1)nc(n12)nc(C)cc2S(=O)(=O)c3ccc(nc3)NCC[NH+]4CCN(C)CC4,-4.307,33,-0.13051515151515153
O=C1CC[C@@H](C(=O)N1)[C@@H](C2CC2)CS(=O)(=O)N3CCCC3,-4.306,21,-0.20504761904761906
Cc1cccc(n1)[C@@H]2N(CCc(c23)scc3)c4cc(nc(N)[nH+]4)N5CCN(CC5)C6COC6,-4.306,33,-0.13048484848484848
COc1nc(N(C)C)ncc1CCCCCCCc2cc(C)no2,-4.305,24,-0.17937499999999998
[nH]1c[nH+]cc1CCC(=O)c(cc2)cc(c23)c(C)c(C)n3Cc4ccc(Cl)c(c4)O[C@@H](C)C(=O)[O-],-4.304,34,-0.12658823529411767
Cc1ncsc1-c2ccc(cc2)C[NH2+]NCCN3CCOCC3,-4.304,23,-0.1871304347826087
Cc1nnc(n12)c(NC)nc(c2)-c(cc3)cc(c34)oc(c4CC(=O)[O-])-c5cccc(c5)OC,-4.303,33,-0.1303939393939394
CCc1ccccc1-c2ccc(cc2C)CC3COC3,-4.303,20,-0.21515
CCCNC(=O)c1c(cnn1C)C(=O)N2CCC2,-4.303,18,-0.23905555555555555
CC(C)(C)OCCOc1ccc(cc1)C[C@@H](C(=O)[O-])Nc2ccccc2C(=O)c3ccccc3,-4.303,34,-0.12655882352941175
Fc1ccc(cc1)-c2ncn(C3CC[NH2+]CC3)c2-c4ccnc(n4)-c5ccccc5,-4.302,30,-0.1434
OC[C@@H](O)/C=C(/N1)CSc(c12)cccc2,-4.301,15,-0.28673333333333334
CN1C(=O)[C@@H](C)N(C2CC2)c(c13)cc(cc3)S(=O)(=O)c(cc4)cc(c45)C[NH2+][C@H](C5)CO,-4.301,31,-0.13874193548387098
CC(C)(C)OC(=O)N1CCC(CC1)c2nc(no2)CCc3ccc(cc3)OS(=O)(=O)C,-4.299,31,-0.1386774193548387
CCN1CCN(CC1)c2ccc(cc2Cl)C[NH2+]CCc(n3)[nH]c(c34)cc(Cl)c(Cl)c4,-4.299,30,-0.1433
CCCCCCC(=O)OC[C@@H](C1C=C1)COP(=O)([O-])OC[C@@H](O)CO,-4.298,25,-0.17192
FC(F)(F)c(nc1)ccc1C2(CC2)c(c3C)c[nH]c3C(=O)c4ccc(cc4)NS(=O)(=O)C,-4.297,32,-0.13428125
Cc1noc(C)c1-c2ccc(cc2Cl)C[NH2+]CCCC[NH3+],-4.297,21,-0.20461904761904762
COc1ccc(cc1)Oc2cc(ncn2)CCOCCO,-4.297,21,-0.20461904761904762
c1cccc(c12)c(c[nH]2)C[C@H]([NH3+])C(=O)c(cc3)cc(c34)ccc(c4)C[C@@H]5SC(=O)[N-]C5=O,-4.296,32,-0.13425
o1nc(C)c(c12)cc(c(c2)O)-c3ccc(B(O)O)cc3,-4.296,20,-0.21480000000000002
O=c([nH]1)scc1-c2ccc(cc2OC)C[NH2+]CCc([nH+]3)[nH]c(c34)cccc4,-4.296,27,-0.15911111111111112
CCOC(=O)c(cc1)cc(c12)CN(C)C(=O)N2,-4.295,17,-0.2526470588235294
O=C(N1)C=c(c=12)cc(cc2)-c(c(n3)CC(C)(C)C)c(n34)ccnc4N5CCC(O)CC5,-4.295,31,-0.1385483870967742
CSc1ccc(cc1)C(=O)Nc2nc(cs2)CCCC[NH3+],-4.295,21,-0.20452380952380952
Cc1noc(C)c1-c2ccc(cc2)C[NH2+]NC(C(C)C)C(C)C,-4.295,23,-0.1867391304347826
COCCOCCc(cc1)cc(c12)n(CCOC(F)(F)F)c([nH+]2)C3CCOCC3,-4.295,29,-0.14810344827586205
CCn(cn1)c(c12)c(=O)[nH]c(=O)n2Cc3ccc(cc3Cl)C(=O)OC,-4.295,25,-0.1718
FC(F)(C1)[C@@H](O)c(c12)c(S(=O)(=O)C)ccc2[O-],-4.295,17,-0.2526470588235294
CC/C=C/C/C=C/C/C=C/C/C=C/C=C/[C@H](O)CCCC(=O)n1ccc([O-])c(C(=O)[O-])c1=O,-4.293,33,-0.1300909090909091
OCc1ccc(F)c(c1)-c2c(F)cc(cc2F)CCc3cnc[nH]3,-4.293,24,-0.178875
CCOc1ccccc1-c2ccc(cc2)-c3cc([S@](=O)C)c(C#N)c(=O)[n-]3,-4.293,27,-0.159
c1cncc(c12)c([O-])c(C#N)c(n2)-c3ccc(cc3)-c4cnc[nH]4,-4.292,24,-0.17883333333333332
Cc1noc(C)c1-c2ccc(cc2)CNc3ccc(cc3)OC(C)(C)C(=O)[O-],-4.292,28,-0.15328571428571428
o1nc(C)c(c12)cc(c(c2)NC)-c(cc3)cc(c3=4)=CC(=O)N4,-4.292,22,-0.1950909090909091
c1c(F)c(F)cc(c12)CC(C2)(CC(=O)[O-])C(=O)c(cc3)cc(c34)ccc(c4)C[C@@H]5SC(=O)NC5=O,-4.292,35,-0.12262857142857142
C[C@H](N)[C@@H](O)C(=O)c1cncc(Cl)c1,-4.291,14,-0.30650000000000005
[NH2+]1CCCC[C@@H]1N(C)CCO[C@@H]2CC[C@@H](CC2)C[C@@H](C([O-])=O)c3ccc(Cl)c(C(F)(F)F)c3,-4.291,33,-0.13003030303030305
c1cccc(c12)cc(cn2)C(=O)c(cc3CN)ccc3OCc4cccnc4,-4.29,28,-0.15321428571428572
CN1CCN(CC1)c2ccc(cc2)C(=O)Cc(cs3)c(c34)cc(Cl)cc4,-4.289,26,-0.16496153846153844
Cc1[nH+]n(C)c(C)c1[N-]S(=O)(=O)c2ccc(nc2)NCCc3cccc(F)n3,-4.289,28,-0.15317857142857141
CN1CCN(CC1)c2ccc(cc2)N3C=CCC(=C3)C(=O)N,-4.289,22,-0.19495454545454544
C1CCCCN1S(=O)(=O)c(cc2)cc(c23)C[NH2+][C@H](C3)CO,-4.289,21,-0.20423809523809522
O=C([O-])Cc1coc(c12)cc(cc2)[C@H](C)c3ccc(cc3)-c4cc(F)cnc4Cl,-4.288,29,-0.14786206896551726
CS(=O)(=O)Nc1cc(ccc1C)NCC#Cc2ccc(cc2)C(=O)NCCC(F)(F)F,-4.288,31,-0.13832258064516129
CC(C)(C)S(=O)(=O)C[C@H](C1CC1)c2n[nH]cc2-c3ccncc3,-4.287,23,-0.18639130434782608
COc1cc(OC)cc(c12)nc([nH]c2=O)-c(n[nH+]c3C)c(c34)cc(cc4)N5CC[NH2+]CC5,-4.287,32,-0.13396875
CNC(=O)c1cccc(c1)S(=O)(=O)c2cccc(n2)CN3CCC(CC3)n4cc(C)c(=O)[nH]c4=O,-4.287,35,-0.12248571428571428
CCOC(=O)Cc1nc(cs1)-c2ccc(cc2)S(=O)(=O)c3cn[nH]c3,-4.287,25,-0.17148
O=C([O-])c1cc(C)nc(c12)n(nc2C(C)C)CCc3nc(oc3C)-c4ccccc4,-4.287,30,-0.1429
c1cc(C)cc(c12)nc([nH]2)CCCCCOc(cc3)cc(c34)ccn4CC(=O)[O-],-4.286,29,-0.14779310344827584
CC[N@H+]1CC[C@@H](CC1)N(C)c(nc(c23)ccs3)nc2-c4ccc(Cl)cc4,-4.286,26,-0.16484615384615384
C[C@@H](O)c1ccc(cc1)Cc2cc(ncn2)N(C)CCOc3ccc(cc3)C[C@@H]4SC(=O)NC4=O,-4.286,35,-0.12245714285714285
Fc(c1)cccc1S(=O)(=O)[N-]c2cccc(c2)-c3ccn[nH]3,-4.284,22,-0.19472727272727272
CNCc1cccc(c1)Cc2ccc(cc2Cl)C[NH2+]CCc([nH]3)nc(c34)c(C)ccc4,-4.283,31,-0.13816129032258065
COc1ccc(cc1Cl)CCc(n2)n([O-])c(c23)ccc(c3)-c4c(C)noc4C,-4.283,28,-0.15296428571428572
C[NH+](C)CCCN(C)[C@H]1CCN(C1)C(=O)c([nH]2)c(C(N)=[NH2+])c(c23)ccc(Cl)c3,-4.283,28,-0.15296428571428572
C[C@@H](O)c1ccc(cc1)Cn2cc(ccc2=O)CCCNC(=O)c3ccc(S(=O)=O)cc3,-4.283,32,-0.13384375
c1cc(Br)c([O-])c(c12)[nH+]c(N)cc2Nc(cc3)cc(c34)c(c[nH]4)C5CC[NH2+]CC5,-4.282,29,-0.1476551724137931
c1ccccc1C(=O)c2ccccc2N[C@H](C(=O)[O-])Cc3ccc(cc3)Nc4cc[nH+]cc4,-4.282,33,-0.12975757575757577
OC[C@H](N)C(=O)Nc1ccc(cc1)-c(nc(=O)[nH]2)c(c23)cccc3,-4.281,24,-0.17837499999999998
C1OCC[C@@H]1c2ccc(cc2OC)C[NH2+]CCc([nH+]3)[nH]c(c34)cccc4,-4.281,26,-0.16465384615384615
CN1CCN(CC1)c2ccc(cc2)-c3cc(nc(n3)N)N4CCOCC4,-4.28,26,-0.16461538461538464
O[C@@H]1[C@@H](O)[C@@H](O)[C@@H](O[C@H]1C)c2ccc(cc2Cl)C[NH2+]CCc3[nH+]cc[nH]3,-4.28,26,-0.16461538461538464
C[NH+]1CCN(CC1)CCNc2ccc(cn2)S(=O)(=O)c3[nH]ncc3-c4ccncc4,-4.28,30,-0.14266666666666666
C1CCC1c(n2)[nH]cc2-c3ccc(cc3OCC)C(=O)N4CCC(CC4)[NH+]5CCN(C)CC5,-4.278,33,-0.12963636363636363
Cc1cccc(c12)n(c([nH+]2)CCC)-c3nc(OC)nc(n3)N4CC[NH2+]CC4,-4.278,27,-0.15844444444444442
O=S(=O)c(cc1)ccc1C(=O)c2ccnc(c2)N3CCNCC3,-4.277,23,-0.18595652173913044
COc(c1)c(OC)cc(c12)CN(CC2)c(nc(c34)cccc4)nc3N[C@H](C)C5CC5,-4.277,30,-0.14256666666666667
COc1ccc(nn1)N2CCN(CC2)N3CCCC3,-4.277,19,-0.22510526315789475
CCOc1ccccc1-c2ccc(cc2)N3CCC(CC3)NC(=O)[C@@H]([NH3+])Cc(c[nH]4)c(c45)cccc5,-4.277,36,-0.11880555555555555
C[C@H](O)C[C@H](C(=O)[O-])Cc1ccc(cc1)-c2ccccc2,-4.277,21,-0.20366666666666666
CCCCC(=O)OC[C@H](CO)ONCc1ccc(cc1)-c2c(C)noc2C,-4.276,27,-0.15837037037037036
CC/C=C/C/C=C/CCc(ccc1S(=O)(=O)C)c(c12)CC(F)(F)[C@H]2O,-4.276,25,-0.17104
CN(C1)C(=O)Nc(c12)ccc(c2)S(=O)(=O)NCC3([NH3+])CCCCC3,-4.276,24,-0.17816666666666667
Nc1ccc(cn1)-c2ccc(cc2)C[C@@H]3SC(=O)[N-]C3=O,-4.276,21,-0.20361904761904762
CCCC(=CC1=O)N=C([N+]1=2)N=C(N2)CCCC(=O)NC3CC3,-4.275,22,-0.19431818181818183
O=c1ccc(cn1C)C(=O)C(=O)c2ccc(cc2)-c3ccccc3F,-4.274,25,-0.17096
CC(C)Cc(nn1C)c(c1C)N2CCN(C(C)C)CC2,-4.273,20,-0.21364999999999998
CC(C)(O)Cc(c(n1)C)n(c12)ccnc2N3CCOCC3,-4.273,21,-0.20347619047619045
n1cccc(c12)c([nH]n2)Cn(ccc3C)c(=O)c3-c(ccc4C(F)(F)F)c(c45)CC[C@H]5O,-4.273,32,-0.13353125
CC(=O)N1[C@@H](C2CC2)CN(c(c13)cccc3)NC4CCN(CC4)Cc(c[nH]5)c(c56)cc(C)cc6,-4.272,34,-0.12564705882352942
C1CCCCN1c2cn(C)c(=O)c(c23)cc(o3)-c4cnc([nH]4)C5CCC5,-4.272,26,-0.16430769230769232
CS(=O)(=O)Nc1cc(ccc1C)-n2ccc(O)c(C(=O)[O-])c2=O,-4.272,23,-0.18573913043478263
C[C@H]1COC(=N1)c2ccc(c(Cl)c2)-c3csc(n3)N/N=C/c4ccccc4C=O,-4.272,29,-0.1473103448275862
CCCCC/C=C/Cc([nH+]1)[nH]c(c12)cc(cc2C)N3CCOCC3,-4.271,24,-0.17795833333333333
CC[NH+]1CCN(CC1)NC(C(C)C)C(C)C,-4.271,16,-0.2669375
[NH3+]CCCCCCCCCC(=O)N[C@@H](CO)C(=O)c1ccc(N)nc1,-4.27,25,-0.17079999999999998
FC(F)(F)C([O-])(C(F)(F)F)C(=O)C1COC1,-4.27,16,-0.266875
C1CC1Nc2nc(N)[nH+]c(c2CC)NCCC3CCCCC3,-4.27,22,-0.19409090909090906
C[N@H+]1CC[C@@H](CC1)NC(=O)c2ccc(cc2F)-c(ccc3)c(c34)C(=O)N(C4=O)[C@H]5CCC(=O)NC5=O,-4.269,36,-0.11858333333333333
CC/C=C/CCc1nc(cs1)-c2ccccc2,-4.269,17,-0.25111764705882356
C[C@H]1C[C@@H](C)CN(C1)c2ccc(/C([O-])=C3\CCC(=O)NC3=O)cc2Oc4ccccc4,-4.268,31,-0.1376774193548387
Fc1ccc(cc1C)S(=O)(=O)[N-]c(cc2)cc(c23)n(nn3)C,-4.268,22,-0.19399999999999998
CCCCC#Cc(nc1N)nc(c12)n(c(n2)-c3cccs3)-c(cc4)cn(c45)c(nn5)C,-4.267,31,-0.1376451612903226
C1COCC[NH+]1[C@@H](C)CCCCCCOc(cc2)cc(c23)C=CN(C)C(=O)[C@@H]3C,-4.266,29,-0.14710344827586208
Clc(c1)cc(Cl)cc1NC(=O)Nc2ccccc2C(=O)c3c[nH]cn3,-4.265,25,-0.17059999999999997
Cc1cccc(c1)CC(=O)c2ccc(cc2CN)-c(cc3)cc(c34)[nH+]c(N)cc4C,-4.265,30,-0.14216666666666666
CCNC(=O)[C@H]1O[C@H]([C@H](O)[C@@H]1O)c(c2)c(OC)cc(c23)onc3CC,-4.265,25,-0.17059999999999997
CCc1c(C)[nH+]c(N)nc1N[C@@H](Cn2cc[nH+]c2)c3ccccc3,-4.264,24,-0.17766666666666667
C1CC1NC(=O)c2ccc(s2)CCOCCOCCOCCO,-4.264,23,-0.1853913043478261
CCc(nn1)n(c12)nc(cc2)-c3c(CC(C)C)nn(C)c3C,-4.264,22,-0.19381818181818183
CCCCC(=O)OC[C@H](CO)Oc1ccc(cc1)OCc2nn(C)cc2-c3ccc(=O)n(C)c3,-4.263,34,-0.12538235294117647
FC(F)(F)c1c(F)cc(cc1F)-c(n2)oc(c23)cccc3,-4.263,21,-0.20299999999999999
CC(=O)NCCC[NH2+]Cc1ccc(c(Cl)c1)-c(cn(C)c2=O)c(c23)oc(c3)-c4c[nH]cn4,-4.262,32,-0.1331875
Cc1cccc(c1)CC(=O)n2c(cc(C)c(c3)C)c3nc(c24)c(=O)[nH]c(n4)=O,-4.262,28,-0.1522142857142857
C1CCn(c12)c(c[nH+]2)[C@H](C(=O)[O-])Cc3ccc(cc3)-c4ccccc4,-4.262,25,-0.17048
CCNC(=O)c1ccc(c(c1)-c2cn(C)nn2)-n3cc(ccc3=O)-c4c(C)noc4C,-4.262,31,-0.13748387096774192
c1cc(C)cc(c12)c(c[nH]2)CS(=O)(=O)c3cc(Br)ccc3Br,-4.261,22,-0.19368181818181818
c1cc(F)cc(c12)c(N[C@H](C)C(=O)[O-])c(C#N)c(n2)N3CC[NH2+]CC3,-4.261,25,-0.17044
C1C[NH2+]CCC1n(nnc2C)c2Nc3cc[nH+]cc3,-4.261,19,-0.22426315789473686
COc1nc(N)nc(n1)-c2c(Cl)cc(cc2Cl)C3=NCCO3,-4.261,22,-0.19368181818181818
Cc1cc(N)nc(c1)C[C@@H]2C[NH2+]C[C@@H]2Nc(c3)c(C#N)cn(c34)cc(n4)-c5ccccc5,-4.261,32,-0.13315625
c1nccc(c12)c(ccc2)S(=O)(=O)NCCCc3ccc(O)cc3,-4.261,24,-0.17754166666666668
C=CC1=C(C)C(=O)N[C@@H]1c2cc[nH]c(=O)c2-c(n3)[nH]c(c34)cc(cc4C)N5CCOCC5,-4.261,32,-0.13315625
CCNC(=O)c1ccc(c(c1)-c2cn(C)nn2)-c3ccc(B(O)O)cc3,-4.261,26,-0.16388461538461538
Cn1c(C#N)ccc1-c2c(Br)cc(Br)cc2Br,-4.26,17,-0.2505882352941176
Cc1ccc(cc1)[N@@H+](C)CCC(C)C,-4.26,14,-0.30428571428571427
COc1cc(=O)n(C)nc1-c2cc(Cl)c[nH]c2=O,-4.26,18,-0.23666666666666666
O=C1NC(=O)[C@@H](S1)Cc2ccc(cc2)-c3cccc(Cl)c3,-4.26,21,-0.20285714285714285
CC(=O)N1[C@@H](C2CC2)CN(S(=O)(=O)C(C)C)c(c13)cccc3,-4.26,22,-0.19363636363636363
Cc1noc(C)c1-c2ccc(=O)n(c2)-c3ccccc3C(=O)c4ccccc4,-4.26,28,-0.15214285714285714
CCCCCC(=O)O[C@H](Cc1ccnc(C)c1)COP(=O)([O-])OCC[N+](C)(C)C,-4.259,29,-0.14686206896551726
COc1ccc(cc1OC)-c([nH+]2)n(c(c23)ccc(Br)c3)C[C@@H]4CCCN(C4)C(=O)C,-4.259,30,-0.14196666666666669
c1cc(C)cc(c12)[nH]c(n2)CCCCCOc(cc3)cc(c34)ccn4CC(=O)[O-],-4.258,29,-0.14682758620689657
CCOC(=O)c1csc(n1)-c(c(C(=O)[O-])cn2)c(c23)ccc(n3)-c4c(C)noc4C,-4.258,30,-0.14193333333333333
Cc1c[nH+]cc(c1)C(=O)c2ccco2,-4.257,14,-0.30407142857142855
CNc1ccnc([nH+]1)N(CC2)Cc(c23)cc(c(c3)OC)OCCOCCOCCOC,-4.257,31,-0.13732258064516129
O=C(N=1)N=c(c12)cc(cc2)-c3c(Cl)cccc3C(=O)CC4CC4,-4.256,23,-0.1850434782608696
CNc1cc(nc(n1)N)-c2nc(ncc2C)Nc3ccc(c(F)c3)C(=O)N[C@@H]4CC[N@@H+](C)CC4,-4.256,34,-0.1251764705882353
O=c([nH]1)[nH]c(=O)cc1C(=O)N2CCN(CC2)c3c[nH]c(n3)C4CCCC4,-4.256,26,-0.1636923076923077
c1cc(Cl)ccc1C(=O)NCCc2ccc(cc2)N3CCN(CC3)c4ccc(Cl)c(Cl)c4,-4.256,32,-0.133
C[NH+](C)CCN(CC1)CCC1n(nnc2C)c2-c3cccc(n3)-c4cccc(c4)-c5csc(=O)[nH]5,-4.256,35,-0.1216
c1cc(Br)ccc1-c2ccc(cc2Cl)C[NH2+]CCc3[nH+]cc[nH]3,-4.255,23,-0.185
CCN(C1=O)c2ccc(c(c2c13)ccc3)-c4cc(C)c(O)c(C)c4,-4.255,24,-0.17729166666666665
[nH]1ncnc1[C@@H](C)Nc2nccc(n2)-c3c(-c4ccc(Br)cc4)ncn3C5CC[NH2+]CC5,-4.254,32,-0.1329375
C1COCCN1c(c2)cc(C)c(c23)nc([nH]3)-c4c(cc[nH]c4=O)/N=C/c5ccccc5C=O,-4.254,33,-0.1289090909090909
[nH]1ccnc1CCn(nn2)cc2-c(ccc3C(=O)CC)cc3NC(=O)c(cc4)nc(c45)cccc5,-4.252,35,-0.12148571428571428
C[N@H+]1CC[C@@H]([C@H](O)C1)c(c([O-])cc2O)c(c23)oc(cc3=O)C(=O)CCCCCCCCCO,-4.252,33,-0.12884848484848485
c1cc(O)ccc1NN(C2=O)C(=O)N[C@]23C[C@H](C3)c4ccccc4,-4.251,24,-0.177125
Cc1cncc(c1)-c2ccc(cc2)OCC(=O)NCC[NH3+],-4.251,21,-0.20242857142857146
Cc(n1)c(C)n(c12)c(C)c(cc2)CCc3nc(cn3C)N4CC[NH+](C)CC4,-4.25,27,-0.1574074074074074
C[C@@]1(O)CCC(=O)[C@@H](OC)[C@]1(O)[C@@]2(C)O[C@@H]2CCc(ccc3)n(c34)nc(n4)N,-4.25,28,-0.15178571428571427
O=S1(=O)C(F)(F)[C@H](O)c(c12)c(C(F)F)c(cc2)-n3cncn3,-4.249,22,-0.19313636363636363
CN(C)CC[N@H+]1CC[C@@H](CC1)c2ccc(O)c(O)c2,-4.249,19,-0.2236315789473684
O=c1[nH]c(no1)CCC(c2ccccc2)c3ccccc3,-4.249,21,-0.2023333333333333
CC(=O)NCCC[NH2+]Cc1ccc(c(Cl)c1)Nc2ccncc2,-4.248,23,-0.18469565217391307
O=C([O-])C(C)(C)c(cc1)cc(c12)ccc(c2)C[C@@H]3SC(=O)NC3=O,-4.248,24,-0.17700000000000002
CC[C@@H]([C@H](C)O)[NH+]1CCN(CC1)c2cc(nc(n2)N)NC3CC3,-4.247,23,-0.18465217391304348
COC(=O)CCCCNc(cc1)cc(n12)nc(c2)-c3ccccc3,-4.247,24,-0.17695833333333333
c1nccc(c12)c(ccc2)S(=O)(=O)NCCc3ccc(cc3Cl)CNCCc4c[nH+]c[nH]4,-4.247,32,-0.13271875
c1cc(Br)c(O)c(c12)nc(N)cc2-c3cnc[nH]3,-4.246,18,-0.23588888888888893
CCOC(=O)c1cnn(C)c1C(=O)C[C@H](C)[NH+]2CCOCC2,-4.246,22,-0.19300000000000003
C[C@H]([NH3+])[C@@H](O)C(=O)[C@@H]1C=NC(N1)=C2CCC2,-4.246,16,-0.265375
CCCCCCc(cc1)cc(c12)nc(s2)C,-4.246,16,-0.265375
NS(=O)(=O)c1ccc(cc1)NC[C@H]2CN(C(=O)O2)c3ccc(c(F)c3)N4CCSCC4,-4.246,31,-0.1369677419354839
COc(cc1)cc(c12)[nH+]c([nH]2)CCn(c3=O)c(=O)n(C)c(c34)ccc(c4)C(=O)C5=C([O-])CCCC5=O,-4.245,36,-0.11791666666666667
C[C@H](N)[C@@H](O)C(=O)c1cc(c(=O)n(C)c1)NC(=O)Nc2ccccc2F,-4.245,26,-0.16326923076923078
c1ccccc1-c(cn2C)nc2Cc3[nH+]cc[nH]3,-4.245,18,-0.23583333333333334
CC(C)n(cn1)c(c12)nc(N3CCCC3)nc2NCc4ccc(cc4)OCCO,-4.245,29,-0.1463793103448276
FC(F)(F)C(=O)N[C@@H](C(C)(C)C)C(=O)c(c(Cl)cc1)c(c12)nnn2Cc([nH]n3)c(c34)cccn4,-4.244,34,-0.1248235294117647
CCCC(=CC1=O)N=C([N+]1=2)N=C(N2)Cc3ccc(cc3C[NH3+])-c(cc4)cc(c45)nc(N)cc5C,-4.244,34,-0.1248235294117647
O=C(C1)NC[C@@H]1[C@@H](C)Oc(c(c23)ccc[nH+]3)cc(c2)Cc4ccccc4C(=O)[O-],-4.244,29,-0.1463448275862069
c1sccc1-n(nc2C)c(C)c2/C=N/N3CCN(CC3)Cc4ccccc4,-4.243,27,-0.15714814814814815
CN(C)C(=O)c1cccc(c1)-c(c(c23)cc[nH]3)cn(c2=O)Nc4ccc([NH3+])cc4,-4.243,29,-0.14631034482758623
CC(C)C[C@H](N)C(=O)c1c(Cl)cccc1Cl,-4.243,16,-0.2651875
C[NH2+]Cc1cc(nn1C)-n2c(cc(C)c(c3)C)c3nc(c24)c(=O)[nH]c(n4)=O,-4.242,27,-0.15711111111111112
CC[C@H](C)[C@H]([NH3+])C(=O)c1ccc(C)c(c1)[N-]S(=O)(=O)C,-4.242,20,-0.2121
Cc1cc(F)ccc1S(=O)(=O)NCC2CCC2,-4.241,17,-0.2494705882352941
COc1cccc(c1)-c2cccc(c2)CCC[C@H](P(=O)([O-])[O-])S(=O)(=O)[O-],-4.24,26,-0.1630769230769231
OCCOCCOCCOCCOCCCc1ccc(cc1)-c2cccc(F)n2,-4.239,29,-0.14617241379310345
CC(C)(O)Cn1cc(cn1)S(=O)(=O)C2CCCCC2,-4.239,19,-0.22310526315789472
Cc1n[nH]cc1NCC#Cc2ccc(cc2)S(=O)(=O)NCCC(F)(F)F,-4.239,26,-0.16303846153846152
O=C(N=1)N=c(c12)cc(cc2)N[C@@H](Cn3ccnc3)c4ccccc4,-4.239,24,-0.176625
CC(C)(C)c(s1)cc(c12)nc(C(=O)[C@H]([O-])[C@H](C)[NH3+])nc2N(C)CCC#N,-4.239,26,-0.16303846153846152
COCCCNc(cc1F)cc(c12)C(C)(C)C(=O)N2,-4.238,19,-0.2230526315789474
Cc1cccc(n1)[C@@H]2N(CCc(c23)scc3)c4cc([nH+]c(n4)N)N5CCN(CC5)C6COC6,-4.238,33,-0.12842424242424244
CC(C)Cc(nn1C)c(c1C)Nc(c(c23)ccs3)ccc2C[C@@H]4SC(=O)NC4=O,-4.238,29,-0.14613793103448278
Cc1c(C)c(O)c(C)c(c12)CC[C@](O2)(C)CN(C3=O)C(=O)N([C@H]34)CC[C@H]4O,-4.238,27,-0.15696296296296297
Nc(n1)[n-]c(c12)c(cc[nH+]2)NCCC(c3ccccc3)c4ccccc4,-4.238,26,-0.163
S=C(N1)OC(C)(C)c(c12)cc(cc2)CCCO,-4.237,17,-0.24923529411764705
o1nc(C)c(c12)cc(c([O-])c2)C(=O)c3csc(n3)N4CC[N+](CC4)=C(N5)CSc(c56)cccc6,-4.236,34,-0.12458823529411764
OCCOc1ccccc1N2CCN(CC2)Nc3ccncc3,-4.235,23,-0.1841304347826087
Cc1ccccc1N2CCN(CC2)C(=O)CC3(CC(=O)[O-])CCCC3,-4.234,25,-0.16936
CCNC(=O)CC[NH2+]Cc1ccc(c(Cl)c1)-c2ccccc2,-4.233,22,-0.1924090909090909
Cn1c(=O)n(C)c(c12)cc(c(C)c2)S(=O)(=O)c3ccc(cc3Cl)C[NH2+]CCCO,-4.233,29,-0.1459655172413793
CCCCC(=O)C(=O)NC(C)C,-4.233,12,-0.35274999999999995
COC(=O)n(c1=O)c(=O)n(C)c(c12)ccc(c2C)C(=O)C3=C(O)CCCC3=O,-4.233,28,-0.1511785714285714
c1ccc(OC)c(c12)[nH]c(n2)CCNCc3ccc(c(Cl)c3)S(=O)(=O)CC(F)(F)F,-4.232,30,-0.14106666666666667
OCCO[C@H](N(C)C(=O)N1)c(c12)cc(cc2)N(C3(C)C)C(=O)NC3=O,-4.232,25,-0.16928
c1ccccc1-n(nc2C)c(C)c2/C=N/c3ccc(cc3)NS(=O)(=O)C,-4.231,26,-0.16273076923076923
COc(cc1)cc(c12)c(CCC(=O)[O-])cn2-n3ccnc3C(=O)Nc(cc4)cc(c45)n(nn5)C,-4.23,34,-0.12441176470588236
O=c1[nH]c(=O)n(cc1C)C2CCN(CC2)N(CCO3)[C@@H]([C@H]34)CCC4,-4.23,24,-0.17625000000000002
O=c1[nH]c(=O)n(cc1C)C2CCN(CC2)c([nH+]3)[nH]c(c34)cc(cc4C)N5CCOCC5,-4.23,31,-0.13645161290322583
c1cc(F)cc(c12)c(N[C@H](C)C(=O)[O-])c(C#N)c(n2)-c3ccc(cc3)CCOC(F)(F)F,-4.229,32,-0.13215625
C[NH+](C)CC[N@H+]1CC[C@H](C1)c(ccc2)n(c23)nc(n3)N,-4.229,20,-0.21145
NCc1ccc(c(Cl)c1)Cc2ccc(cc2Cl)-c3ncon3,-4.228,22,-0.19218181818181818
CC1CCN(CC1)c2noc(n2)C3CCN(CC3)C(=O)OC(C)(C)C,-4.228,25,-0.16912
N[C@H]1CCC/[N+](C1)=C(\N2)CSc(c23)cccc3,-4.228,17,-0.24870588235294117
Cc1cc(C)cc(c1)Oc2nccc(n2)-c3c(CC(C)C)[nH+]cn3[C@H]4CCN(C4)CC[NH3+],-4.227,32,-0.13209375
C1CC1C(=O)c(c(c2)OC)cc(c23)[nH]c4c3c(nc(n4)C)Nc(nn5C)c(c56)cccc6,-4.227,32,-0.13209375
O=C([O-])c1c(O)ccn(c1=O)-c2ccccn2,-4.227,17,-0.24864705882352944
CCCCC#Cc(nc1N)nc(c12)n(c(n2)-c3cccs3)Nc4c(C)nn(C)c4C,-4.227,30,-0.1409
c1cccc(c12)nc(C)nc2N[C@H]3CC[C@H](O)CC3,-4.226,19,-0.22242105263157894
CCOC(=O)CCNc1ccc(cn1)S(=O)(=O)[N-]c2c(C)nn(C)c2C,-4.225,26,-0.16249999999999998
CCc1ccccc1-c2ccc(cc2C)COC[C@H]3CCCO3,-4.225,23,-0.18369565217391304
Cc1ncsc1-c2ccc(cc2)CNc3ccc(S(=O)(=O)C(F)(F)F)cc3[N+](=O)[O-],-4.225,30,-0.1408333333333333
OCc1ccc(F)c(c1)-c2c(F)cc(cc2F)C(C3)CC3(F)F,-4.225,23,-0.18369565217391304
s1cncc1COc2ccc(cc2CN)C(=O)c(c(c34)cccc4)nn3Cc5ccc(F)cc5,-4.225,34,-0.12426470588235293
Cc1ccc(cc1)-c([nH+]2)[nH]c(c23)cc(cc3C)N4CCOCC4,-4.224,23,-0.18365217391304348
C1CCCCC1(N)C[NH2+]Cc2cc(O)cc(O)c2,-4.224,18,-0.2346666666666667
C1C[NH+](C)CCN1c(cc2)cc(c23)n(CCCCCC)c(n3)-c(c4)nc(NC)c(n45)nnc5C,-4.223,34,-0.12420588235294117
Cc1onc(C)c1-c(cc2)ccc2-n(nc3C)c(C)c3/C=N/N4CCN(CC4)Cc5ccccc5,-4.223,35,-0.12065714285714285
[nH]1ccnc1CCc(c(c23)ccc(Cl)c3)c([nH]2)C(=O)NCC[NH+]4CCOCC4,-4.223,28,-0.15082142857142858
[nH+]1ccccc1N(C)CCc(cc2)c(C(F)F)c(c23)[C@@H]([O-])C(F)(F)S3(=O)=O,-4.223,27,-0.1564074074074074
CC(C)S(=O)(=O)C(=O)c1ccc(cc1)-c2ccccc2,-4.222,20,-0.2111
CCCCc1cccc(c1)C[N@@H+]2CCC[C@@H](C2)n3cc(C)c(=O)[nH]c3=O,-4.222,26,-0.1623846153846154
c1cccn1CC2CC2,-4.22,9,-0.46888888888888886
Cc1nn(C)c(Cl)c1S(=O)(=O)NCc2ccc(cc2)-c3ccc(F)c(Cl)c3,-4.22,27,-0.1562962962962963
CS(=O)(=O)Nc1ccc(cc1)-c2ccc(cc2)C[C@@H]3SC(=O)NC3=O,-4.22,25,-0.16879999999999998
Fc1ccccc1-n2c(=O)n(ncn3)c3c(c24)c5c(s4)CN(CC5)CC6CCOCC6,-4.219,31,-0.1360967741935484
CN(C)C(=O)c1cccc(c1)-c2cc[nH+]c(N)c2,-4.219,18,-0.2343888888888889
CC[C@H](C)[C@H]([NH3+])C(=O)Cc1cccc(n1)Oc2ccccc2,-4.218,22,-0.19172727272727272
C[NH+](C)CCN1CCC(CC1)c2cccc(c2)[N-]S(=O)(=O)c3cccs3,-4.217,26,-0.1621923076923077
O[C@@H]1C(F)(F)Cc(c12)c(NCCC)ccc2S(=O)(=O)C,-4.217,20,-0.21084999999999998
c1nccc(c12)c(ccc2)S(=O)(=O)NCC[NH2+]CCCCc(n3)[nH]c(c34)cccc4,-4.217,30,-0.14056666666666665
C1CC1C2COC2,-4.217,7,-0.6024285714285714
Cc1ncsc1-c(c(n2)C)n(c23)ccnc3N4CCOCC4,-4.217,22,-0.19168181818181818
CCCCCCCCCCCCC/C=C/[C@@H](O)[C@H](CO)Nc1ccc(=O)n(C)c1,-4.216,29,-0.1453793103448276
COc1ccc(cc1)Cn(nn2)c(c23)[C@@](C)(O)CC[C@H]3OC(=O)c4ccc(cc4)-c5csc(n5)C,-4.216,35,-0.12045714285714286
O=C(N=1)N=c(c12)cc(cc2)-c3cc(F)c(C(F)(F)F)c(F)c3,-4.215,22,-0.1915909090909091
c1ccccc1S(=O)(=O)NCC#Cc2ccc(cc2)S(=O)(=O)c3ccc(F)c(F)c3F,-4.215,31,-0.13596774193548386
Cc1[nH+]n(C)c(C)c1CN(C)c2nc(N(C)CCC(=O)NC3CC3)nc(n2)N4CCC[C@H]4C=O,-4.215,34,-0.12397058823529411
C/C=C/Cc(c1)[n-]c2c(ccc(c2c13)n(c3[O-])C)NS(=O)(=O)c4ccccc4OC,-4.215,30,-0.14049999999999999
COc1cc(cc(c1)OC)NC(=O)OC(C)C,-4.214,17,-0.2478823529411765
CC[C@H](C)[C@H](N)C(=O)c1cccc(C)c1C,-4.214,16,-0.263375
CCCCCC(=O)N[C@@H](CO)[C@H](O)C[NH2+][C@H](C)c(n1)n(CC)c(c12)cc(C(F)(F)F)cc2,-4.213,32,-0.13165625
COc1ccc(cc1)Cn(nn2)c(c23)[C@@](C)(O)CC[C@H]3OC(=O)/N=C(\N)Cc4cccc(c4)OC,-4.213,35,-0.12037142857142857
s1cncc1Nc(c2CC)nc(N)nc2N3CC[NH+](C)CC3,-4.213,22,-0.1915
CCc1c(NC)[nH+]c(N)nc1N2C=CCC(=C2)C(=O)N,-4.213,20,-0.21065
O=C(N=1)N=c(c12)cc(cc2)-c3ccc(cc3Cl)CNCCc(n4)[nH]c(c45)cccc5,-4.212,30,-0.1404
COc1ccc(nn1)N2CCN(CC2)[NH+]3CCCC3,-4.212,19,-0.2216842105263158
COC1=C(OC)C(=O)C(=C(C)C1=O)C/C=C(/C)CCC[C@H]2CC[N@H+](C2)CC[NH3+],-4.212,28,-0.1504285714285714
c1ccc(C)c(c12)nc([nH]2)CC[NH2+]Cc3ccc(c(Cl)c3)NCCCNC(=O)c4ccc(F)cc4,-4.211,35,-0.12031428571428572
C1CCCN1S(=O)(=O)C[C@H](C2CC2)[C@@H]3CC[N@H+](CC3)Cc4cccc(n4)Oc5ccccc5,-4.211,33,-0.1276060606060606
C1COCCN1c(ncn2)c(c23)cc(c(c3)OC)-c4cccc(c4)CCCNC(=O)CC(=O)C(=O)[O-],-4.211,36,-0.11697222222222223
C1CC1COc(cc2)ccc2C(=O)c3nccn3Cc4ccccc4,-4.21,25,-0.1684
C=CC1=C(C)[C@@H](NC1=O)C(=O)c2cccc(c2)S(=O)(=O)N(CC3)Cc(c34)cccc4,-4.21,30,-0.14033333333333334
n1c(N)nn(c12)c(ccc2)-n3c(ncc3C)-c4ccc(C(F)(F)F)cc4,-4.21,26,-0.16192307692307692
COc(nn1)n(c12)nc(cc2)N3CCC(CC3)c4ccc(cc4)-c5cnn(C)c5,-4.21,29,-0.14517241379310344
CCOc1ccc(C(=O)C)cc1CCn(c(n2)SCCC(=O)[O-])c(c23)cccc3,-4.207,29,-0.14506896551724138
O=C(N=1)N=c(c12)cc(cc2)-c(c(c34)ccs4)ccc3C[C@@H]5SC(=O)NC5=O,-4.207,27,-0.15581481481481482
CS(=O)(=O)Oc1ccc(cc1)CCC(=O)c2ccc(cc2F)-c3cc(F)ccc3F,-4.207,30,-0.14023333333333332
c1nccc(c12)c(C(=O)[O-])c(C)c(n2)-c3ccc(cc3)N4CCOCC4,-4.206,26,-0.16176923076923078
NC(=[NH2+])Cc1ccc(cc1Cl)-c2ncon2,-4.206,16,-0.262875
c1ccccc1C[C@@H](C(=O)[O-])Cc(ccc2OCCC)cc2CNCc3cc(O)cc(O)c3,-4.206,33,-0.12745454545454546
CO[C@H](C(=O)[O-])Cc(c(c12)scc2)ccc1Cc([nH]n3)c(c34)cccn4,-4.205,26,-0.16173076923076923
CSc1ccc(cc1)-c2cccc(c2C)CCCN3CCOCC3,-4.204,24,-0.17516666666666666
Cc1cc(ccn1)-c2ccc(cc2)-c3cc(C)c(c(C)c3)OCCO,-4.204,25,-0.16815999999999998
N#CCCN(C)c(c(c12)cc(Br)cc2)nc(n1)NCCc3cc[nH+]cc3,-4.204,26,-0.1616923076923077
C1CC1[C@@H](C)c2cc(ncn2)N(C)CCOc3ccc(cc3)C[C@@H]4SC(=O)NC4=O,-4.204,30,-0.14013333333333333
CC(C)S(=O)(=O)c1ccc(cc1)S(=O)(=O)NCCC(F)(F)F,-4.204,22,-0.1910909090909091
Cc1cc(n[nH]1)[C@@H](C)[NH2+]CCOc2ccc(cc2)C[C@@H]3SC(=O)NC3=O,-4.203,26,-0.16165384615384618
C[C@H]1C[C@@H](C)CN(C1)c2ccc(cc2CCCCCO)C(=O)Nc3ccccc3C(=O)[O-],-4.203,32,-0.13134375
c1ccccc1NC(=O)c2ccc(cc2)-c(cn3)n(c34)CCC4,-4.203,23,-0.18273913043478263
c1cccc(c12)c(c[nH]2)C[C@H](C(=O)[O-])NS(=O)(=O)c3ccc(cc3)NCCc4cc[nH+]cc4,-4.202,33,-0.12733333333333333
O=c1[nH]c(=O)n(cc1C)-c2ccc(C(F)(F)F)c(F)c2,-4.201,20,-0.21005
COCCCNc1c[nH]cn1,-4.201,11,-0.38190909090909086
Cc1ccc(cc1)N(C)c2ccc(cc2)C(=O)NCCC(F)(F)F,-4.2,24,-0.17500000000000002
Nc1ccc(cc1)NC2CC2,-4.2,11,-0.38181818181818183
Cc1cc(on1)[C@@H](C(C)C)C(=O)N2C[C@H](O)C[C@H]2C(=O)c3cc(F)cc(Cl)c3,-4.2,28,-0.15
CC(C)S(=O)(=O)[C@H](C(=O)[O-])Cc1ccc(cc1)-c2ccccc2,-4.2,23,-0.1826086956521739
C[NH+](C)CCN1CCC(CC1)C(=O)c2c(cnn2C)C(=O)N3CCOCC3,-4.199,27,-0.1555185185185185
O=C1NC(=O)[C@@H](S1)Cc2ccc(cc2)S(=O)(=O)CC(F)(F)F,-4.199,22,-0.19086363636363635
CCCNC(=O)[C@H]1O[C@H]([C@H](O)[C@@H]1O)[C@H]2CCCN(C2)Cc3cccc(c3)Oc4ccccc4,-4.199,33,-0.12724242424242424
c1nccc(c12)c(C(=O)[O-])c(C)c(n2)-c3ccc(cc3)CCNc(n4)sc(c45)cccc5,-4.199,32,-0.13121875
C1COCCN1c(c2)cc(C)c(c23)nc([nH]3)-c4c(cc[nH]c4=O)-c(cc5)cc(c56)ccs6,-4.197,32,-0.13115625
Cc1cccc(c12)n(c(n2)CCC)[C@H]3CC[N@H+](C3)CC[NH3+],-4.196,21,-0.1998095238095238
CN(C)CC[N@H+]1CC[C@@H](CC1)CC#C[Si](C)(C)C,-4.195,18,-0.23305555555555557
Cc1nn(C)c(C)c1CN(C)c2[nH+]c(N(C)CCC(=O)NC3CC3)nc(n2)N4CCC[C@H]4C=O,-4.195,34,-0.12338235294117648
[nH+]1cccc(c12)ccc(c2)CC3CCOCC3,-4.194,17,-0.24670588235294116
OCCOCCOCCOCCc1c(Br)cc(Br)cc1Br,-4.194,21,-0.1997142857142857
CC[C@@](C)(C(=O)[O-])c1ccccc1Cc2ccccc2,-4.194,20,-0.2097
c1cc(C(F)(F)F)cc(c12)n(CC)c([nH+]2)[C@@H](C)NS(=O)(=O)c3ccccc3OC,-4.194,29,-0.1446206896551724
CCCCCCCCCCCCO[C@H]1O[C@H](CO)[C@H]([C@H](O)[C@H]1O)C(=O)N2CCNC(=O)C2,-4.194,32,-0.1310625
CC(C)C[C@H]([NH3+])/C([O-])=C/C(=O)Nc1nc(cs1)-c2ccccn2,-4.193,23,-0.18230434782608693
COc(nn1)n(c12)nc(cc2)N3CCC(CC3)c4ccc(cc4)OCCC(=O)OC(C)C,-4.193,32,-0.13103125
Cc(n1)sc(c12)ccc(c2)-c3ccc(C#N)cc3,-4.192,18,-0.2328888888888889
Cc1ccc(cc1C)Nc2[nH+]ccc(n2)N3CCC[C@H]3C=O,-4.192,22,-0.19054545454545455
CCCNC(=O)c1c(cnn1C)C(=O)C(=O)CC[C@H]2c(ccc(c3)O)c3Oc(c24)cc([O-])cc4,-4.192,34,-0.12329411764705883
C1CC1Nc(c2CC)nc(N)nc2-c3cc(F)cc(Br)c3,-4.19,21,-0.19952380952380955
NCc1cc(Cl)cc(c1Cl)C(=O)CCCCCCCCCO,-4.19,22,-0.19045454545454546
Cc1nc(C[NH+](C)C)ccc1N2CCCC2,-4.189,16,-0.2618125
C1CCCC1NS(=O)(=O)c2cc(ccc2C)-c3ccc(cc3Cl)C[NH2+]CCCO,-4.189,29,-0.14444827586206896
O=c1n(C)cc(cc1C)-c(n2)n(-c3ccco3)c(c24)ccc(Br)c4,-4.189,24,-0.17454166666666668
CCCCCCCCc1cc(C)c(c(C)c1)OC(C)(C)C(=O)[O-],-4.189,23,-0.1821304347826087
c1ccccc1-c(cc2)ccc2C(=O)NCCOc3ccc(cc3)C[C@@H]4SC(=O)NC4=O,-4.188,32,-0.130875
CCN1CCN(CC1)c(cc2)cc(c23)C=CN(C)C(=O)[C@@H]3C,-4.188,22,-0.19036363636363635
C=CCOc(cc1)cc(c12)ccc(c2)C[C@@H]3SC(=O)[N-]C3=O,-4.188,22,-0.19036363636363635
CNc1cc([nH+]c(n1)N)CCCCCCCCCCC(=O)[O-],-4.188,22,-0.19036363636363635
O=C(N1)C(C)(C)Oc(c12)cc(c(c2)OC)Nc3ccc(cc3)S(=O)(=O)NCCC(F)(F)F,-4.188,32,-0.130875
C[NH+](C)CC[N@H+](C1)CC[C@H]1c(c(n2)C)n(c23)ccnc3N4CCOCC4,-4.187,26,-0.16103846153846155
FC(F)(F)Oc(c1)ccc(c12)n(c(n2)C)-c(cn(C)c3=O)c(c34)O/C(C4)=c5\cnc([nH]5)=C6CCC6,-4.187,35,-0.11962857142857143
CC(C)(C)OC(=O)N1CCC(CC1)N2CCCOC2=O,-4.186,20,-0.20929999999999999
CO[C@@H](C)CC(=O)CCC1CCN(CC1)c2ccc(C#N)cc2,-4.186,23,-0.182
c1ccccc1C[C@@H](NC(=O)[C@H](O)[C@H](C)N)CC[NH2+]CCc2ccncc2,-4.185,27,-0.155
O=C1[N-]C(=O)[C@@H](S1)Cc2ccc(cc2)NC3CCCCCC3,-4.185,22,-0.19022727272727272
o1cccc1-n(c(c2)CC)c(c23)CCCC3=O,-4.184,17,-0.24611764705882355
CCCNC(=O)c1c(cnn1C)C(=O)N(C)c2c(C)nn(C)c2C,-4.183,24,-0.17429166666666665
Cn(c1)c(=O)ccc1-n(c(n2)C)c(c23)ccc(c3)OC(F)(F)F,-4.183,23,-0.1818695652173913
FC1(F)CC(C1)C(=O)c(cc2C(C)(C)N)nc(c2)-c3ccc(F)cc3,-4.182,25,-0.16728
COC(=O)c1ccc(c(Cl)c1)CNCCC(=O)Nc2cccc(C(=O)[O-])c2,-4.182,27,-0.1548888888888889
C1COCCC1C(=C2)N=[N+](C23)C(=O)C=C(N=3)CN[NH2+]CCC4CCCCC4,-4.181,27,-0.15485185185185185
CC(C)(O)Cn(c1)ncc1C(=O)[C@H](C(C)C)NC(=O)C2CCCCC2,-4.181,25,-0.16724
CCc1c(C)nc(N)[nH+]c1N[C@@H](Cn2cc[nH+]c2)c3ccccc3,-4.181,24,-0.17420833333333333
CCCC(=CC1=O)N=C([N+]1=2)N=C(N2)Cc3ccc(cc3C[NH3+])-c(cc4)cc(c45)[nH+]c(N)cc5C,-4.181,34,-0.12297058823529412
CC(C)(C)S(=O)(=O)C[C@H](C1CC1)c(c[nH]2)c(c23)ccc(c3)C(F)(F)F,-4.18,25,-0.1672
C1CCCN1c2ccc(cc2Cl)C[NH2+]CCc3[nH+]cc[nH]3,-4.18,21,-0.19904761904761903
O=C([O-])C(C)(C)Oc1ccc(cc1)CCn2cc[nH+]c2,-4.18,20,-0.209
[nH]1cncc1CCC(=O)c(cc2)cc(c23)c(C)c(C)n3Cc4ccc(Cl)c(c4)O[C@@H](C)C(=O)[O-],-4.178,34,-0.12288235294117647
C1COCCC1C(=C2)N=[N+](C23)C(=O)C=C(N=3)CNn4cncn4,-4.178,23,-0.18165217391304347
NC(=O)CCNCc1ccc(c(Cl)c1)CCc2c[nH+]c[nH]2,-4.178,21,-0.19895238095238094
CC(=O)N[C@H]1CC[N@H+](C1)CCC[NH2+]Cc2ccc(c(Cl)c2)-c3ccccc3,-4.178,27,-0.15474074074074073
CNc1cc([nH+]c(n1)N)N2CCN(CC2)c(ccc3C(F)(F)F)c(c34)CC[C@H]4O,-4.177,29,-0.14403448275862069
NC(=O)C1=CN(C=CC1)c2cc([nH+]c(n2)N)N3CCOCC3,-4.177,22,-0.18986363636363635
COC[C@H](C)OC[C@H]1CCCO1,-4.177,12,-0.3480833333333333
FC(F)(F)CS(=O)(=O)c1nc(ncc1C)Nc2ccc(c(F)c2)C(=O)N[C@@H]3CC[N@@H+](C)CC3,-4.176,33,-0.12654545454545454
N#Cc1cc(F)[c-]c(c1)C(=O)C(F)(F)F,-4.176,15,-0.27840000000000004
CCN(C1=O)c2ccc(c(c2c13)ccc3)C(=O)c4cccc(c4)S(=O)(=O)N(CC5)Cc(c56)cccc6,-4.176,36,-0.116
O=C(N1)C(C)(C)Oc(c12)cc(c(c2)OC)-c(cc3F)cc(c34)C(C)(C)C(=O)N4,-4.175,28,-0.14910714285714285
Cc(c1)c(C)cc(c12)sc(n2)CNc(cc3)c4[n-]c(cc(c4c35)c(O)n5C)N6CC[NH+](C)CC6,-4.175,34,-0.12279411764705882
N#C[C@H]1C[C@H](C1)[N@H+](C2CCCC2)Cc3ccccc3OCCCCCC(=O)[O-],-4.175,28,-0.14910714285714285
C1COCCN1c(n2)cc(nc2N)-c(cc3)cc(c34)n(CCOC(F)(F)F)c(n4)C5CCOCC5,-4.174,35,-0.11925714285714287
OCC[NH2+]CC[NH2+][C@H](CCC1)c(c12)cnn2-c3ccccc3F,-4.174,23,-0.18147826086956523
CSc1ccc(cc1)C(=O)Nc2nc(cs2)-c3cccc(c3)N4CCCC4=O,-4.174,28,-0.14907142857142858
Cc1nc(cs1)NNC(=O)c2cc(C(C)(C)N)cc(n2)-c3ccc(F)cc3,-4.174,27,-0.15459259259259261
Clc1cc(Cl)cc(c1)NN2CCN(CC2)C3COC3,-4.173,19,-0.21963157894736843
O[C@@H]1[C@@H](O)[C@@H](O)[C@@H](O[C@H]1C)NCCCCc2ccccc2,-4.172,21,-0.19866666666666666
CCCNC(=O)c1c(cnn1C)C(=O)CCCCC(=O)OC,-4.172,22,-0.18963636363636363
c1cccc(O2)c1OC23CCN(CC3)NCc4ccc(cc4)N5CCCCC5,-4.171,28,-0.14896428571428572
CCCc(n1)n(C(=O)[C@@H]([NH3+])CO)c(c12)cccc2C,-4.17,19,-0.21947368421052632
C[NH+](C)CCOc1ccc(Cl)cc1CCSP(=O)([O-])OP(=O)([O-])O,-4.169,24,-0.17370833333333333
COC1=C(OC)C(=O)C(=C(C)C1=O)C/C=C(/C)CCC[N@H+]2CC[C@H](C)CC2,-4.169,27,-0.15440740740740738
CNc1cc(nc(n1)N)N2CCN(CC2)c(c[nH+]c3)c(c34)cccc4,-4.169,25,-0.16676
o1cccc1-c(cc2)ccc2C(=O)N(C(C)C)Cc3ccccc3COCCO,-4.169,29,-0.14375862068965517
Cc1cc(C)nc(n12)nc(n2)CC(=O)c3cc(Cl)cc(C#N)c3,-4.168,23,-0.18121739130434783
C1C[C@H](C)Cc(c12)sc(c2C(=O)N)NCCc3ccc(cn3)[C@H](C)O,-4.168,25,-0.16672
CCCCc1ccc(cc1)-c2nccs2,-4.167,15,-0.2778
O=C([O-])CCCc(c1)n(c(c12)ccc(Cl)c2)-c3ccc(cc3)CCNC(=O)c4ccc(Cl)cc4,-4.166,34,-0.12252941176470589
C1C[NH2+]CCC1n(nnc2C)c2-c3ccc(c(c3)CN)OCc4cccnc4,-4.165,28,-0.14875
N#CCNCC#Cc1ccc(cc1)S(=O)(=O)NCCC(F)(F)F,-4.164,23,-0.18104347826086956
CC[C@H](C)[C@H](N)C(=O)c1ccc(cc1)-c(n2)c(C#N)c([O-])c(c23)cncc3,-4.164,27,-0.1542222222222222
s1ccnc1-n(c(n2)C)c(c23)ccc(c3)OC(F)(F)F,-4.163,20,-0.20815
OCCOc1c(C)cc(cc1C)N2CCN(CC2)Cc3ccccc3,-4.163,25,-0.16652
O[C@@H]1CCCN(C1)[NH2+]CCCCc2ccccc2,-4.163,18,-0.2312777777777778
c1ccccc1-c([nH]2)c(c(c23)cc(OC)cc3)CCNc4ccc(nn4)OC,-4.162,28,-0.14864285714285713
O=C([O-])c1ccccc1CN2CCC(CC2)C(=O)NC3CCCCCC3,-4.161,26,-0.16003846153846152
O[C@H]1CC[C@@H](CC1)Nc2ccncc2F,-4.161,15,-0.2774
OC[C@H](N)C(=O)CCc1cnc[nH]1,-4.161,13,-0.32007692307692304
c1ccccc1-c2onc(C[C@H](O)CO)c2C(=O)NCCOc3ccc(Cl)cc3Cl,-4.161,30,-0.1387
Cc1noc(C)c1-c2ccc(cc2)C[NH2+]NC3CCN(CC3)c4ccccn4,-4.16,28,-0.14857142857142858
CCCNC(=O)c1c(cnn1C)C(=O)C(=O)CCC2c(ccc(c3)O)c3Oc(c24)cc(O)cc4,-4.16,34,-0.1223529411764706
C[C@H]1COCCN1CCCN2CCOCC2,-4.16,16,-0.26
CC(C)C[C@H]([NH3+])C(=O)NNCC[NH3+],-4.16,13,-0.32
CCc(nn1)n(c12)nc(cc2)S(=O)(=O)CCc3c(C)cc(cc3C)N(C4(C)C)C(=O)NC4=O,-4.16,33,-0.12606060606060607
CCc(c1)nc(C)c(c12)c(c(C#N)c(=O)[nH]2)-c3ccc(cc3)NC[C@H](C)[NH+]4CCOCC4,-4.16,32,-0.13
C1C[NH+](C)CCN1c2nc(N)nc(c2CC)-c3ccccc3OCCCC(=O)[O-],-4.159,29,-0.14341379310344826
Cc1noc(C)c1-c(cc2)nc(c23)ncc(C(=O)[O-])c3C[C@H](C)[NH+]4CCOCC4,-4.159,29,-0.14341379310344826
Cc1nn(C)c(C)c1CN(C)c2nc(N(C)CCC(=O)NC3CC3)nc([nH+]2)N4CCC[C@H]4C=O,-4.159,34,-0.1223235294117647
Cc1ccccc1Nc2ccncc2,-4.159,14,-0.29707142857142854
O=C1CC=CN1c2cccc(c2)NCCCCCc3ccccn3,-4.158,24,-0.17325000000000002
COc(c1)c(OC)cc(c12)CN(CC2)CCc3ccc(cc3)NCCC(=O)NC4CC4,-4.157,31,-0.1340967741935484
COc1nc(N(C)C)ncc1C(=O)c2ccc(cc2)-c3ccccc3,-4.156,25,-0.16624
CNc1cc[nH+]c(n1)Nc(cc2)cc(c23)n(c(c3)C)[C@H]4CCN(C4)S(=O)(=O)C,-4.155,28,-0.14839285714285716
Cc1ccc(cc1)Cc2cnc([nH]2)C3CCCC3,-4.154,18,-0.23077777777777778
Nc(c1)nccc1-c(c(c2)OC)cc(c23)[nH]c4c3c(nc(n4)C)Nc(nn5C)c(c56)cccc6,-4.154,34,-0.12217647058823529
c1cccc(c12)[nH]c([nH+]2)CC[NH2+]Cc(cc3C)ccc3-c4ccc(=O)n(c4)Cc5ccccc5,-4.154,34,-0.12217647058823529
c1cccc(c12)c(c[nH]2)C[C@H](N)C(=O)N[C@@H]3CC[N@H+](CC3)CCCCCC(=O)[O-],-4.153,29,-0.1432068965517241
N#C[C@H]1C[C@H](C1)C(=O)c2ccc(cc2)-c3ccsc3,-4.153,19,-0.21857894736842104
CCc(c1)nc(C)c(c12)c(c(C#N)c(=O)[nH]2)-c3cccc(Cl)c3F,-4.153,24,-0.17304166666666665
CCCCCCCC(=O)CC(=O)SCCN[NH2+]Cc1cc(C)ccc1C,-4.153,26,-0.1597307692307692
O=C1NCCC[C@H]1C[C@@H]([C@@H](O)C(=O)N2CCC2)NCCc(c[nH]3)c(c34)cccc4,-4.152,29,-0.14317241379310344
C[C@H]1C[C@@H](C)CN(C1)c2ccc(C(=O)NC3=[NH+]NCS3)cc2Oc4ccccc4,-4.151,29,-0.14313793103448275
Cc1nn(C)c(C)c1Cc2ccc(cc2)N3CCN(C)CC3,-4.151,22,-0.18868181818181817
COc1ccc(c(C)c1)Nn2c(nccc3)c3cc4n(C)c(=O)c(c4c25)ccc5,-4.15,29,-0.14310344827586208
COC(=O)[C@H](C(C)(C)C)[NH2+]C[C@@H](OCC)CSc1ccc(c(C)c1)OCC(=O)[O-],-4.15,29,-0.14310344827586208
Cc1nnc(n12)c(NC)nc(c2)-c(n3)n(-c4c[nH]cn4)c(c35)cc(cc5)N6CCN(C)CC6,-4.15,33,-0.12575757575757576
CCC(CC)Nc1cc(C)nc(c1C)C(=O)[C@@H]([NH3+])CC(C)C,-4.15,22,-0.18863636363636366
CS(=O)(=O)N1CC[C@@H](C1)[NH+]2CCN(CC2)C(=O)CC3(CC(=O)[O-])CCCC3,-4.15,27,-0.1537037037037037
c1[nH]ncc1-c2ccc(cc2C)C[NH2+]CCc([nH+]3)[nH]c(c34)cccc4,-4.149,25,-0.16596
c1cccc(c12)sc(n2)C(=O)c(c3C)nn(CCCCCO)c3-c4ccccc4,-4.148,29,-0.14303448275862068
CCCCCCCC(=O)O[C@@H](COP(=O)([O-])OCC[NH3+])CCCCCCc1cc(C)no1,-4.147,32,-0.12959375
CC(C)CCNS(=O)(=O)c1ccc(cc1)C[C@H]2CC[C@H](C)CC2,-4.147,23,-0.18030434782608698
Cc1cc[nH+]c(c1)CCCCC[NH2+]C23C[C@H]4C[C@@H](C3)C[C@H](C4)C2,-4.147,23,-0.18030434782608698
c1cc(Cl)ccc1C(=O)NCCc2ccc(cc2)-c3cc[nH]n3,-4.147,23,-0.18030434782608698
C1CCCCC1C(=O)c2ccc(cc2)C3CCN(CC3)c(cc4)nn(c45)c(Cl)nn5,-4.147,30,-0.13823333333333335
NC(=O)CN1CCN(CC1)C(=O)c2cc(=O)[nH]c(=O)[nH]2,-4.147,20,-0.20735
Cc([nH+]1)c(C)n(c12)nc(cc2)OCc3nc(cn3C)C(=O)[C@H](O)[C@H](C)[NH3+],-4.146,26,-0.15946153846153846
COc(cc1)cc(c12)[nH+]c([nH]2)CCC(=O)[C@H](C(C)C)c3cc(C)no3,-4.146,25,-0.16584
CC(C)CCNS(=O)(=O)c1ccc(cc1)-c2csc(n2)CC(=O)N3CCN(C)CC3,-4.146,30,-0.1382
c1ccccc1-n(nc2C)c(C)c2/C=N/c3ccc(cc3Cl)C[NH2+]CCc4cnc[nH]4,-4.144,31,-0.1336774193548387
Cc1nnn(C)c1-c2cccc(n2)-c3c(C)nnn3C4CCN(C(N)=[NH2+])CC4,-4.144,28,-0.148
COc(nn1)n(c12)nc(cc2)-n3nccn3,-4.143,16,-0.2589375
C/C=C/CCCCc1ccccc1,-4.143,13,-0.31869230769230766
C1OCC1c(n2)c[nH]c2C3CCC3,-4.142,13,-0.31861538461538463
CC[C@@](C)(C(=O)[O-])c(c(n1)C)n(c12)ccnc2N3CCOCC3,-4.142,23,-0.18008695652173914
O=S(=O)Oc1ccc(cc1)-c2ccc(cc2)S(=O)(=O)CCO,-4.141,22,-0.18822727272727272
Cc1onc(C)c1-c(c(c2)OC)cc(c23)[nH]c4c3c(nc(n4)C)-c5c[nH]cn5,-4.141,28,-0.14789285714285713
O=C([O-])c1ccccc1N2CCN(CC2)C(=O)c3cc(=O)[nH]c(=O)[nH]3,-4.14,25,-0.1656
O=C([O-])CCSc(n1)n(c(c12)cccc2)CCC3CCCC3,-4.14,22,-0.18818181818181817
C1C[NH+](C)CCN1c2nc(N)nc(c2CC)C(=O)CCCCCCCCC[NH3+],-4.14,28,-0.14785714285714285
Cc1ccc(cc1)-c(n2)[nH]c(c23)cc(cc3C)N4CCOCC4,-4.14,23,-0.18
CNc1ccnc(n1)Nc(cc2)cc(c23)n(c(c3)C)Nc(cc4)cc(c45)n(nn5)C,-4.14,30,-0.13799999999999998
Cc1cccc(c12)n(c(n2)CCC)[C@H]3CC[N@H+](C3)CCN,-4.14,21,-0.19714285714285712
O=C([O-])COc1ccc(cc1C)SCc2nnc(s2)-c3ccc(F)c(Cl)c3,-4.139,27,-0.1532962962962963
O=C([O-])c1c(O)cc[n+](c1O)C(c2ccccc2)c3ccccc3,-4.139,24,-0.17245833333333335
c1cccc(c12)C(=O)c3c(C2=O)nnn3C4CCCCC4,-4.139,21,-0.1970952380952381
O=C([O-])/C(O)=C/C(=O)C(=O)c1ccc(Cl)cc1,-4.139,17,-0.24347058823529413
CNC(=O)c1cccc(c1)S(=O)(=O)C(=O)[C@@H](C2)Oc(c23)c(cc(Cl)c3)-c4ccnc(N)c4,-4.138,32,-0.1293125
c1cc(F)ccc1C(=O)NCCCNCC[NH2+]C/C=C/c2ccc(Br)cc2,-4.138,27,-0.15325925925925926
c1cc(Br)c([O-])c(c12)nc(N)cc2C(=O)c3ccsc3C(=O)[O-],-4.137,23,-0.17986956521739128
c1cccc(c12)cc(cn2)C(=O)CCOCCOCCO,-4.137,21,-0.19699999999999998
CCOC(=O)c1csc(n1)C(=O)[C@H](CO)NC(=O)CCCCCCCCC[NH3+],-4.137,28,-0.14775
c1cc(C)cc(c12)[nH+]c([nH]2)CCNc(cc3)cc(c34)N(C5CC5)C(C)(C)C(=O)N4C,-4.137,30,-0.1379
N1CCCC[C@@H]1c2n(nnc2C)C3CCN(CC3)CC[NH+](C)C,-4.136,23,-0.17982608695652175
CC[C@@H](C(=O)[O-])Cc1ccc(cc1)C(=O)c(cc(C)c2)c(c23)oc(n3)N,-4.136,26,-0.1590769230769231
CCc(c1)nc(C)c(c12)c(c(c([n-]2)=O)C#N)-c(nc(c34)ccs4)nc3N(C)CCC#N,-4.135,31,-0.13338709677419355
CC(C)C[C@H](N)C(=O)NC(=O)c1nccn1Cc2ccccc2,-4.135,23,-0.17978260869565216
CCOC(=O)c1csc(n1)[C@H]2C[C@H](O)[C@H](O2)COP(=O)[O-],-4.135,21,-0.1969047619047619
Cc1cc(OC)cc(c12)c(c3c(n2)[nH]nc3C)CNC4CCCC4,-4.135,24,-0.17229166666666665
Cc(n1)sc(c12)ccc(c2)-c(cc3)cc(c34)C=CN(C)C(=O)[C@@H]4C,-4.135,24,-0.17229166666666665
C/C=C/CCCC/C(C)=C/CSP(=O)([O-])OP(=O)([O-])O,-4.134,20,-0.20670000000000002
Cc1nc(C[NH+](C)C)ccc1-c(cc(c23)nccc3)cc2-c4c(C)noc4C,-4.134,28,-0.14764285714285716
C[NH+]1CCN(CC1)CCNc2ccc(cn2)S(=O)(=O)C3CC3,-4.132,22,-0.1878181818181818
CNc1cc(nc(n1)N)Nc2cc(OC)cc(c2)OC,-4.132,20,-0.20659999999999998
Clc(c1)cc(Cl)cc1NC(=O)Nc2ccccc2C(=O)N3CCSCC3,-4.132,26,-0.15892307692307692
C1OC[C@H]([C@H]12)[C@@H]2NC(=O)[C@H](CO)NC(=O)CCCCCCCCCO,-4.131,25,-0.16524
Cc1cc(C)nc(n12)nc(n2)CC(=O)c3ccc(S(=O)(=O)C(F)(F)F)cc3[N+](=O)[O-],-4.131,30,-0.13770000000000002
Cc1ccccc1CN(c2ccc(C#N)c(Cl)c2)[C@H]3CC[N@H+](C3)N4CCN(C)C(=O)[C@H]4C,-4.131,32,-0.12909375
O=C1C=CCN1c2cccc(c2)NC(=[NH+]3)CSc(c34)cccc4,-4.131,23,-0.1796086956521739
Fc1cc(F)ccc1Oc(ccc2NS(=O)(=O)CC)c(c2)-c3cc(C)nc(n3)CCC(=O)[O-],-4.13,33,-0.12515151515151515
O=C([O-])c1cc(CC)nc(c12)n(nc2C(CC)CC)-c3ccc(C#N)c(C)c3,-4.129,28,-0.1474642857142857
O=c1n(C)cc(cc1C)-c(cc2)cc(c23)n(c(n3)C4CCOCC4)CCc5cnc[nH]5,-4.129,31,-0.13319354838709677
CCOC(=O)c1csc(n1)C(=O)C2CCCCC2,-4.129,18,-0.22938888888888886
C[NH+](C)CC[N@H+]1CC[C@@H](CC1)c2ccccc2C(=O)c3ccccc3,-4.128,25,-0.16512000000000002
n1cccc(c12)c([nH]n2)C[NH+]3CCCCC3,-4.127,16,-0.2579375
n1cccc(c12)c([nH]n2)Cc3c[nH]c[nH+]3,-4.127,15,-0.27513333333333334
CNCc1ccccc1-c2cc(F)cc(F)c2,-4.126,17,-0.2427058823529412
COC[C@H](C)c(c1)c(OC)cc(c12)c3c([nH]2)nc(C)nc3Nc(nn4C)c(c45)cccc5,-4.126,32,-0.1289375
C1CCCC1N([C@H](C)C(=O)N2C)c(c23)cc(cc3)C(=O)c4ccc(cc4Cl)C[NH2+]CCCO,-4.126,33,-0.12503030303030305
CCC(CC)n(nn1)c(c12)[C@](C)(O)CC[C@H]2OC(=O)NC(C)C,-4.126,23,-0.1793913043478261
NC(=O)c1ncc(cn1)C(=N2)CSc(c23)cccc3,-4.126,19,-0.21715789473684213
CNc1cc(nc(n1)N)N2CCN(CC2)c3c(-c4ccccc4)ncn3Cc5ccc(Cl)cc5,-4.125,34,-0.1213235294117647
Cc1ccccc1CC(=O)c2cc([nH+]c(n2)N)NC3CC3,-4.125,21,-0.19642857142857142
O=C1[N-]C(=O)[C@@H](S1)Cc2ccc(cc2)-c3cccc(Cl)c3,-4.125,21,-0.19642857142857142
n1cn(C)c(c12)cccc2-c(cc3)cc(c34)nccc4,-4.125,20,-0.20625
[O-]c1ccc(F)cc1C(=O)C[C@H]2CC[C@H](C(=O)[O-])CC2,-4.124,20,-0.2062
CO[C@@H](C)Cc([nH+]1)[nH]c(c12)cc(cc2)NC(=O)c3c(Cl)cnn3CC(C)C,-4.123,27,-0.1527037037037037
O=C([O-])CC[C@@H](C)c(sc1S(=O)(=O)C)c(c12)CCC(F)(F)[C@H]2O,-4.123,23,-0.1792608695652174
Cc1cc([nH]n1)[C@@H](C)N[NH2+]CC23C[C@H]4C[C@@H](C3)C[C@H](C4)C2,-4.123,21,-0.19633333333333333
CCCCCCCCCCCCCCC[C@@H](O)[C@H](CO)[NH2+][C@@H]1CC[N@H+](CC1)CCN(C)C,-4.123,32,-0.12884375
CC1=NCS[C@@H]1c2ccc(cc2)CNC(=O)[C@@H]3C[C@@H](O)C[N@H+]3[C@@H]4CCCNC4,-4.122,28,-0.14721428571428571
O=C([O-])c1cc(CC)nc(c12)n(nc2C(CC)CC)-c3ccc(cc3)OCC4CC4,-4.122,30,-0.1374
COc1cccc(c1)-c(cc2)cc(c23)oc(c3CC(=O)[O-])N(C)c4c(C)nn(C)c4C,-4.121,31,-0.13293548387096776
O=C([O-])C/[NH+]=C/C(=O)CCCCc([nH]n1)c(c12)cccn2,-4.12,21,-0.1961904761904762
CC(=O)NCCC(=O)Nc(c(n12)nnc2C)cc(n1)-c3ccc(C)c(c3)[N@H+]4CC[C@H](O)CC4,-4.119,33,-0.12481818181818181
OCCOC[NH2+]C1CCN(CC1)c2ccccn2,-4.118,18,-0.2287777777777778
O=C(N1)C(C)(C)Oc(c12)cc(c(c2)OC)NC(=O)c(c3)oc(c34)cccc4,-4.118,27,-0.15251851851851853
COC(=O)N(CC1)CCC12CN(C2)c3ccc(cc3)C[C@@H]4SC(=O)[N-]C4=O,-4.118,27,-0.15251851851851853
C[NH2+]Cc1ccc(cc1)-c(nc(c23)ccs3)nc2N(C)CCC#N,-4.117,24,-0.17154166666666668
CCN(C1=O)c2ccc(c(c2c13)ccc3)-c4ccccn4,-4.116,21,-0.19599999999999998
n1cncn1NC23C[C@@H]4C[C@H](C3)C[C@@H](C4)C2,-4.115,16,-0.2571875
COc1cc(OC)cc(c12)nc([nH]c2=O)-n(cc3)c(=O)n(c34)ccn4,-4.115,25,-0.1646
[NH3+]CC[NH2+]Cc1ccccn1,-4.115,11,-0.3740909090909091
O=C([O-])c1ccc(cc1)CNCC[NH+]2CCOCC2,-4.115,19,-0.21657894736842107
[nH+]1cccc(c12)c(c(C)cc2)N3CCC(C)CC3,-4.114,18,-0.22855555555555554
CN1CC[NH+](CC1)c2ccc(cc2)NCCC3CCCCC3,-4.114,22,-0.187
N#CCCN(C)c(c(c12)sc(c2)C(C)(C)C)nc(n1)[C@H]3CCC(=O)NC3=O,-4.113,27,-0.15233333333333335
COc1cccc(c1)OCC(=O)CCCN2CCOCC2,-4.113,21,-0.19585714285714287
CS(=O)(=O)Oc1ccc(cc1)CCCc2cccc[nH+]2,-4.112,20,-0.2056
C[C@H](O)c1ccc(nc1)CCN2CCNC(=O)C2,-4.112,18,-0.22844444444444445
CC(C)C[C@H](N)C(=O)Nc1ccc(Cl)c(c1)[N-]S(=O)(=O)C(C)(C)C,-4.111,24,-0.17129166666666665
c1ccccc1C(\O)=C\C(=O)c(on2)c(c23)cccc3,-4.111,20,-0.20554999999999998
Fc1cc(F)ccc1Oc(ccc2NS(=O)(=O)CC)c(c2)C(=S)NCc3ccco3,-4.111,30,-0.1370333333333333
N#Cc1c(=O)[n-]c(cc1[S@](=O)C)C(=O)c2cc(F)ccc2[O-],-4.111,22,-0.18686363636363634
O=c1n(C)ncc(c1C)-c(cc2)cc(c23)O[C@@H](C(=O)N3)CC4CC4,-4.11,24,-0.17125
CCCCCCCc1ccc(C#N)n1C,-4.11,15,-0.274
N#Cc1c(=O)[nH]c(cc1[S@](=O)C)-c2cccc(c2)CC(=O)NCC[NH3+],-4.109,25,-0.16436
C#CCn1cnc(-c2cccn2C)c1-c3ccc(OS(=O)=O)cc3,-4.109,24,-0.17120833333333332
CC[C@H](C)[C@H](N)C(=O)CC#Cc1ccc(cc1)C(=O)NCCC(F)(F)F,-4.109,26,-0.15803846153846154
COC(=O)CC(=O)NCCC[NH2+]Cc1ccc(c(Cl)c1)-c2ccc(C(=O)[O-])cc2,-4.108,29,-0.14165517241379308
O=C([O-])CCC[C@@H](O)/C=C/Cc1n[nH]c(n1)-c2ccc(F)cc2,-4.107,23,-0.17856521739130435
C1CC(F)(F)[C@@H](O)c(c12)c(S(=O)(=O)C)sc2-c3ccc(S(=O)(=O)N)cc3,-4.107,26,-0.15796153846153846
CNc1cc[nH+]c(n1)CCCCCCCCc2cccc(OC)c2C(=O)OC,-4.107,28,-0.14667857142857144
OCCS(=O)(=O)c1ccc(cc1)NCCC[NH2+]Cc2ccc(c(Cl)c2)-c3ccccc3,-4.106,31,-0.1324516129032258
CCCn(c1[O-])c(=O)n(CCC)c(c12)nc(n2)-c3ccc(c(F)c3)C(=O)N[C@@H]4CC[N@@H+](C)CC4,-4.106,34,-0.12076470588235294
COc1ccc(cc1Cl)CCc(n2)n(C[C@H](C)[NH+]3CCOCC3)c(c24)ccc(c4)-c5ccn[nH]5,-4.106,34,-0.12076470588235294
O=S(=O)Oc(cc1)ccc1-c2c(ncn2CC#C)-c3cc(Cl)ccc3OCC[NH+](C)C,-4.105,31,-0.1324193548387097
CC(C)C(C(C)C)NC(=O)Cc1cccc(c1)CC(=O)[O-],-4.105,21,-0.1954761904761905
Cc1cccc(c12)n(c([nH+]2)CCC)[C@H]3CCN(C3)CC[NH3+],-4.104,21,-0.19542857142857142
CCCCCCCCC(=O)n(c(n1)SCCC(=O)[O-])c(c12)cccc2,-4.104,25,-0.16416
COc1ccc(c(C)c1)N[NH2+]C(C)C,-4.104,14,-0.29314285714285715
C1=CC1[NH2+]CC23C[C@H]4C[C@@H](C3)C[C@H](C4)C2,-4.104,15,-0.2736
C[N+](C)(C)C1CCN(CC1)c2cc(F)c(c(F)c2)-c3ccccc3F,-4.104,25,-0.16416
C1OCC[C@@H]1c2ccc(cc2OC)CNCCc(n3)[nH]c(c34)cccc4,-4.103,26,-0.1578076923076923
n1ocnc1-n(c(n2)C)c(c23)ccc(c3)OC(F)(F)F,-4.103,20,-0.20515
COCCOCCOCC[N@H+]1CCOC[C@@H]1c2ccccc2,-4.102,22,-0.18645454545454546
FC(F)(F)c1cccc(c1C)[C@@H](C)[N@H+]2CCCNC[C@H]2C,-4.102,21,-0.19533333333333336
O=C([O-])C(C)(C)[NH+]1CC[NH2+]CC1,-4.102,12,-0.3418333333333334
CCCn(c1=O)c(=O)n(CCC)c(c12)nc([nH]2)N3CCN(CC3)c4ccc(Cl)c(Cl)c4,-4.101,31,-0.13229032258064516
C[C@H]1COC(=N1)c2ccc(c(Cl)c2)Nc(c3)c(O)cc(c34)NC(=O)C(O4)(C)C,-4.101,28,-0.1464642857142857
CCCCCC(=O)O[C@H](Cc1cc[nH+]c(C)c1)COP(=O)([O-])OCC[N+](C)(C)C,-4.101,29,-0.1414137931034483
COCCCN[C@@H]1O[C@H](CO)[C@@H](O)[C@H]1O,-4.1,15,-0.2733333333333333
CCC(CC)c1c(C)nnn1C2CCN(CC2)CC[NH+](C)C,-4.1,22,-0.18636363636363634
c1ccccc1Oc2cccc(n2)C[N@H+]3CC[C@@H](CC3)CCc4cnc[nH]4,-4.1,27,-0.15185185185185185
Cc1cc(F)cc(C)c1-c(cc(n2)N)c(c23)ccc(Br)c3O,-4.099,22,-0.18631818181818183
COC(=O)CCCCc1cccc(c1)NC(=O)C,-4.099,18,-0.22772222222222224
OC[C@H]1CCCN1C(=O)c(cc2)cc(c23)c(C)c(C)n3Cc4ccc(Cl)c(c4)O[C@@H](C)C(=O)[O-],-4.098,34,-0.12052941176470588
c1cccc(c12)c(on2)C(=O)N[C@H](CCC3)c(c34)cnn4Cc5ccccn5,-4.098,28,-0.14635714285714285
C1CC1Nc(c2CC)nc(N)nc2-c(c(Cl)cc3)c(c34)nnn4Cc([nH]n5)c(c56)cccn6,-4.098,33,-0.12418181818181817
C1COCCN1c(c2)cc(C)c(c23)[nH]c(n3)-c4c(=O)[nH]ccc4[C@H]5CC[C@H](O)CC5,-4.097,30,-0.13656666666666667
C1CC[C@@H]([N@@H+]12)CN(CC2)n3ncc(Cl)c3C(=O)Nc(cc4)cc(c45)[nH]c(n5)-c6ccccc6,-4.097,33,-0.12415151515151517
CN1CCN(CC1)CCc2ccc(F)c(F)c2F,-4.096,18,-0.22755555555555557
CNc1cc([nH+]c(n1)N)N2CCN(CC2)N[C@H](C(=O)[O-])Cc(c[nH]3)c(c34)cccc4,-4.096,30,-0.13653333333333334
C/C=C/CC(=O)O[C@H](CC[C@@]1(C)O)c(c12)nnn2Cc3ccc(OC)cc3,-4.094,27,-0.15162962962962964
CCc1c(NC)nc(N)nc1-c2ccc(cc2)NS(=O)(=O)C,-4.094,22,-0.1860909090909091
Cc1nn(C)c(C)c1NS(=O)(=O)c2ccc(nc2)NCCc3ccn(n3)C,-4.094,27,-0.15162962962962964
[nH]1ccc(c12)c(ncn2)CC(=O)Nc3ccc(cc3)-c(n4)sc(c45)cccc5,-4.093,28,-0.14617857142857144
CC(C)NC(=O)O[C@H](CC[C@@]1(C)O)c(c12)nnn2C(F)(F)F,-4.092,22,-0.18599999999999997
Cc1cc(n[nH]1)[C@@H](C)[NH2+]CC#Cc2ccc(cc2)S(=O)(=O)NCCC(F)(F)F,-4.091,28,-0.14610714285714285
C1CCN1c([nH+]2)c[nH]c2C3CCC3,-4.091,13,-0.3146923076923077
c1cccc(c12)c(c[nH]2)C[C@H](N)C(=O)c3ccc(cc3Cl)C[NH2+]CCc([nH+]4)[nH]c(c45)cccc5,-4.091,34,-0.12032352941176472
CCCCCCCCCCCC(=O)C(=O)C([O-])(C(F)(F)F)C(F)(F)F,-4.091,25,-0.16364
CC(=O)c1ccc(cc1)CNS(=O)(=O)c2c(C)nn(C)c2Cl,-4.09,22,-0.1859090909090909
Cc1noc(C)c1S(=O)(=O)CCCNS(=O)(=O)C,-4.09,18,-0.22722222222222221
O=C([O-])CCC[C@@H](O)\C=C\Cc(nc1N)cc(n1)N2CC[NH+](CC2)C3COC3,-4.09,28,-0.14607142857142857
CCCCCCCCCCCCCCC[C@@H](O)[C@H](CO)Nn1nccn1,-4.09,26,-0.15730769230769232
CNc1cc[nH+]c(n1)N(CC2)Cc(c23)cc(c(c3)OC)OCCOCCOCCOC,-4.089,31,-0.1319032258064516
CC(C)Cc(nn1C)c(c1C)Nc2nc(ncc2Cl)Nc3ccc(cc3)N4CC[NH+](C)CC4,-4.089,33,-0.12390909090909093
Cn1cc(cn1)-c(c2)nc(n23)cc(c(c3)C#N)NC(=O)c4c(cnn4C)C(=O)N5CCOCC5,-4.088,34,-0.12023529411764707
CNc1ccnc(n1)N(CC2)Cc(c23)cc(c(c3)OC)OCCOCCOCCOC,-4.088,31,-0.1318709677419355
CC(C)Cc([nH+]n1C)c(c1C)NCCC(=O)N,-4.088,17,-0.24047058823529413
CCN1CC[NH+](CC1)Cc2ccc(cc2C(F)(F)F)Nc3cn(C)nn3,-4.087,26,-0.1571923076923077
FC(F)(F)CCNC(=O)c1ccc(cc1)C#CCCCOCCO,-4.087,24,-0.17029166666666665
CC(C)Cc(nn1C)c(c1C)Nc(c(c23)ccs3)ccc2C[C@@H]4SC(=O)[N-]C4=O,-4.087,29,-0.14093103448275862
C1COCCN1c(o2)cc(=O)c(c23)scc3C[C@H]4CC[C@H](C(=O)[O-])CC4,-4.087,26,-0.1571923076923077
CC[NH+]1CCN(CC1)Cc2ccc(cc2C(F)(F)F)Nc3cn(C)nn3,-4.086,26,-0.15715384615384617
c1cccc(c12)c(c[nH]2)C[C@H](C(=O)[O-])c(nc3N)cc(n3)N4CCN(CC4)C5COC5,-4.085,31,-0.1317741935483871
CC(C)C[NH2+]CC(=O)C(=O)/C([O-])=C/C(=O)NCCCc1cccc(c1)Oc2ccccc2,-4.085,32,-0.12765625
CS(=O)(=O)NCCCc1ccc(cc1OC)C[NH2+]CCc([nH+]2)[nH]c(c23)cccc3,-4.084,29,-0.14082758620689653
O=[N+]([O-])c1ccccc1C(=O)NCCC(c2ccccc2)c3ccccc3,-4.084,27,-0.15125925925925923
Cc1noc(C)c1-c(cc2)cc(c23)ncc(C(=O)[O-])c3S(=O)(=O)c(ccc4)c(c45)c(C)cnc5,-4.084,34,-0.12011764705882352
c1ccccc1Oc2cccc(n2)C[N@H+]3CC[C@@H](CC3)CCc4c[nH]cn4,-4.084,27,-0.15125925925925923
COc1ccccc1S(=O)(=O)Nc(cc2)c3[nH]c(NCCO)cc(c3c24)c([O-])n4C,-4.083,30,-0.1361
C1COCC[N+]1=c(o2)cc(O)c(c23)scc3-c4ccc(c(F)c4)N5CCSCC5,-4.083,29,-0.14079310344827586
c1cncc(c12)c([O-])c(C#N)c(n2)-c3cccc(c3)[N-]S(=O)(=O)c4cccs4,-4.083,28,-0.14582142857142857
Cc1cc(C)c(c(C)c1)S(=O)(=O)c(nc(n2)C)c(c23)c(no3)C,-4.083,23,-0.17752173913043479
CCOC(=O)c1cnn(C)c1C(=O)N2CCN(CC2)Cc3ccccc3,-4.083,26,-0.15703846153846154
O=C([O-])C[C@H](C)CCCc1[nH]ncc1-c2ccncc2,-4.083,20,-0.20415
[NH3+]Cc(cc1)ccc1-c(n(n2)C)c(c23)ncn(c3=O)C[C@@]4(O)CC[N@H+](CC4)Cc5ccccn5,-4.082,34,-0.12005882352941176
COC(=O)[C@H](C(C)(C)C)NC(=O)c(c(c12)cccc2)nn1-c(n3)oc(c34)cccc4,-4.081,30,-0.13603333333333334
Cc1cccc(c12)n(c([nH+]2)CCC)C(=O)OCc3ccccc3,-4.081,23,-0.17743478260869566
COC(=O)[C@H](C(C)(C)C)NC(=O)O[C@H](CC[C@]1(C)O)c(c12)nnn2Cc3ccc(OC)cc3,-4.081,33,-0.12366666666666667
CCNN(C(C)C)Cc1ccccc1OCCCCCC(=O)[O-],-4.08,23,-0.1773913043478261
CC(C)C[NH2+]CC(=O)c(cc1=O)oc(c12)c(c([O-])cc2O)[C@H]3CC[N@H+](C)C[C@H]3O,-4.08,29,-0.1406896551724138
FC(F)(F)CCNS(=O)(=O)c1ccc(cc1)C#CCNc(cc2)nn(c23)c(Cl)nn3,-4.079,30,-0.13596666666666665
Cn1cc(cn1)-c2cnc(N)c(c2)-c3ccc(C#N)n3C,-4.078,21,-0.1941904761904762
COc1ccc(cc1OC)-c2c(C)ccn(c2=O)Cc([nH]n3)c(c34)cccn4,-4.078,28,-0.14564285714285716
c1cc(C)cc(c12)c(c[nH]2)Cc(c3CC)nc(N)nc3N4CCN(C)CC4,-4.077,27,-0.151
c1ccccc1Oc2cccc(c2)Cc(cn3)n(c34)CCC4,-4.077,22,-0.18531818181818183
COc1ccc(cc1)Cn(nn2)c(c23)[C@@](C)(O)CC[C@H]3OC(=O)[C@H](O)[C@H](C)[NH3+],-4.077,28,-0.14560714285714285
n1cccnc1-n(c(=O)n2C)c(=O)c(c23)c(C)c(cc3)C(=O)C4=C(O)CCCC4=O,-4.077,30,-0.1359
COCCCNC(=O)[C@@H](c1cccnc1)N(COCCO)c2ccc(C(C)(C)C)cc2,-4.076,31,-0.13148387096774192
[NH2+]=c([nH]1)[nH]c(c12)c(cc[nH+]2)NCCC(c3ccccc3)c4ccccc4,-4.075,26,-0.15673076923076923
Cc1noc(c12)nc(C)nc2-n3ccc(=O)c(C(=O)[O-])c3O,-4.075,22,-0.18522727272727274
C1CCCC1(CC(=O)[O-])CC(=O)N2CCN(CC2)c3ccc(cc3)C[C@H]4SC(=O)[N-]C4=O,-4.074,32,-0.1273125
O=C1[N-]C(=O)[C@@H](S1)Cc2ccc(cc2)S(=O)(=O)CC(F)(F)F,-4.074,22,-0.18518181818181817
C[NH2+]Cc1cc(nn1C)-c2nccc(n2)Nc3c(C)cc(/C=C/C#N)cc3C,-4.074,28,-0.1455
C1CC1S(=O)(=O)[N-]c2ccc(c(C(F)(F)F)c2)C[NH2+]CCNc(n3)sc(c34)cccc4,-4.074,31,-0.13141935483870967
CC(C)C(C(C)C)NC(=O)Cc1c[nH]c(n1)C2CCCC2,-4.074,21,-0.194
N#Cc(c1Cl)ccc(c1C)-c2ccc(cc2)CC[NH3+],-4.073,19,-0.2143684210526316
CC(C)CCc1ccc(cc1)N2CCN(C)CC2,-4.073,18,-0.2262777777777778
FC(F)(F)CCNn(c(=O)n1C)c(=O)c(c12)c(C)c(cc2)C(=O)C3=C([O-])CCCC3=O,-4.073,31,-0.13138709677419355
C1CC1Nc(c2CC)nc(N)[nH+]c2-c3ccc(cc3)C[C@@H]4SC(=O)NC4=O,-4.072,27,-0.15081481481481482
CCOC(=O)Cc1nc(cs1)C(=O)OC(C)(C)C,-4.072,18,-0.2262222222222222
CC(C)(C)S(=O)(=O)CCCC(=O)/C=[NH+]/CC(=O)[O-],-4.072,18,-0.2262222222222222
OC[C@H](N)C(=O)CCc1c[nH+]c[nH]1,-4.071,13,-0.3131538461538461
CCn(cn1)c(c12)c(=O)[nH]c(=O)n2-c3nc(ncc3Cl)Nc4ccc(cc4)N5CCN(C)CC5,-4.07,34,-0.11970588235294119
C/C=C/CCCCCCCC(=O)S(=O)(=O)c1ccc(nc1)NCCN2CC[NH+](C)CC2,-4.07,31,-0.13129032258064516
COc1ccc(nn1)N2CCN(CC2)c(cc3)c4[nH]c(cc(c4c35)c(O)n5C)N6CCN(C)CC6,-4.07,35,-0.1162857142857143
O[C@@H](C1)CCCN1c(oc2C)[nH+]c2CCCc3ccc(cc3)C[C@@H](C(=O)[O-])n4cccc4,-4.069,32,-0.12715625
CC(C)C(C(C)C)[NH2+]NCC12C[C@H]3C[C@@H](C2)C[C@H](C3)C1,-4.069,20,-0.20345
NCC[NH2+]CCOc1ccc(cc1)C2CCN(CC2)c(cc3)nn(c34)c(Cl)nn4,-4.067,29,-0.14024137931034483
O=C1[N-]C(=O)[C@@H](S1)Cc2ccc(cc2)Nc(cc3)cc(c34)[nH]c(n4)-c5ccccc5,-4.067,30,-0.13556666666666667
NC(=[NH2+])N(CC1)CCC1n(nnc2C)c2N(C3=O)C(=O)N[C@]34C[C@H](C4)c5ccccc5,-4.067,31,-0.1311935483870968
Cc1nc(cs1)-c2ccc(cc2)C(=O)N3CCOC[C@@H]3c4ccccc4,-4.067,26,-0.15642307692307694
COC1=C(OC)C(=O)C(=C(C)C1=O)C/C=C(/C)CCCc2ncc[nH]2,-4.067,25,-0.16268000000000002
C1COCCN1[C@@H](C)Cc2c[nH]cn2,-4.067,14,-0.29050000000000004
CCCC[C@@H](C)C(=O)[O-],-4.065,9,-0.4516666666666667
OCCOc1c(C)cc(cc1C)-c(c2)oc(c23)c(cn(c3=O)C)-c4[nH]nc(C#N)c4C,-4.065,31,-0.13112903225806452
[NH3+]CCCCCCCCCC(=O)CCCCCc1cc(no1)COCOCCO,-4.065,29,-0.14017241379310347
c1cnccc1NC(=O)C(C)(C)Oc2ccc(cc2)CCNC(=O)c3ccc(Cl)cc3,-4.064,31,-0.1310967741935484
CC(C)C(C(C)C)[NH2+]CCC[NH+]1CCOCC1,-4.064,17,-0.23905882352941177
C[NH+](C)CCOc1ccc(Cl)cc1Nc(c2)c(O)cc(c23)NC(=O)C(O3)(C)C,-4.063,28,-0.14510714285714285
CNc1[nH+]c(N)nc(c1CC)C/C=C(/C)CCC(=O)[O-],-4.063,20,-0.20315
O=C1NC(=O)[C@@H](S1)Cc(c(c23)scc3)ccc2-c4ccsc4,-4.063,22,-0.18468181818181817
[NH2+]1CCCC[C@@H]1N(C)CCO[C@@H]2CC[C@@H](CC2)C[C@@H](C([O-])=O)C(=O)c(cc3)nc(c34)cccc4,-4.062,34,-0.11947058823529412
Cc1cccc(c12)n(c(n2)CCC)[C@H]3CCN(C3)CC[NH3+],-4.062,21,-0.19342857142857145
O=S1(=O)C(F)(F)[C@H]([O-])c(c12)c(C(F)F)c(cc2)Nc3nccs3,-4.061,23,-0.17656521739130435
c1ncccc1[C@@H](N2CC[NH2+]CC2)C(=O)NC3CCCCC3,-4.061,22,-0.18459090909090908
CCN(C(=O)C1)c(c12)ccc(c2)-c3n[nH]c(n3)-c4ccccc4,-4.061,23,-0.17656521739130435
COC(=O)c1ccccc1S(=O)(=O)[C@@H](C2CC2)CS(=O)(=O)C(C)(C)C,-4.06,25,-0.1624
C1CC1[C@@H](C)[NH2+]CCO,-4.059,9,-0.451
COCCOCCC(=O)N1CCS[C@@H](CC1)c2cccs2,-4.059,21,-0.19328571428571428
Cc1cc([nH]n1)[C@@H](C)Nc(c(c23)cn[nH]c3=O)ncc2-c4ccc(CN(C)C)nc4C,-4.059,31,-0.13093548387096773
CC(C)C[C@H](N)C(=O)Nc(c(c12)CN(S(=O)(=O)C)CC2)nn1CCCN3CCOCC3,-4.058,31,-0.1309032258064516
COC(=O)CCCC[C@H](C(=O)[O-])Cc1ccc(cc1)-c2ccccc2,-4.058,25,-0.16232
Cc1n[nH]c(C2CC2)c1S(=O)(=O)c3cccs3,-4.058,17,-0.23870588235294116
COc(cc1)cc(c12)c(CCC(=O)[O-])cn2-n(cn3)c(c34)nc(I)nc4N,-4.057,27,-0.1502592592592593
CC(=O)N[C@H]1CCN(C1)c2ccc(cc2F)C3=NO[C@@H](C3)CNN[C@H](C)c4cc(C)[nH]n4,-4.057,32,-0.12678125
c1ccccc1[C@@H](C)Nc(cc2)cc(c23)N([C@H](C)C(=O)N3C)c4cc[nH+]c(n4)N,-4.056,29,-0.13986206896551726
n1[nH]ccc1-c2n(nnc2C)C3CCN(CC3)CC[NH+](C)C,-4.055,22,-0.1843181818181818
C1CC1Oc2ccc(cc2OC)C(=O)[C@@H]3O[C@@H](C)[C@H](O)[C@@H](O)[C@H]3O,-4.053,24,-0.168875
O=C1CCCC(=O)C1=C([O-])c(cc2)c(C)c(c23)c(=O)n(-c4ccccc4)c(n3)C(=O)Nc5ccncc5,-4.053,37,-0.10954054054054053
CCCCC(=O)OC[C@H](CO)c1cn(C)c([nH+]1)CCc(cc2)c(C)n(c23)c(C)c([nH+]3)C,-4.052,31,-0.13070967741935482
Oc1c(C)cc(cc1C)Nc(cc2)c3[n-]c(cc(c3c24)c(O)n4C)N5CC[NH+](C)CC5,-4.051,31,-0.1306774193548387
CC(=O)N[C@H]1CCN(C1)c2ccc(cc2F)C3=NO[C@@H](C3)CN4CCC[C@H]([NH3+])C4,-4.051,29,-0.1396896551724138
C=CCOc(n1)c(N)c(C(=O)[N-]S(=O)(=O)C)c(c12)cc(F)cc2,-4.051,23,-0.1761304347826087
c1ccc(C)c(c12)[nH]c(n2)CC[NH2+]Cc3ccc(c(Cl)c3)-c4[nH]nc(n4)-c5ccc(F)cc5,-4.05,33,-0.12272727272727273
c1ccccc1-c(cc2)ccc2C(=O)N(C3CC3)Cc4ccccc4N(CC5)C[C@H]([N@H+]56)CCC6,-4.049,34,-0.11908823529411766
CC(=O)N1CCC(CC1)CNc2c(C)nnn2C3CCN(CC3)CCN(C)C,-4.049,28,-0.14460714285714288
CCn1c(=O)[n-]c(=O)c(c12)[C@H](c3ccc(C)cc3)C(=C(C)N2)C(=O)Cc4ccc(F)cc4,-4.048,32,-0.1265
C#CCn1c[nH+]c(-c2cccn2C)c1-c3ccc(OS(=O)=O)cc3,-4.048,24,-0.16866666666666666
N/C([O-])=C/C(=O)c1ccc(F)cc1,-4.048,13,-0.31138461538461537
c1ncc(C)c(c12)c(ccc2)S(=O)(=O)N3CCOC[C@@H]3C,-4.048,21,-0.19276190476190477
n1nc(C)n(c12)cc(cc2)-n(c3c(n4)c(=O)[nH]c(=O)n3)c(c45)cc(C)c(C)c5,-4.048,28,-0.14457142857142857
Cc1noc(C)c1-c2ccc(cc2)-c3c[nH]cn3,-4.047,18,-0.22483333333333333
O=C([O-])C[NH2+][C@H](C)c1nc[n-]n1,-4.047,12,-0.33725
C1CNCCN1C(=O)[C@@H](C2)Oc(c23)c(cc(Cl)c3)[C@H](CO)Cc(c[nH]4)c(c45)cccc5,-4.047,31,-0.1305483870967742
Nc1nc(SC)nc(c12)n(cn2)-c3cc(ccc3Cl)OCc([nH]n4)c(c45)cccn5,-4.047,30,-0.1349
CCOc1ccccc1-c2ccc(cc2)N3CCC(CC3)NC(=O)[C@@H](N)Cc(c[nH]4)c(c45)cccc5,-4.045,36,-0.1123611111111111
C1CSCCN1c(c(F)c2)ccc2N3C[C@@H](OC3=O)CNN4CCOC[C@@H]4c5ccccc5,-4.045,33,-0.12257575757575757
C[NH+](C)C1CCN(CC1)c2ccc(cc2Cl)CNCCc3ccc[nH]3,-4.045,25,-0.1618
c1cc(C)cc(c12)[nH]c(n2)CCc(c(c34)cc(Br)cc4)nc(n3)N(C)CCC[NH+](C)C,-4.044,31,-0.1304516129032258
Cc1cc(on1)[C@@H](C(C)C)C(=O)N2C[C@H](O)C[C@H]2C(=O)Nc3ccccc3F,-4.044,28,-0.1444285714285714
Cc1nc(C[NH+](C)C)ccc1-c(c(c23)c(=O)[nH]nc3)cnc2NC45C[C@H]6C[C@@H](C5)C[C@H](C6)C4,-4.043,33,-0.12251515151515152
C=CC1=C(C)C(=O)N[C@@H]1[O-],-4.043,10,-0.4043
COC(=O)c1ccc(c(Cl)c1)C[N@@H+](CC2)CC[C@@]2(O)Cn3ccc(O)c(C(=O)[O-])c3=O,-4.043,31,-0.13041935483870967
CCCCCCCCCCCCC(=O)c1c(cnn1C)C(=O)N2CCOCC2,-4.043,28,-0.14439285714285716
Cc1nn(C)c(Cl)c1S(=O)(=O)NCc2ccc(cc2)NCC3([NH3+])CCCCC3,-4.042,28,-0.14435714285714285
CCCCCC(=O)O[C@H](CC(=O)c1ccco1)COP(=O)([O-])OCC[N+](C)(C)C,-4.042,29,-0.1393793103448276
Cc1cc(C)c(c(C)c1)S(=O)(=O)C/C=C/[C@@H](O)CCCCCCCC(=O)[O-],-4.041,27,-0.14966666666666667
COc1ccc(cc1)Cn(nn2)c(c23)[C@@](C)(O)CC[C@H]3NCc4ccc(cc4)-c5scnc5C,-4.041,34,-0.1188529411764706
[NH3+]CCNc1ccc(c(F)c1)C(=O)N[C@H](Cc(c[nH]2)c(c23)cccc3)C(=O)Nc4ccncc4,-4.04,34,-0.1188235294117647
CS(=O)(=O)NCCCc1ccc(cc1OC)CNCCc(n2)[nH]c(c23)cccc3,-4.04,29,-0.1393103448275862
CCNC(=O)c1ccc(c(c1)-c2cn(C)nn2)-c3ccccc3C(=O)c4ccccc4,-4.039,31,-0.13029032258064516
CSc1ccc(cc1)CC2(O)CCN(CC2)Cc3ccc(cc3Cl)-c4ncon4,-4.039,29,-0.1392758620689655
Cc1nn(C)c(Cl)c1S(=O)(=O)[N-]c(c2)c(C#N)cn(c23)cc(n3)-c4ccccc4,-4.038,29,-0.13924137931034483
c1ccc(C)c(c12)[nH]c([nH+]2)CC[NH2+]Cc3ccc(c(Cl)c3)NCCCNC(=O)c4ccc(F)cc4,-4.038,35,-0.11537142857142858
CC(C)CCNS(=O)(=O)c1ccc(cc1)N[C@@H](Cn2cc[nH+]c2)c3ccccc3,-4.038,29,-0.13924137931034483
n1cccc(c12)c(n[nH]2)C[C@@H](CC(C)C)C(=O)N[C@H](C(=O)[O-])Cc(c[nH]3)c(c34)cccc4,-4.038,32,-0.1261875
CC(C)N1CCN(CC1)c2ccc(cc2)[C@@H](n3nccn3)c4cccc(O)c4,-4.037,28,-0.14417857142857143
Cn1cc(cn1)-c2cnc(N)c(c2)-c3cc(F)c(c(F)c3)-c4cc(CO)ccc4F,-4.037,30,-0.13456666666666667
CNc1cc([nH+]c(n1)N)N2CCN(CC2)c3c(-c4ccccc4)[nH+]cn3Cc5ccc(Cl)cc5,-4.036,34,-0.11870588235294116
CNc1cc(nc(n1)N)N2CCN(CC2)C(=C)CC(=O)c3ccccc3,-4.036,26,-0.15523076923076923
o1cccc1-n(c2)ncc2-c(c(n3)C)n(c34)ccnc4N5CCOCC5,-4.036,26,-0.15523076923076923
CNc1cc(nc(N)[nH+]1)N2CCN(CC2)c3c(-c4ccccc4)ncn3Cc5ccc(Cl)cc5,-4.036,34,-0.11870588235294116
COc1cccc(c1)-c(cc2)cc(c23)oc(c3CC(=O)[O-])[C@H](C)c4ccccc4,-4.034,29,-0.13910344827586207
CC(C)Oc(c1)c(C(=O)N)cc(c12)nccc2C(=O)C3CC3,-4.033,22,-0.18331818181818182
CCc1c(C(CC)CC)nc(N)nc1N2CCCCC2,-4.033,20,-0.20165000000000002
C1CC1NC[C@@H](OCC)CSc2ccc(c(C)c2)OCC(=O)[O-],-4.033,23,-0.17534782608695654
COc(c1)c(CC(=O)[O-])cc(c12)OC(C)(C)C(=O)N2,-4.032,19,-0.2122105263157895
[nH]1ccc(c12)c(ncn2)C(=O)CC[NH2+]Cc3ccc(c(Cl)c3)-c4ccccc4,-4.032,28,-0.144
CC[C@@H](C(=O)[O-])Cc1ccc(cc1)C(=O)c(nc2N(C)CCC#N)nc(c23)ccc(Br)c3,-4.031,32,-0.12596875
CSc1ccc(cc1)C[C@@]2(O)CC[N@@H+](CC2)Cc3ccc(cc3Cl)-c4ncon4,-4.029,29,-0.13893103448275862
C1C[NH2+]CCN1C(=O)[C@@H](C2)Oc(c23)c(cc(Cl)c3)[C@H]4CCOC4,-4.029,23,-0.17517391304347826
COc1ccc(cc1)Cn(nn2)c(c23)[C@@](C)(O)CC[C@H]3ON[C@@H](Cn4cc[nH+]c4)c5ccccc5,-4.028,35,-0.11508571428571428
CC(C)C[C@H]([NH3+])C(=O)c1c(Cl)cccc1Cl,-4.028,16,-0.25175
C1COCC[N+]1=c(o2)cc(O)c(c23)scc3-c4cccc(c4F)-c(ccn5)c(c56)[nH]cn6,-4.028,32,-0.125875
CO[C@@H](C)Cc([nH]1)nc(c12)cc(cc2)NC(=O)c3c(Cl)cnn3CC(C)C,-4.027,27,-0.14914814814814814
CCc1ccccc1-c2ccc(cc2C)CC(=O)c3c(cnn3C)C(=O)N4CCOCC4,-4.026,32,-0.1258125
COc1ccc(cc1)Cn(nn2)c(c23)[C@@](C)(O)CC[C@H]3[NH2+]Cc4ccc(cc4)-c5scnc5C,-4.026,34,-0.11841176470588234
c1cc(Cl)ccc1[C@@H](c2cccnc2)C(=O)NCCOc3ccc(cc3)C[C@@H]4SC(=O)NC4=O,-4.024,34,-0.11835294117647059
OCCC[NH+]1CCC1,-4.024,8,-0.503
C[NH+](C)CCN1CCC(CC1)CC#C[Si](C)(C)C,-4.024,18,-0.22355555555555556
CC/C=C/C/C=C/C/C=C/CCc1cccc(n1)C[N@H+]2CC[C@@H](CC2)n3cc(C)c(=O)[nH]c3=O,-4.024,34,-0.11835294117647059
CCCCCC(=O)CCN(C)[C@H]1CCCC[NH2+]1,-4.023,17,-0.2366470588235294
C[C@@H](O)c1ccc(cc1)Cc2csc(n2)N/N=C/c3ccccc3C=O,-4.023,26,-0.15473076923076923
c1ccccc1Oc2c(cnn2C)C(=O)[C@H](CO)NC(=O)CCCCCCCCCO,-4.022,31,-0.12974193548387097
COc1ccc(cc1)Cn(nn2)c(c23)[C@@](C)(O)CC[C@H]3CCc([nH]4)nc(c45)ccc(c5)C,-4.022,32,-0.1256875
N#Cc1c(=O)[n-]c(cc1[S@](=O)C)-c2cccc(c2)CCc([nH+]3)[nH]c(c34)ccc(Cl)c4,-4.022,30,-0.13406666666666667
COc1cccc(c1)-c2ccc(c(F)c2)NC(=O)c3ccsc3C(=O)n4cc(C)c(=O)[n-]c4=O,-4.022,34,-0.11829411764705883
Cc1[nH]ncc1NCC#Cc2ccc(cc2)S(=O)(=O)NCCC(F)(F)F,-4.019,26,-0.15457692307692308
FC(F)(F)CS(=O)(=O)C(=O)c1ccc(cc1)-c2ccoc2,-4.019,21,-0.19138095238095237
CCCCCCCN(N[C@H](C)c1nc[nH]n1)CCc2ccc(cc2)O[C@](C)(C(=O)[O-])CC,-4.019,32,-0.12559375
COc1cc(=O)n(C)nc1Cc(o2)c(C)c(c23)c(ccc3)OCCCNCc4cccnc4,-4.019,33,-0.12178787878787879
n1cccnc1-c2c(Cl)cc(cc2Cl)CNCCc(n3)[nH]c(c34)cccc4,-4.018,27,-0.14881481481481482
COc(cc1)cc(c12)c(CCNC(=O)C)c([nH]2)C(=O)c3cc(c[nH]3)C(=O)c4c(Cl)cccc4Cl,-4.018,34,-0.11817647058823529
CC(O1)(C)C(=O)Nc(c12)ccc(c2)CCC(=O)N,-4.017,18,-0.22316666666666668
CCCCCCCC(=O)CC(=O)SCCNN1CCC(CC1)N2CCCOC2=O,-4.016,29,-0.13848275862068965
C1CCN1c(c2CC)nc(N)nc2N3CC[NH+](C)CC3,-4.016,20,-0.2008
COc1ccccc1S(=O)(=O)c(c(n2)-c3ccc(F)cc3)c(n24)ccnc4N5CCC(O)CC5,-4.015,34,-0.11808823529411763
N#CCCCOc1ccc(cc1)C[C@@H](C(=O)[O-])Nc2ccccc2C(=O)c3ccccc3,-4.014,32,-0.1254375
Fc1ccc(cc1C)S(=O)(=O)c2ccc(C)c(c2)[N-]S(=O)(=O)C,-4.014,23,-0.17452173913043478
C[N+](C)(C)C1CCN(CC1)c2ccc(cc2)Nc(cn3)n(c34)CCC4,-4.014,25,-0.16056
c1[nH+]ccn1C(=O)Cc(cs2)c(c23)cc(Cl)cc3,-4.013,18,-0.22294444444444445
c1cccc(c12)c(c[nH]2)C[C@H]([NH3+])C(=O)C(=O)c3ccc(cc3)C45C[C@@H]6C[C@H](C5)C[C@@H](C6)C4,-4.012,32,-0.125375
NC(=O)CC[NH2+]Cc1ccc(c(Cl)c1)S(=O)(=O)c(c(c23)cccc3)ccc2OCC(=O)[O-],-4.012,32,-0.125375
COc1ccc(cc1OC)N(CC(=O)NC(C(C)C)C(C)C)[C@H]2CC[N@H+](C2)CC[NH3+],-4.012,30,-0.13373333333333332
O[C@@H]1CCC[N@@H+](C1)NCCC[NH2+]Cc2ccc(c(Cl)c2)-c3ccccc3,-4.011,26,-0.15426923076923077
CC[C@H](C)[C@H](N)C(=O)c(cc1)cc(c12)oc(c2CC(=O)[O-])-c3cccc(c3)OC,-4.011,29,-0.13831034482758622
O=c1n(C)ncc(c1C)-c2ccc(I)cc2,-4.01,16,-0.250625
CCCn(c1=O)c(=O)n(CCC)c(c12)nc([nH]2)-c3ccc(cc3)Nc4ccc(N)cc4,-4.01,31,-0.1293548387096774
O=C([O-])CNS(=O)(=O)c1c(C)cc(cc1C)NC[C@H](C)N2CCOCC2,-4.01,26,-0.15423076923076923
O=C1[N-]C(=O)[C@@H](S1)Cc2ccc(cc2)Nc(cc3)cc(c34)[nH]c([nH+]4)-c5ccccc5,-4.01,30,-0.13366666666666666
c1cc(C)cc(c12)[nH+]c([nH]2)CC[NH2+]CCCNC(=O)c3ccc(F)cc3,-4.01,26,-0.15423076923076923
Clc1ccc(cc1Cl)N2CC[NH+](CC2)Cc3cccc(n3)Oc4ccccc4,-4.01,28,-0.1432142857142857
COc1cccc(c1)-c2[nH+]cn(Cc3ccccc3)c2-c4ccc(OS(=O)=O)cc4,-4.009,30,-0.13363333333333335
c1cc(F)ccc1-c(n2)c(C[C@H](C)OC)c(n23)ccnc3N4CCC(O)CC4,-4.009,28,-0.14317857142857143
C1CCCCN1c(c2CC)nc(N)nc2N3CCN(C)C(=O)[C@H]3C,-4.008,24,-0.167
OC[C@H]([NH3+])C(=O)CCc1c[nH+]c[nH]1,-4.008,13,-0.3083076923076923
C[C@@H]1C(=O)N(C)CC[N@H+]1CCOc2ccc(cc2)[C@@H]3CC[N@H+](CC3)Cc4cccnc4,-4.008,31,-0.12929032258064516
CCc1c(NC)[nH+]c(N)nc1[C@H](C)c2ccc(cc2)-c3c(C)noc3C,-4.006,26,-0.15407692307692308
COC(=O)CC(=O)NCCCNCc1ccc(c(Cl)c1)C(=O)[C@H](O)[C@H](C)[NH3+],-4.005,27,-0.14833333333333332
CCCCCCCC(=O)CC(=O)SCCNN[C@@H]1CC[N@@H+](C)CC1,-4.005,24,-0.166875
CC[NH+]1CCN(CC1)c(n2)n(c(c23)cccc3)CC4CCOCC4,-4.005,24,-0.166875
c1n[n-]c(=O)c(n12)c(C)cc2-c3cc(CS(=O)(=O)C)cnc3C(C4)CC4(F)F,-4.004,28,-0.143
O=C1NC(=O)[C@@H](S1)Cc(c(c23)scc3)ccc2-c4ccccc4,-4.003,23,-0.17404347826086958
n1cccc(c12)c(c(C)cc2)-c3ccc(cc3Cl)C[NH2+]CCCNS(=O)(=O)C,-4.003,28,-0.1429642857142857
CCCNC(=O)c1c(cnn1C)C(=O)N2CCN(CC2)C(c3ccccc3)c4ccccc4,-4.003,33,-0.1213030303030303
CCC(=O)Nc(cc1)c2[n-]c(cc(c2c13)c(O)n3C)N4CCN(C)CC4,-4.003,26,-0.15396153846153846
C[NH+](C)CCC[N@H+](C)[C@H]1CCN(C1)C(=O)[C@H](CO)NC(=O)CCCCCCCCC[NH3+],-4.003,31,-0.12912903225806452
c1ncccc1[C@H](C(=O)NCC)N(c2ccc(C(C)(C)C)cc2)NCCN3CCOCC3,-4.002,32,-0.1250625
CCO[C@H](C(=O)[O-])Cc1ccc(cc1)C(=O)c2cc(Cl)ccc2OC3CC[NH2+]CC3,-4.002,30,-0.1334
O=c1ccc(cn1C)C(=O)[C@H]2CC[N@@H+](C2)CC[NH3+],-4.002,18,-0.22233333333333333
C1CCCC1Nc(c2)c(ccc2C(=O)[O-])N3CCC(CC3)N4CCCOC4=O,-4.002,28,-0.14292857142857143
CCS(=O)(=O)c(c(n1)C)n(c12)ccnc2N3CCOCC3,-4.001,21,-0.19052380952380954
C1COCCN1c(c2)cc(C)c(c23)nc([nH]3)-c(n4)c(cccc5)c5c(n46)nnc6C,-4.001,30,-0.1333666666666667
c1cc(F)cc(c12)c(C(=O)[N-]S(=O)(=O)C)c(N)c(n2)Nc(cc3)cc(n34)[nH+]c(c4)-c5ccccc5,-4.001,35,-0.11431428571428573
Nc(n1)cc(C)c(c12)ccc(c2)-c3ccc(c(c3)C[NH3+])-c(c4)nc(NC(C)C)c(n45)nnc5C,-4.0,34,-0.11764705882352941
Cc1[nH+]n(C)c(C)c1[N-]S(=O)(=O)c2ccc(nc2)Nc3cc(Cl)cc(Cl)c3,-3.999,27,-0.1481111111111111
COc1ccc(cc1)Cn(nn2)c(c23)[C@](C)(O)CC[C@H]3c(nc(c45)cccc5)nc4NCc6ccco6,-3.999,37,-0.10808108108108108
C1CC1NC(=O)CCc2cccc(c2)[N-]S(=O)(=O)c3cccc(F)c3,-3.999,25,-0.15996
Cn1cc(Cl)cc(c1=O)-n(c2=O)c3sc(c4c3c(n25)ncn5)CN(CC4)CC6CCOCC6,-3.999,33,-0.12118181818181818
CN(C)CC[N@H+]1CC[C@H](C1)CCc2c[nH+]c[nH]2,-3.998,17,-0.23517647058823532
FC(F)(F)Oc(c1)ccc(c12)n(c(n2)C)S(=O)(=O)c3ccc(cc3)[C@H]4CC(=O)N(C)C4,-3.998,31,-0.12896774193548388
CC(=O)Nc1ccccc1Oc2nc(ncc2Cl)-c3ccc(cc3)N4CC[NH+](C)CC4,-3.998,31,-0.12896774193548388
n1cn(C(C)C)c(c12)nc(N[C@H](C(C)C)CO)nc2-c3ccc(cc3)[N-]S(=O)(=O)C,-3.998,30,-0.13326666666666667
CCN(C(=O)C1)c(c12)ccc(c2)-c3[nH]nc(n3)-c4ccccc4,-3.996,23,-0.17373913043478262
CC(=O)N1CCC(CC1)CN[C@H](c2cccnc2)C(=O)NC3CCCCC3,-3.996,27,-0.148
Cc1cccc(c1C)Oc2nccc(n2)-c3c(N4CCC[NH2+]CC4)ncn3C5CC[NH2+]CC5,-3.995,33,-0.12106060606060606
C1CC1[C@@H](C)/[NH+]=c(\nc(C(=O)[O-])[nH]2)c(c23)n(c(n3)N(CCO4)[C@@H]([C@H]45)CCC5)Cc6ccc(Cl)cc6,-3.995,35,-0.11414285714285714
c1cc(Br)c([O-])c(c12)nc(N)cc2-c3c[nH]cn3,-3.995,18,-0.22194444444444444
O=c1n(C)cc(cc1C)-c(cc2)cc(c23)n(CCC(C)C)c([nH+]3)C4CCOCC4,-3.994,29,-0.1377241379310345
CC(=O)N[C@H]1CCN(C1)c2ccc(cc2F)C3=NO[C@@H](C3)CNS(=O)(=O)c4cccs4,-3.994,31,-0.12883870967741937
COc1ccccc1-c2ccc(cc2)S(=O)(=O)CCO,-3.994,20,-0.19970000000000002
CCc(c1)nc(C)c(c12)c(c(C#N)c(=O)[nH]2)N(CC3)[C@H](c(c34)ccs4)c5cccc(n5)C,-3.994,32,-0.1248125
CC[NH+]1CCN(CC1)c2nccc(n2)-c3c(-c4ccc(Br)cc4)ncn3C5CC[NH2+]CC5,-3.993,32,-0.12478125
[nH]1ccc(c12)c(ncn2)C[C@]3(O)CC[N@H+](CC3)Cc4ccc(cc4Cl)-c5ncon5,-3.992,30,-0.13306666666666667
CCCCCCC(=O)OC[C@H](COP(=O)([O-])OCC[NH3+])Oc(ccc1)c(c12)[nH+]cn2C,-3.991,31,-0.12874193548387097
CCOC(=O)c1sccc1C(=O)Nc2ccc(cc2F)-c3cccc(c3)OC,-3.99,28,-0.14250000000000002
c1c(F)c(F)cc(c12)CC(C2)(CC(=O)[O-])C(=O)Cc3ccc(cc3)-c4cccc(F)n4,-3.99,31,-0.12870967741935485
c1c[nH]c(c12)c(=O)n(C)cc2-c3cc(F)c(c(F)c3)-c4ccccc4F,-3.989,26,-0.1534230769230769
O=P([O-])(O)OP(=O)([O-])SCCc(cc1)[nH+]c(c12)cccc2,-3.989,21,-0.18995238095238096
C1C[NH2+]CCN1C(=O)[C@@H](C2)Oc(c23)c(cc(Cl)c3)-c4ccc(O)c(O)c4,-3.988,26,-0.1533846153846154
COCCOCCOCCOCCCC#Cc1ccc(cc1)C(=O)NCCC(F)(F)F,-3.988,31,-0.12864516129032258
C1COCCN1[C@@H](C)Cc2nccc(n2)-c3c(-c4ccc(F)cc4)ncn3C5CC[NH2+]CC5,-3.988,33,-0.12084848484848484
CNC[C@@H](O)C[N@H+](CC1)Cc(c12)sc3c2c4n(ncn4)c(=O)n3Cc5ccc(OC)cc5,-3.988,32,-0.124625
COC(=O)n1cc(C)c(=O)[n-]c1=O,-3.987,13,-0.3066923076923077
O=C([O-])CCC[C@@H](O)/C=C/C=C/CC[NH+]1CCC1,-3.987,18,-0.2215
C[NH+](C)CCc1ccc(cc1)C[C@@H]2SC(=O)[N-]C2=O,-3.987,19,-0.2098421052631579
O=S1(=O)C(F)(F)[C@H](O)c(c12)c(C(F)F)c(cc2)[C@H]3CCOC3,-3.987,22,-0.18122727272727274
Oc(c1)cccc1[C@H](C(=O)CC(=O)OC)c2ccc(cc2)N3CC[NH+](C(C)C)CC3,-3.986,30,-0.13286666666666666
c1c[nH+]ccc1-n(c(=O)n(c2=O)CCC)c(c23)nc([nH]3)C4CCCCC4,-3.985,26,-0.15326923076923077
C[NH+](C)C1CCN(CC1)c2c(F)cc(cc2F)-n(nn3)c(c34)C(=O)c5c(C4=O)cccc5,-3.985,32,-0.12453125
CCS(=O)(=O)Nc1ccc(C(=O)C(F)(F)F)c(c1)-c(cn(C)c2=O)c(c23)oc(c3)-c4c[nH]cn4,-3.985,34,-0.11720588235294117
c1ccccc1NC(=O)c2ccc(cc2)-n3ccnc3,-3.983,20,-0.19915
O=C([O-])C[C@H](C)CCCC(=O)c1ccccc1[N+](=O)[O-],-3.982,20,-0.1991
CC[C@@](C)(C(=O)[O-])c(cc1)cc(c12)C(C)(C)OC(=S)N2,-3.982,20,-0.1991
Cc1nc(cs1)CCOc2ccc(cc2)C[C@@H](C(=O)[O-])Nc3ccccc3C(=O)c4ccccc4,-3.982,35,-0.11377142857142858
O=c([nH]1)[nH]c(=O)cc1C(=O)N2CCN(CC2)Cc(c3)oc(c34)cccc4,-3.981,26,-0.1531153846153846
Cc1cccc(c1C)-c2ccc(C(F)(F)F)cc2[N+](=O)[O-],-3.981,21,-0.18957142857142856
[NH3+]CCCCCCCCCC(=O)N[C@@H](CO)C(=O)c1cccc(c1)N2CCCC2=O,-3.981,30,-0.13269999999999998
CC(C)(C)c(n[nH]1)cc1N(C(=O)CC)[C@H](c2cccnc2)C(=O)n3cc([N+](=O)[O-])nc3C,-3.981,32,-0.12440625
O=C1C[N@@H+](CCN1)Cc2ccc(Cl)c(Cl)c2,-3.981,16,-0.2488125
Cc1onc(C)c1-c(c(c2)OC)cc(c23)[nH]c4c3c(nc(n4)C)-c5cnc[nH]5,-3.981,28,-0.14217857142857143
O=c(n1)[nH]c(=O)c(n2)c1n(c(c23)cc(C)c(C)c3)Cc4ccccc4C,-3.981,26,-0.1531153846153846
c1cc(C)cc(c12)[nH+]c([nH]2)CCCCC(=O)N,-3.98,17,-0.23411764705882354
c1cc(Cl)ccc1S(=O)(=O)[N-]c(c(C#N)c2)cc(n23)nc(c3)-c4ccccc4,-3.979,28,-0.14210714285714285
CCOc1ccc(C(=O)C)cc1C(=O)c2ccc(cc2)-c3ncccn3,-3.979,26,-0.15303846153846154
CNCc1ccccc1-n(c(n2)N)c(c23)cccc3,-3.979,19,-0.20942105263157895
CS(=O)(=O)N1CC[C@@H](C1)[NH2+]CCNC/C=C/c2ccc(Br)cc2,-3.978,23,-0.17295652173913045
CC[C@H](C)[C@H]([NH3+])C(=O)N1CCN(CC1)C(=O)CC2(CC(=O)[O-])CCCC2,-3.978,26,-0.153
O=C([O-])C(C)(C)Oc1ccc(cc1)CCNc2[nH]nc(n2)-c3ccccc3,-3.977,27,-0.1472962962962963
CCCn(c1=O)c(=O)n(CCC)c(c12)nc([nH]2)-c3ccc(cc3)CC[NH3+],-3.977,26,-0.15296153846153845
O=C([O-])c1c([O-])ccn(c1=O)-c2cnns2,-3.977,16,-0.2485625
CC(=O)NCCC[NH2+]Cc1ccc(c(Cl)c1)-c2ccc(cc2)C(=O)NCCC(F)(F)F,-3.977,31,-0.12829032258064516
O=C([O-])C(C)(C)Sc1ccc(cc1)CC[N@H+](CCC(=O)N)CCCCC2CCCCC2,-3.976,31,-0.12825806451612903
n1ccccc1C(C)(c2ccccn2)c3ccc(N)nc3,-3.976,21,-0.18933333333333333
CCCCCCCCNc1ccc(cn1)S(=O)(=O)Nc2c(C)nn(C)c2C,-3.976,27,-0.14725925925925926
CC(C)NC(=O)O[C@H](CC[C@@]1(C)O)c(c12)nnn2-c3cc(Cl)ccc3OCC[NH+](C)C,-3.975,31,-0.1282258064516129
c1cc(Br)c([O-])c(c12)[nH+]c(N)cc2N3CC[N+](CC3)=C(N4)CSc(c45)cccc5,-3.975,29,-0.13706896551724138
N#Cc1ccc(cc1)Nc2nccc(n2)CC(=O)Nc3nc(cs3)-c4ccccn4,-3.974,30,-0.13246666666666668
o1nc(C)c(c12)c(nc(n2)C)-c(c(c3)OC)cc(c34)c(no4)C,-3.974,23,-0.17278260869565218
O=C1NCCC[C@H]1C[C@@H]([C@@H](O)C(=O)N2CCC2)NNC3CCCC3,-3.973,24,-0.16554166666666667
COc1ccc(cc1)Cn(nn2)c(c23)[C@](C)(O)CC[C@H]3Oc4ccc(C(F)(F)F)cc4,-3.972,31,-0.12812903225806452
C1CCCC1N[C@@H]2CCC[NH2+]C2,-3.971,12,-0.3309166666666667
Cc1cccc(c1)CC(=O)C(=O)Cc2nc(cs2)-c3ccc(cc3)C(=O)NCCC(F)(F)F,-3.97,33,-0.12030303030303031
c1cnccc1NNC[C@H](OC2=O)CN2c3ccc(c(F)c3)N4CCSCC4,-3.97,28,-0.1417857142857143
CC(=O)NCCCNCc1ccc(c(Cl)c1)CC(=O)N,-3.969,20,-0.19845
CCOC(=O)c1ccc(cc1OC)C(=O)N[C@@H]2CC[N@@H+](C)CC2,-3.969,23,-0.17256521739130434
COc1cc(C)c(c(C)c1C)S(=O)(=O)CCCCCc2cc(no2)COCOCCO,-3.969,31,-0.12803225806451612
CCCCCC[C@@H](C)[NH2+]NNC(=O)c1cc(C(C)(C)N)cc(n1)-c2ccc(F)cc2,-3.969,30,-0.1323
CC(C)NC(=O)O[C@H](CC[C@@]1(C)O)c(c12)nnn2-c3cccc(C(=O)[O-])c3,-3.968,27,-0.14696296296296296
c1cc(C)cc(c12)[nH]c(n2)CCc3cc(nc(n3)N)N4CC[NH+](CC4)C5COC5,-3.968,29,-0.13682758620689656
O=C(N1)C(C)(C)Oc(c12)cc(c(c2)OC)[NH2+][C@H](C)[C@H]3CC[C@H](C)CC3,-3.968,25,-0.15872
O=C(N1)C(C)(C)Oc(c12)cc(c(c2)OC)-n3cc([N+](=O)[O-])nc3C,-3.968,24,-0.16533333333333333
[NH3+][C@H]1CCCN(C1)C(=N2)CSc(c23)cccc3,-3.968,17,-0.23341176470588235
CC(C)C[C@H](N)C(=O)NCc1cccc(c1)Oc2ccccc2,-3.967,23,-0.17247826086956522
Fc1cc(F)ccc1Oc(ccc2[N-]S(=O)(=O)CC)c(c2)C(=O)c3ccccc3[N+](=O)[O-],-3.967,32,-0.12396875
Clc1cccc(Cl)c1-c2c[nH+]c[nH]2,-3.965,13,-0.305
C1C[C@H](C)CC[C@@H]1C(=O)N[C@@H](CCSC)C(=O)C(=O)c2ccc(cc2)N3CCCCC3,-3.965,31,-0.1279032258064516
CN1CCN(CC1)c2ccc(cc2)NCCC3CCCCC3,-3.965,22,-0.1802272727272727
Cc1ccc(Cl)cc1C(=O)/C=C(\O)C(=O)[O-],-3.965,16,-0.2478125
C1=CN(C)C(=O)[C@H](C)c(c12)ccc(c2)-c(cc(c34)[nH+]ccc4)cc3O[C@H](C)[C@H]5CNC(=O)C5,-3.965,33,-0.12015151515151515
O=c1[nH]c(=O)n(cc1C)[C@H]2CCC[N@H+](C2)Cc3cccc(c3)NCc4ccc(cc4)[NH+]5CCCCC5,-3.964,36,-0.1101111111111111
COc1cccc(c1)CC(=[NH2+])NCc2cc([O-])cc(O)c2,-3.963,21,-0.18871428571428572
Cc1nnc(n12)c(NC)nc(c2)-n(c(n3)C)c(c34)cccc4C#N,-3.963,24,-0.165125
c1cccc(c12)c(OCC(=O)[O-])ccc2S(=O)(=O)N3CCC(=O)CC3,-3.962,25,-0.15848
c1nccc(c12)c(ccc2)S(=O)(=O)NCC[C@@H]3CCCC[C@@H]3[C@H](O)C4CCCCC4,-3.962,30,-0.13206666666666667
c1cccc(c12)[nH]c(n2)CCNCc(cc3C)ccc3C(=O)COc4cccc(F)c4,-3.961,31,-0.1277741935483871
CCC(CC)c1cccc(c1)NS(=O)(=O)c2cccc(F)c2,-3.961,22,-0.18004545454545454
Cc1ncsc1-c2ccc(cc2)CNNCCN3CCOCC3,-3.96,23,-0.17217391304347826
c1ccccc1CNNC2CCCCCC2,-3.959,16,-0.2474375
c1ccccc1CC(=O)N2CCC(CC2)c3nc(no3)C4C=C4,-3.959,23,-0.1721304347826087
O=C([O-])[C@@H](C)C(=O)[C@@H](OCC)Cc1ccc(cc1)OCCc2ccc(cc2)OS(=O)(=O)C,-3.958,32,-0.1236875
S=C(N1)OC(C)(C)c(c12)cc(cc2)-c3[nH]nc(n3)-c4ccc(F)cc4,-3.958,25,-0.15832000000000002
Cc1cccc(C)c1N2CCC(CC2)c3nc(no3)-c4cccs4,-3.957,24,-0.164875
c1ccc(OC)c(c12)[nH+]c([nH]2)CCc3cccc(c3F)-c4c(C)nn(C)c4C,-3.957,28,-0.14132142857142857
COc(nn1)n(c12)nc(cc2)N3CCC(CC3)c4ccc(cc4)CCC(=O)N,-3.956,28,-0.1412857142857143
CCCCCC(=O)CCC#N,-3.956,11,-0.35963636363636364
NC(=O)CNCC#Cc1ccc(cc1)C(=O)NCCC(F)(F)F,-3.956,23,-0.172
OC[C@@H](O)C(=O)OCCCCCCCCCc1c(Cl)cc(cc1Cl)C2=NCCO2,-3.956,29,-0.13641379310344828
c1cc(F)cc(c12)c(N[C@H](C)C(=O)[O-])c(C#N)c(n2)-c3ccc(cc3)-c4cccc(Cl)c4,-3.955,32,-0.12359375
Nc1nc(SC)nc(c12)n(cn2)-c(sc3S(=O)(=O)C)c(c34)CCC(F)(F)[C@H]4O,-3.955,28,-0.14125000000000001
c1cc(Cl)ccc1C(=O)NCCc2ccc(cc2)-c3ccn[nH]3,-3.955,23,-0.17195652173913042
n1ccccc1C(C)(c2ccccn2)c3ccc(N)[nH+]c3,-3.954,21,-0.1882857142857143
Cc1noc(C)c1-c2ccc(cc2)-c3c[nH]c[nH+]3,-3.954,18,-0.21966666666666668
O=C([O-])CCCCCCC[C@H](O)/C=C/CC[C@H]1CCCO1,-3.953,21,-0.18823809523809523
Cc1cccc(c1)N2CCN(CC2)CCCCCCCCC(=O)[O-],-3.953,24,-0.16470833333333332
CNC(=O)c1cccc(c1)S(=O)(=O)CC(=O)N(CC2)[C@H](c(c23)ccs3)c4cccc(n4)C,-3.952,32,-0.1235
Cc1cccc(c1)CC(=O)c2ccc(cc2CN)-c(cc3)cc(c34)nc(N)cc4C,-3.951,30,-0.1317
[NH3+]Cc1ccc(c(Cl)c1)-c2ccc(cc2Cl)CNCCC(=O)N,-3.95,23,-0.17173913043478262
c1c[nH+]ccc1N[C@H](C[C@H](C)N2C(=O)C)c(c23)cc(cc3)-c4ccc(C(=O)[O-])cc4,-3.95,30,-0.13166666666666668
N#C\C=C\c(cc1C)cc(C)c1CC[NH2+]CCNS(=O)(=O)c(ccc2)c(c23)ccnc3,-3.949,31,-0.12738709677419355
O=C([O-])c1ccccc1C[N@H+]2CC[C@@H](CC2)C(=O)NC3CCCCCC3,-3.949,26,-0.15188461538461537
C1CCCCC1c2nnc(C)c(c23)ccc(c3)N4CC[NH2+]CC4,-3.949,23,-0.17169565217391303
NS(=O)(=O)c1ccc(cc1)N[C@H](Cc(c[nH]2)c(c23)cccc3)C(=O)Nc4ccncc4,-3.948,31,-0.12735483870967743
CCc1ccc([nH+]c1)CCc2ccc(N)nc2,-3.948,17,-0.23223529411764707
CCCCC(=O)OC[C@H](CO)Cc1cccnc1,-3.948,18,-0.21933333333333332
Nc1ccc(cc1)NNc2ccncc2,-3.948,15,-0.2632
COc1cccc(c1)[C@H](O)Cc2c(C)c(nn2CCCCCO)C(=O)NC34C[C@@H]5C[C@H](C4)C[C@@H](C5)C3,-3.946,36,-0.10961111111111112
O=C([O-])C[C@H](C)CCCOc1ccccc1Cc(n2)c(C#N)c([O-])c(c23)cncc3,-3.946,30,-0.13153333333333334
COc(nn1)n(c12)nc(cc2)-c3ccc(Cl)c(C(F)(F)F)c3,-3.946,22,-0.17936363636363636
CCS(=O)(=O)[N-]c1ccc(CC[NH3+])c(c1)-c(cn(C)c2=O)c(c23)oc(c3)-c4c[nH]cn4,-3.946,31,-0.12729032258064515
C#CCc1noc(n1)C2CCN(CC2)C(=O)Cc3ccccc3,-3.946,23,-0.17156521739130434
CCOC(=O)Cc1nc(cs1)-c2ccc(cc2)C(=O)N3CCN(CC3)c4ccccc4OCCO,-3.946,35,-0.11274285714285714
N[C@H](C1)CCC[N@H+]1[C@H](C)c2cccc(c2)-c3cn[nH]c3,-3.945,20,-0.19724999999999998
COCCNc(nc[nH+]1)c(c12)cc[nH]2,-3.945,14,-0.28178571428571425
O=C([O-])C[C@H](C)CCCc1c(ccc(Cl)c2)c2[nH+]c(c13)CCCC3,-3.945,24,-0.164375
O=C1NCCC[C@H]1C[C@@H]([C@@H](O)C(=O)N2CCC2)[NH2+]CCc(c[nH]3)c(c34)cccc4,-3.944,29,-0.136
COc(c1)c(OC)cc(c12)C[N@@H+](CC2)CC#C[Si](C)(C)C,-3.943,21,-0.18776190476190477
Cc1nnn(C)c1-c(cc2)cc(c23)[nH+]c(N)cc3C,-3.942,19,-0.20747368421052634
c1cccc(c12)nc3c(CCCC3)c2-c4ncon4,-3.942,19,-0.20747368421052634
O=C([O-])C(C)(C)c(cc1)cc(c12)ccc(c2)C[C@@H]3SC(=O)[N-]C3=O,-3.941,24,-0.16420833333333332
C1CC1Nc(c2CC)nc(N)[nH+]c2-c3ccc(cc3)C[C@@H]4SC(=O)[N-]C4=O,-3.941,27,-0.14596296296296296
CO/C([O-])=C\C(=O)c1ccnc(n1)Oc2cccc(C)c2C,-3.941,22,-0.17913636363636362
CCOC(=O)c1csc(n1)-c(cc2)cc(c23)c(ccn3)OC,-3.94,22,-0.17909090909090908
Cn(n1)ccc1-c2ccc(cc2OC)CNCCc(n3)[nH]c(c34)cccc4,-3.939,27,-0.1458888888888889
[nH+]1ccccc1N2CCC(CC2)Nc(c[nH+]c3)c(c34)cccc4,-3.939,23,-0.17126086956521738
CCc1c(C)[nH+]c(N)nc1N[C@@H](Cn2ccnc2)c3ccccc3,-3.938,24,-0.16408333333333333
Cc([nH+]1)c(C)n(c12)c(C)c(cc2)CCc3nc(cn3C)-c(n4)[nH]c(c45)cc(cc5C)N6CCOCC6,-3.938,36,-0.1093888888888889
CS(=O)(=O)Nc1cc(ccc1C)-c2ccc(cc2)NC(=O)[C@@H]([NH3+])CO,-3.936,25,-0.15744
CC(=O)N1CCC(CC1)CN(CCO2)[C@@H]([C@H]23)CCC3,-3.936,19,-0.2071578947368421
NC(=O)c1ncc(cn1)-c(cc2)cc(c23)N(C[C@H](C4CC4)N3C[C@H]5CCCO5)Cc6ccccc6CO,-3.936,37,-0.10637837837837838
CC(C)C[C@H](N)C(=O)OC(C)C,-3.936,12,-0.328
COc(nn1)n(c12)nc(cc2)N3CCC(CC3)c4ccc(cc4)OCCCC(C)(C)C,-3.935,31,-0.12693548387096773
Fc1ccc(cc1)-c2nnc([nH]2)C([N-]3)=CSc(c34)cccc4,-3.935,22,-0.17886363636363636
n1c[n-]c(=O)c(c12)[nH+]cn2CC(c3ccccc3)c4ccccc4,-3.935,24,-0.16395833333333334
C1COCCN1c(c2)cc(C)c(c23)nc([nH]3)Nc4ccc(cc4)N5CCC([N+](C)(C)C)CC5,-3.935,33,-0.11924242424242425
CNCc1ccc(cc1)-c2cccc(Cl)c2Cl,-3.934,17,-0.23141176470588237
[NH3+]CCNC(=O)CN(CCCC)c1cccc(c1C)-c2ccc(SC)cc2,-3.934,27,-0.1457037037037037
C[C@@H]1C(=O)N(C)CC[N@H+]1[C@H](C)c2ccc(s2)-c3ccccc3CO,-3.934,24,-0.16391666666666668
CC(C)C(C(C)C)[NH2+]CCCN1CCOCC1,-3.933,17,-0.23135294117647057
Cc(n1)c(C)n(c12)nc(cc2)OCc3nc(cn3C)C(=O)[C@H](O)[C@H](C)N,-3.933,26,-0.15126923076923077
CCCNC(=O)c1c(cnn1C)C(=O)n2nc(C)c(c2C)/C=N/N3CCN(CC3)Cc4ccccc4,-3.933,36,-0.10925
CCCCC/C=C/C[C@H]1C[C@@H](C#N)C1,-3.932,14,-0.28085714285714286
CC(C)(C)NC(=O)[C@@H](C1)Oc(c12)c(cc(Cl)c2)-c3ccnc(N)c3,-3.932,24,-0.16383333333333333
CCCCC(=O)OC[C@H](CO)Oc1cccc(C(=O)[O-])c1,-3.932,21,-0.18723809523809523
CC/C=C/C/C=C/CCCc1cccc(c1)C(=O)N,-3.931,19,-0.20689473684210527
COc1cccc(c1)C/C(=N/[H])NC(=O)c2cc(Cl)ccc2C(=O)CCC(=O)[O-],-3.93,28,-0.14035714285714287
CN(C)CC[N@@H+]1CC[C@H](C1)n(c2=O)c3sc(CCCC4)c4c3c(n25)ncn5,-3.929,27,-0.14551851851851852
n1ccccc1NCc2ccc(cc2)[NH+]3CCCCC3,-3.929,20,-0.19644999999999999
CN(C)CC[NH+]1CCN(CC1)c2ccc(S(=O)(=O)C)cc2Nc3ncccn3,-3.929,28,-0.14032142857142857
O=Cc1ccccc1/C=N/Nc2nc(cs2)-c(cc3)cc(c34)O[C@@H](C(=O)N4)CC5CC5,-3.926,31,-0.12664516129032258
c1cc(C)cc(c12)[nH+]c([nH]2)CCc3c[nH+]c([nH]3)C4CCCC4,-3.926,22,-0.17845454545454545
O=C([O-])CCSc(n1)n(c(c12)cccc2)-c3ccc(cc3)C[C@H]4SC(=O)[N-]C4=O,-3.925,29,-0.1353448275862069
s1cccc1S(=O)(=O)C(=O)Cc(cnc2)c(c23)c([O-])ccc3,-3.925,22,-0.1784090909090909
Cn1nc(cc1)-c2ccc(cc2)S(=O)(=O)CCO,-3.925,18,-0.21805555555555556
C[NH+](C)CCCc1ccc(cc1)S(=O)(=O)NCCC(F)(F)F,-3.925,22,-0.1784090909090909
c1cc(C)cc(c12)c(c[nH]2)C[N@H+]3CC[C@@H](CC3)NC(=O)NC(C)C,-3.925,24,-0.16354166666666667
C/C=C/CC(=O)CCC,-3.925,9,-0.4361111111111111
CCc1c(NC)[nH+]c(N)nc1-c2ccc(cc2)NS(=O)(=O)C,-3.925,22,-0.1784090909090909
Cc1ccc(cc1)OCCn(c(c23)cccc3)c([nH+]2)SCCC(=O)c4c[nH]nc4C,-3.925,30,-0.13083333333333333
c1ccccc1C(=O)\C=C(\C)N2CCN(CC2)c3ccccc3OCCO,-3.924,27,-0.14533333333333334
N#C[C@H]1C[C@H](C1)C(=O)NCCC(c2ccccc2)c3ccccc3,-3.924,24,-0.1635
O=Cc1ccccc1/C=N/N=c2\[nH]c(cs2)-c(cc3)cc(c34)O[C@@H](C(=O)N4)CC5CC5,-3.924,31,-0.12658064516129033
c1cccc(c12)nc(cc2)C(=O)CCCCCc3cccc[nH+]3,-3.924,23,-0.1706086956521739
n1csc(c12)cc(cc2)S(=O)(=O)Cc3ccccc3-c4ccccc4,-3.923,25,-0.15692
CCc(c1)nc(C)c(c12)c(c(C#N)c(=O)[nH]2)-c3ccc(cc3)Nc4cccc(F)n4,-3.922,30,-0.13073333333333334
CC[NH2+]N(C(C)C)Cc1ccccc1OCCCCCC(=O)[O-],-3.922,23,-0.17052173913043478
C1CN(C)CCN1c(c2CC)nc(N)nc2-n(nn3)c(c34)C(=O)c5c(C4=O)cccc5,-3.922,31,-0.12651612903225806
C[NH+](C)CCN1CCN(CC1)C(=O)C2CCCCC2,-3.921,19,-0.20636842105263156
c1cc(C)cc(c12)[nH]c(n2)CCc3cc(nc(N)[nH+]3)N4CCN(CC4)C5COC5,-3.921,29,-0.13520689655172413
Clc(c1)c(Cl)ccc1CCNC(=O)CCC(=O)c(cc2)nc(c23)sc(n3)[N-]C(=O)C4CC4,-3.92,32,-0.1225
O=C1[N-]C(=O)[C@@H](S1)Cc(c(c23)scc3)ccc2-c4cncc(Cl)c4,-3.92,24,-0.16333333333333333
CC(C)CCCCNS(=O)(=O)C,-3.919,12,-0.32658333333333334
Cc1[nH+]n(C)c(C)c1[N-]S(=O)(=O)c2ccc(nc2)NCCc3ccc(Cl)c(Cl)c3,-3.919,29,-0.13513793103448277
OCCS(=O)(=O)c1ccc(cc1)-c2n[nH]c(n2)-c3ccc(F)cc3,-3.917,24,-0.16320833333333332
COc(cc1)cc(c12)[nH+]c([nH]2)CCc(cn(C)c3=O)c(c34)oc(c4)-c5c[nH]c(n5)C6CCC6,-3.917,33,-0.11869696969696969
O=C([O-])COc(c(C)c1)ccc1SC[C@H](OCC)CC(=O)c2ccc(cc2F)-c3cccc(F)c3,-3.917,35,-0.1119142857142857
CC[C@](C)(C(=O)[O-])Oc1ccc(cc1)CCC(=O)c2ccc(cc2)-c3ncccn3,-3.917,30,-0.13056666666666666
Cc1cc(OC)cc(c12)c(c3c(n2)[nH]nc3C)CNCCCNC(=O)c4ccc(F)cc4,-3.916,32,-0.122375
COc1cc(OC)cc(c12)nc([nH]c2=O)-c(cn(C)c3=O)c(c34)O/C(C4)=c5\cnc([nH]5)=C6CCC6,-3.916,35,-0.11188571428571428
O=c1n(C)cc(cc1C)-c2cc(F)c(c(F)c2)NC(=O)Nc3cncs3,-3.915,26,-0.15057692307692308
Cc1nn(C)c(C)c1CN(C)c2nc(CCCCCC(=O)[O-])[nH+]c(n2)N(C)CCC(=O)NC3CC3,-3.915,35,-0.11185714285714286
O=c1[nH]c(=O)n(cc1C)C2CCN(CC2)Cc3cccc(n3)N(CC4)C[C@H]([N@H+]45)CCC5,-3.914,31,-0.12625806451612903
COc1ccc(cc1)Cn(nn2)c(c23)[C@](C)(O)CC[C@H]3ONC4CCN(CC4)c5cccc[nH+]5,-3.913,34,-0.11508823529411764
c1ccccc1C(=O)CC(=C)N2CCN(CC2)c3ccccc3OCCO,-3.913,27,-0.14492592592592593
CCOC(=O)c1cnn(C)c1C(=O)c2ccc(cc2Cl)C3=N[C@@H](C)CO3,-3.913,26,-0.1505
C[C@@H]1C(=O)N(C)CC[N@H+]1CCOc2ccc(cc2)C3CCN(CC3)c4ccc(O)c(O)c4,-3.912,32,-0.12225
OCCC[NH2+]Cc1ccc(c(Cl)c1)-c2ncccn2,-3.912,19,-0.20589473684210527
CN(C)CC[NH+]1CCN(CC1)Nc2ccc(Cl)cc2,-3.911,19,-0.2058421052631579
c1ccccc1Nn2c(=O)n(ncn3)c3c(c24)c5c(s4)CN(CC5)CC6CCOCC6,-3.911,31,-0.12616129032258064
CC[C@H](C)[C@H]([NH3+])C(=O)[N-]S(=O)(=O)c(c1)c(OC)cc(c12)onc2C,-3.91,24,-0.16291666666666668
COc(c1)c(OC)cc(c12)C[N@@H+](CC2)CCc3ccc(cc3)Nc4[nH]nc(n4)-c5ccc(F)cc5,-3.91,35,-0.11171428571428572
O=c1n(C)cc(cc1C)-c(n2)n(c(c23)cccc3)-n(cn4)c(c45)nc[nH]c5=O,-3.91,28,-0.13964285714285715
C1CC1Nc([nH+]c2N)cc(n2)N3CCN(CC3)[NH2+]C4CCCCC4,-3.909,24,-0.162875
COc(cc1)cc(c12)cc(n2CC(=O)[O-])C(=O)N3CCN(CC3)c4ccccc4OCCCC(=O)[O-],-3.909,36,-0.10858333333333332
c1ccccc1-n(nc2C)c(C)c2/C=N/N3CCN(CC3)C(=O)c4ccc(F)cc4,-3.908,30,-0.13026666666666667
C1COCCN1c(c2)ncc(c23)c(C)[nH+]nc3-c4cccc(C(=O)[O-])c4,-3.908,26,-0.1503076923076923
CC[NH+]1CCN(CC1)[C@H](C)c2cc(cs2)-c3ccccc3C[NH2+]C,-3.908,24,-0.16283333333333333
COc1cccc(c1)-c([nH+]nc2C)c(c23)cc(cc3)N4CC[NH2+]CC4,-3.908,25,-0.15632
C1CC1NC(=O)CCC2C=C2,-3.907,11,-0.3551818181818182
c1[nH]ncc1-c(cn2C)c(n2)COc3ccc(cc3)-c(cc4)nc(c45)cccc5,-3.907,29,-0.1347241379310345
O=C([O-])CCC(\C)=C/Cc(cc1=O)oc(c12)c(c([O-])cc2O)[C@H]3CC[N@H+](C)C[C@H]3O,-3.907,30,-0.13023333333333334
C[C@H](O)c1ccc(nc1)CC[NH2+][C@H](CCC2)c(c23)cnn3-c4ccccc4F,-3.905,28,-0.1394642857142857
C1CC1N2C(C)(C)C(=O)N(C)c(c23)ccc(c3)Nc(ccc4)c(c45)oc(cc5=O)N6CCOCC6,-3.905,35,-0.11157142857142857
CC/C=C/C/C=C/CCCc1ccccc1OCCC[C@@H](C)CC(=O)[O-],-3.905,26,-0.15019230769230768
Cc1noc(c12)nc(C)nc2C(=O)CC[C@H]3c(ccc(c4)O)c4Oc(c35)cc([O-])cc5,-3.904,31,-0.12593548387096773
Cc1ccc(Cl)cc1-c2cc(cnc2N)-c3cnn(C)c3,-3.904,21,-0.1859047619047619
CCCNC(=O)c1c(cnn1C)C(=O)C(=O)Cc(cnc2)c(c23)c(O)ccc3,-3.903,28,-0.13939285714285715
CN(C1)C(=O)Nc(c12)ccc(c2)S(=O)(=O)c3cc(cc(c3)C(C)(C)C)CCc4ccccn4,-3.902,33,-0.11824242424242425
Cc([nH+]1)c(C)n(c12)c(C)c(cc2)CCc3[nH+]c(cn3C)-c4ccnc(c4)N5CC[NH2+]CC5,-3.902,32,-0.1219375
O=C([O-])CCC(\C)=C/COc1ccccc1CN(C)N2CCC([N+](C)(C)C)CC2,-3.901,29,-0.13451724137931034
O=C1[N-]C(=O)[C@@H](S1)Cc2ccc(cc2)S(=O)(=O)C3CCCCC3,-3.9,23,-0.16956521739130434
COc1cc(C)c(c(C)c1C)S(=O)(=O)c2ccn(n2)C,-3.899,20,-0.19495
N#Cc1c(=O)[nH]c(cc1[S@](=O)C)-c2cccc(c2)Nc3ccc(F)cc3,-3.899,26,-0.14996153846153845
C[NH+](C)CCN1CC[C@H](C1)CCc2c[nH+]c[nH]2,-3.898,17,-0.22929411764705884
C#CCn1cnc(-c2ccn[nH]2)c1-c3ccc(OS(=O)=O)cc3,-3.895,23,-0.16934782608695653
CC(C)(C)S(=O)(=O)C[C@H](CC)C(=O)CC(=O)OC,-3.894,18,-0.21633333333333335
COc1ccc(cc1OC)-c2csc(n2)NC(=O)c3ccc(SC)cc3,-3.894,26,-0.14976923076923077
C=CCCCc1[nH+]cc[nH]1,-3.893,10,-0.3893
N#Cc1c(=O)[nH]c(cc1[S@](=O)C)-c2cccc(c2)CCc(n3)[nH]c(c34)ccc(Cl)c4,-3.893,30,-0.12976666666666667
n1cccc(c12)c([nH]n2)Cn(ccc3C)c(=O)c3Cc4ccc(Cl)c(Cl)c4,-3.892,27,-0.14414814814814814
CC(C)(C)c(cc1)ccc1[C@H](C)N[NH2+]Cc2ccccc2,-3.892,21,-0.18533333333333332
O=c([nH+]1)[n-]c(=O)c(n2)c1n(c(c23)cc(C)c(C)c3)S(=O)(=O)c4ccc(cc4)[C@H]5CC(=O)N(C)C5,-3.891,34,-0.11444117647058824
C1CC1[C@@H](C)c2ccc(S(=O)(=O)N)cc2,-3.891,15,-0.2594
Cc1ccc(cc1)CS(=O)(=O)c2c(Cl)cc(cc2Cl)-c3ccc(nc3)N4CC[NH2+]CC4,-3.891,31,-0.12551612903225806
CC/C=C/C/C=C/C/C=C/C/C=C/C=C/[C@H](O)CCCC(=O)n1ccc(O)c(C(=O)[O-])c1=O,-3.891,33,-0.11790909090909091
CCOC(=O)c1csc(n1)N2CCN(CC2)[NH2+]Cc3cc(C)ccc3C,-3.89,26,-0.14961538461538462
CCCCC(=O)OC[C@H](CO)OC(=O)CCCCCCCCCOCc1ccccc1,-3.89,31,-0.12548387096774194
O=C1NC(=O)N(C1(C)C)n(nc2C)c(C)c2/C=N/N3CCN(CC3)Cc4ccccc4,-3.889,31,-0.1254516129032258
COc1cc(OC)c(cc1C)-n(c2=O)c(=O)n(C)c(c23)nc(n3C)N[C@H]4CC[C@H](O)CC4,-3.889,32,-0.12153125
O=c([nH]1)c(Cl)ccc1CC(=O)c(cs2)c(c23)oc(cc3O)=[N+]4CCOCC4,-3.889,27,-0.14403703703703702
O[C@@H]1CC[N@H+](CC1)Cc([nH]n2)c(c23)cccn3,-3.889,17,-0.22876470588235293
Cc1nn(C)c(C)c1CN2CCN(C)CC2,-3.888,16,-0.243
Cc1nc(C[NH+](C)C)ccc1-c2cccc(c2)[N-]S(=O)(=O)c3ccc(F)c(Cl)c3,-3.888,29,-0.13406896551724137
c1cc(Br)c([O-])c(c12)nc(N)cc2-c3cnc[nH]3,-3.887,18,-0.21594444444444444
CC[C@H](CO)CCC/C(C)=C/CSP(=O)([O-])OP(=O)([O-])O,-3.886,21,-0.18504761904761904
CCCCCC(=O)c(ncc1)n(c12)nc(c2-c(cc3)cc(c3=4)=CC(=O)N4)-c5ccc(F)cc5,-3.886,33,-0.11775757575757576
[NH3+]c1ccc(cc1)NNCC(=O)[O-],-3.886,13,-0.29892307692307696
c1cc(Br)c(O)c(c12)nc(N)cc2S(=O)(=O)c3cccc(F)c3,-3.885,23,-0.16891304347826086
COCCNc1nc(ncc1Cl)Nc2ccc(cc2)N3CCN(C)CC3,-3.884,26,-0.1493846153846154
CNCc1ccccc1-n(c(N)[nH+]2)c(c23)cccc3,-3.884,19,-0.20442105263157895
CC(=O)Nc1ccccc1CCn(c([nH+]2)SCCC(=O)[O-])c(c23)cccc3,-3.884,27,-0.14385185185185184
Cn1ccnc1C(=O)c(o2)c(C)c(c23)c(ccc3)CC(CO)(COC[C@@H](C)O)COC[C@@H](C)O,-3.883,34,-0.11420588235294117
CC(C)(O)Cc1ccc(cc1)C2CCN(CC2)c(cc3)nn(c34)c(Cl)nn4,-3.882,27,-0.14377777777777778
CC(=O)N1[C@@H](C)C[C@@H](NC(=O)OC(C)C)c(c12)cc(cc2)-c(n3)c(C#N)c([O-])c(c34)cncc4,-3.882,34,-0.1141764705882353
O=P([O-])([O-])OP(=O)([O-])SC/C=C(\C)CCCN[C@H]1[C@@H]([C@@H]12)COC2,-3.881,23,-0.16873913043478259
C=CCc1ncon1,-3.88,8,-0.485
C[NH+](C)CC[N@H+]1CC[C@H](C1)c2ccc(C(F)(F)F)cc2,-3.88,20,-0.194
CC(C)NC(=O)O[C@H](CC[C@@]1(C)O)c(c12)nnn2[C@H]3CCOC3,-3.879,23,-0.1686521739130435
CCCCCCCN(C(=O)CC(=O)OC)CCc1ccc(cc1)O[C@](C)(C(=O)[O-])CC,-3.879,31,-0.12512903225806452
CN1CCN(CC1)c(c2)[n-]c3c(NS(=O)(=O)C)ccc(c3c24)n(C)c4O,-3.878,26,-0.14915384615384616
O=C(N1)C(C)(C)Oc(c12)cc(c(c2)OC)N[N@@H+]3CCC[C@H]([NH3+])C3,-3.878,23,-0.16860869565217393
Cc1cc(on1)[C@@H](C(C)C)C(=O)N2C[C@H](O)C[C@H]2C(=O)C[C@@H](C)O,-3.878,24,-0.16158333333333333
CC1=NCS[C@@H]1c2ccc(cc2)CNc(cc[nH]3)c(c34)nc(n4)N,-3.878,24,-0.16158333333333333
CCNC(=O)c(c1)[nH]c(c12)c(=O)n(C)cc2-c3cc(S(=O)(=O)CC)ccc3C[C@H]4CC[C@H](C)CC4,-3.878,35,-0.11080000000000001
Cc1noc(C)c1-c2ccc(cc2)CNc(cc3)nc(c34)sc(n4)NC(=O)C5CC5,-3.878,30,-0.12926666666666667
C1CC1c(n2)cccc2[C@H](CC)c3cn(C)c([nH+]3)COc(cc4)nn(c45)c(C)c([nH+]5)C,-3.878,31,-0.1250967741935484
OCC[NH2+]CCC(=O)c1cc(F)ccc1[O-],-3.878,16,-0.242375
OCCOc1c(C)cc(cc1C)-c(c2)oc(c23)c(cn(c3=O)C)C[C@H](O)[C@H](N)CO,-3.876,30,-0.1292
C[N@H+]1CC[C@@H](CC1)c2ccc(cc2F)Nc3ncc(C(F)(F)F)c(n3)-n4cncn4,-3.876,30,-0.1292
C1C[NH2+]CCN1c(nc2)ccc2[C@H](C(=O)[O-])Cc3ccc(cc3)-c4ccccc4,-3.875,29,-0.1336206896551724
C1COCCN1c(c2)cc(C)c(c23)[nH]c(n3)-c(n4)c(cccc5)c5c(n46)nnc6C,-3.874,30,-0.12913333333333335
CC(C)CCNS(=O)(=O)c1ccc(cc1)-c2csc(n2)CC(=O)N3CC[NH+](C)CC3,-3.874,30,-0.12913333333333335
Cc1cc(F)cc(C)c1-c(cc(n2)N)c(c23)ccc(Br)c3[O-],-3.873,22,-0.17604545454545456
CC[C@](C)(C(=O)[O-])Oc1ccc(cc1)CCN2CCN(CC2)Cc3ccccc3,-3.872,29,-0.13351724137931034
FC(F)(F)CCNn(c(=O)n1C)c(=O)c(c12)c(C)c(cc2)C(=O)C3=C(O)CCCC3=O,-3.871,31,-0.12487096774193548
O=C([O-])[C@@H]([NH3+])CC[S+](C)C[C@H]1O[C@H]([C@H](O)[C@@H]1O)CCCN2CCOCC2,-3.87,26,-0.14884615384615385
O=C([O-])[C@@H]([NH3+])CC[S+](C)C[C@H]1O[C@H]([C@H](O)[C@@H]1O)CCCN2CCOCC2,-3.87,26,-0.14884615384615385
O=c([nH]1)onc1[C@H](C)Cc2cccnc2,-3.87,15,-0.258
Cc1noc(C)c1-c2ccc(=O)n(c2)N3CC[C@@H](C3)[N@H+](C)CCC[NH+](C)C,-3.869,27,-0.1432962962962963
Cc1ccn(C)c(=O)c1-c2cnc(Cl)c(c2)C(=O)c(cn3)cc(c34)c(no4)C(C)C,-3.869,30,-0.12896666666666667
C1CC1S(=O)(=O)c(cs2)nc2[N-]C(=O)COc3cccc(F)c3,-3.869,23,-0.16821739130434785
c1cc(C)cc(c12)[nH+]c([nH]2)CCc(c(c34)cc(Br)cc4)nc(n3)N(C)CCC[NH+](C)C,-3.868,31,-0.12477419354838709
CC[C@](C)(C(=O)[O-])Oc1ccc(cc1)CC[NH2+]CCCNC(=O)OC(C)(C)C,-3.868,28,-0.13814285714285715
COc1ccc(cc1)Cn(nn2)c(c23)[C@@](C)(O)CC[C@H]3OC[C@H](O)CO,-3.868,26,-0.14876923076923076
C1CC1Nc([nH+]c(n2)N)cc2Nc(c(C#N)c3)cc(n34)nc(c4)-c5ccccc5,-3.868,29,-0.13337931034482758
Cc1cc([nH]n1)[C@@H](C)Nc([nH]2)nc(c23)cc(cc3C)N4CCOCC4,-3.868,25,-0.15472
CCS(=O)(=O)[N-]c1ccc(C(=O)C(F)(F)F)c(c1)-c(cn(C)c2=O)c(c23)oc(c3)-c4cnc[nH]4,-3.867,34,-0.11373529411764706
CC(=O)Nc1cccc(c1)C(=O)[C@H]2N(C[C@@H]([C@@H]23)C3(C)C)C(=O)[C@H](C(C)(C)C)NC(=O)C(F)(F)F,-3.867,34,-0.11373529411764706
CNc1cc(nc(N)[nH+]1)N2CCN(CC2)N[C@H](C(=O)[O-])Cc(c[nH]3)c(c34)cccc4,-3.866,30,-0.12886666666666666
C1CSCC[NH+]1[C@H](C[C@H](C)N2C(=O)C)c(c23)cc(cc3)-c4[nH]ncc4,-3.865,25,-0.15460000000000002
n1nc(C)n(c12)c3c(cccc3)C(c4ccccc4)=N[C@H]2NC(=O)C(=O)CCCCCCCCCO,-3.864,36,-0.10733333333333334
Cc1nc(cs1)-c2ccc(cc2)C(=O)c3ccc(S(=O)(=O)C)cc3Nc4ncccn4,-3.862,31,-0.12458064516129033
c1ccc(OC)c(c12)[nH+]c([nH]2)CC[NH2+]Cc3ccc(c(Cl)c3)[C@H]4C[C@@H](C#N)C4,-3.862,28,-0.13792857142857143
CCOC(=O)c1cnn(C)c1C(=O)S(=O)(=O)c2ccc(OC)c(c2)OC,-3.862,26,-0.14853846153846154
CCNC(=O)c1ccc(c(c1)[N-]S(=O)(=O)C)OCc2ccccn2,-3.862,24,-0.16091666666666668
n1ccc(OC)c(c12)cc(cc2)-c3ccc(=O)n(c3)Cc4ccc([C@@H](C)O)cc4,-3.862,29,-0.13317241379310346
C1CCCC1N([C@H](C)C(=O)N2C)c(c23)cc(cc3)C(=O)n4cc(O)cn4,-3.861,26,-0.14850000000000002
n1ccn(c12)c(=O)n(cc2)N3CCN(CC3)c4ccc(C(F)(F)F)cc4,-3.861,26,-0.14850000000000002
c1cc(C)cc(c12)[nH+]c([nH]2)CCc3cc(nc(N)[nH+]3)N4CC[NH+](CC4)C5COC5,-3.861,29,-0.13313793103448276
C1CC1Nc(nc2N)cc([nH+]2)N3CCN(CC3)[NH2+]C4CCCCC4,-3.86,24,-0.16083333333333333
N#C\C=C\c(cc1C)cc(C)c1-c(cc2)cc(c2=3)=NC(=O)N3,-3.859,22,-0.1754090909090909
COc1ccc(cc1)Cn(nn2)c(c23)[C@@](C)(O)CC[C@H]3OC(=O)N4CC[NH+](CC4)Cc5ccccc5,-3.859,36,-0.10719444444444444
CC(C)(C)OC(=O)N1CCC(CC1)c2nc(no2)CCc3ccc(cc3)OC(C)(C)C(=O)[O-],-3.859,33,-0.11693939393939394
CC(=O)NC[C@H]1CN(C(=O)O1)c2ccc(c(F)c2)-c3ccc(cc3Cl)C[NH2+]CCC(=O)N,-3.858,32,-0.1205625
CCNS(=O)(=O)CCc1c(C)cc(cc1C)N(C2(C)C)C(=O)NC2=O,-3.858,25,-0.15432
Cc1cc(OC)cc(c12)c(c3c(n2)[nH]nc3C)CN4CCC(CC4)N5CCCOC5=O,-3.858,31,-0.1244516129032258
C[C@H]1COC(=N1)c2ccc(c(Cl)c2)-c3ccc(F)c(F)c3F,-3.857,22,-0.17531818181818182
CS(=O)(=O)[N-]S(=O)(=O)c(cc1)cc(c12)C[NH2+][C@H](C2)CO,-3.857,20,-0.19285000000000002
CC(C)Oc1nc(ncc1Cl)Nc2ccc(cc2)N3CC[NH+](C)CC3,-3.856,25,-0.15424
OCCCc1cnc[nH]1,-3.856,9,-0.4284444444444444
Oc1ccc(Cl)cc1-c(ccc2C)cc2S(=O)(=O)NC3CCCC3,-3.856,24,-0.16066666666666665
N[C@H]1CCC[N@H+](C1)C[C@H](O)CCCC(=O)[O-],-3.856,16,-0.241
FC(F)(F)c(n1)nc(n12)nc(C)cc2-c(cc3=O)oc(c34)c(ccc4)-c(cc5)cc(c56)OCCO6,-3.856,35,-0.11017142857142857
COCCNc1nc(ncc1Cl)Nc2ccc(cc2)[NH+]3CCN(C)CC3,-3.855,26,-0.14826923076923076
O=C([O-])Cn(cc1)c(c12)ccc(c2)-c3c(cccc4)c4nc(c35)CCCC5,-3.855,27,-0.14277777777777778
C1COCCN1c(c2)cc(C)c(c23)[nH]c(n3)-c4ccc(C(F)(F)F)cc4[N+](=O)[O-],-3.854,29,-0.13289655172413795
Nc([nH+]1)cc(C)c(c12)ccc(c2)-c3ccc(c(c3)C[NH3+])N(C4(C)C)C(=O)NC4=O,-3.854,29,-0.13289655172413795
C[C@H](O)c1ccc(nc1)CCS(=O)(=O)c2c(Cl)cc(Br)cc2Cl,-3.853,23,-0.1675217391304348
Cc1ccc(c(C)c1)NCCSP(=O)([O-])OP(=O)([O-])O,-3.852,20,-0.1926
N#CCC[NH2+]CCCc1cccc(c1)Oc2ccccc2,-3.851,21,-0.18338095238095237
C/C=C/CCCCCCCC(=O)O[C@H](COP(=O)([O-])[O-])Cc1cnn(c1)C[C@H](C)OC,-3.851,31,-0.12422580645161291
Cc1onc(C)c1-c(ccc2C)cc2S(=O)(=O)c3ccc(I)cc3,-3.851,24,-0.16045833333333334
CCC(=O)CCCCCC(=O)[O-],-3.85,12,-0.32083333333333336
C1CCC1c([nH]2)[nH+]cc2-c3ccc(cc3OCC)C(=O)N4CCC(CC4)[NH+]5CCN(C)CC5,-3.85,33,-0.11666666666666667
CCc1c(C)nc(N)nc1-c2c(C)c(nn2CCCCCO)C(=O)NC34C[C@H]5C[C@@H](C4)C[C@H](C5)C3,-3.85,35,-0.11
O=C([O-])CCCCCOc1ccccc1CN(C2CC2)c3cc[nH]n3,-3.849,25,-0.15396
N1CCCC[C@@H]1[N@@H+](C)CCO[C@@H]2CC[C@@H](CC2)C[C@@H](C([O-])=O)C(=O)c(cc3)nc(c34)cccc4,-3.849,34,-0.11320588235294118
FC(F)S(=O)(=O)c1ccc(c(Br)c1CO)-c2ccc(c(F)c2)N3CCSCC3,-3.849,28,-0.13746428571428573
C1CC1c([nH]2)nc(c23)cc(-c4c(C)onc4C)cc3-c5ccc(S(=O)(=O)N)cc5,-3.849,29,-0.1327241379310345
O=C([O-])C(C)(C)Oc1ccc(cc1)CCNc2ncon2,-3.848,21,-0.18323809523809523
Cc1ccc(cc1)Cc2ccc(cc2)-c([nH]3)c(C#N)c(=O)c(c34)cncc4,-3.848,27,-0.14251851851851852
C[C@@H]1C(=O)N(C)CCN1CC[C@H](c2cccnc2)C(=O)NC3CCCCC3,-3.848,27,-0.14251851851851852
Cc1cc[nH+]c(c1)CCCCCc2ccc(cc2)S(=O)(=O)NCCC(C)C,-3.847,27,-0.1424814814814815
O=c1ccc(cn1C)C(=O)N2CCN(CC2)c3ccc(Cl)cc3,-3.847,23,-0.16726086956521738
CCOC(=O)c1cnn(C)c1C(=O)N2CC[NH+](CC2)Cc3ccccc3,-3.847,26,-0.14796153846153845
C1C[N@H+](C)CC[C@H]1NC(=O)c(cc2OC)ccc2-c3noc(n3)C4CCN(CC4)C(=O)OC(C)(C)C,-3.847,36,-0.10686111111111112
C[NH+](C)c1ccc(cc1)C2(CCCC2)CNNc3ccc(Cl)cc3,-3.846,24,-0.16025
C1CC1[C@@H](C)Nc(nc(n2)C(=O)[O-])c(c23)n(c(n3)CC[NH3+])Cc4ccc(Cl)cc4,-3.846,29,-0.13262068965517243
CN(C)c1ccc(cc1)N([NH2+]C(C)(C)C)Cc2cc(Cl)cs2,-3.846,22,-0.17481818181818182
Cc([nH+]1)c(C)n(c12)c(C)c(cc2)CCc3[nH+]c(cn3C)-c4ccc(N)nc4,-3.845,27,-0.14240740740740743
Cc1cc(N)[nH+]c(c1)CCCCCc2cccc[nH+]2,-3.845,19,-0.2023684210526316
C[N@H+]1CC[C@@H](CC1)Nc2ccc(cc2)CNC(=O)CCC3CCN(CC3)c4ccc(C#N)cc4,-3.844,34,-0.11305882352941177
C1COCCN1c(c2)cc(C)c(c23)nc([nH]3)-c4ccc(cc4)-c(ccc5)c(c56)ncn6C,-3.844,32,-0.120125
C[C@@H]1C(=O)N(C)CCN1c(oc2C)[nH+]c2CC[C@H](O)c3ccc(cc3)C[C@@H]4SC(=O)NC4=O,-3.843,33,-0.11645454545454545
c1cncc(c12)c([O-])c(C#N)c(n2)-c3ccc(cc3)-c4c[nH]cn4,-3.843,24,-0.160125
n1cccnc1Nc(c2)c(ccc2S(=O)(=O)C)N3CC[NH+](CC3)C4COC4,-3.843,27,-0.14233333333333334
O=C1CCCC(O)=C1C(=O)c(cc2)c(C)c(c23)c(=O)n(c(=O)n3C)OCc(c4)oc(c45)cccc5,-3.84,35,-0.10971428571428571
CC(C)(C)c(n[nH]1)cc1N(C(=O)CC)[C@H](c2cccnc2)C(=O)N3CCN(C)C(=O)[C@H]3C,-3.84,32,-0.12
COc1ccccc1C(=O)N2CCS[C@@H](CC2)c3cccs3,-3.84,22,-0.17454545454545453
Cc1ccccc1CN(c2ccc(C#N)c(Cl)c2)[C@H]3CCN(C3)N4CCN(C)C(=O)[C@H]4C,-3.84,32,-0.12
CC(=O)NC[C@H]1CN(C(=O)O1)c2c(C)nnn2C3CCN(CC3)CC[NH+](C)C,-3.84,28,-0.13714285714285715
COc1ccc(cc1)Cn(nn2)c(c23)[C@@](C)(O)CC[C@H]3Oc4ccc(cc4)C[C@H]5SC(=O)NC5=O,-3.84,35,-0.10971428571428571
S=C(N1)OC(C)(C)c(c12)cc(cc2)C(=O)c(c3)oc(c34)cccc4,-3.839,24,-0.15995833333333334
C[NH+](C)CC[N@H+]1CC[C@H](C1)Cc(c2)oc(c23)cccc3,-3.839,20,-0.19195
FC(F)(F)c(n1)nc(n12)nc(C)cc2S(=O)(=O)c3ccc(nc3)NCCN4CCN(C)CC4,-3.839,33,-0.11633333333333333
NC(=O)CCNCc1ccc(c(Cl)c1)C/C=C/c2ccc(Br)cc2,-3.838,24,-0.15991666666666668
CC(=O)N1CCC[C@H](C1)Cn(c(c23)ccc(Br)c3)c(n2)-c4cccc(F)n4,-3.837,27,-0.1421111111111111
c1cccc(c12)c(OCC(=O)[O-])ccc2S(=O)(=O)Nc3cccc(c3)N4C=CCC4=O,-3.837,31,-0.1237741935483871
C1[NH2+]CCC[C@H]1c2ccc(cc2C)C[NH2+]CCc([nH+]3)[nH]c(c34)cccc4,-3.837,26,-0.14757692307692308
C1COCCN1c(ncn2)c(c23)cc(c(c3)OC)CC[C@H](NC(=O)[C@H](O)[C@H](C)[NH3+])Cc4ccccc4,-3.836,36,-0.10655555555555556
C1COCCN1c(ncn2)c(c23)cc(c(c3)OC)[C@H](C)c4ccc(cc4)-c5c(C)noc5C,-3.836,33,-0.11624242424242424
O=C1NC(=O)N(C1(C)C)c(cc2C)cc(C)c2CCS(=O)(=O)C(=O)CCCCCCCCCO,-3.836,34,-0.1128235294117647
COc1cccc(c1)[C@H](O)Cc([nH+]2)n(C)c(c23)c(=O)n(c(=O)n3C)Cc4ccc(Cl)c(Cl)c4,-3.835,33,-0.11621212121212121
Cc1nn(C)c(C)c1[N-]S(=O)(=O)c2ccc(nc2)Nc3cc(Cl)cc(Cl)c3,-3.835,27,-0.14203703703703704
COc1cc(OC)cc(c12)nc([nH]c2=O)-c3cc(cnc3N)-c4cnn(C)c4,-3.835,28,-0.1369642857142857
CCN(C(=O)C1)c(c12)ccc(c2)C[C@@H]3CC(=NO3)c4ccc(c(F)c4)N5CC[C@@H](C5)NC(=O)C,-3.835,34,-0.11279411764705882
CN1CC[NH+](CC1)C2CCN(CC2)S(=O)(=O)c(c(c34)cccc4)ccc3OCC(=O)[O-],-3.835,31,-0.12370967741935483
COc1cc(=O)n(C)nc1-c2ccccc2[C@H](C)[C@H]3CC[C@H](C)CC3,-3.835,25,-0.1534
CC(C)C(C(C)C)NC(=O)Cc1cnc([nH]1)C2CCCC2,-3.834,21,-0.18257142857142858
Cc1noc(C)c1-c2ccc(=O)n(c2)C(=O)c3ccc(cc3)-c4ccsc4,-3.834,27,-0.14200000000000002
Cc1cc(on1)CCCCCN(CC2)C[C@H]([N@H+]23)CCC3,-3.834,20,-0.1917
c1cc(Cl)ccc1CC2([NH3+])CCN(CC2)n(c(n3)SCCC(=O)[O-])c(c34)cccc4,-3.833,30,-0.12776666666666667
C1CC1Nc([nH+]c2N)cc(n2)C(=O)CC(=O)C(=O)[O-],-3.833,19,-0.20173684210526316
Cc1cc[nH+]c(c1)CCCCC[NH2+][C@H]([C@@H](O)C(=O)N2CCC2)C[C@@H]3CCCNC3=O,-3.833,30,-0.12776666666666667
NS(=O)(=O)c1ccc(cc1)-c2ccc(F)c(F)c2F,-3.832,19,-0.20168421052631577
COc1ccc(cc1)Cn(nn2)c(c23)[C@](C)(O)CC[C@H]3ONC4CCN(CC4)c5ccccn5,-3.832,34,-0.11270588235294117
O=C1CC=CN1C(=O)c2ccc(cc2)-c3ccsc3,-3.83,19,-0.20157894736842105
CS(=O)(=O)N1CC[C@@H](C1)c2ccc(cc2Cl)C[NH2+]CCc3[nH+]cc[nH]3,-3.829,25,-0.15316000000000002
Cc1cc(n[nH]1)[C@@H](C)Nc([nH]2)nc(c23)cc(cc3C)N4CCOCC4,-3.828,25,-0.15312
c1ccccc1-c2[nH]nc(n2)NCCc3cc[nH+]cc3,-3.827,20,-0.19135
C[NH+](C)CCN1CCC(CC1)n2cnc(c2C(=O)CCC(=O)[O-])-c3ccc(C(F)(F)F)cc3,-3.827,33,-0.11596969696969697
c1ccccc1-n(nc2C)c(C)c2/C=N/N3CCN(CC3)n(cc4)c(=O)n(c45)ccn5,-3.827,31,-0.1234516129032258
c1ccccc1CC(=O)N2CCC(CC2)c3nc(no3)-c4cccs4,-3.827,25,-0.15308
CCCCCCC(=O)P(=O)([O-])O[C@@H]1O[C@@H](C)[C@H](O)[C@@H](O)[C@H]1O,-3.827,22,-0.17395454545454545
Cc1cccc(c1C)Oc2nccc(n2)CCc(n3)[nH]c(c34)c([N+](=O)[O-])ccc4,-3.827,29,-0.1319655172413793
FC(F)(F)CCNS(=O)(=O)c1ccc(cc1)-c2ccc(F)cc2,-3.827,23,-0.1663913043478261
O=C([O-])CCCCCCCn1ccc(=O)[nH]c1=O,-3.826,18,-0.21255555555555555
n1[nH]ccc1C(=O)c2csc(n2)N3CC[N+](CC3)=C(N4)CSc(c45)cccc5,-3.826,28,-0.13664285714285715
O=C([O-])c1sccc1C(=O)Nc2ccc(cc2F)[C@@H]3OC[C@@H](O)[C@H]3O,-3.826,25,-0.15304
C1CNCCN1c(c2)[nH+]ccc2CCC3OCCO3,-3.825,19,-0.20131578947368423
Cc1cc(C)c(c(C)c1)-c2ccc(cc2Cl)C[NH2+]CCc3[nH+]cc[nH]3,-3.825,25,-0.153
COc1ncc(c(n1)OC)-c(cc2)cc(c23)C=CN(C)C(=O)[C@@H]3C,-3.824,24,-0.15933333333333333
O=C([O-])C(C)(C)c(cc1=O)oc(c12)c(cs2)-c(cc3)cc(c34)OCCO4,-3.824,26,-0.14707692307692308
CCc(c1)nc(C)c(c12)c(c(C#N)c(=O)[nH]2)-c3ccnc(n3)Nc4ccc(C#N)cc4,-3.823,31,-0.12332258064516129
o1cccc1-c(cc2)cc(c23)[C@@H](C[C@H](C)N3C(=O)C)NNC4CCN(CC4)c5ccccn5,-3.823,33,-0.11584848484848485
O=C1CCCc(c12)n(c(c2)CC)NC[C@H]3CN(C(=O)O3)c4ccc(c(F)c4)N5CCSCC5,-3.822,33,-0.11581818181818182
COCCOCCOCCOCC[NH2+]CC#Cc1ccc(cc1)C(=O)NCCC(F)(F)F,-3.822,32,-0.1194375
[nH+]1cccc(c12)ccc(c2)C3CCCCC3,-3.822,16,-0.238875
CCN(C(=O)C1)c(c12)ccc(c2)NC(=O)c3ccc(cc3)-c4ccoc4,-3.821,26,-0.14696153846153848
CCCCCC(=O)c(n1)n(c(c12)c(nc(n2)C(=O)[O-])N[C@H](C)C3CC3)Cc4ccc(Cl)cc4,-3.819,33,-0.11572727272727272
CC(C)C[C@H](N)/C([O-])=C/C(=O)Nc1nc(cs1)-c2ccccn2,-3.819,23,-0.16604347826086957
C=CC1=C(C)C(=O)N[C@@H]1c(nc(n2)C)c(c23)c4c([nH]3)cc(c(c4)OC)-c5c(C)noc5C,-3.819,32,-0.11934375
CCN(C1=O)c2ccc(c(c2c13)ccc3)S(=O)(=O)NCC4CCN(CC4)c5ncc(F)cc5F,-3.819,34,-0.11232352941176471
CC(=O)N1CCC(CC1)CNS(=O)(=O)C(C)(C)C,-3.818,18,-0.2121111111111111
FC(F)(F)Oc(c1)ccc(c12)n(c(n2)C)NC34C[C@H]5C[C@@H](C4)C[C@H](C5)C3,-3.818,26,-0.14684615384615385
COc1ccc(cc1)Oc2cc(ncn2)-c3ccc(cc3Cl)CNCCCC[NH3+],-3.818,29,-0.1316551724137931
N#Cc(c1Cl)ccc(c1C)CC[C@H](NC(=O)[C@H](O)[C@H](C)N)Cc2ccccc2,-3.818,28,-0.13635714285714287
c1cc(Br)c(O)c(c12)nc(N)cc2C(=O)c3ccsc3C(=O)[O-],-3.818,23,-0.166
n1cn(C)c(c12)cccc2-c3ccc(cc3)S(=O)(=O)c(cc4)cc(c45)C[NH2+]CC5,-3.818,29,-0.1316551724137931
COc1cc(OC)cc(c12)nc([nH]c2=O)-c3ccccc3C(C)(C)C,-3.818,25,-0.15272
n1ccccc1CNNC2CCCC2,-3.817,14,-0.27264285714285713
CC(=O)NCCC[NH2+]Cc1ccc(c(Cl)c1)-c(cn(C)c2=O)c(c23)oc(c3)-c4c[nH]c[nH+]4,-3.817,32,-0.11928125
c1cc(Cl)ccc1[C@@H](c2cccnc2)C(=O)N3CCN(CC3)N4CCCCC4,-3.816,28,-0.1362857142857143
CN(C)CC[NH+]1CCN(CC1)c2ccc(F)c(F)c2F,-3.815,20,-0.19075
C/C=C/Cc1ccc(c(c1)CN)OCc2cccnc2,-3.815,20,-0.19075
O=C([O-])C(C)(C)NO,-3.815,8,-0.476875
o1nccc1-n2ncc(Cl)c2C(=O)Nc(cc3)cc(c34)[nH]c(n4)-c5ccccc5,-3.814,29,-0.13151724137931034
CCC(CC)C(=O)[C@@H](N)CC(C)C,-3.814,13,-0.2933846153846154
O=C([O-])c1ccc(cc1OC)N[C@H](Cn2cc[nH+]c2)c3ccc(Cl)cc3Cl,-3.812,27,-0.1411851851851852
CC(C)(C)S(=O)(=O)C[C@H](C1CC1)c2cc(CO)ccc2F,-3.812,21,-0.1815238095238095
FC(F)(F)c1cccc(c1C)[C@@H](C)[C@@H]2CC[N@H+](C2)CC[NH+](C)C,-3.812,23,-0.1657391304347826
Cc1cc(C)cc(c1)Nc2[nH+]ccc(n2)/N=C/c3ccccc3C=O,-3.812,25,-0.15248
o1nc(C)c(c12)cc(c(c2)NC)-n3cc(cn3)-c(c(n4)C)n(c45)ccnc5N6CCOCC6,-3.811,33,-0.11548484848484848
COCCNC(=O)c1cnn(C)c1C(=O)Nc(cc2)cc(n23)nc(c3)-c4ccccc4,-3.811,31,-0.12293548387096774
NC(=[NH2+])CC(=O)[N-]c1nc(cs1)-c2ccccn2,-3.81,18,-0.21166666666666667
Cc1cccc(c1C)-c2ccc(cc2)C3=N[C@@H](C)CO3,-3.81,20,-0.1905
O=C1CC=CN1N(C2=O)C(=O)N[C@]23C[C@H](C3)c4ccccc4,-3.81,22,-0.1731818181818182
Cc1nnc(n12)c(NC)nc(c2)-c(n3)n(-c4c[nH]cn4)c(c35)cc(cc5)N6CC[NH+](C)CC6,-3.81,33,-0.11545454545454546
CC(C)NC(=O)c1c(Cl)cc(cc1Cl)CNCCc(n2)[nH]c(c23)cccc3,-3.81,27,-0.1411111111111111
c1ccccc1C[C@@H](NC(=O)[C@H](O)[C@H](C)N)CCc2cc(Cl)ccc2O,-3.808,26,-0.14646153846153845
O=C1CC[C@@H](C(=O)N1)C(=O)C2CCCCC2,-3.807,16,-0.2379375
O[C@@H]1[C@H](O)CO[C@H]1c2ccc(cc2OCC)C(=O)N3CCC(CC3)[NH+]4CCN(C)CC4,-3.806,31,-0.1227741935483871
s1ccc(c12)cc(cc2)-c(n3)n(c(c34)c(nc(n4)C(=O)[O-])N[C@H](C)C5CC5)OCc6ccccc6,-3.806,35,-0.10874285714285714
Cn(c1)c(=O)ccc1-c(oc2C)nc2CCOc(c(c34)ccs4)ccc3C[C@@H]5SC(=O)NC5=O,-3.806,34,-0.11194117647058824
Cc1onc(C)c1-c(ccc2C)cc2S(=O)(=O)Cc3cccc(c3)C(=O)N,-3.806,27,-0.14096296296296296
C1CCCC1(CC(=O)[O-])CC(=O)N2CCN(CC2)S(=O)(=O)c3cccc(F)c3,-3.806,28,-0.13592857142857143
C1COCCN1c(c2)cc(C)c(c23)nc([nH]3)-c4cn[nH]c4-c5cccc(C(F)(F)F)c5,-3.805,31,-0.12274193548387097
C1CC1CC(=O)N2CCC[C@@H]2CO,-3.805,13,-0.2926923076923077
c1ccccc1CN2CCN(CC2)Cc(n[nH]3)c(c34)cccn4,-3.805,23,-0.16543478260869565
CC(C)(C)[C@H](C)c1ccc(s1)-c(cn2)n(c23)CCC3,-3.804,19,-0.20021052631578948
C1C[NH2+]CCC1n(nnc2C)c2[C@@H]3CC[N@H+](CC3)CC[NH+](C)C,-3.804,23,-0.1653913043478261
CNc1cc(nc(n1)N)N2CCN(CC2)N3CC[NH+](C(C)C)CC3,-3.804,24,-0.1585
[nH+]1ccccc1N(C)CCCCn(c([nH+]2)SCCC(=O)[O-])c(c23)cccc3,-3.803,27,-0.14085185185185184
C[NH+]1CCN(CC1)c(c2)[n-]c3c(ccc(c3c24)n(C)c4O)Nc5ccc(C(C)(C)C)cc5,-3.803,32,-0.11884375
COC(=O)N(CC1)CCC12CN(C2)c3cccc(F)n3,-3.803,20,-0.19014999999999999
c1cc(C)cc(c12)[nH]c(n2)CCN3CCN(CC3)C4COC4,-3.802,22,-0.17281818181818182
O=C1CC[C@@H](C(=O)N1)N(C2=O)C(=O)c(c23)c(ccc3)S(=O)(=O)CC(F)(F)F,-3.802,27,-0.1408148148148148
c1cccc(c12)oc(c2)C(=O)N3CC[NH+](CC3)C(c4ccccc4)c5ccccc5,-3.802,30,-0.12673333333333334
O=C([O-])C(C)(C)c1ccc(cc1)C[C@@H]2SC(=O)NC2=O,-3.802,20,-0.1901
c1ccccc1Oc2cccc(n2)C/N=C3/NNCS3,-3.802,20,-0.1901
CCN1CCN(CC1)[NH2+]C(C(C)C)C(C)C,-3.801,16,-0.2375625
COc1cccc(c1)C/C(=N/[H])NC(=O)c2cc(Cl)ccc2S(=O)(=O)c3ccc(F)c(C)c3,-3.801,32,-0.11878125
[nH+]1ccccc1CNn2cncn2,-3.8,13,-0.29230769230769227
n1ocnc1-c2nc(C(=O)[O-])nc(c23)nc(-c(cc4)cc(c45)ccs5)n3Cc6ccc(Cl)cc6,-3.8,34,-0.11176470588235293
CCCCCC[C@@H](C)NNNC(=O)c1cc(C(C)(C)[NH3+])cc(n1)-c2ccc(F)cc2,-3.8,30,-0.12666666666666665
COc(nn1)ccc1-c(c2CC)[nH+]c(N)nc2N3CCN(C)CC3,-3.8,24,-0.15833333333333333
C[C@H](O)COCC(CO)(COC[C@@H](C)O)CNc1[nH+]ccs1,-3.799,22,-0.1726818181818182
C1CC1N2C(C)(C)C(=O)N(C)c(c23)ccc(c3)Nc(ccc4)c(c45)oc(cc5O)=[N+]6CCOCC6,-3.799,35,-0.10854285714285714
Cc1noc(C)c1-c2ccc(cc2)CNNC(C(C)C)C(C)C,-3.798,23,-0.1651304347826087
CCOC(=O)c1cnn(C)c1C(=O)c(nc(n2)C)c(c23)cc(OC)c(c3)OC,-3.798,28,-0.13564285714285715
CC(=O)NC[C@H]1CN(C(=O)O1)[C@@H]2O[C@@H](C)[C@H](O)[C@@H](O)[C@H]2O,-3.797,21,-0.1808095238095238
C1COCCN1c(c2)cc(C)c(c23)[nH]c(n3)-c4ccc(cc4)-c(ccc5)c(c56)ncn6C,-3.797,32,-0.11865625
C1COCCN1c(c2)cc(C)c(c23)[nH+]c([nH]3)-c4ccc(cc4)-c(ccc5)c(c56)ncn6C,-3.797,32,-0.11865625
C[N+](C)(C)C1CCN(CC1)c2ccc(cc2)OCC3CC3,-3.797,21,-0.1808095238095238
C1CN(C)CC[NH+]1CCc2cc(ccc2N(C3)C[C@H](C)C[C@@H]3C)C(=O)Nc4ccccc4C(=O)[O-],-3.796,35,-0.10845714285714285
CC(C)(C)c(n[nH]1)cc1N(C(=O)CC)[C@H](c2cccnc2)C(=O)C(=O)c3ccc(SC)cc3,-3.796,33,-0.11503030303030302
O=C([O-])C(C)(C)Oc1ccc(cc1)CCNc2n[nH]c(n2)-c3ccccc3,-3.795,27,-0.14055555555555554
Fc1cccc(F)c1S(=O)(=O)[N-]c2cccc(c2)Nc3ccccc3F,-3.795,26,-0.14596153846153845
n1cccnc1Nc(c2)c(ccc2S(=O)(=O)C)-c([nH+]c(c34)cccc4)nc3NCc5ccco5,-3.795,34,-0.11161764705882353
O=c1ccc(cn1C)C(=O)[C@H]2CC[N@@H+](C2)CCN,-3.795,18,-0.21083333333333332
O=c1[nH]c(=O)n(cc1C)[C@H]2CCC[N@H+](C2)Cc3cccc(c3)-c4ccc(C(F)(F)F)c(F)c4,-3.794,33,-0.11496969696969697
COc1ccccc1-c2ccc(cc2C)C[NH2+]CCc([nH+]3)[nH]c(c34)cccc4,-3.794,28,-0.1355
CC[N@H+]1CC[C@@H](CC1)N(C)c(nc(c23)ccs3)nc2-c(cn(C)c4=O)c(c45)oc(c5)-c6cnc[nH]6,-3.794,35,-0.1084
CCC(=O)c1cc[nH]c(=O)c1-c(n2)[nH]c(c23)cc(cc3C)N4CCOCC4,-3.793,27,-0.14048148148148148
C1CCn(c12)c(cn2)N[C@H](C)c3ccc(cc3)-c4cc(F)cnc4Cl,-3.792,25,-0.15167999999999998
COc1cccc(c1)-c2ccc(c(F)c2)NC(=O)c3ccsc3C(=O)n4cc(C)c(=O)[nH]c4=O,-3.792,34,-0.11152941176470588
COc1nc(N(C)C)ncc1N2CCN(CC2)c3ccc(Cl)cc3,-3.79,24,-0.15791666666666668
COc1ccc(cc1)Cn(nn2)c(c23)[C@@](C)(O)CC[C@H]3Oc4ccc(cc4)C[C@H]5SC(=O)[N-]C5=O,-3.789,35,-0.10825714285714286
COc1ccc(cc1)Cn(nn2)c(c23)[C@@](C)(O)CC[C@H]3c(cc4)cc(c45)ccs5,-3.789,29,-0.1306551724137931
Clc1ccc(cc1Cl)N2CCN(CC2)N3CCC(CC3)c4nc(no4)-c5cccs5,-3.789,30,-0.1263
n1nn(C)cc1-c2n(nnc2C)C3CCN(CC3)CC[NH+](C)C,-3.788,23,-0.16469565217391305
c1ccccc1[C@H](N(C)C2=O)c(c23)cc(cc3)-n4nccn4,-3.787,22,-0.17213636363636364
O=C1[N-]C(=O)[C@@H](S1)Cc(c(c23)scc3)ccc2-c4ccccc4,-3.786,23,-0.16460869565217393
CC(C)N(CC1)CCC12CC(=O)c3c(O2)ccc(c3)-c4ccc(=O)n(c4)Cc5ccccc5,-3.785,33,-0.1146969696969697
CCN(C(=O)C1)c(c12)ccc(c2)-c3ccc(cc3)-c4c(C)noc4C,-3.784,25,-0.15136
Cc1cc(n[nH]1)[C@@H](C)Nc([nH+]2)[nH]c(c23)cc(cc3C)N4CCOCC4,-3.784,25,-0.15136
C[NH+]1CCN(CC1)c2ccc(cc2)[NH2+]CCN3CCOCC3,-3.783,22,-0.17195454545454544
CC(C)(C)S(=O)(=O)[N-]c1cc(ccc1Cl)N2CC[NH+](CC2)Cc3ccccc3,-3.782,28,-0.13507142857142856
CC(C)(C)[NH2+]NCCc(c(c12)cc(OC)cc1)c([nH]2)-c3ccccc3,-3.781,25,-0.15124
Fc1cc(F)ccc1-c(ccc2C)cc2S(=O)(=O)NC3CCCC3,-3.781,24,-0.15754166666666666
CCc1ccc([nH+]c1)CCc2ccc(N)[nH+]c2,-3.78,17,-0.2223529411764706
Cc1c(C#N)cccc1[C@@H](C)c(c2)c(C(=O)N)cc(c23)[nH+]ccc3O[C@@H]4CCC[NH2+]C4,-3.78,31,-0.12193548387096774
c1cc(F)ccc1-c(c2)nc(cc2C(C)(C)N)C(=O)c3ccc(cc3Cl)C[NH2+]CCCC[NH3+],-3.78,33,-0.11454545454545453
O=P([O-])([O-])OP(=O)([O-])SCCc(cc1)[nH+]c(c12)cccc2,-3.779,21,-0.17995238095238095
CCCCCCCCC(=O)OC[C@@H](c1cccn1C)COP(=O)([O-])OCC[N+](C)(C)C,-3.779,31,-0.1219032258064516
CCCCCc1ccc(CN)cc1Cl,-3.778,14,-0.26985714285714285
c1cccc(n2)c1n(c23)C[C@H](C)N3c(cc4C)cc([nH+]4)C(=O)NCc5ccc(F)cc5,-3.778,31,-0.12187096774193548
CCCCn1cc(nn1)CNc2cc(NC)nc(N)[nH+]2,-3.778,20,-0.1889
C1C[C@H](C)Cc(c12)sc(c2C(=O)N)NCCc3ccc([C@H](C)O)c[nH+]3,-3.777,25,-0.15108
O=c1n(C)cc(cc1C)-c(cc2)cc(c23)n(c(n3)C4CCOCC4)CCc5c[nH]c[nH+]5,-3.776,31,-0.12180645161290322
C1CC1C(=O)C(=O)C(O)(C(F)(F)F)C(F)(F)F,-3.776,17,-0.22211764705882353
CCOC(=O)c1ccc(cc1)C2CCN(CC2)c(cc3)nn(c34)c(Cl)nn4,-3.775,27,-0.1398148148148148
C[C@H]1COCCN1c(nc2)cc(c23)n([C@@H](C)COC)c(n3)-c4[nH]ncc4-c5ccncc5,-3.775,32,-0.11796875
s1cncc1NS(=O)(=O)c2cc(Br)ccc2Br,-3.775,17,-0.22205882352941175
Cc1onc(C)c1-c(ccc2C)cc2S(=O)(=O)CCN(C)[C@H]3CCCC[NH2+]3,-3.774,27,-0.13977777777777778
O=P([O-])([O-])OP(=O)([O-])SCCCCc([nH+]1)[nH]c(c12)ccc(Cl)c2,-3.774,23,-0.16408695652173913
c1ccc(OC)c(c12)[nH+]c([nH]2)CCC(=O)[C@H](C(C)C)NC(=O)C3CCCCC3,-3.774,28,-0.1347857142857143
CCN(C(=O)C1)c(c12)ccc(c2)-c3ccc(C#N)c(Cl)c3,-3.773,21,-0.17966666666666667
Nc([nH]1)nc(c12)c(cc[nH+]2)-c3cccc(n3)Oc4cc(Br)ccc4Br,-3.773,25,-0.15092
C[C@@]1(O)CCC(=O)[C@@H](OC)[C@]1(O)[C@@]2(C)O[C@@H]2CC[NH+]3CCC3,-3.773,22,-0.1715
s1nncc1-c(o2)cc(=O)c(c23)scc3-c(cc4)cc(c45)OCCO5,-3.773,25,-0.15092
Cc1nc(cs1)-c2ccc(cc2)S(=O)(=O)c(ccc3)c(c34)C(=O)N(C4=O)[C@H]5CCC(=O)NC5=O,-3.773,34,-0.11097058823529413
O=C1NC(=O)N(C1(C)C)c(cc2C)cc(C)c2CCS(=O)(=O)c3ncon3,-3.773,27,-0.13974074074074075
Cc1cccc(c1)N2CCN(CC2)C(=O)c3cc(F)ccc3[O-],-3.773,23,-0.16404347826086957
CC[N@H+]1CC[C@@H](CC1)N(C)c(nc(c23)ccs3)nc2C(=O)c(cc4)nc(c45)cccc5,-3.772,31,-0.12167741935483871
Nc([nH+]1)cc(C)c(c12)ccc(c2)-c3ccc(c(c3)CN)Cc4cccnc4,-3.772,27,-0.1397037037037037
CCCCCN1C=CCC1=O,-3.772,11,-0.3429090909090909
C[C@@H]1C[NH2+]CCCN1n(n2)c(Nc3ccccc3)c(c24)c(=O)[n+](C)c5n4[C@@H]6[C@H](N5)CCC6,-3.771,32,-0.11784375
CC(=O)Nc1cccc(c1)-c(cc2)cc(c23)[C@@H](C[C@H](C)N3C(=O)C)NC(=O)N(C4(C)C)C(=O)NC4=O,-3.771,36,-0.10475
Cc1cc[nH+]c(c1)CCCCCC(=O)COc2cccc(F)c2,-3.77,23,-0.16391304347826088
COc1cc(OC)c(cc1C)-c2ccc(Cl)cc2Cl,-3.77,19,-0.19842105263157894
[NH3+]Cc(cc1)ccc1-c(n(n2)C)c(c23)ncn(c3=O)CC4(O)CCN(CC4)c5cc(F)cc(F)c5,-3.769,35,-0.10768571428571429
C[NH2+]Cc1ccc(cc1)-c(cc2)cc(c23)[C@@H](C[C@H](C)N3C(=O)C)NC(=O)c4c(C5CC5)n[nH]c4C,-3.768,35,-0.10765714285714285
FC(F)(F)c(n1)nc(n12)nc(C)cc2C(=O)c3ccc(cc3)-c4ncccn4,-3.768,28,-0.13457142857142856
COc1cc(OC)cc(c12)nc([nH]c2=O)-c3n[nH]c(n3)-c4ccc(F)cc4,-3.767,27,-0.13951851851851851
CC(C)S(=O)(=O)C(=O)c1cnn(C)c1C(=O)Nc(cc2)cc(n23)nc(c3)-c4ccccc4,-3.767,32,-0.11771875
CCCCn1cc(nn1)CNc(c(c23)[nH]c(=O)c(c3)C)[nH+]cc2-c4cncc(C)c4,-3.767,30,-0.12556666666666666
C1CC[C@@H]([N@@H+]12)CN(CC2)n3c(=O)n(ncn4)c4c(c35)c6c(s5)CCCC6,-3.767,26,-0.1448846153846154
c1cc(F)ccc1-c(c2)nc(cc2C(C)(C)N)C(=O)NNc3ccc(cc3)CC[NH3+],-3.766,30,-0.12553333333333333
C1COCCN1c(c2)cc(C)c(c23)nc([nH]3)-c4c(cc[nH]c4=O)CC[N@H+](C)[C@H]5CCCCN5,-3.766,33,-0.11412121212121212
COCCOCCOCCc1ccc(cc1)C[C@@H]2SC(=O)[N-]C2=O,-3.766,24,-0.15691666666666668
CC(C)CCNS(=O)(=O)c1ccc(cc1)-c(c[nH+]2)n(c23)CCC3,-3.766,23,-0.1637391304347826
C1CC1Nc(c2CC)nc(N)[nH+]c2-c3cc(F)cc(Br)c3,-3.766,21,-0.17933333333333334
CC(O1)(C)C(=O)Nc(c12)ccc(c2)Nc3cccc(Cl)c3-c(cc4)cc(c4=5)=NC(=O)N5,-3.766,31,-0.12148387096774194
Cn1ccc(n1)CCCNCc2ccc(c(Cl)c2)-c3ccccc3,-3.765,24,-0.15687500000000001
CC(C)(C)S(=O)(=O)C[C@H](C1CC1)CCCCCc2ccccn2,-3.765,23,-0.16369565217391305
CCc1ccccc1-c2cc(nc(N)[nH+]2)N3CC[NH+](CC3)C4COC4,-3.764,25,-0.15056
N[C@H]1CCC[N@H+](C1)CCCCCCCCC(=O)OC[C@H](O)CO,-3.764,23,-0.16365217391304346
Cc1nnc(n12)c(NC)nc(c2)-c(n3)n(-c4ccccn4)c(c35)cc(cc5)N6CC[NH+](C)CC6,-3.764,34,-0.11070588235294117
Cc1ccc(Cl)cc1-c2ccc(S(=O)(=O)C(F)F)cc2[N+](=O)[O-],-3.763,23,-0.1636086956521739
Cc1cc(C)c(c(C)c1)Oc2nc(C)cc(c2C)-n3ccc(=O)[nH]c3=O,-3.763,26,-0.14473076923076922
C1CC1N2C(C)(C)C(=O)N(C)c(c23)ccc(c3)-c(c(c45)scc5)nc(n4)N(C)C6CC[NH2+]CC6,-3.762,34,-0.11064705882352942
Cc1cc(on1)CCCCC[NH2+][C@H]([C@@H](O)C(=O)N2CCC2)C[C@@H]3CCCNC3=O,-3.762,29,-0.1297241379310345
COc1ccc(cc1)S(=O)(=O)N2CCC[C@@H]2CO,-3.762,18,-0.209
O=c([nH]1)onc1[C@@H](C)C2CCCCC2,-3.761,14,-0.2686428571428571
[NH3+]c1ccc(cc1)NCCCO,-3.761,12,-0.3134166666666667
FC(F)(F)C(=O)N[C@@H](C(C)(C)C)C(=O)N(C1)[C@@H]([C@H]([C@H]12)C2(C)C)C(=O)c3c[nH]c(n3)C4CCC4,-3.76,33,-0.11393939393939394
c1cccc(c12)c(on2)C(=O)N3CCS[C@@H](CC3)c4cccs4,-3.759,23,-0.16343478260869565
CCC(CC)C(=O)N[C@H](C[C@H](C)N1C(=O)C)c(c12)cc(cc2)-c3ccco3,-3.759,27,-0.13922222222222222
O1CCc(c12)c(c(F)cc2)CC(=O)c(cnn3C)c3C(=O)Nc(cc4)cc(n45)nc(c5)-c6ccccc6,-3.758,37,-0.10156756756756757
c1ccc(OC)c(c12)nc([nH]2)CCNCc3ccc(c(Cl)c3)S(=O)(=O)CC(F)(F)F,-3.758,30,-0.12526666666666667
CCCCCC/C=C/CCCCCCCCCC(=O)C[C@H](O)[C@H]([NH3+])CO,-3.757,26,-0.14450000000000002
O=C([O-])CCSc([nH+]1)n(c(c12)cccc2)CCS(=O)(=O)c3c(F)cccc3F,-3.756,28,-0.13414285714285715
C[NH+](C)CC[N@H+]1CC[C@H](C1)n2cnc(c2CC#N)-c3ccc(C(F)(F)F)cc3,-3.755,28,-0.13410714285714284
CC(C)c(no1)c(c12)cc(cn2)C(=O)c(ccc3S(=O)(=O)C(F)F)c(c34)CC(F)(F)[C@H]4O,-3.755,32,-0.11734375
FC(F)(F)c1cccc(c1C)[C@@H](C)[C@@H]2CCN(C2)CC[NH+](C)C,-3.754,23,-0.16321739130434781
CCS(=O)(=O)[N-]c1ccc(CC[NH3+])c(c1)-c(cn(C)c2=O)c(c23)oc(c3)-c4cnc[nH]4,-3.753,31,-0.12106451612903227
C1CCN1c(c2CC)[nH+]c(N)nc2N3CCN(C)CC3,-3.753,20,-0.18765
N#Cc1cccc(c12)n(c(n2)C)-c3nccc(n3)-c4c(-c5ccc(F)cc5)ncn4C6CC[NH2+]CC6,-3.752,36,-0.10422222222222222
COc(cc1)cc(c12)cc(n2CC(=O)[O-])C(=O)c(ccn3)c(c34)nc([nH]4)N,-3.752,27,-0.13896296296296295
C1COCCN1c(o2)cc(=O)c(c23)scc3-c4cccc(c4F)-c(ccn5)c(c56)nc[nH]6,-3.751,32,-0.11721875
C1CC1NC(=O)c2ccc(s2)NCCc3ccncc3,-3.751,20,-0.18755
C[NH2+]Cc1ccc(cc1)C(=O)OC(C)(C)C,-3.75,16,-0.234375
c1cc[nH]c1CC[NH+](CC2)CCC23Oc4c(O3)cccc4,-3.75,21,-0.17857142857142858
C=CC1=C(C)C(=O)N[C@@H]1c2cc[nH]c(=O)c2-c([nH]3)nc(c34)cc(cc4C)N5CCOCC5,-3.75,32,-0.1171875
CC(C)(C)Oc1ccc(cc1Cl)CNCCc(n2)[nH]c(c23)cccc3,-3.749,25,-0.14996
CCO[C@H](C(=O)[O-])Cc1ccc(cc1)N(C2CC2)Cc3ccccc3OCCCCCC(=O)[O-],-3.748,34,-0.11023529411764707
CS(=O)(=O)NCCC[C@H](CCCO)C1=CCCC=C1,-3.748,19,-0.19726315789473686
N1CCCC[C@@H]1[N@H+](C)CCO[C@@H]2CC[C@@H](CC2)C[C@@H](C([O-])=O)c(ccc3Cl)c(c34)cccc4,-3.747,33,-0.11354545454545455
COCCONCCC(F)(F)F,-3.747,12,-0.31224999999999997
C1CCCCC1C(=O)N[C@@H](C(C)C)C(=O)C(=O)[C@@H]2CN(C(=O)CC3)N3C24CCCC4,-3.747,30,-0.1249
C[C@@H]1CNCCC[N@@H+]1CC/C=C/C/C=C/C=C/[C@H](O)CCCC(=O)[O-],-3.746,25,-0.14984
c1ccc(C)c(c12)nc([nH]2)CCNCc3ccc(c(Cl)c3)-c4n[nH]c(n4)-c5ccc(F)cc5,-3.745,33,-0.1134848484848485
CNC(=O)c1cccc(c1)S(=O)(=O)c2cccc(n2)C[N@H+]3CC[C@@H](CC3)n4cc(C)c(=O)[nH]c4=O,-3.745,35,-0.107
O=C([O-])/C([O-])=C/C(=O)C(=O)c1ccc(Cl)cc1,-3.744,17,-0.22023529411764708
O=C(C1)NC[C@@H]1[C@@H](C)Oc(c(c23)ccc[nH+]3)cc(c2)-c4ccc(F)c(F)c4F,-3.744,28,-0.13371428571428573
CCCCCCCC(=O)O[C@H](C[NH2+]C(C(C)C)C(C)C)COP(=O)([O-])OCC[NH3+],-3.744,29,-0.12910344827586206
c1cccc(c12)C(=O)c3c(C2=O)nnn3-c4cc(F)c(c(F)c4)-c5[nH]nc(n5)-c6ccccc6,-3.744,34,-0.11011764705882354
CN1CCN(CC1)c2ccc(cc2)Nc3ncc(Cl)c(n3)C(=O)c4cccc(Cl)c4,-3.743,30,-0.12476666666666666
C=CC1=C(C)C(=O)NC\1=C\C2=N[C@@H](C(=C2C)CCC(=O)[O-])c3cccc(Cl)c3F,-3.743,29,-0.12906896551724137
COc1ccc(cc1)Cn(nn2)c(c23)[C@@](C)(O)CC[C@H]3OO,-3.742,22,-0.1700909090909091
CC(C)(C)NO[C@H](CC)c1cc(no1)-c2ccc(cc2)OC(C)(C)C(=O)[O-],-3.742,27,-0.1385925925925926
COCCNC(=O)C,-3.742,8,-0.46775
CNS(=O)(=O)c(cc1)cc(c12)CNCC2,-3.742,15,-0.24946666666666667
CN(C)CCC[N@@H+](C)[C@H]1CCN(C1)c2ccc(S(=O)(=O)N)cc2CC[NH3+],-3.741,26,-0.1438846153846154
C1CC1c([nH]2)[nH+]c(c23)cc(-c4c(C)onc4C)cc3-c5ccc(S(=O)(=O)N)cc5,-3.74,29,-0.1289655172413793
n1cccc(c12)c([nH]n2)Cc(c(Cl)cc3)c(c34)nnn4Cc(n[nH]5)c(c56)cccn6,-3.74,30,-0.12466666666666668
CCCCCCCCS(=O)(=O)c1ccccc1C(=O)OC,-3.739,21,-0.17804761904761904
CC(C)(C)n(c1O)ncc1C(=O)c(c2C)ccc(S(=O)(=O)C)c2OCc3ccccc3,-3.739,31,-0.12061290322580645
Cc1ccnc(c1)CCCCCCCSP(=O)([O-])OP(=O)([O-])O,-3.737,23,-0.1624782608695652
CCCCC(=O)OC[C@H](CO)n(c(n1)SCCC(=O)[O-])c(c12)cccc2,-3.737,26,-0.14373076923076925
C1CC1Nc(c2CC)[nH+]c(N)nc2-c3cc(F)cc(Br)c3,-3.737,21,-0.17795238095238095
Cc([nH+]1)c(C)n(c12)nc(cc2)[C@@H]3OC[C@@H](O)[C@H]3O,-3.737,18,-0.2076111111111111
CC(C)CNCC(=O)Cc(cc1C)cc(C)c1Nc2ccnc(n2)Nc3ccc(C#N)cc3,-3.737,33,-0.11324242424242424
Cc1cc(C)c(c(C)c1)-c(cc2)cc(c23)ccn3CC(=O)[O-],-3.737,22,-0.16986363636363636
n1nc(C)n2nc(c(c3c12)cccc3)-c4ccc(c(C=O)c4)N5CCOCC5,-3.736,28,-0.13342857142857142
c1cnccc1NC(=O)[C@H](C(C)C)NC(=O)c2[nH+]ccn2Cc3ccccc3,-3.736,28,-0.13342857142857142
c1ccccc1CC[C@H](C[C@H](C)N2C(=O)C)c(c23)cc(cc3)-c4n[nH]cc4,-3.735,27,-0.13833333333333334
O=c1n(C)cc(cc1C)-c(cc2)cc(c23)n(c([nH+]3)C4CCOCC4)CCc5cnc[nH]5,-3.735,31,-0.12048387096774194
C[NH+](C)CC[N@H+](CC1)CC[C@H]1n(nnc2C)c2-c3cccc(n3)-c4cc(Cl)ccc4O,-3.735,31,-0.12048387096774194
Nc1ccc(cc1)NNCCC(c2ccccc2)c3ccccc3,-3.735,24,-0.15562499999999999
C[C@@H]1C(=O)N(C)CC[N@@H+]1CCCCCn(cc2)c(c23)cccc3OC(C)(C)C(=O)[O-],-3.734,30,-0.12446666666666667
Cc1cc([nH]n1)[C@@H](C)NNCC23C[C@H]4C[C@@H](C3)C[C@H](C4)C2,-3.734,21,-0.1778095238095238
C[NH+](C)CCN1CCC(CC1)[N@H+]2CC[C@@H](CC2)NC(=O)[C@@H]([NH3+])Cc(c[nH]3)c(c34)cccc4,-3.734,32,-0.1166875
O=c1n(C)cc(cc1C)-c(cc2)cc(c23)n(c(n3)C4CCOCC4)Cc5ccccc5CO,-3.733,33,-0.11312121212121212
Cc1cccc(n1)[C@@H]2N(CCc(c23)scc3)C(=O)CCCN(C)[C@H]4CCCC[NH2+]4,-3.732,29,-0.1286896551724138
CCN1CCN(CC1)c2nccc(n2)-c3c(-c4ccc(Br)cc4)ncn3C5CC[NH2+]CC5,-3.731,32,-0.11659375
COc1ccc(cc1)CNC2CCN(CC2)c3ccccn3,-3.73,22,-0.16954545454545455
CCCCCCC/C=C/CCCCCCCCC(=O)O[C@@H](CO)COCCn1ccc(=O)[nH]c1=O,-3.73,35,-0.10657142857142857
C[NH+](C)CCC[N@@H+](C)[C@H]1CCN(C1)C(=O)c([nH]2)c(NC3C=C3)c(c24)ccc(Cl)c4,-3.73,29,-0.12862068965517243
Cc1ccn(C)c(=O)c1-c2cnc(Cl)c(c2)-n(c(C)c3)c(c34)cc(cc4)-n5ccnc5,-3.73,31,-0.12032258064516128
C[C@@H](O)COCC(CO)(COC[C@@H](C)O)CCCc([nH]1)nc(c12)ccc(Cl)c2,-3.73,28,-0.1332142857142857
C1C[NH+](C)CCN1c2nc(N)[nH+]c(c2CC)-c3ccccc3OCCCC(=O)[O-],-3.73,29,-0.12862068965517243
C[NH2+]C[C@@H](O)COc1ccc(Cl)c(c1)-c2ccc(cc2)C[C@@H]3SC(=O)[N-]C3=O,-3.729,28,-0.13317857142857142
CCCCn1cc(nn1)CNc2cnn(c2)CC(C)(C)O,-3.729,21,-0.17757142857142857
n1ccc(OC)c(c12)cc(cc2)-c(cc(n3)C)n(c34)nc(n4)C(F)(F)F,-3.729,26,-0.14342307692307693
CC[N@H+]1CC[C@@H](CC1)N(C)c(nc(c23)ccs3)nc2-c(cn(C)c4=O)c(c45)oc(c5)-c6c[nH]cn6,-3.729,35,-0.10654285714285715
C[N+](C)(C)CCOP(=O)([O-])OC[C@H](OC(=O)CCCCC)CO[C@H](C)[C@H]1CC[C@H](C)CC1,-3.728,32,-0.1165
CO[C@@H](C)Cn1cc(cn1)-c(c(n2)C)n(c23)ccnc3-c4ccc(C)cc4,-3.728,27,-0.13807407407407407
n1[nH+]c(C)n(c12)c3c(cccc3)C(c4ccccc4)=N[C@H]2NNc5cc[nH+]cc5,-3.727,29,-0.12851724137931034
O=c1[nH]c(cs1)-c2cccc(c2)-c(cc3)c(C(F)F)c(c34)[C@@H]([O-])C(F)(F)S4(=O)=O,-3.726,29,-0.12848275862068964
c1cccc(c12)C(=O)c3c(C2=O)nnn3-c4cc(F)c(c(F)c4)-c5n[nH]c(n5)-c6ccccc6,-3.725,34,-0.10955882352941176
O=S(=O)Oc1ccc(cc1)-c2ccc(cc2)-c(cc3)nc(c34)cccc4,-3.724,26,-0.14323076923076924
COc1cccc(c1C(=O)OC)CCCCCCCCCCCNS(=O)(=O)C,-3.724,28,-0.133
CCCCCCCC1COC1,-3.724,11,-0.33854545454545454
n1nc(C)n2nc(c(c3c12)cccc3)CCN4CCN(C)CC4,-3.724,23,-0.16191304347826088
CCCNC(=O)[C@H]1O[C@H]([C@H](O)[C@@H]1O)c(cn(C)c2=O)c(c23)O/C(C3)=c4\cnc([nH]4)=C5CCCC5,-3.724,34,-0.10952941176470589
CCCNN1CCC(CC1)CN(C2)C(=O)C(=C23)[C@@H](c4ccc(C)cc4)c5c(N3)n(CC)c(=O)[nH]c5=O,-3.723,36,-0.10341666666666666
CCC(=O)c1c[nH]c(c1)C(=O)c2cc(CS(=O)(=O)C)cnc2Oc3ccc(F)cc3F,-3.723,31,-0.12009677419354839
CCS(=O)(=O)Cc1cnc(c(c1)[C@H]2CC[N@H+](C)C2)Oc3ccc(F)cc3F,-3.721,27,-0.1378148148148148
c1cc(F)ccc1-c(c2)nc(cc2C(C)(C)N)C(=O)NNOC[C@H]3CCCO3,-3.721,28,-0.13289285714285715
CS(=O)(=O)NNC(=O)c(cc1C(C)(C)N)nc(c1)-c2ccc(F)cc2,-3.721,25,-0.14884
CN1CC[NH+](CC1)C2CCN(CC2)c3ccc(cc3)-c(n4)c(C#N)c([O-])c(c45)cncc5,-3.721,32,-0.11628125
Cc(c1)c(C)cc(c12)sc(n2)CNc(cc3)c4[nH]c(cc(c4c35)c(O)n5C)N6CC[NH+](C)CC6,-3.72,34,-0.10941176470588236
Nc([nH+]1)cc(C)c(c12)ccc(c2)-c3ccc(c(c3)CN)-c4cc(C5CC5)nn4C,-3.72,29,-0.12827586206896552
Cc1onc(C)c1-c(c(c2)OC)cc(c23)[nH]c4c3c([nH+]cc4)-c5cc(nc(n5)N)NC6CC6,-3.72,33,-0.11272727272727273
OCC[NH2+]CCC(=O)c(cnn1C)c1C(=O)Nc(cc2)cc(n23)nc(c3)-c4ccccc4,-3.72,32,-0.11625
Nc1ccc(cc1)[NH2+]CCCO,-3.719,12,-0.3099166666666667
c1cc(C)cc(c12)[nH]c(n2)CCc3cnc([nH]3)C4CCCC4,-3.717,22,-0.16895454545454547
COCCNCCOc1ccc(Cl)cc1Cl,-3.716,16,-0.23225
O=c1[n-]c(no1)CCC(c2ccccc2)c3ccccc3,-3.715,21,-0.1769047619047619
Cc1[nH+]n(C)c(C)c1CN(C)c2nc([C@H]3CCCC[NH2+]3)nc(n2)N(C)CCC(=O)NC4CC4,-3.714,33,-0.11254545454545455
CC/C=C/C/C=C/C/C=C/C/C=C/C=C/[C@H](O)CCCC(=O)n1ccc(=O)c(C(=O)[O-])c1O,-3.713,33,-0.11251515151515151
CC(C)Oc(c1)c(C(=O)N)cc(c12)nccc2-c(cc3F)cc(c34)C(C)(C)C(=O)N4,-3.713,30,-0.12376666666666666
CC(=O)NCCC(=O)c1ccc(cc1Cl)CNCCc(n2)[nH]c(c23)ccc(c3)C,-3.713,29,-0.1280344827586207
O=C([O-])C(C)(C)Oc1ccc(cc1)CCn2ccnc2,-3.713,20,-0.18565
CC[C@](C)(C(=O)[O-])Oc1ccc(cc1)CC[NH2+]CCC(=O)Nc2cccc(C(=O)[O-])c2,-3.712,31,-0.11974193548387098
n1ccnn1[C@H](C(=O)[O-])Cc2ccc(cc2)-c3ccccc3,-3.711,22,-0.16868181818181818
CNCc1cccc(c1)Cc2c(cccc3)c3nc(c24)CCCC4,-3.711,24,-0.15462499999999998
Cc1nc(C[NH+](C)C)ccc1-c(c(c23)c(=O)[nH]nc3)cnc2-c4ccc(c(F)c4)N5CCSCC5,-3.71,35,-0.106
CCCNC(=O)c1c(cnn1C)C(=O)O[C@H](CC[C@@]2(C)O)c(c23)nnn3Cc4ccc(OC)cc4,-3.71,35,-0.106
Fc(c1)cccc1OCC(=O)[N-]c2nc(cs2)NC3=[NH+]NCS3,-3.71,23,-0.16130434782608696
c1ccccc1Cn(c(n2)-c(cc3)ccc3C)c(c24)cc(cc4)N5CC[NH+](C)CC5,-3.71,30,-0.12366666666666666
O=C([O-])[C@H](C)c1ccc([nH+]c1)N2CCNCC2,-3.709,17,-0.2181764705882353
COC(=O)CC(=O)C(=O)[C@H](CO)NC(=O)CCCCCCCCCO,-3.709,25,-0.14836
COC(=O)[C@H](C(C)(C)C)Nc1ccc(cc1Cl)CNCCc2ccc[nH]2,-3.709,26,-0.14265384615384616
N1CCCC[C@@H]1[N@H+](C)CCO[C@@H]2CC[C@@H](CC2)C[C@@H](C([O-])=O)C(=O)CC(=O)C(=O)[O-],-3.708,30,-0.1236
Cc1cccc(c1C)Oc2nccc(n2)-c3c([C@@H]4OC[C@@H](O)[C@H]4O)[nH+]cn3C5CC[NH2+]CC5,-3.708,33,-0.11236363636363637
NCc1ccc(cc1)N2CC[NH+](CC2)Cc3ccccc3,-3.706,21,-0.17647619047619048
CN1CCN(CC1)c2ccc(cc2)CC/C=C/C/C=C/C=C/[C@H](O)CCCC(=O)[O-],-3.706,30,-0.12353333333333333
C[NH+](C)C1CCN(CC1)N2CC[N+](CC2)=C(N3)CSc(c34)cccc4,-3.705,25,-0.1482
C#CCn1cnc(c1C(=O)OC(C)C)-c2cccc(c2)OC,-3.705,22,-0.16840909090909092
COC(=O)Cc1ccc(Cl)c(=O)[n-]1,-3.704,13,-0.28492307692307695
CO[C@@H](C)Cn1cc(cn1)-c(c(n2)C)n(c23)ccnc3[C@H]4CC[N@H+](C4)CCN,-3.704,28,-0.13228571428571428
C[Si](C)(C)C#CC[NH2+][C@@H](CCSC)C(=O)Nc1ccncc1,-3.704,22,-0.16836363636363638
C1CCCC1n(c(c2)C(=O)N(C)C)c(c23)nc(nc3)Nc4ccc(C(F)(F)F)cc4[N+](=O)[O-],-3.703,33,-0.11221212121212121
c1ccccc1-c(cc2)ccc2C(=O)NCCOc3ccc(cc3)C[C@@H]4SC(=O)[N-]C4=O,-3.703,32,-0.11571875
Cc1ccc(cc1)[C@H](C)c2c(C)[nH+]n(C)c2C,-3.702,17,-0.21776470588235294
C1CCN1c(c2CC)[nH+]c(N)nc2N3CC[NH+](C)CC3,-3.701,20,-0.18505
CC(C)CNCC(=O)C(=O)C(=O)CC(=O)NCCCc1cccc(c1)Oc2ccccc2,-3.701,32,-0.11565625
CC(C)c(no1)c(c12)cc(cn2)C(=O)N3[C@@H](C)Cn(c34)c5c(n4)cccc5,-3.701,27,-0.13707407407407407
CC(C)NC(=O)N1CCN(CC1)c2cc([nH+]c(n2)N)NC3CC3,-3.701,23,-0.16091304347826088
Cc1noc(C)c1-c2ccc(cc2)CNNC3CCN(CC3)c4cccc[nH+]4,-3.701,28,-0.13217857142857142
n1nc(C)n(c12)nc(cc2)-c3cnn(C)c3S(=O)(=O)c4ccc(Cl)cc4,-3.7,26,-0.1423076923076923
O[C@@H]1[C@@H](O)[C@@H](O)[C@@H](O[C@H]1C)c2ccc(cc2Cl)CNCCc3[nH+]cc[nH]3,-3.7,26,-0.1423076923076923
OCCNc(c1)ccc(c12)nc(-c(cn3)cn3CC(C)(C)O)nc2N4CCOC[C@@H]4c5ccccc5,-3.699,36,-0.10275
O=C1NC(=O)[C@@H](S1)Cc2ccc(cc2)Nc(cc3)cc(c34)[nH]c(n4)-c5ccccc5,-3.698,30,-0.12326666666666666
CCN1CC[NH+](CC1)[C@H](C)c2cc(cs2)-c3ccccc3CNC,-3.698,24,-0.15408333333333332
CCCCCCCCCCCCC/C=C/[C@@H](O)[C@H](CO)NNc1c(C)nn(C)c1C,-3.696,30,-0.1232
Cc1nnc(n12)c(NC)nc(c2)-c(n3)n(-c4ccccn4)c(c35)cc(cc5)N6CCN(C)CC6,-3.695,34,-0.10867647058823529
S1CN[NH+]=C1Nc(ccc2C)cc2S(=O)(=O)NC3CCCC3,-3.695,22,-0.16795454545454544
O=P([O-])(O)OP(=O)([O-])SCCc1ccoc1,-3.695,16,-0.2309375
CCCCCCCCCCCCCCC[C@@H](O)[C@H](CO)[NH2+]CCOCCOCCOCCOC,-3.695,34,-0.10867647058823529
Cc1[nH+]c(cs1)OC(C)(C)C,-3.694,11,-0.3358181818181818
CN(C)CC[N@H+]1CC[C@H](C1)c(ccc2)n(c23)nc([nH+]3)N,-3.693,20,-0.18465
n1[nH]ccc1S(=O)(=O)c2ccc(cc2)-c3ccc(I)cc3,-3.693,21,-0.17585714285714285
O=C(N1)C(C)(C)Oc(c12)cc(c(c2)OC)CCc3ncc[nH]3,-3.693,22,-0.16786363636363635
OCC(C)(C)NC(=O)OC(C)(C)C,-3.693,13,-0.28407692307692306
FC(F)(F)CS(=O)(=O)N1CC[NH+](CC1)C2COC2,-3.693,18,-0.20516666666666666
CC[C@@H](C(=O)[O-])Cc1ccc(cc1)C(=O)n(c(c2)CCCC(=O)[O-])c(c23)ccc(Cl)c3,-3.692,31,-0.11909677419354839
O=c1[nH]c(=O)ccn1C(=O)c2ccc(cc2)-c3ccco3,-3.691,21,-0.17576190476190476
Nc([nH+]1)cc(C)c(c12)ccc(c2)-c3nccs3,-3.691,17,-0.21711764705882353
CC(O1)(C)C(=O)Nc(c12)cc([O-])c(c2)[NH2+]CC/C=C/C/C=C/C=C/[C@H](O)CCCC(=O)[O-],-3.691,32,-0.11534375
COc(cc1)cc(c12)cc(n2CC(=O)[O-])C(=O)n3nccn3,-3.69,22,-0.16772727272727272
O=C1CC[C@@H](C(=O)N1)c2ccc(cc2)C(=O)N[C@@H](Cn3cc[nH+]c3)c4ccccc4,-3.69,30,-0.123
COc1cc(OC)c(cc1C)C(=O)[C@H](C(C)C)NC(=O)C2CCCCC2,-3.69,26,-0.14192307692307693
c1ccccc1C(=O)c2ccccc2N[C@H](C(=O)[O-])Cc3ccc(cc3)[N@@H+]4CCC[C@H](O)C4,-3.69,33,-0.11181818181818182
CC(=O)NC[C@H]1CN(C(=O)O1)c2ccc(c(F)c2)-c3ccc(cc3Cl)CNCCC(=O)N,-3.69,32,-0.1153125
CCC(=O)c1ccc([C@H]2CCOC2)cc1NC(=O)c(cc3)nc(c34)cccc4,-3.689,28,-0.13175
C[NH+](C)CCN(C1)CC[C@H]1c(c(n2)C)n(c23)ccnc3N4CCOCC4,-3.689,26,-0.1418846153846154
COc1ccc(cc1)Cn(nn2)c(c23)[C@](C)(O)CC[C@H]3OC(=O)CCc([nH]4)nc(c45)ccc(Cl)c5,-3.688,35,-0.10537142857142857
C[NH+](C)CC[N@H+]1CC[C@H](C1)c2ccc(I)cc2,-3.688,17,-0.21694117647058825
Cc1ccc(cc1)[C@H](C)Nc(cc2)cc(c23)N([C@H](C)C(=O)N3C)[NH2+][C@H]4[C@@H]([C@@H]45)COC5,-3.688,30,-0.12293333333333334
O=C([O-])CCCCC[C@H](c1ccccn1)c2cccc(Cl)c2,-3.687,22,-0.1675909090909091
Nc(n1)cc(C)c(c12)ccc(c2)-c3ccc(c(c3)C[NH3+])N(C4(C)C)C(=O)NC4=O,-3.686,29,-0.12710344827586206
[nH]1nccc1CCO[C@H](CC2)CC[C@H]2C[C@@H](C([O-])=O)[NH2+][C@@H]3CCCC[C@@H]3[C@H](O)C4CCCCC4,-3.686,34,-0.10841176470588235
COc1ccccc1S(=O)(=O)Nc(cc2)c3[nH]c(cc(c3c24)c(O)n4C)NC5CCCCCC5,-3.686,34,-0.10841176470588235
n1[nH]ccc1-c(cc2)cc(c23)[C@@H](C[C@H](C)N3C(=O)C)NCc4cc(C)ccc4C,-3.686,29,-0.12710344827586206
COCCOCCOCCc1ccc(cc1)C[C@@H]2SC(=O)NC2=O,-3.686,24,-0.15358333333333332
COc1cccc(c1)-c(cc2)cc(c23)oc(c3CC(=O)[O-])C(=O)[C@@H](N)CC(C)C,-3.686,29,-0.12710344827586206
O=C([O-])c1cccc(c1)N2CCN(CC2)C(=O)[C@@H](c3ccc(Cl)cc3)c4cccnc4,-3.685,31,-0.11887096774193548
COc1nc(N)nc(n1)-c2nccc(n2)Nc3c(C)cc(/C=C/C#N)cc3C,-3.684,28,-0.1315714285714286
c1cccc(c12)c(ccn2)N(C3=O)C(=O)N([C@H]34)CC[C@H]4O,-3.684,21,-0.17542857142857143
CN(C1)C(=O)Nc(c12)ccc(c2)-c3cc(nc(N)[nH+]3)N4CCCCC4,-3.684,25,-0.14736000000000002
Nc(c1)[nH+]ccc1-c(c(c2)OC)cc(c23)[nH]c4c3c(nc(n4)C)Nc(nn5C)c(c56)cccc6,-3.683,34,-0.10832352941176471
OCCS(=O)(=O)c1ccc(cc1)N[C@@H](Cn2ccnc2)c3ccccc3,-3.682,26,-0.14161538461538462
CCc1ccc(nc1)CCS(=O)(=O)c2c(C)cc(OC)c(C)c2C,-3.682,24,-0.15341666666666667
CC(=O)NC[C@H]1CN(C(=O)O1)c2c(C)nnn2[C@@H]3CC[N@@H+](CC3)CCN(C)C,-3.681,28,-0.13146428571428573
C1COCCN1c(c2)cc(C)c(c23)nc([nH]3)-c4c(=O)[nH]ccc4[C@H]5CC[C@H](O)CC5,-3.681,30,-0.1227
c1cc(Br)c(O)c(c12)[nH+]c(N)cc2Nc(cc3)cc(c34)c(c[nH]4)C5CC[NH2+]CC5,-3.681,29,-0.1269310344827586
COc(cc1)cc(c12)cc(n2CC(=O)[O-])C(=O)c(ccn3)c(c34)[nH]c(n4)N,-3.681,27,-0.13633333333333333
Cc1nn(C)c(C)c1CN(C)c2[nH+]c(nc(n2)N3CCC3)N(C)CCC(=O)NC4CC4,-3.68,31,-0.11870967741935484
CN1CC[NH+](CC1)C2CCN(CC2)CC(=O)Oc(cc3)c(c4c35)ccc6c4c(cc5)ccc6,-3.68,33,-0.11151515151515153
C[C@H]1C[C@@H](C)C[N@H+](C1)Nc2ccccc2C(=O)[O-],-3.68,18,-0.20444444444444446
CCS(=O)(=O)[N-]c1ccc(C(=O)C(F)(F)F)c(c1)-c(cn(C)c2=O)c(c23)oc(c3)-c4c[nH]c[nH+]4,-3.68,34,-0.10823529411764707
Cc1cc(OC)cc(c12)c(C[C@H](C)CCC(=O)[O-])c3c(n2)[nH]nc3C,-3.68,25,-0.1472
n1ccccc1C(C)(c2ccccn2)c(n3)oc(c34)cccc4,-3.678,23,-0.15991304347826088
CCS(=O)(=O)Cc1cnc(c(c1)[C@H](C)C2CC2)Oc3ccc(F)cc3F,-3.678,26,-0.14146153846153847
CCCCC(=O)OC[C@H](CO)c1cccc(c1)[N-]S(=O)(=O)c2cccc(Br)c2,-3.677,28,-0.13132142857142856
CCNC(=O)[C@H]1O[C@H]([C@H](O)[C@@H]1O)N(C2=O)C(=O)N([C@H]23)CC[C@H]3O,-3.677,23,-0.15986956521739132
CCC(=O)c1cc[nH]c(=O)c1-c([nH]2)nc(c23)cc(cc3C)N4CCOCC4,-3.676,27,-0.13614814814814816
COc1ccc(nn1)N2CCN(CC2)Cc3ccc(C)cc3,-3.676,22,-0.1670909090909091
COc(cc1)cc(c12)cc(n2CC(=O)[O-])C(=O)c(c(c34)ccs4)ccc3C[C@@H](C(=O)[O-])OC,-3.675,33,-0.11136363636363636
Cc1ccnc(c1)CCCCCC(=O)Cc(c[nH+]c2)c(c23)c(O)ccc3,-3.674,26,-0.1413076923076923
COc1cccc(c1)OCC(=O)c2ccc(cc2Cl)CNCCc([nH]3)nc(c34)cccc4OC,-3.673,34,-0.10802941176470589
CNCc1ccccc1-c2csc(c2)[C@@H](C)c(cc3)cc(c3=4)=CC(=O)N4,-3.673,26,-0.14126923076923076
CCN(C1=O)c2ccc(c(c2c13)ccc3)Nc(cn(C)c4=O)c(c45)oc(c5)-c6c[nH]cn6,-3.673,32,-0.11478125
[NH3+]CCc1ccc(cc1)-c2csc(n2)NC(=O)Cc3ccc(F)cc3,-3.672,25,-0.14688
C1CCCC1(CC(=O)[O-])CC(=O)c(cs2)c(c23)oc(cc3O)=[N+]4CCOCC4,-3.672,28,-0.13114285714285714
CN(C1)C(=O)Nc(c12)ccc(c2)[NH2+]CCCn(cc3)c(c34)cccc4OC(C)(C)C(=O)[O-],-3.671,32,-0.11471875
CC[C@](C)(C(=O)[O-])c1nc(c(o1)C)CC[C@H](O)c2ccc(cc2)C[C@@H]3SC(=O)NC3=O,-3.671,31,-0.11841935483870968
Cc1cc(on1)[C@@H](C(C)C)C(=O)N2C[C@H](O)C[C@H]2C(=O)C(=O)c3ccc(cc3)-c4ccccc4F,-3.67,35,-0.10485714285714286
CCCCCCCC(=O)c(c(c12)c(=O)[n-]nc2)cnc1NCc(c(F)cc3)c(c34)CCO4,-3.67,32,-0.1146875
CNC(=O)c1cccc(c1)S(=O)(=O)c(cc2)nc(c23)sc(n3)[N-]C(=O)C4CC4,-3.67,28,-0.13107142857142856
O=c([nH]1)onc1C(\C)=C/2c(cccc3)c3OCc(c24)cc(cc4)CCCC[C@@H](C)CC(=O)[O-],-3.67,33,-0.1112121212121212
CNc1nc(N)nc(c1CC)C/C=C(/C)CCC(=O)[O-],-3.668,20,-0.1834
c1cccc2c1[nH+]c(n23)N([C@@H](C)C3)[C@H](c4cccnc4)C(=O)NC5CCCCC5,-3.667,29,-0.12644827586206897
O=c([n-]1)[nH]c(=O)cc1C(=O)c2cccc(c2F)-c(ccn3)c(c34)nc[nH]4,-3.666,26,-0.141
Cc1nc([N+](=O)[O-])cn1-c2ccc([O-])c(O)c2,-3.666,17,-0.21564705882352941
CCN1CCN(CC1)c2nc(c(o2)C)CCCc3ccc(cc3)C[C@@H](C(=O)[O-])n4nccn4,-3.665,33,-0.11106060606060607
COc(nn1)n(c12)nc(cc2)N3CCC(CC3)c4ccc(cc4)N5CC[NH+](C(C)C)CC5,-3.665,32,-0.11453125
C[C@H]1CC[C@@H](CC1)Cc2ccc(c(c2)CN)OCc3cccnc3,-3.665,24,-0.15270833333333333
CCCCc1ccc(cc1)OCC[C@H](NC[C@H](O)[C@H]([NH3+])CO)Cc2ccccc2,-3.665,29,-0.12637931034482758
n1cn(C(C)C)c(c12)nc(N[C@H](C(C)C)CO)nc2N(CC3)CCC3(N)Cc4ccc(Cl)cc4,-3.663,34,-0.10773529411764705
O=C([O-])c1ccc(cc1)CNCCN2CCOCC2,-3.663,19,-0.1927894736842105
CN(C)c1ccc(cc1)C2(CCCC2)CNc3[nH+]ccs3,-3.663,21,-0.17442857142857143
C=CC1=C(C)[C@@H](NC1=O)[NH2+]C(C)(C)C,-3.663,14,-0.2616428571428571
c1[nH+]c(N)ccc1-c(cc2)cc(c2n(c34)c(C)nn3)N(C[C@@H]4C)c5ccc(=O)n(c5)Cc6ccccc6,-3.662,37,-0.09897297297297297
c1ncccc1[C@H](C(=O)NCC)N(c2ccc(C(C)(C)C)cc2)NCC[NH+]3CCOCC3,-3.662,32,-0.1144375
CCOc1ccc(C(=O)C)cc1[C@H](C(=O)[O-])Cc2ccc(cc2)OCCN(C)c3ccccn3,-3.662,34,-0.10770588235294118
COc1cc(OC)cc(c12)nc([nH]c2=O)-c3c(cnn3C)-c(cc4)nn(c45)c(nn5)C,-3.662,31,-0.11812903225806451
C1CNCCN1c(nc2OC)nc(n2)N3CCC[C@H](O)C3,-3.661,21,-0.17433333333333334
CCNC(=O)c1ccc(c(c1)-c2cn(C)nn2)-c3ccc(cc3Cl)C[NH2+]CCc4[nH+]cc[nH]4,-3.661,33,-0.11093939393939393
COc1ccc(Br)cc1S(=O)(=O)N2CC[C@@H](C2)NC(=O)C,-3.661,21,-0.17433333333333334
COc1ccc(nn1)N2CC[NH+](CC2)N3CCCC3,-3.661,19,-0.1926842105263158
CS(=O)(=O)Cc1cnc(c(c1)-c(ccc2)n(c23)nc([nH+]3)N)Oc4ccc(F)cc4F,-3.66,30,-0.12200000000000001
N#Cc1c(=O)[nH]c(cc1[S@](=O)C)-c2cccc(c2)CCc([nH]3)nc(c34)ccc(Cl)c4,-3.66,30,-0.12200000000000001
O=C([O-])c1c(O)ccn(c1=O)-c2cccc(n2)Oc3cc(Br)ccc3Br,-3.66,26,-0.14076923076923079
COc1ccccc1S(=O)(=O)Nc(cc2)c3[n-]c(C(=O)C4CC4)cc(c3c25)c([O-])n5C,-3.659,31,-0.11803225806451613
CC/C=C/CCn(c(C)[nH+]1)c(c12)ccc(c2)OC(F)(F)F,-3.658,21,-0.17419047619047617
c1cnccc1NC(=O)[C@H](C(C)C)NC(=O)CC[NH2+]Cc2ccc(c(Cl)c2)-c3ccccc3,-3.658,33,-0.11084848484848485
CCCCC(=O)OC[C@H](CO)OC(=O)CCCCCCCCCc1cc[nH+]c(C)c1,-3.657,30,-0.1219
COCCOCCc1cc(ncn1)N(C)CCOc2ccc(cc2)C[C@@H]3SC(=O)NC3=O,-3.657,32,-0.11428125
CC[C@](C)(C(=O)[O-])c1c(F)cc(cc1F)-n(nn2)c(c23)C(=O)c4c(C3=O)cccc4,-3.657,30,-0.1219
NCc1cc(Cl)cc(c1Cl)Oc(c(Cl)cc2)c(c23)nnn3N4CCC[C@@H](O)C4,-3.657,28,-0.13060714285714287
C1C[N@H+](C)CC[C@H]1NC(=O)c(cc2OC)ccc2N[C@@H](C)c3ccc(C(C)(C)C)cc3,-3.656,31,-0.11793548387096775
O=c([n-]1)onc1-c(c2CC)nc(N)nc2N3CCN(C)CC3,-3.656,22,-0.16618181818181818
Oc1c(C)cc(cc1C)-c2ccc(Cl)c(c2)NS(=O)(=O)C(C)(C)C,-3.656,24,-0.15233333333333335
C[C@H]1COCC[N@@H+]1CCC[NH+]2CCOCC2,-3.655,16,-0.2284375
C1COCCN1c(c2)cc(C)c(c23)[nH]c(n3)-c4c(cc[nH]c4=O)CC[N@H+](C)[C@H]5CCCCN5,-3.654,33,-0.11072727272727273
O=C([O-])CCCCCc1ccc(cc1)S(=O)(=O)NCCC(F)(F)F,-3.654,24,-0.15225
CC(C)(C)c(cc1)ccc1S(=O)(=O)c(c2C)nnn2Nc3ccc(Cl)cc3,-3.653,27,-0.1352962962962963
Cc1cc(F)ccc1S(=O)(=O)N2CC[NH+](CC2)Cc3ccccc3,-3.652,24,-0.15216666666666667
Cc1cc([nH]n1)[C@@H](C)Nc([nH+]2)[nH]c(c23)cc(cc3C)N4CCOCC4,-3.652,25,-0.14608000000000002
CCCCC1C=C1,-3.652,7,-0.5217142857142857
CC(C)NC(=O)c1c(Cl)cc(cc1Cl)C[NH2+]CCc([nH+]2)[nH]c(c23)cccc3,-3.652,27,-0.13525925925925927
c1ccccc1[C@H](C2CCOCC2)C(=O)CCCCCCCCCO,-3.651,25,-0.14604
COC(=O)N(CC1)CCC12C[NH+](C2)NCc3cccs3,-3.651,20,-0.18255
CCCCCCC(=O)OC[C@@H](C(=O)c1ccco1)COP(=O)([O-])OCC[NH3+],-3.65,27,-0.13518518518518519
C[N@H+]1CC[C@@H]([C@H](O)C1)c(c(O)cc2O)c(c23)oc(cc3=O)-c(ccn4)c(c45)[nH]cn5,-3.65,30,-0.12166666666666666
Cc1cccc(c1C)Oc2nccc(n2)-c3c(-c4ccc(F)cc4)ncn3CCCNS(=O)(=O)C,-3.649,35,-0.10425714285714285
Cc1cc[nH+]c(c1)CCCCCS(=O)(=O)c(ccc2)c(c23)c(C)cnc3,-3.649,26,-0.14034615384615384
C1CC[C@@H]([N@@H+]12)CN(CC2)n3ncc(Cl)c3C(=O)Nc(cc4)cc(c45)nc([nH]5)-c6ccccc6,-3.649,33,-0.11057575757575758
Cn1cc(Cl)cc(c1=O)CCCCCCCCC(=O)[O-],-3.649,20,-0.18245
CS(=O)(=O)Cc1cnc(c(c1)-c(ccc2)n(c23)nc(n3)N)Oc4ccc(F)cc4F,-3.648,30,-0.1216
C[C@@H](O)c1ccc(cc1)CCOCCO,-3.648,15,-0.2432
C1COCCN1[C@@H](C)CCCCCCOc(cc2)cc(c23)C=CN(C)C(=O)[C@@H]3C,-3.647,29,-0.12575862068965515
CCCn(c1[O-])c(=O)n(CCC)c(c12)nc(n2)-c3ccc(cc3)OCC(=O)[C@H]4C[C@@H](C#N)C4,-3.647,33,-0.11051515151515151
OCCOCCN1CCOC[C@@H]1c2ccccc2,-3.647,18,-0.2026111111111111
Cc1cc(on1)CCCCCc(ccc2)c(c23)c(C)c(o3)C(=O)c4nccn4C,-3.647,29,-0.12575862068965515
O=c1[nH]cc(Cl)cc1C(=O)CCNCc2ccc(c(Cl)c2)-c3ccccc3,-3.647,27,-0.13507407407407407
CCN(C1=O)c2ccc(c(c2c13)ccc3)Nc(cn(C)c4=O)c(c45)oc(c5)-c6cnc[nH]6,-3.646,32,-0.1139375
C1CC1Nc(nc2N)cc(n2)C(=O)CC(=O)C(=O)[O-],-3.646,19,-0.19189473684210526
CCS(=O)(=O)c(cc1)cc(c12)occ2CC(=O)[O-],-3.646,18,-0.20255555555555554
Oc1ccc(Cl)cc1CCCCCc2cccc[nH+]2,-3.644,19,-0.19178947368421054
Clc(c1)c(F)ccc1S(=O)(=O)N(C[C@@H](N2C(=O)C)C3CC3)c(c24)cc(cc4)C5=CC[NH2+]CC5,-3.643,33,-0.11039393939393939
CN1CC[C@@H]([C@H](O)C1)c(c(O)cc2O)c(c23)oc(cc3=O)C(=O)CCCCCCCCCO,-3.643,33,-0.11039393939393939
CC(O1)(C)C(=O)Nc(c12)cc([O-])c(c2)S(=O)(=O)c3cccs3,-3.643,22,-0.1655909090909091
O=C1[N-]C(=O)[C@@H](S1)Cc(c(c23)scc3)ccc2-c4ccsc4,-3.642,22,-0.16554545454545455
O=S(=O)Oc(cc1)ccc1-c2c(ncn2CC#C)C[C@@](C)(CC3)Oc(c34)c(C)c(C)c(O)c4C,-3.642,34,-0.10711764705882353
c1cc(F)ccc1-c(n2)c(N3CCCC3=O)c(n24)ccnc4N5CCC(O)CC5,-3.641,29,-0.12555172413793103
n1nc(C)n2nc(c(c3c12)cccc3)-c(cc4)cc(c45)C(C)(C)OC(=S)N5,-3.641,27,-0.13485185185185186
Cc([nH+]1)c(C)n(c12)c(C)c(cc2)CCc3nc(cn3C)-c([nH]4)nc(c45)cc(cc5C)N6CCOCC6,-3.641,36,-0.10113888888888889
CN1CC[NH+](CC1)CCc2csc(=O)[nH]2,-3.64,15,-0.24266666666666667
COc1ccc(Br)cc1S(=O)(=O)C(=O)c2ccc(cc2)-c3ccoc3,-3.64,25,-0.1456
CC[C@H](C)[C@H](N)C(=O)c1ccc(C)c(c1)[N-]S(=O)(=O)C,-3.639,20,-0.18195
c1cc(Cl)ccc1C(C(=C23)C[C@H](OC)CC2)=N[C@H](c4n3c(nn4)C)[C@@H](C)C(=O)N[C@H]5[C@@H]([C@@H]56)COC6,-3.639,35,-0.10397142857142856
O=c1n(C)ncc(c1C)NCc2ccccc2NCC3(CCCC3)c4ccc([NH+](C)C)cc4,-3.638,33,-0.11024242424242424
c1[nH]ncc1-c2ccc(cc2C)CNCCc(n3)[nH]c(c34)cccc4,-3.638,25,-0.14551999999999998
CC(=O)N1CCC(CC1)C[NH2+]c2ccc(cc2)C[C@@H]3SC(=O)[N-]C3=O,-3.638,25,-0.14551999999999998
CC[N@H+]1CC[C@@H](CC1)N(C)c(nc(c23)ccs3)nc2-c(cn(C)c4=O)c(c45)oc(c5)-c6c[nH]c[nH+]6,-3.638,35,-0.10394285714285714
N#Cc1cccc(c12)n(c(n2)C)C(=O)Cc(cnc3)c(c34)c(O)ccc4,-3.637,26,-0.13988461538461539
CCCCCC(=O)N[C@@H](CO)[C@H](O)Cc1ccc(cc1)-c(n2)c(C#N)c([O-])c(c23)cncc3,-3.637,33,-0.1102121212121212
c1cc(F)cc(c12)c(N[C@H](C)C(=O)[O-])c(C#N)c(n2)C3COC3,-3.637,23,-0.1581304347826087
CCCCCCC(=O)[C@H](C([O-])=O)C[C@@H]1CC[C@@H](CC1)OCC[N@H+](C)[C@H]2CCCCN2,-3.636,30,-0.1212
COCCOC(=O)C1=C(C)NC(C)=C(C(=O)Cc2cncs2)[C@H]1c3cccc([N+](=O)[O-])c3,-3.636,32,-0.113625
C[NH+](C)CC[N@H+]1CC[C@H](C1)CCc2c[nH]cn2,-3.636,17,-0.21388235294117647
O[C@@H]1CCC[C@@H](O)[C@H]1[C@H](O)c(ccc2S(=O)(=O)C)c(Cl)c2N3CCCNCC3,-3.636,28,-0.12985714285714287
Clc1cccc(Cl)c1C(=O)c(c[n-]2)cc2C(=O)c3ccccc3OCCn4ccc(=O)[nH]c4=O,-3.636,34,-0.10694117647058823
CNc1cc(nc(N)[nH+]1)N2CCN(CC2)NCc3cccs3,-3.635,22,-0.16522727272727272
CCCCCC(=O)c1ccc(C)c(c1)S(=O)(=O)NC2C=C2,-3.635,21,-0.17309523809523808
n1nc(C)n(c12)c3c(N([C@H](C)C(=O)[O-])C[C@H]2C)cc(cc3)-c4ccc(N)nc4,-3.635,28,-0.12982142857142856
o1nc(C)c(c12)cc(c(c2)OC)NN[C@H](Cc(c[nH]3)c(c34)cccc4)C(=O)Nc5cc[nH+]cc5,-3.634,34,-0.10688235294117647
O=C([O-])CCCCCOc1ccccc1C[N@@H+](CC2CC2)C3CCCC3,-3.634,26,-0.13976923076923076
c1ccccc1CN([C@@](C)(C(=O)[O-])CC)C(=O)Nc2cc(OC)cc(c2)OC,-3.633,28,-0.12975
CCC(=O)c(o1)c(CC(=O)[O-])c(c12)ccc(c2)-c3cccc(c3)OC,-3.633,25,-0.14532
Cc1ccc(cc1)-c([nH]2)nc(c23)cc(cc3C)N4CCOCC4,-3.632,23,-0.15791304347826088
C1CCn(c12)c(c[nH+]2)-c(s3)ccc3[C@@H](C)N[C@H](C(=O)[O-])Cc(c[nH]4)c(c45)cccc5,-3.631,30,-0.12103333333333333
c1cc(C)cc(c12)[nH]c(n2)CC[NH+]3CCN(CC3)C4COC4,-3.63,22,-0.165
C[NH+](C)c1ccc(cc1)C2(CCCC2)CNc3nccs3,-3.63,21,-0.17285714285714285
C=CC1=C(C)C(=O)N[C@@H]1c2ccc(cc2C[NH3+])-c(cc3)cc(c34)nc(N)cc4C,-3.629,29,-0.12513793103448276
O=C(N1)C(C)(C)c(c12)cc(cc2F)-c3ccc(cc3Cl)CNCCc4c[nH+]c[nH]4,-3.629,29,-0.12513793103448276
COCCc1c[nH+]n(c1)CC(C)(C)O,-3.628,14,-0.2591428571428572
CC(C)CCNS(=O)(=O)c1ccc(cc1)CCOCCO,-3.628,21,-0.17276190476190476
c1ccccc1CC#Cc(c2)ccc(c23)n(C)c(=O)n(c3=O)CCCNCc4cccnc4,-3.628,33,-0.10993939393939395
c1ccccc1-n(nc2C)c(C)c2/C=N/N3CCN(CC3)N(CCO4)[C@@H]([C@H]45)CCC5,-3.628,30,-0.12093333333333334
C1C[C@@H](O)c(c12)c(C(F)(F)F)ncc2CCCCCc3cccc[nH+]3,-3.627,25,-0.14508
CN1CCN(CC1)c(c2)[n-]c3c(ccc(c3c24)n(C)c4O)OCc(c5)oc(c56)cccc6,-3.627,32,-0.11334375
O=c1[nH]c(=O)n(cc1C)C2CCN(CC2)C[C@H](C)N3CCOCC3,-3.626,24,-0.15108333333333332
CCCCCCCC/C=C/CCCCCCCC(=O)c1c(C)nnn1C2CCN(C(N)=[NH2+])CC2,-3.625,34,-0.10661764705882353
CCc(c1)nc(C)c(c12)c(c(c([n-]2)=O)C#N)-c3ccc(cc3)NC[C@H](C)[NH+]4CCOCC4,-3.625,32,-0.11328125
COc(cc1)cc(c12)[nH+]c([nH]2)CCc(cn(C)c3=O)c(c34)oc(c4)-c5cnc([nH]5)C6CCC6,-3.625,33,-0.10984848484848485
Cc1noc(C)c1-c(cc2)nc(c23)ncc(C(=O)[O-])c3C[C@H](C)N4CCOCC4,-3.625,29,-0.125
Cc1nnn(C)c1-c(c2)c(F)cc(c23)c4c(cc(c[nH+]4)C(C)(C)O)n3CCc5ncc[nH]5,-3.625,32,-0.11328125
CC(=O)N1[C@@H](C)C[C@@H](C(F)(F)F)c(c12)cc(cc2)-c3n[nH]cc3,-3.624,23,-0.15756521739130436
CO[C@H](C(=O)[O-])Cc(c(c12)scc2)ccc1CCOCCOCCO,-3.624,25,-0.14496
Cc1noc(C)c1-c2ccc(cc2)CNc3ccn[nH]3,-3.622,20,-0.18109999999999998
C[NH+](C)CCC[C@@H]1CCCC[C@@H]1[C@H](O)C2CCCCC2,-3.622,20,-0.18109999999999998
CCCCCCCC(=O)O[C@@H](COP(=O)([O-])OCC[NH3+])CCCOCCOCCOC,-3.621,31,-0.11680645161290322
CC(=O)N1CCC[C@H](C1)Cn(c(c23)ccc(Br)c3)c([nH+]2)[C@H](C)c4cccc(N)c4,-3.621,29,-0.12486206896551724
CN(C)CCN(CC1)CCC1n(nnc2C)c2-c3cccc(n3)-c4cc(Cl)ccc4O,-3.621,31,-0.11680645161290322
COCCOCCOCCOc(c1)c(OC)cc(c12)CCN(C2)CCc3ccc[nH]3,-3.621,30,-0.1207
CCc1c(C(CC)CC)nc(N)[nH+]c1N2CCCCC2,-3.62,20,-0.181
COc(c1)c(OC)cc(c12)c(nc([nH+]2)C)N[C@H](C)c3cccc(c3)N(CCO4)[C@@H]([C@H]45)CCC5,-3.62,33,-0.1096969696969697
CCc1c(NC)nc(N)nc1[C@H](C)c2ccc(cc2)-c3c(C)noc3C,-3.619,26,-0.1391923076923077
CC[C@@H](C(=O)[O-])Cc1ccc(cc1)C(=O)/C(N)=N\[H],-3.619,18,-0.20105555555555557
[nH+]1ccccc1CCCCCC(=O)c2nccn2Cc3ccccc3,-3.618,25,-0.14472
O=c1[nH]c(=O)n(cc1C)[C@@H]2CC[N@H+](CC2)Cc3cccc(n3)S(=O)(=O)c(cc4)cc(c45)C[NH2+]CC5,-3.618,35,-0.10337142857142857
C[NH+](C)CC[N@H+]1CC[C@H](C1)c(cc2)cc(c23)[C@@](O)(CC3)c4ccccc4,-3.618,26,-0.13915384615384616
COCCOCCOCCCc(n[nH]1)c(c12)cccn2,-3.617,20,-0.18085
COc1cccc(c1)-c2cccc(c2)CCC[C@@H](S(=O)(=O)[O-])P(=O)([O-])O,-3.617,26,-0.1391153846153846
c1ccccc1[C@H](C)c2c[nH+]n(c2)CC(C)(C)O,-3.616,18,-0.2008888888888889
c1cccc(c12)C(=O)c3c(C2=O)nnn3C(=O)N4CCC(CC4)c5nc(no5)-c6cccs6,-3.616,33,-0.10957575757575758
CNc1cc[nH+]c(n1)C(c2ccccc2)c3ccccc3,-3.615,21,-0.17214285714285715
Cn1nc(C2CC2)cc1-c([n-]c(=O)n3)c(c34)cccc4,-3.614,20,-0.1807
O=C(N1)C(C)(C)Oc(c12)cc(c(c2)OC)NCC(=O)N(CC3)[C@H](c(c34)ccs4)c5cccc(n5)C,-3.614,35,-0.10325714285714285
C=CCOC(=O)c1cc(C(C)(C)N)cc(n1)-c2ccc(F)cc2,-3.613,23,-0.15708695652173912
COc1ccc(nn1)N2CCN(CC2)[C@H](c3cccnc3)C(=O)NC4CCCCC4,-3.612,30,-0.12040000000000001
C[NH+](C)CC[N@H+]1CC[C@@H](CC1)n2cnc(c2C(=O)CCC(=O)[O-])-c3ccc(C(F)(F)F)cc3,-3.612,33,-0.10945454545454546
COc(cc1)cc(c12)nc([nH]2)CCn(c3=O)c(=O)n(C)c(c34)ccc(c4)C(=O)C5=C(O)CCCC5=O,-3.612,36,-0.10033333333333333
[nH]1ccc(c12)c(ncn2)CC3(O)CCN(CC3)Cc4ccc(cc4Cl)-c5ncon5,-3.611,30,-0.12036666666666668
Cc1noc(C)c1S(=O)(=O)C(=O)[C@@H](C2)Oc(c23)c(cc(Cl)c3)-c4ccnc(N)c4,-3.611,29,-0.12451724137931035
N#Cc(c1Cl)ccc(c1C)-n2ccc(=O)c(C(=O)[O-])c2O,-3.611,21,-0.17195238095238097
CCOC(=O)c1ccc(cc1)-c(cc2)nc(c23)cccc3,-3.61,21,-0.1719047619047619
CN(C)CC[N@H+](CC1)CC[C@H]1n(nnc2C)c2-c(cc3)cc(c34)N(C5CC5)C(C)(C)C(=O)N4C,-3.61,34,-0.10617647058823529
c1cc(F)cc(c12)c(C(=O)[N-]S(=O)(=O)C)c(N)c(n2)Nc(cc3)cc(n34)nc(c4)-c5ccccc5,-3.609,35,-0.10311428571428571
CCOC(=O)CC[NH2+][C@H](C)[C@H]1CC[C@H](C)CC1,-3.609,17,-0.21229411764705883
c1cccc(c12)c(N[C@H](C)C3CC3)nc([nH+]2)-c4cc(F)cc(F)c4,-3.609,24,-0.150375
CNCc1cccc(c1)Cc2ccc(cc2F)N3C[C@@H](OC3=O)CNC(=O)C,-3.609,28,-0.12889285714285714
COc(cc1)cc(c12)nc([nH]2)CCN3CC[N+](CC3)=C(N4)CSc(c45)cccc5,-3.609,29,-0.12444827586206897
C1COCCN1c(c2)cc(C)c(c23)[nH]c(n3)-c4cn[nH]c4-c5cccc(C(F)(F)F)c5,-3.608,31,-0.11638709677419355
O=C([O-])c1ccc(cc1Cl)-c(nc(=O)[nH]2)c(c23)cccc3,-3.606,21,-0.1717142857142857
C=CCOc(cc1)cc(c12)ccc(c2)C[C@@H]3SC(=O)NC3=O,-3.606,22,-0.1639090909090909
COc1ccccc1Oc2nccc(n2)-c3cc[nH+]c(N)c3,-3.605,22,-0.16386363636363635
Cc1cc(no1)[C@@H](C)NC[C@@H]2CC[N@H+](CC2)Cc3ccc([N+](=O)[O-])cc3,-3.605,26,-0.13865384615384616
OCCCCC[NH2+][C@@H](C(C)C)C(=O)Nc1ccncc1,-3.605,20,-0.18025
C1CCCCC1CCNC(=O)[C@H](CCCC[NH3+])NC(=O)[C@H](CO)NCC2CCOCC2,-3.605,31,-0.11629032258064516
O=c1[nH]c(=O)n(cc1C)[C@H]2CCCN(C2)n(c(=O)c(c34)[nH]cc4)cc3-c5cccc(c5)C(=O)N(C)C,-3.605,36,-0.10013888888888889
C1CCCCN1c(n2)cc(nc2N)[C@H](C[C@@H]34)[C@@H]([C@@H]([NH2+]4)CC3)CCC(CC5)CCC5(F)F,-3.604,31,-0.11625806451612904
C1CCCC1n(c(c2)C(=O)N(C)C)c(c23)nc(nc3)N4CCC(CC4)c5nc(no5)-c6cccs6,-3.604,35,-0.10297142857142857
CCNC(=O)c(c1)[nH]c(c12)c(=O)n(C)cc2N[C@H](C)c3ccc(cc3)-c4cc(F)cnc4Cl,-3.604,33,-0.10921212121212122
C[NH+](C)CCOc1ccc(Cl)cc1-c2noc(n2)C3CCN(CC3)C(=O)Cc4ccccc4,-3.604,33,-0.10921212121212122
O=C(N1)C(C)(C)Oc(c12)cc(c(c2)OC)N[N@@H+]3CCN(C)C(=O)[C@H]3C,-3.603,25,-0.14412
COc1ccccc1S(=O)(=O)n(cc2)c(c23)cccc3OC(C)(C)C(=O)[O-],-3.603,27,-0.13344444444444445
CC[C@@H](CO)CCNC(=O)CCCC[C@@H]1CCSS1,-3.602,19,-0.18957894736842104
o1cccc1-c(cc2)ccc2C(=O)N(C)Cc3ccccc3OCCS(=O)(=O)C,-3.601,29,-0.12417241379310345
COC[C@H](C)O,-3.601,6,-0.6001666666666666
N#Cc(c(N)[nH]1)c(c12)cc(cc2)Oc3ccc(cc3)NC(=O)Cc(c[nH+]c4)c(c45)c(O)ccc5,-3.601,34,-0.10591176470588236
O=S(=O)c(cc1)ccc1C(=O)Nc2ccccc2C(=O)[O-],-3.601,21,-0.17147619047619048
CCCCCCC(=O)OC[C@H](COP(=O)([O-])OCC[NH3+])O[C@@H]1CC[N@H+](C1)CC[NH+](C)C,-3.6,31,-0.11612903225806452
CC(C)(O)Cn1cc(cn1)N2CCN(CC2)c3ccc(Cl)c(C(F)(F)F)c3,-3.6,27,-0.13333333333333333
COC1=C(OC)C(=O)C(=C(C)C1=O)C/C=C(/C)CCC[C@H]2CC[N@H+](C2)CCN,-3.6,28,-0.1285714285714286
O=c([n-]1)[nH]c(=O)cc1C(=O)N2CCN(CC2)c3cnc([nH]3)C4CCCC4,-3.599,26,-0.13842307692307693
CC(C)CCNS(=O)(=O)c1ccc(cc1)C(=O)[C@@H](N)CO,-3.599,21,-0.17138095238095238
C[C@@H](O)CC(=O)c1ccc(cc1)C23C[C@H]4C[C@@H](C3)C[C@H](C4)C2,-3.599,22,-0.1635909090909091
c1ccccc1-n(nc2C)c(C)c2/C=N/N3CCN(CC3)n4cc(C)c(=O)[nH]c4=O,-3.598,30,-0.11993333333333332
Cn1ccnc1C(=O)c(o2)c(C)c(c23)c(ccc3)OCCCNc(cc4)cc(c45)OC(C)(C)C(=O)N5,-3.598,36,-0.09994444444444445
O=c([n-]1)[nH]c(=O)cc1C(=O)c2nccc(n2)-c3c(-c4ccc(F)cc4)ncn3C5CC[NH2+]CC5,-3.598,34,-0.1058235294117647
Fc(c1)cccc1OCC(=O)NCCC[NH2+]Cc2ccc(c(Cl)c2)-c3ccccc3,-3.596,30,-0.11986666666666666
C1[NH2+]CCC[C@H]1c2ccc(cc2C)CNCCc(n3)[nH]c(c34)cccc4,-3.596,26,-0.1383076923076923
C[NH+](C)CCN1CC[C@H](C1)n2cnc(c2CC#N)-c3ccc(C(F)(F)F)cc3,-3.596,28,-0.12842857142857142
CN1C(=O)[C@@H](C)N(C2CC2)c(c13)cc(cc3)CCCCCc4cccc[nH+]4,-3.595,27,-0.13314814814814815
c1ccc(C)c(c12)[nH]c(n2)CCNCc3ccc(c(Cl)c3)-c4n[nH]c(n4)-c5ccc(F)cc5,-3.595,33,-0.10893939393939395
C1CC[C@@H]([N@@H+]12)CN(CC2)n3ncc(Cl)c3C(=O)Nc(cc4)cc(c45)[nH]c([nH+]5)-c6ccccc6,-3.595,33,-0.10893939393939395
CN(C)c1ccc(cc1)C2(CCCC2)C[NH2+]Nc3ccc(Cl)cc3,-3.595,24,-0.14979166666666668
Cc1nc([N+](=O)[O-])cn1-c2ccc(O)c([O-])c2,-3.593,17,-0.21135294117647058
CN(C)CC[NH+]1CCN(CC1)c2cc(F)cc(Cl)c2,-3.592,19,-0.18905263157894736
O=C([O-])Cc1ccc(cc1)S(=O)(=O)NCCC(F)(F)F,-3.592,20,-0.1796
C[NH+](C)CCN(CC1)CCC1n(nnc2C)c2-c(cc3)cc(c34)N(C5CC5)C(C)(C)C(=O)N4C,-3.592,34,-0.10564705882352941
CCCCc1ccc(cc1Cl)C[NH2+]CCc2ccc[nH]2,-3.591,20,-0.17955000000000002
[NH3+]c1ccc(cc1)NC2CC2,-3.591,11,-0.3264545454545455
CCCCCCCC(=O)/[NH+]=C(/N)Cc1cccc(c1)OC,-3.59,21,-0.17095238095238094
O=[N+]([O-])c1cc(C(F)(F)F)ccc1Nc(c2CC)[nH+]c(N)nc2N3CC[NH+](C)CC3,-3.589,30,-0.11963333333333333
C1CC1N2C(C)(C)C(=O)N(C)c(c23)ccc(c3)-c(sc4S(=O)(=O)C)c(c45)CCC(F)(F)[C@H]5O,-3.589,33,-0.10875757575757576
CCOC(=O)n(c(c1)CC)c(c12)CCCC2=O,-3.588,17,-0.21105882352941177
O=C1CC[C@@H](C(=O)N1)c2ccc(cc2)C(=O)N[C@@H](Cn3ccnc3)c4ccccc4,-3.587,30,-0.11956666666666667
C[N@H+]1CC[C@@H](CC1)NC[C@H](O)CO,-3.586,13,-0.27584615384615385
C1CCCC1n(c(c2)C(=O)N(C)C)c(c23)nc(nc3)Nc4ccc(cc4)CCCO,-3.586,30,-0.11953333333333332
c1cc(C)cc(c12)c(c[nH]2)Cc(c3CC)[nH+]c(N)nc3N4CCN(C)CC4,-3.585,27,-0.13277777777777777
CC(=O)N1CCC(CC1)CNc2c(C)nnn2[C@@H]3CC[N@H+](CC3)CC[NH+](C)C,-3.585,28,-0.12803571428571428
CCCCCCCCC(=O)OC[C@@H](S(=O)(=O)C1CC1)COP(=O)([O-])OCC[N+](C)(C)C,-3.585,31,-0.11564516129032258
C1CC1Nc(c2CC)nc(N)nc2-c3ccc(cc3)C[C@@H]4SC(=O)NC4=O,-3.585,27,-0.13277777777777777
N#CCCN(C)c(c(c12)cc(Br)cc2)nc([nH+]1)C[C@H](O)[C@H]([NH3+])CO,-3.584,24,-0.14933333333333335
C1CCCC1Nn(c(=O)n2C)c(=O)c(c23)c(C)c(cc3)C([O-])=C4C(=O)CCCC4=O,-3.584,30,-0.11946666666666667
[NH2+]1CCCC[C@@H]1N(C)CCO[C@@H]2CC[C@@H](CC2)C[C@@H](C([O-])=O)c(ccc3Cl)c(c34)cccc4,-3.584,33,-0.10860606060606061
n1nn(C)c(c12)cc(cc2)NC(=O)c3nccn3NCCCNC(=O)OC(C)(C)C,-3.584,30,-0.11946666666666667
Cc1n[nH]cc1[C@H](CC2)c(c3n(c24)c(nn4)C)cc(cc3)-c5cnn(C)c5,-3.583,27,-0.1327037037037037
c1cc(O)ccc1N[NH2+][C@H](C)c2ccc(cc2)-c3cc(F)cnc3Cl,-3.583,25,-0.14332
c1ncccc1[C@H](C(=O)NC)N(COCCO)c2ccc(C(C)(C)C)cc2,-3.583,27,-0.1327037037037037
C[NH+](C)CCN1CCN(CC1)C2CC[NH2+]CC2,-3.582,17,-0.21070588235294116
COC(=O)[C@H](C(C)(C)C)NC(=O)c(c(c12)cccc2)nn1N3CCCC3,-3.582,26,-0.13776923076923075
COc1cc(=O)n(C)nc1S(=O)(=O)c(cc2)cc(c23)CN(C)C(=O)N3,-3.582,25,-0.14328
COC(=O)c1ccc(c(Cl)c1)Cc2ncc(Cl)c(n2)Oc3ccccc3NC(=O)C,-3.581,30,-0.11936666666666666
CCNCc1ccc(c(Cl)c1)-c2ccccc2,-3.58,17,-0.21058823529411766
COc1ccc(nn1)N2CCN(CC2)Cc3ccc(Br)cc3,-3.58,22,-0.16272727272727272
Cc1nc(CN(C)C)ccc1N2CCCC2,-3.58,16,-0.22375
C[C@@H](O)COCC(CO)(COC[C@@H](C)O)CCCc([nH+]1)[nH]c(c12)ccc(Cl)c2,-3.579,28,-0.12782142857142859
O=c1n(C)ncc(c1C)-n2ncc(Cl)c2C(=O)Nc(cc3)cc(c34)[nH]c(n4)-c5ccccc5,-3.578,33,-0.10842424242424242
Cc1cccc(c1C)Oc2nccc(n2)-c3c(-c4ccc(F)cc4)[nH+]cn3CCCNS(=O)(=O)C,-3.578,35,-0.10222857142857142
CN1CCN(CC1)c2ccc(cc2)COCCO,-3.577,18,-0.19872222222222222
COc1ccc(cc1OC)N(CC(=O)NC(C(C)C)C(C)C)[C@H]2CC[C@H](O)CC2,-3.577,29,-0.12334482758620689
CC(C)C[C@H]([NH3+])C(=O)Nc1c([nH+]cn1CC#C)-c2cccc(c2)OC,-3.577,25,-0.14307999999999998
Cc1cc(C)c(c(C)c1)S(=O)(=O)N2CCCOC2=O,-3.577,19,-0.18826315789473683
O=C(N1)C(C)(C)c(c12)cc(cc2F)-c3ccc(cc3Cl)C[NH2+]CCc4c[nH+]c[nH]4,-3.576,29,-0.12331034482758621
c1ccccc1-n(nc2C)c(C)c2/C=N/c3ccc(cc3Cl)CNCCc4c[nH+]c[nH]4,-3.576,31,-0.11535483870967742
n1nc[nH]c1[C@@H](C)Nc(n2)oc(c23)cccc3,-3.576,17,-0.2103529411764706
O=C([O-])Cc1coc(c12)cc(cc2)-n3c(cc(c34)cc(OC)cc4)C(=O)OCc(c5)oc(c56)cccc6,-3.575,37,-0.09662162162162162
O=c([nH]1)[nH]c(=O)cc1C(=O)N2CCN(CC2)C[C@@H]3CC[N@H+](CC3)Cc4ccc([N+](=O)[O-])cc4,-3.574,33,-0.1083030303030303
CC1(C)C(=O)N=C(O)N1Nc(cc2)cc(n23)nc(c3)-c4ccccc4,-3.574,25,-0.14296
COc1ccc(cc1)Cn(nn2)c(c23)[C@](C)(O)CC[C@H]3OC(=O)Nc4ccc(O)cc4,-3.573,31,-0.11525806451612904
Cc1[nH+]n(C)c(C)c1[N-]S(=O)(=O)c2ccc([nH+]c2)NCCc3ccn(n3)C,-3.573,27,-0.13233333333333333
CCNCc1ccc([C@@H](C)O)cc1,-3.573,13,-0.27484615384615385
C1CCCCN1c(n2)cc([nH+]c2N)Nc3ccccc3F,-3.573,21,-0.17014285714285715
C[NH+]1CCN(CC1)c(cc2)cc(c23)n(Cc4ccccc4)c([nH+]3)Nc5cc[nH+]cc5,-3.572,30,-0.11906666666666667
CC(=O)N[C@H]1CCN(C1)[C@H]2CCN(C2)S(=O)(=O)C,-3.572,18,-0.19844444444444445
c1ccccc1-n(nc2C)c(C)c2/C=N/N3CCN(CC3)c4ccc(Cl)c(Cl)c4,-3.572,29,-0.12317241379310345
[NH3+]CCNC(=O)CC1CC1,-3.571,10,-0.35710000000000003
CCc1ccc(nc1)CCn(c([nH+]2)SCCC(=O)[O-])c(c23)cccc3,-3.571,25,-0.14284
CC/C=C/C/C=C/C/C=C/C/C=C/C[C@H]1CCN(C1)S(=O)(=O)C,-3.571,23,-0.1552608695652174
CNCc1cccc(c1)Cc2ccc(cc2Cl)C[NH2+]CCc(n3)[nH]c(c34)c(C)ccc4,-3.571,31,-0.11519354838709678
c1cc(C)cc(c12)c(c[nH]2)C[N@H+]3CC[C@@H](CC3)[NH2+]n4ccc(=O)c(C(=O)[O-])c4[O-],-3.571,29,-0.12313793103448277
CN(C)CC[N@@H+](CC1)CC[C@H]1n(nnc2C)c2N3CCS[C@@H](CC3)c4cccs4,-3.57,29,-0.12310344827586206
Cc1[nH+]n(C)c(C)c1Cc2ccc(s2)C(=O)NC3CC3,-3.57,20,-0.1785
CC(C)(C)S(=O)(=O)C[C@H](C1CC1)c2[nH]ncc2-c3ccncc3,-3.57,23,-0.1552173913043478
c1cn[nH]c1-c(cc2)cc(c23)[C@@H](C[C@H](C)N3C(=O)C)c4n[nH]cc4-c5ccncc5,-3.57,30,-0.119
CSc1ccc(cc1)-c2cccc(c2C)-c(cc3)cc(c3=4)=NC(=O)N4,-3.568,25,-0.14272
O=[N+]([O-])c1cc(C(F)(F)F)ccc1Nc(c2CC)nc(N)[nH+]c2N3CCN(C)CC3,-3.567,30,-0.1189
Nc(n1)[nH]c(c12)c(cc[nH+]2)NCCC(c3ccccc3)c4ccccc4,-3.567,26,-0.1371923076923077
Cc1onc(C)c1-c(cc2)ccc2-n(nc3C)c(C)c3/C=N/N4CC[NH+](CC4)Cc5ccccc5,-3.567,35,-0.10191428571428572
CC(C)CCNC(=O)[C@H](CO)NC(=O)CCCCCCCCCO,-3.565,24,-0.14854166666666666
C1CC[C@H]([C@@H]12)N(CCO2)C(=O)[C@H](CCSC)NC(=O)[C@H]3CC[C@@H](C)CC3,-3.565,26,-0.1371153846153846
Cc1[nH]ncc1N(C)c2c(C)[nH+]n(C)c2C,-3.564,16,-0.22275
COc(c1)cccc1-c(ncn2CC#C)c2-c3nc(N)nc(c3CC)N4CCCCC4,-3.564,31,-0.11496774193548387
COc1cc(OC)cc(c12)nc([nH]c2=O)-c([nH+]nc3C)c(c34)cc(cc4)N5CC[NH2+]CC5,-3.564,32,-0.111375
O=C(N=1)N=c(c12)cc(cc2)-c3ccc(cc3Cl)C[NH2+]CCc([nH+]4)[nH]c(c45)cccc5,-3.564,30,-0.1188
CC(C)CC[NH2+][C@H](C[C@@H]12)[C@@H]([C@@H]([NH2+]2)CC1)CCC(CC3)CCC3(F)F,-3.564,24,-0.1485
COc1ccc(cc1)Cn(nn2)c(c23)[C@](C)(O)CC[C@H]3Oc4ccc(N)nc4,-3.563,28,-0.12725
C1COCCN1c(c2)cc(C)c(c23)nc([nH]3)-c4c(cc[nH]c4=O)C[C@H]5CC[C@H](C)CC5,-3.562,31,-0.11490322580645161
N1CCCC[C@@H]1[N@H+](C)CCO[C@@H]2CC[C@@H](CC2)C[C@@H](C([O-])=O)c3ccccc3CO,-3.562,30,-0.11873333333333333
CNCc1cccc(c1)CS(=O)(=O)c2cccc(c2)C(=O)NC,-3.562,23,-0.1548695652173913
CNCc1ccccc1Cc(n[nH]2)c(c23)cccn3,-3.562,19,-0.18747368421052632
C1C[NH2+]CCC1n(nnc2C)c2-c3cccc(n3)-c(n4)c(cccc5)c5c(n46)nnc6C,-3.561,32,-0.11128125
COC(=O)c1ccc(c(Cl)c1)C[N@@H+](CC2)CC[C@@]2(O)CC(=O)c3ccc(c(c3)OC)OC4CC4,-3.561,34,-0.10473529411764705
C[C@@H](O)Cc1ccc(cc1)S(=O)(=O)N[C@@H](C(=O)[O-])Cc(c[nH]2)c(c23)cccc3,-3.561,28,-0.12717857142857142
N#C\C=C\c(cc1C)cc(C)c1-c2cc(cnc2N)-c3cnn(C)c3,-3.561,25,-0.14244
[NH3+][C@H]1CCC[N@H+](C1)C[C@H](O)CCCC(=O)[O-],-3.56,16,-0.2225
C1CC1Nc(c2CC)[nH+]c(N)nc2-c3ccc(cc3)C[C@@H]4SC(=O)NC4=O,-3.56,27,-0.13185185185185186
C1COCCN1C(=O)c(cnn2C)c2C(=O)c(cc3)c(c4c35)ccc6c4c(cc5)ccc6,-3.56,32,-0.11125
C/C=C/CCCCCCCC(=O)O[C@H](COP(=O)([O-])[O-])COCCCNC(=O)C,-3.559,29,-0.12272413793103448
CC(=O)N[C@H]1CC[N@H+](C1)Nc2ccccc2C(=O)[O-],-3.558,19,-0.18726315789473683
O=C1NC(=O)N(C1(C)C)c(cc2C)cc(C)c2CCS(=O)(=O)CCN3CCN(C)C(=O)[C@H]3C,-3.558,33,-0.10781818181818181
COC1CCN(CC1)Cc2cccc(n2)Oc3ccccc3,-3.557,22,-0.16168181818181818
O=C(N=1)N=c(c12)cc(cc2)-c3ccc(Cl)cc3Cl,-3.557,18,-0.1976111111111111
CCCCc1ccc(cc1)C[C@H]2SC(=O)[N-]C2=O,-3.556,18,-0.19755555555555557
COCCOC(=O)[C@H](C(C)C)NC(=O)C1CCCCC1,-3.556,20,-0.1778
C[NH+](C)CCCN(C)[C@H]1CCN(C1)c(cc2)cc(c23)n(CCOC(F)(F)F)c(n3)C4CCOCC4,-3.555,35,-0.10157142857142858
CCNC(=O)c(c1)[nH]c(c12)c(=O)n(C)cc2C(=O)c3cc(c[n-]3)C(=O)c4c(Cl)cccc4Cl,-3.554,33,-0.1076969696969697
O=S(=O)Oc(cc1)ccc1-c2c(ncn2CC#C)-c(cc3)cc(c34)O[C@@H](C(=O)N4)CC5CC5,-3.553,33,-0.10766666666666666
C[C@H]([NH3+])[C@@H]([O-])C(=O)c(cnc1)c(c12)cccc2,-3.551,17,-0.2088823529411765
Clc(c1)cc(F)cc1-c2cn(C)c(=O)c(c23)C/C(O3)=c4\cnc([nH]4)=C5CCCC5,-3.55,29,-0.12241379310344827
CCO[C@H](C(=O)[O-])Cc1ccc(cc1)-c(cc2)cc(c23)oc(c3CC(=O)[O-])-c4cccc(c4)OC,-3.549,35,-0.1014
c1cn[nH]c1-c(cc2)cc(c23)[C@@H](C[C@H](C)N3C(=O)C)c4ccc(cc4Cl)CNCCc5[nH+]cc[nH]5,-3.549,35,-0.1014
c1ccccc1[C@@H](C)Nc(cc2)cc(c23)N([C@H](C)C(=O)N3C)[N@H+]4CCC[C@@H]4CO,-3.548,29,-0.12234482758620689
COC(=O)CC(=O)NCCCNCc1ccc(c(Cl)c1)[C@H](C)c2ccccc2,-3.548,28,-0.12671428571428572
NCc1ccc(cc1)C(=O)c2nccn2Cc3ccccc3,-3.547,22,-0.16122727272727275
COc1cccc(c1)OCC(=O)c2ccc(cc2Cl)CNCCc(n3)[nH]c(c34)cccc4OC,-3.546,34,-0.10429411764705881
C/C=C/CCCCCCCC(=O)O[C@H](COP(=O)([O-])[O-])CCc1ccc(Cl)c(Cl)c1,-3.544,30,-0.11813333333333334
CC(C)C(C(C)C)N[NH2+]CC12C[C@@H]3C[C@H](C2)C[C@@H](C3)C1,-3.543,20,-0.17715
CC(C)[N@H+](CC1)CC[C@@]12CC(=O)c3c(O2)ccc(c3)-c4ccc(cc4)S(=O)(=O)CCO,-3.543,31,-0.11429032258064517
CC[N@H+]1CC[C@@H](CC1)[NH2+]CC(=CC2=O)N=C([N+]2=3)C=C(N3)C4CCOCC4,-3.543,26,-0.13626923076923078
N#Cc1c(=O)[n-]c(cc1[S@](=O)C)C(=O)c(cc2)nc(c23)cccc3,-3.542,24,-0.14758333333333332
C1CC1N2C(C)(C)C(=O)N(C)c(c23)ccc(c3)Nc(cc4)cc(c45)N(C6CC6)C(C)(C)C(=O)N5C,-3.541,35,-0.10117142857142856
c1ccccc1C[NH+]2CCN(CC2)Cc([nH]n3)c(c34)cccn4,-3.541,23,-0.15395652173913044
n1nc(C)n(c12)c3c(cccc3)C(c4ccccc4)=N[C@H]2NNc5cc[nH+]cc5,-3.541,29,-0.12210344827586207
Cc(n1)c(C)n(c12)c(C)c(cc2)CCc3[nH+]c(cn3C)CCOCCOCCOCCOCCO,-3.54,35,-0.10114285714285715
O=C([O-])c1ccccc1N[N@H+]2CCC[C@@H]2CO,-3.539,17,-0.2081764705882353
CCCCCCC(=O)C(=O)Cc(cnc1)c(c12)c(O)ccc2,-3.538,22,-0.1608181818181818
C[NH2+]Cc1cccc(c1)Cc2ccc(cc2Cl)CNCCc([nH+]3)[nH]c(c34)c(C)ccc4,-3.537,31,-0.11409677419354838
Cc1ccc(cc1)N(C)C(=O)c(cc2)cc(c23)N([C@H](C)C(=O)N3C)c4ccc(S(=O)(=O)N)cc4,-3.537,34,-0.10402941176470588
NC(=O)CCNCc1ccc(c(Cl)c1)S(=O)(=O)c2ccccc2Cl,-3.536,24,-0.14733333333333334
CC[C@H](C)[C@H](N)C(=O)Cc1cccc(n1)Oc2ccccc2,-3.536,22,-0.16072727272727272
c1ccccc1C(C[C@H](CC)CO)c2ccccc2,-3.535,19,-0.1860526315789474
CC[C@@H]([C@H](C)O)N1CCC(CC1)c2nc(no2)-c3cccs3,-3.535,22,-0.16068181818181818
C1=CCCC=C1[C@@H](CCCO)C(=O)[C@H](C(C)C)NC(=O)C2CCCCC2,-3.534,26,-0.13592307692307692
CCc(c1)nc(C)c(c12)c(c(C#N)c(=O)[nH]2)-c3ccc(cc3)Nc4cncc(C)c4,-3.534,30,-0.11779999999999999
c1cc(F)ccc1NS(=O)(=O)c2c(Cl)cc(cc2Cl)-c3ccnc(c3)N4CC[NH2+]CC4,-3.534,31,-0.11399999999999999
CC(=O)Nc1cccc(c1)-c(cc2)cc(c23)[C@@H](C[C@H](C)N3C(=O)C)NC(=O)N[C@H](C)c4cc(C)on4,-3.533,36,-0.09813888888888889
C[N+](C)(C)C1CCN(CC1)c(c(c23)ccs3)ccc2C[C@@H]4SC(=O)NC4=O,-3.533,27,-0.13085185185185186
CC[NH+]1CCN(CC1)Cc2ccc(cc2C(F)(F)F)NC(=O)c3cccc(c3)C(N)=[NH2+],-3.532,31,-0.11393548387096775
O[C@@H]1[C@H](O)CO[C@H]1N(C[C@@H](N2C(=O)C)C3CC3)c(c24)cc(cc4)C5=CC[NH2+]CC5,-3.531,29,-0.12175862068965518
CN1CCN(CC1)Nc2cncs2,-3.531,13,-0.27161538461538465
CN(C1)C(=O)N(C)c(c12)ccc(c2)S(=O)(=O)c3cnn(c3)CC(C)(C)O,-3.53,26,-0.13576923076923075
Fc1ccc(cc1)-c2[nH+]cn(C3CC[NH2+]CC3)c2Cc4ccccc4F,-3.529,26,-0.13573076923076924
S1CNN\C1=N\c(ccc2C)cc2S(=O)(=O)NC3CCCC3,-3.529,22,-0.16040909090909092
CCCn(c1[O-])c(=O)n(CCC)c(c12)nc(n2)-c3ccc(cc3)Nc4ccc(N)cc4,-3.529,31,-0.11383870967741935
C[NH+]1CCN(CC1)c2cn(C)nc2COc3ccc(cc3)-c(cc4)nc(c45)cccc5,-3.529,31,-0.11383870967741935
CN(C)CCC[N@@H+](C)[C@H]1CCN(C1)C(=O)c([nH]2)c(C(N)=[NH2+])c(c23)ccc(Cl)c3,-3.528,28,-0.126
CC(C)OC(=O)N(CC1)CCC1(N)Cc2ccc(Cl)cc2,-3.528,21,-0.168
c1nccc(c12)c(ccc2)S(=O)(=O)NCC[NH2+]CCCCc([nH+]3)[nH]c(c34)cccc4,-3.527,30,-0.11756666666666667
n1[nH]cnc1[C@@H](C)NNc2cc(C(=O)[O-])ccc2N3CCC(CC3)N4CCCOC4=O,-3.526,31,-0.11374193548387096
n1cccnc1-n(c(=O)n2C)c(=O)c(c23)c(C)c(cc3)C(=O)C4=C([O-])CCCC4=O,-3.526,30,-0.11753333333333332
CC(C)(C)ON[C@H](C)c1[nH]cnn1,-3.525,13,-0.27115384615384613
O=c([nH]1)scc1-c2ccc(cc2OCC)C(=O)N3CCC(CC3)[NH+]4CCN(C)CC4,-3.524,30,-0.11746666666666666
C1=CC1[NH2+]Nc(cc2)cc(c23)c(c[nH]3)C4CC[NH2+]CC4,-3.524,20,-0.1762
CNc1cc([nH+]c(n1)N)N2CCN(CC2)N3CCN(C(C)C)CC3,-3.523,24,-0.14679166666666668
Cc1nn(C)c(Cl)c1S(=O)(=O)Nc2cncs2,-3.523,17,-0.20723529411764707
c1ccc(Cl)c(c12)cc([nH]2)C[NH2+][C@@H](Cn3ccnc3)c4ccccc4,-3.523,25,-0.14092000000000002
COc1ccc(cc1OC)N(CC(=O)NC(C(C)C)C(C)C)[C@H]2CC[N@H+](C2)CCN,-3.523,30,-0.11743333333333333
Fc1c(F)c(F)ccc1-c2cn(C)c(=O)c(c23)C/C(O3)=c4\cnc([nH]4)=C5CCC5,-3.522,29,-0.12144827586206895
CCCCCCC(=O)OC[C@@H]([NH2+]CCC(C)C)COP(=O)([O-])OCC[NH3+],-3.522,26,-0.13546153846153847
C1CCCN1c(cc2F)ccc2N3CCSCC3,-3.522,18,-0.19566666666666666
CCCCCCCCCCCCn1ccc(=O)c(C(=O)[O-])c1O,-3.519,23,-0.153
[NH3+]c1ccc(cc1)NNc2cc[nH+]cc2,-3.518,15,-0.23453333333333332
Nc([nH+]1)cc(C)c(c12)ccc(c2)-c3ccc(c(c3)C[NH3+])-c(c4)nc(NC(C)C)c(n45)nnc5C,-3.518,34,-0.1034705882352941
O=c1n(C)cc(cc1C)-c(cc2)cc(c23)n(CCc4ncon4)c([nH+]3)C5CCOCC5,-3.518,31,-0.11348387096774193
CNCc1ccccc1-c2csc(c2)[C@@H](C)N3CCC[C@H]([NH3+])C3,-3.518,23,-0.15295652173913044
COc1ccc(cc1)Cn(nn2)c(c23)[C@@](C)(O)CC[C@H]3CCc([nH+]4)[nH]c(c45)ccc(c5)C,-3.517,32,-0.10990625
O[C@H]1CC[C@@H](CC1)c2ccc(cc2Cl)C[NH2+]CCc([nH+]3)[nH]c(c34)cccc4,-3.517,27,-0.13025925925925927
COCCNNCCC(=O)Nc1cccc(C(=O)[O-])c1,-3.517,20,-0.17585
CC[N@H+]1CC[C@@H](CC1)CCCNCc2cccnc2,-3.516,19,-0.18505263157894736
Cn1ncc(c1C)C(=O)c2c(Cl)cccc2OC(F)(F)F,-3.516,21,-0.16742857142857143
Cc1noc(C)c1-c(cc2)cc(c23)ncc(C(=O)[O-])c3C(=O)c4ccc(cc4)-c5ncccn5,-3.515,34,-0.10338235294117648
O=P([O-])([O-])[C@H](S(=O)(=O)[O-])CCCc1cccc(c1)NC2C=C2,-3.515,22,-0.1597727272727273
s1cccc1CNC(=O)[C@@H]2CN([N@@H+]3CCC[C@@H]3CO)CCN2c4ccc(Cl)c(Cl)c4,-3.513,30,-0.1171
CC(C)Oc1nc(ncc1Cl)Nc2ccc(cc2)[NH+]3CCN(C)CC3,-3.513,25,-0.14052
CCc(c1)nc(C)c(c12)c(c(C#N)c(=O)[nH]2)-c3ccc(cc3)NNCCOC,-3.513,28,-0.12546428571428572
Cc1ccccc1CC(=O)N2CCN(CC2)/N=C/c3c(C)nn(c3C)-c4ccccc4,-3.512,31,-0.11329032258064516
c1ccc(Cl)c(c12)cc([nH]2)CN[C@@H](Cn3ccnc3)c4ccccc4,-3.512,25,-0.14048
CC(C)(C)c(n[nH]1)cc1N(C(=O)CC)[C@H](c2cccnc2)C(=O)CCCNC(=O)CC(=O)OC,-3.512,34,-0.10329411764705883
O=C([O-])CCC[C@@H](O)C[C@@H](CC)c1cccc(n1)C2CC2,-3.512,21,-0.16723809523809524
CCc(c1)nc(C)c(c12)c(c(C#N)c(=O)[nH]2)-c(nc(c34)ccs4)nc3N(C)CCC#N,-3.511,31,-0.11325806451612903
COC(=O)c1ccc(c(Cl)c1)C[N@H+](CC2)CC[C@@]2(O)Cc3cc(nc(n3)N)N4CCCCC4,-3.51,33,-0.10636363636363635
CS(=O)(=O)N1CC[C@@H](C1)c2ccc(cc2Cl)CNCCc3[nH+]cc[nH]3,-3.51,25,-0.1404
Cc1[nH+]n(C)c(C)c1CN(C)c2nc(CCCCCC(=O)[O-])nc(n2)N(C)CCC(=O)NC3CC3,-3.51,35,-0.10028571428571428
C1CC1Nc2[nH+]c(N)nc(c2CC)NCCC3CCCCC3,-3.509,22,-0.1595
C1OCC1c(cc2)ccc2O[C@H](C(=O)[O-])Cc3ccc(cc3)-c4ccccc4,-3.509,28,-0.12532142857142856
CS(=O)(=O)NS(=O)(=O)c(cc1)cc(c12)C[NH2+][C@H](C2)CO,-3.509,20,-0.17545
Fc(c1)cccc1OCC(=O)[N-]c2nc(cs2)C(=O)c3cc(Cl)ccc3OC4CC[NH2+]CC4,-3.509,33,-0.10633333333333334
C[C@H]1CC[C@@H](CC1)CN(CC2)CCC23Oc4c(O3)cccc4,-3.509,22,-0.1595
Fc1cc(F)ccc1Nn2c(=O)n(ncn3)c3c(c24)c5c(s4)CN(CC5)CC6CCOCC6,-3.507,33,-0.10627272727272728
C[NH+](C)CCCc1ccc(cc1Cl)CNCCc2c[nH+]c[nH]2,-3.507,22,-0.15940909090909092
Cc1cc(n[nH]1)[C@@H](C)Nc(c(c23)cn[nH]c3=O)ncc2-c4ccc(CN(C)C)nc4C,-3.507,31,-0.11312903225806452
c1cc(C)cc(c12)nc([nH]2)CC[NH+]3CCN(CC3)C4COC4,-3.507,22,-0.15940909090909092
CCCCC[NH2+]Cc1ccc(cc1)-c2c(C)noc2C,-3.506,20,-0.17529999999999998
Nc([nH+]1)cc(C)c(c12)ccc(c2)-c3ccc(c(c3)CN)CCCCCC(=O)[O-],-3.506,28,-0.1252142857142857
COc1ccc(Br)cc1S(=O)(=O)c(ccn2)c(c23)[n-]cn3,-3.506,21,-0.16695238095238094
n1nc(Cl)n(c12)nc(cc2)-c(c3)c(ccc3S(=O)(=O)CC)Oc4c(C)cccc4C,-3.506,30,-0.11686666666666666
c1cc(Br)c(O)c(c12)nc(N)cc2-c3c[nH]cn3,-3.506,18,-0.19477777777777777
COCCN1CCN(CC1)CC[NH+](C)C,-3.506,15,-0.23373333333333332
CNc1cc(nc(N)[nH+]1)CCCCCCCCCCC(=O)[O-],-3.506,22,-0.15936363636363635
Cn1cc(NS(=O)(=O)C)c(n1)COc2ccc(cc2)-c(cc3)nc(c34)cccc4,-3.505,29,-0.12086206896551724
CC(C)(C)OC(=O)CCCC(=O)/C=[NH+]/CC(=O)[O-],-3.505,18,-0.1947222222222222
CSc1ccc(cc1)C(=O)Cn2cc([O-])cn2,-3.505,17,-0.2061764705882353
[nH]1nccc1S(=O)(=O)c2ccc(cc2)-c3ccc(I)cc3,-3.505,21,-0.1669047619047619
c1ccccc1C(=O)c2ccccc2N[C@H](C(=O)[O-])Cc3ccc(cc3)N4CCC[C@H](O)C4,-3.505,33,-0.1062121212121212
OCCCCCCCCCC(=O)N[C@@H](CO)C(=O)c1ccc(cc1)OCC2CC2,-3.505,29,-0.12086206896551724
COCCNc1nc(ncc1Cl)Nc2ccc(cc2)N3CC[NH+](C)CC3,-3.504,26,-0.13476923076923078
C=CC1=C(C)C(=O)NC\1=C\C2=N[C@@H](C(=C2C)CCC(=O)[O-])[C@H]3CCC(=O)NC3=O,-3.504,29,-0.12082758620689656
CCN1CCN(CC1)c2[nH+]c(c(o2)C)CCCc3ccc(cc3)C[C@@H](C(=O)[O-])n4nccn4,-3.504,33,-0.10618181818181818
CCCn(c1=O)c(=O)n(CCC)c(c12)nc([nH]2)-c3ccc(cc3)S(=O)(=O)C4CC4,-3.503,29,-0.12079310344827586
c1cc(Cl)cc(NC2=O)c1[C@]23N(CC[NH3+])C[C@@H]([NH3+])[C@@H]3c4cccc(Cl)c4,-3.503,26,-0.13473076923076924
c1cccc(c12)c(c[nH]2)C[C@H]([NH3+])C(=O)CC(c3ccccc3)c4ccccc4,-3.502,28,-0.12507142857142856
COc1ccc(nn1)N2CCN(CC2)c3c(CC(C)C)[nH+]n(C)c3C,-3.502,25,-0.14007999999999998
CC(C)n(cn1)c(c12)[nH+]c(N3CCCC3)nc2NCc4ccc(cc4)OCCO,-3.502,29,-0.12075862068965516
COc(nn1)n(c12)nc(cc2)-c3cccc(c3F)-c4c(C)nn(C)c4C,-3.501,26,-0.13465384615384615
CCS(=O)(=O)Cc1cnc(c(c1)C(=O)OC(C)(C)C)Oc2ccc(F)cc2F,-3.501,28,-0.12503571428571428
CCCn(c1=O)c(=O)n(CCC)c(c12)nc([nH]2)N3CCC(CC3)n4cc(C)c(=O)[nH]c4=O,-3.5,32,-0.109375
n1nc(C)n(c12)c3c(cccc3)N(C[C@H]2C)n(c(c4)CCCC(=O)[O-])c(c45)ccc(Cl)c5,-3.5,32,-0.109375
CC[N@H+]1CC[C@@H](CC1)CCCOc(ccc2)c(c23)c(C)c(o3)C(=O)c4nccn4C,-3.499,30,-0.11663333333333334
CC[N@H+]1CC[C@@H](CC1)Nc2c(CC(C)C)[nH+]n(C)c2C,-3.499,20,-0.17495
C[NH2+]Cc1cc(nn1C)[C@H](C([O-])=O)C[C@@H]2CC[C@@H](CC2)OCC[N@H+](C)[C@H]3CCCCN3,-3.498,31,-0.11283870967741937
O=P([O-])(O)OP(=O)([O-])SC/C=C(\C)CCCN[C@H]1[C@@H]([C@@H]12)COC2,-3.498,23,-0.15208695652173915
O=C(N=1)N=c(c12)cc(cc2)-c3c(Cl)cccc3C(=O)c(cn4)cc(c45)cccc5,-3.497,29,-0.12058620689655172
CCS(=O)(=O)Cc1cnc(c(c1)S(=O)(=O)c2cccs2)Oc3ccc(F)cc3F,-3.497,29,-0.12058620689655172
c1ccncc1C[NH2+]CCCCCC2OCCO2,-3.497,18,-0.19427777777777777
CC(C)C(C(C)C)[NH2+]c1ccccc1O,-3.496,15,-0.23306666666666667
o1nc(C)c(c12)cc(c(c2)OC)N[NH+]3CCC(=O)CC3,-3.495,20,-0.17475000000000002
COc1ccc(cc1)S(=O)(=O)c2ccc(cc2)-c(ccc3)c(c34)[nH+]cn4C,-3.495,27,-0.12944444444444445
FC(F)(F)CS(=O)(=O)c(n1)n(c(c12)cccc2)CC3CCOCC3,-3.495,24,-0.145625
C1OCC[C@@H]1Oc(c(c2)OC)cc(c23)c(nc(n3)C)C(=O)N4CCS[C@@H](CC4)c5cccs5,-3.494,33,-0.10587878787878789
Cc1ccc(c(C)c1)NC(=O)c(cc2)cc(c23)N([C@H](C)C(=O)N3C)[C@H]4CCCC[NH2+]4,-3.494,30,-0.11646666666666668
c1ccccc1-n(nc2C)c(C)c2/C=N/N3CCN(CC3)[NH2+]C4CCCC4,-3.494,27,-0.12940740740740742
COC(=O)c1ccccc1S(=O)(=O)C(=O)c2ccc(cc2)-c3ccoc3,-3.494,26,-0.13438461538461538
c1cccc(c12)n(c(N)[nH+]2)N3CCC(CC3)c4nc(no4)-c5cccs5,-3.494,26,-0.13438461538461538
CC1CCN(CC1)N2CCN(CC2)C(=O)[C@@H](c3ccc(Cl)cc3)c4cccnc4,-3.493,29,-0.12044827586206897
CCCCCCCCCCCCC(=O)OC[C@@H](COP(=O)([O-])[O-])[NH+]1CCN(C)CC1,-3.492,30,-0.1164
C[NH2+]Cc1ccccc1Cc(cc2)cc(c23)COc4c(cccc4)C\3=C(/C)c5noc(=O)[nH]5,-3.492,33,-0.10581818181818181
CCCCCC[C@@H](C)NNNC(=O)c1cc(C(C)(C)N)cc(n1)-c2ccc(F)cc2,-3.49,30,-0.11633333333333334
OC[C@H]1O[C@H]([C@H](O)[C@@H]1O)N2CC[N+](CC2)=C(N3)CSc(c34)cccc4,-3.49,25,-0.1396
CN(C)CCN(CC1)CCC1n(nnc2C)c2-c3cccc(n3)Nc4ccc(F)cc4F,-3.49,32,-0.1090625
[NH2+]1CCCC[C@@H]1c2n(nnc2C)C3CCN(CC3)CCN(C)C,-3.49,23,-0.15173913043478263
CCCn(c1=O)c(=O)n(CCC)c(c12)nc([nH]2)CCC[NH2+]Cc3ccc(c(Cl)c3)-c4ccccc4,-3.49,35,-0.09971428571428571
Cc1c[nH+]cc(c1)C[C@H]2O[C@H]([C@H](O)[C@@H]2O)n(cn3)c(c34)ncnc4N,-3.49,25,-0.1396
C1CSCCN1c2ccc(cc2F)-c3ccc(cc3)OCC4CC4,-3.489,24,-0.145375
c1ccccc1[C@@H](C)N(C2=O)c3ccc(c(c3c24)ccc4)-c(ccc5)n(c56)nc([nH+]6)N,-3.489,31,-0.11254838709677419
COc1ccc(nn1)N2CC[NH+](CC2)[C@H](c3cccnc3)C(=O)NC4CCCCC4,-3.489,30,-0.1163
CCNC(=O)[C@H]1O[C@H]([C@H](O)[C@@H]1O)c2ccc(cc2)CNC,-3.488,21,-0.1660952380952381
c1nccn1C[C@@H](c2ccccc2)NC(=O)c3ccc(cc3)Nc4ccncc4,-3.488,29,-0.12027586206896551
COc1ccc(nn1)N2CC[NH+](CC2)[C@H](C)CC/C=C(/C)CCC=C(C)C,-3.488,27,-0.12918518518518518
n1ocnc1-c2ccc(cc2OCC)C(=O)N3CCC(CC3)[NH+]4CCN(C)CC4,-3.487,29,-0.12024137931034483
[NH3+]c1ccc(cc1)NCCC(=O)NC2CC2,-3.486,16,-0.217875
[nH]1nccc1Nc(c(C#N)c2)cc(n23)nc(c3)-c4ccccc4,-3.486,23,-0.15156521739130435
C1CCCCC1c(n2)nc(c23)n(c(=O)n(c3[O-])CCC)CCCNN4CCCC4=O,-3.486,30,-0.11620000000000001
COCCc1ccc(cc1Cl)CNCCCNC(=O)CC(=O)OC,-3.485,24,-0.14520833333333333
n1nc(C)n(c12)c3c(cccc3)C(c4ccccc4)=N[C@H]2NC(=O)N5CCN(CC5)CC[NH+](C)C,-3.485,35,-0.09957142857142857
O=C1CC=CN1c2cccc(c2)[C@@H](C3CC3)CS(=O)(=O)N4CCCC4,-3.485,25,-0.1394
COCCOCCOCCCCCCCCCCc1cccc(OC)c1C(=O)OC,-3.484,30,-0.11613333333333334
Cc1onc(C)c1-c(c(c2)OC)cc(c23)[nH]c4c3c(ncc4)-c5cc(nc(n5)N)NC6CC6,-3.484,33,-0.10557575757575757
C1CC1c([nH]2)[nH+]c(c23)cc(-c4c(C)onc4C)cc3-c(ncn5)c(c56)cc[nH]6,-3.484,28,-0.12442857142857143
NC(=O)CCNCc1ccc(c(Cl)c1)-c(cc2)cc(c23)occ3CC(=O)[O-],-3.483,27,-0.129
C[NH+](C)CCN(CC1)CCC1n(nnc2C)c2-c3cccc(n3)-c(cc4)nn(c45)c(C)c(n5)C,-3.482,34,-0.10241176470588235
O=C([O-])C(C)(C)Oc(cc1)ccc1CCc(cn2C)cc(c2=O)NC(=O)Nc3ccccc3F,-3.482,34,-0.10241176470588235
CCc(c1)nc(C)c(c12)c(c(C#N)c(=O)[nH]2)-c3ccc(cc3)CCOCCOCCOC,-3.481,32,-0.10878125
Cc1cccc(C)c1-c(c2)c(C(=O)N)cc(c23)[nH+]ccc3O[C@@H]4CCC[NH2+]C4,-3.48,28,-0.12428571428571429
COc1nc(N)nc(n1)NCCCNC(=O)OC(C)(C)C,-3.479,21,-0.16566666666666668
CN1CCN(CC1)c(c2)[n-]c3c(ccc(c3c24)n(C)c4O)-c5ccccc5OCCO,-3.479,31,-0.11222580645161291
o1cccc1-c(cc2)cc(c23)[C@@H](C[C@H](C)N3C(=O)C)N[NH2+]C4CCN(CC4)c5ccccn5,-3.479,33,-0.10542424242424242
C1CC1c(n2)cccc2[C@H](CC)C[C@](O)(Cn3cncn3)c4ccc(F)cc4F,-3.479,29,-0.11996551724137931
Cc1cc(C)c(c(C)c1)-c(cc2)cc(c23)OC(C)(C)C(=O)N3,-3.478,22,-0.1580909090909091
Nc(n1)cc(C)c(c12)ccc(c2)-c3ccc(c(c3)C[NH3+])NCCCNC(=O)c4ccc(=O)n(C)c4,-3.477,35,-0.09934285714285714
CN1CCN(CC1)CCCC2CCOCC2,-3.476,16,-0.21725
CCCCCC[C@@H](C)[NH2+]Cc1c(C)nn(C)c1C,-3.476,18,-0.19311111111111112
O=c1n(C)cc(cc1C)-c(cc2)cc(c23)n(c([nH+]3)C4CCOCC4)CC[C@@H]5CC[N@@H+](C5)CCN(C)C,-3.476,36,-0.09655555555555556
C1CC1Nc(nc2N)cc([nH+]2)N3CCN(CC3)N[C@H](CCC4)c(c45)cnn5-c6ccccc6F,-3.476,34,-0.10223529411764706
c1cc(C(F)(F)F)cc(c12)n(CC)c([nH+]2)[C@@H](C)NS(=O)(=O)c3ccc(Cl)cc3,-3.474,28,-0.12407142857142858
N#Cc1ccc(cc1C)Oc2ccc(cc2)CC(=O)c3c(C)nnn3[C@@H]4CC[N@H+](CC4)CC[NH+](C)C,-3.474,36,-0.0965
C1=CN(C)C(=O)[C@H](C)c(c12)ccc(c2)OCCCCCc3cc(nc(n3)N)NC4CC4,-3.474,31,-0.11206451612903226
C[C@@H](O)COCC(CO)(COC[C@@H](C)O)C[C@@H]1CCN(C1)CC[NH+](C)C,-3.474,26,-0.13361538461538464
C1CC1Oc2ccc(cc2OC)C(=O)NNC(=O)c3cc(C(C)(C)N)cc(n3)C(=O)C4CC4,-3.474,33,-0.10527272727272728
NCc1ccc(cc1)NCCC(F)(F)F,-3.473,15,-0.2315333333333333
Cc1[nH]ncc1[C@H](CC2)c(c3n(c24)c(nn4)C)cc(cc3)-c5cnn(C)c5,-3.473,27,-0.12862962962962962
C1COCC[NH+]1[C@@H](C)Cc2nccc(n2)-c3c(-c4ccc(F)cc4)ncn3C5CC[NH2+]CC5,-3.473,33,-0.10524242424242423
n1ccccc1C(C)(c2ccccn2)n(c[nH+]3)c(c34)nc[n-]c4=O,-3.473,24,-0.14470833333333333
Cc1onc(C)c1-c(c(c2)OC)cc(c23)[nH]c4c3c(ncc4)CC(=O)N,-3.472,26,-0.13353846153846155
C/C=C/CCCCCCCC(=O)O[C@H](COP(=O)([O-])O)Cc1cc(Cl)cc(c1Cl)C[NH3+],-3.472,31,-0.112
Cc1noc(C)c1-c(c2)cc([C@H]3C[C@@H](C#N)C3)c(c24)[nH]c([nH+]4)C5CC5,-3.471,25,-0.13884
O=C([O-])c1ccccc1NC(=O)c2ccc(N3CCCOC3=O)c(c2)Oc4ccccc4,-3.47,32,-0.1084375
Cc1cc(n[nH]1)[C@@H](C)Nc2ccccc2C(=O)c3ccccc3,-3.47,23,-0.1508695652173913
CC(=O)NCCC(=O)N1[C@@H](C)C[C@@H](Nc2ccc(C#N)cc2)c(c13)cc(cc3)-c4ccn[nH]4,-3.47,33,-0.10515151515151516
CS(=O)(=O)[N-]c1ccc(cc1)[C@H]2CCC(=O)NC2=O,-3.469,19,-0.18257894736842104
O=C([O-])C[C@H](C)CCCOc1ccccc1Cc([nH]2)c(C#N)c(=O)c(c23)cncc3,-3.468,30,-0.1156
COC1=C(OC)C(=O)C(=C(C)C1=O)C/C=C(/C)CCCNNC(=O)c2ccc(c(c2)OC)OC3CC3,-3.467,36,-0.09630555555555556
CCCCCCCCC[C@@H](OC(=O)CCCC)COP(=O)([O-])OCC[N+](C)(C)C,-3.467,29,-0.11955172413793104
OCCOc1c(C)cc(cc1C)S(=O)(=O)c2cc(Br)ccc2Br,-3.467,23,-0.15073913043478263
O=C1NC(=O)[C@H](S1)Cc2ccc(cc2)-c3cccc(c3)[N-]S(=O)(=O)c4ccc(F)c(Cl)c4,-3.467,32,-0.10834375
CC(C)(C)OC(=O)NCCC[NH2+]NCc1ccc(cc1C(F)(F)F)NS(=O)(=O)C2CC2,-3.466,31,-0.11180645161290323
CC[C@](C)(C(=O)[O-])[C@@H]1N(C)C(=O)Nc(c12)ccc(c2)-c3c(C)noc3C,-3.466,26,-0.13330769230769232
CNCc1ccccc1C(=O)C2CCCCC2,-3.465,17,-0.2038235294117647
COC(=O)N(CC1)CCC12CN(C2)c3[nH+]c(N4CCC[C@H]4C=O)nc(c3C)-c5c(C)noc5C,-3.465,34,-0.10191176470588235
c1cc(F)ccc1CC(=O)N2CCN(CC2)C(c3ccccc3)c4ccccc4,-3.465,29,-0.11948275862068965
CNC[C@@H](O)COc1ccc(Cl)c(c1)-c2cc(F)cc(Cl)c2,-3.463,22,-0.15740909090909092
C[C@H]1CC[C@@H](CC1)C[NH+](CC2)CCC23Oc4c(O3)cccc4,-3.462,22,-0.15736363636363637
n1ccccc1N(C)CCc(cc2)c(C(F)F)c(c23)[C@@H]([O-])C(F)(F)S3(=O)=O,-3.462,27,-0.12822222222222224
O=C([O-])C[NH2+][C@H](C)c1[nH]cnn1,-3.461,12,-0.28841666666666665
C=CC[C@H](C)C(=O)[O-],-3.461,8,-0.432625
COc1cc(OC)cc(c12)nc([nH]c2=O)-c3[nH]nc(n3)-c4ccc(F)cc4,-3.46,27,-0.12814814814814815
CCn(cn1)c(c12)c(=O)[nH]c(=O)n2-c3nc(ncc3Cl)Nc4ccc(cc4)[NH+]5CCN(C)CC5,-3.46,34,-0.10176470588235294
Cc1c(=O)n(C)ncc1-c(ncc2C)nc2Nc3ccc(Cl)c(c3)NS(=O)(=O)C(C)(C)C,-3.459,32,-0.10809375
c1cc(C)cc(c12)[nH]c(n2)CCc3c[nH]c(n3)C4CCCC4,-3.459,22,-0.15722727272727274
COc1ccc(cc1)Cn2nnc(n2)-c3cccc(c3)C(=O)N4[C@@H](C)Cn(c45)c6c(n5)cccc6,-3.459,35,-0.09882857142857143
CC(C)CCNC(=O)CCCC[C@@H]1CCSS1,-3.458,17,-0.20341176470588238
c1cc(F)cc(c12)c(C(=O)[N-]S(=O)(=O)C)c(N)c(n2)-c3ccc(cc3)N4CC=CC4=O,-3.458,31,-0.1115483870967742
C[NH+](C)CCC[NH+]1CCN(CC1)C(=O)CC2(CC(=O)[O-])CCCC2,-3.458,24,-0.14408333333333334
c1cc(Cl)cc(c12)[nH+]c([nH]2)CCCCC[NH2+]Cc3cccnc3,-3.457,23,-0.15030434782608695
COc1ccc(c(C)c1)N[NH2+]CCO,-3.457,14,-0.24692857142857141
O[C@@H]1CCN([C@@H]12)C(=O)N(C2=O)c3cccc(c3)[N-]S(=O)(=O)c4cccs4,-3.457,26,-0.13296153846153846
c1cc(Cl)ccc1Cn(c(n2)-c(cnc3)c(c34)cccc4)c(c25)c(nc(n5)C(=O)[O-])N[C@H](C)C6CC6,-3.457,36,-0.09602777777777777
C[NH+](C)CCCc1ccc(cc1Cl)CNCCc2cnc[nH]2,-3.455,22,-0.15704545454545454
N#Cc(cc1)cc(c12)cc(F)cc2Oc3ccccc3C(=O)N4CCNC(=O)C4,-3.454,29,-0.11910344827586207
Cc1c(C#N)cccc1[C@@H](C)c(c2)c(C(=O)N)cc(c23)nccc3O[C@@H]4CCC[NH2+]C4,-3.454,31,-0.11141935483870968
Cc(c1)c(C)cc(c12)sc(n2)CNCC(=CC3=O)N=C([N+]3=4)C=C(N4)C5CCOCC5,-3.454,30,-0.11513333333333334
c1ccccc1C(=O)c2ccccc2[C@@H](C3CC3)CS(=O)(=O)N4CCCC4,-3.453,27,-0.12788888888888889
C=CC1=C(C)/C(NC1=O)=C/c2[nH]c(c(c2C)CCC(=O)[O-])Cc(cc(C)c3)c(c34)oc(n4)N,-3.453,33,-0.10463636363636364
COCCOC(=O)C1=C(C)NC(C)=C(C(=O)c2cnc[nH]2)[C@H]1c3cccc([N+](=O)[O-])c3,-3.452,31,-0.11135483870967741
COc1ccc(nn1)C(=O)c(cc2)cc(c23)N([C@H](C)C(=O)N3C)C4CCCC4,-3.452,28,-0.12328571428571429
[NH3+]CCNCCOc1ccc(cc1)C2CCN(CC2)c(cc3)nn(c34)c(Cl)nn4,-3.451,29,-0.11900000000000001
C[C@H]1COCCN1c(nc2)cc(c23)n([C@@H](C)COC)c(n3)-c4n[nH]cc4-c5ccncc5,-3.451,32,-0.10784375
CCCCCCCCCCCCC(=O)OC[C@@H](COP(=O)([O-])[O-])CCc1ccc(cn1)CC,-3.451,33,-0.10457575757575757
CC(C)CCNS(=O)(=O)c1ccc(cc1)Nc(cc2)cc(c23)OC(C)(C)C(=O)N3,-3.451,29,-0.11900000000000001
N#Cc1c(N)nc(SCC(=O)N)c(C#N)c1-c2ccc(cc2)[C@H](c3ccccc3)C4CCOCC4,-3.45,35,-0.09857142857142857
Cc1cc(n[nH]1)[C@@H](C)NCC#Cc2ccc(cc2)S(=O)(=O)NCCC(F)(F)F,-3.449,28,-0.12317857142857143
CN1CCN(CC1)CCNc2ccc(cn2)S(=O)(=O)c3ccc(Cl)cc3,-3.449,26,-0.13265384615384615
Cn(c1)c(=O)ccc1-c(cn2C)c(n2)C[N@H+](CCO3)[C@@H]([C@H]34)CCC4,-3.449,24,-0.14370833333333333
c1ccccc1[C@@H](C)[NH2+][C@@H](Cn2cc[nH+]c2)c3ccccc3,-3.448,22,-0.15672727272727272
O=c1ccc(cn1C)C(=O)NCCCNC(=O)CC[NH2+]Cc2ccc(c(Cl)c2)-c3ccccc3,-3.447,34,-0.10138235294117648
C[N@@H+]1CC[C@@H](C1)NCCCNC(=O)c2ccc(F)cc2,-3.447,20,-0.17235
COC(=O)CC(=O)NCCC[NH2+]Cc1ccc(c(Cl)c1)C(=O)[C@H](O)[C@H](C)N,-3.447,27,-0.12766666666666668
O=c1n(C)ncc(c1C)-n2ncc(Cl)c2C(=O)Nc(cc3)cc(c34)nc([nH]4)-c5ccccc5,-3.446,33,-0.10442424242424243
O=S(=O)Oc(cc1)ccc1-c2c(ncn2CC#C)-c3csc(n3)[N-]/N=C/c4ccccc4C=O,-3.445,34,-0.1013235294117647
O=C([O-])Cc(co1)c(c12)ccc(c2)-c(cc3)cc(c34)O[C@@H](C(=O)N4)CC5CC5,-3.443,28,-0.12296428571428572
CN1CCN(CC1)c(cc2)cc(c23)n(c(n3)CC[NH2+]CCO)Cc4ccccc4,-3.442,29,-0.1186896551724138
CC(C)CNCC(=O)C(=O)c1c(cnn1C)C(=O)N2CCOCC2,-3.442,24,-0.14341666666666666
COc1ccc(cc1)S(=O)(=O)[N-]c(c2)c(OC)cc(c23)onc3C,-3.442,24,-0.14341666666666666
OCCOCCOCCOCCOCCOCCNCc1ccccn1,-3.442,26,-0.13238461538461538
Fc1cc(F)ccc1Oc(ncc2CS(=O)(=O)CC)c(c2)CC[NH+]3CCN(C)CC3,-3.441,30,-0.1147
n1cccc(c12)c(c(C)cc2)-c(c(c34)cn[nH]c4=O)ncc3-c5ccc(C[NH+](C)C)nc5C,-3.44,33,-0.10424242424242425
Cn1cccc1CCSP(=O)([O-])OP(=O)([O-])O,-3.438,17,-0.20223529411764707
s1cncc1[N-]S(=O)(=O)c2cc(Br)ccc2Br,-3.438,17,-0.20223529411764707
[NH3+]CCCCCCCCCC(=O)c(cc(n1)N)c(c12)ccc(Br)c2[O-],-3.438,25,-0.13752
Cc1ncsc1-c2ccc(cc2)CNn(nn3)c(c34)[C@@](C)(O)CC[C@H]4OC(=O)NC(C)C,-3.438,32,-0.1074375
CC(C)=CCC[C@H](C)C(=O)c1cc(=O)[nH]c(=O)[nH]1,-3.438,18,-0.191
OCc1ccc(F)c(c1)-c2c(F)cc(cc2F)CCc3c[nH]cn3,-3.437,24,-0.14320833333333333
O=[N+]([O-])c1ccc(cc1)C[N@H+]2CC[C@@H](CC2)Cc(cc[nH+]3)c(c34)cccc4,-3.437,27,-0.1272962962962963
C[NH+](C)CC[N@H+]1CC[C@H](C1)NS(=O)(=O)C,-3.437,15,-0.22913333333333333
O=S(=O)Oc(cc1)ccc1C(=O)c2cc(c[n-]2)C(=O)c3c(Cl)cccc3Cl,-3.436,27,-0.12725925925925927
NC(=O)CCNCc1ccc(c(Cl)c1)-c2ccccc2OCCCC(=O)[O-],-3.435,27,-0.12722222222222224
Cc1c(C)c(O)c(C)c(c12)CC[C@](O2)(C)C[NH+]3CCN(C(C)C)CC3,-3.433,25,-0.13732
CC(C)[C@H](CO)CCc1ccc(cc1)OC(C)(C)C(=O)[O-],-3.433,21,-0.16347619047619047
CC/C=C/C/C=C/C/C=C/CCc(ncn1)c(c12)cc[nH]2,-3.433,21,-0.16347619047619047
n1nc(C)n(c12)nc(cc2)-c3cnn(C)c3N4CC[NH+](C)CC4,-3.433,23,-0.1492608695652174
CCc1c(C)nc(N)nc1-c2ccc(cc2)S(=O)(=O)NCCC(C)C,-3.433,25,-0.13732
[nH]1nccc1-c(cc2)cc(c23)[C@@H](C[C@H](C)N3C(=O)C)[NH+]4CCN(CC4)c5cccc(C)c5,-3.432,32,-0.10725
c1nccn(c12)c(NC(C)(C)C)c(n2)-c3ccc(cc3)-c4c[nH]c[nH+]4,-3.432,25,-0.13727999999999999
CCC(CC)Nc1cc(C)nc(c1C)-c2csc(=O)[nH]2,-3.431,20,-0.17155
c1ncc(C)c(c12)c(ccc2)S(=O)(=O)c(ncn3CC#C)c3-c4ccc(OS(=O)=O)cc4,-3.431,32,-0.10721875
C1CCCC1n(c(c2)C(=O)N(C)C)c(c23)nc(nc3)-c(cn(C)c4=O)c(c45)oc(c5)-c6c[nH]cn6,-3.431,35,-0.09802857142857142
CC(C)(C)c(cc1)ccc1N(C(=O)CC)[C@H](c2cccnc2)C(=O)NCCC(=O)c3c[nH]nc3C,-3.431,35,-0.09802857142857142
O=C1CCCC(=O)C1=C([O-])c(cc2)c(C)c(c23)c(=O)n(c(=O)n3C)-c4ccc(C[NH3+])cc4Cl,-3.43,33,-0.10393939393939394
C/C=C/CCCCCCCC(=O)N1CCCOC1=O,-3.429,19,-0.18047368421052631
CCS(=O)(=O)Cc1cnc(-c2cc(C)c(O)c(C)c2)c(c1)-c(cc3C)n(c34)cc[nH]c4=O,-3.428,32,-0.107125
COC1=C(OC)C(=O)C(=C(C)C1=O)C/C=C(\C)CC/C=C(\C)CCCc(cc[nH+]2)c(c23)[nH]c(n3)N,-3.426,35,-0.09788571428571428
O=c1n(C)ncc(c1C)-c(ccc2)c(c23)C(=O)N(C3=O)[C@H]4CCC(=O)NC4=O,-3.425,28,-0.12232142857142857
CCCCC(=O)OC[C@H](CO)[C@@H]1O[C@H](CO)[C@@H](O)[C@H]1O,-3.424,20,-0.1712
CC(C)(C)Oc1ccc(cc1Cl)C[NH2+]CCc([nH+]2)[nH]c(c23)cccc3,-3.424,25,-0.13696
Cc1cc(on1)CCCCCc2ccc(C)c(C)c2,-3.424,19,-0.18021052631578946
C1CC1C[C@H](C(=O)N2)Oc(c23)cc(cc3)-c4ccc(cc4)S(=O)(=O)CCO,-3.423,27,-0.12677777777777777
C1CC1Oc2ccc(cc2OC)C(=O)c3ccc(c(c3)CN)OCc4cncs4,-3.423,29,-0.11803448275862069
Cc1cc(C)cc(c1)-c(cc2)c3[n-]c(cc(c3c24)c(O)n4C)N5CCN(C)CC5,-3.422,29,-0.11800000000000001
C[NH+](C)CC[N@@H+](CC1)CC[C@H]1n(nnc2C)c2-c3cccc(n3)Nc4ccc(F)cc4F,-3.422,32,-0.1069375
CNc1ccnc([nH+]1)Nc(cc2)cc(c23)n(c(c3)C)[C@@H]4O[C@H](CO)[C@@H](O)[C@H]4O,-3.422,28,-0.12221428571428572
COc1ccc(cc1)Cn(nn2)c(c23)[C@](C)(O)CC[C@H]3OC(=O)CCc(n4)[nH]c(c45)ccc(Cl)c5,-3.422,35,-0.09777142857142858
C[NH+](C)CCCN(C)[C@H]1CCN(C1)c2cc(Br)ccc2Br,-3.422,21,-0.16295238095238096
O=C(O)c1c([O-])ccn(c1=O)-c2cnns2,-3.422,16,-0.213875
Cc1cc(C)cc(c1)-n(c2=O)c3sc(c4c3c(n25)ncn5)CN(CC4)CC6CCOCC6,-3.421,32,-0.10690625
Cn(n1)ccc1-c2ccc(cc2OC)C[NH2+]CCc([nH+]3)[nH]c(c34)cccc4,-3.421,27,-0.1267037037037037
CCS(=O)(=O)[N-]c1ccc(CC[NH3+])c(c1)-c(cn(C)c2=O)c(c23)oc(c3)-c4c[nH]c[nH+]4,-3.421,31,-0.11035483870967741
C[C@@H]1C(=O)N(C)CCN1S(=O)(=O)c2c(Cl)cc(cc2Cl)-c3ccc(nc3)N4CC[NH2+]CC4,-3.419,32,-0.10684375
FC(F)(F)C(=O)N[C@@H](C(C)(C)C)C(=O)NCC(=CC1=O)N=C([N+]1=2)C=C(N2)C3CCOCC3,-3.418,32,-0.1068125
C1CC1Oc2ccc(cc2OC)C(=O)NNC(=O)c3cc(C(C)(C)N)cc(n3)Nc4ccccc4,-3.418,35,-0.09765714285714286
o1nc(C)c(c12)cc(c(c2)OC)Nc(ccc3S(=O)(=O)C(F)(F)F)c(c34)CC(F)(F)[C@H]4O,-3.418,32,-0.1068125
CC(C)CCNS(=O)(=O)c1ccc(cc1)-n2ccc(=O)[nH]c2=O,-3.417,23,-0.14856521739130435
Cc([nH+]1)c(C)n(c12)c(C)c(cc2)CCc3nc(cn3C)-c(cc4)cc(c45)OC(C)(C)C(=O)N5,-3.417,33,-0.10354545454545454
COc1ccc(cc1OC)S(=O)(=O)C[C@H](O)[C@H](N)CO,-3.416,20,-0.1708
O=c1n(C)cc(cc1C)-c(n2)n(c(c23)ccc(Br)c3)-c4cc(Cl)c[nH]c4=O,-3.415,27,-0.12648148148148147
o1cccc1CN[C@H](C)c2ccc(cc2)-c3cc(F)cnc3Cl,-3.415,23,-0.14847826086956523
Fc1cnc(Cl)c(c1)-c2cccc(c2F)-c(ccn3)c(c34)nc[nH]4,-3.414,24,-0.14225000000000002
CN1CCN(CC1)c2ccc(cc2)Nc3ncc(Cl)c(n3)CC(C)(C)C,-3.414,26,-0.13130769230769232
Cc([nH+]1)c(C)n(c12)c(C)c(cc2)CCc3[nH+]c(cn3C)-c(cc4)cc(c45)OC(C)(C)C(=O)N5,-3.413,33,-0.10342424242424242
CCn1c(=O)nc(O)c(c12)[C@H](c3ccc(C)cc3)C(=C(C)N2)C(=O)Cc4ccc(F)cc4,-3.413,32,-0.10665625
OCC[NH2+]CCC(=O)c1cc(F)ccc1O,-3.413,16,-0.2133125
CC1(C)C(=O)NC(=O)N1c(cc2)cc(c23)nccc3,-3.412,19,-0.17957894736842106
c1ccccc1Oc2c(cnn2C)-c3ccc(c(c3)CN)OCc4cncs4,-3.411,28,-0.12182142857142857
CNc1cc(nc(n1)N)N2CCN(CC2)/C(C)=C/C(=O)c3ccccc3,-3.411,26,-0.1311923076923077
CC(=O)NC[C@H]1CN(C(=O)O1)c2ccc(c(F)c2)/C(O)=C\C(=O)C(=O)[O-],-3.41,26,-0.13115384615384615
CCS(=O)(=O)Nc1ccc(C(=O)C(F)(F)F)c(c1)-c(cn(C)c2=O)c(c23)oc(c3)-c4cnc[nH]4,-3.409,34,-0.10026470588235294
c1cc(C)cc(c12)nc([nH]2)CCN3CCN(CC3)C4COC4,-3.409,22,-0.15495454545454546
Cc1c(C)sc(c12)n3c(nnc3C)[C@H](CC(=O)C(=O)C)N=C2c4ccc(Cl)cc4,-3.408,29,-0.11751724137931034
C1CCCCC1C(=O)N[C@@H](C(C)C)C(=O)CCc2ccc(cc2)OC(C)(C)C(=O)[O-],-3.408,30,-0.11359999999999999
C1=CCCC=C1[C@@H](CCCO)c2ccccc2OCCO,-3.408,21,-0.16228571428571428
C[NH+](C)c1ccc(cc1)N(Cc2cc(Cl)cs2)N3CCC([N+](C)(C)C)CC3,-3.408,27,-0.1262222222222222
CC(=O)N[C@H]1CCN(C1)c2ccc(cc2F)C3=NO[C@@H](C3)C[NH2+]CCc([nH+]4)[nH]c(c45)cccc5,-3.407,34,-0.10020588235294117
c1cc(F)cc(c12)c(N[C@H](C)C(=O)[O-])c(C#N)c(n2)C(=O)N3CCNC(=O)C3,-3.407,28,-0.12167857142857143
FC(F)(F)CCNC(=O)c1ccc(cc1)Cc2ccco2,-3.407,21,-0.16223809523809524
CCN(C1=O)c2ccc(c(c2c13)ccc3)S(=O)(=O)c(cc4)cc(c45)nc(N)cc5C,-3.406,30,-0.11353333333333333
O=C([O-])Cc1c[nH]c(n1)C2CCCC2,-3.406,14,-0.2432857142857143
OCCOc1ccccc1N2CC[NH+](CC2)N3CCC[C@@H]3CO,-3.406,23,-0.14808695652173914
Cc1cc(C)c(c(C)c1)-c2ccc(cc2Cl)C[NH2+]CCc3ncc[nH]3,-3.406,25,-0.13624
CCOCC1CC1,-3.405,7,-0.4864285714285714
CC[C@@H]([C@H](C)O)c1ccc(cc1OCC)C(=O)N2CCC(CC2)N3CC[NH+](C)CC3,-3.405,30,-0.11349999999999999
CCc1c(C)nc(N)[nH+]c1N[C@@H](Cn2ccnc2)c3ccccc3,-3.405,24,-0.141875
C1CC1c([nH+]2)cccc2[C@H](CC)CCN3CCN(C)C(=O)[C@H]3C,-3.403,23,-0.14795652173913043
C[C@H]1CC[C@@H](CC1)C[N@H+]2CC[C@@H](CC2)c3nc(no3)-c4cccs4,-3.403,24,-0.14179166666666668
c1sccc1Cc(ccc2)c(c23)c(C)c(o3)C(=O)c4nccn4C,-3.402,24,-0.14175000000000001
C[NH+](C)CC[N@@H+]1CC[C@H](C1)c(n2)n(Cc3ccccc3)c(c24)cc(cc4)N5CC[NH+](C)CC5,-3.401,33,-0.10306060606060606
Cc1noc(C)c1-c2ccc(cc2)-c(cc3)cc(c34)N(C5CC5)[C@@H](C)C(=O)N4C,-3.401,29,-0.11727586206896551
O=C([O-])c1ccc(cc1OC)Nc(cc2)cc(c23)C=CN(C)C(=O)[C@@H]3C,-3.4,26,-0.13076923076923078
c1ccc(C)c(c12)[nH]c(n2)CCNCc3ccc(c(Cl)c3)NCCCNC(=O)c4ccc(F)cc4,-3.399,35,-0.09711428571428571
N#C[C@H]1C[C@H](C1)c2ccc(cc2Cl)CNCCc3ccc[nH]3,-3.399,22,-0.1545
CCCCCCCC(=O)CC(=O)SCCNc(nc(C)[nH+]1)c(c12)cccc2,-3.399,27,-0.12588888888888888
c1cc(Br)c(O)c(c12)nc(N)cc2Nc(cc3)cc(c34)c(c[nH]4)C5CC[NH2+]CC5,-3.398,29,-0.11717241379310345
O1CCC[C@@H]1CO[C@H](C[C@H](C)N2C(=O)C)c(c23)cc(cc3)-c4n[nH]cc4,-3.398,26,-0.1306923076923077
CC(=O)N1CCC(CC1)CC(=O)[C@H](CO)NC(=O)CCCCCCCCCO,-3.397,28,-0.12132142857142857
COc1cccc(c1)OCC(=O)c2ccc(cc2Cl)CNCCc([nH+]3)[nH]c(c34)cccc4OC,-3.397,34,-0.09991176470588235
c1ccccc1C[C@@H](NC(=O)[C@H](O)[C@H](C)N)CCc(cc(n2)N)c(c23)ccc(Br)c3O,-3.397,31,-0.10958064516129032
CCCCCCCC(=O)CC(=O)SCCNn(cc1)c(=O)n(c12)cc[nH+]2,-3.396,26,-0.1306153846153846
Cc([nH+]1)c(C)n(c12)c(C)c(cc2)CCc3[nH+]c(cn3C)N4CCN(C)CC4,-3.396,27,-0.12577777777777777
CO/C([O-])=C/C(=O)c(cn(C)c1=O)c(c12)oc(c2)-c3c[nH+]c([nH]3)C4CCC4,-3.396,27,-0.12577777777777777
C1COCC[N+]1=c(o2)cc(O)c(c23)scc3-c4cccc(c4F)-c(ccn5)c(c56)nc[nH]6,-3.396,32,-0.106125
CC[C@@](C)(C(=O)[O-])CC[N@@H+](C)[C@H]1CCCCN1,-3.396,17,-0.19976470588235293
c1cc(C)cc(c12)[nH]c(n2)CCc3cc([nH+]c(n3)N)N4CCN(CC4)C5COC5,-3.396,29,-0.11710344827586207
CCCCCCC/C=C/CCCCCCCCC(=O)N1CCN(CC1)C(=O)c2cc(=O)[nH]c(=O)[n-]2,-3.395,35,-0.097
CCOC(=O)c1csc(n1)-c(cc2)cc(c23)c(OC)cc[nH+]3,-3.393,22,-0.1542272727272727
CCn1c(=O)[n-]c(=O)c(c12)[C@H](c3ccc(C)cc3)C(=C(C)N2)C(=O)c(cc4C)n(c45)cc[nH]c5=O,-3.392,35,-0.09691428571428572
c1ccccc1CN2CC[NH+](CC2)CCc3ccc[nH]3,-3.392,20,-0.1696
O=c1n(C)cc(cc1C)-c(cc2)cc(c23)n(c(n3)C4CCOCC4)CC[C@@H]5CC[N@@H+](C5)CCN(C)C,-3.392,36,-0.09422222222222222
OC1CCN(CC1)Cc2ccccc2F,-3.392,15,-0.22613333333333333
C1C[C@H](C)CC[C@@H]1C(=O)N[C@@H](CCSC)C(=O)N2CCN(CC2)c3ccccc3OCCO,-3.391,33,-0.10275757575757576
O=C([O-])CCC(\C)=C/Cc(cc1=O)oc(c12)c(c(O)cc2O)[C@H]3CCN(C)C[C@H]3O,-3.391,30,-0.11303333333333333
COc1nc(N(C)C)ncc1CCOCCOCCO,-3.39,20,-0.1695
C[NH2+]Cc1ccc(cc1)-c(cc2)cc(c23)[C@@H](C[C@H](C)N3C(=O)C)[NH2+]CCCNS(=O)(=O)C,-3.39,32,-0.1059375
CC(C)(C)OC(=O)NCCCN[NH2+]Cc1ccc(cc1C(F)(F)F)NS(=O)(=O)C2CC2,-3.39,31,-0.10935483870967742
c1ccc(Cl)c(c12)cc([nH]2)C[NH2+][C@@H](Cn3cc[nH+]c3)c4ccccc4,-3.39,25,-0.1356
CC1(C)C(=O)[N-]C(=O)N1S(=O)(=O)c2cc(Br)ccc2Br,-3.39,20,-0.1695
n1nc(C)n(c12)c3c(N(C(C)(C)C(=O)[O-])C[C@H]2C)cc(cc3)-c4ccc(N)nc4,-3.39,29,-0.11689655172413793
c1nccn(c12)c(NC(C)(C)C)c(n2)-c3ccc(cc3)-c4c[nH]cn4,-3.388,25,-0.13552
CC/C=C/CCc1cccc[nH+]1,-3.387,12,-0.28225
C/C=C/CCCCCCCC(=O)CCNc1ccc(cn1)S(=O)(=O)Nc2c(C)nn(C)c2C,-3.387,33,-0.10263636363636364
O=[N+]([O-])c1cc(S(=O)(=O)C(F)(F)F)ccc1S(=O)(=O)c2cccc(Br)c2,-3.387,26,-0.13026923076923078
C1C[C@@H](C)CC[C@@H]1[C@@H](C)CCC[C@@H](C)CC(=O)[O-],-3.387,18,-0.18816666666666668
CNCc1ccccc1C(=O)c2[nH]cc(c2C)C3(CC3)c4ccc(C(F)(F)F)nc4,-3.386,30,-0.11286666666666667
CNCc1ccccc1C[C@@H]2CC(=NO2)c3ccc(c(F)c3)N4CC[C@@H](C4)NC(=O)C,-3.386,31,-0.10922580645161291
NCc1ccc(c(Cl)c1)C(=O)c2csc(n2)N3CC[N+](CC3)=C(N4)CSc(c45)cccc5,-3.386,32,-0.1058125
C/C=C/CCCCCCCC(=O)O[C@H](COP(=O)([O-])[O-])COC(=O)Cc1ccccc1,-3.384,31,-0.10916129032258064
O=C([O-])C(C)(C)Oc1c(C)cc(cc1C)CCCc([nH+]2)[nH]c(c23)cccc3,-3.384,27,-0.12533333333333332
N[C@H]1CCC[N@H+](C1)Cc2cccc(c2)Oc3ccccc3,-3.384,21,-0.16114285714285714
O=C([O-])c1ccc(cc1)CN2CCC2,-3.383,14,-0.24164285714285713
CCOc1ccccc1-c2ccc(CN(C)C)nc2C,-3.383,20,-0.16915
n1nc(C)n(c12)cc(cc2)-c3cc[nH+]c(N)c3,-3.383,17,-0.199
Cc1[nH+]n(C)c(C)c1CCc2ccc(cc2)-c3cccc(F)n3,-3.383,23,-0.14708695652173914
COc1ncc(c(n1)OC)-c(n2)n(c(c23)ccc(Br)c3)C[C@@H]4CCCN(C4)C(=O)C,-3.383,30,-0.11276666666666667
C=CCOCCOCCOCCOCCOCCOCCO,-3.382,22,-0.15372727272727274
Fc1ccccc1-c2cn(C)c(=O)c(c23)C/C(O3)=c4\cnc([nH]4)=C5CCC5,-3.382,27,-0.12525925925925926
CS(=O)(=O)NCCCNCc1ccc(c(Cl)c1)C2CC[NH2+]CC2,-3.382,23,-0.14704347826086958
OCCN[NH2+]CCCc1cccc(c1)Oc2ccccc2,-3.381,21,-0.16099999999999998
CC(C)(C)c1ccccc1-c2ccc(S(=O)(=O)C(F)F)c(c2Br)CO,-3.381,25,-0.13524
CCCNC(=O)c1c(cnn1C)C(=O)c2ccc(cc2C[NH3+])-c(cc3)cc(c34)nc(N)cc4C,-3.381,34,-0.09944117647058823
Cc1cc[nH+]c(c1)CCCCCCCSP(=O)([O-])OP(=O)([O-])O,-3.38,23,-0.14695652173913043
n1cccnc1-c(cc2)ccc2C(=O)c3ccc(cc3Cl)C[NH2+]CCc4[nH+]cc[nH]4,-3.38,30,-0.11266666666666666
Cc1cc(N)nc(c1)CCCCCCCc2ccc(cc2)OC(C)(C)C(=O)[O-],-3.38,28,-0.1207142857142857
OC[C@@H](O)COC(=O)CCCCCCCCC(=O)c1ccc(cc1)-c2ccoc2,-3.378,29,-0.11648275862068966
COCCCNc(c1CC)nc(N)nc1NC2CC2,-3.378,19,-0.17778947368421052
CC(C)NC(=O)O[C@H](CC)c1cc(no1)-c2ccc(cc2)OC(C)(C)C(=O)[O-],-3.378,28,-0.12064285714285715
C1CCCC1n(c(c2)C(=O)N(C)C)c(c23)nc(nc3)-c(cn(C)c4=O)c(c45)oc(c5)-c6cnc[nH]6,-3.378,35,-0.09651428571428572
CCc(c1)nc(C)c(c12)c(c(C#N)c(=O)[nH]2)-c3ccc(cc3)-n4cc(C)c(=O)[nH]c4=O,-3.378,31,-0.10896774193548388
O=C([O-])CCC[C@@H](O)/C=C/C=C/CCc1cnns1,-3.377,19,-0.17773684210526314
Cc1cc(N)[nH+]c(c1)CCCCCc2nnc([nH]2)-c3ccc(F)cc3,-3.376,25,-0.13504
O=C1CCCc(c12)n(c(c2)CC)-c(c3)ccc(O4)c3C(=O)C[C@@]45CC[N@H+](C(C)C)CC5,-3.374,31,-0.10883870967741936
C1CC1Nc(c2CC)nc(N)nc2-c3ccc(cc3)C[C@@H]4SC(=O)[N-]C4=O,-3.374,27,-0.12496296296296297
o1cccc1-c(cc2)cc(c23)[C@@H](C[C@H](C)N3C(=O)C)NNC4CCN(CC4)c5cccc[nH+]5,-3.373,33,-0.10221212121212121
C[C@@H]1CC[N@H+](CC1)CC2CCN(CC2)Cc3ccc([N+](=O)[O-])cc3,-3.373,24,-0.14054166666666668
C=CCc1noc(=O)[nH]1,-3.373,9,-0.3747777777777778
Cc1noc(C)c1-c2ccc(cc2)CNC(=O)c3cc(=O)[n-]c(=O)[nH]3,-3.372,25,-0.13488
Cc1cc(N)[nH+]c(c1)CCCCCc2[nH]nc(n2)-c3ccc(F)cc3,-3.372,25,-0.13488
C1CC1Nc(nc2N)cc([nH+]2)N3CCN(CC3)NC4CCCCC4,-3.372,24,-0.14049999999999999
Cn1ccnc1C(=O)c(o2)c(C)c(c23)c(ccc3)OCCCC(=O)COc4cccc(F)c4,-3.372,33,-0.10218181818181818
CN(C)CC[N@@H+]1CC[C@@H](CC1)C(=O)c2c(cnn2C)C(=O)N3CCOCC3,-3.371,27,-0.12485185185185185
C1CC1c([nH+]2)cccc2[C@H](CC)c3cn(C)c([nH+]3)COc(cc4)nn(c45)c(C)c(n5)C,-3.371,31,-0.10874193548387097
FC(F)(C1)[C@@H](O)c(c12)c(S(=O)(=O)C)sc2-c3ccc(Cl)c(C(F)(F)F)c3,-3.371,26,-0.12965384615384615
Cc1onc(C)c1-c(ccc2C)cc2S(=O)(=O)n(c(n3)SCCC(=O)[O-])c(c34)cccc4,-3.369,32,-0.10528125
CC[N@H+]1CC[C@@H](CC1)c(cc2)cc(c23)c(ccn3)OC,-3.369,20,-0.16845000000000002
C[C@@H]1C(=O)N(C)CCN1[C@H](C)c2ccc(s2)-c3ccccc3CO,-3.369,24,-0.140375
CNc1cc([nH+]c(n1)N)Nc2cc(OC)cc(c2)OC,-3.367,20,-0.16835
Cc([nH+]1)c(C)n(c12)c(C)c(cc2)CCc3[nH+]c(cn3C)-c([nH]4)nc(c45)cc(cc5C)N6CCOCC6,-3.366,36,-0.0935
O=C([O-])c1ccc(cc1)C[NH2+][C@H](Cc(c[nH]2)c(c23)cccc3)C(=O)Nc4ccncc4,-3.365,31,-0.1085483870967742
COCCCNOC(C)(C)C,-3.365,11,-0.3059090909090909
c1cc[nH+]c(c12)cc(NCCOC)cc2-c3c(C)noc3C,-3.365,22,-0.15295454545454545
o1cccc1-c(cc2)cc(c23)[C@@H](C[C@H](C)N3C(=O)C)NC(=O)N4CCC(CC4)[NH+]5CCN(C)CC5,-3.365,35,-0.09614285714285715
Cc1nc(CN(C)C)ccc1N2[C@@H](C)Cn(c23)c4c([nH+]3)cccc4,-3.365,24,-0.14020833333333335
CCc1c(C)nc(N)nc1N[C@@H](Cn2ccnc2)c3ccccc3,-3.365,24,-0.14020833333333335
CC(C)(C)S(=O)(=O)[N-]c1cc(ccc1Cl)-c2ncccn2,-3.364,21,-0.1601904761904762
C1OCC1[NH+](CC2)CCN2c(n3)cc(nc3N)/[NH+]=c(/cc4)cc(n45)[nH]c(c5)-c6ccccc6,-3.364,33,-0.10193939393939394
Cc1ccn(C)c(=O)c1-c2cnc(Cl)c(c2)-c3c(CC(C)C)nn(C)c3C,-3.364,27,-0.12459259259259259
c1cc(F)ccc1-c(c2)nc(cc2C(C)(C)N)C(=O)NCCCNC(=O)c3ccc(F)cc3,-3.363,33,-0.10190909090909091
OC1CCN(CC1)Cc(n[nH]2)c(c23)cccn3,-3.362,17,-0.19776470588235295
C1COCCN1c(c2)cc(C)c(c23)[nH]c(n3)-c4c[nH]nc4-c5cccc(C(F)(F)F)c5,-3.362,31,-0.10845161290322582
CN1CC[NH+](CC1)CCNc2ccc(cn2)S(=O)(=O)c3[nH]ncc3-c4ccncc4,-3.361,30,-0.11203333333333335
Cc1cc(ccn1)-n(nn2)c(c23)[C@@](C)(O)CC[C@H]3OC(=O)NC(C)C,-3.36,25,-0.1344
Cc1nn(C)c(C)c1[N-]S(=O)(=O)c2ccc(nc2)NCCc3ccn(n3)C,-3.359,27,-0.12440740740740741
CC1(C)C(=O)[N-]C(=O)N1C(=O)CCCC[C@@H]2CCSS2,-3.359,20,-0.16795
C=CC1=C(C)C(=O)N[C@@H]1C(=O)[C@H](C(C)C)NC(=O)C2CCCCC2,-3.359,24,-0.13995833333333332
n1cnc(n12)nc(C)cc2-c3cc(CS(=O)(=O)C)cnc3Oc4ccc(F)cc4F,-3.358,30,-0.11193333333333334
O=C1C=CCN1Cc2cc(on2)CCCCCOc3c(Cl)cc(cc3Cl)C4=[NH+]CCO4,-3.358,31,-0.10832258064516129
Cc1cc([nH]n1)[C@@H](C)NCCOc2ccc(cc2)C[C@@H]3SC(=O)[N-]C3=O,-3.356,26,-0.12907692307692306
Cc1cc(OC)cc(c12)c(c3c(n2)[nH]nc3C)Cn4ccc(O)c(C(=O)[O-])c4=O,-3.356,29,-0.11572413793103448
n1ccnn1-c(c(c2)OC)cc(c23)[nH]c4c3c(nc(n4)C)-c(ccn5)c(c56)cccc6,-3.356,31,-0.10825806451612903
C[C@@]1(O)CCC(=O)[C@@H](OC)[C@]1(O)[C@@]2(C)O[C@@H]2CCc(ccc3)n(c34)nc([nH+]4)N,-3.355,28,-0.11982142857142856
[NH3+]CCNCCc1cc[nH+]cc1,-3.355,12,-0.27958333333333335
Cc1ccc(cc1C)-c2ccc(cc2)[N-]S(=O)(=O)C,-3.355,19,-0.17657894736842106
O=C1NCCC[C@H]1C[C@@H]([C@@H](O)C(=O)N2CCC2)Nc3nc(cs3)-c4ccccc4,-3.354,29,-0.11565517241379311
C[NH+](C)CCN1CC[C@H](C1)c(ccc2)n(c23)nc([nH+]3)N,-3.353,20,-0.16765000000000002
CCCCCCCCCCCCO[C@H]1O[C@H](CO)[C@H]([C@H](O)[C@H]1O)/N=C2/NNCS2,-3.353,29,-0.11562068965517242
o1cccc1-c(cc2)cc(c23)[C@@H](C[C@H](C)N3C(=O)C)[NH2+]C/C=C/[C@H](O)CCCC(=O)[O-],-3.353,31,-0.10816129032258065
CC(=O)N1[C@@H](C)C[C@@H](NC(=O)OC(C)C)c(c12)cc(cc2)-c3cccc(c3)N[C@H]4CCN(C)C4,-3.353,34,-0.09861764705882353
c1cncc(c12)c([O-])c(C#N)c(n2)-c3ccc(cc3)-c4ccncc4F,-3.352,26,-0.12892307692307692
Cc1ccccc1CN(c2ccc(C#N)c(Cl)c2)[C@H]3CCN(C3)NCC4([NH3+])CCCCC4,-3.352,32,-0.10475
COc1ccc(cc1)Cn(nn2)c(c23)[C@@](C)(O)CC[C@H]3ON[C@@H](Cn4ccnc4)c5ccccc5,-3.352,35,-0.09577142857142856
C1CCCC1(CC(=O)[O-])CC(=O)CCOCCO,-3.351,18,-0.18616666666666667
CC(C)(C)S(=O)(=O)C[C@H](C1CC1)CCCCCc2cccc[nH+]2,-3.35,23,-0.14565217391304347
O=C[C@@H]1CCCN1C(=N2)CSc(c23)cccc3,-3.35,17,-0.19705882352941176
OCC[NH2+]CCc1[nH+]nc(C)c(c12)ccc(c2)N3CCNCC3,-3.349,23,-0.1456086956521739
O=c1n(C)cc(cc1C)-c(cc2)cc(c23)N(C4CC4)[C@@H](C)C(=O)N3C,-3.349,25,-0.13396
CC(=O)NCCCNCc1ccc(c(Cl)c1)-c2cn[nH]c2C,-3.349,22,-0.15222727272727274
CNc1cc(nc(n1)N)N2CC[N+](CC2)=C(C)CC(=O)c3ccccc3,-3.349,26,-0.12880769230769232
C1CC1c(n2)cccc2[C@H](CC)c3cn(C)c(n3)COc(cc4)nn(c45)c(C)c(n5)C,-3.348,31,-0.108
C[C@H](O)c1ccc(nc1)CCc2cc(nc(N)[nH+]2)N3CCN(CC3)C4COC4,-3.348,28,-0.11957142857142856
Cc1cc(on1)[C@@H](C(C)C)C(=O)N2C[C@H](O)C[C@H]2C(=O)OC[C@H]3CCCO3,-3.348,27,-0.124
O=C([O-])Cc(co1)c(c12)ccc(c2)-c3ccc(C(=O)[O-])cc3,-3.348,22,-0.15218181818181817
CCCCCCCCCCCS(=O)(=O)c(cc1)cc(c12)CN(C)C(=O)N2,-3.348,26,-0.12876923076923077
c1cc(F)cc(c12)c(N[C@H](C)C(=O)[O-])c(C#N)c(n2)Cc3ccc(c(Cl)c3)-c4ccccc4,-3.347,33,-0.10142424242424242
O=C([O-])Cc1coc(c12)cc(cc2)-c(cc3CN)ccc3OCc4cccnc4,-3.346,29,-0.1153793103448276
COc1nc(N(C)C)ncc1-c(cc2=O)oc(c23)c(cs3)-c(cc4)cc(c45)OCCO5,-3.346,31,-0.10793548387096774
FC(F)(F)Oc(c1)ccc(c12)n(c(C)[nH+]2)NC34C[C@H]5C[C@@H](C4)C[C@H](C5)C3,-3.346,26,-0.1286923076923077
[NH3+]CCN/C([O-])=C\C(=O)c1nccn1Cc2ccccc2,-3.345,21,-0.1592857142857143
Clc1c(F)ccc(Cl)c1[C@@H](C)Oc2cc(c[nH+]c2N)N[C@H]3CC[C@H](O)CC3,-3.344,27,-0.12385185185185185
C[N@H+]1CC[C@@H](CC1)c2ccc(cc2F)-n(c3=O)c4sc(CCCC5)c5c4c(n36)ncn6,-3.344,31,-0.10787096774193548
CCCn(c1=O)c(=O)n(CCC)c(c12)nc([nH]2)-c3ccc(cc3)-c4ncc[nH]4,-3.343,28,-0.11939285714285715
Cc1ccc(c(C)c1)NC(=O)c(cc2)cc(c23)N([C@H](C)C(=O)N3C)Cc4cccnc4,-3.343,31,-0.10783870967741935
c1ccccc1C(\[O-])=C/C(=O)c(on2)c(c23)cccc3,-3.342,20,-0.1671
c1ccccc1-c(cc2)ccc2O[C@H](C(=O)[O-])Cc3ccc(cc3)N4CCC[C@@H]4CO,-3.341,31,-0.1077741935483871
c1cc(F)cc(c12)c(N[C@H](C)C(=O)[O-])c(C#N)c(n2)[C@H](C)c3ccc(s3)-c(c[nH+]4)n(c45)CCC5,-3.341,34,-0.09826470588235295
CSc1ccc(cc1)C(=O)Nc2nc(cs2)C(=O)c3ccc(S(=O)=O)cc3,-3.339,27,-0.12366666666666666
Cc1nn(C)c(C)c1N(C)n(nn2)c(c23)ccc(Cl)c3Oc4cc(Cl)cc(c4Cl)C[NH3+],-3.338,31,-0.10767741935483871
CN1C(=O)[C@@H](C)N(C2CC2)c(c13)cc(cc3)C(=O)c4ccc(S(=O)(=O)N)cc4,-3.338,28,-0.11921428571428572
O=C1[N-]C(=O)N(C1(C)C)n(nc2C)c(C)c2/C=N/N3CCN(CC3)Cc4ccccc4,-3.338,31,-0.10767741935483871
CN(C1)C(=O)Nc(c12)ccc(c2)NS(=O)(=O)c(c(c34)cccc4)ccc3OCC(=O)[O-],-3.338,31,-0.10767741935483871
Cc(n1)c(C)n(c12)nc(cc2)[C@@H]3CC[N@H+](CC3)CCN(C)C,-3.337,22,-0.1516818181818182
O1COc(c12)c(ccc2)C\N=C(\NC3=C)S[C@@H]3c(cc4C)n(c45)cnnc5O,-3.337,28,-0.11917857142857144
o1nccc1-n2ncc(Cl)c2C(=O)Nc(cc3)cc(c34)nc([nH]4)-c5ccccc5,-3.336,29,-0.11503448275862069
C=CC1=C(C)/C(NC1=O)=C/c2[nH]c(c(c2C)CCC(=O)[O-])Cc3ccc(nc3)N4CC[NH2+]CC4,-3.336,34,-0.09811764705882353
COc1ccc(c(C)c1)NC(=O)[C@@H](c2cccnc2)N(c3cc(on3)C(C)(C)C)CC[NH2+]CCO,-3.336,35,-0.09531428571428571
O=C([O-])CNCc1ccc(cc1Cl)-c2ncon2,-3.336,18,-0.18533333333333332
CN(C1)C(=O)Nc(c12)ccc(c2)Nc3ccc(c(c3)CN)OCc4cccnc4,-3.335,29,-0.115
O=c([n-]1)onc1C(\C)=C/2c(cccc3)c3OCc(c24)cc(cc4)CN5CC[NH2+]CC5,-3.335,30,-0.11116666666666666
Cc1ncsc1-c2ccc(cc2)CNC(=O)[C@@H]3C[C@@H](O)CN3[NH2+]C4CCCCC4,-3.335,29,-0.115
Cc1nn(C)c(C)c1-c2ccc(cc2Cl)C[NH2+]CCc3[nH+]cc[nH]3,-3.334,24,-0.13891666666666666
c1ccccc1C(=O)c2ccccc2N[C@H](C(=O)[O-])Cc3ccc(cc3)Nc4ccncc4,-3.333,33,-0.101
C1COCCN1c([nH+]c(n2)N)cc2[C@H](C)c3ccc(s3)-c4ccccc4CO,-3.333,28,-0.11903571428571429
C[C@@H]1CNCCCN1CCc2[nH+]cc[nH]2,-3.333,15,-0.2222
C1CC1N2C(C)(C)C(=O)N(C)c(c23)ccc(c3)N[NH2+][C@H]4[C@@H]([C@@H]45)COC5,-3.331,25,-0.13324
CCN(C(=O)C1)c(c12)ccc(c2)Nc3ccc(cc3)OC(C)(C)C(=O)[O-],-3.331,26,-0.1281153846153846
CC(=O)N1CCC(CC1)C[NH2+]N2CCN(CC2)C(=O)CC3(CC(=O)[O-])CCCC3,-3.331,29,-0.11486206896551723
Cc(n1)c(C)n(c12)nc(cc2)[C@@H]3CC[N@H+](CC3)CC[NH+](C)C,-3.33,22,-0.15136363636363637
c1cccc(C2=O)c1C(=O)c(c23)n(nn3)-n(nc4C)c(C)c4/C=N/N5CCN(CC5)Cc6ccccc6,-3.33,37,-0.09
CC(C)(C)S(=O)(=O)C[C@H](C1CC1)C(=O)[C@H](C(C)C)NC(=O)C2CCCCC2,-3.33,27,-0.12333333333333334
c1cc(F)cc(c12)c(N[C@H](C)C(=O)[O-])c(C#N)c(n2)-c3ccc(C(F)(F)F)cc3,-3.33,29,-0.11482758620689655
OC[C@@H](O)COC(=O)CCCCCCCCCCOCCOCCOCCOCCO,-3.33,31,-0.10741935483870968
C1C[NH2+]CCN1c(nc2)ccc2-c(ncc3C)n3Cc4ccccc4OCCC[C@@H](C)CC(=O)[O-],-3.33,35,-0.09514285714285714
CCCCC/C=C/Cc1nnc([nH]1)-c2ccccc2,-3.329,19,-0.17521052631578948
O=C[C@@H]1CCCN1c2ccc(cc2Cl)CNCCc3c[nH+]c[nH]3,-3.329,23,-0.14473913043478262
COc(nn1)ccc1-c(c2CC)nc(N)[nH+]c2N3CCN(C)CC3,-3.329,24,-0.13870833333333335
CCOC(=O)CCNNc(cc1)cc(c12)n(nn2)C,-3.328,19,-0.1751578947368421
CN(C)CCN1CC[NH+](CC1)C2CC[NH2+]CC2,-3.328,17,-0.19576470588235292
Cc([nH+]1)c(C)n(c12)nc(cc2)-c3ccccc3OCCCC(=O)[O-],-3.327,24,-0.138625
O=C(N=1)N=c(c12)cc(cc2)-c(c(c34)ccs4)ccc3C[C@@H]5SC(=O)[N-]C5=O,-3.327,27,-0.12322222222222222
Cc1ccccc1CC(=O)c(c2CC)nc(N)[nH+]c2N3CCCCC3,-3.327,25,-0.13308
Cc1nn(C)c(C)c1Cc([nH+]2)[nH]c(c23)cc(cc3)NC(=O)c4c(Cl)cnn4CC(C)C,-3.326,31,-0.10729032258064516
C[C@H]1C[C@@H](C)CN(C1)Cc(n[nH]2)c(c23)cccn3,-3.326,18,-0.1847777777777778
C[NH+](C)CC[NH+]1CCN(CC1)Nc2ccc(Cl)cc2,-3.324,19,-0.17494736842105263
Clc(c1)c(F)ccc1S(=O)(=O)c(c2)c(ncc2CS(=O)(=O)C)Oc3ccc(F)cc3F,-3.324,31,-0.10722580645161289
Cc1nc(C[NH+](C)C)ccc1N2[C@@H](C)Cn(c23)c4c([nH+]3)cccc4,-3.324,24,-0.13849999999999998
c1cccc(c12)c(N[C@H](C)C3CC3)nc([nH+]2)Nc4cccc(C(=O)[O-])c4,-3.324,26,-0.12784615384615383
O=C([O-])CCC[C@@H](O)/C=C/C=C/CCc1ccc(cc1)C(=O)N[C@@H](Cn2ccnc2)c3ccccc3,-3.321,36,-0.09225
c1[nH+]ccn1C[C@@H]([NH2+]C(C)(C)CO)c2ccc(Cl)cc2Cl,-3.321,21,-0.15814285714285714
CC(C)(C)CCC(=O)c1ccccc1,-3.319,14,-0.23707142857142857
CC[NH+]1CCN(CC1)c2ccc(cc2Cl)CNCCc(n3)[nH]c(c34)cc(Cl)c(Cl)c4,-3.318,30,-0.1106
[NH3+]CCNc1cnc[nH]1,-3.318,9,-0.3686666666666667
COc(cc1)cc(c12)[nH+]c([nH]2)CCc(cn(C)c3=O)c(c34)oc(c4)-c5c[nH+]c([nH]5)C6CCC6,-3.317,33,-0.10051515151515152
C[NH+](C)CC[N@@H+]1CC[C@H](C1)n2cnc(-c3ccc(C(F)(F)F)cc3)c2-n(cc4)c(=O)n(c45)ccn5,-3.316,35,-0.09474285714285714
Cn1ccc(n1)-c2c(cccc3)c3[nH+]c(c24)CCCC4,-3.316,20,-0.1658
c1ccccc1C(=O)CC(\C)=[NH+]/[C@H](C(=O)[O-])Cc2ccc(cc2)OCCc3nc(oc3C)NCC[NH3+],-3.315,36,-0.09208333333333334
CC(O1)(C)C(=O)Nc(c12)ccc(c2)-c(sc3S(=O)(=O)C)c(c34)CCC(F)(F)[C@H]4O,-3.315,29,-0.1143103448275862
CNc1cc(nc(N)[nH+]1)-c2[nH]nc(C#N)c2C,-3.315,17,-0.195
Cc1ccc(cc1)-c(n[nH+]c2C)c(c23)cc(nc3)N4CCOCC4,-3.314,24,-0.13808333333333334
Cc1nn(C)c(C)c1CN(C)c2nc(N(C)CCC(=O)NC3CC3)[nH+]c(n2)N4CCC[C@H]4C=O,-3.314,34,-0.09747058823529411
C1COCCN1c(n2)cc(nc2N)-c(cc3)cc(c34)n(CCOC(F)(F)F)c([nH+]4)C5CCOCC5,-3.313,35,-0.09465714285714286
O=[N+]([O-])c1cc(S(=O)(=O)C(F)(F)F)ccc1[N-]O,-3.313,18,-0.18405555555555556
n1nc[nH]c1[C@@H](C)Nc2cnn(C)c2,-3.311,14,-0.2365
C#CCn1cnc(-c2cc[nH]n2)c1-c3ccc(OS(=O)=O)cc3,-3.311,23,-0.14395652173913043
C1C[NH+](C)CCN1c2nc(N)nc(c2CC)Cc3[nH+]c(cn3C)-c4ccccc4,-3.311,29,-0.11417241379310344
CS(=O)(=O)NCCCNCc1ccc(c(Cl)c1)-c2ccc(C#N)c(Cl)c2,-3.309,26,-0.12726923076923077
O=C1CCCc(c12)n(c(c2)CC)-n3nnc(c3C)S(=O)(=O)c4ccc(C(C)(C)C)cc4,-3.309,31,-0.10674193548387097
FC(F)(F)c(nc1)ccc1C2(CC2)c(c3C)c[nH]c3C(=O)c4ccc(cc4)[N-]S(=O)(=O)C,-3.309,32,-0.10340625
CC(=O)NCCCNCc1ccc(c(Cl)c1)-c(cn(C)c2=O)c(c23)oc(c3)-c4cnc[nH]4,-3.308,32,-0.103375
COC(=O)[C@H](C(C)(C)C)NC(=O)c(c(c12)cccc2)nn1C(=O)c3ccc(cc3)-c4ccco4,-3.308,34,-0.09729411764705882
CN(C1)C(=O)Nc(c12)ccc(c2)-n(c3=O)c(=O)n(C)c(c34)ccc(c4)C([O-])=C5C(=O)CCCC5=O,-3.307,35,-0.09448571428571428
CC(C)On(c(=O)n1C)c(=O)c(c12)c(C)c(cc2)C([O-])=C3C(=O)CCCC3=O,-3.307,28,-0.11810714285714285
CC(C)Cc1nc(cs1)-c([n-]c(=O)n2)c(c23)cccc3,-3.307,20,-0.16535
[nH]1ccc(c12)c(ncn2)C(=O)CCNCc3ccc(c(Cl)c3)-c4ccccc4,-3.306,28,-0.11807142857142858
c1cc(F)cc(c12)c(N[C@H](C)C(=O)[O-])c(C#N)c(n2)-c3ccc(cc3)-n4nccn4,-3.306,30,-0.1102
O=c1n(C)ncc(c1C)NCc2ccccc2[NH2+]CCC(C)C,-3.306,23,-0.14373913043478262
COc(nn1)n(c12)nc(cc2)N3CCC(CC3)c4ccc(cc4)NCCO,-3.306,27,-0.12244444444444445
c1cc(Cl)ccc1C(c(c23)cc(OC)cc2)=N[C@H](c4n3c(nn4)C)[C@@H](C)C(=O)N5CC[NH2+]CC5,-3.304,34,-0.0971764705882353
CC(C)[NH2+]c(c1)c(O)cc(c12)NC(=O)C(O2)(C)C,-3.303,18,-0.1835
FC(F)(F)Oc(cc1)ccc1C(N2)=NC(=O)C23CCN(CC3)N4CCOCC4,-3.303,28,-0.11796428571428572
Cn1c(=O)n(C)c(c12)cc(c(C)c2)S(=O)(=O)c(ccc3S(=O)(=O)C)c(c34)CC(F)(F)[C@H]4O,-3.302,32,-0.1031875
COc1ccc(cc1OC)N(CC(=O)NC(C(C)C)C(C)C)n2ccc(=O)[nH]c2=O,-3.302,30,-0.11006666666666667
C[C@H]1C[C@@H](C)CN(C1)c2ccc(C(=O)NC3=NNCS3)cc2Oc4ccccc4,-3.301,29,-0.11382758620689656
Cc([nH+]1)c(C)n(c12)c(C)c(cc2)CCc3nc(cn3C)-c4ccc(N)nc4,-3.301,27,-0.12225925925925926
CCN(C(=O)C1)c(c12)ccc(c2)[NH2+]C(C)(C)C,-3.3,17,-0.1941176470588235
n1csc(c12)cc(cc2)S(=O)(=O)[C@H](C)c3cccc(c3)-c4cn[nH]c4,-3.299,25,-0.13196
C[N+](C)(C)CCOP(=O)([O-])OC[C@H](OC(=O)CCCCC)Cc(c1)c(NC)cc(c12)onc2C,-3.299,34,-0.09702941176470588
CCCNC(=O)c1c(cnn1C)C(=O)c2ccc(cc2C[NH3+])-c(cc3)cc(c34)[nH+]c(N)cc4C,-3.296,34,-0.09694117647058823
Cc1noc(c12)nc(C)nc2-n3ccc(O)c(C(=O)[O-])c3=O,-3.296,22,-0.14981818181818182
c1ccccc1C(NCC(=O)[O-])c2ccccc2,-3.295,18,-0.18305555555555555
[nH]1cc[nH+]c1CCn(nn2)cc2-c(ccc3C(=O)CC)cc3NC(=O)c(cc4)nc(c45)cccc5,-3.294,35,-0.09411428571428572
O=C1NCCC[C@H]1C[C@@H]([C@@H](O)C(=O)N2CCC2)N[NH2+]C3CCCC3,-3.294,24,-0.13725
O=[N+]([O-])c1ccc(cc1)C[N@H+]2CC[C@@H](CC2)CN3CCOCC3,-3.293,23,-0.14317391304347826
C1CC1Nc(nc2N)cc([nH+]2)N3CCN(CC3)CCCNC(=O)c4ccc(S(=O)=O)cc4,-3.292,32,-0.102875
CC(C)=CCC[C@H](C)Nc1cc(C(=O)[O-])ccc1[N@H+]2CC[C@@H](CC2)N3CCCOC3=O,-3.292,31,-0.10619354838709677
o1nc(C)c(c12)cc(c([O-])c2)CCC[NH+]3CCOCC3,-3.292,20,-0.1646
c1nccc(c12)c(ccc2)S(=O)(=O)[C@H](C[C@H](C)N3C(=O)C)c(c34)cc(cc4)-c5cc[nH]n5,-3.291,32,-0.10284375
CCS(=O)(=O)c1ccc(cc1)OCC(=O)NCC[NH3+],-3.291,19,-0.17321052631578948
Nc([nH+]1)cc(C)c(c12)ccc(c2)-c(cn(C)c3=O)c(c34)O/C(C4)=c5\cnc([nH]5)=C6CCC6,-3.29,32,-0.1028125
CC(O1)(C)C(=O)Nc(c12)ccc(c2)C[C@@]3(O)CC[N@@H+](CC3)Cc4ccc(cc4Cl)-c5ncon5,-3.29,34,-0.09676470588235295
O=S1(=O)C(F)(F)[C@H]([O-])c(c12)c(C(F)F)c(cc2)-n3cncn3,-3.289,22,-0.1495
Cc1nn(C)c(C)c1[N-]S(=O)(=O)c2ccc([nH+]c2)NCCc3ccc(Cl)c(Cl)c3,-3.289,29,-0.11341379310344828
[nH+]1ccccc1CCc(cc2C(C)(C)C)cc(c2)-c(ccc3)c(c34)C(=O)N(C4=O)[C@H]5CCC(=O)NC5=O,-3.288,37,-0.08886486486486486
CN1CCN(CC1)CCc2csc(=O)[nH]2,-3.287,15,-0.21913333333333332
COc1ccc(cc1)Cn(nn2)c(c23)[C@@](C)(O)CC[C@H]3OC(=O)N/C(=N/[H])Cc4cccc(c4)OC,-3.287,35,-0.09391428571428571
c1ccc(OC)c(c12)[nH+]c([nH]2)CCNCc3ccc(c(Cl)c3)S(=O)(=O)C(C)(C)C,-3.286,29,-0.1133103448275862
Cc1[nH+]n(C)c(C)c1N(C)NC(C)(C)CO,-3.285,16,-0.2053125
C1CCCCC1NC(=O)[C@@H](c2cccnc2)Cc3cccnc3,-3.285,23,-0.14282608695652174
OCCO[C@H](N(C)C(=O)N1)c(c12)cc(cc2)CCCO,-3.285,20,-0.16425
Cn(c1)ncc1-c(cc2)cc(c2n(c34)c(C)nn3)[C@@H](CC4)[C@@H](C5CC5)CS(=O)(=O)N6CCCC6,-3.284,34,-0.09658823529411764
O=c1[nH]c(=O)n(cc1C)C2CCN(CC2)C(=O)c3ccc(s3)-n(c(n4)C)c(c45)cccc5C#N,-3.283,34,-0.09655882352941177
COc1ccc(cc1)-c2c(S(=O)(=O)C)ccc(c2C)C(=O)c3cnn(c3[O-])C(C)C,-3.283,30,-0.10943333333333333
C[C@H]1C[C@@H](C)CN(C1)C(=O)[C@H](CO)NC(=O)CCCCCCCCC[NH3+],-3.283,26,-0.12626923076923077
COc1ccc(cc1)Cn(nn2)c(c23)[C@@](C)(O)CC[C@H]3NCC4(CCCC4)c5ccc(N(C)C)cc5,-3.282,36,-0.09116666666666667
O[C@@H]1C(F)(F)Cc(c12)c(C(C)(C)C(=O)[O-])ccc2S(=O)(=O)C(F)(F)F,-3.281,25,-0.13124
O=C([O-])CCSc(n1)n(c(c12)cccc2)-c3ccc(cc3)C[C@H]4SC(=O)NC4=O,-3.281,29,-0.11313793103448276
C1OCC1N(CC2)CC[NH+]2Cc(cc3C)cc(C)c3Nc4ccnc(n4)Nc5ccc(C#N)cc5,-3.281,35,-0.09374285714285714
CCc1cccc(C)c1N[C@@H]2CC[N@@H+](C2)CC[NH+](C)C,-3.281,20,-0.16405
O=C([O-])[C@H](C)c1ccc([nH+]c1)N2CC[NH2+]CC2,-3.28,17,-0.19294117647058823
Nc([nH+]1)nn(c12)c(ccc2)N3CCC(CC3)c4nc(no4)-c5cccs5,-3.28,26,-0.12615384615384614
[NH3+]CCNC(=O)CC(=O)c1nccn1Cc2ccccc2,-3.279,21,-0.15614285714285714
c1cccc(c12)[nH+]ccc2CC3CCOCC3,-3.278,17,-0.1928235294117647
C[NH2+]Cc1ccc(cc1)-c(cc2)cc(c23)[C@H](NC(=O)OC(C)C)C[C@H](C)N3N4CCC(=O)CC4,-3.278,34,-0.09641176470588235
n1nc(C)n(c12)c3c(cccc3)N(C[C@H]2C)c4ccc(cc4)S(=O)(=O)NCCC(C)C,-3.277,31,-0.10570967741935484
c1cc(Br)ccc1CNc(c2)c(ccc2C(=O)[O-])[N@H+]3CC[C@@H](CC3)N4CCCOC4=O,-3.275,31,-0.10564516129032257
Fc1ccc(c(F)c1)N[NH+]2CCN(CC2)c3ccc(C(F)(F)F)cc3,-3.274,25,-0.13096
C[NH2+]Cc1ccc(cc1)-c(cc2)cc(c23)[C@@H](C[C@H](C)N3C(=O)C)NC(=O)c4c(C5CC5)[nH]nc4C,-3.274,35,-0.09354285714285715
Cc1nn(C)c(C)c1-c2cccc(c2F)-c(cnc3C(F)(F)F)c(c34)CC[C@H]4O,-3.274,29,-0.11289655172413793
CCCn(c1[O-])c(=O)n(CCC)c(c12)nc(n2)-c3ccc(cc3)CCc(c[nH]4)c(c45)cccc5,-3.273,34,-0.09626470588235295
c1ccccc1[C@H](N(C)C2=O)c(c23)cc(cc3)-c(ccc4)n(c45)nc(n5)N,-3.273,27,-0.12122222222222223
CCc1cccc(C)c1Nc2ccc(cn2)S(=O)(=O)[N-]c3c(C)nn(C)c3C,-3.273,28,-0.11689285714285715
Cc1cc(cc[nH+]1)-c2ccc(cc2)S(=O)(=O)c3ccccc3,-3.272,22,-0.1487272727272727
CCCCC[N@@H+]1CCC[C@H](N)C1,-3.271,12,-0.27258333333333334
CCCCCCC(=O)CCc(c[nH]1)c(c12)cccc2,-3.271,19,-0.1721578947368421
NC(=O)CCNCc1ccc(c(Cl)c1)S(=O)(=O)c(c(c23)cccc3)ccc2OCC(=O)[O-],-3.271,32,-0.10221875
CS(=O)(=O)Cc1cnc(c(c1)-n2cc[nH+]c2)Oc3ccc(F)cc3F,-3.271,25,-0.13083999999999998
n1nc(C)n2nc(c(c3c12)cccc3)-c4ccc(c(c4)C[C@H](O)CO)N5CCOCC5,-3.27,31,-0.10548387096774194
c1cccc(c12)sc(n2)-c3cn(C)c(=O)c(c34)C/C(O4)=c5\cnc([nH]5)=C6CCCC6,-3.27,30,-0.109
c1ccccc1CN2CCN(CC2)CCc3ccc[nH]3,-3.269,20,-0.16345
CCc1ccccc1-c2ccc(cc2C)CN[C@H](C)c3cccc(c3)S(=O)(=O)N,-3.268,29,-0.11268965517241379
C[C@H]1C[NH2+]CCCN1[C@@H]2O[C@@H]([C@@H](O)[C@H]2O)C[S+](C)CC[C@H](N)C(=O)[O-],-3.267,25,-0.13068
CCCCc1ccc(cc1Cl)CNCCc2ccc[nH]2,-3.267,20,-0.16335
CCCCC(=O)OC[C@H](CO)OC(=O)c1ccco1,-3.266,19,-0.17189473684210527
C[NH+]1CCN(CC1)[C@@H]2CC[N@H+](CC2)NCCCCc3ccccc3,-3.265,24,-0.13604166666666667
C1CC1Nc(nc2N)cc(n2)N3CCN(CC3)N[C@H](CCC4)c(c45)cnn5-c6ccccc6F,-3.265,34,-0.09602941176470589
OCCNNCCCc1cccc(c1)Oc2ccccc2,-3.264,21,-0.15542857142857142
COC1=C(OC)C(=O)C(=C(C)C1=O)CC/N=C/c2c(C)nn(c2C)-c3ccccc3,-3.264,30,-0.1088
COc1ccc(cc1)Cn(nn2)c(c23)[C@@](C)(O)CC[C@H]3Oc4ccc(c(F)c4)N5CCSCC5,-3.264,34,-0.09599999999999999
OCC[N+](C)(CCO)CCCOCc1ccccc1,-3.263,19,-0.17173684210526316
CC1(C)C(=O)[N-]C(=O)N1c(cc2)cc(c23)nccc3,-3.263,19,-0.17173684210526316
Cc1cc(N)nc(c1)CCCCCC(F)(F)F,-3.258,17,-0.19164705882352942
C1C[NH+](C)CCN1c2nc(N)nc(c2CC)-c3ccc(cc3)-c(n4)c(NC(C)(C)C)n(c45)ccnc5,-3.258,36,-0.0905
CCc(c1)nc(C)c(c12)c(c(C#N)c(=O)[nH]2)-c3ccc(cc3)S(=O)(=O)NCCC(F)(F)F,-3.257,32,-0.10178125
O=C([O-])C[N@H+]1CC[C@@H](CC1)c2ccc(Cl)c(Cl)c2,-3.256,18,-0.18088888888888888
c1nccn1C[C@@H]([NH2+]C(C)(C)CO)c2ccc(Cl)cc2Cl,-3.256,21,-0.15504761904761905
CN(C)CCC[N@H+](C)[C@H]1CCN(C1)c2cccc(Cl)c2Cl,-3.256,21,-0.15504761904761905
O=c1[nH]c(=O)n(cc1C)C2CCN(CC2)Cc3cccc([nH+]3)N(CC4)C[C@H]([N@H+]45)CCC5,-3.255,31,-0.105
CC[C@H](C)[C@H](N)C(=O)NN1CC[N+](CC1)=C(N2)CSc(c23)cccc3,-3.254,25,-0.13016
CC(C)(C)n(c1O)ncc1C(=O)c(c2C)ccc(S(=O)(=O)C)c2S(=O)(=O)c3ccccc3,-3.253,32,-0.10165625
CCCCCCCCC(=O)c1cccc(F)c1,-3.252,17,-0.1912941176470588
C/C=C/CCCCCCCC(=O)S(=O)(=O)c1ccc(nc1)NCC[NH+]2CCN(C)CC2,-3.252,31,-0.1049032258064516
C1CC1N2C(C)(C)C(=O)N(C)c(c23)ccc(c3)-c4ccc(cc4Cl)C[NH2+]CCc5[nH+]cc[nH]5,-3.252,33,-0.09854545454545453
c1cc(Cl)ccc1S(=O)(=O)Nc(c(C#N)c2)cc(n23)nc(c3)-c4ccccc4,-3.251,28,-0.11610714285714285
O=C1NC(=O)[C@@H](S1)Cc(cc2)cc(c23)ccc(c3)-c(cs4)c(c45)oc(cc5O)=[N+]6CCOCC6,-3.251,34,-0.09561764705882353
CCOc1ccccc1-c2[nH+]ccc(n2)NC,-3.251,17,-0.19123529411764706
OC[C@@H](O)C(=O)c(cc1)cc(c1n(c23)c(C)nn2)N(C[C@H]3C)c4ccc(Cl)cc4,-3.248,29,-0.112
CC[C@H](C)[C@H](N)C(=O)CC1CC1,-3.248,12,-0.27066666666666667
Fc1cnc(Cl)c(c1)-c2cccc(c2F)-c(ccn3)c(c34)[nH]cn4,-3.248,24,-0.13533333333333333
CCOC(=O)CCNc1ccc(cn1)S(=O)(=O)[N-]c2c(C)[nH+]n(C)c2C,-3.247,26,-0.12488461538461539
C1CCN1c(c2CC)nc(N)nc2N3CCN(C)CC3,-3.246,20,-0.1623
n1nc[nH]c1[C@@H](C)NNC(C)(C)CO,-3.246,14,-0.23185714285714284
CS(=O)(=O)c1c(F)cc(cc1F)-n(nn2)c(c23)C(=O)c4c(C3=O)cccc4,-3.246,27,-0.12022222222222222
O=C([O-])c1cc(C)nc(c12)n(nc2C(C)C)-c3ccc(cc3)S(=O)(=O)NCCC(C)C,-3.245,31,-0.10467741935483871
Cc1cc([nH]n1)[C@@H](C)NCC#Cc2ccc(cc2)S(=O)(=O)NCCC(F)(F)F,-3.245,28,-0.11589285714285714
O=C([O-])c1c(O)ccn(c1=O)Cc2cccc(c2)Cc3ccc(cc3Cl)-c4ncon4,-3.245,31,-0.10467741935483871
Cc1cc(N)[nH+]c(c1)C[C@@H]2C[NH2+]C[C@@H]2N[C@H](Cc(c[nH]3)c(c34)cccc4)C(=O)Nc5ccncc5,-3.244,35,-0.09268571428571429
[NH3+]c1ccc(cc1)NNCCC(c2ccccc2)c3ccccc3,-3.243,24,-0.135125
c1ccccc1-c(cc2)ccc2C(=O)N(C3CC3)Cc4ccccc4-n(cc5)c(=O)n(c56)ccn6,-3.242,35,-0.09262857142857144
CCn1c(=O)[nH]c(=O)c(c12)[C@H](c3ccc(C)cc3)C(=C(C)N2)C(=O)c4ccc(C(C)(C)C)cc4,-3.241,34,-0.09532352941176471
CC(=O)N1[C@@H](C)C[C@@H](NS(=O)(=O)C(C)C)c(c12)cc(cc2)-c3ccco3,-3.24,26,-0.12461538461538463
c1cc(C)cc(c12)nc([nH]2)CCc3c[nH]c(n3)C4CCCC4,-3.24,22,-0.14727272727272728
Cc1noc(C)c1-c(cc2)cc(c23)ncc(C(=O)[O-])c3-c4ccc(cc4)CC(=O)N5CCOCC5,-3.239,35,-0.09254285714285714
FC1(F)CC(C1)N(CC2)CCC2C(=O)NC3CCCCCC3,-3.239,22,-0.14722727272727273
n1cncn1-c2ccnc(c2)N3CCNCC3,-3.239,17,-0.19052941176470586
Cc1noc(C)c1S(=O)(=O)N2CC[NH+](CC2)C3COC3,-3.239,20,-0.16194999999999998
Cc1ccnc(c1)CCCCCS(=O)(=O)c(ccc2)c(c23)c(C)cnc3,-3.239,26,-0.12457692307692307
Fc1ccc(cc1C)S(=O)(=O)C(=O)c2cccc(c2)-c(cc3)nc(c34)sc(n4)NC(=O)C5CC5,-3.238,34,-0.09523529411764706
O=c1[nH]c(=O)n(cc1C)C2CCN(CC2)Cc3cccc(n3)S(=O)(=O)c(cc4)cc(c45)C[NH2+]CC5,-3.238,35,-0.09251428571428572
c1c(Cl)ccc(c12)c(C(=O)C)c([nH]2)C(=O)N3CC[C@@H](C3)[N@@H+](C)CCCN(C)C,-3.238,28,-0.11564285714285714
n1cccnc1-c2c(Cl)cc(cc2Cl)C[NH2+]CCc([nH+]3)[nH]c(c34)cccc4,-3.238,27,-0.11992592592592592
n1c(N)[nH]c(c12)c(ccn2)C(=O)[C@H](C(C)C)NC(=O)C3CCCCC3,-3.237,25,-0.12948
O=S(=O)Oc(cc1)ccc1-c2c(ncn2CC#C)S(=O)(=O)c(cc3)cc(c34)CN(C)C(=O)N4,-3.237,33,-0.09809090909090909
Cc1nc(C[NH+](C)C)ccc1-c2c(C)nnn2C3CCN(C(N)=[NH2+])CC3,-3.237,26,-0.1245
c1cccc(c12)oc(c2)C(=O)N3CCN(CC3)C(c4ccccc4)c5ccccc5,-3.237,30,-0.10790000000000001
OC[C@H]1O[C@@H]([C@H](O)[C@@H](O)[C@@H]1O)C2CCN(CC2)Cc3cccc(n3)Oc4ccccc4,-3.236,31,-0.10438709677419356
CCc1c(C)nc(N)nc1-c(c(c23)[nH]c(n3)C4CC4)cc(c2)-c5c(C)noc5C,-3.236,29,-0.11158620689655173
O=c(n1)[nH]c(=O)c(n2)c1n(c(c23)cc(C)c(C)c3)-c4ccccc4C(=O)c5ccccc5,-3.236,32,-0.101125
C/C=C/CCCCCCCC(=O)O[C@H](COP(=O)([O-])[O-])Cc1ccc(Br)cc1,-3.234,28,-0.1155
CCCCCCCOC(C)(C)C,-3.234,12,-0.2695
O=C([O-])CCc(n1)nc(cc1C)-c2cccc(c2)N3C=CCC3=O,-3.233,24,-0.13470833333333335
CC(C)(C)OC(=O)[C@H](CC)Cc([nH]n1)c(c12)cccn2,-3.233,20,-0.16165000000000002
O=C([O-])[C@@H](C)n(c(=O)n1C)c(=O)c(c12)c(C)c(cc2)C([O-])=C3C(=O)CCCC3=O,-3.232,29,-0.11144827586206897
CCCCCCc1ccc(c(c1)C[NH3+])OCc2cccnc2,-3.232,22,-0.1469090909090909
C[NH+](C)CCC[N@@H+](C)[C@H]1CCN(C1)c(cc2)cc(c23)n(CCOC(F)(F)F)c(n3)C4CCOCC4,-3.232,35,-0.09234285714285714
[NH3+]c1ccc(cc1)Nc2cccc(F)c2,-3.232,15,-0.21546666666666667
C1CC1CC(=O)c2cc(Cl)ccc2[O-],-3.23,14,-0.2307142857142857
O=C([O-])CCSc([nH+]1)n(c(c12)cccc2)CCC3CCCC3,-3.229,22,-0.14677272727272728
Cc1cccc(n1)[C@@H]2N(CCc(c23)scc3)C4CCCCC4,-3.228,22,-0.14672727272727273
Cc1cc(N)nc(c1)CCCCCc2cc(CS(=O)(=O)C)cnc2Oc3ccc(F)cc3F,-3.228,33,-0.09781818181818182
Fc1ccc(cc1)-c2nnc([nH]2)-c3ccc(cc3Cl)C[NH2+]CCc4ccc[nH]4,-3.227,28,-0.11524999999999999
CCc1c(NC)nc(N)nc1-c2cc[nH+]c(N)c2,-3.225,18,-0.17916666666666667
CCCCCCCCC(=O)SCCN[NH2+][C@H]1CC[C@H](O)CC1,-3.225,22,-0.1465909090909091
CNCc1ccc(cc1)-c(cc2)cc(c23)[C@@H](C[C@H](C)N3C(=O)C)NC(=O)c4c(C5CC5)[nH]nc4C,-3.224,35,-0.09211428571428572
CC(C)NC(=O)O[C@H](CC[C@@]1(C)O)c(c12)nnn2-c3ccc(=O)n(c3)Cc4ccc([C@@H](C)O)cc4,-3.224,35,-0.09211428571428572
CCCCC[N@@H+]1CCC[C@H]([NH3+])C1,-3.224,12,-0.26866666666666666
c1cc(Cl)ccc1N[C@H](CC2)c(c3n(c24)c(C)nn4)cc(cc3)-n(cc5)c(=O)n(c56)ccn6,-3.224,33,-0.0976969696969697
c1cccc(c12)C(=O)c3c(C2=O)nnn3-c4cc(F)c(c(F)c4)CCOCCOCCO,-3.224,32,-0.10075
c1ccccc1-n(nc2C)c(C)c2/C=[NH+]/CC[NH+](C)C,-3.223,20,-0.16115
C[NH+](C)CCN1CC[C@H](C1)Cc(c2)oc(c23)cccc3,-3.223,20,-0.16115
C[NH2+]Cc1ccc(cc1)-c(cc2)cc(c23)[C@@H](C[C@H](C)N3C(=O)C)NC(=O)C[C@H](O)[C@H](N)CO,-3.222,33,-0.09763636363636363
C1CC1[N@H+]2C(C)(C)C(=O)N(C)c(c23)ccc(c3)Nc4cc(F)cc(F)c4,-3.222,26,-0.12392307692307693
OCCOc1c(C)cc(cc1C)-c2[nH+]cc(C)n2Cc3ccccc3OCCC[C@@H](C)CC(=O)[O-],-3.222,35,-0.09205714285714285
CC(C)[NH+]1CCN(CC1)c2ccc(cc2)[C@H](c3cccc(O)c3)N4CCC(CC4)[NH+]5CCN(C)CC5,-3.221,36,-0.08947222222222223
Clc1cc(Cl)ccc1[C@H](C)N2CCN(CC2)C3COC3,-3.22,20,-0.161
CC(C)(C)OC(=O)N1CCC(CC1)c2nc(no2)-c3n[nH]cc3-c4ccncc4,-3.218,29,-0.1109655172413793
c1cccc(c12)C(=O)c3c(C2=O)nnn3N4CC[NH+](CC4)Cc5ccccc5,-3.217,28,-0.11489285714285714
O=C([O-])C[C@H](C)CCCc1n[nH]cc1-c2ccncc2,-3.217,20,-0.16085
C1CNCCN1C(=O)[C@@H](C2)Oc(c23)c(cc(Cl)c3)-c4cnc([nH]4)C5CCC5,-3.217,27,-0.11914814814814816
FC(F)(C1)[C@@H](O)c(c12)c(S(=O)(=O)C)sc2-c3ccc(c(c3)CN)OCc4cncs4,-3.216,30,-0.1072
COc1cc(=O)n(C)nc1NCCC[NH2+]Cc2ccc(c(Cl)c2)-c3ccccc3,-3.216,29,-0.11089655172413794
Cn(c1)c(=O)ccc1-c(cn2C)c(n2)COc3ccc(cc3)CCCCCc4cccc[nH+]4,-3.216,33,-0.09745454545454546
C1COCCN1c(c2)cc(C)c(c23)[nH]c(n3)-c4c(cc[nH]c4=O)C[C@H]5CC[C@H](C)CC5,-3.215,31,-0.10370967741935483
CC(C)CC[NH2+]N1CCCC1,-3.214,11,-0.29218181818181815
c1cc(Br)ccc1-c2ccc(cc2Cl)CNCCc3[nH+]cc[nH]3,-3.214,23,-0.13973913043478262
CC(=O)NC[C@H]1CN(C(=O)O1)c2c(C)nnn2[C@@H]3CC[N@@H+](CC3)CC[NH+](C)C,-3.214,28,-0.11478571428571428
CCN(C(=O)C1)c(c12)ccc(c2)CCC/C(C)=C/CSP(=O)([O-])OP(=O)([O-])O,-3.213,28,-0.11475
OCCOC[NH2+]C1CCN(CC1)c2cccc[nH+]2,-3.213,18,-0.1785
O=c(n1)[nH]c(=O)c(n2)c1n(c(c23)cc(C)c(C)c3)-c4c(-c5ccc(F)cc5)ncn4C6CC[NH2+]CC6,-3.213,36,-0.08925
CCCCC/C=C/CCc1ccc(O)cc1,-3.213,16,-0.2008125
FC(F)(F)Oc(cc1)ccc1C(=N2)NC(=O)C23CCN(CC3)N4CCOCC4,-3.211,28,-0.11467857142857142
C1COCCN1c(c2)cc(C)c(c23)nc([nH]3)-c4c[nH]nc4-c5cccc(C(F)(F)F)c5,-3.211,31,-0.10358064516129031
Cc1ccc(C(C)C)cc1-c2ncc(CS(=O)(=O)C)cc2-c(cc3C)n(c34)cn[n-]c4=O,-3.211,32,-0.10034375
CCON(C1=O)c(ccc(Br)c2)c2C13CCN(CC3)S(=O)(=O)c4ccccc4Cl,-3.211,29,-0.11072413793103447
CC(C)CCNN1CCCC1,-3.21,11,-0.2918181818181818
O=c1[nH]c(=O)n(cc1C)C2CCN(CC2)c(cc3)c(C(F)F)c(c34)[C@@H](O)C(F)(F)S4(=O)=O,-3.21,32,-0.1003125
Nc(n1)[nH]c(c12)c(ccn2)-c(cc3=O)oc(c34)c(cs4)-c(cc5)cc(c56)OCCO6,-3.21,30,-0.107
O=C([O-])COc(c(C)c1)ccc1SC[C@H](OCC)CNc(cc2)cc(c23)[nH]c(n3)-c4ccccc4,-3.209,35,-0.09168571428571429
O=S(=O)Oc(cc1)ccc1-c2c([nH+]cn2CC#C)-c3ccccc3OCCn4ccc(=O)[nH]c4=O,-3.207,35,-0.09162857142857142
[NH2+]1CCCC[C@@H]1c2n(nnc2C)[C@@H]3CC[N@@H+](CC3)CCN(C)C,-3.207,23,-0.13943478260869566
CCOC(=O)CCNN(C)c1ccc(C)cc1,-3.206,17,-0.18858823529411764
Brc1ccc(cc1)-c2ncn(C3CC[NH2+]CC3)c2-c4ccn[nH]4,-3.206,23,-0.1393913043478261
CCN(C1=O)c2ccc(c(c2c13)ccc3)S(=O)(=O)NCC4CCN(CC4)n5cncn5,-3.204,31,-0.10335483870967742
C1CC1Nc([nH+]c2N)cc(n2)N3CCN(CC3)NC4CCCCC4,-3.203,24,-0.13345833333333332
OCCOc1c(C)cc(cc1C)-c2ncc(C)n2Cc3ccccc3OCCC[C@@H](C)CC(=O)[O-],-3.201,35,-0.09145714285714286
CCN(C1=O)c2ccc(c(c2c13)ccc3)S(=O)(=O)NC[C@@H]4CC[N@H+](CC4)CC(C)(C)C,-3.2,31,-0.1032258064516129
c1occc1N(C[C@H]2C)c(c3n(c24)c(C)nn4)cc(cc3)-c5ccc(N)[nH+]c5,-3.2,28,-0.1142857142857143
C[C@H]([NH3+])[C@@H]([O-])C(=O)c1cncc(Cl)c1,-3.2,14,-0.2285714285714286
COC(=O)N(CC1)CCC12CN(C2)c3nc(N4CCC[C@H]4C=O)[nH+]c(c3C)-c5c(C)noc5C,-3.2,34,-0.09411764705882353
COCCCNc1cccc(c1)[N-]S(=O)(=O)c2c(F)cccc2F,-3.2,24,-0.13333333333333333
Cc1ccnc(c1)CCCCC[NH2+][C@H]([C@@H](O)C(=O)N2CCC2)C[C@@H]3CCCNC3=O,-3.199,30,-0.10663333333333333
C1OC[C@H]([C@H]12)[C@@H]2Nc3ccc(cc3Cl)C[NH2+]CCc([nH+]4)[nH]c(c45)cccc5,-3.199,27,-0.11848148148148148
Cc1cc(N)[nH+]c(c1)C[C@@H]2C[NH2+]C[C@@H]2Nc(c3)c(C#N)cn(c34)cc([nH+]4)-c5ccccc5,-3.197,32,-0.09990625
C1CCCC1N([C@H](C)C(=O)N2C)c(c23)cc(cc3)C(=O)C(=O)[C@H]([O-])CO,-3.197,26,-0.12296153846153847
c1cncc(c12)c(=O)c(C#N)c([nH]2)-c3ccc(cc3)[C@H]4C[C@@H](C#N)C4,-3.197,25,-0.12788
O=C([O-])c1ccc(cc1)C[N@@H+]2CC[N@H+](CC2)Cc3ccccc3,-3.196,23,-0.13895652173913045
O=c1n(C)cc(cc1C)-c(n2)n(c(c23)cccc3)-c4cc(CO)ccc4F,-3.195,27,-0.11833333333333333
n1cn(C)c(c12)cccc2-c3c(F)cc(cc3F)-n(nn4)c(c45)C(=O)c6c(C5=O)cccc6,-3.192,33,-0.09672727272727273
CC(C)CNCC(=O)c(cc1=O)oc(c12)c(c([O-])cc2O)[C@H]3CC[N@H+](C)C[C@H]3O,-3.192,29,-0.11006896551724138
O=C([O-])CCC(\C)=C/CNc1c(CC(C)C)[nH+]n(C)c1C,-3.191,21,-0.15195238095238095
CCc(c1)nc(C)c(c12)c(c(C#N)c(=O)[nH]2)-c3ccc(cc3)-c4ccc(nn4)OC,-3.19,30,-0.10633333333333334
C[N@@H+]1CC[C@@H](C1)[NH2+]CCCNC(=O)c2ccc(F)cc2,-3.19,20,-0.1595
[NH3+][C@H]1CCC[N@H+](C1)CCCCCCCCC(=O)OC[C@H](O)CO,-3.189,23,-0.1386521739130435
C1C[C@@H](O)c(c12)c(C(F)(F)F)ccc2N3CCN(CC3)C4COC4,-3.189,24,-0.132875
O=C1CCCC(=O)C1=C([O-])c(cc2)c(C)c(c23)c(=O)n(-c4ccccc4)c(n3)C(=O)Nc5cc[nH+]cc5,-3.189,37,-0.08618918918918919
COCCONC(C)C,-3.188,9,-0.3542222222222222
N#Cc1ccc(cc1Cl)C[C@@]2(O)CC[N@@H+](CC2)Cc3ccc(cc3Cl)-c4ncon4,-3.188,30,-0.10626666666666668
Cc1noc(C)c1-c2ccc(cc2)CNC(=O)c3cc(=O)[nH]c(=O)[n-]3,-3.187,25,-0.12747999999999998
CNC(=O)c1cccc(c1)S(=O)(=O)C(=O)[C@@H](C2)Oc(c23)c(cc(Cl)c3)-c4cc[nH+]c(N)c4,-3.187,32,-0.09959375
n1[nH]ccc1-c2ccc(cc2Cl)CNCCc3c[nH+]c[nH]3,-3.186,21,-0.15171428571428572
c1occc1N(C[C@H]2C)c(c3n(c24)c(C)nn4)cc(cc3)-c5ccc(N)nc5,-3.185,28,-0.11375
O=c([nH]1)[n-]c(=O)cc1C(=O)c2nccc(n2)-c3c(-c4ccc(F)cc4)ncn3C5CC[NH2+]CC5,-3.184,34,-0.09364705882352942
C1C[C@H](C)CC[C@@H]1C(=O)C(=O)c(cnn2C)c2C(=O)Nc(c3)c(C#N)cn(c34)cc(n4)-c5ccccc5,-3.183,37,-0.08602702702702703
O[C@@H]1CCCN(C1)[NH2+]CCC[NH2+]Cc2ccc(c(Cl)c2)-c3ccccc3,-3.183,26,-0.12242307692307691
O=c1n(C)cc(cc1C)-c(cc2)cc(c23)n(c([nH+]3)C4CCOCC4)CCc5ccc(O)c(O)c5,-3.182,34,-0.09358823529411764
Cc1ccc(cc1)[C@H](C)c2c(cnn2C)-c(cc3)nn(c34)c(nn4)C,-3.181,25,-0.12724
COc(cc1)cc(c12)nc([nH]2)CCn(c3=O)c(=O)n(C)c(c34)ccc(c4)C(=O)C5=C([O-])CCCC5=O,-3.181,36,-0.08836111111111111
CCCCCCCCCCCCNC(=O)c1ccc(S(=O)=O)cc1,-3.179,24,-0.13245833333333332
C[NH+](C)CCCN(C)[C@H]1CCN(C1)S(=O)(=O)c2ccc(cc2)C#CCNS(=O)(=O)C,-3.178,30,-0.10593333333333334
O=c([n-]1)[nH]c(=O)cc1C(=O)N2CCN(CC2)C/C=C/c3ccc(Br)cc3,-3.177,26,-0.1221923076923077
O=c1n(C)cc(cc1C)-c(cc2)cc(c23)n(CCC(C)C)c(n3)C4CCOCC4,-3.177,29,-0.10955172413793103
CCN(C1=O)c2ccc(c(c2c13)ccc3)S(=O)(=O)c4ccc(cc4)C(=O)Nc5ccccc5,-3.176,33,-0.09624242424242424
Cc1cccc(C)c1-c2ccc(S(=O)(=O)C(F)F)c(c2Br)CO,-3.176,23,-0.13808695652173913
CCCN[N@H+]1CC[C@@H](CC1)CN(C2)C(=O)C(=C23)[C@@H](c4ccc(C)cc4)c5c(N3)n(CC)c(=O)[nH]c5=O,-3.175,36,-0.08819444444444444
CCCC(=CC1=O)N=C([N+]1=2)N=C(N2)Cn(c([nH+]3)SCCC(=O)[O-])c(c34)cccc4,-3.175,29,-0.10948275862068965
c1c[nH]nc1-c(c2)ccc(c23)N([N@H+]4CC[C@H](O)CC4)[C@@H](C)C[C@H]3Nc5ccccc5Cl,-3.174,31,-0.10238709677419354
CC(C)C[C@H](N)C(=O)NNCC[NH3+],-3.173,13,-0.24407692307692308
C[NH2+]Cc1ccc(cc1)-c(cc2)cc(c23)[C@H](NS(=O)(=O)C4CC4)C[C@H](C)N3C(=O)C,-3.173,30,-0.10576666666666666
CCCNC(=O)OC,-3.173,8,-0.396625
c1cccc(c12)c(c[nH]2)C[C@H](N)C(=O)C(=O)c3ccc(cc3)C45C[C@H]6C[C@@H](C5)C[C@H](C6)C4,-3.173,32,-0.09915625
c1cc(Cl)ccc1[C@@H](c2cccnc2)C(=O)N3CC[NH+](CC3)COCCO,-3.172,27,-0.11748148148148149
C[C@@H]1CC[N@H+](CC1)N2CCN(CC2)C(=O)[C@@H](c3ccc(Cl)cc3)c4cccnc4,-3.172,29,-0.10937931034482759
c1cccc(c12)c3c(n2CC)ccc(c3)[C@@H](C(=C(C)N4)/C([O-])=C/C(=O)N)C(C4=5)=C(O)CCC5,-3.171,33,-0.09609090909090909
CC[C@@H]([C@H](C)O)n1ncc(c1[O-])C(=O)c2ccc(S(=O)(=O)C)c(c2C)-c3ccc(OC)cc3,-3.171,33,-0.09609090909090909
CC/C=C/CCc1ccnc(n1)Nc2ccc(C#N)cc2,-3.17,21,-0.15095238095238095
c1nccn(c12)c(NC(C)(C)C)c(n2)-c3ccc(C(C)(C)C(=O)[O-])cc3,-3.169,26,-0.12188461538461538
FC(F)(F)Oc(c1)cccc1-c2cn(C)c(=O)c(c23)C/C(O3)=c4\cnc([nH]4)=C5CCCC5,-3.168,32,-0.099
O1CCC[C@@H]1CO[C@H](C[C@H](C)N2C(=O)C)c(c23)cc(cc3)-c4[nH]ncc4,-3.168,26,-0.12184615384615385
COCCOCCN(CC1)Cc(c12)sc3c2c4n(ncn4)c(=O)n3Cc5ccc(OC)cc5,-3.168,33,-0.096
C[C@H]1C[C@@H](C)CN(C1)C(=O)c2cnn(C)c2C(=O)Nc(c3)c(C#N)cn(c34)cc(n4)-c5ccccc5,-3.167,36,-0.08797222222222222
c1cccc(c12)c(cc[nH+]2)N(C3=O)C(=O)N([C@H]34)CC[C@H]4O,-3.167,21,-0.1508095238095238
COc1nc(N(C)C)[nH+]cc1CCCCCCCc2cc(C)no2,-3.166,24,-0.13191666666666665
COC(=O)N(CC1)CCC12C[NH+](C2)[C@@H]3O[C@@H]([C@@H](O)[C@H]3O)C(=O)NCCO,-3.166,26,-0.12176923076923077
C[NH+](C)CCN1CC[C@H](C1)c(n2)n(Cc3ccccc3)c(c24)cc(cc4)N5CC[NH+](C)CC5,-3.165,33,-0.09590909090909092
N#Cc(cc1)ccc1N[C@H](C[C@H](C)N2C(=O)C)c(c23)cc(cc3)-n4ccnc4,-3.164,28,-0.113
C[C@@]1(O)CCC(=O)[C@@H](OC)[C@]1(O)[C@@]2(C)O[C@@H]2CCc3ncccn3,-3.163,24,-0.13179166666666667
c1cccc(c12)c(c[nH]2)C[C@H](C(=O)[O-])c([nH+]c3N)cc(n3)N4CCN(CC4)C5COC5,-3.161,31,-0.10196774193548387
Cc1cccc(c12)n(c([nH+]2)CCC)[C@H](c3cccnc3)C(=O)NC4CCCCC4,-3.161,29,-0.109
OC[C@@H](O)C(=O)OCCCCCCCCCc1cc(ccc1Cl)OCc(n[nH]2)c(c23)cccn3,-3.161,34,-0.09297058823529412
CC(C)Oc1ccc(cc1)-c(n2)c(N)c(C(=O)[N-]S(=O)(=O)C)c(c23)cc(F)cc3,-3.159,29,-0.10893103448275862
C1C[NH2+]CCN1c(nc2)ccc2-c([nH+]cc3C)n3Cc4ccccc4OCCC[C@@H](C)CC(=O)[O-],-3.158,35,-0.09022857142857142
CN1CCN(CC1)c(cc2)cc(c23)n(c([nH+]3)NCC[NH3+])Cc4ccccc4,-3.158,27,-0.11696296296296296
CN1C(=O)[C@H](C)N(C2CC2)c(c13)cc(cc3)-c(cnc4C(F)(F)F)c(c45)C[C@@H](F)[C@H]5O,-3.158,31,-0.10187096774193548
C1CCCC1N([C@H](CC)C(=O)N2C)c(c23)nc(nc3)-c(cc4)cn(c45)c(nn5)C,-3.158,29,-0.10889655172413792
Cc1noc(C)c1-c2ccc(cc2)CNNC3CCN(CC3)c4ccccn4,-3.158,28,-0.11278571428571428
c1cncc(c12)c([O-])c(C#N)c(n2)-c3ccc(cc3)-c4c[nH]c[nH+]4,-3.157,24,-0.13154166666666667
C1CC1Nc(c2CC)[nH+]c(N)nc2-c3ccc(cc3)C[C@@H]4SC(=O)[N-]C4=O,-3.156,27,-0.11688888888888889
[O-]c1c(Br)ccc(c12)c(cc(n2)N)-c(c(n3)C)n(c34)ccnc4N5CCOCC5,-3.155,29,-0.10879310344827585
c1ccccc1-c([nH]2)c(c(c23)cc(OC)cc3)CCNc4cc[nH]n4,-3.155,25,-0.12619999999999998
CCn1c(=O)[n-]c(=O)c(c12)[C@H](c3ccc(C)cc3)C4=C(N2)CN(C4=O)c(cc5)cc(c56)[nH+]c(N)cc6C,-3.154,37,-0.08524324324324324
CC(O1)(C)C(=O)Nc(c12)cc(O)c(c2)N(CC3)CCC3(N)Cc4ccc(Cl)cc4,-3.153,29,-0.10872413793103448
CCN(C1=O)c2ccc([C@](C)(C(=O)[O-])CC)c(c2c13)ccc3,-3.153,22,-0.14331818181818182
c1ccccc1[C@H]2COCCN2c(ncc3C)n3Cc4ccccc4OCCC[C@@H](C)CC(=O)[O-],-3.153,35,-0.09008571428571428
CC(C)(C)S(=O)(=O)Nc1cc(ccc1Cl)N2CCN(CC2)Cc3ccccc3,-3.153,28,-0.11260714285714286
C[Si](C)(C)C#CCc1ccccc1OCCCC(=O)[O-],-3.152,20,-0.15760000000000002
CC(C)NC(=O)O[C@H](CC[C@]1(C)O)c(c12)nnn2OC(C)(C)C,-3.151,23,-0.13699999999999998
O=c([nH]1)scc1-c2ccc(cc2OC)CNCCc(n3)[nH]c(c34)cccc4,-3.15,27,-0.11666666666666667
CCCn(c1[O-])c(=O)n(CCC)c(c12)nc(n2)-c3ccc(cc3)N4CC[NH+](CC4)Cc5ccccc5,-3.15,36,-0.0875
c1ccc(OC)c(c12)nc([nH]2)CC[NH2+]Cc3ccc(c(Cl)c3)S(=O)(=O)C(C)(C)C,-3.15,29,-0.10862068965517241
n1ccccc1C(C)(c2ccccn2)CC(=O)Nc3nc(cs3)-c4ccccn4,-3.149,29,-0.10858620689655173
COc(cc1)cc(c12)n3c(nnc3C)[C@H]([C@@H](C)C(=O)c4cc[nH]n4)N=C2c5ccc(Cl)cc5,-3.149,33,-0.09542424242424243
O=c1ccn(c(=O)[nH]1)CCCCCNCc2cccnc2,-3.148,21,-0.1499047619047619
n1[nH]ccc1-c2n(nnc2C)[C@@H]3CC[N@H+](CC3)CCN(C)C,-3.147,22,-0.14304545454545453
CCc1cccc(C)c1NN[C@@H](C(C)C)C(=O)Nc2cc[nH+]cc2,-3.147,24,-0.131125
CCCCCCOc1cccc(c1)CNCC2CCN(C(=O)C)CC2,-3.145,25,-0.1258
C1OCC1N(CC2)CCN2c(n3)cc(nc3N)C(=O)c4ccc(cc4)-c5ccccc5F,-3.145,32,-0.09828125
C1CC1[C@@H](C)c2cc(Cl)ccc2OCCN(C)C,-3.144,18,-0.17466666666666666
CC(C)=CCC/C(C)=C\CC[C@H](C)[NH2+][C@@H]1CC[N@@H+](C)CC1,-3.144,21,-0.14971428571428572
CCCCC/C=C/Cc1[nH]nc(n1)-c2ccccc2,-3.144,19,-0.16547368421052633
CCCCCCCCC(=O)SCCNc1ccc(CN)cc1,-3.143,22,-0.14286363636363636
O=C(C1)NC[C@@H]1[C@@H](C)Oc(c(c23)cccn3)cc(c2)C(=O)Cc(c[nH+]c4)c(c45)c(O)ccc5,-3.142,33,-0.0952121212121212
O=C([O-])c1c(=O)ccn(c1O)N[C@H]2CC[C@H](O)CC2,-3.138,19,-0.1651578947368421
O=c1[nH]c(=O)n(cc1C)C2CCN(CC2)[N@H+](CCO3)[C@@H]([C@H]34)CCC4,-3.138,24,-0.13075
c1cccc(c12)c(c[nH]2)C[C@H](N)C(=O)CC(c3ccccc3)c4ccccc4,-3.135,28,-0.11196428571428571
c1c[nH]c(c12)c(=O)n(C\C=C\C)cc2-c3cccc(c3)C(=O)Nc4cccc(C(=O)[O-])c4,-3.134,32,-0.0979375
CCCCCCCCC(=O)SCCNN[C@H]1CC[C@H](O)CC1,-3.134,22,-0.14245454545454544
Cc1cccc(n1)[C@@H]2N(CCc(c23)scc3)Nc4cccc(C(=O)[O-])c4,-3.134,26,-0.12053846153846154
c1cc(C)cc(c12)c(c[nH]2)CN3CCC(CC3)NC(=O)NC(C)C,-3.133,24,-0.13054166666666667
CCS(=O)(=O)Cc1cnc(-c2ccc(Br)cc2)c(c1)-c(cc3C)n(c34)cc[nH]c4=O,-3.133,30,-0.10443333333333334
c1cccc(c12)n(c(n2)N)N3CCC(CC3)c4nc(no4)-c5cccs5,-3.133,26,-0.1205
COc1ccc(cc1)Cn(nn2)c(c23)[C@@](C)(O)CC[C@H]3OC(=O)N4CCN(CC4)Cc5ccccc5,-3.133,36,-0.08702777777777777
CC(=O)N1[C@@H](C)C[C@@H]([C@@H](C)C(=O)[O-])c(c12)cc(cc2)-c3n[nH]cc3,-3.133,24,-0.13054166666666667
C=CCCCc1ncc[nH]1,-3.133,10,-0.3133
C[NH+](C)CC[N@H+]1CC[C@H](C1)CCc2cnc[nH]2,-3.132,17,-0.18423529411764705
Cc1nc([N+](=O)[O-])cn1CCCCCc2cccc[nH+]2,-3.132,20,-0.15660000000000002
O=C1NC(=O)N(C1(C)C)c2n(nnc2C)C3CCN(C(N)=[NH2+])CC3,-3.132,24,-0.1305
CN(C)CCN1CCN(CC1)c2cc(F)cc(Cl)c2,-3.132,19,-0.1648421052631579
Cn1cc([N-]S(=O)(=O)C)c(n1)COc2ccc(cc2)-c(cc3)nc(c34)cccc4,-3.131,29,-0.1079655172413793
CCCCCCCCC(=O)OC[C@@H](C1CCCCC1)COP(=O)([O-])OCC[N+](C)(C)C,-3.131,31,-0.10099999999999999
OCCCn1ccc(c12)cc(cc2)C(=O)NCc3ccc(cc3C(F)(F)F)[N-]S(=O)(=O)C4CC4,-3.131,34,-0.09208823529411764
COc(cc1)cc(c12)[nH]c(n2)CC[N@@H+]3CC[N+](CC3)=C(N4)CSc(c45)cccc5,-3.13,29,-0.10793103448275862
CC(=O)N[C@H]1CCN(C1)c2ccc(cc2F)C3=NO[C@@H](C3)CNS(=O)(=O)c4cccc(F)c4,-3.128,33,-0.0947878787878788
COc1cccc(c1)N2CC[NH+](CC2)C(c3ccccc3)c4ccccc4,-3.126,27,-0.11577777777777777
c1cccc(c12)C(=O)c3c(C2=O)nnn3-c4cc(F)c(c(F)c4)-n5cncn5,-3.126,28,-0.11164285714285714
CCN[N@@H+](C(C)C)Cc1ccccc1OCCCCCC(=O)[O-],-3.126,23,-0.13591304347826086
FC(F)(C1)[C@@H](O)c(c12)c(S(=O)(=O)C)ccc2N3CCC(CC3)N4CCCOC4=O,-3.126,29,-0.10779310344827586
Cc1cccc(c1)N2CCN(CC2)[N@H+]3CCCNC[C@@H]3C,-3.126,21,-0.14885714285714285
Cc1ccccc1-c2ccc(S(=O)(=O)C(F)F)c(c2Br)CO,-3.123,22,-0.14195454545454547
CC(C)NC(=O)O[C@H](CC[C@]1(C)O)c(c12)nnn2N3CCS[C@@H](CC3)c4cccs4,-3.123,30,-0.10410000000000001
c1cc(Cl)ccc1[C@H](c(c23)c(C)c(s2)C)N[C@H](c4n3c(nn4)C)C/C([O-])=C5\CCC(=O)NC5=O,-3.122,34,-0.0918235294117647
FC(F)(C1)[C@@H](O)c(c12)c(S(=O)(=O)C)ccc2-n(c(N)[nH+]3)c(c34)cccc4,-3.121,26,-0.12003846153846154
C1COCCN1c(c2)cc(C)c(c23)nc([nH]3)-c4ccc(C(F)(F)F)cc4[N+](=O)[O-],-3.12,29,-0.10758620689655173
OCCO[C@H](N(C)C(=O)N1)c(c12)cc(cc2)-c(cc3)c(C(F)F)c(c34)[C@@H](O)C(F)(F)S4(=O)=O,-3.12,33,-0.09454545454545454
Cc1nnn(C)c1-c(c2)c(F)cc(c23)c4c(cc(c[nH+]4)C(C)(C)O)n3-c5ccc(cc5)C6=N[C@@H](C)CO6,-3.119,37,-0.0842972972972973
[nH+]1ccc(OC)c(c12)cc(cc2)C(C)(C)C(=O)[O-],-3.119,18,-0.17327777777777778
Cc1noc(C)c1-c(cc2)c3cccc(c3c24)C(=O)N4CCNCCO,-3.119,26,-0.11996153846153847
Clc(c1)cccc1C(=O)C[C@@]2(O)CC[N@@H+](CC2)Cc3ccc(cc3Cl)-c4ncon4,-3.118,30,-0.10393333333333334
[NH3+]CCc1ccc(cc1)[NH+]2CCCCC2,-3.117,15,-0.2078
c1ccc(C)c(c12)nc([nH]2)CCNCc3ccc(c(Cl)c3)NCCCNC(=O)c4ccc(F)cc4,-3.117,35,-0.08905714285714286
[nH]1cc[nH+]c1CCC(=O)CCNC(=O)CC[NH2+]Cc2ccc(c(Cl)c2)-c3ccccc3,-3.116,31,-0.10051612903225807
FC(F)(F)CS(=O)(=O)N1CCN(CC1)C2COC2,-3.116,18,-0.1731111111111111
Nc([nH+]1)nn(c12)c(ccc2)-c3ccc(Br)cc3,-3.115,17,-0.18323529411764708
c1ccccc1C(=O)CC(\C)=[NH+]/[C@H](C(=O)[O-])Cc2ccc(cc2)C3CC3,-3.115,26,-0.11980769230769231
COc1cc(OC)c(cc1C)-c2nnc([nH]2)-c3ccccc3,-3.115,22,-0.1415909090909091
CC(=O)Nc1ccccc1Oc2nc(ncc2Cl)-c3ccc(cc3)N4CCN(C)CC4,-3.114,31,-0.10045161290322581
COc1ccc(cc1)Cn2nnc(n2)C(=O)Cc3ccc(Cl)c(=O)[n-]3,-3.114,25,-0.12455999999999999
COc1ccc(nn1)N2CCN(CC2)Cc(c3)oc(c34)cccc4,-3.113,24,-0.12970833333333334
Cc1noc(C)c1-c2ccc(cc2)C[NH2+]NC3CCN(CC3)c4cccc[nH+]4,-3.113,28,-0.11117857142857143
COc1cc(OC)c(cc1C)-c2[nH]nc(n2)-c3ccccc3,-3.111,22,-0.14140909090909093
n1nc(C)n(c12)nc(cc2)-c(nc3)nc(c34)N(C5CCCC5)c6c(C(=O)N4C)cccc6,-3.11,32,-0.0971875
Cc1cc(F)ccc1S(=O)(=O)C(=O)C([O-])(C(F)(F)F)C(F)(F)F,-3.109,23,-0.13517391304347826
Cc1cc(on1)[C@@H](C(C)C)C(=O)N2CCN(CC2)c3ccc(Cl)cc3,-3.109,25,-0.12436
Nc(n1)nn(c12)c(ccc2)N3CCN(CC3)C(=O)CC4(CC(=O)[O-])CCCC4,-3.108,28,-0.111
Oc1c(Br)ccc(c12)c(cc(n2)N)-c(c(n3)C)n(c34)ccnc4N5CCOCC5,-3.108,29,-0.10717241379310345
CC(C)Cc1nc(cs1)[N@H+]2CC[C@@H](CC2)c3nc(no3)-c4cccs4,-3.107,25,-0.12428
C1CCCCN1c(c2CC)[nH+]c(N)nc2N3CCN(C)C(=O)[C@H]3C,-3.106,24,-0.12941666666666665
COc(cc1)cc(c12)c(CCNC(=O)C)c([nH]2)-c3csc(n3)NC(=O)c4ccc(SC)cc4,-3.106,33,-0.09412121212121212
CN(C)CC[N@@H+]1CC[C@H](C1)c(n2)n(Cc3ccccc3)c(c24)cc(cc4)N5CCN(C)CC5,-3.105,33,-0.09409090909090909
O=C([O-])CCCCCOc1ccccc1CN(C2CC2)c3ccn[nH]3,-3.105,25,-0.1242
o1nc(C)c(c12)cc(c(c2)NC)NS(=O)(=O)c3ccc(cc3)C#CCNS(=O)(=O)C,-3.103,30,-0.10343333333333334
C1CC1Nc(nc2N)cc(n2)N3CCN(CC3)CCCNC(=O)c4ccc(S(=O)=O)cc4,-3.102,32,-0.0969375
O1CCOc(c12)cc(cc2)C(=O)[C@H](CO)NC(=O)CCCCCCCCCO,-3.101,28,-0.11075
O=C([O-])c1ccc(cc1)CN2CCN(CC2)Cc3ccccc3,-3.101,23,-0.13482608695652173
Fc1ccc(cc1)-c2[nH+]cn(c2NC3CC3)C4CC[NH2+]CC4,-3.099,22,-0.14086363636363639
COCCOCCc(cc1)cc(c12)n(CCOC(F)(F)F)c(n2)C3CCOCC3,-3.099,29,-0.10686206896551725
c1cc(Br)ccc1[C@@H](C)NC(=O)Cc(c[nH+]c2)c(c23)c(O)ccc3,-3.098,24,-0.12908333333333333
CC(C)NC(=O)O[C@H](CC[C@]1(C)O)c(c12)nnn2Cc3ccc(F)cc3,-3.098,26,-0.11915384615384615
c1ncc(C)c(c12)c(ccc2)S(=O)(=O)c(cc3)cc(c34)occ4CC(=O)[O-],-3.097,27,-0.1147037037037037
C[NH+](C)CC[N@H+]1CC[C@@H](CC1)c2ccc(O)c(O)c2,-3.097,19,-0.163
C[NH+](C)CCN(CC1)CCC1n(nnc2C)c2N3CCS[C@@H](CC3)c4cccs4,-3.097,29,-0.10679310344827586
c1ccc(C)c(c12)[nH]c([nH+]2)CC[NH2+]Cc3ccc(c(Cl)c3)-c4n[nH]c(n4)-c5ccc(F)cc5,-3.096,33,-0.09381818181818181
COC(=O)N(CC1)CCC12CN(C2)[N@@H+]3CCC[C@H](O)C3,-3.096,20,-0.1548
c1ccccc1-n(nc2C)c(C)c2/C=N/N3CCN(CC3)S(=O)(=O)c(cc4)cc(c45)scn5,-3.096,33,-0.09381818181818181
c1cccc(c12)c(c[nH]2)C[C@H](N)C(=O)NC3CCN(CC3)CCc4c[nH+]c[nH]4,-3.096,28,-0.11057142857142857
CN1CCN(CC1)c2cc(F)c(c(F)c2)-c3cc(CO)ccc3F,-3.095,24,-0.12895833333333334
Cc(c1)c(C)cc(c12)sc(n2)Cc([nH]3)nc(c34)cc(cc4C)N5CCOCC5,-3.094,28,-0.1105
C1COCCN1c(c2)cc(C)c(c23)[nH]c(n3)-c4ccc(cc4)-c(ccc5)c(c56)[nH+]cn6C,-3.094,32,-0.0966875
N1CCCC[C@@H]1C(=O)CC[C@@H](C)[C@H]2CC[C@H]([C@@]23C)[C@H]4[C@H](C[C@@H]3O)[C@]5(C)[C@H](C[C@H]4O)C[C@H](O)CC5,-3.093,34,-0.09097058823529412
c1cccc(O2)c1OC23CCN(CC3)NCc4ccc(cc4)[NH+]5CCCCC5,-3.092,28,-0.11042857142857143
n1nc(C)n(c12)nc(cc2)Cc3cc(Cl)c(c(Cl)c3)-c4ccccc4,-3.092,25,-0.12368
o1nc(C)c(c12)cc(c([O-])c2)-c3ccc(B(O)O)cc3,-3.092,20,-0.15460000000000002
C[N+](C)(C)[C@@H]1CC[N@H+](CC1)CCOCCO,-3.092,16,-0.19325
FC(F)(F)c1ncc(c(c12)C[C@@H](F)[C@H]2O)[C@@H](C(=O)[O-])Cc(c[nH]3)c(c34)cccc4,-3.09,29,-0.10655172413793103
O=c1[n-]cc(Cl)cc1-c2ncc[nH]2,-3.09,13,-0.23769230769230767
CCOC(=O)c1csc(n1)N2CCC(CC2)NC(=O)[C@@H](N)Cc(c[nH]3)c(c34)cccc4,-3.09,31,-0.0996774193548387
Cc1cc([nH]n1)[C@@H](C)NCCOc2ccc(cc2)C[C@@H]3SC(=O)NC3=O,-3.088,26,-0.11876923076923077
c1cccc(c12)sc(n2)C(=O)N3CCC(CC3)c4nc(no4)-c5cccs5,-3.087,27,-0.11433333333333334
Cc1nn(C)c(O)c1C(=O)c(cc2)c(C)c(c23)c(=O)n(c(=O)n3C)-c4ccc(C(C)(C)C)cc4,-3.087,34,-0.09079411764705883
c1cc(C)cc(c12)[nH+]c([nH]2)CCN3CCN(CC3)C4COC4,-3.087,22,-0.14031818181818181
CC[NH+]1CCN(CC1)c2nc(c(o2)C)CCCc3ccc(cc3)C[C@@H](C(=O)[O-])n4nccn4,-3.086,33,-0.09351515151515151
CN(C)CC[N@@H+](CC1)CC[C@H]1n(nnc2C)c2-c3cccc(n3)-c4cccc(c4)-c5csc(=O)[nH]5,-3.086,35,-0.08817142857142857
COc1ccc(cc1)Cn(nn2)c(c23)[C@@](C)(O)CC[C@H]3Cc4ccc(Cl)cc4,-3.086,28,-0.11021428571428571
s1cccc1S(=O)(=O)[N-]c2cccc(c2)N3CCN(CC3)c4ccc(Cl)cc4,-3.086,28,-0.11021428571428571
CN1CCN(CC1)CC[NH2+]C2CCCC2,-3.085,15,-0.20566666666666666
CN1CCN(CC1)c2ccc(cc2)NCCN3CCOCC3,-3.084,22,-0.14018181818181819
COC[C@H](C)CCCN1CCOCC1,-3.083,14,-0.22021428571428572
O=C1CCCC(=O)C1=C([O-])c(cc2)c(C)c(c23)c(=O)n(c(=O)n3C)N4CCN(C)C(=O)[C@H]4C,-3.082,33,-0.09339393939393939
COc(c(Cl)c1)ccc1CCc([nH+]c(c23)cc(cc2)NCC)n3C[C@H](C)N4CCOCC4,-3.082,32,-0.0963125
C1CC1NC(=O)c2ccc(s2)-c3ccc(cc3Cl)CNCCc4ccc[nH]4,-3.081,27,-0.11411111111111111
c1cc(Br)c(O)c(c12)[nH+]c(N)cc2N3CC[N+](CC3)=C(N4)CSc(c45)cccc5,-3.08,29,-0.10620689655172413
CN(C)CC[N@H+]1CC[C@@H](CC1)c2cccc(c2)[N-]S(=O)(=O)c3cccs3,-3.079,26,-0.11842307692307694
Cc1nn(C)c(C)c1NS(=O)(=O)c2c(Cl)cc(cc2Cl)-c3ccc(nc3)-c4cn(C)nn4,-3.079,32,-0.09621875
Cc1noc(C)c1-c2ccc(=O)n(c2)-n(c(n3)SCCC(=O)[O-])c(c34)cccc4,-3.078,29,-0.10613793103448275
Nc([nH+]1)cc(C)c(c12)ccc(c2)-c3ccc(c(c3)C[NH3+])NCCCNC(=O)c4ccc(=O)n(C)c4,-3.078,35,-0.08794285714285714
N#CCCN(C)c(c(c12)scc2)nc(n1)C(=O)N3CCC(CC3)c4nc(no4)-c5cccs5,-3.077,33,-0.09324242424242424
FC(F)(F)c1ccc(cc1)N2CC[NH+](CC2)Nc(cc3)cc(c34)c(c[nH]4)C5CC[NH2+]CC5,-3.077,32,-0.09615625
Fc1ccc(cc1C)S(=O)(=O)c(c2)c([O-])cc(c23)NC(=O)C(O3)(C)C,-3.076,25,-0.12304
CNc1cc(nc(N)[nH+]1)N2CCN(CC2)c3ccnc([nH+]3)Nc4cc(C)cc(C)c4,-3.076,30,-0.10253333333333334
OCCCCCn(c1-c2cc[nH]n2)nc(c1C)C(=O)NC34C[C@H]5C[C@@H](C4)C[C@H](C5)C3,-3.076,30,-0.10253333333333334
CC[C@](C)(C(=O)[O-])[NH+]1CCN(CC1)c2ccc(Cl)c(C(F)(F)F)c2,-3.076,24,-0.12816666666666668
COc1cccc(c1)-c(cc2)cc(c23)oc(c3CC(=O)[O-])N(C)c4c(C)[nH+]n(C)c4C,-3.076,31,-0.0992258064516129
CCCCCCC/C([O-])=C\C(=O)SCCNNCc1cc(C)ccc1C,-3.075,26,-0.11826923076923078
CNc1cc[nH+]c(n1)-c(ccc2S(=O)(=O)C(F)F)c(c23)CC(F)(F)[C@H]3O,-3.074,26,-0.11823076923076922
Cn(n1)ccc1-c([nH+]cn2)cc2N(C)CCOc3ccc(cc3)C[C@@H]4SC(=O)NC4=O,-3.074,31,-0.09916129032258064
Cc1ccc(cc1)N[C@@H](CO)C(=O)N[C@@H](CCCC[NH3+])C(=O)NCCC2CCCCC2,-3.074,31,-0.09916129032258064
CCC(=O)c1c[nH]c(c1)C(=O)NCc2ccc(cc2C(F)(F)F)[N-]S(=O)(=O)C3CC3,-3.073,30,-0.10243333333333333
C1CCCCN1Cc(cc2)ccc2C3CC[NH2+]CC3,-3.071,19,-0.16163157894736843
c1cc(F)ccc1-c(o2)c(C(=O)NC)c(c23)cc(C4CC4)c(c3)Cc5ccccc5C(=O)[O-],-3.071,33,-0.09306060606060607
CCS(=O)(=O)Nc1ccc(C(=O)C(F)(F)F)c(c1)-c(cn(C)c2=O)c(c23)oc(c3)-c4c[nH]c[nH+]4,-3.07,34,-0.09029411764705882
COCCOCCOCCc(n1)sc(c12)cccc2,-3.068,19,-0.16147368421052632
CN(C)CC[N@@H+]1CC[C@H](C1)n2cnc(-c3ccc(C(F)(F)F)cc3)c2-n(cc4)c(=O)n(c45)cc[nH+]5,-3.068,35,-0.08765714285714286
CNc1cc(nc(n1)N)-c2ccc(N)[nH+]c2,-3.068,16,-0.19175
CCCCCCC/C([O-])=C/C(=O)SCCNN1CC[NH+](CC)CC1,-3.068,24,-0.12783333333333333
C#CCc(c1)[nH+]c(n12)cc(cc2)NC(=O)c3c(cnn3C)C(=O)N4CCOCC4,-3.068,29,-0.10579310344827586
CNc1cc(nc(n1)N)CCCCCCCCCCC(=O)[O-],-3.067,22,-0.13940909090909093
O=c1n(C)cc(cc1C)-c(cc2)cc(c23)n(-c4ccc(C(=O)[O-])c(Cl)c4)c(n3)C5CCOCC5,-3.067,34,-0.09020588235294118
C1COCCN1c(c2)cc(C)c(c23)nc([nH]3)-c4ccc(cc4)-c(ccc5)c(c56)[nH+]cn6C,-3.067,32,-0.09584375
CCc1ccc([nH+]c1)CCn(c(c23)cccc3)nc2C(=O)N[C@@H](C(C)(C)C)C(=O)OC,-3.066,31,-0.09890322580645161
CC(C)(C)c1cc(Br)c(O)c(c1)CNC2CCCC2,-3.066,19,-0.16136842105263158
Nc(n1)[nH]c(c12)c(cc[nH+]2)-c3cccc(n3)Oc4cc(Br)ccc4Br,-3.065,25,-0.1226
N#Cc1ccc(cc1)CCOCCOCCO,-3.064,17,-0.18023529411764705
Cc1[nH]nc(C2CC2)c1N3CCN(CC3)C(=O)[C@@H](c4ccc(Cl)cc4)c5cccnc5,-3.064,31,-0.09883870967741935
Fc1ccc(cc1)-c2[nH]nc(n2)C([N-]3)=CSc(c34)cccc4,-3.064,22,-0.13927272727272727
COC(=O)CC(=O)NCCCc(n[nH+]c1C)c(c12)cc(cc2)N3CCNCC3,-3.063,28,-0.10939285714285715
Cc1nn(C)c(C)c1Cn2c(nccc3)c3cc4n(C)c(=O)c(c4c25)ccc5,-3.063,28,-0.10939285714285715
Cc(n1)c(C)n(c12)c(C)c(cc2)CCc3[nH+]c(cn3C)-c4ccnc(c4)N5CC[NH2+]CC5,-3.062,32,-0.0956875
COc1ccc(cc1)Cn(nn2)c(c23)[C@@](C)(O)CC[C@H]3Oc(cc4)cc(c45)O[C@@H](C(=O)N5)CC6CC6,-3.062,36,-0.08505555555555555
Cc1ccc(C(C)C)cc1-c2ncc(CS(=O)(=O)C)cc2-c(cc3C)n(c34)cnnc4O,-3.061,32,-0.09565625
CC(C)(C)OC(=O)[C@H](CC)[NH2+]CC#Cc1ccc(cc1)C(=O)NCCC(F)(F)F,-3.061,29,-0.10555172413793103
CS(=O)(=O)N1CC[C@@H](C1)N2CCN(CC2)C(=O)CC3(CC(=O)[O-])CCCC3,-3.061,27,-0.11337037037037037
[NH3+]CC[NH2+]CCOc1ccc(cc1)C2CCN(CC2)c(cc3)nn(c34)c(Cl)nn4,-3.06,29,-0.10551724137931034
Cc1cc([nH+][nH]1)[C@@H](C)Nc2cc(F)cc(Br)c2,-3.06,17,-0.18
Nc(n1)nn(c12)c(ccc2)C(=O)C([O-])(C(F)(F)F)C(F)(F)F,-3.058,22,-0.13899999999999998
O=C1[N-]C(=O)[C@@H](S1)Cc(cc2)cc(c23)ccc(c3)-c(cs4)c(c45)oc(cc5O)=[N+]6CCOCC6,-3.057,34,-0.08991176470588236
CCn(cn1)c(c12)c(=O)[nH]c(=O)n2N3CCN(CC3)c4ccc(Cl)c(C(F)(F)F)c4,-3.056,30,-0.10186666666666667
n1nc(C)n2nc(c(c3c12)cccc3)-c4ccc(c(c4)CC5CC5)N6CCOCC6,-3.055,30,-0.10183333333333335
O=c1n(C)cc(cc1C)-c(cc2)cc(c23)n(c([nH+]3)C4CCOCC4)CCc5c[nH]c[nH+]5,-3.055,31,-0.0985483870967742
C1=CN(C)C(=O)[C@H](C)c(c12)ccc(c2)OCCCCCc3cc(nc(N)[nH+]3)NC4CC4,-3.055,31,-0.0985483870967742
CC(C)c1cccc(C(C)C)c1NS(=O)(=O)c2ccc(cc2)[C@H]3CC(=O)N(C)C3,-3.055,29,-0.1053448275862069
O=c1n(C)ncc(c1C)NCc2ccccc2[NH2+]CC3(CCCC3)c4ccc(N(C)C)cc4,-3.055,33,-0.09257575757575758
Fc1cc(F)ccc1[C@@](O)(Cn2cncn2)Cc3ncc(F)cc3F,-3.054,25,-0.12215999999999999
CC(=O)N[C@H]1CCN(C1)N2CCC(CC2)CCC(=O)NCc3ccc(cc3)[NH+]4CCCCC4,-3.054,33,-0.09254545454545454
CCc(c1)nc(C)c(c12)c(c(c([n-]2)=O)C#N)-c3cccc(Cl)c3F,-3.054,24,-0.12725
CNc1cc([nH+]c(n1)N)N2CCN(CC2)[NH2+][C@H](C(=O)[O-])Cc(c[nH]3)c(c34)cccc4,-3.054,30,-0.10179999999999999
COc1cc(OC)cc(c12)[nH]c(nc2=O)-c3[nH]nc(n3)-c4ccc(F)cc4,-3.053,27,-0.11307407407407408
C1CC1Nc(c2CC)nc(N)nc2C(=O)CC[NH2+]Cc3ccc(c(Cl)c3)-c4ccccc4,-3.052,32,-0.095375
O=c([n-]1)onc1-c(c2CC)nc(N)[nH+]c2N3CCN(C)CC3,-3.052,22,-0.13872727272727273
O=c([n-]1)onc1-c(c2CC)[nH+]c(N)nc2N3CC[NH+](C)CC3,-3.052,22,-0.13872727272727273
OCCOc1c(C)cc(cc1C)-c(c(c23)cccn3)cc(c2)-c(cc4)cn(c45)c(nn5)C,-3.052,32,-0.095375
CN1C[C@H](CC1=O)c2ccc(cc2)S(=O)(=O)CCOCCOCCOCCO,-3.051,28,-0.10896428571428572
CC(C)Nc1c(F)cc(cc1F)-n(nn2)c(c23)C(=O)c4c(C3=O)cccc4,-3.05,27,-0.11296296296296296
COc1cccc(c1)CC(=[NH2+])Nc(cc2)c3[nH]c(cc(c3c24)c([O-])n4C)N5CC[NH+](C)CC5,-3.05,33,-0.09242424242424242
Cc(c1)cccc1-c(nc(C(=O)[O-])c2C(=O)C)n2-c3cc(Cl)ccc3C,-3.05,26,-0.11730769230769231
O=C([O-])c1ccc(cc1OC)NCCc2ccc(cc2)OC(C)(C)C(=O)[O-],-3.049,27,-0.11292592592592593
COc(nn1)ccc1-c(c2CC)nc(N)nc2N3CCN(C)CC3,-3.048,24,-0.127
CCCCCCC/C([O-])=C/C(=O)SCCNC(=O)CCNS(=O)(=O)C1CCCCC1,-3.048,30,-0.1016
O=c1n(C)cc(cc1C)-c(cc2)cc(c23)n(CCc4c[nH]cn4)c(n3)C5CCOCC5,-3.046,31,-0.09825806451612902
CC(=O)N[C@H]1CCN(C1)c2ccc(cc2F)C3=NO[C@@H](C3)CNc(cc4)cc(c45)nc(s5)C,-3.046,33,-0.0923030303030303
[nH+]1ccc(OC)c(c12)cc(cc2)-c3ccc(=O)n(c3)Cc4ccc([C@@H](C)O)cc4,-3.045,29,-0.105
Cc1ccccc1CC(=O)NCC23C[C@@H]4C[C@H](C3)C[C@@H](C4)C2,-3.045,22,-0.1384090909090909
CC[C@](C)(C(=O)[O-])Oc1ccc(cc1)CCS(=O)(=O)c(c2)c(C)cc(c23)n(C)c(=O)n3C,-3.042,32,-0.0950625
COc1cccc(c1)OCC(=O)Nc2ccc(cc2)-c3cc[nH+]c(C)c3,-3.041,26,-0.11696153846153846
CCCCCCCCC(=O)N1CCCC1=O,-3.041,16,-0.1900625
CN1CC[C@@H](C1)n(nn2)c(c23)ccc(Cl)c3Oc4cc(Cl)cc(c4Cl)C[NH3+],-3.041,27,-0.11262962962962962
c1ccccc1[C@@H](C)N[C@@H](Cn2cc[nH+]c2)c3ccccc3,-3.041,22,-0.13822727272727273
CNc1cc(nc(n1)N)N2CCN(CC2)[N@H+](C3CC3)Cc4ccccc4OCCCCCC(=O)[O-],-3.04,35,-0.08685714285714285
OCCOCCc1c(cccc2)c2nc(c13)CCCC3,-3.04,20,-0.152
O=C([O-])C[NH2+][C@H](C)c1ncn[nH]1,-3.04,12,-0.25333333333333335
O=[N+]([O-])c1cc(C(F)(F)F)ccc1Nc(c2CC)[nH+]c(N)nc2N3CCN(C)CC3,-3.04,30,-0.10133333333333333
Cc1noc(C)c1-c2ccc(cc2)-c3ccc(CN)cc3,-3.038,21,-0.14466666666666667
O=C1NC(=O)[C@@H](S1)Cc2ccc(cc2)[NH2+]C3CCCCCC3,-3.038,22,-0.13809090909090907
Clc1c(F)ccc(Cl)c1[C@@H](C)Oc2cc(-n3nccn3)cnc2N,-3.038,24,-0.12658333333333333
Cc([nH+]1)c(C)n(c12)c(C)c(cc2)CCc3nc(cn3C)CCOCCOCCOCCOCCO,-3.036,35,-0.08674285714285715
n1cccnc1Nc(c2)c(ccc2S(=O)(=O)C)N3CCN(CC3)C4COC4,-3.035,27,-0.11240740740740741
C[NH+](C)CCC[N@@H+](C)[C@H]1CCN(C1)S(=O)(=O)c2ccc(cc2)C#CCNS(=O)(=O)C,-3.033,30,-0.1011
Clc1c(F)ccc(Cl)c1[C@@H](C)Oc2cc(-n3nccn3)c[nH+]c2N,-3.033,24,-0.126375
c1cc(Br)c([O-])c(c12)nc(N)cc2-c3c[nH]c[nH+]3,-3.032,18,-0.16844444444444445
O=C([O-])c(c1)cccc1-c(ncc2C)nc2Nc3ccc(Cl)c(c3)[N-]S(=O)(=O)C(C)(C)C,-3.031,32,-0.09471875
CCc(c1)nc(C)c(c12)c(c(c([n-]2)=O)C#N)-c3ccc(cc3)CCOCCOCCOC,-3.03,32,-0.0946875
NCC[N@H+]1CC[C@@H](C1)n2cnc(-c3ccc(I)cc3)c2N4CCC[C@H]4C=O,-3.03,27,-0.11222222222222221
C1CCCC1n(c(c2)C(=O)N(C)C)c(c23)nc(nc3)C(=O)c4ccc(cc4)-c5ncccn5,-3.03,33,-0.09181818181818181
C1CC1Nc(c2CC)[nH+]c(N)nc2N[C@H](CCC3)c(c34)cnn4-c5ccccc5F,-3.029,30,-0.10096666666666666
c1cc[nH+]cc1Cc2ccsc2,-3.029,12,-0.2524166666666667
CC(=O)NCCCNCc1ccc(c(Cl)c1)-c2c[nH]nc2C,-3.028,22,-0.13763636363636364
Cc1noc(C)c1-c2ccc(cc2)Cc(cc3)nn(c34)c(C)c([nH+]4)C,-3.027,25,-0.12108000000000001
c1cccc(c12)c3c(n2CC)ccc(c3)[C@@H](C(=C(C)N4)C(=O)CC(=O)N)C(C4=5)=C([O-])CCC5,-3.027,33,-0.09172727272727273
Fc1ccc(cc1C)S(=O)(=O)N[C@@H](Cn2ccnc2)c3ccccc3,-3.026,25,-0.12104
Fc(c1)cccc1OCC(=O)NCCCNCc2ccc(c(Cl)c2)-c3ccccc3,-3.025,30,-0.10083333333333333
O=c1[n-]c(=O)ccn1C(=O)c2ccc(cc2)-c3ccco3,-3.023,21,-0.14395238095238097
COCCCNc(cc(c12)[nH+]ccc2)cc1-c3c(C)noc3C,-3.023,23,-0.13143478260869565
CCc(no1)c(c12)cc(c(c2)OC)NC(=O)Cc(c[nH+]c3)c(c34)c([O-])ccc4,-3.023,28,-0.10796428571428572
O=C([O-])CCCCCc(nc1N)cc(n1)N2CCCCC2,-3.022,21,-0.1439047619047619
CC[NH+]1CCN(CC1)Cc2ccc(cc2C(F)(F)F)NCCN(C)[C@H]3CCCC[NH2+]3,-3.022,30,-0.10073333333333333
NC(=O)C[NH+]1CCN(CC1)C(=O)c2cc(=O)[nH]c(=O)[n-]2,-3.022,20,-0.15109999999999998
COc(c1)c(OC)cc(c12)C[N@@H+](CC2)CCc3ccc(cc3)Nc4n[nH]c(n4)-c5ccc(F)cc5,-3.021,35,-0.08631428571428572
Cc1cc(on1)[C@@H](C(C)C)C(=O)N[C@@H](c(nnc2C)n2c(c34)cccc4)N=C3c5ccccc5,-3.021,34,-0.08885294117647058
C1CC1Oc2ccc(cc2OC)C(=O)NNc(cc(n3)C)n(c34)ncn4,-3.02,26,-0.11615384615384615
Cc1ccc(Cl)cc1[C@](C)(c2ccccn2)c3cccc[nH+]3,-3.019,22,-0.13722727272727273
Oc1c(C)cc(cc1C)-c2ccc(Cl)c(c2)[N-]S(=O)(=O)C(C)(C)C,-3.016,24,-0.12566666666666668
Cc1ccc(cc1)N(C)C(=O)c2ccc(cc2)-c3ccccc3,-3.015,23,-0.13108695652173913
CC(C)(C)S(=O)(=O)C[C@H](CC)n1ccnc1C(=O)Nc(cc2)cc(c23)n(nn3)C,-3.015,29,-0.10396551724137931
CC(C)(C)OC(=O)NCCC[NH2+]c(cc1)cc(c12)OCCO2,-3.015,22,-0.13704545454545455
CCN(C(=O)C1)c(c12)ccc(c2)NC(=O)CCC3CCN(CC3)c4ccc(C#N)cc4,-3.015,31,-0.09725806451612903
C[C@H]1CNCCCN1[C@@H]2O[C@@H]([C@@H](O)[C@H]2O)C[S+](C)CC[C@H]([NH3+])C(=O)[O-],-3.014,25,-0.12055999999999999
Fc1cc(F)ccc1Oc(ccc2[N-]S(=O)(=O)CC)c(c2)-c3cc(cnc3N)-c4cnn(C)c4,-3.013,34,-0.08861764705882352
c1cc(Cl)ccc1[C@@H](c2cccnc2)C(=O)N3CCN(CC3)COCCO,-3.013,27,-0.11159259259259259
Cc1ccc(cc1)C[N@@H+](CC2)CC[C@@]2([NH3+])Cc3ccc(Cl)cc3,-3.013,23,-0.131
c1ccc(OC)c(c12)nc([nH]2)CCNCc3ccc(c(Cl)c3)[C@H]4C[C@@H](C#N)C4,-3.012,28,-0.10757142857142857
Clc1ccc(cc1)N2CCN(CC2)CCc([nH+]3)[nH]c(c34)cc(Cl)c(Cl)c4,-3.01,26,-0.11576923076923076
C[NH+](C)CC[N@H+](CC1)CC[C@H]1n(nnc2C)c2-c3ccc(cc3)[C@@H](C[NH3+])c4ccc(Cl)cc4,-3.009,33,-0.09118181818181818
CCCCCCC/C([O-])=C/C(=O)SCCNc1nc(cs1)C(=O)OCC,-3.008,26,-0.11569230769230769
c1cc(Br)ccc1CNc(c2)c(ccc2C(=O)[O-])N3CCC(CC3)N4CCCOC4=O,-3.007,31,-0.097
O=C1NC(=O)[C@@H](S1)Cc2ccc(cc2)Nc(cc3)cc(c34)nc([nH]4)-c5ccccc5,-3.007,30,-0.10023333333333334
CC[C@@H]([C@H](C)O)c1ccc(cn1)S(=O)(=O)[N-]c2c(C)nn(C)c2C,-3.006,24,-0.12525
CC(=O)N1[C@@H](C2CC2)CN(C(=O)CC(=O)C(=O)[O-])c(c13)cc(cc3)C4=CC[NH2+]CC4,-3.006,30,-0.1002
C1CCCCN1c2nc(N)nc(c2CC)-c3cccc(c3F)-c(ccn4)c(c45)[nH]cn5,-3.006,31,-0.09696774193548387
N#Cc1ccc(cc1C)Oc2ccc(cc2)CC(=O)c3c(C)nnn3[C@@H]4CC[N@H+](CC4)CCN(C)C,-3.003,36,-0.08341666666666667
COC(=O)N(CC1)CCC12CN(C2)c3nc(CCC[NH+](C)C)[nH+]c(c3C)-c4c(C)noc4C,-3.002,33,-0.09096969696969696
COc1ccc(cc1OC)N([NH2+]C2CC2)CC(=O)NC(C(C)C)C(C)C,-3.002,26,-0.11546153846153845
CCNN1[C@@H](C)C[C@@H](NC(=O)OC(C)C)c(c12)cc(cc2)-c3ccc(cc3)C[NH2+]C,-3.002,30,-0.10006666666666666
N#Cc(c(N)[nH]1)c(c12)cc(cc2)-c3nnc([nH]3)-c4ccccc4,-3.002,23,-0.13052173913043477
CC(C)(C)c([nH]n1)cc1N(C(=O)CC)[C@H](c2cccnc2)C(=O)CCCNC(=O)CC(=O)OC,-3.001,34,-0.08826470588235294
c1cnccc1NC(=O)[C@H](C(C)C)/[NH+]=c(\cc2O)oc(c23)c(ccc3)-c(cc4)cc(c45)OCCO5,-2.999,35,-0.0856857142857143
C/C=C/CCCCCCCC(=O)O[C@H](COP(=O)([O-])O)Cc1cnn(c1)C[C@H](C)OC,-2.999,31,-0.09674193548387097
Cc1cc(on1)[C@@H](C(C)C)C(=O)c(n2)n(Cc3ccccc3)c(c24)cc(cc4)N5CC[NH+](C)CC5,-2.998,35,-0.08565714285714286
Cc1cccc(n1)[C@@H]2N(CCc(c23)scc3)C(=O)Cc4ccn[nH]4,-2.998,24,-0.12491666666666668
Cc1nc(CN(C)C)ccc1-c(c(c23)c(=O)[nH]nc3)cnc2NC45C[C@H]6C[C@@H](C5)C[C@H](C6)C4,-2.995,33,-0.09075757575757576
CS(=O)(=O)[N-]c1cc(ccc1C)C(=O)CCCCCCCCC[NH3+],-2.995,24,-0.12479166666666668
C1COCC[NH+]1[C@@H](C)Cc2noc(n2)C3CCN(CC3)C(=O)Cc4ccccc4,-2.995,29,-0.10327586206896552
CS(=O)(=O)Oc1ccc(cc1)CCc(sc2S(=O)(=O)C)c(c23)CC(F)(F)[C@H]3O,-2.995,28,-0.10696428571428572
CCc1ccc(nc1)CC[NH2+]CCCOC,-2.994,16,-0.187125
CCCCCC(=O)N[C@@H](CO)[C@H](O)CN[C@H](C)c(n1)n(CC)c(c12)cc(C(F)(F)F)cc2,-2.994,32,-0.0935625
c1cc(Cl)ccc1C(=N2)c(c3n(c(C)nn4)c4C25CC5)cc(cc3)N6CCC[NH2+]C[C@@H]6C,-2.994,32,-0.0935625
Cc1cc(OC)cc(c12)c(c3c(n2)[nH]nc3C)C[C@@H]4CC[N@H+](CC4)CC[NH+](C)C,-2.993,29,-0.10320689655172413
C[C@H](N)[C@@H](O)C(=O)NC[C@H]1CN(C(=O)O1)c2ccc(c(F)c2)N3CCSCC3,-2.992,28,-0.10685714285714286
CN(C)CC[N@@H+](CC1)CC[C@H]1n(nnc2C)c2-c3cccc(n3)-c(cc4)nn(c45)c(C)c(n5)C,-2.991,34,-0.08797058823529412
N#CCCN(CC1)CCC12N=C(NC2=O)c3ccc(OC(F)(F)F)cc3,-2.991,26,-0.11503846153846155
Cc1cc(N)nc(c1)C[C@@H]2C[NH2+]C[C@@H]2N[C@H](Cc(c[nH]3)c(c34)cccc4)C(=O)Nc5ccncc5,-2.99,35,-0.08542857142857144
c1ccc(OC)c(c12)[nH]c(n2)CCNCc3ccc(c(Cl)c3)[C@H]4C[C@@H](C#N)C4,-2.989,28,-0.10675
C1CCN1c(c2CC)nc(N)[nH+]c2N3CCN(C)CC3,-2.988,20,-0.1494
c1nccn1C[C@@H](NC(C)C)c2ccc(Cl)cc2Cl,-2.988,19,-0.15726315789473685
c1c(F)c(F)cc(c12)CC(C2)(CC(=O)[O-])C(=O)c(ccc3C(F)(F)F)c(c34)CC[C@H]4O,-2.988,31,-0.09638709677419355
C1CC1Nc(c2CC)[nH+]c(N)nc2-c(c3)nc(NC)c(n34)nnc4C,-2.987,25,-0.11948
CC(=O)NCCCNCc1ccc(c(Cl)c1)Nc2cc[nH+]cc2,-2.986,23,-0.12982608695652176
CCc(c1)nc(C)c(c12)c(c(c([n-]2)=O)C#N)-c3ccc(cc3)Nc4cncc(C)c4,-2.986,30,-0.09953333333333333
Cc1nnn(C)c1-c(c2)c(F)cc(c23)c4c(cc(cn4)C(C)(C)O)n3-c5ccc(cc5)C6=N[C@@H](C)CO6,-2.986,37,-0.0807027027027027
CC[C@H](C)[C@H]([NH3+])C(=O)C(=O)O[C@H](CC[C@]1(C)O)c(c12)nnn2Cc3ccc(OC)cc3,-2.986,31,-0.09632258064516129
CNC(=O)c1cccc(c1)S(=O)(=O)N2CCN(CC2)c3ccccc3OCCO,-2.986,29,-0.10296551724137931
COc(cc1)cc(c12)C(c(ccc3)c(c34)cc[nH]4)=N[C@H](c5n2c(nn5)C)CC(=O)c6ccno6,-2.985,34,-0.08779411764705881
COc1ccc(cc1)Cc2ccc(cc2Cl)CNCCc3ccc[nH]3,-2.984,25,-0.11936
COCCOCCC(c1ccccc1)c2ccccc2,-2.984,20,-0.1492
COC(=O)[C@H](C(C)(C)C)NC(=O)N1CCC(CC1)c2nc(no2)-c3cccs3,-2.984,28,-0.10657142857142857
OCCCCCn(c1-c2ccn[nH]2)nc(c1C)C(=O)NC34C[C@@H]5C[C@H](C4)C[C@@H](C5)C3,-2.982,30,-0.0994
O=S1(=O)C(F)(F)[C@H]([O-])c(c12)c(C(F)F)c(cc2)C3CCCCC3,-2.981,23,-0.1296086956521739
CO/C([O-])=C\C(=O)c1ncn(C2CC[NH2+]CC2)c1-c3ccnc(n3)Nc4ccc(C)c(C)c4,-2.98,33,-0.0903030303030303
C1CN(C)CCN1c2nc(N)[nH+]c(c2CC)Cc3nc(cn3C)-c4ccccc4,-2.979,29,-0.10272413793103449
COc1ccc(cc1Cl)CCc(n2)n(C[C@H](C)[NH+]3CCOCC3)c(c24)ccc(c4)-c5ccn(n5)C,-2.978,35,-0.08508571428571429
Cc1ccc(cc1)S(=O)(=O)c2ccc(cc2)-c3cc[nH+]c(C)c3,-2.978,23,-0.12947826086956524
CCn1c(=O)[n-]c(=O)c(c12)[C@H](c3ccc(C)cc3)C4=C(N2)CN(C4=O)c(cc5)cc(c56)nc(N)cc6C,-2.978,37,-0.08048648648648649
O=c1n(C)cc(cc1C)-c(cc2)cc(c23)n(c(n3)C4CCOCC4)NC5CCCCCC5,-2.978,32,-0.0930625
CC(C)c(no1)c(c12)cc(cn2)C(=O)N3[C@@H](C)Cn(c34)c5c([nH+]4)cccc5,-2.976,27,-0.11022222222222222
O=C([O-])C(C)(C)c1ccc(cc1)C[C@@H]2SC(=O)[N-]C2=O,-2.976,20,-0.1488
C[C@H]1CC[C@@H](CC1)Cn(c(n2)-c3cc[nH]n3)c(c24)c(nc(c4)-c5noc(=O)[n-]5)-c6cncc(Cl)c6,-2.975,35,-0.085
COc1ccc(nn1)N2CCN(CC2)c3cc(C4CC4)[nH+]n3C,-2.975,23,-0.12934782608695652
n1nc(C)n(c12)c3c(cccc3)N(C[C@H]2C)N[C@H](C(=O)[O-])Cc(c[nH]4)c(c45)cccc5,-2.974,31,-0.09593548387096774
O=C([O-])CCSc([nH+]1)n(c(c12)cccc2)[C@@H]3C=NC(N3)=C4CCC4,-2.973,24,-0.123875
COc1cc(=O)n(C)nc1-c2ccc(C(=O)Nc3ccccc3C(=O)[O-])cc2Oc4ccccc4,-2.972,35,-0.08491428571428572
C[NH+](C)CCCN(C)[C@H]1CCN(C1)c2ccc(S(=O)(=O)N)cc2CC[NH3+],-2.972,26,-0.1143076923076923
C/C=C/CCCCCCCC(=O)O[C@H](COP(=O)([O-])O)Cc1ccc(Br)cc1,-2.972,28,-0.10614285714285714
COc1cccc(c1)-c2ncn(c2-c3ccc(OS(=O)=O)cc3)CCCCCc4cccc[nH+]4,-2.972,34,-0.08741176470588236
C[N+](C)(C)C1CCN(CC1)c(c(c23)ccs3)ccc2C[C@@H]4SC(=O)[N-]C4=O,-2.972,27,-0.11007407407407407
o1nc(C)c(c12)cc(c(c2)NC)N[N@@H+]3C[C@H](O)C[C@H]3C(=O)NCc4ccc(cc4)[C@@H]5C(C)=NCS5,-2.971,35,-0.08488571428571429
CCc(c1)nc(C)c(c12)c(c(C#N)c(=O)[nH]2)-c3ccc(cc3)NC[C@H](C)N4CCOCC4,-2.971,32,-0.09284375
Nc(n1)[nH]c(c12)c(ccn2)-c3cccc(n3)Oc4cc(Br)ccc4Br,-2.97,25,-0.1188
Cc1nn(C)c([O-])c1C(=O)c(cc2)c(C)c(c23)c(=O)n(c(=O)n3C)-c4ccc(C(C)(C)C)cc4,-2.969,34,-0.0873235294117647
N#Cc1cccc(c12)n(c(n2)C)N(c3cc(on3)C(C)(C)C)[C@@H](C(=O)NC(C)(C)C)c4cccnc4,-2.968,36,-0.08244444444444445
CCCCCCC/C([O-])=C/C(=O)SCCNc1ccc(O)c(O)c1,-2.968,24,-0.12366666666666666
C1CC1Nc(c2CC)nc(N)nc2-c3cc(NC)[nH+]c(n3)N,-2.967,22,-0.13486363636363638
O=C([O-])CCC[C@@H](O)\C=C\Cc(nc1N)cc([nH+]1)N2CCN(CC2)C3COC3,-2.967,28,-0.10596428571428572
c1cc(C(F)(F)F)cc(c12)n(CC)c([nH+]2)[C@@H](C)N[C@H]3C[NH2+]C[C@H]3Cc4cc(C)cc(N)[nH+]4,-2.967,32,-0.09271875
CC(C)[C@H](CO)C(=O)CCCC[C@@H]1CCSS1,-2.967,17,-0.17452941176470588
n1cn(C(C)C)c(c12)[nH+]c(N[C@H](CC)CO)nc2NCc3ccc(cc3)CC[NH+](C)C,-2.966,31,-0.09567741935483871
N#Cc1cccc(c12)n(c(n2)C)C(=O)c3cccc(c3)S(=O)(=O)N(CC4)Cc(c45)cccc5,-2.966,33,-0.08987878787878789
s1cncc1Nc(c2CC)[nH+]c(N)nc2N3CC[NH+](C)CC3,-2.966,22,-0.13481818181818184
c1ccc(C)c(c12)nc([nH]2)CC[NH2+]Cc3ccc(c(Cl)c3)-c4[nH]nc(n4)-c5ccc(F)cc5,-2.965,33,-0.08984848484848484
CC(C)C[C@H]([NH3+])C(=O)NC/C=C/c1ccc(Br)cc1,-2.964,19,-0.156
C[NH+](C)CCN1CC[C@H](C1)c([nH+]2)n(Cc3ccccc3)c(c24)cc(cc4)N5CC[NH+](C)CC5,-2.964,33,-0.08981818181818181
CCCCCCC/C([O-])=C\C(=O)SCCNc(nc(n1)C)c(c12)cccc2,-2.964,27,-0.10977777777777778
COC1=C(OC)C(=O)C(=C(C)C1=O)C/C=C(/C)CCC[C@H]2CCN(C2)CC[NH3+],-2.964,28,-0.10585714285714286
CC[C@H](C)[C@H](N)C(=O)C(=O)OCc1ccccc1,-2.963,18,-0.16461111111111112
OCCCCCc1ccc(cc1Cl)CNCCc2cnc[nH]2,-2.961,22,-0.1345909090909091
CNc1cc[nH+]c(n1)-c(cc2)cc(c23)c(OC)cc[nH+]3,-2.96,20,-0.148
CN1CC[NH+](CC1)[C@@H]2CC[N@@H+](CC2)n3ccc(=O)c(C(=O)[O-])c3[O-],-2.959,24,-0.12329166666666667
c1cncc(c12)c([O-])c(C#N)c(n2)-c3ccc(cc3)[C@H]4C[C@@H](C#N)C4,-2.957,25,-0.11828
[NH3+]CCOP(=O)([O-])OC[C@@H](COC(=O)CCC)Oc1ccccc1CNC,-2.957,27,-0.10951851851851852
CCc(c1)nc(C)c(c12)c(c(c([n-]2)=O)C#N)-c3ccc(cc3)NS(=O)(=O)C,-2.956,27,-0.10948148148148149
CN(C)CCN(CC1)CCC1n(nnc2C)c2-c3ccc(cc3)[C@@H](C[NH3+])c4ccc(Cl)cc4,-2.956,33,-0.08957575757575757
Oc(c1)cccc1[C@H](C(=O)CC(=O)OC)c2ccc(cc2)N3CCN(C(C)C)CC3,-2.955,30,-0.0985
CNc1cc(nc(n1)N)N2CCN(CC2)N(C3CC3)Cc4ccccc4OCCCCCC(=O)[O-],-2.955,35,-0.08442857142857144
CC(C)S(=O)(=O)C(=O)c1cnn(C)c1C(=O)Nc(cc2)cc(n23)[nH+]c(c3)-c4ccccc4,-2.954,32,-0.0923125
CS(=O)(=O)N1CC[C@@H](C1)[NH2+]CC[NH2+]C/C=C/c2ccc(Br)cc2,-2.953,23,-0.12839130434782609
CC1=NCS[C@@H]1c2ccc(cc2)CNCc3ccco3,-2.953,20,-0.14765
C1CNCCN1C(=O)[C@@H](C2)Oc(c23)c(cc(Cl)c3)-c4c[nH+]c([nH]4)C5CCC5,-2.951,27,-0.1092962962962963
NC(=[NH2+])N(CC1)CCC1c(c2)c(ccc2S(=O)(=O)CC)Oc3c(C)cccc3C,-2.95,29,-0.10172413793103449
CCCCC(=O)OC[C@H](CO)CCC1OCCO1,-2.949,18,-0.16383333333333333
c1ccccc1[C@H](N(C)C2=O)c(c23)cc(cc3)-c(ccc4)n(c45)nc([nH+]5)N,-2.949,27,-0.10922222222222222
C[NH+](C)CCN(CC1)CCC1n(nnc2C)c2NCCNC(=O)NC3CCN(CC3)c4ccccn4,-2.947,36,-0.0818611111111111
[nH]1nccc1-c(cc2)cc(c23)[C@@H](C[C@H](C)N3C(=O)C)NCc4cc(C)ccc4C,-2.947,29,-0.10162068965517242
n1[nH]ccc1-c(cc2)cc(c23)[C@@H](C[C@H](C)N3C(=O)C)[NH+]4CCN(CC4)c5cccc(C)c5,-2.947,32,-0.09209375
O=S(=O)c(cc1)ccc1C(=O)[C@H](C[C@H](C)N2C(=O)C)c(c23)cc(cc3)-c4ccn[nH]4,-2.946,30,-0.09820000000000001
C1COCCN1c(c2)cc(C)c(c23)[nH]c(n3)-c4c(cc[nH]c4=O)-c(cc5)cc(c56)ccs6,-2.946,32,-0.0920625
CC(C)NC(=O)O[C@H](CC[C@]1(C)O)c(c12)nnn2-c3ccc(Cl)c(C(F)(F)F)c3,-2.946,29,-0.10158620689655173
OCCOc1c(C)cc(cc1C)[NH+]2CCN(CC2)Cc3ccccc3,-2.946,25,-0.11784
CN1CC[NH+](CC1)c2ccc(cc2)Nc3ncc(Cl)c(n3)C(=O)c4cccc(Cl)c4,-2.945,30,-0.09816666666666667
CNCc1ccccc1-c(n2)n(C)c(c23)c(=O)n(c(=O)n3C)Cc4ccc(Cl)c(Cl)c4,-2.943,31,-0.09493548387096774
CCCCCCC(=O)CCc1ccc(cn1)[C@H](C)O,-2.943,19,-0.15489473684210528
CNC(=O)c1cccc(c1)S(=O)(=O)C(=O)C2CCN(CC2)S(=O)(=O)c3c(C)cc(C)cc3C,-2.943,33,-0.08918181818181818
CC/C=C/CCN1CCN(CC1)c2ccccc2OCCCC(=O)[O-],-2.942,25,-0.11768
CC(=O)NCCCNCc1ccc(CC(=O)[O-])c(Cl)c1,-2.942,20,-0.1471
Cc1ccc(cc1C)-c2ccc(S(=O)(=O)C(F)(F)F)cc2[N+](=O)[O-],-2.942,24,-0.12258333333333334
CC(C)CCNS(=O)(=O)c1ccc(cc1)C(=O)[C@@H]([NH3+])CO,-2.941,21,-0.14004761904761903
CCCCCCCCCCCCC(=O)OC[C@@H](COP(=O)([O-])[O-])N1CC[NH+](C)CC1,-2.94,30,-0.098
Cc1nnn(C)c1-c(c2)c(F)cc(c23)c4c(cc(cn4)C(C)(C)O)n3-c5[nH]nc(n5)-c6ccccc6,-2.939,36,-0.08163888888888889
c1ccc(C)c(c12)nc([nH]2)CC[NH2+]Cc3ccc(c(Cl)c3)-c4nnc([nH]4)-c5ccc(F)cc5,-2.938,33,-0.08903030303030303
n1cc([O-])cn1N(C(C)C)Cc2ccccc2OCCCCCC(=O)[O-],-2.938,26,-0.113
c1nccc(c12)c(C(=O)[O-])c(C)c(n2)-c3ccc(cc3)C(=O)c4ccc(S(=O)=O)cc4,-2.938,31,-0.0947741935483871
n1nc(C)n(c12)c3c(cccc3)N(C[C@H]2C)c4cccc(c4)[N-]S(=O)(=O)c5cccs5,-2.938,31,-0.0947741935483871
Cc1nn(C)c(C)c1[N-]S(=O)(=O)c2ccc([nH+]c2)NCCc3ccn(n3)C,-2.936,27,-0.10874074074074074
CN(C1)C(=O)Nc(c12)ccc(c2)N3C=CCC3=O,-2.936,18,-0.1631111111111111
CCCn(c1[O-])c(=O)n(CCC)c(c12)nc(n2)C(=O)[C@@H]([NH3+])[C@@H](C)CC,-2.936,25,-0.11744
COc1ccccc1Oc2nccc(n2)N3CC[C@@H](C3)[N@@H+](C)CCCN(C)C,-2.935,28,-0.10482142857142858
CNc1cc(nc(n1)N)N2CCN(CC2)N[C@H](C(=O)[O-])Cc(c[nH]3)c(c34)cccc4,-2.935,30,-0.09783333333333334
c1cn[nH]c1-c(c2)ccc(c23)N([N@H+]4CC[C@H](O)CC4)[C@@H](C)C[C@H]3Nc5ccccc5Cl,-2.934,31,-0.09464516129032259
N#CCCN(CC1)CCC12NC(=NC2=O)c3ccc(OC(F)(F)F)cc3,-2.934,26,-0.11284615384615385
CCc(c1)nc(C)c(c12)c(c(c([n-]2)=O)C#N)-c3ccc(cc3)-n4cc(C)c(=O)[nH]c4=O,-2.933,31,-0.09461290322580644
CCc(nn1)n(c12)nc(cc2)N3CCNCC3,-2.933,17,-0.17252941176470588
CC(C)(O)Cn1cc(c[nH+]1)C(=O)c2ccco2,-2.933,17,-0.17252941176470588
COc1ccc(cc1)Cn(nn2)c(c23)[C@@](C)(O)CC[C@H]3c(cc4)nn(c45)c(Cl)nn5,-2.932,30,-0.09773333333333332
O=c([n-]1)[nH]c(=O)cc1C(=O)N2CC[NH+](CC2)CC3CCN(CC3)Cc4ccc([N+](=O)[O-])cc4,-2.932,33,-0.08884848484848484
O=C1NC(=O)[C@@H](S1)Cc2ccc(cc2)-c(cc[nH+]3)c(c34)cccc4,-2.932,24,-0.12216666666666666
COc1ccccc1-c2ccc(cc2C)CNCCc(n3)[nH]c(c34)cccc4,-2.931,28,-0.10467857142857143
C[N@H+]1CC[C@@H]([C@H](O)C1)c(c(O)cc2O)c(c23)oc(cc3=O)-c4cccc(Cl)c4F,-2.93,29,-0.10103448275862069
CCc(c1)nc(C)c(c12)c(c(c([n-]2)=O)C#N)-c3ccc(cc3)NNCCOC,-2.927,28,-0.10453571428571429
Cc1cccc(c1)-c2nc(C(=O)[O-])c(-c3cccc(Cl)c3)n2N4CCCOC4=O,-2.926,29,-0.10089655172413793
CN(C)CCN1CC[NH+](CC1)Cc2ccc(cc2Cl)-c3ncon3,-2.924,24,-0.12183333333333334
CC[C@@H]([C@H](C)O)n1ncc(c1O)C(=O)c2ccc(S(=O)(=O)C)c(c2C)-c3ccc(OC)cc3,-2.924,33,-0.0886060606060606
c1cc(C)cc(c12)[nH+]c([nH]2)CCc3cc(nc(N)[nH+]3)N4CCN(CC4)C5COC5,-2.924,29,-0.10082758620689655
c1cc(C)cc(c12)nc([nH]2)CCc3cc(nc(n3)N)N4CCN(CC4)C5COC5,-2.924,29,-0.10082758620689655
Cn1nc(C2CC2)cc1CCC[N+](C)(CCO)CCO,-2.923,20,-0.14615
c1cccc(c12)c3c(n2CC)ccc(c3)[C@@H](C(=C(C)N4)C(=O)CC(=O)N)C(C4=5)=C(O)CCC5,-2.923,33,-0.08857575757575757
[nH+]1ccn(c12)c(=O)n(cc2)Nc(cc3)cc(n34)[nH+]c(c4)-c5ccccc5,-2.922,26,-0.11238461538461539
O=C1CCCc(c12)n(c(c2)CC)-n3ccc(C)c(c3=O)Oc4cc(Cl)cc(C#N)c4,-2.922,30,-0.0974
C1CCC(=O)C(=C1O)C(=O)c2nc(Cl)c(Cl)c(c2Cl)NCCc3cccs3,-2.921,27,-0.10818518518518518
CC[C@H](C)[C@H](N)C(=O)NCCOCCOCCOCCOCCO,-2.921,24,-0.12170833333333332
CNc1cc([nH+]c(n1)N)N2CCN(CC2)[NH2+]C34C[C@H]5C[C@@H](C4)C[C@H](C5)C3,-2.919,26,-0.11226923076923077
CNCc1ccc(cc1)-n(c2=O)c(=O)n(C)c(c23)ccc(c3)C(=O)C4=C([O-])CCCC4=O,-2.919,32,-0.09121875
CCN(C1=O)c2ccc(c(c2c13)ccc3)S(=O)(=O)NCC4CCN(CC4)n5nccn5,-2.917,31,-0.09409677419354838
Cc1n[nH]cc1C(=O)c2ccc(cc2)C34C[C@@H]5C[C@H](C4)C[C@@H](C5)C3,-2.917,24,-0.12154166666666666
Nc([nH]1)nc(c12)c(ccn2)-c(cc3=O)oc(c34)c(cs4)-c(cc5)cc(c56)OCCO6,-2.917,30,-0.09723333333333332
FC(F)(F)c1ccc(c(c12)CC[C@H]2O)-n3c(=O)n(ncn4)c4c(c35)c6c(s5)CCCC6,-2.917,31,-0.09409677419354838
C[C@@H]1C(=O)N(C)CCN1CCOc2ccc(cc2)C3CCN(CC3)c4ccc(O)c(O)c4,-2.916,32,-0.091125
COc(c1)c(OC)cc(c12)c(nc(n2)C)CCc(n3)[nH]c(c34)cccc4OC,-2.915,28,-0.10410714285714286
CN1CC[C@@H]([C@H](O)C1)c(c(O)cc2O)c(c23)oc(cc3=O)CCC(=O)N,-2.915,26,-0.11211538461538462
CN(C1)C(=O)Nc(c12)ccc(c2)NCCCn(cc3)c(c34)cccc4OC(C)(C)C(=O)[O-],-2.915,32,-0.09109375
CCCCCCC(=O)[C@H](C([O-])=O)C[C@@H]1CC[C@@H](CC1)OCCN(C)[C@H]2CCCC[NH2+]2,-2.914,30,-0.09713333333333334
Cc1[nH+]n(C)c(C)c1N(C)c2ccc(B(O)O)cc2,-2.914,19,-0.1533684210526316
c1ccc(OC)c(c12)[nH]c(n2)CCNCc3ccc(c(Cl)c3)S(=O)(=O)C(C)(C)C,-2.912,29,-0.10041379310344828
CC(=O)NCCCn1c(-c2cccc(C)c2)nc(C(=O)[O-])c1-c3cccc(Cl)c3,-2.912,29,-0.10041379310344828
C[C@H]1C[C@@H](C)C[N@H+](C1)c2ccc(cc2CCCCCO)C(=O)Nc3ccccc3C(=O)[O-],-2.912,32,-0.091
Cc1ncsc1C(=O)N[C@@H](c(nnc2C)n2c(c34)cccc4)N=C3c5ccccc5,-2.912,30,-0.09706666666666666
N#Cc(c1Cl)ccc(c1C)-n2ccc(O)c(C(=O)[O-])c2=O,-2.909,21,-0.13852380952380952
FC(F)(F)CCNS(=O)(=O)c1ccc(cc1)N2CCN(CC2)Cc3ccccc3,-2.909,29,-0.1003103448275862
CCCCCCC(=O)[C@@H]1O[C@@H]([C@@H](O)[C@H]1O)C[S+](C)CC[C@H](N)C(=O)[O-],-2.909,25,-0.11635999999999999
c1cc(Cl)ccc1C(c(c23)c(C)c(s2)C)=N[C@H](c4n3c(nn4)C)CC(=O)CC(C)(C)O,-2.908,31,-0.09380645161290323
COCCCCCc1cccc[nH+]1,-2.908,13,-0.2236923076923077
C1C[NH2+]CCC1n(nnc2C)c2-c(c3)c(C(=O)N)cc(c34)[nH+]ccc4O[C@@H]5CCC[NH2+]C5,-2.908,32,-0.090875
CCC(=O)c1ccc(cc1)C[C@@H](C(=O)[O-])Nc2ccccc2C(=O)c3ccccc3,-2.908,30,-0.09693333333333333
c1ccccc1-n(nc2C)c(C)c2/C=N/c3ccc(cc3Cl)C[NH2+]CCc4c[nH+]c[nH]4,-2.908,31,-0.09380645161290323
Cn(c1)c(=O)ccc1-c(oc2C)nc2CCOc(c(c34)ccs4)ccc3C[C@@H]5SC(=O)[N-]C5=O,-2.907,34,-0.0855
COC(=O)c1ccc(c(Cl)c1)C[N@H+](CC2)CC[C@@]2(O)Cc3cc([nH+]c(n3)N)N4CCCCC4,-2.906,33,-0.08806060606060606
C1CNCCN1C(=O)[C@@H](C2)Oc(c23)c(cc(Cl)c3)-c4c[nH]c(n4)C5CCC5,-2.905,27,-0.10759259259259259
O[C@H]1CC[C@@H](CC1)c2ccc(cc2Cl)CNCCc(n3)[nH]c(c34)cccc4,-2.904,27,-0.10755555555555556
O=c1[nH]c(=O)n(cc1C)[C@H]2CCCN(C2)c(nc(=O)[nH]3)c(c34)cccc4,-2.903,26,-0.11165384615384616
CC[C@H](C)[C@H](N)C(=O)N1CCN(CC1)C(=O)CC2(CC(=O)[O-])CCCC2,-2.902,26,-0.11161538461538462
OCCOCNCCCn(c(=O)n(c1=O)CCC)c(c12)nc([nH]2)C3CCCCC3,-2.902,29,-0.10006896551724138
C[NH+](C)CCN1CCN(CC1)Cc2ccc(cc2Cl)-c3ncon3,-2.901,24,-0.120875
O=C([O-])CN[C@H](C)c1nc[nH]n1,-2.9,12,-0.24166666666666667
CN(C)CC[N@H+]1CC[C@H](C1)n2c[nH+]c(c2CC#N)-c3ccc(C(F)(F)F)cc3,-2.9,28,-0.10357142857142856
C1CNCCN1c(c2)ccc(c23)c(C)n[nH+]c3-c4ccc(cc4)C[NH+]5CCCCC5,-2.9,30,-0.09666666666666666
O=c1[n-]cc(Cl)cc1C(=O)CCC2c(ccc(c3)O)c3Oc(c24)cc(O)cc4,-2.9,28,-0.10357142857142856
[nH+]1ccn(c12)c(=O)n(cc2)N3CCN(CC3)c4ccc(C(F)(F)F)cc4,-2.898,26,-0.11146153846153847
CC(C)(C)c1cc(Br)c([O-])c(c1)Cc(ccc2)n(c23)nc(n3)N,-2.897,23,-0.12595652173913044
OC[C@@H]([NH3+])[C@@H](O)CN1CC[NH+](CC1)C2COC2,-2.897,17,-0.17041176470588235
O=C([O-])C(C)(C)Oc(cc1)ccc1[C@@H](CC(C)C)C(=O)N[C@H](C(=O)[O-])Cc(c[nH]2)c(c23)cccc3,-2.896,35,-0.08274285714285715
Clc1ccc(cc1Cl)N2CCN(CC2)[N@@H+]3CC[C@@H](CC3)c4nc(no4)-c5cccs5,-2.896,30,-0.09653333333333333
n1cccc(c12)c(n[nH]2)CN3CCCCC3,-2.895,16,-0.1809375
CSc1ccc(cc1)C(=O)N2CCC(CC2)NC(=O)[C@@H](N)Cc(c[nH]3)c(c34)cccc4,-2.894,31,-0.09335483870967742
n1cn(C(C)C)c(c12)[nH+]c(N[C@H](C(C)C)CO)nc2NCC(=O)[O-],-2.894,24,-0.12058333333333333
Cc1n[nH]c(C2CC2)c1N3CCN(CC3)C(=O)[C@@H](c4ccc(Cl)cc4)c5cccnc5,-2.893,31,-0.09332258064516129
C1CC1Nc(c2CC)nc(N)nc2C(CC)CC,-2.892,18,-0.16066666666666665
Cc1nn(C)c(C)c1CN(C)c2nc([C@H]3CCCCN3)nc(n2)N(C)CCC(=O)NC4CC4,-2.892,33,-0.08763636363636364
Cc1nn(C)c(C)c1[N-]S(=O)(=O)c2ccc([nH+]c2)NCCc3cccc(F)n3,-2.892,28,-0.10328571428571429
Cc1cc(no1)[C@@H](C)[NH2+]CC2CCN(CC2)Cc3ccc([N+](=O)[O-])cc3,-2.892,26,-0.11123076923076923
CC(C)(C)OC(=O)C/C=C/[C@H](O)CCCC(=O)[O-],-2.892,18,-0.16066666666666665
COc(c1)c(OC)cc(c12)CN(CC2)CCc3ccc(cc3)NC[C@H](O)CCCC(=O)[O-],-2.891,32,-0.09034375
O=c([nH]1)[nH]c(=O)cc1C(=O)N2CC[NH+](CC2)Cc(c3)oc(c34)cccc4,-2.891,26,-0.11119230769230769
Cc1noc(C)c1-c(cc2)cc(c23)[C@@H](N(C)C(=O)N3)c(c(n4)C)n(c45)ccnc5N6CCOCC6,-2.89,35,-0.08257142857142857
Cc1ccc(c(C)c1)N[NH2+]C(C)(C)CO,-2.888,15,-0.19253333333333333
C1CCCCC1c2n[nH+]c(C)c(c23)ccc(c3)N4CCNCC4,-2.888,23,-0.12556521739130436
CC(C)CCNS(=O)(=O)c1ccc(cc1)-c(cn2)n(c23)CCC3,-2.888,23,-0.12556521739130436
c1ncccc1[C@@H]([NH+]2CCNCC2)C(=O)NC3CCCCC3,-2.888,22,-0.13127272727272726
CN(C)CCN1CCN(CC1)Nc2ccc(Cl)cc2,-2.887,19,-0.15194736842105264
CCCCCC(=O)N[C@@H](CO)[C@H](O)Cc1ccccc1CN(C)C(=O)c2ccc(cc2)-c3ccco3,-2.887,36,-0.08019444444444444
CCCCC(=O)OC[C@H](CO)c1cn(C)c(n1)CCc(cc2)c(C)n(c23)c(C)c([nH+]3)C,-2.886,31,-0.09309677419354839
CC(C)OCC#Cc1ccc(cc1)S(=O)(=O)NCCC(F)(F)F,-2.886,23,-0.12547826086956523
Clc1c(Cl)cccc1-c(c2CC)[nH+]c(N)nc2N3CCN(C)CC3,-2.885,24,-0.12020833333333332
C[C@H]1CNCCC[N@@H+]1[C@@H]2O[C@@H]([C@@H](O)[C@H]2O)C[S+](C)CC[C@H]([NH3+])C(=O)[O-],-2.885,25,-0.11539999999999999
c1cc(F)ccc1C(=O)NC2CCCC2,-2.885,15,-0.19233333333333333
CC(C)N(CC1)CCN1c(ccc2C)cc2S(=O)(=O)NC3CCCC3,-2.884,25,-0.11535999999999999
O=C([O-])C(C)(C)Oc1c(C)cc(cc1C)CC2CCN(CC2)Cc3cccc(n3)Oc4ccccc4,-2.883,36,-0.08008333333333334
CCOC(=O)c1csc([nH+]1)N2CCN(CC2)c3cccc(F)c3,-2.883,23,-0.12534782608695652
O=C(N1)N(C)Cc(c12)cc(cc2)NN(C(C)C)Cc3ccccc3OCCCCCC(=O)[O-],-2.882,33,-0.08733333333333333
O=C([O-])C(C)(C)Oc1ccc(cc1)CC[NH2+]CC(=O)[O-],-2.881,20,-0.14404999999999998
CCCCC(=O)NCC[NH3+],-2.881,10,-0.28809999999999997
Cc1ccccc1CN(c2ccc(C#N)c(Cl)c2)[C@H]3CCN(C3)[N@H+]4CCN(C)C(=O)[C@H]4C,-2.879,32,-0.08996875
C1C[NH2+]CCN1c([nH+]c2)ccc2[C@H](C(=O)[O-])Cc3ccc(cc3)-c4ccccc4,-2.877,29,-0.09920689655172413
CC(C)(O)Cn1cc(c[nH+]1)NCC[NH3+],-2.876,14,-0.20542857142857143
C1CN(C)CCN1c2nc(N)[nH+]c(c2CC)-c3ccc(cc3)-c(n4)c(NC(C)(C)C)n(c45)ccnc5,-2.876,36,-0.07988888888888888
CC[C@@H]([C@H](C)O)[NH+]1CCN(CC1)c2cc([nH+]c(n2)N)NC3CC3,-2.872,23,-0.1248695652173913
Cc1ccc(cc1)N(C)n(c(c23)cccc3)c(n2)-c4cc(C)c(=O)n(C)c4,-2.872,27,-0.10637037037037037
COC(=O)N(CC1)CCC12CN(C2)c3nc(-c4cn[nH]c4)nc(c3C)-c5c(C)noc5C,-2.872,32,-0.08975
[NH3+]CC[N@H+]1CC[C@@H](C1)n2cnc(-c3ccc(I)cc3)c2N4CCC[C@H]4C=O,-2.871,27,-0.10633333333333334
CN1CCN(CC1)CCNc2ccc(cn2)S(=O)(=O)C3CC3,-2.871,22,-0.1305
C1OCC[C@@H]1Oc(c(c2)OC)cc(c23)c(nc(n3)C)-c(cc4)cc(c45)N(C6CC6)[C@H](C)C(=O)N5C,-2.868,35,-0.08194285714285714
C[NH2+]Cc1ccc(cc1)-c(cc2)cc(c23)[C@@H](C[C@H](C)N3C(=O)C)NC(=O)N[C@H](C)c4nc[nH]n4,-2.867,34,-0.0843235294117647
s1cccc1CNC(=O)[C@@H]2C[N@H+](N3CCC[C@@H]3CO)CCN2c4ccc(Cl)c(Cl)c4,-2.866,30,-0.09553333333333333
O=c([n-]1)[nH]c(=O)cc1C(=O)N2CC[NH+](CC2)C/C=C/c3ccc(Br)cc3,-2.865,26,-0.1101923076923077
CCN1CCN(CC1)c(cc2)nc(c23)ncc(C(=O)[O-])c3Nc4ccccc4C(C)(C)C,-2.864,32,-0.0895
CCC[NH2+]Nc1c(C(C)C)cccc1C(C)C,-2.863,17,-0.16841176470588234
N#C\C=C\c(cc1C)cc(C)c1N[C@@H](Cn2ccnc2)c3ccccc3,-2.863,26,-0.11011538461538461
OCCOc1ccccc1N2CC[NH+](CC2)N3CCN(CC3)c4ccc(Cl)c(Cl)c4,-2.863,30,-0.09543333333333333
O=c1n(C)ncc(c1C)-n2ncc(Cl)c2C(=O)Nc(cc3)cc(c34)[nH]c([nH+]4)-c5ccccc5,-2.862,33,-0.08672727272727274
COc(cc1)cc(c12)[nH]c(n2)CCN3CC[N+](CC3)=C(N4)CSc(c45)cccc5,-2.862,29,-0.09868965517241379
C1=CN(C)C(=O)[C@H](C)c(c12)ccc(c2)-c(cc(c34)nccc4)cc3O[C@H](C)[C@H]5CNC(=O)C5,-2.861,33,-0.0866969696969697
COc1ccccc1Oc2nccc(n2)N3CC[C@@H](C3)N(C)CCC[NH+](C)C,-2.861,28,-0.10217857142857144
Cc1nc([N+](=O)[O-])cn1S(=O)(=O)c2c(Cl)cc(Br)cc2Cl,-2.86,21,-0.1361904761904762
Cc1noc(C)c1-c(cc2)cc(c23)c(nc(n3)N[C@H](C)c4ncn[nH]4)N5CCOC[C@@H]5c6ccccc6,-2.86,37,-0.0772972972972973
O=c1n(C)cc(cc1C)-c(cc2)cc(c23)n(c([nH+]3)C4CCOCC4)NC5CCCCCC5,-2.858,32,-0.0893125
C[N+](C)(C)C(CC1)CCN1c(cc2)ccc2Nc(cn3C)cc(c3=O)NC(=O)Nc4ccccc4F,-2.858,36,-0.0793888888888889
Brc1ccc(cc1)/C=C/C[NH2+][C@@H](Cn2cc[nH+]c2)c3ccccc3,-2.857,24,-0.11904166666666667
C[C@@H]1CC[N+](CC1)=c(cc2O)oc(c23)c(c(O)cc3O)[C@H]4CC[N@H+](C)C[C@H]4O,-2.857,28,-0.1020357142857143
COc1cccc(c1)[C@H](O)CCc(cc2)cc(c23)COc4c(cccc4)C\3=C(/C)c5noc(=O)[nH]5,-2.857,35,-0.08162857142857144
Cc1cc(F)cc(C)c1S(=O)(=O)c(cc2)cc(c23)CN(C)C(=O)N3C,-2.856,25,-0.11424
C1CCCCC1c2cn(C)c(=O)c(c23)C/C(O3)=c4\cnc([nH]4)=C5CCCC5,-2.856,27,-0.10577777777777778
C[NH+](C)CCN1CC[C@H](C1)NS(=O)(=O)C,-2.856,15,-0.19039999999999999
OC[C@H]1O[C@H]([C@H](O)[C@@H]1O)[N@@H+]2CC[N+](CC2)=C(N3)CSc(c34)cccc4,-2.854,25,-0.11416
o1cccc1-c(cc2)cc(c23)[C@H](NC(=O)OC(C)C)C[C@H](C)N3c4cc(nc(n4)N)N5CCOCC5,-2.854,36,-0.07927777777777778
N#Cc1c(=O)[nH]c(cc1[S@](=O)C)-c2ccccc2F,-2.853,19,-0.15015789473684213
Cc1ccnc(c1)CCCCC[C@H]2C[C@@H](C#N)C2,-2.853,18,-0.1585
Cc1nc(C[NH+](C)C)ccc1-c(c(c23)c(=O)[nH]nc3)cnc2S(=O)(=O)c4ccc(F)c(Cl)c4,-2.853,33,-0.08645454545454546
CC(C)Cc(nn1C)c(c1C)NS(=O)(=O)c2c(Cl)cc(C(C)(C)C(=O)[O-])cc2Cl,-2.853,29,-0.0983793103448276
C[NH+](C)CC[N@@H+]1CC[C@H](C1)n(c2=O)c3sc(CCCC4)c4c3c(n25)ncn5,-2.853,27,-0.10566666666666667
O[C@H]1CC[C@@H](CC1)[NH2+]c2ccccc2Oc3ccccc3,-2.853,21,-0.13585714285714287
CC(C)(C)N[NH2+]CCc(c(c12)cc(OC)cc1)c([nH]2)-c3ccccc3,-2.852,25,-0.11408
Oc1ccc(O)c(C2=O)c1C(=O)c(c23)c(N(CC4)CC[NH+]4CCN(C)C)ccc3NCC[NH2+]CCO,-2.852,36,-0.07922222222222222
FC(F)(C1)[C@@H](O)c(c12)c(S(=O)(=O)C)ccc2-n(c(n3)N)c(c34)cccc4,-2.851,26,-0.10965384615384616
CNCc1ccccc1-c2cncc(C)c2,-2.851,16,-0.1781875
C/C=C/CCCCCCCC(=O)O[C@H](COP(=O)([O-])O)COC(=O)Cc1ccccc1,-2.848,31,-0.09187096774193548
CC(=O)N1[C@@H](C2CC2)C[N@H+](CCCC(=O)[O-])c(c13)cccc3,-2.848,22,-0.12945454545454546
[nH+]1cn(C)c(c12)cccc2-c(cc3)cc(c34)nccc4,-2.847,20,-0.14235
CCCCc(ccc1)c(c12)c(C)c(o2)C(=O)c3nccn3C,-2.847,22,-0.12940909090909092
CNc1cc(nc(n1)N)N2CCN(CC2)[NH2+]C34C[C@@H]5C[C@H](C4)C[C@@H](C5)C3,-2.846,26,-0.10946153846153847
C1CC1Nc(c2CC)[nH+]c(N)nc2-c3cc(NC)nc(n3)N,-2.846,22,-0.12936363636363638
O=c1[nH]c(=O)n(cc1C)[C@H]2CCCN(C2)Cc3cccc(c3)NCc4ccc(cc4)N5CCCCC5,-2.845,36,-0.07902777777777778
CN(C1)C(=O)Nc(c12)ccc(c2)N[NH2+]C3CCOCC3,-2.845,20,-0.14225000000000002
C1COCCN1c(c2)cc(C)c(c23)[nH+]c([nH]3)-c4ccc(C(F)(F)F)cc4[N+](=O)[O-],-2.844,29,-0.09806896551724137
Cc1noc(C)c1-c(cc(c23)nccc3)cc2C[C@](O)(Cn4cncn4)c5ccc(F)cc5F,-2.843,34,-0.08361764705882353
C/C=C/CCCCCCCC(=O)O[C@H](COP(=O)([O-])O)COCOCCO,-2.843,27,-0.10529629629629629
CCOC(=O)c1csc(n1)N2CCN(CC2)c3cccc(c3)N4C=CCC4=O,-2.843,28,-0.10153571428571428
C[C@H]1C[C@@H](C)CN(C1)C(=O)[C@@H]2CN(C(=O)CC3)N3C24CCCC4,-2.841,23,-0.1235217391304348
c1cc(Cl)ccc1[C@@H](c2cccnc2)C(=O)OC[C@H]3CCCO3,-2.84,23,-0.12347826086956522
[nH]1nccc1OC[C@H]2CCCO2,-2.839,12,-0.23658333333333334
Fc1cc(F)ccc1Oc(ccc2[N-]S(=O)(=O)CC)c(c2)N3CC[NH+](CC3)Cc4ccccc4,-2.838,34,-0.08347058823529412
OCCCCCN[C@@H](C(C)C)C(=O)Nc1ccncc1,-2.838,20,-0.1419
CNCc1ccccc1-c2cc(ccc2C)-c(nn(c34)c(nn4)C)cc3NC(=O)CCNC(=O)C,-2.837,35,-0.08105714285714287
O=C1[N-]C(=O)[C@H](S1)Cc2ccc(cc2)-c3cccc(c3)[N-]S(=O)(=O)c4ccc(F)c(Cl)c4,-2.837,32,-0.08865625
COc(cc1)cc(c12)nc([nH]2)CC[N@@H+]3CC[N+](CC3)=C(N4)CSc(c45)cccc5,-2.836,29,-0.09779310344827585
CCc1cccc(C)c1N[NH2+][C@@H](C(C)C)C(=O)Nc2ccncc2,-2.835,24,-0.118125
c1c(Cl)ccc(c12)c(c(C(=O)[O-])[nH]2)[C@@H](C(=O)NC(C)(C)C)N(NC)Cc3ccc(Cl)cc3,-2.835,32,-0.08859375
CCN1CCN(CC1)Cc2ccc(cc2C(F)(F)F)Nc3ccc(OC)cc3,-2.834,28,-0.10121428571428571
CCOC(=O)c1cnn(C)c1C(=O)C(=O)c2[nH]cc(c2C)C3(CC3)c4ccc(C(F)(F)F)nc4,-2.834,34,-0.08335294117647059
CCc1c(C)nc(N)nc1-c(c(c23)[nH]c([nH+]3)C4CC4)cc(c2)-c5c(C)noc5C,-2.833,29,-0.0976896551724138
C1CC1NC(=O)c2ccc(s2)NCCc3cc[nH+]cc3,-2.832,20,-0.1416
C1CC1Nc(c2CC)nc(N)nc2-c(cc3)cc(c34)N(C5CC5)[C@@H](C)C(=O)N4C,-2.832,29,-0.0976551724137931
CNc1cc(nc(n1)N)N2CCN(CC2)[NH2+][C@H](C(=O)[O-])Cc(c[nH]3)c(c34)cccc4,-2.832,30,-0.0944
CO/C([O-])=C/C(=O)c(cn(C)c1=O)c(c12)oc(c2)-c3cnc([nH]3)C4CCC4,-2.831,27,-0.10485185185185185
c1ncc(C)c(c12)c(ccc2)S(=O)(=O)c3cnc([nH]3)C4CCC4,-2.831,23,-0.12308695652173914
N#CCCN(C)c(c(c12)cc(Br)cc2)nc(n1)C[C@H](O)[C@H](N)CO,-2.83,24,-0.11791666666666667
CCCCCCCCC(=O)c1ncc(F)cc1F,-2.83,18,-0.15722222222222224
COc1c(OC)cc(cc1OC)C(=O)n(c(n2)C)c(c23)ccc(c3)OC(F)(F)F,-2.83,29,-0.09758620689655173
Cn1cc[nH+]c1C(=O)c(o2)c(C)c(c23)c(ccc3)OCCCCCc4ccc([C@H](C)O)c[nH+]4,-2.828,33,-0.08569696969696969
c1cccc(c12)[nH]c(n2)CCNCc(cc3C)ccc3-c4ccc(=O)n(c4)Cc5ccccc5,-2.828,34,-0.0831764705882353
C[NH+](C)CC[N@H+]1CC[C@H](C1)CCc2c[nH+]c[nH]2,-2.828,17,-0.1663529411764706
Cc1noc(C)c1-c(cc2)cc(c23)c(nc(n3)N[C@H](C)c4nc[nH]n4)N5CCOC[C@@H]5c6ccccc6,-2.828,37,-0.07643243243243243
CCc1cccc(C)c1NC(=O)[C@@H](c2cccnc2)N(NC)c3ccc(C(C)C)[nH+]c3,-2.827,31,-0.09119354838709677
O=c([n-]1)[nH]c(=O)cc1C(=O)N(C[C@H]2C(=O)CC(C)(C)O)CCN2c3ccc(Cl)c(Cl)c3,-2.827,31,-0.09119354838709677
C[C@H]1COC(=N1)c2ccc(cc2)C(=O)[C@H](O)[C@H](C)N,-2.826,19,-0.14873684210526317
C[N@H+]1CC[C@@H]([C@H](O)C1)c(c([O-])cc2O)c(c23)oc(cc3=O)-c4ccccc4C(=O)c5ccccc5,-2.826,35,-0.08074285714285714
CCOC(=O)c(n1)n([C@H]2CCOC2)c(=O)c(c13)c(C)c(cc3)C([O-])=C4C(=O)CCCC4=O,-2.825,32,-0.08828125
C1OCC[C@@H]1Oc(c(c2)OC)cc(c23)c(nc(n3)C)CCN4CCN(C)C(=O)[C@H]4C,-2.825,30,-0.09416666666666668
n1nc(C)n(c12)c3c(N([C@H](C)C(=O)[O-])C[C@H]2C)cc(cc3)-c4ccc(N)[nH+]c4,-2.824,28,-0.10085714285714285
C[C@H](O)c1ccc(nc1)CCc2cc(nc(n2)N)N3CCN(CC3)C4COC4,-2.823,28,-0.10082142857142858
C[C@@H]1C[NH2+]CCCN1N[C@@H](Cn2cc[nH+]c2)c3ccccc3,-2.823,22,-0.1283181818181818
NC(=O)[C@@H](C)Nc1cc(nn(c12)c(C)nn2)-c3ccccc3CCc4ccc([C@H](C)O)c[nH+]4,-2.823,33,-0.08554545454545455
n1nc(C)n(c12)c3c(cccc3)C(c4ccccc4)=N[C@H]2[NH2+][C@@H](C(=O)[O-])Cc(c[nH]5)c(c56)cccc6,-2.822,36,-0.0783888888888889
C1COCCC1[C@H]([N@@H+](CC2=O)CCN2)c3ccccc3,-2.82,20,-0.141
Cc1noc(C)c1-c2ccc(=O)n(c2)-c(ccc3S(=O)(=O)C)c(c34)CC(F)(F)[C@H]4O,-2.82,30,-0.094
n1nn(C)cc1-c2n(nnc2C)[C@@H]3CC[N@H+](CC3)CCN(C)C,-2.819,23,-0.12256521739130434
CS(=O)(=O)N1CC[C@@H](C1)c2ccc(cc2Cl)CNCCc3ncc[nH]3,-2.819,25,-0.11276
Cc1ccc(cc1)[C@H](C)CCNS(=O)(=O)c(ccc2)c(c23)ccnc3,-2.819,25,-0.11276
O=c1[nH]cc(Cl)cc1C(=O)CC[C@H]2c(ccc(c3)O)c3Oc(c24)cc([O-])cc4,-2.818,28,-0.10064285714285715
COCCCNNc1cccc(c1)N2C=CCC2=O,-2.817,19,-0.14826315789473685
C1CC1Oc2ccc(cc2OC)C(=O)NNC(=O)CCC3CCN(CC3)c4ccc(C#N)cc4,-2.816,34,-0.0828235294117647
CCCCCCCCNc1nc(cs1)-c2ccccn2,-2.816,20,-0.14079999999999998
C1CCCCN1c([nH+]2)cc(nc2N)[C@H](C[C@@H]34)[C@@H]([C@@H]([NH2+]4)CC3)CCC(CC5)CCC5(F)F,-2.816,31,-0.09083870967741935
COc1ccccc1S(=O)(=O)Nc(cc2)c3[n-]c(NCCO)cc(c3c24)c([O-])n4C,-2.815,30,-0.09383333333333334
CCCCCCCCCCCCn1ccc(O)c(C(=O)[O-])c1=O,-2.815,23,-0.12239130434782608
c1cnccc1NC(=O)[C@H](CCSC)Nc2c(-c3ccc(F)cc3)[nH+]cn2C4CC[NH2+]CC4,-2.814,33,-0.08527272727272728
n1ccc(OC)c(c12)cc(cc2)C(=O)[C@H](O)[C@H](C)N,-2.813,19,-0.14805263157894738
c1cc(C)cc(c12)[nH]c(n2)CCc3cc(nc(n3)N)N4CCN(CC4)C5COC5,-2.813,29,-0.097
CNCc1ccccc1-c2csc(c2)[C@@H](C)c3nn(C)c(=O)cc3OC,-2.812,26,-0.10815384615384614
CS(=O)(=O)CCCOc(ccc1)c(c12)c(C)c(o2)C(=O)c3nccn3C,-2.811,26,-0.10811538461538461
c1cc(Cl)ccc1C(c(c23)c(C)c(s2)C)=N[C@H](c4n3c(nn4)C)CC(=O)[C@H](C)[C@H]5CNC(=O)C5,-2.811,34,-0.0826764705882353
OCCS(=O)(=O)c1ccc(cc1)-c2[nH]nc(n2)-c3ccc(F)cc3,-2.811,24,-0.11712499999999999
o1cccc1-c(cc2)cc(c23)[C@@H](C[C@H](C)N3C(=O)C)[NH2+]NC4CCN(CC4)c5ccccn5,-2.81,33,-0.08515151515151516
C[C@@H]1C(=O)N(C)CCN1CCOc2ccc(cc2)C3CCN(CC3)Cc4cccnc4,-2.81,31,-0.09064516129032259
CCCCCC(=O)Cc1ccc[nH+]c1,-2.809,14,-0.20064285714285715
Cc1onc(C)c1-c(c2)cc(c(c23)cccn3)-c(c(c4)OC)cc(c45)c(ncn5)N6CCOCC6,-2.809,35,-0.08025714285714286
O=C([O-])C[C@H](C)CCCCCCCc1ccccc1,-2.808,19,-0.14778947368421053
CCc(nn1)n(c12)nc(cc2)N(CC3)CCC34NC(=NC4=O)c5ccc(OC(F)(F)F)cc5,-2.807,33,-0.08506060606060606
C[NH+]1CCN(CC1)C2CCN(CC2)NCCCCc3ccccc3,-2.806,24,-0.11691666666666667
C1C[NH+](C)CCN1c2nc(N)[nH+]c(c2CC)-c3ccc(cc3)-c(n4)c(NC(C)(C)C)n(c45)ccnc5,-2.806,36,-0.07794444444444444
c1cccc(c12)nc(C)nc2-c3nc(c(o3)C)CC[C@H](O)c4ccc(cc4)C[C@@H]5SC(=O)NC5=O,-2.805,35,-0.08014285714285714
CC[C@H](C)[C@H](N)C(=O)NNCC(=CC1=O)N=C([N+]1=2)C=C(N2)C3CCOCC3,-2.804,27,-0.10385185185185185
c1ccccc1-c2n(-c(cc3)cc(c3=4)=NC(=O)N4)nc(c2C)C(=O)NC56C[C@@H]7C[C@H](C6)C[C@@H](C7)C5,-2.804,35,-0.08011428571428571
C1CCC1CN[C@H](CC)c2cc(no2)-c3ccc(cc3)OC(C)(C)C(=O)[O-],-2.804,27,-0.10385185185185185
CCOC(=O)CCNC(=O)[C@@H](c1cccnc1)N(CCCNC(=O)C)c2ccc(C(C)(C)C)cc2,-2.803,35,-0.08008571428571429
Cc1[nH+]n(C)c(C)c1CCCC(F)(F)F,-2.802,15,-0.1868
CC(=O)N[C@H]1CCN(C1)CCn(c(n2)SCCC(=O)[O-])c(c23)cccc3,-2.801,26,-0.10773076923076924
CC(=O)N1[C@@H](C)C[C@@H]([C@@H](C)C(=O)[O-])c(c12)cc(cc2)-c3ccc(C(=O)[O-])cc3,-2.799,28,-0.09996428571428571
[NH3+]CCN/C([O-])=C\C(=O)c1[nH+]ccn1Cc2ccccc2,-2.798,21,-0.13323809523809524
c1cccc(c12)C(=O)c3c(C2=O)nnn3-c4cc(F)c(c(F)c4)-c5ccccc5CO,-2.798,31,-0.09025806451612903
C1CC1Nc(c2CC)nc(N)[nH+]c2-c(cc3)cc(c34)N(C5CC5)[C@@H](C)C(=O)N4C,-2.797,29,-0.09644827586206897
CN(C)CCN1CCN(CC1)c(ccc2S(=O)(=O)C(F)(F)F)c(c23)CC(F)(F)[C@H]3O,-2.797,30,-0.09323333333333333
n1nc(C)n(c12)c3c(cccc3)N(C[C@H]2C)c(n4)c(C#N)c([O-])c(c45)cncc5,-2.796,29,-0.09641379310344828
c1ccccc1-c2ccc(cc2Cl)C[NH2+]CCC[NH2+]NCc3ccccc3,-2.796,27,-0.10355555555555555
c1ccncc1CNCCCN(CCO2)[C@@H]([C@H]23)CCC3,-2.795,20,-0.13974999999999999
CNc1nc(c(o1)C)CCOc2ccc(cc2)C[C@@H](C(=O)[O-])N/C(C)=C/C(=O)c3ccccc3,-2.794,34,-0.0821764705882353
Cc1cccc(c12)n(c(n2)CCC)S(=O)(=O)c(c3)c(C)cc(c34)n(C)c(=O)n4C,-2.794,29,-0.0963448275862069
CCc1ccc([nH+]c1)CCc(n2)n([C@@H](C)COC)c(c23)cc(nc3)N4CCOC[C@@H]4C,-2.794,31,-0.09012903225806451
CN1CCN(CC1)c(cc2)cc(c23)n(Cc4ccccc4)c(n3)Nc5ccncc5,-2.793,30,-0.0931
c1ccccc1-n(nc2C)c(C)c2/C=N/c3ccc(cc3Cl)CNCCc4cnc[nH]4,-2.792,31,-0.09006451612903225
Cc1ccccc1-c(c2)ccc(O3)c2C(=O)CC34CCN(C(C)C)CC4,-2.791,26,-0.10734615384615384
C=CCC(=O)c1csc(n1)N2CC[N+](CC2)=C(N3)CSc(c34)cccc4,-2.791,26,-0.10734615384615384
Cc1nnn(c1CC#N)[C@@H]2CC[N@H+](CC2)CCN(C)C,-2.79,20,-0.1395
CC(=O)NCCC(=O)c1ccc(cc1Cl)CNCCc([nH+]2)[nH]c(c23)ccc(c3)C,-2.789,29,-0.09617241379310346
[nH+]1ccccc1CNNC2CCCC2,-2.788,14,-0.19914285714285712
O=c([n-]1)onc1C(\C)=C/2c(cccc3)c3OCc(c24)cc(cc4)C[NH+]5CCNCC5,-2.788,30,-0.09293333333333333
C1CN(C)CCN1c2[nH+]c(N)nc(c2CC)-c3ccccc3OCCCC(=O)[O-],-2.787,29,-0.09610344827586206
CC(C)Cc1nc(cs1)-c2ccc(cc2Cl)CNCCCNS(=O)(=O)C,-2.785,26,-0.10711538461538463
O=[N+]([O-])c1ccc(cc1)CN2CCC(CC2)C[NH+]3CCOCC3,-2.784,23,-0.12104347826086956
OCCCN[C@@H](C(C)C)C(=O)Nc1ccncc1,-2.784,18,-0.15466666666666665
NC(=O)C(=C1)CC=CN1c(nc2OC)nc(n2)N3CCNCC3,-2.784,23,-0.12104347826086956
CCN(C1=O)c2ccc(c(c2c13)ccc3)S(=O)(=O)NC[C@@H]4CC[N@H+](CC4)CCCNC(=O)C,-2.783,33,-0.08433333333333333
CN(C)CC[NH+]1CCN(CC1)c(ccc2S(=O)(=O)C(F)(F)F)c(c23)CC(F)(F)[C@H]3O,-2.782,30,-0.09273333333333333
OCC[NH2+]CC[C@H](c1ccccn1)c2cccc(Cl)c2,-2.777,20,-0.13885
O=C([O-])CCC[C@@H](O)C[C@@H](CC)c1cccc([nH+]1)C2CC2,-2.776,21,-0.1321904761904762
Cc1onc(C)c1-c(ccc2C)cc2S(=O)(=O)c3cc(F)cnc3Cl,-2.775,25,-0.111
CNc1cc([nH+]c(n1)N)N2CCN(CC2)c3ccnc([nH+]3)Nc4cc(C)cc(C)c4,-2.775,30,-0.0925
o1nccc1CC2(O)CCN(CC2)Cc3ccc(cc3Cl)-c4ncon4,-2.775,26,-0.10673076923076923
s1cncc1Nc(c2CC)nc(N)[nH+]c2N3CCN(C)CC3,-2.773,22,-0.12604545454545454
COC(=O)N(CC1)CCC12CN(C2)c3ccc(S(=O)(=O)C(F)F)cc3[N+](=O)[O-],-2.773,28,-0.0990357142857143
CC(C)(C)OC(=O)N1CCC(CC1)c2nc(no2)Cc3ccc(cc3Cl)-c4ncon4,-2.772,31,-0.08941935483870968
[nH+]1ccn(c12)c(=O)n(cc2)-c3csc(C(F)(F)F)c3,-2.771,19,-0.14584210526315788
c1nccc(c12)c(ccc2)S(=O)(=O)[C@H](C[C@H](C)N3C(=O)C)c(c34)cc(cc4)-c5ccn[nH]5,-2.771,32,-0.08659375
Cc(n1)c(C)n(c12)c(C)c(cc2)CCc3nc(cn3C)-c4ccnc(c4)N5CC[NH2+]CC5,-2.771,32,-0.08659375
CC(=O)NCCCNCc1ccc(c(Cl)c1)[C@H](C)[C@H]2CC[C@H](C)CC2,-2.768,25,-0.11071999999999999
COc1cc(OC)c(cc1C)[C@H]2CC[N@@H+](C2)CCN,-2.767,19,-0.14563157894736842
O=C([O-])Cc1cccc(c1)-c2noc(-c3ccccc3)c2C(=O)S(=O)(=O)c4ccc(Cl)cc4,-2.766,33,-0.08381818181818182
c1cnccc1NC(=O)[C@H](C(C)C)Nc(cc2=O)oc(c23)c(ccc3)-c(cc4)cc(c45)OCCO5,-2.766,35,-0.07902857142857143
CCCCCC[C@@H](C)N[NH+]1CCN(CC1)c2ccc(Cl)cc2,-2.766,22,-0.12572727272727272
O=c([n-]1)onc1C(\C)=C/2c(cccc3)c3OCc(c24)cc(cc4)C[NH+]5CC[NH2+]CC5,-2.765,30,-0.09216666666666667
Cc1cc(on1)[C@@H](C(C)C)C(=O)c(n2)n(Cc3ccccc3)c(c24)cc(cc4)N5CCN(C)CC5,-2.765,35,-0.079
CC(=O)N1[C@@H](C)C[C@@H](NC(=O)OC(C)C)c(c12)cc(cc2)CCOCCO,-2.764,27,-0.10237037037037036
COC(=O)N(CC1)CCC12CN(C2)c3ccc([nH+]c3)N4CCNCC4,-2.761,25,-0.11044000000000001
C1CN(C)CCN1c2[nH+]c(N)nc(c2CC)Cc3[nH+]c(cn3C)-c4ccccc4,-2.761,29,-0.09520689655172414
n1nc[nH]c1[C@@H](C)Nc2nccc(n2)-c3c(-c4ccc(Br)cc4)ncn3C5CC[NH2+]CC5,-2.761,32,-0.08628125
CCCCCCCCCCCS(=O)(=O)CC(F)(F)F,-2.76,19,-0.14526315789473684
Cc1cccc(c1)N2CCN(CC2)CCN(C)C,-2.759,18,-0.15327777777777776
Cc1c(C)c(O)c(C)c(c12)CC[C@](O2)(C)CN3CC[NH+](C(C)C)CC3,-2.759,25,-0.11036
CCS(=O)(=O)[N-]c1cccc(c1)-c2csc(=O)[nH]2,-2.759,18,-0.15327777777777776
Cc1cc(OC)cc(c12)c(c3c(n2)[nH]nc3C)Cc(ccn4)c(c45)[nH]c(n5)N,-2.758,28,-0.0985
Cc1onc(C)c1-c(ccc2C)cc2S(=O)(=O)CC[N@H+](C)[C@H]3CCCCN3,-2.758,27,-0.10214814814814815
O[C@@H]1[C@H](O)CO[C@H]1c2ccc(cc2OCC)C(=O)N3CCC(CC3)N4CC[NH+](C)CC4,-2.756,31,-0.0889032258064516
CN1CCN(CC1)c(cc2)cc(c23)n(Cc4ccccc4)c(n3)Nc5cc[nH+]cc5,-2.755,30,-0.09183333333333334
Cc1cc(C)cc(c1)Nc2cccc([nH+]2)C/C=C/[C@H](O)CCCC(=O)[O-],-2.754,26,-0.10592307692307693
Cc1cccc(c1)N2CCN(CC2)c3cccc(c3)[N-]S(=O)(=O)c4c(F)cccc4F,-2.753,31,-0.08880645161290322
Cc1nn(C)c(C)c1NS(=O)(=O)c2ccc(nc2)-c(cc3)cn(c34)c(nn4)C,-2.752,28,-0.09828571428571428
COC(=O)c1ccccc1S(=O)(=O)C(=O)N2CCC(CC2)c3nc(no3)-c4cccs4,-2.751,31,-0.08874193548387097
c1ccccc1C(=O)c2ccccc2N[C@H](C(=O)[O-])Cc3ccc(cc3)-c(cc4)cc(c45)nccc5,-2.751,36,-0.07641666666666666
Fc1cc(F)ccc1Oc(ncc2CS(=O)(=O)CC)c(c2)CCN3CCN(C)CC3,-2.75,30,-0.09166666666666666
Brc1ccc(cc1)-c2[nH+]cn(C3CC[NH2+]CC3)c2-c(cc4)cc(c45)OCCO5,-2.75,28,-0.09821428571428571
CC(C)(O)Cc(c(C)[nH+]1)n(c12)ccnc2N3CCOCC3,-2.749,21,-0.1309047619047619
n1cn(C(C)C)c(c12)nc(N[C@H](C(C)C)CO)[nH+]c2C(C)(C)C(=O)[O-],-2.748,25,-0.10992
COc1ccc(cc1)Oc2cc(ncn2)N(C)CCN(C)c3c(C)[nH+]n(C)c3C,-2.748,29,-0.09475862068965518
C1CCCCC1NC(=O)[C@@H](c2cccnc2)c(c3CC)nc(N)nc3N4CC[NH+](C)CC4,-2.747,32,-0.08584375
O=C([O-])CCCCCCC[C@H](O)Cc1c[nH+]c[nH]1,-2.745,18,-0.1525
Cc1cc(OC)cc(c12)c(c3c(n2)[nH]nc3C)CC4CCN(CC4)CC[NH+](C)C,-2.742,29,-0.09455172413793103
c1c[nH]nc1-c(cc2)cc(c23)[C@@H](C[C@H](C)N3C(=O)C)c4ccc(cc4Cl)C[NH2+]CCc5ncc[nH]5,-2.742,35,-0.07834285714285714
CN(C1)C(=O)N(C)c(c12)ccc(c2)S(=O)(=O)NCCOc(cc3)c(c4c35)ccc6c4c(cc5)ccc6,-2.742,36,-0.07616666666666666
CCCCCCC(=O)OC[C@@H](c1cccc[nH+]1)COP(=O)([O-])OC[C@@H](O)CO,-2.741,28,-0.09789285714285714
CC[C@@](C)(C(=O)[O-])c(c(C)[nH+]1)n(c12)ccnc2N3CCOCC3,-2.739,23,-0.11908695652173913
COc1cc(=O)n(C)nc1-c2ccccc2C(=O)c(cc3)cc(c34)N(C5CC5)[C@H](C)C(=O)N4C,-2.737,34,-0.0805
CCc1c(NC)nc(N)[nH+]c1-c(cc2)cc(c23)[C@H](NC(=O)OC(C)C)C[C@H](C)N3C(=O)C,-2.737,32,-0.08553125
C1CC1[C@@H](C)Nc(nc(n2)C(=O)[O-])c(c23)n(-c(c4)cccc4C)c(n3)-c(cc5)cc(c56)ccs6,-2.737,34,-0.0805
C1COCCN1c(ncn2)c(c23)cc(c(c3)OC)OCCC(C)(c4ccccn4)c5ccccn5,-2.737,35,-0.0782
CCc1ccc([nH+]c1)CCc(n2)c(C#N)c(N[C@H](C)C(=O)[O-])c(c23)cc(F)cc3,-2.737,29,-0.09437931034482759
C1COCCN1c(nc(N)[nH+]2)cc2[C@H](C)c3ccc(s3)-c4ccccc4CO,-2.737,28,-0.09775
n1cccnc1-c(cc2)ccc2C(=O)c3ccc(cc3Cl)CNCCc4[nH+]cc[nH]4,-2.736,30,-0.0912
CN(C)CCN1CCN(CC1)c2ccc(F)c(F)c2F,-2.736,20,-0.1368
Cc1nc(C[NH+](C)C)ccc1-c(c(c23)cn[nH]c3=O)ncc2-c4ccc(C[NH+](C)C)nc4C,-2.735,33,-0.08287878787878787
CC[C@@H]([C@H](C)O)n1[nH]cc(c1=O)C(=O)c2ccc(S(=O)(=O)C)c(c2C)-c3ccc(OC)cc3,-2.733,33,-0.08281818181818182
COCCCNc1cnc[nH]1,-2.733,11,-0.24845454545454546
c1cc(F)ccc1-c(c2)nc(cc2C(C)(C)[NH3+])C(=O)c3ccc(cc3Cl)CNCCCC[NH3+],-2.732,33,-0.0827878787878788
COC(=O)N(CC1)CCC12CN(C2)c3nc(-c4cccn4C)nc(c3C)-c5c(C)noc5C,-2.732,33,-0.0827878787878788
O=S(=O)Oc1ccc(cc1)[C@H]2CCCN(C2)Cc3cccc(c3)Oc4ccccc4,-2.73,30,-0.091
O=C[C@@H]1CCCN1c2ccc(cc2Cl)CNCCc3cnc[nH]3,-2.73,23,-0.11869565217391305
Cc1cc(N)[nH+]c(c1)CCCCCCC2CC2,-2.729,17,-0.1605294117647059
CCOC(=O)[C@@H]1C(=C)N=C(C)[C@H](C(=O)c2cnc(C(=O)N)nc2)[C@H]1c3cccc(Cl)c3Cl,-2.728,32,-0.08525
O=C1CC=CN1Cc2cc(on2)CCCCCOc3c(Cl)cc(cc3Cl)C4=NCCO4,-2.727,31,-0.08796774193548387
c1ccc(OC)c(c12)[nH+]c([nH]2)CC[NH2+]Cc3ccc(c(Cl)c3)S(=O)(=O)C(C)(C)C,-2.727,29,-0.09403448275862068
c1nccc(c12)c(C(=O)[O-])c(C)c(n2)NCCOc(cc3)c(c4c35)ccc6c4c(cc5)ccc6,-2.725,34,-0.08014705882352942
CC(C)C(C(C)C)NS(=O)(=O)c1cccs1,-2.725,16,-0.1703125
C[NH2+]Cc1ccc(cc1)-c(cc2)cc(c23)[C@@H](C[C@H](C)N3C(=O)C)NCCCNS(=O)(=O)C,-2.724,32,-0.085125
COc(c1)c(OC)cc(c12)CN(CC2)c(nc(c34)cccc4)[nH+]c3N[C@H](C)C5CC5,-2.724,30,-0.0908
CS(=O)(=O)N1CCN(CC1)c2ccc(cc2)/C(c3cccc(O)c3)=C(/CCCO)C4=CCCC=C4,-2.724,35,-0.07782857142857143
CCCCCCC/C([O-])=C/C(=O)SCCNN[C@@H]1CC[N@@H+](C)CC1,-2.724,24,-0.1135
CN1CC[NH+](CC1)CCNc2ccc(cn2)S(=O)(=O)c3n[nH]cc3-c4ccncc4,-2.724,30,-0.0908
CCCCCCCCNc1ccc(c[nH+]1)S(=O)(=O)[N-]c2c(C)nn(C)c2C,-2.723,27,-0.10085185185185185
C1C[N@H+](C)CC[C@H]1Nn(c(n2)-c(cc3)cc(c34)ccs4)c(c25)c(nc(n5)C(=O)[O-])N[C@H](C)C6CC6,-2.723,35,-0.0778
CNc1cc(nc(N)[nH+]1)N2CCN(CC2)c3ccc(OC)c(c3)OC,-2.723,25,-0.10891999999999999
C1CCCC1n(c(c2)C(=O)N(C)C)c(c23)nc(nc3)-c(cn(C)c4=O)c(c45)oc(c5)-c6c[nH]c[nH+]6,-2.722,35,-0.07777142857142857
COc1cc(OC)cc(c12)nc([nH]c2=O)-c3cc(c[nH+]c3N)-c4cnn(C)c4,-2.722,28,-0.09721428571428571
CC(C)NC(=O)O[C@H](CC[C@]1(C)O)c(c12)nnn2CCCCCc3cccc[nH+]3,-2.722,29,-0.09386206896551724
C[C@@H]1C(=O)N(C)CCN1CCOc2ccc(cc2)[C@@H]3CC[N@H+](CC3)c4ccc(O)c(O)c4,-2.722,32,-0.0850625
c1ccccc1Cn(c([nH+]2)-c(cc3)ccc3C)c(c24)cc(cc4)N5CCN(C)CC5,-2.721,30,-0.0907
c1cc(C)cc(c12)[nH]c(n2)CCN(C[C@H]3C)c(c4n(c35)c(nn5)C)cc(cc4)-c6ccc(N)nc6,-2.72,35,-0.07771428571428572
Cc1cc(n[nH]1)[C@@H](C)NNCC23C[C@@H]4C[C@H](C3)C[C@@H](C4)C2,-2.72,21,-0.12952380952380954
O=C([O-])CCSc([nH+]1)n(c(c12)cccc2)-c3ccc(cc3)C[C@H]4SC(=O)NC4=O,-2.72,29,-0.09379310344827586
COc1ccc(cc1)Cn(nn2)c(c23)[C@@](C)(O)CC[C@H]3S(=O)(=O)c4ccc(Cl)cc4,-2.719,30,-0.09063333333333333
Fc1ccc(cc1)-c2[nH]nc(n2)-c3ccc(cc3Cl)CNCCc4ccc[nH]4,-2.719,28,-0.09710714285714285
Cc1ccn(C)c(=O)c1-c2cnc(Cl)c(c2)-n(c(c34)cccc4)c(n3)-c5cc(C)c(=O)n(C)c5,-2.718,34,-0.07994117647058824
C[C@@H]1CNCCCN1[NH2+][C@@H](C(=O)[O-])Cc(c[nH]2)c(c23)cccc3,-2.718,23,-0.11817391304347825
O=C([O-])C(C)(C)Oc1ccc(cc1)CCC(=O)[C@@H]([NH3+])CO,-2.718,21,-0.12942857142857142
C[NH2+]Cc1ccc(cc1)-c(cc2)cc(c23)[C@@H](C[C@H](C)N3C(=O)C)NC(=O)C[C@H](O)C[NH2+]C,-2.715,32,-0.08484375
c1ncc(C)c(c12)c(ccc2)S(=O)(=O)c(cc3)cc(c34)ccc(c4)C[C@@H]5SC(=O)[N-]C5=O,-2.713,32,-0.08478125
O[C@@H]1[C@@H](O)[C@@H](O)[C@@H](O[C@H]1C)c2ccc(cc2Cl)CNCCc3ncc[nH]3,-2.713,26,-0.10434615384615385
CCCC(=O)N1[C@H](C)C(=O)N(C)c(c12)ccc(c2)C(=O)Nc3ccc(C)cc3C,-2.713,29,-0.09355172413793103
CCc1c(C)nc(N)nc1CCn(c(n2)C3CCOCC3)c(c24)cc(cc4)-c5cc(C)c(=O)n(C)c5,-2.713,36,-0.07536111111111111
NC(=O)CCNCc1ccc(c(Cl)c1)C(=O)[C@@H](C2)Oc(c23)c(cc(Cl)c3)-c4ccnc(N)c4,-2.712,33,-0.08218181818181819
NC(=O)CCNCc1ccc(c(Cl)c1)-c2noc(n2)C3CCN(CC3)C(=O)Cc4ccccc4,-2.712,34,-0.07976470588235295
c1cccc2c1nc(n23)N([C@@H](C)C3)C(=O)[C@@H]4CN(C(=O)CC5)N5C46CCCC6,-2.711,28,-0.09682142857142857
Fc1cc(F)ccc1Oc(ccc2[N-]S(=O)(=O)CC)c(c2)-c3cc(C)nc(n3)CCC(=O)[O-],-2.71,33,-0.08212121212121212
c1ccccc1CC(=O)N2CCC(CC2)c3nc(no3)NC4CCN(CC4)c5cccc[nH+]5,-2.709,33,-0.08209090909090909
[nH+]1nc(C)n(c12)c3c(cccc3)C(c4ccccc4)=N[C@H]2NNc5cc[nH+]cc5,-2.709,29,-0.09341379310344827
C[C@H]1CC[C@@H](CC1)CNCc2ccccn2,-2.709,16,-0.1693125
c1c[nH]c(c12)c(=O)n(C\C=C\C)cc2-c3cc(Cl)ccc3OCCN(C)C,-2.709,27,-0.10033333333333333
[NH3+]c1ccc(cc1)NNc2ccncc2,-2.709,15,-0.1806
Clc1c(Cl)cccc1-c(c2CC)nc(N)nc2N3CC[NH+](C)CC3,-2.708,24,-0.11283333333333334
CC(C)(C)S(=O)(=O)C(=O)Cc(cnc1)c(c12)c([O-])ccc2,-2.707,21,-0.1289047619047619
C1CCN1c([nH]2)cnc2C3CCC3,-2.705,13,-0.20807692307692308
CN1CC[C@@H](C1)N(C)c(nc(c23)cc(s3)C(C)(C)C)nc2Nc4cc[nH+]cc4,-2.705,28,-0.09660714285714286
CCn1c(=O)nc(O)c(c12)[C@H](c3ccc(C)cc3)C4=C(N2)CN(C4=O)N5CC[NH2+]CC5,-2.704,31,-0.0872258064516129
CNc1cc(nc(N)[nH+]1)-c2nc(ncc2C)Nc3ccc(c(F)c3)C(=O)N[C@@H]4CC[N@@H+](C)CC4,-2.703,34,-0.0795
CCCCCCCCCCCCC(=O)OC[C@@H](COP(=O)([O-])[O-])c1c(C)nn(C)c1C,-2.703,31,-0.08719354838709677
CCCCCc1ncc(C)n1Cc2ccccc2OCCC[C@@H](C)CC(=O)[O-],-2.703,28,-0.09653571428571428
CCc1ccccc1-n2c(nccc3)c3cc4n(C)c(=O)c(c4c25)ccc5,-2.702,27,-0.10007407407407408
C1CC1Nc([nH+]c2N)cc(n2)/C(O)=C/C(=O)C(=O)[O-],-2.701,19,-0.14215789473684212
CCCCCC(=O)N[C@@H](CO)[C@H](O)CCCC[NH+](C)C,-2.7,20,-0.135
c1ccccc1C(=O)c2ccccc2N[C@H](C(=O)[O-])Cc3ccc(cc3)OCCC[C@H]4CCCO4,-2.7,35,-0.07714285714285715
c1nccn1C[C@@H](NC(C)(C)CO)c2ccc(Cl)cc2Cl,-2.7,21,-0.1285714285714286
n1nc(C)n(c12)c3c(cccc3)C(c4ccccc4)=N[C@H]2NNc5ccncc5,-2.7,29,-0.09310344827586207
CCCCCCOc1cccc(c1)CCc([nH]n2)c(c23)cccn3,-2.697,24,-0.112375
C[NH+]1CCN(CC1)c(c2)[nH]c3c(NS(=O)(=O)C)ccc(c3c24)n(c4[O-])C,-2.697,26,-0.10373076923076924
Nc1ccc(cc1)[NH2+]CCC(=O)NC2CC2,-2.697,16,-0.1685625
COc1ccccc1S(=O)(=O)[C@H](c2ccccn2)c3cccc(Cl)c3,-2.695,25,-0.10779999999999999
CCCCCCCCCCCCC/C=C/[C@@H](O)[C@H](CO)NS(=O)(=O)c1ccc(OC)c(c1)OC,-2.694,34,-0.07923529411764706
O=C1CCCc(c12)n(c(c2)CC)C[C@@]3(O)CC[N@@H+](CC3)Cc4ccc(cc4Cl)C(=O)OC,-2.692,32,-0.084125
O[C@H](C1)CCCN1C[C@@H](OCC)CSc2ccc(c(C)c2)OCC(=O)[O-],-2.692,26,-0.10353846153846155
c1cncc(c12)c([O-])c(C#N)c(n2)-c3ccc(CC(=O)[O-])cc3,-2.692,23,-0.11704347826086957
O=C1[N-]C(=O)[C@@H](S1)Cc2ccc(cc2)-c(cc[nH+]3)c(c34)cccc4,-2.689,24,-0.11204166666666666
CNc1cc(nc(N)[nH+]1)N2CCN(CC2)[NH2+]C34C[C@@H]5C[C@H](C4)C[C@@H](C5)C3,-2.689,26,-0.10342307692307692
[nH+]1cn(C)c(c12)cccc2-c3ccc(cc3)S(=O)(=O)c(cc4)cc(c45)C[NH2+]CC5,-2.689,29,-0.09272413793103448
CCCCCCCCNc1ccc(cn1)S(=O)(=O)[N-]c2c(C)nn(C)c2C,-2.688,27,-0.09955555555555556
Cc1nn(C)c(O)c1C(=O)c(cc2)c(C)c(c23)c(=O)n(c(=O)n3C)NCCC(F)(F)F,-2.687,31,-0.0866774193548387
Fc1cc(F)ccc1Oc(ccc2NS(=O)(=O)CC)c(c2)-c3cc(c[nH+]c3N)-c4cnn(C)c4,-2.686,34,-0.079
C[NH+](C)CCC[N@H+](C)[C@H]1CCN(C1)C(=O)c([nH]2)c(c(c23)ccc(Cl)c3)Nc4ccc([NH3+])cc4,-2.684,33,-0.08133333333333334
c1cc(Cl)ccc1[C@H](c(c23)c(C)c(s2)C)[NH2+][C@H](c4n3c(nn4)C)CC(=O)[C@H](C)CCC(=O)[O-],-2.683,33,-0.0813030303030303
Clc(c1)cccc1[C@H](O)CNCc2ccc(cc2)N3CCCCC3,-2.683,24,-0.11179166666666666
CN(C)CC[N@@H+]1CC[C@H](C1)c([nH+]2)n(Cc3ccccc3)c(c24)cc(cc4)N5CC[NH+](C)CC5,-2.683,33,-0.0813030303030303
CC(=O)NC[C@H]1CN(C(=O)O1)c2ccc(c(F)c2)C(=O)/C=C(\O)C(=O)[O-],-2.682,26,-0.10315384615384615
O=C([O-])C(C)(C)c1ccc(cc1)NC(=O)[C@@H](N)CO,-2.682,19,-0.1411578947368421
c1ccc(C)c(c12)[nH]c([nH+]2)CCNCc3ccc(c(Cl)c3)NCCCNC(=O)c4ccc(F)cc4,-2.682,35,-0.07662857142857142
c1nccc(c12)c(C(=O)[O-])c(C)c(n2)-c3ccc(cc3)-c4ccc(c(c4)CN)OCc5cccnc5,-2.681,36,-0.07447222222222222
CC(=O)N[C@H]1CCN(C1)[N@H+]2CC[C@@H](CC2)CCC(=O)NCc3ccc(cc3)N4CCCCC4,-2.681,33,-0.08124242424242424
CC(O1)(C)C(=O)Nc(c12)ccc(c2)N[NH+]3CCCC3,-2.681,19,-0.14110526315789473
COc1cc(C)c(c(C)c1C)S(=O)(=O)c2ccc(S(=O)(=O)C(F)F)cc2[N+](=O)[O-],-2.68,29,-0.09241379310344829
O=C([O-])[C@H](C)[NH2+]CCCNCc1ccc(c(Cl)c1)-c2ccccc2,-2.679,24,-0.11162499999999999
OCC[N+](C)(CCO)CCCN[C@H]([C@@H](O)C(=O)N1CCC1)C[C@@H]2CCCNC2=O,-2.679,29,-0.09237931034482758
CCN(C(=O)C1)c(c12)ccc(c2)N[N@@H+]3CCN(C)C(=O)[C@H]3C,-2.677,22,-0.12168181818181818
CCCCCCOc1cccc(c1)C[N@H+]2CC[C@H](O)CC2,-2.677,21,-0.12747619047619047
CCc(c1)nc(C)c(c12)c(c(c([n-]2)=O)C#N)-c3ccc(cc3)Nc4cccc(F)n4,-2.675,30,-0.08916666666666666
CC(C)S(=O)(=O)c1ccc(cc1)C[C@@H](C(=O)[O-])Nc2ccccc2C(=O)c3ccccc3,-2.675,32,-0.08359375
COCCCNNCc1ccc(cc1)-c2c(C)noc2C,-2.675,21,-0.12738095238095237
CN(C)CC[NH+]1CCN(CC1)c(c2)c(C(=O)N)cc(c23)nccc3O[C@@H]4CCC[NH2+]C4,-2.674,31,-0.08625806451612902
O=C1CC=CN1c2cccc(c2)-c(ccc3S(=O)(=O)C(F)F)c(c34)CC(F)(F)[C@H]4O,-2.674,30,-0.08913333333333333
CN1C(=O)[C@@H](C)N(C2CC2)c(c13)cc(cc3)C(=O)c4ccc(cc4)CN5CCCCC5,-2.673,31,-0.0862258064516129
Cc1cc(cc[nH+]1)-c2ccc(cc2)-c3c(C)noc3C,-2.672,20,-0.1336
Nc(n1)cc(C)c(c12)ccc(c2)C[C@H](O)CO,-2.67,17,-0.15705882352941175
COCCCN[NH2+]Cc1ccc(cc1)-c2c(C)noc2C,-2.669,21,-0.1270952380952381
CCCCn1cc(nn1)CNNCCC(=O)OCC,-2.669,19,-0.1404736842105263
Cc1cc(C)c(c(C)c1)-c2noc(n2)C3CCN(CC3)C(=O)OC(C)(C)C,-2.668,27,-0.09881481481481481
O=[N+]([O-])c1cc(S(=O)(=O)C(F)F)ccc1-c2[nH]nc(n2)-c3ccc(F)cc3,-2.668,27,-0.09881481481481481
C1CCCN1c2ccc(cc2Cl)CNCCc3[nH+]cc[nH]3,-2.668,21,-0.12704761904761905
CNCc1ccccc1N[C@H](CCC2)c(c23)cnn3-c4ccccc4F,-2.667,26,-0.10257692307692307
Cc1noc(C)c1-c(cc2)cc(c23)c(nc(n3)C4COC4)N5CCOC[C@@H]5c6ccccc6,-2.666,33,-0.08078787878787878
c1cc(F)cc(c12)c(C(=O)[N-]S(=O)(=O)C)c(N)c([nH+]2)Nc(cc3)cc(n34)[nH+]c(c4)-c5ccccc5,-2.665,35,-0.07614285714285714
c1cc(Br)c([O-])c(c12)nc(N)cc2Nc(cc3)cc(c34)c(c[nH]4)C5CC[NH2+]CC5,-2.665,29,-0.09189655172413794
C1CN(C)CCN1c2nc(N)nc(c2CC)-c3ccc(cc3)-c(n4)c(NC(C)(C)C)n(c45)ccnc5,-2.664,36,-0.07400000000000001
O=C1[N-]C(=O)[C@@H](S1)Cc2ccc(cc2)[NH2+]C3CCCCCC3,-2.664,22,-0.1210909090909091
CC[C@H](C)[C@H]([NH3+])C(=O)[N-]S(=O)(=O)c1ccccc1CNc2cnn(C)c(=O)c2C,-2.664,29,-0.09186206896551724
C[C@@H]1C(=O)N(C)CC[N@@H+]1CCOc2ccc(cc2)C3CCN(CC3)c4cnn(c4)CC(C)(C)O,-2.663,34,-0.0783235294117647
s1cccc1CNC(=O)CCNCc2ccc(c(Cl)c2)-c3ccccc3,-2.661,26,-0.10234615384615385
CCCCCCCCC(=O)OC[C@@H](OC(=O)CCCC)COP(=O)([O-])OCC[N+](C)(C)C,-2.66,32,-0.083125
C1COCCN1c(c2)cc(C)c(c23)[nH+]c([nH]3)-c4ccc(cc4)-c(ccc5)c(c56)[nH+]cn6C,-2.66,32,-0.083125
CCCCCC(=O)CC[N@@H+](C)[C@H]1CCCCN1,-2.659,17,-0.15641176470588233
c1cc(Cl)ccc1[C@@H](c2cccnc2)C(=O)N3CCN(CC3)[NH+]4CCCCC4,-2.658,28,-0.09492857142857143
Fc1cc(F)ccc1Oc(ccc2[N-]S(=O)(=O)CC)c(c2)C(=S)NCc3ccco3,-2.658,30,-0.0886
Cc1cc(cc[nH+]1)-c2ccc(cc2)-c3c(C)ccn(C)c3=O,-2.656,22,-0.12072727272727274
C1OC[C@H]([C@H]12)[C@@H]2Nc3ccc(cc3Cl)CNCCc(n4)[nH]c(c45)cccc5,-2.656,27,-0.09837037037037037
CC(O1)(C)C(=O)Nc(c12)cc([O-])c(c2)-n(cc3)c(=O)n(c34)cc[nH+]4,-2.655,24,-0.11062499999999999
CCN(C1=O)c2ccc(c(c2c13)ccc3)S(=O)(=O)[N-]c(s4)c(C(=O)N)c(c45)CC[C@H](C)C5,-2.655,32,-0.08296875
C1CSCCN1[C@H](C[C@H](C)N2C(=O)C)c(c23)cc(cc3)-c4[nH]ncc4,-2.655,25,-0.10619999999999999
CCCCCCCCCCCCCCC[C@@H](O)[C@H](CO)[NH2+]C1CCN(CC1)CC[NH+](C)C,-2.654,32,-0.0829375
O=C([O-])C(C)(C)Sc1ccc(cc1)CCN(CC(=O)N)CCCCC2CCCCC2,-2.654,30,-0.08846666666666667
c1cc(Br)c(O)c(c12)nc(N)cc2-c3c[nH+]c[nH]3,-2.652,18,-0.14733333333333334
O=Cc1ccccc1/C=[NH+]/CCOCCOCCO,-2.651,19,-0.13952631578947366
c1cccc(c12)n(c(n2)N)-c3c(cccc4)c4nc(c35)CCCC5,-2.65,24,-0.11041666666666666
[NH3+]CCCCNCc1ccc(c(Cl)c1)-c2ccccc2N,-2.65,21,-0.1261904761904762
COc(cc1)cc(c12)[nH]c(n2)CCC[C@](O)(Cn3cncn3)c4ccc(F)cc4F,-2.65,30,-0.08833333333333333
CC/C=C/C/C=C/C/C=C/CCc1cccc(n1)CN2CCC(CC2)n3cc(C)c(=O)[nH]c3=O,-2.649,34,-0.07791176470588235
CN(C)c1ccc(cc1)N(Cc2cc(Cl)cs2)N3CCC([N+](C)(C)C)CC3,-2.649,27,-0.09811111111111111
COc1cc(OC)cc(c12)[nH]c(nc2=O)-c3c(cnn3C)-c(cc4)nn(c45)c(nn5)C,-2.648,31,-0.08541935483870969
C1CN(C)CCN1c2[nH+]c(N)nc(c2CC)-c3ccc(cc3)-c(n4)c(NC(C)(C)C)n(c45)ccnc5,-2.647,36,-0.07352777777777778
C1CNCCN1C(=O)[C@@H](OCC)Cc2ccc(cc2)OCCc3ccc(cc3)OS(=O)(=O)C,-2.647,33,-0.0802121212121212
Cc1cc(N)nc(c1)CCCCCc2ccccn2,-2.646,19,-0.13926315789473684
c1cccc(c12)c(on2)C(=O)c3c(Cl)c(Cl)nc(c3Cl)C([O-])=C4C(=O)CCCC4=O,-2.644,30,-0.08813333333333334
Cc1nn(C)c(Cl)c1S(=O)(=O)/N=c(\c2)c(C#N)cn(c23)cc([nH]3)-c4ccccc4,-2.644,29,-0.09117241379310345
CCn1c(=O)[nH]c(=O)c(c12)[C@H](c3ccc(C)cc3)C4=C(N2)CN(C4=O)COCCO,-2.644,30,-0.08813333333333334
CC/C=C/CCc1c[nH]c(n1)C2CCC2,-2.639,15,-0.17593333333333333
COC(=O)CC(=O)NCCCNCc1ccc(c(Cl)c1)NC2CCCC2,-2.638,26,-0.10146153846153846
CCCCc1ccc(cc1)OCC[C@H](NC[C@H](O)[C@H](N)CO)Cc2ccccc2,-2.637,29,-0.09093103448275862
C[N+](C)(C)C1CCN(CC1)c2ccc(cc2Cl)CNCCc3ccc[nH]3,-2.637,26,-0.10142307692307692
CC(=O)N1[C@@H](C)C[C@@H]([C@@H](C)C(=O)[O-])c(c12)cc(cc2)-c3[nH]ncc3,-2.634,24,-0.10975
O=c1[nH]ccn(c12)c(cc2C)-c(c3)c(ncc3CS(=O)(=O)CC)-c4ccccc4C(=O)[O-],-2.631,32,-0.08221875
CCCCCCC/C([O-])=C/C(=O)SCCNC(=O)CC[NH2+]Cc1cncs1,-2.631,27,-0.09744444444444443
CCOc1ccc(C(=O)C)cc1-c2cc(N[N@H+]3CC[C@H](O)CC3)cc(c2)-c4ccn(n4)C,-2.63,32,-0.0821875
C[NH+](C)CCN1CC[C@H](C1)n2c[nH+]c(c2CC#N)-c3ccc(C(F)(F)F)cc3,-2.63,28,-0.09392857142857143
CN1CCN(CC1)c(cc2)cc(c23)n(Cc4ccccc4)c(n3)[C@H]5CCN(C5)CC[NH3+],-2.63,31,-0.08483870967741935
C[C@H]1COC(=N1)c2ccc(c(Cl)c2)-c3ccc(c(c3)CN)OCc4cncs4,-2.629,28,-0.09389285714285714
CCCCCCCCCCCC(=O)C(=O)C(O)(C(F)(F)F)C(F)(F)F,-2.629,25,-0.10516
Clc1c(Cl)cccc1-c(c2CC)nc(N)nc2N3CCN(C)CC3,-2.627,24,-0.10945833333333332
C/C=C/CCCCCCCC(=O)CCNc1ccc(cn1)S(=O)(=O)[N-]c2c(C)nn(C)c2C,-2.626,33,-0.07957575757575758
COc1cc(OC)cc(c12)[nH]c(nc2=O)-c3ccccc3C(C)(C)C,-2.625,25,-0.105
Cc1nn(C)c([O-])c1C(=O)c(cc2)c(C)c(c23)c(=O)n(c(=O)n3C)[NH2+]CCC(F)(F)F,-2.622,31,-0.08458064516129032
n1ccc(OC)c(c12)cc(cc2)C(C)(C)C(=O)[O-],-2.622,18,-0.14566666666666667
CC[C@H](CO)N1CCC[C@@H](C1)n2cc(C)c(=O)[nH]c2=O,-2.622,20,-0.1311
C[C@@H](O)c1ccc(cc1)CN2CCCNCC2,-2.622,17,-0.15423529411764705
c1ccc(C)c(c12)[nH]c(n2)CC[NH2+]Cc3ccc(c(Cl)c3)-c4nnc([nH]4)-c5ccc(F)cc5,-2.621,33,-0.07942424242424242
C1CN(C)CCN1CCc2cc(ccc2N(C3)C[C@H](C)C[C@@H]3C)C(=O)Nc4ccccc4C(=O)[O-],-2.621,35,-0.07488571428571429
CCS(=O)(=O)[N-]c1ccc(C(=O)C(F)(F)F)c(c1)-c(cn(C)c2=O)c(c23)oc(c3)-c4c[nH]cn4,-2.62,34,-0.07705882352941176
C1CN(C)CCN1c(cc2)cc(c23)n(CCCCCC)c(n3)-c(c4)nc(NC)c(n45)nnc5C,-2.62,34,-0.07705882352941176
CC(=O)N[C@H]1CCN(C1)c2ccc(cc2F)C3=NO[C@@H](C3)CNN[C@H](C)c4cc(C)[nH][nH+]4,-2.619,32,-0.08184375
c1cc(C(F)(F)F)cc(c12)n(CC)c(n2)[C@@H](C)N[C@H]3C[NH2+]C[C@H]3Cc4cc(C)cc(n4)N,-2.619,32,-0.08184375
CCCCCCCC(=O)O[C@@H](COP(=O)([O-])OCC[NH3+])Cc1ccc(CN(C)C)nc1C,-2.619,32,-0.08184375
C1CCC1c([nH]2)ncc2-c3ccc(cc3OCC)C(=O)N4CCC(CC4)[NH+]5CCN(C)CC5,-2.618,33,-0.07933333333333333
C[C@H]1COCCN1c([nH+]c2)cc(c23)n([C@@H](C)COC)c(n3)-c4[nH]ncc4-c5ccncc5,-2.616,32,-0.08175
CC(=O)NC[C@H]1CN(C(=O)O1)c2ccc(c(F)c2)CCCCCc3cccc[nH+]3,-2.615,29,-0.09017241379310345
CNCc1ccc(cc1)-c(cc2)cc(c23)[C@@H](C[C@H](C)N3C(=O)C)NC(=O)C[C@H](O)[C@H]([NH3+])CO,-2.615,33,-0.07924242424242425
CNCc1ccc(cc1)-c(cc2)cc(c23)[C@@H](C[C@H](C)N3C(=O)C)NC(=O)N[C@H](C)c4ncn[nH]4,-2.615,34,-0.07691176470588236
CCCn(c1=O)c(=O)n(CCC)c(c12)nc([nH]2)-c3ccc(cc3)Nc4ccc([NH3+])cc4,-2.613,31,-0.08429032258064516
COCCCCc1ccc(cc1)OC(C)(C)C(=O)[O-],-2.61,19,-0.13736842105263158
C1OCC1[NH+](CC2)CCN2c(n3)cc([nH+]c3N)NCCC(c4ccccc4)c5ccccc5,-2.61,33,-0.07909090909090909
Cc1cccc(c12)n(c([nH+]2)CCC)[C@H]3CC[N@H+](C3)CC[NH3+],-2.609,21,-0.12423809523809523
CCOC(=O)N(CC1)CCC12c3c(ccc(Br)c3)N(C2=O)Cc4ccc(C(=O)[O-])cc4,-2.608,31,-0.08412903225806452
c1cc(Cl)ccc1C2=N[C@H](c(nnc3C)n3c(c24)cc(OC)cc4)[C@@H](C)C(=O)OC[C@H]5CCCO5,-2.607,35,-0.0744857142857143
O=C([O-])COc(c(C)c1)ccc1SC[C@H](OCC)CNc(cc2)cc(c23)nc([nH]3)-c4ccccc4,-2.606,35,-0.07445714285714285
FC(F)(F)C(=O)N[C@@H](C(C)(C)C)C(=O)N(C1)[C@@H]([C@H]([C@H]12)C2(C)C)C(=O)Nc3ccncc3,-2.603,31,-0.08396774193548388
c1ccccc1-n(nc2C)c(C)c2/C=N/N3CCN(CC3)N4CCN(CC4)c5ccc(Cl)cc5,-2.603,34,-0.07655882352941178
CN(C)CCOc1ccc(Cl)cc1CCSP(=O)([O-])OP(=O)([O-])[O-],-2.602,24,-0.10841666666666666
COc1cc(OC)cc(c12)[nH]c(nc2=O)-c3cc(cnc3N)-c4cnn(C)c4,-2.6,28,-0.09285714285714286
C1CC1Nc(c2CC)nc(N)[nH+]c2-c3cc(NC)nc(n3)N,-2.6,22,-0.11818181818181818
c1cc(C)ccc1S(=O)(=O)N(c(cc2OC)ccc2OC)CC(=O)c3c[nH]c(n3)C4CCC4,-2.6,33,-0.0787878787878788
COc1ccc(cc1Cl)CCc([nH+]2)n(C[C@H](C)N3CCOCC3)c(c24)ccc(c4)-c5ccn(n5)C,-2.599,35,-0.07425714285714287
N#Cc1ccc(cc1C)Oc2ccc(cc2)CC(=O)c3c(C)nnn3C4CCN(CC4)CCN(C)C,-2.599,36,-0.07219444444444445
CC[N@H+]1CC[C@@H](CC1)n(c(C)[nH+]2)c(c23)ccc(c3)OC(F)(F)F,-2.599,23,-0.113
C[NH+](C)CCN1CC[NH+](CC1)Nc2ccc(Cl)cc2,-2.597,19,-0.1366842105263158
OC[C@@H](O)COC(=O)c1ccc(cc1)-c2ccco2,-2.596,19,-0.13663157894736844
CCOC(=O)c1ccc(cc1)-c(n2)c(C#N)c(N[C@H](C)C(=O)[O-])c(c23)cc(F)cc3,-2.596,30,-0.08653333333333334
COc1ccc(Br)cc1S(=O)(=O)NCCc2ccc(cc2)OC(C)(C)C(=O)[O-],-2.593,28,-0.09260714285714286
CNC[C@@H](O)CS(=O)(=O)c1c(Cl)cc(cc1Cl)CCCN(CC2)C[C@H]([N@H+]23)CCC3,-2.591,29,-0.0893448275862069
C1CC1Nc(nc(N)[nH+]2)cc2Nc(c(C#N)c3)cc(n34)nc(c4)-c5ccccc5,-2.59,29,-0.08931034482758621
CC(=O)N[C@H]1CCN(C1)CCC[NH+](C)C,-2.59,15,-0.17266666666666666
C/C=C/CCCCCCCC(=O)O[C@H](COP(=O)([O-])O)/C=C(\[N-]1)CSc(c12)cccc2,-2.59,31,-0.08354838709677419
Cc1noc(C)c1-c2ccc(cc2)CN[NH2+]C3CCN(CC3)c4cccc[nH+]4,-2.59,28,-0.0925
O=C([O-])CCC[C@@H](O)/C=C/C=C/CC[N@H+]1CCCNCC1,-2.589,21,-0.12328571428571429
c1cc(F)cc(c12)c(C(=O)[N-]S(=O)(=O)C)c(N)c(n2)N3CCNCC3,-2.588,25,-0.10352
Cc1cc(C)c(c(C)c1)-c2ccc(cc2Cl)CNCCc3[nH+]cc[nH]3,-2.588,25,-0.10352
c1c(Cl)ccc(c12)c(C(=O)C)c([nH]2)C(=O)N3CC[C@@H](C3)N(C)CCC[NH+](C)C,-2.588,28,-0.09242857142857143
COc1cc(OC)cc(c12)[nH]c(nc2=O)-c(nnc3C)c(c34)cc(cc4)N5CC[NH2+]CC5,-2.586,32,-0.0808125
[nH+]1ccn(c12)c(=O)n(cc2)Nc(cc3)cc(n34)nc(c4)-c5ccccc5,-2.585,26,-0.09942307692307692
[nH]1nccc1-c(cc2)cc(c23)[C@@H](C[C@H](C)N3C(=O)C)c(c(c4)OC)cc(c45)c(ncn5)N6CCOCC6,-2.585,37,-0.06986486486486486
O=C([O-])CNS(=O)(=O)c1c(C)cc(cc1C)Nc(cc2)cc(c23)N(C4CC4)[C@H](C)C(=O)N3C,-2.585,33,-0.07833333333333334
C[C@@H]1C(=O)N(C)CC[N@H+]1CCOc2ccc(cc2)[C@@H]3CC[N@H+](CC3)c4ccc(O)c(O)c4,-2.584,32,-0.08075
Cc1nc(C[NH+](C)C)ccc1-c(c(c23)c(=O)[n-]nc3)cnc2S(=O)(=O)c4ccc(F)c(Cl)c4,-2.583,33,-0.07827272727272727
N#C\C=C\c(cc1C)cc(C)c1C(=O)c2ccc(cc2)C#CCNS(=O)(=O)c3ccccc3,-2.583,33,-0.07827272727272727
Clc1c(Cl)cccc1-c(c2CC)nc(N)[nH+]c2N3CCN(C)CC3,-2.583,24,-0.10762500000000001
C1CC1Nc(c2CC)nc(N)[nH+]c2N[C@H](CCC3)c(c34)cnn4-c5ccccc5F,-2.58,30,-0.08600000000000001
Nc([nH+]1)cc(C)c(c12)ccc(c2)-c3ccc(c(c3)CN)NCCCNC(=O)c4ccc(=O)n(C)c4,-2.579,35,-0.07368571428571428
CCCCC(=O)OC[C@H](CO)OC1CC[NH2+]CC1,-2.579,18,-0.14327777777777778
c1c(Cl)ccc(c12)c([C@@H](CC)[C@H](C)O)c([nH]2)C(=O)N3CC[C@@H](C3)[N@@H+](C)CCCN(C)C,-2.579,31,-0.08319354838709678
Cc1cc(OC)cc(c12)c(c3c(n2)[nH]nc3C)CN4CCC[C@@H](C4)n5cc(C)c(=O)[nH]c5=O,-2.578,33,-0.07812121212121212
CN(C)CCC[N@@H+](C)[C@H]1CCN(C1)C(=O)c([nH]2)c(NC3C=C3)c(c24)ccc(Cl)c4,-2.578,29,-0.08889655172413792
C1CC1[C@@H](C)Nc(nc(n2)C(=O)[O-])c(c23)n(NCCC)c(n3)-c(cc4)cc(c45)ccs5,-2.574,31,-0.08303225806451613
C[NH+](C)CC[N@H+]1CC[C@@H](CC1)CC#C[Si](C)(C)C,-2.573,18,-0.14294444444444443
NC(=O)CCNCc1ccc(c(Cl)c1)C(=O)[C@@H](C2)Oc(c23)c(cc(Cl)c3)-c4cc[nH+]c(N)c4,-2.571,33,-0.07790909090909091
NC(=O)CCNCc1ccc(c(Cl)c1)C(=O)c2cnccc2C(F)(F)F,-2.571,26,-0.09888461538461539
O=C(N1)C(C)(C)c(c12)cc(cc2F)-c3ccc(cc3Cl)CNCCc4cnc[nH]4,-2.571,29,-0.08865517241379312
o1cccc1-c(cc2)cc(c23)[C@@H](C[C@H](C)N3C(=O)C)[NH2+]NC4CCN(CC4)c5cccc[nH+]5,-2.57,33,-0.07787878787878788
C1CC1Nc(n2)cc([nH+]c2N)NCC3([NH3+])CCCCC3,-2.57,20,-0.1285
O=C([O-])CCSc([nH+]1)n(c(c12)cccc2)CCn3ccc(=O)c(C(=O)[O-])c3O,-2.568,28,-0.09171428571428572
s1cncc1Nc(c2CC)nc(N)nc2N3CCN(C)CC3,-2.564,22,-0.11654545454545455
CCCCCCC/C([O-])=C/C(=O)SCCNn(cc1)c(=O)n(c12)ccn2,-2.564,26,-0.09861538461538462
COCCOCCOCCn(cc1)c(=O)n(c12)cc[nH+]2,-2.561,20,-0.12805
c1c(F)cc(c(c12)C)[N-]S(=O)(=O)CCCCC[C@H]3C[N@H+](C2)CCN3c(c[nH+]4)n(c45)CCC5,-2.56,32,-0.08
CC(=O)N1[C@@H](C)C[C@@H](NC(=O)OC(C)C)c(c12)cc(cc2)-c([nH]3)c(C#N)c(=O)c(c34)cncc4,-2.559,34,-0.07526470588235294
CC(C)(C)OC(=O)NCCCNNc1cncs1,-2.558,18,-0.1421111111111111
n1nc(C)n(c12)c3c(cccc3)N(C[C@H]2C)c([nH]4)c(C#N)c(=O)c(c45)cncc5,-2.554,29,-0.08806896551724137
OCCO[C@H](N(C)C(=O)N1)c(c12)cc(cc2)N(C3(C)C)C(=O)[N-]C3=O,-2.554,25,-0.10215999999999999
Cc1cc(N)nc(c1)CCCCCS(=O)(=O)c2c(C)nn(C)c2Cl,-2.554,24,-0.10641666666666666
Cc1nnn(C)c1-c(c2)c(F)cc(c23)c4c(cc(c[nH+]4)C(C)(C)O)n3[C@H](C)C(=O)N,-2.553,30,-0.0851
COc1ccccc1S(=O)(=O)Nc(cc2)c3[n-]c(cc(c3c24)c([O-])n4C)NC5CCCCCC5,-2.553,34,-0.07508823529411765
O=[N+]([O-])c1cc(S(=O)(=O)C(F)F)ccc1-c2n[n-]c(n2)-c3ccc(F)cc3,-2.553,27,-0.09455555555555556
c1c[nH]nc1-c(cc2)cc(c23)[C@@H](C[C@H](C)N3C(=O)C)c4ccc(cc4Cl)C[NH2+]CCc5[nH+]cc[nH]5,-2.553,35,-0.07294285714285714
CCc(nn1)n(c12)nc(cc2)-n(c(C)c3)c(c34)cc(cc4)Nc5nccc([nH+]5)NC,-2.552,30,-0.08506666666666667
FC(F)(F)C(=O)N[C@@H](C(C)(C)C)C(=O)c(cnc1C(F)(F)F)c(c12)CC[C@H]2O,-2.552,28,-0.09114285714285715
COc(nn1)n(c12)nc(cc2)N3CCC(CC3)c4ccc(cc4)-c(cc5)cc(c56)ccn6CC(=O)[O-],-2.551,36,-0.07086111111111111
O=C([O-])Cn(cc1)c(c12)ccc(c2)-c3c(cccc4)c4[nH+]c(c35)CCCC5,-2.551,27,-0.09448148148148149
Cc1cccc(n1)[C@@H]2N(CCc(c23)scc3)c4cc(nc(N)[nH+]4)N5CC[NH+](CC5)C6COC6,-2.549,33,-0.07724242424242424
C1CCCCC1NC(=O)[C@@H](c2cccnc2)c(c3CC)nc(N)nc3N4CCN(C)CC4,-2.548,32,-0.079625
OC[C@@H](O)C(=O)S(=O)(=O)c1ccc(F)c(Cl)c1,-2.547,17,-0.14982352941176472
C1CCCCN1c2nc(N)nc(c2CC)-c3cccc(c3F)-c(ccn4)c(c45)nc[nH]5,-2.543,31,-0.08203225806451614
c1c(Cl)ccc(c12)c([C@@H](CC)[C@H](C)O)c([nH]2)C(=O)N3CC[C@@H](C3)N(C)CCC[NH+](C)C,-2.543,31,-0.08203225806451614
O=C1[N-]C(=O)N(C1(C)C)c2n(nnc2C)C3CCN(C(N)=[NH2+])CC3,-2.542,24,-0.10591666666666666
c1ccccc1[C@@H](N2CCCC2)C3CCOCC3,-2.541,18,-0.14116666666666666
CNCc1ccc(cc1)-c(cc2)cc(c23)[C@@H](C[C@H](C)N3C(=O)C)NC(=O)C[C@H](O)C[NH2+]C,-2.541,32,-0.07940625
OCCOCNC1CCN(CC1)c2cccc[nH+]2,-2.54,18,-0.1411111111111111
CCCCCCCCCCCCC(=O)OC[C@@H](COP(=O)([O-])O)CCc1ccc(cn1)CC,-2.54,33,-0.07696969696969697
OCC[N+](C)(CCO)CCC[NH2+][C@H]([C@@H](O)C(=O)N1CCC1)C[C@@H]2CCCNC2=O,-2.54,29,-0.08758620689655172
CCc(nn1)n(c12)nc(cc2)-c(cc3)cc(c3n(c(nn4)C)c4C56CC6)C(=N5)c7ccc(Cl)cc7,-2.539,35,-0.07254285714285715
Cc(n1)c(C)n(c12)c(C)c(cc2)CCc3[nH+]c(cn3C)-c([nH]4)nc(c45)cc(cc5C)N6CCOCC6,-2.539,36,-0.07052777777777779
c1ccc(OC)c(c12)[nH+]c([nH]2)CCNCc3ccc(c(Cl)c3)S(=O)(=O)CC(F)(F)F,-2.539,30,-0.08463333333333334
c1[nH+]ccc(c12)c(C(=O)[O-])c(C)c(n2)NCCOc(cc3)c(c4c35)ccc6c4c(cc5)ccc6,-2.536,34,-0.07458823529411765
Cc1cc([nH+][nH]1)[C@@H](C)Nc2ccccc2C(=O)c3ccccc3,-2.535,23,-0.11021739130434784
O=C([O-])c1ccc(cc1)CN(C2=O)c(ccc(Br)c3)c3[C@@]24CC[N@@H+](CC4)Cc5ccco5,-2.535,32,-0.07921875
Fc1cc(F)ccc1Oc(ccc2NS(=O)(=O)CC)c(c2)N3CCN(CC3)Cc4ccccc4,-2.535,34,-0.07455882352941177
c1cc(F)cc(c12)c(N[C@H](C)C(=O)[O-])c(C#N)c([nH+]2)[C@H](C)c3ccc(s3)-c(c[nH+]4)n(c45)CCC5,-2.534,34,-0.07452941176470587
OCCOCC[N@H+]1CCOC[C@@H]1c2ccccc2,-2.532,18,-0.14066666666666666
Cc1cc(N)nc(c1)CCCCCc2n[nH]c(n2)-c3ccc(F)cc3,-2.531,25,-0.10124000000000001
COC(=O)CC(=O)NCCCS(=O)(=O)c1ccc(nc1)NCCN2CCN(C)CC2,-2.531,30,-0.08436666666666667
O=C([O-])C/[NH+]=C/C(=O)CCCCCC1OCCO1,-2.531,18,-0.14061111111111113
c1cc(C)cc(c12)nc([nH]2)CCN(C[C@H]3C)c(c4n(c35)c(nn5)C)cc(cc4)-c6ccc(N)nc6,-2.531,35,-0.07231428571428572
C[C@@H](O)Cc(cc1=O)oc(c12)c(c([O-])cc2O)[C@H]3CC[N@H+](C)C[C@H]3O,-2.53,25,-0.1012
CNc1ccnc(n1)N(C[C@H](C2CC2)N3C(=O)C)c(c34)cc(cc4)-c5cnc(C(=O)N)nc5,-2.53,33,-0.07666666666666666
CNCc1ccccc1Cc(cc2)cc(c23)COc4c(cccc4)C\3=C(/C)c5noc(=O)[n-]5,-2.528,33,-0.07660606060606061
CC(C)(C)Nc(c1)c(C#N)cn(c12)cc([nH+]2)-c3ccccc3,-2.527,22,-0.11486363636363638
C1CCCCN1c([nH+]2)cc(nc2N)NCCC[NH2+]Cc3ccc(c(Cl)c3)-c4ccccc4,-2.526,32,-0.0789375
Cc(c1)c(C)cc(c12)sc(n2)CNc(cc3)c4[nH]c(cc(c4c35)c(O)n5C)N6CCN(C)CC6,-2.526,34,-0.07429411764705882
C1CC1S(=O)(=O)Cc2cc(Cl)c(c(Cl)c2)-c3ccccc3,-2.522,21,-0.12009523809523809
c1c(F)cc(c(c12)C)NS(=O)(=O)CCCCC[C@H]3C[N@H+](C2)CCN3c(c[nH+]4)n(c45)CCC5,-2.521,32,-0.07878125
Cc1nnc(n12)c(NC)nc(c2)-c(n3)n(CCOC(F)(F)F)c(c34)cc(cc4)N5CCN(C)CC5,-2.519,35,-0.07197142857142858
c1ccccc1-n(nc2C)c(C)c2/C=N/N3CCN(CC3)n(cc4)c(=O)n(c45)cc[nH+]5,-2.518,31,-0.0812258064516129
O=C([O-])CCSc([nH+]1)n(c(c12)cccc2)-c3ccc(cc3)C[C@H]4SC(=O)[N-]C4=O,-2.516,29,-0.08675862068965517
CN(C)CCN1CCN(CC1)c2ccc(S(=O)(=O)C)cc2Nc3ncccn3,-2.516,28,-0.08985714285714286
Cc1cc(OC)cc(c12)c(c3c(n2)[nH]nc3C)C[N@@H+]4CCC[C@@H](C4)n5cc(C)c(=O)[nH]c5=O,-2.515,33,-0.07621212121212122
O=c1n(C)ncc(c1C)N(c2cc(on2)C(C)(C)C)[C@@H](C(=O)NC(C)(C)C)c3cccnc3,-2.513,33,-0.07615151515151515
CCO[C@H](C(=O)[O-])Cc1ccc(cc1)S(=O)(=O)c(cc2)cc(c23)CNCC3,-2.513,27,-0.09307407407407407
COc(cc1)cc(c12)c(CCC(=O)[O-])cn2-c(cc(Cl)c3)c(c34)O[C@H](C4)C(=O)N5CCNCC5,-2.513,34,-0.07391176470588234
Nc1nc(SC)nc(c12)n(cn2)-c3ccc(nc3)N4CCNCC4,-2.511,24,-0.10462500000000001
COCCOC(=O)C1=C(C)NC(C)=C(C(=O)c2c[nH]cn2)[C@H]1c3cccc([N+](=O)[O-])c3,-2.508,31,-0.08090322580645161
o1cccc1CNC(=S)C(=O)O[C@H](CC)c2cc(no2)-c3ccc(cc3)OC(C)(C)C(=O)[O-],-2.507,33,-0.07596969696969698
C1COCCN1c([nH+]2)cc(nc2N)C/C=C/c3ccc(Br)cc3,-2.506,23,-0.10895652173913042
CCN1CCN(CC1)Cc2ccc(cc2C(F)(F)F)NNc3cccc(c3)N4CCCC4=O,-2.506,33,-0.07593939393939393
C/C=C/CCCCCCCC(=O)O[C@H](COP(=O)([O-])O)CCc1ccc(Cl)c(Cl)c1,-2.505,30,-0.08349999999999999
C1CNCCN1c(n2)nc(nc2OC)Nc3cc(S(=O)(=O)C)ccc3[C@H]4CC[N@@H+](C)C4,-2.505,31,-0.08080645161290322
OCCOCNC1CCN(CC1)c2ccccn2,-2.504,18,-0.1391111111111111
O=c1[nH]c(=O)n(cc1C)C2CCN(CC2)c([nH]3)nc(c34)cc(cc4C)N5CCOCC5,-2.504,31,-0.0807741935483871
c1ccccc1N[C@H](C[C@H](C)N2C(=O)C)c(c23)cc(cc3)-n(c(N)[nH+]4)c(c45)cccc5,-2.503,31,-0.08074193548387097
FC(F)(F)Oc(cc1)ccc1C(=N2)NC(=O)C23CCN(CC3)OC[C@H]4CCCO4,-2.503,29,-0.0863103448275862
C1CC1Nc([nH+]c2N)cc(n2)N3CCN(CC3)CCCNC(=O)c4ccc(S(=O)=O)cc4,-2.503,32,-0.07821875
c1ccccc1C[C@@H](NC(=O)[C@H](O)[C@H](C)N)CCc2ccc(F)c(F)c2F,-2.503,27,-0.0927037037037037
c1cc(Br)ccc1-c2ccc(cc2Cl)CNCCc3ncc[nH]3,-2.502,23,-0.10878260869565216
CN(C)CC[N@@H+]1CC[C@H](C1)n2c[nH+]c(-c3ccc(C(F)(F)F)cc3)c2-n(cc4)c(=O)n(c45)ccn5,-2.502,35,-0.07148571428571428
COCCCNC(=O)[C@@H](c1cccnc1)N(/N=C2\NNCS2)c3ccc(C(C)(C)C)cc3,-2.502,32,-0.0781875
c1ccc(OC)c(c12)[nH]c(n2)CC[NH2+]Cc3ccc(c(Cl)c3)S(=O)(=O)C(C)(C)C,-2.501,29,-0.08624137931034483
c1cc(Cl)ccc1N[C@H](C[C@H](C)N2C(=O)C)c(c23)cc(cc3)C(=O)[C@@H]([NH3+])CO,-2.499,28,-0.08925000000000001
CCOc1ccccc1-c2ccc(cc2)-c3cc([S@](=O)C)c(C#N)c(=O)[nH]3,-2.498,27,-0.09251851851851853
C1CN(C)CCN1c2nc(N)[nH+]c(c2CC)-c3ccccc3OCCCC(=O)[O-],-2.497,29,-0.08610344827586207
CO[C@@H](C)C[C@@H]1O[C@@H]([C@@H](O)[C@H]1O)C[S+](C)CC[C@H](N)C(=O)[O-],-2.496,22,-0.11345454545454546
O=C([O-])Cc1cnc([nH]1)C2CCCC2,-2.494,14,-0.17814285714285716
O=c1n(C)cc(cc1C)-c(cc2)cc(c23)n(CCc4c[nH]cn4)c([nH+]3)C5CCOCC5,-2.493,31,-0.08041935483870967
CCN1CCN(CC1)c(n2)n(c(c23)cccc3)CC4CCOCC4,-2.493,24,-0.103875
c1n[n-]c(=O)c(n12)c(C)cc2-c3ccc(cc3)-c(n4)c(C#N)c(N[C@H](C)C(=O)[O-])c(c45)cc(F)cc5,-2.492,36,-0.06922222222222223
Nc1ccc(cc1)N[NH2+]CC(=O)[O-],-2.492,13,-0.1916923076923077
CC(C)(C)OC(=O)N1CCC(CC1)c2nc(no2)-c3[nH]ncc3-c4ccncc4,-2.491,29,-0.08589655172413793
C1CC1Nc(c2CC)nc(N)nc2N[C@H](C[C@H](C)N3C(=O)C)c(c34)cc(cc4)-c5ccco5,-2.49,33,-0.07545454545454545
Fc1ccc(cc1)-c2[nH+]cn(C3CC[NH2+]CC3)c2-c4cn[nH]c4,-2.49,23,-0.1082608695652174
CNc1cc(nc(N)[nH+]1)N2CCN(CC2)N3CC[NH+](C(C)C)CC3,-2.489,24,-0.10370833333333333
CC(C)C(C(C)C)[NH2+]c1ccccc1[O-],-2.488,15,-0.16586666666666666
[nH]1nccc1-c2n(nnc2C)[C@@H]3CC[N@H+](CC3)CCN(C)C,-2.485,22,-0.11295454545454545
O=c1[nH]c(=O)n(cc1C)C2CCN(CC2)c(n3)[nH]c(c34)cc(cc4C)N5CCOCC5,-2.483,31,-0.0800967741935484
CCN1CCN(CC1)NC(C(C)C)C(C)C,-2.481,16,-0.1550625
O=C([O-])Cc(co1)c(c12)ccc(c2)-c3c(-c4ccc(F)cc4)[nH+]cn3C5CC[NH2+]CC5,-2.481,31,-0.08003225806451612
CCCCCCC/C=C/CCCCCCCCC(=O)N1CCN(CC1)C(=O)c2cc(=O)[nH]c(=O)[nH]2,-2.479,35,-0.07082857142857144
C[C@@H](O)COCC(CO)(COC[C@@H](C)O)C[C@@H]1CC[N@@H+](C1)CC[NH+](C)C,-2.478,26,-0.09530769230769232
O=S1(=O)C(F)(F)[C@H]([O-])c(c12)c(C(F)F)c(cc2)[C@H]3CCOC3,-2.478,22,-0.11263636363636365
O=C1[N-]C(=O)[C@@H](S1)Cc2ccc(cc2)Nc(cc3)cc(c34)nc([nH]4)-c5ccccc5,-2.478,30,-0.0826
O=S(=O)Oc1ccc(cc1)-c2ccc(cc2)CN3CCCCC3,-2.477,23,-0.10769565217391304
CCCCC/C=C/Cc1n[nH]c(n1)-c2ccccc2,-2.474,19,-0.13021052631578947
C1CC1Nc(nc2N)cc(n2)/C(O)=C/C(=O)C(=O)[O-],-2.473,19,-0.1301578947368421
s1cccc1[C@H](CC2)SCCN2C(=O)CCCCCc3cccc[nH+]3,-2.471,25,-0.09884
n1cccc(c12)c(c(C)cc2)-c(c(c34)cn[nH]c4=O)ncc3-c5ccc(CN(C)C)nc5C,-2.47,33,-0.07484848484848486
OC[C@@H](O)C(=O)OCCCCCCCCCc1cc(ccc1Cl)OCc([nH]n2)c(c23)cccn3,-2.467,34,-0.07255882352941177
CCOC(=O)Cc1nc(cs1)-c2cc(Cl)ccc2[O-],-2.466,19,-0.12978947368421054
CCN1CCN(CC1)[C@H](C)c2cc(cs2)-c3ccccc3C[NH2+]C,-2.464,24,-0.10266666666666667
Cc1ccnc(c1)CCCCCC(=O)Cc(c[nH+]c2)c(c23)c([O-])ccc3,-2.464,26,-0.09476923076923077
O=C(C1)NC[C@@H]1[C@@H](C)Oc(c(c23)cccn3)cc(c2)C(=O)Cc(cnc4)c(c45)c([O-])ccc5,-2.464,33,-0.07466666666666666
n1[nH]cnc1[C@@H](C)NNc2cc(C(=O)[O-])ccc2[N@H+]3CC[C@@H](CC3)N4CCCOC4=O,-2.463,31,-0.0794516129032258
C=CCOc1cc(Cl)c(c(Cl)c1)S(=O)(=O)Nc2c(CC(C)C)nn(C)c2C,-2.463,27,-0.09122222222222222
C[NH+](C)CCCN(C)[C@H]1CCN(C1)C(=O)c([nH]2)c(NC3C=C3)c(c24)ccc(Cl)c4,-2.462,29,-0.08489655172413793
C1C[NH2+]CCC1n(nnc2C)c2C3CCN(CC3)CCN(C)C,-2.461,23,-0.107
Cc1noc(C)c1-c(cc2)cc(c23)c(nc(n3)N[C@H](C)c4[nH]cnn4)N5CCOC[C@@H]5c6ccccc6,-2.461,37,-0.0665135135135135
c1cc(F)ccc1[N-]S(=O)(=O)c2c(Cl)cc(cc2Cl)-c3ccnc(c3)N4CC[NH2+]CC4,-2.46,31,-0.07935483870967742
O=C1CCCN1n(c(C)[nH+]2)c(c23)ccc(c3)OC(F)(F)F,-2.458,21,-0.11704761904761905
CCN1CCN(CC1)Cc2ccc(cc2C(F)(F)F)Nc3cc[nH+]c(N)c3,-2.457,27,-0.091
CN(C)CCOc1ccc(Cl)cc1Nc(c2)c(O)cc(c23)NC(=O)C(O3)(C)C,-2.457,28,-0.08775
CN1CCN(CC1)c(cc2)cc(c23)n(Cc4ccccc4)c(n3)[C@H]5CC[N@@H+](C5)CCN,-2.456,31,-0.0792258064516129
Cc1nc(CN(C)C)ccc1-c2ccc(cc2C[NH3+])-c(cc3)cc(c34)[nH+]c(N)cc4C,-2.455,31,-0.07919354838709677
CC/C=C/C/C=C/C/C=C/C/C=C/C=C/[C@H](O)CCCC(=O)n1ccc([O-])c(c1=O)C(=O)O,-2.454,33,-0.07436363636363637
CN(C)CCC[N@H+](C)[C@H]1CCN(C1)C(=O)c([nH]2)c(c(c23)ccc(Cl)c3)Nc4ccc(N)cc4,-2.453,33,-0.07433333333333333
O=C([O-])c1ccccc1N[NH2+]CC23C[C@H]4C[C@@H](C3)C[C@H](C4)C2,-2.451,22,-0.11140909090909092
C[C@H]1COCCN1c([nH+]c2)cc(c23)n([C@@H](C)COC)c(n3)-c4n[nH]cc4-c5ccncc5,-2.45,32,-0.0765625
CCC(=O)c1c[nH]c(c1)C(=O)CC2CCN(CC2)Cc3ccc([N+](=O)[O-])cc3,-2.45,28,-0.08750000000000001
CCc(c1)nc(C)c(c12)c(c(C#N)c(=O)[nH]2)-c3ccc(cc3)Nc4c[nH+]cc(C)c4,-2.448,30,-0.08159999999999999
C[C@@H]1C(=O)N(C)CC[N@H+]1CCOc2ccc(cc2)C3CCN(CC3)Cc4cccnc4,-2.447,31,-0.07893548387096774
CCOC(=O)CCNc1ccc(c[nH+]1)S(=O)(=O)[N-]c2c(C)nn(C)c2C,-2.446,26,-0.09407692307692309
COc1cc(OC)cc(c12)nc([n-]c2=O)-c(cn(C)c3=O)c(c34)O/C(C4)=c5\cnc([nH]5)=C6CCC6,-2.445,35,-0.06985714285714285
CN1CCN(CC1)CCNc2ccc(cn2)S(=O)(=O)c3n[nH]cc3-c4ccncc4,-2.444,30,-0.08146666666666666
o1c(N)[nH+]c(c12)cc(C)cc2Nc3cccc(c3)-c4csc(=O)[nH]4,-2.444,24,-0.10183333333333333
c1c(F)cc(c(c12)C)NS(=O)(=O)CCCCC[C@H]3CN(C2)CCN3c(cc4)cc(c4=5)=NC(=O)N5,-2.444,34,-0.07188235294117647
CCCCCC[C@@H](C)NC(=O)[C@@H]([NH3+])CO,-2.441,15,-0.1627333333333333
OCCCNCc1ccc(c(Cl)c1)-c2ncccn2,-2.441,19,-0.1284736842105263
C[NH+](C)CCCN(C)[C@H]1CCN(C1)NCCCNC(=O)c2ccc(=O)n(C)c2,-2.44,28,-0.08714285714285715
C/C=C/CCCCCCCC(=O)CCNc1ccc(c[nH+]1)S(=O)(=O)[N-]c2c(C)[nH+]n(C)c2C,-2.44,33,-0.07393939393939394
CCc1ccccc1-c2c(F)cc(cc2F)-n(nn3)c(c34)C(=O)c5c(C4=O)cccc5,-2.44,31,-0.07870967741935483
COc1cc(=O)n(C)nc1-c2ccccc2[C@H](C[C@H](C)N3C(=O)C)c(c34)cc(cc4)-c5cc[nH]n5,-2.438,35,-0.06965714285714286
CC(=O)Nc1cccc(c1)-c(cc2)cc(c23)[C@@H](C[C@H](C)N3C(=O)C)NC(=O)N(C4(C)C)C(=O)[N-]C4=O,-2.437,36,-0.06769444444444445
O=C([O-])CCCCC[C@@H](c1cccc(Cl)c1)c2cccc[nH+]2,-2.435,22,-0.11068181818181819
C1CNCCN1c(n2)nc(nc2OC)Nc3cc(S(=O)(=O)C)ccc3CC4CCOCC4,-2.433,32,-0.07603125
C[NH+](C)CC[N@@H+]1CC[C@@H](CC1)C(=O)c2c(cnn2C)C(=O)N3CCOCC3,-2.432,27,-0.09007407407407407
C1CCCC12N3N(C(=O)CC3)C[C@H]2C(=O)S(=O)(=O)c(cc4)cc(c45)scn5,-2.432,27,-0.09007407407407407
O=c1[n-]ncn(c12)c(cc2C)-c3n(nnc3C)[C@@H]4CC[N@H+](CC4)CCN(C)C,-2.431,28,-0.08682142857142858
O=c(n1)[n-]c(=O)c(n2)c1n(c(c23)cc(C)c(C)c3)S(=O)(=O)c4ccc(cc4)[C@H]5CC(=O)N(C)C5,-2.43,34,-0.07147058823529412
C1CNCCN1c(c2)ccc(c23)c(C)[nH+]nc3CCOCCOCCOCCOCCO,-2.43,32,-0.0759375
C1CC1Nc(nc2N)cc(n2)N3CC[NH+](CC3)CCCNC(=O)c4ccc(S(=O)=O)cc4,-2.428,32,-0.075875
CCOC(=O)c1csc(n1)N2CCC(CC2)NC(=O)[C@@H]([NH3+])Cc(c[nH]3)c(c34)cccc4,-2.428,31,-0.07832258064516129
CN1C(=O)[C@@H](C)N(C2CC2)c(c13)cc(cc3)-c4cc(nc(n4)N)N5CCN(CC5)C6COC6,-2.428,33,-0.07357575757575757
COc(c1)ccc(c12)n3c(nnc3C)[C@H]([C@@H](CC=C)C(=O)[C@H]4CCOC4)N=C2c5ccc(Cl)cc5,-2.427,35,-0.06934285714285715
CC(=O)Nc1cccc(c1)-c(cc2)cc(c23)[C@H](NNCC[NH3+])C[C@H](C)N3C(=O)C,-2.426,29,-0.08365517241379311
CC[C@](C)(C(=O)[O-])C(=O)[C@H]1N(C[C@@H]([C@@H]12)C2(C)C)C(=O)[C@H](C(C)(C)C)NC(=O)C(F)(F)F,-2.426,31,-0.07825806451612903
CCCOc1ccc(cc1CNCC(=O)[O-])C[C@H](C(=O)[O-])Cc2ccccc2,-2.426,28,-0.08664285714285715
Cc1noc(C)c1-c(cc2)cc(c23)c(nc([nH+]3)N[C@H](C)c4ncn[nH]4)N5CCOC[C@@H]5c6ccccc6,-2.424,37,-0.0655135135135135
C1CCC(=O)C(=C1[O-])C(=O)c2nc(Cl)c(Cl)c(c2Cl)-c3ccccc3,-2.423,25,-0.09692
O=c1n(C)cc(cc1C)-c(n2)n(c(c23)ccc(Br)c3)-c4cc(Cl)c[n-]c4=O,-2.422,27,-0.08970370370370372
C[NH+](C)CC[N@@H+](CC1)CC[C@H]1n(nnc2C)c2N3CCS[C@@H](CC3)c4cccs4,-2.422,29,-0.08351724137931035
Cc1nnc(n12)c(NC)nc(c2)-c3cc[nH+]cc3,-2.422,18,-0.13455555555555557
O=S(=O)Oc(cc1)ccc1-c2c([nH+]cn2CC#C)C[C@@](C)(CC3)Oc(c34)c(C)c(C)c(O)c4C,-2.42,34,-0.07117647058823529
COc1cc(OC)cc(c12)nc([nH]c2=O)-n(cc3)c(=O)n(c34)cc[nH+]4,-2.42,25,-0.0968
CC(=O)NCCCNCc1ccc(c(Cl)c1)Nc2cccc(C(=O)[O-])c2,-2.419,26,-0.09303846153846154
C1CCCC1(CC(=O)[O-])CC(=O)N2CC[NH+](CC2)Nc3ccc(O)cc3,-2.419,26,-0.09303846153846154
s1cncc1Nc(c2CC)[nH+]c(N)nc2N3CCN(C)CC3,-2.418,22,-0.10990909090909091
C1CCCC1N([C@H](C)C(=O)N2C)c(c23)cc(cc3)C(=O)n4cc([O-])cn4,-2.417,26,-0.09296153846153846
CC(=O)NC[C@H]1CN(C(=O)O1)CCC[C@@H](C)CC(=O)[O-],-2.417,20,-0.12084999999999999
COC(=O)c1ccccc1S(=O)(=O)N[C@@H]2CC[N@@H+](C)CC2,-2.417,21,-0.11509523809523808
O=c1[n-]cc(Cl)cc1C(=O)CC[NH2+]Cc2ccc(c(Cl)c2)-c3ccccc3,-2.415,27,-0.08944444444444445
FC(F)(F)c(n1)nc(n12)nc(C)cc2C(=O)Cc(c[nH+]c3)c(c34)c(O)ccc4,-2.415,28,-0.08625000000000001
COc(cc1)cc(c12)c(CCNC(=O)C)c([nH]2)C(=O)c3cc(c[n-]3)C(=O)c4c(Cl)cccc4Cl,-2.414,34,-0.07100000000000001
CO/C([O-])=C/C(=O)c(cn(C)c1=O)c(c12)oc(c2)-c3c[nH]c(n3)C4CCC4,-2.414,27,-0.08940740740740741
c1c(Cl)ccc(c12)c(c(C(=O)[O-])[nH]2)[C@@H](C(=O)NCCC)N(C=O)Cc3ccc(Cl)cc3,-2.413,31,-0.07783870967741935
Clc1c(Cl)cccc1[C@H]2[C@@H](C(C)=NC(C)=C2C(=O)OC)C(=O)c3c(C)ccn(C)c3=O,-2.413,31,-0.07783870967741935
CC[C@H](C)[C@H](N)C(=O)NNC1CCOCC1,-2.412,16,-0.15075
Cc1c(=O)n(C)ncc1-c(ncc2C)nc2Nc3ccc(Cl)c(c3)[N-]S(=O)(=O)C(C)(C)C,-2.411,32,-0.07534375
CNc1cc[nH+]c(n1)N(C[C@H](C2CC2)N3C(=O)C)c(c34)cc(cc4)-c5cnc(C(=O)N)nc5,-2.409,33,-0.073
O=C([O-])C(=O)/C=C(\O)C(=O)c1ccc(Cl)cc1,-2.409,17,-0.14170588235294115
Nc([nH+]1)cc(C)c(c12)ccc(c2)-c3ccc(c(c3)CN)-c(c4)nc(NC(C)C)c(n45)nnc5C,-2.409,34,-0.07085294117647058
C[Si](C)(C)C#CCn(c([nH+]1)SCCC(=O)[O-])c(c12)cccc2,-2.409,22,-0.10949999999999999
O=c1n(C)cc(cc1C)-c(cc2)cc(c23)n(c([nH+]3)C4CCOCC4)Cc5ccccc5CO,-2.409,33,-0.073
CCCCCC[C@@H](C)NC(=O)Cn(c1=O)c(=O)n(C)c(c12)ccc(c2C)C([O-])=C3C(=O)CCCC3=O,-2.407,36,-0.06686111111111111
CCCCn1cc(nn1)CNC(=O)OC(C)C,-2.406,17,-0.1415294117647059
COc(c1)c(OC)cc(c12)c(ncn2)CCCCCOc(cc3)cc(c34)C=CN(C)C(=O)[C@@H]4C,-2.406,34,-0.07076470588235295
CC(=O)NCCCNCc1ccc(c(Cl)c1)-c(cc2)cc(c23)N(C4CC4)[C@H](C)C(=O)N3C,-2.405,32,-0.07515625
COc1nc(N(C)C)[nH+]cc1-c(cc2=O)oc(c23)c(cs3)-c(cc4)cc(c45)OCCO5,-2.404,31,-0.0775483870967742
O=c([n-]1)onc1-c(c2CC)[nH+]c(N)nc2N3CCN(C)CC3,-2.4,22,-0.10909090909090909
CCN(C1=O)c2ccc(c(c2c13)ccc3)Nc(cn(C)c4=O)c(c45)oc(c5)-c6c[nH]c[nH+]6,-2.398,32,-0.0749375
CC[N@H+]1CC[C@@H](CC1)N(C)c(nc(c23)ccs3)nc2N4CCN(CC4)c5ccccc5OCCO,-2.398,35,-0.06851428571428572
Cc1cc(on1)CCCCCCC(=O)[O-],-2.398,15,-0.15986666666666668
Cc1cccc(c1)-c2nc(C(=O)[O-])c(-c(cc3)cc(c3=4)=NC(=O)N4)n2-c5cc(Cl)ccc5C,-2.397,33,-0.07263636363636362
Cn(n1)ccc1-c([nH+]cn2)cc2N(C)CCOc3ccc(cc3)C[C@@H]4SC(=O)[N-]C4=O,-2.397,31,-0.07732258064516129
C1CC1Oc2ccc(cc2OC)C(=O)NNC(=O)c3cc(C(C)(C)N)cc(n3)C4CCCCC4,-2.397,34,-0.0705
o1cccc1-c(cc2)cc(c23)[C@@H](C[C@H](C)N3C(=O)C)N[NH2+]C4CCN(CC4)c5cccc[nH+]5,-2.395,33,-0.07257575757575757
C1CCCCN1c2[nH+]c(N)nc(c2CC)-c3cccc(c3F)-c(ccn4)c(c45)[nH]cn5,-2.395,31,-0.07725806451612903
CC(C)(C)c(cc1)ccc1S(=O)(=O)c(c2C)nnn2OC[C@H](O)CO,-2.395,25,-0.0958
CCCCCCCN(N[C@H](C)c1[nH]cnn1)CCc2ccc(cc2)O[C@](C)(C(=O)[O-])CC,-2.394,32,-0.0748125
COCCOCCOCCOCCNCC#Cc1ccc(cc1)C(=O)NCCC(F)(F)F,-2.393,32,-0.07478125
C=CCOc1cc(Cl)c(c(Cl)c1)S(=O)(=O)[N-]c2c(CC(C)C)nn(C)c2C,-2.392,27,-0.08859259259259258
CC(C)(C)OC(=O)NCCCN[NH2+]Cc1ccc(cc1C(F)(F)F)[N-]S(=O)(=O)C2CC2,-2.392,31,-0.07716129032258064
n1nc(C)n2nc(c(c3c12)cccc3)-c4ccc(N5CCOCC5)c(c4)-c6n[nH]cc6-c7ccncc7,-2.388,37,-0.06454054054054054
CC(C)CCNc1c[nH+]n(C)c1,-2.386,12,-0.19883333333333333
c1cc(Cl)ccc1[C@@H](c(c23)c(C)c(s2)C)N[C@H](c4n3c(nn4)C)CC(=O)N5CCC5,-2.386,30,-0.07953333333333333
C1CC1Nc(c2CC)nc(N)nc2C(=O)CCNCc3ccc(c(Cl)c3)-c4ccccc4,-2.383,32,-0.07446875
Cc1nc(CN(C)C)ccc1N2[C@@H](C)Cn(c23)c4c(n3)cccc4,-2.382,24,-0.09925
c1cc(Cl)ccc1[C@@H](c2cccnc2)C(=O)S(=O)(=O)c3c(F)cccc3F,-2.382,27,-0.08822222222222223
CCS(=O)(=O)Cc1cnc(c(c1)-n2cc([O-])cn2)Oc3ccc(F)cc3F,-2.381,27,-0.08818518518518517
CCc(c1)nc(C)c(c12)c(c(c([n-]2)=O)C#N)-c3ccc(cc3)Nc4c[nH+]cc(C)c4,-2.381,30,-0.07936666666666665
O=C([O-])[C@@H](C)n(nn1)c(c12)ccc(Cl)c2Oc3cc(Cl)cc(c3Cl)CN,-2.381,26,-0.09157692307692307
n1nc(C)n2nc(c(c3c12)cccc3)-c4ccc(N5CCOCC5)c(c4)-c6[nH]ncc6-c7ccncc7,-2.377,37,-0.06424324324324324
Cc1cc(OC)cc(c12)c(c3c(n2)[nH]nc3C)Cc(ccn4)c(c45)[nH]c([nH+]5)N,-2.377,28,-0.08489285714285713
C[NH+]1CCN(CC1)c(cc2)cc(c23)n(Cc4ccccc4)c([nH+]3)[C@H]5CCN(C5)CC[NH3+],-2.377,31,-0.0766774193548387
CCCCCCOc1cccc(c1)Cn2ccc([O-])c(c2=O)C(=O)C[C@H](C)[NH+]3CCOCC3,-2.375,33,-0.07196969696969698
CCCCCCCCc1cccc(c1)C[NH2+]C,-2.374,17,-0.13964705882352943
Nc(n1)cc(C)c(c12)ccc(c2)-c3ccc(c(c3)CN)-c4cc(C5CC5)nn4C,-2.372,29,-0.08179310344827585
n1cccc(c12)c(c(C)cc2)[N@H+]3CC[C@H](C)CC3,-2.371,18,-0.1317222222222222
c1cccc2c1nc(n23)N([C@@H](C)C3)[C@H](c4cccnc4)C(=O)NC5CCCCC5,-2.369,29,-0.0816896551724138
Cc1cc(cc[nH+]1)-c2ccc(C#N)c(Cl)c2C,-2.368,17,-0.13929411764705882
CC(=O)N[C@H]1CC[N@@H+](C1)CCCN(C)C,-2.367,15,-0.1578
[nH]1ccnc1CCC(=O)CCNC(=O)CCNCc2ccc(c(Cl)c2)-c3ccccc3,-2.367,31,-0.07635483870967742
C[C@H]1COC(=N1)c2ccc(c(Cl)c2)-c(cn(C)c3=O)c(c34)O/C(C4)=c5\cnc([nH]5)=C6CCC6,-2.366,33,-0.0716969696969697
C[C@H](O)c1ccc([nH+]c1)CCC/C=C/[C@@H](O)CCCCCCCC(=O)[O-],-2.365,26,-0.09096153846153847
CC(C)(C)c(s1)cc(c12)nc(C(=O)[C@H](O)[C@H](C)N)nc2N(C)CCC#N,-2.365,26,-0.09096153846153847
Cc1nc(CN(C)C)ccc1-c(c(c23)c(=O)[nH]nc3)cnc2-c4ccc(c(F)c4)N5CCSCC5,-2.365,35,-0.06757142857142857
Cc(c1)c(C)cc(c12)sc([nH+]2)CNc(cc3)c4[nH]c(cc(c4c35)c(O)n5C)N6CC[NH+](C)CC6,-2.364,34,-0.06952941176470588
O=C1CN(CCN1)C(=O)c(cc2)nc(c23)sc(n3)[N-]C(=O)C4CC4,-2.364,24,-0.09849999999999999
CNc1cc([nH+]c(n1)N)N2CCN(CC2)c3cc[nH+]c(n3)Nc4cc(C)cc(C)c4,-2.359,30,-0.07863333333333333
Cc1ccc(Cl)cc1-c2cc([S@](=O)C)c(C#N)c(=O)[nH]2,-2.359,20,-0.11795
CC(C)(O)Cn1cc(c[nH+]1)N(C2=O)C(=O)N([C@H]23)CC[C@H]3O,-2.359,21,-0.11233333333333333
[O-]c1ccc(F)cc1C(=O)[C@@H](c(ccc2)c(c23)OC(F)(F)O3)c4ncccc4Cl,-2.356,29,-0.08124137931034482
Cc1cc(N)[nH+]c(c1)CCCCC[NH2+]CCO,-2.355,17,-0.13852941176470587
COCCNC(=O)c1cnn(C)c1C(=O)Nc(cc2)cc(n23)[nH+]c(c3)-c4ccccc4,-2.355,31,-0.07596774193548388
C[NH2+]Cc1ccc(cc1)-c(cc2)cc(c23)[C@@H](C[C@H](C)N3C(=O)C)NC(=O)N[C@H](C)c4[nH]cnn4,-2.354,34,-0.06923529411764706
C[NH+](C)CCC[N@H+](C)[C@H]1CCN(C1)[C@H](CCCO)C2=CCCC=C2,-2.352,24,-0.09799999999999999
O=P([O-])([O-])OP(=O)([O-])SCCN1CCC[C@@H]1CO,-2.352,18,-0.13066666666666665
CN1C(=O)[C@@H](C)N(C2CC2)c(c13)cc(cc3)C(=O)c4ccccc4C(C)(C)C,-2.351,28,-0.08396428571428571
O=c1n(C)cc(cc1C)-c(n2)n(C(C)(C)C(=O)[O-])c(c23)ccc(Br)c3,-2.35,25,-0.094
Cc1cc(cc[nH+]1)-c2ccc(cc2)-c3cc(C)c(c(C)c3)OCCO,-2.349,25,-0.09396
O=C1CC=CN1c2cccc(c2)/N=C(/N3)CSc(c34)cccc4,-2.349,23,-0.1021304347826087
c1c[nH]nc1-c(cc2)cc(c23)[C@@H](C[C@H](C)N3C(=O)C)c4n[nH]cc4-c5ccncc5,-2.348,30,-0.07826666666666666
COc1ccc(cc1)Cn(nn2)c(c23)[C@](C)(O)CC[C@H]3Oc4ccc(N)[nH+]c4,-2.346,28,-0.08378571428571428
Cc1cccc(c1C)CCC[N+](C)(CCO)CCO,-2.345,19,-0.12342105263157896
C=CC1=C(C)C(=O)N[C@@H]1c2ccc(cc2CN)-c(cc3)cc(c34)[nH+]c(N)cc4C,-2.344,29,-0.08082758620689655
COc1ccc(cc1OC)N(CC(=O)NC(C(C)C)C(C)C)CCc([nH]2)nc(c23)cccc3OC,-2.344,35,-0.06697142857142857
C1OCC1N(CC2)CCN2C(=O)CCCCCCCCCO,-2.344,22,-0.10654545454545454
C1CCCCC1NC(=O)[C@@H](c2cccnc2)c(c3CC)nc(N)[nH+]c3N4CCN(C)CC4,-2.343,32,-0.07321875
Cc1noc(C)c1-c(cc2CCCO)cc(c23)[nH+]ccc3,-2.343,21,-0.11157142857142857
n1cc([O-])cn1S(=O)(=O)c(cc2)cc(c23)CNCC3,-2.342,19,-0.12326315789473685
Clc(c1)cccc1-c2c(Cl)c(ccc2S(=O)(=O)C)[C@@H](O)[C@@H]3[C@H](O)CCC[C@H]3O,-2.342,28,-0.08364285714285714
OCCNCCC(=O)c1cc(F)ccc1O,-2.341,16,-0.1463125
CCCn(c1=O)c(=O)n(CCC)c(c12)nc([nH]2)-c3ccc(cc3)N4CCN(CC4)Cc5ccccc5,-2.34,36,-0.065
Clc1ccc(cc1Cl)N2CC[NH+](CC2)N3CCC(CC3)c4nc(no4)-c5cccs5,-2.34,30,-0.078
n1nc(C)n(c12)c3c(cccc3)C(c4ccccc4)=N[C@H]2N[C@@H](C(=O)[O-])Cc(c[nH]5)c(c56)cccc6,-2.339,36,-0.06497222222222222
O=C([O-])CCCOc1ccccc1-c2ccc(nc2)N3CCNCC3,-2.339,25,-0.09356
COC(=O)CC(=O)NCCCNCc1ccc(c(Cl)c1)-c2ccc(C(=O)[O-])cc2,-2.338,29,-0.08062068965517241
O=c([nH]1)onc1[C@H](C)CCCCCCCCCCC(=O)[O-],-2.337,21,-0.1112857142857143
CCCCCCC/C([O-])=C\C(=O)SCCNc(n1)oc(c12)cccc2,-2.337,25,-0.09348000000000001
N1CCCC[C@@H]1[N@@H+](C)CCO[C@@H]2CC[C@@H](CC2)C[C@@H](C([O-])=O)c3cccc(c3)N4CC=CC4=O,-2.337,34,-0.06873529411764706
CC(C)Cc(nn1C)c(c1C)Nc2nc(ncc2Cl)Nc3ccc(cc3)[NH+]4CCN(C)CC4,-2.333,33,-0.0706969696969697
O=c([nH]1)[nH]c(=O)cc1C(=O)N2CC[NH+](CC2)C[C@@H]3CC[N@H+](CC3)Cc4ccc([N+](=O)[O-])cc4,-2.333,33,-0.0706969696969697
CC/C=C/CCc1ccc(cc1)C(=O)NCCC(F)(F)F,-2.329,21,-0.11090476190476191
CC(C)(O)Cn1cc(c[nH+]1)CCCC(=O)[O-],-2.329,16,-0.1455625
CC(C)(O)Cn1cc(c[nH+]1)N2CCN(CC2)c3ccc(Cl)c(C(F)(F)F)c3,-2.328,27,-0.08622222222222221
CC(C)[NH2+]c(c1)c([O-])cc(c12)NC(=O)C(O2)(C)C,-2.327,18,-0.12927777777777777
C[C@@H]1C(=O)N(C)CCN1CCOc2ccc(cc2)C3CCN(CC3)c4cc[nH+]cc4,-2.326,30,-0.07753333333333333
Cc(n1)c(C)n(c12)c(C)c(cc2)CCc3nc(cn3C)-c(n4)[nH]c(c45)cc(cc5C)N6CCOCC6,-2.324,36,-0.06455555555555555
COC(=O)CC(=O)NCCCNCc1ccc(c(Cl)c1)N(CC2)CCC23Oc4c(O3)cccc4,-2.324,34,-0.06835294117647059
CC(C)Cc([nH+]n1C)c(c1C)Nc(c(c23)ccs3)ccc2C[C@@H]4SC(=O)[N-]C4=O,-2.324,29,-0.08013793103448276
CC1(C)C(=O)NC(=O)N1S(=O)(=O)c2cc(Br)ccc2Br,-2.323,20,-0.11615
Cc1onc(C)c1-c(c(c2)OC)cc(c23)[nH]c4c3c(ncc4)-c5cc([nH+]c(n5)N)NC6CC6,-2.322,33,-0.07036363636363636
c1ccccc1Oc2c(cnn2C)N3CCC(CC3)NC(=O)[C@@H](N)Cc(c[nH]4)c(c45)cccc5,-2.321,34,-0.06826470588235295
C1CC1S(=O)(=O)Nc2ccc(c(C(F)(F)F)c2)CNCCNc(n3)sc(c34)cccc4,-2.32,31,-0.07483870967741935
OCC[NH2+]CCC(=O)c(cnn1C)c1C(=O)Nc(cc2)cc(n23)[nH+]c(c3)-c4ccccc4,-2.319,32,-0.07246875
O=C([O-])Cn(cc1)c(c12)ccc(c2)-n3cc[nH+]c3,-2.319,18,-0.12883333333333333
C1CN(C)CCN1c2nc(N)nc(c2CC)Cc3[nH+]c(cn3C)-c4ccccc4,-2.318,29,-0.07993103448275862
Cc1cc(C)nc(n12)nc(n2)CC(=O)C(=O)Cc(cnc3)c(c34)c([O-])ccc4,-2.317,28,-0.08275
C1CSCCN1[C@H](C[C@H](C)N2C(=O)C)c(c23)cc(cc3)-c4n[nH]cc4,-2.317,25,-0.09268000000000001
C1=CN(C)C(=O)[C@H](C)c(c12)ccc(c2)OCCCCCc3cc([nH+]c(n3)N)NC4CC4,-2.316,31,-0.07470967741935483
NCc(cc1)ccc1-c(n(n2)C)c(c23)ncn(c3=O)C[C@@]4(O)CC[N@H+](CC4)Cc5ccccn5,-2.314,34,-0.06805882352941177
CNc1cc([nH+]c(n1)N)N2CCN(CC2)[N@H+](C3CC3)Cc4ccccc4OCCCCCC(=O)[O-],-2.313,35,-0.06608571428571429
Cc1nn(C)c(C)c1N(C)n(nn2)c(c23)ccc(Cl)c3Oc4cc(Cl)cc(c4Cl)CN,-2.312,31,-0.07458064516129032
CN1CCN(CC1)c2cn(C)nc2COc3ccc(cc3)-c(cc4)nc(c45)cccc5,-2.311,31,-0.0745483870967742
CCOc1ccc(C(=O)C)cc1CCn(c([nH+]2)SCCC(=O)[O-])c(c23)cccc3,-2.309,29,-0.07962068965517242
c1ccccc1[C@@H](C)N[C@@H](Cn2ccnc2)c3ccccc3,-2.308,22,-0.1049090909090909
CCC(=O)c1cc[n-]c(=O)c1-c(n2)[nH]c(c23)cc(cc3C)N4CCOCC4,-2.307,27,-0.08544444444444445
COc(cc1)cc(c12)nc([nH]2)CCC[C@](O)(Cn3cncn3)c4ccc(F)cc4F,-2.307,30,-0.0769
Cc1ccccc1CC(=O)S(=O)(=O)c2c(Cl)cc(Br)cc2Cl,-2.307,22,-0.10486363636363637
c1nccc(c12)c(ccc2)S(=O)(=O)NCCc3ccc(cc3Cl)CNCCc4cnc[nH]4,-2.306,32,-0.0720625
O1CCc(c12)c(c(F)cc2)CC(=O)c(cnn3C)c3C(=O)Nc(cc4)cc(n45)[nH+]c(c5)-c6ccccc6,-2.304,37,-0.06227027027027027
CC(C)(C)c([nH]n1)cc1N(C(=O)CC)[C@H](c2cccnc2)C(=O)N3CCN(C)C(=O)[C@H]3C,-2.303,32,-0.07196875
OCC[NH2+]NCCCc1cccc(c1)Oc2ccccc2,-2.302,21,-0.10961904761904762
O=C1CCCc(c12)n(c(c2)CC)C(=O)C(=C(C)N3)[C@@H](c4ccc(C)cc4)c(c35)c(=O)[n-]c(=O)n5CC,-2.302,36,-0.06394444444444444
O=C([O-])[C@H](C)Oc1cc(ccc1Cl)CC(=O)N2CCS[C@@H](CC2)c3cccs3,-2.301,28,-0.08217857142857143
c1ccccc1C(=O)\C=C(\C)N[C@H](C(=O)[O-])Cc2ccc(cc2)-c3cccc(F)c3,-2.3,30,-0.07666666666666666
C[NH+]1CCN(CC1)[C@@H]2CC[N@@H+](CC2)n3ccc(=O)c(C(=O)[O-])c3[O-],-2.3,24,-0.09583333333333333
c1ccccc1-c(cc2)ccc2O[C@H](C(=O)[O-])Cc3ccc(cc3)[N@H+]4CCC[C@@H]4CO,-2.299,31,-0.07416129032258065
C[NH+](C)CCN1CC[C@H](C1)n2cnc(-c3ccc(C(F)(F)F)cc3)c2-n(cc4)c(=O)n(c45)ccn5,-2.298,35,-0.06565714285714286
O=c([nH]1)onc1C(\C)=C/2c(cccc3)c3OCc(c24)cc(cc4)CNc5cncs5,-2.293,30,-0.07643333333333334
C1CC1Nc(nc2N)cc(n2)N3CC[NH+](CC3)NC4CCCCC4,-2.292,24,-0.09549999999999999
C[NH+]1CCN(CC1)C2CCN(CC2)c3ccc(F)cc3,-2.292,20,-0.1146
C1OCC1N(CC2)CCN2c(n3)cc([nH+]c3N)NCCC(c4ccccc4)c5ccccc5,-2.292,33,-0.06945454545454545
CC(=O)N[C@H]1CC[N@H+](C1)N2CCC(CC2)CCC(=O)NCc3ccc(cc3)N4CCCCC4,-2.29,33,-0.0693939393939394
Clc1c(Cl)cccc1-c(c2CC)[nH+]c(N)nc2N3CC[NH+](C)CC3,-2.29,24,-0.09541666666666666
[NH2+]1CCCC[C@@H]1N(C)CC[N@H+]2CC[C@H]([N+](C)(C)C)CC2,-2.29,20,-0.1145
CC(O1)(C)C(=O)Nc(c12)ccc(c2)N[NH+]3CCSCC3,-2.289,20,-0.11445000000000001
Cc1noc(C)c1-c(cc2)cc(c23)c(nc(n3)[C@H](C)[C@H]4CNC(=O)C4)N5CCOC[C@@H]5c6ccccc6,-2.288,37,-0.061837837837837833
c1cccn1-n(c(=O)n2C)c(=O)c(c23)c(C)c(cc3)C([O-])=C4C(=O)CCCC4=O,-2.288,29,-0.07889655172413793
[NH3+]CCCCCCCCCC(=O)N[C@@H](CO)C(=O)c1cnc[nH]1,-2.287,23,-0.09943478260869565
CCCCCC[C@@H](C)[NH2+]c1ccccc1-c(nn(c23)c(nn3)C)cc2N[C@H](C)C(=O)N,-2.287,31,-0.07377419354838709
C/C=C/CCCCCCCC(=O)O[C@H](COP(=O)([O-])O)COCCCNC(=O)C,-2.285,29,-0.07879310344827586
C[NH+]1CCN(CC1)c(cc2)cc(c23)n(c(n3)CCNCCO)Cc4ccccc4,-2.285,29,-0.07879310344827586
COc1cc(OC)cc(c12)[nH]c(nc2=O)-c3n[nH]c(n3)-c4ccc(F)cc4,-2.284,27,-0.08459259259259258
C1=CC1NS(=O)(=O)c2cc(ccc2C)OC[C@H]3CCCO3,-2.279,21,-0.10852380952380952
c1cc(Cl)ccc1[C@H](c(c23)c(C)c(s2)C)N[C@H](c4n3c(nn4)C)CC(=O)[C@H](C)CCC(=O)[O-],-2.278,33,-0.06903030303030303
C[N@@H+]1CC[C@@H](C1)n(nn2)c(c23)ccc(Cl)c3Oc4cc(Cl)cc(c4Cl)CN,-2.278,27,-0.08437037037037037
CN(C)c1c(Cl)c(Cl)nc(c1Cl)C([O-])=C2C(=O)CCCC2=O,-2.277,22,-0.10350000000000001
c1cn[nH]c1-c(cc2)cc(c23)[C@@H](C[C@H](C)N3C(=O)C)c4ccc(cc4Cl)C[NH2+]CCc5[nH+]cc[nH]5,-2.277,35,-0.06505714285714286
COCCON[C@H](C[C@H](C)N1C(=O)C)c(c12)cc(cc2)-c3ccco3,-2.276,25,-0.09104
CNCc1ccccc1-c2csc(c2)[C@@H](C)c(n3)c(C)c(C(=O)[O-])c(c34)ccnc4,-2.274,30,-0.0758
s1cc[nH+]c1NC[C@H](OC2=O)CN2c3ccc(c(F)c3)N4CCSCC4,-2.274,26,-0.08746153846153847
CNCc1ccccc1-c2csc(c2)[C@@H](C)c3ccc(cc3)OCC(=O)NCC[NH3+],-2.273,30,-0.07576666666666668
C1CCCN1S(=O)(=O)C[C@H](C2CC2)C3CCN(CC3)Cc4cccc(n4)Oc5ccccc5,-2.273,33,-0.06887878787878789
C[N@H+]1CC[C@@H]([C@H](O)C1)c(c([O-])cc2O)c(c23)oc(cc3=O)-c(ccn4)c(c45)[nH]cn5,-2.273,30,-0.07576666666666668
O=CCC/C=C/C=C/[C@H](O)CCCC(=O)[O-],-2.272,16,-0.142
Cc1ccn(C)c(=O)c1N(CC2)CCC23NC(=NC3=O)c4ccc(OC(F)(F)F)cc4,-2.27,31,-0.0732258064516129
Oc1ccc(F)cc1C(=O)[C@@H](c(ccc2)c(c23)OC(F)(F)O3)c4ncccc4Cl,-2.269,29,-0.07824137931034483
Cc1onc(C)c1-c(c(c2)OC)cc(c23)[nH]c4c3c([nH+]cc4)-c5cc([nH+]c(n5)N)NC6CC6,-2.267,33,-0.0686969696969697
COC(=O)c1ccccc1S(=O)(=O)c(nc2)nc(c23)N(C4CCCC4)c5c(C(=O)N3C)cccc5,-2.266,35,-0.06474285714285714
Cc1cccc(c12)n(c(n2)CCC)[C@H](c3cccnc3)C(=O)NC4CCCCC4,-2.264,29,-0.07806896551724138
CC1(C)C(=O)NC(=O)N1c2ccc(S(=O)(=O)C(F)F)cc2[N+](=O)[O-],-2.262,24,-0.09425
CCCCC/C=C/Cc1cnc([nH]1)C2CCC2,-2.262,17,-0.13305882352941176
CCNC(=O)CCNCc1ccc(c(Cl)c1)-c2ccccc2,-2.26,22,-0.10272727272727272
OCCOCc1ccccc1OCCO,-2.259,15,-0.15059999999999998
CCN1CCN(CC1)NCCCOC,-2.259,14,-0.16135714285714284
O=c1n(C)cc(cc1C)-c(n2)n(c(c23)cccc3)-n(c(n4)C)c(c45)ccc(c5)OC(F)(F)F,-2.259,33,-0.06845454545454545
Cc1nc(CN(C)C)ccc1-c2cc(F)c(c(F)c2)-c3cc(CO)ccc3F,-2.258,28,-0.08064285714285714
C=CCc1c[nH+]n(c1)CC(C)(C)O,-2.258,13,-0.1736923076923077
CCCCCCCCC(=O)SCCNC[C@H](O)CCCC(=O)[O-],-2.257,23,-0.0981304347826087
CCCCCCCCCCCCCCC[C@@H](O)[C@H](CO)NCCC(=O)NC1CC1,-2.257,29,-0.07782758620689656
CCOC(=O)[C@@H]1C(C)=NC(C)=C([C@H]1c2cccc(Cl)c2Cl)C(=O)[C@H]3CC[N@H+](C3)CC[NH3+],-2.257,31,-0.07280645161290324
c1ccccc1NC(=O)c2ccc(cc2)-n3cc[nH+]c3,-2.257,20,-0.11285
NCc1ccc(c(Cl)c1)-c2ccc(cc2Cl)C[NH2+]CCC(=O)N,-2.255,23,-0.09804347826086957
COc1ccc(cc1)Cn(nn2)c(c23)[C@@](C)(O)CC[C@H]3[NH2+]CC4(CCCC4)c5ccc([NH+](C)C)cc5,-2.255,36,-0.06263888888888888
O=c1n(C)cc(cc1C)-c(n2)n(c(c23)cccc3)-c4ccc(Cl)c(c4)NS(=O)(=O)C(C)(C)C,-2.252,33,-0.06824242424242423
C[C@@H](O)CC(=O)NCCC(c1ccccc1)c2ccccc2,-2.252,22,-0.10236363636363635
COC(=O)N(CC1)CCC12CN(C2)c3nc(-c4cn[nH]c4)[nH+]c(c3C)-c5c(C)noc5C,-2.251,32,-0.07034375
O=C(N1)C(C)(C)Oc(c12)cc(c(c2)OC)Nc3cc(Cl)cc(c3Cl)CN,-2.251,26,-0.08657692307692308
O=[N+]([O-])c1cc(S(=O)(=O)C(F)F)ccc1-c(n2)n(c(c23)cccc3)CC4CCOCC4,-2.25,31,-0.07258064516129033
n1cn(C(C)C)c(c12)[nH+]c(N[C@H](CC)CO)nc2NCc3ccc(cc3)N4CCC[C@H]4C=O,-2.247,33,-0.06809090909090909
N#C[C@H]1C[C@H](C1)N(C2CCCC2)Cc3ccccc3OCCCCCC(=O)[O-],-2.246,28,-0.08021428571428571
COc(cc1)cc(c12)[nH+]c([nH]2)CCN3CC[N+](CC3)=C(N4)CSc(c45)cccc5,-2.245,29,-0.07741379310344829
c1cc(F)cc(c12)c(N[C@H](C)C(=O)[O-])c(C#N)c(n2)[C@H](C)c3ccc(s3)-c(cn4)n(c45)CCC5,-2.245,34,-0.06602941176470589
COc1ccc(cc1)S(=O)(=O)c2ccc(cc2)CN3CCCCC3,-2.245,24,-0.09354166666666668
Fc1ccc(cc1)-c2n[nH]c(n2)-c3ccc(cc3Cl)CNCCc4ccc[nH]4,-2.244,28,-0.08014285714285715
O=C([O-])[C@H](C)Oc1cc(ccc1Cl)Cc2ccc(cc2Cl)CNCCCNS(=O)(=O)C,-2.243,31,-0.07235483870967742
CS(=O)(=O)Oc1ccc(cc1)CCNc2ccc(cc2)-c(n3)sc(c34)cccc4,-2.243,29,-0.0773448275862069
CCCCCCCC(=O)CC(=O)SCCNC(=O)CCNCc1cncs1,-2.242,27,-0.08303703703703703
OCCNCC[NH2+][C@H](CCC1)c(c12)cnn2-c3ccccc3F,-2.242,23,-0.09747826086956522
[NH2+]1CCCC[C@@H]1N(C)CCO[C@@H]2CC[C@@H](CC2)C[C@@H](C([O-])=O)c3cccc(c3)N4CC=CC4=O,-2.24,34,-0.06588235294117648
Cc1nnn(c1CC#N)C2CCN(CC2)CCN(C)C,-2.239,20,-0.11195
s1cncc1COc2ccc(cc2CN)-c(cc3)nc(c34)sc(n4)NC(=O)C5CC5,-2.239,30,-0.07463333333333333
CCCCCCCCNc1ccc(cn1)S(=O)(=O)[N-]c2c(C)[nH+]n(C)c2C,-2.238,27,-0.08288888888888889
COc1ncc(c(n1)OC)N(CC[N@@H+]23)[C@H](C3)CCCCCS(=O)(=O)Nc4cc(F)cc(C2)c4C,-2.237,34,-0.06579411764705882
c1cc(Cl)ccc1S(=O)(=O)\N=c(\c(C#N)c2)cc(n23)[nH]c(c3)-c4ccccc4,-2.235,28,-0.07982142857142857
c1ncccc1[C@H](C(=O)NCC)N(C2=NC(=O)SC2)c3ccc(C(C)(C)C)cc3,-2.235,29,-0.07706896551724138
c1cc(F)cc(c12)c(C(=O)[N-]S(=O)(=O)C)c(N)c([nH+]2)-c3ccc(cc3)CCCCCC(=O)[O-],-2.234,33,-0.0676969696969697
O=c([nH]1)onc1[C@@H](C)c(cc(F)c2)c(c23)ccc(c3)C#N,-2.233,21,-0.10633333333333334
CSc1ccc(cc1)/C(O)=C/C(=O)c(cn2)cc(c23)cccc3,-2.233,23,-0.09708695652173914
c1c(F)cc(c(c12)C)[N-]S(=O)(=O)CCCCC[C@H]3C[N@H+](C2)CCN3[C@@H]4CCC[NH2+]C4,-2.231,30,-0.07436666666666666
CCOC(=O)c1cnn(C)c1C(=O)CC#C[Si](C)(C)C,-2.23,20,-0.1115
Cn(c1)ncc1-c(cc2)cc(c2n(c34)c(C)nn3)/C(CC4)=C(/N5)CSc(c56)cccc6,-2.23,31,-0.07193548387096774
O=C([O-])C(=O)CC(=O)CCC(=O)NC1CC1,-2.229,16,-0.1393125
O=C([O-])[C@@H](N)CC[S+](C)C[C@H]1O[C@H]([C@H](O)[C@@H]1O)CCC[NH+]2CCOCC2,-2.229,26,-0.08573076923076924
O=C([O-])[C@@H](N)CC[S+](C)C[C@H]1O[C@H]([C@H](O)[C@@H]1O)CCC[NH+]2CCOCC2,-2.229,26,-0.08573076923076924
Clc1c(Cl)cccc1[C@H]2[C@@H](C(=C)N=C(C)[C@@H]2C(=O)OC)C(=O)n3ccc(=O)[nH]c3=O,-2.226,30,-0.0742
Cn1c(=O)n(C)c(c12)cc(c(C)c2)S(=O)(=O)c3ccc(cc3Cl)CNCCCO,-2.226,29,-0.07675862068965517
CCc(c1)nc(C)c(c12)c(c(c([n-]2)=O)C#N)-c3ccc(cc3)S(=O)(=O)NCCC(F)(F)F,-2.226,32,-0.0695625
N#Cc1cc(Cl)cc(c1)-c2ccc(cc2Cl)CNCCCO,-2.225,22,-0.10113636363636364
COc1ccc(nn1)N2CC[NH+](CC2)[C@H](C[C@H](C)N3C(=O)C)c(c34)cc(cc4)-c5ccn[nH]5,-2.225,33,-0.06742424242424243
CC(=O)N[C@H]1CC[N@H+](C1)CCCNCc2ccc(c(Cl)c2)-c3ccccc3,-2.224,27,-0.08237037037037037
CS(=O)(=O)Nc1ccc(cc1)-c([nH]2)c(C#N)c(=O)c(c23)cncc3,-2.223,24,-0.092625
[NH3+]CCCCCCCCCC(=O)[C@H]1CC[N@H+](C1)CC[NH3+],-2.223,20,-0.11115
[H]/N=C(\N)C(=O)[C@H](CO)NC(=O)CCCCCCCCCO,-2.22,21,-0.10571428571428572
O=C1CCCc(c12)n(c(c2)CC)/C([O-])=C(\C(=N3)C)[C@@H](c4ccc(C)cc4)c(c35)c(=O)[nH]c(=O)n5CC,-2.218,36,-0.06161111111111111
COCCN1CC[NH+](CC1)CCN(C)C,-2.218,15,-0.14786666666666667
NCc1ccc(c(Cl)c1)-n(c(c2)CCCC(=O)[O-])c(c23)ccc(Cl)c3,-2.216,25,-0.08864000000000001
CC(C)CCNS(=O)(=O)c1ccc(cc1)N[C@@H](Cn2ccnc2)c3ccccc3,-2.214,29,-0.07634482758620689
c1nnc(O)c(n12)c(C)cc2-c3cc(CS(=O)(=O)C)cnc3C(C4)CC4(F)F,-2.212,28,-0.079
COc1ccc(cc1)S(=O)(=O)N(CC2(C)C)[C@@H](C(=O)NO)N(C2)Cc3ccc(Cl)cc3,-2.212,31,-0.07135483870967743
COC(=O)C1=C(C)N=C(C)[C@@H](C(=O)c([n-]c(=O)n2)c(c23)cccc3)[C@@H]1c4cccc(Cl)c4Cl,-2.21,33,-0.06696969696969697
CNc1ccnc([nH+]1)Nc(cc2)cc(c23)n(c(c3)C)[C@H]4CCN(C4)S(=O)(=O)C,-2.208,28,-0.07885714285714286
C1COCCN1c([nH+]2)cc(nc2N)-c(cc3)cc(c34)n(CCOC(F)(F)F)c(n4)C5CCOCC5,-2.208,35,-0.06308571428571429
Cc1cc(OC)cc(c12)c(c3c(n2)[nH]nc3C)C[N@H+]4CC[C@@H](CC4)N5CCCOC5=O,-2.206,31,-0.07116129032258064
CCOC(=O)c1csc(n1)-c2ccnc(c2)N3CCNCC3,-2.203,22,-0.10013636363636363
COC(=O)N(CC1)CCC12CN(C2)c3nc(N4CCC[C@H]4C=O)nc(c3C)-c5c(C)noc5C,-2.201,34,-0.06473529411764706
OCCOc1c(C)cc(cc1C)-c(cc(Cl)c2)c(c23)O[C@H](C3)C(=O)N4CCNCC4,-2.201,30,-0.07336666666666666
COc1ccc(nn1)N2CCN(CC2)[C@H](C)CC/C=C(/C)CCC=C(C)C,-2.2,27,-0.08148148148148149
N#CCC[N@H+](CC1)CC[C@@]12NC(=NC2=O)c3ccc(OC(F)(F)F)cc3,-2.2,26,-0.08461538461538462
c1[nH+]cccc1[C@H](C(=O)NCC)N(c2ccc(C(C)(C)C)cc2)C/C=C/[C@H](O)CCCC(=O)[O-],-2.198,34,-0.0646470588235294
CC(=O)NCCCNCc1ccc(c(Cl)c1)-c(cn(C)c2=O)c(c23)oc(c3)-c4c[nH]cn4,-2.198,32,-0.0686875
O=c1[nH]c(=O)n(cc1C)[C@H]2CCCN(C2)Cc3cccc(c3)-c4ccc(C(F)(F)F)c(F)c4,-2.197,33,-0.06657575757575758
C=CC1=C(C)/C(NC1=O)=C/c2[nH]c(c(c2C)CCC(=O)[O-])CNCCO,-2.197,26,-0.0845
O=c1[n-]cc(Cl)cc1C(=O)CCNCc2ccc(c(Cl)c2)-c3ccccc3,-2.197,27,-0.08137037037037037
CCCCCCC/C([O-])=C/C(=O)SCCNC(=O)CCNN1CCNC(=O)C1,-2.196,28,-0.07842857142857143
Cc1nnn(C)c1-c(c2)c(F)cc(c23)c4c(cc(c[nH+]4)C(C)(C)O)n3Cc5cccc(F)c5,-2.196,33,-0.06654545454545455
CCc(c1)nc(C)c(c12)c(c(C#N)c(=O)[nH]2)-c3ccc(cc3)[N-]S(=O)(=O)C,-2.196,27,-0.08133333333333334
C1CC1N2C(C)(C)C(=O)N(C)c(c23)ccc(c3)[NH2+]CCCO,-2.194,22,-0.09972727272727272
C1CCCC1Nc(c2)c(ccc2C(=O)[O-])[N@H+]3CC[C@@H](CC3)N4CCCOC4=O,-2.193,28,-0.07832142857142857
O=c1n(C)cc(cc1C)-c(n2)n(c(c23)cccc3)-c4ccc(Cl)c(c4)[N-]S(=O)(=O)C(C)(C)C,-2.19,33,-0.06636363636363636
COc1cc(cc(c1)OC)NC(=O)N(Cc2ccccc2)S(=O)(=O)c3ccc(F)c(C)c3,-2.189,32,-0.06840625
O=C([O-])C(C)(C)Oc(ccc1)c(c12)ccn2-c3ccc(S(=O)(=O)C(F)F)cc3[N+](=O)[O-],-2.189,31,-0.07061290322580645
Cn1ccnc1C(=O)c(o2)c(C)c(c23)c(ccc3)-c4ccccc4O,-2.188,25,-0.08752
O=C([O-])c1ccccc1N[NH2+]C23C[C@H]4C[C@@H](C3)C[C@H](C4)C2,-2.188,21,-0.1041904761904762
CCC(CC)c1cccc(c1)[N-]S(=O)(=O)c2cccc(F)c2,-2.186,22,-0.09936363636363636
CCCCCCCC(=O)S(=O)(=O)CC,-2.186,14,-0.15614285714285714
S=C(N1)OC(C)(C)c(c12)cc(cc2)-c3nnc([nH]3)-c4ccc(F)cc4,-2.18,25,-0.0872
O=S(=O)Oc(cc1)ccc1-c2c([nH+]cn2CC#C)-c3cc(Cl)ccc3OCC[NH+](C)C,-2.18,31,-0.0703225806451613
c1cncc(c12)c(=O)c(C#N)c([nH]2)-c3ccc(CC(=O)[O-])cc3,-2.178,23,-0.09469565217391304
COc(c1)cccc1-c([nH+]cn2CC#C)c2CCc3ccc(cc3)O[C@@](C)(C(=O)[O-])CC,-2.177,32,-0.06803125
OC[C@@H](O)COCCCCc1ccccc1,-2.175,16,-0.1359375
Cc(n1)c(C)n(c12)c(C)c(cc2)CCc3[nH+]c(cn3C)-c4ccc(N)nc4,-2.175,27,-0.08055555555555555
c1cc(C)cc(c12)[nH]c(n2)CCN(C[C@H]3C)c(c4n(c35)c(nn5)C)cc(cc4)-c6ccc(N)[nH+]c6,-2.174,35,-0.06211428571428571
c1ccccc1C(=O)\C=C(\C)N[C@H](C(=O)[O-])Cc2ccc(cc2)N3CCC(O)CC3,-2.173,30,-0.07243333333333334
CCc(c1)nc(C)c(c12)c(c(C#N)c(=O)[nH]2)N(CC3)[C@H](c(c34)ccs4)c5cccc(C)[nH+]5,-2.172,32,-0.067875
CC(C)CCc1ccc(cc1)[NH+]2CCN(C)CC2,-2.17,18,-0.12055555555555555
n1cccc(c12)c([nH]n2)C[C@@H](CC(C)C)C(=O)N[C@H](C(=O)[O-])Cc(c[nH]3)c(c34)cccc4,-2.169,32,-0.06778125
CCOC(=O)CCNc1ccc(c[nH+]1)S(=O)(=O)[N-]c2c(C)[nH+]n(C)c2C,-2.166,26,-0.0833076923076923
c1ccccc1-c([nH]2)c(c(c23)cc(OC)cc3)CCNc4ccn[nH]4,-2.166,25,-0.08664
c1c(F)cc(c(c12)C)NS(=O)(=O)CCCCC[C@H]3CN(C2)CCN3c(c[nH+]4)n(c45)CCC5,-2.166,32,-0.0676875
c1[nH+]cccc1[C@H](C(=O)NCC)N(CCCNC(=O)C)c2ccc(C(C)(C)C)cc2,-2.166,30,-0.0722
CCOC(=O)CC[NH2+][C@H](C[C@H](C)N1C(=O)C)c(c12)cc(cc2)-c3ccc(C(=O)[O-])cc3,-2.165,31,-0.06983870967741936
CC(C)Oc(c1)c(C(=O)N)cc(c12)[nH+]ccc2[C@H](C)C3CC3,-2.165,22,-0.0984090909090909
C1CC1Nc([nH+]c2N)cc(n2)N3CCN(CC3)N[C@H](CCC4)c(c45)cnn5-c6ccccc6F,-2.164,34,-0.06364705882352942
c1c[nH]nc1-c(cc2)cc(c23)[C@@H](C[C@H](C)N3C(=O)C)c4ccc(cc4Cl)CNCCc5[nH+]cc[nH]5,-2.164,35,-0.061828571428571434
COc1cc(OC)cc(c12)[nH]c(nc2=O)-c(cn(C)c3=O)c(c34)O/C(C4)=c5\cnc([nH]5)=C6CCC6,-2.164,35,-0.061828571428571434
O=C([O-])c(c1)cccc1-c(ncc2C)nc2Nc3ccc(Cl)c(c3)NS(=O)(=O)C(C)(C)C,-2.159,32,-0.06746875
c1nccc(c12)c(C(=O)[O-])c(C)c(n2)-c3ccc(c(F)c3)NC(=O)c4ccsc4C(=O)[O-],-2.158,32,-0.0674375
COCCC[NH2+]NCc1ccc(cc1)-c2c(C)noc2C,-2.158,21,-0.10276190476190476
CSc1ccc(cc1)C(=O)/C=C(\O)c(cn2)cc(c23)cccc3,-2.157,23,-0.09378260869565218
CC(C)NC(=O)O[C@H](CC[C@@]1(C)O)c(c12)nnn2-c3cc(Cl)ccc3OCCN(C)C,-2.156,31,-0.0695483870967742
Cc(n1)sc(c12)ccc(c2)N(CC3)CCC34NC(=NC4=O)c5ccc(OC(F)(F)F)cc5,-2.155,32,-0.06734375
CCC(=O)c1cc[n-]c(=O)c1-c([nH]2)nc(c23)cc(cc3C)N4CCOCC4,-2.155,27,-0.07981481481481481
n1cccc(c12)c(n[nH]2)Cn(ccc3C)c(=O)c3-c4ccc(cc4Cl)CNCCC(=O)N,-2.154,32,-0.0673125
CC(C)Cn1ncc(Cl)c1C(=O)[N-]c2nc(cs2)-c3ccccn3,-2.152,24,-0.08966666666666667
COc1cc(OC)cc(c12)nc([n-]c2=O)C(=O)c(cc3)cc(c34)N([C@H](C)C(=O)N4C)C5CCCC5,-2.148,35,-0.06137142857142858
C1CC1Nc([nH+]c2N)cc(n2)N3CC[NH+](CC3)CCCNC(=O)c4ccc(S(=O)=O)cc4,-2.147,32,-0.06709375
Cn1cc(cn1)-c2c[nH+]c(N)c(c2)-c3ccc(C#N)n3C,-2.145,21,-0.10214285714285715
CCc(nn1)n(c12)nc(cc2)N(CC3)CCC34N=C(NC4=O)c5ccc(OC(F)(F)F)cc5,-2.142,33,-0.0649090909090909
CCCCN[C@H](C)c1ccc(cc1)-c2cc(F)cnc2Cl,-2.142,21,-0.102
Cc1cc(Cl)ccc1[C@@H]2N(C(=O)c(c23)[nH]nc3C(C)C)NCc4ccccc4,-2.141,28,-0.07646428571428572
CCCNC(=O)c1c(cnn1C)C(=O)c2ccc(cc2CN)-c(cc3)cc(c34)[nH+]c(N)cc4C,-2.139,34,-0.06291176470588235
CN1CCN(CC1)c(cc2)cc(c23)n(Cc4ccccc4)c(n3)[C@H]5CC[N@@H+](C5)CC[NH3+],-2.139,31,-0.06899999999999999
COCCOCCOCCOCCN1CCOC[C@@H]1C,-2.138,20,-0.1069
[NH3+]CCCCCCCCCC(=O)[C@H]1CCN(C1)CC[NH3+],-2.134,20,-0.10669999999999999
COc1ccc(cc1)Cn(nn2)c(c23)[C@](C)(O)CC[C@H]3OC(=O)CCc([nH+]4)[nH]c(c45)ccc(Cl)c5,-2.133,35,-0.060942857142857146
CC(=O)N[C@H]1CCN(C1)[N@H+]2CC[C@@H](CC2)CCC(=O)NCc3ccc(cc3)[NH+]4CCCCC4,-2.131,33,-0.06457575757575756
CC1CCN(CC1)[NH+]2CCN(CC2)C(=O)[C@@H](c3ccc(Cl)cc3)c4cccnc4,-2.129,29,-0.07341379310344828
C1CC1Nc(nc(n2)N)cc2Nc(c(C#N)c3)cc(n34)nc(c4)-c5ccccc5,-2.128,29,-0.07337931034482759
OC[C@@H](O)COC(=O)CCCCCCCCc1cccc(c1)[N-]S(=O)(=O)c2c(F)cccc2F,-2.124,34,-0.06247058823529412
Cc(n1)c(C)n(c12)c(C)c(cc2)CCc3[nH+]c(cn3C)-c(n4)[nH]c(c45)cc(cc5C)N6CCOCC6,-2.123,36,-0.05897222222222223
c1cccc(c12)N(C3CCCC3)c4c(N(C)C2=O)cnc(n4)-c(cc5)cc(c56)OCCO6,-2.123,32,-0.06634375
CN1C(=O)[C@@H](C)N(C2CC2)c(c13)cc(cc3)C(=O)c4cccc(Cl)c4-c(cc5)cc(c5=6)=NC(=O)N6,-2.12,35,-0.060571428571428575
c1n[n-]c(=O)c(n12)c(C)cc2-c3ccc(cc3)C[C@@H](C(=O)[O-])Oc4ccc(cc4)-c5ccccc5,-2.117,35,-0.06048571428571429
CC(C)C(C(C)C)[NH2+]CCOCCOCCOCCO,-2.113,20,-0.10565
n1nc(C)n(c12)nc(cc2)-c3cnn(C)c3N4CCN(C)CC4,-2.112,23,-0.09182608695652174
s1cccc1S(=O)(=O)Nc2cccc(c2)N3CCN(CC3)c4ccc(Cl)cc4,-2.11,28,-0.07535714285714286
c1ccccc1Cn(c(n2)-c(cc3)ccc3C)c(c24)cc(cc4)N5CCN(C)CC5,-2.109,30,-0.0703
CC(C)Cc(nn1C)c(c1C)Nc2nc(ncc2Cl)Nc3ccc(cc3)N4CCN(C)CC4,-2.106,33,-0.06381818181818182
n1nc(C)n(c12)c3c(N(C(C)(C)C(=O)[O-])C[C@H]2C)cc(cc3)-c4ccc(N)[nH+]c4,-2.106,29,-0.0726206896551724
CCO[C@H](C1CC1)c(n2)n(C[C@H](C)O)c(c23)c(nc(c3)-c4noc(=O)[n-]4)-c5cncc(Cl)c5,-2.102,33,-0.0636969696969697
Nc1ccccc1C(=O)C[C@H]([NH3+])C(=O)C(=O)NCCC(c2ccccc2)c3ccccc3,-2.101,32,-0.06565625
O=c1[n-]ncn(c12)c(cc2C)-c3n(nnc3C)[C@@H]4CC[N@H+](CC4)CC[NH+](C)C,-2.099,28,-0.07496428571428572
CC[C@H](C)[C@H]([NH3+])C(=O)C(=O)OCc1ccccc1,-2.096,18,-0.11644444444444445
Cc1ccc(cc1)-c([nH+]nc2C)c(c23)cc(nc3)N4CCOCC4,-2.096,24,-0.08733333333333333
Cc1cc(n[nH]1)[C@@H](C)NS(=O)(=O)c(cc2)cc(c23)CN(C)C(=O)N3,-2.095,24,-0.08729166666666667
O[C@@H]1C(F)(F)Cc(c12)c([C@](C)(C(=O)[O-])CC)ccc2S(=O)(=O)C(F)F,-2.094,25,-0.08376
CCCCCCCCCCCCC(=O)OC[C@@H](COP(=O)([O-])O)OC1CCCC1,-2.093,29,-0.07217241379310345
c1ccccc1-n(nc2C)c(C)c2/C=N/c3ccc(cc3)[N-]S(=O)(=O)C,-2.093,26,-0.0805
C[NH+](C)c1ccc(cc1)C2(CCCC2)CNC(=O)CC(=O)C(=O)[O-],-2.093,24,-0.08720833333333333
CC(=O)N1[C@@H](C)C[C@@H](NC(=O)OC(C)C)c(c12)cc(cc2)-c3cccc(c3)N[N@H+]4CC[C@H](O)CC4,-2.093,35,-0.0598
Cc1ccn(C)c(=O)c1N(CC2)CCC23N=C(NC3=O)c4ccc(OC(F)(F)F)cc4,-2.091,31,-0.06745161290322581
OCCO[C@H](N(C)C(=O)N1)c(c12)cc(cc2)-c(cc3)c(C(F)F)c(c34)[C@@H]([O-])C(F)(F)S4(=O)=O,-2.09,33,-0.06333333333333332
C[NH+](C)CCN1CC[C@H](C1)CCc2c[nH]cn2,-2.09,17,-0.12294117647058822
C1CCCC1N([C@H](C)C(=O)N2C)c(c23)cc(cc3)C(=O)c4ccc(cc4Cl)CNCCCO,-2.089,33,-0.0633030303030303
CCc1c(C(CC)CC)[nH+]c(N)nc1N2CCCCC2,-2.086,20,-0.10429999999999999
n1cccnc1-c(cc2)ccc2C(=O)c3ccc(cc3Cl)CNCCc4ncc[nH]4,-2.085,30,-0.06949999999999999
CCOC(=O)c1cnn(C)c1C(=O)OCCOC,-2.079,18,-0.1155
c1ccccc1NC(=O)c2ccc(cc2)-c(c3)ccc(O4)c3C(=O)CC45CCN(CC5)n6cncn6,-2.078,36,-0.057722222222222216
FC(F)(F)c(n1)nc(n12)nc(C)cc2C(=O)Cc(cnc3)c(c34)c([O-])ccc4,-2.077,28,-0.07417857142857143
O=c1n(C)cc(cc1C)-c(cc2)cc(c23)n(c(n3)C4CCOCC4)CC[C@@H]5CC[N@@H+](C5)CC[NH+](C)C,-2.077,36,-0.057694444444444444
CC[C@H](C)[C@H]([NH3+])C(=O)[N-]C(=S)NCc1ccco1,-2.076,18,-0.11533333333333334
c1cc(C)cc(c12)[nH+]c([nH]2)CCN(C[C@H]3C)c(c4n(c35)c(nn5)C)cc(cc4)-c6ccc(N)nc6,-2.075,35,-0.05928571428571429
O=C([O-])c1ccc(cc1OC)N[C@H](Cn2ccnc2)c3ccc(Cl)cc3Cl,-2.075,27,-0.07685185185185185
CCCCCCCCCCCCC(=O)OC[C@@H](COP(=O)([O-])O)c1c(C)nn(C)c1C,-2.075,31,-0.06693548387096775
CS(=O)(=O)Nc1ccc(cc1)N(C2CC2)Cc3ccccc3OCCCCCC(=O)[O-],-2.073,31,-0.06687096774193549
Oc1ccc(O)c(C2=O)c1C(=O)c(c23)c(N(CC4)CCN4CCN(C)C)ccc3NCC[NH2+]CCO,-2.072,36,-0.057555555555555554
Cc([nH+]1)c(C)n(c12)nc(cc2)[C@@H]3CC[N@H+](CC3)CCN(C)C,-2.072,22,-0.09418181818181819
CSc1ccc(cc1)C(=O)N2CC[C@@H](C2)N(C)CCC[NH+](C)C,-2.067,23,-0.08986956521739131
N#CCC[N@H+](CC1)CC[C@@]12N=C(NC2=O)c3ccc(OC(F)(F)F)cc3,-2.067,26,-0.0795
COCCOCCCCC/C(C)=C/CC/C(C)=C/CSP(=O)([O-])OP(=O)([O-])O,-2.066,28,-0.07378571428571427
O=c([nH]1)scc1-c2ccc(cc2OCC)C(=O)N3CCC(CC3)N4CC[NH+](C)CC4,-2.065,30,-0.06883333333333333
Cc(n1)c(C)n(c12)c(C)c(cc2)CCc3nc(cn3C)-c(cc4)cc(c45)OC(C)(C)C(=O)N5,-2.065,33,-0.06257575757575758
Cc(n1)c(C)n(c12)c(C)c(cc2)CCc3nc(cn3C)-c([nH]4)nc(c45)cc(cc5C)N6CCOCC6,-2.064,36,-0.05733333333333333
OCCOCCCC[NH+]1CCOCC1,-2.063,14,-0.14735714285714288
CC/C=C/CCc1cnc([nH]1)C2CCC2,-2.063,15,-0.13753333333333334
O[C@@H](C1)CCC[N@@H+]1n(c(=O)n(c2[O-])CCC)c(c23)nc(n3)C4CCCCC4,-2.062,27,-0.07637037037037037
O=c1n(C)cc(cc1C)-c(cc2)cc(c23)n(c(n3)C4CCOCC4)CC[C@@H]5CCN(C5)CC[NH+](C)C,-2.062,36,-0.057277777777777775
CC[NH+]1CCN(CC1)c(cc2)nc(c23)[nH+]cc(C(=O)[O-])c3Nc4ccccc4C(C)(C)C,-2.059,32,-0.06434375
CC(C)N(CC1)CCC12CC(=O)c3c(O2)ccc(c3)-c4ccc(cc4)C(=O)n5ccnc5,-2.059,32,-0.06434375
COc1ccc(cc1)S(=O)(=O)N(CC2(C)C)[C@@H](C(=O)NO)N(C2)C/C=C(/C)CCC(=O)[O-],-2.058,32,-0.0643125
c1cc(Cl)ccc1CC2([NH3+])CCN(CC2)n(c([nH+]3)SCCC(=O)[O-])c(c34)cccc4,-2.055,30,-0.0685
c1ccccc1C(=O)c2ccccc2N[C@H](C(=O)[O-])Cc3ccc(cc3)OCCN4CCC[C@@H](O)C4,-2.054,36,-0.057055555555555554
CCc(c1)nc(C)c(c12)c(c(c([n-]2)=O)C#N)-c3ccc(cc3)NC[C@H](C)N4CCOCC4,-2.054,32,-0.0641875
CC(=O)NCCCn1c(-c2cccc(C)c2)[nH+]c(C(=O)[O-])c1-c3cccc(Cl)c3,-2.053,29,-0.07079310344827586
CNc1cc([nH+]c(n1)N)N2CCN(CC2)N(C3CC3)Cc4ccccc4OCCCCCC(=O)[O-],-2.053,35,-0.05865714285714285
[NH3+]CCCCNCc1ccc(c(Cl)c1)NC23C[C@H]4C[C@@H](C3)C[C@H](C4)C2,-2.053,25,-0.08212
O=c1[nH]c(=O)n(cc1C)[C@H]2CCCN(C2)Cc3cccc(c3)NCc4ccc(cc4)[NH+]5CCCCC5,-2.052,36,-0.057
Cc1ccc(cc1C)-c2ccc(cc2)CN3CCCCC3,-2.052,21,-0.09771428571428571
CC(=O)N1CCC(CC1)CN[C@H](c2ccc[nH+]c2)C(=O)NC3CCCCC3,-2.052,27,-0.076
Cc1noc(C)c1-c(cc2)cc(c23)[nH+]cc(C(=O)[O-])c3-c4ccc(cc4)CC(=O)N5CCOCC5,-2.051,35,-0.058600000000000006
O=c1n(C)cc(cc1C)-c(n2)n(c(c23)cccc3)-n(cn4)c(c45)ncnc5[O-],-2.05,28,-0.0732142857142857
Cc1ccnc(c1)CCCCCN[C@H]([C@@H](O)C(=O)N2CCC2)C[C@@H]3CCCNC3=O,-2.05,30,-0.06833333333333333
Cc1nn(C)c(Cl)c1S(=O)(=O)N2CCCNCC2,-2.049,18,-0.11383333333333333
CN(C)CCN(CC1)CCC1n(nnc2C)c2N3CCS[C@@H](CC3)c4cccs4,-2.048,29,-0.07062068965517242
CC[C@@H]([C@H](C)O)c1ccc(cn1)S(=O)(=O)[N-]c2c(C)[nH+]n(C)c2C,-2.045,24,-0.08520833333333333
CC1=NCS[C@@H]1c2ccc(cc2)CNC(=O)[C@@H]3C[C@@H](O)CN3c4cc[nH+]o4,-2.041,27,-0.07559259259259259
CNCc1ccc(cc1)C(=O)OC(C)(C)C,-2.035,16,-0.1271875
Cc1[nH+]n(C)c(C)c1[N-]S(=O)(=O)c2c(Cl)cc(cc2Cl)-n3nccn3,-2.032,25,-0.08128
CCCCCCCCCCCCC(=O)OC[C@@H](COP(=O)([O-])[O-])CCc1ccc(CC)c[nH+]1,-2.031,33,-0.06154545454545455
[nH+]1ccc(OC)c(c12)cc(cc2)-c(cn(C)c3=O)c(c34)O/C(C4)=c5\cnc([nH]5)=C6CCCC6,-2.031,33,-0.06154545454545455
CCCn(c1=O)c(=O)n(CCC)c(c12)nc([nH]2)-c3ccc(cc3)-c4[nH+]cc[nH]4,-2.03,28,-0.0725
CC(C)C[C@H](N)C(=O)c1cc([nH+]c(n1)N)N2CCCCC2,-2.028,21,-0.09657142857142857
Cc1[nH+]n(C)c(C)c1CN(C)c2nc(nc(n2)N3CCC3)N(C)CCC(=O)NC4CC4,-2.028,31,-0.06541935483870968
CC(C)(C)c(cc1)ccc1N(C(=O)C)[C@@H](C(=O)c2cnn(C)c2)c3cccnc3,-2.026,29,-0.06986206896551723
n1[nH]ccc1-c(cc2)cc(c23)[C@@H](C[C@H](C)N3C(=O)C)c(c(c4)OC)cc(c45)c(ncn5)N6CCOCC6,-2.025,37,-0.054729729729729726
Cc1nc(C[NH+](C)C)ccc1-c(c(c23)c(=O)[nH]nc3)cnc2N4CCS[C@@H](CC4)c5cccs5,-2.024,34,-0.059529411764705886
CCCCC/C=C/Cc1c[nH+]c([nH]1)C2CCC2,-2.024,17,-0.11905882352941177
O=c1ccc(cn1C)C(=O)NCCCNC(=O)CCNCc2ccc(c(Cl)c2)-c3ccccc3,-2.023,34,-0.059500000000000004
O=C([O-])CCCCCc([nH+]c1N)cc(n1)N2CCCCC2,-2.021,21,-0.09623809523809523
COc1cc(=O)n(C)nc1-c2ccccc2[C@H](C[C@H](C)N3C(=O)C)c(c34)cc(cc4)-c5ccn[nH]5,-2.02,35,-0.05771428571428572
O=C([O-])C(C)(C)Oc1ccc(cc1)CCC(=O)[C@@H](N)CO,-2.019,21,-0.09614285714285715
CNc1cc(nc(N)[nH+]1)N2CCN(CC2)N(C3CC3)Cc4ccccc4OCCCCCC(=O)[O-],-2.019,35,-0.05768571428571429
c1cccc(c12)c3c(n2CC)ccc(c3)[C@@H](C(=C(C)N4)/C([O-])=C/C(=O)N)C(C4=5)=C([O-])CCC5,-2.018,33,-0.061151515151515144
[NH3+]CCc1ccc(cc1)CCOCCOCCOCCO,-2.017,21,-0.09604761904761905
Cc1cccc([nH+]1)[C@@H]2N(CCc(c23)scc3)c4cc(nc(n4)N)N5CC[NH+](CC5)C6COC6,-2.017,33,-0.06112121212121212
C1CCC1c([nH]2)ncc2-c3ccc(cc3OCC)C(=O)N4CCC(CC4)N5CC[NH+](C)CC5,-2.016,33,-0.06109090909090909
C1CCCCC1NC(=O)[C@@H](c2cccnc2)c(c3CC)[nH+]c(N)nc3N4CC[NH+](C)CC4,-2.016,32,-0.063
Cc1nc(CN(C)C)ccc1-c(cc(c23)nccc3)cc2-c4c(C)noc4C,-2.015,28,-0.07196428571428572
CC(C)C[NH2+]CC(=O)C(=O)c1c(cnn1C)C(=O)N2CCOCC2,-2.012,24,-0.08383333333333333
CC[C@H](C)[C@H](N)C(=O)[N-]S(=O)(=O)c(c1)c(OC)cc(c12)onc2C,-2.011,24,-0.08379166666666667
Cc1cccc(c12)n(c([nH+]2)CCC)[C@H]3CC[N@H+](C3)CCN,-2.01,21,-0.09571428571428571
Cc1cc(cc[nH+]1)-c2ccc(S(=O)(=O)N)cc2,-2.008,17,-0.11811764705882354
COC(=O)CC(=O)NCCC[NH2+]Cc1ccc(c(Cl)c1)N(CC2)CCC23Oc4c(O3)cccc4,-2.008,34,-0.05905882352941177
CC(=O)N1CCC[C@H](C1)CN([C@]23c4c(NC3=O)cc(Cl)cc4)C[C@@H](N)[C@@H]2c5cccc(Cl)c5,-2.008,33,-0.060848484848484846
O=C[C@@H]1CCCN1[NH2+]C2CCN(CC2)c3ccccn3,-2.007,20,-0.10035000000000001
COC(=O)CC(=O)NCCCNCc1ccc(c(Cl)c1)C(=O)c2ccc(cc2)-c3cccc(F)c3,-2.007,35,-0.05734285714285715
O=C(N1)C(C)(C)Oc(c12)cc(c(c2)OC)NNCCNC(=O)NC3CCN(CC3)c4cccc[nH+]4,-2.006,35,-0.057314285714285707
C1CN(C)CCN1c2nc(N)nc(c2CC)Cc3nc(cn3C)-c4ccccc4,-2.005,29,-0.06913793103448275
CNc1cc(nc(n1)N)N2CCN(CC2)c3cc[nH+]c(n3)Nc4cc(C)cc(C)c4,-2.005,30,-0.06683333333333333
c1cnccc1NC(=O)[C@H](C(C)C)NC(=O)CCNCc2ccc(c(Cl)c2)-c3ccccc3,-2.004,33,-0.06072727272727273
C1C[C@@H](C)CC[C@@H]1[C@@H](C)[C@@H]2O[C@@H]([C@@H](O)[C@H]2O)C[S+](C)CC[C@H](N)C(=O)[O-],-2.003,26,-0.07703846153846154
FC(F)(C1)[C@@H](O)c(c12)c(S(=O)(=O)C)sc2-c(ccc3)n(c34)nc([nH+]4)N,-1.997,25,-0.07988
c1c[nH+]ccc1-c(o2)cc(=O)c(c23)scc3-c(cc4)cc(c45)OCCO5,-1.994,26,-0.0766923076923077
c1ccccc1S(=O)(=O)NCC#Cc2ccc(cc2)S(=O)(=O)c3ccnc(c3)N4CCNCC4,-1.991,34,-0.05855882352941177
CSc1ccc(cc1)C(=O)c2ccc(cc2Cl)CNCCCO,-1.99,23,-0.08652173913043479
Clc1cc(Cl)ccc1[C@H](C)N2CC[NH+](CC2)C3COC3,-1.989,20,-0.09945000000000001
N#C\C=C\c(cc1C)cc(C)c1-c2cc(c[nH+]c2N)-c3cnn(C)c3,-1.988,25,-0.07952
C[NH+](C)CCCN(C)[C@H]1CCN(C1)C(=O)c([nH]2)c(c(c23)ccc(Cl)c3)Nc4ccc(N)cc4,-1.987,33,-0.06021212121212122
CN(C)CCC[N@H+](C)[C@H]1CCN(C1)c2cc(Br)ccc2Br,-1.987,21,-0.09461904761904763
FC(F)(F)Oc(c1)ccc(c12)n(c(n2)C)N3CCOC[C@@H]3c4ccccc4,-1.985,27,-0.07351851851851852
CCCNC(=O)c1c(cnn1C)C(=O)C(=O)Cc(cnc2)c(c23)c([O-])ccc3,-1.985,28,-0.07089285714285715
CN1CC[C@@H](C1)N(C)c(nc2C[C@H](O)CO)nc(c23)cc(s3)C(C)(C)C,-1.981,26,-0.0761923076923077
COCCOCCOCCOCCC(=O)C(F)(F)F,-1.981,19,-0.10426315789473685
CCOC(=O)[C@@H]1C(C)=NC(C)=C(C(=O)c2cnc(C(=O)N)nc2)[C@H]1c3cccc(Cl)c3Cl,-1.977,32,-0.06178125
O=c([n-]1)onc1[C@H](C)Cc2ccc[nH+]c2,-1.977,15,-0.1318
COc1ccc(cc1)Cn(nn2)c(c23)[C@](C)(O)CC[C@H]3OC(=O)Nc4cccc(c4)N5CCCC5=O,-1.976,36,-0.05488888888888889
CCCCCCCCCCCCCCC[C@@H](O)[C@H](CO)N[C@@H]1CC[N@H+](CC1)CCN(C)C,-1.976,32,-0.06175
CC(C)=CCC[C@H](C)C(=O)c1cc(=O)[n-]c(=O)[nH]1,-1.97,18,-0.10944444444444444
c1ncc(C)c(c12)c(ccc2)S(=O)(=O)[C@H](C[C@H](C)N3C(=O)C)c(c34)cc(cc4)-c5cc[nH]n5,-1.97,33,-0.05969696969696969
O=c1[n-]cc(Cl)cc1-c2nccc(n2)-c3c(-c4ccc(F)cc4)ncn3C5CC[NH2+]CC5,-1.97,32,-0.0615625
CCCCCCCC(=O)CC(=O)SCCNN1CCN(CC)CC1,-1.969,24,-0.08204166666666667
OCCOCCOCCN1CC[NH2+]CC1,-1.967,15,-0.13113333333333335
CCCCCCCCCc1nccs1,-1.966,14,-0.14042857142857143
C1CC1[N@H+]2C(C)(C)C(=O)N(C)c(c23)ccc(c3)Nc(cc4)cc(c45)N(C6CC6)C(C)(C)C(=O)N5C,-1.963,35,-0.05608571428571429
Fc(c1)cccc1OCC(=O)[N-]c2nc(cs2)-c3ccc(C(F)(F)F)cc3[N+](=O)[O-],-1.958,30,-0.06526666666666667
CC(C)(C)c([nH]n1)cc1N(C(=O)CC)[C@H](c2cccnc2)C(=O)C(=O)c3ccc(SC)cc3,-1.956,33,-0.05927272727272727
NCc1cc(CC2CC2)ccc1OCc3cncs3,-1.953,19,-0.10278947368421053
C1COCCN1c2nccn(c23)c(c(n3)C)-c4cnn(c4)-c5ccc(cc5)CN6CCCCC6,-1.952,34,-0.05741176470588235
O=C([O-])CCSc(n1)n(c(c12)cccc2)CCN3CCCCC3,-1.952,23,-0.08486956521739131
C1CC1Nc(c2CC)[nH+]c(N)nc2-c(cc3)cc(c34)N(C5CC5)[C@@H](C)C(=O)N4C,-1.951,29,-0.06727586206896552
OC[C@@H](O)C(=O)OCCCCCCCCCS(=O)(=O)c(cc1)cc(c12)CN[C@H](C2)CO,-1.95,31,-0.06290322580645161
c1ncc(C)c(c12)c(ccc2)S(=O)(=O)N3CCCNC[C@H]3C,-1.949,22,-0.0885909090909091
CCN(C(=O)C1)c(c12)ccc(c2)Nc3ccc(cc3Cl)CNCCCNC(=O)CC(=O)OC,-1.949,33,-0.05906060606060606
n1cccc(c12)c(c(C)cc2)-c3ccc(cc3Cl)CNCCCNS(=O)(=O)C,-1.946,28,-0.06949999999999999
CCc1c(NC)nc(N)[nH+]c1-c2ccc(cc2)[N-]S(=O)(=O)C,-1.945,22,-0.08840909090909091
c1ccc(C)c(c12)[nH]c([nH+]2)CC[NH2+]Cc3ccc(c(Cl)c3)-c4[nH]nc(n4)-c5ccc(F)cc5,-1.945,33,-0.058939393939393944
Clc1cc(Cl)ccc1-c2ccc(cc2OCC)C(=O)N3CCC(CC3)[NH+]4CCN(C)CC4,-1.944,32,-0.06075
[H]/N=C(\N)C(=O)c1cccc(c1)S(=O)(=O)N(CC2)Cc(c23)cccc3,-1.943,24,-0.08095833333333334
CC[NH2+]N1[C@@H](C)C[C@@H](NC(=O)OC(C)C)c(c12)cc(cc2)-c3ccc(cc3)C[NH2+]C,-1.941,30,-0.06470000000000001
CCN1CCN(CC1)c2ccc(cc2Cl)CNCCc(n3)[nH]c(c34)cc(Cl)c(Cl)c4,-1.941,30,-0.06470000000000001
CCNS(=O)(=O)CCc1c(C)cc(cc1C)N(C2(C)C)C(=O)[N-]C2=O,-1.939,25,-0.07756
CN(C)CC[N@@H+](CC1)CC[C@H]1n(nnc2C)c2NCCNC(=O)NC3CCN(CC3)c4cccc[nH+]4,-1.937,36,-0.05380555555555556
CCc1ccccc1-c2ccc(cc2C)CNCCCNC(=O)c3ccc(=O)n(C)c3,-1.937,31,-0.06248387096774194
COc1ccc(nn1)-c2c[nH+]c(N(C)C)nc2OC,-1.936,19,-0.10189473684210526
C[C@@H](O)c1ccc(cc1)Cn2cc(ccc2=O)S(=O)(=O)c(cc3)cc(c34)CN[C@H](C4)CO,-1.936,32,-0.0605
C[C@H]1C[C@@H](C)C[N@H+](C1)n(c2=O)c(=O)n(C)c(c23)ccc(c3)C([O-])=C4C(=O)CCCC4=O,-1.933,31,-0.062354838709677424
CN1CC[C@@H]([C@H](O)C1)c(c(O)cc2O)c(c23)oc(cc3=O)-c(ccn4)c(c45)[nH]cn5,-1.931,30,-0.06436666666666667
C1OCC1N(CC2)CCN2c([nH+]3)cc(nc3N)NCCC(c4ccccc4)c5ccccc5,-1.931,33,-0.05851515151515152
CCc1c(C)nc(N)nc1CCn(c([nH+]2)C3CCOCC3)c(c24)cc(cc4)-c5cc(C)c(=O)n(C)c5,-1.931,36,-0.05363888888888889
CNC[C@@H](O)COc1ccc(Cl)c(c1)-c2ccc(S(=O)(=O)N)cc2CC[NH3+],-1.931,27,-0.07151851851851852
CNc1cc([nH+]c(n1)N)-c2nc(ncc2C)Nc3ccc(c(F)c3)C(=O)N[C@@H]4CC[N@@H+](C)CC4,-1.925,34,-0.05661764705882353
CC(C)(C)c1ccc(cc1)-n(c([nH+]2)SCCC(=O)[O-])c(c23)cccc3,-1.924,25,-0.07696
C1CNCCN1c([nH+]c2)ccc2[C@H](C(=O)[O-])Cc3ccc(cc3)-c4ccccc4,-1.923,29,-0.06631034482758622
CCNC(=O)c1ccc(c(c1)-c2cn(C)nn2)-c3ccc(cc3Cl)CNCCc4[nH+]cc[nH]4,-1.922,33,-0.05824242424242424
CNC[C@@H](O)COc1ccc(Cl)c(c1)-c2ccc(Cl)c(Cl)c2,-1.922,22,-0.08736363636363637
CCn1c(=O)[n-]c(=O)c(c12)[C@H](c3ccc(C)cc3)C4=C(N2)CN(C4=O)N5CCNCC5,-1.922,31,-0.062
O=C(N1)C(C)(C)Oc(c12)cc(c(c2)OC)N[NH2+]CCNC(=O)NC3CCN(CC3)c4ccccn4,-1.918,35,-0.054799999999999995
C1CCCCN1c(n2)cc(nc2N)NCCCNCc3ccc(c(Cl)c3)-c4ccccc4,-1.918,32,-0.0599375
C=CC1=C(C)/C(NC1=O)=C/c2[nH]c(c(c2C)CCC(=O)[O-])Cc3ccc([nH+]c3)N4CCNCC4,-1.916,34,-0.056352941176470585
CC(C)(C)c([nH]n1)cc1N(C(=O)CC)[C@H](c2cccnc2)C(=O)Cc3ccc(O)cc3,-1.915,31,-0.0617741935483871
C[C@@H]1C(=O)N(C)CCN1c(ccc2C)cc2S(=O)(=O)NC3CCCC3,-1.914,25,-0.07656
Cc1cccc([nH+]1)[C@@H]2N(CCc(c23)scc3)c4cc(nc(n4)N)N5CCN(CC5)C6COC6,-1.914,33,-0.057999999999999996
Cc1noc(C)c1-c2ccc(=O)n(c2)-n(c([nH+]3)SCCC(=O)[O-])c(c34)cccc4,-1.913,29,-0.0659655172413793
CCN1CCN(CC1)Cc2ccc(cc2C(F)(F)F)Nc3cn(C)nn3,-1.912,26,-0.07353846153846154
O=C([O-])CCCCCCCCCCc1ccno1,-1.906,18,-0.10588888888888888
Cc1cc([nH]n1)[C@@H](C)NS(=O)(=O)c(cc2)cc(c23)CN(C)C(=O)N3,-1.903,24,-0.07929166666666666
CCN1CCN(CC1)Cc2ccc(cc2C(F)(F)F)NCC[N@H+](C)[C@H]3CCCCN3,-1.902,30,-0.0634
Nc([nH+]1)[nH]c(c12)c(ccn2)-c(cc3=O)oc(c34)c(cs4)-c(cc5)cc(c56)OCCO6,-1.901,30,-0.06336666666666667
O=C([O-])[C@@H](C)N[C@H](C)c1ccc(cc1)-c2cc(F)cnc2Cl,-1.901,22,-0.08640909090909091
C/C=C/CN(C[C@@H]1C)c(c2n(c13)c(nn3)C)cc(cc2)-c4ccc(N)[nH+]c4,-1.901,27,-0.0704074074074074
CC(C)(C)c(on1)cc1N(C(=O)CC)[C@H](c2cccnc2)C(=O)c(cc3)cc(c34)CC(=O)N4CC,-1.901,35,-0.05431428571428572
C1OCC1N(CC2)CCN2c(n3)cc(nc3N)NCCC(c4ccccc4)c5ccccc5,-1.899,33,-0.057545454545454545
[nH+]1ccn(c12)c(=O)n(cc2)-c3cc(F)c(C(F)(F)F)c(F)c3,-1.898,22,-0.08627272727272726
C1CC1Nc(c2CC)nc(N)nc2-c3cc(NC)nc(N)[nH+]3,-1.897,22,-0.08622727272727272
Cc1cccc(C)c1-c(c(Cl)cc2)c(c23)nnn3Cc([nH]n4)c(c45)cccn5,-1.897,28,-0.06775
COc1ccc(cc1Cl)CCc([nH+]2)n(c(c23)ccc(c3)-c4cc[nH]n4)C[C@H](C)N5CCOCC5,-1.897,34,-0.05579411764705883
CNCc1ccccc1-c2ccc(cc2)C(=O)NCc3ccccc3,-1.897,25,-0.07588
O=C1NC(=O)CC[C@@H]1c(n2)n([C@@H](C)COC)c(c23)cc([nH+]c3)N4CCOC[C@@H]4C,-1.896,29,-0.06537931034482758
Cc(n1)sc(c12)ccc(c2)N(CC3)CCC34N=C(NC4=O)c5ccc(OC(F)(F)F)cc5,-1.893,32,-0.05915625
CCN(C(=O)C1)c(c12)ccc(c2)-c3nnc([nH]3)-c4ccccc4,-1.889,23,-0.0821304347826087
C1COCCN1c(ncn2)c(c23)cc(c(c3)OC)OCC[C@](C)(c4ccccn4)c5cccc[nH+]5,-1.889,35,-0.05397142857142857
CC[C@](C)(C(=O)[O-])Oc1ccc(cc1)CCNCc2ccc(cc2)[C@@H]3C(C)=NCS3,-1.883,30,-0.06276666666666667
CN(C)CC[N@H+]1CC[C@@H](CC1)[N@H+]2CC[C@@H](CC2)NC(=O)[C@@H]([NH3+])Cc(c[nH]3)c(c34)cccc4,-1.881,32,-0.05878125
Cc1ccccc1CN(c2ccc(C#N)c(Cl)c2)[C@H]3CC[N@H+](C3)[C@H]4CC[N@H+](C)C4,-1.879,29,-0.06479310344827587
CC(=O)N1CCC(CC1)CN[NH+]2CCN(CC2)C(=O)CC3(CC(=O)[O-])CCCC3,-1.877,29,-0.06472413793103449
C[NH+](C)CCN1CCC(CC1)[N@H+]2CC[C@@H](CC2)NC(=O)[C@@H](N)Cc(c[nH]3)c(c34)cccc4,-1.874,32,-0.0585625
C1CC1Nc(c2CC)[nH+]c(N)nc2C(=O)C3CCCCC3,-1.874,21,-0.08923809523809524
OCCS(=O)(=O)c1ccc(cc1)-c2nnc([nH]2)-c3ccc(F)cc3,-1.873,24,-0.07804166666666666
O[C@@H]1[C@@H](O)[C@@H](O)[C@@H](O[C@H]1C)[N@H+]2CC[C@@H](CC2)N3CCCOC3=O,-1.873,23,-0.08143478260869565
Clc1c(Cl)cccc1[C@H]2[C@@H](C(=C)N=C(C)[C@@H]2C(=O)OC)C(=O)Nc3cccc(C(=O)[O-])c3,-1.873,32,-0.05853125
CCCCCCC(=O)OC[C@@H](NCCC(C)C)COP(=O)([O-])OCC[NH3+],-1.872,26,-0.07200000000000001
CN(C)CCC[N@@H+](C)[C@H]1CCN(C1)NCCCNC(=O)c2ccc(=O)n(C)c2,-1.871,28,-0.06682142857142857
[NH3+]Cc(cc1)ccc1-c(n(n2)C)c(c23)ncn(c3=O)CC4(O)CCN(CC4)Cc5ccccn5,-1.867,34,-0.054911764705882354
CC(C)(C)c(on1)cc1N(C(=O)CC)[C@H](c2cccnc2)C(=O)c3cccc(C(=O)[O-])c3,-1.865,32,-0.05828125
CNCc1ccc(cc1)-c(cc2)cc(c23)[C@@H](C[C@H](C)N3C(=O)C)NC(=O)c4cccn4C,-1.865,32,-0.05828125
COc(c1)c(OC)cc(c12)CN(CC2)NNC(=O)c3ccc(c(c3)OC)OC4CC4,-1.862,30,-0.06206666666666667
c1ccccc1N[C@H](C[C@H](C)N2C(=O)C)c(c23)cc(cc3)-n(c(n4)N)c(c45)cccc5,-1.861,31,-0.06003225806451613
COc1cc(OC)cc(c12)[nH]c(nc2=O)-c(n[nH+]c3C)c(c34)cc(cc4)N5CC[NH2+]CC5,-1.86,32,-0.058125
CCCn(c1[O-])c(=O)n(CCC)c(c12)nc(n2)-c3ccc(cc3)S(=O)(=O)C4CC4,-1.857,29,-0.06403448275862068
Cc1c(C)c(O)c(C)c(c12)CC[C@](O2)(C)CN[C@H]([C@@H](O)C(=O)N3CCC3)C[C@@H]4CCCNC4=O,-1.857,34,-0.05461764705882353
C1COCCN1c(c2)cc(C)c(c23)[nH+]c([nH]3)Nc4ccc(cc4)N5CCC([N+](C)(C)C)CC5,-1.855,33,-0.05621212121212121
C1CN(C)CCN1c2nc(N)[nH+]c(c2CC)Cc3[nH+]c(cn3C)-c4ccccc4,-1.855,29,-0.0639655172413793
COC(=O)CC(=O)NCCC[NH2+]Cc1ccc(c(Cl)c1)C(=O)c2ccc(cc2)-c3cccc(F)c3,-1.855,35,-0.053
c1c(F)cc(c(c12)C)NS(=O)(=O)CCCCC[C@H]3C[N@H+](C2)CCN3[C@@H]4CCC[NH2+]C4,-1.855,30,-0.06183333333333333
CCCCCCCCCCCCC(=O)OC[C@@H](COP(=O)([O-])O)N1CC[NH+](C)CC1,-1.854,30,-0.0618
n1nn(C)cc1-c2n(nnc2C)C3CCN(CC3)CCN(C)C,-1.854,23,-0.08060869565217392
CN1CC[NH+](CC1)C2CCN(CC2)S(=O)(=O)c(cc3)cc(c34)scn4,-1.853,25,-0.07412
O=C(N1)N(C)Cc(c12)cc(cc2)N[N@H+](C(C)C)Cc3ccccc3OCCCCCC(=O)[O-],-1.847,33,-0.05596969696969697
Cc1noc(C)c1S(=O)(=O)N[C@H](C)c2ccc(cc2)-c(cc3)[nH+]c(c34)cccc4,-1.841,29,-0.06348275862068965
Cc1cc(on1)CCCCCN[C@H]([C@@H](O)C(=O)N2CCC2)C[C@@H]3CCCNC3=O,-1.837,29,-0.0633448275862069
COCCN[NH2+]CCC(=O)Nc1cccc(C(=O)[O-])c1,-1.835,20,-0.09175
o1nc(C)c(c12)cc(c(c2)NC)C(=O)Cc(cnc3)c(c34)c([O-])ccc4,-1.832,26,-0.07046153846153846
CCn1c(=O)nc(O)c(c12)[C@H](c3ccc(C)cc3)C4=C(N2)CN(C4=O)c(cc5)cc(c56)nc(N)cc6C,-1.83,37,-0.04945945945945946
[NH3+]CCCCCCCCCC(=O)[C@H]1CC[N@H+](C1)CCN,-1.83,20,-0.0915
FC(F)(F)C(=O)N[C@@H](C(C)(C)C)C(=O)N(C1)[C@@H]([C@H]([C@H]12)C2(C)C)C(=O)c3ccncc3,-1.829,30,-0.06096666666666666
C[NH+]1CCN(CC1)C2CCN(CC2)[C@H]3CC[N@@H+](C)C3,-1.826,19,-0.09610526315789474
CN(C1)C(=O)Nc(c12)ccc(c2)S(=O)(=O)c3cc(cc(c3)C(C)(C)C)CCc4cccc[nH+]4,-1.826,33,-0.05533333333333334
CCCc([nH+]1)n(C(=O)[C@@H](N)CO)c(c12)cccc2C,-1.825,19,-0.09605263157894736
CC(C)(C)c(n[nH]1)cc1N(C(=O)CC)[C@@H](C(=O)S(=O)(=O)C)c2cccnc2,-1.825,27,-0.06759259259259259
CSc1ccc(cc1)C(=O)N2CC[C@@H](C2)[N@@H+](C)CCCN(C)C,-1.825,23,-0.07934782608695652
N#Cc1cccc(c12)n(c(n2)C)C(=O)Cc(cnc3)c(c34)c([O-])ccc4,-1.823,26,-0.07011538461538461
COCCCNc(c1CC)nc(N)[nH+]c1NC2CC2,-1.821,19,-0.0958421052631579
C1CN(C)CCN1c2nc(N)nc(c2CC)-c3ccccc3OCCCC(=O)[O-],-1.818,29,-0.06268965517241379
C1CNCCN1c(n2)nc(nc2OC)Nc3cc(S(=O)(=O)C)ccc3-c4c(C)cccc4C,-1.816,33,-0.055030303030303034
CNc1cc([nH+]c(n1)N)N2CCN(CC2)c3c(-c4ccccc4)ncn3Cc5ccc(Cl)cc5,-1.816,34,-0.05341176470588235
CN(C)CCN1CCN(CC1)C(=O)C2CCCCC2,-1.812,19,-0.09536842105263159
CCCCCCCCC(=O)SCC[NH2+]N[C@H]1CC[C@H](O)CC1,-1.811,22,-0.08231818181818182
Cc1ccn(C)c(=O)c1-c2cnc(Cl)c(c2)-n(c(C)c3)c(c34)cc(cc4)-n5cc[nH+]c5,-1.809,31,-0.05835483870967742
COCCc1ccc(cc1)CN2CCCCC2,-1.805,17,-0.10617647058823529
CNCc1ccc(cc1)-c(cc2)cc(c23)[C@@H](C[C@H](C)N3C(=O)C)NC(=O)c4c(C5CC5)n[nH]c4C,-1.803,35,-0.051514285714285714
C1CCCCC1NC(=O)[C@@H](c2cccnc2)c(c3CC)[nH+]c(N)nc3N4CCN(C)CC4,-1.803,32,-0.05634375
c1cc(C(F)(F)F)cc(c12)n(CC)c(n2)[C@@H](C)NS(=O)(=O)c3ccc(Cl)cc3,-1.802,28,-0.06435714285714286
O=C([O-])CCCCCCC[C@H](O)Cc1cnc[nH]1,-1.801,18,-0.10005555555555555
COc1nc(N(C)C)[nH+]cc1N2CCN(CC2)c3ccc(Cl)cc3,-1.8,24,-0.075
COc1c(OC)cc(cc1OC)C(=O)c2ccc(C)c(c2)[N-]S(=O)(=O)C,-1.8,26,-0.06923076923076923
Brc1ccc(cc1)/C=C/CNCCNCc2cccs2,-1.799,20,-0.08995
Clc1c(Cl)cccc1[C@H]2[C@@H](C(C)=NC(C)=C2C(=O)OC)C(=O)n3ccc(=O)[nH]c3=O,-1.799,30,-0.05996666666666666
Nc([nH+]1)cc(C)c(c12)ccc(c2)-c3ccc(c(c3)CN)N(C4(C)C)C(=O)NC4=O,-1.799,29,-0.06203448275862069
Cn1ccc(n1)C[C@@H](O)CCCCCCCC(=O)[O-],-1.795,19,-0.0944736842105263
CCOC(=O)c1csc([nH+]1)N2CCN(CC2)c3cn[nH]c3,-1.794,21,-0.08542857142857144
c1cn[nH]c1-c(cc2)cc(c23)[C@@H](C[C@H](C)N3C(=O)C)c4ccc(cc4Cl)C[NH2+]CCc5ncc[nH]5,-1.794,35,-0.051257142857142855
Brc1ccc(cc1)-c2[nH+]cn(C3CC[NH2+]CC3)c2-c4ccn[nH]4,-1.793,23,-0.07795652173913044
OCCNCCC(=O)c(cnn1C)c1C(=O)Nc(cc2)cc(n23)nc(c3)-c4ccccc4,-1.792,32,-0.056
Cc1c[nH+]cc(c1)-c2ccc(cc2)OCC(=O)NCC[NH3+],-1.792,21,-0.08533333333333333
C[C@H]1CC[C@@H](CC1)Cn(c(n2)-c3ccn[nH]3)c(c24)c(nc(c4)-c5noc(=O)[n-]5)-c6cncc(Cl)c6,-1.792,35,-0.0512
CC(C)(C)c(n[nH]1)cc1N(C(=O)CC)[C@H](c2cccnc2)C(=O)Cc3ccc(O)cc3,-1.791,31,-0.057774193548387094
CN1CC[C@@H](C1)N(C)c(nc(c23)cc(s3)C(C)(C)C)nc2Nc4ccncc4,-1.79,28,-0.06392857142857143
COc1cc(OC)cc(c12)[nH]c(nc2=O)-n(cc3)c(=O)n(c34)ccn4,-1.789,25,-0.07156
Cc1ccnc(c1)CCCCCCCCC[NH3+],-1.788,17,-0.1051764705882353
CC[C@H](C)[C@H](N)C(=O)[N-]S(=O)(=O)c1ccccc1CNc2cnn(C)c(=O)c2C,-1.788,29,-0.061655172413793105
c1cc(F)cc(c12)c(N[C@H](C)C(=O)[O-])c(C#N)c([nH+]2)[C@H](C)c3ccc(s3)-c(cn4)n(c45)CCC5,-1.783,34,-0.052441176470588234
Cc1[nH+]n(C)c(C)c1NNC2CCOCC2,-1.783,16,-0.1114375
C[C@@H]1CNCCCN1n(n2)c(Nc3ccccc3)c(c24)c(=O)[n+](C)c5n4[C@@H]6[C@H](N5)CCC6,-1.78,32,-0.055625
NCc(cc1)ccc1-c(n(n2)C)c(c23)ncn(c3=O)C(=O)C4CC4,-1.78,24,-0.07416666666666667
Cc1noc(C)c1-c2ccc(cc2Cl)CNCCCC[NH3+],-1.778,21,-0.08466666666666667
CN1CCN(CC1)CCNc2ccc(cn2)S(=O)(=O)c3[nH]ncc3-c4ccncc4,-1.777,30,-0.05923333333333333
CC/C=C/CC[C@@H]1O[C@@H]([C@@H](O)[C@H]1O)C[S+](C)CC[C@H](N)C(=O)[O-],-1.777,23,-0.07726086956521738
[nH+]1ccccc1[C@](C)(c2ccccn2)c3ccc(N)nc3,-1.777,21,-0.08461904761904762
CNc1cc(nc(N)[nH+]1)N2CCN(CC2)[N@H+](C3CC3)Cc4ccccc4OCCCCCC(=O)[O-],-1.775,35,-0.05071428571428571
CC(C)(C)NNCCc(c(c12)cc(OC)cc1)c([nH]2)-c3ccccc3,-1.775,25,-0.071
CNC[C@@H](O)COc1ccc(Cl)c(c1)OC[C@H](O)CO,-1.772,20,-0.0886
C1CNCCN1C(=O)[C@@H](C2)Oc(c23)c(cc(Cl)c3)-c4ccc(O)c(O)c4,-1.769,26,-0.06803846153846153
CN(C)CCC[N@H+](C)[C@H]1CCN(C1)C(=O)[C@H](CO)NC(=O)CCCCCCCCC[NH3+],-1.768,31,-0.05703225806451613
CN(C)CC[NH+]1CCN(CC1)C(=O)C2CCCCC2,-1.764,19,-0.09284210526315789
Cc1cccc(C)c1[N@H+]2CC[C@@H](CC2)c3nc(no3)-c4cccs4,-1.761,24,-0.073375
CCCCCCCC(=O)c1cnn(c1)CC(C)(C)O,-1.758,19,-0.09252631578947368
N#Cc(cc1)ccc1N[C@H](C[C@H](C)N2C(=O)C)c(c23)cc(cc3)-n4cc[nH+]c4,-1.756,28,-0.06271428571428571
COc1ccc(cc1)Cn(nn2)c(c23)[C@@](C)(O)CC[C@H]3OC(=O)[C@H](O)[C@H](C)N,-1.755,28,-0.06267857142857143
Brc1ccc(cc1)-c2[nH+]cn(c2-c3cc[nH]n3)C4CC[NH2+]CC4,-1.752,23,-0.07617391304347826
Clc1c(Cl)cccc1[C@H]2[C@@H](C(=C)N=C(C)[C@@H]2C(=O)OC)C(=O)c3c(C)ccn(C)c3=O,-1.749,31,-0.05641935483870968
C=CC1=C(C)/C(NC1=O)=C/c2[nH]c(c(c2C)CCC(=O)[O-])Cc3ccc(nc3)N4CCNCC4,-1.744,34,-0.05129411764705882
FC(F)(F)CCNC(=O)c1ccc(cc1)C#CCNc2ccc(cc2)CN3CCCCC3,-1.743,32,-0.05446875
O=S(=O)c(cc1)ccc1C(=O)[C@H](C[C@H](C)N2C(=O)C)c(c23)cc(cc3)-c4cc[nH]n4,-1.743,30,-0.058100000000000006
O=c1[n-]cc(Cl)cc1C(=O)CC[C@H]2c(ccc(c3)O)c3Oc(c24)cc([O-])cc4,-1.741,28,-0.06217857142857143
COCCOCCCCCc1cc(C)cc(N)[nH+]1,-1.738,18,-0.09655555555555556
c1cn[nH]c1-c(cc2)cc(c23)[C@@H](C[C@H](C)N3C(=O)C)c4[nH]ncc4-c5ccncc5,-1.733,30,-0.05776666666666667
C[C@H](N)[C@@H](O)C(=O)c1ccccc1CN(C)C(=O)c2ccc(cc2)-c3ccco3,-1.732,29,-0.05972413793103448
COc1cc(OC)cc(c12)[nH]c(nc2=O)C(=O)c(cc3)cc(c34)N([C@H](C)C(=O)N4C)C5CCCC5,-1.731,35,-0.04945714285714286
c1ncc(C)c(c12)c(ccc2)S(=O)(=O)[C@H](C[C@H](C)N3C(=O)C)c(c34)cc(cc4)-c5ccn[nH]5,-1.726,33,-0.0523030303030303
Clc1c(Cl)cccc1[C@H]2[C@@H](C(C)=NC(C)=C2C(=O)OC)C(=O)Nc3cccc(C(=O)[O-])c3,-1.724,32,-0.053875
O=c1[nH]c(=O)n(cc1C)C2CCN(CC2)c(cc3)c(C(F)F)c(c34)[C@@H]([O-])C(F)(F)S4(=O)=O,-1.723,32,-0.05384375
Cc1noc(C)c1-c2ccc(=O)n(c2)N3CC[C@@H](C3)[N@H+](C)CCCN(C)C,-1.721,27,-0.06374074074074075
Cc1cccc(c1C)Oc2nccc(n2)-c3c(N4CCCNCC4)ncn3C5CC[NH2+]CC5,-1.72,33,-0.052121212121212124
CCCCCCC/C([O-])=C/C(=O)SCCNN1CCC(CC1)N2CCCOC2=O,-1.72,29,-0.05931034482758621
C1CN(C)CCN1c2[nH+]c(N)nc(c2CC)C(=O)CCCCCCCCC[NH3+],-1.719,28,-0.061392857142857145
Cc1nnn(c1CC#N)[C@@H]2CC[N@H+](CC2)CC[NH+](C)C,-1.714,20,-0.0857
Cc1onc(C)c1-c(c(c2)OC)cc(c23)[nH]c4c3c([nH+]cc4)-c5cc(nc(N)[nH+]5)NC6CC6,-1.713,33,-0.05190909090909091
CC(C)N1CCN(CC1)c2ccc(cc2)[C@H](c3cccc(O)c3)N4CCC(CC4)[NH+]5CCN(C)CC5,-1.71,36,-0.0475
CCCn(c1[O-])c(=O)n(CCC)c(c12)nc(n2)-c3ccc(cc3)N4C[C@@H](OC4=O)CNC(=O)C,-1.709,34,-0.05026470588235294
O=S(=O)Oc(cc1)ccc1-c2c(ncn2CC#C)-c3cc(Cl)ccc3OCCN(C)C,-1.709,31,-0.055129032258064516
C[C@@H](O)COCC(CO)(COC(C)C)COC[C@H](C)O,-1.706,20,-0.0853
Cc1cc(N)nc(c1)CCCCCc2ccccc2C(=O)[O-],-1.703,22,-0.07740909090909091
CCCCCCC/C([O-])=C\C(=O)SCCNc1ccc(cc1F)N2C[C@@H](OC2=O)CNC(=O)C,-1.698,34,-0.04994117647058823
COc1cccc(c1)N2CCN(CC2)C(c3ccccc3)c4ccccc4,-1.697,27,-0.06285185185185185
C[N@H+]1CC[C@@H]([C@H](O)C1)c(c([O-])cc2O)c(c23)oc(cc3=O)-c4cccc(Cl)c4F,-1.694,29,-0.058413793103448276
CCCCCCC/C([O-])=C\C(=O)SCCNc(nc(C)[nH+]1)c(c12)cccc2,-1.69,27,-0.06259259259259259
Cc1noc(C)c1-c2ccc(cc2)C[NH2+]Nc(cc3)cc(c34)CN(C)C(=O)N4,-1.685,28,-0.06017857142857143
Cc(n1)c(C)n(c12)c(C)c(cc2)CCc3nc(cn3C)-c4ccc(N)nc4,-1.685,27,-0.06240740740740741
Cc1nn(C)c(C)c1[N-]S(=O)(=O)c2ccc(nc2)-c(cc3)cn(c34)c(nn4)C,-1.684,28,-0.060142857142857144
CC1CCN(CC1)c(cc2[O-])oc(c23)c(c(=O)cc3O)[C@H]4CC[N@H+](C)C[C@H]4O,-1.683,28,-0.06010714285714286
C[NH+](C)CC[N@@H+](CC1)CC[C@H]1n(nnc2C)c2-c3cccc(n3)-c4cccc(c4)-c5csc(=O)[nH]5,-1.682,35,-0.048057142857142854
CNCc1ccc(cc1)-c(cc2)cc(c23)[C@H](NS(=O)(=O)C4CC4)C[C@H](C)N3C(=O)C,-1.68,30,-0.056
Cc1cc[nH+]c(c1)CCCCC[C@H]2C[C@@H](C#N)C2,-1.68,18,-0.09333333333333332
Cc1nn(C)c(C)c1[N-]S(=O)(=O)c2c(Cl)cc(cc2Cl)-c3ccc(nc3)-c4cn(C)nn4,-1.679,32,-0.05246875
CC(C)Cc([nH+]n1C)c(c1C)Nc(c(c23)ccs3)ccc2C[C@@H]4SC(=O)NC4=O,-1.677,29,-0.057827586206896556
C1SC(=O)N=C1N(C2)[C@@H]([C@H]([C@H]23)C3(C)C)C(=O)N[C@H]([C@@H](O)C(=O)N4CCC4)C[C@@H]5CCCNC5=O,-1.676,34,-0.04929411764705882
COc1ccc(c(C(F)(F)F)c1)CNn(c([nH+]2)SCCC(=O)[O-])c(c23)cccc3,-1.671,29,-0.05762068965517241
CCc1cccc(C)c1NC(=O)[C@@H](c2cccnc2)N(NC)c3ccc(C(C)C)nc3,-1.669,31,-0.053838709677419355
C[NH+](C)CCN1CCC(CC1)n2c[nH+]c(c2C(=O)CCC(=O)[O-])-c3ccc(C(F)(F)F)cc3,-1.668,33,-0.050545454545454546
Cc1ccc(c(C)c1)NC(=O)c(cc2)cc(c23)N([C@H](C)C(=O)N3C)Cc4ccc[nH+]c4,-1.668,31,-0.053806451612903226
Nc(n1)cc(C)c(c12)ccc(c2)-c3ccc(c(c3)CN)N(C4(C)C)C(=O)NC4=O,-1.667,29,-0.057482758620689654
COc1cc(OC)cc(c12)nc([nH]c2=O)C(=O)c(cc3)cc(c34)N([C@H](C)C(=O)N4C)C5CCCC5,-1.667,35,-0.04762857142857143
C[NH+](C)CCN1CC[C@H](C1)n2c[nH+]c(-c3ccc(C(F)(F)F)cc3)c2-n(cc4)c(=O)n(c45)ccn5,-1.667,35,-0.04762857142857143
CCN1CCN(CC1)Cc2ccc(cc2C(F)(F)F)NC(=O)c3cccc(c3)C(N)=[NH2+],-1.666,31,-0.05374193548387097
n1cn(C)c(c12)cccc2-c3ccc(cc3)S(=O)(=O)c(cc4)cc(c45)CNCC5,-1.664,29,-0.057379310344827586
c1c(F)cc(c(c12)C)NS(=O)(=O)CCCCC[C@H]3CN(C2)CCN3S(=O)(=O)C4CC4,-1.664,30,-0.055466666666666664
CCCn(c1[O-])c(=O)n(CCC)c(c12)nc(n2)-c3ccc(cc3)-c4ncc[nH]4,-1.663,28,-0.05939285714285714
CCCCC(=O)OC[C@H](CO)n(c([nH+]1)SCCC(=O)[O-])c(c12)cccc2,-1.663,26,-0.06396153846153846
O=c1[nH]c(=O)n(cc1C)[C@@H]2CC[N@H+](CC2)N(CCO3)[C@@H]([C@H]34)CCC4,-1.659,24,-0.069125
COc1ccc(Br)cc1S(=O)(=O)[N-]c2cccc(c2)-c3cnc[nH]3,-1.658,24,-0.06908333333333333
[nH+]1ccccc1[C@](C)(c2ccccn2)c(n3)oc(c34)cccc4,-1.654,23,-0.07191304347826087
c1cc(C(F)(F)F)cc(c12)n(CC)c(n2)[C@@H](C)NS(=O)(=O)c3ccccc3OC,-1.654,29,-0.057034482758620685
CNC[C@@H](O)COc1ccc(Cl)c(c1)CCCNC(=O)c2ccc(S(=O)=O)cc2,-1.651,29,-0.05693103448275862
Cc1noc(C)c1-c(cc2)cc(c23)c(nc([nH+]3)N[C@H](C)c4nc[nH]n4)N5CCOC[C@@H]5c6ccccc6,-1.65,37,-0.04459459459459459
CC[C@](C)(C(=O)[O-])Oc1ccc(cc1)CC[NH+]2CCN(CC2)Cc3ccccc3,-1.65,29,-0.05689655172413793
Cc1ncsc1-c2ccc(cc2)CNn(n[nH+]3)c(c34)[C@@](C)(O)CC[C@H]4OC(=O)NC(C)C,-1.647,32,-0.05146875
O1CCOC1CCc(cc2)ccc2CN3CCCCC3,-1.635,20,-0.08175
n1nc(C)n(c12)c3c(cccc3)C(c4ccccc4)=N[C@H]2Nc5cnc([nH]5)C6CCC6,-1.635,31,-0.05274193548387097
CCn1c(=O)[n-]c(=O)c(c12)[C@H](c3ccc(C)cc3)C(=C(C)N2)C(=O)c4ccc(C(C)(C)C)cc4,-1.635,34,-0.04808823529411765
Nc(n1)cc(C)c(c12)ccc(c2)-c3ccc(c(c3)CN)-c(c4)nc(NC(C)C)c(n45)nnc5C,-1.626,34,-0.0478235294117647
c1c(F)cc(c(c12)C)NS(=O)(=O)CCCCC[C@H]3CN(C2)CC[N@@H+]3[C@@H]4CCCNC4,-1.623,30,-0.0541
C#CCn1c[nH+]c(-c2cc[nH]n2)c1-c3ccc(OS(=O)=O)cc3,-1.617,23,-0.07030434782608695
CN1CC[NH+](CC1)C2CCN(CC2)c3ccc(cc3)-c([nH]4)c(C#N)c(=O)c(c45)cncc5,-1.617,32,-0.05053125
c1cc(Cl)ccc1[C@H](c(c23)c(C)c(s2)C)[NH2+][C@H](c4n3c(nn4)C)C/C([O-])=C5\CCC(=O)NC5=O,-1.614,34,-0.04747058823529412
C1CCCCN1c2[nH+]c(N)nc(c2CC)-c3cccc(c3F)-c(ccn4)c(c45)nc[nH]5,-1.613,31,-0.052032258064516126
CS(=O)(=O)[N-]c1cc(ccc1C)-c2nccs2,-1.612,17,-0.09482352941176471
CN(C)CCN(CC1)CCC1n(nnc2C)c2-c3cccc(n3)-c(cc4)nn(c45)c(C)c(n5)C,-1.611,34,-0.04738235294117647
C1CCCN1c2ccc(cc2Cl)CNCCc3ncc[nH]3,-1.607,21,-0.07652380952380952
CCOC(=O)c1csc([nH+]1)N2CCN(CC2)c3cccc(c3)N4CC=CC4=O,-1.605,28,-0.05732142857142857
C1COCCN1c(ncn2)c(c23)cc(c(c3)OC)CC[C@H](NC(=O)[C@H](O)[C@H](C)N)Cc4ccccc4,-1.604,36,-0.04455555555555556
Cc(c1)c(C)cc(c12)sc(n2)Cc([nH+]3)[nH]c(c34)cc(cc4C)N5CCOCC5,-1.604,28,-0.05728571428571429
Fc1ccc(F)cc1-c2n(nnc2C)C3CCN(CC3)CCN(C)C,-1.603,25,-0.06412
Cc1nc(CN(C)C)ccc1-c(c(c23)c(=O)[nH]nc3)cnc2S(=O)(=O)c4ccc(F)c(Cl)c4,-1.602,33,-0.04854545454545455
COc(cc1)cc(c12)[nH+]c([nH]2)CCC[C@](O)(Cn3cncn3)c4ccc(F)cc4F,-1.6,30,-0.05333333333333334
o1nc(C)c(c12)cc(c(c2)O)C(=O)c3csc(n3)N4CC[N+](CC4)=C(N5)CSc(c56)cccc6,-1.594,34,-0.04688235294117647
c1c(Cl)ccc(c12)c(c(C(=O)[O-])[nH]2)[C@@H](C(=O)CCC#N)N(C=O)Cc3ccc(Cl)cc3,-1.594,31,-0.05141935483870968
CC(C)(C)OC(=O)NCCCNNCc1ccc(cc1C(F)(F)F)[N-]S(=O)(=O)C2CC2,-1.593,31,-0.05138709677419355
CCCCCCCCCCCCC(=O)OC[C@@H](COP(=O)([O-])O)Oc1ccccc1C,-1.591,31,-0.05132258064516129
CCCCCCCCCCCCN1CC[NH+](C)CC1,-1.588,19,-0.08357894736842106
Fc1ccc(F)cc1-c2n(nnc2C)[C@@H]3CC[N@H+](CC3)CC[NH+](C)C,-1.582,25,-0.06328
c1ccccc1C(=O)\C=C(\C)N[C@H](C(=O)[O-])Cc2ccc(cc2)OCCc3nc(oc3C)NCC[NH3+],-1.579,36,-0.04386111111111111
c1cccc2c1[nH+]c(n23)N([C@@H](C)C3)C(=O)[C@@H]4CN(C(=O)CC5)N5C46CCCC6,-1.575,28,-0.05625
c1c(Cl)ccc(c12)c(c(C(=O)[O-])[nH]2)[C+](C(=O)OC(C)(C)C)N(C=O)Cc3ccc(F)c(F)c3,-1.573,33,-0.04766666666666666
COc1ccc(cc1)S(=O)(=O)N(CC2(C)C)[C@@H](C(=O)NO)N(C2)Cc3cccc(F)c3,-1.572,31,-0.050709677419354844
Cc1[nH+]n(C)c(C)c1[N-]S(=O)(=O)c2ccc(nc2)-c(cc3)cn(c34)c(nn4)C,-1.571,28,-0.056107142857142855
o1nc(C)c(c12)cc(c([O-])c2)Nc3ccc(c(F)c3)N4CCSCC4,-1.567,25,-0.06268
CCCCCC/C=C/CCCCCCCCCC(=O)C[C@H](O)[C@H](N)CO,-1.565,26,-0.06019230769230769
C[NH+](C)CC[N@@H+](CC1)CC[C@H]1n(nnc2C)c2-c3cccc(n3)-c(cc4)nn(c45)c(C)c(n5)C,-1.565,34,-0.04602941176470588
CCCCCCCc1[nH+]c(N)nc(c1CC)NC2CC2,-1.564,20,-0.0782
c1ccc(OC)c(c12)[nH+]c([nH]2)CC[NH2+]Cc3ccc(c(Cl)c3)S(=O)(=O)CC(F)(F)F,-1.563,30,-0.0521
C1CCn(c12)c(cn2)-c(s3)ccc3[C@@H](C)N[C@H](C(=O)[O-])Cc(c[nH]4)c(c45)cccc5,-1.559,30,-0.05196666666666667
CCCCC(=O)OC[C@H](CO)Cc1ccc[nH+]c1,-1.557,18,-0.0865
Nc([nH+]1)cc(C)c(c12)ccc(c2)-c3ccc(c(c3)C[NH3+])N(C4(C)C)C(=O)[N-]C4=O,-1.556,29,-0.053655172413793105
CNC[C@@H](O)COc1ccc(Cl)c(c1)S(=O)(=O)c2ccc(C)cc2,-1.553,24,-0.06470833333333333
C[NH2+]Cc1ccc(cc1)-c(cc2)cc(c23)[C@H](NC(=O)OC(C)C)C[C@H](C)N3[NH+]4CCC(=O)CC4,-1.553,34,-0.04567647058823529
C[NH+](C)CCCN(C)[C@H]1CCN(C1)C(=O)[C@H](CO)NC(=O)CCCCCCCCC[NH3+],-1.547,31,-0.04990322580645161
O1CCC[C@@H]1COC(=O)O[C@H](CC)c2cc(no2)-c3ccc(cc3)OC(C)(C)C(=O)[O-],-1.546,31,-0.04987096774193549
CN1CCN(CC1)c(cc2)cc(c23)n(Cc4ccccc4)c([nH+]3)Nc5ccncc5,-1.545,30,-0.0515
CCCCCCOc1cccc(c1)CN2CCC(O)CC2,-1.544,21,-0.07352380952380952
CCCCn1cc(nn1)CNc2c[nH+]n(c2)CC(C)(C)O,-1.54,21,-0.07333333333333333
CC(=O)N[C@H]1CCN(C1)C[C@@](C)(CC2)Oc(c23)c(C)c(C)c(O)c3C,-1.54,25,-0.0616
C1CCn(c12)c(cn2)[C@H](C(=O)[O-])Cc3ccc(cc3)-c4ccccc4,-1.538,25,-0.06152
n1nc(C)n(c12)c3c(cccc3)C(c4ccccc4)=N[C@H]2NC(=O)N5CCN(CC5)CCN(C)C,-1.538,35,-0.043942857142857145
CNc1cc(nc(n1)N)N2CCN(CC2)c3c(-c4ccccc4)[nH+]cn3Cc5ccc(Cl)cc5,-1.538,34,-0.04523529411764706
OCC[NH2+]CC[C@H](C[C@H](C)N1C(=O)C)c(c12)cc(cc2)-c3ccc(C(=O)[O-])cc3,-1.524,29,-0.052551724137931036
O=[N+]([O-])c1cc(S(=O)(=O)C(F)F)ccc1-c2nnc([nH]2)-c3ccc(F)cc3,-1.521,27,-0.05633333333333333
CNC[C@@H](O)CC(=O)[C@H](C(C)C)NC(=O)C1CCCCC1,-1.52,21,-0.07238095238095238
CCCCCCCc1nc(N)[nH+]c(c1CC)NC2CC2,-1.519,20,-0.07594999999999999
C[NH2+]Cc1ccc(cc1)-c(cc2)cc(c23)[C@@H](C[C@H](C)N3C(=O)C)NC(=O)c4cccn4C,-1.519,32,-0.04746875
CC(C)(C)n(c1[O-])ncc1C(=O)c(c2C)ccc(S(=O)(=O)C)c2S(=O)(=O)c3ccccc3,-1.517,32,-0.04740625
OC[C@H]1O[C@H]([C@H](O)[C@@H]1O)N2CCN(CC2)C(=N3)CSc(c34)cccc4,-1.516,25,-0.06064
CC[C@H](C)[C@H](N)C(=O)[N-]S(=O)(=O)[C@H](C)c1ccc(cc1)-c2c(C)noc2C,-1.516,27,-0.05614814814814815
CC(C)(C)OC(=O)NCCCNC(=O)c1ccc(cc1)C23C[C@H]4C[C@@H](C3)C[C@H](C4)C2,-1.51,30,-0.050333333333333334
COc1ccc(nn1)N2CCN(CC2)c(cc3)c4[n-]c(cc(c4c35)c(O)n5C)N6CC[NH+](C)CC6,-1.51,35,-0.04314285714285714
Cc1nn(C)c(Cl)c1S(=O)(=O)c2cn(C)c(n2)CCc(cc3)c(C)n(c34)c(C)c(n4)C,-1.509,31,-0.04867741935483871
CC(C)(C)c(cc1)ccc1N(C(=O)CC)[C@@H](C(=O)n2ccnc2)c3cccnc3,-1.506,29,-0.05193103448275862
Cc1noc(C)c1-c(cc2)cc(c23)c(nc([nH+]3)N[C@H](C)c4[nH]cnn4)N5CCOC[C@@H]5c6ccccc6,-1.504,37,-0.04064864864864865
FC(F)(F)Oc(cc1)ccc1C(N2)=NC(=O)C23CCN(CC3)OC[C@H]4CCCO4,-1.503,29,-0.05182758620689655
COc1nc(N(C)C)[nH+]cc1CCOCCOCCO,-1.5,20,-0.075
O=C([O-])CCC(\C)=C/COc1ccccc1C[N@H+](C)OC(C)(C)C,-1.498,24,-0.06241666666666667
C1CNCCN1C(=O)[C@@H](C2)Oc(c23)c(cc(Cl)c3)[C@H]4CCOC4,-1.494,23,-0.06495652173913044
CCc(nn1)n(c12)nc(cc2)S(=O)(=O)CCc3c(C)cc(cc3C)N(C4(C)C)C(=O)[N-]C4=O,-1.494,33,-0.04527272727272727
Cc1noc(C)c1-c(cc2)cc(c23)c(nc(n3)C[C@H](O)[C@H](N)CO)N4CCOC[C@@H]4c5ccccc5,-1.49,36,-0.04138888888888889
CC(C)(C)c(cc1)ccc1N(S(=O)(=O)CC)[C@H](c2cccnc2)C(=O)CCOCCOCCO,-1.488,34,-0.04376470588235294
CN(C)CCOc1ccc(Cl)cc1-c2noc(n2)C3CCN(CC3)C(=O)Cc4ccccc4,-1.485,33,-0.045000000000000005
C[NH2+]C[C@@H](O)CCCOCCOCCOCCO,-1.485,18,-0.0825
CN(C)CCN(CC1)CCC1n(nnc2C)c2-c3cccc(n3)-c4cccc(c4)-c5csc(=O)[nH]5,-1.483,35,-0.042371428571428574
o1cccc1-c(cc2)cc(c23)[C@H](NC(=O)OC(C)C)C[C@H](C)N3c4cc([nH+]c(n4)N)N5CCOCC5,-1.48,36,-0.04111111111111111
CCN1CCN(CC1)c(cc2)nc(c23)[nH+]cc(C(=O)[O-])c3Nc4ccccc4C(C)(C)C,-1.48,32,-0.04625
CCCCCCC[N@@H+](C1)[C@@H]([C@H]([C@H]12)C2(C)C)C(=O)N[C@H]([C@@H](O)C(=O)N3CCC3)C[C@@H]4CCCNC4=O,-1.476,35,-0.04217142857142857
CCCCC(=O)OC[C@H](CO)OC(=O)CC,-1.475,16,-0.0921875
COCCOCCOCCCc([nH]n1)c(c12)cccn2,-1.47,20,-0.0735
C[C@@H]1C(=O)N(C)CC[N@@H+]1CCOc2ccc(cc2)C3CCN(CC3)c4c[nH+]n(c4)CC(C)(C)O,-1.47,34,-0.04323529411764706
C[C@@H](O)COCC(CO)(COC[C@@H](C)O)C[C@@H]1CC[N@@H+](C1)CCN(C)C,-1.468,26,-0.05646153846153846
Cc1nc(C[NH+](C)C)ccc1-c(c(c23)cn[nH]c3=O)ncc2-c4ccc(CN(C)C)nc4C,-1.466,33,-0.04442424242424242
c1c(F)cc(c(c12)C)NS(=O)(=O)CCCCC[C@H]3CN(C2)CC[N@@H+]3[C@@H]4CCC[NH2+]C4,-1.462,30,-0.04873333333333333
CC(C)=CCC[C@H](C)C[C@H](O)CCCC(=O)[O-],-1.46,17,-0.08588235294117647
CCOC(=O)[C@@H]1C(=C)N=C(C)[C@@H]([C@H]1c2cccc(Cl)c2Cl)C(=O)[C@H]3CC[N@H+](C3)CC[NH3+],-1.459,31,-0.04706451612903226
CN(C)CC[N@@H+](CC1)CC[C@H]1n(nnc2C)c2NCCNC(=O)NC3CCN(CC3)c4ccccn4,-1.455,36,-0.04041666666666667
CC(=O)N[C@H]1CC[N@H+](C1)N2CCC(CC2)CCC(=O)NCc3ccc(cc3)[NH+]4CCCCC4,-1.447,33,-0.04384848484848485
CC(=O)NCCC(=O)N1[C@@H](C)C[C@H](c(c12)cc(cc2)-c3cc[nH]n3)Nc4ccc(C#N)cc4,-1.443,33,-0.043727272727272726
COCCC[NH2+]OC(C)(C)C,-1.443,11,-0.13118181818181818
CCOC(=O)CC[NH2+]CCOC(F)(F)F,-1.441,15,-0.09606666666666668
O=C([O-])CCCCCc(nc1N)cc([nH+]1)N2CCCCC2,-1.44,21,-0.06857142857142857
CCc1ccc([nH+]c1)CCn(c(n2)SCCC(=O)[O-])c(c23)cccc3,-1.436,25,-0.05744
O=c1[n-]ncn(c12)c(cc2C)-c3n(nnc3C)C4CCN(CC4)CCN(C)C,-1.436,28,-0.05128571428571428
Cc1nc(C[NH+](C)C)ccc1-c(c(c23)c(=O)[n-]nc3)cnc2-c4ccc(c(F)c4)N5CCSCC5,-1.433,35,-0.04094285714285714
CN(C)CCN(CC1)CCC1n(nnc2C)c2-c(cc3)cc(c34)N(C5CC5)C(C)(C)C(=O)N4C,-1.431,34,-0.04208823529411765
C[NH+]1CCN(CC1)C2CCN(CC2)n3ccc(=O)c(C(=O)[O-])c3O,-1.43,24,-0.05958333333333333
c1cc(C)cc(c12)nc([nH]2)CCN(C[C@H]3C)c(c4n(c35)c(nn5)C)cc(cc4)-c6ccc(N)[nH+]c6,-1.427,35,-0.04077142857142857
C1CC1[C@@H](C)Nc(nc([nH+]2)C(=O)[O-])c(c23)n(NCCC)c(n3)-c(cc4)cc(c45)ccs5,-1.427,31,-0.04603225806451613
[nH]1nccc1-c(cc2)cc(c23)[C@@H](C[C@H](C)N3C(=O)C)N4CCN(CC4)c5cccc(C)c5,-1.426,32,-0.0445625
O=C([O-])CC[C@@H](C)c(cc(Cl)c1)c(c12)O[C@H](C2)C(=O)N3CCNCC3,-1.425,25,-0.057
N#CCCCCCCCCCCOC(=O)[C@H](O)CO,-1.425,19,-0.075
CCc1c(NC)[nH+]c(N)nc1-c(cc2)cc(c23)[C@H](NC(=O)OC(C)C)C[C@H](C)N3C(=O)C,-1.424,32,-0.0445
C[NH+](C)c1ccc(cc1)N(C(=O)[C@H](O)CO)Cc2cc(Cl)cs2,-1.424,23,-0.06191304347826087
COc(nn1)n(c12)nc(cc2)N3CCC(CC3)c4ccc(cc4)[NH2+]CCO,-1.424,27,-0.05274074074074074
COCCOCCOCCOCCn1ccnc1,-1.422,18,-0.079
CC1(C)C(=O)NC(=O)N1c(cc2)cc(c23)[nH+]ccc3,-1.421,19,-0.07478947368421053
COc1ccc(cc1)Cn(nn2)c(c23)[C@](C)(O)CC[C@H]3c([nH+]c(c45)cccc5)nc4NCc6ccco6,-1.419,37,-0.03835135135135135
c1cccc(c12)C(=O)c3c(C2=O)nnn3-c4cc(F)c(c(F)c4)-c5nnc([nH]5)-c6ccccc6,-1.414,34,-0.04158823529411765
C[NH+]1CCN(CC1)C2CCN(CC2)S(=O)(=O)c(c(c34)cccc4)ccc3OCC(=O)[O-],-1.411,31,-0.04551612903225807
O=c1n(C)cc(cc1C)-c(cc2)cc(c23)n(-c4ccc(C(=O)[O-])c(Cl)c4)c([nH+]3)C5CCOCC5,-1.41,34,-0.04147058823529411
OC[C@@H](C1)NCc(c12)cc(cc2)S(=O)(=O)C(=O)N3CCC(CC3)c4nc(no4)-c5cccs5,-1.404,33,-0.042545454545454546
CCNC(=O)c1ccc(c(c1)-c2cn(C)nn2)-c3ccc(cc3Cl)CNCCc4ncc[nH]4,-1.404,33,-0.042545454545454546
C[N@H+]1CC[C@@H]([C@H](O)C1)c(c([O-])cc2O)c(c23)oc(cc3=O)-c(ccn4)c(c45)nc[nH]5,-1.403,30,-0.046766666666666665
COC(=O)c1ccc(c(Cl)c1)C[N@H+](CC2)CC[C@@]2(O)Cc3cc(nc(N)[nH+]3)N4CCCCC4,-1.401,33,-0.04245454545454545
Nc1ccc(cc1)N[NH2+]CCC(c2ccccc2)c3ccccc3,-1.399,24,-0.058291666666666665
CC1(C)C(=O)[N-]C(=O)N1C(=O)CCCCCCCCC[NH3+],-1.394,21,-0.06638095238095237
CC(=O)NCCCNCc1ccc(c(Cl)c1)-c2ccc(cc2)C(=O)NCCC(F)(F)F,-1.393,31,-0.04493548387096774
c1ccccc1-n(nc2C)c(C)c2/C=N/c3ccc(cc3Cl)CNCCc4c[nH]cn4,-1.393,31,-0.04493548387096774
CN(C)CCN1CCC(CC1)C(=O)c2c(cnn2C)C(=O)N3CCOCC3,-1.391,27,-0.05151851851851852
C[C@@H]1C[NH2+]CCCN1S(=O)(=O)c2ccccc2Cl,-1.39,18,-0.07722222222222222
c1c(F)cc(c(c12)C)NS(=O)(=O)CCCCC[C@H]3C[N@H+](C2)CCN3S(=O)(=O)C4CC4,-1.381,30,-0.046033333333333336
c1cccc(c12)c(OCC(=O)[O-])ccc2S(=O)(=O)Nc3cccc(c3)N4CC=CC4=O,-1.375,31,-0.04435483870967742
CNCc1ccc(cc1)-c(cc2)cc(c23)[C@H](NC(=O)OC(C)C)C[C@H](C)N3c4ccnc(n4)N,-1.371,34,-0.0403235294117647
C1CCCC1NS(=O)(=O)c2cc(ccc2C)-c3ccc(cc3Cl)CNCCCO,-1.37,29,-0.04724137931034483
C1CC1Nc([nH+]2)cc(nc2N)NCC3([NH3+])CCCCC3,-1.366,20,-0.0683
c1c[nH]nc1-c(cc2)cc(c23)[C@@H](C[C@H](C)N3C(=O)C)c4[nH]ncc4-c5ccncc5,-1.362,30,-0.0454
CC1CCN(CC1)c(cc2=O)oc(c23)c(c(O)cc3O)[C@H]4CCN(C)C[C@H]4O,-1.362,28,-0.04864285714285715
CCS(=O)(=O)CCCCCCCCC(=O)[O-],-1.36,16,-0.085
Cc1nn(C)c(C)c1CN(C)c2[nH+]c(CCCCCC(=O)[O-])nc(n2)N(C)CCC(=O)NC3CC3,-1.347,35,-0.03848571428571428
CCCCCCCCc1ccccc1N,-1.34,15,-0.08933333333333333
c1cc(C(F)(F)F)cc(c12)n(CC)c([nH+]2)[C@@H](C)N[C@H]3C[NH2+]C[C@H]3Cc4cc(C)cc(n4)N,-1.34,32,-0.041875
CCn1c(=O)nc(O)c(c12)[C@H](c3ccc(C)cc3)C4=C(N2)CN(C4=O)c(cc5)cc(c56)[nH+]c(N)cc6C,-1.34,37,-0.03621621621621622
c1cc(F)cc(c12)c(N[C@H](C)C(=O)[O-])c(C#N)c([nH+]2)C3COC3,-1.33,23,-0.05782608695652174
CCCCCCOc1cccc(c1)CCCOCCOC,-1.321,21,-0.06290476190476191
CCOC(=O)CC[NH2+]N(C)c1ccc(C)cc1,-1.32,17,-0.07764705882352942
CC[C@@H]([C@H](C)O)c1ccc(c[nH+]1)S(=O)(=O)[N-]c2c(C)nn(C)c2C,-1.32,24,-0.055
CN1C(=O)[C@@H](C)N(C2CC2)c(c13)cc(cc3)S(=O)(=O)c(cc4)cc(c45)CN[C@H](C5)CO,-1.319,31,-0.04254838709677419
[nH+]1cn(C)c(c12)cccc2-c3c(F)cc(cc3F)-n(nn4)c(c45)C(=O)c6c(C5=O)cccc6,-1.315,33,-0.03984848484848485
COCC[NH+]1CCN(CC1)CCN(C)C,-1.313,15,-0.08753333333333332
COC(=O)c1ccc(c(Cl)c1)CN(CC2)CCC2(O)Cc3ccc(C(F)(F)F)cc3,-1.312,30,-0.04373333333333333
[nH]1cc[nH+]c1CCC(=O)CCNC(=O)CCNCc2ccc(c(Cl)c2)-c3ccccc3,-1.31,31,-0.04225806451612903
COC(=O)[C@H]1C(C)=NC(=C)[C@@H](C(=O)c([n-]c(=O)n2)c(c23)cccc3)[C@@H]1c4cccc(Cl)c4Cl,-1.31,33,-0.039696969696969696
CCCn(c1=O)c(=O)n(CCC)c(c12)nc([nH]2)CCCNCc3ccc(c(Cl)c3)-c4ccccc4,-1.307,35,-0.03734285714285714
C/C=C/CCCCCCCC(=O)O[C@H](COP(=O)([O-])[O-])/C=C(\N1)CSc(c12)cccc2,-1.304,31,-0.04206451612903226
COCCc1cc(Cl)c(c(Cl)c1)S(=O)(=O)[N-]c2c(CC(C)C)nn(C)c2C,-1.302,27,-0.04822222222222222
C1CC1Nc(c2CC)nc(N)[nH+]c2N[C@H](C[C@H](C)N3C(=O)C)c(c34)cc(cc4)-c5ccco5,-1.302,33,-0.03945454545454546
Nc(n1)cc(C)c(c12)ccc(c2)-c3ccc(c(c3)C[NH3+])N(C4(C)C)C(=O)[N-]C4=O,-1.302,29,-0.04489655172413793
COCCOCCOCCOCCn1cc[nH+]c1,-1.298,18,-0.07211111111111111
CCCCC(=O)OC[C@H](CO)Oc1cc(ccc1Cl)OC[C@H](O)CNC,-1.292,26,-0.049692307692307695
c1cc(F)cc(c12)c(C(=O)[N-]S(=O)(=O)C)c(N)c([nH+]2)Nc(cc3)cc(n34)nc(c4)-c5ccccc5,-1.292,35,-0.03691428571428571
Clc1c(Cl)cccc1[C@H]2C(=C(C)N=C(C)[C@@H]2C(=O)OC)C(=O)n3ccc(=O)[nH]c3=O,-1.292,30,-0.04306666666666667
C/C=C/CCCCCCCC(=O)S(=O)(=O)c1ccc(nc1)NCCN2CCN(C)CC2,-1.283,31,-0.04138709677419355
C1COCCC1C[N@@H+](C2)[C@@H]([C@H]([C@H]23)C3(C)C)C(=O)N[C@H]([C@@H](O)C(=O)N4CCC4)C[C@@H]5CCCNC5=O,-1.283,35,-0.03665714285714285
O=c([nH]1)[nH]c(=O)cc1C(=O)N(C[C@H]2C(=O)CC[NH3+])CCN2c3ccc(Cl)c(Cl)c3,-1.282,29,-0.04420689655172414
O=Cc1ccccc1/C=N/CCOCCOCCO,-1.281,19,-0.06742105263157894
n1cn(C(C)C)c(c12)[nH+]c(N[C@H](CC)CO)nc2NCc3ccc(cc3)-c4cnn(C)c4,-1.277,32,-0.03990625
CCOC(=O)C1=C(C)N=C(C)[C@@H]([C@H]1c2cccc(Cl)c2Cl)C(=O)[C@H]3CC[N@H+](C3)CC[NH3+],-1.275,31,-0.04112903225806451
CS(=O)(=O)[N-]c1ccc(cc1)-c(n2)c(C#N)c([O-])c(c23)cncc3,-1.275,24,-0.053125
COC(=O)c1ccc(c(Cl)c1)CN(CC2)CCC2(O)Cc3cc([nH+]c(n3)N)N4CCCCC4,-1.271,33,-0.03851515151515151
CCCCCCCCCCCCC(=O)C(=O)C1CC1,-1.268,19,-0.06673684210526316
C[C@@H]1C(=O)N(C)CCN1CCOc2ccc(cc2)C3CCN(CC3)c4c[nH+]n(c4)CC(C)(C)O,-1.264,34,-0.0371764705882353
c1cccc(O2)c1OC23CCN(CC3)[NH2+]Cc4ccc(cc4)N5CCCCC5,-1.259,28,-0.044964285714285714
C/C=C/CCCCCCCC(=O)CCNc1ccc(c[nH+]1)S(=O)(=O)[N-]c2c(C)nn(C)c2C,-1.259,33,-0.03815151515151515
CC(C)c(nc1)ccc1N(C(=O)CC)[C@H](c2cccnc2)C(=O)c3ccc(OC)c(c3)OC,-1.259,33,-0.03815151515151515
Clc1c(Cl)cccc1[C@H]2[C@@H](C(C)=NC(=C)[C@@H]2C(=O)OC)C(=O)n3ccc(=O)[nH]c3=O,-1.258,30,-0.041933333333333336
COc(c1)cccc1-c(ncn2CC#C)c2-c3[nH+]c(N)nc(c3CC)N4CCCCC4,-1.257,31,-0.04054838709677419
c1cccc(c12)c(c[nH]2)C[C@H](C(=O)[O-])NS(=O)(=O)c3ccc(cc3)N4CCC4,-1.257,28,-0.04489285714285714
C1CC1[N@H+]2C(C)(C)C(=O)N(C)c(c23)ccc(c3)NCCCO,-1.254,22,-0.057
CCCn(c1[O-])c(=O)n(CCC)c(c12)nc(n2)-c3ccc(cc3)CC[NH3+],-1.25,26,-0.04807692307692308
O=C(C1)NC[C@@H]1[C@@H](C)N2CC[C@@H](C2)[N@H+](C)CCC[NH+](C)C,-1.247,21,-0.05938095238095239
O=C1[N-]C(=O)N(C1(C)C)c(cc2C)cc(C)c2CCS(=O)(=O)C(=O)CCCCCCCCCO,-1.246,34,-0.036647058823529415
c1ccncc1CNCCCCCC2OCCO2,-1.243,18,-0.06905555555555556
CCCCC/C=C/Cc1c[nH]c(n1)C2CCC2,-1.242,17,-0.07305882352941176
CO/C([O-])=C\C(=O)c(ncn1)c(c12)cc(OC)c(c2)OC,-1.241,21,-0.0590952380952381
OCCS(=O)(=O)c1ccc(cc1)NCCCNCc2ccc(c(Cl)c2)-c3ccccc3,-1.24,31,-0.04
n1nc[nH]c1[C@@H](C)NNc2cc(C(=O)[O-])ccc2[N@H+]3CC[C@@H](CC3)N4CCCOC4=O,-1.238,31,-0.03993548387096774
CC(C)=CCC[C@H](C)[NH2+]c1cc(C(=O)[O-])ccc1N2CCC(CC2)N3CCCOC3=O,-1.235,31,-0.03983870967741936
CCc1c(NC)nc(N)nc1-c(cc2)cc(c23)[C@H](NC(=O)OC(C)C)C[C@H](C)N3C(=O)C,-1.234,32,-0.0385625
CCCCCC[C@@H](C)NC(=O)[C@@H](N)CO,-1.232,15,-0.08213333333333334
CN(C)CC[N@@H+](CC1)CC[C@H]1n(nnc2C)c2C(=O)[C@@H]3CN(C(=O)CC4)N4C35CCCC5,-1.228,32,-0.038375
C[NH2+]Cc1ccc(cc1)-c(cc2)cc(c23)[C@H](NC(=O)OC(C)C)C[C@H](C)N3c4cc[nH+]c(n4)N,-1.228,34,-0.03611764705882353
CC[C@H](C)[C@H](N)C(=O)NC(=S)NCc1ccco1,-1.228,18,-0.06822222222222223
CNc1ccnc([nH+]1)N(C[C@H](C2CC2)N3C(=O)C)c(c34)cc(cc4)-c5cnc(C(=O)N)nc5,-1.226,33,-0.03715151515151515
O=S(=O)Oc(cc1)ccc1-c2c([nH+]cn2CC#C)-c(cc3)cc(c34)O[C@@H](C(=O)N4)CC5CC5,-1.225,33,-0.037121212121212124
n1ocnc1-c2ccc(cc2OCC)C(=O)N3CCC(CC3)N4CC[NH+](C)CC4,-1.212,29,-0.04179310344827586
CC[C@H](C)[C@H]([NH3+])C(=O)NC(=S)NCc1ccco1,-1.21,18,-0.06722222222222222
CC(C)(C)c(on1)cc1N(C(=O)CC)[C@@H](C(=O)CCC#N)c2cccnc2,-1.207,27,-0.044703703703703704
CCc(c1)nc(C)c(c12)c(c(c([n-]2)=O)C#N)-c3ccc(cc3)[N-]S(=O)(=O)C,-1.206,27,-0.04466666666666667
Cc1nc([N+](=O)[O-])cn1C(=O)c2ccc(cc2)-c(c3)ccc(O4)c3C(=O)CC45CCN(C(C)C)CC5,-1.205,36,-0.03347222222222222
CCCCC/C=C/CN1CC[NH+](CC)CC1,-1.205,16,-0.0753125
Cc1nc(CN(C)C)ccc1-c(c(c23)cn[nH]c3=O)ncc2-c4ccc(C[NH+](C)C)nc4C,-1.204,33,-0.03648484848484848
n1nc[nH]c1[C@@H](C)NNc2cc(C(=O)[O-])ccc2N3CCC(CC3)N4CCCOC4=O,-1.201,31,-0.03874193548387097
c1cc(C)ccc1S(=O)(=O)N(c(cc2OC)ccc2OC)CC(=O)c3cnc([nH]3)C4CCC4,-1.196,33,-0.03624242424242424
O=C([O-])Cn(cc1)c(c12)ccc(c2)OCCCC(=O)Cc(c[nH+]c3)c(c34)c([O-])ccc4,-1.195,31,-0.038548387096774196
CNCc1ccc(cc1)-c(cn(C)c2=O)c(c23)oc(c3)-c4cc(C)c(c(C)c4)OCCO,-1.194,32,-0.0373125
CN(C)CCC[N@@H+](C)[C@H]1CCN(C1)S(=O)(=O)c2ccc(cc2)C#CCNS(=O)(=O)C,-1.192,30,-0.03973333333333333
C1CCCCN1c(n2)cc(nc2N)NCCC[NH2+]Cc3ccc(c(Cl)c3)-c4ccccc4,-1.191,32,-0.03721875
[nH+]1nc(C)n(c12)c3c(cccc3)C(c4ccccc4)=N[C@H]2NNc5ccncc5,-1.19,29,-0.04103448275862069
CCCNC(=O)c1c(cnn1C)C(=O)c2ccc(cc2CN)-c(cc3)cc(c34)nc(N)cc4C,-1.19,34,-0.034999999999999996
O=C([O-])CCc(n1)nc(cc1C)C(=O)Cc(cnc2)c(c23)c([O-])ccc3,-1.185,26,-0.04557692307692308
CCCCCCCCCCCCc1nc(OC)nc(n1)N2CCNCC2,-1.185,26,-0.04557692307692308
COCC[NH2+]NCCC(=O)Nc1cccc(C(=O)[O-])c1,-1.176,20,-0.0588
O=c1[nH]c(=O)n(cc1C)[C@H]2CCCN(C2)c([nH]c(=O)[nH+]3)c(c34)cccc4,-1.174,26,-0.04515384615384615
c1ccccc1-n(nc2C)c(C)c2/C=N/N3CC[NH+](CC3)N4CCN(CC4)c5ccc(Cl)cc5,-1.173,34,-0.0345
CCOC(=O)CCN[C@H](C[C@H](C)N1C(=O)C)c(c12)cc(cc2)-c3ccc(C(=O)[O-])cc3,-1.171,31,-0.0377741935483871
C/C=C/CCCCCCCC(=O)O[C@H](COP(=O)([O-])[O-])Cc1cc(Cl)cc(c1Cl)CN,-1.171,31,-0.0377741935483871
n1cccc(c12)c(c(C)cc2)-c(c(c34)cn[n-]c4=O)ncc3-c5ccc(C[NH+](C)C)nc5C,-1.165,33,-0.0353030303030303
CCc1c(NC)nc(N)nc1-c2ccc(cc2)[N-]S(=O)(=O)C,-1.165,22,-0.052954545454545456
C[NH+](C)CCN(CC1)CCC1n(nnc2C)c2NCCNC(=O)NC3CCN(CC3)c4cccc[nH+]4,-1.158,36,-0.03216666666666666
C[NH+](C)CCN1CC[C@H](C1)c(n2)n(Cc3ccccc3)c(c24)cc(cc4)N5CCN(C)CC5,-1.157,33,-0.03506060606060606
Clc1c(Cl)cccc1[C@H]2[C@@H](C(C)=NC(=C)[C@@H]2C(=O)OC)C(=O)Nc3cccc(C(=O)[O-])c3,-1.155,32,-0.03609375
c1cc(C)cc(c12)[nH+]c([nH]2)CCN(C[C@H]3C)c(c4n(c35)c(nn5)C)cc(cc4)-c6ccc(N)[nH+]c6,-1.155,35,-0.033
CCCCCCc1ccc(c(c1)CN)OCc2cccnc2,-1.154,22,-0.05245454545454545
CNCc1ccc(cc1)-c(cc2)cc(c23)[C@H](NC(=O)OC(C)C)C[C@H](C)N3N4CCC(=O)CC4,-1.149,34,-0.03379411764705882
c1c(F)cc(c(c12)C)NS(=O)(=O)CCCCC[C@H]3C[N@H+](C2)CCN3c(cn4)n(c45)CCC5,-1.148,32,-0.035875
Cc1[nH+]n(C)c(C)c1[N-]S(=O)(=O)c2c(Cl)cc(cc2Cl)-c3ccc(nc3)-c4cn(C)nn4,-1.145,32,-0.03578125
c1cc(F)cc(c12)c(N[C@H](C)C(=O)[O-])c(C#N)c(n2)N3CCNCC3,-1.145,25,-0.0458
Cc1cc(C)c(c(C)c1)-c2ccc(cc2Cl)CNCCc3ncc[nH]3,-1.143,25,-0.045720000000000004
O=C([O-])CCCCCCC[C@H](O)Cc1c[nH]cn1,-1.142,18,-0.06344444444444444
CC(=O)N[C@H]1CCN(C1)c2ccc(cc2F)C3=NO[C@@H](C3)CNCCc(n4)[nH]c(c45)cccc5,-1.136,34,-0.03341176470588235
NCc(cc1)ccc1-c(n(n2)C)c(c23)ncn(c3=O)CC4(O)CCN(CC4)c5cc(F)cc(F)c5,-1.134,35,-0.0324
c1ncc(C)c(c12)c(ccc2)S(=O)(=O)N3CCC[NH2+]C[C@H]3C,-1.131,22,-0.05140909090909091
O=C1CCCc(c12)n(c(c2)CC)/C([O-])=C(\C(=N3)C)[C@@H](c4ccc(C)cc4)c(c35)c(=O)[n-]c(=O)n5CC,-1.128,36,-0.03133333333333333
CCCCCCCCCCCCC(=O)OC[C@@H](COP(=O)([O-])[O-])N1CCN(C)CC1,-1.126,30,-0.03753333333333333
Cc1cc[nH+]c(c1)CCCCCCCCC[NH3+],-1.114,17,-0.06552941176470589
Cc1c(C)c(O)c(C)c(c12)CC[C@](O2)(C)C[NH2+][C@H]([C@@H](O)C(=O)N3CCC3)C[C@@H]4CCCNC4=O,-1.11,34,-0.03264705882352942
CCc1c(NC)[nH+]c(N)nc1-c2ccc(cc2)[N-]S(=O)(=O)C,-1.109,22,-0.05040909090909091
CNC[C@@H](O)COc1ccc(Cl)c(c1)-n2cncn2,-1.109,19,-0.058368421052631576
Cn(c1)c(=O)ccc1-c(cn2C)c(n2)COc3ccc(cc3)-c4ccc(cc4Cl)CNCCCO,-1.109,35,-0.03168571428571428
Cc1ccc(cc1)[C@H](C)Nc(cc2)cc(c23)N(N(C4(C)C)C(=O)[N-]C4=O)[C@H](C)C(=O)N3C,-1.108,32,-0.034625
CCCCCCCCC(=O)SCCNC(=O)CCNNc(c1)c([O-])cc(c12)onc2C,-1.102,31,-0.035548387096774194
CCOC(=O)c1cnn(C)c1C(=O)C(=O)c2[n-]cc(c2C)C3(CC3)c4ccc(C(F)(F)F)nc4,-1.102,34,-0.032411764705882355
CC/C=C/CCO[C@@H](CO)COC(=O)CCCC,-1.101,18,-0.06116666666666667
CN(C)CCC[N@H+](C)[C@H]1CCN(C1)Nc2ccccc2,-1.1,20,-0.05500000000000001
C/C=C/CCCCCCCC(=O)CCNc1ccc(cn1)S(=O)(=O)[N-]c2c(C)[nH+]n(C)c2C,-1.099,33,-0.0333030303030303
CC[N@H+]1CC[C@@H](CC1)N(C)c(nc(c23)ccs3)[nH+]c2N4CCN(CC4)c5ccccc5OCCO,-1.088,35,-0.03108571428571429
COc(nn1)n(c12)nc(cc2)N3CCC(CC3)c4ccc(cc4)[NH+]5CCN(C(C)C)CC5,-1.087,32,-0.03396875
CCCCCCCCCCCCC(=O)OC[C@@H](COP(=O)([O-])O)[NH+]1CCN(C)CC1,-1.08,30,-0.036000000000000004
CCCCCCCCCCCCCCC[C@@H](O)[C@H](CO)N[C@@H]1CC[N@H+](CC1)CC[NH+](C)C,-1.078,32,-0.0336875
c1cc(F)cc(c12)c(C(=O)[N-]S(=O)(=O)C)c(N)c(n2)-c3ccc(cc3)N4C=CCC4=O,-1.077,31,-0.034741935483870966
c1[nH+]ccn1C[C@@H](NC(C)(C)CO)c2ccc(Cl)cc2Cl,-1.076,21,-0.05123809523809524
COc1cc(OC)cc(c12)nc([nH]c2=O)-c3nnc([nH]3)-c4ccc(F)cc4,-1.074,27,-0.03977777777777778
O=C1CCCC(=O)C1=C([O-])c(cc2)c(C)c(c23)c(=O)n(c(=O)n3C)-c4ccc(CN)cc4Cl,-1.066,33,-0.032303030303030306
COc1ccc(cc1)Cn(nn2)c(c23)[C@@](C)(O)CC[C@H]3Oc4ccc(nc4)N5CCNCC5,-1.065,33,-0.03227272727272727
C1OCC1N(CC2)CCN2c([nH+]3)cc(nc3N)Nc(cc4)cc(n45)[nH+]c(c5)-c6ccccc6,-1.065,33,-0.03227272727272727
C1CC1Nc(c2CC)[nH+]c(N)nc2C(=O)CCNCc3ccc(c(Cl)c3)-c4ccccc4,-1.061,32,-0.03315625
Cc1nn(C)c(C)c1NS(=O)(=O)c2c(Cl)cc(cc2Cl)-n3nccn3,-1.053,25,-0.04212
CS(=O)(=O)[N-]c1cc(ccc1C)-c(c(c23)cccn3)cc(c2)-c(cc4)cn(c45)c(nn5)C,-1.053,32,-0.03290625
c1cc(Cl)ccc1[C@@H](c2cccnc2)C(=O)N3CC[NH+](CC3)N4CCCCC4,-1.052,28,-0.037571428571428575
COc1ccc(nn1)N2CC[NH+](CC2)[C@H](C[C@H](C)N3C(=O)C)c(c34)cc(cc4)-c5cc[nH]n5,-1.05,33,-0.03181818181818182
COCCc1cc(Cl)c(c(Cl)c1)S(=O)(=O)Nc2c(CC(C)C)nn(C)c2C,-1.045,27,-0.0387037037037037
CCO[C@H](C(=O)[O-])Cc1ccc(cc1)[N@H+](C2CC2)Cc3ccccc3OCCCCCC(=O)[O-],-1.043,34,-0.03067647058823529
CCCCCCCC(=O)C[C@H](O)C[NH2+]C,-1.036,15,-0.06906666666666667
c1nnc(O)c(n12)c(C)cc2-c3ccc(cc3)C[C@@H](C(=O)[O-])Oc4ccc(cc4)-c5ccccc5,-1.033,35,-0.02951428571428571
Cn1cc(cn1)-c2c[nH+]c(N)c(c2)-c3cc(F)c(c(F)c3)-c4cc(CO)ccc4F,-1.033,30,-0.03443333333333333
Clc1c(Cl)cccc1[C@H]2[C@@H](C(C)=NC(=C)[C@@H]2C(=O)OC)C(=O)n3ccc(=O)[n-]c3=O,-1.026,30,-0.0342
C[NH+]1CCN(CC1)C2CCN(CC2)CC(=O)Oc(cc3)c(c4c35)ccc6c4c(cc5)ccc6,-1.006,33,-0.030484848484848486
CNC[C@@H](O)COc1ccc(Cl)c(c1)-c2nccs2,-1.003,19,-0.05278947368421052
CC/C=C/CC[NH2+]CCC(F)(F)F,-1.0,13,-0.07692307692307693
o1cccc1-c(cc2)cc(c23)[C@H](NC(=O)OC(C)C)C[C@H](C)N3c4cc(nc(N)[nH+]4)N5CCOCC5,-0.999,36,-0.02775
CN1CC[C@@H]([C@H](O)C1)c(c(O)cc2O)c(c23)oc(cc3=O)-c4ccccc4C(=O)c5ccccc5,-0.995,35,-0.028428571428571428
O=C1CCCC(=O)C1=C([O-])c(c2)ccc(c23)n(C)c(=O)n(c3=O)N4CCC(CC4)N5CCCOC5=O,-0.989,36,-0.02747222222222222
CCOC(=O)C1=C(C)N=C(C)[C@@H]([C@H]1c2cccc(Cl)c2Cl)C(=O)[C@H]3CCN(C3)CC[NH3+],-0.988,31,-0.031870967741935485
C1CCCC1[NH2+]c(c2)c(ccc2C(=O)[O-])N3CCC(CC3)N4CCCOC4=O,-0.98,28,-0.034999999999999996
s1ccc(c12)cc(cc2)-c(n3)n(c(c34)c([nH+]c(n4)C(=O)[O-])N[C@H](C)C5CC5)OCc6ccccc6,-0.978,35,-0.02794285714285714
O=C1CCCc(c12)n(c(c2)CC)CC3(O)CCN(CC3)Cc4ccc(cc4Cl)C(=O)OC,-0.975,32,-0.03046875
c1ncccc1[C@H](C(=O)S(=O)(=O)C(C)C)N(C(=O)c2ccco2)c3ccc(C(C)(C)C)cc3,-0.974,33,-0.029515151515151515
CCCCCCCCCCCCCCC[C@@H](O)[C@H](CO)NCCOCCOCCOCCOC,-0.97,34,-0.028529411764705883
Cc1noc(C)c1-c(cc(c23)[nH+]ccc3)cc2C[C@](O)(Cn4cncn4)c5ccc(F)cc5F,-0.966,34,-0.02841176470588235
C1C[NH+](C)CCN1c(cc2)cc(c23)n(CCCCCC)c([nH+]3)-c(c4)nc(NC)c(n45)nnc5C,-0.965,34,-0.02838235294117647
CCCCCCC(=O)C(=O)Cc(cnc1)c(c12)c([O-])ccc2,-0.961,22,-0.04368181818181818
Clc(c1)cccc1C(=O)CC2(O)CCN(CC2)Cc3ccc(cc3Cl)-c4ncon4,-0.955,30,-0.03183333333333333
CO/C([O-])=C\C(=O)C(=O)[C@H](CO)NC(=O)CCCCCCCCCO,-0.951,25,-0.03804
OCCOCCCCN1CCOCC1,-0.939,14,-0.06707142857142857
CCCCCCCc1nc(N)nc(c1CC)NC2CC2,-0.938,20,-0.0469
O=c([nH]1)[nH]c(=O)cc1C(=O)N(C[C@H]2C(=O)CC(C)(C)O)CCN2c3ccc(Cl)c(Cl)c3,-0.932,31,-0.03006451612903226
c1ccccc1-c(cc2)ccc2C(=O)N(C3CC3)Cc4ccccc4-n(cc5)c(=O)n(c56)cc[nH+]6,-0.932,35,-0.02662857142857143
c1ccccc1-n(nc2C)c(C)c2/C=N/N3CCN(CC3)[NH+]4CCN(CC4)c5ccc(Cl)cc5,-0.931,34,-0.027382352941176472
CCOC/C=C/[C@@H](O)CCCCCCCC(=O)[O-],-0.928,18,-0.051555555555555556
O=C1[N-]C(=O)N(C1(C)C)c(cc2C)cc(C)c2CCS(=O)(=O)CCN3CCN(C)C(=O)[C@H]3C,-0.924,33,-0.028
OCCOCCOCC[NH+]1CCNCC1,-0.923,15,-0.061533333333333336
CCCCCCCC(=O)CC(=O)SCCN[N@H+]1CC[C@@H](CC1)N2CCCOC2=O,-0.919,29,-0.031689655172413796
CCCCCC(=O)N[C@@H](CO)[C@H](O)CN[C@H](C)c([nH+]1)n(CC)c(c12)cc(C(F)(F)F)cc2,-0.918,32,-0.0286875
o1nc(C)c(c12)cc(c(c2)NC)[N-]S(=O)(=O)c3ccc(cc3)C#CCNS(=O)(=O)C,-0.917,30,-0.03056666666666667
Cc(c1)c(C)cc(c12)sc([nH+]2)CNc(cc3)c4[nH]c(cc(c4c35)c(O)n5C)N6CCN(C)CC6,-0.914,34,-0.026882352941176472
N1CCCC[C@@H]1[N@@H+](C)CCO[C@@H]2CC[C@@H](CC2)C[C@@H](C([O-])=O)c3cccc(c3)N4C=CCC4=O,-0.902,34,-0.026529411764705885
CC(O1)(C)C(=O)Nc(c12)ccc(c2)CC3(O)CCN(CC3)Cc4ccc(cc4Cl)-c5ncon5,-0.899,34,-0.026441176470588235
CN1CCN(CC1)c(cc2)cc(c23)n(Cc4ccccc4)c(n3)-c5ccc(cc5)OC(C)(C)C(=O)[O-],-0.899,36,-0.024972222222222222
n1nc(C)n(c12)c3c(cccc3)C(c4ccccc4)=[NH+][C@H]2N[C@@H](C(=O)[O-])Cc(c[nH]5)c(c56)cccc6,-0.899,36,-0.024972222222222222
CC(C)(C)c(cc1)ccc1N(S(=O)(=O)CC)[C@H](c2cccnc2)C(=O)CCC[C@@H](C)CC(=O)[O-],-0.89,34,-0.026176470588235294
CCN(C(=O)C1)c(c12)ccc(c2)[N@H+]3CC[C@@H](CC3)N4CCCOC4=O,-0.887,25,-0.03548
COc(cc1)cc(c12)C(c(ccc3)c(c34)cc[nH]4)=N[C@H](c5n2c(nn5)C)CC(=O)CCNCCO,-0.882,35,-0.0252
CCCCCCCCCCCCn1cncn1,-0.873,17,-0.05135294117647059
C1CC1[C@@H](C)Nc([nH+]c(n2)C(=O)[O-])c(c23)n(NCCC)c(n3)-c(cc4)cc(c45)ccs5,-0.868,31,-0.028
CC/C=C/C/C=C/C/C=C/C/C=C/C[NH2+]CCCOC,-0.864,20,-0.0432
Cc1[nH+]n(C)c(C)c1Cn2c(nccc3)c3cc4n(C)c(=O)c(c4c25)ccc5,-0.862,28,-0.030785714285714284
Clc1c(Cl)cccc1[C@H]2C(=C(C)N=C(C)[C@@H]2C(=O)OC)C(=O)n3ccc(=O)[n-]c3=O,-0.851,30,-0.028366666666666665
n1nc(C)n(c12)c3c(cccc3)C(c4ccccc4)=N[C@H]2NC(=O)N5CC[NH+](CC5)CCN(C)C,-0.84,35,-0.024
COC(=O)N(CC1)CCC12CN(C2)c3nc(-c4cccn4C)[nH+]c(c3C)-c5c(C)noc5C,-0.827,33,-0.02506060606060606
C1CC1Nc(nc2N)cc([nH+]2)C(=O)/C=C(/O)C(=O)[O-],-0.821,19,-0.04321052631578947
C1OCC1N(CC2)CCN2Cc(cc3C)cc(C)c3Nc4ccnc(n4)Nc5ccc(C#N)cc5,-0.815,35,-0.023285714285714285
n1nn(C)cc1-c2n(nnc2C)[C@@H]3CC[N@H+](CC3)CC[NH+](C)C,-0.805,23,-0.035
Cc1nc(CN(C)C)ccc1-c(c(c23)cn[nH]c3=O)ncc2-c4ccc(CN(C)C)nc4C,-0.803,33,-0.024333333333333335
COCCOCCOCCOCC[N@H+]1CCOC[C@@H]1C,-0.798,20,-0.039900000000000005
O=c1n(C)cc(cc1C)-c(cc2)cc(c23)n(c([nH+]3)C4CCOCC4)CC[C@@H]5CCN(C5)CC[NH+](C)C,-0.788,36,-0.02188888888888889
COC(=O)CCCCCCCNS(=O)(=O)C,-0.781,16,-0.0488125
O=c1[nH]c(=O)n(cc1C)[C@@H]2CC[N@H+](CC2)Cc3cccc(n3)S(=O)(=O)c(cc4)cc(c45)CNCC5,-0.776,35,-0.02217142857142857
FC(F)(F)Oc(c1)ccc(c12)n(c(C)[nH+]2)N3CCOC[C@@H]3c4ccccc4,-0.755,27,-0.027962962962962964
COc1ccc(c(C)c1)NC(=O)[C@@H](c2ccc[nH+]c2)N(c3cc(on3)C(C)(C)C)CC[NH2+]CCO,-0.752,35,-0.021485714285714285
C/C=C/CCCCCCCC(=O)c1ccc(nn1)OC,-0.748,20,-0.0374
C1CC1Nc(c2CC)[nH+]c(N)nc2N[C@H](C[C@H](C)N3C(=O)C)c(c34)cc(cc4)-c5ccco5,-0.747,33,-0.022636363636363635
Clc1cc(Cl)ccc1-c2ccc(cc2OCC)C(=O)N3CCC(CC3)N4CC[NH+](C)CC4,-0.741,32,-0.02315625
CCn(cn1)c(c12)c(=O)[nH]c(=O)n2-c(cc3)cc(c34)ncc(C(=O)[O-])c4Nc5ccccc5C(C)(C)C,-0.74,37,-0.02
COc1ccc(cc1Cl)CCc([nH+]2)n(C[C@H](C)N3CCOCC3)c(c24)ccc(c4)-c5ccn[nH]5,-0.739,34,-0.021735294117647058
C1CCC1c([nH]2)[nH+]cc2-c3ccc(cc3OCC)C(=O)N4CCC(CC4)N5CC[NH+](C)CC5,-0.724,33,-0.02193939393939394
Cc1nc(CN(C)C)ccc1-c(c(c23)c(=O)[nH]nc3)cnc2N4CCS[C@@H](CC4)c5cccs5,-0.721,34,-0.021205882352941175
c1cc(Cl)ccc1N[C@H](CC2)c(c3n(c24)c(C)nn4)cc(cc3)-n(cc5)c(=O)n(c56)cc[nH+]6,-0.719,33,-0.021787878787878787
CC(=O)NC[C@H]1CN(C(=O)O1)c2c(C)nnn2C3CCN(CC3)CCN(C)C,-0.7,28,-0.024999999999999998
C1CC1Nc(nc2N)cc(n2)C(=O)/C=C(\O)C(=O)[O-],-0.694,19,-0.036526315789473685
CC(C)N(CC1)CCC12CC(=O)c3c(O2)ccc(c3)-c4ccc(cc4)S(=O)(=O)CCO,-0.677,31,-0.021838709677419358
CC(C)=CCC/C(C)=C\CC[C@H](C)[NH2+]C1CCN(C)CC1,-0.665,21,-0.03166666666666667
C1C[N@H+](C)CC[C@H]1Nn(c(n2)-c(cc3)cc(c34)ccs4)c(c25)c([nH+]c(n5)C(=O)[O-])N[C@H](C)C6CC6,-0.661,35,-0.018885714285714287
c1cc(Cl)cc(NC2=O)c1[C@]23N(CC[NH3+])C[C@@H](N)[C@@H]3c4cccc(Cl)c4,-0.658,26,-0.02530769230769231
Fc1cc(F)ccc1Oc(ccc2[N-]S(=O)(=O)CC)c(c2)-c3cc(c[nH+]c3N)-c4cnn(C)c4,-0.651,34,-0.019147058823529413
N#Cc1ccc(cc1Cl)CC2(O)CCN(CC2)Cc3ccc(cc3Cl)-c4ncon4,-0.642,30,-0.0214
o1cccc1-c(cc2)cc(c23)[C@@H](C[C@H](C)N3C(=O)C)NC(=O)N4CCC(CC4)N5CC[NH+](C)CC5,-0.64,35,-0.018285714285714287
CCC(CC)c1c(C)nnn1C2CCN(CC2)CCN(C)C,-0.639,22,-0.029045454545454544
O=C1CCCc(c12)n(c(c2)CC)-c(c3)ccc(O4)c3C(=O)CC45CCN(C(C)C)CC5,-0.633,31,-0.02041935483870968
C/C=C/CCCCCCCC(=O)OCCOC,-0.629,17,-0.037
CCCCCCCCCCCC(=O)CCCNC(=O)C,-0.628,20,-0.0314
CC(C)(C)c(cc1)ccc1N(S(=O)(=O)CC)[C@H](c2cccnc2)C(=O)Cc3ccc(C(=O)[O-])cc3,-0.622,35,-0.01777142857142857
O=C([O-])C/[NH+]=C/C(=O)CCCNCCC(F)(F)F,-0.62,18,-0.034444444444444444
C1CCC1c(n2)[nH]cc2-c3ccc(cc3OCC)C(=O)N4CCC(CC4)N5CC[NH+](C)CC5,-0.611,33,-0.018515151515151516
c1nnc(O)c(n12)c(C)cc2-c3ccc(cc3)-c(n4)c(C#N)c(N[C@H](C)C(=O)[O-])c(c45)cc(F)cc5,-0.604,36,-0.016777777777777777
COc1ccc(c(C)c1)NC(=O)[C@@H](c2cccnc2)N(c3cc(on3)C(C)(C)C)CCNCCO,-0.569,35,-0.016257142857142855
CCCCCCCCCCCCC(=O)OC[C@H](O)CO,-0.56,20,-0.028000000000000004
CC1(C)C(=O)[N-]C(=O)N1c2ccc(S(=O)(=O)C(F)F)cc2[N+](=O)[O-],-0.549,24,-0.022875000000000003
CC(C)(C)c(on1)cc1N(C(=O)CC)[C@@H](C(=O)[N-]S(=O)(=O)C)c2cccnc2,-0.542,28,-0.019357142857142857
CN1CC[C@@H](C1)N2[C@@H](C3CC3)CN(c(c24)cccc4)Cc5ccccc5C(=O)[O-],-0.541,29,-0.018655172413793105
OCCOc1ccccc1N2CCN(CC2)[NH+]3CCN(CC3)c4ccc(Cl)c(Cl)c4,-0.532,30,-0.017733333333333334
COc(c1)c(OC)cc(c12)CN(CC2)CCc3ccc(cc3)Nc4[nH]nc(n4)-c5ccc(F)cc5,-0.518,35,-0.0148
N#CCCCCOCCOCCOCCOCCO,-0.516,19,-0.027157894736842107
CC(C)(C)c(cc1)ccc1N(S(=O)(=O)CC)[C@@H](C(=O)[C@@H]2C=C[N+](=N2)C)c3cccnc3,-0.513,31,-0.016548387096774194
CO[C@@H](C)c(cc1)ccc1N(S(=O)(=O)CC)[C@H](c2cccnc2)C(=O)Nc3ccc(OC)cc3C,-0.512,35,-0.014628571428571428
C[NH+](C)CCC[N@H+](C)[C@H]1CC[N@H+](C1)Nc2ccccc2,-0.5,20,-0.025
CCc1cccc(C)c1Nc2ccc(cn2)S(=O)(=O)[N-]c3c(C)[nH+]n(C)c3C,-0.499,28,-0.01782142857142857
n1[nH+]c(C)n(c12)c3c(cccc3)C(c4ccccc4)=N[C@H]2NNc5ccncc5,-0.489,29,-0.01686206896551724
CCCCCCCCC(=O)SCCNC(=O)C,-0.486,17,-0.028588235294117647
CCOC(=O)[C@@H]1C(C)=NC(=C)[C@@H]([C@H]1c2cccc(Cl)c2Cl)C(=O)[C@H]3CC[N@H+](C3)CC[NH3+],-0.481,31,-0.015516129032258064
COC(=O)c1ccc(c(Cl)c1)CN(CC2)CCC2(O)Cc3cc(nc(n3)N)N4CCCCC4,-0.473,33,-0.014333333333333333
CCCCCCCCCCCC[NH+]1CCN(C)CC1,-0.464,19,-0.024421052631578948
COc1cc(=O)n(C)nc1NCCCNCc2ccc(c(Cl)c2)-c3ccccc3,-0.457,29,-0.015758620689655174
CC(C)(C)c1ccc(cc1)N(C(=O)c2ccco2)[C@H](c3cccnc3)C(=O)CCCNS(=O)(=O)C,-0.45,35,-0.012857142857142857
FC(F)(F)C(=O)N[C@@H](C(C)(C)C)C(=O)N(C1)[C@@H]([C@H]([C@H]12)C2(C)C)C(=O)c3cnc([nH]3)C4CCC4,-0.45,33,-0.013636363636363637
Cc1ccc(c(C)c1)NC(=O)c(cc2)cc(c23)N([C@H](C)C(=O)N3C)[C@H]4CCCCN4,-0.45,30,-0.015000000000000001
CNCc1ccc(cc1)-c(cc2)cc(c23)[C@@H](C[C@H](C)N3C(=O)C)[NH2+]CCCNS(=O)(=O)C,-0.45,32,-0.0140625
CN1CC[C@@H]([C@H](O)C1)c(c(O)cc2O)c(c23)oc(cc3=O)-c4cccc(Cl)c4F,-0.448,29,-0.015448275862068966
c1cc(Cl)ccc1[C@@H](c(c23)c(C)c(s2)C)[NH2+][C@H](c4n3c(nn4)C)CC(=O)N5CCC5,-0.441,30,-0.0147
Cc1nc(CN(C)C)ccc1-c(c(c23)c(=O)[n-]nc3)cnc2S(=O)(=O)c4ccc(F)c(Cl)c4,-0.436,33,-0.013212121212121212
C1CCCCN1c(n2)cc([nH+]c2N)[C@H](C[C@@H]34)[C@@H]([C@@H]([NH2+]4)CC3)CCC(CC5)CCC5(F)F,-0.431,31,-0.013903225806451612
CCN(C1=O)c2ccc(c(c2c13)ccc3)S(=O)(=O)Nc(s4)c(C(=O)N)c(c45)CC[C@H](C)C5,-0.425,32,-0.01328125
CC1(C)C(=O)NC(=O)N1N(CC2)CCC2(N)Cc3ccc(Cl)cc3,-0.424,24,-0.017666666666666667
Cc1ccc(cc1)S(=O)(=O)c2c(C)ccn(c2=O)Cc([nH]n3)c(c34)cccn4,-0.407,28,-0.014535714285714285
CCCCCCCCCCCCCCC[C@@H](O)[C@H](CO)NC1CCN(CC1)CC[NH+](C)C,-0.397,32,-0.01240625
COCCOCCCCCc1cc(C)cc(n1)N,-0.384,18,-0.021333333333333333
CCCCCCCCCCCCC(=O)OC[C@@H](COP(=O)([O-])O)CCc1ccc(CC)c[nH+]1,-0.382,33,-0.011575757575757576
COC(=O)c1ccc(c(Cl)c1)CN(CC2)CCC2(O)CC(=O)c3ccc(c(c3)OC)OC4CC4,-0.376,34,-0.011058823529411765
Cc1cc(N)nc(c1)CCCCC[NH2+]CCO,-0.371,17,-0.021823529411764707
CCCCCC(=O)n(n1)c(Nc2ccccc2)c(c13)C(=O)N(C)C=4N3[C@@H]5[C@H](N4)CCC5,-0.371,31,-0.011967741935483871
COC(=O)C1=C(C)N=C(C)[C@@H](C(=O)c(nc(=O)[nH]2)c(c23)cccc3)[C@@H]1c4cccc(Cl)c4Cl,-0.348,33,-0.010545454545454545
COc(c1)cccc1-c(ncn2CC#C)c2-c3nc(N)[nH+]c(c3CC)N4CCCCC4,-0.336,31,-0.010838709677419355
[NH2+]1CCCC[C@@H]1N(C)CCO[C@@H]2CC[C@@H](CC2)C[C@@H](C([O-])=O)c3cccc(c3)N4C=CCC4=O,-0.334,34,-0.009823529411764707
O=C1NCCC[C@H]1C[C@@H]([C@@H](O)C(=O)N2CCC2)Nc3[nH+]c(cs3)-c4ccccc4,-0.334,29,-0.011517241379310346
Clc1c(Cl)cccc1[C@H]2[C@@H](C(C)=NC(C)=C2C(=O)OC)C(=O)n3ccc(=O)[n-]c3=O,-0.329,30,-0.010966666666666668
CC(C)CCNC(=O)c1ccc(cc1)-c2ccsc2,-0.303,19,-0.01594736842105263
Cc1nn(C)c(C)c1[N-]S(=O)(=O)c2c(Cl)cc(cc2Cl)-n3nccn3,-0.295,25,-0.0118
C=CCOCCO,-0.291,7,-0.04157142857142857
COCCCNc(c1CC)[nH+]c(N)nc1NC2CC2,-0.29,19,-0.015263157894736841
COC(=O)N(CC1)CCC12CN(C2)S(=O)(=O)c3c(Cl)cc(Br)cc3Cl,-0.278,25,-0.011120000000000001
CCOC(=O)C1=C(C)N=C(C)[C@@H]([C@H]1c2cccc(Cl)c2Cl)C(=O)[C@H]3CC[N@H+](C3)CCN,-0.276,31,-0.008903225806451613
c1cc(Cl)ccc1C(c(c23)cc(OC)cc2)=N[C@H](c4n3c(nn4)C)[C@@H](C)C(=O)N5CCNCC5,-0.269,34,-0.007911764705882354
CCOC(=O)[C@@H]1C(C)=NC(C)=C([C@H]1c2cccc(Cl)c2Cl)C(=O)[C@H]3CC[N@H+](C3)CCN,-0.251,31,-0.008096774193548387
COCCc1cc(Cl)c(c(Cl)c1)S(=O)(=O)[N-]c2c(CC(C)C)[nH+]n(C)c2C,-0.226,27,-0.00837037037037037
CCn1c(=O)[nH]c(=O)c(c12)[C@H](c3ccc(C)cc3)/C(C(=N2)C)=C(/[O-])c(cc4C)n(c45)cc[nH]c5=O,-0.219,35,-0.006257142857142857
COc1ccc(cc1)S(=O)(=O)N(CC2(C)C)[C@@H](C(=O)N[O-])N(C2)OC(C)C,-0.206,27,-0.0076296296296296294
CCCn(c1[O-])c(=O)n(CCC)c(c12)nc(n2)-c3ccc(cc3)-c4[nH+]cc[nH]4,-0.203,28,-0.00725
Cc1nn(C)c(C)c1[N-]S(=O)(=O)c(ccc2)c(c23)c(C)cnc3,-0.19,23,-0.00826086956521739
COc1ccc(cc1)S(=O)(=O)N(CC2(C)C)[C@@H](C(=O)N[O-])N(C2)C(=O)C,-0.182,26,-0.007
CCOC(=O)[C@@H]1C(=C)N=C(C)[C@@H]([C@H]1c2cccc(Cl)c2Cl)C(=O)[C@H]3CC[N@H+](C3)CCN,-0.156,31,-0.005032258064516129
C1CC1Nc([nH+]c2N)cc(n2)C(=O)/C=C(\O)C(=O)[O-],-0.151,19,-0.007947368421052632
c1cc(Cl)ccc1CC2(N)CCN(CC2)n(c(n3)SCCC(=O)[O-])c(c34)cccc4,-0.127,30,-0.004233333333333334
C[NH+](C)CC[N@H+](CC1)CC[C@H]1n(nnc2C)c2-c(cc3)cc(c34)N(C5CC5)C(C)(C)C(=O)N4C,-0.118,34,-0.0034705882352941177
c1c(F)cc(c(c12)C)[N-]S(=O)(=O)CCCCC[C@H]3CN(C2)CCN3S(=O)(=O)C4CC4,-0.11,30,-0.0036666666666666666
Cc1ccccc1CN(c2ccc(C#N)c(Cl)c2)[C@H]3CC[N@H+](C3)NCC4([NH3+])CCCCC4,-0.067,32,-0.00209375
C1OCC1[NH+](CC2)CCN2Cc(cc3C)cc(C)c3Nc4cc[nH+]c(n4)Nc5ccc(C#N)cc5,-0.063,35,-0.0018
COC(=O)[C@H]1C(=C)N=C(C)[C@@H](C(=O)c([n-]c(=O)n2)c(c23)cccc3)[C@@H]1c4cccc(Cl)c4Cl,-0.062,33,-0.0018787878787878789
COC(=O)[C@H]1C(C)=NC(=C)[C@@H](C(=O)c(nc(=O)[nH]2)c(c23)cccc3)[C@@H]1c4cccc(Cl)c4Cl,-0.036,33,-0.0010909090909090907
CCCCCCCCC(=O)OC,-0.021,12,-0.00175
CC(C)(C)c([nH]n1)cc1N(C(=O)CC)[C@@H](C(=O)S(=O)(=O)C)c2cccnc2,-0.009,27,-0.0003333333333333333
COc1cc(cc(c1)OC)NC(=O)N(Cc2ccccc2)C(=O)N3CCN(C(C)C)CC3,0.003,32,9.375e-05
O=C1[N-]C(=O)N(C1(C)C)c(cc2C)cc(C)c2CCS(=O)(=O)c3ncon3,0.004,27,0.00014814814814814815
c1c(F)cc(c(c12)C)[N-]S(=O)(=O)CCCCC[C@H]3CN(C2)CCN3c(cc4)cc(c4=5)=NC(=O)N5,0.01,34,0.00029411764705882356
CCOC(=O)CCNC(=O)[C@@H](c1ccc[nH+]c1)N(CCCNC(=O)C)c2ccc(C(C)(C)C)cc2,0.024,35,0.0006857142857142857
COc1ccc(cc1OC)[N@@H+](CC(=O)NC(C(C)C)C(C)C)[C@H]2CC[C@H](O)CC2,0.049,29,0.001689655172413793
O=C([O-])c1ccccc1C[N@@H+](c(c23)cccc3)C[C@H](C4CC4)N2n5ccc(=O)c(C(=O)[O-])c5O,0.071,34,0.002088235294117647
C1CCCCC1C(=O)N[C@@H](C(C)C)C(=O)S(=O)(=O)c(cc2)cc(c23)CN[C@H](C3)CO,0.08,30,0.0026666666666666666
Cc1noc(C)c1-c2ccc(cc2)C[NH2+]c3ccc(cc3)OC(C)(C)C(=O)[O-],0.086,28,0.0030714285714285713
O=C([O-])c1ccccc1CN(c(c23)cccc3)C[C@H](C4CC4)N2n5ccc(O)c(C(=O)[O-])c5=O,0.09,34,0.0026470588235294116
OC[C@@H](O)C(=O)CCOCCO,0.108,12,0.009
C=CCOc1cc(Cl)c(c(Cl)c1)S(=O)(=O)[N-]c2c(CC(C)C)[nH+]n(C)c2C,0.136,27,0.005037037037037038
CC(C)(C)c(cc1)ccc1N(S(=O)(=O)CC)[C@@H](C(=O)C2C=C2)c3cccnc3,0.187,28,0.006678571428571429
Cc1cc(N)nc(c1)CCCCCCC2CC2,0.189,17,0.011117647058823529
CCOC(=O)CCNC(=O)[C@@H](c1cccnc1)N(NC2CCCC2)c3ccc(C(C)(C)C)cc3,0.208,34,0.006117647058823529
COc1ccc(cc1)S(=O)(=O)N(CC2(C)C)[C@@H](C(=O)N[O-])N(C2)Cc3ccc(Cl)cc3,0.213,31,0.006870967741935484
COCCOCCOCCOC(C)C,0.28,14,0.02
COC(=O)c1ccccc1S(=O)(=O)[N-]c(cc2)cc(c23)OC(C)(C)C(=O)N3,0.316,27,0.011703703703703704
Clc1c(Cl)cccc1[C@H]2[C@@H](C(=C)N=C(C)[C@@H]2C(=O)OC)C(=O)n3ccc(=O)[n-]c3=O,0.327,30,0.0109
c1c(F)cc(c(c12)C)[N-]S(=O)(=O)CCCCC[C@H]3C[N@H+](C2)CCN3S(=O)(=O)C4CC4,0.342,30,0.0114
CCCCCCCCC[C@@H](CC)CO,0.364,14,0.026
COc1ccc(cc1)S(=O)(=O)N(CC2(C)C)[C@@H](C(=O)N[O-])[N@@H+](C2)C/C=C(/C)CCC(=O)[O-],0.366,32,0.0114375
C[NH+](C)CC[N@@H+](CC1)CC[C@H]1n(nnc2C)c2C(=O)[C@@H]3CN(C(=O)CC4)N4C35CCCC5,0.369,32,0.01153125
COc1ccc(cc1)S(=O)(=O)N(CC2(C)C)[C@@H](C(=O)N[O-])N(C2)Cc3cccc(F)c3,0.4,31,0.012903225806451613
C[C@@H]1CNCCCN1S(=O)(=O)c2ccccc2Cl,0.466,18,0.025888888888888892
C/C=C/CCCCCCCC(=O)NC(C)C,0.533,16,0.0333125
COc1nc(N(C)C)[nH+]cc1-c2ccc(cc2)-c(n3)c(NC(C)(C)C)n(c34)ccnc4,0.563,31,0.018161290322580643
c1c(F)cc(c(c12)C)NS(=O)(=O)CCCCC[C@H]3CN(C2)CCN3[C@@H]4CCC[NH2+]C4,0.566,30,0.018866666666666664
O=C1NCCC[C@H]1C[C@@H]([C@@H](O)C(=O)N2CCC2)[NH2+]NC3CCCC3,0.569,24,0.02370833333333333
CC(C)Cc(nn1C)c(c1C)[N-]S(=O)(=O)c2c(Cl)cc(C(C)(C)C(=O)[O-])cc2Cl,0.698,29,0.02406896551724138
COCCCCOCCOCCOC,0.701,14,0.050071428571428565
CC(C)Cc([nH+]n1C)c(c1C)[N-]S(=O)(=O)c2c(Cl)cc(C(C)(C)C(=O)[O-])cc2Cl,0.801,29,0.027620689655172417
CCc1cccc(C)c1NC(=O)[C@@H](c2ccc[nH+]c2)N(NC)c3ccc(C(C)C)nc3,0.811,31,0.026161290322580646
c1cccc(c12)c(OCC(=O)[O-])ccc2S(=O)(=O)[N-]c3cccc(c3)N4CC=CC4=O,0.819,31,0.026419354838709677
CN(C)CCN(CC1)CCC1n(nnc2C)c2C(=O)[C@@H]3CN(C(=O)CC4)N4C35CCCC5,0.873,32,0.02728125
OCCCOC[C@H](O)CO,0.943,10,0.0943
C1COCCC1CN(C2)[C@@H]([C@H]([C@H]23)C3(C)C)C(=O)N[C@H]([C@@H](O)C(=O)N4CCC4)C[C@@H]5CCCNC5=O,0.989,35,0.028257142857142856
C=CCOCC/C=C/C/C=C/CC,1.101,13,0.08469230769230769
CCOC(=O)CCNCCOC(F)(F)F,1.123,15,0.07486666666666666
COc1ccc(cc1)S(=O)(=O)N(CC2(C)C)[C@@H](C(=O)N[O-])N(C2)C/C=C(/C)CCC(=O)[O-],1.163,32,0.03634375
CCCCCCCCCCCCC/C=C/[C@@H](O)[C@H](CO)NNc1c(C)[nH+]n(C)c1C,1.287,30,0.0429
CCCCCCCCc1ccccc1[NH3+],1.38,15,0.092
CCCCCCCCCCCCN1CCN(C)CC1,1.434,19,0.07547368421052632
CCCCCCCC(=O)C[C@H](O)CNC,1.782,15,0.1188
COCC[NH2+]CCOCCO,1.865,11,0.16954545454545455
CC(C)(C)c1ccc(cc1)N(C(=O)c2ccco2)[C@H](c3ccc[nH+]c3)C(=O)CCCNS(=O)(=O)C,2.003,35,0.057228571428571434
CCCCCCCCCCCNO,2.005,13,0.15423076923076923
CCCCCCCCCCC[NH2+][O-],2.084,13,0.16030769230769232
COc1ccc(cc1)S(=O)(=O)N(CC2(C)C)[C@@H](C(=O)NO)[N@@H+](C2)C/C=C(/C)CCC(=O)[O-],2.66,32,0.083125
COc1ccc(nn1)N2CCN(CC2)[C@H](C[C@H](C)N3C(=O)C)c(c34)cc(cc4)-c5ccn[nH]5,4.493,33,0.13615151515151516
