SMILES,docking score,Heavy_Atoms,Ligand_Efficiency
CC(=O)NCCC(=O)c(c(c1)OC)cc(c12)c(nc(n2)C)N[C@H](C)c3cc(N)cc(C(F)(F)F)c3,-10.997,35,-0.3142
OC[C@@H](O)COC(=O)CCCCCCCCc1cccc(c1)NS(=O)(=O)c2c(F)cccc2F,-9.86,34,-0.29
C[NH2+]C[C@@H](O)CCCCCNC(=O)CCC(=O)NCCc1ccc(Cl)c(Cl)c1,-9.286,28,-0.33164285714285713
c1ccc(OC)c(c12)nc([nH]2)CCc3cccc(c3F)-c4c(C)nn(C)c4C,-8.912,28,-0.31828571428571434
CCNC(=O)[C@H]1O[C@H]([C@H](O)[C@@H]1O)c2cccc(C(=O)[O-])c2,-8.845,21,-0.4211904761904762
O=C1C=CCN1c2cccc(c2)NCCCCCc3ccccn3,-8.738,24,-0.3640833333333333
O=c1ccc(cn1C)C(=O)NCCCNC(=O)c2cc(c[nH]2)C(=O)c3c(Cl)cccc3Cl,-8.724,32,-0.272625
c1c[nH]c(=O)c(n12)c(C)cc2CCCNC(=O)c3ccc(S(=O)=O)cc3,-8.572,26,-0.3296923076923077
O=C1C=CCN1c2cccc(c2)Nc3cc(Cl)ccc3O,-8.521,21,-0.4057619047619048
NC(=[NH2+])N(CC1)CCC1n(nnc2C)c2-c3cccc(n3)-c4ccccc4CO,-8.446,29,-0.29124137931034483
OC[C@@H](O)C(=O)c1ccc(B(O)O)cc1,-8.384,15,-0.5589333333333334
Cc1ccccc1CC(=O)Nc2cc(C)c(c(C)c2)S(=O)(=O)NCC(=O)[C@@H](CO)C(C)C,-8.336,32,-0.2605
Cc1c(C#N)cccc1[C@@H](C)Nc(nnc2C)c(c23)cc(nc3)-c4cc(Cl)c[nH]c4=O,-8.329,31,-0.26867741935483874
COc(cc1)cc(c12)[nH]c(n2)CCc3c(Cl)cccc3Cl,-8.294,21,-0.394952380952381
c1ccccc1Cn2cc(ccc2=O)NCC[C@H](CC3)c(c34)c5c(cc4)OCC5,-8.289,29,-0.2858275862068965
n1cccc(c12)c(c(C)cc2)[C@@H]3OC[C@@H](O)[C@H]3O,-8.265,18,-0.4591666666666667
OC[C@H](O)COP(=O)([O-])OC[C@H](OC(=O)C)COCc1ccccc1-c2ccccc2,-8.248,31,-0.26606451612903226
C1CC1Oc2ccc(cc2OC)C(=O)NNCc3cccc(c3)C(=O)N,-8.166,26,-0.3140769230769231
CN(C)C(=O)c1cccc(c1)CCC(=O)NC2CC2,-8.163,19,-0.4296315789473684
CCC[NH2+]CC[C@H](NC(=O)[C@H](O)[C@H](C)[NH3+])Cc1ccccc1,-8.156,22,-0.37072727272727274
COc(c1)c(OC)cc(c12)c(nc(n2)C)N[C@H](C)c3cccc(c3)-n4nccn4,-8.122,29,-0.28006896551724136
c1ncccc1COc2ccc(cc2C[NH3+])C(=O)CCC(=O)NCCc3ccc(Cl)c(Cl)c3,-8.074,33,-0.24466666666666667
FC(F)(F)c1cccc(c1C)[C@@H](C)Nc(nnc2C)c(c23)cc(cc3)CC(=O)N,-8.069,29,-0.27824137931034487
FC(F)(F)c1cccc(c1C)[C@@H](C)Nc(n[nH+]c2C)c(c23)cc(cc3)N4CC[NH+](CC4)C5COC5,-8.063,35,-0.2303714285714286
OCCOCCOCCOCCOCCCc(c(F)cc1)c(c12)CCO2,-8.0,26,-0.3076923076923077
[NH3+]CCNC(=O)[C@H]1O[C@H]([C@H](O)[C@@H]1O)c(cc2)cc(c23)[C@@](O)(CC3)c4ccccc4,-7.969,29,-0.2747931034482759
C[NH2+]Cc1ccc(cc1)-c2cc(C(=O)NC3CC3)cc(n2)Cc4ccccc4,-7.951,28,-0.2839642857142857
Cc1ccc(cc1C)[C@@H]2O[C@@H]([C@@H](O)[C@H]2O)C(=O)NCC[NH3+],-7.937,21,-0.377952380952381
Cc1c(C#N)cccc1[C@@H](C)Nc(nnc2C)c(c23)cc(nc3)[C@@H]4CCC[NH2+]C4,-7.935,29,-0.2736206896551724
C[NH2+]Cc1cc(nn1C)-c2ccnc(n2)Nc3ccc(C)c(C)c3,-7.934,24,-0.33058333333333334
o1nc(C)c(c12)cc(c(c2)NC)NN3C[C@H](O)C[C@H]3C(=O)NCc4ccc(cc4)[C@@H]5C(C)=NCS5,-7.908,35,-0.22594285714285714
Cc1c(C#N)cccc1[C@@H](C)Nc(nnc2C)c(c23)cc(nc3)N4CCCC4,-7.883,28,-0.2815357142857143
Cc1noc(c12)cc(NC)c(c2)C[C@@H](OCC)CSc3ccc(c(C)c3)OCC(=O)[O-],-7.862,31,-0.25361290322580643
O=C([O-])[C@@H]([NH3+])CC[S+](C)C[C@H]1O[C@H]([C@H](O)[C@@H]1O)c2ccncc2F,-7.862,24,-0.32758333333333334
COc(cc1)cc(c12)[nH]c(n2)CCc3cc(Cl)c[nH]c3=O,-7.851,21,-0.37385714285714283
Cc1nn(C)c(C)c1N[C@@H](CCCC[NH3+])C(=O)NCCC2CCCCC2,-7.836,26,-0.3013846153846154
COCCc1ccc(cc1Cl)C[NH2+]CCCNC(=O)CC(=O)OC,-7.826,24,-0.32608333333333334
Cc1ccc(C(C)C)cc1Oc2nccc(n2)CCC[N+](C)(CCO)CCO,-7.813,28,-0.2790357142857143
O=C([O-])CCCCCNC(=O)CCC(=O)NCCc1ccc(Cl)c(Cl)c1,-7.791,26,-0.29965384615384616
C1CC1Oc2ccc(cc2OC)C(=O)NNC(=O)c3cc(C(C)(C)[NH3+])cc(n3)C(=O)C4CC4,-7.787,33,-0.23596969696969697
Cc1noc(C)c1[C@@H]2O[C@@H]([C@@H](O)[C@H]2O)C(=O)NCCO,-7.768,20,-0.38839999999999997
C1COCCN1c2nccn(c23)c(c(n3)C)-c4cnn(c4)Cc5ccccc5CO,-7.762,30,-0.2587333333333333
CN(C)C(=O)c1cccc(c1)NCCOc2ccc(cc2)C[C@@H]3SC(=O)[N-]C3=O,-7.737,29,-0.2667931034482759
Cc1cc(C)cc(c1)Oc2cccc(n2)CCC(=O)NCCC(=O)Nc3cccc(C(=O)[O-])c3,-7.709,34,-0.22673529411764703
OC[C@@H](O)C(=O)OCCCCCCCCCc1cc(ccc1Cl)OCc(n[nH]2)c(c23)cccn3,-7.701,34,-0.22649999999999998
c1ccccc1C[C@@H](NC(=O)[C@H](O)[C@H](C)[NH3+])CCc(cc(n2)N)c(c23)ccc(Br)c3O,-7.701,31,-0.24841935483870967
Cc1ccc(cc1)N[C@@H](CO)C(=O)N[C@@H](CCCC[NH3+])C(=O)NCCC2CCCCC2,-7.7,31,-0.24838709677419354
Cn1c(C#N)ccc1CCCCNC(=O)CCC(=O)NCCc2ccc(Cl)c(Cl)c2,-7.689,30,-0.25630000000000003
CC(=O)NCCC(=O)c(c(c1)OC)cc(c12)c(nc([nH+]2)C)N[C@H](C)c3cc(N)cc(C(F)(F)F)c3,-7.684,35,-0.21954285714285715
COc(c1)c(OC)cc(c12)c(nc(n2)C)N[C@H](C)c3cc(cs3)CCCC[NH3+],-7.638,28,-0.2727857142857143
N#CCCNc1cccc(c1)-c2csc(=O)[nH]2,-7.634,17,-0.4490588235294118
Cc1ccc(cc1C)Nc2nccc(n2)-c3ccc(C[NH3+])cc3Cl,-7.631,24,-0.31795833333333334
c1[nH]ncc1-c2ccc(cc2C)C[NH2+]CCc(n3)[nH]c(c34)cccc4,-7.628,25,-0.30512
O=C([O-])c(c1)cccc1-c(cc2C)cc(n2)C(=O)NCc3ccc(F)cc3,-7.624,27,-0.2823703703703704
COc1nc(N(C)C)ncc1S(=O)(=O)c2c(C)cc(cc2C)NC(=O)Cc3ccccc3C,-7.617,33,-0.2308181818181818
CCN(C1=O)c2ccc(c(c2c13)ccc3)COCCO,-7.589,20,-0.37945
CCN(C1=O)c2ccc(c(c2c13)ccc3)Nc4cccc(c4)N5CCCC5=O,-7.567,28,-0.27025
FC(F)(F)c1cccc(c1C)[C@@H](C)Nc([nH+]nc2C)c(c23)cc(cc3)CC(=O)N,-7.564,29,-0.26082758620689656
Fc1cc(F)ccc1NC(=O)NCCCCc2ccccc2,-7.564,22,-0.3438181818181818
Cc1ccccc1CC(=O)Nc2cc(C)c(c(C)c2)S(=O)(=O)C(=O)Cc3ccc(F)cc3,-7.545,32,-0.23578125
c1cc(F)ccc1-c(c2)nc(cc2C(C)(C)[NH3+])C(=O)NNCCn3ccc(=O)[nH]c3=O,-7.541,31,-0.24325806451612905
Clc(c1)c(Cl)ccc1CCNC(=O)CCC(=O)c(cc2)nc(c23)sc(n3)NC(=O)C4CC4,-7.523,32,-0.23509375
c1cccc(c12)c(c[nH]2)CCC(=O)c(n3)cc(cc3C)-c4ncn(n4)C[C@H]5CC[C@H](C(=O)[O-])CC5,-7.509,35,-0.21454285714285715
Cc1nc(C[NH+](C)C)ccc1-c(c(c23)c(=O)[nH]nc3)cnc2Nc4cccc(c4)N5CCCC5=O,-7.502,35,-0.21434285714285714
c1ccccc1C[C@@H](NC(=O)[C@H](O)[C@H](C)[NH3+])CCc2cc(Cl)ccc2O,-7.501,26,-0.28850000000000003
Oc1c(C)cc(cc1C)CCc(n2)[nH]c(c23)cccc3,-7.489,20,-0.37445
CC(C)CCNc1cc(F)c(c(F)c1)NC(=O)Nc2cncs2,-7.48,23,-0.32521739130434785
O=C1C=CCN1c2cccc(c2)NC(=N3)CSc(c34)cccc4,-7.478,23,-0.32513043478260867
Cn(c1)c(=O)ccc1-c(cn2C)c(n2)COc3ccc(cc3)-c4ccc(cc4Cl)C[NH2+]CCCO,-7.459,35,-0.2131142857142857
Cn1cc[nH+]c1C(=O)c(o2)c(C)c(c23)c(ccc3)OCCCCCc4ccc(cn4)[C@H](C)O,-7.454,33,-0.22587878787878787
Cc1cc(C)cc(c1)Oc2nccc(n2)-c3c(NCC[NH3+])ncn3[C@H]4CCN(C4)CC[NH3+],-7.45,32,-0.2328125
CCNC(=O)[C@H]1O[C@H]([C@H](O)[C@@H]1O)c2ccc(cc2)C[NH2+]C,-7.446,21,-0.35457142857142854
COC1=C(OC)C(=O)C(=C(C)C1=O)CCCCc(c[nH]2)c(c23)cccc3,-7.443,26,-0.2862692307692308
[NH3+]CCc1ccc(cc1)-c2csc(n2)NC(=O)Cc3ccc(F)cc3,-7.438,25,-0.29752
c1ccccc1CCCCNC(=O)Nc2cccc(c2)N3CC=CC3=O,-7.433,26,-0.2858846153846154
FC(F)(F)c1cccc(c1C)[C@@H](C)Nc(n[nH+]c2C)c(c23)cc(cc3)CC(=O)N,-7.431,29,-0.25624137931034485
COc(c1)c(OC)cc(c12)c(nc([nH+]2)C)N[C@H](C)c3cccc(c3)-n4nccn4,-7.428,29,-0.25613793103448274
O=C([O-])C(=O)CC(=O)c1ccc(cc1)C(=O)NCc2ccccc2,-7.422,24,-0.30924999999999997
COc1cccc(c1)OCC(=O)Nc2ccc(cc2)C(=O)c(c3)n(CC(=O)[O-])c(c34)ccc(c4)OC,-7.418,36,-0.20605555555555555
N#Cc(c1Cl)ccc(c1C)CC[C@H](NC(=O)[C@H](O)[C@H](C)[NH3+])Cc2ccccc2,-7.418,28,-0.26492857142857146
c1cc(Br)ccc1[C@@H](C)NC(=O)c2ccc(S(=O)=O)cc2,-7.399,21,-0.35233333333333333
Cc1cc(C)cc(c1)Oc2nccc(n2)-c3c(CC(C)C)ncn3[C@H]4CCN(C4)CC[NH3+],-7.379,32,-0.23059375
C[C@H]([NH3+])[C@@H](O)C(=O)c1ccc(F)c(Cl)c1,-7.378,15,-0.4918666666666667
COc1cccc(c1)OCC(=O)Nc2ccc(cc2)OC(C)C,-7.375,23,-0.32065217391304346
Cc1cccc(c1)CC(=O)[C@H]2O[C@H](CO)[C@@H](O)[C@H](O)[C@H]2O,-7.358,21,-0.35038095238095235
o1nc(C)c(c12)cc(c(c2)OC)[C@H](C)c3cccc(c3)-c4cn[nH]c4,-7.355,25,-0.2942
C1C[C@@H](O)CC[C@@H]1n(n2)cnc2-c(cc3C)cc(n3)C(=O)NCc4ccc(F)cc4,-7.352,30,-0.24506666666666668
OC[C@@H](O)COCc1cc(O)cc(O)c1,-7.352,15,-0.49013333333333337
Cc1noc(C)c1-c2ccc(=O)n(c2)Nc3ccccc3F,-7.344,22,-0.33381818181818185
CC(O1)(C)C(=O)Nc(c12)ccc(c2)NCC[C@H](CC3)c(c34)c5c(cc4)OCC5,-7.342,28,-0.2622142857142857
Cc1c(C#N)cccc1[C@@H](C)Nc(n[nH+]c2C)c(c23)cc(nc3)N4CCCC4,-7.333,28,-0.26189285714285715
Fc(c1)cccc1OCC(=O)Nc2nc(cs2)NC3=[NH+]NCS3,-7.332,23,-0.31878260869565217
NC(=O)c1ncc(cn1)CCCCCCCCCOC(=O)[C@H](O)CO,-7.331,25,-0.29324
C1CC1NC(=O)c2ccc(s2)CCOCCOCCOCCO,-7.316,23,-0.31808695652173913
Cc1cccc(c1)CC(=O)CCOCCOCCOCCOCCOCCO,-7.309,28,-0.2610357142857143
N#Cc(cc1)cc(c12)cc(F)cc2CCC(=O)NC3CC3,-7.309,21,-0.34804761904761905
Oc1c(C)cc(cc1C)C(=O)[C@@H](N)CO,-7.302,15,-0.48679999999999995
[nH]1ccnc1CCc(c(c23)ccc(Cl)c3)c([nH]2)C(=O)NCCN4CCOCC4,-7.293,28,-0.2604642857142857
Cc1ccc(c(C)c1)NC(=O)CCC(=O)NCCc2ccc(Cl)c(Cl)c2,-7.291,26,-0.28042307692307694
NC(=O)c1ncc(cn1)C[C@H](O)[C@H]([NH3+])CO,-7.29,16,-0.455625
CCOC(=O)CCNc1cccc(c1)[C@@H](C)Nc(nc(n2)C)c(c23)cc(OC)c(c3)OC,-7.29,32,-0.2278125
CCCNC(=O)[C@H]1O[C@H]([C@H](O)[C@@H]1O)CC/C=C/C/C=C/C=C/[C@H](O)CCCC(=O)[O-],-7.283,30,-0.2427666666666667
CC[C@@H](CO)CCNC(=O)CCCC[C@@H]1CCSS1,-7.275,19,-0.3828947368421053
Fc(c1)cccc1OCC(=O)Nc2nc(cs2)-c3cc(Cl)ccc3O,-7.269,25,-0.29076
O=C(C1)NC[C@@H]1[C@@H](C)Oc(c(c23)cccn3)cc(c2)[C@H](CO)Cc(c[nH]4)c(c45)cccc5,-7.269,32,-0.22715625
C1COCCN1c(ncn2)c(c23)cc(c(c3)OC)-c4cc(C)nc(c4)C(=O)NCc5ccc(F)cc5,-7.267,36,-0.20186111111111113
FC(F)(F)c1cccc(c1C)[C@@H](C)Nc([nH+]nc2C)c(c23)cc(cc3)N4CC[NH+](CC4)C5COC5,-7.26,35,-0.20742857142857143
COc1ccc(cc1OC)CCc([nH]2)nc(c23)c([N+](=O)[O-])ccc3,-7.257,24,-0.302375
O=c1ccc(cn1C)CCOCCOCCOCCOCCOCCO,-7.256,26,-0.2790769230769231
Fc(c1)cccc1OCC(=O)Nc2nc(cs2)-c3cccc(c3)N4CC=CC4=O,-7.239,29,-0.24962068965517242
CC(C)NC(=O)N[C@@H](CCCC[NH3+])C(=O)NCCC1CCCCC1,-7.232,24,-0.30133333333333334
c1ccc([N+](=O)[O-])c(c12)nc([nH]2)CC[N@H+]3CC[C@H](O)CC3,-7.229,21,-0.34423809523809523
COc1ccc(c(C(F)(F)F)c1)C[NH2+][C@@H]2O[C@@H]([C@@H](O)[C@H]2O)C(=O)NCCO,-7.225,27,-0.2675925925925926
NS(=O)(=O)c1ccc(cc1)-c2csc(n2)NC(=O)COc3cccc(F)c3,-7.225,27,-0.2675925925925926
COC1=C(OC)C(=O)C(=C(C)C1=O)CCC[C@@H](O)c2cccc(Cl)c2,-7.221,25,-0.28884
COc(c1)c(OC)cc(c12)c(nc([nH+]2)C)N[C@H](C)c3cc(cs3)CCCC[NH3+],-7.221,28,-0.25789285714285715
CC(=O)N1CCC(CC1)Cc2c(cc[nH]c2=O)NC[C@@H](O)c3cccc(Cl)c3,-7.216,28,-0.25771428571428573
COc1ccc(c(C(F)(F)F)c1)CN[C@@H]2O[C@@H]([C@@H](O)[C@H]2O)C(=O)NCCO,-7.215,27,-0.2672222222222222
[NH3+]CCc1ccc(cc1)NCc2ccc(C(=O)[O-])cc2,-7.21,20,-0.3605
C=CC1=C(C)/C(NC1=O)=C/c2[nH]c(c(c2C)CCC(=O)[O-])Cc3ccccc3CO,-7.21,30,-0.24033333333333334
o1nc(C)c(c12)cc(c(c2)OC)NNCCCNC(=O)c3ccc(=O)n(C)c3,-7.198,28,-0.25707142857142856
Cc1ccccc1CC(=O)Nc2cc(C)c(c(C)c2)S(=O)(=O)NCC(=O)C3CCCCC3,-7.195,32,-0.22484375
Cc1cncc(c1)C[C@H]2O[C@H]([C@H](O)[C@@H]2O)n(cn3)c(c34)ncnc4N,-7.192,25,-0.28768
c1cc(F)ccc1CC(=O)Nc2nc(cs2)-c3ccccc3O,-7.183,23,-0.31230434782608696
o1nc(C)c(c12)cc(c(c2)NC)NNCc3ccc(C(=O)[O-])cc3,-7.179,24,-0.29912500000000003
FC(F)(F)c1cccc(c1C)[C@@H](C)c2[nH]nc(C#N)c2C,-7.177,21,-0.34176190476190477
c1cccc(c12)c(c[nH]2)C[C@H](N)C(=O)NC3CCN(CC3)C(=O)NCCCCc4ccccc4,-7.173,34,-0.21097058823529413
OCc1ccccc1CN(C[C@H](C2CC2)N3C(=O)OC)c(c34)cc(cc4)C5=CC[NH2+]CC5,-7.168,32,-0.224
COCCCNc1cccc(c1)NS(=O)(=O)c2c(F)cccc2F,-7.151,24,-0.2979583333333333
c1cc(C)cc(c12)[nH]c(n2)CCn3ccc(O)c(C(=O)[O-])c3=O,-7.15,23,-0.31086956521739134
FC(F)(F)c(c1)cc(N)cc1[C@@H](C)[NH2+]CCOc2ccc(cc2)C[C@@H]3SC(=O)[N-]C3=O,-7.142,31,-0.23038709677419356
C[C@H]1C[NH2+]CCCN1[C@@H]2O[C@@H]([C@@H](O)[C@H]2O)C[S+](C)CC[C@H]([NH3+])C(=O)[O-],-7.141,25,-0.28564
Fc1cccc(F)c1S(=O)(=O)Nc2cccc(c2)C(=N3)CSc(c34)cccc4,-7.141,28,-0.2550357142857143
CC(=O)NCCC(=O)Nc(c(n12)nnc2C)cc(n1)CC(=O)c3ccccc3,-7.141,28,-0.2550357142857143
O=C1CCCN1c2cccc(c2)NNc(cc3)cc(c34)c(c[nH]4)C5CC[NH2+]CC5,-7.14,29,-0.24620689655172412
O=C([O-])CCC(\C)=C/Cc1ccc(cc1)C(=O)NCc2ccccc2,-7.135,25,-0.2854
Cc1ccc(Cl)cc1NCCCNC(=O)c2ccc(=O)n(C)c2,-7.134,23,-0.3101739130434783
CCCCCC(=O)N[C@@H](CO)[C@H](O)CNc1ccccc1F,-7.133,22,-0.32422727272727275
COc1cc(cc(c1)OC)N[C@H](C)c2cccc(C(F)(F)F)c2,-7.132,23,-0.3100869565217391
COc(c1)c(OC)cc(c12)c(nc(n2)C)N[C@H](C)c3ccc(s3)CCCC(=O)[O-],-7.131,29,-0.24589655172413794
O=C([O-])COc1ccc(cc1C)SCc2sc(nc2C)C[C@H](O)[C@H]([NH3+])CO,-7.125,27,-0.2638888888888889
COc(cc1)cc(c12)[nH]c(n2)CCC(=O)[C@H](C(C)C)c3cc(C)no3,-7.124,25,-0.28496
O1CCC[C@@H]1CCC(=O)Nc2nc(cs2)-c3ccccn3,-7.117,21,-0.33890476190476193
Cc1cncc(c1)-c(c(c23)cc(C)c(=O)[nH]3)cnc2Nc4ccc(Cl)cc4,-7.112,27,-0.2634074074074074
Cc1cc(C)cc(c1)Oc2nccc(n2)-c3c(NCC[NH3+])ncn3[C@H]4CC[N@H+](C4)CC[NH3+],-7.103,32,-0.22196875
Fc1ccc(CO)cc1-c2c(cc[nH]c2=O)NC[C@@H](O)c3cccc(Cl)c3,-7.101,27,-0.263
CC1=NCS[C@@H]1c2ccc(cc2)CNC(=O)Cc3cccc(C)c3,-7.099,24,-0.2957916666666667
Fc1cccc(F)c1S(=O)(=O)Nc2cccc(c2)Nc3ccccc3F,-7.096,26,-0.27292307692307693
CC(C)OCc(c1)[nH]c(c12)cccc2Cl,-7.093,15,-0.47286666666666666
[nH+]1ccc(OC)c(c12)cc(cc2)[C@H](C)c3cc(N)cc(C(F)(F)F)c3,-7.091,25,-0.28364
c1ccccc1C[C@@H](NC(=O)[C@H](O)[C@H](C)[NH3+])CCc2ccc(F)c(F)c2F,-7.088,27,-0.26251851851851854
n1cnc(N)c(c12)ncn2Cc(c3)[nH]c(c34)cccc4Cl,-7.086,21,-0.33742857142857147
C[NH2+]Cc1cccc(c1)CNc(cc2)cc(c23)c(c[nH]3)C4CC[NH2+]CC4,-7.08,26,-0.2723076923076923
o1cccc1CNC(=S)NCCOc2ccc(Cl)cc2Cl,-7.078,21,-0.33704761904761904
CO[C@@H](C)Cc(c[nH]1)c(c12)ccc(c2)C(F)(F)F,-7.074,18,-0.393
Cc1ccc(cc1C)Nc2nccc(n2)-c(cc3)cc(c34)N(C5CC5)[C@@H](C)C(=O)N4C,-7.071,31,-0.22809677419354837
Clc(c1)cccc1CNc2nc(OC)nc(c23)ccc(c3)-c4ccc(=O)n(C)c4,-7.068,29,-0.24372413793103448
c1cccc(c12)c(ccc2)[C@@H](C)CCOCCO,-7.055,18,-0.39194444444444443
O=S(=O)c(cc1)ccc1C(=O)NCCCc2ccc(Cl)cc2,-7.047,22,-0.3203181818181818
Nc1cc(cc[nH+]1)CCc(n2)[nH]c(c23)cccc3,-7.045,18,-0.3913888888888889
Cc1nc([N+](=O)[O-])cn1-c2ccc(O)c(O)c2,-7.045,17,-0.41441176470588237
c1ccccc1C[C@@H](NC(=O)[C@H](O)[C@H](C)[NH3+])CCc(cc(n2)N)c(c23)ccc(Br)c3[O-],-7.038,31,-0.22703225806451613
CCCCCCCCCCCCO[C@H]1O[C@H](CO)[C@H]([C@H](O)[C@H]1O)CCCO,-7.033,27,-0.2604814814814815
OCCOCOCc1cc(on1)CCCCCCc2ccco2,-7.03,23,-0.3056521739130435
Clc(c1)cccc1C(=O)NCc2ccccc2,-7.028,17,-0.4134117647058823
n1ccccc1Cc(cc2C)cc(n2)C(=O)NCc3ccc(F)cc3,-7.009,25,-0.28036
Fc(c1)cccc1OCC(=O)Nc2nc(cs2)C(=O)c3cc(Cl)ccc3OC4CC[NH2+]CC4,-7.008,33,-0.21236363636363637
c1cnccc1NC(=O)[C@H](C(C)C)NN[C@@H](CCCC[NH3+])C(=O)NCCC2CCCCC2,-6.995,32,-0.21859375
c1ccccc1[C@H](C)c(c2)nc(cc2C(=O)NCC)-c3n[nH]cc3-c4ccncc4,-6.993,30,-0.2331
COc1cccc(c1)C/C(N)=[NH+]\C(=O)c2cc(Cl)ccc2C(=O)CCC(=O)[O-],-6.993,28,-0.24975
Cc1ncsc1[C@H]2O[C@H](CO)[C@@H](O)[C@H](O)[C@H]2O,-6.992,17,-0.4112941176470588
c1ccccc1C[C@@H](NC(=O)[C@H](O)[C@H](C)[NH3+])CCC(=O)CCC(=O)[O-],-6.985,25,-0.27940000000000004
O[C@@H]1[C@H](O)[C@@H](CO)O[C@H]1[C@H](C)c2c(Cl)ccc(F)c2Cl,-6.982,20,-0.3491
C[NH2+]C[C@@H](O)COc1ccc(Cl)c(c1)CCCNC(=O)c2ccc(S(=O)=O)cc2,-6.976,29,-0.24055172413793102
o1c(N)nc(c12)cc(C)cc2Nc3cccc(c3)-c4csc(=O)[nH]4,-6.971,24,-0.2904583333333333
C[C@H]1COCCN1c(cc2C)cc(n2)C(=O)NCc3ccc(F)cc3,-6.971,25,-0.27884
FC(F)(F)c1cccc(c1C)[C@@H](C)Nc(n[nH+]c2C)c(c23)cc(cc3)N4CCN(CC4)C5COC5,-6.971,35,-0.19917142857142858
Cn1cc(cn1)-c2c[nH+]c(N)c(c2)NCC[C@H](CC3)c(c34)c5c(cc4)OCC5,-6.967,28,-0.24882142857142855
Cc1cc(on1)[C@@H](C(C)C)C(=O)n2cnc(n2)-c3cc(C)nc(c3)C(=O)NCc4ccc(F)cc4,-6.963,35,-0.19894285714285714
CCCn(c1=O)c(=O)n(CCC)c(c12)nc([nH]2)CCC[N+](C)(CCO)CCO,-6.963,28,-0.24867857142857144
CCCCCCC(=O)c1cccc(c1)C(=O)NCc2ccc(C(=O)[O-])cc2,-6.957,27,-0.25766666666666665
O=c([nH]1)c(Cl)ccc1CC(=O)c2[nH]ncc2-c3ccncc3,-6.953,22,-0.3160454545454546
s1cncc1Nc(cc2C)cc(n2)C(=O)NCc3ccc(F)cc3,-6.949,24,-0.28954166666666664
Cc1nn(C)c(C)c1NS(=O)(=O)c2ccc(nc2)NCCc3ccc(Cl)c(Cl)c3,-6.939,29,-0.2392758620689655
FC(F)(F)c1ncc(c(c12)C[C@@H](F)[C@H]2O)C(=O)c3cc(F)ccc3O,-6.934,25,-0.27736
OCCOCOCc1cc(on1)CCCCCCCc(c[nH]2)c(c23)cccc3,-6.927,28,-0.24739285714285714
COc1cccc(c1)OCC(=O)Nc2ccc(cc2)C(=O)c(c3)oc(c34)cccc4,-6.926,30,-0.23086666666666666
CC[C@@H](CO)[C@H](C)c(ccc1)c(c12)cccc2,-6.926,17,-0.40741176470588236
Cc1nc([N+](=O)[O-])cn1C(=O)CCC(=O)NCCc2ccc(Cl)c(Cl)c2,-6.919,26,-0.2661153846153846
CCOC(=O)c1cnn(C)c1C(=O)c2cccc(c2)C(=O)NCc3ccc(C(=O)[O-])cc3,-6.916,32,-0.216125
CSc1ccc(cc1)C(=O)Cc(nc(c23)cccc3)nc2NCc4ccco4,-6.905,28,-0.24660714285714286
Cc1ncsc1-c2ccc(cc2)CNC(=O)[C@@H]3C[C@@H](O)CN3NC4CCCCC4,-6.904,29,-0.23806896551724138
O[C@@H]1CCC[C@@H](O)[C@H]1[C@H](O)c(ccc2S(=O)(=O)C)c(Cl)c2N3CCC[NH2+]CC3,-6.903,28,-0.24653571428571427
CC(=O)NCCC(=O)CCc(n1)[nH]c(c12)cc(Cl)c(Cl)c2,-6.901,21,-0.3286190476190476
COc1cccc(c1)-c2ccc(c(F)c2)Nc3cccc(c3)CC(=O)[O-],-6.897,26,-0.26526923076923076
NC(=O)Cc1cccc(c1)NS(=O)(=O)c2cccc(Br)c2,-6.896,21,-0.3283809523809524
CCCCCCC(=O)[C@@H]1O[C@@H]([C@@H](O)[C@H]1O)C[S+](C)CC[C@H]([NH3+])C(=O)[O-],-6.892,25,-0.27568000000000004
CCS(=O)(=O)CCNC(=O)CCCC[C@@H]1CCSS1,-6.891,19,-0.3626842105263158
Nc(c1)cccc1[C@@H](C)CCCCCc2cc(no2)COCOCCO,-6.883,26,-0.2647307692307692
O=C(C1)NC[C@@H]1[C@@H](C)c2ccc(N)nc2,-6.881,15,-0.4587333333333333
COCCCNNc1cccc(c1)N2CC=CC2=O,-6.878,19,-0.362
Cn(c1)c(=O)ccc1-c(cn2C)c(n2)COc3ccc(cc3)CC(C)(C)O,-6.875,27,-0.25462962962962965
O=C([O-])c1ccc(cc1)CNC(=O)c2cccc(c2)-c3nnn(n3)N4CCCOC4=O,-6.873,31,-0.22170967741935485
FC(F)(F)c1cccc(c1C)[C@@H](C)Nc(nnc2C)c(c23)cc(cc3)N4CC[NH+](CC4)C5COC5,-6.871,35,-0.19631428571428572
n1c[nH]c(=O)c(c12)ncn2C[C@@H](O)c3cccc(Cl)c3,-6.871,20,-0.34355
C1CCCC1n(c(c2)C(=O)N(C)C)c(c23)nc(nc3)Nc4ccc(cc4)CCCO,-6.869,30,-0.22896666666666665
N#Cc1ccc(cc1)CCc(n2)[nH]c(c23)cccc3,-6.869,19,-0.3615263157894737
N#Cc1ccc(cc1)Nc2nccc(n2)-n3cncn3,-6.869,20,-0.34345
Cc1ccccc1CC(=O)C/C=C/[C@@H](O)CCCCCCCC(=O)[O-],-6.867,25,-0.27468
o1cccc1C(=O)CCC(=O)NCCC(=O)Nc2cccc(C(=O)[O-])c2,-6.867,26,-0.26411538461538464
CC(=O)NCCC[C@H](C)c(ccc1)c(c12)cccc2,-6.866,19,-0.36136842105263156
O=C([O-])c1ccc(cc1)CNC(=O)c2cccc(c2)-c3ccc(cc3)C(=O)NCc4ccccc4,-6.865,35,-0.19614285714285715
CCc1cccc(C)c1NCCNC(=O)CCCC[C@@H]2CCSS2,-6.863,24,-0.28595833333333337
OCCOCCOCCOCCOCCOCC[NH2+]Cc1ccccn1,-6.86,26,-0.26384615384615384
Cc1cc(no1)[C@@H](C)NC(=O)c2[nH]cc(c2C)-c3ccc(Cl)cc3,-6.859,24,-0.28579166666666667
O=C([O-])CCC[C@@H](O)/C=C/C=C/CC[C@H](CO)Cc(c[nH]1)c(c12)cccc2,-6.856,27,-0.25392592592592594
O=C1CC=CN1C(=O)C(=O)/C=C(\[O-])NCCCc2cccc(c2)Oc3ccccc3,-6.856,30,-0.22853333333333334
CCNC(=O)[C@H]1O[C@H]([C@H](O)[C@@H]1O)N(C2=O)C(=O)N([C@H]23)CC[C@H]3O,-6.851,23,-0.29786956521739133
COC(=O)c1ccc(c(Cl)c1)CNc(c2)c(OC)cc(c23)onc3C,-6.849,25,-0.27396
Cc1cc(C)cc(c1)Nc2cccc(n2)-c3cn[nH]c3,-6.846,20,-0.3423
C1COCCN1c(c2)ncc(c23)c(C)nnc3N[C@H](C)c4cccc(c4)S(=O)(=O)N,-6.845,30,-0.22816666666666666
C[C@H](O)COCC(CO)(CC[C@H](O)CO)COC[C@@H](C)O,-6.844,21,-0.3259047619047619
COc1ccc(c(C(F)(F)F)c1)CNc2cccc(c2)C(=O)NCc3ccc(C(=O)[O-])cc3,-6.843,33,-0.20736363636363636
Cn(c1)c(=O)ccc1-c(cn2C)c(n2)CN(CCO3)[C@@H]([C@H]34)CCC4,-6.843,24,-0.285125
CCNC(=O)[C@H]1O[C@H]([C@H](O)[C@@H]1O)c2cs/c([nH]2)=N/N=C/c3ccccc3C=O,-6.842,28,-0.24435714285714286
c1ccccc1[C@]2(C)COc(c23)c(C(=O)NC)cc(c3)C(=O)CCc4ncc[nH]4,-6.84,29,-0.23586206896551723
CC(C)(O)Cn(c1)ncc1-c2cc(nn(c23)c(C)nn3)-c4ccccc4Oc5ccccc5,-6.84,33,-0.20727272727272728
OC[C@@H](O)C(=O)OCCCCCCCCCS(=O)(=O)c(cc1)cc(c12)C[NH2+][C@H](C2)CO,-6.835,31,-0.22048387096774194
CCOC(=O)c(cc1)cc(c12)[C@@](O)(CC2)c3ccccc3,-6.834,21,-0.3254285714285714
CCCCCC(=O)NCc(n1)sc(c12)cc(OC)c(c2)OCCC[N+](C)(CCO)CCO,-6.833,32,-0.21353125
[NH3+]CCNC(=O)[C@H]1O[C@H]([C@H](O)[C@@H]1O)CCc2ccc[nH]2,-6.825,20,-0.34125
O1CCOc(c12)cc(cc2)Nc(cc3)cc(c34)c(c[nH]4)C5CC[NH2+]CC5,-6.82,26,-0.2623076923076923
O=C1NC(=O)[C@@H](S1)Cc2ccc(cc2)OCCNc3cc(Cl)ccc3O,-6.82,26,-0.2623076923076923
O=C([O-])c1ccc(cc1)CNS(=O)(=O)c2c(F)cccc2F,-6.814,22,-0.30972727272727274
CCNC(=O)c(c1)[nH]c(c12)c(=O)n(C)cc2CCCCCCCCC(=O)[O-],-6.812,27,-0.2522962962962963
CS(=O)(=O)c1ccc(c(Cl)c1CCO)[C@@H](O)[C@@H]2[C@H](O)CCC[C@H]2O,-6.809,24,-0.28370833333333334
OCCOc1c(C)cc(cc1C)Nc2cccc(Cl)c2Cl,-6.808,21,-0.3241904761904762
COc1ccc(cc1Cl)CCc([nH]2)[n+]([O-])c(c23)ccc(c3)-c4c(C)noc4C,-6.807,28,-0.24310714285714288
c1c[nH]c(c12)c(=O)n(C)cc2CCOCCOCCOCCO,-6.806,23,-0.29591304347826086
FC(F)(F)c1ccncc1C(=O)NCc2ccccn2,-6.805,20,-0.34025
c1cc(F)ccc1-c(c2)nc(cc2C(C)(C)[NH3+])C(=O)NCCCNC(=O)c3ccc(F)cc3,-6.804,33,-0.2061818181818182
Cc1noc(C)c1-c2ccc(=O)n(c2)N[C@@H](CCCC[NH3+])C(=O)NCCC3CCCCC3,-6.799,32,-0.21246875
c1cccc(n2)c1n(c23)C[C@H](C)N3c(cc4C)cc(n4)C(=O)NCc5ccc(F)cc5,-6.797,31,-0.21925806451612903
OCCOc1c(C)cc(cc1C)-c2c(S(=O)(=O)C)ccc(c2Cl)[C@@H](O)[C@@H]3[C@H](O)CCC[C@H]3O,-6.796,33,-0.20593939393939395
CC[C@H](C)[C@H](N)C(=O)NCCOCCOCCOCCOCCO,-6.793,24,-0.2830416666666667
[NH3+]CCCCCCCCCC(=O)N[C@@H](CO)C(=O)c1ccc(N)nc1,-6.777,25,-0.27108
CCCCC(=O)c(c(c12)c(=O)[nH]nc2)cnc1NCc(c(F)cc3)c(c34)CCO4,-6.773,29,-0.23355172413793102
COc1cccc(c1)-c2ccc(c(F)c2)NCc3cccc(c3)C(=O)N,-6.772,26,-0.26046153846153847
CC(=O)NCCC(=O)c1ccccc1F,-6.769,15,-0.45126666666666665
COc(c1)c(OC)cc(c12)c(nc([nH+]2)C)N[C@H](C)c3ccc(s3)CCCC(=O)[O-],-6.766,29,-0.2333103448275862
CC(=O)NCCC(=O)n1ccnc1C(=O)Nc(cc2)cc(c23)n(nn3)C,-6.766,26,-0.2602307692307692
CCCCn1cc(nn1)C[NH2+][C@H](C)c2cc(N)cc(C(F)(F)F)c2,-6.764,24,-0.2818333333333333
o1cccc1-c(cc2)ccc2C(=O)N(C(C)C)Cc3ccccc3COCCO,-6.763,29,-0.23320689655172414
COc1cccc(c1C(=O)OC)CCCCCCCC[NH2+]CCN,-6.763,24,-0.28179166666666666
O=c1ccc(cn1C)C(=O)c2ccn[nH]2,-6.761,15,-0.4507333333333333
C1CC1c(n2)cccc2[C@H](CC)c3cccc(c3)C(=O)N(C)C,-6.761,23,-0.29395652173913045
[NH2+]1CCCC[C@@H]1N(C)CCCCNC(=O)CCCC[C@@H]2CCSS2,-6.758,24,-0.28158333333333335
CC(C)ONc1ccc(F)cc1F,-6.753,13,-0.5194615384615384
C[NH2+]Cc1cc(nn1C)-c2cc(ncn2)Oc3ccc(OC)cc3,-6.75,24,-0.28125
COc1cc(OC)cc(c12)[nH]c(nc2=O)-c3c(cnn3C)-c(cc4)nn(c45)c(nn5)C,-6.749,31,-0.21770967741935482
Cc1ccccc1CC(=O)Nc2cc(C)c(c(C)c2)S(=O)(=O)N3CCSCC3,-6.747,28,-0.24096428571428571
C1CC1NC(=O)c2cc(Cc3ccccc3)nc(c2)-c4cccc(Cl)c4,-6.744,26,-0.2593846153846154
FC1(F)CC(C1)C(=S)NCc2ccco2,-6.741,15,-0.44939999999999997
Cc1cccc(c1C)Oc2nccc(n2)CCc([nH]3)nc(c34)c([N+](=O)[O-])ccc4,-6.739,29,-0.2323793103448276
CCNC(=O)[C@H]1O[C@@H](CCO)[C@H](O)[C@@H]1O,-6.736,15,-0.44906666666666667
Clc(c1)cccc1[C@H](O)CNc(cc[nH]c2=O)c2NC3CCN(CC3)c4cccc[nH+]4,-6.735,31,-0.21725806451612903
C[NH2+]C[C@@H](O)COc1ccc(Cl)c(c1)OC[C@H](O)CO,-6.735,20,-0.33675
o1cccc1CNC(=S)Cc(c2)oc(c23)cccc3,-6.73,19,-0.3542105263157895
[NH3+]CCNC(=O)Cc(cc1)cc(c12)OCCO2,-6.729,17,-0.3958235294117647
COc1ccc(c(C)c1)NNc(c2)c(O)cc(c23)onc3C,-6.729,22,-0.3058636363636364
O=c([nH]1)onc1C(=O)Cc(cs2)c(c23)cc(Cl)cc3,-6.728,19,-0.3541052631578947
Cc1ccccc1CC(=O)Nc2cc(C)c(c(C)c2)S(=O)(=O)CCN(C)C,-6.728,27,-0.24918518518518518
Cn1cccc1-c(nc(c23)n(cn2)C(C)C)nc3NCc4ccc(cc4)OCCO,-6.726,30,-0.2242
C1OCC[C@@H]1c2c(cc[nH]c2=O)NC[C@@H](O)c3cccc(Cl)c3,-6.725,23,-0.29239130434782606
c1ccccc1-c2onc(C[C@H](O)CO)c2C(=O)NCCOc3ccc(Cl)cc3Cl,-6.725,30,-0.22416666666666665
COc1cccc(c1)C/C(N)=N/n(cn2)c(c23)nc[nH]c3=O,-6.723,22,-0.3055909090909091
c1cccc(c12)nc(cc2)Cc(c(c34)c(=O)[nH]nc3)cnc4NCc(c(F)cc5)c(c56)CCO6,-6.722,34,-0.19770588235294118
Cc1nn(C)c(Cl)c1S(=O)(=O)NCc2ccc(cc2)C(=O)[C@H](O)[C@H](C)[NH3+],-6.721,26,-0.2585
Clc1cccc(c1)Nc(nc(c23)cccc3)nc2N(CC4)C[C@H]([N@H+]45)CCC5,-6.72,27,-0.24888888888888888
CCc(no1)c(c12)cc(c(c2)OC)NC/C=C/[C@@H](O)CCCCCCCC(=O)[O-],-6.716,29,-0.23158620689655174
Nc([nH+]1)cc(C)c(c12)ccc(c2)-c3ccc(c(c3)C[NH3+])NCCCNC(=O)c4ccc(=O)n(C)c4,-6.708,35,-0.19165714285714286
CC(=O)NCCC(=O)c1ccnc(n1)Oc2cc(C(C)C)ccc2C,-6.708,25,-0.26832
Cc1nn(C)c(C)c1NS(=O)(=O)c2ccc(nc2)NCCc3cccc(F)n3,-6.705,28,-0.2394642857142857
O[C@@H]1[C@@H](O)[C@@H](O)[C@@H](O[C@H]1C)Cc2ccco2,-6.704,16,-0.419
CCc(no1)c(c12)cc(c(c2)OC)C(=O)[C@@H](N)CC(=O)c3ccccc3N,-6.704,27,-0.2482962962962963
CC1=NCS[C@@H]1c2ccc(cc2)CNc3cnn(C)c3Oc4ccccc4,-6.697,27,-0.24803703703703703
C[NH2+]Cc1cc(nn1C)Cc(c[nH]2)c(c23)cc(C)cc3,-6.695,20,-0.33475
COc(c1)c(OC)cc(c12)c(nc(n2)C)CCc(n3)[nH]c(c34)cccc4OC,-6.691,28,-0.2389642857142857
Fc(c1)cccc1OCC(=O)CCCCNC(=O)CCC(=O)NCCc2ccc(Cl)c(Cl)c2,-6.691,33,-0.20275757575757575
n1cn(C(C)C)c(c12)nc(N[C@H](CC)CO)nc2NCc3ccc(cc3)-c4cnn(C)c4,-6.69,32,-0.2090625
COc1cccc(c1)OCC(=O)NCCOc2ccc(Cl)cc2Cl,-6.685,24,-0.27854166666666663
COc1cccc(c1)OCC(=O)CCc(n2)[nH]c(c23)cc(Cl)c(Cl)c3,-6.683,25,-0.26732
Nc1nc(SC)nc(c12)n(cn2)Nc3ccccc3F,-6.683,20,-0.33415
C1CC1S(=O)(=O)c(cs2)nc2NC(=O)COc3cccc(F)c3,-6.683,23,-0.29056521739130436
CC(C)C[C@H]([NH3+])C(=O)NC(=O)c1nccn1Cc2ccccc2,-6.682,23,-0.2905217391304348
Oc1ccc(cc1)CCCNc(n2)sc(c23)cccc3,-6.681,20,-0.33405
O=C1C=CCN1c2cccc(c2)Nc(ncn3)c(c34)cc[nH]4,-6.681,22,-0.30368181818181816
[NH3+]CCCC[C@H](C)c1cccc(C(F)(F)F)c1,-6.678,17,-0.3928235294117647
COCCO[C@H](C)c1cccc(C(F)(F)F)c1C,-6.676,18,-0.3708888888888889
N#Cc(c(Cl)c1)ccc1-c(nc(c23)n(cn2)C(C)C)nc3NCc4ccc(cc4)OCCO,-6.673,33,-0.2022121212121212
COc(c1)c(OC)cc(c12)C[N@H+](CC2)CCc3ccc(cc3)NC[C@H](O)CCCC(=O)[O-],-6.671,32,-0.20846875
C1CC(O)CCN1N[C@@H](C(C)C)C(=O)Nc2ccncc2,-6.671,21,-0.31766666666666665
CCCCCCC(=O)OC[C@H](COP(=O)([O-])OCC[NH3+])Cc1ccccc1C,-6.668,28,-0.23814285714285716
C/C=C/CCCCCCCC(=O)Nc1cc(C)c(c(C)c1)S(=O)(=O)NCC(=O)[O-],-6.667,29,-0.22989655172413792
COc1nc(N)nc(n1)-c(c(c23)ccc(Cl)c3)c([nH]2)C(=O)NCCN4CCOCC4,-6.667,30,-0.22223333333333334
s1cncc1COc2ccc(cc2C[NH3+])-c3cccc(c3)Cn4ccc(O)c(C(=O)[O-])c4=O,-6.665,33,-0.20196969696969697
Cc1ccc(cc1)[C@H](C)CCNS(=O)(=O)c(ccc2)c(c23)ccnc3,-6.664,25,-0.26655999999999996
CC/C=C/CC[C@@H]1O[C@@H]([C@@H](O)[C@H]1O)C[S+](C)CC[C@H]([NH3+])C(=O)[O-],-6.664,23,-0.2897391304347826
COc1ccc(cc1)Oc2cc(ncn2)N(C)CCc3ccccc3OCCO,-6.662,29,-0.22972413793103447
COc1ccc(nn1)-c(c(c23)c(=O)[nH]nc3)cnc2NCc(c(F)cc4)c(c45)CCO5,-6.661,31,-0.21487096774193548
C1CC1NC(=O)c2cc(Cc3ccccc3)nc(c2)N(C4=O)C(=O)N[C@]45C[C@H](C5)c6ccccc6,-6.66,35,-0.19028571428571428
O=C([O-])C/[NH+]=C/C(=O)CCCCc(n[nH]1)c(c12)cccn2,-6.657,21,-0.317
n1nc(C)n(c12)cc(cc2)-c3cc(C(=O)NC4CC4)cc(n3)Cc5ccccc5,-6.657,29,-0.22955172413793104
c1cccc(c12)c(c[nH]2)C[C@H]([NH3+])C(=O)NC3CCN(CC3)C(=O)NCCCCc4ccccc4,-6.657,34,-0.1957941176470588
c1ccccc1C[C@@H](C(=O)[O-])Cc(ccc2OCCC)cc2C[NH2+]Cc3cc(O)cc(O)c3,-6.656,33,-0.20169696969696968
C[NH+]1CCN(CC1)c(c2)[nH]c3c(ccc(c3c24)n(C)c4O)NCCOCCOCCO,-6.655,31,-0.21467741935483872
C[C@@H]1C[NH2+]CCCN1c(c(c23)c(=O)[nH]nc3)cnc2NCc(c(F)cc4)c(c45)CCO5,-6.653,31,-0.21461290322580645
Cc(n1)c(C)n(c12)nc(cc2)[C@@H]3OC[C@@H](O)[C@H]3O,-6.652,18,-0.3695555555555556
c1cccc(c12)c(N[C@H](C)C3CC3)nc(n2)Cc(c(F)cc4)c(c45)CCO5,-6.645,27,-0.24611111111111109
c1nccc(c12)c(C(=O)[O-])c(C)c(n2)N[C@H](C)c3ccc(Br)cc3,-6.645,24,-0.276875
C[C@@H](O)c1ccc(cc1)Cc2cc(ncn2)N(C)CCOc3ccc(cc3)C[C@@H]4SC(=O)NC4=O,-6.643,35,-0.1898
NC(=O)C[C@H](C)c(ccc1)c(c12)cccc2,-6.642,16,-0.415125
COC(=O)CCCCc1cs/c([nH]1)=N/N=C/c2ccccc2C=O,-6.639,24,-0.276625
CCCNC(=O)[C@H]1O[C@@H](C(N)=[NH2+])[C@H](O)[C@@H]1O,-6.637,16,-0.4148125
COc1cc(OC)cc(c12)nc([nH]c2=O)NCc3ccc(cc3)-c4scnc4C,-6.634,29,-0.2287586206896552
CCCCC/C=C/Cc(n1)[nH]c(c12)cc(cc2C)N3CCOCC3,-6.634,24,-0.2764166666666667
Cc1nnc(n12)c(NC)nc(c2)NCc3ccc(OC)cc3C(F)(F)F,-6.632,26,-0.2550769230769231
Cc1ccc(cc1)[C@H](C)Nc(cc2)cc(c23)N([C@H](C)C(=O)N3C)N[C@H]4[C@@H]([C@@H]45)COC5,-6.632,30,-0.22106666666666666
O=C1CCCN1c(c(c23)c(=O)[nH]nc3)cnc2NCc(c(F)cc4)c(c45)CCO5,-6.631,29,-0.2286551724137931
c1ccccc1[C@](O)(CC2)c(c23)cc(cc3)-c4ccc(F)c(F)c4F,-6.63,25,-0.2652
COc1ccc(c(C(F)(F)F)c1)CNN2CCCOC2=O,-6.63,21,-0.3157142857142857
FC(F)(F)c(c1)cc(N)cc1[C@@H](C)[NH2+]CCOc2ccc(cc2)C[C@@H]3SC(=O)NC3=O,-6.629,31,-0.21383870967741933
CC(C)C[C@H](N)C(=O)NC(=O)c1nccn1Cc2ccccc2,-6.629,23,-0.2882173913043478
Cc1nc(C[NH+](C)C)ccc1CCNS(=O)(=O)c(ccc2)c(c23)ccnc3,-6.628,27,-0.2454814814814815
C1C[C@H](C)Cc(c12)sc(c2C(=O)N)Nc(cc3)cc(c34)[C@@](O)(CC4)c5ccccc5,-6.627,30,-0.22089999999999999
o1nc(C)c(c12)cc(c(c2)OC)-n3cnc(n3)-c4cc(C)nc(c4)C(=O)NCc5ccc(F)cc5,-6.625,35,-0.18928571428571428
OCCOCOCc1cc(on1)CCCCCc2ccccc2Oc3ccccc3,-6.625,30,-0.22083333333333333
CCOc1ccc(C(=O)C)cc1CCCNC(=O)CC(=O)OC,-6.624,23,-0.288
CC(C)CCc1ccc(B(O)O)cc1,-6.623,14,-0.4730714285714286
Cc1cc(C)cc(c1)Nc2cccc(n2)C/C=C/[C@H](O)CCCC(=O)[O-],-6.62,26,-0.25461538461538463
COc1ccc(cc1OC)N(CC(=O)NC(C(C)C)C(C)C)CCc(n2)[nH]c(c23)cccc3OC,-6.617,35,-0.18905714285714287
Cc1ccccc1CC(=O)Nc2cc(C)c(c(C)c2)S(=O)(=O)N3CCC(CC3)[NH+]4CCN(C)CC4,-6.615,35,-0.189
NC(=O)c1ncc(cn1)C[C@H](O)[C@H](N)CO,-6.611,16,-0.4131875
COc1ccc(cc1)Oc2cc(ncn2)-c3[nH]ncc3-c4ccncc4,-6.61,26,-0.25423076923076926
CC(=O)NCCC[NH2+]Cc1ccc(c(Cl)c1)Nc2cccc(C(=O)[O-])c2,-6.609,26,-0.2541923076923077
COc1cccc(c1)C/C(N)=[NH+]\C(=O)c2ccc(cc2)-c3ccccc3F,-6.602,27,-0.24451851851851852
Cc1noc(C)c1-c2ccc(cc2)C(=O)NCCCCc3ccccc3,-6.601,26,-0.2538846153846154
CC(=O)NCCC[NH2+]Cc1ccc(c(Cl)c1)CC(=O)N,-6.6,20,-0.32999999999999996
Clc(c1)cncc1-n(cn2)c(c23)nc(N[C@H](CC)CO)nc3NCc4ccc(cc4)OCCO,-6.6,34,-0.1941176470588235
[NH3+]CCCC[C@H](NOC(C)(C)C)C(=O)NCCC1CCCCC1,-6.6,23,-0.28695652173913044
CC(=O)N1CCC(CC1)CNc2cc(nc(n2)N)-c3cccc(Cl)c3Cl,-6.599,26,-0.2538076923076923
OB(O)c1ccc(C(F)(F)F)cc1,-6.598,13,-0.5075384615384615
O=c([nH]1)onc1-c(cc2C)cc(n2)C(=O)NCc3ccc(F)cc3,-6.597,24,-0.27487500000000004
S1SCC[C@H]1CCCCC(=O)Nc2nc(cs2)-c3ccccn3,-6.596,23,-0.2867826086956522
CCOc1ccc(C(=O)C)cc1-c2cc(cc(c2)NC(=O)c3ccco3)CCOCCOCCO,-6.595,35,-0.18842857142857142
o1nc(C)c(c12)cc(c(c2)OC)C(=S)NCc3ccco3,-6.593,21,-0.3139523809523809
COc1cccc(c1)C/C(N)=N/c2ccnc(n2)Oc3cc(C)cc(C)c3,-6.59,27,-0.24407407407407408
O=C[C@@H]1CCCN1c2cc(CO)ccc2F,-6.589,16,-0.4118125
CC(=O)Nc1cccc(c1)CCC(=O)N,-6.589,15,-0.4392666666666667
Cc1cc(C)cc(c1)Nc2cccc(n2)-c3c(C)nnn3NC(C)(C)CO,-6.583,27,-0.24381481481481482
CC(C)O[C@@H]1O[C@H](CO)[C@@H](O)[C@H]1O,-6.583,13,-0.5063846153846154
c1cccc(c12)c(CC[NH3+])nc(n2)Nc3cccc(Cl)c3,-6.581,21,-0.3133809523809524
OCCOc1c(C)cc(cc1C)CCc2nc(oc2C)-c3ccccc3,-6.58,26,-0.2530769230769231
O=C([O-])c1ccc(cc1)CNC(=O)c2cccc(c2)NC3CCCC3,-6.579,25,-0.26316
CCNC(=O)c1cc(-c2c[nH]nc2C)nc(c1)[C@@H](C)c3ccccc3,-6.577,25,-0.26308
NC(=[NH2+])N(CC1)CCC1n(nnc2C)c2-c3cccc(n3)NCCC(F)(F)F,-6.576,28,-0.23485714285714285
COc1ccccc1Oc2nccc(n2)NCCCCc3ccccc3,-6.571,26,-0.2527307692307692
Oc1ccc(cc1)CCc(n[nH]2)c(c23)cccn3,-6.571,18,-0.3650555555555555
CCCCC(=O)OC[C@H](CO)c1cccc(c1)NS(=O)(=O)c2cccc(Br)c2,-6.568,28,-0.23457142857142857
COCCNc1ccccc1F,-6.565,12,-0.5470833333333334
O=C([O-])c1ccc(cc1)CNc(cnc2)c(c23)cccc3,-6.564,21,-0.31257142857142856
O=c1[nH]c(cs1)Cc2ccccc2F,-6.562,14,-0.46871428571428575
Cc1ccccc1CC(=O)CCNC(=O)CCCC[C@@H]2CCSS2,-6.561,24,-0.273375
COC1=C(OC)C(=O)C(=C(C)C1=O)C/C=C(/C)CC/C=C(/C)CCCc2cnn(C)c(=O)c2C,-6.557,34,-0.1928529411764706
CCC(CC)c1cccc(c1)NS(=O)(=O)c2cccc(F)c2,-6.556,22,-0.298
Cc1cc(on1)[C@@H](C(C)C)C(=O)N2C[C@H](O)C[C@H]2C(=O)Nc3ccccc3F,-6.556,28,-0.23414285714285715
COc1cccc(c1)[C@H](O)CCCOc2ccc(cc2)C[C@@H]3SC(=O)NC3=O,-6.555,28,-0.23410714285714285
Fc(c1)cc(F)cc1-n(n2)cnc2-c(cc3C)cc(n3)C(=O)NCc4ccc(F)cc4,-6.555,31,-0.2114516129032258
COCCC[NH2+][C@@H]1O[C@H](CO)[C@@H](O)[C@H]1O,-6.555,15,-0.437
COc1cc(OC)cc(c12)nc([nH]c2=O)-c3c(cnn3C)-c(cc4)nn(c45)c(nn5)C,-6.555,31,-0.2114516129032258
COc1cc(cc(c1)OC)Nc2cc(F)cc(C#N)c2,-6.551,20,-0.32755
NC(=O)c1cccc(c1)CN2CCOC[C@@H]2c3ccccc3,-6.549,22,-0.2976818181818182
Nc1cc(cc[nH+]1)-c(cc(Cl)c2)c(c23)O[C@H](C3)C(=O)NCc4cccs4,-6.548,26,-0.25184615384615383
CC(C)(C)S(=O)(=O)C[C@H](CC)c(c(c12)c(=O)[nH]nc2)cnc1NCc(c(F)cc3)c(c34)CCO4,-6.546,34,-0.1925294117647059
Cc1cc(C)cc(c1)Nc2nccc(n2)-c3c(C(=O)[C@@H](N)CO)ncn3C4CC[NH2+]CC4,-6.545,32,-0.20453125
Cn(c1)ncc1[C@H](C)c2c(Cl)ccc(F)c2Cl,-6.545,17,-0.385
OCCOCCc(ncn1)c(c12)cc[nH]2,-6.537,15,-0.4358
OCc1ccccc1Cc2ccc(nc2)N3CC[NH2+]CC3,-6.533,21,-0.3110952380952381
C1CCCCC1CCNC(=O)[C@H](CCCC[NH3+])NC(=O)[C@H](CO)[NH2+]CC2CCOCC2,-6.532,31,-0.21070967741935484
COc1ccc(cc1)Oc2cc(ncn2)-c3ccc(cc3Cl)C[NH2+]CCCC[NH3+],-6.53,29,-0.22517241379310346
C[NH+]1CCN(CC1)c(c2)[nH]c3c(ccc(c3c24)n(C)c4O)Nc5ncccn5,-6.529,28,-0.23317857142857143
C[NH2+]Cc1cccc(c1)CS(=O)(=O)c2cccc(c2)C(=O)NC,-6.527,23,-0.2837826086956522
c1ccc(OC)c(c12)nc([nH]2)CCc3ccccc3,-6.525,19,-0.34342105263157896
COc1ccc(cc1)Oc2cc(ncn2)N(C)CCCCCCCCCCC(=O)OC[C@H](O)CO,-6.524,35,-0.1864
O1COc(c12)c(ccc2)CNc(nc3C)sc3S(=O)(=O)c4c(C)noc4C,-6.523,27,-0.24159259259259258
Cc1ccccc1CC(=O)Nc2cc(C)c(c(C)c2)S(=O)(=O)CC[NH+](C)C,-6.523,27,-0.24159259259259258
Clc(c1)cccc1[C@H](O)CNc(cc[nH]c2=O)c2NC3CCN(CC3)c4ccccn4,-6.522,31,-0.21038709677419357
C1CC1N2C(C)(C)C(=O)N(C)c(c23)ccc(c3)-c4csc(n4)NC(=O)Cc5ccc(F)cc5,-6.519,33,-0.19754545454545455
O=C([O-])CCC[C@@H](O)/C=C/C=C/CCc1ncn(n1)C[C@H]2CC[C@H](C(=O)[O-])CC2,-6.518,29,-0.22475862068965516
CC(C)Cc1nc(cs1)C[C@H]2O[C@H]([C@H](O)[C@@H]2O)n(cn3)c(c34)ncnc4N,-6.517,27,-0.24137037037037037
Cc1cc(C)cc(c1)Nc2cccc(n2)-c(nnc3C)c(c34)cc(nc4)N5CCOCC5,-6.517,32,-0.20365625
O=C([O-])C(C)(C)Oc(ccc1)c(c12)ccn2CCCc3cc(Cl)ccc3O,-6.513,27,-0.24122222222222223
Cc1ccc(C(C)C)cc1Oc2nccc(n2)Cc3ccc(cc3)OCCO,-6.51,28,-0.23249999999999998
CN(C)c1ccc(cc1)C2(CCCC2)CNc3cccc(c3)CCCNC(=O)CC(=O)C(=O)[O-],-6.506,34,-0.1913529411764706
[NH3+]CCNC(=O)CCc1ccc(F)cc1,-6.506,15,-0.43373333333333336
c1cccc(c12)c(ccc2)[C@@H](C)c3ccc(OS(=O)=O)cc3,-6.504,22,-0.29563636363636364
O=C([O-])c(c1)cccc1NC(=O)CCNNc2cccc(C(=O)[O-])c2,-6.503,25,-0.26012
OCCOc1c(C)cc(cc1C)-c(c2)oc(c23)c(cn(c3=O)C)Nc4cccc(c4)N5CC=CC5=O,-6.503,36,-0.1806388888888889
O=C([O-])CCc(n1)nc(cc1C)-c2cccc(c2)NS(=O)(=O)c3cccc(Br)c3,-6.502,29,-0.22420689655172413
Cc1cc(C)cc(c1)Nc2cccc(n2)-c3c(C)nnn3/N=C4\NNCS4,-6.501,27,-0.24077777777777779
C[C@@H](O)COCC(CO)(COC[C@@H](C)O)CN1CCCOC1=O,-6.501,23,-0.2826521739130435
COc1cccc(c1)OCC(=O)Nc2ccc(cc2)-c3ccnc(C)c3,-6.499,26,-0.24996153846153846
S1SCC[C@H]1CCCCC(=O)NCCCNC(=O)c2ccc(F)cc2,-6.496,25,-0.25984
COc1ccccc1Oc2nccc(n2)NCCC3CCCCC3,-6.496,24,-0.27066666666666667
Oc1ccc(Cl)cc1Cc2cccc(Cl)c2,-6.495,16,-0.4059375
COc1ccc(cc1OC)N(CC(=O)NC(C(C)C)C(C)C)[C@H]2CCN(C2)CC[NH3+],-6.494,30,-0.21646666666666667
OCC[N+](C)(CCO)CCCOc(c(c1)OC)cc(c12)nc(s2)CNNCCC3CCCCC3,-6.492,34,-0.19094117647058823
Cc1c(C#N)n[nH]c1CCCCCO,-6.487,14,-0.46335714285714286
c1n[nH]c([O-])c(c12)c(=N\S(=O)(=O)C)/cnc2NCc(c(F)cc3)c(c34)CCO4,-6.484,28,-0.23157142857142857
O=[N+]([O-])c1cc(S(=O)(=O)C(F)(F)F)ccc1NO,-6.483,18,-0.36016666666666663
N#CCc1ccc(cc1)C(=O)NCc2ccccc2,-6.483,19,-0.34121052631578946
COc1cccc(c1)OCC(=O)Nc2ccc(cc2)-c3c[nH]cn3,-6.482,24,-0.27008333333333334
COc1ccc(cc1)Cn(nn2)c(c23)[C@@](C)(O)CC[C@H]3OC(=O)/[NH+]=C(\N)Cc4cccc(c4)OC,-6.482,35,-0.1852
C[NH+](C)CCC[C@H]1SC(=NC1=C)NCc(ccc2)c(c23)OCO3,-6.48,23,-0.2817391304347826
n1cccc(c12)c(n[nH]2)CC(=O)[C@H](C(C)(C)C)NC(=O)c(c(c34)cccc4)nn3Cc5ccc(F)cc5,-6.48,37,-0.17513513513513515
O=C(C=1)N=c(c12)ccc(c2)Cc3ccccc3CO,-6.479,19,-0.341
c1ccccc1CC#Cc(c2)ccc(c23)n(C)c(=O)n(c3=O)Cc4ccc(cc4)C(=O)COCCO,-6.476,36,-0.17988888888888888
c1cc(Br)ccc1C(=O)NCCCCc2ccccc2,-6.473,20,-0.32365
CCCCCCCC(=O)O[C@@H](COP(=O)([O-])OCC[NH3+])CCCOCCOCCOC,-6.473,31,-0.20880645161290323
COC(=O)CC(=O)NCCCNCc1ccc(c(Cl)c1)C(=O)[C@H](O)[C@H](C)[NH3+],-6.472,27,-0.23970370370370372
c1ccccc1C(=O)Cc(oc2C)nc2CC[C@H](O)c3ccc(cc3)C[C@@H]4SC(=O)[N-]C4=O,-6.471,33,-0.1960909090909091
c1cccc(c12)c(c[nH]2)C[C@H](N)C(=O)c(cc3)cc(c34)ccc(c4)C[C@@H]5SC(=O)[N-]C5=O,-6.47,32,-0.2021875
o1nc(C)c(c12)cc(c(c2)NC)NN3C=CCC(=C3)C(=O)N,-6.468,22,-0.294
O=C([O-])c(c1)cccc1NC(=O)CCNC(=O)CC/[NH+]=C/c2ccc(o2)-c3ccccc3Cl,-6.467,33,-0.19596969696969696
CC(=O)NCCC(=O)Nc(c(n12)nnc2C)cc(n1)-c3ccc(C)c(c3)Nc4ccccc4[NH3+],-6.464,34,-0.19011764705882353
CNCc1cccc(c1)CNNC(=O)c2ccc(c(c2)OC)OC3CC3,-6.463,26,-0.24857692307692308
C1C[NH2+]CCCN1C(=O)c(cnn2C)c2C(=O)Nc(c3)c(C#N)cn(c34)cc(n4)-c5ccccc5,-6.46,35,-0.18457142857142858
CN(C)c1cccc(c1)NS(=O)(=O)c2cccc(Br)c2,-6.455,20,-0.32275
Cc1cncc(c1)-c(c(c23)cc(C)c(=O)[nH]3)cnc2Cc(cc4)nc(c45)cccc5,-6.455,30,-0.21516666666666667
C1CCC1CNc(c(c23)c(=O)[nH]nc2)cnc3NCc(c(F)cc4)c(c45)CCO5,-6.454,29,-0.22255172413793103
Cc1cc([nH]n1)[C@@H](C)Nc(c(c23)cc(Br)cc3)nc([nH+]2)N(C)CCC[NH+](C)C,-6.453,28,-0.23046428571428573
c1ccccc1C(=O)CC(=O)c(cn2)cc(c23)cccc3,-6.451,21,-0.3071904761904762
Cc1n[nH]c(C2CC2)c1Cc3cccc(c3)Oc4ccccc4,-6.451,23,-0.2804782608695652
O=C([O-])C(=O)CC(=O)NCCCc1cccc(c1)NCc2ccccc2,-6.448,26,-0.24800000000000003
Cc1cc(C)cc(c1)Nc2cccc(n2)-c(ccc3)c(c34)ncn4C,-6.447,25,-0.25788
C1C[C@@H](O)c(c12)c(C(F)(F)F)ncc2CCc(c[nH]3)c(c34)cccc4,-6.445,25,-0.25780000000000003
OCCOCCOCCOCCOCCCc1ccc(cc1)-c2cccc(F)n2,-6.445,29,-0.22224137931034485
CNc1[nH+]c(N)nc(c1CC)CCNC(=O)CCCC[C@@H]2CCSS2,-6.443,25,-0.25772
COc1ccc(cc1OC)[N@@H+]2C[C@H](O)C[C@H]2C(=O)NCc3ccc(cc3)[C@@H]4C(C)=NCS4,-6.441,32,-0.20128125
n1cccc(c12)c(n[nH]2)Cc3cnc[nH]3,-6.435,15,-0.429
C1CC1[C@@H](C)c2cccc(c2)C(=O)NCc3ccc(C(=O)[O-])cc3,-6.434,24,-0.26808333333333334
Fc(c1)cccc1OCC(=O)Nc2nc(cs2)-c3ccc(C(F)(F)F)cc3[N+](=O)[O-],-6.431,30,-0.21436666666666668
c1cccc(c12)c(on2)C(=O)N[C@H](CCC3)c(c34)cnn4C5CCCC5,-6.429,26,-0.24726923076923077
C1CCCC1n(c(c2)C(=O)N(C)C)c(c23)nc(nc3)NCc4ccc(F)cc4,-6.426,28,-0.2295
NC(=O)CC(=O)c1ccc(F)cc1,-6.424,13,-0.49415384615384617
CC[C@@H](CO)Cc1nn(C)cc1-c2ccc(=O)n(C)c2,-6.424,20,-0.32120000000000004
CCCCCCC(=O)c(nc(c12)n(cn2)C(C)C)nc1NCc3ccc(cc3)OCCO,-6.423,32,-0.20071875
c1cc(Cl)ccc1C(=O)NCCc2ccc(cc2)-c3cc[nH]n3,-6.422,23,-0.2792173913043478
c1cc(Br)ccc1[C@@H](C)NC(=O)Cc(cnc2)c(c23)c(O)ccc3,-6.422,24,-0.26758333333333334
C[C@@]1(O)CCC(=O)[C@@H](OC)[C@]1(O)[C@@]2(C)O[C@@H]2CCc3cccc(n3)Oc4cc(C)cc(C)c4,-6.417,33,-0.19445454545454544
CC[N@H+]1CC[C@@H](CC1)c2ccnc(n2)Oc3cc(C)cc(C)c3,-6.415,23,-0.27891304347826085
Fc(c1)cccc1S(=O)(=O)Nc2cccc(c2)-c3ccn[nH]3,-6.414,22,-0.29154545454545455
c1cccc(c12)oc(c2)Cc(c(c34)CN(S(=O)(=O)C)CC3)nn4CCC[NH+]5CCOCC5,-6.414,32,-0.2004375
OCCCCCc1ccc(cc1Cl)C[NH2+]CCc2c[nH]cn2,-6.412,22,-0.29145454545454547
[NH3+]CCNC(=O)COc1ccc(cc1)-c2cc(Cl)ccc2O,-6.41,22,-0.2913636363636364
Cc1cc(F)ccc1S(=O)(=O)N[C@H](C)c2ncn[nH]2,-6.409,19,-0.3373157894736842
Cc(n1)sc(c12)ccc(c2)[C@H](C)c3cccc(C#N)c3C,-6.404,21,-0.304952380952381
C[N@H+]1CC[C@@H](CC1)NC(=O)c2ccc(cc2F)-c(ccc3)c(c34)C(=O)N(C4=O)[C@H]5CCC(=O)NC5=O,-6.403,36,-0.1778611111111111
OC[C@@H](O)COC(=O)CCCCCCCCCC[NH2+]CCO,-6.403,22,-0.29104545454545455
OCCNC(=O)[C@H]1O[C@H]([C@H](O)[C@@H]1O)Cc2ccc(cc2)OCCO,-6.403,24,-0.26679166666666665
OCCOc1ccccc1-c2ncc(F)cc2F,-6.401,18,-0.3556111111111111
NC(=O)Cc1cccc(c1)N2CCCC2=O,-6.399,16,-0.3999375
CC(C)n(cn1)c(c12)nc(N3CCCC3)nc2NCc4ccc(cc4)OCCO,-6.397,29,-0.22058620689655173
CC(=O)Nc1ccccc1Oc2nc(ncc2Cl)CCc3ccccc3,-6.396,26,-0.246
COCCOCCOCCOc(c1)c(OC)cc(c12)CC[N@@H+](C2)CCc3ccc(cc3)CCO,-6.395,34,-0.18808823529411764
COC1=C(OC)C(=O)C(=C(C)C1=O)CCCc(c(F)cc2)c(c23)CCO3,-6.395,26,-0.24596153846153845
C1COCCN1c(ncn2)c(c23)cc(c(c3)OC)OCCc4cccc(c4)C(=O)N(C)C,-6.395,32,-0.19984375
o1nc(C)c(c12)cc(c(c2)O)Nc3ccc(cc3Cl)C[NH2+]CCc4[nH+]cc[nH]4,-6.394,28,-0.22835714285714287
CC(=O)NCCC[NH2+]Cc1ccc(c(Cl)c1)-c2ccc(cc2)C(=O)NCCC(F)(F)F,-6.389,31,-0.20609677419354838
FC(F)(C1)[C@@H](O)c(c12)c(S(=O)(=O)C)ccc2-c(cc3)cc(c34)[C@@](O)(CC4)c5ccccc5,-6.388,32,-0.199625
n1nn(C)c(c12)cc(cc2)Nc3ccccc3OCCn4ccc(=O)[nH]c4=O,-6.388,28,-0.22814285714285715
O=C([O-])C(C)(C)Oc(cc1)ccc1[C@@H](CC(C)C)C(=O)N[C@H](C(=O)[O-])Cc(c[nH]2)c(c23)cccc3,-6.383,35,-0.18237142857142857
OCCOCCc1ccc(O)cc1,-6.38,13,-0.49076923076923074
C1CC1NC(=O)CCc2cccc(c2)NS(=O)(=O)c3cccc(F)c3,-6.38,25,-0.2552
c1cc(C)cc(c12)[nH]c(n2)CCN3CC[NH+](CC3)C4COC4,-6.379,22,-0.2899545454545454
c1ccccc1[C@H](C)c2cc(C(=O)c3cn[nH]c3)cc(n2)-c4cn(C)nn4,-6.376,27,-0.23614814814814816
Cn1nc(C2CC2)cc1[C@H](CO)Cc(c[nH]3)c(c34)cccc4,-6.374,22,-0.2897272727272727
C1COCCN1c(o2)cc(=O)c(c23)scc3NCc4ccc(F)cc4,-6.374,25,-0.25495999999999996
C=CCc(cc1)cc(c12)[C@@](O)(CC2)c3ccccc3,-6.371,19,-0.33531578947368423
Cc1ccc(cc1)N(C)CC(=O)NCC[NH3+],-6.371,16,-0.3981875
o1nc(C)c(c12)cc(c(c2)O)Nc3ccc(cc3Cl)C[NH2+]CCc4ncc[nH]4,-6.37,28,-0.2275
C1C[C@@H](O)CC[C@@H]1c(cnn2C)c2Oc3ccccc3,-6.367,20,-0.31835
CCOP(=O)([O-])O[C@@H]1O[C@@H](C)[C@H](O)[C@@H](O)[C@H]1O,-6.366,17,-0.3744705882352941
Cc1cc(on1)[C@@H](C(C)C)C(=O)N2C[C@H](O)C[C@H]2C(=O)C[C@@H](C)O,-6.366,24,-0.26525
O=C([O-])CCC[C@@H](O)/C=C/C=C/CCCCNS(=O)(=O)c(ccc1)c(c12)ccnc2,-6.365,30,-0.21216666666666667
COc1ccc(cc1OC)NCCCNC(=O)c2ccc(F)cc2,-6.365,24,-0.2652083333333333
COc1cccc(c1C(=O)OC)CCCCCCCCN2C=CCC(=C2)C(=O)N,-6.365,29,-0.21948275862068967
CC(=O)N1CCC(CC1)CCc2[nH+]c(cn2C)-c3ccccc3,-6.364,23,-0.27669565217391306
C1CC1Nc2nc(N)nc(c2CC)NCCC3CCCCC3,-6.362,22,-0.2891818181818182
CCCCC(=O)OC[C@H](CO)[C@@H]1O[C@H](CO)[C@@H](O)[C@H]1O,-6.362,20,-0.3181
Cc1ncsc1NCCc2ccc(Cl)c(Cl)c2,-6.359,17,-0.3740588235294118
NC(=O)CC[NH2+]Cc1ccc(c(Cl)c1)-c2cn[nH]c2,-6.357,19,-0.3345789473684211
CCCCC(=O)OC[C@H](CO)CCn1ccc(=O)[nH]c1=O,-6.356,21,-0.30266666666666664
CCNC(=O)c1cc(-c2cn[nH]c2C)nc(c1)[C@@H](C)c3ccccc3,-6.353,25,-0.25412
CCCCCCCC(=O)CC(=O)SCCNC(=O)CCNS(=O)(=O)C1CCCCC1,-6.352,30,-0.21173333333333336
OC[C@H]([NH3+])C(=O)Nc1ccc(cc1)-c([nH]c(=O)n2)c(c23)cccc3,-6.352,24,-0.26466666666666666
c1cccc(c12)c(on2)C(=O)c(c3)c(ccc3C(=O)NCC)OCc4ccccn4,-6.352,30,-0.21173333333333336
CN(C)C(=O)c1cccc(c1)NCCOc2ccc(cc2)C[C@@H]3SC(=O)NC3=O,-6.349,29,-0.21893103448275864
CN(C1)C(=O)Nc(c12)ccc(c2)S(=O)(=O)c3ccc(cc3)C(=O)NCCC(F)(F)F,-6.348,30,-0.21159999999999998
C[NH2+]C[C@@H](O)COc1ccc(Cl)c(c1)-c2cc(F)cc(Cl)c2,-6.348,22,-0.28854545454545455
NC(=[NH2+])C(=O)[C@H](CO)NC(=O)CCCCCCCCCO,-6.347,21,-0.30223809523809525
CCCCCC/C=C/CCCCCCCCCC(=O)C[C@H](O)[C@H]([NH3+])CO,-6.346,26,-0.24407692307692308
CCOC(=O)CCNc1cccc(c1)[C@@H](C)Nc(nc(C)[nH+]2)c(c23)cc(OC)c(c3)OC,-6.344,32,-0.19825
CC(C)C(C(C)C)N[C@@H]1C=NC(N1)=C2CCC2,-6.342,17,-0.3730588235294117
CC(C)(O)Cn1cc(cn1)-c2ccc(=O)n(c2)Cc3ccccc3,-6.34,24,-0.26416666666666666
O=C1C=CCN1c2cccc(c2)-c(cc3)cc(c34)[C@@](O)(CC4)c5ccccc5,-6.339,28,-0.22639285714285715
COc1ccc(cc1)[C@@H]2S/C(NC2=C)=N\Cc(ccc3)c(c34)OCO4,-6.338,25,-0.25352
Cn1cc(nn1)-c2cc(C(=O)c3c[nH]cn3)ccc2OCc4ccccn4,-6.337,27,-0.2347037037037037
COc1cccc(c1)CC(=[NH2+])NC[C@H]2CCCO2,-6.336,18,-0.35200000000000004
CO[C@@H](C)CC(=O)[C@H](CCSC)NC(=O)[C@H]1CC[C@@H](C)CC1,-6.335,22,-0.28795454545454546
C[C@H]([NH3+])[C@@H](O)C(=O)c(cc1)cc(c12)OCCO2,-6.332,17,-0.3724705882352941
Cc1cccc(c1)CC(=O)CCNC(=O)c2c(-c3cccc(c3)CC(=O)[O-])noc2-c4ccccc4,-6.332,36,-0.17588888888888887
CNc1ccnc(n1)-c2c(cc[nH]c2=O)NC[C@@H](O)c3cccc(Cl)c3,-6.332,26,-0.24353846153846154
O=c1ccn(c(=O)[nH]1)CCOCCOCCOCCOCCOCCO,-6.329,26,-0.2434230769230769
C1CCCCC1C(=O)c(c(c23)c(=O)[nH]nc3)cnc2NCc(c(F)cc4)c(c45)CCO5,-6.329,31,-0.20416129032258062
C[C@@H](O)COCC(CO)(COC[C@@H](C)O)Cc(cc1)cc(c1=2)=NC(=O)N2,-6.328,26,-0.2433846153846154
OCCOCCOCCOCCOCCOCCNCc1ccccn1,-6.326,26,-0.24330769230769228
CCCCn1cc(nn1)CN[C@H](C)c2cc(N)cc(C(F)(F)F)c2,-6.326,24,-0.26358333333333334
s1cncc1COc2ccc(cc2C[NH3+])-c3cccc(c3)Cn4ccc(=O)c(C(=O)[O-])c4O,-6.32,33,-0.19151515151515153
COc1cccc(c1)[C@H](O)Cc2cccc(Cl)c2,-6.315,18,-0.35083333333333333
FC(F)(F)c1cccc(c1C)[C@@H](C)CCc2ncc[nH]2,-6.314,20,-0.3157
c1cc(C)cc(c12)nc([nH]2)CCN3CC[NH+](CC3)C4COC4,-6.312,22,-0.28690909090909095
Cc1cc(C)cc(c1)Nc2nccc(n2)/N=C/c3ccccc3C=O,-6.311,25,-0.25244
Cc1ccc(cc1)[C@H](C)Nc(cc2)cc(c23)N(CCC(=O)N)[C@@H](C)C(=O)N3C,-6.309,28,-0.2253214285714286
CCCCCC[C@@H](C)NC(=O)c1cnn(C)c1C(=O)NCCC,-6.306,23,-0.27417391304347827
O=C1NC(=O)[C@@H](S1)Cc2ccc(cc2)OCCNc3ccccc3Cc4ccccc4,-6.306,31,-0.20341935483870968
Cc1ccc(cc1)[C@H](C)S(=O)(=O)c(cc2)cc(c23)scn3,-6.305,21,-0.30023809523809525
Cc1cc(C)cc(c1)Nc2cccc(n2)-c3c(C)nnn3C4CCN(CC4)C(=O)CC5CC5,-6.304,33,-0.19103030303030305
Cc1ccccc1CC(=O)c2ccc(c(F)c2)C(=O)N[C@@H]3CC[N@@H+](C)CC3,-6.301,27,-0.23337037037037037
CC(C)CCNS(=O)(=O)c1ccc(cc1)CCOCCO,-6.301,21,-0.30004761904761906
Cc1cc(C)cc(c1)Nc2nccc(n2)C(=O)Cc(n3)nn(c34)c(C)cc(n4)C,-6.299,29,-0.21720689655172415
CCCCCc1cccc(Cl)c1-c(cc2)cc(c2=3)=NC(=O)N3,-6.299,22,-0.28631818181818186
COc1ccc(cc1OC)N2C[C@H](O)C[C@H]2C(=O)NCc3ccc(cc3)[C@@H]4C(C)=NCS4,-6.294,32,-0.1966875
O=C([O-])c1cc(CC)nc(c12)n(nc2C(CC)CC)Nc(cc3)cc(c34)n(nn4)C,-6.292,30,-0.20973333333333333
N#Cc1cc(F)cc(c1)N2CCNC(=O)C2,-6.288,16,-0.393
Cc1c(C#N)cccc1[C@@H](C)Nc(nnc2C)c(c23)cc(nc3)-c4cc(Cl)c[n-]c4=O,-6.288,31,-0.20283870967741938
Oc1ccc(F)cc1C(=O)C[C@H]2CC[C@H](C(=O)[O-])CC2,-6.286,20,-0.31429999999999997
C[C@H](O)c1ccc(nc1)CC[NH2+][C@H](CCC2)c(c23)cnn3-c4ccccc4F,-6.286,28,-0.22449999999999998
Cc1cc(on1)[C@@H](C(C)C)C(=O)N2C[C@H](O)C[C@H]2C(=O)c(cc3)nn(c34)c(C)c(n4)C,-6.281,31,-0.20261290322580644
COc1ccccc1Oc2nccc(n2)-c3ccnc(N)c3,-6.28,22,-0.28545454545454546
O=C(C1)NC[C@@H]1[C@@H](C)Oc(c(c23)ccc[nH+]3)cc(c2)[C@H](CO)Cc(c[nH]4)c(c45)cccc5,-6.279,32,-0.19621875
COc1cccc(c1)[C@H](O)Cc2cc(F)c(c(F)c2)-c3cc(CO)ccc3F,-6.273,28,-0.22403571428571428
c1ccccc1[C@@H](C)Nc(cc2)cc(c23)N([C@H](C)C(=O)N3C)c4ccnc(n4)N,-6.271,29,-0.21624137931034482
O=C([O-])c1sccc1C(=O)NCCc2ccncc2,-6.27,19,-0.32999999999999996
CCCNC(=O)[C@H]1O[C@H]([C@H](O)[C@@H]1O)NC2CCCC2,-6.27,19,-0.32999999999999996
COc1ccccc1S(=O)(=O)Nc(cc2)c3[nH]c(NCCO)cc(c3c24)c(O)n4C,-6.27,30,-0.209
CC(=O)Nc1ccccc1Oc2nc(ncc2Cl)-c3noc(=O)[nH]3,-6.269,24,-0.2612083333333333
C1COCC[N+]1=c(o2)cc(O)c(c23)scc3NCc4ccc(F)cc4,-6.267,25,-0.25068
O=C([O-])CCC[C@@H](O)/C=C/Cc1cc(Cl)ccc1O,-6.262,19,-0.329578947368421
n1ccccc1COc(ccc2C(=O)NCC)c(c2)-c3ccc(C(=O)NCC)cc3-c4cn(C)nn4,-6.262,36,-0.17394444444444443
n1ccn(c12)c(=O)n(cc2)C(=O)c(cc3)cc(c34)ccn4Cc5cccc(F)c5,-6.261,29,-0.21589655172413794
CSc1ccc(cc1)C(=O)CCc2ncc[nH]2,-6.261,17,-0.3682941176470588
CC[NH+]1CCN(CC1)Cc2ccc(cc2C(F)(F)F)NNc3cccc(c3)N4CCCC4=O,-6.261,33,-0.18972727272727274
c1ccccc1-c([nH]2)c(c(c23)cc(OC)cc3)CCNc4ccccn4,-6.26,26,-0.24076923076923076
C1C[C@@H](O)CC[C@@H]1NC(=O)C(=O)CC(=O)NCCCc2cccc(c2)Oc3ccccc3,-6.259,32,-0.19559375
COC(=O)c1ccc(c(Cl)c1)CCCNC(=O)CCCC[C@@H]2CCSS2,-6.259,26,-0.24073076923076925
[NH3+]CCc1cc(S(=O)(=O)N)ccc1-c2csc(n2)NC(=O)COc3cccc(F)c3,-6.258,30,-0.2086
O=c1[nH]cc(Cl)cc1Nc2ccc(O)cc2,-6.257,16,-0.3910625
CS(=O)(=O)Oc1ccc(cc1)CCc2ccc(nc2)N3CC[NH2+]CC3,-6.256,25,-0.25024
O[C@H](C1)CCC[N@H+]1C[C@@H](OCC)CSc2ccc(c(C)c2)OCC(=O)[O-],-6.255,26,-0.24057692307692308
CC(C)(O)Cn1cc(cn1)CCNS(=O)(=O)c(ccc2)c(c23)ccnc3,-6.252,26,-0.24046153846153845
CCC(=O)c1c(C)ccn(c1=O)Cc(n[nH]2)c(c23)cccn3,-6.252,22,-0.28418181818181815
[NH3+][C@H]1CCCN(C1)CCCCCCCCC(=O)OC[C@H](O)CO,-6.251,23,-0.2717826086956522
CCOc1ccc(C(=O)C)cc1Cc2ccco2,-6.25,18,-0.3472222222222222
O=c1n(C)ncc(c1C)NCc2ccccc2NCCC(C)C,-6.249,23,-0.271695652173913
OCCOc1ccc(cc1)Cc(ccc2)c(c23)cccc3,-6.248,21,-0.2975238095238095
O[C@@H]1CCc(c12)c(CC(=O)[O-])ccc2C(F)(F)F,-6.246,18,-0.34700000000000003
CCC(=O)c1c[nH]c(c1)C(=O)c2cccc(c2)NS(=O)(=O)c3cccc(Br)c3,-6.246,28,-0.2230714285714286
CCc1c(NC)nc(N)nc1-c2ccnc(N)c2,-6.246,18,-0.34700000000000003
c1ccccc1S(=O)(=O)Nc(cc2)cc(c23)c(c[nH]3)C4CC[NH2+]CC4,-6.243,25,-0.24972000000000003
CCCCC(=O)OC[C@H](CO)c1ccccc1CC,-6.242,19,-0.32852631578947367
OC[C@@H](O)COC(=O)CCCCCCCCc1cccc(F)c1,-6.242,23,-0.2713913043478261
COc(cc1)cc(c12)nc([nH]2)CCC(=O)[C@H](C(C)C)c3cc(C)no3,-6.242,25,-0.24968
FC(F)(F)c1cccc(c1C)[C@@H](C)CCc2[nH+]cc[nH]2,-6.24,20,-0.312
FC(F)(F)c(c1)cc(N)cc1[C@@H](C)NCCOc2ccc(cc2)C[C@@H]3SC(=O)[N-]C3=O,-6.239,31,-0.20125806451612901
O=C1[N-]C(=O)[C@@H](S1)Cc2ccc(cc2)OCCNc3cc(Cl)ccc3O,-6.239,26,-0.23996153846153845
C1COCCN1c(c2)cc(C)c(c23)nc([nH]3)-c4cn[nH]c4-c5cccc(C(F)(F)F)c5,-6.235,31,-0.20112903225806453
Cc1cc(C)cc(c1)Nc2cccc(n2)-c3c(C)nnn3S(=O)(=O)c(cc4)cc(c45)scn5,-6.232,33,-0.18884848484848485
COc(cc1)cc(c12)c(CCC(=O)[O-])cn2Cc3cccc(c3)C(=O)N,-6.231,26,-0.23965384615384616
Cc1cc(no1)[C@@H](C)NC(=O)c(cc2)cc(c23)ccn3Cc4cccc(F)c4,-6.226,28,-0.22235714285714286
FC(F)(F)C(O)(C(F)(F)F)C(=O)C1COC1,-6.225,16,-0.3890625
OCc1ccccc1-c2ccccc2Cl,-6.225,15,-0.415
c1cnccc1NC(=O)[C@H](C(C)C)NC(=O)c2nccn2Cc3ccccc3,-6.223,28,-0.22225
C[C@H]([NH3+])[C@@H](O)C(=O)c(cnc1)c(c12)cccc2,-6.219,17,-0.3658235294117647
Cc(n1)c(C)n(c12)nc(cc2)[C@H](C)c3cccc(C(F)(F)F)c3,-6.219,23,-0.2703913043478261
CS(=O)(=O)Nc1cc(ccc1C)C(=O)CCCCCCCCC[NH3+],-6.217,24,-0.25904166666666667
CC(=O)Nc1cccc(c1)CC#Cc2ccc(cc2)C(=O)NCCC(F)(F)F,-6.213,28,-0.22189285714285714
Cc1cc(N)[nH+]c(c1)C[C@@H]2C[NH2+]C[C@@H]2N[C@H](Cc(c[nH]3)c(c34)cccc4)C(=O)Nc5ccncc5,-6.211,35,-0.17745714285714287
NC(=O)c1cccc(c1)C[C@@H]2CCC[NH2+]C2,-6.209,16,-0.3880625
n1cccc(c12)c(n[nH]2)C[C@@H](CC(C)C)C(=O)N[C@H](C(=O)[O-])Cc(c[nH]3)c(c34)cccc4,-6.208,32,-0.194
C1CCCCCC1NC(=O)C2CCN(CC2)c3cc[nH+]cc3,-6.208,22,-0.2821818181818182
COC(=O)CC(=O)c1ccccc1CO,-6.206,15,-0.41373333333333334
CN1CCN(CC1)c(c2)[nH]c3c(ccc(c3c24)n(C)c4O)Nc5ncccn5,-6.205,28,-0.22160714285714286
Brc1ccc(cc1)/C=C/C[NH2+][C@@H](Cn2ccnc2)c3ccccc3,-6.204,24,-0.2585
[NH2+]1CCCC[C@@H]1N(C)CCc2noc(n2)C3CCN(CC3)C(=O)Cc4ccccc4,-6.202,30,-0.20673333333333332
CCCCCCC(=O)P(=O)([O-])O[C@@H]1O[C@@H](C)[C@H](O)[C@@H](O)[C@H]1O,-6.201,22,-0.28186363636363637
CC(C)(O)C[C@H]1C[C@H](O)[C@H](O1)COP(=O)[O-],-6.201,16,-0.3875625
CC(C)[C@H](CO)c1ccc(I)cc1,-6.2,13,-0.47692307692307695
C[NH2+]C[C@@H](O)COc1ccc(Cl)c(c1)-c2nccs2,-6.199,19,-0.3262631578947368
CCOC(=O)CCNC(=O)N1CCNC(=O)C1,-6.198,17,-0.36458823529411766
OC[C@@H](O)C(=O)OCCCCCCCCCc1cc(ccc1Cl)OCc([nH]n2)c(c23)cccn3,-6.198,34,-0.18229411764705883
COc1cccc(c1C(=O)OC)CCCCCCCCNCC[NH3+],-6.194,24,-0.25808333333333333
c1cc(Br)ccc1[C@@H](C)NN2CCOCC2,-6.191,16,-0.3869375
O=C([O-])Cn(cc1)c(c12)ccc(c2)OCCCCc3cc(O)cc(O)c3,-6.189,26,-0.23803846153846153
c1cccc(c12)nc(cc2)C(=O)CCCCCc3ccccn3,-6.186,23,-0.2689565217391304
NC(=O)[C@@H](C)Nc1cc(nn(c12)c(C)nn2)-c3ccccc3CCc4ccc(cn4)[C@H](C)O,-6.183,33,-0.18736363636363637
O=C([O-])C(=O)CC(=O)NCCCc1cccc(c1)-c2ccccc2O,-6.181,25,-0.24724000000000002
c1cccc(c12)c(c[nH]2)C[C@H](N)C(=O)N[C@@H]3CC[N@H+](CC3)CCCCCC(=O)[O-],-6.181,29,-0.21313793103448275
Cc1nnn(C)c1-c(nc(c23)cccc3)nc2NCc4ccco4,-6.181,24,-0.25754166666666667
c1cccc(c12)oc(c2)C(=O)Cc(c3)[nH]c(c34)cccc4Cl,-6.181,22,-0.28095454545454546
Nc(c1)nccc1-c(c(c2)OC)cc(c23)[nH]c4c3c(nc(n4)C)Nc(nn5C)c(c56)cccc6,-6.18,34,-0.18176470588235294
Cc1ccc(C)c(c1)CNc2ccc(cc2)N3CC[NH+](C)CC3,-6.178,23,-0.26860869565217393
c1ccccc1Oc2c(cnn2C)N3CCC(CC3)NC(=O)[C@@H](N)Cc(c[nH]4)c(c45)cccc5,-6.177,34,-0.18167647058823527
OCCCCCc1ccc(cc1Cl)CNCCc2c[nH+]c[nH]2,-6.177,22,-0.28077272727272723
COc1cc(=O)n(C)nc1-c2ccccc2NO,-6.176,18,-0.34311111111111114
C[C@@H]1C(=O)N(C)CCN1CCc(nc(c23)n(cn2)C(C)C)nc3Nc4ccc(C(=O)[O-])c(Cl)c4,-6.175,34,-0.18161764705882352
CCCCCCCC(=O)O[C@H](CCC[NH3+])COP(=O)([O-])OCC[NH3+],-6.172,24,-0.25716666666666665
C1C[C@@H](O)CC[C@@H]1NC(=O)C(=O)\C=C(\[O-])NCCCc2cccc(c2)Oc3ccccc3,-6.171,32,-0.19284375
c1ccccc1[C@](O)(CC2)c(c23)cc(cc3)N4CC[NH+](CC4)C5COC5,-6.169,26,-0.23726923076923076
n1nn(C)cc1C(=O)c(n2)cc(cc2C)-c3ncn(n3)C[C@H]4CC[C@H](C(=O)[O-])CC4,-6.168,30,-0.2056
COC(=O)CCCC[C@H](CO)Cc(c[nH]1)c(c12)cccc2,-6.167,21,-0.29366666666666663
CSc1ccc(cc1)C(=O)Nc2nc(cs2)CCCC[NH3+],-6.166,21,-0.2936190476190476
O=C(N1)C(C)(C)Oc(c12)cc(c(c2)OC)N[C@H](C)[C@H]3CC[C@H](C)CC3,-6.165,25,-0.2466
Cc1cccc(C)c1-c2ccc(B(O)O)cc2,-6.163,17,-0.3625294117647059
C[C@H]([NH3+])[C@@H](O)C(=O)c1ccccc1CN(C)C(=O)c2ccc(cc2)-c3ccco3,-6.163,29,-0.21251724137931036
Cn1cc(cn1)CCCNC(=O)c2ccc(S(=O)=O)cc2,-6.162,21,-0.2934285714285714
CC[N@H+]1CC[C@@H](CC1)CCCOc(ccc2)c(c23)c(C)c(o3)C(=O)c4[nH+]ccn4C,-6.161,30,-0.20536666666666664
c1cccc(c12)c(c[nH]2)C[C@H](N)C(=O)NC3CCN(CC3)N(C4=O)C(=O)N([C@H]45)CC[C@H]5O,-6.156,32,-0.192375
Cc1cccc(c1)N2CCN(CC2)c3cccc(c3)NS(=O)(=O)c4c(F)cccc4F,-6.156,31,-0.19858064516129031
C1CC1NC(=O)CCS(=O)(=O)c2ccccc2,-6.155,17,-0.36205882352941177
O[C@@H]1CO[C@H]([C@@H]1O)c(n2)oc(c23)cccc3,-6.153,16,-0.3845625
CC(C)C[C@H](N)C(=O)c1cc(nc(n1)N)N2CCOCC2,-6.152,21,-0.29295238095238096
O[C@@H]1[C@H](O)CO[C@H]1S(=O)(=O)c2cccc(F)c2,-6.151,17,-0.3618235294117647
Cc1ccc(c(C)c1)NCC/C=C/C/C=C/C=C/[C@H](O)CCCC(=O)[O-],-6.15,26,-0.23653846153846156
Cc1cc(C)cc(c1)Nc2cccc(n2)-c3c(C)nnn3C4CCN(CC4)n5cc(C)c(=O)[nH]c5=O,-6.15,36,-0.17083333333333334
CC(C)Nc1ccc(Cl)c(Cl)c1,-6.149,12,-0.5124166666666666
Cc1c(C#N)n[nH]c1-c2ccc(=O)n(c2)Cc3ccccc3,-6.148,22,-0.27945454545454546
c1cccc(c12)sc(n2)CCC(=O)NCCC(=O)Nc3cccc(C(=O)[O-])c3,-6.147,28,-0.2195357142857143
O=Cc1ccccc1/C=N/N=c2/[nH]c(cs2)CCCc3ccccc3,-6.146,25,-0.24584
COC(=O)c1ccc(c(Cl)c1)CNCCC(=O)Nc2cccc(C(=O)[O-])c2,-6.145,27,-0.22759259259259257
Oc1c(C)cc(cc1C)NCCc2ccc(Cl)c(Cl)c2,-6.144,20,-0.30720000000000003
o1nc(C)c(c12)cc(c(c2)NC)NS(=O)(=O)c3ccc(cc3)C#CCNS(=O)(=O)C,-6.143,30,-0.20476666666666665
C[NH+]1CCN(CC1)c(cc2)cc(c23)n(c(n3)NCC[NH3+])Cc4ccccc4,-6.141,27,-0.22744444444444445
[nH]1c[nH+]cc1CCC(=O)c(cc2)cc(c23)c(C)c(C)n3Cc4ccc(Cl)c(c4)O[C@@H](C)C(=O)[O-],-6.138,34,-0.18052941176470588
N#Cc1cc(F)cc(c1)C2COC2,-6.135,13,-0.4719230769230769
n1nc(C)n(c12)cc(cc2)-c(n3)n(C)c(c34)c(=O)n(c(=O)n4C)Cc(c5)[nH]c(c56)cccc6Cl,-6.13,34,-0.18029411764705883
CO[C@@H](C)Cn1cc(cn1)Cc2cccc(F)c2,-6.13,18,-0.34055555555555556
CCc(no1)c(c12)cc(c(c2)OC)C(=O)Cc3ccccc3C,-6.13,23,-0.26652173913043475
O=C([O-])Cc1cccc(c1)Cc2ccc(Br)cc2,-6.127,18,-0.34038888888888885
CC[C@H](CO)c1ncn(C2CC[NH2+]CC2)c1-c3ccnc(n3)Oc4ccccc4OC,-6.126,31,-0.19761290322580646
CC(C)(C)c1cc(Br)c(O)c(c1)Cc(ccc2)n(c23)nc(n3)N,-6.125,23,-0.266304347826087
c1n[nH]c(=O)c(c12)c(NS(=O)(=O)C)cnc2NCc(c(F)cc3)c(c34)CCO4,-6.124,28,-0.2187142857142857
Cc1nn(C)c(Cl)c1S(=O)(=O)NCc2ccc(cc2)CC/C=C/C=C/[C@H](O)CCCC(=O)[O-],-6.123,33,-0.18554545454545454
Cc1cc(N)[nH+]c(c1)CCCCCc2ccccc2C(=O)[O-],-6.122,22,-0.2782727272727273
COc1ccc(cc1)Cn2nnc(n2)-c3[nH]ncc3-c4ccncc4,-6.122,25,-0.24488
COc1ccc(cc1)Cc([nH]2)c(c(c23)cc(cc3)OC)CCNC(=O)C,-6.122,26,-0.23546153846153844
CCCNC(=O)[C@H]1O[C@H]([C@H](O)[C@@H]1O)Nc2cccc(c2)N3CCCC3=O,-6.12,26,-0.2353846153846154
C1CCCCC1c([nH]2)nc(c23)n(c(=O)n(c3=O)CCC)CCCNc4cccc(c4)N5CC=CC5=O,-6.12,36,-0.17
CC(O1)(C)C(=O)Nc(c12)ccc(c2)NCc3ccc(C(=O)[O-])cc3,-6.118,24,-0.2549166666666667
C[NH+](C)CCC[C@H]1SC(\NC1=C)=N/Cc(ccc2)c(c23)OCO3,-6.118,23,-0.266
O=C([O-])c1ccccc1CCOCCO,-6.115,15,-0.4076666666666667
[nH+]1c[nH]cc1-c(o2)cc(c23)c(=O)n(C)cc3[C@H](CCCO)C4=CCCC=C4,-6.114,27,-0.22644444444444445
n1ccc(OC)c(c12)cc(cc2)[C@H](C)c3cc(N)cc(C(F)(F)F)c3,-6.114,25,-0.24456
CCCCCCCC(=O)O[C@@H](COP(=O)([O-])OCC[NH3+])Cc1ccc(C[NH+](C)C)nc1C,-6.114,32,-0.1910625
CCCCCCCCC(=O)Nc1c(CC(C)C)nn(C)c1C,-6.113,22,-0.27786363636363637
Clc1ccc(c(Cl)c1)-c2n[nH]cc2-c3ccncc3,-6.111,19,-0.32163157894736844
C[NH2+]Cc1cccc(c1)Cc2cc(Cl)ccc2C,-6.111,18,-0.33949999999999997
O=C(N1)C(C)(C)Oc(c12)cc(c(c2)OC)NNCCNC(=O)NC3CCN(CC3)c4ccccn4,-6.109,35,-0.17454285714285714
o1nc(C)c(c12)cc(c(c2)NC)Nc3cc[nH+]cc3,-6.107,19,-0.32142105263157894
c1cccc(c12)[nH]cc2CCc(ccn3)c(c34)[nH]cn4,-6.106,20,-0.3053
Cc1cc(on1)CCCCCn2nnc(n2)-c3cccc(c3)C(=O)NCc4ccc(C(=O)[O-])cc4,-6.104,35,-0.1744
O=C([O-])Cc(co1)c(c12)ccc(c2)NCCO,-6.098,17,-0.35870588235294115
[NH3+]CCCCc1ccccc1OCCn2ccc(=O)[nH]c2=O,-6.097,22,-0.2771363636363637
OCCOCCOCCOCCCc(c1)[nH]c(c12)cccc2Cl,-6.094,23,-0.2649565217391304
OCC[N+](C)(CCO)CCCOc(c(c1)OC)cc(c12)nc(s2)CNc(c[nH+]3)n(c34)CCC4,-6.094,33,-0.18466666666666667
CCCCCCCCC(=O)CC[C@@H](O1)[C@@]1(C)[C@@]2(O)[C@H](OC)C(=O)CC[C@@]2(C)O,-6.094,28,-0.21764285714285717
CC(O1)(C)C(=O)Nc(c12)cc(O)c(c2)NCC/C=C/C/C=C/C=C/[C@H](O)CCCC(=O)[O-],-6.092,32,-0.190375
c1cnccc1NC(=O)[C@H](C(C)C)Nc(cc2=O)oc(c23)c(ccc3)-c(cc4)cc(c45)OCCO5,-6.092,35,-0.17405714285714285
Cc1cc(n[nH]1)[C@@H](C)Nc(c(c23)cc(Br)cc3)nc([nH+]2)N(C)CCC[NH+](C)C,-6.09,28,-0.2175
c1ccccc1S(=O)(=O)NCC#Cc2ccc(cc2)S(=O)(=O)c3ccnc(c3)N4CC[NH2+]CC4,-6.09,34,-0.17911764705882352
Cc1[nH]nc(C2CC2)c1NCCN3CCOCC3,-6.087,18,-0.33816666666666667
c1nccc(c12)c(ccc2)S(=O)(=O)NCCc3ccc(cc3Cl)C[NH2+]CCc4c[nH+]c[nH]4,-6.086,32,-0.1901875
c1ccccc1C(=O)CC(C)=[N+]2CCN(CC2)c3ccccc3OCCO,-6.086,27,-0.22540740740740742
C1CCCCC1c([nH]2)nc(c23)n(c(=O)n(c3=O)CCC)-c4ccc(cc4)C[C@@H]5SC(=O)[N-]C5=O,-6.081,34,-0.1788529411764706
O=C([O-])COc(c(C)c1)ccc1SC[C@H](OCC)Cc2ccccc2OCCCC(=O)[O-],-6.08,32,-0.19
O=c1ccc(cn1C)CCCOc(cc2)cc(c23)ccn3CC(=O)[O-],-6.079,25,-0.24316
c1ccc(OC)c(c12)[nH]c(n2)CCc3ccccc3,-6.079,19,-0.3199473684210526
FC(F)(F)c(n1)nc(n12)nc(C)cc2C(=O)[C@@H](N)Cc(c[nH]3)c(c34)cccc4,-6.077,28,-0.21703571428571428
c1cc(C)cc(c12)nc([nH]2)CCn3ccc(O)c(C(=O)[O-])c3=O,-6.076,23,-0.26417391304347826
O=C([O-])c1cc(C)nc(c12)n(nc2C(C)C)C(=O)OCc3ccccc3,-6.074,26,-0.2336153846153846
Cc1ncsc1[C@H]2CC[C@H](O)CC2,-6.072,13,-0.46707692307692306
c1ccccc1[C@H](C)c(cc2C(=O)NCC)nc(c2)S(=O)(=O)c3cccc(Br)c3,-6.072,29,-0.2093793103448276
c1cccc(c12)c(c[nH]2)C[C@H]([NH3+])C(=O)N[C@@H]3CC[N@H+](CC3)CCCCCC(=O)[O-],-6.07,29,-0.2093103448275862
[NH3+][C@H]1CCCN(C1)c(n2)c(n(c23)ccs3)/C=N/OCc4ccc(Cl)c(Cl)c4,-6.07,27,-0.22481481481481483
CCN(C(=O)C1)c(c12)ccc(c2)-c3ccno3,-6.069,17,-0.357
C1CC1C(=O)c(cn2C)cc(c2=O)NC(=O)Nc3ccccc3F,-6.065,24,-0.25270833333333337
Clc1ccc(cc1O)OCc(n[nH]2)c(c23)cccn3,-6.064,19,-0.3191578947368421
O=C1[N-]C(=O)[C@@H](S1)Cc2ccc(cc2)OCCNc3ccccc3Cc4ccccc4,-6.058,31,-0.19541935483870967
c1c(Cl)ccc(c12)c([C@H](C)C(=O)[O-])c([nH]2)C(=O)NCCN3CCOCC3,-6.057,26,-0.23296153846153847
NC(=O)CCc1cc(nn(c12)c(C)nn2)-c3ccccc3Oc4ccccc4,-6.056,28,-0.21628571428571428
OCCc1c[nH]nc1-c2cccc(C(F)(F)F)c2,-6.054,18,-0.3363333333333334
CCc1ccccc1-c2ccc(cc2Cl)CCCC(=O)N,-6.053,21,-0.28823809523809524
CCc1c(C)nc(N)nc1-c2ccc(Cl)cc2Cl,-6.053,18,-0.3362777777777778
N#Cc(c1Cl)ccc(c1C)NCc2ccc(C(=O)[O-])cc2,-6.052,21,-0.28819047619047616
Cn(c1)c(=O)ccc1-c(cn2C)c(n2)CCCc(c[nH]3)c(c34)cccc4,-6.049,26,-0.23265384615384616
Fc(c1)cccc1S(=O)(=O)Nc2cccc(c2)-c3cc[nH]n3,-6.049,22,-0.27495454545454545
Fc(c1)cccc1OCC(=O)Nc2nc(cs2)/N=C3\NNCS3,-6.047,23,-0.26291304347826083
c1cc(F)ccc1-c(c2)nc(cc2C(C)(C)N)C(=O)NNCCn3ccc(=O)[nH]c3=O,-6.047,31,-0.19506451612903225
CC(C)CNCC(=O)C(=O)/C([O-])=C/C(=O)NCCCc1cccc(c1)Oc2ccccc2,-6.047,32,-0.18896875
OCCCC(=O)COc1cccc(F)c1,-6.046,15,-0.4030666666666667
CC(C)S(=O)(=O)c(cc1)cc(c12)[C@@](O)(CC2)c3ccccc3,-6.045,22,-0.2747727272727273
OC[C@H]([NH3+])C(=O)Nc1ccc(cc1)-c(nc(=O)[nH]2)c(c23)cccc3,-6.043,24,-0.2517916666666667
C[C@H]1COCCN1CC(=O)Nc2nc(cs2)-c3ccccn3,-6.043,22,-0.2746818181818182
COc1ccccc1Oc2nccc(n2)N3CC[C@@H](C3)[N@@H+](C)CCC[NH+](C)C,-6.042,28,-0.21578571428571428
CNC(=O)c1cccc(c1)S(=O)(=O)c(cc2)nc(c23)sc(n3)NC(=O)C4CC4,-6.041,28,-0.21575000000000003
CC(=O)N1CCC(CC1)CNc2ccc(cc2)C[C@@H]3SC(=O)NC3=O,-6.04,25,-0.2416
c1cncc(c12)c(=O)c(C#N)c([nH]2)Nc3cccc(c3)N4CCCC4=O,-6.04,26,-0.2323076923076923
C[NH2+]Cc1ccccc1-c2csc(c2)[C@@H](C)c(cc3)cc(c3=4)=CC(=O)N4,-6.039,26,-0.23226923076923076
CC[C@@H](CO)c(cc1)cc(c12)occ2CC(=O)[O-],-6.037,18,-0.3353888888888889
Cc1noc(C)c1-c2ccc(cc2)Cc3cccc(c3)N4CC=CC4=O,-6.037,26,-0.2321923076923077
Clc1ccc(c(Cl)c1)-c2[nH]ncc2-c3ccncc3,-6.037,19,-0.31773684210526315
o1nc(C)c(c12)cc(c(c2)O)NNc3ccc(O)cc3,-6.037,20,-0.30185
COc1cccc(c1C(=O)OC)CCCCCCCCc2ccc(S(=O)(=O)N)cc2,-6.035,30,-0.20116666666666666
CCCCCC[C@@H](C)Nc(c(c12)c(=O)[nH]nc2)cnc1NCc(c(F)cc3)c(c34)CCO4,-6.033,32,-0.18853125
Cc1cc(no1)[C@@H](C)N[C@@H]2O[C@@H]([C@@H](O)[C@H]2O)C(=O)NCCO,-6.032,22,-0.2741818181818182
CCCCc1ccc(cc1)OCC[C@H](NC[C@H](O)[C@H]([NH3+])CO)Cc2ccccc2,-6.032,29,-0.208
Cc1noc(C)c1-c2ccc(cc2)NCC(=O)[O-],-6.032,18,-0.33511111111111114
CCNC(=O)c1cc([C@H](C)C(=O)N)nc(c1)[C@@H](C)c2ccccc2,-6.031,24,-0.25129166666666664
O=C([O-])c1ccc(cc1)CNC(=O)c2ccc(cc2)-c3ccccc3,-6.031,25,-0.24123999999999998
O=C(C1)NC[C@@H]1[C@@H](C)N2CCCC2=O,-6.029,14,-0.43064285714285716
s1cncc1COc2ccc(cc2C[NH3+])C(=O)c(c(c34)cccc4)nn3Cc5ccc(F)cc5,-6.027,34,-0.17726470588235294
Cc1ccc(cc1)[C@H](C)CC/C=C/C=C/[C@H](O)CCCC(=O)[O-],-6.024,23,-0.2619130434782609
COCCNC(=O)c1cnn(C)c1C(=O)Nc(cc2)cc(n23)nc(c3)-c4ccccc4,-6.023,31,-0.19429032258064516
O=C([O-])CCC(=O)c(c(C)cc1)c(c12)cccn2,-6.023,18,-0.3346111111111111
CN1CCN(CC1)c(c2)[nH]c3c(ccc(c3c24)n(C)c4O)NCCOCCOCCO,-6.023,31,-0.19429032258064516
OC[C@@H](O)CCc1cccc(c1)Oc2ccccc2,-6.021,19,-0.3168947368421053
c1cc(C)cc(c12)nc([nH]2)CCn3ccc(=O)c(C(=O)[O-])c3O,-6.018,23,-0.26165217391304346
C[NH2+]Cc1ccccc1-c2ccc(cc2)C(=O)NCc3ccccc3,-6.017,25,-0.24068
FC(F)(C1)[C@@H](O)c(c12)c(S(=O)(=O)C)ccc2O,-6.017,17,-0.35394117647058826
c1ccc(C(N)=[NH2+])c(c12)oc(cc2=O)N3CCOCC3,-6.017,20,-0.30085
Cc1cc(C)nc(n12)nc(n2)CC(=O)c3cc(C)c(O)c(C)c3,-6.016,23,-0.26156521739130434
c1cccc(c12)c(-c(cs3)[nH]c3=O)nc(n2)Nc4ccc(F)c(Cl)c4,-6.016,25,-0.24064
C1COCCN1c(c2)cc(C)c(c23)nc([nH]3)-c4c[nH]nc4-c5cccc(C(F)(F)F)c5,-6.016,31,-0.19406451612903225
COc1cccc(c1)[C@H](O)CCCOc2ccc(cc2)C[C@@H]3SC(=O)[N-]C3=O,-6.015,28,-0.21482142857142855
CNc1cc(nc(n1)N)-c2ccc(N)nc2,-6.015,16,-0.3759375
[NH3+]CCNc1cn(C)c(=O)c(c12)cc(o2)-c3cnc[nH]3,-6.015,20,-0.30074999999999996
C1CC1c([nH+]2)cccc2[C@H](CC)c3cccc(c3)C(=O)N(C)C,-6.015,23,-0.26152173913043475
Cc1nn(C)c(Cl)c1S(=O)(=O)CCCC(=O)/C=[NH+]/CC(=O)[O-],-6.015,22,-0.2734090909090909
O=c1ccc(cn1C)C(=O)C(=O)c2ccc(cc2)-c3ccccc3F,-6.013,25,-0.24051999999999998
Cn(c1)c(=O)ccc1-c(cn2C)c(n2)COc3ccc(cc3)-c4ccncc4,-6.013,28,-0.21475
[NH3+]CCNC(=O)COc1ccc(cc1)Cc2cccc(c2)Oc3ccccc3,-6.013,28,-0.21475
O=C([O-])c1ccc(cc1)CNCCN2CCOCC2,-6.011,19,-0.3163684210526316
O=C(C1)NC[C@@H]1[C@@H](C)c2ccc(N)[nH+]c2,-6.011,15,-0.40073333333333333
COc(cc1)cc(c12)nc([nH]2)CCc3cc(Cl)c[nH]c3=O,-6.01,21,-0.28619047619047616
n1c[nH]cc1-c(o2)cc(c23)c(=O)n(C)cc3[C@H](CCCO)C4=CCCC=C4,-6.01,27,-0.2225925925925926
C1COCCC1C(=C2)N=[N+](C23)C(=O)C=C(N=3)CNCc4cccc(Cl)c4,-6.01,26,-0.23115384615384615
c1occc1-c(cc2)ccc2C(=O)c3cccc(c3)N4CC=CC4=O,-6.009,25,-0.24036000000000002
COc1cccc(c1)CC(=[NH2+])NC(=O)c2ccc(cc2)-c3ccccc3F,-6.008,27,-0.22251851851851853
O[C@@H](C1)CCCN1n(c(=O)n(c2=O)CCC)c(c23)nc([nH]3)C4CCCCC4,-6.007,27,-0.22248148148148147
CC(=O)N1CCC(CC1)CNc2cccn2C,-6.004,17,-0.35317647058823526
Clc1cc(F)ccc1S(=O)(=O)NCc2ccccc2,-6.002,19,-0.31589473684210523
O=C([O-])c1c(=O)ccn(c1O)NCCOc2ccc(Cl)cc2Cl,-6.001,23,-0.2609130434782609
Cc1ccc(C)c(c1)CNS(=O)(=O)c2ccc(F)c(Cl)c2,-6.001,21,-0.2857619047619048
Clc1ccccc1-c2ccc(o2)/C=N/n3cccc3,-5.998,19,-0.3156842105263158
n1cnc(N)c(c12)ncn2[C@@H]3O[C@@H]([C@@H](O)[C@H]3O)Cc4ncc(F)cc4F,-5.998,26,-0.2306923076923077
c1ccccc1-n(nc2C)c(C)c2/C=N/C(=O)CCCCCCCCCO,-5.997,27,-0.22211111111111112
O=P([O-])(O)OP(=O)([O-])SC/C=C(\C)CCCNc1ccc(F)cc1,-5.997,24,-0.24987499999999999
CC(=O)NCCCc1ccc(cc1)CNS(=O)(=O)c2c(C)nn(C)c2Cl,-5.997,26,-0.23065384615384615
C[C@@H](O)c1ccc(cc1)Cn2cc(ccc2=O)-c(cc3)cc(c34)occ4CC(=O)[O-],-5.996,30,-0.1998666666666667
COc1cccc(c1)OCC(=O)Nc2ccc(cc2)-c3cc(C)c(O)c(C)c3,-5.994,28,-0.21407142857142855
O=C([O-])c1sccc1C(=O)CCCCCCCCCOC(=O)[C@H](O)CO,-5.993,26,-0.2305
CCCCCCCC(=O)O[C@@H](COP(=O)([O-])OCC[NH3+])CNc1cccc(Cl)c1Cl,-5.993,30,-0.19976666666666668
CCOC(=O)c1cnn(C)c1C(=O)Nc2nccs2,-5.992,19,-0.3153684210526316
Cc1cc(n[nH]1)[C@@H](C)[NH2+]Cc(cc2)nc(c23)cccc3,-5.991,20,-0.29955
NC(=O)c1ncc(cn1)-c2cc(ccc2Cl)OCc(n[nH]3)c(c34)cccn4,-5.99,27,-0.22185185185185186
CCn(cn1)c(c12)c(=O)[nH]c(=O)n2C/C=C/[C@@H](O)CCCCCCCC(=O)[O-],-5.99,28,-0.21392857142857144
CC(=O)Nc1cccc(c1)C(=O)CCC(=O)[O-],-5.988,17,-0.3522352941176471
c1cc(F)cc(c12)c(N[C@H](C)C(=O)[O-])c(C#N)c(n2)N[C@H](C)c3ccc(Br)cc3,-5.988,29,-0.20648275862068968
C1CCCCC1c([nH]2)nc(c23)n(c(=O)n(c3=O)CCC)-c4ccc(cc4)C[C@@H]5SC(=O)NC5=O,-5.987,34,-0.17608823529411766
CC(C)C[C@H](N)C(=O)c1cc(nc(n1)N)N2CCCCC2,-5.985,21,-0.28500000000000003
CCCNC(=O)[C@H]1O[C@@H](NC(C)(C)C)[C@H](O)[C@@H]1O,-5.984,18,-0.33244444444444443
NC(=[NH2+])N(CC1)CCC1n(nnc2C)c2CC(=O)Nc3ccc(cc3)-c(n4)sc(c45)cccc5,-5.983,34,-0.1759705882352941
c1ccccc1[C@H](C)c(c2)nc(cc2C(=O)NCC)-c3[nH]ncc3-c4ccncc4,-5.982,30,-0.1994
CN(C)C(=O)c1cccc(c1)C(=O)[C@@H](N)Cc(c[nH]2)c(c23)cccc3,-5.98,25,-0.23920000000000002
CCCC(=O)OC[C@@H](CC1CC1)COP(=O)([O-])OCC[NH3+],-5.976,21,-0.2845714285714286
O=C1CC=CN1c2cccc(c2)NCCCCCc3ccccn3,-5.976,24,-0.249
CCCCCC[C@@H](C)Nc(c1)c(NC)cc(c12)onc2C,-5.975,21,-0.2845238095238095
c1ccccc1CCCCNc2ccco2,-5.973,16,-0.3733125
[nH]1ccnc1C(=O)c(cc2OC)ccc2OC3CC3,-5.972,19,-0.3143157894736842
NC(=O)[C@@H](C)NCc1cccs1,-5.972,12,-0.4976666666666667
c1ccccc1C(=O)/C=C(\O)c(cn2)cc(c23)cccc3,-5.971,21,-0.2843333333333333
CCOC(=O)CCN/N=C/c1ccc(o1)-c2ccccc2Cl,-5.971,22,-0.27140909090909093
COC(=O)CC(=O)NCCCc(cc1)cc(c12)ccn2CC(=O)[O-],-5.971,24,-0.24879166666666666
Cc1cc(C)cc(c1)Nc2nccc(n2)S(=O)(=O)CC(F)(F)F,-5.971,23,-0.2596086956521739
FC(F)(F)CCCc(c1)[nH]c(c12)cccc2Cl,-5.971,17,-0.3512352941176471
COc1cccc(c1C(=O)OC)CCCCCCCC[NH2+]CC[NH3+],-5.97,24,-0.24875
c1ccccc1[C@]2(C)COc(c23)c(C(=O)NC)cc(c3)C(=O)CCc4[nH+]cc[nH]4,-5.97,29,-0.20586206896551723
C=CC1=C(C)[C@@H](NC1=O)c(cc(C)c2)c(c23)oc(n3)N,-5.968,20,-0.2984
n1cccnc1Nc(c2)c(ccc2S(=O)(=O)C)-c(nc(c34)cccc4)nc3NCc5ccco5,-5.966,34,-0.17547058823529413
[NH2+]1CCCC[C@@H]1N(C)CCc2ccc(C#N)cc2,-5.966,18,-0.33144444444444443
CCc1ccccc1C(=O)c(cc(c2)C(=O)N[C@H]3[C@@H]([C@@H]34)COC4)c(c25)OC[C@@]5(C)c6ccccc6,-5.965,35,-0.17042857142857143
C1OC[C@H]([C@H]12)[C@@H]2NC(=O)[C@H](CO)NC(=O)CCCCCCCCCO,-5.961,25,-0.23844
n1cccc(c12)c(n[nH]2)Cc(cn3C)c(n3)COc4ccc(cc4)-c(ccc5)c(c56)ncn6C,-5.96,34,-0.17529411764705882
Cc1ccc(cc1)OCCCCNS(=O)(=O)c(ccc2)c(c23)ccnc3,-5.958,26,-0.22915384615384615
FC(F)(F)c1ccncc1C(=O)c2cccc(c2)NS(=O)(=O)c3cccc(Br)c3,-5.958,29,-0.20544827586206899
COc1cccc(c1)C/C(N)=N/N=C/c2ccc(o2)-c3ccccc3Cl,-5.958,26,-0.22915384615384615
C1CC1C[NH2+]CCCCNC(=O)COc(ccc2)c(c23)C(=O)N(C3=O)[C@H]4CCC(=O)NC4=O,-5.958,33,-0.18054545454545456
c1ccc(Cl)c(c12)cc([nH]2)C[NH2+][C@@H](Cn3ccnc3)c4ccccc4,-5.957,25,-0.23828
Clc(c1)cc(F)cc1C(=O)c2ccc(S(=O)=O)cc2,-5.954,19,-0.3133684210526316
OCCc1cn[nH]c1-c2cccc(C(F)(F)F)c2,-5.953,18,-0.33072222222222225
CC(C)C[C@H](N)C(=O)Nc1c(ncn1CC#C)-c2cccc(c2)OC,-5.952,25,-0.23807999999999999
COc1cc(=O)n(C)nc1CC(=O)Nc2ccc(cc2)-c(n3)sc(c34)cccc4,-5.952,29,-0.20524137931034483
O=C1CC=CN1c2cccc(c2)Nc3cc(Cl)ccc3O,-5.951,21,-0.28338095238095234
Fc1ccc(F)c(c1)-c2ccoc2,-5.948,13,-0.45753846153846156
C1COCCN1c(c2)cc(C)c(c23)[nH]c(n3)-c4cn[nH]c4-c5cccc(C(F)(F)F)c5,-5.945,31,-0.1917741935483871
CCC(=O)c(cc1)cc(c1=2)=CC(=O)N2,-5.944,14,-0.42457142857142854
CC(O1)(C)C(=O)Nc(c12)ccc(c2)Nc3ccccc3F,-5.943,21,-0.283
Cn1cc[nH+]c1C(=O)c(o2)c(C)c(c23)c(ccc3)OCCCC(=O)COc4cccc(F)c4,-5.934,33,-0.17981818181818182
O=C([O-])CCC(=O)NCCc1cccs1,-5.934,15,-0.3956
C1COCCN1c(c2)cc(C)c(c23)[nH]c(n3)-c4c[nH]nc4-c5cccc(C(F)(F)F)c5,-5.932,31,-0.19135483870967743
[nH]1cncc1-c(o2)cc(c23)c(=O)n(C)cc3CCCc4ccccc4,-5.931,25,-0.23724
c1cc(C)cc(c12)c(c[nH]2)Cc(cc3C)n(c34)cc[nH]c4=O,-5.931,22,-0.2695909090909091
[NH3+]CCc1ccc(cc1Cl)C[NH2+]CCc(n2)[nH]c(c23)cc(Cl)c(Cl)c3,-5.927,25,-0.23707999999999999
CC(=O)NCCCc1cc(Cl)ccc1C,-5.926,15,-0.3950666666666667
O=c1ccc(cn1C)C(=O)NCCCNc2ccc(cc2)C[C@H]3SC(=O)[N-]C3=O,-5.925,29,-0.2043103448275862
CC(=O)Nc1cccc(c1)CC#C[Si](C)(C)C,-5.923,17,-0.34841176470588237
O=C([O-])Cc1cccc(c1)Cn2ccc(O)c(C(=O)[O-])c2=O,-5.922,22,-0.2691818181818182
CCCCCC(=O)N[C@@H](CO)[C@H](O)Cc(cc1)c(c2c13)ccc4c2c(cc3)ccc4,-5.921,30,-0.19736666666666666
CCC(=O)c1c[nH]c(c1)C(=O)c2ccccc2O,-5.921,18,-0.3289444444444445
CC(C)(C)OC(=O)NCCCNNCc1ccc(cc1C(F)(F)F)NS(=O)(=O)C2CC2,-5.921,31,-0.191
C[N+](C)(C)CCOP(=O)([O-])OC[C@H](OC(=O)CCCCC)Cc(c1)c(NC)cc(c12)onc2C,-5.92,34,-0.17411764705882352
CCCCC(=O)OC[C@H](CO)c1ccc(C#N)c(Cl)c1,-5.92,20,-0.296
Cc1cc(C)cc(c1)Oc2nccc(n2)-c3c(-c4[nH]nc(C#N)c4C)ncn3[C@H]5CC[N@@H+](C5)CC[NH3+],-5.918,36,-0.1643888888888889
CCOC(=O)Cc1nc(cs1)-c2ccc(cc2)C(=O)c3cc(CO)ccc3F,-5.918,28,-0.21135714285714285
C[C@@H](O)c1ccc(cc1)Cc2ccc(cc2)C[C@H]3SC(=O)NC3=O,-5.918,24,-0.24658333333333335
Cc1nnn(C)c1-c2cccc(n2)-c3c(C)nnn3C4CCN(C(N)=[NH2+])CC4,-5.917,28,-0.21132142857142858
n1nc(C)n(c12)cc(nc2NC(C)C)[C@H](CCCO)C3=CCCC=C3,-5.916,25,-0.23664000000000002
N#Cc(c1Cl)ccc(c1C)CC(=O)Nc2nc(cs2)-c3ccccn3,-5.914,25,-0.23656
N#C[C@H]1C[C@H](C1)Nc2ccc(Cl)cc2,-5.913,14,-0.4223571428571429
C[NH+]1CCN(CC1)c2ccc(cc2)CC/C=C/C/C=C/C=C/[C@H](O)CCCC(=O)[O-],-5.913,30,-0.1971
CC(C)[C@H](CO)C(=O)Cc(cs1)c(c12)cc(Cl)cc2,-5.912,19,-0.3111578947368421
COc(c1)c(OC)cc(c12)c(ncn2)-c3cc(Cl)cc(C#N)c3,-5.91,23,-0.2569565217391304
O=C([O-])c1c(O)ccn(c1=O)-c2cnns2,-5.91,16,-0.369375
CNc1cc([nH+]c(n1)N)N2CCN(CC2)c3ccnc(n3)Nc4cc(C)cc(C)c4,-5.909,30,-0.19696666666666665
c1cccc(c12)c(c[nH]2)C[C@H]([NH3+])C(=O)NC3CCOCC3,-5.908,21,-0.2813333333333333
c1cccc(c12)n(C)nc2CCc3cnc[nH]3,-5.903,17,-0.34723529411764703
c1cccc(c12)cncc2Cc(n[nH]3)c(c34)cccn4,-5.902,20,-0.29510000000000003
Clc1ccc(cc1Cl)Cc2ccc(nc2)N3CC[NH2+]CC3,-5.902,21,-0.28104761904761905
COc1c(OC)cc(cc1OC)C(=O)CCc2ccc(cc2)OS(=O)(=O)C,-5.901,27,-0.21855555555555556
CC(C)CCc1cccc(c1)-c2csc(=O)[nH]2,-5.899,17,-0.347
C[NH+](C)CCC[N@@H+](C)[C@H]1CCN(C1)C(=O)c([nH]2)c(NC3C=C3)c(c24)ccc(Cl)c4,-5.899,29,-0.2034137931034483
CCCCc1ccc(cc1)OCC[C@H]([NH2+]C[C@H](O)[C@H](N)CO)Cc2ccccc2,-5.897,29,-0.2033448275862069
CCCCCCC(=O)CCc(c[nH]1)c(c12)cccc2,-5.897,19,-0.31036842105263157
COC(=O)CC(=O)c(ccc1)n(c12)nc(n2)N,-5.896,17,-0.3468235294117647
Clc(c1)cccc1[C@H](O)C[NH2+]Cc2ccc(cc2)N3CCCCC3,-5.895,24,-0.24562499999999998
O=c1[nH]cc(Cl)cc1-c2ncc[nH]2,-5.895,13,-0.4534615384615384
c1ccccc1[C@]2(C)COc(c23)c(C(=O)NC)cc(c3)C(=O)Nc4ccccc4F,-5.894,30,-0.19646666666666668
COc1cccc(c1)[C@H](O)Cc2ccc(cc2)OC(C)(C)C(=O)[O-],-5.893,24,-0.24554166666666666
CC(C)(C)c1ccc(cc1)COCCO,-5.892,15,-0.39280000000000004
CCOC(=O)CCNc(n1)c(n(c12)ccs2)/C=N/OCc3ccc(Cl)c(Cl)c3,-5.892,28,-0.21042857142857144
CC[C@@H]([C@H](C)O)c(cc1)nc(c12)cccc2,-5.89,16,-0.368125
c1cccc(c12)c(CC(C)(C)O)nc(n2)Nc3ccc(F)c(Cl)c3,-5.89,24,-0.24541666666666664
CCCCCC[C@@H](C)Nc1cccc(c1)-c2csc(=O)[nH]2,-5.888,21,-0.2803809523809524
COc1ccc(cc1)S(=O)(=O)Nc(c2)c(OC)cc(c23)onc3C,-5.888,24,-0.24533333333333332
Cc1cc(C)nc(n12)nc(n2)CC(=O)C(=O)Cc(cnc3)c(c34)c(O)ccc4,-5.887,28,-0.21025
C[NH+]1CCN(CC1)CCc2ccc(F)c(F)c2F,-5.884,18,-0.3268888888888889
COCCCNc1ncc(F)cc1F,-5.884,14,-0.4202857142857143
CN(C)C(=O)c1cccc(c1)-c(c(c23)cc[nH]3)cn(c2=O)Nc4cncs4,-5.884,27,-0.21792592592592594
O=C([O-])C[C@H](C)CCCc1cc(CS(=O)(=O)C)cnc1Oc2ccc(F)cc2F,-5.884,29,-0.20289655172413795
C1CC1N2C(C)(C)C(=O)N(C)c(c23)ccc(c3)Nc4cc(F)cc(F)c4,-5.882,26,-0.2262307692307692
Cc([nH+]1)c(C)n(c12)c(C)c(cc2)CCc3[nH+]c(cn3C)-c4ccc(N)nc4,-5.881,27,-0.21781481481481482
OCCOCCOCCCc1ccc(cc1)-c2cccc(F)n2,-5.879,23,-0.25560869565217387
o1cccc1CNC(=S)C(=O)O[C@H](CC)c2cc(no2)-c3ccc(cc3)OC(C)(C)C(=O)[O-],-5.879,33,-0.17815151515151514
c1cc(C)cc(c12)[nH]c(n2)CCn3ccc(=O)c(C(=O)[O-])c3O,-5.879,23,-0.25560869565217387
[NH3+]CCNn(c1=O)c(=O)n(C)c(c12)ccc(c2)C(=O)C3=C([O-])CCCC3=O,-5.877,27,-0.21766666666666665
COCCNc(ncn1)c(c12)cc[nH]2,-5.876,14,-0.41971428571428576
c1cccc(c12)c(c[nH]2)C[C@H](N)C(=O)C(=O)c(c3)oc(c34)cccc4,-5.875,25,-0.235
CCc1ccccc1N[C@@H](C(C)C)C(=O)Nc2ccncc2,-5.875,22,-0.26704545454545453
COc1ccc(cc1)S(=O)(=O)c(cc2)cc(c2=3)=NC(=O)N3,-5.875,21,-0.27976190476190477
O=c1n(C)ncc(c1C)C(=O)NCCCCc2ccccc2,-5.873,22,-0.26695454545454544
Oc1ccc(F)cc1C(=O)CCNS(=O)(=O)c(ccc2)c(c23)ccnc3,-5.873,26,-0.2258846153846154
[NH3+]CCc1ccc(cc1)Cc2ccc(F)cc2,-5.872,17,-0.34541176470588236
NC(=O)CC[NH2+]CCNC(=O)NC1CCN(CC1)c2ccccn2,-5.871,24,-0.244625
CC(=O)N1CCC(CC1)Cc2cnn(C)c2,-5.871,16,-0.3669375
C1CCCC1n(c(c2)C(=O)N(C)C)c(c23)nc(nc3)Nc4ccc(cc4)C5C=C5,-5.87,29,-0.2024137931034483
CCC(=O)c1ccc(CC[NH2+]CCO)cc1NC(=O)c(cc2)nc(c23)cccc3,-5.87,29,-0.2024137931034483
CC(=O)NCCCc1ccc(cc1Cl)CNCCCC[NH3+],-5.87,21,-0.2795238095238095
CC(C)S(=O)(=O)NNC(=O)c(cc1OC)ccc1OC2CC2,-5.869,22,-0.2667727272727273
Cn1ccc(n1)CCNc(n2)sc(c23)cccc3,-5.869,18,-0.32605555555555554
c1cc(O)ccc1Cc(cn2C)cc(c2=O)NC(=O)Nc3ccccc3F,-5.867,27,-0.2172962962962963
Cc1c(C#N)cccc1[C@@H](C)c(cc2)cc(c2=3)=NC(=O)N3,-5.866,21,-0.2793333333333333
C[NH2+]C[C@@H](O)COc1ccc(Cl)c(c1)S(=O)(=O)c2ccc(C)cc2,-5.865,24,-0.244375
c1cccc(c12)nc(o2)N[C@H]3[C@@H]([C@@H]34)COC4,-5.865,16,-0.3665625
COCCc(cc1)cc(c12)ccn2CC(=O)[O-],-5.864,17,-0.34494117647058825
CO[C@@H](C)Cn1cc(cn1)-c(c(n2)C)n(c23)ccnc3NCCC4CCCCC4,-5.861,29,-0.20210344827586207
O=c([nH]1)c(Cl)ccc1CC(=O)c(cs2)c(c23)oc(cc3=O)N4CCOCC4,-5.86,27,-0.21703703703703706
Cc1nc(C[NH+](C)C)ccc1-c2cccc(c2)NS(=O)(=O)c3ccc(F)c(Cl)c3,-5.86,29,-0.20206896551724138
Cc(n1)c(C)n(c12)nc(cc2)-c3c(cc[nH]c3=O)NC[C@@H](O)c4cccc(Cl)c4,-5.859,29,-0.20203448275862068
c1ccccc1C[NH2+]Cc(n[nH]2)c(c23)cccn3,-5.859,18,-0.3255
N#Cc(c(N)[nH]1)c(c12)cc(cc2)CCC(=O)N,-5.859,17,-0.3446470588235294
Cn1cc(NO)cc(c1=O)NC(=O)Nc2ccccc2F,-5.858,21,-0.27895238095238095
COc(cc1)cc(c12)c(CCNC(=O)C)c([nH]2)Cc3ccccn3,-5.857,24,-0.24404166666666668
CC(=O)NC[C@H]1CN(C(=O)O1)C2CCN(CC2)Cc3cccc(n3)Oc4ccccc4,-5.857,31,-0.18893548387096776
C[NH+](C)CCC[N@@H+](C)[C@H]1CCN(C1)NCCCNC(=O)c2ccc(=O)n(C)c2,-5.856,28,-0.20914285714285713
Cc1n[nH]cc1CCc(n2)[nH]c(c23)cc(Cl)c(Cl)c3,-5.856,19,-0.3082105263157895
C[C@@H](O)Cc(cc1=O)oc(c12)c(c(O)cc2O)[C@H]3CC[N@H+](C)C[C@H]3O,-5.854,25,-0.23416
o1nc(C)c(c12)cc(c(c2)NC)Cc3[nH+]c(cn3C)-c4ccccc4,-5.853,25,-0.23412
Cc1cc(C)cc(c1)Oc2nccc(n2)-c3c(CC(C)C)ncn3[C@H]4CC[N@H+](C4)CCN,-5.849,32,-0.18278125
O=C(N1)C(C)(C)Oc(c12)cc(c(c2)OC)Nc3cc(F)ccc3F,-5.849,24,-0.24370833333333333
O=C([O-])CNc1noc(-c2ccccc2)c1C(=O)NCCOc3ccc(Cl)cc3Cl,-5.849,30,-0.19496666666666668
O=C([O-])CCC[C@@H](O)/C=C/C=C/CCN1CCC[NH2+]CC1,-5.848,21,-0.2784761904761905
O=c1ccc(cn1C)C(=O)[C@H]2CCN(C2)CC[NH3+],-5.848,18,-0.3248888888888889
OCCOCC(=O)c1cc(F)ccc1O,-5.848,15,-0.38986666666666664
Cc1cc(C)cc(c1)Oc2cccc(n2)NCCC(=O)Nc3cccc(C(=O)[O-])c3,-5.848,30,-0.19493333333333332
c1ccc([N+](=O)[O-])c(c12)nc([nH]2)CCN3CCC(O)CC3,-5.847,21,-0.27842857142857147
Fc(n1)cccc1-c(nn(c23)c(C)nn2)cc3N[C@H](C)C(=O)N,-5.847,23,-0.25421739130434784
CC[C@@H](CO)S(=O)(=O)c1c(C)cc(C)cc1C,-5.846,17,-0.3438823529411765
O[C@@H]1[C@@H](O)[C@@H](O)[C@@H](O[C@H]1C)NCCCCc2ccccc2,-5.845,21,-0.2783333333333333
FC(F)(F)OCCC(=O)c(cc1)nc(c12)cccc2,-5.845,19,-0.3076315789473684
CCCCCCC/C=C/CCCCCCCCC(=O)O[C@@H](CO)COCCn1ccc(=O)[nH]c1=O,-5.844,35,-0.16697142857142858
Cc1ccc(cc1C)Nc2nccc(n2)-c(sc3S(=O)(=O)C)c(c34)CCC(F)(F)[C@H]4O,-5.844,31,-0.18851612903225806
c1cccc(c12)c(c[nH]2)C[C@H](N)C(=O)CC[NH2+]C/C=C/c3ccc(Br)cc3,-5.843,27,-0.2164074074074074
Cc1cc(C)cc(c1)Oc2cccc(n2)N3CCN(CC3)C(=O)c4cc(=O)[nH]c(=O)[n-]4,-5.843,31,-0.18848387096774194
Cc1cc([nH]n1)[C@@H](C)Nc2ccccc2C(=O)c3ccccc3,-5.842,23,-0.254
C[C@@H](O)c1ccc(cc1)Cc2cs/c([nH]2)=N/N=C/c3ccccc3C=O,-5.841,26,-0.22465384615384615
CC(C)[C@H](CO)[C@H](C)[C@H]1CNC(=O)C1,-5.84,14,-0.41714285714285715
[nH]1ccc(c12)c(cn(C)c2=O)[C@H](C)C3CC3,-5.84,16,-0.365
[nH]1ccc(c12)c(ccc2)[C@@H]3COc(c34)c(C(=O)NC)cc(c4)C(=O)c5cccc(c5)N6CCCC6=O,-5.839,36,-0.16219444444444445
C1CC1[C@@H](C)Nc(nc(n2)C(=O)[O-])c(c23)n(c(n3)CC[NH3+])Cc4ccc(Cl)cc4,-5.839,29,-0.20134482758620692
COCC[NH2+]CCOc1ccc(Cl)cc1Cl,-5.837,16,-0.3648125
Cc1ccc(cc1)OCCc(ccc2)n(c23)nc(n3)N,-5.837,20,-0.29185
[NH3+]CCCCCCCCCC(=O)N[C@@H](CO)C(=O)NCC[C@H](CC1)c(c12)c3c(cc2)OCC3,-5.837,33,-0.17687878787878786
CC[C@@H]([C@H](C)O)[C@H](C)[C@H]1CC[C@H](C)CC1,-5.836,15,-0.38906666666666667
CO[C@@H](C)Cn1cc(cn1)-c2cccc(n2)Oc3cc(C)cc(C)c3,-5.834,25,-0.23335999999999998
c1c[nH]c(=O)c(n12)c(C)cc2N3CCOCC3,-5.834,17,-0.34317647058823525
C[NH+]1CCN(CC1)c2ccc(cc2)COCCO,-5.833,18,-0.32405555555555554
O=C([O-])c1ccccc1C[N@H+]2CC[C@@H](CC2)C(=O)NC3CCCCCC3,-5.832,26,-0.2243076923076923
Ic(n1)nc(N)c(c12)ncn2Nc3ccc(Cl)cc3,-5.831,19,-0.3068947368421053
Nc(c1)cccc1[C@@H](C)c2cc(CO)ccc2F,-5.831,18,-0.3239444444444445
OCc1ccccc1Cc2cccc(F)c2,-5.831,16,-0.3644375
NC(=O)CC[NH2+]Cc1ccc(CC(=O)[O-])c(Cl)c1,-5.831,18,-0.3239444444444445
CCc1c(NC)nc(N)nc1-c(nc(c23)cccc3)nc2NCc4ccco4,-5.829,28,-0.2081785714285714
O=c([nH]1)onc1C(\C)=C/2c(cccc3)c3OCc(c24)cc(cc4)CCc5cccc(c5)C(=O)N,-5.829,34,-0.17144117647058824
COCCOCCOCCN1CCOC[C@@H]1c2ccccc2,-5.828,22,-0.2649090909090909
OC[C@H](O)COP(=O)([O-])OC[C@H](OC(=O)C)COc1cc(C)cc(C)c1,-5.828,26,-0.22415384615384618
c1ccccc1C(=O)c2ccccc2NCC(=CC3=O)N=C([N+]3=4)C=C(N4)C5CCOCC5,-5.825,32,-0.18203125
O[C@@H]1CCN([C@@H]12)C(=O)N(C2=O)c3cccc(c3)NS(=O)(=O)c4cccs4,-5.824,26,-0.224
Clc(c1)c(Cl)ccc1CCOc(c(c2)OC)cc(c23)c(ncn3)N4CCOCC4,-5.822,29,-0.20075862068965517
c1ccccc1CNC(=O)c2ccc(cc2)-c3ncn(n3)C[C@H]4CC[C@H](C(=O)[O-])CC4,-5.821,31,-0.1877741935483871
CC(=O)NCCC[NH2+]Cc1ccc(CC(=O)[O-])c(Cl)c1,-5.821,20,-0.29105
o1nc(C)c(c12)cc(c(c2)NC)Cc3nc(cn3C)-c4ccccc4,-5.82,25,-0.2328
c1cccc([nH+]2)c1n(c23)C[C@H](C)N3c(cc4C)cc(n4)C(=O)NCc5ccc(F)cc5,-5.818,31,-0.1876774193548387
CC(=O)N1CCC(CC1)CNC(=O)N[C@@H](c(nnc2C)n2c(c34)cccc4)N=C3c5ccccc5,-5.818,35,-0.16622857142857142
N#Cc1ccc(NO)cc1Cl,-5.817,11,-0.5288181818181819
n1cc[nH]c1CCCc2cncs2,-5.817,13,-0.44746153846153847
COC1=C(OC)C(=O)C(=C(C)C1=O)CCS(=O)(=O)c2ccc(F)cc2C,-5.817,26,-0.22373076923076923
C[NH+](C)CCC[N@H+](C)[C@H]1CCN(C1)C(=O)c([nH]2)c(c(c23)ccc(Cl)c3)Nc4ccc(N)cc4,-5.815,33,-0.17621212121212124
C1C[N@H+](C)CC[C@H]1NC(=O)c(cc2OC)ccc2NCc3ccccn3,-5.815,26,-0.22365384615384618
O=C([O-])C[C@H](C)CCCOc1ccccc1CCc(c2)[nH]c(c23)cccc3Cl,-5.813,28,-0.20760714285714285
C1CCCC1NS(=O)(=O)c2cc(ccc2C)[C@H](C)c3cccc(c3)-c4cn[nH]c4,-5.812,29,-0.20041379310344828
[nH]1cncc1CCC(=O)c(cc2)cc(c23)c(C)c(C)n3Cc4ccc(Cl)c(c4)O[C@@H](C)C(=O)[O-],-5.812,34,-0.17094117647058824
CCCCCCCCC(=O)SCC[NH2+]C[C@H](O)CCCC(=O)[O-],-5.812,23,-0.25269565217391304
c1cc(O)ccc1Nc(c2)c(ncc2CS(=O)(=O)CC)Oc3ccc(F)cc3F,-5.811,29,-0.2003793103448276
CC(C)(C)c(cc1)ccc1S(=O)(=O)c(c2C)nnn2NC3CCCCC3,-5.81,26,-0.22346153846153843
C[N@@H+](C1)CC[C@@H]1C(=O)[C@H](CCSC)NC(=O)[C@H]2CC[C@@H](C)CC2,-5.809,23,-0.25256521739130433
C[C@@H](O)c1ccc(cc1)Cc2cccc(C(=O)[O-])c2,-5.809,19,-0.30573684210526314
O=C([O-])[C@@H]([NH3+])CC[S+](C)C[C@H]1O[C@H]([C@H](O)[C@@H]1O)CCCN2CCOCC2,-5.809,26,-0.22342307692307692
CCCCC(=O)OC[C@H](CO)OS(=O)(=O)c1cccc(Br)c1,-5.808,22,-0.264
Clc(c1)cncc1[C@@H](CC)c2cccc(n2)C3CC3,-5.807,19,-0.3056315789473684
COc1ccc(cc1OC)N(NC2CC2)CC(=O)NC(C(C)C)C(C)C,-5.806,26,-0.22330769230769232
COC(=O)N(CC1)CCC12CN(C2)[C@@H]3O[C@@H]([C@@H](O)[C@H]3O)C(=O)NCCO,-5.806,26,-0.22330769230769232
c1ccccc1[C@](O)(CC2)c(c23)cc(cc3)N4CCN(CC4)C5COC5,-5.806,26,-0.22330769230769232
C[NH2+]C[C@@H](O)Cc(ncn1)c(c12)cc[nH]2,-5.806,15,-0.38706666666666667
C1C[C@H](C)Cc(c12)sc(c2C(=O)N)NCCc3ccc(cn3)[C@H](C)O,-5.805,25,-0.2322
O=C([O-])c1ccc(cc1)C[NH2+]CCN2CCOCC2,-5.804,19,-0.30547368421052634
C=CC1=C(C)[C@@H](NC1=O)C[C@H](O)CO,-5.804,14,-0.4145714285714286
Cc1cc(F)ccc1S(=O)(=O)N[C@H](C)c2nc[nH]n2,-5.804,19,-0.30547368421052634
Fc(c1)cccc1C(=O)Cc2ccc(Cl)c(=O)[nH]2,-5.801,18,-0.3222777777777778
c1ccccc1CNNc2ccccc2,-5.8,15,-0.38666666666666666
Cc1noc(C)c1-c2ccc(=O)n(c2)OCc3ccccc3,-5.799,22,-0.2635909090909091
n1nn(C)c(c12)cc(cc2)NNc3cccc(c3)-c4csc(=O)[nH]4,-5.799,24,-0.241625
Cn(c1)c(=O)ccc1-c(cn2C)c(n2)Cc3ccccc3O,-5.799,22,-0.2635909090909091
Cc1cccc(c12)n(c(n2)CCC)C(=O)OCc3ccccc3,-5.799,23,-0.2521304347826087
COCCOCCOCCCc(n[nH]1)c(c12)cccn2,-5.798,20,-0.2899
CC(C)ONCCCn(c(=O)n(c1=O)CCC)c(c12)nc([nH]2)C3CCCCC3,-5.798,28,-0.20707142857142857
C1CC1Oc2ccc(cc2OC)C(=O)NNc(cc(n3)C)n(c34)ncn4,-5.797,26,-0.22296153846153846
C=CC1=C(C)[C@@H](NC1=O)c2cccc(c2)NC(=O)C,-5.797,19,-0.3051052631578947
c1ncccc1[C@H](C(=O)NCC)N(c2ccc(C(C)(C)C)cc2)C/C=C/[C@H](O)CCCC(=O)[O-],-5.796,34,-0.17047058823529412
Cc1nn(C)c(Cl)c1S(=O)(=O)NCc2ccc(cc2)C(=O)[C@H](O)CO,-5.795,25,-0.2318
CCCCC(=O)OC[C@H](CO)Oc1cc(ccc1Cl)OC[C@H](O)C[NH2+]C,-5.793,26,-0.22280769230769232
CCc1cccc(C)c1NN[C@@H](C(C)C)C(=O)Nc2ccncc2,-5.792,24,-0.24133333333333332
OCCCn1ccc(c12)cc(cc2)C(=O)NCc3ccc(cc3C(F)(F)F)NS(=O)(=O)C4CC4,-5.791,34,-0.1703235294117647
COc1ccc(cc1)Cn2nnc(n2)Nc3ccc(OC)cc3C,-5.791,24,-0.24129166666666668
CN(C1)C(=O)Nc(c12)ccc(c2)NCCCn(cc3)c(c34)cccc4OC(C)(C)C(=O)[O-],-5.79,32,-0.1809375
COCCOCCOCCOCC[NH2+]CC#Cc1ccc(cc1)C(=O)NCCC(F)(F)F,-5.788,32,-0.180875
C[N@H+]1CC[C@@H](CC1)c2ccc(cc2F)NC3CCOCC3,-5.786,21,-0.2755238095238095
CC(=O)Nc1ccccc1C(C2)CC2(F)F,-5.786,16,-0.361625
FC(F)(F)c(c1)cc(N)cc1[C@@H](C)NCCOc2ccc(cc2)C[C@@H]3SC(=O)NC3=O,-5.785,31,-0.18661290322580645
c1ccc(Cl)c(c12)cc([nH]2)C[NH2+]C3CCCCC3,-5.785,18,-0.3213888888888889
c1nccc(c12)c(ccc2)S(=O)(=O)NCCCCC3OCCO3,-5.784,23,-0.2514782608695652
O=P([O-])([O-])OP(=O)([O-])SC/C=C(\C)CCCNc1ccc(F)cc1,-5.783,24,-0.24095833333333336
Cc1nc(cs1)-c2ccc(cc2)C(=O)Cc3ccccc3CO,-5.783,23,-0.2514347826086957
Cc1ccc(cc1)OCCn(c(c23)cccc3)c(n2)SCCC(=O)c4c[nH]nc4C,-5.783,30,-0.19276666666666667
n1ccccc1COc(ccc2C(=O)NCC)c(c2)-c3ncn(n3)C[C@H]4CC[C@H](C(=O)[O-])CC4,-5.782,34,-0.17005882352941176
CC[C@H](CO)n(cn1)c(c12)ncnc2N,-5.782,15,-0.3854666666666667
COc1cccc(c1)OCC(=O)c2c(C)cccc2C,-5.781,20,-0.28905
o1nc(C)c(c12)cc(c(c2)O)Nc3ccc(c(F)c3)N4CCSCC4,-5.781,25,-0.23124
Fc1cccc(F)c1S(=O)(=O)CCC2OCCO2,-5.781,18,-0.32116666666666666
Cn1cc(cn1)-c2cnc(N)c(c2)COCCO,-5.78,18,-0.3211111111111111
C[NH+](C)CCN(CC1)CCC1n(nnc2C)c2-c3cccc(n3)-c4cc(Cl)ccc4O,-5.779,31,-0.18641935483870967
CCCCC(=O)OC[C@H](CO)ONCc1ccc(cc1)-c2c(C)noc2C,-5.779,27,-0.21403703703703703
c1cccc(c12)c(c[nH]2)C[C@H](N)C(=O)c(cc3)cc(c34)ccc(c4)C[C@@H]5SC(=O)NC5=O,-5.777,32,-0.18053125
Cc1cc(C)cc(c1)Oc2cccc(n2)-c3c(C)nnn3-c(cc4)nn(c45)c(C)c(n5)C,-5.777,32,-0.18053125
C1CC1C(=O)Cc2ccc(Br)cc2,-5.776,13,-0.4443076923076923
Cc1cc(C)nc(n12)nc(n2)CC(=O)c3cc(Cl)cc(C#N)c3,-5.776,23,-0.2511304347826087
Cn1cc(cn1)-c2cnc(N)c(c2)NCC[C@H](CC3)c(c34)c5c(cc4)OCC5,-5.776,28,-0.20628571428571427
O=C([O-])C/[NH+]=C/C(=O)CCCc(cc1)cc(c12)ccn2CC(=O)[O-],-5.775,24,-0.240625
[NH3+]CCc1cc(S(=O)(=O)N)ccc1NCCc2cccs2,-5.774,21,-0.27495238095238095
CNc1nc(N)[nH+]c(c1CC)CCNC(=O)CCCC[C@@H]2CCSS2,-5.774,25,-0.23096
CC(=O)N1CCC(CC1)CC(=O)c2cc(nc(c2)-c3cn(C)nn3)Cc4ccccc4,-5.772,31,-0.18619354838709679
C[NH+](C)CCCN(C)[C@H]1CC[N@H+](C1)[C@H](CCCO)C2=CCCC=C2,-5.771,24,-0.24045833333333333
COc(nn1)n(c12)nc(cc2)N3CCC(CC3)c4ccc(cc4)OCCC(=O)Cc5ccccc5C,-5.771,36,-0.16030555555555556
N#CCCN(C)c(c(c12)cc(Br)cc2)nc(n1)C[C@H](O)[C@H]([NH3+])CO,-5.77,24,-0.24041666666666664
Cc1[nH]ncc1CCc(n2)[nH]c(c23)cc(Cl)c(Cl)c3,-5.77,19,-0.3036842105263158
NC(=[NH2+])CC(=O)Nc1nc(cs1)-c2ccccn2,-5.767,18,-0.3203888888888889
Cc1ccccc1CCCCOc(cc2)cc(c23)ccn3CC(=O)[O-],-5.767,25,-0.23068000000000002
n1cccc(c12)c(n[nH]2)Cn(ccc3C)c(=O)c3-c4ccc(cc4Cl)C[NH2+]CCC(=O)N,-5.767,32,-0.18021875
Cc1cc(C)cc(c1)Oc2nccc(n2)-c3c(-c4[nH]nc(C#N)c4C)ncn3[C@H]5CCN(C5)CC[NH3+],-5.767,36,-0.16019444444444444
COCCCNc1cccc(Cl)c1-c(cc2)cc(c2=3)=NC(=O)N3,-5.766,23,-0.25069565217391304
CCc1ccccc1CCn2ccc(=O)[nH]c2=O,-5.765,18,-0.3202777777777778
Cc1nc([N+](=O)[O-])cn1CCCCCc2ccccn2,-5.765,20,-0.28825
c1ccc(OC)c(c12)nc([nH]2)CCC(=O)[C@H](C(C)C)NC(=O)C3CCCCC3,-5.765,28,-0.20589285714285713
c1ccccc1CN(C(=O)OCC)C(=O)Nc2cc(OC)cc(c2)OC,-5.764,26,-0.2216923076923077
CC(=O)NCCCc1cc(ccc1C)-c(nn(c23)c(nn3)C)cc2NC(=O)CCNC(=O)C,-5.763,33,-0.17463636363636365
c1cncc(c12)c([O-])c(C#N)c(n2)Nc3cccc(c3)N4CCCC4=O,-5.763,26,-0.22165384615384615
c1ccccc1C[C@@H](NC(=O)[C@H](O)[C@H](C)[NH3+])CC[NH2+]CCc2ccncc2,-5.762,27,-0.21340740740740738
CC(=O)N1CCC[C@H](C1)CNc2ccc(F)cc2F,-5.761,19,-0.3032105263157895
COc1ccc(cc1OC)S(=O)(=O)Cc(n2)sc(c23)cc(C)c(c3)C,-5.76,25,-0.2304
CCNC(=O)c1ccc(c(c1)NS(=O)(=O)C)OCc2ccccn2,-5.76,24,-0.24
COc1ccc(Br)cc1S(=O)(=O)NCCc2ccc(cc2)OC(C)(C)C(=O)[O-],-5.759,28,-0.20567857142857143
C[N@H+]1CC[C@@H]([C@H](O)C1)c(c(O)cc2O)c(c23)oc(cc3=O)C(=O)CCCCCCCCCO,-5.757,33,-0.17445454545454545
COc1ccc(cc1)CCCCO,-5.756,13,-0.4427692307692308
c1ccccc1-c2n[nH]c(n2)NCCc3ccncc3,-5.755,20,-0.28775
Fc1ccc(cc1Cl)Nc(nc(c23)cccc3)nc2-n4cccc4,-5.755,24,-0.23979166666666665
COc1cc(Cl)ccc1O,-5.754,10,-0.5753999999999999
O=C([O-])CCCOc1ccccc1[C@H]2CC[C@H](O)CC2,-5.754,20,-0.28769999999999996
FC(F)(F)c1ccc(cc1)Cc(cc2)nc(c23)cccc3,-5.753,21,-0.27395238095238095
CC(=O)N1CCC(CC1)CNc2ccc(cc2)C[C@@H]3SC(=O)[N-]C3=O,-5.752,25,-0.23007999999999998
CCCCCCCC(=O)CC(=O)SCCNC(=O)CCNN1CCNC(=O)C1,-5.752,28,-0.20542857142857143
OCC[N+](C)(CCO)CCCc1cc(F)c(c(F)c1)-c2cc(CO)ccc2F,-5.75,28,-0.20535714285714285
c1cnccc1-n(c(=O)n(c2=O)CCC)c(c23)nc([nH]3)C4CCCCC4,-5.749,26,-0.2211153846153846
C1CCCCC1([NH3+])CNc2ccc(cc2OC)C[NH2+]CCc(n3)[nH]c(c34)cccc4,-5.749,30,-0.19163333333333332
COC[C@H](C)c(c1)c(OC)cc(c12)c3c([nH]2)nc(C)nc3Nc(nn4C)c(c45)cccc5,-5.747,32,-0.17959375
CC(C)Cc(nn1C)c(c1C)NCCC(=O)N,-5.747,17,-0.33805882352941174
c1cccc(c12)nc(s2)NCCC3CCCCC3,-5.747,18,-0.31927777777777777
CC(C)C[C@H]1O[C@H]([C@H](O)[C@@H]1O)n(cn2)c(c23)ncnc3N,-5.746,21,-0.27361904761904765
n1c[nH]cc1-c(o2)cc(c23)c(=O)n(C)cc3CCCc4ccccc4,-5.744,25,-0.22976
NC(=[NH2+])N1CCC(CC1)CCc([nH]2)nc(c23)ccc(Cl)c3,-5.743,21,-0.2734761904761905
n1cn(C(C)C)c(c12)nc(N[C@H](CC)CO)nc2NCc3ccc(cc3)CC[NH+](C)C,-5.74,31,-0.18516129032258066
O[C@@H]1CO[C@H]([C@@H]1O)n2cncn2,-5.739,12,-0.47825
Oc1ccccc1-n(cn2)c(c23)[nH]cnc3=O,-5.739,17,-0.33758823529411763
Cn(c1)ncc1-c(ncn2)c(c23)cc(c(c3)OC)OCCNc(n4)sc(c45)cccc5,-5.737,31,-0.18506451612903227
C[NH2+]Cc1cc(nn1C)C[C@H](O)CO,-5.737,14,-0.4097857142857143
O1CCc(c12)c(c(F)cc2)CC(=O)c3ccc(cc3)-c4ccccc4F,-5.737,26,-0.22065384615384614
O=C([O-])CCC(\C)=C/C[C@H]1CCC(=O)NC1=O,-5.736,17,-0.33741176470588236
CO[C@@H](C)Cc1ccccc1C(=O)c2ccccc2,-5.736,19,-0.30189473684210527
c1cc(Cl)ccc1C(=O)NCCc2ccc(cc2)-c3ccn[nH]3,-5.736,23,-0.24939130434782608
C[C@H]1CC[C@H](CC1)C(=O)CCC2OCCO2,-5.735,16,-0.3584375
c1ccccc1C[NH+]2CCN(CC2)CCc3ccc[nH]3,-5.735,20,-0.28675
CCCCCCO[C@@H](COP(=O)([O-])OCC[NH3+])COC(=O)CCCCCC,-5.734,27,-0.21237037037037038
C1C[NH2+]CCN1c(c2)ccc(c23)c(C)nnc3CCNS(=O)(=O)c(ccc4)c(c45)ccnc5,-5.733,33,-0.17372727272727273
CC(=O)CCCCc1ccccc1,-5.733,13,-0.44099999999999995
O=P([O-])(O)OP(=O)([O-])SCCCCc(n1)[nH]c(c12)ccc(Cl)c2,-5.732,23,-0.24921739130434784
Oc1ccc(cc1)Nc2cn[nH]c2,-5.732,13,-0.4409230769230769
Cn1ncc(c1C)C(=O)c(c2)nc(n23)cc(cc3)NC(=O)c4c(cnn4C)C(=O)N5CCOCC5,-5.731,35,-0.16374285714285713
O=c1n(C)cc(cc1C)-c2ccccc2O,-5.73,16,-0.358125
O=C([O-])CCCOc1ccccc1-c2ccc(nc2)N3CC[NH2+]CC3,-5.729,25,-0.22916
CC[C@H](CO)CCC/C(C)=C/CSP(=O)([O-])OP(=O)([O-])[O-],-5.729,21,-0.27280952380952384
CSc1ccc(cc1)CC(=O)c2ccccc2,-5.725,17,-0.3367647058823529
COc1ccc(cc1)Cn2nnc(n2)-c3cccc(c3)C(=O)Cc4ccc([C@@H](C)O)cc4,-5.725,32,-0.17890625
Cc1ccccc1CC(=O)c2cc(nc(n2)N)NC3CC3,-5.724,21,-0.2725714285714286
COc(cc1)cc(c12)c(CCNC(=O)C)c([nH]2)C(=O)c3cc(c[nH]3)C(=O)c4c(Cl)cccc4Cl,-5.723,34,-0.1683235294117647
CC(C)=CCC/C(C)=C\CC[C@H](C)[C@H]1C[C@H](O)[C@H](O1)COP(=O)[O-],-5.723,24,-0.23845833333333333
COc1ccc(cc1Cl)CCc(n2)n(O)c(c23)ccc(c3)-c4c(C)noc4C,-5.723,28,-0.20439285714285713
C[C@@H](O)COCC(CO)(COC[C@@H](C)O)Cc1ccc(F)cc1F,-5.722,24,-0.2384166666666667
C[C@@H](O)c1ccc(cc1)CCOCCO,-5.722,15,-0.3814666666666667
CCON1[C@@H](C)C(=O)N(C)c(c12)ccc(c2)N[C@@H](C)c3ccc(C)cc3,-5.721,26,-0.22003846153846154
Cc1cc(C)cc(c1)Nc2cccc(n2)-c3c(C)nnn3CC[N@@H+]4CCN(C)C(=O)[C@H]4C,-5.72,32,-0.17875
CC(C)CCNC(=O)c(c(c12)cccc2)nn1Cc3ccc(F)cc3,-5.719,25,-0.22876000000000002
CCN(C1=O)c2ccc(c(c2c13)ccc3)Nc4cc[nH]n4,-5.718,21,-0.2722857142857143
O=C([O-])[C@H]1CC[C@@H](CC1)CNc2ccc(F)cc2F,-5.718,19,-0.30094736842105263
COc1cccc(c1)OCC(=O)C2CCN(C(N)=[NH2+])CC2,-5.718,21,-0.2722857142857143
CC(C)(C)Nc1ccccc1OCCn2ccc(=O)[nH]c2=O,-5.717,22,-0.25986363636363635
O=C([O-])[C@@H](N)CC[S+](C)C[C@H]1O[C@H]([C@H](O)[C@@H]1O)c2ccncc2F,-5.717,24,-0.23820833333333333
O=C([O-])CCC[C@@H](O)/C=C/C=C/C/C=C/CC[N@H+]1CCOC[C@@H]1c2ccccc2,-5.717,29,-0.19713793103448274
CCc(no1)c(c12)cc(c(c2)OC)NCCOCCOCCOCCO,-5.715,26,-0.21980769230769232
O=C([O-])[C@@H](C)C(=O)C(O)(C(F)(F)F)C(F)(F)F,-5.714,17,-0.3361176470588236
C=CC1=C(C)[C@@H](NC1=O)c(c2)c(OC)cc(c23)NC(=O)C(O3)(C)C,-5.713,24,-0.23804166666666668
c1cc(F)ccc1-c(c2)nc(cc2C(C)(C)N)C(=O)NNc3ccc(cc3)CC[NH3+],-5.713,30,-0.19043333333333334
Cc1noc(C)c1-c2ccc(cc2)-c3ccccc3OCCn4ccc(=O)[nH]c4=O,-5.712,30,-0.19039999999999999
Cn(c1)c(=O)ccc1-c(cn2C)c(n2)COc3ccc(cc3)Cc4ccc([N+](=O)[O-])cc4,-5.712,32,-0.1785
n1nc(Cl)n(c12)nc(cc2)[C@H](C)c3cccc(C(F)(F)F)c3,-5.711,22,-0.2595909090909091
O=Cc1ccccc1/C=N/N=c2/[nH]c(cs2)NO,-5.711,18,-0.31727777777777777
O=C([O-])c1c(=O)ccn(c1O)-c2cccc(n2)Oc3cc(Br)ccc3Br,-5.709,26,-0.21957692307692306
c1c[nH]c(c12)c(=O)n(C\C=C\C)cc2Cc(c3)oc(c34)cccc4,-5.709,24,-0.23787499999999998
O=C[C@@H]1CCCN1OC[C@H](O)CO,-5.708,13,-0.4390769230769231
FC(F)(F)c1ccc(cc1F)-n2cncn2,-5.707,16,-0.3566875
C[C@H](O)COCC(CO)(COC[C@@H](C)O)CNc1nccs1,-5.707,22,-0.2594090909090909
CO[C@@H](C)C[C@@H]1O[C@@H]([C@@H](O)[C@H]1O)C[S+](C)CC[C@H]([NH3+])C(=O)[O-],-5.707,22,-0.2594090909090909
COc1cc(=O)n(C)nc1-c2ccccc2C[C@@H](C)O,-5.707,20,-0.28535
c1cccc(c12)ccc(n2)-c3[nH]ncc3-c4ccncc4,-5.706,21,-0.27171428571428574
COc1cccc(c1)CC(=[NH2+])Nc2ncc(F)cc2F,-5.705,20,-0.28525
C[Si](C)(C)C#CCCCOCCOCCOCCOCCO,-5.705,22,-0.25931818181818184
CCCCCCCCCCCCCCC[C@@H](O)[C@H](CO)[NH2+]CCOCCOCCOCCOC,-5.704,34,-0.16776470588235293
CCCCCc1ccc(cc1)OCc2nn(C)cc2-c3ccc(=O)n(C)c3,-5.704,27,-0.21125925925925926
C=CC1=C(C)/C(NC1=O)=C/c2[nH]c(c(c2C)CCC(=O)[O-])CC(=O)Cc3cccc(C)c3,-5.704,32,-0.17825
c1cccc(c12)ccc(n2)-c3n[nH]cc3-c4ccncc4,-5.704,21,-0.2716190476190476
O=C([O-])C[C@H](C)CCCc1n[nH]cc1-c2ccncc2,-5.704,20,-0.2852
CCCCCC[C@@H](C)Nc(c1)nc(NC(C)C)c(n12)nnc2C,-5.703,23,-0.24795652173913044
Cc1cc(C)cc(c1)Oc2nccc(n2)-c3c(NCC[NH3+])ncn3[C@H]4CC[N@H+](C4)CCN,-5.703,32,-0.17821875
c1ccccc1-c(cn2C)nc2Cc3ncc[nH]3,-5.702,18,-0.31677777777777777
O=C([O-])c1ccc(cc1OC)N[C@H](C(=O)[O-])Cc2ccc(cc2)OCCN(C)c3cccc[nH+]3,-5.699,34,-0.16761764705882354
Cc1cc(C)cc(c1)Oc2nccc(n2)-n(c(n3)N)c(c34)cccc4,-5.698,25,-0.22792
NC(=[NH2+])N1CCC(CC1)CCc(n2)[nH]c(c23)ccc(Cl)c3,-5.698,21,-0.27133333333333337
c1c[nH]c(c12)c(=O)n(C\C=C\C)cc2C(=O)CNCC(C)C,-5.697,22,-0.25895454545454544
Cc1ccc(c(C)c1)NCCSP(=O)([O-])OP(=O)([O-])[O-],-5.695,20,-0.28475
COc1ccc(c(C)c1)Nc(cc2)cc(c23)[nH+]c(N)cc3C,-5.693,22,-0.25877272727272727
O=C(N1)C=c(c=12)cc(cc2)[C@H](C)c3c(Cl)ccc(F)c3Cl,-5.691,21,-0.271
C[NH2+]C[C@@H](O)COc1ccc(Cl)c(c1)-c2ccc(cc2)C[C@@H]3SC(=O)NC3=O,-5.691,28,-0.20325
n1cn(C(C)C)c(c12)nc(N[C@H](C(C)C)CO)nc2-c3ccc(cc3)NS(=O)(=O)C,-5.689,30,-0.18963333333333335
O=C([O-])c1ccc(cc1Cl)[C@@H]2O[C@@H]([C@@H](O)[C@H]2O)C(=O)NCCO,-5.688,23,-0.24730434782608696
c1ccccc1C[C@@H](NC(=O)[C@H](O)[C@H](C)[NH3+])CCc(cc(N)[nH+]2)c(c23)ccc(Br)c3[O-],-5.688,31,-0.18348387096774194
NC(=O)CCNCc1ccc(c(Cl)c1)CCc2c[nH+]c[nH]2,-5.687,21,-0.27080952380952383
o1nc(C)c(c12)cc(c(c2)O)CCCN3CCOCC3,-5.687,20,-0.28435
Cc1c(C#N)cccc1[C@@H](C)c2ccno2,-5.686,16,-0.355375
CCCCCCC(=O)OC[C@@H]([NH2+]CCC(C)C)COP(=O)([O-])OCC[NH3+],-5.686,26,-0.21869230769230769
C1COCCN1c(c2)cc(C)c(c23)[nH]c(n3)-c4c(cc[nH]c4=O)/N=C/c5ccccc5C=O,-5.685,33,-0.17227272727272727
Cc1cc(C)cc(c1)Nc2cccc(n2)-c3c(C)nnn3-n(cn4)c(c45)ncnc5N,-5.685,31,-0.18338709677419354
c1cc(F)ccc1-c(c2)nc(cc2C(C)(C)[NH3+])C(=O)c3ccc(cc3Cl)C[NH2+]CCCC[NH3+],-5.684,33,-0.17224242424242425
Fc1ccccc1-n(nc2)c(c23)CCC[C@H]3[NH2+]Cc4cccc(Cl)c4,-5.684,25,-0.22736
N#CCN[C@H](C)c1ccc(Br)cc1,-5.681,13,-0.437
COc(c1)c(OC)cc(c12)c(nc(n2)C)NCCC(=O)Nc3cccc(C(=O)[O-])c3,-5.681,30,-0.18936666666666666
NC(=O)CC[NH2+]Cc1ccc(c(Cl)c1)Cc2ccc([N+](=O)[O-])cc2,-5.681,24,-0.23670833333333333
C1C[C@@H](O)c(c12)c(C(F)(F)F)ncc2NC3CCOCC3,-5.68,21,-0.2704761904761905
C[NH+]1CCN(CC1)c(cc2)cc(c23)n(c(n3)CC[NH2+]CCO)Cc4ccccc4,-5.679,29,-0.19582758620689655
OCc1ccc(F)c(c1)N(CC2)Cc(c23)cccc3,-5.677,19,-0.2987894736842105
Cc1cc(C)cc(c1)Oc2cccc(n2)NCCc3ccncc3,-5.676,24,-0.23650000000000002
c1ccccc1CNCc(n[nH]2)c(c23)cccn3,-5.675,18,-0.31527777777777777
Cc1nn(C)c(Cl)c1S(=O)(=O)N2C=CCC(=C2)C(=O)N,-5.674,20,-0.2837
COCCOCC[C@H](C)c1c(Cl)ccc(F)c1Cl,-5.674,18,-0.31522222222222224
N#Cc1cc(F)cc(c1)Cc2ccco2,-5.674,15,-0.3782666666666667
Cc(n1)c(C)n(c12)nc(cc2)OCc3nc(cn3C)C(=O)[C@H](O)[C@H](C)[NH3+],-5.673,26,-0.21819230769230769
COC(=O)CC(=O)C(=O)Cc(cs1)c(c12)cc(Cl)cc2,-5.672,20,-0.28359999999999996
CC(C)C[C@H](N)C(=O)NC(=O)c1c(Cl)cnn1CC(C)C,-5.672,21,-0.27009523809523805
O=P([O-])(O)OP(=O)([O-])SCCc(cc1)nc(c12)cccc2,-5.671,21,-0.27004761904761904
COC(=O)CCCCc1cccc(c1)NC(=O)C,-5.671,18,-0.3150555555555556
C[C@H](O)C[C@@H](CC)c1cccc(n1)C2CC2,-5.67,16,-0.354375
CCNC(=O)NCCC(c1ccccc1)c2ccccc2,-5.67,21,-0.27
COCCOCCOCCCCCCCCCCc1cccc(OC)c1C(=O)OC,-5.67,30,-0.189
C[C@H]1COCCN1c(cc2C)cc([nH+]2)C(=O)NCc3ccc(F)cc3,-5.668,25,-0.22672
CC(C)(C)c(cc1)ccc1[C@H](C)NOCc2ccccc2,-5.668,21,-0.2699047619047619
c1cccc(c12)c(N[C@H](C)C3CC3)nc(n2)Nc4ccc(O)cc4,-5.667,24,-0.236125
O=C([O-])c1ccc(cc1OC)NCCc2ccc(cc2)OC(C)(C)C(=O)[O-],-5.665,27,-0.20981481481481482
o1nc(C)c(c12)cc(c(c2)NC)Nc3ccncc3,-5.663,19,-0.2980526315789474
Cc1cc(N)[nH+]c(c1)CCCCCc2n[nH]c(n2)-c3ccc(F)cc3,-5.663,25,-0.22652
CC(C)C(C(C)C)NC(=O)Cc1cccc(c1)CC(=O)[O-],-5.663,21,-0.26966666666666667
NC(=O)c1cccc(c1)CS(=O)(=O)c2ccccc2Cl,-5.663,20,-0.28315
C[C@H]1C[C@@H](C)CN(C1)C(=O)[C@H](CO)NC(=O)CCCCCCCCC[NH3+],-5.662,26,-0.21776923076923077
Cc1ccc(C(C)C)cc1N2C=CCC(=C2)C(=O)N,-5.662,19,-0.298
Cc1ccccc1CCCc(c[nH]2)c(c23)cccc3,-5.661,19,-0.2979473684210526
COc1cccc(c1)C/C(N)=[NH+]\C(=O)c2cc(Cl)ccc2S(=O)(=O)c3ccc(F)c(C)c3,-5.66,32,-0.176875
CC(C)(C)Oc1ccc(cc1Cl)C[NH2+]CCc(n2)[nH]c(c23)cccc3,-5.659,25,-0.22636
Cc1nn(C)c(C)c1Cc([nH]2)nc(c23)cc(cc3)NC(=O)c4c(Cl)cnn4CC(C)C,-5.659,31,-0.18254838709677418
C[C@H]([NH3+])[C@@H](O)C(=O)NC[C@H]1CN(C(=O)O1)c2ccc(c(F)c2)N3CCSCC3,-5.658,28,-0.2020714285714286
O=C([O-])c(c1)cccc1-c(o2)c(CC(=O)[O-])c(c23)ccc(c3)Cc4ccccc4,-5.656,29,-0.19503448275862068
Cc1cc(CC(=O)[O-])cc(C)c1OCCO,-5.655,16,-0.3534375
CCCCCCCCCC/C=C/CCC(=O)/C=N/CC(=O)N1C=CCC1=O,-5.654,27,-0.2094074074074074
CC(C)[NH+]1CCN(CC1)c2ccc(cc2)[C@@H](n3nccn3)c4cccc(O)c4,-5.654,28,-0.20192857142857143
C1CCC1CNC(=O)c2ccc(cc2)-c3ccccc3F,-5.653,21,-0.26919047619047615
Oc1c(C)cc(cc1C)Nc(cc2)c3[nH]c(cc(c3c24)c(O)n4C)N5CC[NH+](C)CC5,-5.653,31,-0.18235483870967742
c1cc(F)ccc1-c(c2)nc(cc2C(C)(C)N)C(=O)NCCCNC(=O)c3ccc(F)cc3,-5.651,33,-0.17124242424242422
c1cccc(c12)c(ccc2Cl)Nc(cc3C)cc(C)c3S(=O)(=O)NCC(=O)[O-],-5.65,28,-0.2017857142857143
CC[N@H+]1CC[C@@H](CC1)C[C@@H](O)c2cccc(c2)OC,-5.648,19,-0.29726315789473684
COc(cc1)cc(c12)nc([nH]2)CCc3c(Cl)cccc3Cl,-5.647,21,-0.2689047619047619
CC[C@H](C)[C@H]([NH3+])C(=O)Nc(c1)c(NC)cc(c12)onc2C,-5.647,21,-0.2689047619047619
COc1ccc(cc1)Cn2nnc(n2)-c3cccc(c3)C(=O)c4nccs4,-5.646,27,-0.2091111111111111
CCCCCCCCCCCCn1ccc(=O)c(C(=O)[O-])c1O,-5.645,23,-0.24543478260869564
CCCCCCc1ccc(C#N)c(Cl)c1C,-5.644,16,-0.35275
CC[C@H](CO)Cc1ccccc1F,-5.644,13,-0.43415384615384617
c1cccc(c12)c(c[nH]2)C[C@H](N)C(=O)NC3CCN(CC3)CCc4c[nH+]c[nH]4,-5.641,28,-0.2014642857142857
C[NH2+]Cc1cccc(c1)C[NH2+][C@H](C)c2ccc(cc2)-c3c(C)noc3C,-5.641,26,-0.21696153846153846
COCCONc1cccc(C(=O)[O-])c1,-5.64,15,-0.376
O=C([O-])CC(=O)c(c1)ccc(c12)c(=O)n(CCCCC)c(n2)SCc3ccccn3,-5.638,30,-0.18793333333333334
COc1cccc(c1)C/C(N)=N/c2ncc(F)cc2F,-5.637,20,-0.28185
COc1ncc(c(n1)OC)[C@H](C)c2cccc(C(F)(F)F)c2C,-5.637,23,-0.24508695652173912
CC(C)(C)c1cc(Br)c(O)c(c1)Cc(ccc2)n(c23)nc([nH+]3)N,-5.636,23,-0.24504347826086956
COCCCNc1ccc(C[NH3+])cc1Cl,-5.636,15,-0.37573333333333336
c1cccc(c12)cncc2Cc3ccsc3,-5.636,16,-0.35225
CCCCn1cc(nn1)CNc(c(c23)[nH]c(=O)c(c3)C)ncc2-c4cncc(C)c4,-5.635,30,-0.18783333333333332
O=C([O-])CCC(\C)=C/CNc1c(CC(C)C)nn(C)c1C,-5.635,21,-0.2683333333333333
CCOC(=O)c1csc(n1)N2CCC(CC2)NC(=O)[C@@H](N)Cc(c[nH]3)c(c34)cccc4,-5.634,31,-0.181741935483871
C=CC1=C(C)[C@@H](NC1=O)c(cc2)cc(c2=3)=NC(=O)N3,-5.634,19,-0.2965263157894737
CSc1ccc(cc1)C(=O)CCC(C)(C)O,-5.631,16,-0.3519375
COCCc1cccc(c1)C[N@@H+]2CCC[C@@H](C2)n3cc(C)c(=O)[nH]c3=O,-5.631,26,-0.21657692307692308
COc1cc(=O)n(C)nc1-c2ccccc2CCc(c[nH]3)c(c34)cccc4,-5.629,27,-0.20848148148148146
c1nccc(c12)c(C(=O)[O-])c(C)c(n2)[C@H](CCCO)C3=CCCC=C3,-5.628,25,-0.22512000000000001
CC(=O)NCCC(=O)c1ccnc(n1)Oc2cc(C)cc(C)c2,-5.628,23,-0.24469565217391304
Cc1cc(C)c(c(C)c1)C2COC2,-5.627,13,-0.4328461538461538
CCc(no1)c(c12)cc(c(c2)OC)NC(=O)Cc(cnc3)c(c34)c(O)ccc4,-5.626,28,-0.20092857142857143
N#Cc1c(=O)[n-]c(cc1[S@](=O)C)C(=O)c2cc(F)ccc2O,-5.625,22,-0.2556818181818182
Nc1ccccc1C(=O)C[C@H](N)C(=O)Cc(cc2)nc(c23)cccc3,-5.625,25,-0.225
c1ncccc1COc2ccc(cc2CN)C(=O)CCC(=O)NCCc3ccc(Cl)c(Cl)c3,-5.624,33,-0.17042424242424242
COc(cc1)cc(c12)[nH]c(n2)CCc(cn(C)c3=O)c(c34)oc(c4)-c5c[nH+]c([nH]5)C6CCC6,-5.624,33,-0.17042424242424242
N#Cc1cc(Cl)cc(c1)-c2ccc(cc2Cl)C[NH2+]CCCO,-5.623,22,-0.2555909090909091
COc1cccc(c1)NNC(=O)c2ccc(c(c2)OC)OC3CC3,-5.622,24,-0.23424999999999999
c1cc(C)cc(c12)c(c[nH]2)Cn3cc(O)cn3,-5.621,17,-0.33064705882352946
COc(cc1)cc(c12)[nH+]c([nH]2)CCc3c(Cl)cccc3Cl,-5.621,21,-0.26766666666666666
Cc1noc(C)c1-c2ccc(cc2)CCc3ccc(O)cc3,-5.621,22,-0.2555
c1ccccc1[C@H](C)c2cccc(c2F)-c(ccn3)c(c34)[nH]cn4,-5.618,24,-0.23408333333333334
Cc1cccc(c1)NCC[C@H](CC2)c(c23)c4c(cc3)OCC4,-5.618,22,-0.2553636363636364
CCOC(=O)Cc1nc(cs1)N[C@H]2CC[C@H](O)CC2,-5.618,19,-0.2956842105263158
CC(=O)N1CCC(CC1)CN[NH2+][C@H](C)c2ccc(Br)cc2,-5.617,21,-0.2674761904761905
c1ccc(OC)c(c12)nc([nH]2)CCNCc3ccc(c(Cl)c3)S(=O)(=O)CC(F)(F)F,-5.616,30,-0.18719999999999998
COC(=O)CC(=O)/[NH+]=C(/N)Cc1cccc(c1)OC,-5.615,19,-0.2955263157894737
O=C([O-])C(=O)/C=C(\O)c1ccc(cc1)C(=O)NCc2ccccc2,-5.614,24,-0.23391666666666666
C1COCC[NH+]1CCCC(=O)[C@H](C(C)(C)C)NC(=O)c(c(c23)cccc3)nn2Cc4ccc(F)cc4,-5.613,36,-0.15591666666666668
c1cc(Cl)ccc1C(=O)C(=O)C(=O)/C=C(\[O-])NCCCc2cccc(c2)Oc3ccccc3,-5.613,33,-0.1700909090909091
CC(=O)NCCC(=O)Nc(c(n12)nnc2C)cc(n1)-c3ccc(C)c(c3)Nc4ccc(C#N)cc4,-5.612,35,-0.16034285714285715
c1ccccc1[C@@H](C)Nc(cc2)cc(c23)N([C@H](C)C(=O)N3C)C(=O)CC4CC4,-5.611,28,-0.20039285714285712
FC(F)(F)c(c1)cccc1[C@@H](C)c2ccc(cc2)C[C@@H]3SC(=O)NC3=O,-5.61,26,-0.21576923076923077
Cc1ccc(Cl)cc1-c2ccc(nc2)N3CC[NH2+]CC3,-5.609,20,-0.28045
Cc1cc(C)cc(c1)Oc2nccc(n2)-c3c(CC4CCOCC4)ncn3[C@H]5CC[N@H+](C5)CCN,-5.609,35,-0.16025714285714285
NC(=O)c1cccc(c1)Cc2ccc(c(F)c2)N3CCSCC3,-5.609,23,-0.2438695652173913
[NH3+]Cc1cc(Cl)cc(c1Cl)C(=O)CCCCCCCCCO,-5.608,22,-0.2549090909090909
[nH+]1c[nH]cc1-c(o2)cc(c23)c(=O)n(C)cc3CCCCc4ccccc4,-5.608,26,-0.21569230769230768
[nH]1cncc1-c(o2)cc(c23)c(=O)n(C)cc3CCCCc4ccccc4,-5.607,26,-0.21565384615384617
O=C([O-])C/[NH+]=C/C(=O)CCCC(=O)Cc1ccccc1,-5.606,20,-0.2803
O=C1CCCc(c12)n(c(c2)CC)NCCC3CCCCC3,-5.605,21,-0.2669047619047619
[nH]1ccc(c12)c(ncn2)C(=O)c3ccco3,-5.603,16,-0.3501875
CC(=O)N1CCC(CC1)CNc(cc2)nn(c23)c(Cl)nn3,-5.601,21,-0.26671428571428574
Cn(c1)c(=O)ccc1-c(cn2C)c(n2)Cn3ccc(=O)[nH]c3=O,-5.601,23,-0.2435217391304348
OCCS(=O)(=O)c1ccc(cc1)NC2CCCC2,-5.6,18,-0.3111111111111111
n1ccn(c12)c(=O)n(cc2)NCCOc(cc3)c(c4c35)ccc6c4c(cc5)ccc6,-5.598,30,-0.1866
CCc1ccccc1-c2ccc(cc2C)COC[C@H]3CCCO3,-5.597,23,-0.24334782608695654
CC[C@H](C)[C@H]([NH3+])C(=O)NCCOCCOCCOCCOCCO,-5.595,24,-0.233125
CCCCCC(=O)N[C@@H](CO)[C@H](O)CCCC(=O)NC1CC1,-5.595,22,-0.25431818181818183
O=C([O-])c(cc1)ccc1Cc(o2)c(C)c(c23)c(ccc3)OCCC[NH2+]Cc4cccnc4,-5.592,32,-0.17475
c1ccccc1CCCCNC(=O)Nc2cccc(c2)N3C=CCC3=O,-5.592,26,-0.21507692307692305
O=C1CCCc(c12)n(c(c2)CC)-c3cc(F)cc(Br)c3,-5.592,20,-0.27959999999999996
NC(=O)[C@@H](C)CC(=O)Nc1nc(cs1)-c2ccccn2,-5.591,20,-0.27955
C[C@H](O)Cc1cs/c([nH]1)=N\N=C\c2ccccc2C=O,-5.589,20,-0.27945000000000003
O=C([O-])CCCC(=O)Cc(cs1)c(c12)cc(Cl)cc2,-5.589,19,-0.2941578947368421
Cc1[nH]ncc1NC2CCOCC2,-5.588,13,-0.4298461538461539
Nc(n1)nn(c12)c(ccc2)Cc3ccc(cc3)-c4cccc(F)n4,-5.588,24,-0.23283333333333334
O=C([O-])CCc(n1)nc(cc1C)C(=O)Cc(cnc2)c(c23)c(O)ccc3,-5.587,26,-0.21488461538461537
C1C[N@H+](C)CC[C@H]1Nc(c2)c(ccc2NS(=O)(=O)CC)Oc3ccc(F)cc3F,-5.587,29,-0.1926551724137931
Cc1cc(C)nc(n12)nc(n2)CC(=O)Cc3ccc(Cl)c(Cl)c3,-5.587,23,-0.24291304347826087
c1c[nH]c(c12)c(=O)n(C\C=C\C)cc2-c3cn[nH]c3,-5.587,19,-0.29405263157894734
Nc(c1)cccc1[C@@H](C)c(nc2)nc(c23)n(c(c3)C(=O)N(C)C)C4CCCC4,-5.586,28,-0.1995
CC(=O)Nc1cccc(c1)-c(cc2)cc(c23)[C@H](NNCC[NH3+])C[C@H](C)N3C(=O)C,-5.585,29,-0.19258620689655173
CC(C)C[C@H]([NH3+])C(=O)NC(=O)c1c(Cl)cnn1CC(C)C,-5.584,21,-0.26590476190476187
COC(=O)Cc1ccc(Cl)c(=O)[nH]1,-5.583,13,-0.42946153846153845
C/C=C/CCCCCCCC(=O)O[C@H](COP(=O)([O-])[O-])Cc1cc(Cl)cc(c1Cl)C[NH3+],-5.583,31,-0.1800967741935484
COc1ccc(cc1)Oc2cc(ncn2)-c3n[nH]cc3-c4ccncc4,-5.583,26,-0.21473076923076923
COC(=O)CC(=O)NCCCNc1cccc(c1)-c2csc(=O)[nH]2,-5.583,24,-0.232625
CS(=O)(=O)NNC(=O)c(cc1C(C)(C)[NH3+])nc(c1)-c2ccc(F)cc2,-5.581,25,-0.22324000000000002
CCCCCCCCCCCCc1nc(OC)nc(n1)N2CC[NH2+]CC2,-5.58,26,-0.21461538461538462
Fc1ccc(cc1C)S(=O)(=O)Nc(cc2)cc(c23)n(nn3)C,-5.578,22,-0.2535454545454546
C1CCC1=C2N=C[C@H](N2)NCC3CCC3,-5.576,15,-0.3717333333333333
Cc1cc(C)cc(c1)-c(cc2)c3[nH]c(cc(c3c24)c(O)n4C)N5CCN(C)CC5,-5.576,29,-0.1922758620689655
CC(=O)N1CCC(CC1)CNc2c(C)nnn2C3CCN(CC3)CC[NH+](C)C,-5.575,28,-0.19910714285714287
CC1(C)C(=O)NC(=O)N1C(=O)CCCCCCCCC[NH3+],-5.575,21,-0.2654761904761905
CC(=O)NCCC(=O)c1ccc(cc1Cl)C[NH2+]CCc([nH]2)nc(c23)ccc(c3)C,-5.575,29,-0.19224137931034482
[NH3+]CCOP(=O)([O-])OC[C@@H](COC(=O)CCC)C(=O)Cc1cccc(C)c1,-5.575,27,-0.2064814814814815
O=C1NC(=O)[C@@H](S1)Cc2ccc(cc2)N[C@H](Cc(c[nH]3)c(c34)cccc4)C(=O)Nc5ccncc5,-5.574,35,-0.15925714285714285
O=C([O-])c1ccc(cc1OC)NNc2ccc(N)cc2,-5.573,20,-0.27865
n1nc(C)n(c12)nc(cc2)-c3cnn(C)c3Cc(c4)oc(c45)cccc5,-5.571,26,-0.21426923076923077
COC(=O)[C@H](C(C)(C)C)NC(=O)c(c(c12)cccc2)nn1NCCc3cccs3,-5.571,29,-0.19210344827586207
CN(C1)C(=O)Nc(c12)ccc(c2)Nc(cc3)cc(c34)n(nn4)C,-5.57,23,-0.24217391304347827
c1[nH+]ccc(c12)c(C(=O)[O-])c(C)c(n2)N[C@H](C)c3ccc(Br)cc3,-5.57,24,-0.23208333333333334
Oc1cc(O)cc(c1)Cc2ccc(F)c(Cl)c2,-5.568,17,-0.32752941176470585
Cc1cc(on1)[C@@H](C(C)C)C(=O)N2CCC[C@@H]2CO,-5.567,19,-0.293
O=C(N=1)N=c(c12)cc(cc2)-c3cc(ccc3Cl)OCc(n[nH]4)c(c45)cccn5,-5.567,28,-0.19882142857142857
COc1cccc(c1)OCC(=O)c2ccc(cc2Cl)C[NH2+]CCc([nH]3)nc(c34)cccc4OC,-5.567,34,-0.16373529411764706
NC(=O)[C@@H](C)Nc1cc(nn(c12)c(C)nn2)-c3cccc(c3F)-c(ccn4)c(c45)[nH]cn5,-5.566,32,-0.1739375
OCC[N+](C)(CCO)CCCOc(c(c1)OC)cc(c12)nc(s2)CNc(cn3)n(c34)CCC4,-5.566,33,-0.16866666666666666
C#CCc(c1)nc(n12)cc(cc2)NC(=O)c3c(cnn3C)C(=O)N4CCOCC4,-5.566,29,-0.1919310344827586
c1cc(Cl)cc(c12)c(cs2)CC(=O)CCNS(=O)(=O)c(ccc3)c(c34)ccnc4,-5.565,29,-0.19189655172413794
Cc1cc(C)nc(n12)nc(n2)CC(=O)c3cccc(c3)N4CCCC4=O,-5.565,26,-0.21403846153846157
n1c[nH]c(=O)c(c12)ncn2CC3CCOCC3,-5.564,17,-0.32729411764705885
Cc1[nH]nc(C2CC2)c1Cc3cccc(c3)Oc4ccccc4,-5.564,23,-0.24191304347826087
COc1ccc(cc1)Cn2nnc(n2)CC(=O)c3ccc(SC)cc3,-5.563,25,-0.22252
[NH3+]CCCCc1ccc(Br)cc1Br,-5.562,13,-0.4278461538461539
Cc1nnn(C)c1NCc2ccc(F)cc2,-5.562,16,-0.347625
Cc1ccc(cc1C)Nc2nccc(n2)Nc3c(CC(C)C)nn(C)c3C,-5.562,27,-0.20600000000000002
Cc1cccc(c1)Cc2ccc(O)cc2,-5.561,15,-0.3707333333333333
c1cc(F)ccc1-c(c2)nc(cc2C(C)(C)[NH3+])C(=O)NNOC[C@H]3CCCO3,-5.561,28,-0.19860714285714284
O=C([O-])CCCCCc(ncn1)c(c12)cc(c(c2)OC)OCCNc(n3)sc(c34)cccc4,-5.561,33,-0.1685151515151515
O=c([nH]1)c(Cl)ccc1CC(=O)c2ccc(cc2)C(=O)NCc3ccccc3,-5.559,27,-0.2058888888888889
O=C([O-])COc1ccc(cc1C)SCc2nnc(s2)C(=O)[C@@H](N)CC(C)C,-5.558,27,-0.20585185185185184
C[NH2+]Cc1cc(nn1C)CCCCCc2cc(C)no2,-5.558,20,-0.2779
c1c[nH]c(c12)c(=O)n(C\C=C\C)cc2-c3cccc(c3)C(=O)Cc4cc(O)cc(O)c4,-5.558,31,-0.17929032258064515
Fc1cccc(c1)CNCc2cccs2,-5.558,15,-0.3705333333333333
Fc1cnc(c(F)c1)NCc2ccccn2,-5.555,16,-0.3471875
C1COCCN1c(o2)cc(=O)c(c23)scc3NCc4ccccn4,-5.555,24,-0.23145833333333332
n1cccc(c12)c(n[nH]2)Cc3c[nH]c[nH+]3,-5.554,15,-0.3702666666666667
CC(C)c1ccccc1OCc2ccccc2,-5.553,17,-0.3266470588235294
COC(=O)CC(=O)c(cc1)nn(c12)c(C)c(n2)C,-5.553,18,-0.3085
C1CCC1CNc(nc(c23)n(cn2)C(C)C)nc3Nc4ccc(C(=O)[O-])c(Cl)c4,-5.553,29,-0.19148275862068964
COc1ccc(cc1)CC(=O)c2cc(-c3cn(C)nn3)nc(c2)[C@@H](C)c4ccccc4,-5.552,31,-0.17909677419354839
Cc1cc(C)cc(c1)Oc2nccc(n2)-c3c(-c4ccccc4F)ncn3[C@H]5CC[N@@H+](C5)CCN,-5.551,35,-0.1586
CCCCC(=O)OC[C@H](CO)OC(=O)CCCCCCCCCC(=O)c1ccc(S(=O)=O)cc1,-5.551,34,-0.16326470588235295
O=c1n(C)ncc(c1C)-n2ncc(Cl)c2C(=O)Nc(cc3)cc(c34)nc([nH]4)-c5ccccc5,-5.551,33,-0.16821212121212123
n1nc(C)n(c12)nc(cc2)-c3ccc(cc3)OCc4nn(C)cc4-c5ccc(=O)n(C)c5,-5.55,32,-0.1734375
Cc1ccc(cc1)[C@H](C)OC[C@H]2CCCO2,-5.55,16,-0.346875
Cn(c1)c(=O)ccc1-c(cn2C)c(n2)COc3ccc(cc3)[C@H]4CCN(C4)S(=O)(=O)C,-5.549,31,-0.17900000000000002
N#Cc1ccc(cc1Cl)C(=O)Cc2ccccc2,-5.549,18,-0.3082777777777778
c1cc(F)cc(c12)c(C(=O)[N-]S(=O)(=O)C)c(N)c(n2)Cc3ccccc3,-5.548,26,-0.2133846153846154
CCN1CC[NH+](CC1)Cc2ccc(cc2C(F)(F)F)Nc3cc[nH+]c(N)c3,-5.548,27,-0.2054814814814815
O=C1[N-]C(=O)[C@@H](S1)Cc2ccc(cc2)OCC[NH2+]Cc3ccc(O)cc3,-5.547,26,-0.21334615384615382
NC(=O)CNCC#Cc1ccc(cc1)C(=O)NCCC(F)(F)F,-5.547,23,-0.24117391304347824
n1nc(C)n(c12)cc(nc2NC(C)C)-c3ccccc3OCCn4ccc(=O)[nH]c4=O,-5.545,31,-0.17887096774193548
CC(=O)N1CCC(CC1)Cc(cnc2C(F)(F)F)c(c23)CC[C@H]3O,-5.543,24,-0.23095833333333335
C=CC1=C(C)/C(NC1=O)=C/c2[nH]c(c(c2C)CCC(=O)[O-])Cc3ccc(nc3)N4CC[NH2+]CC4,-5.543,34,-0.1630294117647059
COC(=O)CC(=O)NCCCc1cc([S@](=O)C)c(C#N)c(=O)[nH]1,-5.543,23,-0.24100000000000002
CCCCCC[C@@H](C)Nc1ccccc1-c(nn(c23)c(nn3)C)cc2N[C@H](C)C(=O)N,-5.542,31,-0.17877419354838708
C1COCC[N+]1=c(o2)cc(O)c(c23)scc3NCc4ccccn4,-5.541,24,-0.23087500000000002
CCCc(n1)n(C(=O)[C@@H](N)CO)c(c12)cccc2C,-5.54,19,-0.29157894736842105
COc1cccc(c1)[C@H](O)CCCC2OCCO2,-5.54,18,-0.30777777777777776
COc(c1)c(OC)cc(c12)c(nc(n2)C)N[C@H](C)c3cccc(c3)C[C@@H]4CCCN(C4)C(=O)C,-5.539,34,-0.16291176470588234
[NH3+]Cc1ccc(c(Cl)c1)C(=O)c2csc(n2)N3CC[N+](CC3)=C(N4)CSc(c45)cccc5,-5.539,32,-0.17309375
[NH3+]CCc1cc(F)c(c(F)c1)NC(=O)Nc2cncs2,-5.538,20,-0.27690000000000003
N#C\C=C\c(cc1C)cc(C)c1Nc2ccnc(n2)[C@H](C)C3CC3,-5.538,24,-0.23075
CCCCn1cc(nn1)CNC(=O)CCCC[C@@H]2CCSS2,-5.538,22,-0.25172727272727274
CC(C)C[C@H](N)C(=O)Nc(c(c12)CN(S(=O)(=O)C)CC2)nn1CCC[NH+]3CCOCC3,-5.537,31,-0.17861290322580645
CCCCCCCCC(=O)SCCNC(=O)CCNNc(c1)c(O)cc(c12)onc2C,-5.537,31,-0.17861290322580645
Nc(n1)[n-]c(c12)c(cc[nH+]2)-c3cccc(n3)Oc4cc(Br)ccc4Br,-5.537,25,-0.22148
CC(=O)N1CCC(CC1)C[NH2+]Cc2c(C)nn(C)c2C,-5.536,20,-0.2768
C[NH2+]Cc1ccccc1-c2cc(ccc2C)-c(nn(c34)c(nn4)C)cc3NC(=O)CCNC(=O)C,-5.535,35,-0.15814285714285714
Cc1cc(n[nH]1)[C@@H](C)NCc(cc2)nc(c23)cccc3,-5.535,20,-0.27675
Cc1cc(C)cc(c1)Nc2nccc(n2)NO,-5.535,17,-0.3255882352941177
c1ccccc1C(=O)Cc(oc2C)nc2CC[C@H](O)c3ccc(cc3)C[C@@H]4SC(=O)NC4=O,-5.534,33,-0.16769696969696968
C1C[NH2+]CCN1C(=O)[C@@H](OCC)Cc2ccc(cc2)OCCc3ccc(cc3)OS(=O)(=O)C,-5.534,33,-0.16769696969696968
O=C([O-])[C@@H]([NH3+])CC[S+](C)C[C@H]1O[C@H]([C@H](O)[C@@H]1O)CCCN2CCOCC2,-5.534,26,-0.21284615384615385
Cc1cc(C)cc(c1)Nc2cccc(n2)-c3c(C)nnn3[C@H]4CCN(C4)S(=O)(=O)C,-5.534,30,-0.18446666666666667
CC(=O)N[C@H]1CCN(C1)N2CCC(CC2)CCC(=O)NCc3ccc(cc3)N4CCCCC4,-5.532,33,-0.16763636363636364
Oc1ccc(Cl)cc1CCCCCc2ccccn2,-5.531,19,-0.2911052631578947
Clc(c1)cncc1C(=O)Cc2ccc(F)cc2,-5.531,17,-0.32535294117647057
[NH3+]CCNCCc1ccncc1,-5.53,12,-0.4608333333333334
C[NH+](C)CCCc1ccc(=O)n(c1)Cc2ccccc2,-5.53,20,-0.2765
C[C@@H](O)COCC(CO)(COC[C@@H](C)O)CCCc(n1)[nH]c(c12)ccc(Cl)c2,-5.53,28,-0.1975
c1cccc(c12)c(c[nH]2)C[C@H](N)C(=O)NC3CCOCC3,-5.529,21,-0.2632857142857143
c1cc(F)ccc1C(=O)NCCC[NH2+]C2CCN(CC2)Cc3cccc(n3)Oc4ccccc4,-5.529,34,-0.16261764705882353
COC(=O)CC(=O)NCCCc1ccccc1C(=O)c2ccccc2,-5.528,25,-0.22111999999999998
OC[C@@H](O)COC(=O)CCCCCCCCCCOCCOCCOCCOCCO,-5.527,31,-0.17829032258064517
O=C([O-])COc1ccc(cc1C)SCc2nnc(s2)CC[NH3+],-5.526,22,-0.2511818181818182
CC(C)(C)Oc1ccc(cc1Cl)CNCCc(n2)[nH]c(c23)cccc3,-5.524,25,-0.22096
CC(=O)NC[C@H]1CN(C(=O)O1)/N=C/c2ccccc2C=O,-5.522,21,-0.26295238095238094
N#Cc1ccc(cc1C)Oc2ccc(cc2)CC(=O)c3c(C)nnn3C4CCN(CC4)CC[NH+](C)C,-5.522,36,-0.1533888888888889
CC[C@@H]([C@H](C)O)C(=O)c1cnccc1C(F)(F)F,-5.522,18,-0.3067777777777778
CC(C)C[NH2+]CC(=O)c(c(c1)OC)cc(c12)[nH]c3c2c(nc(n3)C)Nc4cc(C5CC5)nn4C,-5.522,34,-0.16241176470588237
C[NH+](C)CCC[N@@H+](C)[C@H]1CCN(C1)c(cc2)cc(c23)n(CCOC(F)(F)F)c(n3)C4CCOCC4,-5.521,35,-0.15774285714285713
c1[nH]ncc1C(=O)c(c2)cc(C(=O)NC)c(c23)OC[C@@]3(C)c4ccccc4,-5.521,27,-0.2044814814814815
C1COCCC1C(=C2)N=[N+](C23)C(=O)C=C(N=3)C[NH2+]Cc4cccc(Cl)c4,-5.52,26,-0.21230769230769228
CC(=O)N1CCC[C@H](C1)CCc(cc2)nc(c23)cccc3,-5.52,21,-0.26285714285714284
O=S1(=O)C(F)(F)[C@H](O)c(c12)c(C(F)F)c(cc2)Nc3nccs3,-5.519,23,-0.23995652173913043
CC/C=C/C/C=C/CCCc1cccc(c1)C(=O)N,-5.519,19,-0.29047368421052633
c1cc(C)cc(c12)[nH]c(n2)CCc(c(c34)cc(Br)cc4)nc(n3)N(C)CCC[NH+](C)C,-5.519,31,-0.17803225806451614
C[C@@H](O)CS(=O)(=O)c1cccc(F)c1,-5.517,14,-0.3940714285714286
C[C@@H]1C[NH2+]CCCN1CC/C=C/C/C=C/C=C/[C@H](O)CCCC(=O)[O-],-5.517,25,-0.22068000000000002
COc1ccc(cc1)Cc2ccc([C@@H](C)O)cc2,-5.516,18,-0.30644444444444446
COc1cc(=O)n(C)nc1-c2ccccc2Nc3cccc(c3)N4CC=CC4=O,-5.516,29,-0.19020689655172413
CC(C)[NH2+]Cc1cc(O)cc(O)c1,-5.516,13,-0.42430769230769233
CC(C)(C)OC(=O)NCCCNc(cc1)cc(c12)OCCO2,-5.515,22,-0.2506818181818182
CCCCCC[C@@H](C)NC(=O)Cn(c1=O)c(=O)n(C)c(c12)ccc(c2C)C([O-])=C3C(=O)CCCC3=O,-5.513,36,-0.15313888888888888
O=C([O-])/C(O)=C/C(=O)c1ccc(cc1)C(=O)NCc2ccccc2,-5.513,24,-0.22970833333333332
CSc1ccc(cc1)C(=O)c2ccc(cc2Cl)C[NH2+]CCCO,-5.512,23,-0.23965217391304347
N#CCCC[C@@H](OCC)CSc1ccc(c(C)c1)OCC(=O)[O-],-5.511,23,-0.2396086956521739
c1cn[nH]c1-c(c2)ccc(c23)N(N4CCC(O)CC4)[C@@H](C)C[C@H]3Nc5ccccc5Cl,-5.511,31,-0.1777741935483871
COCCNc1cccc(n1)Oc2cc(Br)ccc2Br,-5.511,20,-0.27555
CCc1cccc(C)c1Nn2cccc2,-5.509,15,-0.3672666666666667
Cc1noc(C)c1-c(cc2)c3cccc(c3c24)C(=O)N4CC[NH2+]CCO,-5.509,26,-0.2118846153846154
CC(C)Cc1nc(cs1)-c2ccc(cc2Cl)C[NH2+]CCCNS(=O)(=O)C,-5.509,26,-0.2118846153846154
Cc1cc(C)cc(c1)Nc2nccc(n2)-c3c(C(=O)[C@@H]([NH3+])CO)ncn3C4CC[NH2+]CC4,-5.508,32,-0.172125
OCCNCCC(=O)c(cnn1C)c1C(=O)Nc(cc2)cc(n23)nc(c3)-c4ccccc4,-5.508,32,-0.172125
c1nccc(c12)c(ccc2)S(=O)(=O)NCC[NH2+]CCCCC3OCCO3,-5.507,26,-0.2118076923076923
O=C([O-])C(C)(C)Sc1ccc(cc1)CC[N@H+](CC(=O)N)CCCCC2CCCCC2,-5.507,30,-0.18356666666666666
CNc1ccnc(n1)CCCCCCCCc2cccc(OC)c2C(=O)OC,-5.506,28,-0.19664285714285715
CC(=O)NCCC(=O)N1CCCOC1=O,-5.506,15,-0.3670666666666667
O=C([O-])CCC(/C)=C\CC(=O)Cn1c(cc(c12)cc(OC)cc2)C(=O)OCc(c3)oc(c34)cccc4,-5.506,36,-0.15294444444444444
CC(C)S(=O)(=O)n(cc1)c(=O)n(c12)ccn2,-5.505,16,-0.3440625
Cc1cc(C)cc(c1)Oc2nccc(n2)-c3c(CC(C)C)ncn3[C@H]4CC[N@H+](C4)CC[NH3+],-5.504,32,-0.172
Fc(c1)cc(F)cc1C(=O)c2ccc(cc2)N3CCCCC3,-5.504,22,-0.25018181818181817
COCCc1cnc(C(=O)N)nc1,-5.503,13,-0.42330769230769233
C[N+](C)(C)C1CCN(CC1)CCOCCO,-5.502,16,-0.343875
Cc1noc(C)c1-c2ccc(=O)n(c2)N3CC[C@@H](C3)[N@H+](C)CCC[NH+](C)C,-5.501,27,-0.20374074074074075
c1cccc(c12)C(=O)c3c(C2=O)nnn3-c4cc(F)c(c(F)c4)NC5CCCC5,-5.499,29,-0.1896206896551724
OCCNc1ccc(Br)cc1Br,-5.499,12,-0.45825
CCc1c(NC)nc(N)[nH+]c1-c(nc(c23)cccc3)nc2NCc4ccco4,-5.498,28,-0.19635714285714287
FC(F)S(=O)(=O)c1ccc(c(Br)c1CO)Nc2ccc(F)cc2,-5.498,23,-0.23904347826086958
O=c1[nH]c(=O)n(cc1C)C2CCN(CC2)Cc3cccc([nH+]3)NCCc4cccs4,-5.498,30,-0.18326666666666666
Cc1ccc(cc1)[C@H](C)c2ccc(C[NH3+])cc2,-5.498,17,-0.32341176470588234
c1ccccc1[C@H](C)c2cc(cc(n2)-c3cn(C)nn3)C(=O)S(=O)(=O)c4ccc(F)c(Cl)c4,-5.497,33,-0.16657575757575757
COc1ccc(cc1)Cn(nn2)c(c23)[C@@](C)(O)CC[C@H]3CCc(n4)[nH]c(c45)ccc(c5)C,-5.496,32,-0.17175
C[C@@H](O)c1ccc(cc1)Cc2ccc(cc2)-c3ccccc3,-5.496,22,-0.24981818181818183
O=C1CCCc(c12)n(c(c2)CC)CCC/C(C)=C/CSP(=O)([O-])OP(=O)([O-])[O-],-5.496,28,-0.1962857142857143
Cc1cnc(nc1C(F)(F)F)Nc2ccc(c(F)c2)C(=O)N[C@@H]3CC[N@@H+](C)CC3,-5.494,29,-0.18944827586206897
COc1ccc(cc1)Cc2n[nH]c(n2)-c3ccccc3,-5.493,20,-0.27465
CC(C)c(no1)c(c12)cc(cn2)C(=O)c(ncn3)c(c34)cc[nH]4,-5.493,23,-0.23882608695652174
c1nccc(c12)c(ccc2)S(=O)(=O)NCCCCC(F)(F)F,-5.492,22,-0.24963636363636363
Clc(c1)c(F)ccc1S(=O)(=O)CCCCCO,-5.49,17,-0.32294117647058823
OC[C@@H](O)/C=C(/[N-]1)CSc(c12)cccc2,-5.489,15,-0.36593333333333333
[nH]1ccc(c12)c(ncn2)CC(=O)Nc3ccc(cc3)-c(n4)sc(c45)cccc5,-5.489,28,-0.19603571428571429
O=c1[nH]c(cs1)-c2cccc(c2)NCCc3cccs3,-5.488,20,-0.27440000000000003
c1cc(C)cc(c12)c(c[nH]2)Cc3ccc(cc3)C[C@@H]4SC(=O)[N-]C4=O,-5.487,25,-0.21948
COc1ccc(cc1)[C@@H]2SC(=NC2=C)NCc(ccc3)c(c34)OCO4,-5.486,25,-0.21944
CN1CCN(CC1)c(c2)[nH]c3c(ccc(c3c24)n(C)c4O)OCc(c5)oc(c56)cccc6,-5.486,32,-0.1714375
O=C([O-])[C@H]1CC[C@@H](CC1)CCc(cc2)nc(c23)cccc3,-5.486,21,-0.2612380952380952
C#CCn1cc(ccc1=O)-c2c(C)noc2C,-5.486,17,-0.3227058823529412
n1nc(C)n2nc(c(c3c12)cccc3)-c4ccc(N5CCOCC5)c(c4)NNCc6ccccc6,-5.485,35,-0.15671428571428572
Cn1nc(C2CC2)cc1-c3cccc(F)c3,-5.484,16,-0.34275
C1COCCN1[C@@H](C)CC(=O)c2cc(nc(c2)-c3cn(C)nn3)Cc4ccccc4,-5.482,30,-0.18273333333333333
CC(C)C[C@H](N)C(=O)CC(=O)Nc1nc(cs1)-c2ccccn2,-5.482,23,-0.23834782608695654
c1cccc(c12)n(C)nc2NCC#Cc3ccc(cc3)C(=O)NCCC(F)(F)F,-5.482,29,-0.1890344827586207
O1COc(c12)c(ccc2)CNC(=NC3=C)S[C@@H]3c(cc4C)n(c45)cn[n-]c5=O,-5.48,28,-0.19571428571428573
c1cc(Br)ccc1[C@@H](C)Nc2ccc(cc2)CC(=O)N3CCOCC3,-5.479,25,-0.21916
CC[C@](C)(C(=O)[O-])c1nc(c(o1)C)CC[C@H](O)c2ccc(cc2)C[C@@H]3SC(=O)[N-]C3=O,-5.478,31,-0.17670967741935484
C[NH2+]Cc1cccc(c1)CNNC(=O)c2ccc(c(c2)OC)OC3CC3,-5.478,26,-0.21069230769230768
C1CCCCC1c([nH]2)nc(c23)n(c(=O)n(c3=O)CCC)CCCNN4CCCC4=O,-5.477,30,-0.18256666666666668
CC(C)(C)c1ccccc1C(=O)COc2cccc(F)c2,-5.477,21,-0.2608095238095238
NC(=O)c1ncc(cn1)-c2cc(ccc2Cl)OCc([nH]n3)c(c34)cccn4,-5.477,27,-0.20285185185185187
Clc(c1)cncc1S(=O)(=O)c2ccc(F)cc2Cl,-5.476,18,-0.3042222222222222
COC(=O)CC(=O)NCCC[NH2+]CCOc(cc1)c(c2c13)ccc4c2c(cc3)ccc4,-5.476,31,-0.17664516129032257
CCc(nn1)n(c12)nc(cc2)CCCCCCCCC(=O)OC[C@H](O)CO,-5.475,27,-0.20277777777777775
o1nc(C)c(c12)cc(c(c2)NC)C(=O)Cc(cnc3)c(c34)c(O)ccc4,-5.475,26,-0.21057692307692305
O=C1CC=CN1c2cccc(c2)NC(=N3)CSc(c34)cccc4,-5.473,23,-0.23795652173913043
O=C([O-])CCC[C@@H](O)/C=C/Cc1[nH]nc(n1)-c2ccc(F)cc2,-5.473,23,-0.23795652173913043
Cc1ccc(cc1)Cn(cc2)c(=O)n(c23)ccn3,-5.471,18,-0.30394444444444446
C1[NH2+]CCC[C@H]1c2ccc(cc2C)C[NH2+]CCc(n3)[nH]c(c34)cccc4,-5.471,26,-0.21042307692307693
O=C([O-])CCCCCCC[C@H](O)Cc1c(Cl)cccc1Cl,-5.471,21,-0.26052380952380955
Fc1cccc(c1)Cc2ccc(C(F)(F)F)c(F)c2,-5.471,19,-0.2879473684210526
OC[C@@H](O)COC(=O)CCCCCCCCc1cccc(c1)[N-]S(=O)(=O)c2c(F)cccc2F,-5.47,34,-0.16088235294117648
O=C1NC(=O)[C@H](S1)Cc2ccc(cc2)-c3cccc(c3)NS(=O)(=O)c4ccc(F)c(Cl)c4,-5.469,32,-0.17090625
n1cccc(c12)c(n[nH]2)Cc3c[nH]cn3,-5.469,15,-0.36460000000000004
CNc1cc[nH+]c(n1)Nc(cc2)cc(c23)n(c(c3)C)Nc(cc4)cc(c45)n(nn5)C,-5.469,30,-0.18230000000000002
Cc1cc(N)[nH+]c(c1)C[C@@H]2C[NH2+]C[C@@H]2Nc(c3)c(C#N)cn(c34)cc(n4)-c5ccccc5,-5.468,32,-0.170875
n1cccc(c12)ccc(c2)CC3CCOCC3,-5.467,17,-0.3215882352941176
CCc1ccc(nc1)CCOCc(c2)oc(c23)cccc3,-5.466,21,-0.2602857142857143
CC(=O)NCCC(=O)c1ccc(cc1Cl)C[NH2+]CCc(n2)[nH]c(c23)ccc(c3)C,-5.466,29,-0.18848275862068967
COc1ccc(cc1)S(=O)(=O)c2ccccc2CO,-5.465,19,-0.2876315789473684
O=C([O-])c(c1)cccc1NC(=O)CCNc2cnns2,-5.465,20,-0.27325
c1nccc(c12)c(ccc2)S(=O)(=O)NCCCc3ccc(O)cc3,-5.465,24,-0.22770833333333332
O=C(N1)C(C)(C)c(c12)cc(cc2F)C(=O)c3cccc(Cl)c3,-5.464,22,-0.24836363636363637
OCc1ccc(Cl)cc1,-5.464,9,-0.6071111111111112
O=CNCCC1CCCCC1,-5.464,11,-0.49672727272727274
Cn1cc(Cl)cc(c1=O)Nc2ccc(cc2)N3CCC([N+](C)(C)C)CC3,-5.463,26,-0.21011538461538462
O=c1[nH]ccn(c12)c(cc2C)C(=O)[C@H](CCSC)NC(=O)[C@H]3CC[C@@H](C)CC3,-5.463,28,-0.19510714285714287
c1cncc(c12)c(=O)c(C#N)c([nH]2)NCCC(F)(F)F,-5.462,20,-0.2731
Clc1cccc(c1Cl)NNc2nccs2,-5.461,15,-0.3640666666666667
CCCCC(=O)c(c(c12)c(=O)[n-]nc2)cnc1NCc(c(F)cc3)c(c34)CCO4,-5.461,29,-0.1883103448275862
COCCOCCOCCOc(c1)c(OC)cc(c12)CC[N@@H+](C2)CCc3ccc[nH]3,-5.46,30,-0.182
OC[C@@H](O)COC(=O)CCCCCCCCC(=O)c1ccc(cc1)-c2ccoc2,-5.46,29,-0.18827586206896552
n1ccccc1CSc(n2)n(CCCCC)c(=O)c(c23)ccc(c3)C(=O)N4CCSCC4,-5.46,32,-0.170625
CC(C)Nc1cs/c([nH]1)=N\N=C\c2ccccc2C=O,-5.459,20,-0.27294999999999997
COCCOCCNc1ccc(F)cc1,-5.458,15,-0.36386666666666667
CC(C)(C)OC(=O)N1CCC(CC1)c2nc(no2)-c3[nH]ncc3-c4ccncc4,-5.458,29,-0.18820689655172415
CCCn(c1=O)c(=O)n(CCC)c(c12)nc([nH]2)-c3ccc(cc3)CCc(c[nH]4)c(c45)cccc5,-5.458,34,-0.1605294117647059
CCCn(c1[O-])c(=O)n(CCC)c(c12)nc(n2)C(=O)[C@@H](N)[C@@H](C)CC,-5.454,25,-0.21816
Cc1ccc(cc1)N(C)c2cccc(c2)CCCNC(=O)CC(=O)C(=O)[O-],-5.453,27,-0.20196296296296298
CCCCc(cc(F)c1)c(c12)ccc(c2)C#N,-5.452,17,-0.3207058823529412
CC(C)C[C@H]([NH3+])C(=O)NC/C=C/c1ccc(Br)cc1,-5.452,19,-0.2869473684210526
CN(C)C(=O)c1cccc(c1)S(=O)(=O)c(cc2)cc(c23)CN(C)C(=O)N3,-5.452,26,-0.20969230769230768
C1COCCN1c(c2)cc(C)c(c23)nc([nH]3)-c4c(cc[nH]c4=O)/N=C/c5ccccc5C=O,-5.452,33,-0.1652121212121212
C1C[NH2+]CCN1c(c2)ccc(c23)c(C)[nH+]nc3CCNS(=O)(=O)c(ccc4)c(c45)ccnc5,-5.45,33,-0.16515151515151516
Fc1ccc(c(F)c1)NN(CCO2)[C@@H]([C@H]23)CCC3,-5.45,18,-0.3027777777777778
C1OCC1[NH+](CC2)CCN2C(=O)CCCCCCCCCO,-5.449,22,-0.24768181818181817
CCCCC(=O)C(=O)[C@H](C(C)(C)C)NC(=O)c(c(c12)cccc2)nn1Cc3ccc(F)cc3,-5.449,33,-0.1651212121212121
COCCOCCOCCOc(c1)c(OC)cc(c12)CCN(C2)CCc3ccc(cc3)CCO,-5.447,34,-0.16020588235294117
O=C([O-])CCC/[NH+]=C/c1ccc(o1)-c2ccccc2Cl,-5.447,20,-0.27235
Oc1c(C)cc(cc1C)Nc(cc2)c3[nH]c(cc(c3c24)c(O)n4C)N5CCN(C)CC5,-5.447,31,-0.17570967741935484
c1c[nH]c(c12)c(=O)n(C\C=C\C)cc2C3CCCC3,-5.447,19,-0.2866842105263158
Nc(n1)nn(c12)c(ccc2)-c3c[nH]cn3,-5.447,15,-0.36313333333333336
COc1ccc(cc1)Cn(nn2)c(c23)[C@](C)(O)CC[C@H]3c(nc(c45)cccc5)nc4NCc6ccco6,-5.447,37,-0.14721621621621622
CNc1cc([nH+]c(n1)N)N2CCN(CC2)N(C3CC3)Cc4ccccc4OCCCCCC(=O)[O-],-5.447,35,-0.15562857142857142
Cc1c(C#N)n[nH]c1-c2ccc(F)cc2,-5.445,15,-0.36300000000000004
n1nn(C)c(c12)cc(cc2)NC(=O)c3nccn3S(=O)(=O)c4cccs4,-5.444,26,-0.2093846153846154
Fc1cccc(c1)Cc2ccc(Br)cc2,-5.444,15,-0.36293333333333333
Cc1ccc(C(C)C)cc1Oc2nccc(n2)-c3ccc(cc3)NS(=O)(=O)C,-5.444,28,-0.19442857142857142
Cc1cc(N)[nH+]c(c1)CCCCCCCc2ccc(cc2)OC(C)(C)C(=O)[O-],-5.444,28,-0.19442857142857142
FC(F)(F)c(n1)nc(n12)nc(C)cc2S(=O)(=O)c3ccc(nc3)NCCN4CC[NH+](C)CC4,-5.443,33,-0.16493939393939394
c1ccc(C)c(c12)nc([nH]2)CC[NH2+]Cc3ccc(c(Cl)c3)NCCCNC(=O)c4ccc(F)cc4,-5.442,35,-0.15548571428571428
C1CCCCC1c([nH]2)nc(c23)n(c(=O)n(c3=O)CCC)CCCNc4ccc(C(=O)[O-])cc4,-5.441,33,-0.16487878787878787
O=c([nH]1)onc1[C@H](C)c(cc2)nc(c23)sc(n3)NC(=O)C4CC4,-5.441,23,-0.23656521739130434
COC(=O)CC(=O)c1cc(Cl)cc(C#N)c1,-5.441,16,-0.3400625
s1ccnc1CC(=O)Nc2ccc(cc2)-c(n3)sc(c34)cccc4,-5.44,24,-0.22666666666666668
CC(=O)Nc1ccccc1Oc2nc(ncc2Cl)Nc3ccc(cc3)[C@H](C)CCC(=O)[O-],-5.44,32,-0.17
Oc1c(C)cc(cc1C)CCc([nH+]2)[nH]c(c23)cccc3,-5.44,20,-0.272
COc1cccc(c1)CC(=[NH2+])Nc2ccnc(n2)Oc3cc(C)cc(C)c3,-5.439,27,-0.20144444444444445
c1ccccc1C(=O)CC(\C)=[NH+]/[C@H](C(=O)[O-])Cc2ccc(cc2)OCCc3nc(oc3C)NCC[NH3+],-5.439,36,-0.15108333333333335
Cc1ccc(c(C)c1)NCCSP(=O)([O-])OP(=O)([O-])O,-5.439,20,-0.27195
[nH]1cc[nH+]c1CCc(c(c23)ccc(Cl)c3)c([nH]2)C(=O)NCCN4CCOCC4,-5.439,28,-0.19425
n1ccnn1-n(nnc2C)c2-c3cccc(n3)Oc4cc(Br)ccc4Br,-5.438,26,-0.20915384615384613
C[NH2+]Cc1ccc(cc1)-n(c2=O)c(=O)n(C)c(c23)ccc(c3)C(=O)C4=C([O-])CCCC4=O,-5.438,32,-0.1699375
Fc1ccccc1Cn2ccnc2,-5.436,13,-0.41815384615384615
OC[C@@H](O)C(=O)C1CCCC1,-5.436,11,-0.49418181818181817
C1CC1C(=O)Nc(n2)sc(c23)nc(cc3)-c4ccco4,-5.435,20,-0.27175
CCCCCCC(=O)OC[C@H](COP(=O)([O-])OCC[NH3+])OC1CC[NH2+]CC1,-5.435,27,-0.20129629629629628
C[C@H]1CC[C@@H](CC1)CCCOCCOCCOCCOCCOCCO,-5.433,26,-0.20896153846153845
NC(=[NH2+])N[C@H](C)c1cccc(c1)S(=O)(=O)N,-5.431,16,-0.3394375
c1nccc(c12)c(ccc2)S(=O)(=O)c(cc3)nn(c34)c(Cl)nn4,-5.431,23,-0.2361304347826087
Cc1ccccc1CC(=O)c(n2)sc(c23)cccc3,-5.43,19,-0.28578947368421054
O=C([O-])c1c(=O)ccn(c1O)Cc2cccc(c2)Cc3ccc(Cl)cc3,-5.429,26,-0.2088076923076923
COc1cccc(c1)[C@H](O)Cc(sc2S(=O)(=O)C)c(c23)CC(F)(F)[C@H]3O,-5.428,26,-0.20876923076923076
C1CCCCC1C(=O)c(c(c23)c(=O)[n-]nc3)cnc2NCc(c(F)cc4)c(c45)CCO5,-5.428,31,-0.17509677419354838
NC(=O)CC[NH2+]Cc1ccc(c(Cl)c1)CCc2c[nH+]c[nH]2,-5.427,21,-0.2584285714285714
C[NH2+]Cc1ccccc1-c2csc(c2)[C@@H](C)N3CCC[C@H]([NH3+])C3,-5.426,23,-0.23591304347826086
COc1ccc(cc1)S(=O)(=O)n(c(c23)ccc(c3)OC)cc2CCC(=O)CCC(=O)N,-5.425,31,-0.175
[nH]1cncc1-c(o2)cc(c23)c(=O)n(C)cc3[C@H](CCCO)C4=CCCC=C4,-5.425,27,-0.20092592592592592
O=C([O-])c(c1)cccc1-c(o2)c(CC(=O)[O-])c(c23)ccc(c3)Cc4ccccc4F,-5.423,30,-0.18076666666666666
O=C([O-])CCCCCCC[C@H](O)/C=C/CC[C@H]1CCCO1,-5.422,21,-0.2581904761904762
O=C1OCCCN1NCCN2CCOCC2,-5.421,16,-0.3388125
CC[C@@H]([C@H](C)O)S(=O)(=O)C(C)(C)C,-5.421,13,-0.41700000000000004
FC(F)(F)c1cccc(c1)C2CC2,-5.421,13,-0.41700000000000004
N1CCCC[C@@H]1[N@@H+](C)CCCCNC(=O)CCCC[C@@H]2CCSS2,-5.42,24,-0.22583333333333333
CCCCCCC(=O)OC[C@@H](C1C=C1)COP(=O)([O-])OC[C@@H](O)CO,-5.42,25,-0.2168
CC(C)C[C@H](N)C(=O)c1c(Cl)cccc1Cl,-5.419,16,-0.3386875
COc(c1)cccc1-c(ncn2CC#C)c2NCCCNC(=O)c3ccc(F)cc3,-5.418,30,-0.1806
OC[C@H]1CCCN1c2ccccc2Cl,-5.418,14,-0.387
C[C@H]([NH3+])[C@@H]([O-])C(=O)c1cc(c(=O)n(C)c1)NC(=O)Nc2ccccc2F,-5.418,26,-0.2083846153846154
CC(=O)n(cc1)c(=O)n(c12)ccn2,-5.416,13,-0.41661538461538467
CC(C)C[C@H]([NH3+])C(=O)Nc1c(Cl)cccc1Cl,-5.415,17,-0.3185294117647059
COC(=O)CC(=O)c1ccc(cc1)CC[NH3+],-5.414,16,-0.338375
c1cnccc1NC(=O)[C@H](CCSC)N[NH2+]CCC2CCCCC2,-5.414,24,-0.22558333333333333
CCOc1ccc(C(=O)C)cc1[C@@H](C)COC,-5.414,17,-0.3184705882352941
OC[C@@H](O)COCCCCc1ccccc1,-5.414,16,-0.338375
C[NH+](C)CCN1CCN(CC1)Nc2ccc(Cl)cc2,-5.413,19,-0.28489473684210526
COc1cc(=O)n(C)nc1Cc(o2)c(C)c(c23)c(ccc3)OCCCNCc4cccnc4,-5.412,33,-0.164
CC(=O)CCc(n1)[nH]c(c12)cc(Cl)c(Cl)c2,-5.412,16,-0.33825
Cn1nc(cc1)-c2cccc(C(=O)[O-])c2,-5.411,15,-0.3607333333333333
c1ccccc1Cc(n2)cc(cc2-c(nn3)cn3C)C(=O)Nc4ccc(C(F)(F)F)cc4[N+](=O)[O-],-5.411,35,-0.1546
O=c([nH]1)onc1[C@H](C)C(=O)Cc2nc(cs2)-c3ccc(cc3)C(=O)NCCC(F)(F)F,-5.41,31,-0.17451612903225808
O=C([O-])c1ccc(cc1)CNc(c[nH+]c2)c(c23)cccc3,-5.408,21,-0.25752380952380954
CC(=O)N[C@H]1CCN(C1)c2ccc(cc2F)C3=NO[C@@H](C3)CNc(cc4)cc(c45)nc(s5)C,-5.408,33,-0.1638787878787879
COCCCN[C@@H]1O[C@H](CO)[C@@H](O)[C@H]1O,-5.408,15,-0.3605333333333334
CO[C@@H]1CC[N@H+](CC1)Cc2cccc(n2)Oc3ccccc3,-5.408,22,-0.24581818181818182
Cc1ccc(C)c(c1)C[NH2+]Cc2cccc(n2)Oc3ccccc3,-5.407,24,-0.22529166666666667
CS(=O)(=O)Oc1ccc(cc1)CC[C@H]2CCC(=O)NC2=O,-5.407,21,-0.25747619047619047
CSc1ccc(cc1)C[C@H]2CCCO2,-5.406,14,-0.3861428571428571
CCCC(=CC1=O)N=C([N+]1=2)N=C(N2)Cc3cccc(F)n3,-5.405,21,-0.2573809523809524
COC(=O)CC(=O)NCCCc1cc([S@](=O)C)c(C#N)c(=O)[n-]1,-5.405,23,-0.23500000000000001
Cc1ccc(cc1C)Nc2nccc(n2)N3CCC[C@H]3C=O,-5.404,22,-0.24563636363636362
CCn1c(=O)[n-]c(=O)c(c12)[C@H](c3ccc(C)cc3)C4=C(N2)CN(C4=O)C(=O)Cc5cccc(C)c5,-5.404,35,-0.1544
Cn1cc(Cl)cc(c1=O)C(=O)c2ccc(cc2)-c3ccco3,-5.404,22,-0.24563636363636362
OCCOc1c(C)cc(cc1C)-c2[nH+]cc(C)n2Cc3ccccc3OCCC[C@@H](C)CC(=O)[O-],-5.403,35,-0.15437142857142855
O=C([O-])CNS(=O)(=O)c1c(C)cc(cc1C)NNCCCc2cccc(c2)Oc3ccccc3,-5.402,34,-0.15888235294117647
Cc1cccc(c1C)C(=O)[C@@H](N)CC(C)C,-5.4,16,-0.3375
[NH3+]CCNn(c1=O)c(=O)n(C)c(c12)ccc(c2)C(=O)C3=C(O)CCCC3=O,-5.399,27,-0.19996296296296295
O=C([O-])c1ccc(cc1)-c2ccccc2C(=O)[O-],-5.399,18,-0.29994444444444446
CNc1cc([nH+]c(n1)N)N2CC[N+](CC2)=C(C)CC(=O)c3ccccc3,-5.398,26,-0.2076153846153846
Cc1n[nH]cc1N(C)c2c(C)nn(C)c2C,-5.398,16,-0.337375
OCCOCCOCCOCCOCCCCC1OCCO1,-5.398,22,-0.24536363636363634
OCC[N+](C)(CCO)CCCOc(c(c1)OC)cc(c12)[nH+]c(s2)CNN3CCC[NH2+]CC3,-5.397,32,-0.16865625
CCCCCCc(cnc1)c(c12)cccc2,-5.397,16,-0.3373125
COC(=O)[C@H](C(C)(C)C)NC[C@@H](OCC)CSc1ccc(c(C)c1)OCC(=O)[O-],-5.397,29,-0.1861034482758621
FC(F)(F)OCCC(=O)[C@H](C(C)(C)C)NC(=O)c(c(c12)cccc2)nn1Cc3ccc(F)cc3,-5.397,34,-0.15873529411764706
C1CC1S(=O)(=O)Nc2ccc(c(C(F)(F)F)c2)C[NH2+]CCNc(n3)sc(c34)cccc4,-5.395,31,-0.1740322580645161
Cc1ccc(CC=O)cc1,-5.395,10,-0.5395
[NH3+]CCCCCCCCCC(=O)c(cc(n1)N)c(c12)ccc(Br)c2O,-5.394,25,-0.21576
CCNC(=O)[C@H]1O[C@H]([C@H](O)[C@@H]1O)c2ccc(cc2)CNC,-5.394,21,-0.25685714285714284
Nc1nc(SC)nc(c12)n(cn2)CC#N,-5.393,15,-0.3595333333333333
NC(=O)c1ncc(cn1)-c2ncn(n2)C[C@H]3CC[C@H](C(=O)[O-])CC3,-5.393,24,-0.22470833333333332
C1CCCC1NC(=O)c2ccc(cc2)-c3ncccn3,-5.392,20,-0.2696
Cc1cc(C)cc(c1)Oc2nccc(n2)-c3c(CC4CCOCC4)ncn3[C@H]5CCN(C5)CC[NH3+],-5.392,35,-0.15405714285714286
CC(C)C(C(C)C)Nc1ccccc1O,-5.391,15,-0.3594
FC(F)(F)CCNC(=O)c1ccc(cc1)-c2ccc(F)cc2F,-5.39,23,-0.2343478260869565
n1cnc(n12)nc(C)cc2-c3cc(c(=O)n(C)c3)NC(=O)Nc4ccccc4F,-5.388,29,-0.18579310344827585
CC(C)(O)Cn1cc(cn1)C(=O)c2ccccc2NC(=O)Nc3cc(Cl)cc(Cl)c3,-5.387,30,-0.17956666666666665
c1ccccc1-c(cn2C)[nH+]c2Cc3ncc[nH]3,-5.386,18,-0.2992222222222222
CC(=O)N1CCC(CC1)Cc2ccc(cc2)-c(n3)c(C)c(C(=O)[O-])c(c34)ccnc4,-5.386,30,-0.17953333333333335
C1CC1S(=O)(=O)Nc(cc2)cc(c23)c(c[nH]3)C4CC[NH2+]CC4,-5.386,22,-0.24481818181818182
c1ccc(Cl)c(c12)cc([nH]2)CN[C@@H](Cn3cc[nH+]c3)c4ccccc4,-5.385,25,-0.21539999999999998
OC[C@@H](O)Cc(ncn1)c(c12)cc(c(c2)OC)OCCNc(n3)sc(c34)cccc4,-5.385,30,-0.1795
Clc1ccccc1S(=O)(=O)Cc2ccc(Cl)c(Cl)c2,-5.384,19,-0.2833684210526316
C1CC1CC(=O)c2cc(Cl)ccc2O,-5.383,14,-0.3845
O=C([O-])Cc1cccc(Cl)c1Cl,-5.383,12,-0.44858333333333333
O=C1CN(CCN1)C(=O)c2ccc(C(F)(F)F)c(F)c2,-5.383,20,-0.26915
COC(=O)[C@H](C(C)(C)C)NC(=O)c(c(c12)cccc2)nn1N[C@@H](C(C)C)C(=O)Nc3ccncc3,-5.382,35,-0.15377142857142856
C[NH2+]Cc1cccc(c1)Cc(cc2)cc(c23)[C@@H](N(C)C3=O)c4ccccc4,-5.382,27,-0.19933333333333333
c1ccccc1[C@@H](C)[NH2+][C@@H](Cn2ccnc2)c3ccccc3,-5.381,22,-0.2445909090909091
COCCC(=O)[C@@H](N)Cc(c[nH]1)c(c12)cccc2,-5.381,18,-0.29894444444444446
c1c(Cl)ccc(c12)c([C@@H](CC)[C@H](C)O)c([nH]2)C(=O)N3CC[C@@H](C3)[N@@H+](C)CCC[NH+](C)C,-5.381,31,-0.17358064516129032
c1ccccc1[C@H](C)c2cnn(c2)CC(C)(C)O,-5.38,18,-0.29888888888888887
Cc1cc(C)cc(c1)Oc2cccc(n2)C(=O)c(on3)c(c34)cccc4,-5.379,26,-0.20688461538461536
Cn1nc(C2CC2)cc1-c([nH]c(=O)n3)c(c34)cccc4,-5.378,20,-0.26890000000000003
c1ccccc1[C@@H](C)Nc(cc2)cc(c23)N([C@H](C)C(=O)N3C)N4CCC[C@@H]4CO,-5.377,29,-0.18541379310344827
c1cc(F)ccc1CC(=O)c2ccc(c(F)c2)N3CCSCC3,-5.375,23,-0.23369565217391305
O=[N+]([O-])c1ccc(cc1)Cc2cccc(F)c2,-5.375,17,-0.3161764705882353
CCOC(=O)Cc1nc(cs1)-c2ccc(cc2)C(=O)c3cccc(Cl)c3,-5.375,26,-0.20673076923076922
n1ccccc1CCc2ncc[nH]2,-5.375,13,-0.41346153846153844
n1ccccc1CC(=O)c2ccc(cc2)-c3ccco3,-5.375,20,-0.26875
Clc1cccc(c1)Nc(nc(c23)cccc3)nc2[C@H]4CCOC4,-5.374,23,-0.23365217391304346
CC[C@H](C)[C@H](N)C(=O)c1cccc(C)c1C,-5.374,16,-0.335875
c1ccccc1C(c2ccccc2)CCn3ccnc3,-5.374,20,-0.2687
CNc1cc(nc(n1)N)N2CC[N+](CC2)=C(C)CC(=O)c3ccccc3,-5.373,26,-0.20665384615384616
N#Cc1ccc(cc1)N2CCC(CC2)CCC(=O)c3cccc(c3)CC(=O)[O-],-5.372,28,-0.19185714285714286
O=Cc1ccccc1/C=N/N=c2/[nH]c(cs2)[C@@H]3O[C@H](CO)[C@@H](O)[C@H]3O,-5.371,25,-0.21484000000000003
COc1ccc(c(C)c1)Nc(c2)c(O)cc(c23)NC(=O)C(O3)(C)C,-5.37,24,-0.22375
Cc1cc([nH]n1)[C@@H](C)Nc(n2)[nH]c(c23)cc(cc3C)N4CCOCC4,-5.368,25,-0.21472000000000002
Clc1ccccc1S(=O)(=O)c2cccc(c2F)-c(ccn3)c(c34)[nH]cn4,-5.368,26,-0.20646153846153847
c1ccccc1C(C(=O)N(CC2=O)CCN2)c3ccccc3,-5.368,22,-0.24400000000000002
O=C([O-])CCC[C@@H](O)\C=C\Cc([nH+]c1N)cc(n1)N2CCN(CC2)C3COC3,-5.368,28,-0.19171428571428573
NC(=O)CC[NH2+]C1CCOCC1,-5.368,12,-0.44733333333333336
Oc1ccc(cc1)Cc2ncccn2,-5.367,14,-0.38335714285714284
O=C(N1)C(C)(C)Oc(c12)cc(c(c2)OC)Nc3ccc(C)c(C)c3,-5.364,24,-0.2235
CC(=O)Nc1cccc(c1)C(=O)[C@@H](N)CC(C)C,-5.364,18,-0.298
O=C1CCCC(=O)C1=C([O-])c(cc2)c(C)c(c23)c(=O)n(c(=O)n3C)CC(=O)NCCc4nccs4,-5.363,35,-0.15322857142857144
c1cc(C(F)(F)F)cc(c12)n(CC)c(n2)[C@@H](C)NS(=O)(=O)c3ccccc3OC,-5.363,29,-0.18493103448275863
C[C@@]1(O)CCC(=O)[C@@H](OC)[C@]1(O)[C@@]2(C)O[C@@H]2CCC[C@H](O)CCCC(=O)[O-],-5.362,27,-0.1985925925925926
CCc1c(C)nc(N)nc1-c2ccc(s2)C(=O)NC3CC3,-5.362,21,-0.25533333333333336
Cc1cccc(c1C)NCC(=CC2=O)N=C([N+]2=3)C=C(N3)C4CCOCC4,-5.361,26,-0.20619230769230767
c1ccccc1C[C@@H](NC(=O)[C@H](O)[C@H](C)[NH3+])CCc(cc(N)[nH+]2)c(c23)ccc(Br)c3O,-5.361,31,-0.17293548387096774
Cc1cccc(C)c1-c(c(Cl)cc2)c(c23)nnn3Cc(n[nH]4)c(c45)cccn5,-5.36,28,-0.19142857142857145
O=C([O-])C(C)(C)Oc1c(C)cc(cc1C)CCCc(n2)[nH]c(c23)cccc3,-5.36,27,-0.19851851851851854
c1cccc(c12)c(nn2C)-c(nn(c34)c(C)nn3)cc4N[C@H](C)C(=O)N,-5.359,26,-0.20611538461538462
COc1cc(OC)cc(c12)nc([nH]c2=O)-c(cc3)cc(c34)[C@@](O)(CC4)c5ccccc5,-5.358,31,-0.17283870967741935
COC[C@H](C)c1c(C)ccn(C)c1=O,-5.358,14,-0.3827142857142857
Cc1cc([nH]n1)[C@@H](C)Nc(c(c23)cc(Br)cc3)nc(n2)N(C)CCC[NH+](C)C,-5.356,28,-0.19128571428571428
N#Cc1cc(F)cc([c-]1)C(=O)C(F)(F)F,-5.355,15,-0.35700000000000004
COCCOc1cc(F)ccc1F,-5.355,13,-0.41192307692307695
Cc1nn(C)c(Cl)c1S(=O)(=O)c2cc(c(=O)n(C)c2)NC(=O)Nc3ccccc3F,-5.355,30,-0.17850000000000002
Cn1c(C#N)ccc1COCCO,-5.355,13,-0.41192307692307695
Cc1nn(C)c(C)c1-c2cccc(c2F)-c3cc(nc(n3)N)N4CCOCC4,-5.355,28,-0.19125
c1cc(F)ccc1-c(c2)nc(cc2C(C)(C)[NH3+])C(=O)NNc3ccc(cc3)CC[NH3+],-5.354,30,-0.17846666666666666
CCCCc1ccc(cc1Cl)C[NH2+]CCc2ccc[nH]2,-5.353,20,-0.26765
OCCOc1ccccc1N2CCN(CC2)Nc3cc(Cl)cc(Cl)c3,-5.353,25,-0.21411999999999998
CC(=O)N1CCC(CC1)CNN[C@H](C)c2ccc(Br)cc2,-5.352,21,-0.2548571428571429
CCOC(=O)c1csc(n1)S(=O)(=O)c2ccc(F)c(C)c2,-5.352,21,-0.2548571428571429
CCNC(=O)c(c1)[nH]c(c12)c(=O)n(C)cc2C(=O)Cc3cccc(C)c3,-5.351,26,-0.2058076923076923
Fc(n1)cccc1C(=O)Cc2ccccc2,-5.351,16,-0.3344375
Cc1cc(OC)cc(c12)c(c3c(n2)[nH]nc3C)C[NH2+]CCCNC(=O)c4ccc(F)cc4,-5.351,32,-0.16721875
CCC(CC)c1cc(F)cc(F)c1,-5.35,13,-0.4115384615384615
Cc([nH+]1)c(C)n(c12)c(C)c(cc2)CCc3nc(cn3C)Nc4ccncc4,-5.349,27,-0.19811111111111113
Cc1c(C#N)cccc1[C@@H](C)Nc(n[nH+]c2C)c(c23)cc(nc3)[C@@H]4CCC[NH2+]C4,-5.348,29,-0.18441379310344827
C1=CCCC=C1[C@@H](CCCO)c2ccccc2OCCO,-5.348,21,-0.25466666666666665
CCCCCCc(cc1)cc(c12)nc(s2)C,-5.346,16,-0.334125
c1cccc(c12)c(N[C@H](C)C3CC3)nc(n2)C(=O)c4ccc(=O)n(C)c4,-5.346,26,-0.20561538461538462
CCCNC(=O)c1c(cnn1C)C(=O)C(=O)Cc(cnc2)c(c23)c(O)ccc3,-5.346,28,-0.19092857142857142
Nc(c1)[nH+]ccc1-c(c(c2)OC)cc(c23)[nH]c4c3c(nc(n4)C)Nc(nn5C)c(c56)cccc6,-5.345,34,-0.15720588235294117
FC(F)(F)c1cccc(c1C)[C@@H](C)Nc([nH+]nc2C)c(c23)cc(cc3)N4CCN(CC4)C5COC5,-5.345,35,-0.15271428571428572
c1ccccc1[C@](C)(CO2)c(c23)cc(C(=O)N[C@H]4[C@@H]([C@@H]45)COC5)cc3C(=O)Cc(c6)oc(c67)cccc7,-5.345,37,-0.14445945945945945
c1cccc(c12)c(N[C@H](C)C3CC3)nc(n2)-c4cc(F)cc(F)c4,-5.344,24,-0.22266666666666668
n1c[nH]cc1CCC(=O)c(cc2)cc(c23)c(C)c(C)n3Cc4ccc(Cl)c(c4)O[C@@H](C)C(=O)[O-],-5.344,34,-0.1571764705882353
O=C([O-])C(C)(C)Oc1ccc(cc1)CCNc2[nH]nc(n2)-c3ccccc3,-5.344,27,-0.19792592592592595
O=C1CN(CCN1)Cc2ccc(Cl)c(Cl)c2,-5.344,16,-0.334
CCCCCCCCCCCCC(=O)N1C=CCC(=C1)C(=O)N,-5.344,23,-0.23234782608695653
CCN(C(=O)C1)c(c12)ccc(c2)CCC/C(C)=C/CSP(=O)([O-])OP(=O)([O-])[O-],-5.343,28,-0.19082142857142856
Cc1ccccc1CC(=O)c2ccc(B(O)O)cc2,-5.343,19,-0.28121052631578947
n1[nH]cnc1[C@@H](C)NCc2ccc([N+](=O)[O-])cc2,-5.343,18,-0.29683333333333334
CC(C)S(=O)(=O)C(=O)c1cnn(C)c1C(=O)Nc(cc2)cc(n23)nc(c3)-c4ccccc4,-5.342,32,-0.1669375
COC(=O)c1ccc(c(Cl)c1)CC(=O)c2ccc(c(c2)OC)OC3CC3,-5.342,26,-0.20546153846153845
COc1ccc(cc1)Cn2nnc(n2)-c3cccc(c3)-c4csc(=O)[nH]4,-5.341,26,-0.20542307692307693
CC(C)Cn1ncc(Cl)c1C(=O)Nc(cc2)cc(c23)c(c[nH]3)C4CC[NH2+]CC4,-5.341,28,-0.19075
Cn1cc(nn1)-c2cc(C(=O)C[C@H](O)CO)ccc2OCc3ccccn3,-5.341,27,-0.19781481481481483
Cc1ncsc1Cc2cccc(Cl)c2,-5.341,14,-0.3815
O=C([O-])c1ccccc1CCCO,-5.341,13,-0.41084615384615386
OCCOc1ccccc1N2CCN(CC2)N3CCC[C@@H]3CO,-5.341,23,-0.23221739130434785
O1CCOc(c12)cc(cc2)-c3cccc(c34)c(=O)cc(o4)CCOCCOCCOCCO,-5.341,33,-0.16184848484848485
CCc1cccc(C)c1NCCCCc2ccccc2,-5.34,20,-0.267
Cc1nn(C)c(C)c1Cc(n2)[nH]c(c23)cc(cc3)NC(=O)c4c(Cl)cnn4CC(C)C,-5.34,31,-0.17225806451612902
O=C([O-])Cc1cccc(c1)OCc2ccccc2,-5.339,18,-0.29661111111111116
COc1ccc(cc1)Cn(nn2)c(c23)[C@@](C)(O)CC[C@H]3[NH2+]Cc4ccc(cc4)-c5scnc5C,-5.339,34,-0.1570294117647059
CC(C)(C)c(cc1)ccc1[C@H](C)Nc(cc2)cc(c2=3)=CC(=O)N3,-5.338,23,-0.23208695652173914
n1cccc(c12)c(n[nH]2)Cn(ccc3C)c(=O)c3-c4c(C)nnn4C,-5.338,25,-0.21352000000000002
Cc1nc(CN(C)C)ccc1CCNS(=O)(=O)c(ccc2)c(c23)ccnc3,-5.337,27,-0.19766666666666666
C[C@@H]1C(=O)N(C)CC[N@H+]1CCc2cc(CO)ccc2F,-5.337,20,-0.26685
C[C@H]1COC(=N1)c2ccc(cc2)CCCCCCCCC(=O)[O-],-5.336,23,-0.232
N#Cc1cc(F)cc(c1)CCc(c[nH]2)c(c23)cccc3,-5.336,20,-0.26680000000000004
Cc1noc(C)c1S(=O)(=O)N[C@H](C)c2ccc(cc2)Cc(c(F)cc3)c(c34)CCO4,-5.334,30,-0.17779999999999999
CSc1ccc(cc1)C(=O)CCc2nn(C)cc2-c3ccc(=O)n(C)c3,-5.334,26,-0.20515384615384613
c1nccc(c12)c(ccc2)S(=O)(=O)NCCc3ccc(cc3Cl)CNCCc4c[nH+]c[nH]4,-5.334,32,-0.1666875
O=c1[nH]c(=O)n(cc1C)-c2cccc(c2)NS(=O)(=O)c3cccs3,-5.334,24,-0.22224999999999998
n1cn(C(C)C)c(c12)nc(N[C@H](C(C)C)CO)nc2-c3ccccc3,-5.333,25,-0.21332
CC(=O)N1CCC(CC1)Cc2ccc(N)[nH+]c2,-5.332,17,-0.3136470588235294
CC(=O)Nc1cccc(c1)C(=O)[C@H]2N(C[C@@H]([C@@H]23)C3(C)C)C(=O)[C@H](C(C)(C)C)NC(=O)C(F)(F)F,-5.331,34,-0.15679411764705883
COc(cc1)cc(c12)nc([nH]2)CCc(cn(C)c3=O)c(c34)oc(c4)-c5c[nH+]c([nH]5)C6CCC6,-5.328,33,-0.16145454545454546
CCC(=O)c1c[nH]c(c1)C(=O)CC2CCOCC2,-5.327,18,-0.29594444444444445
[NH3+]CCNC(=O)Cc1cc(nc(n1)N)N2CCCCC2,-5.327,20,-0.26635
C[C@H](O)c1ccc(nc1)CCC(F)(F)F,-5.326,15,-0.35506666666666664
CNc1cc(nc(n1)N)C(=O)c2cc(Cl)ccc2OC3CC[NH2+]CC3,-5.322,25,-0.21288
Cc1cc(on1)[C@@H](C(C)C)C(=O)N2C[C@H](O)C[C@H]2C(=O)c3cc(F)cc(Cl)c3,-5.322,28,-0.19007142857142859
CCc1c(NC)nc(N)[nH+]c1-c2ccnc(N)c2,-5.322,18,-0.2956666666666667
Cn1cc(cn1)-c2c[nH+]c(N)c(c2)Nc(cc3)cc(c34)n(nn4)C,-5.322,24,-0.22175
CC[C@@](C)(C(=O)[O-])c1ccccc1Cc2ccccc2,-5.321,20,-0.26605
CO[C@H](C(=O)[O-])Cc(c(c12)scc2)ccc1CCOCCOCCO,-5.32,25,-0.21280000000000002
c1cccc(c12)c(CC#C)nc(n2)Nc3cccc(Cl)c3,-5.32,21,-0.25333333333333335
O1CCc(c12)c(c(F)cc2)CC(=O)c(cnn3C)c3C(=O)Nc(cc4)cc(n45)nc(c5)-c6ccccc6,-5.319,37,-0.14375675675675675
Cc1nn(C)c(C)c1-c2cccc(c2F)C(=O)c3cccc(Cl)c3,-5.319,24,-0.221625
c1ccccc1C(=O)c2ccccc2N[C@H](C(=O)[O-])Cc3ccc(cc3)CCc4ccccc4,-5.319,34,-0.15644117647058822
CC[C@H](C)[C@H]([NH3+])C(=O)[N-]S(=O)(=O)[C@H](C)c1ccc(cc1)-c2c(C)noc2C,-5.319,27,-0.197
CCCCCCCC(=O)O[C@@H](COP(=O)([O-])OCC[NH3+])Cc1ccc(CN(C)C)nc1C,-5.319,32,-0.16621875
O[C@@H]1CCCN(C1)NCCC[NH2+]Cc2ccc(c(Cl)c2)-c3ccccc3,-5.319,26,-0.20457692307692307
Cc1ccnc(c1)CCCCCC(=O)Cc(cnc2)c(c23)c(O)ccc3,-5.318,26,-0.20453846153846153
c1nccc(c12)c(ccc2)S(=O)(=O)NCC[NH2+]CCc3ccn[nH]3,-5.317,24,-0.22154166666666666
O=Cc1ccccc1/C=N/c(cc2)cc(c23)ccc(c3)C[C@@H]4SC(=O)[N-]C4=O,-5.314,28,-0.18978571428571428
CC(C)CNCC(=O)c(c(c1)OC)cc(c12)[nH]c3c2c(nc(n3)C)Nc4cc(C5CC5)nn4C,-5.314,34,-0.15629411764705883
Nc(c1)cccc1[C@@H](C)CCCCCCCCC(=O)OC[C@H](O)CO,-5.313,25,-0.21252
Cn1ncc(c1C)C(=O)S(=O)(=O)c2ccc(cc2)C#CCNS(=O)(=O)C,-5.313,26,-0.20434615384615384
c1cc(C)cc(c12)c(c[nH]2)Cc3ccccc3C,-5.311,18,-0.29505555555555557
NC(=O)CC[NH2+]Cc1ccc(c(Cl)c1)-c2noc(n2)C3CCN(CC3)C(=O)Cc4ccccc4,-5.311,34,-0.15620588235294117
C/C=C/CCCCCCCC(=O)O[C@H](COP(=O)([O-])[O-])COCCCNC(=O)C,-5.311,29,-0.18313793103448275
O1CCc(c12)c(c(F)cc2)Cc3ccc(Br)cc3Br,-5.31,19,-0.2794736842105263
Cc1c(C#N)n[nH]c1[C@@H](C)C(=O)[O-],-5.309,13,-0.4083846153846154
n1cn(C(C)C)c(c12)nc(N[C@H](C(C)C)CO)nc2NCC(=O)[O-],-5.309,24,-0.22120833333333334
COc1c(OC)cc(cc1OC)C(=O)Cc2ccc(Br)cc2,-5.308,22,-0.24127272727272728
COc1ccc(CCC#N)cc1OC,-5.308,14,-0.3791428571428571
Cc1nn(C)c(C)c1NNC2CCOCC2,-5.308,16,-0.33175
Cc1noc(C)c1-c2ccc(cc2)CNc3ccc(F)cc3F,-5.307,23,-0.2307391304347826
c1cc(F)cc(c12)c(C(=O)[N-]S(=O)(=O)C)c(N)c(n2)S(=O)(=O)c3ccc(F)c(Cl)c3,-5.307,30,-0.1769
FC(F)(F)CS(=O)(=O)c1nc(ncc1C)Nc2ccc(c(F)c2)C(=O)N[C@@H]3CC[N@@H+](C)CC3,-5.307,33,-0.16081818181818183
Cc(n1)sc(c12)ccc(c2)CCc3[nH+]cc[nH]3,-5.307,17,-0.31217647058823533
[nH]1nccc1-c2ccc(cc2Cl)C[NH2+]CCc3cnc[nH]3,-5.306,21,-0.25266666666666665
O=C([O-])CCC[C@@H](O)/C=C/CC(=O)c1ccc(cc1)-c2ccoc2,-5.306,24,-0.22108333333333333
CCCCCCCCCCCCC/C=C/[C@@H](O)[C@H](CO)Nc1ccc(=O)n(C)c1,-5.304,29,-0.18289655172413793
OCC(C)(C)NS(=O)(=O)c1ccccc1Cl,-5.304,16,-0.3315
C1C[NH2+]CCN1c(c2)ccc(c23)c(C)[nH+]nc3CCOCCOCCOCCOCCO,-5.302,32,-0.1656875
CCCCCCC(=O)OC[C@H](COP(=O)([O-])OCC[NH3+])Oc1cccc(F)c1,-5.302,28,-0.18935714285714284
CCN(C(=O)C1)c(c12)ccc(c2)Nc3ccc(F)cc3,-5.301,20,-0.26505
OCC[NH2+]CC[C@H](c1ccccn1)c2cccc(Cl)c2,-5.301,20,-0.26505
Cc1cc(C)c(c(C)c1)S(=O)(=O)C/C=C/[C@@H](O)CCCCCCCC(=O)[O-],-5.3,27,-0.1962962962962963
Oc1c(C)cc(cc1C)NCCC2CCCCC2,-5.298,18,-0.29433333333333334
c1cncc(c12)c([O-])c(C#N)c(n2)NCCC(F)(F)F,-5.298,20,-0.2649
O=C([O-])CCc(n1)nc(cc1C)CC[NH2+]C/C=C/c2ccc(Br)cc2,-5.297,25,-0.21187999999999999
Cc1cc(C)cc(c1)Oc2nccc(n2)-c3cnc([nH]3)C4CCCC4,-5.297,25,-0.21187999999999999
O=c1ccc(cn1C)-c2ccncc2,-5.297,14,-0.37835714285714284
Cc1cc(C)cc(c1)Oc2nccc(n2)-c3c(-c4ccccc4F)ncn3[C@H]5CCN(C5)CC[NH3+],-5.296,35,-0.15131428571428573
[NH3+]CCNC(=O)[C@H]1O[C@H]([C@H](O)[C@@H]1O)C(=O)c2ccc(cc2)-c3ccccc3F,-5.296,28,-0.18914285714285714
COc1ccc(Br)cc1S(=O)(=O)Nc2cccc(c2)-c3c[nH]cn3,-5.296,24,-0.22066666666666668
O=C([O-])c1ccc(cc1)C[NH+]2CCC2,-5.295,14,-0.3782142857142857
Clc(c1)c(F)ccc1S(=O)(=O)c(cc2)cc(c23)C[NH2+][C@H](C3)CO,-5.295,23,-0.23021739130434782
O=C([O-])CCCCCOc1ccccc1CN(C2CC2)c3cc[nH]n3,-5.294,25,-0.21175999999999998
Cc1ccc(cc1)Cc2ccc(cc2)-c(n3)c(C#N)c([O-])c(c34)cncc4,-5.293,27,-0.19603703703703704
CC(C)(C)c(cc1)ccc1S(=O)(=O)c(c2C)nnn2CCCc3ccccc3,-5.292,28,-0.189
CCS(=O)(=O)Nc1ccc(CC[NH3+])c(c1)-c(cn(C)c2=O)c(c23)oc(c3)-c4cnc[nH]4,-5.291,31,-0.1706774193548387
c1ccccc1-c(cc2)ccc2C(=O)c(cc3CCC)ccc3OCCCN(CC4)C[C@H]([N@H+]45)CCC5,-5.291,36,-0.14697222222222223
CNCc1ccccc1-c2ccc(cc2)C(=O)NCc3ccccc3,-5.291,25,-0.21164000000000002
c1occc1N(C2=O)C(=O)N([C@H]23)CC[C@H]3O,-5.291,16,-0.3306875
Cc1ccc(Cl)cc1-c2ncc(F)cc2F,-5.29,16,-0.330625
COc1ccc(CC#N)cc1,-5.289,11,-0.4808181818181818
n1ccccc1N2CCC(CC2)Nc(cnc3)c(c34)cccc4,-5.289,23,-0.22995652173913042
COc1nc(cs1)-c2ccccc2,-5.288,13,-0.40676923076923077
CCCCCCCC(=O)O[C@@H](COP(=O)([O-])OCC[NH3+])CON1CC[NH+](C(C)C)CC1,-5.288,31,-0.17058064516129032
OC[C@@H](O)COC(=O)c1ccc(cc1)-c2ccco2,-5.287,19,-0.2782631578947368
COc1ccc(cc1)Oc2cc(ncn2)N(C)CCc3ccc(I)cc3,-5.287,26,-0.20334615384615384
COc(c1)c(OC)cc(c12)c(nc(n2)C)CCc([nH]3)nc(c34)cccc4OC,-5.287,28,-0.18882142857142856
CC(C)(C)c1ccccc1-c2ccsc2,-5.286,15,-0.3524
n1cn(C)c(c12)cccc2-c3ccc(cc3)S(=O)(=O)c(cc4)cc(c45)C[NH2+]CC5,-5.286,29,-0.1822758620689655
n1ccn(c12)c(=O)n(cc2)Nc(cc3)cc(n34)[nH+]c(c4)-c5ccccc5,-5.286,26,-0.2033076923076923
O=C([O-])CCC(\C)=C/Cc(cc1=O)oc(c12)c(c(O)cc2O)[C@H]3CC[N@H+](C)C[C@H]3O,-5.285,30,-0.17616666666666667
C[C@H]([NH3+])[C@@H](O)C(=O)c1cncc(Cl)c1,-5.283,14,-0.3773571428571429
Cc1noc(C)c1-c2ccc(=O)n(c2)C(=O)c3ccc(cc3)-c4ccsc4,-5.283,27,-0.19566666666666668
CNc1ccnc(n1)Nc(cc2)cc(c23)n(c(c3)C)Nc(cc4)cc(c45)n(nn5)C,-5.283,30,-0.1761
C[C@@H](O)COCC(CO)(COC[C@@H](C)O)C[C@@H]1CC[N@@H+](C1)CCN(C)C,-5.283,26,-0.2031923076923077
[nH]1cncc1[C@@H](CC)c2cccc(n2)C3CC3,-5.283,17,-0.31076470588235294
C[NH2+]Cc1cccc(c1)Cc2ccc(cc2Cl)CNCCc([nH]3)nc(c34)c(C)ccc4,-5.283,31,-0.17041935483870968
[nH+]1c[nH]cc1-c(o2)cc(c23)c(=O)n(C)cc3CCCc4ccccc4,-5.282,25,-0.21128
Oc1c(C)cc(cc1C)C(=O)[C@@H]([NH3+])CO,-5.281,15,-0.35206666666666664
N#C[C@H]1C[C@H](C1)C2CCCCC2,-5.28,12,-0.44
N#Cc1ccc(cc1C)C/C=C/c2ccc(Br)cc2,-5.28,19,-0.27789473684210525
Cc1nn(C)c(C)c1N(C)NC(C)(C)CO,-5.28,16,-0.33
c1ccccc1C(C2C=C2)c3ccccc3,-5.278,16,-0.329875
Cc1noc(C)c1-c2ccc(cc2)Nc3ccc(F)cc3F,-5.277,22,-0.23986363636363636
CC(=O)NCCC[NH2+]Cc1ccc(c(Cl)c1)-c2c[nH]nc2C,-5.276,22,-0.23981818181818182
COc1ccc(Br)cc1S(=O)(=O)Nc2cccc(c2)-c3cnc[nH]3,-5.276,24,-0.21983333333333333
C[C@H](O)c1ccc(nc1)CC[N@@H+]2CCNC(=O)C2,-5.276,18,-0.2931111111111111
O=C(N=1)N=c(c12)cc(cc2)-c3c(Cl)cccc3C(=O)CC4CC4,-5.276,23,-0.2293913043478261
COc(c1)c(OC)cc(c12)CN(CC2)CC#C[Si](C)(C)C,-5.276,21,-0.2512380952380952
C1C[NH2+]CCN1C(=O)[C@@H](C2)Oc(c23)c(cc(Cl)c3)[C@H](CO)Cc(c[nH]4)c(c45)cccc5,-5.275,31,-0.17016129032258065
COc(c(Cl)c1)ccc1CCc([nH+]c(c23)cc(cc2)NCC)n3C[C@H](C)N4CCOCC4,-5.275,32,-0.16484375
CSc1ccc(cc1)C(=O)c2cccc(Cl)c2,-5.274,17,-0.31023529411764705
CC[C@H](C)[C@H](N)C(=O)c1ncc(F)cc1F,-5.274,16,-0.329625
C[N@H+]1CC[C@@H](CC1)[NH2+]C[C@H](O)CO,-5.273,13,-0.4056153846153846
o1nc(C)c(c12)cc(c(c2)O)CCC[NH+]3CCOCC3,-5.273,20,-0.26365
Cc1cc([nH]n1)[C@@H](C)[NH2+]Cc(cc2)nc(c23)cccc3,-5.272,20,-0.2636
FC(F)(C1)[C@@H](O)c(c12)c(S(=O)(=O)C)ccc2Cc(n[nH]3)c(c34)cccn4,-5.272,26,-0.20276923076923078
COc1ccc(CC[NH3+])cc1OC,-5.272,13,-0.40553846153846157
n1ccccc1COc(ccc2C(=O)NCC)c(c2)-c3ccc(s3)C(=O)NC4CC4,-5.27,30,-0.17566666666666667
O=C[C@@H]1CCCN1c2ccc(cc2Cl)C[NH2+]CCc3cnc[nH]3,-5.27,23,-0.22913043478260867
C[C@H](O)c1ccc(nc1)CCc2cc(nc(N)[nH+]2)N3CC[NH+](CC3)C4COC4,-5.27,28,-0.1882142857142857
[NH3+][C@H]1CCCN(C1)c2cs/c([nH]2)=N/N=C/c3ccccc3C=O,-5.268,23,-0.22904347826086954
Cn1cc(nn1)NCC23C[C@H]4C[C@@H](C3)C[C@H](C4)C2,-5.268,18,-0.29266666666666663
COCCCNNc1cccc(c1)N2C=CCC2=O,-5.268,19,-0.2772631578947368
C1C[NH2+]CCN1c(c2)ccc(c23)c(C)nnc3CCOCCOCCOCCOCCO,-5.267,32,-0.16459375
CCCCCCC(=O)OC[C@H](COP(=O)([O-])OCC[NH3+])O[C@@H]1CCN(C1)CC[NH+](C)C,-5.267,31,-0.16990322580645162
COc1cccc(c1C(=O)OC)CCCCCCCCc2c(C)ccn(C)c2=O,-5.266,29,-0.18158620689655172
n1ccccc1N(CC2)CCC2NC(=O)NCCNCc3ccc(O)cc3,-5.266,27,-0.19503703703703704
Cc1nn(C)c(Cl)c1S(=O)(=O)NCc2ccc(cc2)S(=O)(=O)C(C)(C)C,-5.265,26,-0.20249999999999999
s1cccc1S(=O)(=O)Nc2cccc(c2)N3CCN(CC3)c4ccc(Cl)cc4,-5.264,28,-0.188
NC(=O)[C@@H](C)[NH2+]Cc1cccs1,-5.264,12,-0.4386666666666667
COc1cc(OC)c(C(=O)C(F)(F)F)cc1C,-5.262,17,-0.30952941176470583
Brc1ccc(Br)c(c1)Oc2cccc(n2)C3COC3,-5.262,19,-0.2769473684210526
NC(=O)CC1CC[NH2+]CC1,-5.262,10,-0.5262
Nc1ccc(cc1)[NH2+]C2CC2,-5.262,11,-0.4783636363636363
CNC(=O)c1cccc(c1)S(=O)(=O)CC(=O)N(CC2)[C@H](c(c23)ccs3)c4cccc(n4)C,-5.261,32,-0.16440625
OC[C@@H](C1)[NH2+]Cc(c12)cc(cc2)S(=O)(=O)C(=O)N3CCC(CC3)c4nc(no4)-c5cccs5,-5.26,33,-0.1593939393939394
Cn1nc(C2CC2)cc1CCC[N+](C)(CCO)CCO,-5.26,20,-0.263
O[C@@H]1[C@@H](O)[C@@H](O)[C@@H](O[C@H]1C)[NH2+]CCCCc2ccccc2,-5.26,21,-0.25047619047619046
FC(F)(F)C(O)(C(F)(F)F)C(=O)NCCO,-5.26,16,-0.32875
C[N@H+]1CC[C@@H](CC1)c2ccc(cc2F)-c3ccccc3OCCn4ccc(=O)[nH]c4=O,-5.259,31,-0.1696451612903226
COCCOCCOCCn(cc1)c(=O)n(c12)ccn2,-5.259,20,-0.26295
O=C([O-])CCCCC[C@H](c1ccccn1)c2cccc(Cl)c2,-5.259,22,-0.23904545454545456
COc1cc(cc(c1)OC)NC(=O)N(S(=O)(=O)C2CC2)Cc3ccccc3,-5.258,27,-0.19474074074074074
Fc1ccc(c(F)c1)NNc2cncs2,-5.257,15,-0.35046666666666665
Cc1ccccc1CS(=O)(=O)c2cccc(Br)c2,-5.257,18,-0.2920555555555555
n1cccc(c12)c(n[nH]2)Cn(ccc3C)c(=O)c3-c(ccc4C(F)(F)F)c(c45)CC[C@H]5O,-5.256,32,-0.16425
Cc1ccccc1CC(=O)Nc2cc(C)c(c(C)c2)S(=O)(=O)N3CCC(CC3)N4CC[NH+](C)CC4,-5.255,35,-0.15014285714285713
OC1CCN(CC1)c2cc(F)cnc2Cl,-5.254,15,-0.3502666666666666
Cc1noc(C)c1-c2ccc(cc2)-c3ccc(C[NH3+])cc3,-5.254,21,-0.2501904761904762
Clc1ccccc1-c2ncc[nH]2,-5.253,12,-0.43775000000000003
Cc1ccccc1C[C@@H](CO)C(C)C,-5.252,14,-0.3751428571428571
c1ccc(c2c13)ccc4c2c(cc3)ccc4ONCCN5CCOCC5,-5.252,26,-0.20199999999999999
COc1ccc(cc1)Cn2nnc(n2)-c3cccc(c3)C(=O)c(ccc4)c(c45)ncn5C,-5.251,32,-0.16409375
CCCCCCCC(=O)O[C@@H](COP(=O)([O-])OCC[NH3+])COc1ccccc1Cl,-5.25,29,-0.1810344827586207
Nc1cc(cc[nH+]1)Cc2cccc(Cl)c2,-5.25,15,-0.35
O=C1CCCC(=O)C1=C([O-])c(cc2)c(C)c(c23)c(=O)n(c(=O)n3C)CC(=O)c4cccc(F)c4,-5.249,34,-0.15438235294117647
COc1ccc(cc1)S(=O)(=O)c2c(Cl)cccc2Cl,-5.249,19,-0.2762631578947368
CCCCCCCC(=O)O[C@@H](COP(=O)([O-])OCC[NH3+])Cc1c(C)cc(F)cc1C,-5.247,30,-0.1749
c1cc(C)cc(c12)[nH]c(n2)CC[NH2+]CCCNC(=O)c3ccc(F)cc3,-5.247,26,-0.2018076923076923
CC(=O)C(=O)N1CCC(CC1)c2nc(no2)-c3cccs3,-5.246,21,-0.24980952380952384
C1COCCN1C(=O)c(cnn2C)c2C(=O)NCC[C@H](CC3)c(c34)c5c(cc4)OCC5,-5.246,31,-0.16922580645161292
Fc1ccc(F)c(c1)CCOC(F)(F)F,-5.246,15,-0.34973333333333334
CCCCCCc([nH]1)c(c(c12)cc(cc2)OC)CCNC(=O)C,-5.246,23,-0.22808695652173916
COc1cccc(c1)OCC(=O)Nc2ccc(cc2)-c3c[nH+]c[nH]3,-5.245,24,-0.21854166666666666
Cc1nn(C)c(C)c1Cc2ccc(F)c(F)c2F,-5.244,18,-0.29133333333333333
c1cccc(c12)c(N[C@H](C)C3CC3)nc(n2)C(=O)c4ccc(cc4)-c5ncccn5,-5.244,30,-0.17479999999999998
o1nc(C)c(c12)cc(c(c2)OC)Nc(ccc3S(=O)(=O)C(F)(F)F)c(c34)CC(F)(F)[C@H]4O,-5.244,32,-0.163875
Nc(c1)cccc1[C@@H](C)C(=O)c(cn2)cc(c23)cccc3,-5.244,21,-0.2497142857142857
COc1ccc(c(C)c1)Nc2cnc(N(C)C)nc2OC,-5.242,21,-0.24961904761904763
OCC[NH2+]CCc1ccccc1F,-5.242,13,-0.4032307692307692
C1COCCC1CC(=O)COc(ccc2)c(c23)C(=O)N(C3=O)[C@H]4CCC(=O)NC4=O,-5.242,30,-0.17473333333333332
Cc1cc(C)cc(c1)Oc2nccc(n2)-c3c([C@H]4CCCC[NH2+]4)ncn3[C@H]5CCN(C5)CC[NH3+],-5.242,34,-0.1541764705882353
Nc1cc(ccn1)-c(cc(Cl)c2)c(c23)O[C@H](C3)C(=O)NCc4cccs4,-5.241,26,-0.20157692307692307
Nc1nccc(n1)-c(cnc2)c(c23)cccc3,-5.241,17,-0.30829411764705883
c1cc(Cl)ccc1NCCC(=O)NCCC(=O)Nc2cccc(C(=O)[O-])c2,-5.24,27,-0.1940740740740741
O=C1[N-]C(=O)[C@@H](S1)Cc2ccc(cc2)N[C@H](Cc(c[nH]3)c(c34)cccc4)C(=O)Nc5ccncc5,-5.24,35,-0.14971428571428572
Cc1ccc(cc1C)Nc2nccc(n2)-c(ccn3)c(c34)cc(c(c4)C(=O)N)OC(C)C,-5.239,32,-0.16371875
C1OCC[C@@H]1Oc(c(c2)OC)cc(c23)c(nc(n3)C)Nc4cncs4,-5.237,25,-0.20948
C[C@@H]1C(=O)N(C)CCN1CCC(=O)c2ccc(cc2)-c3ccco3,-5.237,24,-0.21820833333333334
NC(=O)C1=CN(C=CC1)NC2CCCCCC2,-5.236,17,-0.308
C1CC1Oc2ccc(cc2OC)C(=O)NNC(=O)c3cc(C(C)(C)[NH3+])cc(n3)C4CCCCC4,-5.236,34,-0.154
c1nnc(O)c(n12)c(C)cc2CCc([nH]3)nc(c34)ccc(Cl)c4,-5.236,23,-0.22765217391304346
c1ccccc1[C@](C)(CO2)c(c23)cc(C(=O)N[C@H]4[C@@H]([C@@H]45)COC5)cc3C(=O)N6CCNC(=O)C6,-5.236,34,-0.154
Cc1ccccc1Cc2cc(F)cc(Br)c2,-5.235,16,-0.3271875
Cc1cc(C)cc(c1)Oc2cccc(n2)N3CCOC[C@@H]3C,-5.235,22,-0.23795454545454547
COC(=O)CC(=O)NCCC[NH2+]Cc1ccc(c(Cl)c1)NC2CCCC2,-5.234,26,-0.2013076923076923
Cc1ccccc1CC(=O)NC(C(C)C)C(C)C,-5.234,18,-0.2907777777777778
CNc1ccnc(n1)S(=O)(=O)c2ccccc2,-5.234,17,-0.3078823529411765
o1cccc1-c(cc2)cc(c23)[C@@H](C[C@H](C)N3C(=O)C)NC(=O)CCC[C@@H](C)CC(=O)[O-],-5.233,31,-0.16880645161290322
NC(=O)[C@@H](C)Nc1cc(nn(c12)c(C)nn2)NC3CCN(CC3)c4ccccn4,-5.233,29,-0.18044827586206896
Cn1nc(C2CC2)cc1-c(nc(=O)[nH]3)c(c34)cccc4,-5.231,20,-0.26155
C[NH+]1CCN(CC1)c2ccc(cc2)C(=O)Cc(cs3)c(c34)cc(Cl)cc4,-5.231,26,-0.2011923076923077
O=C([O-])C(C)(C)Oc1c(C)cc(cc1C)C[C@@H]2CC[N@H+](CC2)Cc3cccc(n3)Oc4ccccc4,-5.231,36,-0.14530555555555555
Cc1nn(C)c(C)c1-c2ccc(C#N)cc2,-5.23,16,-0.326875
CCc1c(C)nc(N)nc1[C@H](C)C(=O)N,-5.23,15,-0.3486666666666667
c1cnccc1NC(=O)[C@H](CCSC)NNCCC2CCCCC2,-5.229,24,-0.217875
C[NH+]1CCN(CC1)CCc2ccc(=O)n(C)c2,-5.229,17,-0.30758823529411766
[NH3+]CCNCc1ccccn1,-5.229,11,-0.4753636363636364
C1CC1c(n2)[nH]c(c23)cc(-c4c(C)onc4C)cc3-c(ncn5)c(c56)cc[nH]6,-5.227,28,-0.18667857142857144
c1nccc(c12)c(C(=O)[O-])c(C)c(n2)-c3ccc(cc3)Cc4cc(O)cc(O)c4,-5.226,29,-0.18020689655172414
Cc(n1)sc(c12)ccc(c2)Cc3ccc(cc3)OCCO,-5.226,21,-0.24885714285714286
COc1cc(=O)n(C)nc1-c2ccccc2[NH2+][O-],-5.226,18,-0.29033333333333333
C1CC1NC(=O)CCC(=O)C2CC2,-5.226,13,-0.402
CS(=O)(=O)Nc1cc(ccc1C)NCC#Cc2ccc(cc2)C(=O)NCCC(F)(F)F,-5.225,31,-0.1685483870967742
C/C=C/CCCCCCCC(=O)O[C@H](COP(=O)([O-])[O-])COCOCCO,-5.223,27,-0.19344444444444445
c1cc(C)cc(c12)c(c[nH]2)Cc3ccc(cc3)C[C@@H]4SC(=O)NC4=O,-5.223,25,-0.20892
CCCn(c1=O)c(=O)n(C(C2)CC2(F)F)c(c13)nc([nH]3)C4CCCCC4,-5.223,26,-0.20088461538461538
COCCC(=O)[C@@H]([NH3+])Cc(c[nH]1)c(c12)cccc2,-5.222,18,-0.29011111111111115
C1CCCCC1CCNC(=O)[C@H](CCCC[NH3+])NC(=O)[C@H](CO)NCC2CCOCC2,-5.221,31,-0.16841935483870968
Cc1cccc(c1)N2CCN(CC2)C(=O)c3cc(F)ccc3O,-5.22,23,-0.22695652173913042
Cc1nn(C)c(C)c1Nc(nn2C)c(c23)cccc3,-5.219,19,-0.2746842105263158
COc1cccc(c1)[C@H](O)Cc2cnns2,-5.219,16,-0.3261875
C1C[NH2+]CCN1C(=O)[C@@H](C2)Oc(c23)c(cc(Cl)c3)-c4cnc([nH]4)C5CCC5,-5.219,27,-0.1932962962962963
O[C@@H]1CCCN(C1)c2cc(ccc2Cl)OCc(n[nH]3)c(c34)cccn4,-5.218,25,-0.20872
C1CC1Oc2ccc(cc2OC)C(=O)NNC(=O)c3cc(C(C)(C)[NH3+])cc(n3)Nc4ccccc4,-5.217,35,-0.14905714285714286
Cc1cc(C)cc(c1)Oc2nccc(n2)-c3c(-c4[nH]nc(C#N)c4C)ncn3[C@H]5CC[N@@H+](C5)CCN,-5.217,36,-0.14491666666666667
c1cccc(c12)c(c[nH]2)C[C@H]([NH3+])C(=O)N[C@@H]3CC[N@H+](CC3)CCc4c[nH]cn4,-5.217,28,-0.18632142857142855
CO[C@H](C(=O)[O-])Cc(c(c12)scc2)ccc1Cc(n[nH]3)c(c34)cccn4,-5.217,26,-0.20065384615384613
COc1ccccc1Oc2nccc(n2)-c3c(-c(cc4)cn(c45)c(nn5)C)ncn3C6CC[NH2+]CC6,-5.217,36,-0.14491666666666667
C[C@H]1CC[C@H](CC1)C(=O)C(=O)[C@@H](C2)Oc(c23)c(cc(Cl)c3)-c4ccnc(N)c4,-5.216,28,-0.1862857142857143
C1CC1[C@@H](C)C(\C)=C/C(=O)c2ccccc2,-5.216,16,-0.326
COc1cccc(c1)-c(o2)c(CC(=O)[O-])c(c23)ccc(c3)S(=O)(=O)c(cc4)cc(c45)scn5,-5.216,33,-0.15806060606060607
O=C([O-])CCC(=O)Nc1cccc(C(=O)[O-])c1,-5.216,17,-0.3068235294117647
COc1cc(=O)n(C)nc1CCCCCO,-5.215,16,-0.3259375
C1CCCC1N([C@H](CC)C(=O)N2C)c(c23)nc(nc3)-c4ccnc(n4)Nc5ccc(C#N)cc5,-5.215,34,-0.15338235294117647
Cc1noc(C)c1S(=O)(=O)c2cc(CO)ccc2F,-5.214,19,-0.27442105263157895
Cc1cccc(c1C)CCC[N+](C)(CCO)CCO,-5.214,19,-0.27442105263157895
o1nc(C)c(c12)cc(c(c2)NC)N[N@@H+]3C[C@H](O)C[C@H]3C(=O)NCc4ccc(cc4)[C@@H]5C(C)=NCS5,-5.214,35,-0.1489714285714286
CCc1ccc(nc1)CCn(c(c23)cccc3)nc2C(=O)N[C@@H](C(C)(C)C)C(=O)OC,-5.214,31,-0.1681935483870968
CCCCCC(=O)N[C@@H](CO)[C@H](O)Cc1ccc(cc1)-c(n2)c(C#N)c([O-])c(c23)cncc3,-5.214,33,-0.158
C=CC1=C(C)/C(NC1=O)=C/c2[nH]c(c(c2C)CCC(=O)[O-])Cc(cc(C)c3)c(c34)oc(n4)N,-5.211,33,-0.15790909090909092
Fc1cccc(c1)CNc2ccc(F)cc2F,-5.21,17,-0.3064705882352941
O=c([nH]1)[nH]c(=O)cc1C(=O)Cc2ccc([N+](=O)[O-])cc2,-5.209,20,-0.26044999999999996
Cn1cc(Cl)cc(c1=O)NCCCCc2ccccc2,-5.209,20,-0.26044999999999996
[NH3+][C@H](C1)CCCN1[C@H](C)c2cccc(c2)-c3cn[nH]c3,-5.209,20,-0.26044999999999996
Cc([nH+]1)c(C)n(c12)c(C)c(cc2)CCc3[nH+]c(cn3C)-c4ccnc(c4)N5CC[NH2+]CC5,-5.209,32,-0.16278125
CCOC(=O)c1csc(n1)CCC(=O)N,-5.207,15,-0.34713333333333335
FC(F)(F)c(c1)cccc1[C@@H](C)c2ccc(cc2)C[C@@H]3SC(=O)[N-]C3=O,-5.207,26,-0.20026923076923075
FC(F)(F)c(c1)ccc(c12)c(c[nH]2)-c(c3C)c[nH]c3C(=O)C(=O)[C@@H](N)CC(=O)c4ccccc4N,-5.207,35,-0.14877142857142855
O=C([O-])c1ccc(cc1)-c2cc(Cl)ccc2O,-5.206,17,-0.3062352941176471
C[NH+]1CCN(CC1)c2ccc(cc2)-c3cc(nc(n3)N)N4CCOCC4,-5.206,26,-0.20023076923076924
[NH3+]CCN/C([O-])=C\C(=O)c1nccn1Cc2ccccc2,-5.206,21,-0.24790476190476193
O=C([O-])Cc1coc(c12)cc(cc2)-c(cc3C[NH3+])ccc3OCc4cccnc4,-5.206,29,-0.17951724137931035
N#Cc1c(=O)[nH]c(cc1[S@](=O)C)NCc2ccccn2,-5.205,20,-0.26025
N#Cc1ccc(cc1)CCOCCOCCO,-5.205,17,-0.30617647058823527
C[NH+]1CCN(CC1)c(c2)[nH]c3c(ccc(c3c24)n(C)c4O)OCc(c5)oc(c56)cccc6,-5.204,32,-0.162625
c1[nH]ncc1-c2ccc(cc2C)CNCCc(n3)[nH]c(c34)cccc4,-5.204,25,-0.20815999999999998
FC1(F)CC(C1)C(=O)c(cc2C(C)(C)[NH3+])nc(c2)-c3ccc(F)cc3,-5.203,25,-0.20812
C1CCCCC1c([nH]2)nc(c23)n(c(=O)n(c3=O)CCC)CCCNNc4ccc(OC)cc4C,-5.203,34,-0.15302941176470589
CC[NH2+]Cc1ccc([C@@H](C)O)cc1,-5.202,13,-0.40015384615384614
CCCCCCCC(=O)c(c(c12)c(=O)[n-]nc2)cnc1NCc(c(F)cc3)c(c34)CCO4,-5.202,32,-0.1625625
FC(F)(F)CCNC(=O)c1ccc(cc1)-c2ccnc(c2)N3CC[NH2+]CC3,-5.201,27,-0.19262962962962962
CC[NH2+]Cc1ccc(c(Cl)c1)-c2ccccc2,-5.201,17,-0.3059411764705882
COc1cccc(c1)-c(o2)c(CC(=O)[O-])c(c23)ccc(c3)C(=O)c4cccc(Cl)c4,-5.201,30,-0.17336666666666664
CCc1ccccc1-n2cc(C)c(=O)[nH]c2=O,-5.2,17,-0.3058823529411765
N#Cc(c1Cl)ccc(c1C)N2CCC(CC2)NC(=O)[C@@H](N)Cc(c[nH]3)c(c34)cccc4,-5.2,31,-0.16774193548387098
COc(cc1)cc(c12)C(c(ccc3)c(c34)cc[nH]4)=N[C@H](c5n2c(nn5)C)CC(=O)CCC(=O)NC6CC6,-5.2,37,-0.14054054054054055
O=c1n(C)ncc(c1C)NCc2ccccc2NC(C)(C)C,-5.199,22,-0.23631818181818182
c1ccccc1C(=O)CCc2ccc(F)cc2,-5.199,17,-0.3058235294117647
CCOC(=O)Cc1nc(cs1)-c2ccnc(n2)Oc3cc(C(C)C)ccc3C,-5.198,28,-0.18564285714285716
c1cccc(c12)n(C)nc2CCc3c[nH+]c[nH]3,-5.196,17,-0.3056470588235294
c1ccccc1[C@H](C)Nc2ccc(O)cc2,-5.196,16,-0.32475
CCCCC(=O)OC[C@H](CO)Oc1cccc(C(=O)[O-])c1,-5.196,21,-0.24742857142857141
Nc1nccc(n1)-c2ccccc2Oc3ccccc3,-5.196,20,-0.2598
COCCC(=O)c1ccc(SC)cc1,-5.196,14,-0.3711428571428571
Cc1nn(C)c(Cl)c1S(=O)(=O)NCc2ccc(cc2)CCCCc3ccccc3,-5.194,29,-0.17910344827586205
O=C1CC[C@@H](C(=O)N1)N2CCC(O)CC2,-5.194,15,-0.34626666666666667
CC(=O)NC[C@H]1CN(C(=O)O1)c2ccc(c(F)c2)-c3cccc(c3)OCc4ccccc4,-5.194,32,-0.1623125
CN(C)c1ccc(cc1)C2(CCCC2)CNNc3ccc(Cl)cc3,-5.193,24,-0.21637499999999998
CN(C1)C(=O)Nc(c12)ccc(c2)S(=O)(=O)c3cc(F)cc(Br)c3,-5.193,23,-0.22578260869565217
O=C([O-])CCC[C@@H](O)/C=C/C=C/C/C=C/CCN1CCOC[C@@H]1c2ccccc2,-5.193,29,-0.17906896551724136
COC1=C(OC)C(=O)C(=C(C)C1=O)C/C=C(\C)CC/C=C(\C)CCCc(ccn2)c(c23)[nH]c(n3)N,-5.192,35,-0.14834285714285714
Cc1cc(N)[nH+]c(c1)CCCCCc2cc(CS(=O)(=O)C)cnc2Oc3ccc(F)cc3F,-5.191,33,-0.1573030303030303
CCOc1ccccc1C(=O)c2cccc(Cl)c2,-5.191,18,-0.28838888888888886
Clc(c1)c(Cl)ccc1CCNC(=O)CCC(=O)c(cc2)nc(c23)sc(n3)[N-]C(=O)C4CC4,-5.19,32,-0.1621875
CCCC(=O)c1cnn(C)c(=O)c1C,-5.189,14,-0.37064285714285716
CCc1ccccc1Cc2ccccc2F,-5.189,16,-0.3243125
c1cccc(c12)cncc2-c3ccsc3,-5.188,15,-0.34586666666666666
COc1cc(=O)n(C)nc1-c2ccccc2CC(=O)c3ccccc3,-5.187,25,-0.20748
NC(=O)CC[NH2+]Cc1ccc(c(Cl)c1)CCc2cnc[nH]2,-5.187,21,-0.24700000000000003
Cc1cc(C)cc(c1)Oc2nccc(n2)-c3c[nH]c(n3)C4CCCC4,-5.187,25,-0.20748
c1nccc(c12)c(ccc2)S(=O)(=O)NCC[NH2+]C3CCOCC3,-5.185,23,-0.22543478260869562
c1cc(C)cc(c12)c(c[nH]2)Cc(c3CC)[nH+]c(N)nc3N4CC[NH+](C)CC4,-5.184,27,-0.192
O=c1[nH]c(=O)ccn1CCc(c(c2)OC)cc(c23)[nH]c4c3c(nc(n4)C)-c(ccn5)c(c56)cccc6,-5.184,36,-0.14400000000000002
Cc1c(C#N)cccc1[C@@H](C)Nc([nH+]nc2C)c(c23)cc(nc3)N4CCCC4,-5.184,28,-0.18514285714285714
[nH]1nccc1-c2ccc(cc2Cl)C[NH2+]CCc3c[nH]cn3,-5.184,21,-0.24685714285714286
CCCCCC(=O)n(n1)c(Nc2ccccc2)c(c13)c(=O)[n+](C)c4n3[C@@H]5[C@H](N4)CCC5,-5.184,31,-0.16722580645161292
C1C[NH2+]CCC1n(nnc2C)c2C(=O)c3[nH]cc(c3C)-c(c[nH]4)c(c45)ccc(c5)C(F)(F)F,-5.183,33,-0.15706060606060607
O=C([O-])CCCC(=O)c1ccc(S(=O)=O)cc1,-5.179,17,-0.30464705882352944
O=C([O-])CC(=O)c(cc1)ccc1Cn(c2=O)c(=O)n(C)c(c23)ccc(c3)C#CCc4ccccc4,-5.179,35,-0.1479714285714286
COCCc1ccc(cc1Cl)CNCCCNC(=O)CC(=O)OC,-5.178,24,-0.21575
O=[N+]([O-])c1ccc(cc1)CCc(c2)oc(c23)cccc3,-5.177,20,-0.25884999999999997
Cc1cncc(c1)C(=O)c2ccco2,-5.176,14,-0.3697142857142857
C[C@H]1COC(=N1)c2ccc(cc2)C(=O)[C@H](O)[C@H](C)[NH3+],-5.176,19,-0.27242105263157895
CC(C)OC(=O)Cc1cccc(c1)Oc2ccccc2,-5.176,20,-0.25880000000000003
o1nc(C)c(c12)cc(c(c2)NC)C(=O)Cc(c[nH+]c3)c(c34)c(O)ccc4,-5.176,26,-0.1990769230769231
c1cccc(c12)c(c[nH]2)C[C@H](N)C(=O)N[C@@H]3CC[N@H+](CC3)CCc4cnc[nH]4,-5.175,28,-0.18482142857142855
c1cccc(c12)[nH]cc2CCCC3CCOCC3,-5.174,18,-0.28744444444444445
C1C[N@H+](C)CC[C@H]1NC(=O)c(cc2OC)ccc2CCCCCc3cc(C)no3,-5.174,29,-0.1784137931034483
C1C[C@@H](C)CC[C@@H]1[C@@H](C)[C@@H]2O[C@@H]([C@@H](O)[C@H]2O)C[S+](C)CC[C@H]([NH3+])C(=O)[O-],-5.173,26,-0.19896153846153847
O=C([O-])C(C)(C)Oc(ccc1)c(c12)ccn2CCCc3ccc(C(=O)[O-])cc3,-5.173,28,-0.18475
N#Cc1cc(Cl)cc(c1)-c2csc(C(F)(F)F)c2,-5.172,18,-0.28733333333333333
Cc1c(C#N)n[nH]c1NC(=O)[C@@H]([NH3+])CC(C)C,-5.171,17,-0.3041764705882353
CC1=NCS[C@@H]1c2ccc(cc2)CNC(=O)[C@@H]3C[C@@H](O)CN3c4ccno4,-5.171,27,-0.19151851851851853
C[C@@H]1C(=O)N(C)CCN1[C@H](C)c2ccc(s2)-c3ccccc3CO,-5.17,24,-0.21541666666666667
c1cc(Cl)cc(c12)[nH]c(n2)CCCCC[NH2+]Cc3cccnc3,-5.168,23,-0.22469565217391305
NC(=O)CC[NH2+]Cc1ccc(c(Cl)c1)C(=O)[C@@H](C2)Oc(c23)c(cc(Cl)c3)-c4ccnc(N)c4,-5.168,33,-0.1566060606060606
CNc1nc(N)nc(c1CC)CCNC(=O)CCCC[C@@H]2CCSS2,-5.168,25,-0.20672000000000001
COc1ccc(cc1)S(=O)(=O)n(c(c23)ccc(c3)OC)cc2CCC(=O)C[C@H](C)O,-5.167,30,-0.17223333333333332
Cc1cc(C)cc(c1)Oc2nccc(n2)-c3c([C@H]4CCCC[NH2+]4)ncn3[C@H]5CC[N@@H+](C5)CC[NH3+],-5.167,34,-0.1519705882352941
CCOC(=O)c1csc(n1)N2CCN(CC2)c(c(c34)cccc4)nc(n3)Nc5cccc(Cl)c5,-5.167,34,-0.1519705882352941
CSc1ccc(cc1)C(=O)Nc2nc(cs2)C(=O)c(on3)c(c34)cccc4,-5.167,27,-0.19137037037037036
n1[nH]cnc1[C@@H](C)[NH2+]Cc2ccc([N+](=O)[O-])cc2,-5.167,18,-0.28705555555555556
CSc1ccc(cc1)S(=O)(=O)c2cccc(F)c2,-5.166,18,-0.28700000000000003
Nc([nH+]1)cc(C)c(c12)ccc(c2)-c3ccc(c(c3)C[NH3+])CCCCCC(=O)[O-],-5.166,28,-0.18450000000000003
n1nc(C)n(c12)nc(cc2)N3CCNC(=O)C3,-5.165,17,-0.3038235294117647
Cc1ccc(cc1)[C@H](C)Nc2cc(C)c(c(C)c2)S(=O)(=O)NCC(=O)[O-],-5.165,26,-0.19865384615384615
FC(F)(C1)[C@@H](O)c(c12)c(S(=O)(=O)C)sc2C(=O)c3cccc(Cl)c3,-5.163,24,-0.215125
c1cccc(c12)c(ccc2)[C@@H](C)S(=O)(=O)c3c(F)cccc3F,-5.162,23,-0.22443478260869565
COc(cc1)c(C(F)(F)F)c(c12)cccc2C(=S)N(C)CC(=O)c3ccoc3,-5.161,28,-0.18432142857142855
CC(C)Oc(c1)c(C(=O)N)cc(c12)nccc2-c3c[nH]c(n3)C4CCC4,-5.161,26,-0.19849999999999998
Cc1nn(C)c(C)c1CCCC(F)(F)F,-5.16,15,-0.34400000000000003
C1CCC1CNc(c(c23)c(=O)[nH]nc2)c[nH+]c3NCc(c(F)cc4)c(c45)CCO5,-5.16,29,-0.17793103448275863
CCCCC(=O)S(=O)(=O)c1ccc(OC)cc1,-5.16,17,-0.3035294117647059
COc1ccc(cc1)Cn2nnc(n2)C(=O)Cc3ccc(Cl)c(=O)[nH]3,-5.158,25,-0.20632
c1ccncc1Cc2ccsc2,-5.158,12,-0.42983333333333335
C1CC1N2C(C)(C)C(=O)N(C)c(c23)ccc(c3)[C@H](CCCO)C4=CCCC=C4,-5.157,28,-0.18417857142857144
O=C[C@@H]1CCCN1c2cccc(c2)OCc3ccccc3,-5.157,21,-0.24557142857142858
Nc([nH+]1)cc(C)c(c12)ccc(c2)-c3ccc(c(c3)C[NH3+])Cc4cccnc4,-5.157,27,-0.191
Cc1cc(CC(=O)[O-])ccc1C#N,-5.156,13,-0.3966153846153846
N#Cc(cc1)cc(c12)cc(F)cc2Oc3ccccc3C(=O)N4CCNC(=O)C4,-5.154,29,-0.17772413793103448
[NH3+]CCNC(=O)COc1ccc(cc1)N2CCCOC2=O,-5.154,21,-0.2454285714285714
COC(=O)S(=O)(=O)c1ccc(F)c(C)c1,-5.154,15,-0.3436
c1nccc(c12)c(ccc2)S(=O)(=O)NCCc3ccc(cc3Cl)C[NH2+]CCc4cnc[nH]4,-5.153,32,-0.16103125
CCO[C@H](C(=O)[O-])Cc1ccc(cc1)-c2cccc(c2)OCc3ccccc3,-5.153,28,-0.18403571428571427
c1ccc(Cl)c(c12)cc([nH]2)CN[C@@H](Cn3ccnc3)c4ccccc4,-5.152,25,-0.20608
c1cccc(c12)c(c[nH]2)C[C@H](N)C(=O)CC(c3ccccc3)c4ccccc4,-5.151,28,-0.18396428571428572
CC(C)C[C@H]([NH3+])C(=O)NCc1cccc(c1)Oc2ccccc2,-5.151,23,-0.22395652173913042
Fc1ccc(cc1C)S(=O)(=O)c2ccc(C)c(c2)NS(=O)(=O)C,-5.151,23,-0.22395652173913042
c1c[nH]c(c12)c(=O)n(C\C=C\C)cc2Nc3nc(cs3)-c4ccccn4,-5.15,26,-0.1980769230769231
n1ccccc1N(CC2)CCC2NC(=O)NCC[NH2+]Cc3ccc(O)cc3,-5.149,27,-0.1907037037037037
Cc(n1)sc(c12)ccc(c2)C(=O)Cc3ccc(Cl)c(=O)[nH]3,-5.149,21,-0.24519047619047618
NC(=O)C1=CN(C=CC1)c2cc(nc(n2)N)N3CCOCC3,-5.145,22,-0.23386363636363636
[NH3+]CCNc1c[nH]cn1,-5.144,9,-0.5715555555555556
Fc1ccc(cc1)Nc2ccc(F)c(F)c2F,-5.144,17,-0.30258823529411766
OCC[N+](C)(CCO)CCCOc(c(c1)OC)cc(c12)nc(s2)CN[NH2+]CCC3CCCCC3,-5.144,34,-0.15129411764705883
O=C([O-])c1c(=O)ccn(c1O)-c2ccccn2,-5.143,17,-0.3025294117647059
CC(C)(C)OC(=O)N1CCNC(=O)C1,-5.143,14,-0.3673571428571428
CCc1ccc(nc1)CCc2ccc(N)nc2,-5.142,17,-0.30247058823529416
CC(C)(C)OC(=O)[C@H](CC)CCc1nc(oc1C)-c2ccccc2,-5.14,24,-0.21416666666666664
CC[C@@H](C(=O)[O-])Cc1ccc(cc1)C(=O)c(cc2)cn(c23)c(nn3)C,-5.14,25,-0.20559999999999998
Cc1cc(C)nc(n12)nc(n2)CC(=O)CCC#N,-5.14,18,-0.28555555555555556
Cc1cc(no1)[C@@H](C)NCc2ccc([C@@H](C)O)cc2,-5.139,19,-0.2704736842105263
Cc1cc(n[nH]1)[C@@H](C)Nc(c(c23)cn[nH]c3=O)ncc2-c4ccc(C[NH+](C)C)nc4C,-5.138,31,-0.16574193548387098
Cc1ccc(cc1)OCCc(nc(c23)n(cn3)C(C)C)nc2NCc4ccc(cc4)OCCO,-5.137,34,-0.15108823529411763
c1ccccc1NC(=O)c2ccc(cc2)C(=O)OCc3ccccc3,-5.137,25,-0.20548
C1CC1[C@@H](C)Nc2nc(nc(c23)cccc3)C[C@@H](OCC)CSc4ccc(c(C)c4)OCC(=O)[O-],-5.136,35,-0.14674285714285715
COc1ccc(cc1)Cc2ccc(C)cc2,-5.135,16,-0.3209375
c1cc(F)ccc1C(=O)C(=O)c2ccc(cc2F)-c3cc(F)ccc3F,-5.134,26,-0.19746153846153847
Cn1ccc(n1)-c(c(c23)cccc3)nc(n2)Nc4ccc(F)c(Cl)c4,-5.134,25,-0.20536000000000001
CCCCCCCC(=O)CC(=O)SCCNc(n1)oc(c12)cccc2,-5.134,25,-0.20536000000000001
C[NH+]1CCN(CC1)c(cc2)cc(c23)n(Cc4ccccc4)c(n3)Nc5cc[nH+]cc5,-5.134,30,-0.17113333333333333
CC(C)Cn1ncc(Cl)c1C(=O)Nc2nc(cs2)-c3ccccn3,-5.133,24,-0.213875
O=C([O-])[C@H](C)[N@H+]1CC[C@@H](CC1)C(=O)NC2CCCCCC2,-5.132,21,-0.24438095238095237
Fc1ccccc1Cc2ccc(cc2Cl)-c3ncon3,-5.131,20,-0.25655
Cc1nn(C)c([O-])c1C(=O)c(cc2)c(C)c(c23)c(=O)n(c(=O)n3C)NCCC(F)(F)F,-5.131,31,-0.16551612903225807
O=S(=O)Oc1ccc(cc1)CCc2ncc[nH]2,-5.131,17,-0.3018235294117647
CC(C)c1ccccc1S(=O)(=O)c2cccs2,-5.131,17,-0.3018235294117647
CCCCC(=O)OC[C@H](CO)Oc(c(n1)-c2ccc(F)cc2)c(n13)ccnc3N4CCC(O)CC4,-5.13,35,-0.14657142857142857
Cc(n1)sc(c12)ccc(c2)CCc3ncc[nH]3,-5.128,17,-0.30164705882352943
o1nc(C)c(c12)cc(c(c2)OC)NN[C@H](Cc(c[nH]3)c(c34)cccc4)C(=O)Nc5ccncc5,-5.128,34,-0.15082352941176472
C1CC[C@H]([C@@H]12)N(CCO2)C(=O)[C@H](CCSC)NC(=O)[C@H]3CC[C@@H](C)CC3,-5.128,26,-0.19723076923076924
n1c[nH]cc1-c(o2)cc(c23)c(=O)n(C)cc3-c4cc(F)c(c(F)c4)-c5cc(CO)ccc5F,-5.128,33,-0.1553939393939394
CC[C@](C)(C(=O)[O-])c1nc(c(o1)C)CC[C@H](O)c2ccc(cc2)C[C@@H]3SC(=O)NC3=O,-5.127,31,-0.16538709677419355
C[NH2+]Cc1cccc(c1)Cc2ccc(cc2Cl)C[NH2+]CCc([nH]3)nc(c34)c(C)ccc4,-5.125,31,-0.16532258064516128
COc1ccc(cc1)Oc2cc(ncn2)N(C)CCC(=O)c3ccc(F)cc3,-5.125,28,-0.18303571428571427
Nc1ccc(cn1)C[C@H](O)CCCC(=O)[O-],-5.125,16,-0.3203125
CCCCC(=O)OC[C@H](CO)Cc1cccnc1,-5.124,18,-0.2846666666666666
c1ccccc1-c2ccccc2Cc3[nH]ncc3-c4ccncc4,-5.124,24,-0.2135
n1nc(C)n(c12)nc(cc2)CCO,-5.123,13,-0.3940769230769231
CC(=O)N1CCC(CC1)Cc2ccc(Cl)cc2,-5.123,17,-0.3013529411764706
C/C=C/Cc1ccc(F)c(F)c1F,-5.123,13,-0.3940769230769231
c1ccccc1[C@H](C)NC2=[NH+]NCS2,-5.123,14,-0.36592857142857144
CCOC(=O)c1cnn(C)c1C(=O)c2ccnc(n2)Nc3cc(C)cc(C)c3,-5.123,28,-0.18296428571428572
CS(=O)(=O)Nc1ccc(cc1)CCOCCOCCO,-5.122,20,-0.2561
Cc1cc(N)[nH+]c(c1)CCCCCS(=O)(=O)c2c(C)nn(C)c2Cl,-5.121,24,-0.213375
NC(=O)CCNCc1ccc(c(Cl)c1)-c2cn[nH]c2,-5.12,19,-0.2694736842105263
COc1ccccc1S(=O)(=O)Nc(cc2)c3[nH]c(cc(c3c24)c(O)n4C)NC5CCCCCC5,-5.12,34,-0.15058823529411766
C[N@H+]1CC[C@@H]([C@H](O)C1)c(c(O)cc2O)c(c23)oc(cc3=O)CCC(=O)N,-5.12,26,-0.19692307692307692
COc1ccc(c(C)c1)NNC(C)C,-5.118,14,-0.3655714285714286
C1CC1Oc2ccc(cc2OC)C(=O)c3cc(nc(n3)N)N4CCOCC4,-5.118,27,-0.18955555555555556
NC(=O)CS(=O)(=O)C1CC1,-5.117,10,-0.5117
C[NH2+]Cc1cc(nn1C)-c2nccc(n2)Nc3c(C)cc(/C=C/C#N)cc3C,-5.117,28,-0.18275
c1cc(C)cc(c12)c(c[nH]2)Cc(c3CC)nc(N)nc3N4CC[NH+](C)CC4,-5.116,27,-0.18948148148148147
c1ccc(C)c(c12)nc([nH]2)CCNCc3ccc(c(Cl)c3)-c4n[nH]c(n4)-c5ccc(F)cc5,-5.116,33,-0.15503030303030302
O=C([O-])Cc(co1)c(c12)ccc(c2)NC3C=C3,-5.115,17,-0.3008823529411765
CC(=O)N1CCC[C@H](C1)Cc2ccc(cc2)CNS(=O)(=O)c3c(C)nn(C)c3Cl,-5.115,29,-0.1763793103448276
CC(C)Cc(nn1C)c(c1C)Nc(nc2)nc(c23)n(c(c3)C(=O)N(C)C)C4CCCC4,-5.115,31,-0.165
C[C@@H](O)c1ccc(cc1)Cc2cc(ncn2)N(C)CCOc3ccc(cc3)C[C@@H]4SC(=O)[N-]C4=O,-5.113,35,-0.1460857142857143
Cc1cc(C)cc(c1)Nc2cccc(n2)-c3c(C)nnn3CCN4CCN(C)C(=O)[C@H]4C,-5.113,32,-0.15978125
Nc(c1)cccc1[C@@H](C)Cc2ccc([N+](=O)[O-])cc2,-5.112,19,-0.2690526315789474
C1CCCCC1c(n2)[nH]c(c23)n(c(=O)n(c3=O)CCC)CCCNN4CCCC4=O,-5.112,30,-0.1704
c1cccc(c12)c(OCC(=O)[O-])ccc2S(=O)(=O)c3cc(F)cc(Br)c3,-5.112,26,-0.1966153846153846
N#CCN[C@H]1CC[C@H](O)CC1,-5.111,11,-0.4646363636363636
[NH3+]CCCCCCCCCC(=O)CCCOc(cc1)cc(c12)ccn2CC(=O)[O-],-5.11,29,-0.17620689655172414
O=C1CC=CN1c2cccc(c2)-c(cc3)cc(c34)[C@@](O)(CC4)c5ccccc5,-5.11,28,-0.18250000000000002
C[NH2+]Cc1cccc(c1)Cc2ccc(cc2Cl)C[NH2+]CCc(n3)[nH]c(c34)c(C)ccc4,-5.109,31,-0.16480645161290322
COc1ccc(cc1OC)Nc2ccc(C)cc2C,-5.108,19,-0.2688421052631579
COc1cc(OC)cc(c12)[nH]c(nc2=O)-c(cc3)cc(c34)[C@@](O)(CC4)c5ccccc5,-5.104,31,-0.16464516129032258
COc1ccc(cc1)Oc2cc(ncn2)Cc3cccc(Cl)c3,-5.104,23,-0.22191304347826088
O=c([n-]1)[nH]c(=O)cc1C(=O)N2CCN(CC2)c3c[nH]c(n3)C4CCCC4,-5.104,26,-0.19630769230769232
COc1ccc(cc1)Cn2nnc(n2)-c3n[nH]cc3-c4ccncc4,-5.103,25,-0.20412
Cn1cc(nn1)Nc2nc(cs2)-c3ccccn3,-5.103,18,-0.2835
C[NH+](C)CCN1CCC(CC1)c2cccc(c2)NS(=O)(=O)c3cccs3,-5.103,26,-0.19626923076923075
O=C([O-])Cn(cc1)c(c12)ccc(c2)Cc(n[nH]3)c(c34)cccn4,-5.102,23,-0.22182608695652176
COC(=O)CC(=O)NCCCc1ncc(Cl)c(n1)Oc2ccccc2NC(=O)C,-5.102,29,-0.17593103448275862
C[NH+]1CCN(CC1)CCc2csc(=O)[nH]2,-5.102,15,-0.34013333333333334
c1ccccc1[C@H](C)c2cccc(c2F)-c(ccn3)c(c34)nc[nH]4,-5.101,24,-0.21254166666666666
O=C1CC[C@@H](C(=O)N1)N(CCO2)[C@@H]([C@H]23)CCC3,-5.099,17,-0.29994117647058827
FC(F)(F)CCNC(=O)c1ccc(cc1)C#CCCc2ccc(O)cc2,-5.099,26,-0.19611538461538464
Nc([nH+]1)nn(c12)c(ccc2)Cc3ccc(cc3)-c4cccc(F)n4,-5.098,24,-0.21241666666666667
Cc([nH+]1)c(C)n(c12)c(C)c(cc2)CCc3[nH+]c(cn3C)-c(n4)[nH]c(c45)cc(cc5C)N6CCOCC6,-5.098,36,-0.1416111111111111
COc1ccccc1-c2ccc(C#N)c(C)c2,-5.098,17,-0.2998823529411765
COCCOCCC(c1ccccc1)c2ccccc2,-5.098,20,-0.2549
CO[C@H](C(=O)[O-])Cc(c(c12)scc2)ccc1Cc([nH]n3)c(c34)cccn4,-5.098,26,-0.19607692307692307
Cc1cc([nH]n1)[C@@H](C)Nc(c(c23)cn[nH]c3=O)ncc2-c4ccc(C[NH+](C)C)nc4C,-5.097,31,-0.1644193548387097
COc1ccc(cc1)Oc2cc(ncn2)-n(c3=O)c(=O)n(C)c(c34)ccc(c4)C#CCc5ccccc5,-5.096,37,-0.13772972972972974
c1cccc(c12)c(N[C@H](C)C3CC3)nc(n2)Cc4ccsc4,-5.096,22,-0.23163636363636364
CC(=O)NCCC(=O)c1ccoc1,-5.096,13,-0.392
COc(c1)c(OC)cc(c12)c(nc([nH+]2)C)NCCC(=O)Nc3cccc(C(=O)[O-])c3,-5.095,30,-0.16983333333333334
COc1ccc(cc1)Cn2nnc(n2)-c3cccc(c3)C(=O)CCc4ccc(cc4)OS(=O)(=O)C,-5.094,35,-0.14554285714285714
C[NH2+]C[C@@H](O)COc1ccc(Cl)c(c1)-n2cncn2,-5.094,19,-0.26810526315789474
C1COCCN1CCCC(=O)[C@H](C(C)(C)C)NC(=O)c(c(c23)cccc3)nn2Cc4ccc(F)cc4,-5.094,36,-0.14150000000000001
c1cc(C)cc(c12)c(c[nH]2)CS(=O)(=O)c3c(F)cccc3F,-5.093,22,-0.2315
OC[C@@H](O)C(=O)OCCCCCCCCCc1c(Cl)cc(cc1Cl)C2=NCCO2,-5.093,29,-0.1756206896551724
FC1(F)CC(C1)[N@@H+](CC2)CC[C@H]2C(=O)NC3CCCCCC3,-5.092,22,-0.23145454545454544
Cc1nnn(C)c1CCc2ccc(cn2)[C@H](C)O,-5.091,18,-0.2828333333333333
COc1ccc(c(C)c1)Nc2noc(n2)C3CCN(CC3)C(=O)OC(C)(C)C,-5.09,28,-0.18178571428571427
C1C[NH2+]CCN1c(nc2OC)nc(n2)N3CCC[C@H](O)C3,-5.09,21,-0.24238095238095236
CSc1ccc(cc1)CC(C)(C)C,-5.089,13,-0.39146153846153847
CNc1ccnc(n1)Nc(cc2)cc(c23)n(c(c3)C)[C@@H]4O[C@H](CO)[C@@H](O)[C@H]4O,-5.089,28,-0.18175000000000002
COc1cc(cc(c1)OC)NNCc2cccs2,-5.089,18,-0.28272222222222226
N#CCCN(C)c(c(c12)cc(Br)cc2)nc(n1)NCCc3ccncc3,-5.089,26,-0.19573076923076924
OCCOc1c(C)cc(cc1C)-c(c2)oc(c23)c(cn(c3=O)C)CCCCCC(=O)[O-],-5.088,31,-0.16412903225806452
OCCOCCOCCOCCc1c(Br)cc(Br)cc1Br,-5.087,21,-0.24223809523809522
[nH+]1ccc(OC)c(c12)cc(cc2)-c3ccc(=O)n(c3)Cc4ccc([C@@H](C)O)cc4,-5.087,29,-0.17541379310344826
C[C@H]1COCCN1c2cc(Cl)cn(C)c2=O,-5.086,16,-0.317875
NC(=O)CCNCc1ccc(c(Cl)c1)CCc2cnc[nH]2,-5.085,21,-0.24214285714285713
CC(C)(C)OC(=O)[C@H](CC)NCC#Cc1ccc(cc1)C(=O)NCCC(F)(F)F,-5.085,29,-0.1753448275862069
CCC(=O)c1c[nH]c(c1)C(=O)c2cnn(C)c2,-5.084,17,-0.29905882352941177
Cc1ccc(CCCO)cc1NS(=O)(=O)C,-5.084,16,-0.31775
CC(=O)N[C@H]1CCN(C1)c2ccc(cc2F)C3=NO[C@@H](C3)CNS(=O)(=O)c4cccc(F)c4,-5.083,33,-0.15403030303030305
CC(=O)N1CCC[C@H](C1)Cn(c(=O)c(c23)[nH]cc3)cc2-c4cccc(c4)C(=O)N(C)C,-5.083,31,-0.16396774193548388
N#Cc1c(=O)[n-]c(cc1[S@](=O)C)-c2cccc(c2)CCc(n3)[nH]c(c34)ccc(Cl)c4,-5.082,30,-0.1694
O=C1C=CCN1c2cccc([NH2+][O-])c2,-5.082,14,-0.363
CS(=O)(=O)NCCCc1ccc(cc1OC)C[NH2+]CCc(n2)[nH]c(c23)cccc3,-5.082,29,-0.17524137931034484
CONc(c1)c(OC)cc(c12)onc2C,-5.082,15,-0.3388
c1cccc(c12)nc(s2)CCc3cnc[nH]3,-5.082,16,-0.317625
CNc1cc(nc(N)[nH+]1)N2CCN(CC2)Cc(n[nH]3)c(c34)cccn4,-5.082,25,-0.20328
Cc1ccc(C)c(c1)CNc2ccc(cc2)[NH+]3CCN(C)CC3,-5.081,23,-0.22091304347826088
c1cc(F)ccc1C(=O)Cc2ccc(Br)cc2,-5.081,17,-0.2988823529411765
c1c[nH]c(c12)c(=O)n(C\C=C\C)cc2Cc(n3)sc(c34)cc(C)c(c4)C,-5.081,26,-0.19542307692307695
O=C[C@@H]1CCCN1c2ccc(cc2Cl)CNCCc3c[nH+]c[nH]3,-5.08,23,-0.22086956521739132
CCOC(=O)c1cnn(C)c1C(=O)n(c2=O)c(=O)n(C)c(c23)ccc(c3)C#CCc4ccccc4,-5.079,35,-0.1451142857142857
C[NH2+]Cc1cc(nn1C)CCCNS(=O)(=O)C,-5.079,17,-0.29876470588235293
O=Cc1ccccc1/C=[NH+]/CCCN2CCOCC2,-5.079,19,-0.2673157894736842
n1ccn(c12)c(=O)n(cc2)Nc(cc3)cc(n34)nc(c4)-c5ccccc5,-5.079,26,-0.19534615384615384
C1CCCCC1C(=O)N[C@H](CCC2)c(c23)cnn3-c4ccccc4F,-5.079,25,-0.20315999999999998
Cc1cc(on1)CCCCCN(CC2)C[C@H]([N@H+]23)CCC3,-5.078,20,-0.2539
n1ccc(OC)c(c12)cc(cc2)-c3ccc(=O)n(c3)Cc4ccc([C@@H](C)O)cc4,-5.077,29,-0.17506896551724138
[NH3+][C@H](C1)CCCN1c(nn(c23)c(C)nn2)cc3N[C@H](C)C(=O)N,-5.077,23,-0.2207391304347826
c1ccccc1CC#Cc(c2)ccc(c23)n(C)c(=O)n(c3=O)CCC[NH2+]Cc4cccnc4,-5.077,33,-0.15384848484848485
CC[C@H](C)[C@H]([NH3+])C(=O)[N-]S(=O)(=O)NCc1cc(C)ccc1C,-5.077,22,-0.23077272727272727
COc1ccc(cc1OC)S(=O)(=O)c2cccc(c2)Cn3ccc(=O)c(C(=O)[O-])c3O,-5.076,31,-0.16374193548387095
OCCOc1c(C)cc(cc1C)-c(c2)oc(c23)c(cn(c3=O)C)-c4[nH]nc(C#N)c4C,-5.074,31,-0.1636774193548387
CC(C)On(c1=O)c(=O)n(C)c(c12)ccc(c2)C#CCc3ccccc3,-5.072,26,-0.1950769230769231
CCCCCCCC(=O)CC(=O)SCCNNCc1cc(C)ccc1C,-5.071,26,-0.19503846153846152
C[NH+](C)NCCCCNC(=O)COc(ccc1)c(c12)C(=O)N(C2=O)[C@H]3CCC(=O)NC3=O,-5.071,32,-0.15846875
COc1ccc(cc1Cl)CCc([nH+]2)n(C[C@H](C)N3CCOCC3)c(c24)ccc(c4)-c5ccn(n5)C,-5.071,35,-0.14488571428571428
C1C[NH2+]CCN1C(=O)[C@@H](C2)Oc(c23)c(cc(Cl)c3)-c4c[nH+]c([nH]4)C5CCC5,-5.069,27,-0.18774074074074074
c1occc1-c(cc2)ccc2C(=O)C(=O)c3ccccc3[N+](=O)[O-],-5.069,24,-0.21120833333333333
Cc1cc(C)c(c(C)c1)CCc2ccc[nH]2,-5.069,16,-0.3168125
COc1cc(=O)n(C)nc1-c2ccccc2NCC[NH2+]C/C=C/c3ccc(Br)cc3,-5.068,30,-0.16893333333333332
c1ccccc1C(C[C@H](CC)CO)c2ccccc2,-5.067,19,-0.2666842105263158
C1CCC(=O)C(=C1[O-])C(=O)c2nc(Cl)c(Cl)c(c2Cl)NCCc3cccs3,-5.067,27,-0.18766666666666668
c1ccccc1C(c2ccccc2)CCn3cc[nH+]c3,-5.066,20,-0.25329999999999997
CCCCCCC(=O)c1cc(F)cc(Br)c1,-5.065,16,-0.3165625
Cn1c(=O)n(C)c(c12)cc(c(C)c2)S(=O)(=O)[C@H](C)[C@H]3CC[C@H](C)CC3,-5.065,25,-0.2026
CCS(=O)(=O)Nc1ccc(CC[NH3+])c(c1)-c(cn(C)c2=O)c(c23)oc(c3)-c4c[nH]cn4,-5.064,31,-0.16335483870967743
c1cc(C)cc(c12)c(c[nH]2)Cc3cccc(c3)C[N@@H+]4CCC[C@@H](C4)n5cc(C)c(=O)[nH]c5=O,-5.064,33,-0.15345454545454545
O=C([O-])c1c(O)ccn(c1=O)NCCOc2ccc(Cl)cc2Cl,-5.063,23,-0.22013043478260869
CCCCC/C=C/Cc([nH]1)nc(c12)cc(cc2C)N3CCOCC3,-5.063,24,-0.21095833333333333
CCCCCCCCC(=O)SCCNc1ccc(C[NH3+])cc1,-5.062,22,-0.2300909090909091
O=C([O-])[C@H](C)[C@H](C)c1noc(=O)[nH]1,-5.062,13,-0.3893846153846154
CC(=O)NCCC(=O)Nc(c(n12)nnc2C)cc(n1)-c3ccc(C)c(c3)N4CCC(O)CC4,-5.062,33,-0.15339393939393942
c1cc(F)ccc1C(=O)C(=O)c2ccco2,-5.062,16,-0.316375
CCOc1ccc(C(=O)C)cc1C(=O)c2ccc(cc2)-c3ncccn3,-5.062,26,-0.1946923076923077
CCCCC(=O)c1cccc(Cl)c1,-5.061,13,-0.3893076923076923
CC(C)C[C@H]([NH3+])C(=O)Nc(c(c12)CN(S(=O)(=O)C)CC2)nn1CCCN3CCOCC3,-5.061,31,-0.16325806451612904
Cc1ccccc1[C@H](C)c2ccccc2,-5.061,15,-0.3374
COc1cccc(c1)[C@H](O)Cc2[nH+]cc[nH]2,-5.06,16,-0.31625
CCc1ccccc1-c2ccc(cc2C)C[NH2+]CCCNC(=O)c3ccc(=O)n(C)c3,-5.06,31,-0.1632258064516129
COc1cc(=O)n(C)nc1-c2ccccc2Nc3cccc(Cl)c3Cl,-5.059,25,-0.20236
COc1nc(N)nc(n1)-c2nccc(n2)Nc3c(C)cc(/C=C/C#N)cc3C,-5.058,28,-0.18064285714285713
CC(=O)NCCCNCc1ccc(c(Cl)c1)CC(=O)N,-5.058,20,-0.2529
O=C([O-])c1ccc(cc1Cl)-c([nH]c(=O)n2)c(c23)cccc3,-5.058,21,-0.24085714285714285
C/C=C/CS(=O)(=O)c1c(F)cccc1F,-5.057,15,-0.33713333333333334
COc1ccc(cc1)C2CC2,-5.056,11,-0.4596363636363636
Cc1cc(F)ccc1S(=O)(=O)CCCc2ccccc2,-5.056,20,-0.2528
O=C1OCCCN1c2cccc(F)n2,-5.056,14,-0.36114285714285715
Fc1cnc(c(F)c1)NCc2cccc[nH+]2,-5.055,16,-0.3159375
O=C([O-])[C@H]1CC[C@@H](CC1)CCc2cccnc2,-5.055,17,-0.2973529411764706
Clc1cccc(Cl)c1C(=O)c(c[nH]2)cc2C(=O)c3ccccc3OCCn4ccc(=O)[nH]c4=O,-5.054,34,-0.1486470588235294
CC[C@H](C)[C@H]([NH3+])C(=O)CC#Cc1ccc(cc1)C(=O)NCCC(F)(F)F,-5.054,26,-0.1943846153846154
C[NH+]1CCN(CC1)c2ccc(cc2)NCCN3CCOCC3,-5.053,22,-0.22968181818181818
n1nc(C)n(c12)cc(cc2)[C@H](C)c3c(Cl)ccc(F)c3Cl,-5.052,21,-0.24057142857142855
C[N+](C)(C)CCOP(=O)([O-])OC[C@H](OC(=O)CCCC)COc1cc(C)cc(C)c1,-5.052,30,-0.1684
O=C1CCCN1Nc2ccc(F)cc2F,-5.051,15,-0.33673333333333333
CCOc1ccccc1-c2scnc2C,-5.051,15,-0.33673333333333333
CNc1cc(nc(n1)N)N2CCN(CC2)Cc(n[nH]3)c(c34)cccn4,-5.051,25,-0.20204
c1cc(C)cc(c12)nc([nH]2)CCCCCOc(cc3)cc(c34)ccn4CC(=O)[O-],-5.048,29,-0.17406896551724138
COC(=O)c1ccc(Cl)cc1,-5.048,11,-0.45890909090909093
CN(C)C(=O)c1cccc(c1)C(=O)[C@@H]([NH3+])Cc(c[nH]2)c(c23)cccc3,-5.047,25,-0.20187999999999998
CCCCn1cc(C)c(=O)[nH]c1=O,-5.047,13,-0.3882307692307692
Cc1ncsc1-c(cc2)nn(c23)c(nn3)C,-5.047,16,-0.3154375
O=C([O-])c1cccc(c1)Nc2ccc(O)c(O)c2,-5.046,18,-0.2803333333333333
FC(F)(F)c1cc(ccc1Cl)N2CCN(CC2)c3[nH]ncc3-c4ccncc4,-5.046,28,-0.18021428571428572
Fc1ccc(cc1)Cc2ccsc2,-5.045,13,-0.3880769230769231
C1CC(O)CCN1C(=O)c2cc(F)ccc2O,-5.045,17,-0.29676470588235293
CC(C)Cc1nc(cs1)-c2ncn(n2)C[C@H]3CC[C@H](C(=O)[O-])CC3,-5.045,24,-0.21020833333333333
COCCc1cccc(c1)CN2CCC[C@@H](C2)n3cc(C)c(=O)[nH]c3=O,-5.044,26,-0.19399999999999998
OCCOCCOCCOCCc1c(ccc(Cl)c2)c2[nH+]c(c13)CCCC3,-5.044,27,-0.1868148148148148
Cc1ncsc1Cc2ccsc2,-5.044,12,-0.4203333333333333
O=c1ccn(c(=O)[nH]1)CCCCC[NH2+]Cc2cccnc2,-5.043,21,-0.24014285714285716
c1cc(C(F)(F)F)cc(c12)n(CC)c(n2)[C@@H](C)N[C@H]3C[NH2+]C[C@H]3Cc4cc(C)cc(N)[nH+]4,-5.042,32,-0.1575625
COC(=O)c1ccc(c(Cl)c1)Cc2cccc(C)c2C,-5.042,20,-0.2521
CC(=O)c1ccc(cc1)CNS(=O)(=O)c2c(C)nn(C)c2Cl,-5.042,22,-0.22918181818181818
CC(=O)Nc1ccccc1Oc2nc(ncc2Cl)Nc3ccc(cc3)C/C=C(/C)CCC(=O)[O-],-5.042,34,-0.14829411764705883
OC[C@H]([NH3+])C(=O)Nc1ccncc1,-5.041,13,-0.3877692307692308
COc(nn1)n(c12)nc(cc2)NCCCc3cccc(c3)Oc4ccccc4,-5.04,28,-0.18
c1nc[nH]c1CC2CCOCC2,-5.04,12,-0.42
Cc1ccc(cc1)OCC/[NH+]=C/c2c(C)nn(c2C)-c3ccccc3,-5.04,25,-0.2016
COc1ccccc1CCOc2ccc(cc2)C[C@@H]3SC(=O)NC3=O,-5.04,25,-0.2016
[NH3+]CCNC(=O)COc1ccc(C(=O)C(F)(F)F)cc1,-5.039,20,-0.25195
n1cn(C)c(c12)cccc2S(=O)(=O)c3cccs3,-5.039,18,-0.27994444444444444
COc1ccc(cc1)Cn2nnc(n2)N3CCCC3=O,-5.038,20,-0.2519
CN1C(=O)[C@@H](C)N(C2CC2)c(c13)cc(cc3)CCCCCc4ccccn4,-5.038,27,-0.18659259259259262
CCCCCCCc1ccc(F)c(Cl)c1,-5.038,15,-0.3358666666666667
O=C([O-])CCC[C@@H](O)\C=C\Cc(nc1N)cc([nH+]1)N2CCN(CC2)C3COC3,-5.037,28,-0.17989285714285713
O=c1[nH]cc(Cl)cc1N2CCN(CC2)c3ccccc3OCCO,-5.036,24,-0.20983333333333332
CCCCC(=O)OC[C@H](CO)Oc(nc(n1)C)c(c12)c3c([nH]2)cc(c(c3)OC)-c4c(C)noc4C,-5.034,35,-0.14382857142857142
CC(C)(C)c(cc1)ccc1S(=O)(=O)c(c2C)nnn2OC[C@H](O)CO,-5.034,25,-0.20135999999999998
CO[C@@H](C)Cn1cc(cn1)-c(c(n2)C)n(c23)ccnc3S(=O)(=O)c(ccc4)c(c45)ccnc5,-5.032,33,-0.15248484848484847
CNCc1ccc(cc1)-c2cc(C(=O)NC3CC3)cc(n2)Cc4ccccc4,-5.032,28,-0.17971428571428572
N#C[C@H]1C[C@H](C1)C(=O)c2ccc(cc2)-c3ccsc3,-5.032,19,-0.2648421052631579
c1ccccc1COC(=O)c2cccc(c2)N3CCCC3=O,-5.032,22,-0.22872727272727272
Cn1c(C#N)ccc1CCCCCC(=O)[O-],-5.031,16,-0.3144375
c1cncc(c12)c([O-])c(C#N)c(n2)-c3cccc(c3)NS(=O)(=O)c4cccs4,-5.03,28,-0.17964285714285716
C1CC1S(=O)(=O)c2ccc(C(F)(F)F)c(F)c2,-5.03,17,-0.2958823529411765
N1CCCC[C@@H]1[N@H+](C)CCO[C@@H]2CC[C@@H](CC2)C[C@@H](C([O-])=O)C(=O)CC(=O)C(=O)[O-],-5.03,30,-0.16766666666666669
CS(=O)(=O)NCCCc1csc(=O)[nH]1,-5.029,14,-0.3592142857142857
FC(F)(C1)[C@@H](O)c(c12)c(S(=O)(=O)C)sc2-c3ccc(cc3)C(=O)NCCC(F)(F)F,-5.029,30,-0.16763333333333333
c1cc(Br)ccc1\C=C\CC(=O)c2nccn2Cc3ccccc3,-5.029,24,-0.20954166666666665
n1[nH]ccc1-n(c(c2)CC)c(c23)CCCC3=O,-5.029,17,-0.2958235294117647
O=P([O-])OC[C@H]1O[C@H](C[C@@H]1O)Cc2ccc(cc2Cl)-c3ncon3,-5.028,24,-0.2095
n1c[nH]cc1[C@@H](CC)c2cccc(n2)C3CC3,-5.027,17,-0.2957058823529412
OCCOc1c(C)cc(cc1C)-c2ccccc2O,-5.027,19,-0.2645789473684211
Cc1noc(C)c1-c2ccc(cc2)CNC(=O)c3cc(=O)[nH]c(=O)[nH]3,-5.026,25,-0.20104
C1COCCN1c(c2)ncc(c23)c(C)nnc3OCc4ccccc4,-5.025,25,-0.201
Fc1ccccc1Cc2cccc(Cl)c2,-5.022,15,-0.33480000000000004
Cc1ccc(cc1)[C@H](C)Nc(cc2)cc(c23)N(S(=O)(=O)C)[C@H](C)C(=O)N3C,-5.022,27,-0.186
O=C([O-])CCCc1ccc(F)c(Cl)c1,-5.021,14,-0.35864285714285715
CC(C)CNCC(=O)C(=O)C(=O)CC(=O)NCCCc1cccc(c1)Oc2ccccc2,-5.021,32,-0.15690625
CCCC(=CC1=O)N=C([N+]1=2)N=C(N2)Cc(c3)nc(NC)c(n34)nnc4C,-5.019,26,-0.19303846153846155
O=C1[N-]C(=O)[C@H](S1)Cc2ccc(cc2)-c3cccc(c3)NS(=O)(=O)c4ccc(F)c(Cl)c4,-5.019,32,-0.15684375
COC[C@H](C)c1cc(C)c(OC)cc1OC,-5.019,16,-0.3136875
O=C1NC(=O)[C@@H](S1)Cc2ccc(cc2)C(=O)c3cccc(Cl)c3,-5.017,23,-0.2181304347826087
OCC[NH2+]CCc1cc(nn(c12)c(C)nn2)-c3ccccc3Oc4ccccc4,-5.016,29,-0.17296551724137932
COc1ccc(cc1OC)C(=O)c(c2)oc(c23)cccc3,-5.015,21,-0.2388095238095238
NC(=O)C(=C1)CC=CN1c(nc2OC)nc(n2)N3CC[NH2+]CC3,-5.014,23,-0.218
CN1CC[NH+](CC1)CCNc2ccc(cn2)S(=O)(=O)c3ccc(Cl)cc3,-5.014,26,-0.19284615384615386
CC(=O)N[C@H]1CCN(C1)c2ccc(cc2F)C3=NO[C@@H](C3)CCCCCc4ccccc4,-5.014,32,-0.1566875
Cc1cc(n[nH]1)[C@@H](C)Nc(n2)[nH]c(c23)cc(cc3C)N4CCOCC4,-5.014,25,-0.20056000000000002
C[NH+](C)CCCC(=O)c(cn1)cc(c12)cccc2,-5.013,18,-0.27849999999999997
COc(c1)c(OC)cc(c12)c(ncn2)-c3ccccc3OCCCC(=O)[O-],-5.013,27,-0.18566666666666667
COc1ccc(nn1)CCCCc2ccccc2,-5.013,18,-0.27849999999999997
O=C([O-])COc1ccc(cc1C)SCc2nnc(s2)-c3ccc(F)c(Cl)c3,-5.012,27,-0.18562962962962962
CN1CC[NH+](CC1)C2CCN([NH2+][O-])CC2,-5.012,15,-0.3341333333333333
C1COCCN1C(=O)c(cnn2C)c2C(=O)Nc(c3)c(C#N)cn(c34)cc(n4)C[C@H]5CC[C@H](C)CC5,-5.012,36,-0.13922222222222222
O=C(C1)NC[C@@H]1[C@@H](C)S(=O)(=O)c(cc2)cc(c23)CN(C)C(=O)N3C,-5.012,24,-0.20883333333333332
Nc1nc(SC)nc(c12)n(cn2)C(=O)Cc3ccc(F)cc3,-5.011,22,-0.22777272727272727
CCOC(=O)c1csc(n1)[C@H]2C[C@H](O)[C@H](O2)COP(=O)[O-],-5.011,21,-0.23861904761904762
CCOC(=O)Cc1nc(cs1)-c2ccc(cc2)C(=O)c3cccc(c3)C(=O)N(C)C,-5.011,30,-0.16703333333333334
c1cccc(c12)c(N[C@H](C)C3CC3)nc(n2)Nc4cccc(C(=O)[O-])c4,-5.011,26,-0.19273076923076923
OC[C@H]([NH3+])C(=O)N1CCC[C@H]1C=O,-5.009,13,-0.38530769230769235
CC[C@@H](C(=O)[O-])Cc1ccc(cc1)C(=O)n(c(c2)CCCC(=O)[O-])c(c23)ccc(Cl)c3,-5.009,31,-0.16158064516129034
CCc1ccc(nc1)CCc2ccc(N)[nH+]c2,-5.009,17,-0.29464705882352943
Cc1cccc(c1)CC(=O)C(=O)Cc2nc(cs2)-c3ccc(cc3)C(=O)NCCC(F)(F)F,-5.009,33,-0.1517878787878788
O=C1OCCCN1c(cnc2)c(c23)cccc3,-5.009,17,-0.29464705882352943
O=C1[N-]C(=O)[C@H](S1)Cc2ccc(cc2)C(=O)c3ccc(Cl)cc3,-5.008,23,-0.2177391304347826
COc1ccc(OC(C)(C)C)cc1OC,-5.007,15,-0.3338
n1c[nH]cc1-c(nc2N)cc(n2)N3CCOCC3,-5.007,18,-0.2781666666666667
OC1CCN(CC1)Cc(n[nH]2)c(c23)cccn3,-5.007,17,-0.2945294117647059
NC(=O)CC[NH2+]Cc1ccc(c(Cl)c1)C/C=C/c2ccc(Br)cc2,-5.006,24,-0.20858333333333334
FC(F)(F)Oc1cccc(c1)Cc2ccccc2,-5.006,18,-0.27811111111111114
C1CC1C(=O)Nc(n2)sc(c23)nc(cc3)Cc(c4)[nH]c(c45)cccc5Cl,-5.006,26,-0.19253846153846155
COCCOCCOCCOCCCc1cccc(c1)Oc2ccccc2,-5.006,27,-0.1854074074074074
COc1ccc(cc1)Cc2[nH]nc(n2)-c3ccccc3,-5.006,20,-0.2503
COc1ccc(cc1OC)-c2c(C)ccn(c2=O)Cc(n[nH]3)c(c34)cccn4,-5.005,28,-0.17875
C1CC1N2C(C)(C)C(=O)N(C)c(c23)ccc(c3)Cc4ccccc4,-5.005,24,-0.20854166666666665
CCCCCCC(=O)OC[C@@H](OC(=O)CCCC)COP(=O)([O-])OCC[NH3+],-5.004,27,-0.18533333333333332
OC[C@H](N)C(=O)N1CCC[C@H]1C=O,-5.004,13,-0.38492307692307687
Cc1nnn(c1CC#N)C2CCN(CC2)CC[NH+](C)C,-5.004,20,-0.2502
NC(=O)CCNCc1ccc(c(Cl)c1)S(=O)(=O)c2ccccc2Cl,-5.003,24,-0.20845833333333333
Cc1noc(c12)nc(C)nc2N[C@H]3CC[C@H](O)CC3,-5.003,19,-0.2633157894736842
C[C@H]1CC[C@H](CC1)C(=O)C(=O)[C@@H](C2)Oc(c23)c(cc(Cl)c3)-c4cc[nH+]c(N)c4,-5.002,28,-0.17864285714285713
COC(=O)CCCCNc(cc1)cc(n12)[nH+]c(c2)-c3ccccc3,-5.002,24,-0.20841666666666667
Ic(n1)nc(N)c(c12)ncn2Cc3ccc(Cl)cc3,-5.002,19,-0.2632631578947368
c1ccccc1Oc2cccc(n2)CNC3=[NH+]NCS3,-5.001,20,-0.25005
C=CC1=C(C)/C(NC1=O)=C/c2[nH]c(c(c2C)CCC(=O)[O-])C[NH2+]CCO,-4.998,26,-0.19223076923076923
COc1ccc(cc1)Oc2cc(ncn2)CCOCCO,-4.998,21,-0.23800000000000002
Cc1cncc(c1)-c(c(c23)cc(C)c(=O)[nH]3)cnc2N4CCC([NH+](C)C)CC4,-4.997,28,-0.17846428571428571
CC(C)CCNC(=O)CCCC[C@@H]1CCSS1,-4.997,17,-0.2939411764705882
c1cc(C)cc(c12)c(c[nH]2)C[N@H+]3CC[C@@H](CC3)NC(=O)NC(C)C,-4.997,24,-0.20820833333333333
Cn(c1)c(=O)ccc1-c(oc2C)nc2CCOc(c(c34)ccs4)ccc3C[C@@H]5SC(=O)NC5=O,-4.996,34,-0.14694117647058824
c1ccccc1S(=O)(=O)C(=O)c(c(c23)cccc3)nn2Cc4ccc(F)cc4,-4.996,28,-0.17842857142857144
c1nccc(c12)c(ccc2)S(=O)(=O)NCCN3CCC[C@H](O)C3,-4.995,23,-0.21717391304347827
Nc1nccc(n1)C[C@H]2CC[C@H](C(=O)[O-])CC2,-4.994,17,-0.29376470588235293
c1c[nH]c(c12)c(=O)n(C)cc2N(C3CC3)Cc4ccccc4OCCCCCC(=O)[O-],-4.994,31,-0.16109677419354837
CN(C)NCCCCNC(=O)COc(ccc1)c(c12)C(=O)N(C2=O)[C@H]3CCC(=O)NC3=O,-4.994,32,-0.1560625
COC(=O)CC(=O)Cc1ccc(cc1Cl)C(=O)OC,-4.993,19,-0.2627894736842105
CC(=O)N[C@H]1CC[N@H+](C1)CCC[NH2+]Cc2ccc(c(Cl)c2)-c3ccccc3,-4.992,27,-0.18488888888888888
O=C1CC[C@@H](C(=O)N1)c2ccncc2,-4.992,14,-0.3565714285714286
Cc1nn(C)c(Cl)c1S(=O)(=O)c2ccc(cc2)OCc3nn(C)cc3-c4ccc(=O)n(C)c4,-4.992,33,-0.15127272727272728
CCOc1ccccc1C(=O)Cc2ccccc2,-4.991,18,-0.27727777777777773
OCCC[NH2+]Cc1ccc(c(Cl)c1)-c2ncccn2,-4.991,19,-0.2626842105263158
c1ccccc1-c([nH]2)cnc2C3CCCC3,-4.991,16,-0.3119375
CCCCCCCCC(=O)Cc1nn(C)cc1-c2ccc(=O)n(C)c2,-4.989,25,-0.19956
O=Cc1ccccc1/C=[NH+]/Cc2ccccc2-c3ccccc3,-4.988,23,-0.2168695652173913
O=C([O-])[C@H](C)Oc1cc(ccc1Cl)CS(=O)(=O)c2cccc(F)c2,-4.988,24,-0.20783333333333334
C1COCCN1c(o2)cc(=O)c(c23)scc3Cc4ccc(F)cc4,-4.988,24,-0.20783333333333334
c1c[nH]c(=O)c(n12)c(C)cc2-c3cc(C(C)(C)O)ccc3Oc4ccc(F)cc4F,-4.987,30,-0.16623333333333334
n1nc(C)n(c12)nc(cc2)NCCC(F)(F)F,-4.986,17,-0.2932941176470588
CC(C)(C)OC(=O)NCCCNc1cccc(c1)C[n+]2ccc(O)c(C(=O)[O-])c2O,-4.986,30,-0.1662
C[NH2+]Cc1cccc(c1)Cc2c(cccc3)c3[nH+]c(c24)CCCC4,-4.985,24,-0.20770833333333336
[nH+]1ccccc1Cc(cc2C)cc(n2)C(=O)NCc3ccc(F)cc3,-4.985,25,-0.19940000000000002
[NH3+]CCCC[NH2+]Cc1ccc(c(Cl)c1)-c2ccccc2N,-4.984,21,-0.23733333333333334
C1CC1Nc(c2CC)nc(N)nc2-c3cc(NC)nc(n3)N,-4.983,22,-0.22649999999999998
COc1cccc(c1)CC(=[NH2+])NCc2c(c(C)n[nH]3)c3nc(c24)c(C)cc(c4)OC,-4.982,30,-0.16606666666666667
Cc1nn(C)c(C)c1N[C@H]2CCOC2,-4.981,14,-0.35578571428571426
CCc1ccccc1Nc(c2)c(OC)cc(c23)onc3CC,-4.98,22,-0.22636363636363638
C[NH2+]C[C@@H](O)CC(=O)[C@H](C(C)C)NC(=O)C1CCCCC1,-4.98,21,-0.23714285714285716
CSc1ccc(cc1)-c2ncn(n2)C[C@H]3CC[C@H](C(=O)[O-])CC3,-4.978,23,-0.21643478260869564
Cc1cccc(C)c1-c2cc(Cl)ccc2O,-4.977,16,-0.3110625
O=c(n1)[nH]c(=O)c(n2)c1n(c(c23)cc(C)c(C)c3)Nc(cc4)cc(c45)n(nn5)C,-4.977,29,-0.17162068965517244
Cc1nnn(C)c1-c2cc(F)cc(F)c2,-4.976,15,-0.3317333333333333
C[C@@H](O)COCC(CO)(COC[C@@H](C)O)Cc(nn1C)c(c12)cccc2,-4.975,26,-0.19134615384615383
CC[C@H](C)[C@H](N)C(=O)c1ccc(C)c(c1)NS(=O)(=O)C,-4.975,20,-0.24874999999999997
c1sccc1C(=O)c2nccn2Cc3ccccc3,-4.975,19,-0.2618421052631579
n1c[n-]c(=O)c(c12)[nH+]cn2C[C@@H](O)c3cccc(Cl)c3,-4.975,20,-0.24874999999999997
C1COCCN1c(n2)cc(nc2N)C/C=C/c3ccc(Br)cc3,-4.975,23,-0.21630434782608693
Cc1cccc(c1C)Oc2nccc(n2)-c3c(N4CCC[NH2+]CC4)ncn3C5CC[NH2+]CC5,-4.974,33,-0.15072727272727274
C1CCCCN1c([nH+]2)cc(nc2N)Nc3ccccc3F,-4.974,21,-0.23685714285714288
OCCOc1c(C)cc(cc1C)-c(c2)oc(c23)c(cn(c3=O)C)C(=O)c4cnccc4C(F)(F)F,-4.974,35,-0.14211428571428572
COc1ccc(cc1)Cn2nnc(n2)-c3cccc(c3)C(=O)C(=O)C(F)(F)F,-4.974,28,-0.17764285714285716
[nH+]1c[nH]cc1-c(o2)cc(c23)c(=O)n(C)cc3N4CCC(CC4)NC(=O)[C@@H](N)Cc(c[nH]5)c(c56)cccc6,-4.974,37,-0.13443243243243244
Cc1cccc(c1C)Oc2nccc(n2)-c3ccc(cc3)C[C@@H]4SC(=O)[N-]C4=O,-4.973,29,-0.17148275862068965
CCNC(=O)c1cc(c[nH]1)C(=O)CC,-4.972,14,-0.35514285714285715
c1cc(O)ccc1NN[C@H](C)c2ccc(cc2)-c3cc(F)cnc3Cl,-4.971,25,-0.19884000000000002
C[C@@H]1C(=O)N(C)CC[N@@H+]1CCOc2ccc(cc2)C3CCN(CC3)c4cnn(c4)CC(C)(C)O,-4.971,34,-0.14620588235294119
O=P([O-])([O-])OP(=O)([O-])SCCCCc(n1)[nH]c(c12)ccc(Cl)c2,-4.971,23,-0.2161304347826087
C1C[C@H](C)Cc(c12)sc(c2C(=O)N)NCOCCO,-4.97,19,-0.261578947368421
Cn(n1)ccc1-c(ncn2)cc2N(C)CCOc3ccc(cc3)C[C@@H]4SC(=O)NC4=O,-4.969,31,-0.16029032258064518
O=c1n(C)cc(cc1C)-c2cc(F)c(c(F)c2)NC(=O)Nc3cncs3,-4.969,26,-0.19111538461538463
c1cc(Br)ccc1C(=O)CCCCCCCCCO,-4.969,19,-0.2615263157894737
n1ccccc1CNn2cncn2,-4.969,13,-0.38223076923076926
n1cccc(c12)c(n[nH]2)Cc(c(Cl)cc3)c(c34)nnn4Cc(n[nH]5)c(c56)cccn6,-4.969,30,-0.16563333333333335
Cc1ccccc1CC(=O)S(=O)(=O)c2c(C)noc2C,-4.969,20,-0.24845
Cc1nc(CN(C)C)ccc1-c(c(c23)c(=O)[nH]nc3)cnc2Nc4cccc(c4)N5CCCC5=O,-4.968,35,-0.14194285714285715
C[NH2+]Cc1cc(nn1C)-n2c(cc(C)c(c3)C)c3nc(c24)c(=O)[nH]c(n4)=O,-4.968,27,-0.184
COCCNC(=O)c1ccsc1C(=O)[O-],-4.968,15,-0.3312
c1cc(F)ccc1CC(=O)c2ccc(cc2OC)C[NH2+]CCc([nH+]3)[nH]c(c34)cccc4,-4.968,31,-0.16025806451612903
CCCCCC(=O)Cc1cccnc1,-4.968,14,-0.35485714285714287
C1COCCN1c(ncn2)c(c23)cc(c(c3)OC)-c4cccc(c4)CCCNC(=O)CC(=O)C(=O)[O-],-4.967,36,-0.13797222222222222
Cc1cc(no1)[C@@H](C)NC(=O)c2[nH]cc(c2C)-c3ccc(C)c(c3)S(=O)(=O)NC4C=C4,-4.966,31,-0.1601935483870968
NC(=O)c1cccc(c1)CS(=O)(=O)c2cccs2,-4.966,18,-0.2758888888888889
CN(C1)C(=O)Nc(c12)ccc(c2)S(=O)(=O)c3cc(cc(c3)C(C)(C)C)CCc4ccccn4,-4.966,33,-0.1504848484848485
CC[C@@H](CO)[C@@H]1CC[N@@H+](CC)CC1,-4.965,13,-0.3819230769230769
O=C([O-])CCC[C@@H](O)/C=C/C=C/CCc1ccc(S(=O)(=O)C(F)F)cc1[N+](=O)[O-],-4.965,29,-0.17120689655172414
Cc1cc(on1)CCCCCc(c(c23)CN(S(=O)(=O)C)CC3)nn2CCC[NH+]4CCOCC4,-4.964,33,-0.15042424242424243
n1cn(C(C)C)c(c12)nc(N[C@H](C(C)C)CO)nc2C(C)(C)C(=O)[O-],-4.964,25,-0.19856000000000001
c1ccccc1Oc2cccc(n2)C[N@H+]3CC[C@@H](CC3)CCc4c[nH+]c[nH]4,-4.964,27,-0.18385185185185188
C[NH+](C)CCCN(C)c(nc(c12)ccc(Br)c2)nc1CC3CCOCC3,-4.964,26,-0.19092307692307695
OCCOc(cc1)ccc1Cc(c(c2)C(=O)N)cc(c23)c(ccn3)O[C@@H]4CCC[NH2+]C4,-4.963,31,-0.1600967741935484
CC(C)CCNC(=O)c1ccc(cc1)-c2ccsc2,-4.963,19,-0.2612105263157895
O=c([n-]1)onc1[C@H](C)Cc2cccnc2,-4.961,15,-0.3307333333333334
[nH]1cc[nH+]c1CCC(=O)CCNC(=O)CCNCc2ccc(c(Cl)c2)-c3ccccc3,-4.96,31,-0.16
OCCCCCCCCCC(=O)N[C@@H](CO)C(=O)c1ccc(cc1)OCC2CC2,-4.96,29,-0.17103448275862068
CCOc1ccccc1N(CCO2)[C@@H]([C@H]23)CCC3,-4.958,18,-0.27544444444444444
Cc1cc(ccn1)-c2ccc(cc2)S(=O)(=O)c3ccccc3,-4.958,22,-0.22536363636363638
CC[C@](C)(C(=O)[O-])c1ccnc(n1)Oc2ccccc2OC,-4.958,22,-0.22536363636363638
c1cccc(c12)c(c[nH]2)C[C@H](N)C(=O)N[C@@H]3CC[N@H+](CC3)CCc4c[nH]cn4,-4.958,28,-0.17707142857142857
COc1ccc(cc1)Cn(nn2)c(c23)[C@@](C)(O)CC[C@H]3OC(=O)/N=C(\N)Cc4cccc(c4)OC,-4.957,35,-0.14162857142857144
Cc1cccc(c1)N2CCN(CC2)c3cc(F)cnc3Cl,-4.957,21,-0.23604761904761903
c1cnccc1NC(=O)[C@H](C(C)C)NC(=O)CC[NH2+]Cc2ccc(c(Cl)c2)-c3ccccc3,-4.957,33,-0.1502121212121212
S=C(N1)OC(C)(C)c(c12)cc(cc2)C(=O)c(c3)oc(c34)cccc4,-4.955,24,-0.20645833333333333
CC(=O)N1[C@@H](C2CC2)CN(c(c13)cccc3)Cc4ccc(Cl)cc4,-4.952,24,-0.20633333333333334
Cc1cc(C)cc(c1)Oc2nccc(n2)-c3c(-c4ccccc4F)ncn3[C@H]5CC[N@@H+](C5)CC[NH3+],-4.952,35,-0.1414857142857143
CCNS(=O)(=O)c1ccc(F)c(C)c1,-4.952,14,-0.3537142857142857
C1CCCC1(CC(=O)[O-])CC(=O)C(=O)c(c2C)nn(CCCCCO)c2-c3ccccc3,-4.951,32,-0.15471875
O=C([O-])[C@@H](C)C(=O)Cc1ccc(F)cc1,-4.951,15,-0.3300666666666666
C[N@H+]1CC[C@@H]([C@H](O)C1)c(c(O)cc2O)c(c23)oc(cc3=O)-c4ccccc4C(=O)c5ccccc5,-4.951,35,-0.14145714285714284
CC(C)(C)[C@H](C)c1ccc(s1)-c(c[nH+]2)n(c23)CCC3,-4.95,19,-0.2605263157894737
O=C([O-])c1ccccc1NNCC23C[C@H]4C[C@@H](C3)C[C@H](C4)C2,-4.95,22,-0.225
CCCCCCOc1cccc(c1)Cn2ccc(O)c(c2=O)C(=O)[C@H](C)c3noc(=O)[nH]3,-4.95,32,-0.1546875
c1cc(C)cc(c12)c(c[nH]2)C[N@H+]3CC[C@@H](CC3)Nn4ccc(=O)c(C(=O)[O-])c4O,-4.95,29,-0.1706896551724138
CCOC(=O)[C@@H]1OC[C@@H](O)[C@H]1O,-4.95,12,-0.41250000000000003
O=c1[n-]c(no1)-c2ccncc2F,-4.949,13,-0.38069230769230766
COC(=O)CC(=O)c1ncn(C2CC[NH2+]CC2)c1-c3ccnc(n3)Nc4ccc(C)c(C)c4,-4.949,33,-0.14996969696969698
COc(c1)c(OC)cc(c12)c(nc(n2)C)-c3cc(F)cc(C#N)c3,-4.949,24,-0.20620833333333333
C1COCCC1[C@H]([C@@H](CC)CO)c2ccccc2,-4.949,18,-0.27494444444444444
OB(O)c1ccc(cc1)-c(cc2)nc(c23)cccc3,-4.949,19,-0.2604736842105263
CCO[C@H](C(=O)[O-])Cc1ccc(cc1)N(C2CC2)Cc3ccccc3OCCCCCC(=O)[O-],-4.948,34,-0.1455294117647059
C[NH2+]Cc1cccc(c1)Cc2cnns2,-4.948,15,-0.3298666666666667
c1ccsc1CNc2c(cccc3)c3[nH+]c(c24)CCCC4,-4.947,21,-0.23557142857142857
CC(C)(C)OS(=O)(=O)c1ccc(F)cc1Cl,-4.946,16,-0.309125
COc1nc(N)nc(n1)S(=O)(=O)c2cccs2,-4.946,17,-0.2909411764705882
[nH]1cncc1-c(nc2N)cc(n2)N3CCOCC3,-4.945,18,-0.27472222222222226
CCc(nn1)n(c12)nc(cc2)-n(c(C)c3)c(c34)cc(cc4)Nc5nccc(n5)NC,-4.945,30,-0.16483333333333333
Cc1cc(on1)CCCCCc(ccc2)c(c23)c(C)c(o3)C(=O)c4[nH+]ccn4C,-4.945,29,-0.17051724137931035
CC[C@](C)(C(=O)[O-])Oc1ccc(cc1)CC[C@H](CCCO)C2=CCCC=C2,-4.944,27,-0.1831111111111111
CC(=O)N1CCC(CC1)Cc2ccc(N)nc2,-4.944,17,-0.2908235294117647
COc1cc(OC)c(cc1C)NCCOc2ccc(cc2)C[C@@H]3SC(=O)[N-]C3=O,-4.944,29,-0.17048275862068965
O=C([O-])CCC[C@@H](O)/C=C/C=C/CCc1ccc(cc1)C(=O)N[C@@H](Cn2ccnc2)c3ccccc3,-4.944,36,-0.13733333333333334
CC(C)S(=O)(=O)c1ccc(cc1)C[C@@H](C(=O)[O-])Nc2ccccc2C(=O)c3ccccc3,-4.942,32,-0.1544375
Cc1noc(C)c1-c2ccc(cc2)[C@@H](C)c3ccc(N)[nH+]c3,-4.941,22,-0.2245909090909091
COc1ccc(cc1)Oc2cc(ncn2)N(C)CCn(cc3CCC(=O)[O-])c(c34)ccc(c4)OC,-4.941,35,-0.14117142857142856
COCCOCCOCCc1ccc(S(=O)(=O)C)cc1Nc2ncccn2,-4.94,27,-0.18296296296296297
n1cnc(N)c(c12)ncn2S(=O)(=O)c3cccc(F)c3,-4.94,20,-0.24700000000000003
Cn1ccc(n1)-c2cc(NC(=O)c3ccco3)cc(c2)C(=O)c(c4)oc(c45)cccc5,-4.939,31,-0.1593225806451613
CCCCCC(=O)O[C@H](COCC(=O)N)COP(=O)([O-])OCC[N+](C)(C)C,-4.939,27,-0.18292592592592594
O=c1ccc(cn1C)C(=O)NCCCNc2ccc(cc2)C[C@H]3SC(=O)NC3=O,-4.938,29,-0.1702758620689655
COc1ccc(c(C)c1)NNCCO,-4.938,14,-0.3527142857142857
CC(C)(C)Oc1cc(Cl)ccc1O,-4.938,13,-0.37984615384615383
OC[C@H]1O[C@@H]([C@H](O)[C@@H](O)[C@@H]1O)[C@@H]2CC[N@H+](CC2)Cc3cccc(n3)Oc4ccccc4,-4.938,31,-0.15929032258064516
O1COc(c12)c(ccc2)C\N=C(\NC3=C)S[C@@H]3c(cc4C)n(c45)cn[n-]c5=O,-4.937,28,-0.17632142857142857
CCCNNc1c(C(C)C)cccc1C(C)C,-4.937,17,-0.29041176470588237
CCNc1ccccc1C(C)C,-4.937,12,-0.4114166666666667
C=CC1=C(C)/C(NC1=O)=C/c2[nH]c(c(c2C)CCC(=O)[O-])C[NH2+][C@H]3CC[C@H](O)CC3,-4.936,30,-0.16453333333333334
CN(C)C(=O)c1cccc(c1)-c2ccccc2Cl,-4.936,18,-0.2742222222222222
CS(=O)(=O)NCCC[C@H](CCCO)C1=CCCC=C1,-4.935,19,-0.25973684210526315
n1[nH]ccc1-c2ccc(cc2OC)C(=O)N[C@@H]3CC[N@@H+](C)CC3,-4.935,23,-0.21456521739130432
CSc1ccc(cc1)C(=O)S(=O)(=O)C2CC2,-4.935,16,-0.3084375
COc1ccc(cc1)S(=O)(=O)n(c(c23)ccc(c3)OC)cc2CCC(=O)C[C@H](C)OC,-4.935,31,-0.15919354838709676
C1C[NH2+]CCN1c(c2)nccc2CCC3OCCO3,-4.935,19,-0.25973684210526315
C1CCCCC1([NH3+])CNOC[C@H](O)CO,-4.933,15,-0.32886666666666664
CN1CC[NH+](CC1)C2CCN(CC2)NCCCCc3ccccc3,-4.932,24,-0.20550000000000002
Cc1[nH]ncc1C[C@H]2CC[C@H](C(=O)[O-])CC2,-4.932,16,-0.30825
CC(=O)c(c1)c(O)cc(c12)onc2C,-4.931,14,-0.3522142857142857
Nc1ccc(c[nH+]1)NCCC(F)(F)F,-4.931,14,-0.3522142857142857
C[NH2+]Cc1cccc(c1)Cc2ccc(cc2Cl)CNCCc(n3)[nH]c(c34)c(C)ccc4,-4.93,31,-0.15903225806451612
c1nccc(c12)c(ccc2)S(=O)(=O)NCC[NH2+]CCc3cc[nH]n3,-4.929,24,-0.205375
C[C@@H]1C[NH2+]CCCN1CCc2[nH+]cc[nH]2,-4.928,15,-0.32853333333333334
CC(C)(C)NC(=O)[C@@H](C1)Oc(c12)c(cc(Cl)c2)-c3cc[nH+]c(N)c3,-4.927,24,-0.20529166666666665
CS(=O)(=O)Nc1cc(ccc1C)-c(nn(c23)c(nn3)C)cc2Nc4ncc[nH]4,-4.927,28,-0.1759642857142857
CCN(C1=O)c2ccc(c(c2c13)ccc3)S(=O)(=O)Cc4ccc(Cl)cc4,-4.927,26,-0.18949999999999997
C1CCCCC1NC(=O)c2ccc(cc2)C#CCNS(=O)(=O)c3ccccc3,-4.926,28,-0.17592857142857143
O=C([O-])C[NH2+]NCCc1ccc(Cl)c(Cl)c1,-4.926,16,-0.307875
C=CCc1c(Br)cc(Br)cc1Br,-4.925,12,-0.41041666666666665
CCCCC(=O)OC[C@H](CO)OC(=O)CCCCCCCCCc1ccnc(C)c1,-4.925,30,-0.16416666666666666
Cc1cc(n[nH]1)[C@@H](C)Nc(c(c23)cc(Br)cc3)nc(n2)N(C)CCC[NH+](C)C,-4.924,28,-0.17585714285714288
c1ccccc1Cn2cc(ccc2=O)-c3ccc(cc3)C4CCN(CC4)c(cc5)nn(c56)c(Cl)nn6,-4.924,36,-0.13677777777777778
c1ccccc1[C@H]2COCCN2c([nH+]cc3C)n3Cc4ccccc4OCCC[C@@H](C)CC(=O)[O-],-4.923,35,-0.14065714285714287
c1cc(F)ccc1C(=O)c(cc2)cc(c23)OCCO3,-4.923,19,-0.2591052631578947
O=C1CCCC([O-])=C1C(=O)c(cc2)c(C)c(c23)c(=O)n(c(=O)n3C)OCc(c4)oc(c45)cccc5,-4.922,35,-0.1406285714285714
CCOC(=O)c1csc(n1)C(=O)C2CCCCC2,-4.921,18,-0.2733888888888889
c1cccc(c12)CN(CC2)c(cn3C)cc(c3=O)NC(=O)Nc4ccccc4F,-4.921,29,-0.1696896551724138
[nH]1ccc(c12)c(ncn2)C[C@]3(O)CC[N@H+](CC3)Cc4ccc(cc4Cl)-c5ncon5,-4.918,30,-0.16393333333333335
O=C([O-])C[NH2+][C@H](C)c1nc[nH]n1,-4.917,12,-0.40975
C[N+](C)(C)CCOP(=O)([O-])OC[C@H](OC(=O)CCCC)CCCCc1ccccc1,-4.916,30,-0.1638666666666667
Cc1nn(C)c(C)c1Cc2ccc(s2)C(=O)NC3CC3,-4.916,20,-0.24580000000000002
n1[nH]ccc1-c(cc2)cc(c23)[C@@H](C[C@H](C)N3C(=O)C)[NH2+]Cc4cc(C)ccc4C,-4.914,29,-0.16944827586206895
O=c([n-]1)[nH]c(=O)cc1C(=O)N2CC[NH+](CC2)Cc(c3)oc(c34)cccc4,-4.914,26,-0.189
Cc1cccc(c1)NCc2ccccn2,-4.913,15,-0.32753333333333334
CSc1ccc(cc1)C(=O)Cc2ccccc2Cl,-4.912,18,-0.2728888888888889
C[NH2+]Cc1ccccc1-c2csc(c2)[C@@H](C)c3nn(C)c(=O)cc3OC,-4.912,26,-0.18892307692307692
CCCCC/C=C/Cc1ccnc(n1)N,-4.912,15,-0.3274666666666667
COc1ccc(cc1Cl)CCc([nH+]2)n(c(c23)ccc(c3)-c4cc[nH]n4)C[C@H](C)N5CCOCC5,-4.911,34,-0.1444411764705882
C[C@@H](O)c1ccc(cc1)Cc2ccc(cc2)C[C@H]3SC(=O)[N-]C3=O,-4.911,24,-0.20462499999999997
n1cccnc1-c(cc2)ccc2C(=O)CCOCCOCCOCCOCCOCCO,-4.911,32,-0.15346875
Cc1ccc(cc1)[C@H](C)S(=O)(=O)c(cc2)cc(c23)CN(C)C(=O)N3,-4.911,24,-0.20462499999999997
O=C([O-])CCC(\C)=C/COc1ccccc1CN(C)OC(C)(C)C,-4.91,24,-0.20458333333333334
CO[C@@H](C)Cc1ccc(C)c(c1)NS(=O)(=O)C,-4.908,17,-0.2887058823529412
[NH3+]CCCCCCCCCC(=O)N[C@@H](CO)C(=O)c1cccc(c1)N2CCCC2=O,-4.907,30,-0.16356666666666667
s1cccc1S(=O)(=O)C(=O)Cc(cnc2)c(c23)c(O)ccc3,-4.905,22,-0.22295454545454546
CC(C)ON(C1(C)C)C(=O)NC1=O,-4.904,13,-0.3772307692307692
CNc1ccnc(n1)Nc(cc2)cc(c23)n(c(c3)C)[C@H]4CCN(C4)S(=O)(=O)C,-4.904,28,-0.17514285714285713
COc1cc(OC)c(cc1C)NCCOc2ccc(cc2)C[C@@H]3SC(=O)NC3=O,-4.903,29,-0.16906896551724138
CNc1nc(N)[nH+]c(c1CC)Cc2ccc(Cl)c(c2)O[C@@H](C)C(=O)[O-],-4.902,25,-0.19608
C[N+](C)(C)C1CCN(CC1)c2ccc(cc2)NNc3cccc(c3)N4CCCC4=O,-4.902,30,-0.16340000000000002
Cc1noc(C)c1-c(cc(c23)nccc3)cc2CC#C[Si](C)(C)C,-4.901,24,-0.20420833333333333
CCN(C(=O)C1)c(c12)ccc(c2)Nc(c3)c(OC)cc(c34)onc4C,-4.901,25,-0.19604
c1[nH]cnc1CC2CCOCC2,-4.901,12,-0.40841666666666665
Cc1ncsc1-c2cc(nc(n2)N)N3CCOCC3,-4.901,19,-0.25794736842105265
[NH3+]CCc1ccc(cc1Cl)CNCCc(n2)[nH]c(c23)cc(Cl)c(Cl)c3,-4.9,25,-0.196
CC[C@](C)(C(=O)[O-])Oc1ccc(cc1)CCC(=O)Cc2ccc(F)cc2,-4.9,26,-0.18846153846153849
CCCCn1cc(nn1)CNc2cc(Cl)c[nH]c2=O,-4.9,19,-0.2578947368421053
CC(=O)Nc1ccccc1CCn(c(n2)SCCC(=O)[O-])c(c23)cccc3,-4.9,27,-0.1814814814814815
CCCC(=O)c1c[nH]cn1,-4.899,10,-0.4899
CCC(CC)Nc1cc(C)[nH+]c(c1C)-c2csc(=O)[nH]2,-4.897,20,-0.24485
[nH]1cncc1-c(o2)cc(c23)c(=O)n(C)cc3-c4cc(F)c(c(F)c4)-c5cc(CO)ccc5F,-4.897,33,-0.1483939393939394
O=C([O-])[C@@H]([NH3+])CC[S+](C)C[C@H]1O[C@H]([C@H](O)[C@@H]1O)CCC[NH+]2CCOCC2,-4.896,26,-0.18830769230769231
CS(=O)(=O)Nc1cc(ccc1C)Cc(n[nH]2)c(c23)cccn3,-4.896,22,-0.22254545454545455
O=C([O-])c1c(=O)ccn(c1O)-c2ccccc2,-4.896,17,-0.288
CCCNC(=O)[C@H]1O[C@H]([C@H](O)[C@@H]1O)c2cc(ncn2)Oc3ccc(OC)cc3,-4.895,28,-0.17482142857142854
N#Cc(c(N)[nH]1)c(c12)cc(cc2)Oc3ccc(cc3)NC(=O)Cc(cnc4)c(c45)c(O)ccc5,-4.895,34,-0.1439705882352941
CC(C)CCNC(=O)[C@H](CO)NC(=O)CCCCCCCCCO,-4.895,24,-0.20395833333333332
CCCn(c1[O-])c(=O)n(CCC)c(c12)nc(n2)-c3ccnc(n3)Oc4cc(C)cc(C)c4,-4.894,32,-0.1529375
c1cc(Br)c([O-])c(c12)nc(N)cc2S(=O)(=O)c3cccc(F)c3,-4.893,23,-0.2127391304347826
CN1C(=O)[C@@H](C)N(C2CC2)c(c13)cc(cc3)CCCc4ccccc4,-4.892,25,-0.19568000000000002
S=C(N1)OC(C)(C)c(c12)cc(cc2)C(=O)Cc3ccccc3,-4.892,22,-0.22236363636363637
CO[C@@H](C)Cn1cc(cn1)-c(c(n2)C)n(c23)ccnc3Cc4ccc(C)cc4,-4.891,28,-0.17467857142857143
n1[nH]ccc1C(=O)[C@H](C(C)C)NC(=O)C2CCCCC2,-4.891,20,-0.24455
Cc1cc(C)cc(c1)Oc2cccc(n2)Cc3ccc(Cl)c(c3)O[C@@H](C)C(=O)[O-],-4.891,29,-0.1686551724137931
FC(F)(F)CCNC(=O)c1ccc(cc1)Cc2ccco2,-4.891,21,-0.2329047619047619
C1CC1Nc2nc(N)[nH+]c(c2CC)Cc(c3)oc(c34)cccc4,-4.889,23,-0.21256521739130435
Ic(n1)nc(N)c(c12)ncn2CC(=O)[O-],-4.889,15,-0.32593333333333335
O=C([O-])c1c(=O)ccn(c1O)C(c2ccccc2)c3ccccc3,-4.889,24,-0.20370833333333335
O=Cc1ccccc1/C=N/N=c2/[nH]c(cs2)-c(cc3)cc(c34)OCCO4,-4.888,26,-0.188
CC(C)C(C(C)C)NC(=O)Cc1cc(F)cc(Br)c1,-4.888,19,-0.25726315789473686
CSc1ccc(cc1)C(=O)CC(=O)c(cn2)cc(c23)cccc3,-4.887,23,-0.2124782608695652
Cc1ccc(cc1)CN(CC2)CCC2([NH3+])Cc3ccc(Cl)cc3,-4.887,23,-0.2124782608695652
CCc1ccccc1-c2ccc(cc2C)C[NH2+][C@H](C)c3cccc(c3)S(=O)(=O)N,-4.886,29,-0.16848275862068965
COc1ccccc1Oc2nccc(n2)-c3c(-c4ccc(F)cc4)ncn3[C@@H]5O[C@H](CO)[C@@H](O)[C@H]5O,-4.886,36,-0.13572222222222222
CO[C@H](C(=O)[O-])Cc(c(c12)scc2)ccc1OCCc3nc(CC(C)C)oc3C,-4.886,29,-0.16848275862068965
C[NH2+]C[C@@H](O)CCc1cncs1,-4.885,12,-0.4070833333333333
c1ccccc1CCC[NH+]2CCOCC2,-4.885,15,-0.32566666666666666
CC[C@](C)(C(=O)[O-])c1ccnc(n1)Oc2cc(C(C)C)ccc2C,-4.885,24,-0.20354166666666665
Cc([nH+]1)c(C)n(c12)nc(cc2)[C@@H]3OC[C@@H](O)[C@H]3O,-4.885,18,-0.2713888888888889
c1ccccc1Oc2c(cnn2C)N3CCC(CC3)NC(=O)[C@@H]([NH3+])Cc(c[nH]4)c(c45)cccc5,-4.885,34,-0.1436764705882353
CN(C1)C(=O)Nc(c12)ccc(c2)S(=O)(=O)CCCCCO,-4.885,21,-0.23261904761904761
COc1cccc(c1)-c2ccc(c(F)c2)NC/C=C(/C)CCC(=O)[O-],-4.884,25,-0.19536
Cn(n1)ccc1-c2ccc(cc2OC)CNCCc(n3)[nH]c(c34)cccc4,-4.883,27,-0.18085185185185185
Cc(n1)c(C)n(c12)c(C)c(cc2)CCc3[nH+]c(cn3C)CCOCCOCCOCCOCCO,-4.882,35,-0.13948571428571427
CCCCC(=O)OC[C@H](CO)OC(=O)CCCCCCCCCOCc1ccccc1,-4.881,31,-0.15745161290322582
C/C=C/Cc(c1)[nH]c2c(ccc(c2c13)n(C)c3O)NS(=O)(=O)c4ccccc4OC,-4.881,30,-0.1627
C1C[C@@H](C)CC[C@@H]1[C@@H](C)[NH2+]CCNC(=O)NC2CCN(CC2)c3ccccn3,-4.88,28,-0.1742857142857143
O=C([O-])CNc1cc(Cl)cc(Cl)c1,-4.88,13,-0.37538461538461537
CC[C@H](CO)c1cccc(n1)-c2c(C)nnn2C3CC[NH2+]CC3,-4.88,23,-0.21217391304347827
Fc(c1)cccc1CS(=O)(=O)c(cc2)cc(c23)C[NH2+][C@H](C3)CO,-4.879,23,-0.21213043478260868
c1cccc(c12)c(c[nH]2)C[C@H](N)C(=O)C(=O)c3ccc(cc3)C45C[C@H]6C[C@@H](C5)C[C@H](C6)C4,-4.879,32,-0.15246875
OCCC[NH2+][C@@H](C(C)C)C(=O)Nc1ccncc1,-4.877,18,-0.27094444444444443
O=C([O-])CCC[C@@H](O)/C=C/C=C/CCc1ccc(cc1)C(=O)N[C@@H](Cn2cc[nH+]c2)c3ccccc3,-4.875,36,-0.13541666666666666
CCS(=O)(=O)Cc1cnc(c(c1)-n2cc(O)cn2)Oc3ccc(F)cc3F,-4.873,27,-0.1804814814814815
COc1ccccc1Oc2nccc(n2)C/C=C(/C)CCC(=O)[O-],-4.872,24,-0.20299999999999999
Nc1ccc(cc1)Nc2cccc(F)c2,-4.871,15,-0.3247333333333334
CCc1ccccc1N[C@H]2CC[C@H](O)CC2,-4.871,16,-0.3044375
[NH3+]c1ccc(cc1)NCCC(=O)NC2CC2,-4.87,16,-0.304375
C=CC1=C(C)[C@@H](NC1=O)n2ccc(=O)[nH]c2=O,-4.868,17,-0.2863529411764706
CCS(=O)(=O)c(cc1)cc(c12)N(C[C@H](C3CC3)N2C(=O)C)Cc4ccccc4CO,-4.867,30,-0.16223333333333334
c1c[nH]c(c12)c(=O)n(C\C=C\C)cc2C(=O)CCCCCCC,-4.866,23,-0.21156521739130432
Cc1cc(n[nH]1)[C@@H](C)Nc2ccccc2C(=O)c3ccccc3,-4.866,23,-0.21156521739130432
O=C([O-])C(=O)CC(=O)C(=O)c1ccc(Cl)cc1,-4.866,17,-0.28623529411764703
CCCCCCCc1ccc(C#N)n1C,-4.865,15,-0.32433333333333336
N#Cc1cccc(c12)n(c(n2)C)C(=O)c3ccc(c(c3)-c4cn(C)nn4)OCc5ccccn5,-4.863,34,-0.1430294117647059
c1ccccc1-n(nc2C)c(C)c2/C=N/CC[NH+](C)C,-4.862,20,-0.2431
Cc1noc(c12)nc(C)nc2CC#Cc3ccc(cc3)S(=O)(=O)NCCC(F)(F)F,-4.862,30,-0.16206666666666666
N#CCCN(C)c(c(c12)cc(Br)cc2)nc([nH+]1)NCCc3ccncc3,-4.862,26,-0.187
C=CCOc1cccc(c1)N2CCCC2=O,-4.861,16,-0.3038125
c1cccc(c12)c(c[nH]2)C[C@@H](NC(CC)CC)C(=O)Nc3ccncc3,-4.86,26,-0.18692307692307694
CNc1cc([nH+]c(n1)N)N2CCN(CC2)Cc(n[nH]3)c(c34)cccn4,-4.86,25,-0.19440000000000002
O=C([O-])c1ccc(cc1)CN[C@H](Cc(c[nH]2)c(c23)cccc3)C(=O)Nc4ccncc4,-4.859,31,-0.15674193548387097
COC(=O)CC(=O)c1ccnc(n1)Oc2cccc(C)c2C,-4.858,22,-0.2208181818181818
CC(C)(C)OC(=O)Cc1cccnc1,-4.858,14,-0.347
COc1cccc(c1)-c2cccc(c2)CCC[C@@H](S(=O)(=O)[O-])P(=O)([O-])O,-4.857,26,-0.1868076923076923
Cc1cc(F)ccc1S(=O)(=O)NCC2CCC2,-4.857,17,-0.2857058823529412
O=C([O-])CCCCCCCCc1ccc(C(=O)[O-])c(Cl)c1,-4.855,21,-0.23119047619047622
Nc1nc(SC)nc(c12)n(cn2)-c3cc(ccc3Cl)OCc(n[nH]4)c(c45)cccn5,-4.855,30,-0.16183333333333336
O=C([O-])c1ccc(cc1)Cc2ccc(C(=O)[O-])c(Cl)c2,-4.855,20,-0.24275000000000002
Cc1cccc(c1)N2CCN(CC2)N3CCC[NH2+]C[C@@H]3C,-4.852,21,-0.23104761904761906
Cc1c(C#N)n[nH]c1N2CCN(C)C(=O)[C@H]2C,-4.85,17,-0.2852941176470588
c1ccccc1C(\O)=C/C(=O)c(cn2)cc(c23)cccc3,-4.85,21,-0.23095238095238094
CCn(cn1)c(c12)c(=O)[nH]c(=O)n2NCCOc(cc3)c(c4c35)ccc6c4c(cc5)ccc6,-4.849,33,-0.14693939393939395
C1CC1NC(=O)CCC2C=C2,-4.849,11,-0.44081818181818183
N#Cc1ccc(cc1)Nc2nccc(n2)CC(=O)Nc3nc(cs3)-c4ccccn4,-4.849,30,-0.16163333333333335
[NH3+][C@H]1CCCN(C1)Cc2cccc(c2)Oc3ccccc3,-4.849,21,-0.23090476190476192
CCNC(=O)c(c1)[nH]c(c12)c(=O)n(C)cc2C(C3)CC3(F)F,-4.849,22,-0.22040909090909092
Cc1ccc(cc1)C[NH2+]C(C)(C)CO,-4.848,14,-0.34628571428571425
O=C1NC(=O)[C@@H](S1)Cc2ccc(cc2)OCCNCc3ccc(O)cc3,-4.844,26,-0.1863076923076923
c1cccc(c12)[nH]cc2CCc(ccn3)c(c34)nc[nH]4,-4.844,20,-0.24220000000000003
CNc1cc([nH+]c(n1)N)N2CCN(CC2)c3cc(F)cc(F)c3,-4.844,23,-0.21060869565217394
COc1ccc(cc1)Oc2cc(ncn2)Cc3ccccn3,-4.844,22,-0.2201818181818182
NS(=O)(=O)c1ccc(cc1)N[C@H](Cc(c[nH]2)c(c23)cccc3)C(=O)Nc4ccncc4,-4.844,31,-0.15625806451612903
CCS(=O)(=O)S(=O)(=O)c1ccc(F)c(Cl)c1,-4.843,16,-0.3026875
CCCNC(=O)[C@H]1O[C@H]([C@H](O)[C@@H]1O)c(cn(C)c2=O)c(c23)O/C(C3)=c4\cnc([nH]4)=C5CCCC5,-4.842,34,-0.14241176470588235
O=C([O-])[C@@H](C)CCOc1ccc(cc1)C[C@@H]2SC(=O)NC2=O,-4.842,22,-0.2200909090909091
[NH3+]Cc1ccc(cc1)-c2ncon2,-4.842,13,-0.37246153846153846
Cc1ccccc1CC(=O)c(c2CC)nc(N)nc2N3CCCCC3,-4.842,25,-0.19368
C[NH+](C)CCN(CC1)CCC1n(nnc2C)c2-c3cccc(n3)Nc4ccc(F)cc4F,-4.841,32,-0.15128125
CC(O1)(C)C(=O)Nc(c12)ccc(c2)Cc3ccc(cc3)-c4cccc(F)n4,-4.84,27,-0.17925925925925926
CCCCC(=O)OC[C@H](CO)Oc1ccc(cc1)OCc2nn(C)cc2-c3ccc(=O)n(C)c3,-4.84,34,-0.14235294117647057
O=C([O-])c1ccc(cc1Cl)-c(nc(=O)[nH]2)c(c23)cccc3,-4.839,21,-0.23042857142857145
CC(=O)N1CCC(CC1)CNc2cc([nH+]c(n2)N)-c3cccc(Cl)c3Cl,-4.839,26,-0.18611538461538463
o1nc(C)c(c12)cc(c(c2)NC)N(CC3)Cc(c34)cc(c(c4)OC)OCCOCCOCCOC,-4.839,35,-0.13825714285714286
OC[C@@H](N)[C@@H](O)C[NH+]1CCN(CC1)C2COC2,-4.839,17,-0.2846470588235294
COc1ccccc1S(=O)(=O)c2ccc(Cl)c(C(F)(F)F)c2,-4.838,22,-0.21990909090909092
c1cc(C)cc(c12)[nH]c(n2)CCc3c[nH]c(n3)C4CCCC4,-4.838,22,-0.21990909090909092
CCc(nn1)n(c12)nc(cc2)Cc(n[nH]3)c(c34)cccn4,-4.838,21,-0.23038095238095238
CCCCC[C@H]1CCC(=O)NC1=O,-4.837,13,-0.3720769230769231
o1nc(C)c(c12)cc(c(c2)OC)S(=O)(=O)c3ccccc3,-4.837,21,-0.23033333333333333
CC(C)(O)Cn1cc(cn1)NCC[NH3+],-4.837,14,-0.3455
C[NH2+]Cc1cccc(c1)Cc2ccc(cc2F)N3C[C@@H](OC3=O)CNC(=O)C,-4.837,28,-0.17275
Fc1cccc(n1)Cc2ccc(cc2)-c3cccc(F)n3,-4.836,21,-0.2302857142857143
CS(=O)(=O)Oc1ccc(cc1)CCc(cnc2C(F)(F)F)c(c23)C[C@@H](F)[C@H]3O,-4.835,28,-0.17267857142857143
S1SCC[C@H]1CCCCC(=O)c2ncn(n2)C[C@H]3CC[C@H](C(=O)[O-])CC3,-4.835,26,-0.18596153846153846
CC[C@H](CO)c1ccc(S(=O)(=O)C)cc1Nc2ncccn2,-4.834,22,-0.21972727272727272
c1ccccc1Oc2cccc(c2)Cc(c[nH+]3)n(c34)CCC4,-4.834,22,-0.21972727272727272
CC(C)C[C@H](N)C(=O)NC/C=C/c1ccc(Br)cc1,-4.834,19,-0.25442105263157894
CC(=O)N1CCC[C@H](C1)Cc2ccccc2OCCCC(=O)[O-],-4.833,23,-0.2101304347826087
n1cn(C)c(c12)cccc2CCCC[NH3+],-4.832,15,-0.3221333333333333
Cc1ccc(cc1C)Nc2nccc(n2)Nc3nccs3,-4.831,21,-0.23004761904761906
C[C@H]1C[C@@H](C)CN(C1)[C@@H]2OC[C@@H](O)[C@H]2O,-4.83,15,-0.322
c1ccccc1S(=O)(=O)NCC#Cc2ccc(cc2)S(=O)(=O)c3ccc(F)c(F)c3F,-4.829,31,-0.1557741935483871
C[NH+]1CCN(CC1)CCCC2CCOCC2,-4.829,16,-0.3018125
O=C1[N-]C(=O)[C@@H](S1)Cc2ccc(cc2)C(=O)c3cccc(Cl)c3,-4.829,23,-0.20995652173913043
C1C[C@@H](O)CC[C@@H]1Nc(n2)n(C)c(c23)c(=O)n(c(=O)n3C)[C@H]4CCN(C4)CC[NH3+],-4.828,29,-0.16648275862068967
CC(C)CNc1ccccc1F,-4.828,12,-0.4023333333333334
CC(=O)N1CCC[C@H](C1)Cn(c(c23)ccc(Br)c3)c(n2)[C@H](C)c4cccc(N)c4,-4.828,29,-0.16648275862068967
c1ccccc1-n(nc2C)c(C)c2/C=N/N3CCN(CC3)C(=O)c4ccc(F)cc4,-4.828,30,-0.16093333333333334
C1CCCC1NS(=O)(=O)c2cc(ccc2C)-c3ccc(cc3Cl)C[NH2+]CCCO,-4.828,29,-0.16648275862068967
COC1=C(OC)C(=O)C(=C(C)C1=O)C/C=C(/C)CCC[C@H]2C[C@@H](C#N)C2,-4.827,26,-0.18565384615384614
CCNC(=O)c1ccc(c(c1)-c2cn(C)nn2)Nc(c3)c(NC)cc(c34)onc4C,-4.826,30,-0.16086666666666666
CCc(no1)c(c12)cc(c(c2)OC)C(=O)[C@@H]([NH3+])CC(=O)c3ccccc3N,-4.826,27,-0.17874074074074073
c1cccc(c12)[nH]c(n2)CCNCc(cc3C)ccc3C(=O)COc4cccc(F)c4,-4.826,31,-0.1556774193548387
CC(C)CNCC(=O)C(=O)c1c(cnn1C)C(=O)N2CCOCC2,-4.825,24,-0.20104166666666667
Fc1cc(F)ccc1Oc(ccc2NS(=O)(=O)CC)c(c2)-c3cc(C)nc(n3)CCC(=O)[O-],-4.825,33,-0.1462121212121212
O=C1OCCCN1CCC(F)(F)F,-4.824,13,-0.3710769230769231
C1CCCCC1NC(=O)[C@@H](c2cccnc2)Cc3cccnc3,-4.824,23,-0.2097391304347826
COc1ccc(c(C(F)(F)F)c1)C[NH2+][C@@H]2C=C[N+](=N2)C,-4.824,20,-0.2412
CC[C@H](C)[C@H](N)C(=O)Nc(c1)c(NC)cc(c12)onc2C,-4.824,21,-0.2297142857142857
O=Cc1ccccc1/C=N/CC(=O)c2ccccc2,-4.823,19,-0.2538421052631579
O=C1OCCCN1NCc2ccccc2,-4.823,15,-0.32153333333333334
COc1ccc(cc1)Cn2nnc(n2)CCc3nc(oc3C)-c4ccccc4,-4.823,28,-0.17225000000000001
c1[nH+]ccn1C[C@@H](c2ccccc2)NC(=O)c3ccc(cc3)Nc4cc[nH+]cc4,-4.822,29,-0.16627586206896552
CC[C@@H](CO)S(=O)(=O)c1cc(ccc1C)-c2c(C)noc2C,-4.822,22,-0.21918181818181817
CN(C1)C(=O)Nc(c12)ccc(c2)NNC3CCOCC3,-4.82,20,-0.24100000000000002
O=c([nH]1)onc1[C@H](C)C(=O)c(cn2)cc(c23)cccc3,-4.82,20,-0.24100000000000002
s1cncc1NC(=O)Nc2c(F)cc(cc2F)-c3ccco3,-4.82,22,-0.21909090909090911
O=C1CN(CCN1)C(=O)c(cc2)nc(c23)sc(n3)NC(=O)C4CC4,-4.819,24,-0.20079166666666667
COc(cc1)cc(c12)nc([nH]2)CCC(=O)c3c(cnn3C)C(=O)N4CCOCC4,-4.819,29,-0.16617241379310344
CNC[C@@H](O)COc1ccc(Cl)c(c1)CCCNC(=O)c2ccc(S(=O)=O)cc2,-4.819,29,-0.16617241379310344
C[N@H+]1CC[C@@H]([C@H](O)C1)c(c([O-])cc2O)c(c23)oc(cc3=O)C(=O)CCCCCCCCCO,-4.818,33,-0.146
COc1cc(=O)n(C)nc1S(=O)(=O)c(cc2)cc(c23)CN(C)C(=O)N3,-4.818,25,-0.19271999999999997
CCCNC(=O)c(cc1)nc(c12)cccc2,-4.818,16,-0.301125
Clc1cccc(c1)Nc([nH+]c(c23)cccc3)nc2N(CC4)C[C@H]([N@H+]45)CCC5,-4.818,27,-0.17844444444444443
Cn1cc(cn1)C2CC[NH2+]CC2,-4.817,12,-0.4014166666666667
N[C@H]1CCCN(C1)N=c2cc[nH]cc2,-4.817,14,-0.3440714285714286
CC(C)Cc1nc(cs1)-c([nH]c(=O)n2)c(c23)cccc3,-4.817,20,-0.24085
O=S(=O)Oc1ccc(cc1)-c2ncon2,-4.817,15,-0.3211333333333333
CNc1cc([nH+]c(n1)N)N2CCN(CC2)NCc3cccs3,-4.816,22,-0.21890909090909091
FC(F)(F)c(c1)cccc1[C@@H](C)n(c(=O)n(c2=O)CCC)c(c23)nc([nH]3)C4CCCCC4,-4.816,32,-0.1505
C1CC1Oc2ccc(cc2OC)C(=O)NNc3ccc(S(=O)(=O)C(F)F)cc3[N+](=O)[O-],-4.816,31,-0.15535483870967742
c1cc(C)cc(c12)nc([nH]2)CCCCC(=O)N,-4.816,17,-0.2832941176470588
Nc(n1)cc(C)c(c12)ccc(c2)-c3ccc(c(c3)C[NH3+])NCCCNC(=O)c4ccc(=O)n(C)c4,-4.815,35,-0.1375714285714286
c1cccc(c12)nc(o2)CC3CCOCC3,-4.815,16,-0.3009375
CC[NH+]1CCN(CC1)Cc2ccc(cc2C(F)(F)F)Nc3cc[nH+]c(N)c3,-4.814,27,-0.17829629629629629
C[C@@H](O)COCC(CO)(COC[C@@H](C)O)CCCc([nH]1)nc(c12)ccc(Cl)c2,-4.813,28,-0.17189285714285713
OC[C@@H]([NH3+])[C@@H](O)C[NH+]1CCN(CC1)C2COC2,-4.812,17,-0.2830588235294118
COc1ccc(Br)cc1S(=O)(=O)Cc2ccc(O)cc2,-4.812,20,-0.2406
O=C([O-])Cc1coc(c12)cc(cc2)-n3c(cc(c34)cc(OC)cc4)C(=O)OCc(c5)oc(c56)cccc6,-4.811,37,-0.13002702702702704
COc1nc(N)nc(n1)CC#N,-4.811,12,-0.40091666666666664
Cc1nc(cs1)[C@@H](C)c2ccccc2,-4.81,14,-0.3435714285714285
c1cc(Br)cc(c12)c(C\C=C\C)nc(n2)N(C)CCC[NH+](C)C,-4.81,23,-0.20913043478260868
c1cc(C)cc(c12)c(c[nH]2)CS(=O)(=O)c3cc(Br)ccc3Br,-4.809,22,-0.21859090909090909
Cc1cccc(c1)CC(=O)c2ccc(cc2C[NH3+])-c(cc3)cc(c34)nc(N)cc4C,-4.809,30,-0.1603
COc(cc1)cc(c12)[nH]c(n2)CCc(cn(C)c3=O)c(c34)oc(c4)-c5cnc([nH]5)C6CCC6,-4.809,33,-0.14572727272727273
N#CCC[NH2+]CCCc1cccc(c1)Oc2ccccc2,-4.809,21,-0.229
CC(=O)Nc1ccccc1C(=O)c2ccccc2[N+](=O)[O-],-4.808,21,-0.22895238095238094
COc1ccc(cc1)Cn2nnc(n2)-c3cccc(c3)C(=O)Nc(cc4)cc(c45)OC(C)(C)C(=O)N5,-4.808,36,-0.13355555555555554
CCc1c(C)nc(N)nc1-c(c(c23)nc([nH]3)C4CC4)cc(c2)-c5c(C)noc5C,-4.807,29,-0.1657586206896552
O=Cc1ccccc1/C=N/c(cc2)cc(c23)ccc(c3)C[C@@H]4SC(=O)NC4=O,-4.807,28,-0.17167857142857143
C1CC[C@@H]([N@@H+]12)CN(CC2)n3ncc(Cl)c3C(=O)Nc(cc4)cc(c45)nc([nH]5)-c6ccccc6,-4.807,33,-0.14566666666666667
Cc1cc(N)[nH+]c(c1)CCCCC[NH2+]CCO,-4.807,17,-0.282764705882353
CC(C)Oc1ccc(cc1)Cn(n2)c(Nc3ccccc3)c(c24)c(=O)[n+](C)c5n4[C@@H]6[C@H](N5)CCC6,-4.806,35,-0.13731428571428572
COc1ncc(c(n1)OC)C(=O)c2cc(nc(c2)-c3cn(C)nn3)Cc4ccccc4,-4.805,31,-0.155
c1ccccc1Cc2n(CCCCCO)nc(c2C)C(=O)NC34C[C@@H]5C[C@H](C4)C[C@@H](C5)C3,-4.804,32,-0.150125
CCc1ccccc1-c2ccc(cc2C)CC3COC3,-4.804,20,-0.24020000000000002
CCCCCCCC(=O)O[C@H](Cc1cccs1)COP(=O)([O-])OCC[NH3+],-4.803,26,-0.18473076923076923
Fc1cccc(F)c1S(=O)(=O)CCCCc2ccccc2,-4.803,21,-0.2287142857142857
c1ccccc1C(CC=C)c2ccccc2,-4.803,16,-0.3001875
O=C([O-])Cc1ccccc1O,-4.802,11,-0.4365454545454545
CCCCC(=O)OC[C@H](CO)Nc(cc1)cc(c12)CN(C)C(=O)N2,-4.802,24,-0.2000833333333333
C1COCCN1c(ncn2)c(c23)cc(c(c3)OC)CC[C@H](NC(=O)[C@H](O)[C@H](C)[NH3+])Cc4ccccc4,-4.802,36,-0.1333888888888889
COC(=O)[C@H](C(C)(C)C)NC(=O)c1cccc(Cl)c1,-4.801,19,-0.2526842105263158
OCCOCCOCCOCCc1c(ccc(Cl)c2)c2nc(c13)CCCC3,-4.801,27,-0.17781481481481481
Cc1nc([N+](=O)[O-])cn1S(=O)(=O)c2c(F)cccc2F,-4.8,20,-0.24
COCCc1cnn(c1)CC(C)(C)O,-4.8,14,-0.34285714285714286
CC(C)Cn1ncc(Cl)c1C(=O)Nc(cc2)cc(c23)[nH]c(n3)C[C@H](O)CO,-4.799,27,-0.17774074074074075
FC(F)(F)C(=O)N[C@@H](C(C)(C)C)C(=O)c(c(Cl)cc1)c(c12)nnn2Cc(n[nH]3)c(c34)cccn4,-4.798,34,-0.14111764705882354
C=CCOCc1ccc(cc1Cl)-c2ncon2,-4.797,17,-0.28217647058823525
Cc1noc(C)c1-c(cc2)cc(c23)[C@H](NS(=O)(=O)C)N(C)C(=O)N3,-4.797,24,-0.199875
CCCCCCCC(=O)O[C@H](CONC(C(C)C)C(C)C)COP(=O)([O-])OCC[NH3+],-4.796,30,-0.15986666666666668
C[C@@H](O)Cc1ccc(S(=O)(=O)N)cc1,-4.796,14,-0.3425714285714286
[NH3+]CCCc1ccc(Cl)cc1,-4.796,11,-0.436
CCc1ccccc1S(=O)(=O)CC,-4.795,13,-0.3688461538461538
c1cccc(c12)c(on2)C(=O)c3ccccc3F,-4.795,18,-0.2663888888888889
COC(=O)CCCCn(c1=O)c2sc(c3c2c(n14)ncn4)C[N@@H+](CC3)CC5CCOCC5,-4.795,32,-0.14984375
C/C=C/C[C@@H](C)c1ccc(C)cc1,-4.794,13,-0.36876923076923074
CCCCc1cccc(c1)CN2CCC[C@@H](C2)n3cc(C)c(=O)[nH]c3=O,-4.794,26,-0.18438461538461537
C[C@@H]1C(=O)N(C)CCN1CCOc2ccc(cc2)[C@@H]3CC[N@H+](CC3)Cc4cccnc4,-4.794,31,-0.15464516129032257
c1cnccc1NC(=O)[C@@H](Cc(c[nH]2)c(c23)cccc3)NCc4cccc(F)c4,-4.793,29,-0.16527586206896552
CCOC(=O)c1ccc(cc1)-c(cc2)nc(c23)cccc3,-4.793,21,-0.22823809523809524
Clc(c1)cccc1[C@H](O)CCCNc(n2)sc(c23)cccc3,-4.792,22,-0.2178181818181818
O=C([O-])CCC[C@@H](O)/C=C/C=C/CCc1ccc(S(=O)(=O)C(F)F)c(c1Br)CO,-4.791,29,-0.16520689655172416
n1cnc(n12)nc(C)cc2CCCC(=O)[O-],-4.791,16,-0.2994375
c1ccccc1COC(=O)C(=O)c2ccc(cc2)-c3ccco3,-4.79,23,-0.2082608695652174
C=CC1=C(C)C(=O)N[C@@H]1C(=O)[C@H](C(C)C)NC(=O)C2CCCCC2,-4.79,24,-0.19958333333333333
C[NH2+]Cc1cc(nn1C)-c([nH]c(=O)n2)c(c23)cccc3,-4.79,20,-0.2395
c1ccc(OC)c(c12)nc([nH]2)CC[NH2+]Cc3ccc(c(Cl)c3)S(=O)(=O)CC(F)(F)F,-4.79,30,-0.15966666666666668
CC/C=C/C/C=C/CCCc1ccccc1OCCC[C@@H](C)CC(=O)[O-],-4.79,26,-0.18423076923076923
CC(O1)(C)C(=O)Nc(c12)cc(O)c(c2)-c3cc(F)cc(Br)c3,-4.789,22,-0.21768181818181817
CC(O1)(C)C(=O)Nc(c12)cc(O)c(c2)NCCc3[nH+]cc[nH]3,-4.789,22,-0.21768181818181817
c1ccc(Cl)c(c12)cc([nH]2)C[NH2+][C@@H](Cn3cc[nH+]c3)c4ccccc4,-4.789,25,-0.19155999999999998
O=S(=O)Oc1ccc(cc1)CCc2[nH+]cc[nH]2,-4.789,17,-0.28170588235294114
C[NH+](C)CCCN1CCN(CC1)C(=O)CC2(CC(=O)[O-])CCCC2,-4.788,24,-0.1995
CC(=O)NCCC(=O)Nc(c(n12)nnc2C)cc(n1)CC[N@@H+]3CCN(C)C(=O)[C@H]3C,-4.787,30,-0.15956666666666666
Cc1ccc(C(C)C)cc1Oc2nccc(n2)C(=O)[C@@H]3CN(C(=O)CC4)N4C35CCCC5,-4.786,32,-0.1495625
C#CCc1noc(n1)C2CCN(CC2)C(=O)Cc3ccccc3,-4.786,23,-0.2080869565217391
C1CCCCN1c(n2)cc(nc2N)Nc3ccccc3F,-4.786,21,-0.2279047619047619
CN(C)C(=O)c1cccc(c1)-c(c(c23)cc[nH]3)cn(c2=O)C/C=C/[C@H](O)CCCC(=O)[O-],-4.785,32,-0.14953125
O=S(=O)Oc(cc1)ccc1C(=O)c2cc(c[nH]2)C(=O)c3c(Cl)cccc3Cl,-4.785,27,-0.17722222222222223
COc1ccc(cc1)Cc2ccc(cc2Cl)C[NH2+]CCc3ccc[nH]3,-4.784,25,-0.19136
o1nc(C)c(c12)cc(c(c2)OC)NC/C=C(/C)CCC(=O)[O-],-4.784,22,-0.21745454545454546
O=c1ccc(cn1C)-c(cn(C)c2=O)c(c23)oc(c3)-c4cnc([nH]4)C5CCC5,-4.784,28,-0.17085714285714285
Cc1noc(C)c1-c2ccc(cc2)[C@@H](C)C[C@H](O)CCCC(=O)[O-],-4.784,24,-0.19933333333333333
c1cccc(c12)cc(cn2)C(=O)c(cc3C[NH3+])ccc3OCc4cccnc4,-4.782,28,-0.1707857142857143
COc1ccc(cc1)Cn(nn2)c(c23)[C@@](C)(O)CC[C@H]3ON[C@@H](Cn4ccnc4)c5ccccc5,-4.782,35,-0.13662857142857143
CC[C@@H](C(=O)[O-])Cc1ccc(cc1)C(=O)c(nc2N(C)CCC#N)nc(c23)ccc(Br)c3,-4.781,32,-0.14940625
Cc1ccc(C)c(c1)C[NH2+]CCNC/C=C/c2ccc(Br)cc2,-4.781,23,-0.20786956521739128
CC(C)(C)OC(=O)NCCCNc([nH+]cc1C)n1Cc2ccccc2OCCC[C@@H](C)CC(=O)[O-],-4.78,35,-0.13657142857142857
COC(=O)CC(=O)c(cn(C)c1=O)c(c12)oc(c2)-c3c[nH]c(n3)C4CCC4,-4.78,27,-0.17703703703703705
Cn1c(C#N)ccc1C(=O)c(on2)c(c23)cccc3,-4.78,19,-0.25157894736842107
C1C[C@@H](C)CC[C@@H]1[C@@H](C)Cc2ccc(F)cc2,-4.78,17,-0.2811764705882353
CN1C(=O)[C@@H](C)N(C2CC2)c(c13)cc(cc3)-c4cccc(C(F)(F)F)c4,-4.779,26,-0.1838076923076923
CCCCCCCC(=O)CC(=O)SCCNN1CC[NH+](CC)CC1,-4.778,24,-0.1990833333333333
O=C([O-])CCC(\C)=C/Cc1cccc(c1)OCc2ccccc2,-4.778,23,-0.2077391304347826
Nc1ccccc1C(=O)C[C@H](N)C(=O)Cc(cc2)[nH+]c(c23)cccc3,-4.778,25,-0.19111999999999998
CCOC(=O)c1sccc1C(=O)Nc2ccc(cc2F)-c3cccc(c3)OC,-4.777,28,-0.17060714285714287
Cc1[nH+]n(C)c(C)c1N[C@@H](CCCC[NH3+])C(=O)NCCC2CCCCC2,-4.777,26,-0.18373076923076923
[NH3+]Cc1ccc(c(Cl)c1)Cc2ccc(cc2Cl)-c3ncon3,-4.777,22,-0.21713636363636366
n1cnc(n12)nc(C)cc2-c3cc(CS(=O)(=O)C)cnc3Oc4ccc(F)cc4F,-4.776,30,-0.15919999999999998
C1CC1Oc2ccc(cc2OC)C(=O)c3ccc(c(c3)C[NH3+])OCc4cncs4,-4.776,29,-0.1646896551724138
C1C[N@H+](C)CC[C@H]1NC(=O)c(cc2OC)ccc2Nc3ccc(Cl)cc3,-4.775,26,-0.18365384615384617
Cc1ccc(cc1)CC(=O)c2nccn2Cc3ccccc3,-4.775,22,-0.21704545454545457
C1C[C@@H](O)c(c12)c(C(F)(F)F)ncc2CCCCCc3ccccn3,-4.775,25,-0.191
FC(F)(F)CCNC(=O)c1ccc(cc1)-c2csc(n2)CC(=O)n3ccnc3,-4.774,28,-0.1705
CN(C)CC[N@H+]1CC[C@H](C1)CCc2c[nH]cn2,-4.774,17,-0.2808235294117647
N#CCCN(C)c(c(c12)sc(c2)C(C)(C)C)nc(n1)C[C@H]3CC[C@H](C(=O)[O-])CC3,-4.773,29,-0.1645862068965517
CCCNc1cnns1,-4.773,9,-0.5303333333333333
C[C@@H]1C[NH2+]CCCN1c2cc(F)cnc2Cl,-4.772,16,-0.29825
CC(C)(O)Cn1cc(cn1)C(=O)c2ccco2,-4.772,17,-0.2807058823529412
CCCCC(=O)C(=O)NC(C)C,-4.772,12,-0.39766666666666667
O=C1CC=CN1c2cccc(c2)Nc(ncn3)c(c34)cc[nH]4,-4.771,22,-0.21686363636363637
Cc1ccc(cc1)[C@H](C)Nc(cc2)cc(c23)N(N(C4(C)C)C(=O)NC4=O)[C@H](C)C(=O)N3C,-4.771,32,-0.14909375
c1cc[nH]c1CCNc(ccc2)c(c23)cccc3,-4.77,18,-0.26499999999999996
n1ccccc1C(=O)c2cccc(c2)-c(cc3)nc(c34)sc(n4)NC(=O)C5CC5,-4.77,29,-0.16448275862068965
COc(c1)c(OC)cc(c12)CN(CC2)c([nH+]c(c34)cccc4)nc3N[C@H](C)C5CC5,-4.769,30,-0.15896666666666667
CNc1cc(nc(n1)N)N2CCN(CC2)c3ccnc(n3)Nc4cc(C)cc(C)c4,-4.769,30,-0.15896666666666667
C[NH2+]Cc1ccc(cc1)-n(c2=O)c(=O)n(C)c(c23)ccc(c3)C(=O)C4=C(O)CCCC4=O,-4.768,32,-0.149
[nH]1cncc1-c(o2)cc(c23)c(=O)n(C)cc3N4CCC(CC4)NC(=O)[C@@H](N)Cc(c[nH]5)c(c56)cccc6,-4.768,37,-0.12886486486486487
NC(=O)[C@@H](C)Nc1cc(nn(c12)c(C)nn2)-c(cc3)cc(c34)nccc4,-4.767,26,-0.18334615384615385
FC(F)(F)CCc1cccs1,-4.767,11,-0.4333636363636364
Cc1cc(cc[nH+]1)NCCc2cccs2,-4.767,15,-0.3178
CCOC(=O)c1cnn(C)c1C(=O)CC#C[Si](C)(C)C,-4.767,20,-0.23835
C1CCCC1(CC(=O)[O-])CC(=O)N2CCN(CC2)Nc3ccc(O)cc3,-4.767,26,-0.18334615384615385
c1n[nH]c([O-])c(c12)c(=N\S(=O)(=O)C)/c[nH+]c2NCc(c(F)cc3)c(c34)CCO4,-4.766,28,-0.1702142857142857
COc1cccc(c1)OCC(=O)CCCN2CCOCC2,-4.765,21,-0.2269047619047619
CO[C@@H](C)CC(=O)CCC1CCN(CC1)c2ccc(C#N)cc2,-4.765,23,-0.20717391304347824
c1ccccc1CN2CC[NH+](CC2)Cc(n[nH]3)c(c34)cccn4,-4.765,23,-0.20717391304347824
N#Cc1ccc(cc1C)Oc2ccc(cc2)C/C([O-])=C3\CCC(=O)NC3=O,-4.765,27,-0.17648148148148146
Cc([nH+]1)c(C)n(c12)c(C)c(cc2)CCc3[nH+]c(cn3C)CCOCCOCCOCCOCCO,-4.765,35,-0.13614285714285712
CCC(=O)c1c[nH]c(c1)C(=O)NCCOc2ccc(cc2)C[C@@H]3SC(=O)[N-]C3=O,-4.765,29,-0.1643103448275862
c1cc(C)cc(c12)[nH]c(n2)CCc3cnc([nH]3)C4CCCC4,-4.764,22,-0.21654545454545457
COc1ccc(cc1OC)S(=O)(=O)Nc(c2)c(cc(c23)n(C)c(=O)n3C)C4CCCCC4,-4.764,32,-0.148875
O=c1ccc(cn1C)C(=O)N2CCN(CC2)c3ccc(Cl)cc3,-4.764,23,-0.2071304347826087
Cn1nc(C2CC2)cc1CCc3cnc[nH]3,-4.763,16,-0.2976875
C1CC1c2nc(C)nc(c23)onc3C,-4.763,14,-0.3402142857142857
O=C([O-])CCc(n1)nc(cc1C)-c2c(C)nnn2C,-4.762,19,-0.25063157894736837
C1CCCCC1C(=O)c2ccc(cc2)C3CCN(CC3)c(cc4)nn(c45)c(Cl)nn5,-4.762,30,-0.1587333333333333
Fc1ccc(c(F)c1)NN2CCN(CC2)c3ccc(C(F)(F)F)cc3,-4.761,25,-0.19044
Cc1noc(C)c1-c2ccc(=O)n(c2)-c(ccc3S(=O)(=O)C)c(c34)CC(F)(F)[C@H]4O,-4.761,30,-0.1587
Cn1c(C#N)ccc1C(C)(C)C(=O)[O-],-4.761,14,-0.3400714285714286
CCOC(=O)c1csc(n1)Nc2cccc(Cl)c2Cl,-4.76,19,-0.25052631578947365
c1cccc(c12)[nH]c(n2)CC[NH2+]Cc(cc3C)ccc3C(=O)COc4cccc(F)c4,-4.759,31,-0.1535161290322581
CNc1nc(c(o1)C)CCOc2ccc(cc2)C[C@@H](C(=O)[O-])/[NH+]=C(/C)CC(=O)c3ccccc3,-4.759,34,-0.13997058823529412
c1cc(C)cc(c12)[nH+]c([nH]2)CCN3CC[NH+](CC3)C4COC4,-4.759,22,-0.21631818181818183
Cc1cc(on1)CCCCCc(c(c23)CN(S(=O)(=O)C)CC3)nn2CCCN4CCOCC4,-4.758,33,-0.1441818181818182
COc1ccc(c(C(F)(F)F)c1)CNn(c(n2)SCCC(=O)[O-])c(c23)cccc3,-4.758,29,-0.16406896551724137
COC(=O)[C@H](C(C)(C)C)[NH2+]C[C@@H](OCC)CSc1ccc(c(C)c1)OCC(=O)[O-],-4.758,29,-0.16406896551724137
Cc1noc(C)c1-c2ccc(cc2)Cn(nn3)c(c34)[C@@](C)(O)CC[C@H]4OC(=O)NC(C)C,-4.757,32,-0.14865625
CCOC(=O)Cc1nc(cs1)-c2cc(Cl)ccc2O,-4.757,19,-0.2503684210526316
CC[C@H](C)[C@H](N)C(=O)Cc1cccc(n1)Oc2ccccc2,-4.757,22,-0.2162272727272727
C[NH2+]Cc1cc(nn1C)Cc2ccc(C)cc2,-4.757,17,-0.2798235294117647
C[C@@]1(O)CCC(=O)[C@@H](OC)[C@]1(O)[C@@]2(C)O[C@@H]2CCc(ccc3)n(c34)nc(n4)N,-4.756,28,-0.16985714285714287
c1ccccc1CCc2cn(C)c(=O)c(c23)C/C(O3)=c4\cnc([nH]4)=C5CCCC5,-4.755,29,-0.1639655172413793
COC(=O)c1ccc(c(Cl)c1)C[N@@H+](CC2)CC[C@@]2(O)Cn(cn3)c(c34)nc[nH]c4=O,-4.755,30,-0.1585
Cc1ccccc1C(=O)c(n2)cc(cc2C)-c3ncn(n3)C[C@H]4CC[C@H](C(=O)[O-])CC4,-4.755,31,-0.15338709677419354
CC/C=C/C/C=C/C/C=C/C/C=C/C=C/[C@H](O)CCCC(=O)n1ccc(=O)c(C(=O)[O-])c1O,-4.755,33,-0.14409090909090908
n1[nH]ccc1C(=O)OCc2ccccc2,-4.754,15,-0.3169333333333333
n1c[nH]cc1-c(o2)cc(c23)c(=O)n(C)cc3CCCCc4ccccc4,-4.754,26,-0.18284615384615382
Cc1cccc(c1C)C(=O)Cc2ccc(F)cc2,-4.753,18,-0.26405555555555554
Cc1cc(no1)[C@@H](C)[NH2+]Cc2ccc([C@@H](C)O)cc2,-4.752,19,-0.2501052631578947
n1cn(C(C)C)c(c12)nc(N[C@H](C(C)C)CO)nc2N(CC3)CCC3([NH3+])Cc4ccc(Cl)cc4,-4.751,34,-0.13973529411764707
C[C@@H](O)CNc(cc1C)cc(C)c1S(=O)(=O)NCC(=O)[O-],-4.751,21,-0.22623809523809527
CCCCCCC(=O)OC[C@H](COP(=O)([O-])OCC[NH3+])O[C@@H]1CC[N@H+](C1)CCN(C)C,-4.751,31,-0.15325806451612906
N#Cc1c(=O)[n-]c(cc1[S@](=O)C)-c2cccc(c2)Nc3ccc(F)cc3,-4.75,26,-0.18269230769230768
Cn1cc(nn1)[C@@H]2CCCC[C@@H]2[C@H](O)C3CCCCC3,-4.75,20,-0.2375
c1cc(F)ccc1C(=O)NC2CCCC2,-4.75,15,-0.31666666666666665
C1CC1[C@@H](C)Nc2nc([nH+]c(c23)cccc3)C[C@@H](OCC)CSc4ccc(c(C)c4)OCC(=O)[O-],-4.749,35,-0.13568571428571427
COc1nc(N)nc(n1)-c2cnn(c2)CC(C)(C)O,-4.749,19,-0.2499473684210526
C1CCn(c12)c(cn2)C(=O)c3ccc(cc3)C#CCNS(=O)(=O)c4ccccc4,-4.749,29,-0.16375862068965516
c1nccn1C[C@@H](c2ccccc2)NC(=O)c3ccc(cc3)Nc4ccncc4,-4.749,29,-0.16375862068965516
CC(C)C(C(C)C)NC(=O)CCC#Cc1ccc(cc1)C(=O)NCCC(F)(F)F,-4.748,29,-0.1637241379310345
COC(=O)CCCCNc(cc1)cc(n12)nc(c2)-c3ccccc3,-4.747,24,-0.19779166666666667
O=C([O-])CCc(n1)nc(cc1C)-c2cccc(c2)N3CC=CC3=O,-4.747,24,-0.19779166666666667
CC(C)(C)c(cc1)ccc1S(=O)(=O)c(c2C)nnn2[C@H](CO)Cc(c[nH]3)c(c34)cccc4,-4.746,32,-0.1483125
COc1cc(=O)n(C)nc1-c2ccccc2[C@@H](C)c3ccc(C)cc3,-4.746,25,-0.18984
O=C([O-])CCC[C@@H](O)/C=C/Cc1c[nH+]c[nH]1,-4.745,16,-0.2965625
COc1ccc(cc1)S(=O)(=O)C(C)(C)C,-4.745,15,-0.31633333333333336
COc1ccccc1S(=O)(=O)c(cc2)cc(c23)CN(C)C(=O)N3,-4.745,23,-0.20630434782608695
CCc1ccc(nc1)CCc(n2)c(C#N)c(N[C@H](C)C(=O)[O-])c(c23)cc(F)cc3,-4.744,29,-0.1635862068965517
FC1(F)CCC(CC1)CC[C@H]([C@H]23)[C@@H](C[C@H]([NH2+]3)CC2)N4CCSCC4,-4.742,24,-0.19758333333333333
c1cc(O)ccc1NN(C2=O)C(=O)N[C@]23C[C@H](C3)c4ccccc4,-4.742,24,-0.19758333333333333
CN1CCN(CC1)c2ccc(cc2)Nc3ncc(Cl)c(n3)C(=O)c4cccc(Cl)c4,-4.742,30,-0.15806666666666666
n1[nH]ccc1OC[C@H]2CCCO2,-4.741,12,-0.3950833333333333
CC(=O)N1CCC(CC1)C[N@H+](CCO2)[C@@H]([C@H]23)CCC3,-4.741,19,-0.24952631578947368
OCCOCc1ccccc1OCCO,-4.74,15,-0.316
C/C=C/CCCC/C(C)=C/CSP(=O)([O-])OP(=O)([O-])[O-],-4.739,20,-0.23695
COc1ccc(Br)cc1S(=O)(=O)c2cc(F)ccc2F,-4.739,20,-0.23695
COc1ccc(cc1)Oc2cc(ncn2)-c3c(cnn3C)-c(cc4)nn(c45)c(nn5)C,-4.739,31,-0.15287096774193548
C1CC1S(=O)(=O)c2c[nH]c(n2)C3CCC3,-4.739,15,-0.31593333333333334
COc(nn1)n(c12)nc(cc2)N3CCC(CC3)c4ccc(cc4)N[C@H](C)c5cc(C)on5,-4.739,32,-0.14809375
C=CCS(=O)(=O)c1ccc(F)c(C)c1,-4.738,14,-0.33842857142857147
O=C([O-])CCc(n1)nc(cc1C)S(=O)(=O)c(cc2)cc(c23)CN(C)C(=O)N3C,-4.738,28,-0.16921428571428573
CCCCCC(=O)N[C@@H](CO)[C@H](O)Cc1ccc(cc1)-c([nH]2)c(C#N)c(=O)c(c23)cncc3,-4.737,33,-0.14354545454545456
O[C@H](C1)CCCN1c2cn(C)c(=O)c(c23)cc(o3)-c4cnc([nH]4)C5CCC5,-4.736,27,-0.1754074074074074
c1cccc(c12)nccc2CC3CCOCC3,-4.736,17,-0.27858823529411764
c1ccccc1-c2ccc(cc2Cl)C[NH2+]CCCNNCc3ccccc3,-4.736,27,-0.1754074074074074
O=C([O-])COc1ccc(cc1C)SCc2nnc(s2)Cc(c(F)cc3)c(c34)CCO4,-4.735,30,-0.15783333333333335
CNc1cc([nH+]c(n1)N)N2CCN(CC2)c3c(-c4ccccc4)[nH+]cn3Cc5ccc(Cl)cc5,-4.735,34,-0.13926470588235296
n1cccc(c12)c(n[nH]2)Cn(ccc3C)c(=O)c3Cc4ccc(Cl)c(Cl)c4,-4.735,27,-0.17537037037037037
COCCCNNCc1ccc(F)cc1,-4.734,15,-0.3156
[nH]1ccnc1C(=O)c2ccc(cc2)-c3cccc(F)c3,-4.733,20,-0.23664999999999997
COCCOCCOCCOc(c1)c(OC)cc(c12)CCN(C2)CCc3ccc[nH]3,-4.733,30,-0.15776666666666667
c1cccc(c12)oc(c2)Cc(c(c34)CN(S(=O)(=O)C)CC3)nn4CCCN5CCOCC5,-4.733,32,-0.14790625
CC(C)S(=O)(=O)Nc1ccccc1F,-4.732,14,-0.338
CNc1cc(nc(n1)N)-c2nc(ncc2C)Nc3ccc(c(F)c3)C(=O)N[C@@H]4CC[N@@H+](C)CC4,-4.731,34,-0.1391470588235294
Brc1ccc(cc1)/C=C/C[NH2+]CCc2ccco2,-4.73,18,-0.2627777777777778
C[NH2+]C[C@@H](O)CN(CC1)Cc(c12)sc3c2c4n(ncn4)c(=O)n3Cc5ccc(OC)cc5,-4.73,32,-0.1478125
C1COCCN1[C@@H](C)Cc2cnc[nH]2,-4.73,14,-0.3378571428571429
OCCOCCN1CCOC[C@@H]1c2ccccc2,-4.729,18,-0.26272222222222225
Cc1ccccc1N2CCN(CC2)C(=O)CC3(CC(=O)[O-])CCCC3,-4.729,25,-0.18916
C1C[NH2+]CCN1c(c2)ccc(c23)c(C)n[nH+]c3CCOCCOCCOCCOCCO,-4.728,32,-0.14775
OCCOc(cc1)ccc1Cc(c(c2)C(=O)N)cc(c23)c(cc[nH+]3)O[C@@H]4CCC[NH2+]C4,-4.728,31,-0.15251612903225806
CCN(C1=O)c2ccc(c(c2c13)ccc3)C(=O)COc4cccc(F)c4,-4.727,26,-0.1818076923076923
COc1ccc(cc1)Cn2nnc(n2)-c3cccc(c3)C(=O)c4ccc(cc4)CC(=O)N5CCOCC5,-4.727,37,-0.12775675675675677
C[C@H]1COC(=N1)c2ccc(c(Cl)c2)-c3ccc(c(c3)C[NH3+])OCc4cncs4,-4.726,28,-0.1687857142857143
O=P([O-])(O)[C@H](S(=O)(=O)[O-])CCCc1cccc(c1)NC2C=C2,-4.726,22,-0.21481818181818182
CC(C)(C)NC(=O)[C@@H](C1)Oc(c12)c(cc(Cl)c2)-c3ccnc(N)c3,-4.725,24,-0.196875
C1COCCN1c(nc(n2)N)cc2[C@H](C)c3ccc(s3)-c4ccccc4CO,-4.725,28,-0.16874999999999998
COc1cccc(c1)-c2cc(F)c(c(F)c2)Nc3cn[nH]c3,-4.724,22,-0.21472727272727274
CNC(=O)c1cccc(c1)S(=O)(=O)C(=O)[C@@H](C2)Oc(c23)c(cc(Cl)c3)-c4ccnc(N)c4,-4.724,32,-0.147625
O=[N+]([O-])c1cc(S(=O)(=O)C(F)(F)F)ccc1Nc2ccccc2F,-4.724,24,-0.19683333333333333
Cc1cc([nH]n1)[C@@H](C)Nc2cc(F)cc(Br)c2,-4.724,17,-0.27788235294117647
CC[C@@H]([C@H](C)O)Cc1cccc(n1)Oc2ccccc2,-4.724,20,-0.23620000000000002
N1CCCC[C@@H]1[N@H+](C)CCO[C@@H]2CC[C@@H](CC2)C[C@@H](C([O-])=O)c3cccc(C(=O)[O-])c3,-4.723,31,-0.15235483870967742
n1ccccc1CCc(cc2C(C)(C)C)cc(c2)-c(ccc3)c(c34)C(=O)N(C4=O)[C@H]5CCC(=O)NC5=O,-4.722,37,-0.12762162162162163
C[C@@H]1C(=O)N(C)CCN1c(oc2C)nc2CC[C@H](O)c3ccc(cc3)C[C@@H]4SC(=O)[N-]C4=O,-4.722,33,-0.1430909090909091
COC(=O)CC(=O)NCCC[NH2+]Cc1ccc(c(Cl)c1)C(=O)[C@H](O)[C@H](C)[NH3+],-4.722,27,-0.1748888888888889
Fc1cnccc1-c2c[nH]c(n2)C3CCCC3,-4.722,17,-0.27776470588235297
CCc(nn1)n(c12)nc(cc2)Cc([nH]n3)c(c34)cccn4,-4.721,21,-0.22480952380952382
c1ccccc1Oc2c(cnn2C)-c3ccc(c(c3)C[NH3+])OCc4cncs4,-4.721,28,-0.16860714285714287
Nc(c1)cccc1[C@@H](C)c2c(Cl)cccc2OC(F)(F)F,-4.72,21,-0.22476190476190475
n1cccc(c12)c([nH]n2)Cn(ccc3C)c(=O)c3-c4ccc(cc4Cl)C[NH2+]CCC(=O)N,-4.72,32,-0.1475
C[C@@H]1C[NH2+]CCCN1N[C@@H](Cn2ccnc2)c3ccccc3,-4.72,22,-0.21454545454545454
CCc1cccc(C)c1NCc2cccc[nH+]2,-4.72,17,-0.2776470588235294
Cn(c1)c(=O)ccc1-c(cn2C)c(n2)COc3ccc(cc3)CCCCCc4ccccn4,-4.719,33,-0.14300000000000002
O=C([O-])CC[C@@H](C)S(=O)(=O)c(cc1)cc(c12)CN(C)C(=O)N2C,-4.718,23,-0.2051304347826087
Nc1ccc(cc1)N[NH2+]CC(=O)[O-],-4.718,13,-0.3629230769230769
CN1C(=O)[C@@H](C)N(C2CC2)c(c13)cc(cc3)C(=O)Cc4ccccc4,-4.718,25,-0.18872
O=C1CC=CN1C(=O)C(=O)CC(=O)NCCCc2cccc(c2)Oc3ccccc3,-4.718,30,-0.15726666666666667
COc1ccccc1[C@H](C)c2cccc(C(F)(F)F)c2,-4.717,20,-0.23584999999999998
O=C1CCCN1Nc2cccc(Cl)c2Cl,-4.717,15,-0.3144666666666666
O=S(=O)Oc(cc1)ccc1-c2c(ncn2CC#C)-c3csc(n3)N/N=C/c4ccccc4C=O,-4.715,34,-0.1386764705882353
CCCCCCC(=O)c1ccc(=O)n(C)c1,-4.715,16,-0.2946875
CCO[C@H](C(=O)[O-])Cc1ccc(cc1)C(=O)c2cc(Cl)ccc2OC3CC[NH2+]CC3,-4.715,30,-0.15716666666666665
C1CC1CC(=O)CCOc(c(c2)OC)cc(c23)c(ncn3)N4CCOCC4,-4.715,27,-0.17462962962962963
N#Cc1c(N)nc(SCC(=O)N)c(C#N)c1-c2ccc(cc2)[C@H](c3ccccc3)C4CCOCC4,-4.714,35,-0.1346857142857143
Cc1nn(C)c(C)c1Cc2ccc(cc2)CNS(=O)(=O)c3c(C)nn(C)c3Cl,-4.714,28,-0.16835714285714287
CNc1cc(nc(N)[nH+]1)N2CCN(CC2)c3ccnc(n3)Nc4cc(C)cc(C)c4,-4.714,30,-0.15713333333333335
NC(=O)[C@@H](C)Nc1cc(nn(c12)c(C)nn2)-c3ccccc3-c4ccc(nc4)N5CC[NH2+]CC5,-4.713,34,-0.13861764705882354
Fc1ccccc1Cc2ccc(c(F)c2)N3CCSCC3,-4.713,21,-0.22442857142857142
Fc1cnccc1-c2c[nH+]c([nH]2)C3CCCC3,-4.713,17,-0.2772352941176471
[NH3+]CCc(cc1)cc(c12)occ2CC(=O)[O-],-4.713,16,-0.2945625
Cn1cc(cn1)-c2cnc(N)c(c2)C(=O)c3ccccc3[N+](=O)[O-],-4.711,24,-0.19629166666666667
C1CC1C[C@H](C(=O)N2)Oc(c23)cc(cc3)-c4ccc(cc4)S(=O)(=O)CCO,-4.71,27,-0.17444444444444443
C[C@@H](O)COCC(CO)(COC[C@@H](C)O)CCCc([nH+]1)[nH]c(c12)ccc(Cl)c2,-4.71,28,-0.1682142857142857
c1ccccc1S(=O)(=O)NCC#Cc2ccc(cc2)S(=O)(=O)N3CCSCC3,-4.708,28,-0.16814285714285715
CC1CCN(C(=O)C(F)(F)F)CC1,-4.708,13,-0.36215384615384616
O=c1n(C)ncc(c1C)-n2ncc(Cl)c2C(=O)Nc(cc3)cc(c34)[nH]c(n4)-c5ccccc5,-4.708,33,-0.14266666666666666
C[C@H](O)c1ccc(nc1)CCC/C=C/[C@@H](O)CCCCCCCC(=O)[O-],-4.708,26,-0.18107692307692308
Fc(c1)cccc1OCC(=O)NCCC[NH2+]Cc2ccc(c(Cl)c2)-c3ccccc3,-4.707,30,-0.15689999999999998
CC(C)NC(=O)c(c1)nc(n12)cc(cc2)NC(=O)c3c(cnn3C)C(=O)N4CCOCC4,-4.705,32,-0.14703125
O=[N+]([O-])c1ccccc1C(=O)NCCCc2cccc(c2)Oc3ccccc3,-4.705,28,-0.1680357142857143
COCCOCCC1CCCCC1,-4.705,13,-0.3619230769230769
Cc1noc(C)c1-c2ccc(cc2)C(=O)c3ccccc3[N+](=O)[O-],-4.705,24,-0.19604166666666667
CCc(no1)c(c12)cc(c(c2)OC)NC(=O)Cc(c[nH+]c3)c(c34)c(O)ccc4,-4.704,28,-0.16799999999999998
CC[C@@H]([C@H](C)O)Nc(cc1)cc(c12)c(c[nH]2)C3CC[NH2+]CC3,-4.703,22,-0.21377272727272728
Cc1cc(C)cc(c1)Nc2nccc(n2)-c3ccc(S(=O)(=O)C(F)(F)F)cc3[N+](=O)[O-],-4.703,31,-0.15170967741935484
CC(=O)c(c1)c([O-])cc(c12)onc2C,-4.702,14,-0.33585714285714285
Cc1noc(C)c1-c2ccc(cc2)CN[NH2+]C(C(C)C)C(C)C,-4.702,23,-0.20443478260869566
O=C([O-])[C@H](C)[NH2+]CCC[NH2+]Cc1ccc(c(Cl)c1)-c2ccccc2,-4.702,24,-0.19591666666666666
C[N@H+]1CC[C@@H](CC1)c2ccc(cc2F)[C@@H]3OC[C@@H](O)[C@H]3O,-4.702,21,-0.2239047619047619
Oc(c1)cccc1[C@H](C(=O)CC(=O)OC)c2ccc(cc2)N3CC[NH+](C(C)C)CC3,-4.701,30,-0.15669999999999998
OCCOc1c(C)cc(cc1C)-c(c2)oc(c23)c(cn(c3=O)C)Nc4cccc(c4)N5C=CCC5=O,-4.701,36,-0.13058333333333333
C=CC1=C(C)[C@@H](NC1=O)c2c(Cl)cccc2Cl,-4.7,17,-0.27647058823529413
O=C([O-])c1c(=O)ccn(c1O)CCO,-4.7,14,-0.33571428571428574
C[C@@]1(O)CCC(=O)[C@@H](OC)[C@]1(O)[C@@]2(C)O[C@@H]2CCc3cc(C)cc(C)c3,-4.699,26,-0.18073076923076922
CC(C)(O)CN1CCC[C@H]([NH3+])C1,-4.698,12,-0.3915
CCCCCCCCc1cc(C)c(c(C)c1)OC(C)(C)C(=O)[O-],-4.697,23,-0.20421739130434782
CC(=O)NCCC[NH2+]Cc1ccc(c(Cl)c1)-c(cn(C)c2=O)c(c23)oc(c3)-c4cnc[nH]4,-4.697,32,-0.14678125
Cn1ccc(n1)-c2cc(NC(=O)c3ccco3)cc(c2)-c4cc[nH+]c(N)c4,-4.696,27,-0.17392592592592593
Cc1c(C)c(O)c(C)c(c12)CC[C@](O2)(C)CN(C3=O)C(=O)N([C@H]34)CC[C@H]4O,-4.696,27,-0.17392592592592593
COc1ccc(cc1)Cn2nnc(n2)[C@H](C)CCC(=O)[O-],-4.696,21,-0.2236190476190476
COc1ccccc1CCOc2ccc(cc2)C[C@@H]3SC(=O)[N-]C3=O,-4.695,25,-0.18780000000000002
CO[C@H](C)c1ccccc1,-4.695,10,-0.46950000000000003
FC(F)(F)c(n1)nc(n12)nc(C)cc2C(=O)[C@@H]([NH3+])Cc(c[nH]3)c(c34)cccc4,-4.695,28,-0.16767857142857143
C=CC1=C(C)[C@@H](NC1=O)c2ccc(S(=O)(=O)C(F)F)c(c2Br)CO,-4.694,24,-0.19558333333333333
s1cncc1COc2ccc(cc2C[NH3+])-c(cc3)nc(c34)sc(n4)NC(=O)C5CC5,-4.694,30,-0.15646666666666667
CC(C)C[C@H](N)C(=O)NCc1cccc(c1)Oc2ccccc2,-4.693,23,-0.20404347826086955
COc1cccc(c1)-c2cc(nc(n2)N)N3CCOCC3,-4.693,21,-0.22347619047619047
Cc1nnn(C)c1-c(c2)c(F)cc(c23)c4c(cc(cn4)C(C)(C)O)n3-c(cc5)cc(c5=6)=NC(=O)N6,-4.692,35,-0.13405714285714287
c1cc(Br)ccc1[C@@H](C)NC(=O)Cc(c[nH+]c2)c(c23)c(O)ccc3,-4.692,24,-0.1955
Cn1ccc(n1)C[C@@H](O)CCCCCCCC(=O)[O-],-4.692,19,-0.24694736842105264
c1cc(F)ccc1-c(c2)nc(cc2C(C)(C)N)C(=O)NNOC[C@H]3CCCO3,-4.691,28,-0.1675357142857143
c1cccc(c12)c(on2)C(=O)N[C@H](CCC3)c(c34)cnn4N5CCC(CC5)N6CCCOC6=O,-4.691,34,-0.13797058823529412
CNCc1cccc(c1)CNc(cc2)cc(c23)c(c[nH]3)C4CC[NH2+]CC4,-4.69,26,-0.1803846153846154
N#Cc1cccc(c12)n(c(n2)C)-c3ccc(s3)C(=O)COCCO,-4.689,24,-0.195375
CCOc1ccc(C(=O)C)cc1-c2cc(cc(c2)-c3ccn(n3)C)NCCc4[nH+]cc[nH]4,-4.689,32,-0.14653125
O=C([O-])c1c(O)ccn(c1=O)CCO,-4.689,14,-0.3349285714285714
c1ccccc1C(=O)c2ccccc2N[C@H](C(=O)[O-])Cc3ccc(cc3)OCC[N@H+]4CCC[C@@H](O)C4,-4.689,36,-0.13025
C1COCCN1C(=O)c(cnn2C)c2C(=O)Nc(cc3)cc(n34)nc(c4)Cc5cccc(F)c5,-4.688,34,-0.13788235294117646
CCc1cccc(C)c1N[C@@H]2CC[N@@H+](C2)CCN(C)C,-4.687,20,-0.23435
FC(F)(F)C(=O)NC1CCCC1,-4.687,12,-0.39058333333333334
CC(C)C[C@H](N)C(=O)Nc1c(Cl)cccc1Cl,-4.687,17,-0.2757058823529412
Cn(n1)ccc1-c2ccc(cc2OC)C[NH2+]CCc(n3)[nH]c(c34)cccc4,-4.686,27,-0.17355555555555555
c1[nH]ncc1-c2ccc(cc2C)C[NH2+]CCc([nH+]3)[nH]c(c34)cccc4,-4.686,25,-0.18744
NC(=O)CCNCc1ccc(CC(=O)[O-])c(Cl)c1,-4.686,18,-0.2603333333333333
C1CCCC1(CC(=O)[O-])CC(=O)CCOCCO,-4.685,18,-0.2602777777777778
C1CC1Nc(c2CC)nc(N)[nH+]c2-c(c(Cl)cc3)c(c34)nnn4Cc(n[nH]5)c(c56)cccn6,-4.684,33,-0.14193939393939395
O=C([O-])c1ccc(cc1)NCc2ccc(cc2)[NH+]3CCCCC3,-4.683,23,-0.2036086956521739
Cc1ccc(c(C)c1)NC(=O)c(cc2)cc(c23)N([C@H](C)C(=O)N3C)Cc4cccnc4,-4.683,31,-0.15106451612903224
CCCCCc1ccc(C[NH3+])cc1Cl,-4.683,14,-0.33449999999999996
c1nccc(c12)c(C(=O)[O-])c(C)c(n2)COCCO,-4.683,19,-0.24647368421052632
FC(F)(F)c1ncc(c(c12)C[C@@H](F)[C@H]2O)N[C@@H](CCSC)C(=O)Nc3ccncc3,-4.683,30,-0.1561
Cc1c(C#N)cccc1[C@@H](C)NC2CCOCC2,-4.682,18,-0.2601111111111111
CC(=O)N1CCC(CC1)CN2CCOC[C@@H]2C,-4.682,17,-0.27541176470588236
COc1ccc(cc1)Oc2cc(N(C)C)ncn2,-4.682,18,-0.2601111111111111
C[NH+]1CCN(CC1)c2cc(F)ccc2F,-4.682,15,-0.3121333333333334
CNc1cc([nH+]c(n1)N)N2CCN(CC2)[NH2+][C@H](C(=O)[O-])Cc(c[nH]3)c(c34)cccc4,-4.682,30,-0.1560666666666667
O=C(N1)C(C)(C)Oc(c12)cc(c(c2)OC)CCc3ncc[nH]3,-4.681,22,-0.21277272727272728
CCCNC(=O)[C@H]1O[C@@H]([NH2+]C(C)(C)C)[C@H](O)[C@@H]1O,-4.681,18,-0.26005555555555554
c1nccn1C(=O)Cc(cs2)c(c23)cc(Cl)cc3,-4.68,18,-0.26
Cn1cccc1CCSP(=O)([O-])OP(=O)([O-])[O-],-4.679,17,-0.2752352941176471
Cn1cc(cn1)-c2cnc(N)c(c2)Nc(cc3)cc(c34)n(nn4)C,-4.677,24,-0.194875
[nH]1ccnc1CCC(=O)CCNC(=O)CC[NH2+]Cc2ccc(c(Cl)c2)-c3ccccc3,-4.677,31,-0.15087096774193548
CCc1ccc(nc1)CC[NH2+][C@H](CCC2)c(c23)cnn3-c4ccccc4F,-4.677,27,-0.1732222222222222
CCCCCc1ccc(Cl)cc1Cl,-4.676,13,-0.3596923076923077
[NH3+][C@H]1CCC[N@H+](C1)CCCCCCCCC(=O)OC[C@H](O)CO,-4.675,23,-0.20326086956521738
Cn1cc(cn1)-c(c2)nc(n23)cc(c(c3)C#N)NC(=O)c4c(cnn4C)C(=O)N5CCOCC5,-4.675,34,-0.13749999999999998
CC[C@H](CO)c1[nH+]cn(C2CC[NH2+]CC2)c1-c3ccnc(n3)Oc4ccccc4OC,-4.674,31,-0.15077419354838711
n1[nH]cnc1[C@@H](C)NNC(C)(C)CO,-4.674,14,-0.3338571428571429
CCCCCCCCCCCC(=O)C(=O)C([O-])(C(F)(F)F)C(F)(F)F,-4.674,25,-0.18696000000000002
CCOC(=O)Cc1nc(cs1)-c2ccc(cc2)C(=O)N3CCN(CC3)c4ccccc4OCCO,-4.674,35,-0.13354285714285716
Cc1cccc(c1)-n2nccn2,-4.673,12,-0.3894166666666667
COC[C@H](C)S(=O)(=O)c1cccs1,-4.673,13,-0.35946153846153844
CC[NH+]1CCN(CC1)c(cc2)cc(c23)C=CN(C)C(=O)[C@@H]3C,-4.672,22,-0.21236363636363634
CCc1c(NC)[nH+]c(N)nc1-c(nc(c23)cccc3)nc2NCc4ccco4,-4.672,28,-0.16685714285714284
[NH3+]Cc1ccc(cc1)NCCC(F)(F)F,-4.671,15,-0.3114
O=C([O-])COc1ccc(cc1C)SCc2sc(nc2C)-n3cncn3,-4.671,25,-0.18684
NC(=O)CC[NH2+]Cc1ccc(c(Cl)c1)CCc2c[nH]cn2,-4.671,21,-0.22242857142857145
Oc1ccc(Cl)cc1CCCCCc2cccc[nH+]2,-4.671,19,-0.24584210526315792
C[C@@H]1C(=O)N(C)CCN1c(c(Cl)cc2)c(c23)nnn3Cc(n[nH]4)c(c45)cccn5,-4.67,29,-0.1610344827586207
CC(C)C(C(C)C)NC(=O)Cc(nc1)nc(c12)N(C3CCCC3)c4c(C(=O)N2C)cccc4,-4.67,33,-0.1415151515151515
N#Cc(cc1)cc(c12)cc(F)cc2C(=O)N3CCNC(=O)C3,-4.67,22,-0.21227272727272728
COc(c1)c(OC)cc(c12)CN(CC2)CCc3ccc(cc3)NCCC(=O)NC4CC4,-4.67,31,-0.15064516129032257
Clc1ccc(c(Cl)c1)OCCNCc2ccccc2,-4.668,19,-0.2456842105263158
CCCCCC[C@@H](C)Nc(c(c12)c(=O)[nH]nc2)c[nH+]c1NCc(c(F)cc3)c(c34)CCO4,-4.667,32,-0.14584375
c1ccccc1CCn2cccc2,-4.666,13,-0.35892307692307696
O=c1ccc(cn1C)-c(cn(C)c2=O)c(c23)oc(c3)-c4c[nH]c(n4)C5CCC5,-4.666,28,-0.16664285714285715
COC(=O)CCCCc(cc1=O)oc(c12)c(cs2)-c(cc3)cc(c34)OCCO4,-4.665,28,-0.16660714285714287
CCS(=O)(=O)C(C1)CC1(F)F,-4.664,11,-0.424
c1ccccc1C(=O)CC(\C)=[NH+]/[C@H](C(=O)[O-])Cc2ccc(cc2)C3CC3,-4.663,26,-0.17934615384615385
COc(cc1)cc(c12)[nH]c(n2)CCC(=O)c3c(cnn3C)C(=O)N4CCOCC4,-4.663,29,-0.16079310344827588
CC(=O)NC[C@H]1CN(C(=O)O1)CCc2ccc(cc2)OS(=O)(=O)C,-4.663,24,-0.19429166666666667
O=c([nH]1)onc1[C@H](C)CCCCCCCCCCC(=O)[O-],-4.662,21,-0.222
CCCCC#Cc(nc1N)nc(c12)n(c(n2)-c3cccs3)N4CCC[C@H]([NH3+])C4,-4.661,28,-0.1664642857142857
Clc(c1)c(F)ccc1S(=O)(=O)c2ccccc2,-4.661,17,-0.27417647058823524
CC(C)(C)c1ccc(cc1)C(=O)OCc2ccccc2,-4.661,20,-0.23304999999999998
c1cccc(c12)c(on2)C(=O)N[C@H](CCC3)c(c34)cnn4NCc5ccccc5,-4.66,29,-0.1606896551724138
N1CCCC[C@@H]1[N@H+](C)CCO[C@@H]2CC[C@@H](CC2)C[C@@H](C([O-])=O)c3ccccc3CO,-4.66,30,-0.15533333333333335
COc1cc(cc(c1)OC)NC(=O)N(Cc2ccccc2)NCc3ccc(C(=O)[O-])cc3,-4.659,32,-0.14559375
COc(c1)c(OC)cc(c12)C[N@@H+](CC2)CCc3ccc(cc3)NCCC(=O)NC4CC4,-4.659,31,-0.15029032258064515
CCCCc1cccc(c1)C[N@@H+]2CCC[C@@H](C2)n3cc(C)c(=O)[nH]c3=O,-4.659,26,-0.17919230769230768
CC(C)(C)OC(=O)[C@H](CC)Cc(n[nH]1)c(c12)cccn2,-4.659,20,-0.23295
C[NH+](C)CCCN(C)c(nc(c12)ccc(Br)c2)nc1-c3n[nH]cc3-c4ccncc4,-4.658,30,-0.1552666666666667
COc1ccc(cc1)Oc2cc(ncn2)-c(n3)c(C#N)c(N[C@H](C)C(=O)[O-])c(c34)cc(F)cc4,-4.658,34,-0.137
COC(=O)[C@H](C(C)(C)C)NC(=O)O[C@H](CC[C@]1(C)O)c(c12)nnn2Cc3ccc(OC)cc3,-4.658,33,-0.14115151515151517
COc(nn1)n(c12)nc(cc2)N3CCC(CC3)c4ccc(cc4)[C@H](C)C(=O)N,-4.658,28,-0.16635714285714287
c1nccc(c12)c(ccc2)S(=O)(=O)c3ccccc3[O-],-4.657,20,-0.23285
OCC[N+](C)(CCO)CCCOCc1ccccc1,-4.657,19,-0.24510526315789474
COc(c(Cl)c1)ccc1CCc(nc(c23)cc(cc2)NCC)n3C[C@H](C)N4CCOCC4,-4.657,32,-0.14553125
COc1cc(=O)n(C)nc1-c2ccnc(n2)Oc3cccc(C)c3C,-4.657,25,-0.18628
CC(=O)c1ccccc1-c(nn(c23)c(nn3)C)cc2N[C@H](C)C(=O)N,-4.657,25,-0.18628
C[C@@]1(O)CCC(=O)[C@@H](OC)[C@]1(O)[C@@]2(C)O[C@@H]2CCc3ncccn3,-4.656,24,-0.19399999999999998
COC(=O)CC(=O)NCCC[NH2+]Cc1ccc(c(Cl)c1)[C@H](C)c2ccccc2,-4.656,28,-0.1662857142857143
n1ccc(OC)c(c12)cc(cc2)C(=O)[C@H](O)[C@H](C)[NH3+],-4.656,19,-0.24505263157894736
CSc1ccc(cc1)C(=O)Cn2cc(O)cn2,-4.656,17,-0.27388235294117647
NC(=O)[C@@H](C)Nc1cc(nn(c12)c(C)nn2)NC3CCN(CC3)c4cccc[nH+]4,-4.656,29,-0.16055172413793103
OCCNNCCCc1cccc(c1)Oc2ccccc2,-4.655,21,-0.22166666666666668
N#Cc1ccc(cc1)Nc2nccc(n2)OCc3ccccc3,-4.654,23,-0.2023478260869565
c1ccccc1[C@H](C)C(=O)[C@H]2CC[C@@H](C)CC2,-4.654,17,-0.2737647058823529
c1c(F)c(F)cc(c12)CC(C2)(CC(=O)[O-])C(=O)CCNc(n3)sc(c34)cccc4,-4.653,29,-0.16044827586206895
COc(cc1)cc(c12)[nH+]c([nH]2)CCc3cc(Cl)c[nH]c3=O,-4.653,21,-0.22157142857142856
CNc1nc(N)[nH+]c(c1CC)C/C=C(/C)CCC(=O)[O-],-4.653,20,-0.23264999999999997
C[C@@H](O)COCC(CO)(COC(C)C)COC[C@H](C)O,-4.652,20,-0.2326
CCCCc1cc(ncn1)Oc2ccc(OC)cc2,-4.652,19,-0.2448421052631579
Cc1cccc(c1)CC(=O)c2ccc(cc2C[NH3+])-c(cc3)cc(c34)[nH+]c(N)cc4C,-4.651,30,-0.15503333333333333
COc(cc1)cc(c12)c(CCC(=O)[O-])cn2S(=O)(=O)c3ccccc3,-4.651,25,-0.18603999999999998
c1cccc(c12)n(C)nc2CCc3c[nH]cn3,-4.65,17,-0.2735294117647059
CS(=O)(=O)S(=O)(=O)c1ccccc1,-4.65,13,-0.3576923076923077
Nc(c1)cccc1[C@@H](C)Cc2ccc(C(=O)[O-])cc2,-4.65,19,-0.24473684210526317
[NH3+]CCCCCCc1ccccc1,-4.65,13,-0.3576923076923077
C[C@H]1C[C@@H](C)C[N@H+](C1)Cc(n[nH]2)c(c23)cccn3,-4.65,18,-0.25833333333333336
CCc1cccc(C)c1NCc2ccccn2,-4.649,17,-0.27347058823529413
CC(=O)N1CCC(CC1)C[N@H+]2CCOC[C@@H]2C,-4.649,17,-0.27347058823529413
COCCCCCc1ccccn1,-4.649,13,-0.3576153846153846
CC[C@H](C)[C@H](N)C(=O)C(=O)O[C@H](CC[C@]1(C)O)c(c12)nnn2Cc3ccc(OC)cc3,-4.648,31,-0.14993548387096772
n1ccccc1CCCCCC(=O)c2nccn2Cc3ccccc3,-4.648,25,-0.18591999999999997
s1cncc1NC(=O)Nc2c(F)cc(cc2F)-c3ccccc3OCCn4ccc(=O)[nH]c4=O,-4.648,34,-0.13670588235294118
C[NH+]1CCN(CC1)c2ccc(cc2)Nc3ncc(Cl)c(n3)CC(C)(C)C,-4.648,26,-0.17876923076923076
Fc1cc(F)ccc1Oc(ncc2CS(=O)(=O)CC)c(c2)CCN3CC[NH+](C)CC3,-4.648,30,-0.1549333333333333
C=CC1=C(C)C(=O)N[C@@H]1O,-4.648,10,-0.4648
c1cc(C)cc(c12)[nH]c(n2)CCc3cc(nc(n3)N)N4CC[NH+](CC4)C5COC5,-4.647,29,-0.16024137931034482
COc1ccc(cc1)Cn(nn2)c(c23)[C@@](C)(O)CC[C@H]3OS(=O)(=O)c4ccc(F)cc4C,-4.647,32,-0.14521875
CCC(=O)c1c[nH]c(c1)C(=O)NCc2ccc(cc2C(F)(F)F)NS(=O)(=O)C3CC3,-4.647,30,-0.1549
CC[C@@H](C(=O)[O-])Cc1ccc(cc1)C(=O)c2cc(ncn2)Oc3ccc(OC)cc3,-4.646,30,-0.15486666666666665
COc1ccc(cc1)C[NH2+]C2CCN(CC2)c3ccccn3,-4.646,22,-0.21118181818181817
O=C([O-])CCSc(n1)n(c(c12)cccc2)CCS(=O)(=O)c3c(F)cccc3F,-4.646,28,-0.16592857142857143
CNc1ccnc(n1)C(c2ccccc2)c3ccccc3,-4.646,21,-0.22123809523809523
CS(=O)(=O)N1CC[C@@H](C1)NCC[NH2+]C/C=C/c2ccc(Br)cc2,-4.645,23,-0.20195652173913042
CC(=O)NCCC[NH2+]Cc1ccc(c(Cl)c1)[C@H](C)[C@H]2CC[C@H](C)CC2,-4.645,25,-0.1858
Cn1cc(nn1)-c2ccc(N)nc2,-4.644,13,-0.35723076923076924
[NH3+]Cc1ccc(cc1)C(=O)c2nccn2Cc3ccccc3,-4.644,22,-0.2110909090909091
C=CC1=C(C)[C@@H](NC1=O)[C@](C)(C(=O)[O-])CC,-4.644,16,-0.29025
Nc1ccc(c[nH+]1)C[C@H](O)CCCC(=O)[O-],-4.644,16,-0.29025
CCCCCC[C@@H](C)NN1CCN(CC1)c2ccc(Cl)cc2,-4.644,22,-0.2110909090909091
COc1ccc(cc1)Cn2nnc(n2)-c3cccc(c3)C(=O)N4[C@@H](C)Cn(c45)c6c(n5)cccc6,-4.643,35,-0.13265714285714286
Cc1cc(N)[nH+]c(c1)CCCCCc2nnc([nH]2)-c3ccc(F)cc3,-4.643,25,-0.18572
COc(cc1)cc(c12)[nH]c(n2)CCn(c3=O)c(=O)n(C)c(c34)ccc(c4)C(=O)C5=C(O)CCCC5=O,-4.643,36,-0.1289722222222222
CC(=O)Nc1cccc(c1)C(=O)C2CC2,-4.642,15,-0.30946666666666667
N#C\C=C\c(cc1C)cc(C)c1CCC(C)C,-4.642,17,-0.2730588235294118
n1nc(C)n(c12)c3c(cccc3)N(C[C@H]2C)c4cccc(c4)NS(=O)(=O)c5cccs5,-4.641,31,-0.14970967741935484
c1cc(C)cc(c12)nc([nH]2)CCc3cc([nH+]c(n3)N)N4CCN(CC4)C5COC5,-4.641,29,-0.1600344827586207
c1c(Cl)ccc(c12)c(C(=O)C)c([nH]2)C(=O)N3CC[C@@H](C3)[N@@H+](C)CCC[NH+](C)C,-4.64,28,-0.1657142857142857
[nH+]1ccccc1N(C)CCCCn(c(n2)SCCC(=O)[O-])c(c23)cccc3,-4.64,27,-0.17185185185185184
Clc1cc(Br)cc(Cl)c1S(=O)(=O)c2c[nH]c(n2)C3CCC3,-4.64,21,-0.22095238095238093
C1CC[C@@H](N12)C[N@@H+](CC2)[C@@H](CC)c3cccc(n3)C4CC4,-4.639,21,-0.2209047619047619
N#C\C=C\c(cc1C)cc(C)c1Nc2ccnc(n2)Nc3nccs3,-4.639,25,-0.18556
CC/C=C/C/C=C/CCc1ccccc1OCCn2ccc(=O)[nH]c2=O,-4.638,26,-0.1783846153846154
Cc1cc(C)cc(c1)Oc2cccc(n2)-c3c(C)nnn3C(=O)c4ccc(S(=O)=O)cc4,-4.637,32,-0.14490625
N[C@H]1CCC[N@H+](C1)CCCCCCCCC(=O)OC[C@H](O)CO,-4.637,23,-0.2016086956521739
CCNC(=O)c(c1)[nH]c(c12)c(=O)n(C)cc2-c3cc(C(C)(C)O)ccc3-c4ccno4,-4.636,31,-0.1495483870967742
o1cccc1C(=O)C(=O)c2cnccc2C(F)(F)F,-4.636,19,-0.244
COc1ccccc1Oc2nccc(n2)C3CC3,-4.636,18,-0.25755555555555554
C[C@H]1COCCN1C(=O)OCc2ccccc2,-4.636,17,-0.2727058823529412
COC(=O)c1ccc(c(Cl)c1)C[NH2+]CCC(=O)Nc2cccc(C(=O)[O-])c2,-4.635,27,-0.17166666666666666
CS(=O)(=O)Nc1cc(ccc1C)-c(nn(c23)c(nn3)C)cc2NC4CCCCC4,-4.632,29,-0.15972413793103446
n1cccc(c12)c([nH]n2)Cc(cn3C)c(n3)COc4ccc(cc4)-c(ccc5)c(c56)ncn6C,-4.632,34,-0.13623529411764704
Cc1cc(C)cc(c1)Oc2cccc(n2)Cc3ccc([N+](=O)[O-])cc3,-4.632,25,-0.18528
CC(C)(O)c1ccc(c(c1)C(=O)[C@H](O)CO)Oc2ccc(F)cc2F,-4.631,25,-0.18524000000000002
O=c1ccc(cn1C)C(=O)c2ccc(cc2)C(=O)Nc3ccccc3,-4.631,25,-0.18524000000000002
CC1(C)C(=O)NC(=O)N1C(=O)CCCC[C@@H]2CCSS2,-4.631,20,-0.23155
COc1ccccc1S(=O)(=O)Nc(cc2)c3[nH]c(NCCO)cc(c3c24)c([O-])n4C,-4.631,30,-0.15436666666666668
COc1cccc(c1)[C@H](O)Cc(n2)n(C)c(c23)c(=O)n(c(=O)n3C)Cc4ccc(Cl)c(Cl)c4,-4.63,33,-0.1403030303030303
Cc1ccc(cc1)[C@H](C)S(=O)(=O)c2ccc(cc2)C#CCNS(=O)(=O)c3ccccc3,-4.63,31,-0.14935483870967742
NC(=O)CC[NH2+]Cc1ccc(c(Cl)c1)-c(cc2)cc(c23)occ3CC(=O)[O-],-4.629,27,-0.17144444444444443
CC(C)C(C(C)C)[NH2+]CCOCCOCCOCCO,-4.629,20,-0.23145
Cc([nH+]1)c(C)n(c12)nc(cc2)[C@H](C)c3cccc(C(F)(F)F)c3,-4.629,23,-0.20126086956521738
CC(C)(C)S(=O)(=O)C[C@H](CC)c(cc1)cc(c1=2)=CC(=O)N2,-4.628,21,-0.2203809523809524
C[NH2+]Cc1cc(nn1C)N2CC[C@@H](C2)NC(=O)C,-4.628,18,-0.2571111111111111
Oc1c(C)cc(cc1C)-c2ccc(Cl)c(c2)NS(=O)(=O)C(C)(C)C,-4.628,24,-0.19283333333333333
Cc(n1)c(C)n(c12)c(C)c(cc2)CCc3[nH+]c(cn3C)-c(cc4)cc(c45)OC(C)(C)C(=O)N5,-4.628,33,-0.14024242424242425
OCCOCc1ccnc(c1)N2CC[NH2+]CC2,-4.627,17,-0.2721764705882353
Cc1noc(C)c1CCc2nc(oc2C)-c3ccccc3,-4.627,21,-0.22033333333333333
n1nc(C)n(c12)nc(cc2)-n3cncn3,-4.627,15,-0.30846666666666667
OCCNc(c1)ccc(c12)nc(-c(cn3)cn3CC(C)(C)O)nc2N4CCOC[C@@H]4c5ccccc5,-4.627,36,-0.12852777777777777
COC(=O)c1ccc(c(Cl)c1)C[N@@H+](CC2)CC[C@@]2(O)CC(=O)c3ccc(c(c3)OC)OC4CC4,-4.627,34,-0.13608823529411765
OC[C@@H]([O-])C(=O)S(=O)(=O)c1ccc(F)c(Cl)c1,-4.627,17,-0.2721764705882353
Cc1noc(C)c1-c(c2)cc([C@H]3C[C@@H](C#N)C3)c(c24)[nH]c(n4)C5CC5,-4.626,25,-0.18504
n1cccc(c12)c(n[nH]2)Cn(ccc3C)c(=O)c3[C@@H]4CCC[NH2+]C4,-4.626,24,-0.19275
CCCCCCCCC(=O)SCCNN[C@H]1CC[C@H](O)CC1,-4.624,22,-0.21018181818181816
Cc1ccc(cc1)S(=O)(=O)NCCO,-4.623,14,-0.33021428571428574
O=C([O-])CCC(=O)c1cn[nH]c1-c2cccc(C(F)(F)F)c2,-4.623,22,-0.21013636363636365
c1ccccc1C[NH+]2CCN(CC2)Cc(n[nH]3)c(c34)cccn4,-4.623,23,-0.201
O=P([O-])([O-])OP(=O)([O-])SC/C=C(\C)CCC[C@@H]1CCC[NH2+]C1,-4.622,22,-0.21009090909090908
CC[C@H](C)[C@H](N)C(=O)c(n1)n(C)c(c12)c(=O)n(c(=O)n2C)Cc3ccc(Cl)c(Cl)c3,-4.622,30,-0.15406666666666666
O=C1NC(=O)[C@@H](S1)Cc2ccc(cc2)OCCNc3c[nH]cn3,-4.621,23,-0.2009130434782609
C[C@H](N)[C@@H](O)C(=O)c1ccc(F)c(Cl)c1,-4.621,15,-0.3080666666666667
Cc1cccc(c1C)Oc2nccc(n2)-c3c([C@@H]4OC[C@@H](O)[C@H]4O)ncn3C5CC[NH2+]CC5,-4.621,33,-0.14003030303030303
O=C([O-])CC[C@@H](C)c1ccc(C(F)(F)F)cc1[N+](=O)[O-],-4.621,20,-0.23105000000000003
O=c1ccc(cn1C)C(=O)CCn(c(n2)SCCC(=O)[O-])c(c23)cccc3,-4.62,27,-0.1711111111111111
[O-]c1ccc(F)cc1C(=O)CCNS(=O)(=O)c(ccc2)c(c23)ccnc3,-4.62,26,-0.1776923076923077
CC(C)C[C@H]([NH3+])C(=O)Cc(c1)oc(c12)cccc2,-4.62,18,-0.25666666666666665
O=C([O-])COc1ccc(cc1C)SCc2nnc(s2)C(=O)[C@@H]([NH3+])CC(C)C,-4.62,27,-0.1711111111111111
C1OCC[C@@H]1C(=O)[C@@H](OCC)Cc2ccc(cc2)OCCc3ccc(cc3)OS(=O)(=O)C,-4.619,32,-0.14434375
COc1cc(OC)cc(c12)nc([nH]c2=O)-c(c(c34)cccn4)cc(c3)-c5c(C)noc5C,-4.619,32,-0.14434375
CC(C)CNCC(=O)Cc(cc1C)cc(C)c1Nc2ccnc(n2)Nc3ccc(C#N)cc3,-4.618,33,-0.13993939393939395
COc1ccc(nn1)N2CC[NH+](CC2)Cc(c3)oc(c34)cccc4,-4.618,24,-0.19241666666666668
COc1cccc(c1)OCC(=O)c2ccc(cc2)CCNC(=O)c3ccc(Cl)cc3,-4.618,30,-0.15393333333333334
OCc1ccccc1OC[C@H]2CCCO2,-4.617,15,-0.3078
O=C([O-])CCC[C@@H](O)\C=C\Cc(nc1N)cc(n1)N2CC[NH+](CC2)C3COC3,-4.617,28,-0.16489285714285715
c1n[n-]c(=O)c(n12)c(C)cc2CCc([nH]3)nc(c34)ccc(Cl)c4,-4.617,23,-0.20073913043478261
c1ccccc1C(Cc(cc2C)cn(C)c2=O)c3ccccc3,-4.617,23,-0.20073913043478261
OC[C@H](N)C(=O)C(=O)c1ccco1,-4.616,13,-0.35507692307692307
CCOC(=O)CCNNc(cc1)cc(c12)n(nn2)C,-4.616,19,-0.2429473684210526
C1C[C@H](C)CC[C@@H]1C(=O)N[C@@H](CCSC)C(=O)c2ccc(cc2)OCC(=O)NCC[NH3+],-4.615,31,-0.14887096774193548
CC(C)(O)CS(=O)(=O)c1cccs1,-4.615,13,-0.35500000000000004
COc1cccc(c1)Cc2[nH+]c(cn2C)-c3ccccc3,-4.615,21,-0.21976190476190477
Cc([nH+]1)c(C)n(c12)c(C)c(cc2)CCc3nc(cn3C)-c4ccc(N)nc4,-4.615,27,-0.17092592592592593
[nH]1c[nH+]cc1[C@@H](CC)c2cccc(n2)C3CC3,-4.615,17,-0.27147058823529413
O=C([O-])[C@H](C)[C@H]1CCN(C1)S(=O)(=O)C,-4.615,14,-0.3296428571428572
COc1cccc(c1)Cc2nc(cn2C)-c3ccccc3,-4.615,21,-0.21976190476190477
Clc1ccc(cc1Cl)CO/N=C/c(n(c23)ccs3)c(n2)-n4cncn4,-4.615,25,-0.18460000000000001
COc(c1)c(OC)cc(c12)CN(CC2)NNC(=O)c3ccc(c(c3)OC)OC4CC4,-4.614,30,-0.1538
CC[C@H](C)[C@H](N)C(=O)Nc(cc1)nn(c12)c(C)c(n2)C,-4.614,20,-0.2307
CC(C)Oc(c1)c(C(=O)N)cc(c12)nccc2-c3cnc([nH]3)C4CCC4,-4.613,26,-0.17742307692307693
CCCC(=CC1=O)N=C([N+]1=2)N=C(N2)CCCC(=O)NC3CC3,-4.613,22,-0.2096818181818182
Cc1cc(C)cc(c1)-c(cc2)c3[nH]c(cc(c3c24)c(O)n4C)N5CC[NH+](C)CC5,-4.613,29,-0.1590689655172414
c1cc(C)cc(c12)nc([nH]2)CCc3c[nH]c(n3)C4CCCC4,-4.613,22,-0.2096818181818182
O=C([O-])c1ccccc1NN2CCC[C@@H]2CO,-4.612,17,-0.27129411764705885
Cc1cc(on1)CCCCC[NH2+]Cc2ccc(cc2)N3CCCCC3,-4.612,25,-0.18448
COc(c1)c(OC)cc(c12)c(nc([nH+]2)C)N[C@H](C)c3cccc(c3)C[C@@H]4CCCN(C4)C(=O)C,-4.611,34,-0.1356176470588235
o1nc(C)c(c12)cc(c(c2)OC)N[C@@H]3CCC[NH2+]C3,-4.61,19,-0.24263157894736845
CC(=O)N[C@H]1CCN(C1)N(C2(C)C)C(=O)NC2=O,-4.609,18,-0.25605555555555554
[NH3+]CCNc(cc1)cc(c12)[nH]c([nH+]2)-c3ccccc3,-4.609,19,-0.24257894736842106
CC/C=C/CCc1ccoc1,-4.608,11,-0.4189090909090909
CCCCC/C=C/Cc1[nH]nc(n1)-c2ccccc2,-4.607,19,-0.2424736842105263
c1ccc(OC)c(c12)nc([nH]2)CCc(cc3)cc(c34)OC(C)(C)C(=O)N4,-4.607,26,-0.1771923076923077
CC(C)Cn1ncc(Cl)c1C(=O)C(=O)c2cc(C(C)(C)[NH3+])cc(n2)-c3ccc(F)cc3,-4.606,31,-0.14858064516129033
O=C([O-])C(C)(C)Sc1ccc(cc1)CC[N@H+](CCC(=O)N)CCCCC2CCCCC2,-4.606,31,-0.14858064516129033
COc1ccc(cc1)Cn2nnc(n2)-c3cccc(c3)C(=O)N(CC4)Cc(c45)cc(OC)c(c5)OC,-4.606,36,-0.12794444444444444
CC1=NCS[C@@H]1c2ccc(cc2)CNC(=O)[C@@H]3C[C@@H](O)CN3N4CCN(C)C(=O)[C@H]4C,-4.605,31,-0.1485483870967742
n1cncn1-c2ccnc(c2)N3CC[NH2+]CC3,-4.605,17,-0.2708823529411765
O=C([O-])CCC(\C)=C/Cn1ccc(O)c(C(=O)[O-])c1=O,-4.605,20,-0.23025
Cc1ccc(Cl)cc1C(=O)CC(=O)C(=O)[O-],-4.604,16,-0.28775
COc(c1)c(OC)cc(c12)CN(CC2)N3CC[NH2+]CC3,-4.604,20,-0.23020000000000002
O=c1[nH]c(no1)CCC(c2ccccc2)c3ccccc3,-4.602,21,-0.21914285714285717
CC(=O)NC[C@H]1CN(C(=O)O1)CCC[C@@H](C)CC(=O)[O-],-4.602,20,-0.23010000000000003
Nc1nc(SC)nc(c12)n(cn2)S(=O)(=O)c3c(F)cccc3F,-4.602,23,-0.20008695652173913
OC1CCN(CC1)c(ncc2)n(c23)nc(-c4ccc(F)cc4)c3NCc5cccs5,-4.601,30,-0.15336666666666668
O=C([O-])CCC(\C)=C/COc1ccccc1CN(C)N2CCC([N+](C)(C)C)CC2,-4.601,29,-0.1586551724137931
Cc1noc(C)c1-c(cc2)cc(c23)N(C4CC4)[C@@H](C)C(=O)N3C,-4.601,23,-0.20004347826086957
CC[C@H](CO)CCC/C(C)=C/CSP(=O)([O-])OP(=O)([O-])O,-4.601,21,-0.2190952380952381
O=c1[nH]c(=O)n(cc1C)[C@@H]2CC[N@H+](CC2)CCc(c[nH]3)c(c34)cccc4,-4.601,26,-0.17696153846153845
C[N@@H+]1CC[C@@H](C1)N(C)c(nc2C[C@H](O)CO)nc(c23)cc(s3)C(C)(C)C,-4.599,26,-0.1768846153846154
OCCNC(=O)[C@H]1O[C@H]([C@H](O)[C@@H]1O)CC(c2ccccc2)c3ccccc3,-4.599,27,-0.17033333333333334
CC(C)OC(=O)c1ccccc1F,-4.599,13,-0.3537692307692308
COc1ccccc1S(=O)(=O)Nc(cc2)c3[n-]c(NCCO)cc(c3c24)c(O)n4C,-4.599,30,-0.15330000000000002
Brc1ccc(cc1)-c2ncn(C3CC[NH2+]CC3)c2-c4ccnc(n4)C5CC[NH2+]CC5,-4.599,30,-0.15330000000000002
CC(C)(C)c(cc1)ccc1[C@H](C)NNCc2ccccc2,-4.599,21,-0.219
Cc1nc(C[NH+](C)C)ccc1-c(c(c23)c(=O)[nH]nc3)cnc2S(=O)(=O)c4ccc(F)c(Cl)c4,-4.599,33,-0.13936363636363636
C1CC1C(=O)C(=O)C([O-])(C(F)(F)F)C(F)(F)F,-4.598,17,-0.27047058823529413
c1ccccc1-c([nH]2)c(c(c23)cc(OC)cc3)CCNc4c[nH]cn4,-4.598,25,-0.18392
Cc1ccccc1Cc2cc(C)c(=O)n(C)c2,-4.598,17,-0.27047058823529413
COc(cc1)cc(c12)[nH]c(n2)CCc(cn(C)c3=O)c(c34)oc(c4)-c5c[nH]c(n5)C6CCC6,-4.597,33,-0.13930303030303032
O=C[C@@H]1CCCN1NC2CCN(CC2)c3ccccn3,-4.597,20,-0.22985000000000003
COc1cccc(c1)C/C(=N/[H])NC(=O)c2ccc(cc2)-c3ccccc3F,-4.596,27,-0.17022222222222222
O=C1NC(=O)[C@H](S1)Cc2ccc(cc2)Nc(cc3)cc(c34)c(c[nH]4)C5CC[NH2+]CC5,-4.596,30,-0.1532
CC[N@H+]1CC[C@@H](CC1)Nc2cccc(Cl)c2Cl,-4.595,17,-0.2702941176470588
C[NH+]1CCN(CC1)CCNc2ccc(cn2)S(=O)(=O)C3CC3,-4.592,22,-0.2087272727272727
CC(=O)NCCC(=O)Nc(c(n12)nnc2C)cc(n1)CCN3CCN(C)C(=O)[C@H]3C,-4.592,30,-0.15306666666666666
CCOC(=O)c1csc(n1)N2CCN(CC2)c3cccc(F)c3,-4.592,23,-0.19965217391304346
CN(C)c1ccc(cc1)C2(CCCC2)CNc3ccc(S(=O)(=O)N)cc3CC[NH3+],-4.591,29,-0.1583103448275862
C=CC1=C(C)C(=O)N[C@@H]1C[C@H](C)N2CCOCC2,-4.591,18,-0.2550555555555556
Cc1ncsc1CCC[C@@H](C)CC(=O)[O-],-4.591,15,-0.30606666666666665
Cc1nnn(C)c1-c2ccsc2,-4.591,12,-0.38258333333333333
O=C(C1)NC[C@@H]1[C@@H](C)Oc(c(c23)cccn3)cc(c2)C(=O)Cc(cnc4)c(c45)c(O)ccc5,-4.59,33,-0.1390909090909091
C1C[C@@H](C)CC[C@@H]1[C@@H](C)CCCNS(=O)(=O)C,-4.589,17,-0.26994117647058824
CNCc1cccc(c1)Cc2ccc(cc2Cl)C[NH2+]CCc([nH]3)nc(c34)c(C)ccc4,-4.589,31,-0.14803225806451614
O=c1[nH]cc(Cl)cc1C(=O)CC[C@H]2c(ccc(c3)O)c3Oc(c24)cc([O-])cc4,-4.588,28,-0.16385714285714287
c1ccccc1CC(=O)c2noc(n2)C3CCN(CC3)C(=O)Cc4ccccc4,-4.587,29,-0.15817241379310343
FC(F)(F)CCNS(=O)(=O)c1ccc(cc1)Nc2cccc(Cl)c2Cl,-4.587,25,-0.18347999999999998
n1ccn(c12)c(=O)n(cc2)-c3csc(C(F)(F)F)c3,-4.587,19,-0.24142105263157893
O=C([O-])CCC[C@@H](O)/C=C/Cc1c[nH]cn1,-4.586,16,-0.286625
O=c1n(C)ncc(c1C)-n2ncc(Cl)c2C(=O)Nc(cc3)cc(c34)[nH]c([nH+]4)-c5ccccc5,-4.586,33,-0.13896969696969697
CC(C)(C)OC(=O)[C@H](CC)[C@@H]1CCC[NH2+]C1,-4.586,16,-0.286625
COc1cccc(c1)OCC(=O)Nc2ccc(cc2)-c3cc[nH+]c(C)c3,-4.586,26,-0.1763846153846154
c1cc(C)cc(c12)c(c[nH]2)Cc(c3CC)nc(N)[nH+]c3N4CCN(C)CC4,-4.585,27,-0.1698148148148148
CN(C)c1ccc(cc1)N(C(=O)[C@H](O)CO)Cc2cc(Cl)cs2,-4.585,23,-0.19934782608695653
CCc1cccc(C)c1NNCC[NH3+],-4.585,14,-0.3275
Nc1cc(ccn1)Cc2cccc(Cl)c2,-4.584,15,-0.3056
CNc1cc([nH+]c(n1)N)CCCCCCCCCCC(=O)[O-],-4.584,22,-0.20836363636363633
C1CC1C(=O)C(=O)Cn2c(cc(c23)cc(OC)cc3)C(=O)OCc(c4)oc(c45)cccc5,-4.582,32,-0.1431875
CNCc1cccc(c1)CS(=O)(=O)c2cccc(c2)C(=O)NC,-4.582,23,-0.19921739130434782
COC(=O)CC(=O)NCCCc(n[nH+]c1C)c(c12)cc(cc2)N3CC[NH2+]CC3,-4.582,28,-0.16364285714285715
C1CCN1c(n2)c[nH]c2C3CCC3,-4.582,13,-0.35246153846153844
Cc1ccc(Cl)cc1N2CCC[C@@H](O)C2,-4.581,15,-0.3054
CCN(C(=O)C1)c(c12)ccc(c2)CCC/C(C)=C/CSP(=O)([O-])OP(=O)([O-])O,-4.58,28,-0.16357142857142856
O=C([O-])Cc1cccc(c1)C(=O)c2ccc(cc2F)-c3cc(F)ccc3F,-4.58,27,-0.16962962962962963
CCCCCCCCCCCCC(=O)OC[C@@H](COP(=O)([O-])O)CCc1ccc(cn1)CC,-4.579,33,-0.13875757575757575
CCC(=O)c1c[nH]c(c1)C(=O)c2cc(CS(=O)(=O)C)cnc2Oc3ccc(F)cc3F,-4.579,31,-0.14770967741935484
Cc1ncsc1S(=O)(=O)c2ccc(cc2)C#CCNS(=O)(=O)C,-4.579,23,-0.1990869565217391
O=C[C@@H]1CCCN1c2ccc(cc2Cl)C[NH2+]CCc3c[nH]cn3,-4.578,23,-0.19904347826086957
CC[C@H](CO)[C@@H](C1CC1)CS(=O)(=O)N2CCCC2,-4.578,18,-0.25433333333333336
NC(=[NH2+])N1CCC(CC1)Cc2ccco2,-4.576,15,-0.30506666666666665
Cc1nn(C)c(C)c1CN(C)c2nc(CCCCCC(=O)[O-])nc(n2)N(C)CCC(=O)NC3CC3,-4.576,35,-0.13074285714285713
OCC[NH2+]CCC(=O)c(cnn1C)c1C(=O)Nc(cc2)cc(n23)nc(c3)-c4ccccc4,-4.576,32,-0.143
O=C([O-])CCC[C@@H](O)/C=C/C=C/CC[NH+]1CCC1,-4.575,18,-0.25416666666666665
CCCn(c1=O)c(=O)n(C(C2)CC2(F)F)c(c13)[nH]c(n3)C4CCCCC4,-4.575,26,-0.17596153846153847
CC(=O)N[C@H]1CCN(C1)c2cccc(c2F)-c3c(C)nn(C)c3C,-4.575,24,-0.19062500000000002
O=C1CCCC(O)=C1C(=O)c(cc2)c(C)c(c23)c(=O)n(c(=O)n3C)OCc(c4)oc(c45)cccc5,-4.575,35,-0.13071428571428573
COCCCNc1c[nH]cn1,-4.574,11,-0.4158181818181818
c1cc(F)cc(c12)c(N[C@H](C)C(=O)[O-])c(C#N)c(n2)-c3ccc(cc3)[C@H]4CCC(=O)NC4=O,-4.574,33,-0.1386060606060606
Nc1nc(SC)nc(c12)n(cn2)-c3ccc(nc3)N4CC[NH2+]CC4,-4.574,24,-0.19058333333333333
CCCCC(=O)OC[C@H](CO)OC1CC[NH2+]CC1,-4.574,18,-0.2541111111111111
c1cccc(c12)n(C)nc2-c3ccc(F)c(Cl)c3,-4.573,18,-0.2540555555555556
COc1ccc(cc1)Cn(nn2)c(c23)[C@@](C)(O)CC[C@H]3OC(=O)N/C(=N/[H])Cc4cccc(c4)OC,-4.573,35,-0.13065714285714286
Cc1cc(C)cc(c1)Oc2nccc(n2)-n(c(N)[nH+]3)c(c34)cccc4,-4.573,25,-0.18292000000000003
C1COCCN1c(c2)ncc(c23)c(C)nnc3Nc4ccc(O)cc4,-4.573,25,-0.18292000000000003
FC(F)(F)c1ncc(c(c12)CC[C@H]2O)-c(cnn3C)c3Oc4ccccc4,-4.573,27,-0.1693703703703704
[nH+]1cc[nH]c1CCCc2cncs2,-4.573,13,-0.3517692307692308
CC(C)[N@H+](CC1)CC[C@]12CC(=O)c3c(O2)ccc(c3)-c4ccc(=O)n(c4)Cc5ccccc5,-4.572,33,-0.13854545454545455
COc1ccc(cc1)Cn(nn2)c(c23)[C@@](C)(O)CC[C@H]3Cc4cccc(n4)Oc5ccccc5,-4.572,34,-0.13447058823529412
COc1cccc(c1)[C@H](O)Cc2c(C)c(nn2CCCCCO)C(=O)NC34C[C@@H]5C[C@H](C4)C[C@@H](C5)C3,-4.572,36,-0.127
C[NH+]1CCN(CC1)c(cc2)cc(c23)n(Cc4ccccc4)c(n3)[C@H]5CCN(C5)CC[NH3+],-4.57,31,-0.1474193548387097
CC[C@H](C)[C@H]([NH3+])C(=O)Cc1cccc(n1)Oc2ccccc2,-4.569,22,-0.2076818181818182
Cc1cccc(c1C)Oc2nccc(n2)-c3c(-c4ccc(F)cc4)ncn3CCCNS(=O)(=O)C,-4.569,35,-0.13054285714285715
CS(=O)(=O)N1CC[C@@H](C1)[C@H]2CCOC2,-4.568,14,-0.32628571428571423
C1C[C@H](C)Cc(c12)sc(c2C(=O)N)N[C@H]3CCN(C3)S(=O)(=O)C,-4.568,23,-0.1986086956521739
c1ccccc1CNc2cn(C)c(=O)c(c23)C/C(O3)=c4\cnc([nH]4)=C5CCCC5,-4.568,29,-0.15751724137931034
CC(C)Oc(c1)c(C(=O)N)cc(c12)nccc2[C@H](C)C3CC3,-4.566,22,-0.20754545454545453
CC(=O)NCCC(=O)c1ccc(cc1Cl)CNCCc(n2)[nH]c(c23)ccc(c3)C,-4.566,29,-0.15744827586206897
c1cc(C)cc(c12)c(c[nH]2)CN3CCC(CC3)NC(=O)NC(C)C,-4.566,24,-0.19025
O=C([O-])CCC[C@@H](O)\C=C\Cc([nH+]c1N)cc(n1)N2CC[NH+](CC2)C3COC3,-4.566,28,-0.16307142857142856
[nH]1cc[nH+]c1CCC(=O)CCNC(=O)CC[NH2+]Cc2ccc(c(Cl)c2)-c3ccccc3,-4.565,31,-0.14725806451612905
C[Si](C)(C)C#CCC(=O)c1ccccc1[N+](=O)[O-],-4.565,18,-0.2536111111111111
N#CCCN(C)c(c(c12)cc(Br)cc2)nc(n1)-c3ccc(=O)n(c3)Cc4ccccc4,-4.565,31,-0.14725806451612905
C[NH+](C)CCN1CCN(CC1)c(c2)c(C(=O)N)cc(c23)[nH+]ccc3O[C@@H]4CCC[NH2+]C4,-4.565,31,-0.14725806451612905
CC(C)=CCC[C@H](C)c1cccc(n1)-c2c(C)nnn2C3CC[NH2+]CC3,-4.564,26,-0.17553846153846153
FC(F)(F)C([O-])(C(F)(F)F)C(=O)NCCO,-4.564,16,-0.28525
C1CC1c([nH+]2)cccc2[C@H](CC)CCN3CCN(C)C(=O)[C@H]3C,-4.562,23,-0.19834782608695653
CCCNn1cc(C)c(=O)[nH]c1=O,-4.562,13,-0.35092307692307695
C[N+](C)(C)CCOP(=O)([O-])OC[C@H](OC(=O)CCCC)COC(=O)c1ccc(=O)n(C)c1,-4.562,32,-0.1425625
O=C([O-])Cn(cc1)c(c12)ccc(c2)Cc([nH]n3)c(c34)cccn4,-4.561,23,-0.19830434782608694
CN(C)C(=O)c1cccc(c1)-c2ccnc(N)c2,-4.561,18,-0.2533888888888889
C=CCOC(=O)c1cc(C(C)(C)[NH3+])cc(n1)-c2ccc(F)cc2,-4.561,23,-0.19830434782608694
o1cccc1C(=O)c2cc(F)c(c(F)c2)-c3cc(CO)ccc3F,-4.56,24,-0.18999999999999997
CC(C)(C)S(=O)(=O)Nc1cc(ccc1Cl)Nc2nc(CC(=O)[O-])ncc2C(F)(F)F,-4.559,30,-0.15196666666666667
[NH3+]CCc1ccc(cc1)CCOCCOCCOCCO,-4.559,21,-0.2170952380952381
O=c([nH]1)[nH]c(=O)cc1C(=O)c2nccc(n2)-c3c(-c4ccc(F)cc4)ncn3C5CC[NH2+]CC5,-4.558,34,-0.13405882352941176
C[NH2+]Cc1ccccc1C(=O)C2CCCCC2,-4.558,17,-0.2681176470588235
CCCCCCCC(=O)CC(=O)SCCNc(nc(n1)C)c(c12)cccc2,-4.557,27,-0.1687777777777778
C[NH2+]Cc1ccc(cc1)-c(cc2)cc(c23)[C@@H](C[C@H](C)N3C(=O)C)NC(=O)c4c(C5CC5)n[nH]c4C,-4.557,35,-0.1302
O=C1CCCc(c12)n(c(c2)CC)CCC/C(C)=C/CSP(=O)([O-])OP(=O)([O-])O,-4.556,28,-0.16271428571428573
COc1ccc(cc1Cl)CCc(n2)n(C[C@H](C)N3CCOCC3)c(c24)ccc(c4)-c5ccn[nH]5,-4.555,34,-0.13397058823529412
Cc1nc(CN(C)C)ccc1-c2cccc(c2)NS(=O)(=O)c3ccc(F)c(Cl)c3,-4.554,29,-0.1570344827586207
C1CC1Nc(c2CC)nc(N)nc2-c(c(Cl)cc3)c(c34)nnn4Cc(n[nH]5)c(c56)cccn6,-4.554,33,-0.138
O=Cc1ccccc1/C=N/N=c2\[nH]c(cs2)-c(cc3)cc(c34)O[C@@H](C(=O)N4)CC5CC5,-4.553,31,-0.14687096774193548
c1cc(C)cc(c12)[nH+]c([nH]2)CCn3ccc(=O)c(C(=O)[O-])c3O,-4.553,23,-0.19795652173913042
c1ccccc1Cn2ccnc2C(=O)c3cccc(c3)OCc4ccccc4,-4.552,28,-0.16257142857142856
O[C@@H]1CC[N@H+](CC1)Cc(n[nH]2)c(c23)cccn3,-4.552,17,-0.2677647058823529
O=C1CCN(CC1)C[C@@H](O)c2cccc(Cl)c2,-4.551,17,-0.2677058823529412
n1[nH]ccc1-c2ccc(cc2Cl)CNCCc3c[nH+]c[nH]3,-4.551,21,-0.21671428571428572
CC1=NCS[C@@H]1c2ccc(cc2)C[NH2+]Cc3ccco3,-4.551,20,-0.22755
CCCCCCCCCCCCCCC[C@@H](O)[C@H](CO)NC=O,-4.55,23,-0.19782608695652174
c1ccccc1[C@](C)(CO2)c(c23)cc(C(=O)N[C@H]4[C@@H]([C@@H]45)COC5)cc3C(=O)OCc6ccccc6,-4.55,35,-0.13
C/C=C/CCCCCCCC(=O)O[C@H](COP(=O)([O-])O)COCCCNC(=O)C,-4.55,29,-0.1568965517241379
COc1cc(OC)c(cc1C)CCCCCc2cc(C)no2,-4.55,22,-0.20681818181818182
CCOC(=O)c1csc(n1)Nc2nccs2,-4.549,16,-0.2843125
COc1cccc(c1)C/C(N)=N/n(cn2)c(c23)ncnc3[O-],-4.549,22,-0.2067727272727273
O=C1[N-]C(=O)[C@@H](S1)Cc2ccc(cc2)OCCNCc3ccc(O)cc3,-4.548,26,-0.17492307692307693
O=[N+]([O-])c1ccccc1C(=O)c2ccccc2OCCO,-4.548,21,-0.21657142857142858
CC(C)Cn1ncc(Cl)c1C(=O)Nc(cc2)cc(c23)nc([nH]3)C[C@H](O)CO,-4.547,27,-0.1684074074074074
CCCCn1cc(nn1)CNC(=O)OC(C)C,-4.546,17,-0.26741176470588235
C1C[C@@H](C)CC[C@@H]1[C@@H](C)CCN(C)c2cccc[nH+]2,-4.546,19,-0.23926315789473684
Cc1ccc(cc1)OCCc(ccc2)n(c23)nc([nH+]3)N,-4.546,20,-0.2273
c1ccccc1C[C@@H](NC(=O)[C@H](O)[C@H](C)N)CCc2ccc(F)c(F)c2F,-4.545,27,-0.16833333333333333
COc1ccc(cc1)S(=O)(=O)c2ccc(cc2)C[NH+]3CCCCC3,-4.545,24,-0.189375
C1CC1[C@@H](C)c2cc(Cl)ccc2OCC[NH+](C)C,-4.544,18,-0.2524444444444444
c1cccc(c12)[nH+]c(cc2)Cc(c(c34)c(=O)[nH]nc3)cnc4NCc(c(F)cc5)c(c56)CCO6,-4.544,34,-0.1336470588235294
Fc(c1)cccc1OCC(=O)Nc2nc(cs2)-c3cc(Cl)ccc3[O-],-4.544,25,-0.18175999999999998
CC/C=C/CCc1ccccn1,-4.543,12,-0.3785833333333333
CC[C@](C)(C(=O)[O-])C[C@H]1CCCO1,-4.543,13,-0.3494615384615385
Cc1ccccc1CC(=O)CC(C)C,-4.542,14,-0.3244285714285714
Cc1cc(N)[nH+]c(c1)CCCCCC(F)(F)F,-4.541,17,-0.26711764705882357
CCN(C(=O)C1)c(c12)ccc(c2)NN3CCN(C)C(=O)[C@H]3C,-4.541,22,-0.20640909090909093
CC(=O)NC[C@H]1CN(C(=O)O1)c2ccc(c(F)c2)C(=O)CC(=O)C(=O)[O-],-4.54,26,-0.17461538461538462
CCNC(=O)c(c1)[nH]c(c12)c(=O)n(C)cc2-c3cc(S(=O)(=O)CC)ccc3CCC(=O)NC4CC4,-4.54,35,-0.12971428571428573
CCc1ccccc1S(=O)(=O)c2cccs2,-4.54,16,-0.28375
CSc1ccc(cc1)C(=O)CCc2[nH+]cc[nH]2,-4.539,17,-0.26699999999999996
COCCONCCC(F)(F)F,-4.539,12,-0.37825
OC[C@@H](O)C(=O)S(=O)(=O)c1ccc(F)c(Cl)c1,-4.537,17,-0.26688235294117646
CCC(=O)c1c[nH]c(c1)C(=O)C[C@@H]2CC[N@H+](CC2)Cc3ccc([N+](=O)[O-])cc3,-4.537,28,-0.16203571428571428
CC(C)(O)Cn1cc(cn1)S(=O)(=O)C2CCCCC2,-4.537,19,-0.23878947368421052
c1ccc(C)c(c12)nc([nH]2)CCNCc3ccc(c(Cl)c3)NCCCNC(=O)c4ccc(F)cc4,-4.535,35,-0.1295714285714286
c1cccc(c12)nc(s2)-c3cnc([nH]3)C4CCC4,-4.535,18,-0.25194444444444447
Cc1ccc(cc1)S(=O)(=O)c2ccc(F)c(C)c2,-4.532,18,-0.25177777777777777
C[NH+](C)C1CCN(CC1)c2cc[nH]n2,-4.532,14,-0.32371428571428573
Ic(n1)nc(N)c(c12)ncn2-c3ccccc3Oc4ccccc4,-4.53,24,-0.18875
C#CCc(c1)c(O)cc(c12)NC(=O)C(O2)(C)C,-4.53,17,-0.2664705882352941
NC(=[NH2+])c1ccc(Cl)cc1,-4.529,10,-0.45289999999999997
C[C@H](N)[C@@H](O)C(=O)c1cc(c(=O)n(C)c1)NC(=O)Nc2ccccc2F,-4.529,26,-0.1741923076923077
O[C@H](C1)CCCN1c2cn(C)c(=O)c(c23)cc(o3)-c4c[nH]c(n4)C5CCC5,-4.528,27,-0.1677037037037037
C#CCn1cnc(c1C(=O)OC(C)C)-c2cccc(c2)OC,-4.528,22,-0.2058181818181818
CCCCn1cc(nn1)CNc2cnn(c2)CC(C)(C)O,-4.527,21,-0.21557142857142858
COc(cc1)cc(c12)nc([nH]2)CCc(cn(C)c3=O)c(c34)oc(c4)-c5c[nH]c(n5)C6CCC6,-4.527,33,-0.13718181818181818
c1cccc(c12)c(c[nH]2)C[C@@H]([NH2+]C(CC)CC)C(=O)Nc3ccncc3,-4.527,26,-0.17411538461538462
C[NH+](C)CCCN(C)c(nc(c12)ccc(Br)c2)nc1-c3[nH]ncc3-c4ccncc4,-4.526,30,-0.15086666666666665
c1ccccc1C(\O)=C\C(=O)c(on2)c(c23)cccc3,-4.526,20,-0.2263
FC(F)(F)C(O)(C(F)(F)F)C(=O)NCc1ccc(F)cc1,-4.525,21,-0.2154761904761905
n1c[nH]cc1-c(o2)cc(c23)c(=O)n(C)cc3N4CCC(CC4)NC(=O)[C@@H](N)Cc(c[nH]5)c(c56)cccc6,-4.525,37,-0.12229729729729731
COc1ccccc1-c2ccc(cc2C)C[NH2+]CCc(n3)[nH]c(c34)cccc4,-4.524,28,-0.16157142857142856
Nc1nc(SC)nc(c12)n(cn2)-c3cc(C(C)(C)O)ccc3Oc4ccc(F)cc4F,-4.523,31,-0.1459032258064516
CCCn(c1=O)c(=O)n(CCC)c(c12)nc([nH]2)-c3ccc(c(F)c3)C(=O)N[C@@H]4CC[N@@H+](C)CC4,-4.523,34,-0.13302941176470587
n1c[nH]cc1-c2ccc(nc2)N3CC[NH2+]CC3,-4.522,17,-0.266
O=CCCCOc(cc1)cc(c12)ccn2CC(=O)[O-],-4.522,19,-0.23800000000000002
CCCCn1cc(nn1)CNc2cc(NC)nc(n2)N,-4.522,20,-0.22610000000000002
CS(=O)(=O)Nc1cc(ccc1C)-c2ccc(cc2)NC(=O)[C@@H](N)CO,-4.521,25,-0.18084
Nc1ncnc(c12)n(cn2)C(=O)c(c3C)nn(CCCCCO)c3-c4ccccc4,-4.521,30,-0.1507
COc1ccc(cc1)Cn(nn2)c(c23)[C@](C)(O)CC[C@H]3Oc4cccc(Cl)c4,-4.52,28,-0.16142857142857142
CCCC(=O)N1[C@H](C)C(=O)N(C)c(c12)ccc(c2)C(=O)Nc3ccc(C)cc3C,-4.52,29,-0.15586206896551721
CC(C)(C)n(c1[O-])ncc1C(=O)c(c2C)ccc(S(=O)(=O)C)c2OCc3ccccc3,-4.52,31,-0.1458064516129032
O=C(C1)NC[C@@H]1[C@@H](C)Oc(c(c23)cccn3)cc(c2)C(=O)CC4(CC(=O)[O-])CCCC4,-4.52,31,-0.1458064516129032
Fc1ccccc1-n(nc2)c(c23)CCC[C@H]3NCc4cccc(Cl)c4,-4.52,25,-0.1808
CC(C)(C)OC(=O)NCCCNc1cccc(c1)Cn2ccc(=O)c(C(=O)[O-])c2O,-4.52,30,-0.15066666666666664
COc1ccc(cc1)Cn(nn2)c(c23)[C@@](C)(O)CC[C@H]3OC(=O)NC(=[NH2+])Cc4cccc(c4)OC,-4.519,35,-0.1291142857142857
Cc1ccc(cc1)S(=O)(=O)CCc2ccccc2,-4.518,18,-0.251
CC(=O)N[C@H]1CCN(C1)CC#N,-4.517,12,-0.3764166666666667
COc1cc(cnc1N)-c2cnn(C)c2,-4.516,15,-0.30106666666666665
CCCn(c1=O)c(=O)n(CCC)c(c12)nc([nH]2)-c3ccc(cc3)OCC(=O)[C@H]4C[C@@H](C#N)C4,-4.516,33,-0.13684848484848486
CC(C)(C)c1ccccc1-c2nccs2,-4.515,15,-0.301
Fc1ccccc1Cn2cc[nH+]c2,-4.513,13,-0.34715384615384615
COc1ccccc1Oc2nccc(n2)C(C)(C)C(=O)[O-],-4.513,21,-0.2149047619047619
CCOC(=O)c1csc(n1)N2CCN(CC2)NCc3cc(C)ccc3C,-4.513,26,-0.17357692307692307
CC(=O)NC[C@H]1CN(C(=O)O1)[C@@H]2CC[N@H+](CC2)Cc3cccc(n3)Oc4ccccc4,-4.513,31,-0.14558064516129032
COc1cc(OC)c(cc1C)-c2n[nH]c(n2)-c3ccccc3,-4.512,22,-0.20509090909090907
CCOc1ccc(C(=O)C)cc1-c2cc(NC(=O)c3ccco3)cc(c2)[C@H](C)c4noc(=O)[nH]4,-4.512,34,-0.13270588235294117
CCCNC(=O)c1c(cnn1C)C(=O)N2CCC2,-4.512,18,-0.25066666666666665
c1cccc(c12)nc(C)nc2-c3nc(c(o3)C)CC[C@H](O)c4ccc(cc4)C[C@@H]5SC(=O)NC5=O,-4.512,35,-0.1289142857142857
CC(C)C[C@H](N)C(=O)Nc(c(c12)CN(S(=O)(=O)C)CC2)nn1CCCN3CCOCC3,-4.512,31,-0.14554838709677417
OCC[N+](C)(CCO)CCCCCCNC(=O)c1ccc(S(=O)=O)cc1,-4.512,26,-0.17353846153846153
n1cc[nH]c1CCC2CC[NH2+]CC2,-4.511,13,-0.34700000000000003
c1cc(Cl)ccc1CC2([NH3+])CCN(CC2)C(c3ccccc3)c4ccccc4,-4.511,28,-0.16110714285714287
CC(C)(C)c(cc1)ccc1[C@H](C)NNc2ccc(F)cc2F,-4.51,22,-0.205
COc1ccccc1Oc2nccc(n2)CCCC(=O)[O-],-4.509,21,-0.21471428571428572
COc1ccc(cc1)Cn2nnc(n2)-c(c3)nc(NC(C)C)c(n34)nnc4C,-4.508,28,-0.161
O=C([O-])[C@H](C)S(=O)(=O)c1cccs1,-4.508,13,-0.3467692307692308
COc(cc1)cc(c12)c(CCNC(=O)C)c([nH]2)-c3ccc(nc3)N4CC[NH2+]CC4,-4.508,29,-0.15544827586206897
Cc1noc(C)c1-c2ccc(cc2)C[C@@H]3O[C@@H](C)[C@H](O)[C@@H](O)[C@H]3O,-4.508,24,-0.18783333333333332
Cc1cc(C)cc(c1)N2CCSCC2,-4.507,14,-0.3219285714285714
O=C([O-])COCc1ccccc1,-4.507,12,-0.3755833333333333
Cc1cc([nH]n1)[C@@H](C)[NH2+]CCOc2ccc(cc2)C[C@@H]3SC(=O)NC3=O,-4.506,26,-0.17330769230769233
O=C([O-])C[C@H](C)CCCc1[nH]ncc1-c2ccncc2,-4.505,20,-0.22525
Cc1ccc(cc1)OCCS(=O)(=O)c2c(C)noc2C,-4.505,20,-0.22525
Nc1nc(SC)nc(c12)n(cn2)-c3ncn(n3)C[C@H]4CC[C@H](C(=O)[O-])CC4,-4.504,27,-0.1668148148148148
CCCCCC(=O)N[C@@H](CO)[C@H](O)CCCC[NH+](C)C,-4.504,20,-0.22519999999999998
c1nccc(c12)c(C(=O)[O-])c(C)c(n2)CCC[NH+](C)C,-4.504,20,-0.22519999999999998
C1CC1Oc2ccc(cc2OC)C(=O)NNC(=O)c3cc(C(C)(C)N)cc(n3)Nc4ccccc4,-4.504,35,-0.12868571428571426
CC[C@@H]([C@H](C)O)C(=O)c(cc1)cc(c12)c(C)c(C)n2Cc3ccc(Cl)c(c3)O[C@@H](C)C(=O)[O-],-4.503,33,-0.13645454545454547
Cc1n[nH]c(C2CC2)c1S(=O)(=O)c3cccs3,-4.503,17,-0.26488235294117646
C[C@H](O)c1ccc(nc1)CCc2cc(nc(n2)N)N3CC[NH+](CC3)C4COC4,-4.503,28,-0.1608214285714286
C1CC1Nc(c2CC)nc(N)nc2C(=O)C3CCCCC3,-4.501,21,-0.21433333333333335
CNc1cc(nc(N)[nH+]1)N2CCN(CC2)c3cc[nH+]c(n3)Nc4cc(C)cc(C)c4,-4.5,30,-0.15
c1ccccc1-c(n2)c[nH]c2C3CCCC3,-4.5,16,-0.28125
C[NH+](C)C1CCN(CC1)c2ncn(n2)C[C@H]3CC[C@H](C(=O)[O-])CC3,-4.5,24,-0.1875
n1cccc(c12)c(n[nH]2)Cc(cn3C)c(n3)COc4ccc(cc4)-c(ccc5)c(c56)[nH+]cn6C,-4.5,34,-0.1323529411764706
COc1ccc(cc1OC)CCOCCOCCOCCOCCO,-4.5,25,-0.18
Cn1cc(NS(=O)(=O)C)c(n1)COc2ccc(cc2)-c(cc3)nc(c34)cccc4,-4.499,29,-0.15513793103448276
C[Si](C)(C)C#CCc1ccccc1OCCCC(=O)[O-],-4.499,20,-0.22494999999999998
COc1ccc(cc1Cl)CCc(n2)n(C[C@H](C)N3CCOCC3)c(c24)ccc(c4)-c5ccn(n5)C,-4.498,35,-0.12851428571428572
Cc1ccc(cc1C)-c2ccc(cc2)CC(=O)N3CCOCC3,-4.497,23,-0.19552173913043477
CCOc1ccc(C(=O)C)cc1CCn(c(n2)SCCC(=O)[O-])c(c23)cccc3,-4.496,29,-0.1550344827586207
O=C([O-])C(C)(C)Oc1c(C)cc(cc1C)Cc2ccnc(n2)Nc3ccc(C#N)cc3,-4.496,31,-0.14503225806451614
COCCOCCOCCOc(c1)c(OC)cc(c12)CCN(C2)c3ccc(C#N)c(Cl)c3,-4.496,32,-0.1405
Cc1[nH]nc(C2CC2)c1NCC[NH+]3CCOCC3,-4.495,18,-0.24972222222222223
CS(=O)(=O)Nc1cc(ccc1C)-c(nn(c23)c(nn3)C)cc2Nc4[nH+]cc[nH]4,-4.494,28,-0.1605
C1CC1Oc2ccc(cc2OC)C(=O)[C@@H]3O[C@@H](C)[C@H](O)[C@@H](O)[C@H]3O,-4.494,24,-0.18725
COc1ccc(cc1)S(=O)(=O)C[C@H]2CC[C@H](C)CC2,-4.494,19,-0.23652631578947367
C1OCC[C@@H]1c2ccc(cc2OC)C[NH2+]CCc([nH+]3)[nH]c(c34)cccc4,-4.492,26,-0.17276923076923076
CC(=O)Nc1cccc(c1)C(=O)[C@@H]([NH3+])CC(C)C,-4.49,18,-0.24944444444444447
CCC(=O)c1c[nH]c(c1)C(=O)c2cccc(c2)[N-]S(=O)(=O)c3cccc(Br)c3,-4.49,28,-0.16035714285714286
O=P([O-])(O)OP(=O)([O-])SCCCCc([nH]1)nc(c12)ccc(Cl)c2,-4.49,23,-0.19521739130434784
O=c1ccc(cn1C)Nc2ccncc2,-4.49,15,-0.29933333333333334
Cc1cc(C)cc(c1)Oc2cccc(n2)[C@@H](C)C(=O)[O-],-4.49,20,-0.2245
Cn1c(=O)n(C)c(c12)cc(c(C)c2)S(=O)(=O)CCCCCCCCC(=O)OC[C@H](O)CO,-4.49,32,-0.1403125
Cn1cccc1CCSP(=O)([O-])OP(=O)([O-])O,-4.489,17,-0.26405882352941173
C[NH+](C)CCc1ccc(cc1)-c2ccccc2,-4.488,17,-0.264
Cc1ccc(cc1)[C@H](C)c2c(C)nn(C)c2C,-4.488,17,-0.264
Cc1nnn(C)c1-c(c2)c(F)cc(c23)c4c(cc(cn4)C(C)(C)O)n3-c5n[nH]c(n5)-c6ccccc6,-4.488,36,-0.12466666666666668
COCCOS(=O)(=O)CC(F)(F)F,-4.486,13,-0.34507692307692306
C1CC1C(=O)Cc2ccco2,-4.484,11,-0.40763636363636363
CN(C1)C(=O)Nc(c12)ccc(c2)S(=O)(=O)c3cccc(Br)c3,-4.484,22,-0.20381818181818182
O=C([O-])CCC[C@@H](O)/C=C/Cc1cnc[nH]1,-4.484,16,-0.28025
CCCCCN1CC=CC1=O,-4.484,11,-0.40763636363636363
Cc1cccc(C)c1N2CCCCC2,-4.484,14,-0.3202857142857143
OCCN[NH2+]CCCc1cccc(c1)Oc2ccccc2,-4.483,21,-0.21347619047619046
CCCCCCC/C=C/CCCCCCCCC(=O)N1CCN(CC1)C(=O)c2cc(=O)[nH]c(=O)[n-]2,-4.482,35,-0.12805714285714287
o1nc(C)c(c12)cc(c(c2)O)-c3ccc(B(O)O)cc3,-4.482,20,-0.22410000000000002
CC(=O)N[C@H]1CCN(C1)Nc2ccccc2C(=O)[O-],-4.482,19,-0.23589473684210527
CC(C)(C)c1ncn(n1)C[C@H]2CC[C@H](C(=O)[O-])CC2,-4.481,19,-0.23584210526315788
COc(nn1)n(c12)nc(cc2)N3CCC(CC3)c4ccc(cc4)OCCCC(C)(C)C,-4.48,31,-0.14451612903225808
C=CCOCCOCCOCCOCCOCCOCCO,-4.48,22,-0.20363636363636364
c1sccc1CC(=O)Cc2ccc(F)cc2,-4.479,16,-0.2799375
CCCCCCC(=O)C(=O)Cc(cnc1)c(c12)c(O)ccc2,-4.478,22,-0.20354545454545453
CCCC(=O)C(C1)CC1(F)F,-4.478,11,-0.40709090909090906
COc1cccc(c1)-c(cc2)cc(c23)oc(c3CC(=O)[O-])C(=O)[C@@H](N)CC(C)C,-4.477,29,-0.1543793103448276
c1cc(F)ccc1C(=O)NCCC[NH2+]CC[NH2+]C/C=C/c2ccc(Br)cc2,-4.477,27,-0.16581481481481483
COc1cccc(c1)-c(cc2)cc(c23)oc(c3CC(=O)[O-])C(=O)[C@@H]([NH3+])CC(C)C,-4.477,29,-0.1543793103448276
N#Cc1ccc(cc1)Nc2nccc(n2)CC(=O)[O-],-4.477,19,-0.23563157894736844
Cc1noc(C)c1-c2ccc(cc2)-c3c[nH]cn3,-4.476,18,-0.24866666666666667
O=C([O-])COc1ccc(cc1C)SCc2sc(nc2C)C[C@H](O)[C@H](N)CO,-4.476,27,-0.16577777777777777
[NH3+]CCNC(=O)CN(CCCC)c1cccc(c1C)-c2ccc(SC)cc2,-4.475,27,-0.16574074074074072
CCC(CC)Cc1ccc(cc1)-c2c(C)noc2C,-4.475,19,-0.23552631578947367
Cc1nc(cs1)-c2cnn(C)c2,-4.474,12,-0.37283333333333335
C1CC1NC(=O)c2ccc(s2)NCCc3cc[nH+]cc3,-4.474,20,-0.2237
CCNC(=O)c(c1)[nH]c(c12)c(=O)n(C)cc2-c3cc(C(C)(C)O)ccc3-c4cc(F)cnc4Cl,-4.474,34,-0.13158823529411764
Fc1ccc(cc1C)S(=O)(=O)c(c2)c(O)cc(c23)NC(=O)C(O3)(C)C,-4.473,25,-0.17892
C[C@H]1C[C@@H](C)C[N@H+](C1)[C@H](C)c(ccc2)c(c23)cccc3,-4.473,20,-0.22365
CC[C@H](C)[C@H]([NH3+])C(=O)[N-]S(=O)(=O)c(c1)c(OC)cc(c12)onc2C,-4.473,24,-0.18637499999999999
CC1=NCS[C@@H]1c2ccc(cc2)CNc(cc[nH+]3)c(c34)[nH]c([nH+]4)N,-4.472,24,-0.18633333333333335
O=Cc1ccccc1/C=[NH+]/CCC[NH+]2CCOCC2,-4.472,19,-0.2353684210526316
FC(F)(F)c1cc(ccc1Cl)N2CCN(C(F)(F)F)CC2,-4.472,21,-0.21295238095238098
O=C([O-])CCC[C@@H](O)\C=C\Cc(nc1N)cc(n1)N2CCN(CC2)C3COC3,-4.471,28,-0.15967857142857142
CN(C)c1ccc(cc1)C2(CCCC2)CNC(=O)CC(=O)C(=O)[O-],-4.47,24,-0.18625
c1ccccc1C(Cn2cncn2)c3ccccc3,-4.47,19,-0.23526315789473684
CC[N@H+]1CC[C@@H](CC1)NCC(=CC2=O)N=C([N+]2=3)C=C(N3)C4CCOCC4,-4.47,26,-0.1719230769230769
CCc1ccc(nc1)CC[NH2+]CCC(=O)Nc2cccc(C(=O)[O-])c2,-4.47,25,-0.1788
C1CC1C(=O)c(cn2)n(c23)CCC3,-4.469,13,-0.34376923076923077
O=[N+]([O-])c1ccc(cc1)Cc2ccno2,-4.469,15,-0.29793333333333333
Cn1c(=O)n(C)c(c12)cc(c(c2)[C@@H](CC)CO)Oc3cccc(c3)OCc4ccccc4,-4.469,32,-0.13965625
O=Cc1ccccc1/C=N/Nc2nc(cs2)-c(cc3)cc(c34)OCCO4,-4.469,26,-0.17188461538461539
O[C@@H]1CCC[N@@H+](C1)NCCCCc2ccccc2,-4.469,18,-0.2482777777777778
o1cccc1-c(cc2)cc(c23)[C@@H](C[C@H](C)N3C(=O)C)[NH2+]C/C=C/[C@H](O)CCCC(=O)[O-],-4.468,31,-0.1441290322580645
COc(cc1)cc(c12)c(CCC(=O)[O-])cn2Cc3ccco3,-4.468,22,-0.2030909090909091
C1C[C@@H](C)CC[C@@H]1[C@@H](C)S(=O)(=O)c2ccccc2Cl,-4.467,19,-0.2351052631578947
O=C([O-])C[C@H](C)CCCOc1ccccc1C[NH+](CC2)CCC23Oc4c(O3)cccc4,-4.467,31,-0.14409677419354838
CCc1ccccc1-c2ccc(cc2C)CN[C@H](C)c3cccc(c3)S(=O)(=O)N,-4.467,29,-0.15403448275862067
C1CCCCN1c2cn(C)c(=O)c(c23)cc(o3)-c4c[nH+]c([nH]4)C5CCC5,-4.466,26,-0.17176923076923079
CCCCCCCC(=O)CC(=O)SCCNc1nc(cs1)C(=O)OCC,-4.466,26,-0.17176923076923079
CCCCCCCC(=O)O[C@@H](COP(=O)([O-])OCC[NH3+])COCCc1ccc[nH]1,-4.465,29,-0.1539655172413793
CNc1ccnc(n1)-n2ccnc2,-4.465,13,-0.34346153846153843
CCCCCCCC(=O)c(c(c12)c(=O)[nH]nc2)cnc1NCc(c(F)cc3)c(c34)CCO4,-4.464,32,-0.1395
Clc1ccccc1S(=O)(=O)c2c[nH]nc2-c3cccc(C(F)(F)F)c3,-4.463,25,-0.17852
c1cccc(c12)[nH]c([nH+]2)CC[NH2+]Cc(cc3C)ccc3C(=O)COc4cccc(F)c4,-4.463,31,-0.14396774193548387
CC[C@H](C)[C@H]([NH3+])C(=O)NN1CC[N+](CC1)=C(N2)CSc(c23)cccc3,-4.463,25,-0.17852
c1cc(C)cc(c12)[nH]c(n2)CCCCCOc(cc3)cc(c34)ccn4CC(=O)[O-],-4.463,29,-0.15389655172413794
Cc1noc(C)c1-c2ccc(cc2)[C@@H](C)[NH2+]C(C)(C)CO,-4.463,21,-0.21252380952380953
CC(=O)N[C@H]1CCN(C1)c2ccc(cc2F)C3=NO[C@@H](C3)CNN[C@H](C)c4cc(C)n[nH]4,-4.463,32,-0.13946875
c1ccccc1CCCN2CCOCC2,-4.462,15,-0.29746666666666666
n1ccccc1N2CCC(CC2)Nn3cncn3,-4.462,18,-0.24788888888888888
CC[N@H+]1CC[C@@H](CC1)Nc2cc(OC)cc(c2)OC,-4.462,19,-0.23484210526315788
C[C@H]1COCC[N@@H+]1Cc2ccccc2OCCC[C@@H](C)CC(=O)[O-],-4.462,24,-0.18591666666666665
O=C([O-])CCSc(n1)n(c(c12)cccc2)[C@@H]3C=NC(N3)=C4CCC4,-4.461,24,-0.185875
[NH3+]CCNc1cn(C)c(=O)c(c12)cc(o2)-c3c[nH]c[nH+]3,-4.461,20,-0.22305000000000003
Cc1nn(C)c(Cl)c1S(=O)(=O)NCc2ccc(cc2)NCC3([NH3+])CCCCC3,-4.461,28,-0.15932142857142859
CCc(no1)c(c12)cc(c(c2)OC)/N=C/c3ccccc3C=O,-4.46,23,-0.19391304347826085
ONc1ccco1,-4.46,7,-0.6371428571428571
Cc1noc(C)c1S(=O)(=O)C(=O)[C@@H](N)CO,-4.459,16,-0.2786875
CCCC(=O)Nc1c(F)cc(cc1F)-c2cccc(c2)OC,-4.459,22,-0.20268181818181816
CCOc1ccc(C(=O)C)cc1[C@H](C(=O)[O-])Cc2ccc(cc2)OCCN(C)c3cccc[nH+]3,-4.459,34,-0.1311470588235294
CN(C1)C(=O)Nc(c12)ccc(c2)NNCC(=CC3=O)N=C([N+]3=4)C=C(N4)C5CCOCC5,-4.459,31,-0.14383870967741935
C1CC1Oc2ccc(cc2OC)C(=O)c3c(C)noc3C,-4.458,21,-0.2122857142857143
CC(C)C[C@H]([NH3+])C(=O)Nc1c(ncn1CC#C)-c2cccc(c2)OC,-4.458,25,-0.17832
CC(C)C[C@H]([NH3+])C(=O)Nc1ccc(Cl)c(c1)[N-]S(=O)(=O)C(C)(C)C,-4.458,24,-0.18575
CS(=O)(=O)Nc1cc(ccc1C)Cc([nH]n2)c(c23)cccn3,-4.457,22,-0.20259090909090907
C1C[C@H](C)CC[C@@H]1C(=O)N[C@@H](CCSC)C(=O)C(=O)c2ccc(cc2)N3CCCCC3,-4.455,31,-0.14370967741935484
FC(F)(F)CCNC(=O)c1ccc(cc1)C#CCCCOCCO,-4.454,24,-0.18558333333333332
Cc1nn(C)c(C)c1NN2CCC[NH2+]C[C@@H]2C,-4.454,17,-0.262
CC(C)OC(=O)N(CC1)CCC1([NH3+])Cc2ccc(Cl)cc2,-4.453,21,-0.21204761904761907
FC(F)(F)c(n1)nc(n12)nc(C)cc2C(=O)Cc(cnc3)c(c34)c(O)ccc4,-4.452,28,-0.159
CO[C@H](C(=O)[O-])Cc(c(c12)scc2)ccc1OCCc3nc(oc3C)-c4ccccn4,-4.452,31,-0.14361290322580644
C[C@@H]1C[NH2+]CCCN1c2ccc(F)c(F)c2F,-4.449,17,-0.2617058823529412
c1ncc(C)c(c12)c(ccc2)S(=O)(=O)c3c[nH]c(n3)C4CCC4,-4.449,23,-0.19343478260869565
FC(F)(F)c(cc1)ccc1-c(ncc2C)n2Cc3ccccc3,-4.449,23,-0.19343478260869565
CCCCCCCCCCCCCCC[C@@H](O)[C@H](CO)[NH2+]CCC(=O)NC1CC1,-4.449,29,-0.15341379310344827
Clc1ccc(c(Cl)c1)N2CCCCC2,-4.448,14,-0.3177142857142857
COCCNc1nc(ncc1Cl)Nc2ccc(cc2)N3CC[NH+](C)CC3,-4.448,26,-0.1710769230769231
O=C1NC(=O)[C@@H](S1)Cc(c(c23)scc3)ccc2Cc4ccccc4F,-4.448,25,-0.17792000000000002
CC(C)=CCC/C(C)=C\CC[C@H](C)[NH2+][C@@H]1CC[N@@H+](C)CC1,-4.447,21,-0.21176190476190476
CCc1cccc(C)c1NN[C@H](C)c2cc(C)n[nH]2,-4.447,19,-0.23405263157894737
[NH3+]CCCCCCCCCC(=O)N[C@@H](CO)C(=O)c1c[nH]cn1,-4.447,23,-0.19334782608695653
CCCCCCCC(=O)/[NH+]=C(/N)Cc1cccc(c1)OC,-4.446,21,-0.2117142857142857
N#Cc1ccc(cc1C)-c2ccc(o2)/C=N/Nc3ccccc3C(=O)[O-],-4.446,26,-0.17099999999999999
O=C1NCCC[C@H]1C[C@@H]([C@@H](O)C(=O)N2CCC2)NCCc(c[nH]3)c(c34)cccc4,-4.445,29,-0.15327586206896554
n1nc(C)n(c12)nc(cc2)CCCC[NH3+],-4.445,15,-0.29633333333333334
CCCCCCOc1cccc(c1)CCc(n[nH]2)c(c23)cccn3,-4.444,24,-0.18516666666666667
n1ocnc1-n(c(n2)C)c(c23)ccc(c3)OC(F)(F)F,-4.444,20,-0.2222
CC(C)[C@H](CO)CCc1ccc(cc1)OC(C)(C)C(=O)[O-],-4.443,21,-0.21157142857142855
CNc1cc([nH+]c(n1)N)N2CCN(CC2)N[C@H](C(=O)[O-])Cc(c[nH]3)c(c34)cccc4,-4.443,30,-0.14809999999999998
Cc1cccc(c1C)Oc2nccc(n2)-c3c(-c4ccc(F)cc4)[nH+]cn3CCCNS(=O)(=O)C,-4.442,35,-0.12691428571428573
O=c1[nH]cc(Cl)cc1C(=O)CCNCc2ccc(c(Cl)c2)-c3ccccc3,-4.441,27,-0.16448148148148148
c1ccccc1S(=O)(=O)NCC#Cc2ccc(cc2)S(=O)(=O)c3ccc(C(F)(F)F)c(F)c3,-4.441,33,-0.13457575757575757
CC(=O)NC[C@H]1CN(C(=O)O1)c2ccc(c(F)c2)-c3ccc(cc3Cl)C[NH2+]CCC(=O)N,-4.44,32,-0.13875
n1ocnc1-c(cc2Cl)ccc2Cc3cn[nH]c3,-4.44,18,-0.2466666666666667
[NH3+]Cc1ccc(cc1)N2CCN(CC2)Cc3ccccc3,-4.44,21,-0.21142857142857144
CCCCCCCCNc1nc(cs1)-c2ccccn2,-4.44,20,-0.22200000000000003
Cc1ccc(C(C)C)cc1[C@H](C)c2noc(=O)[n-]2,-4.44,18,-0.2466666666666667
c1ccc(OC)c(c12)[nH+]c([nH]2)CCc3ccccc3,-4.439,19,-0.2336315789473684
c1nnc(O)c(n12)c(C)cc2CCc(n3)[nH]c(c34)ccc(Cl)c4,-4.439,23,-0.193
C[NH2+]Cc1cc(nn1C)[C@H](C([O-])=O)C[C@@H]2CC[C@@H](CC2)OCCN(C)[C@H]3CCCC[NH2+]3,-4.439,31,-0.14319354838709678
c1cc(Cl)cc(c12)nc([nH]2)CCCCCNCc3cccnc3,-4.439,23,-0.193
CCCCC1CC[NH2+]CC1,-4.439,10,-0.4439
COc(c1)c(OC)cc(c12)CN(CC2)CCc3ccc(cc3)NC[C@H](O)CCCC(=O)[O-],-4.438,32,-0.1386875
CC[C@@H](CO)CCc1ccc(cc1)OS(=O)(=O)C,-4.438,18,-0.24655555555555553
O=C([O-])CCC[C@@H](O)/C=C/Cc1nnc([nH]1)-c2ccc(F)cc2,-4.437,23,-0.19291304347826088
Nc([nH+]1)nn(c12)c(ccc2)N3CCN(CC3)C(=O)CC4(CC(=O)[O-])CCCC4,-4.437,28,-0.15846428571428572
Cn1ccc(n1)-c2ccccc2F,-4.437,13,-0.3413076923076923
Cc1cc([nH]n1)[C@@H](C)Nc2cn[nH]c2,-4.437,14,-0.31692857142857145
CCc1c(C)nc(N)nc1-c(c(c23)[nH]c(n3)C4CC4)cc(c2)-c5c(C)noc5C,-4.436,29,-0.1529655172413793
OCCOc1c(C)cc(cc1C)S(=O)(=O)c2cc(Br)ccc2Br,-4.435,23,-0.19282608695652173
C1CC1COc(cc2)ccc2C(=O)c3nccn3Cc4ccccc4,-4.435,25,-0.17739999999999997
CN(C)CC[N@H+]1CC[C@@H](CC1)c2cccc(c2)NS(=O)(=O)c3cccs3,-4.435,26,-0.17057692307692307
Fc1ccc(cc1C)S(=O)(=O)C(=O)c2cccc(c2)-c(cc3)nc(c34)sc(n4)NC(=O)C5CC5,-4.435,34,-0.13044117647058823
Cc1cc(C)cc(c1)Oc2nccc(n2)S(=O)(=O)C3CCCCC3,-4.434,24,-0.18475
CN(C)CC[N@H+](CC1)CC[C@H]1n(nnc2C)c2-c3cccc(n3)-c4cc(Cl)ccc4O,-4.434,31,-0.14303225806451614
Fc(c1)cccc1OCC(=O)Nc2nc(cs2)-c3cccc(c3)N4C=CCC4=O,-4.434,29,-0.15289655172413794
C1COCCN1C(=O)c(cnn2C)c2C(=O)CCNc(n3)sc(c34)cccc4,-4.434,28,-0.15835714285714286
O=C1NC(=O)[C@@H](S1)Cc2ccc(cc2)OCCNN(CC3)CCC34Oc5c(O4)cccc5,-4.433,32,-0.13853125
Nc1nc(SC)nc(c12)n(cn2)-c3cc(ccc3Cl)OCc([nH]n4)c(c45)cccn5,-4.433,30,-0.14776666666666666
C1CC1[C@@H](C)c2ccccc2,-4.433,11,-0.40299999999999997
C1CC1[C@@H](C)c2cc(nc[nH+]2)N(C)CCOc3ccc(cc3)C[C@@H]4SC(=O)[N-]C4=O,-4.433,30,-0.14776666666666666
CCN(C1=O)c2ccc(c(c2c13)ccc3)Nc(cn(C)c4=O)c(c45)oc(c5)-c6cnc[nH]6,-4.432,32,-0.1385
CCc(no1)c(c12)cc(c(c2)OC)Nc3ccc(cc3)C[C@H]4SC(=O)[N-]C4=O,-4.431,28,-0.15825
CCOC(=O)CCNC(=O)[C@@H](c1cccnc1)N(CCCNC(=O)C)c2ccc(C(C)(C)C)cc2,-4.431,35,-0.1266
O=C([O-])C/[NH+]=C/C(=O)CCCCc([nH]n1)c(c12)cccn2,-4.43,21,-0.21095238095238095
c1cccc(c12)c(c[nH]2)C[C@H]([NH3+])C(=O)c(cc3)cc(c34)ccc(c4)C[C@@H]5SC(=O)NC5=O,-4.429,32,-0.13840625
O[C@H]1CC[C@@H](CC1)[NH2+]CCCCc2ccccc2,-4.429,18,-0.24605555555555558
C1=CC1c(n2)oc(c23)cccc3,-4.428,12,-0.369
COC[C@H](C)c1c(C)cc(/C=C/C#N)cc1C,-4.428,17,-0.2604705882352941
CC(=O)N1CCC(CC1)CNN2CCN(CC2)C(=O)CC3(CC(=O)[O-])CCCC3,-4.427,29,-0.1526551724137931
[NH3+]Cc1cc(Cl)cc(c1Cl)Oc(c(Cl)cc2)c(c23)nnn3N4CCC[C@@H](O)C4,-4.426,28,-0.15807142857142858
CC(C)(C)OC(=O)NCCCN[NH2+]Cc1ccc(cc1C(F)(F)F)NS(=O)(=O)C2CC2,-4.426,31,-0.1427741935483871
C1CCCCN1c(nc2N)cc(n2)N3CCC[C@H](O)C3,-4.426,20,-0.2213
Clc(c1)cc(Cl)cc1NC(=O)Nc2ccccc2C(=O)c3c[nH]cn3,-4.424,25,-0.17696
c1ccccc1C[C@@H](NC(=O)[C@H](O)[C@H](C)N)CCc(cc(n2)N)c(c23)ccc(Br)c3O,-4.424,31,-0.14270967741935486
COc(cc1)cc(c12)[nH]c(n2)CCN3CC[N+](CC3)=C(N4)CSc(c45)cccc5,-4.424,29,-0.15255172413793106
CCCCCCCC(=O)c1ccc(cc1OC)C(=O)N[C@@H]2CC[N@@H+](C)CC2,-4.423,27,-0.16381481481481483
COc(nn1)n(c12)nc(cc2)NO,-4.423,13,-0.3402307692307692
O=C([O-])CCC[C@@H](O)/C=C/C=C/CCc1cnns1,-4.423,19,-0.23278947368421052
O=C([O-])COc1ccc(cc1C)SCc2nnc(s2)S(=O)(=O)c3ccc(F)cc3Cl,-4.422,30,-0.1474
CC(C)(O)Cn(c1)ncc1C(=O)[C@H](C(C)C)NC(=O)C2CCCCC2,-4.421,25,-0.17684
c1cc(Cl)cc(c12)nc([nH]2)CCCCC[NH2+]Cc3cccnc3,-4.421,23,-0.19221739130434784
O=C1NC(=O)[C@@H](S1)Cc2ccc(cc2)NC3CCCCCC3,-4.42,22,-0.2009090909090909
o1nc(C)c(c12)cc(c(c2)O)-c3ccno3,-4.42,16,-0.27625
C[NH+]1CCN(CC1)c2ccc(cc2)Nc3ncc(Cl)c(n3)C(=O)c4cccc(Cl)c4,-4.42,30,-0.14733333333333334
C1COCC[NH+]1[C@@H](C)CC(=O)c2cc(nc(c2)-c3cn(C)nn3)Cc4ccccc4,-4.42,30,-0.14733333333333334
Cc1cc(on1)[C@@H](C(C)C)C(=O)N2C[C@H](O)C[C@H]2C(=O)c3cccc(Cl)c3,-4.419,27,-0.16366666666666665
C1COCCN1c(c2)ncc(c23)c(C)[nH+]nc3N[C@H](C)c4cccc(c4)S(=O)(=O)N,-4.419,30,-0.1473
Cc1cc(F)ccc1S(=O)(=O)c2c[nH]nc2C,-4.419,17,-0.25994117647058823
OCCOc1ccccc1N2CCN(CC2)[NH+]=c3cc[nH]cc3,-4.418,23,-0.19208695652173913
CC[C@H](C)[C@H](N)C(=O)c1ccc(cc1)-c(n2)c(C#N)c([O-])c(c23)cncc3,-4.418,27,-0.16362962962962962
O=c1[nH]c(=O)ccn1C(=O)c2nccn2Cc3ccccc3,-4.416,22,-0.20072727272727275
c1cccc(c12)[nH]c(n2)CC[NH2+]Cc(cc3C)ccc3-c4ccc(=O)n(c4)Cc5ccccc5,-4.416,34,-0.12988235294117648
CCCCCC[C@@H](C)NC(=O)[C@@H]([NH3+])CO,-4.415,15,-0.29433333333333334
OCC[N+](C)(CCO)CCCOc(c(c1)OC)cc(c12)nc(s2)CNN3CCC[NH2+]CC3,-4.415,32,-0.13796875
CCCCCCCC(=O)CC(=O)SCCNn(cc1)c(=O)n(c12)ccn2,-4.414,26,-0.16976923076923076
c1cc(C)cc(c12)[nH]c(n2)CCCCC(=O)N,-4.413,17,-0.2595882352941177
C1CC1N2C(C)(C)C(=O)N(C)c(c23)ccc(c3)Cc4ccc([N+](=O)[O-])cc4,-4.412,27,-0.16340740740740742
N#CCCN(C)c(c(c12)sc(c2)C(C)(C)C)nc(n1)[C@H]3CCC(=O)NC3=O,-4.412,27,-0.16340740740740742
CC(C)Cc1nc(cs1)-c2ccc(cc2)C(=O)c3cnn(C)c3,-4.412,23,-0.19182608695652173
COCCOCCCCC/C(C)=C/CC/C(C)=C/CSP(=O)([O-])OP(=O)([O-])O,-4.412,28,-0.15757142857142856
s1ccnc1NC[C@H](OC2=O)CN2c3ccc(c(F)c3)N4CCSCC4,-4.411,26,-0.16965384615384613
Nc(n1)nn(c12)c(ccc2)-c3cnc[nH]3,-4.411,15,-0.29406666666666664
CC(C)CCNS(=O)(=O)c1ccc(cc1)-c2csc(n2)CC(=O)NCc3ccccc3,-4.411,31,-0.14229032258064514
C1CC1NC(=O)c2ccc(s2)NCCc3ccncc3,-4.411,20,-0.22054999999999997
COc1ccc(nn1)N2CCN(CC2)c3c[nH]c(n3)C4CCC4,-4.409,23,-0.19169565217391304
COc1ccc(cc1OC)N(CC(=O)NC(C(C)C)C(C)C)n2ccc(=O)[nH]c2=O,-4.409,30,-0.14696666666666666
C1C[NH2+]CCC1n(nnc2C)c2-c3cccc(n3)-c(cc4)nc(c45)sc(n5)NC(=O)C6CC6,-4.409,33,-0.1336060606060606
n1cn(C(C)C)c(c12)nc(N[C@H](CC)CO)nc2CCc3ccc(cc3)O[C@@](C)(C(=O)[O-])CC,-4.409,34,-0.12967647058823528
CCc1c(NC)nc(N)[nH+]c1[C@H](C)c2ccc(cc2)-c3c(C)noc3C,-4.408,26,-0.16953846153846155
Cc1nn(C)c(C)c1[N-]S(=O)(=O)c2ccc(nc2)Nc3cc(Cl)cc(Cl)c3,-4.407,27,-0.1632222222222222
Cc1noc(C)c1-c2ccc(cc2)CNc3cn[nH]c3,-4.407,20,-0.22035
CCc1c(NC)nc(N)nc1N2C=CCC(=C2)C(=O)N,-4.406,20,-0.2203
Cc1ccc(c(C)c1)NNC(C)(C)CO,-4.405,15,-0.2936666666666667
c1ccccc1-c2ccc(cc2Cl)C[NH2+]CCCN[NH2+]Cc3ccccc3,-4.405,27,-0.16314814814814815
O=C([O-])CCC[C@@H](O)/C=C/Cc1n[nH]c(n1)-c2ccc(F)cc2,-4.405,23,-0.1915217391304348
Cc1cc(C)cc(c1)Oc2nccc(n2)-c3c[nH+]c([nH]3)C4CCCC4,-4.404,25,-0.17615999999999998
Cc1[nH]ncc1N(C)c2c(C)nn(C)c2C,-4.403,16,-0.2751875
C1C[N@H+](C)CC[C@H]1NC(=O)c(cc2OC)ccc2S(=O)(=O)c3ccc(F)c(C)c3,-4.402,29,-0.15179310344827587
Cc1cc(C)cc(c1)Oc2nccc(n2)-c3c(CC4CCOCC4)ncn3[C@H]5CC[N@H+](C5)CC[NH3+],-4.402,35,-0.12577142857142856
CCC(=O)Nc(cc1)c2[nH]c(cc(c2c13)c(O)n3C)N4CCN(C)CC4,-4.402,26,-0.16930769230769233
COCCOCCOCCOCCCC#Cc1ccc(cc1)C(=O)NCCC(F)(F)F,-4.402,31,-0.14200000000000002
O[C@@H]1C(F)(F)Cc(c12)c(NCCC)ccc2S(=O)(=O)C,-4.402,20,-0.22010000000000002
C1C[NH+](C)CCN1c2nc(N)nc(c2CC)C(=O)CCCCCCCCC[NH3+],-4.402,28,-0.15721428571428572
CC[C@H](C)[C@H](N)C(=O)NNC1CCOCC1,-4.401,16,-0.2750625
C[NH2+]Cc1ccccc1-n(c(n2)N)c(c23)cccc3,-4.401,19,-0.2316315789473684
c1ccc(OC)c(c12)[nH]c(n2)CCc3cccc(c3F)-c4c(C)nn(C)c4C,-4.399,28,-0.15710714285714286
c1ccc(OC)c(c12)[nH]c(n2)CC[NH2+]Cc3ccc(c(Cl)c3)S(=O)(=O)CC(F)(F)F,-4.399,30,-0.14663333333333334
CC(C)OC(=O)c1ccccc1O,-4.399,13,-0.3383846153846154
CCCCCCCC(=O)CC(=O)SCCNc1ccc(O)c(O)c1,-4.399,24,-0.18329166666666666
N#C[C@H]1C[C@H](C1)C(=O)NCCC(c2ccccc2)c3ccccc3,-4.399,24,-0.18329166666666666
C1CC1N2C(C)(C)C(=O)N(C)c(c23)ccc(c3)NN[C@H]4[C@@H]([C@@H]45)COC5,-4.398,25,-0.17592
CCCCCC[C@@H](C)NNNC(=O)c1cc(C(C)(C)[NH3+])cc(n1)-c2ccc(F)cc2,-4.398,30,-0.14659999999999998
NC(=O)CC[NH2+]Cc1ccc(c(Cl)c1)S(=O)(=O)c(c(c23)cccc3)ccc2OCC(=O)[O-],-4.398,32,-0.1374375
COc1nc(N(C)C)ncc1CCCCCCCc2cc(C)no2,-4.397,24,-0.18320833333333333
c1ccccc1C[C@@H](NC(=O)[C@H](O)[C@H](C)N)CC[NH2+]CCc2ccncc2,-4.397,27,-0.16285185185185186
OC[C@H]([NH3+])C(=O)CCc1cnc[nH]1,-4.396,13,-0.33815384615384614
Clc(c1)c(F)ccc1S(=O)(=O)c(c2)c(ncc2CS(=O)(=O)C)Oc3ccc(F)cc3F,-4.396,31,-0.14180645161290323
COc1ccc(cc1)Cn2nnc(n2)-c(cc3)nn(c34)c(C)c(n4)C,-4.396,25,-0.17584
CCCn(c1=O)c(=O)n(CCC)c(c12)nc([nH]2)-c3ccnc(n3)Oc4cc(C)cc(C)c4,-4.396,32,-0.137375
N#Cc1ccc(cc1Cl)-c2ccccc2OCCO,-4.395,19,-0.2313157894736842
c1c[nH]c(c12)c(=O)n(C\C=C\C)cc2-c3cccc(c3)C(=O)Nc4cccc(C(=O)[O-])c4,-4.395,32,-0.13734375
O[C@@H]1[C@H](O)CO[C@H]1[C@H](C)c2cc(N)cc(C(F)(F)F)c2,-4.395,20,-0.21974999999999997
Brc1ccc(cc1)/C=C/CN[C@@H](Cn2ccnc2)c3ccccc3,-4.395,24,-0.18312499999999998
Cn1nc(cc1)Cc2cncs2,-4.393,12,-0.3660833333333333
c1ccccc1C[NH+]2CCN(CC2)Cc([nH]n3)c(c34)cccn4,-4.393,23,-0.191
Nc([nH+]1)cc(C)c(c12)ccc(c2)C[C@H](O)CO,-4.393,17,-0.25841176470588234
c1cccc(c12)c(c[nH]2)C[C@@H](N[C@@H](C)COC)C(=O)Nc3ccncc3,-4.392,26,-0.16892307692307693
O=c1n(C)ncc(c1C)NCc2ccccc2-c3ccc(C(=O)[O-])c(Cl)c3,-4.392,27,-0.16266666666666668
CC(C)S(=O)(=O)NC[C@@H]1CC(=NO1)c2ccc(c(F)c2)-c3ccc(C(F)(F)F)cc3[N+](=O)[O-],-4.392,33,-0.1330909090909091
N#Cc1cc(F)cc(c1)-c([nH+]2)n(c(c23)cccc3)CC4CCOCC4,-4.392,25,-0.17568
N/C([O-])=C(\C)C(=O)COc1cccc(F)c1,-4.391,16,-0.2744375
CC[C@@](C)(C(=O)[O-])CCN(C)[C@H]1CCCC[NH2+]1,-4.391,17,-0.25829411764705884
c1ccc(OC)c(c12)nc([nH]2)CC[NH2+]Cc3ccc(c(Cl)c3)S(=O)(=O)C(C)(C)C,-4.391,29,-0.15141379310344827
CC(=O)NCCCNCc1ccc(c(Cl)c1)-c2cn[nH]c2C,-4.391,22,-0.1995909090909091
CC(C)CCNc1ncccn1,-4.39,12,-0.3658333333333333
C1CN(C)CCN1c2nc(N)nc(c2CC)C(=O)CCCCCCCCC[NH3+],-4.389,28,-0.15675
O=C(N=1)N=c(c12)cc(cc2)N[C@@H](Cn3ccnc3)c4ccccc4,-4.388,24,-0.18283333333333332
CCCCCCCCC(=O)C(=O)c1cnccc1C(F)(F)F,-4.388,22,-0.19945454545454544
C=CCNc1ccc(cc1)N2CCC([N+](C)(C)C)CC2,-4.387,20,-0.21935
Nc(n1)nn(c12)c(ccc2)N3CCC(CC3)c4nc(no4)-c5cccs5,-4.386,26,-0.1686923076923077
Cc1ccnc(c1)CCCCC[NH2+]C23C[C@H]4C[C@@H](C3)C[C@H](C4)C2,-4.386,23,-0.19069565217391304
COc1ncc(c(n1)OC)CC#C[Si](C)(C)C,-4.384,17,-0.2578823529411765
Cc1ccnc(c1)CCCCCC(=O)COc2cccc(F)c2,-4.383,23,-0.19056521739130436
CCOc1ccccc1-c2nccc(n2)NC,-4.382,17,-0.2577647058823529
c1ccccc1[C@@H](C)N[C@@H](Cn2ccnc2)c3ccccc3,-4.381,22,-0.19913636363636364
CC(O1)(C)C(=O)Nc(c12)cc(O)c(c2)NCCc3ncc[nH]3,-4.379,22,-0.19904545454545453
C[C@H]1C[C@@H](C)CN(C1)C2=NC(=O)SC2,-4.378,14,-0.3127142857142857
Fc1cnccc1-c2cnc([nH]2)C3CCCC3,-4.377,17,-0.2574705882352941
COC(=O)c1ccc(c(Cl)c1)Cc(cc2)nn(c23)c(nn3)C,-4.377,22,-0.19895454545454544
C1CC1c(n2)cccc2[C@H](CC)CCN3CCN(C)C(=O)[C@H]3C,-4.377,23,-0.19030434782608693
Cc1ccnc(c1)CCCCCCCSP(=O)([O-])OP(=O)([O-])[O-],-4.377,23,-0.19030434782608693
CC(=O)N1CCC(CC1)C[NH2+][C@H](c2cccnc2)C(=O)NC3CCCCC3,-4.377,27,-0.1621111111111111
COc1ccc(cc1)S(=O)(=O)[C@H](C)c2noc(=O)[n-]2,-4.377,19,-0.23036842105263156
FC(F)(F)CS(=O)(=O)C(=O)c1ccc(cc1)-c2ccoc2,-4.376,21,-0.2083809523809524
C1C[NH2+]CCC1c2cn(C)c(=O)c(c23)cc(o3)-c4cnc[nH]4,-4.375,22,-0.19886363636363635
c1nccn1C[C@@H](N(C=CC2)C=C2C(=O)N)c3ccc(Cl)cc3Cl,-4.375,24,-0.18229166666666666
CCS(=O)(=O)[N-]c1ccc(CC[NH3+])c(c1)-c(cn(C)c2=O)c(c23)oc(c3)-c4cnc[nH]4,-4.375,31,-0.14112903225806453
Cc1ccc(C)c(c1)CNCC[NH2+]C/C=C/c2ccc(Br)cc2,-4.375,23,-0.19021739130434784
C[NH2+]C[C@@H](O)COc1ccc(Cl)c(c1)-c2ccc(cc2)C[C@@H]3SC(=O)[N-]C3=O,-4.374,28,-0.1562142857142857
CNc1cc(nc(n1)N)N2CCN(CC2)c3cc(F)cc(F)c3,-4.374,23,-0.19017391304347825
Cc1noc(C)c1-c2ccc(cc2)[C@@H](C)Nc3c(C)nnn3C,-4.374,23,-0.19017391304347825
n1nc(C)n(c12)c3c(cccc3)C(c4ccccc4)=N[C@H]2Nc5c[nH]c(n5)C6CCC6,-4.374,31,-0.14109677419354838
CNc1[nH+]c(N)nc(c1CC)C/C=C(/C)CCC(=O)[O-],-4.374,20,-0.21869999999999998
CN1CC[NH+](CC1)C2CCN(CC2)S(=O)(=O)c(cc3)cc(c34)scn4,-4.374,25,-0.17495999999999998
CCN1CC[NH+](CC1)Cc2ccc(cc2C(F)(F)F)NCCN(C)[C@H]3CCCC[NH2+]3,-4.374,30,-0.14579999999999999
O=C1C=CCN1Nc2cc(Cl)cc(Cl)c2,-4.37,15,-0.29133333333333333
COc(cc1)cc(c12)nc([nH]2)CCc(cn(C)c3=O)c(c34)oc(c4)-c5cnc([nH]5)C6CCC6,-4.37,33,-0.13242424242424242
Cn1ccnc1C(=O)c(o2)c(C)c(c23)c(ccc3)OCCCCCc4ccc(cn4)[C@H](C)O,-4.369,33,-0.1323939393939394
OC[C@H](N)C(=O)Nc1ccc(cc1)-c([nH]c(=O)n2)c(c23)cccc3,-4.369,24,-0.18204166666666666
CCNC(=O)c1ccc(c(c1)-c2cn(C)nn2)-c3ccc(cc3Cl)C[NH2+]CCc4ncc[nH]4,-4.369,33,-0.1323939393939394
CCCC(=O)c1c(C)nnn1C2CCN(C(N)=[NH2+])CC2,-4.368,20,-0.2184
c1cc(C)cc(c12)c(c[nH]2)Cc(c3CC)[nH+]c(N)nc3N4CCN(C)CC4,-4.368,27,-0.1617777777777778
C[Si](C)(C)C#CCNCC1([NH3+])CCCCC1,-4.367,16,-0.2729375
CCOc1ccccc1-n2cc([N+](=O)[O-])nc2C,-4.367,18,-0.2426111111111111
O=C(N1)C(C)(C)Oc(c12)cc(c(c2)OC)NN3CCC[C@H]([NH3+])C3,-4.366,23,-0.18982608695652173
[NH3+]CCc(cc1)ccc1-c(oc2C)nc2CCCc3ccc(cc3)C[C@@H](C(=O)[O-])n4cccc4,-4.366,34,-0.12841176470588234
[NH3+]CCCC[C@@H]1CCCC[C@@H]1[C@H](O)C2CCCCC2,-4.366,19,-0.22978947368421052
N#Cc1ccc(cc1C)Oc2ccc(cc2)CC(=O)c3c(C)nnn3[C@@H]4CC[N@H+](CC4)CCN(C)C,-4.365,36,-0.12125000000000001
Clc1cccc(Cl)c1-c2c[nH]cn2,-4.365,13,-0.33576923076923076
OC[C@@H](O)/C=C(/N1)CSc(c12)cccc2,-4.364,15,-0.2909333333333333
COc1nc(N)nc(n1)-c2c(Cl)cc(cc2Cl)C3=NCCO3,-4.363,22,-0.19831818181818184
O=C(N=1)N=c(c12)cc(cc2)-c3cccc(c3)-c4csc(=O)[nH]4,-4.363,22,-0.19831818181818184
FC(F)(F)CCNS(=O)(=O)c1ccc(cc1)C#CCNc(cc2)nn(c23)c(Cl)nn3,-4.362,30,-0.1454
CC[N@H+]1CC[C@@H](CC1)[C@H]2CCOC2,-4.361,13,-0.3354615384615384
C[C@@H]1C(=O)N(C)CCN1CCc2cnns2,-4.36,16,-0.2725
c1ccccc1[C@H](N(C)C2=O)c(c23)cc(cc3)-c4cn[nH]c4,-4.36,22,-0.1981818181818182
C1C[C@@H](O)c(c12)c(C(F)(F)F)ccc2-c3ccccc3F,-4.359,21,-0.20757142857142857
C[NH+](C)CCNCc1ccc(C(=O)[O-])cc1,-4.357,16,-0.2723125
n1[nH]ccc1-c2n(nnc2C)C3CCN(CC3)CC[NH+](C)C,-4.357,22,-0.19804545454545455
C1CC[C@@H]([N@@H+]12)CN(CC2)[C@@H](CC)c3cccc(n3)C4CC4,-4.356,21,-0.20742857142857143
n1nc(C)n(c12)c3c(cccc3)C(c4ccccc4)=N[C@H]2NC(=O)C(=O)CCCCCCCCCO,-4.356,36,-0.121
CNc1cc(nc(N)[nH+]1)N2CC[N+](CC2)=C(C)CC(=O)c3ccccc3,-4.356,26,-0.16753846153846153
C[NH+](C)CC[N@H+]1CC[C@@H](CC1)c2cccc(c2)NS(=O)(=O)c3cccs3,-4.356,26,-0.16753846153846153
Cc1nn(C)c(C)c1Nc([nH]2)c(C#N)c(=O)c(c23)cncc3,-4.355,22,-0.19795454545454547
c1ccccc1CC(=O)N2CCC(CC2)c3nc(no3)NC4CCN(CC4)c5ccccn5,-4.354,33,-0.13193939393939394
FC(F)(F)c1cccc(c1C)[C@@H](C)N2CCC[NH2+]C[C@H]2C,-4.354,21,-0.20733333333333334
C/C=C/CCCCCCCC(=O)CCNc1ccc(cn1)S(=O)(=O)Nc2c(C)nn(C)c2C,-4.354,33,-0.13193939393939394
O=C([O-])c(c1)cccc1NC(=O)CCNC(=O)CCNCc2ccc(c(Cl)c2)-c3ccno3,-4.353,33,-0.1319090909090909
CC(C)CNCC(=O)c(cc1=O)oc(c12)c(c(O)cc2O)[C@H]3CC[N@H+](C)C[C@H]3O,-4.353,29,-0.15010344827586206
c1cccc(c12)c(c[nH]2)C[C@H]([NH3+])C(=O)CC[NH2+]C/C=C/c3ccc(Br)cc3,-4.353,27,-0.1612222222222222
O=C([O-])C[C@H](C)CCCOc1ccccc1Cc(n2)c(C#N)c([O-])c(c23)cncc3,-4.353,30,-0.14509999999999998
[nH]1ccc(c12)c(ncn2)C(=O)CC[NH2+]Cc3ccc(c(Cl)c3)-c4ccccc4,-4.353,28,-0.1554642857142857
O=P([O-])(O)OP(=O)([O-])SCCc(cc1)[nH+]c(c12)cccc2,-4.352,21,-0.20723809523809525
OC[C@H](N)C(=O)Nc1ccncc1,-4.352,13,-0.3347692307692308
COc1ccc(cc1Cl)CCc(n2)n([O-])c(c23)ccc(c3)-c4c(C)noc4C,-4.351,28,-0.15539285714285714
CC(=O)NC[C@H]1CN(C(=O)O1)c2ccc(C(C)(C)C)c(F)c2,-4.351,22,-0.19777272727272727
CCCCCCC(=O)c1cnc(N(C)C)nc1OC,-4.351,19,-0.229
C[C@@H]1CNCCC[N@@H+]1CC/C=C/C/C=C/C=C/[C@H](O)CCCC(=O)[O-],-4.35,25,-0.174
c1c(Cl)ccc(c12)nc([nH]2)CCc3cn(C)c(=O)c(c34)C/C(O4)=c5\cnc([nH]5)=C6CCCC6,-4.35,33,-0.1318181818181818
COc(c1)c(OC)cc(c12)c(nc(n2)C)-c3ccc(F)cc3F,-4.35,23,-0.1891304347826087
NC(=O)CC[NH2+]Cc1ccc(c(Cl)c1)-c2ccccc2OCCCC(=O)[O-],-4.35,27,-0.1611111111111111
CNS(=O)(=O)c(cc1)cc(c12)C[NH2+]CC2,-4.349,15,-0.2899333333333333
CCCCC#Cc(nc1N)nc(c12)n(c(n2)-c3cccs3)Nc4c(C)nn(C)c4C,-4.349,30,-0.14496666666666666
[nH]1ccc(c12)c(ncn2)C(=O)CCNCc3ccc(c(Cl)c3)-c4ccccc4,-4.349,28,-0.15532142857142858
CCCNC(=O)[C@H]1O[C@H]([C@H](O)[C@@H]1O)[NH2+]C2CCCC2,-4.349,19,-0.22889473684210526
C[NH+]1CCN(CC1)c2ccc(cc2)N3C=CCC(=C3)C(=O)N,-4.349,22,-0.19768181818181818
CNc1cc(nc(N)[nH+]1)Nc2cc(OC)cc(c2)OC,-4.348,20,-0.21739999999999998
O=C([O-])c(cc1)ccc1Cc(o2)c(C)c(c23)c(ccc3)OCCCNCc4cccnc4,-4.348,32,-0.135875
CC(=O)NC[C@H]1CN(C(=O)O1)c2ccc(c(F)c2)CCCCCc3ccccn3,-4.347,29,-0.14989655172413793
CCNC(=O)CCNCc1ccc(c(Cl)c1)-c2ccccc2,-4.347,22,-0.19759090909090912
COCCCNc(cc(c12)nccc2)cc1-c3c(C)noc3C,-4.347,23,-0.18900000000000003
COc1ccccc1S(=O)(=O)n(cc2)c(c23)cccc3OC(C)(C)C(=O)[O-],-4.346,27,-0.16096296296296297
C[C@@H]1C(=O)N(C)CCN1CCc2cc(CO)ccc2F,-4.346,20,-0.2173
C1CC1S(=O)(=O)c(cs2)nc2[N-]C(=O)COc3cccc(F)c3,-4.345,23,-0.18891304347826085
O1CCOc(c12)cc(cc2)C(=O)[C@H](CO)NC(=O)CCCCCCCCCO,-4.344,28,-0.15514285714285717
CC/C=C/CCc1cccc(C)c1,-4.343,13,-0.33407692307692305
FC(F)(F)S(=O)(=O)c1ccc(c(c12)CC(F)(F)[C@H]2O)C(=O)Cc3ccc(F)cc3,-4.343,29,-0.14975862068965518
CCc1cccc(C)c1N[C@@H]2CCN(C2)CC[NH+](C)C,-4.343,20,-0.21715
CCCCCCC/C([O-])=C/C(=O)SCCNc1ccc(O)c(O)c1,-4.342,24,-0.18091666666666664
O=P([O-])(O)OP(=O)([O-])SCC[N@H+]1CCC[C@@H]1CO,-4.342,18,-0.2412222222222222
c1ccccc1-c(cn2C)nc2Cc3[nH+]cc[nH]3,-4.34,18,-0.2411111111111111
Cc1ccnc(c1)CCCCC[C@H]2C[C@@H](C#N)C2,-4.34,18,-0.2411111111111111
Fc1cc(F)ccc1Oc(ccc2NS(=O)(=O)CC)c(c2)-c3cc(cnc3N)-c4cnn(C)c4,-4.34,34,-0.12764705882352942
C1CC1Nc(c2CC)[nH+]c(N)nc2-c(c(Cl)cc3)c(c34)nnn4Cc(n[nH]5)c(c56)cccn6,-4.338,33,-0.13145454545454546
C[C@@H]1C[NH2+]CCCN1[NH2+][C@@H](C(=O)[O-])Cc(c[nH]2)c(c23)cccc3,-4.338,23,-0.18860869565217392
CC(C)C(C(C)C)NC(=O)Cc1cccc(F)c1,-4.337,18,-0.24094444444444443
C[NH2+]C[C@@H](O)Cc(n1)c(C)c(C(=O)[O-])c(c12)ccnc2,-4.337,20,-0.21685
NC(=[NH2+])N1CCC(CC1)C(=O)CC(=O)C(=O)[O-],-4.336,17,-0.2550588235294118
COc(nn1)n(c12)nc(cc2)N(C)Cc3ccccc3OC/C=C(/C)CCC(=O)[O-],-4.336,30,-0.14453333333333335
C1CCN1c(n2)n(C)c(c23)c(=O)n(c(=O)n3C)Cc4ccc(Cl)c(Cl)c4,-4.335,26,-0.16673076923076924
O=[N+]([O-])c1ccccc1C(=O)NCCC(c2ccccc2)c3ccccc3,-4.335,27,-0.16055555555555556
O=C([O-])c1cccc(c1)N[C@H]2C[C@H](O)[C@H](O2)COP(=O)[O-],-4.335,21,-0.20642857142857143
COC(=O)n1cc(C)c(=O)[nH]c1=O,-4.334,13,-0.33338461538461533
COc1cccc(c1)[C@H](O)CCc(cc2)cc(c23)COc4c(cccc4)C\3=C(/C)c5noc(=O)[n-]5,-4.334,35,-0.12382857142857141
CCCCCCC1CC[NH2+]CC1,-4.333,12,-0.36108333333333337
O=C1CC[C@@H](C(=O)N1)N(C2=O)C(=O)c(c23)c(ccc3)S(=O)(=O)CC(F)(F)F,-4.332,27,-0.16044444444444445
CN(C1)C(=O)Nc(c12)ccc(c2)Nc(c3)c(O)cc(c34)NC(=O)C(O4)(C)C,-4.331,27,-0.16040740740740742
CCCCCC(=O)n1cc([N+](=O)[O-])nc1C,-4.331,16,-0.2706875
CC(=O)N1CCC[C@H](C1)Cc(c(c23)CN(S(=O)(=O)C)CC3)nn2CCC[NH+]4CCOCC4,-4.329,32,-0.13528125
c1ccccc1C(=O)CC(=O)c(on2)c(c23)cccc3,-4.328,20,-0.2164
O=C([O-])/C(O)=C/C(=O)C(=O)c1ccc(Cl)cc1,-4.328,17,-0.25458823529411767
CC(C)(C)OC(=O)c1ccc(OS(=O)=O)cc1,-4.328,17,-0.25458823529411767
Cc1n[nH]cc1NCC#Cc2ccc(cc2)S(=O)(=O)NCCC(F)(F)F,-4.328,26,-0.16646153846153847
[NH3+]CCNC(=O)CC(=O)c1nccn1Cc2ccccc2,-4.326,21,-0.206
C1CC1Nc(c2CC)nc(N)nc2N[C@H](CCC3)c(c34)cnn4-c5ccccc5F,-4.326,30,-0.1442
Cc1nn(C)c(C)c1-c2cccc(c2F)-c3ccc(F)cc3,-4.326,22,-0.1966363636363636
CCOC(=O)c1cnn(C)c1C(=O)c2c[nH]c(n2)C3CCC3,-4.325,22,-0.1965909090909091
CC(=O)N[C@H]1CCN(C1)n2cncn2,-4.325,14,-0.30892857142857144
CO[C@@H](C)Cn1cc(cn1)-c(c(C)[nH+]2)n(c23)ccnc3NCCC4CCCCC4,-4.324,29,-0.14910344827586205
CCC(=O)c1c[nH]c(c1)C(=O)C(=O)c2ccc(cc2)-c3cccc(F)c3,-4.322,26,-0.16623076923076924
CC[C@@H]([C@H](C)O)[N@H+]1CC[C@@H](CC1)c2nc(no2)-c3cccs3,-4.322,22,-0.19645454545454547
N#Cc1ccc(cc1)NCCc2cccs2,-4.321,16,-0.2700625
O=C([O-])[C@@H](C)CCc1ccc(cc1)OS(=O)(=O)C,-4.32,18,-0.24000000000000002
O=c1[nH]c(=O)n(cc1C)-n2nccn2,-4.32,14,-0.3085714285714286
CCCCCCC(=O)OC[C@H](COP(=O)([O-])OCC[NH3+])Oc(ccc1)c(c12)ncn2C,-4.32,31,-0.13935483870967744
CCNC(=O)c1ccc(c(c1)-c2cn(C)nn2)-c3ccc(cc3)C4=N[C@@H](C)CO4,-4.32,29,-0.14896551724137932
CC(=O)N1[C@@H](C)C[C@@H](NC(=O)OC(C)C)c(c12)cc(cc2)-c3cccc(c3)NN4CCC(O)CC4,-4.319,35,-0.1234
C[C@@H](O)c1ccc(cc1)Cc2cc(nc[nH+]2)N(C)CCOc3ccc(cc3)C[C@@H]4SC(=O)NC4=O,-4.319,35,-0.1234
Cc1cncc(c1)-c2ccc(cc2)OCC(=O)NCC[NH3+],-4.319,21,-0.20566666666666666
CCOc1ccc(C(=O)C)cc1-c2cc(cc(c2)-c3ccn(n3)C)NCCc4ncc[nH]4,-4.318,32,-0.1349375
C[NH+](C)CCC[N@H+](C)[C@H]1CCN(C1)c2cccc(Cl)c2Cl,-4.318,21,-0.2056190476190476
COCCOCCOCCc1ccc(cc1)C[C@@H]2SC(=O)NC2=O,-4.317,24,-0.179875
O=C1NC(=O)[C@@H](S1)Cc2ccc(cc2)S(=O)(=O)C3CCCCC3,-4.317,23,-0.18769565217391304
Cc1nn(C)c(C)c1NS(=O)(=O)c2ccc(nc2)NCCc3ccn(n3)C,-4.316,27,-0.15985185185185186
CCc1cccc(C)c1NN[C@H](C)c2cc(C)[nH]n2,-4.316,19,-0.2271578947368421
c1cc(F)ccc1CC(=O)C(=O)c(c(c23)cccc3)nn2Cc4ccc(F)cc4,-4.316,29,-0.14882758620689654
CC(O1)(C)C(=O)Nc(c12)cc(O)c(c2)S(=O)(=O)c3cccs3,-4.315,22,-0.19613636363636366
CC/C=C/CC[C@@H]1O[C@@H]([C@@H](O)[C@H]1O)C[S+](C)CC[C@H](N)C(=O)[O-],-4.315,23,-0.18760869565217392
C1C[N@H+](C)CC[C@H]1NC(=O)c(cc2OC)ccc2N[C@@H](C)c3ccc(C(C)(C)C)cc3,-4.315,31,-0.1391935483870968
Cc1nn(C)c(C)c1NS(=O)(=O)c2ccc(nc2)Nc3cc(Cl)cc(Cl)c3,-4.314,27,-0.15977777777777777
COc1ccc(cc1Cl)CCc(n2)n(c(c23)ccc(c3)-c4cc[nH]n4)C[C@H](C)N5CCOCC5,-4.314,34,-0.12688235294117647
C[C@@H](O)c1ccc(cc1)Cc2csc(n2)N/N=C/c3ccccc3C=O,-4.314,26,-0.16592307692307692
CCN(C1=O)c2ccc(c(c2c13)ccc3)S(=O)(=O)c4ccc(cc4)C(=O)Nc5ccccc5,-4.314,33,-0.13072727272727272
CCOC(=O)c1csc(n1)N2CCN(CC2)c3cn[nH]c3,-4.314,21,-0.20542857142857143
O=C([O-])[C@H](C)[NH2+]CCOc(cc1)c(c2c13)ccc4c2c(cc3)ccc4,-4.313,25,-0.17251999999999998
OB(O)c1ccc(cc1)N(CC2)C[C@H]([N@H+]23)CCC3,-4.313,18,-0.2396111111111111
s1ccnc1-n(c(n2)C)c(c23)ccc(c3)OC(F)(F)F,-4.312,20,-0.2156
n1[nH]cnc1[C@@H](C)Nc2cnn(C)c2,-4.312,14,-0.308
C[NH+](C)CCC[N@H+](C)[C@H]1CCN(C1)[C@H](CCCO)C2=CCCC=C2,-4.312,24,-0.17966666666666667
COc1ccc(cc1)S(=O)(=O)c2ccc(cc2)-c(ccc3)c(c34)ncn4C,-4.312,27,-0.1597037037037037
CN1C(=O)[C@@H](C)N(C2CC2)c(c13)cc(cc3)CCOCCOCCOCCOCCO,-4.312,31,-0.1390967741935484
CC[C@@H]([C@H](C)O)CCOc1ccc(C)cc1,-4.311,16,-0.2694375
c1cccc(c12)c(on2)C(=O)N[C@H](CCC3)c(c34)cnn4Cc5ccccn5,-4.311,28,-0.15396428571428572
Cn(c1)c(=O)ccc1-c(cn2C)c(n2)C[NH2+]CC[C@H](CC3)c(c34)c5c(cc4)OCC5,-4.311,30,-0.1437
c1ccccc1-c(oc2C)nc2CCOc3ccc(cc3)C[C@@H](C(=O)[O-])C(=O)CCC(=O)[O-],-4.311,33,-0.13063636363636363
NC(=O)[C@@H](C)Nc1cc(nn(c12)c(C)nn2)-c3cccc(c3F)-c(ccn4)c(c45)nc[nH]5,-4.31,32,-0.1346875
n1cccc(c12)c([nH]n2)Cn(ccc3C)c(=O)c3-c4c(C)nnn4C,-4.309,25,-0.17236
n1cccnc1-c(cc2)ccc2C(=O)c3ncn(n3)C[C@H]4CC[C@H](C(=O)[O-])CC4,-4.309,29,-0.14858620689655172
C1C[N@H+](C)CC[C@H]1Nc(c2)c(ccc2[N-]S(=O)(=O)CC)Oc3ccc(F)cc3F,-4.309,29,-0.14858620689655172
CCOC(=O)c1cnn(C)c1C(=O)Cc2cc(O)cc(O)c2,-4.308,22,-0.1958181818181818
Nc1ccc(cc1)NCCCO,-4.308,12,-0.359
O=C[C@@H]1CCCN1[NH+]=c2cc[nH]cc2,-4.308,14,-0.3077142857142857
O=P([O-])([O-])OP(=O)([O-])SC/C=C(\C)CCCN(C)c1ccc(C)cc1,-4.308,25,-0.17232
COc1cccc(c1)C/C(N)=N/c(cn(C)c2=O)c(c23)O/C(C3)=c4\cnc([nH]4)=C5CCCC5,-4.308,33,-0.13054545454545455
C[NH2+]Cc1ccccc1-c(n2)n(C)c(c23)c(=O)n(c(=O)n3C)Cc4ccc(Cl)c(Cl)c4,-4.308,31,-0.13896774193548386
CCCCCCCC(=O)O[C@H](C[NH2+]C(C(C)C)C(C)C)COP(=O)([O-])OCC[NH3+],-4.307,29,-0.14851724137931036
O=Cc1ccccc1/C=N/Nc2nc(cs2)[C@@H]3O[C@H](CO)[C@@H](O)[C@H]3O,-4.307,25,-0.17228000000000002
O=C([O-])Cc1ncn(n1)C[C@H]2CC[C@H](C(=O)[O-])CC2,-4.307,19,-0.22668421052631582
CO/C([O-])=C\C(=O)c(ccc1)n(c12)nc(n2)N,-4.307,17,-0.2533529411764706
C[Si](C)(C)C#CCn(c(n1)SCCC(=O)[O-])c(c12)cccc2,-4.306,22,-0.19572727272727272
COc1ccc(cc1)Cn2nnc(n2)-c3cccc(c3)C(=O)CCC4OCCO4,-4.306,29,-0.14848275862068966
CCOC(=O)CC[NH2+][C@H](C)[C@H]1CC[C@H](C)CC1,-4.305,17,-0.25323529411764706
C[N@H+]1CC[C@@H]([C@H](O)C1)c(c(O)cc2O)c(c23)oc(cc3=O)-c(ccn4)c(c45)[nH]cn5,-4.305,30,-0.1435
C[C@@H]1C(=O)N(C)CCN1CCOc2ccc(cc2)C3CCN(CC3)c4ccc(O)c(O)c4,-4.305,32,-0.13453125
C[NH2+]Cc1ccccc1Cc(n[nH]2)c(c23)cccn3,-4.305,19,-0.22657894736842105
CC(C)CNCC(=O)c1ccc(C#N)n1C,-4.305,16,-0.2690625
COc1cccc(c1)CC(=[NH2+])Nn(cn2)c(c23)nc[nH]c3=O,-4.305,22,-0.19568181818181818
c1ccccc1-c(cn2C)nc2Cc(cnc3C(F)(F)F)c(c34)C[C@@H](F)[C@H]4O,-4.304,28,-0.15371428571428572
FC(F)(F)CCNC(=O)c1ccc(cc1)-n2cccc2,-4.304,20,-0.2152
OC[C@H](N)C(=O)CCc1c[nH]cn1,-4.304,13,-0.3310769230769231
C[NH+](C)CC[N@H+]1CC[C@H](C1)c(cc2)cc(c23)[C@@](O)(CC3)c4ccccc4,-4.304,26,-0.16553846153846155
COc1ccccc1S(=O)(=O)c2ccc(cc2F)C3=NO[C@@H](C3)CNS(=O)(=O)C(C)C,-4.303,31,-0.13880645161290323
CCCCc1ccc(cc1)NCc2cccs2,-4.302,17,-0.2530588235294117
CO[C@@H](C)CC(=O)c1nccn1Cc2ccccc2,-4.302,19,-0.22642105263157894
O=C([O-])C[C@H](C)CCCc1c(ccc(Cl)c2)c2nc(c13)CCCC3,-4.302,24,-0.17925
C1CC1CC(=O)c2cn[nH]c2,-4.301,11,-0.391
O[C@@H]1[C@@H](O)[C@@H](O)[C@@H](O[C@H]1C)c(c2)c(O)cc(c23)NC(=O)C(O3)(C)C,-4.3,24,-0.17916666666666667
OC[C@H](N)C(=O)CCc1c[nH+]c[nH]1,-4.3,13,-0.33076923076923076
O[C@@H]1CCCN(C1)[NH2+]CCCCc2ccccc2,-4.3,18,-0.23888888888888887
CS(=O)(=O)C(=O)c(c1)oc(c12)cccc2,-4.3,15,-0.2866666666666667
CC(C)(C)OC(=O)[C@H](CC)c(nc(n1)C)c(c12)cc(c(c2)OC)O[C@H]3CCOC3,-4.299,29,-0.14824137931034484
O=c([nH]1)onc1C(=O)c(cc2)nc(c23)cccc3,-4.298,18,-0.23877777777777778
C[C@H]1COC(=N1)c2ccc(c(Cl)c2)-c3cs/c([nH]3)=N/N=C/c4ccccc4C=O,-4.298,29,-0.14820689655172414
Cc1c(C#N)n[nH]c1NC(=O)[C@@H](N)CC(C)C,-4.296,17,-0.25270588235294117
o1nc(C)c(c12)cc(c(c2)O)C(=O)c3csc(n3)N4CC[N+](CC4)=C(N5)CSc(c56)cccc6,-4.295,34,-0.1263235294117647
COc1ccccc1-c2ccc(cc2)S(=O)(=O)CCO,-4.295,20,-0.21475
C1CCC1CNC(=O)c2cccc(c2)S(=O)(=O)N(CC3)Cc(c34)cccc4,-4.295,27,-0.15907407407407406
CC(=O)N1CCC(CC1)CNc2c(C)nnn2[C@@H]3CC[N@H+](CC3)CCN(C)C,-4.292,28,-0.15328571428571428
NC(=O)CCNCc1ccc(c(Cl)c1)Cc2ccc([N+](=O)[O-])cc2,-4.292,24,-0.17883333333333332
n1cccc(c12)c([nH]n2)Cn(ccc3C)c(=O)c3N4CCC(=O)CC4,-4.292,25,-0.17168
c1cc(C)cc(c12)nc([nH]2)CCc3cc(nc(n3)N)N4CC[NH+](CC4)C5COC5,-4.291,29,-0.14796551724137932
CC(C)CCNc1ccc(C(F)(F)F)cc1[N+](=O)[O-],-4.291,19,-0.22584210526315793
CCCCCCC(=O)n(cn1)c(c12)ncnc2N,-4.29,18,-0.23833333333333334
Cc1cc(C)cc(c1)CC2CCOCC2,-4.289,15,-0.2859333333333333
CCC(CC)c1ccc(cc1F)N2C[C@@H](OC2=O)CNC(=O)C,-4.288,23,-0.18643478260869567
CCCCCCCC(=O)CC(=O)SCCNN[C@@H]1CC[N@@H+](C)CC1,-4.287,24,-0.178625
CC(C)CCNc1cc[nH+]cc1,-4.287,12,-0.35725
C1COCCC1C(=C2)N=[N+](C23)C(=O)C=C(N=3)CNNCCC4CCCCC4,-4.286,27,-0.15874074074074074
COC(=O)[C@H](C(C)(C)C)NC(=O)c(c(c12)cccc2)nn1C(=O)c3ccc(cc3)-c4ccco4,-4.286,34,-0.12605882352941175
CCN(C1=O)c2ccc(c(c2c13)ccc3)Nc4ccn[nH]4,-4.286,21,-0.20409523809523808
Cc1ccc(C(C)C)cc1-c2cccc(C(=O)[O-])c2,-4.285,19,-0.22552631578947369
COc1ccccc1Oc2nccc(n2)S(=O)(=O)c3ccccc3OC,-4.284,26,-0.16476923076923075
O=C([O-])CNS(=O)(=O)c1c(C)cc(cc1C)NC(=O)c2ccc(cc2F)-c3cccc(F)c3,-4.284,33,-0.1298181818181818
CC[C@](C)(C(=O)[O-])Oc1ccc(cc1)CC[C@@H]2CCC[NH2+]C2,-4.283,22,-0.1946818181818182
Cc1ccnc(c1)CCCCCCCSP(=O)([O-])OP(=O)([O-])O,-4.282,23,-0.18617391304347827
C[N@H+]1CC[C@@H](CC1)c2ccc(cc2F)CCOCCOCCOCCOCCOCCO,-4.282,32,-0.1338125
C[NH2+]C[C@@H](O)CCCOCCOCCOCCO,-4.282,18,-0.2378888888888889
Clc(c1)cncc1[C@@H](CC)c2cccc([nH+]2)C3CC3,-4.282,19,-0.22536842105263158
c1cccc(c12)nc(C)nc2N[C@H]3CC[C@H](O)CC3,-4.281,19,-0.2253157894736842
Cc1cc([nH]n1)[C@@H](C)NNc2ccccc2,-4.281,16,-0.2675625
C1C[NH2+]CCC1n(nnc2C)c2-c3cccc(n3)N(C4=O)C(=O)N([C@H]45)CC[C@H]5O,-4.28,29,-0.14758620689655172
Cc1nnn(C)c1-c(c2)c(F)cc(c23)c4c(cc(cn4)C(C)(C)O)n3CCc5ncc[nH]5,-4.28,32,-0.13375
c1ccc(C)c(c12)[nH]c(n2)CC[NH2+]Cc3ccc(c(Cl)c3)NCCCNC(=O)c4ccc(F)cc4,-4.28,35,-0.12228571428571429
Cn1ccc(n1)-n2cc(O)cn2,-4.279,12,-0.3565833333333333
CC(C)S(=O)(=O)c1ccc(C(F)(F)F)cc1,-4.279,16,-0.2674375
c1cc(Cl)ccc1C(=O)c(cc2-c(nn3)cn3C)ccc2OCc4ccccn4,-4.279,29,-0.14755172413793102
o1nccc1C[C@]2(O)CC[N@H+](CC2)Cc3ccc(cc3Cl)-c4ncon4,-4.278,26,-0.16453846153846152
O=C([O-])CCc(n1)nc(cc1C)-c2cccc(c2)[N-]S(=O)(=O)c3cccc(Br)c3,-4.278,29,-0.14751724137931033
Clc1cccc(Cl)c1C(=O)c2c[nH]c(c2)C(=O)[C@@H]3CCC[NH2+]C3,-4.278,23,-0.18599999999999997
COc(cc1)cc(c12)cc(n2CC(=O)[O-])C(=O)N3CCN(CC3)c4ccccc4OCCCC(=O)[O-],-4.278,36,-0.11883333333333332
O=C([O-])CCC[C@@H](O)C[C@@H](CC)c1cccc(n1)C2CC2,-4.278,21,-0.20371428571428568
CSc1ccc(cc1)C(=O)Cc2ccccc2C(=O)[O-],-4.277,20,-0.21385
CN1CC[NH+](CC1)CCCC2CCOCC2,-4.276,16,-0.26725
C/C=C/CC(=O)O[C@H](CC[C@@]1(C)O)c(c12)nnn2Cc3ccc(OC)cc3,-4.276,27,-0.15837037037037036
C1C[NH2+]CCN1c(n2)nc(nc2OC)Nc3cc(S(=O)(=O)C)ccc3CC4CCOCC4,-4.275,32,-0.13359375
Cc1cc(on1)CCCCC[NH2+][C@H]([C@@H](O)C(=O)N2CCC2)C[C@@H]3CCCNC3=O,-4.274,29,-0.1473793103448276
Cc1cncc(c1)-c(c(c23)cc(C)c(=O)[nH]3)cnc2Cc(cc4)[nH+]c(c45)cccc5,-4.274,30,-0.14246666666666666
C[C@H](O)C[C@H](C(=O)[O-])Cc1ccc(cc1)-c2ccccc2,-4.273,21,-0.20347619047619045
Nc([nH+]1)nn(c12)c(ccc2)N3CCC(CC3)c4nc(no4)-c5cccs5,-4.273,26,-0.16434615384615384
CC(C)Nc(c1)c(O)cc(c12)NC(=O)C(O2)(C)C,-4.273,18,-0.23738888888888887
C1CC1Nc(c2CC)nc(N)[nH+]c2C(CC)CC,-4.271,18,-0.23727777777777778
C1C[NH2+]CCN1N[C@H]2[C@@H]([C@@H]23)COC3,-4.271,13,-0.32853846153846156
CC(=O)N[C@H]1CCN(C1)c2ccc(cc2F)C3=NO[C@@H](C3)CNS(=O)(=O)C4CC4,-4.271,29,-0.1472758620689655
CC(=O)NC[C@H]1CN(C(=O)O1)C/C=C/[C@H](O)CCCC(=O)[O-],-4.268,22,-0.19399999999999998
CCc1ccc(nc1)CCn(c(n2)SCCC(=O)[O-])c(c23)cccc3,-4.268,25,-0.17071999999999998
O=C([O-])c1ccc(cc1Cl)S(=O)(=O)c(cc2)cc(c23)scn3,-4.268,22,-0.19399999999999998
O=C([O-])C/[NH+]=C/C(=O)CCCNCC(=CC1=O)N=C([N+]1=2)C=C(N2)C3CCOCC3,-4.268,29,-0.14717241379310345
O=S(=O)Oc(cc1)ccc1-c2c(ncn2CC#C)-c3cs/c([nH]3)=N/N=C/c4ccccc4C=O,-4.268,34,-0.1255294117647059
O[C@@H]1CCCN(C1)n2cncn2,-4.267,12,-0.35558333333333336
O=C([O-])c1cc(C)nc(c12)n(nc2C(C)C)C(=O)C3CCCCC3,-4.266,24,-0.17775
n1cn(C(C)C)c(c12)nc(N[C@H](CC)CO)nc2NCc3ccc(cc3)N4CCC[C@H]4C=O,-4.266,33,-0.12927272727272726
C[NH+]1CCN(CC1)c(cc2)cc(c23)n(c([nH+]3)CC[NH2+]CCO)Cc4ccccc4,-4.265,29,-0.14706896551724136
Cc1nn(C)c(C)c1[N-]S(=O)(=O)c2ccc(nc2)NCC[NH2+]Cc3ccc(C(=O)[O-])cc3,-4.264,32,-0.13325
Cc1onc(C)c1-c(c(c2)OC)cc(c23)[nH]c4c3c(nc(n4)C)-c5cnc[nH]5,-4.264,28,-0.1522857142857143
C/C=C/CCCCCCCC(=O)O[C@H](COP(=O)([O-])O)Cc1cc(Cl)cc(c1Cl)C[NH3+],-4.264,31,-0.1375483870967742
Cn(c1)c(=O)ccc1-c(cn2C)c(n2)C[N@H+](CCO3)[C@@H]([C@H]34)CCC4,-4.264,24,-0.17766666666666667
COC(=O)CC(=O)C(=O)[C@H](CO)NC(=O)CCCCCCCCCO,-4.264,25,-0.17056000000000002
c1ccc(OC)c(c12)[nH+]c([nH]2)CCc(cc3)cc(c34)OC(C)(C)C(=O)N4,-4.263,26,-0.16396153846153846
FC(F)(F)Oc(c1)ccc(c12)n(c(n2)C)S(=O)(=O)c3ccc(cc3)[C@H]4CC(=O)N(C)C4,-4.263,31,-0.13751612903225807
C1CSCCN1c(c(F)c2)ccc2N3C[C@@H](OC3=O)CNN4CCOC[C@@H]4c5ccccc5,-4.263,33,-0.12918181818181818
O=c([n-]1)onc1[C@@H](C)C2CCCCC2,-4.26,14,-0.30428571428571427
CC(=O)Nc1cccc(c1)-c(cc2)cc(c23)[C@@H](C[C@H](C)N3C(=O)C)NC(=O)N[C@H](C)c4cc(C)on4,-4.26,36,-0.11833333333333333
CC[C@H](C)[C@H]([NH3+])C(=O)[N-]C(=S)NCc1ccco1,-4.26,18,-0.23666666666666666
C/C=C/CCCC/C(C)=C/CSP(=O)([O-])OP(=O)([O-])O,-4.259,20,-0.21295000000000003
c1c[nH]c(c12)c(=O)n(C\C=C\C)cc2-c3cc(Cl)ccc3OCC[NH+](C)C,-4.259,27,-0.15774074074074076
COc1cccc(c1)-c2ncn(Cc3ccccc3)c2-c4ccc(OS(=O)=O)cc4,-4.259,30,-0.14196666666666669
Cc1cccc(c1C)Oc2nccc(n2)-n(nn3)c(c34)[C@@](C)(O)CC[C@H]4OC(=O)NC(C)C,-4.259,33,-0.12906060606060607
CO[C@@H](C)Cc([nH]1)nc(c12)cc(cc2)NC(=O)c3c(Cl)cnn3CC(C)C,-4.257,27,-0.15766666666666665
C[N@H+]1CC[C@@H](C1)N2CCOCC2,-4.257,12,-0.35474999999999995
C1CC1[NH2+]C[C@@H](OCC)CSc2ccc(c(C)c2)OCC(=O)[O-],-4.256,23,-0.1850434782608696
N#Cc1c(=O)[nH]c(cc1[S@](=O)C)NCc2cccc[nH+]2,-4.256,20,-0.21280000000000002
Clc1ccc(cc1Cl)N2CC[NH+](CC2)Cc3cccc(n3)Oc4ccccc4,-4.256,28,-0.152
Cc1cccc(c1C)Oc2nccc(n2)-c3ccc(cc3)C[C@@H]4SC(=O)NC4=O,-4.256,29,-0.14675862068965517
O=S(=O)c(cc1)ccc1C(=O)c2ccnc(c2)N3CC[NH2+]CC3,-4.256,23,-0.1850434782608696
C[C@H]1C[C@@H](C)CN(C1)Nc2ccccc2C(=O)[O-],-4.255,18,-0.23638888888888887
C[N+](C)(C)C1CCN(CC1)c2ccc(cc2)NC(=O)Cc3ccc(Cl)c(=O)[nH]3,-4.255,28,-0.15196428571428572
CS(=O)(=O)Nc1cc(ccc1C)-c(c(c23)cccn3)cc(c2)-c(cc4)cn(c45)c(nn5)C,-4.255,32,-0.13296875
c1ccccc1Oc2cccc(n2)C[N@H+]3CC[C@@H](CC3)CCc4cnc[nH]4,-4.254,27,-0.15755555555555553
CCCCC#Cc(nc1N)nc(c12)n(c(n2)-c3cccs3)-c4cc(F)cnc4Cl,-4.254,29,-0.14668965517241378
Cc1noc(C)c1S(=O)(=O)c2cc(ccc2Cl)OCc(n[nH]3)c(c34)cccn4,-4.254,28,-0.1519285714285714
O=C([O-])C(C)(C)c1ccc(cc1)NC(=O)[C@@H]([NH3+])CO,-4.253,19,-0.2238421052631579
O=C1CC[C@@H](C(=O)N1)c2ccc(cc2)C(=O)N[C@@H](Cn3ccnc3)c4ccccc4,-4.253,30,-0.14176666666666668
COc1ccc(cc1OC)N(CC(=O)NC(C(C)C)C(C)C)[C@H]2CC[N@H+](C2)CCN,-4.253,30,-0.14176666666666668
Cc1ccc(cc1)CC(=O)Cc2cccc(C)c2,-4.253,18,-0.23627777777777778
O=C([O-])Cc1cccc(c1)C(c2ccccc2)c3ccccc3,-4.253,23,-0.18491304347826087
CC(=O)NC[C@H]1CN(C(=O)O1)C[C@@H]2CC(=NO2)c3ccc(c(F)c3)N4CC[C@@H](C4)NC(=O)C,-4.253,33,-0.12887878787878787
n1cccc(c12)c(n[nH]2)Cc(c(Cl)cc3)c(c34)nnn4Cc([nH]n5)c(c56)cccn6,-4.252,30,-0.14173333333333332
C#CCC(=O)CCC1CCN(CC1)c2ccc(C#N)cc2,-4.252,21,-0.20247619047619048
O=C(N=1)N=c(c12)cc(cc2)-c3ccc(cc3)C(=O)NCCC(F)(F)F,-4.251,25,-0.17004000000000002
Cn1ccc(n1)-c2cc(NC(=O)c3ccco3)cc(c2)-c4ccnc(N)c4,-4.251,27,-0.15744444444444447
O=C([O-])c1c(=O)ccn(c1O)-c(ccn2)c(c23)[nH]cn3,-4.251,20,-0.21255000000000002
Cc1noc(C)c1S(=O)(=O)c2ccccc2,-4.25,16,-0.265625
CCS(=O)(=O)Nc1ccc(CC[NH3+])c(c1)-c(cn(C)c2=O)c(c23)oc(c3)-c4c[nH]c[nH+]4,-4.25,31,-0.13709677419354838
C1OCC1N(CC2)CCN2C(=O)CCCCCCCCCO,-4.249,22,-0.19313636363636363
o1cccc1C(=O)c2c(Cl)cccc2Cl,-4.249,15,-0.28326666666666667
CN(C)c1ccc(cc1)C2(CCCC2)C[NH2+]CCN(C)[C@H]3CCCC[NH2+]3,-4.249,26,-0.16342307692307692
Cc1nn(C)c(C)c1CN(C)c2nc([C@H]3CCCC[NH2+]3)nc(n2)N(C)CCC(=O)NC4CC4,-4.249,33,-0.12875757575757574
c1cc(C)cc(c12)[nH+]c([nH]2)CCn3ccc(O)c(C(=O)[O-])c3=O,-4.247,23,-0.18465217391304348
Cc1ccc(cc1)[C@H](C)c(cc2)cc(c23)CN(C)C(=O)N3,-4.246,21,-0.2021904761904762
c1ccccc1Oc2c(cnn2C)C(=O)[C@H](CO)NC(=O)CCCCCCCCCO,-4.246,31,-0.1369677419354839
CCS(=O)(=O)Cc1cnc(c(c1)-c(ccn2)c(c23)[nH]cn3)Oc4ccc(F)cc4F,-4.246,30,-0.14153333333333334
C[NH+](C)CCN1CC[C@H](C1)c(ccc2)n(c23)nc(n3)N,-4.245,20,-0.21225
O=C([O-])C/[NH+]=C/C(=O)CCC[NH2+]CC(=CC1=O)N=C([N+]1=2)C=C(N2)C3CCOCC3,-4.245,29,-0.1463793103448276
O=[N+]([O-])c1cc(C(F)(F)F)ccc1[C@H]2C[C@H](O)[C@H](O2)COP(=O)[O-],-4.245,24,-0.176875
O=C([O-])CC(=O)c1ccc(cc1)N2CCCCC2,-4.245,18,-0.23583333333333334
CCCC(=CC1=O)N=C([N+]1=2)N=C(N2)Cc3c(cnn3C)-c(cc4)nn(c45)c(nn5)C,-4.244,30,-0.14146666666666666
C[C@@H](O)CC(=O)NCCC(c1ccccc1)c2ccccc2,-4.243,22,-0.19286363636363638
OCCOc1ccccc1N2CCN(CC2)[N@H+]3CCC[C@@H]3CO,-4.243,23,-0.18447826086956523
Cc1ccnc(c1)CCCCCCCCC[NH3+],-4.242,17,-0.2495294117647059
CCCCC(=O)OC[C@H](CO)OC(=O)CCCCCCCCCc1c(C)nnn1C2CC[NH2+]CC2,-4.242,35,-0.1212
c1cnccc1NC(=O)[C@H](CCSC)Nc2c(-c3ccc(F)cc3)ncn2C4CC[NH2+]CC4,-4.241,33,-0.1285151515151515
O=c1n(C)cc(cc1C)-c(cc2)cc(c23)n(CCc4ncon4)c(n3)C5CCOCC5,-4.24,31,-0.1367741935483871
CC(C)(C)n(c1O)ncc1C(=O)c(c2C)ccc(S(=O)(=O)C)c2OCc3ccccc3,-4.24,31,-0.1367741935483871
OC[C@H](N)C(=O)Nc1ccc(cc1)-c(nc(=O)[nH]2)c(c23)cccc3,-4.239,24,-0.176625
CC(C)C[C@H](N)C(=O)Cc(c1)oc(c12)cccc2,-4.239,18,-0.2355
Cc1nn(C)c(C)c1-c2ncon2,-4.238,13,-0.326
O=S(=O)c(cc1)ccc1C(=O)NCCCc2ccc(=O)n(c2)Cc3ccccc3,-4.238,29,-0.14613793103448278
C1CCCCC1[NH+]2CCC2,-4.237,10,-0.4237
CCCCCC(=O)O[C@H](COC(F)(F)F)COP(=O)([O-])OCC[N+](C)(C)C,-4.236,27,-0.15688888888888888
C1COCCN1c2nccn(c23)c(c(n3)C)-c4ccc(cc4)CCNC(=O)c5ccc(Cl)cc5,-4.236,34,-0.12458823529411764
O=C([O-])[C@@H](C)C(=O)[C@@H](OCC)Cc1ccc(cc1)OCCc2ccc(cc2)OS(=O)(=O)C,-4.235,32,-0.13234375
COc1nc(N)nc(n1)N2CCC[C@H]([NH3+])C2,-4.235,16,-0.2646875
c1cc(Cl)cc(c12)[nH]c(n2)CCCCCNCc3cccnc3,-4.233,23,-0.18404347826086956
CCOc1ccccc1-c(cc2)nc(c23)sc(n3)NC(=O)C4CC4,-4.233,24,-0.17637499999999998
c1ccc(OC)c(c12)nc([nH]2)CC[NH2+]Cc3ccc(c(Cl)c3)[C@H]4C[C@@H](C#N)C4,-4.232,28,-0.15114285714285716
c1cccc(c12)c(c[nH]2)C[C@H]([NH3+])C(=O)c(cc3)cc(c34)ccc(c4)C[C@@H]5SC(=O)[N-]C5=O,-4.231,32,-0.13221875
[NH3+]CCCC[NH2+]CCC1CCCCC1,-4.231,14,-0.3022142857142857
C[Si](C)(C)C#CCN[C@@H](CCSC)C(=O)Nc1ccncc1,-4.23,22,-0.1922727272727273
C[NH+](C)CCN(CC1)CCC1n(nnc2C)c2C(=O)[C@@H]3CN(C(=O)CC4)N4C35CCCC5,-4.229,32,-0.13215625
C1C[NH2+]CCN1c(nc2)ccc2-c(ncc3C)n3Cc4ccccc4OCCC[C@@H](C)CC(=O)[O-],-4.229,35,-0.12082857142857144
COCCOCCCCC/C(C)=C/CC/C(C)=C/CSP(=O)([O-])OP(=O)([O-])[O-],-4.229,28,-0.1510357142857143
COC(=O)CCCCn(c1=O)c2sc(c3c2c(n14)ncn4)CN(CC3)CC5CCOCC5,-4.229,32,-0.13215625
Cc1noc(C)c1-c(cc2)cc(c23)[nH+]cc(C(=O)[O-])c3NCc4ccccc4,-4.229,28,-0.1510357142857143
c1ccccc1N[C@H](C[C@H](C)N2C(=O)C)c(c23)cc(cc3)[C@H]4CC[N@H+](C)C4,-4.227,27,-0.15655555555555556
CCCCCC(=O)c1ccc(cc1)-c2c(C)noc2C,-4.227,20,-0.21135
C=CC1=C(C)C(=O)N[C@@H]1CCOc2ccc(cc2)C3CCN(CC3)c(cc4)nn(c45)c(Cl)nn5,-4.227,34,-0.12432352941176472
CCOc1ccc(cc1)C[C@@H]2SC(=O)NC2=O,-4.226,17,-0.24858823529411764
CCCCCc1cccc(n1)Oc2ccccc2,-4.226,18,-0.23477777777777778
n1cc(O)cn1N(C(C)C)Cc2ccccc2OCCCCCC(=O)[O-],-4.225,26,-0.16249999999999998
NC(=O)[C@@H](C)C(=O)COc1cccc(F)c1,-4.224,16,-0.264
c1sccc1Cc(ccc2)c(c23)c(C)c(o3)C(=O)c4[nH+]ccn4C,-4.223,24,-0.17595833333333333
O=C([O-])CC(=O)c1ccc(cc1)N2CCCCC2,-4.223,18,-0.2346111111111111
C[C@H](N)[C@@H](O)C(=O)c(cnc1)c(c12)cccc2,-4.222,17,-0.2483529411764706
Fc1ccccc1-n2c(=O)n(ncn3)c3c(c24)c5c(s4)C[N@H+](CC5)CC6CCOCC6,-4.222,31,-0.1361935483870968
c1ccccc1C(=O)CC(\C)=[NH+]/[C@H](C(=O)[O-])Cc2ccc(cc2)-c3cccc(F)c3,-4.222,30,-0.14073333333333335
OC[C@@H](O)C(=O)c(cc1)cc(c1n(c23)c(C)nn2)N(C[C@H]3C)c4ccc(Cl)cc4,-4.221,29,-0.14555172413793105
Cc1cc(C)cc(c1)-c(cc2)cc(c2=3)=NC(=O)N3,-4.221,18,-0.23450000000000001
CCC(=O)N1CCC(CC1)N2CCCOC2=O,-4.22,17,-0.24823529411764705
CCc1c(C)nc(N)nc1CCn(c(n2)C3CCOCC3)c(c24)cc(cc4)-c5cc(C)c(=O)n(C)c5,-4.22,36,-0.11722222222222221
CS(=O)(=O)Oc1ccc(cc1)CCCc2ccccn2,-4.22,20,-0.211
COc1cccc(c1)C/C(=N\[H])Nc(cn(C)c2=O)c(c23)O/C(C3)=c4\cnc([nH]4)=C5CCCC5,-4.219,33,-0.12784848484848485
n1nc(C)n(c12)nc(cc2)-c3cnn(C)c3CCC(C)C,-4.218,21,-0.20085714285714285
s1cccc1[C@H](CC2)SCCN2C(=O)CCCCCc3ccccn3,-4.218,25,-0.16872
O=C([O-])Cc1c[nH+]c([nH]1)C2CCCC2,-4.218,14,-0.30128571428571427
C[NH+](C)C1CCN(CC1)c2ccc(cc2)-c(cs3)c(c34)oc(cc4=O)N5CCOCC5,-4.217,31,-0.1360322580645161
C[C@@H](O)CC(=O)C1CC1,-4.216,9,-0.46844444444444444
O=C1C=CCN1Cc2cc(on2)CCCCCOc3c(Cl)cc(cc3Cl)C4=NCCO4,-4.215,31,-0.13596774193548386
C1CCCCC1S(=O)(=O)c(c2)c(ncc2CS(=O)(=O)CC)Oc3ccc(F)cc3F,-4.215,30,-0.14049999999999999
CN(C1)C(=O)Nc(c12)ccc(c2)Nc3ccc(c(c3)C[NH3+])OCc4cccnc4,-4.215,29,-0.1453448275862069
c1ccc(OC)c(c12)[nH+]c([nH]2)CCc3cccc(c3F)-c4c(C)nn(C)c4C,-4.214,28,-0.15050000000000002
CSc1ccc(cc1)CC2(O)CCN(CC2)Cc3ccc(cc3Cl)-c4ncon4,-4.214,29,-0.14531034482758623
Cc1ccc(N(C)C(F)(F)F)cc1,-4.214,13,-0.3241538461538462
CCNN(C(C)C)Cc1ccccc1OCCCCCC(=O)[O-],-4.213,23,-0.18317391304347827
c1cccc(c12)c(c[nH]2)C[C@@H](CO)[NH2+]CCCCc3ccccc3,-4.213,24,-0.17554166666666668
C1CCCCN1c(n2)cc(nc2N)[C@H](C[C@@H]34)[C@@H]([C@@H]([NH2+]4)CC3)CCC(CC5)CCC5(F)F,-4.213,31,-0.13590322580645162
Cc1nn([C@H](C)C(=O)[O-])c(C)c1/C=N/N2CCN(CC2)Cc3ccccc3,-4.213,27,-0.15603703703703703
Cc1ccc(cc1)OCCNC2=[NH+]NCS2,-4.212,16,-0.26325
Cc1ccc(cc1)S(=O)(=O)c2ccc(cc2)-c3ccnc(C)c3,-4.212,23,-0.18313043478260868
NC(=O)c1ncc(cn1)N2CCC[C@H]([NH3+])C2,-4.211,16,-0.2631875
COc(cc1)cc(c12)C(c(ccc3)c(c34)cc[nH]4)=N[C@H](c5n2c(nn5)C)CC(=O)CC[NH2+]CCO,-4.211,35,-0.12031428571428572
CC(O1)(C)C(=O)Nc(c12)cc(OC)c(c2)[C@@H](CC)c3cccc(n3)C4CC4,-4.21,27,-0.1559259259259259
O=C([O-])c1ccccc1Cc2noc(=O)[n-]2,-4.21,16,-0.263125
O=C([O-])C[NH2+]Cc1ccc(cc1Cl)-c2ncon2,-4.21,18,-0.2338888888888889
CC(=O)N[C@H]1CC[N@H+](C1)CCn(c(n2)SCCC(=O)[O-])c(c23)cccc3,-4.209,26,-0.16188461538461538
c1nc(N)ccc1-c(cc2)cc(c2n(c34)c(C)nn3)N(C[C@@H]4C)c5ccc(=O)n(c5)Cc6ccccc6,-4.209,37,-0.11375675675675674
[nH]1ncnc1[C@@H](C)NNC(C)(C)CO,-4.209,14,-0.3006428571428571
CO[C@@H](C)Cn1cc(cn1)-c(c(n2)C)n(c23)ccnc3[C@H]4CC[N@H+](C4)CC[NH3+],-4.208,28,-0.1502857142857143
C1COCCN1C(=O)Cc2ccc(cc2)-c(n3)oc(c34)cccc4,-4.207,24,-0.17529166666666665
OCc1ccc(F)c(c1)-c2c(F)cc(cc2F)C(C3)CC3(F)F,-4.207,23,-0.18291304347826087
c1ccccc1S(=O)(=O)[C@H](C)c2cccc(c2)-c3cn[nH]c3,-4.206,22,-0.1911818181818182
Cc1ccccc1Nc2cc[nH+]cc2,-4.206,14,-0.30042857142857143
CN1CCN(CC1)c(cc2)cc(c23)n(c(n3)CC[NH2+]CCO)Cc4ccccc4,-4.204,29,-0.1449655172413793
O=C(C1)NC[C@@H]1[C@@H](C)Oc(c(c23)cccn3)cc(c2)-c4ccc(F)c(F)c4F,-4.204,28,-0.15014285714285713
CC(C)(C)NO[C@H](CC)c1cc(no1)-c2ccc(cc2)OC(C)(C)C(=O)[O-],-4.204,27,-0.1557037037037037
COc1cccc(c1)OCC(=O)c2ccc(cc2Cl)C[NH2+]CCc(n3)[nH]c(c34)cccc4OC,-4.203,34,-0.12361764705882354
Brc1ccc(cc1)/C=C/CN[C@@H](Cn2cc[nH+]c2)c3ccccc3,-4.203,24,-0.175125
CCOc1ccc(cc1)C[C@@H]2SC(=O)[N-]C2=O,-4.202,17,-0.2471764705882353
c1c[nH]c(=O)c(n12)c(C)cc2S(=O)(=O)c3ccc(cc3)C#CCNS(=O)(=O)C,-4.202,28,-0.15007142857142858
Cc1noc(C)c1-c2ccc(cc2)Cc3cccc(c3)N4C=CCC4=O,-4.202,26,-0.1616153846153846
Cc1cc([nH]n1)[C@@H](C)NCc(cc2)nc(c23)cccc3,-4.201,20,-0.21005
CC(C)CCNS(=O)(=O)C,-4.2,10,-0.42000000000000004
FC(F)(F)C(=O)N[C@@H](C(C)(C)C)C(=O)c(c(Cl)cc1)c(c12)nnn2Cc([nH]n3)c(c34)cccn4,-4.199,34,-0.1235
c1ccccc1-c2ccc(cc2)CC3CC3,-4.199,16,-0.2624375
C[NH+](C)C1CCN(CC1)Cc2ccc(O)cc2,-4.199,17,-0.247
CC(C)O[NH2+]CCCn(c(=O)n(c1=O)CCC)c(c12)nc([nH]2)C3CCCCC3,-4.198,28,-0.14992857142857144
CCc1cccc(C)c1Nc(nc(n2)N[C@H](CC)CO)c(c23)ncn3C(C)C,-4.197,28,-0.14989285714285713
O=C1[N-]C(=O)[C@@H](S1)Cc(c(c23)scc3)ccc2Cc4ccccc4F,-4.196,25,-0.16784
CC(C)CCNS(=O)(=O)c1ccc(cc1)OCc(c2)oc(c23)cccc3,-4.196,26,-0.16138461538461538
C1=CN(C)C(=O)[C@H](C)c(c12)ccc(c2)OCCCCCc3cc(nc(N)[nH+]3)NC4CC4,-4.196,31,-0.1353548387096774
n1cccc(c12)ccc(c2)C3CCCCC3,-4.196,16,-0.26225
CC(C)(C)c(cc1)ccc1[C@H](C)N[NH2+]Cc2ccccc2,-4.195,21,-0.19976190476190478
OCCOCc1cn[nH]c1,-4.195,10,-0.41950000000000004
CN1C[C@H](CC1=O)c2ccc(cc2)S(=O)(=O)CCOCCOCCOCCO,-4.194,28,-0.14978571428571427
CC(C)(C)c(s1)cc(c12)nc(C(=O)[C@H](O)[C@H](C)[NH3+])nc2N(C)CCC#N,-4.194,26,-0.16130769230769232
n1cn(C(C)C)c(c12)nc(N[C@H](CC)CO)nc2C(=O)c(cn3)cc(c34)cccc4,-4.194,30,-0.1398
O=C([O-])Cc(co1)c(c12)ccc(c2)CCCCCCCCCCC(=O)[O-],-4.193,26,-0.16126923076923075
Cc1ccc(cc1C)S(=O)(=O)c(c(c23)cccc3)ccc2OCC(=O)[O-],-4.193,26,-0.16126923076923075
O=Cc1ccccc1/C=N/Nc2nc(cs2)-c(cc3)cc(c34)O[C@@H](C(=O)N4)CC5CC5,-4.191,31,-0.13519354838709677
Cc1cc(on1)[C@@H](C(C)C)C(=O)Cc2ccc(cc2Cl)-c3ncon3,-4.191,25,-0.16763999999999998
COCCOCCOCCc(n1)sc(c12)cccc2,-4.19,19,-0.2205263157894737
Cc1n[nH]cc1NC2CCOCC2,-4.189,13,-0.3222307692307692
[nH]1nccc1-c2ccc(cc2Cl)CNCCc3c[nH+]c[nH]3,-4.189,21,-0.19947619047619047
CC(=O)Nc1cccc(c1)-c(cc2)cc(c23)[C@@H](C[C@H](C)N3C(=O)C)NC(=O)N(C4(C)C)C(=O)NC4=O,-4.189,36,-0.11636111111111111
[nH]1ncnc1[C@@H](C)NCc2ccc([N+](=O)[O-])cc2,-4.188,18,-0.23266666666666666
CS(=O)(=O)NCC#Cc1ccc(cc1)S(=O)(=O)c2cc[nH]n2,-4.187,22,-0.19031818181818183
CC(C)NC(=O)O[C@H](CC[C@]1(C)O)c(c12)nnn2CCCCCc3ccccn3,-4.186,29,-0.1443448275862069
CCOc1ccc(C(=O)C)cc1-c(cc2)cc(c23)ccn3CC(=O)[O-],-4.186,25,-0.16744
C[C@H]1C[C@@H](C)CN(C1)c2cccc(c2)OCc3ccccc3,-4.184,22,-0.1901818181818182
n1cnc(n12)nc(C)cc2N3CC[NH2+]CC3,-4.184,16,-0.2615
CCNC(=O)c(c1)[nH]c(c12)c(=O)n(C)cc2-c3cc(C(C)(C)O)ccc3-c4cc(F)ccc4F,-4.183,34,-0.12302941176470587
CCCCCCCCC[C@@H](OC(=O)CCCC)COP(=O)([O-])OCC[N+](C)(C)C,-4.183,29,-0.1442413793103448
C1CC1[C@@H](C)c2cc(ncn2)N(C)CCOc3ccc(cc3)C[C@@H]4SC(=O)[N-]C4=O,-4.182,30,-0.13940000000000002
Cn1[nH+]c(C2CC2)cc1[C@H](CO)Cc(c[nH]3)c(c34)cccc4,-4.182,22,-0.19009090909090912
Cc([nH+]1)c(C)n(c12)c(C)c(cc2)CCc3nc(cn3C)-c(cc4)cc(c45)OC(C)(C)C(=O)N5,-4.182,33,-0.12672727272727274
CCN(C1=O)c2ccc(c(c2c13)ccc3)S(=O)(=O)c(ccn4)c(c45)[nH]c(n5)N,-4.181,28,-0.14932142857142858
CC(C)(C)Nc(c1)c(C#N)cn(c12)cc(n2)-c3ccccc3,-4.179,22,-0.18995454545454546
Cc1nc(cs1)Nc2ccncc2,-4.179,13,-0.32146153846153847
CCCCC/C=C/C[C@H]1C[C@@H](C#N)C1,-4.178,14,-0.29842857142857143
CC(C)C[C@H](N)C(=O)Nc1ccc(Cl)c(c1)NS(=O)(=O)C(C)(C)C,-4.178,24,-0.17408333333333334
CCC(CC)Nc1cc(C)nc(c1C)C(=O)[C@@H](N)CC(C)C,-4.178,22,-0.18990909090909092
CCC(CC)c1c(C)nnn1C2CCN(CC2)CC[NH+](C)C,-4.177,22,-0.18986363636363635
c1cccc(c12)nc(C)nc2Cc3ccccc3C,-4.177,19,-0.21984210526315787
Cc1noc(C)c1S(=O)(=O)C(=O)[C@@H](C2)Oc(c23)c(cc(Cl)c3)-c4ccnc(N)c4,-4.177,29,-0.14403448275862069
CCc1ccc(nc1)CC[NH2+]CCC(C)C,-4.176,16,-0.261
c1ccccc1CNC(=O)c2ccc(cc2)CCCCCO,-4.175,22,-0.18977272727272726
O=C([O-])[C@H](C)CCOC(F)(F)F,-4.175,12,-0.34791666666666665
O=C(N1)C(C)(C)Oc(c12)cc(c(c2)OC)N[N@@H+]3CCC[C@H](N)C3,-4.175,23,-0.18152173913043476
C[NH+]1CCN(CC1)c2ccc(cc2)NCCC3CCCCC3,-4.175,22,-0.18977272727272726
CSc1ccc(cc1)C(=O)N2CC[C@@H](C2)[N@@H+](C)CCC[NH+](C)C,-4.174,23,-0.18147826086956523
O=C(N=1)N=c(c12)cc(cc2)-c3ccc(cc3Cl)C[NH2+]CCc(n4)[nH]c(c45)cccc5,-4.173,30,-0.1391
CO[C@@H](C)C[NH2+]CCCNC(=O)c1ccc(=O)n(C)c1,-4.173,20,-0.20865
CCc1c(NC)nc(N)nc1-c2cc[nH+]c(N)c2,-4.172,18,-0.23177777777777775
CC(=O)N[C@H]1CCN(C1)c2ccc(cc2F)C3=NO[C@@H](C3)CS(=O)(=O)c4cccc(F)c4,-4.171,32,-0.13034375
CNc1cc(nc(n1)N)N2CCN(CC2)NCc3cccs3,-4.171,22,-0.18959090909090912
O=c1ccc(cn1C)C(=O)NCCCNC(=O)CC[NH2+]Cc2ccc(c(Cl)c2)-c3ccccc3,-4.171,34,-0.1226764705882353
c1ccccc1-c([nH]2)c(c(c23)cc(OC)cc3)CCNc4ccn[nH]4,-4.17,25,-0.1668
C[C@H]1COCCN1c2ccc(nc2)N3CC[NH2+]CC3,-4.17,19,-0.21947368421052632
O[C@@H]1CCCN(C1)/[NH+]=c(/cc2)cc(n23)[nH]c(c3)-c4ccccc4,-4.17,23,-0.18130434782608695
COc1cccc(c1)[C@H](O)Cc2ncc[nH]2,-4.169,16,-0.2605625
COc(c1)cccc1-c([nH+]cn2CC#C)c2NCCCNC(=O)c3ccc(F)cc3,-4.169,30,-0.13896666666666666
Cc1ccccc1Nc2ccncc2,-4.169,14,-0.29778571428571426
C1CCCC1(CC(=O)[O-])CC(=O)c(c(n2)C)n(c23)ccnc3N4CCOCC4,-4.169,28,-0.14889285714285713
C1C[NH2+]CCN1c(c2)ccc(c23)c(C)n[nH+]c3CCNS(=O)(=O)c(ccc4)c(c45)ccnc5,-4.168,33,-0.1263030303030303
C[NH2+]CCCOc(cc1)cc(c12)ccn2CC(=O)[O-],-4.168,19,-0.21936842105263157
C1CCCCN1c(n2)cc(nc2N)NCCC[NH2+]Cc3ccc(c(Cl)c3)-c4ccccc4,-4.168,32,-0.13025
n1[nH]cnc1[C@@H](C)NNc2cc(C(=O)[O-])ccc2N3CCC(CC3)N4CCCOC4=O,-4.168,31,-0.1344516129032258
C[C@@H]1C[NH2+]CCCN1CCc2ncc[nH]2,-4.167,15,-0.2778
CC[C@](C)(C(=O)[O-])Oc1ccc(cc1)CC[NH2+]Cc2ccc(cc2)[C@@H]3C(C)=NCS3,-4.167,30,-0.1389
CCNC(=O)[C@H]1O[C@H]([C@H](O)[C@@H]1O)c(c2)c(OC)cc(c23)onc3CC,-4.165,25,-0.1666
Fc1cc(F)ccc1Oc(ccc2NS(=O)(=O)CC)c(c2)C(=S)NCc3ccco3,-4.165,30,-0.13883333333333334
COC1=C(OC)C(=O)C(=C(C)C1=O)CCc2cnns2,-4.165,20,-0.20825
NC(=O)Cc1cccc(c1)[N-]S(=O)(=O)c2cccc(Br)c2,-4.163,21,-0.19823809523809524
FC1(F)CC(C1)N(CC2)CCC2C(=O)NC3CCCCCC3,-4.163,22,-0.18922727272727274
c1cnccc1-c(o2)cc(=O)c(c23)scc3-c(cc4)cc(c45)OCCO5,-4.162,26,-0.16007692307692306
Brc1ccc(cc1)/C=C/C[NH2+]CCNCc2cccs2,-4.162,20,-0.2081
CNCc1cccc(c1)CS(=O)(=O)c(cc2)cc(c23)scn3,-4.162,22,-0.18918181818181817
FC(F)(F)CCS(=O)(=O)c1cccs1,-4.161,14,-0.2972142857142857
O=C(C1)NC[C@@H]1[C@@H](C)c2cc(NC(=O)c3ccco3)cc(c2)-c4ccn(n4)C,-4.161,28,-0.14860714285714285
C/C=C/CCCCCCCC(=O)O[C@H](COP(=O)([O-])O)CCc1ccc(Cl)c(Cl)c1,-4.161,30,-0.1387
Cc1ccnc(c1)CCCCCS(=O)(=O)c(ccc2)c(c23)c(C)cnc3,-4.16,26,-0.16
CC/C=C/CCc1nc(cs1)-c2ccccc2,-4.16,17,-0.2447058823529412
COCCCNc1ccc(CN)cc1Cl,-4.158,15,-0.2772
C1CC1Nc2[nH+]c(N)nc(c2CC)NCCC3CCCCC3,-4.157,22,-0.18895454545454546
C/C=C/CCCCc1ccccc1,-4.157,13,-0.31976923076923075
o1cccc1-c(cc2)ccc2C(=O)N(C)Cc3ccccc3OCCS(=O)(=O)C,-4.157,29,-0.1433448275862069
C1OCC1c([nH]2)c[nH+]c2C3CCC3,-4.157,13,-0.31976923076923075
c1cccc(c12)sc(n2)C(=O)c(c3C)nn(CCCCCO)c3-c4ccccc4,-4.157,29,-0.1433448275862069
C/C=C/Cc1ccc(C(F)(F)F)cc1[N+](=O)[O-],-4.157,17,-0.24452941176470588
N#Cc(c1Cl)ccc(c1C)N2CCN(CC2)C(=O)CC3(CC(=O)[O-])CCCC3,-4.157,28,-0.14846428571428572
CS(=O)(=O)c1ccccn1,-4.156,10,-0.41559999999999997
C[NH+](C)CCOc1ccc(Cl)cc1CCSP(=O)([O-])OP(=O)([O-])[O-],-4.155,24,-0.173125
CCCCCCCCCCCCO[C@H]1O[C@H](CO)[C@H]([C@H](O)[C@H]1O)/N=C2/NNCS2,-4.155,29,-0.14327586206896553
c1cc[nH]c1CCN(CC2)CCC23Oc4c(O3)cccc4,-4.155,21,-0.19785714285714287
Cc1cc(C)cc(c1)Oc2cccc(n2)NCCc3cc[nH+]cc3,-4.155,24,-0.173125
OCCOc1c(C)cc(cc1C)-c(c2)oc(c23)c(cn(c3=O)C)C[C@H](O)[C@H]([NH3+])CO,-4.154,30,-0.13846666666666665
O=C1NCCC[C@H]1C[C@@H]([C@@H](O)C(=O)N2CCC2)[NH2+]CCc(c[nH]3)c(c34)cccc4,-4.154,29,-0.14324137931034484
O=C([O-])C(=O)CC(=O)CCC(=O)NC1CC1,-4.154,16,-0.259625
Cc1noc(C)c1S(=O)(=O)N2CCN(CC2)C3COC3,-4.153,20,-0.20764999999999997
C[NH+](C)CCN1CCN(CC1)c(c2)c(C(=O)N)cc(c23)nccc3O[C@@H]4CCC[NH2+]C4,-4.153,31,-0.13396774193548386
COCCOCCOCCCCOc1ccc(cc1)C[C@@H]2SC(=O)NC2=O,-4.153,27,-0.1538148148148148
O=C(N1)C(C)(C)Oc(c12)cc(c(c2)OC)Nc3cc(Cl)cc(c3Cl)C[NH3+],-4.152,26,-0.1596923076923077
CS(=O)(=O)Nc1cc(ccc1C)-c2ccc(cc2)NC(=O)[C@@H]([NH3+])CO,-4.151,25,-0.16604
Nc1ccc(cc1)NNc2cc[nH+]cc2,-4.151,15,-0.27673333333333333
COc1ccc(cc1)S(=O)(=O)c2ccc(cc2)[C@H]3CC(=O)N(C)C3,-4.151,24,-0.17295833333333333
n1c[n-]c(=O)c(c12)[nH+]cn2CC(c3ccccc3)c4ccccc4,-4.148,24,-0.1728333333333333
Cn(c1)c(=O)ccc1-c(cn2C)c(n2)COc3ccc(cc3)-c4ccc(cc4Cl)CNCCCO,-4.147,35,-0.11848571428571429
Cc1noc(C)c1-c2ccc(cc2)-c(cc3)nn(c34)c(nn4)C,-4.146,23,-0.1802608695652174
C[C@H]1C[C@@H](C)CN(C1)C(=O)c(on2)c(c23)cccc3,-4.146,19,-0.21821052631578947
O=c([nH]1)onc1C(\C)=C/2c(cccc3)c3OCc(c24)cc(cc4)CCCC[C@@H](C)CC(=O)[O-],-4.146,33,-0.12563636363636363
COCCOCCOCCCCOc1ccc(cc1)C[C@@H]2SC(=O)[N-]C2=O,-4.146,27,-0.15355555555555556
Cc1ccc(cc1)[C@H](C)Nc(cc2)cc(c23)N([C@@H](C)C(=O)N3C)c(cc4)cc(c4=5)=CC(=O)N5,-4.146,33,-0.12563636363636363
C[NH2+]Cc1cccc(c1)Cc2c(cccc3)c3nc(c24)CCCC4,-4.145,24,-0.17270833333333332
COc(c1)c(OC)cc(c12)c(nc(n2)C)-c3cccn3C,-4.144,21,-0.19733333333333333
CSc1ccc(cc1)C(=O)Nc2nc(cs2)C(=O)c3ccc(S(=O)=O)cc3,-4.143,27,-0.15344444444444444
c1cccc(c12)nc(C)nc2-c3nc(c(o3)C)CC[C@H](O)c4ccc(cc4)C[C@@H]5SC(=O)[N-]C5=O,-4.143,35,-0.11837142857142857
C[NH+](C)CCOc1ccc(Cl)cc1CCSP(=O)([O-])OP(=O)([O-])O,-4.143,24,-0.172625
Cc1nnc(n12)c(NC)nc(c2)N3CCS[C@@H](CC3)c4cccs4,-4.142,24,-0.17258333333333334
COc1cc(OC)cc(c12)nc([nH]c2=O)C3C=C3,-4.142,18,-0.23011111111111113
CC[C@H](C)[C@H]([NH3+])C(=O)N1CCSCC1,-4.141,14,-0.29578571428571426
o1cccc1C[NH2+][C@H](C)c2ccc(cc2)-c3cc(F)cnc3Cl,-4.14,23,-0.18
c1cccn1-c2cn(C)c(=O)c(c23)cc(o3)-c4c[nH]c(n4)C5CCC5,-4.139,25,-0.16556
O[C@H]1CC[C@@H](CC1)Nc2ccccc2Oc3ccccc3,-4.138,21,-0.19704761904761905
COc1ccc(nn1)N2CCN(CC2)c3cc(C4CC4)nn3C,-4.138,23,-0.17991304347826087
Clc1cccc(Cl)c1-c2cnc[nH]2,-4.138,13,-0.3183076923076923
O=c([n-]1)[nH]c(=O)cc1C(=O)N2CCN(CC2)c3c[nH+]c([nH]3)C4CCCC4,-4.137,26,-0.1591153846153846
c1nccn1C[C@@H](NC(C)C)c2ccc(Cl)cc2Cl,-4.136,19,-0.21768421052631579
CC(C)CCNc1ccc(C(F)(F)F)c(F)c1,-4.134,17,-0.24317647058823533
CCNC(=O)[C@H]1O[C@H]([C@H](O)[C@@H]1O)c2csc(n2)N/N=C/c3ccccc3C=O,-4.134,28,-0.14764285714285716
c1ccccc1-n(nc2C)c(C)c2/C=N/c3cccc(c3)Cn4ccc(O)c(C(=O)[O-])c4=O,-4.134,33,-0.12527272727272729
COCCOC(=O)[C@H](C(C)C)NC(=O)C1CCCCC1,-4.134,20,-0.20670000000000002
CCNC(=O)c(c1)[nH]c(c12)c(=O)n(C)cc2C(=O)c3cc(c[nH]3)C(=O)c4c(Cl)cccc4Cl,-4.133,33,-0.12524242424242424
O=C1CCCc(c12)n(c(c2)CC)-c3n[nH]c(n3)-c4ccccc4,-4.132,23,-0.17965217391304347
N1CCCC[C@@H]1[N@H+](C)CCc2noc(n2)C3CCN(CC3)C(=O)Cc4ccccc4,-4.132,30,-0.13773333333333332
CS(=O)(=O)Nc1cc(ccc1C)-c2cc[nH]n2,-4.131,17,-0.24300000000000002
COc1ccc(cc1Cl)CCc(n2)n(C[C@H](C)[NH+]3CCOCC3)c(c24)ccc(c4)-c5ccn[nH]5,-4.131,34,-0.12150000000000001
C[NH2+]Cc1ccc(cc1)-c(cn(C)c2=O)c(c23)oc(c3)-c4cc(C)c(c(C)c4)OCCO,-4.131,32,-0.12909375
O=c1ccc(cn1C)C(=O)c2cccc(Cl)c2Cl,-4.131,18,-0.2295
O=C([O-])CCCCCCC[C@H](O)Cc1c[nH+]c[nH]1,-4.13,18,-0.22944444444444445
COc1ccc(cc1)Cn(nn2)c(c23)[C@@](C)(O)CC[C@H]3OC(=O)N4CCN(CC4)Cc5ccccc5,-4.13,36,-0.11472222222222223
O=C([O-])C[C@H](C)CCCS(=O)(=O)C,-4.13,13,-0.31769230769230766
C1CC1Nc(nc2N)cc(n2)N3CCN(CC3)NC4CCCCC4,-4.129,24,-0.17204166666666665
CCCCCCc1cccc(Cl)c1,-4.129,13,-0.3176153846153846
CCCn(c1=O)c(=O)n(CCC)c(c12)nc([nH]2)CCC[NH2+]Cc3ccc(c(Cl)c3)-c4ccccc4,-4.129,35,-0.11797142857142856
Cc1nn(C)c(Cl)c1S(=O)(=O)c2cn(C)c(n2)CCc(cc3)c(C)n(c34)c(C)c([nH+]4)C,-4.128,31,-0.13316129032258064
c1ccccc1CC(=O)N2CCC(CC2)c3nc(no3)C4C=C4,-4.128,23,-0.17947826086956523
CC(O1)(C)C(=O)Nc(c12)ccc(c2)NN3CCSCC3,-4.127,20,-0.20634999999999998
C[NH2+]Cc1ccc(cc1)-c(nc(c23)ccs3)nc2N(C)CCC#N,-4.126,24,-0.1719166666666667
CC(=O)NC[C@H]1CN(C(=O)O1)Nc2cccc(c2)N3C=CCC3=O,-4.126,24,-0.1719166666666667
CC(O1)(C)C(=O)Nc(c12)ccc(c2)NN3CCCC3,-4.126,19,-0.21715789473684213
C[C@@H](O)c1ccc(cc1)Cc(cc2=O)oc(c23)c(cs3)-c(cc4)cc(c45)OCCO5,-4.126,30,-0.13753333333333334
CCOC(=O)c1cnn(C)c1C(=O)c2ccc(cc2Cl)C3=N[C@@H](C)CO3,-4.126,26,-0.15869230769230772
CC(C)Oc1ccc(C(F)(F)F)cc1[N+](=O)[O-],-4.125,17,-0.2426470588235294
[nH]1nccc1-c(cc2)cc(c23)[C@@H](C[C@H](C)N3C(=O)C)[NH2+]Cc4cc(C)ccc4C,-4.125,29,-0.14224137931034483
OCC(C)(C)Nc1csc(C(F)(F)F)c1,-4.125,15,-0.275
Cc1nn(C)c(C)c1Cc2ccc(cc2)N3CC[NH+](C)CC3,-4.124,22,-0.18745454545454543
[NH3+]CCNc(cc1)cc(c12)[nH]c(n2)-c3ccccc3,-4.124,19,-0.21705263157894736
Nc1cc(cc[nH+]1)Cc2ccc(Cl)c(Cl)c2,-4.124,16,-0.25775
COCCNc1nc(ncc1Cl)Nc2ccc(cc2)N3CCN(C)CC3,-4.123,26,-0.1585769230769231
Nc1nccc(n1)CCOc2ccc(cc2)C[C@@H]3SC(=O)NC3=O,-4.123,24,-0.17179166666666668
CC(=O)Nc1cccc(c1)-c(cc2)cc(c23)[C@H](NCC#N)C[C@H](C)N3C(=O)C,-4.122,28,-0.14721428571428571
O=S(=O)Oc1ccc(cc1)[C@H]2CCC[N@H+](C2)Cc3cccc(c3)Oc4ccccc4,-4.122,30,-0.1374
CCCCC(=O)OC[C@H](CO)c1cn(C)c([nH+]1)CCc(cc2)c(C)n(c23)c(C)c([nH+]3)C,-4.121,31,-0.13293548387096776
COCCCNC(=O)c(cc1)nc(c12)cccc2,-4.121,18,-0.22894444444444448
CCCCCCCC(=O)c1cnn(c1)CC(C)(C)O,-4.121,19,-0.21689473684210528
o1c(N)nc(c12)cc(C)cc2Cc3ccc(cc3)-c4c(C)noc4C,-4.12,25,-0.1648
CC(C)Cc1nc(cs1)CCN(C)c2cccc[nH+]2,-4.12,19,-0.2168421052631579
O=C(N1)C(C)(C)Oc(c12)cc(c(c2)OC)Nc(ccc3)n(c34)nc([nH+]4)N,-4.12,26,-0.15846153846153846
C[NH+]1CCN(CC1)CCNc2ccc(cn2)S(=O)(=O)c3ccc(Cl)cc3,-4.119,26,-0.15842307692307692
CC(=O)NCCC(=O)Nc(c(n12)nnc2C)cc(n1)-c3ccc(C)c(c3)[N@H+]4CC[C@H](O)CC4,-4.119,33,-0.12481818181818181
c1ccccc1CC#Cc(c2)ccc(c23)n(C)c(=O)n(c3=O)N4CCOC[C@@H]4c5ccccc5,-4.119,34,-0.1211470588235294
CC(C)CCc1csc(C(F)(F)F)c1,-4.118,14,-0.29414285714285715
COC(=O)CCCC[NH+]1CCC1,-4.118,12,-0.3431666666666667
O=C([O-])COc(c(C)c1)ccc1SC[C@H](OCC)CNc(cc2)cc(c23)[nH]c([nH+]3)-c4ccccc4,-4.117,35,-0.11762857142857143
C1CC1Nc(c2CC)nc(N)nc2-c(c(Cl)cc3)c(c34)nnn4Cc([nH]n5)c(c56)cccn6,-4.117,33,-0.12475757575757576
CCCCC(=O)c(cc1)cc(c12)[C@@H](N(C)C(=O)N2)OCCO,-4.117,22,-0.18713636363636363
Clc1cccc(c1Cl)NNc2[nH+]ccs2,-4.117,15,-0.2744666666666667
Oc1ccc(O)c(C2=O)c1C(=O)c(c23)c(N(CC4)CCN4CC[NH+](C)C)ccc3NCC[NH2+]CCO,-4.116,36,-0.11433333333333333
N#Cc1cc(F)[c-]c(c1)C(=O)C(F)(F)F,-4.116,15,-0.2744
CC(=O)Nc1ccccc1-n2nc(C)c(c2C)/C=N/N3CCN(CC3)Cc4ccccc4,-4.116,32,-0.128625
COc1ccccc1S(=O)(=O)CC#C[Si](C)(C)C,-4.116,18,-0.22866666666666666
CSc1ccc(cc1)C(=O)S(=O)(=O)c2cccc(F)c2,-4.115,20,-0.20575000000000002
O=C([O-])C/[NH+]=C/C(=O)CCCCCC1OCCO1,-4.115,18,-0.22861111111111113
COc(cc1)cc(c12)nc([nH]2)CCn(c3=O)c(=O)n(C)c(c34)ccc(c4)C(=O)C5=C([O-])CCCC5=O,-4.115,36,-0.11430555555555556
O=C([O-])Cn(cc1)c(c12)ccc(c2)OCCCC(=O)Cc(cnc3)c(c34)c(O)ccc4,-4.115,31,-0.13274193548387098
c1nccc(c12)c(ccc2)S(=O)(=O)NCC[NH2+]CCCCc([nH+]3)[nH]c(c34)cccc4,-4.113,30,-0.13710000000000003
COCCOCCCCCc1cc(C)cc(N)[nH+]1,-4.113,18,-0.22850000000000004
N#CCc(c1)c(C2CC2)cc(c13)c(C(=O)NC)c(o3)-c4ccc(F)cc4,-4.113,26,-0.15819230769230772
s1ccnc1C(=O)[C@@H](OCC)Cc2ccc(cc2)OCCc3ccc(cc3)OS(=O)(=O)C,-4.112,32,-0.1285
O=C([O-])CCCOc1ccccc1N2CCN(CC2)Cc3cncs3,-4.111,25,-0.16444
Cc1noc(C)c1S(=O)(=O)CCCNS(=O)(=O)C,-4.111,18,-0.22838888888888886
OCCCCCc1ccc(cc1Cl)CNCCc2cnc[nH]2,-4.11,22,-0.18681818181818183
COc1cccc(c1)-c(nnc2C)c(c23)cc(cc3)N4CC[NH2+]CC4,-4.11,25,-0.16440000000000002
FC(F)(F)c1ccncc1C(=O)c2cccc(c2)[N-]S(=O)(=O)c3cccc(Br)c3,-4.108,29,-0.14165517241379308
Cc1nn(C)c(C)c1CCc2ccc(cc2)-c3cccc(F)n3,-4.108,23,-0.1786086956521739
CCC(CC)Nc1cc(C)nc(c1C)C(=O)[C@@H]([NH3+])CC(C)C,-4.108,22,-0.18672727272727271
O=c1[nH]cc(Cl)cc1C(=O)CCC2c(ccc(c3)O)c3Oc(c24)cc(O)cc4,-4.107,28,-0.14667857142857144
c1ccccc1-c(cn2C)[nH+]c2Cc(cnc3C(F)(F)F)c(c34)C[C@@H](F)[C@H]4O,-4.107,28,-0.14667857142857144
S=C(N1)OC(C)(C)c(c12)cc(cc2)-c3ccc(cc3)CC(=O)N4CCOCC4,-4.107,28,-0.14667857142857144
C1CC1Oc2ccc(cc2OC)C(=O)NNC(=O)CCC3CCN(CC3)c4ccc(C#N)cc4,-4.107,34,-0.12079411764705883
C[NH+](C)CCCC(=O)c1ccc(cc1)-c2cccc(F)c2,-4.106,21,-0.19552380952380952
CC(C)(C)OC(=O)NCCC[NH2+]NCc1ccc(cc1C(F)(F)F)NS(=O)(=O)C2CC2,-4.105,31,-0.1324193548387097
CCCCCC(=O)CCC#N,-4.105,11,-0.3731818181818182
Cc1ccnc(c1)CCCCCC(=O)Cc(c[nH+]c2)c(c23)c(O)ccc3,-4.105,26,-0.1578846153846154
COC(=O)CC(=O)NCCC[NH2+]Cc1ccc(c(Cl)c1)C(=O)c2ccc(cc2)-c3cccc(F)c3,-4.105,35,-0.1172857142857143
O=C([O-])C[C@H](C)CCCOc1ccccc1CS(=O)(=O)c(cc2)cc(c23)scn3,-4.105,29,-0.14155172413793105
OCCS(=O)(=O)c1ccc(cc1)NCCC[NH2+]Cc2ccc(c(Cl)c2)-c3ccccc3,-4.104,31,-0.13238709677419355
COCCOCCOCC[N@H+]1CCOC[C@@H]1c2ccccc2,-4.104,22,-0.18654545454545454
CC(=O)N1CCC(CC1)Cc(c(Cl)cc2)c(c23)nnn3Cc(n[nH]4)c(c45)cccn5,-4.104,30,-0.1368
Cc(n1)c(C)n(c12)c(C)c(cc2)CCc3[nH+]c(cn3C)-c4ccc(N)nc4,-4.104,27,-0.152
CCCCCCCCCCCCO[C@H]1O[C@H](CO)[C@H]([C@H](O)[C@H]1O)C(=O)N2CCNC(=O)C2,-4.103,32,-0.12821875
CCCCC(=O)OC[C@H](CO)OC(=O)c1ccco1,-4.103,19,-0.2159473684210526
CC(C)(O)Cn1cc(cn1)-c2cc(nc(n2)N)-c3cccc(Cl)c3Cl,-4.103,25,-0.16412
CCCCCCCCCCCCC(=O)OC[C@@H](COP(=O)([O-])[O-])CCc1ccc(cn1)CC,-4.101,33,-0.12427272727272727
C1CCCN1c2ccc(cc2Cl)CNCCc3[nH+]cc[nH]3,-4.101,21,-0.19528571428571428
CCOc1ccc(C(=O)C)cc1S(=O)(=O)CC,-4.101,17,-0.24123529411764705
Cc1ccc(cc1)Cc2cnc([nH]2)C3CCCC3,-4.101,18,-0.22783333333333333
COc1ccc(cc1OC)[NH2+]CCCNC(=O)c2ccc(F)cc2,-4.1,24,-0.1708333333333333
CN(C)c1ccc(cc1)N(NC(C)(C)C)Cc2cc(Cl)cs2,-4.1,22,-0.18636363636363634
FC(F)(F)c1ccc(cc1)N2CCN(CC2)c3ccccc3Cl,-4.1,23,-0.1782608695652174
c1ccccc1CC(=O)n(c2=O)c(=O)n(C)c(c23)ccc(c3)C(=O)C4=C([O-])CCCC4=O,-4.099,32,-0.12809375
Clc1cc(F)ccc1S(=O)(=O)c2ccccc2Cl,-4.098,18,-0.22766666666666666
CCOC(=O)Cc1nc(cs1)-c2ccc(cc2)C(=O)C(=O)CCC(=O)[O-],-4.097,26,-0.1575769230769231
COC1=C(OC)C(=O)C(=C(C)C1=O)C/C=C(/C)CCC[C@H]2CCN(C2)CC[NH3+],-4.097,28,-0.14632142857142857
COc1cc(=O)n(C)nc1-c2cc(Cl)c[nH]c2=O,-4.096,18,-0.22755555555555557
CCC(=O)c1c[nH]c(c1)C(=O)NCCOc2ccc(cc2)C[C@@H]3SC(=O)NC3=O,-4.096,29,-0.14124137931034483
s1ccnc1S(=O)(=O)C2CCCCC2,-4.096,14,-0.2925714285714286
CC/C=C/C/C=C/C/C=C/C/C=C/C=C/[C@H](O)CCCC(=O)n1ccc([O-])c(C(=O)[O-])c1=O,-4.095,33,-0.12409090909090909
COC1=C(OC)C(=O)C(=C(C)C1=O)C/C=C(/C)CCCc2cn(C)nn2,-4.095,26,-0.1575
Nc(n1)cc(C)c(c12)ccc(c2)-c3nccs3,-4.094,17,-0.24082352941176471
[nH]1nccc1-c(cc2)cc(c23)[C@@H](C[C@H](C)N3C(=O)C)NCc4cc(C)ccc4C,-4.094,29,-0.14117241379310347
C[N+](C)(C)CCOP(=O)([O-])OC[C@H](OC(=O)CCCCC)CO[C@H](C)[C@H]1CC[C@H](C)CC1,-4.093,32,-0.12790625
C1CC1NNC(=O)c(cc2OC)ccc2OC3CC3,-4.091,19,-0.2153157894736842
FC(F)(C1)[C@@H](O)c(c12)c(S(=O)(=O)C)sc2-c(ccc3)n(c34)nc(n4)N,-4.091,25,-0.16364
O=C1[N-]C(=O)[C@@H](S1)Cc2ccc(cc2)Nc(cc3)cc(c34)[nH]c([nH+]4)-c5ccccc5,-4.09,30,-0.13633333333333333
c1c[nH]c(c12)c(=O)n(C\C=C\C)cc2S(=O)(=O)c3cccs3,-4.09,22,-0.1859090909090909
c1nccc(c12)c(ccc2)S(=O)(=O)NCC[NH2+]CCc(cnc3C(F)(F)F)c(c34)CC[C@H]4O,-4.089,33,-0.12390909090909093
Clc1ccc(cc1Cl)N2CCN(CC2)c3ccco3,-4.088,19,-0.2151578947368421
C1C[C@H](C)CC[C@@H]1C(=O)N[C@@H](CCSC)C(=O)N2CCN(CC2)c3ccccc3OCCO,-4.088,33,-0.12387878787878788
COCCOCCOCCOc(c1)c(OC)cc(c12)CCN(C2)C(=O)N3CCNC(=O)C3,-4.088,32,-0.12775
CC(C)(C)[C@H]1CCOC1,-4.086,9,-0.454
O1CCC[C@@H]1CO[C@H](C[C@H](C)N2C(=O)C)c(c23)cc(cc3)-c4n[nH]cc4,-4.086,26,-0.15715384615384617
c1ccccc1-n(nc2C)c(C)c2/C=N/c3ccc(cc3Cl)C[NH2+]CCc4c[nH]cn4,-4.086,31,-0.13180645161290325
CCCCCCCC(=O)O[C@@H](COP(=O)([O-])OCC[NH3+])CCCCCCc1cc(C)no1,-4.085,32,-0.12765625
CCc(no1)c(c12)cc(c(c2)OC)Nc3ccc(cc3)C[C@H]4SC(=O)NC4=O,-4.085,28,-0.14589285714285713
OCc1ccc(F)c(c1)-c2c(F)cc(cc2F)C3CC[NH2+]CC3,-4.085,23,-0.1776086956521739
CS(=O)(=O)Oc1ccc(cc1)CCNc2ccc(cc2)-c(n3)sc(c34)cccc4,-4.085,29,-0.14086206896551723
c1[nH+]ccn1C[C@@H](c2ccccc2)NC(=O)c3ccc(cc3)Nc4ccncc4,-4.085,29,-0.14086206896551723
Cc1nn(C)c(C)c1CN(C)c2nc(nc(n2)N3CCC3)N(C)CCC(=O)NC4CC4,-4.084,31,-0.13174193548387095
CCN(C1=O)c2ccc(NC(C)C)c(c2c13)ccc3,-4.084,19,-0.2149473684210526
COc1cccc(c1)-c2cc(F)c(c(F)c2)NN(C3=O)C(=O)N([C@H]34)CC[C@H]4O,-4.083,28,-0.14582142857142857
C1CCCCN1c2cn(C)c(=O)c(c23)cc(o3)-c4c[nH]c(n4)C5CCC5,-4.083,26,-0.15703846153846154
Fc1ccc(cc1)-c2ncn(C3CC[NH2+]CC3)c2-c4ccnc(n4)NC5CCCC5,-4.083,30,-0.1361
COc1ccccc1S(=O)(=O)c2ccc(C#N)cc2,-4.083,19,-0.21489473684210528
O=C(N1)C(C)(C)Oc(c12)cc(c(c2)OC)NC(=O)Cc3ccc(Cl)c(=O)[nH]3,-4.082,27,-0.15118518518518517
CO[C@H](C(=O)[O-])Cc(c(c12)scc2)ccc1N3CC[N+](CC3)=C(N4)CSc(c45)cccc5,-4.082,32,-0.1275625
CCc1c(NC)nc(N)[nH+]c1-c2ccc(cc2)NS(=O)(=O)C,-4.082,22,-0.18554545454545454
O=C1OCCCN1NCC[NH+]2CCOCC2,-4.081,16,-0.2550625
c1ccccc1-c(oc2C)nc2CCOc3ccc(cc3)C[C@@H](C(=O)[O-])S(=O)(=O)c4ccccc4,-4.08,35,-0.11657142857142858
COCCNNCCC(=O)Nc1cccc(C(=O)[O-])c1,-4.079,20,-0.20395
O=C1NC(=O)CC[C@@H]1c(n2)n([C@@H](C)COC)c(c23)cc(nc3)N4CCOC[C@@H]4C,-4.079,29,-0.1406551724137931
O=C1CCCc(c12)n(c(c2)CC)C[C@@H]3CCCN(C3)C(=O)C,-4.079,22,-0.18540909090909088
C1=CN(C)C(=O)[C@H](C)c(c12)ccc(c2)CCO,-4.078,17,-0.2398823529411765
Cn1c(C#N)ccc1N2CCSCC2,-4.078,14,-0.2912857142857143
COC(=O)c1c(Cl)cnn1CC(C)C,-4.077,14,-0.2912142857142857
Cc1cc(N)[nH+]c(c1)CCCCCc2ccccn2,-4.077,19,-0.21457894736842106
O=C([O-])[C@@H]([NH3+])CC[S+](C)C[C@H]1O[C@H]([C@H](O)[C@@H]1O)CCC[NH+]2CCOCC2,-4.077,26,-0.15680769230769231
COc1c(OC)cc(cc1OC)C(=O)c2ccc(C)c(c2)NS(=O)(=O)C,-4.076,26,-0.15676923076923074
CC(C)(O)C[NH2+]Cc1ccccc1,-4.075,13,-0.31346153846153846
CC[C@H](C)[C@H](N)C(=O)C(=O)OCc1ccccc1,-4.075,18,-0.2263888888888889
Cc1cc(n[nH]1)[C@@H](C)Nc2cn[nH]c2,-4.074,14,-0.291
CNc1cc(nc(n1)N)N2CCN(CC2)c(ccc3C(F)(F)F)c(c34)CC[C@H]4O,-4.074,29,-0.14048275862068965
NC(=[NH2+])N1CCC(CC1)c2ccc(cc2)CC(=O)N3CCOCC3,-4.074,24,-0.16974999999999998
c1c[nH]c(c12)c(=O)n(C\C=C\C)cc2-c3cc(F)cc(F)c3,-4.073,22,-0.18513636363636365
C1CC1[C@@H](C)c2cc(Cl)ccc2OCCN(C)C,-4.073,18,-0.2262777777777778
Cc1ccnc(c1)CCCCCc2ccc(cc2)S(=O)(=O)NCCC(C)C,-4.073,27,-0.15085185185185188
Cc1ccc(cc1)OCC/N=C/c2c(C)nn(c2C)-c3ccccc3,-4.072,25,-0.16288
CC(=O)Nc1cccc(c1)C(=O)c2nccn2Cc3ccccc3,-4.071,24,-0.169625
CCc(no1)c(c12)cc(c(c2)OC)Nc3cncs3,-4.07,19,-0.2142105263157895
[NH3+]Cc1cc(CC2CC2)ccc1OCc3cncs3,-4.069,19,-0.2141578947368421
Cc1ncsc1C(=O)N2CCS[C@@H](CC2)c3cccs3,-4.068,20,-0.20339999999999997
C[C@H]([NH3+])[C@@H](O)C(=O)[C@@H]1C=NC(N1)=C2CCC2,-4.067,16,-0.2541875
CC(C)NC(=O)CCNC(=O)c1c(-c2cccc(c2)CC(=O)[O-])noc1-c3ccccc3,-4.067,32,-0.12709375
CCOC(=O)c1cnn(C)c1C(=O)C(=O)OC,-4.067,17,-0.23923529411764707
OCCS(=O)(=O)c1ccc(cc1)N[C@@H](Cn2ccnc2)c3ccccc3,-4.066,26,-0.15638461538461537
N[C@H]1CCC[N@H+](C1)C[C@H](O)CCCC(=O)[O-],-4.065,16,-0.2540625
O=C([O-])CCCCCOc1ccccc1C[N@@H+](CC2CC2)C3CCCC3,-4.065,26,-0.15634615384615386
CCCCCCOc1cccc(c1)Cn2ccc([O-])c(c2=O)C(=O)n3cc([N+](=O)[O-])nc3C,-4.065,33,-0.1231818181818182
C1CCCCN1C(=O)c2ccc(Cl)cc2,-4.065,15,-0.271
C1CC1Nc2nc(N)nc(c2CC)Cc(c3)oc(c34)cccc4,-4.064,23,-0.17669565217391306
C[NH+]1CCN(CC1)c2cn(C)nc2COc3ccc(cc3)-c(cc4)nc(c45)cccc5,-4.064,31,-0.1310967741935484
Cn1c(=O)n(C)c(c12)cc(c(c2)C(=O)OCC)Oc3cccc(c3)OCc4ccccc4,-4.063,32,-0.12696875
Cc1nn(C)c(C)c1Cc(ccc2)c(c23)ncn3C,-4.063,19,-0.2138421052631579
O=C([O-])C(C)(C)Oc1ccc(cc1)CCNN2CCCOC2=O,-4.063,23,-0.17665217391304347
N#CCCN(C)c(c(c12)cc(Br)cc2)nc([nH+]1)C[C@H](O)[C@H]([NH3+])CO,-4.063,24,-0.16929166666666665
CCc1ccc(nc1)CCc(n2)n([C@@H](C)COC)c(c23)cc(nc3)N4CCOC[C@@H]4C,-4.063,31,-0.13106451612903225
COc1cccc(c1)[C@H](O)Cc([nH+]2)n(C)c(c23)c(=O)n(c(=O)n3C)Cc4ccc(Cl)c(Cl)c4,-4.063,33,-0.12312121212121212
O=C([O-])CCc(n1)nc(cc1C)-c(cnc2C(F)(F)F)c(c23)C[C@@H](F)[C@H]3O,-4.063,27,-0.15048148148148147
[NH3+]CCOP(=O)([O-])OC[C@@H](COC(=O)CCC)Oc1ccccc1CNC,-4.062,27,-0.15044444444444446
O=C([O-])c1cc(C)nc(c12)n(nc2C(C)C)CCc3nc(oc3C)-c4ccccc4,-4.062,30,-0.13540000000000002
CC/C=C/CCn(c(n1)C)c(c12)ccc(c2)OC(F)(F)F,-4.062,21,-0.19342857142857145
Cn1cc(cn1)-c2cnc(N)c(c2)CC#N,-4.062,16,-0.253875
CC(=O)N[C@H]1CCN(C1)c2ccc(cc2F)C3=NO[C@@H](C3)CCc4ccco4,-4.062,28,-0.14507142857142857
C1CC1NC(=O)c2ccc(s2)-c3ccc(cc3Cl)CNCCc4ccc[nH]4,-4.062,27,-0.15044444444444446
CC(C)Cc1ccccc1C(C)(C)C,-4.061,14,-0.2900714285714286
Cc1cc(OC)cc(c12)c(c3c(n2)[nH]nc3C)C[NH2+]C4CCCC4,-4.061,24,-0.16920833333333332
c1ccccc1C[C@@H](C(=O)[O-])Cc(ccc2OCCC)cc2CNCc3cc(O)cc(O)c3,-4.061,33,-0.12306060606060606
c1c[nH]c(c12)c(=O)n(C\C=C\C)cc2-c3cccc(c3)C(=O)c(cc4)cc(c45)occ5CC(=O)[O-],-4.061,35,-0.11602857142857143
FC(F)(C1)[C@@H](O)c(c12)c(S(=O)(=O)C)ccc2[O-],-4.061,17,-0.23888235294117646
Cn1cc(cn1)-c2ccc(S(=O)(=O)C)cc2Nc3ncccn3,-4.06,23,-0.17652173913043476
C[NH+](C)CCC[N@H+](C)[C@H]1CCN(C1)Nc2ccccc2,-4.059,20,-0.20295000000000002
Cc1noc(c12)nc(C)nc2-n3ccc(=O)c(C(=O)[O-])c3O,-4.059,22,-0.1845
CC/C=C/C/C=C/CCc(ccc1S(=O)(=O)C)c(c12)CC(F)(F)[C@H]2O,-4.058,25,-0.16232
c1cccc(c12)nc(s2)-c3c[nH]c(n3)C4CCC4,-4.058,18,-0.22544444444444445
CCC(=O)c1c(C)ccn(c1=O)Cc([nH]n2)c(c23)cccn3,-4.058,22,-0.18445454545454545
CO/C([O-])=C/C(=O)NC(=[NH2+])Cc1cccc(c1)OC,-4.058,19,-0.21357894736842103
c1ccccc1C(=O)c2ccccc2N[C@H](C(=O)[O-])Cc3ccc(cc3)OCCC[C@H]4CCCO4,-4.057,35,-0.11591428571428572
C1CC1[C@@H](C)c2ccc(S(=O)(=O)N)cc2,-4.057,15,-0.2704666666666667
Cc1nn(C)c(C)c1Cc(n2)sc(c23)cccc3,-4.056,18,-0.22533333333333333
o1nc(C)c(c12)cc(c(c2)OC)NN3CCC(=O)CC3,-4.056,20,-0.2028
O=C([O-])COc(c(C)c1)ccc1SC[C@H](OCC)CC(=O)c2ccc(cc2F)-c3cccc(F)c3,-4.056,35,-0.11588571428571429
C=CC1=C(C)[C@@H](NC1=O)OC(C)C,-4.056,13,-0.312
Cn1nc(C2CC2)cc1CCc3c[nH]cn3,-4.055,16,-0.2534375
CCC(=O)Nc(cc1)c2[nH]c(cc(c2c13)c(O)n3C)N4CC[NH+](C)CC4,-4.054,26,-0.15592307692307694
CNc1cc(nc(n1)N)N2CCN(CC2)c3cc[nH+]c(n3)Nc4cc(C)cc(C)c4,-4.054,30,-0.13513333333333336
Cc1cc(C)cc(c1)Oc2cccc(n2)N3CCN(CC3)C(=O)c4cc(=O)[nH]c(=O)[nH]4,-4.054,31,-0.1307741935483871
CN(C)c1ccc(cc1)C2(CCCC2)CNc3nccs3,-4.053,21,-0.193
C[NH+]1CCN(CC1)CC[NH2+]C2CCCC2,-4.053,15,-0.2702
COc1ccccc1Oc2nccc(n2)-n(c(=O)c(c34)[nH]cc4)cc3-c5cccc(c5)C(=O)N(C)C,-4.052,36,-0.11255555555555555
Cc1ccc(c(C)c1)Nn(c2=O)c3sc(CCCC4)c4c3c(n25)ncn5,-4.051,26,-0.1558076923076923
c1ccccc1-c([nH]2)c(c(c23)cc(OC)cc3)CCNc4cc[nH]n4,-4.051,25,-0.16204000000000002
CC(C)CCCCNS(=O)(=O)C,-4.05,12,-0.33749999999999997
CCNC(=O)c(c1)[nH]c(c12)c(=O)n(C)cc2-c3c(C)nn(C)c3C,-4.05,24,-0.16874999999999998
COc1cccc(c1)-c(n[nH+]c2C)c(c23)cc(cc3)N4CC[NH2+]CC4,-4.049,25,-0.16196000000000002
Cc1noc(C)c1S(=O)(=O)C(=O)[C@@H](C2)Oc(c23)c(cc(Cl)c3)-c4cc[nH+]c(N)c4,-4.048,29,-0.1395862068965517
C[NH+]1CCN(CC1)Nc2cncs2,-4.047,13,-0.3113076923076923
CCCC(=O)CCCCc1ccccc1,-4.047,15,-0.2698
c1ccccc1Nn2c(=O)n(ncn3)c3c(c24)c5c(s4)C[N@H+](CC5)CC6CCOCC6,-4.047,31,-0.1305483870967742
n1ccc(OC)c(c12)cc(cc2)-c(cn(C)c3=O)c(c34)O/C(C4)=c5\cnc([nH]5)=C6CCCC6,-4.046,33,-0.12260606060606061
N#Cc1ccc(cc1)CCc([nH+]2)[nH]c(c23)cccc3,-4.045,19,-0.21289473684210525
c1c[nH+]ccc1NNC[C@H](OC2=O)CN2c3ccc(c(F)c3)N4CCSCC4,-4.045,28,-0.1444642857142857
COc1nc(N(C)C)ncc1CCOCCOCCO,-4.045,20,-0.20224999999999999
Cc1nn(C)c(Cl)c1S(=O)(=O)NCc2ccc(cc2)-c3ccc(F)c(Cl)c3,-4.045,27,-0.14981481481481482
[NH3+]Cc1ccc(c(Cl)c1)-c2ccc(cc2Cl)CNCCC(=O)N,-4.045,23,-0.1758695652173913
C1CCn(c12)c(cn2)C(=O)c3ccc(cc3F)-c4cccc(F)c4,-4.044,24,-0.16849999999999998
CC(C)(O)Cn1cc(cn1)N2CCN(CC2)c3ccc(Cl)c(C(F)(F)F)c3,-4.044,27,-0.14977777777777776
CSc1ccc(cc1)C(=O)N2C[C@H](O)C[C@H]2C(=O)NCc3ccc(cc3)[C@@H]4C(C)=NCS4,-4.043,32,-0.12634375
C[NH2+]Cc1cc(nn1C)-c(n2)c(C#N)c([O-])c(c23)cncc3,-4.043,22,-0.18377272727272728
O[C@@H]1[C@H](F)Cc(c12)c(cnc2C(F)(F)F)-c3ncccn3,-4.043,21,-0.19252380952380954
CC(C)(C)S(=O)(=O)C(=O)Cc(cnc1)c(c12)c(O)ccc2,-4.04,21,-0.19238095238095237
O=C([O-])c1sccc1C(=O)NCCc2cc[nH+]cc2,-4.04,19,-0.21263157894736842
COc1cccc(c1)OCC(=O)c2ccc(cc2Cl)C[NH2+]CCc([nH+]3)[nH]c(c34)cccc4OC,-4.04,34,-0.1188235294117647
FC(F)(F)c(c1)scc1-n(c2=O)c(=O)n(C)c(c23)ccc(c3)C(=O)C4=C(O)CCCC4=O,-4.04,32,-0.12625
CNc1cc(nc(N)[nH+]1)N2CCN(CC2)c3cc(F)cc(F)c3,-4.04,23,-0.17565217391304347
c1cc(C)cc(c12)nc([nH]2)CCNc(cc3)cc(c34)N(C5CC5)C(C)(C)C(=O)N4C,-4.039,30,-0.13463333333333333
CNC[C@@H](O)Cc(ncn1)c(c12)cc[nH]2,-4.038,15,-0.2692
C[C@H]1COCCN1Cc2ccccc2OCCC[C@@H](C)CC(=O)[O-],-4.037,24,-0.16820833333333332
Cc1ccc(C)c(c1)CNCc2cccc(n2)Oc3ccccc3,-4.037,24,-0.16820833333333332
CCCNC(=O)c1c(cnn1C)C(=O)C(=O)CCC2c(ccc(c3)O)c3Oc(c24)cc(O)cc4,-4.037,34,-0.11873529411764705
CC[C@](C)(C(=O)[O-])Oc1ccc(cc1)CC[NH2+]CCCNC(=O)OC(C)(C)C,-4.036,28,-0.14414285714285713
CCS(=O)(=O)Cc1cnc(c(c1)[C@H]2CC[N@H+](C)C2)Oc3ccc(F)cc3F,-4.036,27,-0.14948148148148147
C[C@H](N)[C@@H](O)C(=O)c(cc1)cc(c12)OCCO2,-4.034,17,-0.23729411764705882
C[C@H](O)c1ccc(nc1)CCc2cc(nc(N)[nH+]2)N3CCN(CC3)C4COC4,-4.034,28,-0.14407142857142857
CC(=O)N1CCC[C@H](C1)Cc(c(c23)CN(S(=O)(=O)C)CC3)nn2CCCN4CCOCC4,-4.033,32,-0.12603125
C=CCc1cnn(c1)CC(C)(C)O,-4.032,13,-0.31015384615384617
CO[C@@H](C)Cn1cc(cn1)-c(c(n2)C)n(c23)ccnc3[C@H]4CCN(C4)CC[NH3+],-4.032,28,-0.144
c1ccccc1CC[C@H](C[C@H](C)N2C(=O)C)c(c23)cc(cc3)-c4[nH]ncc4,-4.032,27,-0.14933333333333335
[NH3+]CCCCCCCCCC(=O)[C@H]1CC[N@H+](C1)CCN,-4.032,20,-0.2016
CC(C)(C)OC(=O)N(CC1)Cc(c12)cccc2,-4.031,17,-0.23711764705882352
s1cncc1Nc(cc2C)cc([nH+]2)C(=O)NCc3ccc(F)cc3,-4.031,24,-0.16795833333333332
n1[nH]cnc1[C@@H](C)Nc(n2)oc(c23)cccc3,-4.031,17,-0.23711764705882352
c1cccc(c12)nc(C)nc2Cc3ccco3,-4.031,17,-0.23711764705882352
COc1ncc(c(n1)OC)C(=O)c(c2)oc(c23)cccc3,-4.03,21,-0.1919047619047619
C[NH+]1CCN(CC1)c(c2)[nH]c3c(NS(=O)(=O)C)ccc(c3c24)n(C)c4O,-4.029,26,-0.15496153846153846
CC(C)(C)S(=O)(=O)[N-]c1cc(ccc1Cl)Nc2nc(CC(=O)[O-])ncc2C(F)(F)F,-4.028,30,-0.13426666666666665
CS(=O)(=O)NCC#Cc1ccc(cc1)S(=O)(=O)c(n2)sc(c23)cccc3,-4.028,26,-0.1549230769230769
NC(=[NH2+])Cc1ccc(cc1Cl)-c2ncon2,-4.027,16,-0.2516875
CCCCCC(=O)O[C@H](Cc1cc[nH+]c(C)c1)COP(=O)([O-])OCC[N+](C)(C)C,-4.027,29,-0.13886206896551725
COCCOCCOCCOc(c1)c(OC)cc(c12)CCN(C2)c3ccc(C#N)n3C,-4.027,31,-0.1299032258064516
Clc1ccc(cc1O)OCc([nH]n2)c(c23)cccn3,-4.026,19,-0.21189473684210525
c1cccc(c12)nc(s2)CCc3c[nH+]c[nH]3,-4.026,16,-0.251625
COCCNc1nc(ncc1Cl)Nc2ccc(cc2)[NH+]3CCN(C)CC3,-4.026,26,-0.15484615384615383
Cn1cc(Cl)cc(c1=O)CCCCCCCCC(=O)[O-],-4.026,20,-0.20129999999999998
CC(C)=CCC[C@H](C)C[C@H](O)CCCC(=O)[O-],-4.024,17,-0.23670588235294118
COC[C@H](C)OC[C@H]1CCCO1,-4.024,12,-0.3353333333333333
COc(cc1)cc(c12)[nH]c(n2)CCn(c3=O)c(=O)n(C)c(c34)ccc(c4)C(=O)C5=C([O-])CCCC5=O,-4.023,36,-0.11174999999999999
C[C@H](O)c1ccc(nc1)CCc2cc(nc(n2)N)N3CCN(CC3)C4COC4,-4.023,28,-0.1436785714285714
s1cncc1NS(=O)(=O)c2cc(Br)ccc2Br,-4.023,17,-0.2366470588235294
CCCCCCCC(=O)CC(=O)SCCN[NH2+]Cc1cc(C)ccc1C,-4.023,26,-0.15473076923076923
CCCCC(=O)OC[C@H](CO)c1cn(C)c([nH+]1)CCc(cc2)c(C)n(c23)c(C)c(n3)C,-4.023,31,-0.1297741935483871
CC(C)C[NH2+]CC(=O)C(=O)c1c(cnn1C)C(=O)N2CCOCC2,-4.022,24,-0.16758333333333333
Cc1cc(C)cc(c1)Oc2nccc(n2)[C@@H](C)C(=O)[O-],-4.022,20,-0.2011
Nc1ccccc1C(=O)C[C@H]([NH3+])C(=O)C(=O)NCCC(c2ccccc2)c3ccccc3,-4.022,32,-0.1256875
C[C@@H]1C(=O)N(C)CCN1CCc2cc(F)cc(C#N)c2,-4.021,20,-0.20105
Cc1ccc(cc1)[C@H](C)c2ncn(n2)C[C@H]3CC[C@H](C(=O)[O-])CC3,-4.021,24,-0.16754166666666667
CC(=O)NCCCNCc1ccc(c(Cl)c1)Nc2cccc(C(=O)[O-])c2,-4.02,26,-0.1546153846153846
O=c1n(C)cc(cc1C)-c(cc2)cc(c23)n(c(n3)C4CCOCC4)Cc5ccccc5CO,-4.02,33,-0.12181818181818181
CS(=O)(=O)Nc1cc(ccc1C)-c2nccs2,-4.02,17,-0.2364705882352941
CCOC(=O)Cc1nc(cs1)S(=O)(=O)c2ccc(cc2)-c3csc(n3)C,-4.019,26,-0.15457692307692308
CC(=O)NCCC[NH2+]Cc1ccc(c(Cl)c1)-c(cn(C)c2=O)c(c23)oc(c3)-c4c[nH]cn4,-4.019,32,-0.12559375
O[C@H]1CC[C@@H](CC1)c2ccc(cc2Cl)C[NH2+]CCc(n3)[nH]c(c34)cccc4,-4.019,27,-0.14885185185185185
c1cccc(c12)c(c[nH]2)C[C@H](C(=O)[O-])NS(=O)(=O)c3ccc(cc3)NCCc4ccncc4,-4.018,33,-0.12175757575757575
C[N@H+]1CC[C@@H](CC1)Nc2ccc(C(C)(C)C)cc2,-4.018,18,-0.2232222222222222
O=C1CCCc(c12)n(c(c2)CC)-c3ccnc(n3)Nc4ccc(C#N)cc4,-4.018,27,-0.14881481481481482
c1n[n-]c(=O)c(n12)c(C)cc2CCc(n3)[nH]c(c34)ccc(Cl)c4,-4.017,23,-0.1746521739130435
OCCOCC(=O)c1cc(F)ccc1[O-],-4.017,15,-0.26780000000000004
OCC[NH2+]NCCCc1cccc(c1)Oc2ccccc2,-4.016,21,-0.19123809523809523
n1[nH]ccc1-c(cnn2C)c2Oc3ccccc3,-4.015,18,-0.22305555555555553
c1nccc(c12)c(C(=O)[O-])c(C)c(n2)-c3ccc(cc3)CCNc(n4)sc(c45)cccc5,-4.015,32,-0.12546875
n1csc(c12)cc(cc2)S(=O)(=O)c(cc3)cc(c34)ccs4,-4.015,21,-0.1911904761904762
O=[N+]([O-])c1cc(S(=O)(=O)C(F)F)ccc1-c2n[nH]c(n2)-c3ccc(F)cc3,-4.014,27,-0.14866666666666667
C[C@H](N)[C@@H](O)C(=O)c1cncc(Cl)c1,-4.013,14,-0.28664285714285714
COc1c(OC)cc(cc1OC)C(=O)n2cccc2,-4.013,19,-0.21121052631578946
CC/C=C/C/C=C/C/C=C/C/C=C/C[NH2+]CCCOC,-4.013,20,-0.20065
Cc1cccc(c1)[NH2+]CC[C@H](CC2)c(c23)c4c(cc3)OCC4,-4.013,22,-0.1824090909090909
CN1CC[NH+](CC1)c2ccc(cc2)Nc3ncc(Cl)c(n3)C(=O)c4cccc(Cl)c4,-4.012,30,-0.13373333333333332
COc(c1)c(OC)cc(c12)c(ncn2)[C@H](C)C3CC3,-4.012,19,-0.21115789473684207
CCCC(=CC1=O)N=C([N+]1=2)N=C(N2)CCCC(=O)N,-4.012,19,-0.21115789473684207
c1cc(Br)c([O-])c(c12)nc(N)cc2C(=O)c3ccsc3C(=O)[O-],-4.012,23,-0.17443478260869563
Cc1cc(n[nH]1)[C@@H](C)Nc([nH+]2)[nH]c(c23)cc(cc3C)N4CCOCC4,-4.012,25,-0.16047999999999998
C1C[NH2+]CCC1n(nnc2C)c2Nc3ccncc3,-4.012,19,-0.21115789473684207
CCCCCCCN(N[C@H](C)c1nc[nH]n1)CCc2ccc(cc2)O[C@](C)(C(=O)[O-])CC,-4.011,32,-0.12534375
COc1ccc(cc1OC)-c2ccc(cc2)-c3c(C)noc3C,-4.011,23,-0.1743913043478261
O=C([O-])c1c(O)ccn(c1=O)-c2cc(F)ccc2F,-4.01,19,-0.21105263157894735
CC(C)C(C(C)C)NS(=O)(=O)c1cccs1,-4.01,16,-0.250625
c1c[nH]c(c12)c(=O)n(C\C=C\C)cc2-c3cccc(c3)C(=O)NC(C)(C)C,-4.01,27,-0.14851851851851852
CS(=O)(=O)N1CC[C@@H](C1)[NH+]2CCN(CC2)C(=O)CC3(CC(=O)[O-])CCCC3,-4.009,27,-0.1484814814814815
CNCc1cccc(c1)Cc2cc(Cl)ccc2C,-4.009,18,-0.22272222222222224
[nH]1nccc1CCO[C@H](CC2)CC[C@H]2C[C@@H](C([O-])=O)[NH2+][C@@H]3CCCC[C@@H]3[C@H](O)C4CCCCC4,-4.009,34,-0.11791176470588237
O=P([O-])([O-])OP(=O)([O-])SCCCCc([nH]1)nc(c12)ccc(Cl)c2,-4.008,23,-0.17426086956521739
c1ccccc1CC[C@H](C[C@H](C)N2C(=O)C)c(c23)cc(cc3)-c4n[nH]cc4,-4.008,27,-0.14844444444444443
c1ccccc1Cn2ccnc2C(=O)CC#Cc3ccc(cc3)S(=O)(=O)NCCC(F)(F)F,-4.007,33,-0.12142424242424242
COC1CCN(CC1)Cc2cccc(n2)Oc3ccccc3,-4.007,22,-0.18213636363636362
C[C@H](O)COCC(CO)(COC[C@@H](C)O)CNc1[nH+]ccs1,-4.006,22,-0.1820909090909091
n1c[nH]cc1-c(o2)cc(c23)c(=O)n(C)cc3N4CCC(CC4)NC(=O)[C@@H]([NH3+])Cc(c[nH]5)c(c56)cccc6,-4.006,37,-0.10827027027027028
NC(=O)CCNCc1ccc(c(Cl)c1)S(=O)(=O)c(c(c23)cccc3)ccc2OCC(=O)[O-],-4.006,32,-0.1251875
CCCCCCCC/C=C/CCCCCCCC(=O)c1c(C)nnn1C2CCN(C(N)=[NH2+])CC2,-4.006,34,-0.11782352941176472
Cn1c(C#N)ccc1S(=O)(=O)c2ccc(cc2)C#CCNS(=O)(=O)C,-4.005,25,-0.1602
Cc1nnc(n12)c(NC)nc(c2)-c(n3)n(-c4c[nH]cn4)c(c35)cc(cc5)N6CC[NH+](C)CC6,-4.005,33,-0.12136363636363635
OB(O)c1ccc(cc1)-c2ccc(cc2)C3CCN(CC3)c(cc4)nn(c45)c(Cl)nn5,-4.004,31,-0.12916129032258064
CC(C)Oc1nc(ncc1Cl)Nc2ccc(cc2)N3CC[NH+](C)CC3,-4.004,25,-0.16015999999999997
O[C@@H]1[C@@H](O)[C@@H](O)[C@@H](O[C@H]1C)N2CCC(CC2)N3CCCOC3=O,-4.003,23,-0.17404347826086958
Clc1ccc(cc1[O-])OCc(n[nH]2)c(c23)cccn3,-4.003,19,-0.2106842105263158
COc1nc(N)nc(n1)NCCCNC(=O)OC(C)(C)C,-4.002,21,-0.19057142857142856
C1CC1N2C(C)(C)C(=O)N(C)c(c23)ccc(c3)Nc(ccc4)c(c45)oc(cc5=O)N6CCOCC6,-4.0,35,-0.11428571428571428
CS(=O)(=O)Nc1cc(ccc1C)-n2ccc(=O)c(C(=O)[O-])c2O,-4.0,23,-0.17391304347826086
C1OCC[C@@H]1Oc(c(c2)OC)cc(c23)c(nc(n3)C)CC[N@@H+]4CCN(C)C(=O)[C@H]4C,-4.0,30,-0.13333333333333333
c1cc(Cl)ccc1[C@@H](c2cccnc2)C(=O)OC[C@H]3CCCO3,-4.0,23,-0.17391304347826086
Cc1cccc(n1)[C@@H]2N(CCc(c23)scc3)C(=O)CCC[N@@H+](C)[C@H]4CCCCN4,-4.0,29,-0.13793103448275862
CCN1CC[NH+](CC1)Cc2ccc(cc2C(F)(F)F)NCC[N@H+](C)[C@H]3CCCCN3,-4.0,30,-0.13333333333333333
CO[C@@H](C)Cn1cc(cn1)-c(c(n2)C)n(c23)ccnc3CCCC(=O)[O-],-3.999,26,-0.1538076923076923
CCCCCCC/C([O-])=C\C(=O)SCCNNCc1cc(C)ccc1C,-3.999,26,-0.1538076923076923
O=c([nH]1)[nH]c(=O)cc1C(=O)N2CCN(CC2)c3ccc(O)c(O)c3,-3.998,24,-0.16658333333333333
c1nccc(c12)c(C(=O)[O-])c(C)c(n2)-c3ccc(cc3)-c4ccc(c(c4)C[NH3+])OCc5cccnc5,-3.997,36,-0.11102777777777778
Nc1ccc(cc1)NNCC(=O)[O-],-3.997,13,-0.30746153846153845
CSc1ccc(cc1)C(=O)/C=C(\O)c(cn2)cc(c23)cccc3,-3.997,23,-0.17378260869565218
Cc1cc(on1)[C@@H](C(C)C)C(=O)c(n2)n(Cc3ccccc3)c(c24)cc(cc4)N5CC[NH+](C)CC5,-3.996,35,-0.11417142857142858
C1CCCN1C(=O)c(cc2)cc(c23)nc(SCc4ccccn4)n(c3=O)Cc5ccccc5,-3.996,33,-0.1210909090909091
CCS(=O)(=O)Nc1ccc(c(c1)S(=O)(=O)c2cccs2)Oc3ccc(F)cc3F,-3.996,29,-0.13779310344827586
FC(F)(F)C(=O)NCC1CCC1,-3.996,12,-0.333
O[C@@H]1CCCN(C1)c2cc(ccc2Cl)OCc([nH]n3)c(c34)cccn4,-3.996,25,-0.15984
c1c[nH]c(c12)c(=O)n(C\C=C\C)cc2-c3cccc(c3)C(=O)CCO,-3.995,25,-0.1598
FC(F)(F)CCNc1ccccc1Oc2ccccc2,-3.995,20,-0.19975
CC(=O)N[C@H]1CC[N@H+](C1)[C@H]2CCN(C2)S(=O)(=O)C,-3.995,18,-0.22194444444444444
O=CS(=O)(=O)c(c(C)c1)cc(c12)n(C)c(=O)n2C,-3.995,18,-0.22194444444444444
C[NH+](C)C1CCN(CC1)c2ccc(cc2)-c(cs3)c(c34)oc(cc4O)=[N+]5CCOCC5,-3.995,31,-0.1288709677419355
CCOC/C=C/[C@@H](O)CCCCCCCC(=O)[O-],-3.995,18,-0.22194444444444444
C1CC1Nc(c2CC)nc(N)[nH+]c2-c(c3)nc(NC)c(n34)nnc4C,-3.995,25,-0.1598
O=C([O-])COc(c(C)c1)ccc1SC[C@H](OCC)CC/C=C/c2ccc(Br)cc2,-3.994,29,-0.1377241379310345
Cc1nc([N+](=O)[O-])cn1CCC(C)C,-3.994,14,-0.2852857142857143
CCN(C(=O)C1)c(c12)ccc(c2)NCCC(=O)NCCC(=O)Nc3cccc(C(=O)[O-])c3,-3.994,32,-0.1248125
Cn1ccc(n1)CCC[NH2+]Cc2ccc(c(Cl)c2)-c3ccccc3,-3.994,24,-0.16641666666666668
O=C([O-])CN1CCCOC1=O,-3.993,11,-0.363
n1c[nH]c(=O)c(c12)ncn2CC(c3ccccc3)c4ccccc4,-3.993,24,-0.166375
[nH+]1ccccc1N(C)CCN[C@H](Cc(c[nH]2)c(c23)cccc3)C(=O)Nc4ccncc4,-3.992,31,-0.1287741935483871
C1CC1Nc(c2CC)nc(N)nc2-c3cc(F)cc(Br)c3,-3.992,21,-0.1900952380952381
CC(C)(C)S(=O)(=O)C[C@H](C1CC1)C(=O)c2ccc(cc2)-c3ncccn3,-3.992,26,-0.15353846153846154
O=C1NC(=O)[C@@H](S1)Cc2ccc(cc2)-c3cccc(C(=O)[O-])c3,-3.992,23,-0.17356521739130434
O=C([O-])CCSc(n1)n(c(c12)cccc2)CCC3CCCC3,-3.991,22,-0.1814090909090909
CO[C@@H](C)Cn1cc(cn1)-c(c(n2)C)n(c23)ccnc3[C@H]4CC[N@H+](C4)CCN,-3.991,28,-0.1425357142857143
c1cc(F)cc(c12)c(N[C@H](C)C(=O)[O-])c(C#N)c(n2)N3CC[NH2+]CC3,-3.991,25,-0.15964
N#Cc1cccc(c12)n(c(n2)C)-c3ccc(s3)C(=O)CCC[NH+](C)C,-3.99,25,-0.15960000000000002
CC(=O)N1CCC[C@H](C1)CN([C@]23c4c(NC3=O)cc(Cl)cc4)C[C@@H]([NH3+])[C@@H]2c5cccc(Cl)c5,-3.989,33,-0.12087878787878788
CC(=O)NCCC(=O)Nc(c(n12)nnc2C)cc(n1)-c3ccc(C)c(c3)Nc4ccccc4N,-3.989,34,-0.1173235294117647
Cc1noc(C)c1-c2ccc(cc2)-c3c(C)nnn3C,-3.989,20,-0.19945
COc1ccc(cc1)Cn(nn2)c(c23)[C@@](C)(O)CC[C@H]3OC[C@H](O)CO,-3.989,26,-0.1534230769230769
[NH2+]=c([nH]1)[nH]c(c12)c(cc[nH+]2)NCCC(c3ccccc3)c4ccccc4,-3.988,26,-0.1533846153846154
Fc1ccccc1NNC2CCOCC2,-3.987,15,-0.2658
Cc1noc(C)c1-c(cc2CCCO)cc(c23)nccc3,-3.987,21,-0.18985714285714286
CCOC(=O)CCNC(=O)c1ccc(cc1)C#CCNS(=O)(=O)c2ccccc2,-3.986,29,-0.13744827586206898
[NH3+]CCCCCCCCCC(=O)CCCCCc1cc(no1)COCOCCO,-3.985,29,-0.13741379310344828
c1cccc(c12)c(c[nH]2)C[C@H](N)C(=O)c3ccc(cc3Cl)CNCCc(n4)[nH]c(c45)cccc5,-3.985,34,-0.11720588235294117
CC(C)=CCC[C@H](C)C(=O)c1cc(=O)[nH]c(=O)[n-]1,-3.985,18,-0.22138888888888889
CC[C@H](C)[C@H](N)C(=O)CC#Cc1ccc(cc1)C(=O)NCCC(F)(F)F,-3.985,26,-0.15326923076923077
CCCCCCCCC(=O)SCCNO[C@@H](CO)COC(=O)CCCC,-3.985,26,-0.15326923076923077
CC(=O)N1CCC[C@H](C1)CCc(cc2)[nH+]c(c23)cccc3,-3.984,21,-0.18971428571428572
c1ccccc1[C@@H](C)N(C2=O)c3ccc(c(c3c24)ccc4)-c(ccc5)n(c56)nc(n6)N,-3.984,31,-0.12851612903225806
n1c(N)nn(c12)c(ccc2)-c3nc(ncc3C)Nc4ccc(c(F)c4)C(=O)N[C@@H]5CC[N@@H+](C)CC5,-3.984,35,-0.11382857142857143
COc1ccc(cc1)Cn2nnc(n2)N[C@@H](C)c3ccc(C(C)(C)C)cc3,-3.984,27,-0.14755555555555555
OC[C@H](N)C(=O)CCc1cnc[nH]1,-3.984,13,-0.30646153846153845
CS(=O)(=O)NCCC[NH2+]Cc1ccc(c(Cl)c1)C2CC[NH2+]CC2,-3.984,23,-0.17321739130434782
OCCOCCc1c(cccc2)c2[nH+]c(c13)CCCC3,-3.983,20,-0.19915
COc1cccc(c1)-c2ncn(c2-c3ccc(OS(=O)=O)cc3)CCCCCc4ccccn4,-3.982,34,-0.11711764705882353
CC(C)(C)OC(=O)N1CCC(CC1)c2nc(no2)CCc3ccc(cc3)OS(=O)(=O)C,-3.982,31,-0.12845161290322582
N1CCCC[C@@H]1[N@H+](C)CCc2ccc(C#N)cc2,-3.982,18,-0.22122222222222224
C[NH+]1CCN(CC1)c(cc2)cc(c23)n(Cc4ccccc4)c(n3)Nc5ccncc5,-3.982,30,-0.13273333333333334
Cc1noc(C)c1-c(c2)cc([C@H]3C[C@@H](C#N)C3)c(c24)nc([nH]4)C5CC5,-3.981,25,-0.15924
Cn(c1)c(=O)ccc1-c(oc2C)nc2CCOc(c(c34)ccs4)ccc3C[C@@H]5SC(=O)[N-]C5=O,-3.981,34,-0.11708823529411765
COc1ccc(cc1OC)N(CC(=O)NC(C(C)C)C(C)C)CCc([nH+]2)[nH]c(c23)cccc3OC,-3.98,35,-0.11371428571428571
c1ccc(OC)c(c12)[nH]c(n2)CCC(=O)[C@H](C(C)C)NC(=O)C3CCCCC3,-3.98,28,-0.14214285714285715
c1nccc(c12)c(ccc2)S(=O)(=O)c3ccccc3O,-3.979,20,-0.19895000000000002
n1[n-]cnc1[C@@H](C)[NH2+]Cc2ccc([N+](=O)[O-])cc2,-3.978,18,-0.221
OCCCCCN[C@@H](C(C)C)C(=O)Nc1ccncc1,-3.978,20,-0.19890000000000002
c1ccccc1-c(oc2C)nc2CC[NH+]3CCN(CC3)c4ccc(Cl)cc4,-3.978,27,-0.14733333333333334
O=C1CCCN1n2cccc2,-3.977,11,-0.36154545454545456
[nH]1ncnc1[C@@H](C)Nc2nccc(n2)-c3c(-c4ccc(Br)cc4)ncn3C5CC[NH2+]CC5,-3.977,32,-0.12428125
CCOc1ccccc1-c2ccc(cc2)N3CCC(CC3)NC(=O)[C@@H]([NH3+])Cc(c[nH]4)c(c45)cccc5,-3.976,36,-0.11044444444444444
CCCCCCCCCCCCC(=O)c1c(cnn1C)C(=O)N2CCOCC2,-3.976,28,-0.142
CCCCC(=O)OC[C@H](CO)OC(=O)CC,-3.974,16,-0.248375
c1cc(F)ccc1CC(=O)c2ccc(cc2OC)C[NH2+]CCc(n3)[nH]c(c34)cccc4,-3.974,31,-0.1281935483870968
Cc1nn(C)c(C)c1Cc(ccn2)c(c23)cccc3,-3.973,19,-0.20910526315789474
C=CC1=C(C)C(=O)NC\1=C\C2=N[C@@H](C(=C2C)CCC(=O)[O-])[C@H]3CCC(=O)NC3=O,-3.973,29,-0.13699999999999998
OC[C@@H]([NH3+])[C@@H](O)CN1CC[NH+](CC1)C2COC2,-3.972,17,-0.2336470588235294
CCOc1ccc(C(=O)C)cc1-n2cc(C)c(=O)[nH]c2=O,-3.972,21,-0.18914285714285714
CCS(=O)(=O)[N-]c1ccc(C(=O)C(F)(F)F)c(c1)-c(cn(C)c2=O)c(c23)oc(c3)-c4cnc[nH]4,-3.972,34,-0.1168235294117647
CCNC(=O)c1ccc(C(=O)CC2CC2)c(c1)-c3cn(C)nn3,-3.972,23,-0.17269565217391306
COC(=O)[C@H](C(C)(C)C)NC(=O)c(c(c12)cccc2)nn1-c(n3)oc(c34)cccc4,-3.971,30,-0.13236666666666666
C[C@H]1C[C@@H](C)C[N@H+](C1)c2cccc(c2)OCc3ccccc3,-3.971,22,-0.1805
CCCCCCCc1[nH+]c(N)nc(c1CC)NC2CC2,-3.97,20,-0.1985
COC(=O)CC(=O)NCCCc(nnc1C)c(c12)cc(cc2)N3CC[NH2+]CC3,-3.97,28,-0.1417857142857143
CC(=O)NC[C@H]1CN(C(=O)O1)[C@@H]2O[C@@H](C)[C@H](O)[C@@H](O)[C@H]2O,-3.97,21,-0.18904761904761905
O=[N+]([O-])c1cc(C(F)(F)F)ccc1S(=O)(=O)c2cccc(Br)c2,-3.97,23,-0.17260869565217393
CC(C)(C)S(=O)(=O)C[C@H](CC)C(=O)CC(=O)OC,-3.969,18,-0.2205
C[NH2+]Cc1cc(nn1C)-c2cc[nH]c(=O)c2-c([nH]3)nc(c34)cc(cc4C)N5CCOCC5,-3.969,32,-0.12403125
c1cccc(c12)[nH]c([nH+]2)CC[NH2+]Cc(cc3C)ccc3-c4ccc(=O)n(c4)Cc5ccccc5,-3.968,34,-0.11670588235294117
CNCc1ccccc1C(=O)c2[nH]cc(c2C)C3(CC3)c4ccc(C(F)(F)F)nc4,-3.966,30,-0.1322
C1[NH2+]CCC[C@H]1c2ccc(cc2C)CNCCc(n3)[nH]c(c34)cccc4,-3.966,26,-0.15253846153846154
CCS(=O)(=O)Nc1cccc(c1)-c2csc(=O)[nH]2,-3.965,18,-0.22027777777777777
O=P([O-])([O-])OP(=O)([O-])SCCc(cc1)nc(c12)cccc2,-3.963,21,-0.18871428571428572
Cc1onc(C)c1-c(c(c2)OC)cc(c23)[nH]c4c3c([nH+]cc4)CC(=O)N,-3.962,26,-0.1523846153846154
Brc1ccc(cc1)/C=C/C[NH2+]CCNNCCN2CCOCC2,-3.962,23,-0.1722608695652174
C[C@@H](O)c1ccc(cc1)Cn2cc(ccc2=O)S(=O)(=O)c(cc3)cc(c34)C[NH2+][C@H](C4)CO,-3.962,32,-0.1238125
CC(C)C[C@H](N)/C([O-])=C/C(=O)Nc1nc(cs1)-c2ccccn2,-3.961,23,-0.17221739130434782
OCCCCCn(c1-c2cc[nH]n2)nc(c1C)C(=O)NC34C[C@H]5C[C@@H](C4)C[C@H](C5)C3,-3.961,30,-0.13203333333333334
CN(C)CC[N@H+]1CC[C@H](C1)NS(=O)(=O)C,-3.96,15,-0.264
CCc(no1)c(c12)cc(c(c2)OC)[C@@H]3O[C@H](CO)[C@@H](O)[C@H]3O,-3.959,22,-0.17995454545454545
CN1CC[NH+](CC1)c2ccc(cc2)Nc3ncc(Cl)c(n3)CC(C)(C)C,-3.959,26,-0.15226923076923077
CNc1ccnc(n1)-c2ccc(C#N)n2C,-3.959,16,-0.2474375
C1CCCCC1C(=O)[C@@H]2CN(C(=O)CC3)N3C24CCCC4,-3.959,21,-0.18852380952380954
c1ccccc1-c(oc2C)nc2CCN3CCN(CC3)c4ccc(Cl)cc4,-3.959,27,-0.14662962962962964
Nc(n1)cc(C)c(c12)ccc(c2)-c3ccc(c(c3)C[NH3+])CCCCCC(=O)[O-],-3.959,28,-0.14139285714285715
CC/C=C/CCc1ccc(cc1)C(=O)NCCC(F)(F)F,-3.958,21,-0.1884761904761905
Cc1onc(C)c1-c(ccc2C)cc2S(=O)(=O)Cc3cccc(c3)C(=O)N,-3.957,27,-0.14655555555555555
COc1ccc(cc1OC)S(=O)(=O)C[C@H](O)[C@H](N)CO,-3.957,20,-0.19785
COc1cccc(c1)-c2ccc(OC)c(c2)OC,-3.956,18,-0.21977777777777777
COc1cccc(c1)C/C(=N/[H])NC(=O)c2cc(Cl)ccc2C(=O)CCC(=O)[O-],-3.956,28,-0.1412857142857143
c1sccc1CN2CCSCC2,-3.955,12,-0.32958333333333334
Cc1nn(C)c(C)c1Nc(n2)c(C#N)c([O-])c(c23)cncc3,-3.954,22,-0.17972727272727274
Cc1ccccc1CC(=O)NCC23C[C@@H]4C[C@H](C3)C[C@@H](C4)C2,-3.954,22,-0.17972727272727274
O=c1[nH]c(=O)n(cc1C)[C@@H]2CC[N@H+](CC2)C[C@H](C)N3CCOCC3,-3.952,24,-0.16466666666666666
C1=CC1NS(=O)(=O)c2cc(ccc2C)OC[C@H]3CCCO3,-3.952,21,-0.18819047619047619
C1COCCN1c(c2)ncc(c23)c(C)[nH+]nc3Nc4ccc(O)cc4,-3.951,25,-0.15804
OCC[N+](C)(CCO)CCCN[C@H]([C@@H](O)C(=O)N1CCC1)C[C@@H]2CCCNC2=O,-3.951,29,-0.13624137931034483
NCC[NH2+]CCc1ccncc1,-3.951,12,-0.32925
n1cncn1NC23C[C@@H]4C[C@H](C3)C[C@@H](C4)C2,-3.95,16,-0.246875
CC1=NCS[C@@H]1c2ccc(cc2)CNc(cc[nH+]3)c(c34)[nH]c(n4)N,-3.95,24,-0.16458333333333333
Nc(n1)[nH]c(c12)c(ccn2)-c3cccc(n3)Oc4cc(Br)ccc4Br,-3.95,25,-0.158
CCOC(=O)c1csc(n1)C(=O)[C@H](CO)NC(=O)CCCCCCCCC[NH3+],-3.949,28,-0.1410357142857143
OCCCc1c[nH]cn1,-3.948,9,-0.43866666666666665
CNc1cc([nH+]c(n1)N)N2CCN(CC2)c3c(-c4ccccc4)ncn3Cc5ccc(Cl)cc5,-3.948,34,-0.11611764705882353
CC(C)(O)Cn1cc(cn1)CCCC(=O)[O-],-3.948,16,-0.24675
FC(F)(C1)[C@@H](O)c(c12)c(S(=O)(=O)C)sc2-c3ccc(c(c3)C[NH3+])OCc4cncs4,-3.947,30,-0.13156666666666667
OCc1ccccc1Cc(c(n2)-c3ccc(F)cc3)c(n24)ccnc4N5CCC(O)CC5,-3.947,32,-0.12334375
COc1ccc(cc1OC)S(=O)(=O)CC(=O)N(CC2)[C@H](c(c23)ccs3)c4cccc(n4)C,-3.947,32,-0.12334375
COC(=O)[C@H](C(C)(C)C)NC(=O)c(on1)c(c12)cccc2,-3.946,21,-0.1879047619047619
CCCCCCCCS(=O)(=O)c1ccccc1C(=O)OC,-3.946,21,-0.1879047619047619
n1nc(C)n(c12)nc(cc2)S(=O)(=O)c3ccc(cc3)C#CCNS(=O)(=O)C,-3.946,27,-0.14614814814814817
C1COCCN1[C@@H](C)CCCCCCOc(cc2)cc(c23)C=CN(C)C(=O)[C@@H]3C,-3.946,29,-0.13606896551724137
CC[NH+]1CCN(CC1)NC(C(C)C)C(C)C,-3.945,16,-0.2465625
CCc1cccc(C)c1Nc2ccc(cn2)S(=O)(=O)Nc3c(C)nn(C)c3C,-3.944,28,-0.14085714285714285
C/C=C/CCCCCCCC(=O)O[C@H](COP(=O)([O-])[O-])Cc1cnn(c1)C[C@H](C)OC,-3.944,31,-0.1272258064516129
C[C@H]1COC(=N1)c2ccc(cc2)CCC3OCCO3,-3.944,19,-0.20757894736842106
O=c([nH]1)[nH]c(=O)cc1C(=O)N2CCN(CC2)c3c[nH]c(n3)C4CCCC4,-3.944,26,-0.15169230769230768
COCCOCCOCCOCCCC(=O)Oc(cc1)c(c2c13)ccc4c2c(cc3)ccc4,-3.943,33,-0.11948484848484849
[NH3+]CCNCCOc1ccc(cc1)C2CCN(CC2)c(cc3)nn(c34)c(Cl)nn4,-3.943,29,-0.1359655172413793
Cc1c(C#N)cccc1[C@@H](C)[NH2+]C2CCOCC2,-3.942,18,-0.219
C[C@@H](O)c1ccc(cc1)Cc2cc(nc[nH+]2)N(C)CCOc3ccc(cc3)C[C@@H]4SC(=O)[N-]C4=O,-3.942,35,-0.11262857142857144
c1[nH]c[nH+]c1CC2CCOCC2,-3.94,12,-0.3283333333333333
N#Cc(c1Cl)ccc(c1C)CC[C@H](NC(=O)[C@H](O)[C@H](C)N)Cc2ccccc2,-3.94,28,-0.1407142857142857
CCCCC#Cc(nc1N)nc(c12)n(c(n2)-c3cccs3)-c4nc(cs4)C(=O)OCC,-3.94,31,-0.1270967741935484
CC(C)(C)Oc1cncc(Cl)c1,-3.939,12,-0.32825
[nH+]1c[nH]cc1-c(o2)cc(c23)c(=O)n(C)cc3N4CCC(CC4)NC(=O)[C@@H]([NH3+])Cc(c[nH]5)c(c56)cccc6,-3.939,37,-0.10645945945945946
CC(C)(C)Oc1cccc(F)n1,-3.939,12,-0.32825
COc1cccc(c1)CC(=[NH2+])NC(=O)c2cc(Cl)ccc2C(=O)CCC(=O)[O-],-3.939,28,-0.14067857142857143
O=c([nH]1)scc1C(=O)c(c2C)nn(CCCCCO)c2-c3ccccc3,-3.939,26,-0.1515
C=CCCCc1ncc[nH]1,-3.938,10,-0.39380000000000004
CC(=O)CCCNS(=O)(=O)C,-3.937,11,-0.3579090909090909
Fc1cc(F)ccc1Oc(ccc2NS(=O)(=O)CC)c(c2)N3CC[NH+](CC3)Cc4ccccc4,-3.937,34,-0.11579411764705883
C[NH+](C)CCC[NH+]1CCN(CC1)C(=O)CC2(CC(=O)[O-])CCCC2,-3.937,24,-0.16404166666666667
CCCCc1ccc(cc1)-c2nccs2,-3.936,15,-0.2624
Cc1ccccc1CN(c2ccc(C#N)c(Cl)c2)[C@H]3CCN(C3)NCC4([NH3+])CCCCC4,-3.936,32,-0.123
O=P([O-])([O-])OP(=O)([O-])SC/C=C(\C)CCC[N@@H+](C)c1ccc(C)cc1,-3.936,25,-0.15744
C1CC1Nc(nc2N)cc(n2)N3CC[NH+](CC3)CCCNC(=O)c4ccc(S(=O)=O)cc4,-3.935,32,-0.12296875
O=c1[nH]c(=O)n(cc1C)[C@@H]2CC[N@H+](CC2)Cc3cccc(n3)NCCc4cccs4,-3.934,30,-0.13113333333333335
CS(=O)(=O)Oc1ccc(cc1)CCc(sc2S(=O)(=O)C)c(c23)CC(F)(F)[C@H]3O,-3.933,28,-0.1404642857142857
O=C([O-])COc(c(C)c1)ccc1SC[C@H](OCC)CNc(cc2)cc(c23)[nH]c(n3)-c4ccccc4,-3.933,35,-0.11237142857142857
c1cc(Cl)ccc1N[C@H](C[C@H](C)N2C(=O)C)c(c23)cc(cc3)C(=O)[C@@H](N)CO,-3.933,28,-0.1404642857142857
CN1CCN(CC1)c2ccc(cc2)Nc3ncc(Cl)c(n3)CC(C)(C)C,-3.931,26,-0.15119230769230768
Clc(c1)cc(Cl)cc1NC(=O)Nc2ccccc2C(=O)N3CCSCC3,-3.931,26,-0.15119230769230768
c1ccccc1C[C@@H](NC(=O)[C@H](O)[C@H](C)N)CCc2cc(Cl)ccc2O,-3.931,26,-0.15119230769230768
Cc1cc(F)ccc1S(=O)(=O)c2cn[nH]c2C,-3.931,17,-0.23123529411764707
N#Cc1ccc(cc1)N[C@H](Cc(c[nH]2)c(c23)cccc3)C(=O)Nc4ccncc4,-3.931,29,-0.13555172413793104
Cc1nn(C)c(C)c1-c2cccc(c2F)CC3CCOCC3,-3.931,22,-0.1786818181818182
C[C@@H](O)Cn(c1=O)c(=O)n(C)c(c12)nc(n2C)N[C@H]3CC[C@H](O)CC3,-3.93,25,-0.1572
C[NH+](C)CCCc1ccc(cc1Cl)CNCCc2c[nH+]c[nH]2,-3.93,22,-0.17863636363636365
N#Cc(c(N)[nH]1)c(c12)cc(cc2)Oc3ccc(cc3)NC(=O)Cc(c[nH+]c4)c(c45)c(O)ccc5,-3.93,34,-0.11558823529411766
CCN1CC[NH+](CC1)Cc2ccc(cc2C(F)(F)F)Nc3cn(C)nn3,-3.93,26,-0.15115384615384617
CC(C)(C)S(=O)(=O)CCCC(=O)/C=[NH+]/CC(=O)[O-],-3.93,18,-0.21833333333333335
c1ccccc1-c([nH]2)c(c(c23)cc(OC)cc3)CCNc4ccc(nn4)OC,-3.929,28,-0.14032142857142857
C1CCCCC1S(=O)(=O)Cc2cccc(n2)Oc3ccccc3,-3.929,23,-0.17082608695652174
COc1ccc(cc1OC)-c(ccn2)c(c23)cc(c(c3)C(=O)N)OC(C)C,-3.929,27,-0.14551851851851852
COc1ccc(cc1)Oc2cc(ncn2)N(C)CCc(c3)c(OC)cc(c34)onc4C,-3.928,31,-0.12670967741935485
c1ccccc1CC(=O)N2CCC(CC2)c3nc(no3)-c4ccccn4,-3.927,26,-0.15103846153846154
CCN(C(=O)C1)c(c12)ccc(c2)NC(C)(C)C,-3.926,17,-0.23094117647058823
O=C([O-])C(C)(C)Cc1ccc(Cl)c(Cl)c1,-3.926,15,-0.2617333333333333
CC(O1)(C)C(=O)Nc(c12)cc(O)c(c2)N(CC3)CCC3([NH3+])Cc4ccc(Cl)cc4,-3.926,29,-0.13537931034482759
N#Cc(c1)cc(Cl)cc1Oc2c(=O)n(ccc2C)N(CC3)CCC34Oc5c(O4)cccc5,-3.925,32,-0.12265625
COC(=O)CC(=O)NCCCNCc1ccc(c(Cl)c1)[C@H](C)c2ccccc2,-3.925,28,-0.14017857142857143
C[N+](C)(C)CCOP(=O)([O-])OC[C@H](OC(=O)CCCCC)COc1ccc(F)c(Cl)c1,-3.924,31,-0.12658064516129033
c1ccccc1-c(cn2C)nc2Cc3cccc(c3)N4CCCC4=O,-3.924,25,-0.15696
O=C(C=1)N=c(c12)ccc(c2)-c(n3)sc(c34)cccc4,-3.924,19,-0.20652631578947367
Cc1cc(no1)[C@@H](C)[NH2+]C[C@@H]2CC[N@H+](CC2)Cc3ccc([N+](=O)[O-])cc3,-3.922,26,-0.15084615384615385
O=c1ccn(c(=O)[nH]1)CCCCCNCc2cccnc2,-3.921,21,-0.1867142857142857
CC(C)[C@H](CO)C(=O)CCCC[C@@H]1CCSS1,-3.921,17,-0.2306470588235294
O=C[C@@H]1CCCN1C(=O)CCCC[C@@H]2CCSS2,-3.921,18,-0.21783333333333332
C1C[C@@H](O)CC[C@@H]1C(=O)[C@H](CCSC)NC(=O)[C@H]2CC[C@@H](C)CC2,-3.919,24,-0.16329166666666667
c1ccccc1-c([nH]2)c[nH+]c2C3CCCC3,-3.918,16,-0.244875
[NH3+]CCc1cc(S(=O)(=O)N)ccc1OC[C@H](O)CO,-3.918,19,-0.20621052631578948
c1ccccc1CC(=O)N2CCC(CC2)c3nc(no3)-c4cccs4,-3.917,25,-0.15667999999999999
Cc1noc(C)c1-c2ccc(cc2)-c(n3)c(n(c34)ccnc4)CCCC(=O)/C=[NH+]/CC(=O)[O-],-3.917,33,-0.11869696969696969
c1ccc(C)c(c12)[nH]c(n2)CC[NH2+]Cc3ccc(c(Cl)c3)-c4[nH]nc(n4)-c5ccc(F)cc5,-3.917,33,-0.11869696969696969
OC[C@H]([NH3+])C(=O)CCc1c[nH]cn1,-3.917,13,-0.3013076923076923
Fc1ccc(cc1)-c2ncn(C3CC[NH2+]CC3)c2-c4ccnc(n4)-c5ccn[nH]5,-3.916,29,-0.13503448275862068
COc(nn1)n(c12)nc(cc2)N3CCC(CC3)c4ccc(cc4)NCCO,-3.916,27,-0.14503703703703705
CCCCCC(=O)O[C@H](Cc1ccnc(C)c1)COP(=O)([O-])OCC[N+](C)(C)C,-3.916,29,-0.13503448275862068
OCCO[C@H](N(C)C(=O)N1)c(c12)cc(cc2)CCCO,-3.916,20,-0.1958
Cc1onc(C)c1-c(c(c2)OC)cc(c23)[nH]c4c3c(nc(n4)C)-c5c[nH]cn5,-3.916,28,-0.13985714285714285
[NH3+]Cc(cc1)ccc1-c(n(n2)C)c(c23)ncn(c3=O)C(=O)C4CC4,-3.916,24,-0.16316666666666665
CC(=O)NCCC(=O)c1ccc(cc1Cl)CNCCc([nH]2)nc(c23)ccc(c3)C,-3.915,29,-0.135
Cc1nc(cs1)-c2ccc(cc2)S(=O)(=O)CC(C)C,-3.914,19,-0.20600000000000002
c1ccnc(c12)cc(NCCOC)cc2-c3c(C)noc3C,-3.914,22,-0.1779090909090909
CC(C)CCNc1cnn(C)c1,-3.914,12,-0.32616666666666666
c1cc(C)cc(c12)nc([nH]2)CCc3cnc([nH]3)C4CCCC4,-3.913,22,-0.17786363636363636
CCOC(=O)CCNc1ccc(cc1)-c(n2)c(C)c(C(=O)[O-])c(c23)ccnc3,-3.913,28,-0.13974999999999999
Cc1ccccc1CC(=O)NC(C)(C)C,-3.913,15,-0.26086666666666664
C[C@@H]1C(=O)N(C)CCN1c(c(Cl)cc2)c(c23)nnn3Cc([nH]n4)c(c45)cccn5,-3.912,29,-0.13489655172413792
N1CCCC[C@@H]1[N@H+](C)CCO[C@@H]2CC[C@@H](CC2)C[C@@H](C([O-])=O)S(=O)(=O)C3CC3,-3.912,28,-0.1397142857142857
O=P([O-])(O)OP(=O)([O-])SC/C=C(\C)CCCN(C)c1ccc(C)cc1,-3.912,25,-0.15648
C[N+](C)(C)C1CCN(CC1)c2ccc(cc2)Nc(cn3)n(c34)CCC4,-3.912,25,-0.15648
Cc1nnc(n12)c(NC)nc(c2)-c(n3)n(-c4ccccn4)c(c35)cc(cc5)N6CC[NH+](C)CC6,-3.911,34,-0.11502941176470588
Fc1cc(F)ccc1-c(ccc2C)cc2S(=O)(=O)NC3CCCC3,-3.91,24,-0.16291666666666668
CN(C1)C(=O)Nc(c12)ccc(c2)-c3cc(nc(n3)N)N4CCCCC4,-3.91,25,-0.1564
Cc1nc(C[NH+](C)C)ccc1-c2cc(F)c(c(F)c2)-c3cc(CO)ccc3F,-3.91,28,-0.13964285714285715
Clc1cc(Cl)ccc1[C@H](C)N2CC[NH+](CC2)C3COC3,-3.909,20,-0.19544999999999998
Cc1ccc(C)c(c1)CNc2ccc(cc2)N3CCN(C)CC3,-3.908,23,-0.16991304347826086
c1cc(C)cc(c12)c(c[nH]2)Cn3cc([O-])cn3,-3.907,17,-0.2298235294117647
NCc1ccc(c(Cl)c1)-c2cnns2,-3.907,14,-0.2790714285714286
CCCCCCCN(N[C@H](C)c1ncn[nH]1)CCc2ccc(cc2)O[C@](C)(C(=O)[O-])CC,-3.907,32,-0.12209375
CC(C)Cc1nc(cs1)CCN(C)c2ccccn2,-3.906,19,-0.20557894736842106
O=C([O-])CCC[C@@H](O)C[NH+]1CCN(CC1)c2ccc(C(F)(F)F)cc2,-3.906,25,-0.15624000000000002
CCN(C1=O)c2ccc(c(c2c13)ccc3)Cc4cncs4,-3.906,21,-0.186
CCCCn1cc(nn1)CNN2CCC[NH2+]CC2,-3.905,18,-0.21694444444444444
NC(=[NH2+])N(CC1)CCC1n(nnc2C)c2-c3cccc(n3)-n4cccc4,-3.905,26,-0.15019230769230768
Cc1ccc(cc1)[C@H](C)c2cccc(Cl)c2-c(cc3)cc(c3=4)=NC(=O)N4,-3.904,26,-0.15015384615384614
Cc(n1)c(C)n(c12)nc(cc2)OCc3nc(cn3C)Nc4c(CC(C)C)nn(C)c4C,-3.904,31,-0.12593548387096773
c1ccccc1CC(=O)n(c2=O)c(=O)n(C)c(c23)ccc(c3)C(=O)C4=C(O)CCCC4=O,-3.903,32,-0.12196875
c1ccccc1-c2[nH]nc(n2)NCCc3ccncc3,-3.903,20,-0.19515
O=C([O-])CCC(\C)=C/CNc1c(CC(C)C)[nH+]n(C)c1C,-3.902,21,-0.1858095238095238
CCc1ccc(nc1)CCc(n2)n([C@@H](C)COC)c(c23)cc([nH+]c3)N4CCOC[C@@H]4C,-3.902,31,-0.12587096774193549
CCC(=O)c1ccc(CCC(=O)N)cc1NC(=O)c(cc2)nc(c23)cccc3,-3.901,28,-0.13932142857142857
CC(C)(O)Cc(c(n1)C)n(c12)ccnc2N3CCOCC3,-3.9,21,-0.18571428571428572
FC(F)(C1)[C@@H](O)c(c12)c(S(=O)(=O)C)sc2-c(n3)oc(c34)cccc4,-3.9,24,-0.1625
O=C([O-])[C@H](C)Oc1cc(ccc1Cl)Cc2ccc(cc2Cl)CNCCCNS(=O)(=O)C,-3.9,31,-0.12580645161290321
Brc1ccc(Br)c(c1)N2CCN(CC2)C3COC3,-3.9,18,-0.21666666666666667
CC(=O)N[C@H]1CCN(C1)c2ccc(cc2F)C3=NO[C@@H](C3)CNN[C@H](C)c4cc(C)[nH]n4,-3.9,32,-0.121875
[NH3+]CCCCCCCCCC(=O)[C@H]1CCN(C1)CC[NH3+],-3.898,20,-0.19490000000000002
c1cnccc1NC(=O)C(C)(C)Oc2ccc(cc2)CCNC(=O)c3ccc(Cl)cc3,-3.897,31,-0.12570967741935482
CC(C)S(=O)(=O)NC[C@@H]1CC(=NO1)c2ccc(c(F)c2)CCC[NH+](C)C,-3.897,26,-0.14988461538461537
C1C[NH2+]CCC1n(nnc2C)c2-c3ccc(c(F)c3)[C@@H]4CC[N@@H+](C)CC4,-3.897,26,-0.14988461538461537
[nH]1ccc(c12)c(ncn2)-c3nnc(C)c(c34)cnc(c4)N5CCOCC5,-3.897,26,-0.14988461538461537
COc1ccc(Br)cc1S(=O)(=O)c2ccc(Cl)c(C(F)(F)F)c2,-3.896,23,-0.1693913043478261
C[N@@H+]1CC[C@@H](C1)CC[NH3+],-3.895,9,-0.43277777777777776
Fc1cccc(F)c1S(=O)(=O)[N-]c2cccc(c2)C(=N3)CSc(c34)cccc4,-3.895,28,-0.13910714285714285
Cc1nn(C)c(C)c1CN(C)c2nc(N(C)CCC(=O)NC3CC3)nc(n2)N4CCC[C@H]4C=O,-3.895,34,-0.11455882352941177
CCc(c1)nc(C)c(c12)c(c(C#N)c(=O)[nH]2)-c3ccc(cc3)CCOCCOCCOC,-3.895,32,-0.12171875
CC(C)(C)S(=O)(=O)Nc1cc(ccc1Cl)-c2ncccn2,-3.895,21,-0.1854761904761905
Cc1ccc(cc1)S(=O)(=O)S(=O)(=O)c(ccc2)c(c23)ccnc3,-3.894,23,-0.16930434782608697
C[NH+](C)CCCN(C)[C@H]1CCN(C1)C(=O)c([nH]2)c(NC3C=C3)c(c24)ccc(Cl)c4,-3.893,29,-0.13424137931034483
CCCNC(=O)[C@H]1O[C@H]([C@H](O)[C@@H]1O)[C@H]2CCCN(C2)Cc3cccc(c3)Oc4ccccc4,-3.892,33,-0.11793939393939394
C[C@H]1COCCN1c2ccc(S(=O)(=O)N)cc2,-3.892,17,-0.22894117647058823
COc1ccc(cc1)Cn(nn2)c(c23)[C@@](C)(O)CC[C@H]3OO,-3.892,22,-0.1769090909090909
COc(cc1)cc(c12)c(CCC(=O)[O-])cn2-c3cccc(c3)NC(=O)C,-3.891,26,-0.14965384615384617
c1cccc(c12)[nH]c(n2)CCNCc(cc3C)ccc3-c4ccc(=O)n(c4)Cc5ccccc5,-3.891,34,-0.11444117647058824
Cc1cc([nH]n1)[C@@H](C)Nc(c(c23)cn[nH]c3=O)ncc2-c4ccc(CN(C)C)nc4C,-3.891,31,-0.12551612903225806
c1cccc(O2)c1OC23CCN(CC3)NCc4ccc(cc4)N5CCCCC5,-3.889,28,-0.13889285714285712
c1c[nH]c(c12)c(=O)n(C)cc2-c3ccccc3N[C@H]4[C@@H]([C@@H]45)COC5,-3.889,24,-0.16204166666666667
Cc1nn(C)c(Cl)c1S(=O)(=O)NCc2ccc(cc2)C(=O)[C@H](O)[C@H](C)N,-3.889,26,-0.14957692307692308
c1occc1-c(cc2)ccc2C(=O)c3cccc(c3)N4C=CCC4=O,-3.888,25,-0.15552
C[NH+](C)CCOc1ccc(Cl)cc1-c2noc(n2)C3CCN(CC3)C(=O)Cc4ccccc4,-3.888,33,-0.11781818181818182
Nc1cc(ccn1)CCc(n2)[nH]c(c23)cccc3,-3.888,18,-0.216
CN(C1)C(=O)N(C)c(c12)ccc(c2)S(=O)(=O)c3cnn(c3)CC(C)(C)O,-3.887,26,-0.1495
n1cnc(N)c(c12)ncn2CC(=O)Oc(cc3)c(c4c35)ccc6c4c(cc5)ccc6,-3.887,30,-0.12956666666666666
O=C([O-])Cc(co1)c(c12)ccc(c2)-c3ccc(cc3)C[C@@H]4SC(=O)NC4=O,-3.887,27,-0.14396296296296296
Cc1nc([N+](=O)[O-])cn1[C@@H]2CC[N@H+](C2)CCN(C)C,-3.887,19,-0.20457894736842105
CCCCCCCCC(=O)OC[C@@H](c1cccn1C)COP(=O)([O-])OCC[N+](C)(C)C,-3.886,31,-0.12535483870967742
CC(=O)NCCC(=O)O[C@H](CC)c1cc(no1)-c2ccc(cc2)OC(C)(C)C(=O)[O-],-3.886,30,-0.12953333333333333
OCCCN1CCN(CC1)c2ccc(Cl)c(Cl)c2,-3.886,18,-0.2158888888888889
CC(C)CCc1ccc(cc1)N2CC[NH+](C)CC2,-3.886,18,-0.2158888888888889
CC[C@H](C)[C@H]([NH3+])C(=O)c1ccc(C)c(c1)NS(=O)(=O)C,-3.886,20,-0.1943
C[C@H]1C[C@@H](C)C[N@H+](C1)Cc([nH]n2)c(c23)cccn3,-3.886,18,-0.2158888888888889
COc1c(OC)cc(cc1OC)C(=O)Cc2c(C)nn(C)c2C,-3.885,23,-0.16891304347826086
[NH3+][C@H]1CCC/[N+](C1)=C(\N2)CSc(c23)cccc3,-3.885,17,-0.22852941176470587
Cc1nn(C)c(C)c1[N-]S(=O)(=O)c2ccc(nc2)NCCc3ccn(n3)C,-3.884,27,-0.14385185185185184
[NH2+]1CCCC[C@@H]1N(C)CCN2CCC([N+](C)(C)C)CC2,-3.884,20,-0.19419999999999998
NC(=O)C1=CN(C=CC1)c(cnc2C(F)(F)F)c(c23)C[C@@H](F)[C@H]3O,-3.884,24,-0.16183333333333333
COc1cc(OC)cc(c12)nc([nH]c2=O)-c(cn(C)c3=O)c(c34)O/C(C4)=c5\cnc([nH]5)=C6CCC6,-3.883,35,-0.11094285714285715
CC(C)(C)[NH2+]NCCc(c(c12)cc(OC)cc1)c([nH]2)-c3ccccc3,-3.883,25,-0.15532
CC/C=C/C/C=C/C/C=C/CCc(ncn1)c(c12)cc[nH]2,-3.883,21,-0.1849047619047619
c1cc(C)cc(c12)c(c[nH]2)Cc(c3CC)nc(N)nc3N4CCN(C)CC4,-3.883,27,-0.1438148148148148
CCc(no1)c(c12)cc(c(c2)OC)NC(=O)c3ccsc3C(=O)[O-],-3.882,24,-0.16175
COc1nc(N)nc(n1)-c(c(c23)ccc(Cl)c3)c([nH]2)C(=O)NCC[NH+]4CCOCC4,-3.882,30,-0.12940000000000002
CCCCCCCCC(=O)OC[C@@H](C1CCCCC1)COP(=O)([O-])OCC[N+](C)(C)C,-3.882,31,-0.1252258064516129
CC[C@H](C)[C@H]([NH3+])C(=O)CC1CC1,-3.882,12,-0.3235
COCCCNC(=O)[C@@H](c1cccnc1)N(/N=C2\NNCS2)c3ccc(C(C)(C)C)cc3,-3.882,32,-0.1213125
COc1ccc(cc1OC)-c2c(C)ccn(c2=O)Cc([nH]n3)c(c34)cccn4,-3.881,28,-0.13860714285714285
CC(C)C[NH2+]CC(=O)N1C=CCC1=O,-3.881,14,-0.2772142857142857
FC(F)(F)CS(=O)(=O)c1cc(nn(c12)c(C)nn2)-c3ccccc3Oc4ccccc4,-3.881,31,-0.12519354838709676
CCCCCCOc1cccc(c1)Cn2ccc([O-])c(c2=O)C(=O)C[C@H](C)N3CCOCC3,-3.88,33,-0.11757575757575757
CCCCCCCC1COC1,-3.88,11,-0.3527272727272727
CCc(c1)nc(C)c(c12)c(c(c([n-]2)=O)C#N)-c3ccnc(n3)Nc4ccc(C#N)cc4,-3.88,31,-0.12516129032258064
O=C1CCCc(c12)n(c(c2)CC)NC[C@H]3CN(C(=O)O3)c4ccc(c(F)c4)N5CCSCC5,-3.88,33,-0.11757575757575757
C1CCCC1N([C@H](C)C(=O)N2C)c(c23)cc(cc3)C(=O)C(=O)[C@H](O)CO,-3.88,26,-0.14923076923076922
C1CCCCC1([NH3+])CNc2ccc(cc2OC)CNCCc(n3)[nH]c(c34)cccc4,-3.88,30,-0.12933333333333333
Cc1noc(C)c1-c2ccc(cc2)C[NH2+]Nc(cc3)cc(c34)CN(C)C(=O)N4,-3.879,28,-0.1385357142857143
COC(=O)CC(=O)NCCCc([nH+]nc1C)c(c12)cc(cc2)N3CC[NH2+]CC3,-3.879,28,-0.1385357142857143
COCCCN[NH2+]Cc1ccc(F)cc1,-3.878,15,-0.25853333333333334
CCCCCCCC(=O)c1cc(C(=O)C)ccc1OCC,-3.877,21,-0.1846190476190476
C/C=C/CCCCCCCC(=O)O[C@H](COP(=O)([O-])[O-])CCc1ccc(Cl)c(Cl)c1,-3.876,30,-0.1292
c1cc(Br)ccc1[C@@H](C)NC(=O)Cc(cnc2)c(c23)c([O-])ccc3,-3.876,24,-0.1615
Clc(c1)c(Cl)ccc1N(CC2)CCN2C(=O)c3nccn3Cc4ccccc4,-3.876,28,-0.13842857142857143
C1C[NH2+]CCC1n(nnc2C)c2-c3cccc(n3)-c(n4)c(cccc5)c5c(n46)nnc6C,-3.874,32,-0.1210625
c1[nH+]ccn1C[C@@H](NC(C)C)c2ccc(Cl)cc2Cl,-3.874,19,-0.20389473684210527
C1CC1c([nH]2)nc(c23)cc(-c4c(C)onc4C)cc3-c(ncn5)c(c56)cc[nH]6,-3.874,28,-0.13835714285714287
c1cc(F)cc(c12)c(C(=O)[N-]S(=O)(=O)C)c(N)c(n2)-c3ccc(cc3)CCCCCC(=O)[O-],-3.873,33,-0.11736363636363636
O=C1C=CCN1c2cccc(c2)-c(ccc3S(=O)(=O)C(F)F)c(c34)CC(F)(F)[C@H]4O,-3.873,30,-0.12910000000000002
COc1ccc(cc1)Oc2cc(ncn2)C(=O)c3ccc(cc3)-c4ccco4,-3.872,28,-0.1382857142857143
COc1ccccc1S(=O)(=O)CCCCCc2cc(C)no2,-3.87,22,-0.1759090909090909
COc1cc(OC)c(cc1C)S(=O)(=O)c2cccs2,-3.869,19,-0.20363157894736844
O1CCC[C@@H]1CO[C@H](C[C@H](C)N2C(=O)C)c(c23)cc(cc3)-c4[nH]ncc4,-3.869,26,-0.1488076923076923
Cc1ccc(cc1)N(C)CCC(C)C,-3.867,14,-0.2762142857142857
O=C1CCN(CC1)C(=O)c2ccc(F)cc2,-3.867,16,-0.2416875
CC(C)Cc(nn1C)c(c1C)CCOC(F)(F)F,-3.867,18,-0.21483333333333332
O=c1n(C)ncc(c1C)NCc2ccccc2[NH2+]C(C)(C)C,-3.867,22,-0.17577272727272727
Cc1cc(on1)[C@@H](C(C)C)C(=O)N2C[C@H](O)C[C@H]2C(=O)C(=O)c3ccc(cc3)-c4ccccc4F,-3.867,35,-0.11048571428571428
CC(=O)N1[C@@H](C2CC2)CN(CCCC(=O)[O-])c(c13)cccc3,-3.865,22,-0.1756818181818182
O=C1NC(=O)[C@@H](S1)Cc2ccc(cc2)S(=O)(=O)CC(F)(F)F,-3.865,22,-0.1756818181818182
Cc1ccnc(c1)CCCCCc(n2)c(cccc3)c3c(n24)nnc4C,-3.865,26,-0.14865384615384616
c1ccccc1C[C@@H](C(=O)[O-])Cc(ccc2OCCC)cc2C[NH2+]Cc3cc([O-])cc(O)c3,-3.865,33,-0.11712121212121213
C/C=C/CCCCCCCC(=O)O[C@H](COP(=O)([O-])O)COCOCCO,-3.865,27,-0.14314814814814816
COc1cccc(c1)/N=C/c2ccccc2C=O,-3.865,18,-0.21472222222222223
Cc1ccc(cc1C)Nc2nccc(n2)-c3ccc(CN)cc3Cl,-3.865,24,-0.16104166666666667
CC(=O)N[C@H]1CCN(C1)c2ccc(cc2F)C3=NO[C@@H](C3)CCc4ccccn4,-3.864,29,-0.13324137931034483
Cc1cccc(c1C)Oc2nccc(n2)-n3cc(O)cn3,-3.864,21,-0.184
CC[C@@H](CO)c(c[nH]1)c(c12)ccc(c2)C(F)(F)F,-3.863,18,-0.2146111111111111
C[NH2+]Cc1cc(nn1C)S(=O)(=O)c2ccc(Cl)cc2,-3.862,19,-0.20326315789473684
COc(cc1)cc(c12)C(c(ccc3)c(c34)cc[nH]4)=N[C@H](c5n2c(nn5)C)CC(=O)c6ccno6,-3.862,34,-0.11358823529411766
OCC[NH2+]CCC(=O)c1cc(F)ccc1O,-3.861,16,-0.2413125
C[C@@]1(O)CCC(=O)[C@@H](OC)[C@]1(O)[C@@]2(C)O[C@@H]2CCc(ccc3)n(c34)nc([nH+]4)N,-3.861,28,-0.13789285714285715
C1C[N@H+](C)CC[C@H]1Nn(c(n2)-c(cc3)cc(c34)ccs4)c(c25)c(nc(n5)C(=O)[O-])N[C@H](C)C6CC6,-3.861,35,-0.11031428571428573
OC[C@H]([NH3+])C(=O)C(=O)c1ccco1,-3.861,13,-0.29700000000000004
C[NH+](C)CCN1CCC(CC1)c2ccccc2C(=O)c3ccccc3,-3.86,25,-0.15439999999999998
O=c1n(C)ncc(c1C)-c(ccc2)c(c23)C(=O)N(C3=O)[C@H]4CCC(=O)NC4=O,-3.86,28,-0.13785714285714284
[nH+]1ccccc1N(C)CCc(cc2)c(C(F)F)c(c23)[C@@H](O)C(F)(F)S3(=O)=O,-3.859,27,-0.14292592592592593
O=C([O-])c1cc(C)nc(c12)n(nc2C(C)C)-c3ccsc3,-3.859,21,-0.18376190476190477
CCc1c(C)nc(N)nc1CCCC(=O)/C=[NH+]/CC(=O)[O-],-3.858,21,-0.18371428571428572
c1ccccc1-c([nH]2)c(c(c23)cc(OC)cc3)CCNC(=O)c4c(cnn4C)C(=O)N5CCOCC5,-3.858,36,-0.10716666666666667
CCN1CCN(CC1)c2cc(Cl)ccc2C,-3.857,16,-0.2410625
N#C\C=C\c(cc1C)cc(C)c1CC#C[Si](C)(C)C,-3.857,19,-0.203
CC(C)OC(=O)c1ccccc1Oc2ccccc2,-3.857,19,-0.203
OCCCCCc1ccc(cc1Cl)C[NH2+]CCc2c[nH+]c[nH]2,-3.856,22,-0.17527272727272727
Cc(n1)c(C)n(c12)nc(cc2)-c3ccccc3OCCCC(=O)[O-],-3.856,24,-0.16066666666666665
COc(cc1)cc(c12)c(CCC(=O)[O-])cn2-c3cccc(C)c3,-3.856,23,-0.16765217391304346
C1CC1[C@@H](C)c2cc(ncn2)N(C)CCOc3ccc(cc3)C[C@@H]4SC(=O)NC4=O,-3.856,30,-0.12853333333333333
N#CCCN(C)c(c(c12)scc2)nc(n1)-n(cn3)c(c34)nc(I)nc4N,-3.855,26,-0.14826923076923076
Cn1nc(cc1)N2CC[N+](CC2)=C(N3)CSc(c34)cccc4,-3.855,22,-0.17522727272727273
n1ccccc1CCc2[nH+]cc[nH]2,-3.854,13,-0.29646153846153844
O=C([O-])c(cc1)ccc1Cc2cn(C)c(=O)c(c23)C/C(O3)=c4\cnc([nH]4)=C5CCC5,-3.854,30,-0.12846666666666667
O=C([O-])Cc(co1)c(c12)ccc(c2)-c3c(-c4ccc(F)cc4)ncn3C5CC[NH2+]CC5,-3.854,31,-0.12432258064516129
c1ccccc1CN[NH2+]C2CCCCCC2,-3.854,16,-0.240875
CC(C)Oc1nc(ncc1Cl)Nc2ccc(cc2)[NH+]3CCN(C)CC3,-3.854,25,-0.15416
O=C([O-])C[C@H](C)CCCCCCCc1ccccc1,-3.853,19,-0.20278947368421055
[nH]1nccc1-c(cnn2C)c2Oc3ccccc3,-3.853,18,-0.21405555555555555
Cc1cccc(c12)n(c(n2)CCC)-c3nc(OC)nc(n3)N4CC[NH2+]CC4,-3.853,27,-0.14270370370370372
c1ccccc1CN2CC[NH+](CC2)CCc3ccc[nH]3,-3.852,20,-0.1926
O=c1n(C)cc(cc1C)-c(n2)n(c(c23)cccc3)CCc4ccc(cn4)[C@H](C)O,-3.85,29,-0.1327586206896552
[NH3+]CCCCCCCCCC(=O)[C@H]1CC[N@H+](C1)CC[NH3+],-3.85,20,-0.1925
n1cc[nH]c1-c2cnns2,-3.849,10,-0.3849
C[C@@H](O)c1ccc(cc1)CN2CCCOC2=O,-3.849,17,-0.22641176470588237
Fc1ccc(cc1)-c2ncn(C3CC[NH2+]CC3)c2-c4ccnc(n4)-c5ccccc5,-3.849,30,-0.1283
[NH3+]CCc1ccc(cc1)N2CCCCC2,-3.849,15,-0.2566
c1cccc(c12)CCN(C2)n3nccn3,-3.849,15,-0.2566
O=c([n-]1)[nH]c(=O)cc1C(=O)c2nccc(n2)-c3c(-c4ccc(F)cc4)ncn3C5CC[NH2+]CC5,-3.848,34,-0.1131764705882353
COCCOCCOCCc1ccc(cc1)C[C@@H]2SC(=O)[N-]C2=O,-3.848,24,-0.16033333333333333
[NH3+]CCNC(=O)Cc1cc([nH+]c(n1)N)N2CCCCC2,-3.848,20,-0.1924
Nc(n1)cc(C)c(c12)ccc(c2)-c3ccc(c(c3)C[NH3+])Cc4cccnc4,-3.848,27,-0.14251851851851852
O=C([O-])C(C)(C)Oc(ccc1)c(c12)ccn2CCC[NH+]3CCC3,-3.846,23,-0.16721739130434782
n1nc(C)n(c12)cc(nc2NC(C)C)-c3ccc(I)cc3,-3.845,21,-0.18309523809523812
Cc1ncsc1C(=O)c2ccc(S(=O)=O)cc2,-3.845,17,-0.2261764705882353
CCCCCC(=O)O[C@H](COn1cc[nH+]c1)COP(=O)([O-])OCC[N+](C)(C)C,-3.844,28,-0.1372857142857143
CCOC(=O)c1cnn(C)c1C(=O)N2CCN(CC2)Cc3ccccc3,-3.844,26,-0.14784615384615385
CN1CCN(CC1)c2ccc(cc2)C(=O)Cc(cs3)c(c34)cc(Cl)cc4,-3.844,26,-0.14784615384615385
C1C[C@@H](C)CC[C@@H]1[C@@H](C)CCN(C)c2ccccn2,-3.844,19,-0.2023157894736842
[nH]1cncc1-c2ccc(nc2)N3CC[NH2+]CC3,-3.844,17,-0.22611764705882353
C1CC1Nc(nc2N)cc(n2)N3CCN(CC3)C(=O)c4ccccc4[N+](=O)[O-],-3.842,28,-0.1372142857142857
COc1ccc(cc1)Oc2cc(ncn2)-c3ccc(cc3Cl)CNCCCC[NH3+],-3.841,29,-0.13244827586206898
CCCCc1ccc(cc1)OCC[C@H](NC[C@H](O)[C@H](N)CO)Cc2ccccc2,-3.841,29,-0.13244827586206898
[nH+]1ccc(OC)c(c12)cc(cc2)-c(cc(n3)C)n(c34)nc(n4)C(F)(F)F,-3.84,26,-0.14769230769230768
COc(cc1)cc(c12)cc(n2CC(=O)[O-])C(=O)c(ccn3)c(c34)nc([nH]4)N,-3.84,27,-0.14222222222222222
OCCOc1ccccc1N2CCN(CC2)N3CCN(CC3)c4ccc(Cl)c(Cl)c4,-3.839,30,-0.12796666666666667
Cc1nn(C)c(C)c1NS(=O)(=O)c2ccc(nc2)-c(cc3)cn(c34)c(nn4)C,-3.838,28,-0.13707142857142857
Nc(n1)[nH]c(c12)c(cc[nH+]2)NCCC(c3ccccc3)c4ccccc4,-3.838,26,-0.14761538461538462
O=C([O-])c1ccccc1CN2CCC(CC2)C(=O)NC3CCCCCC3,-3.837,26,-0.14757692307692308
CCCCCC(=O)c1nc(cs1)-c2ccccc2,-3.837,18,-0.21316666666666667
CCN(C(=O)C1)c(c12)ccc(c2)-c3ncc(F)cc3F,-3.837,20,-0.19185000000000002
C[NH+]1CCN(CC1)c(cc2)cc(c23)n(Cc4ccccc4)c([nH+]3)Nc5ccncc5,-3.837,30,-0.1279
C1CCCN1S(=O)(=O)C[C@H](C2CC2)[C@@H]3CC[N@H+](CC3)Cc4cccc(n4)Oc5ccccc5,-3.836,33,-0.11624242424242424
CC[C@H](C)[C@H]([NH3+])C(=O)c(cc1)cc(c12)oc(c2CC(=O)[O-])-c3cccc(c3)OC,-3.835,29,-0.13224137931034483
n1nc(C)n(c12)cc(-n3nccn3)nc2NC(C)C,-3.835,19,-0.2018421052631579
Cc1nnn(C)c1C(=O)c2ccc(cc2F)-c3cccc(F)c3,-3.834,23,-0.16669565217391305
CN1CCN(CC1)c(c2)[nH]c3c(NS(=O)(=O)C)ccc(c3c24)n(C)c4O,-3.834,26,-0.14746153846153848
COCCCNc(c1CC)nc(N)nc1NC2CC2,-3.833,19,-0.20173684210526316
C[C@H]([NH3+])[C@@H](O)C(=O)c1cc(c(=O)n(C)c1)NC(=O)Nc2ccccc2F,-3.832,26,-0.1473846153846154
C1C[C@H](C)Cc(c12)sc(c2C(=O)N)NN3CCC[NH2+]C[C@@H]3C,-3.832,22,-0.1741818181818182
CCOn1c(C)cnc1-c2ccc(C(F)(F)F)cc2,-3.831,19,-0.2016315789473684
CNc1cc(nc(n1)N)N2CCN(CC2)c3ccc(OC)c(c3)OC,-3.831,25,-0.15324
Cc(n1)c(C)n(c12)nc(cc2)OCc3nc(cn3C)C(=O)[C@H](O)[C@H](C)N,-3.831,26,-0.14734615384615385
O=c1[nH]cc(Cl)cc1-c2nccc(n2)-c3c(-c4ccc(F)cc4)ncn3C5CC[NH2+]CC5,-3.831,32,-0.11971875
C[NH+]1CCN(CC1)c2ccc(cc2)[NH2+]CCC3CCCCC3,-3.83,22,-0.1740909090909091
NS(=O)(=O)c1ccc(cc1)-c2cccc(c2)OC(F)(F)F,-3.83,21,-0.1823809523809524
O=C1NCCC[C@H]1C[C@@H]([C@@H](O)C(=O)N2CCC2)NNC3CCCC3,-3.829,24,-0.15954166666666666
CC(C)(C)N[NH2+]CCc(c(c12)cc(OC)cc1)c([nH]2)-c3ccccc3,-3.829,25,-0.15316000000000002
CC(C)Cc1nc(cs1)-c2ccc(cc2)C(=O)n(nn3)c(c34)C(=O)c5c(C4=O)cccc5,-3.829,32,-0.11965625
C1C[NH2+]CCN1c([nH+]c2)ccc2[C@H](C(=O)[O-])Cc3ccc(cc3)-c4ccccc4,-3.828,29,-0.132
COC(=O)[C@H](C(C)(C)C)NN1CCN(CC1)c2ccc(Cl)c(Cl)c2,-3.828,24,-0.1595
Cc1cc(C)cc(c1)Nc2cccc([nH+]2)C/C=C/[C@H](O)CCCC(=O)[O-],-3.828,26,-0.14723076923076922
c1cc(Cl)ccc1N[C@H](C[C@H](C)N2C(=O)C)c(c23)cc(cc3)C(=O)[C@@H]([NH3+])CO,-3.828,28,-0.1367142857142857
CCC(=O)c1ccc([C@H]2CCOC2)cc1NC(=O)c(cc3)nc(c34)cccc4,-3.828,28,-0.1367142857142857
C[N@H+]1CC[C@@H](CC1)NC[C@H](O)CO,-3.827,13,-0.29438461538461536
c1cc(Cl)ccc1C(c(c23)cc(OC)cc2)=N[C@H](c4n3c(nn4)C)CC(=O)C5C=C5,-3.827,30,-0.12756666666666666
CC(C)NC(=O)N1CCN(CC1)c2cc(nc(n2)N)NC3CC3,-3.824,23,-0.16626086956521738
c1ccccc1CC(=O)N2CCC(CC2)c3nc(no3)C4COC4,-3.824,24,-0.15933333333333333
N#Cc1ccc(cc1)N2CCC(CC2)CCC(=O)NC3CC3,-3.824,22,-0.17381818181818182
c1n[n-]c(=O)c(n12)c(C)cc2C(=O)Cc3ccc(F)cc3,-3.824,21,-0.1820952380952381
COC(=O)CCCCc1ccnc(n1)Nc2ccc(C#N)cc2,-3.824,23,-0.16626086956521738
C[C@H]1CC[C@@H](CC1)Cc2ccc(c(c2)C[NH3+])OCc3cccnc3,-3.823,24,-0.15929166666666666
CC1CCN(CC1)c(cc2=O)oc(c23)c(c(O)cc3O)[C@H]4CC[N@H+](C)C[C@H]4O,-3.823,28,-0.1365357142857143
Cc1noc(C)c1-c2ccc(cc2)[C@@H](C)S(=O)(=O)C(C)C,-3.823,21,-0.18204761904761904
Cc1cc(Cl)ccc1[C@@H]2N(C(=O)c(c23)[nH]nc3C(C)C)NCc4ccccc4,-3.822,28,-0.1365
Cc1nnc(n12)c(NC)nc(c2)-c3cc(nc(n3)N)-c4cccc(Cl)c4Cl,-3.822,27,-0.14155555555555555
C[N@@H+]1CC[C@@H](C1)Nc2cc[nH+]cc2,-3.822,13,-0.294
C1CC1CC(=O)N2CCC[C@@H]2CO,-3.822,13,-0.294
n1cccc(c12)c([nH]n2)Cn(ccc3C)c(=O)c3-c(ccc4C(F)(F)F)c(c45)CC[C@H]5O,-3.821,32,-0.11940625
C1COCCC1Cn(c(c23)cccc3)c(n2)C(=O)CCCCCCCCCO,-3.82,28,-0.13642857142857143
CCCC(=CC1=O)N=C([N+]1=2)N=C(N2)Cc3ccoc3,-3.82,19,-0.20105263157894737
O=C([O-])CCC(\C)=C/Cn1ccc(=O)c(C(=O)[O-])c1O,-3.819,20,-0.19095
c1cc(C)cc(c12)nc([nH]2)CCc3c[nH+]c([nH]3)C4CCCC4,-3.819,22,-0.1735909090909091
CNc1cc(nc(N)[nH+]1)CCCCCCCCCCC(=O)[O-],-3.818,22,-0.17354545454545456
FC(F)(F)C(=O)N[C@@H](C(C)(C)C)C(=O)N(C1)[C@@H]([C@H]([C@H]12)C2(C)C)C(=O)c3c[nH]c(n3)C4CCC4,-3.818,33,-0.1156969696969697
CNc1nc(N)nc(c1CC)Cc2ccc(Cl)c(c2)O[C@@H](C)C(=O)[O-],-3.817,25,-0.15268
ONc(cc1)cc(c12)n(CCOC(F)(F)F)c([nH+]2)C3CCOCC3,-3.817,24,-0.15904166666666666
CCCCCCCCCCCCO[C@H]1O[C@H](CO)[C@H]([C@H](O)[C@H]1O)NC2=[NH+]NCS2,-3.816,29,-0.1315862068965517
C1CCCC1Nn(c(=O)n2C)c(=O)c(c23)c(C)c(cc3)C([O-])=C4C(=O)CCCC4=O,-3.816,30,-0.1272
CCCCCCCC(=O)CC(=O)SCCNN1CCC(CC1)N2CCCOC2=O,-3.816,29,-0.1315862068965517
COc(cc1)cc(c12)c(CCC(=O)[O-])cn2-c3ncc[nH]3,-3.816,21,-0.18171428571428572
CC(=O)Nc1ccccc1-c2cc(F)c(C(F)(F)F)c(F)c2,-3.815,22,-0.1734090909090909
FC(F)(F)CS(=O)(=O)N1CCN(CC1)C2COC2,-3.815,18,-0.21194444444444444
O=C1NCCC[C@H]1C[C@@H]([C@@H](O)C(=O)N2CCC2)Nc3nc(cs3)-c4ccccc4,-3.815,29,-0.13155172413793104
CNCc1cccc(c1)Cc2cnns2,-3.814,15,-0.2542666666666667
CC[C@@](C)(C(=O)[O-])c(cc1)cc(c12)C(C)(C)OC(=S)N2,-3.813,20,-0.19065000000000001
c1ccccc1[C@@H](C)Nc(cc2)cc(c23)N([C@H](C)C(=O)N3C)c4cc[nH+]c(n4)N,-3.813,29,-0.13148275862068967
CN(C1)C(=O)Nc(c12)ccc(c2)S(=O)(=O)CCC#N,-3.812,19,-0.2006315789473684
COc1ccc(cc1Cl)CCc(n2)n(C[C@H](C)[NH+]3CCOCC3)c(c24)ccc(c4)-c5ccn(n5)C,-3.811,35,-0.10888571428571428
FC(F)(F)c(cc1)ccc1-c([nH+]cc2C)n2Cc3ccccc3CCC[N+](C)(CCO)CCO,-3.811,34,-0.11208823529411764
CCCCCCCCCCCCC(=O)OC[C@@H](COP(=O)([O-])[O-])OC1CCCC1,-3.811,29,-0.13141379310344828
FC(F)(F)C(=O)N[C@@H](C(C)(C)C)C(=O)NCC(=CC1=O)N=C([N+]1=2)C=C(N2)C3CCOCC3,-3.81,32,-0.1190625
COC(=O)CC(=O)NCCCS(=O)(=O)c1ccc(nc1)NCCN2CCN(C)CC2,-3.809,30,-0.12696666666666667
CCC(CC)Nc1cc(C)[nH+]c(c1C)-c2nnn(n2)Cc3ccc(OC)cc3,-3.809,28,-0.1360357142857143
Cc1nnn(C)c1-c(c2)c(F)cc(c23)c4c(cc(cn4)C(C)(C)O)n3-c5nnc([n-]5)-c6ccccc6,-3.807,36,-0.10575
CO[C@@H](C)Cc(n1)[nH]c(c12)cc(cc2)NC(=O)c3c(Cl)cnn3CC(C)C,-3.807,27,-0.141
CN(C1)C(=O)Nc(c12)ccc(c2)NOC(C)(C)C,-3.806,18,-0.21144444444444443
O=C[C@@H]1CCCN1C(=O)c2ccc(cc2)-c3ccco3,-3.806,20,-0.1903
CN1CCN(CC1)CCc2ccc(=O)n(C)c2,-3.805,17,-0.22382352941176473
CCC(CC)Nc1cc(C)[nH+]c(c1C)C(=O)[C@@H](N)CC(C)C,-3.805,22,-0.17295454545454547
CN1C(=O)[C@@H](C)N(C2CC2)c(c13)cc(cc3)C(=O)NC4C=C4,-3.805,22,-0.17295454545454547
Cc1cccc(c1)CC(=O)c2ccc(cc2CN)-c(cc3)cc(c34)[nH+]c(N)cc4C,-3.804,30,-0.1268
C[C@@H]1C(=O)N(C)CC[N@H+]1CCOc2ccc(cc2)C3CCN(CC3)c4ccc(O)c(O)c4,-3.803,32,-0.11884375
CC(C)(C)OC(=O)CCCC(=O)/C=[NH+]/CC(=O)[O-],-3.802,18,-0.21122222222222223
FC(F)(F)c(n1)nc(n12)nc(C)cc2S(=O)(=O)c3ccc(nc3)NCCN4CCN(C)CC4,-3.8,33,-0.11515151515151514
COCCOCCOCCOCCC(=O)C(F)(F)F,-3.799,19,-0.19994736842105262
FC(F)(F)C(=O)N[C@@H](C(C)(C)C)C(=O)c1ccc(C#N)cc1,-3.796,22,-0.17254545454545453
COC(=O)CC(=O)c(ncn1)c(c12)cc(OC)c(c2)OC,-3.795,21,-0.18071428571428572
[nH+]1cc[nH]c1CCC2CC[NH2+]CC2,-3.794,13,-0.29184615384615387
FC(F)(F)c1ncc(c(c12)CC[C@H]2O)C(=O)COc3cccc(F)c3,-3.794,25,-0.15176
CCCNC(=O)c1c(cnn1C)C(=O)N(C)c2c(C)nn(C)c2C,-3.794,24,-0.15808333333333333
COCCOCCc1cc(ncn1)N(C)CCOc2ccc(cc2)C[C@@H]3SC(=O)[N-]C3=O,-3.794,32,-0.1185625
COc1ccc(cc1Cl)CCc(n2)n(c(c23)ccc(c3)-c4cc[nH]n4)C[C@H](C)[NH+]5CCOCC5,-3.793,34,-0.11155882352941177
CC[NH+]1CCN(CC1)Cc2ccc(cc2C(F)(F)F)Nc3ccc(OC)cc3,-3.793,28,-0.13546428571428573
c1cccc(c12)[N-]C(=CS2)c3ncc[nH]3,-3.792,15,-0.25279999999999997
c1cc(F)cc(c12)c(N[C@H](C)C(=O)[O-])c(C#N)c(n2)-c3ccc(cc3)-c4cccc(Cl)c4,-3.791,32,-0.11846875
Cc1nc(C[NH+](C)C)ccc1-c(c(c23)c(=O)[n-]nc3)cnc2S(=O)(=O)c4ccc(F)c(Cl)c4,-3.791,33,-0.11487878787878787
CCCCCCC(=O)CCc1ccc(cn1)[C@H](C)O,-3.791,19,-0.1995263157894737
CCCCC/C=C/Cc1cnc([nH]1)C2CCC2,-3.789,17,-0.22288235294117648
O=C(N1)C(C)(C)Oc(c12)cc(c(c2)OC)-c3ccc(F)c(F)c3F,-3.788,24,-0.15783333333333333
NC(=[NH2+])CC(=O)[N-]c1nc(cs1)-c2ccccn2,-3.788,18,-0.21044444444444443
C1COCCN1C(=O)c(cnn2C)c2C(=O)CCCC(=O)/C=[NH+]/CC(=O)[O-],-3.788,27,-0.14029629629629628
CCCn(c1=O)c(=O)n(CCC)c(c12)nc([nH]2)-c3ccc(cc3)N4C[C@@H](OC4=O)CNC(=O)C,-3.788,34,-0.11141176470588235
c1c[nH]nc1-c(c2)ccc(c23)N(N4CCC(O)CC4)[C@@H](C)C[C@H]3Nc5ccccc5Cl,-3.786,31,-0.12212903225806451
C[NH+](C)C1CCN(CC1)c2ccn[nH]2,-3.786,14,-0.2704285714285714
n1[nH]cnc1[C@@H](C)Nc2nccc(n2)-c3c(-c4ccc(Br)cc4)ncn3C5CC[NH2+]CC5,-3.785,32,-0.11828125
c1cc(F)ccc1C(=O)NCCC[NH2+]CCNC/C=C/c2ccc(Br)cc2,-3.785,27,-0.1401851851851852
Cc1cc(on1)CCCCCc2ccc(C)c(C)c2,-3.785,19,-0.19921052631578948
CC/C=C/C/C=C/C/C=C/CCc1cccc(n1)C[N@H+]2CC[C@@H](CC2)n3cc(C)c(=O)[nH]c3=O,-3.784,34,-0.11129411764705882
Oc1cnn(c1)-c2nccs2,-3.783,11,-0.3439090909090909
CN1CCN(CC1)c2ccc(cc2)COCCO,-3.783,18,-0.21016666666666667
O=C(N1)C(C)(C)Oc(c12)cc(c(c2)OC)Nc3ccc(cc3)S(=O)(=O)NCCC(F)(F)F,-3.782,32,-0.1181875
CC(C)C(C(C)C)NC(=O)Cc1c[nH+]c([nH]1)C2CCCC2,-3.781,21,-0.18004761904761907
Nc1nccc(n1)CCOc2ccc(cc2)C[C@@H]3SC(=O)[N-]C3=O,-3.781,24,-0.15754166666666666
CCc1ccccc1-c(ncc2)c(n23)nc(C)c3-c4cnn(c4)C[C@H](C)OC,-3.78,28,-0.13499999999999998
N#Cc1c(=O)[n-]c(cc1[S@](=O)C)NCc2cccc[nH+]2,-3.78,20,-0.189
CC[C@@H]([C@H](C)O)c1ccc(cn1)S(=O)(=O)Nc2c(C)nn(C)c2C,-3.779,24,-0.15745833333333334
CCS(=O)(=O)Nc1ccc(C(=O)C(F)(F)F)c(c1)-c(cn(C)c2=O)c(c23)oc(c3)-c4c[nH]cn4,-3.778,34,-0.11111764705882353
CN(C)CC[N@@H+](CC1)CC[C@H]1n(nnc2C)c2-c3cccc(n3)Nc4ccc(F)cc4F,-3.778,32,-0.1180625
COc1cc(=O)n(C)nc1Nc(s2)c(C(=O)N)c(c23)CC[C@H](C)C3,-3.777,24,-0.15737500000000001
CC(C)Oc(c1)c(C(=O)N)cc(c12)nccc2C(F)(F)F,-3.776,21,-0.1798095238095238
Cc1nc(cs1)NCc2ccc(cc2)-c3c(C)noc3C,-3.776,21,-0.1798095238095238
C=CCC(=O)c1csc(n1)N2CC[N+](CC2)=C(N3)CSc(c34)cccc4,-3.776,26,-0.14523076923076922
COc1ccc(cc1OC)-c2csc(n2)NC(=O)c3ccc(SC)cc3,-3.776,26,-0.14523076923076922
CC(C)C[C@H](N)C(=O)Nc1ccc(Cl)c(c1)[N-]S(=O)(=O)C(C)(C)C,-3.775,24,-0.15729166666666666
CCC(CC)Nc1cc(C)nc(c1C)-c2nnn(n2)Cc3ccc(OC)cc3,-3.775,28,-0.13482142857142856
COc(c1)cccc1-c(ncn2CC#C)c2C/C=C(/C)CCC(=O)[O-],-3.775,25,-0.151
CNC[C@@H](O)COc1ccc(Cl)c(c1)OC[C@H](O)CO,-3.774,20,-0.1887
CN(C1)C(=O)Nc(c12)ccc(c2)N3CCCOC3=O,-3.772,19,-0.19852631578947366
FC(F)(F)c(n1)nc(n12)nc(C)cc2C(=O)c3ccc(cc3)-c4ncccn4,-3.772,28,-0.1347142857142857
O[C@@H]1[C@H](O)CO[C@H]1c2ccc(cc2OCC)C(=O)N3CCC(CC3)[NH+]4CCN(C)CC4,-3.771,31,-0.12164516129032257
O=C([O-])c1ccc(cc1)Cn(cn2)c(c23)nc[n-]c3=O,-3.771,20,-0.18855
O=c1[nH]c(=O)ccn1C(=O)c2ccc(cc2)-c3ccco3,-3.771,21,-0.17957142857142858
CC(C)c(no1)c(c12)cc(cn2)C(=O)N3[C@@H](C)Cn(c34)c5c(n4)cccc5,-3.77,27,-0.13962962962962963
CS(=O)(=O)Nc1ccc(cc1)-c2ccc(cc2)C[C@@H]3SC(=O)[N-]C3=O,-3.769,25,-0.15076
Cc1cccc(C)c1-c(c(Cl)cc2)c(c23)nnn3Cc([nH]n4)c(c45)cccn5,-3.768,28,-0.13457142857142856
C[Si](C)(C)C#CCNc1ccc(N)cc1,-3.768,15,-0.2512
COc(c1)c(OC)cc(c12)c(nc(n2)C)-c(cc3C)n(c34)cc[nH]c4=O,-3.767,26,-0.1448846153846154
CCCCCc1ccc(CN)cc1Cl,-3.766,14,-0.269
c1ncccc1[C@H](C(=O)NC)N(COCCO)c2ccc(C(C)(C)C)cc2,-3.765,27,-0.13944444444444445
c1ccccc1Oc2cc(ccc2N(CC3)CCC3=O)C(=O)Nc4ccccc4C(=O)[O-],-3.764,32,-0.117625
[nH+]1ccccc1N2CCC(CC2)Nn3cncn3,-3.764,18,-0.2091111111111111
O=C([O-])CCCc(c1)n(c(c12)ccc(Cl)c2)-c3ccc(cc3)CCNC(=O)c4ccc(Cl)cc4,-3.763,34,-0.11067647058823529
Cc1cc(ccn1)-c2ccc(cc2)-c3c(C)noc3C,-3.762,20,-0.1881
Cc(n1)sc(c12)ccc(c2)C(=O)[C@@H]3CN(C(=O)CC4)N4C35CCCC5,-3.761,25,-0.15044000000000002
c1cc(F)cc(c12)c(N[C@H](C)C(=O)[O-])c(C#N)c(n2)-c3ccc(C(F)(F)F)cc3,-3.761,29,-0.1296896551724138
c1cc(C(F)(F)F)cc(c12)n(CC)c(n2)[C@@H](C)NS(=O)(=O)c3ccc(Cl)cc3,-3.761,28,-0.13432142857142856
Cc([nH+]1)c(C)n(c12)c(C)c(cc2)CCc3nc(cn3C)CCOCCOCCOCCOCCO,-3.761,35,-0.10745714285714286
C[C@@H]1C(=O)N(C)CCN1CCOc2ccc(cc2)C3CCN(CC3)c4cnn(c4)CC(C)(C)O,-3.76,34,-0.11058823529411764
Nc(n1)cc(C)c(c12)ccc(c2)-c(cn(C)c3=O)c(c34)O/C(C4)=c5\cnc([nH]5)=C6CCC6,-3.76,32,-0.1175
CC[C@H](C)[C@H]([NH3+])C(=O)c(n1)n(C)c(c12)c(=O)n(c(=O)n2C)Cc3ccc(Cl)c(Cl)c3,-3.76,30,-0.12533333333333332
O=C([O-])c1c(O)ccn(c1=O)N[C@H]2CC[C@H](O)CC2,-3.759,19,-0.1978421052631579
NC(=O)CCNCc1ccc(c(Cl)c1)C/C=C/c2ccc(Br)cc2,-3.759,24,-0.156625
CCOC(=O)[C@@H](C1CC1)CS(=O)(=O)N2CCCC2,-3.758,18,-0.20877777777777778
FC(F)(C1)[C@@H](O)c(c12)c(S(=O)(=O)C)ccc2Cc([nH]n3)c(c34)cccn4,-3.758,26,-0.14453846153846153
O=C[C@@H]1CCCN1C(=O)c2nccn2Cc3ccccc3,-3.757,21,-0.1789047619047619
CCC(CC)c(c1)nc(NC(C)C)c(n12)nnc2C,-3.757,19,-0.19773684210526316
CC(=O)N[C@H]1CCN(C1)c2ccc(cc2F)C3=NO[C@@H](C3)CC(C)(C)C(=O)[O-],-3.757,28,-0.13417857142857142
Clc1ccccc1S(=O)(=O)c2cccc(c2F)-c(ccn3)c(c34)nc[nH]4,-3.757,26,-0.14450000000000002
CCCc(n1)n(C(=O)[C@@H]([NH3+])CO)c(c12)cccc2C,-3.756,19,-0.19768421052631577
CC(=O)N1CCC(CC1)Cc(c(Cl)cc2)c(c23)nnn3Cc([nH]n4)c(c45)cccn5,-3.756,30,-0.1252
N1CCCC[C@@H]1[N@H+](C)CCO[C@@H]2CC[C@@H](CC2)C[C@@H](C([O-])=O)c3ccc(Cl)c(C(F)(F)F)c3,-3.755,33,-0.11378787878787879
C1C[N@H+](C)CC[C@H]1NC(=O)c(cc2OC)ccc2-c3cc(C)cc(C)c3,-3.755,26,-0.14442307692307693
COCCOCCOCCOCCN1CCOC[C@@H]1C,-3.755,20,-0.18775
CN(C)C(=O)c1cccc(c1)-c(c(c23)cc[nH]3)cn(c2=O)Nc4ccc(N)cc4,-3.755,29,-0.12948275862068964
CC[N@H+]1CC[C@@H](CC1)n(c(n2)C)c(c23)ccc(c3)OC(F)(F)F,-3.755,23,-0.16326086956521738
Cc1ccc(Cl)cc1/C(O)=C\C(=O)C(=O)[O-],-3.755,16,-0.2346875
[nH]1ncnc1[C@@H](C)Nc(n2)oc(c23)cccc3,-3.754,17,-0.2208235294117647
c1cc(F)ccc1CC(=O)N2CC[NH+](CC2)C(c3ccccc3)c4ccccc4,-3.753,29,-0.12941379310344828
C[NH2+]Cc1cc(nn1C)-c2cc[nH]c(=O)c2-c(n3)[nH]c(c34)cc(cc4C)N5CCOCC5,-3.753,32,-0.11728125
COC[C@H](C)Cc1ccc(Cl)c(c1)O[C@@H](C)C(=O)[O-],-3.753,19,-0.1975263157894737
O=C1CC[C@@H](C(=O)N1)c2ccc(cc2)C(=O)N[C@@H](Cn3cc[nH+]c3)c4ccccc4,-3.752,30,-0.12506666666666666
CNCc1ccccc1Cc(n[nH]2)c(c23)cccn3,-3.752,19,-0.1974736842105263
Cc1cc(n[nH]1)[C@@H](C)Nc2cc(F)cc(Br)c2,-3.752,17,-0.22070588235294117
CC(C)Cc1nc(cs1)-c2ccc(cc2)C(=O)S(=O)(=O)c3ccc(cc3)[C@H]4CC(=O)N(C)C4,-3.751,33,-0.11366666666666667
C[C@@H]1C(=O)N(C)CC[N@@H+]1CCCCCn(cc2)c(c23)cccc3OC(C)(C)C(=O)[O-],-3.751,30,-0.12503333333333333
COc1cc(=O)n(C)nc1-c(ncn2)c(c23)cc[nH]3,-3.751,19,-0.19742105263157894
CCOC(=O)c1cnn(C)c1C(=O)S(=O)(=O)c2ccc(OC)c(c2)OC,-3.751,26,-0.14426923076923076
c1cc(C)cc(c12)[nH]c(n2)CCNc(cc3)cc(c34)N(C5CC5)C(C)(C)C(=O)N4C,-3.75,30,-0.125
CCCCCC(=O)O[C@H](COn1ccnc1)COP(=O)([O-])OCC[N+](C)(C)C,-3.749,28,-0.13389285714285715
C[NH+]1CCN(CC1)c(cc2)cc(c23)n(c([nH+]3)NCC[NH3+])Cc4ccccc4,-3.749,27,-0.13885185185185187
O=Cc1ccno1,-3.749,7,-0.5355714285714286
O=P([O-])(O)OP(=O)([O-])SC/C=C(\C)CCCN[C@H]1[C@@H]([C@@H]12)COC2,-3.748,23,-0.16295652173913044
C[NH+](C)CCN1CCC(CC1)n2cnc(c2C(=O)CCC(=O)[O-])-c3ccc(C(F)(F)F)cc3,-3.748,33,-0.11357575757575758
O[C@@H]1CCC[C@@H](O)[C@H]1[C@H](O)c(ccc2S(=O)(=O)C)c(Cl)c2N3CCCNCC3,-3.747,28,-0.13382142857142856
Cc1cc(ccn1)-n(nn2)c(c23)[C@@](C)(O)CC[C@H]3OC(=O)NC(C)C,-3.747,25,-0.14987999999999999
CCCCCC(=O)O[C@H](CCc(c(F)cc1)c(c12)CCO2)COP(=O)([O-])OCC[N+](C)(C)C,-3.746,33,-0.11351515151515151
N1CCCC[C@@H]1[N@H+](C)CCO[C@@H]2CC[C@@H](CC2)C[C@@H](C([O-])=O)c(ccc3Cl)c(c34)cccc4,-3.745,33,-0.1134848484848485
[NH3+][C@H]1CCCN(C1)/N=C2\NNCS2,-3.745,13,-0.28807692307692306
CC[C@](C)(C(=O)[O-])Oc1ccc(cc1)CCC(=O)c2ccc(cc2)-c3ncccn3,-3.745,30,-0.12483333333333334
CC(C)=CCC[C@H](C)C(C)(C)C(=O)[O-],-3.744,14,-0.26742857142857146
C[C@@H](O)c1ccc(cc1)Cc2ccc(cc2)C(=O)Nc3ccccc3,-3.744,25,-0.14976
n1cccc(c12)c([nH]n2)CC(=O)[C@H](C(C)(C)C)NC(=O)c(c(c34)cccc4)nn3Cc5ccc(F)cc5,-3.743,37,-0.10116216216216216
CC(C)(C)Oc1nc(cs1)-c2ccccc2,-3.743,16,-0.2339375
N#Cc1c(=O)[n-]c(cc1[S@](=O)C)-c2cccc(c2)CCc([nH]3)nc(c34)ccc(Cl)c4,-3.743,30,-0.12476666666666666
Fc1ccc(CO)cc1C(=O)c(cc2OC)c(cc2OC)NC(=O)c(cn3)cc(c34)cccc4,-3.743,34,-0.11008823529411764
COCCOCCN(CC1)Cc(c12)sc3c2c4n(ncn4)c(=O)n3Cc5ccc(OC)cc5,-3.742,33,-0.1133939393939394
O=C([O-])C/[NH+]=C/C(=O)CCCC(=O)CCC1c(ccc(c2)O)c2Oc(c13)cc(O)cc3,-3.742,31,-0.12070967741935484
Cc1nc(C[NH+](C)C)ccc1N2[C@@H](C)Cn(c23)c4c(n3)cccc4,-3.742,24,-0.15591666666666668
Fc1ccc(cc1C)S(=O)(=O)c2c(C3CC3)n[nH]c2C,-3.741,20,-0.18705
O=S(=O)Oc(cc1)ccc1-c2c(ncn2CC#C)-c3ccccc3OCCn4ccc(=O)[nH]c4=O,-3.74,35,-0.10685714285714286
CC[NH+]1CCN(CC1)Cc2ccc(cc2C(F)(F)F)Nc3cn(C)nn3,-3.74,26,-0.14384615384615385
c1nccn(c12)c(NC(C)(C)C)c(n2)-c3cccc(Cl)c3,-3.74,21,-0.1780952380952381
n1csc(c12)cc(cc2)S(=O)(=O)Cc3ccccc3-c4ccccc4,-3.739,25,-0.14956
Cc1cc([nH]n1)[C@@H](C)Nc([nH+]2)[nH]c(c23)cc(cc3C)N4CCOCC4,-3.739,25,-0.14956
c1ccccc1-c2ccccc2Cc3n[nH]cc3-c4ccncc4,-3.739,24,-0.15579166666666666
CN(C)C(=O)c1cccc(c1)-c2ccc(F)c(Cl)c2,-3.738,19,-0.19673684210526315
CC(C)NC(=O)O[C@H](CC[C@]1(C)O)c(c12)nnn2CCCCCc3cccc[nH+]3,-3.738,29,-0.12889655172413794
C/C=C/CCCCCCCC(=O)O[C@H](COP(=O)([O-])[O-])COC(=O)Cc1ccccc1,-3.738,31,-0.12058064516129033
COc(cc1)cc(c12)[nH+]c([nH]2)CCn(c3=O)c(=O)n(C)c(c34)ccc(c4)C(=O)C5=C([O-])CCCC5=O,-3.737,36,-0.10380555555555555
O=c1n(C)cc(cc1C)-c(n2)n(c(c23)ccc(Br)c3)NC4CCOCC4,-3.737,26,-0.14373076923076925
C[N+]1=N[C@@H](C=C1)C(=O)CCC(=O)[O-],-3.736,13,-0.2873846153846154
CCCCCCCC(=O)n(c(c1)CCCC(=O)[O-])c(c12)ccc(Cl)c2,-3.736,25,-0.14944000000000002
CC(=O)N1[C@@H](C2CC2)CN(C[C@H](C)O)c(c13)cccc3,-3.735,20,-0.18675
COc1nc(N(C)C)[nH+]cc1NCC[NH3+],-3.735,15,-0.249
C[N+](C)(C)C1CCN(CC1)c2ccc(C(F)(F)F)c(F)c2,-3.735,21,-0.17785714285714285
CN(C)C(=O)c1cccc(c1)-c2cc[nH+]c(N)c2,-3.735,18,-0.2075
Cc1ccc(cc1)[C@H](C)c2ccc(CN)cc2,-3.734,17,-0.21964705882352942
O=C([O-])Cn(cc1)c(c12)ccc(c2)-c3cc(Br)ccc3Br,-3.733,21,-0.17776190476190476
c1ccc(C)c(c12)[nH]c([nH+]2)CC[NH2+]Cc3ccc(c(Cl)c3)NCCCNC(=O)c4ccc(F)cc4,-3.733,35,-0.10665714285714285
O=S(=O)Oc(cc1)ccc1-c2c(ncn2CC#C)-c3cc(Cl)ccc3OCC[NH+](C)C,-3.733,31,-0.12041935483870968
O=C([O-])Cc(co1)c(c12)ccc(c2)-c3ccc(cc3)C[C@@H]4SC(=O)[N-]C4=O,-3.732,27,-0.13822222222222222
COc1cccc(c1)CC(=[NH2+])N/N=C/c2ccc(o2)-c3ccccc3Cl,-3.73,26,-0.14346153846153847
C1CCCN1C(=O)c(cc2)cc(c23)nc(SCc4ccccn4)n(c3=O)-c(n5)oc(c56)cccc6,-3.73,35,-0.10657142857142857
CC(=O)N1CCC(CC1)CCc2nc(cn2C)-c3ccccc3,-3.729,23,-0.1621304347826087
COc1cccc(c1)CC(=[NH2+])Nc(cc2)c3[n-]c(cc(c3c24)c(O)n4C)N5CC[NH+](C)CC5,-3.729,33,-0.113
COc(cc1)cc(c12)c(CCNC(=O)C)c([nH]2)-c3csc(n3)NC(=O)c4ccc(SC)cc4,-3.729,33,-0.113
C1=CC1NNc(cc2)cc(c23)c(c[nH]3)C4CC[NH2+]CC4,-3.728,20,-0.1864
CCOC(=O)Cc1nc(cs1)-c2ccc(cc2)C(=O)[C@@H]3C=C[N+](=N3)C,-3.728,25,-0.14912
n1c[nH]cc1-c(o2)cc(c23)c(=O)n(C)cc3-c4cccc(Cl)c4F,-3.726,24,-0.15525
C1CCCN1S(=O)(=O)C[C@H](C2CC2)c3ccc(Cl)cc3,-3.726,20,-0.1863
CN1CCN(CC1)CCc2ccc(F)c(F)c2F,-3.725,18,-0.20694444444444446
C1CCCN1S(=O)(=O)C[C@H](C2CC2)c(n3)sc(c34)cccc4,-3.725,22,-0.1693181818181818
O=C([O-])C(C)(C)Oc1ccc(cc1)CCNc2n[nH]c(n2)-c3ccccc3,-3.724,27,-0.13792592592592592
CCCCCCCCCCCCC/C=C/[C@@H](O)[C@H](CO)NNc1c(C)nn(C)c1C,-3.724,30,-0.12413333333333335
Cc1cc(ccn1)-c2ccc(cc2)-c3cc(C)c(c(C)c3)OCCO,-3.723,25,-0.14892
O=C([O-])c1cc(CC)nc(c12)n(nc2C(CC)CC)-c3cncc(C)c3,-3.723,26,-0.14319230769230767
CNc1nc(c(o1)C)CCOc2ccc(cc2)C[C@@H](C(=O)[O-])N/C(C)=C/C(=O)c3ccccc3,-3.723,34,-0.1095
COc1nc(N(C)C)[nH+]cc1CCCCCCCc2cc(C)no2,-3.723,24,-0.15512499999999999
FC(F)(F)CCNn(c(=O)n1C)c(=O)c(c12)c(C)c(cc2)C(=O)C3=C(O)CCCC3=O,-3.722,31,-0.12006451612903225
COc(cc1)cc(c12)cc(n2CC(=O)[O-])C(=O)n3nccn3,-3.722,22,-0.16918181818181818
O=C([O-])CCC[C@@H](O)C[C@@H](CC)c1cccc([nH+]1)C2CC2,-3.722,21,-0.17723809523809525
Cc1cc(F)ccc1S(=O)(=O)N[C@H](C)c2[nH]cnn2,-3.721,19,-0.1958421052631579
CC(C)Oc1nc(ncc1Cl)Nc2ccc(cc2)N3CCN(C)CC3,-3.721,25,-0.14884
Cc1noc(C)c1C(N)=[NH2+],-3.72,10,-0.372
O=C(N1)C(C)(C)c(c12)cc(cc2F)C[C@@H](OCC)CSc3ccc(c(C)c3)OCC(=O)[O-],-3.719,32,-0.11621875
C1=CN(C)C(=O)[C@H](C)c(c12)ccc(c2)N3CCC[NH2+]C[C@H]3C,-3.719,22,-0.16904545454545453
CC/C=C/C/C=C/C/C=C/C/C=C/C=C/[C@H](O)CCCC(=O)n1ccc(O)c(C(=O)[O-])c1=O,-3.718,33,-0.11266666666666666
CCc1cccc(C)c1NN[C@@H](C(C)C)C(=O)Nc2cc[nH+]cc2,-3.717,24,-0.154875
O=c1n(C)ncc(c1C)NCc2ccccc2-c3ccc(s3)C(=O)NC4CC4,-3.717,28,-0.13275
Cn1ccc(n1)-c2ccc(cc2)CC[NH3+],-3.717,15,-0.2478
Cc1noc(C)c1-c(cc2)cc(c23)ncc(C(=O)[O-])c3-c4ccc(cc4)CC(=O)N5CCOCC5,-3.717,35,-0.1062
C[C@H]1CC[C@@H](CC1)C[N@H+]2CC[C@@H](CC2)c3nc(no3)-c4cccs4,-3.717,24,-0.154875
COc(cc1)cc(c12)[nH+]c([nH]2)CCC(=O)[C@H](C(C)C)c3cc(C)no3,-3.716,25,-0.14864
Cn1nc(C2CC2)cc1CCc3c[nH+]c[nH]3,-3.716,16,-0.23225
CS(=O)(=O)Nc1ccc(cc1)N(C2CC2)Cc3ccccc3OCCCCCC(=O)[O-],-3.716,31,-0.1198709677419355
[nH+]1cn(C)c(c12)cccc2CCCC[NH3+],-3.716,15,-0.24773333333333333
Nc1ccc(cn1)NCCC(F)(F)F,-3.715,14,-0.26535714285714285
Cc1nnn(C)c1-c(c2)c(F)cc(c23)c4c(cc(cn4)C(C)(C)O)n3CCc5[nH+]cc[nH]5,-3.715,32,-0.11609375
O=C([O-])c1c(O)cc[n+](c1O)Cc2cccc(c2)Cc3ccc(Cl)cc3,-3.715,26,-0.1428846153846154
C1COCCN1C(=O)c(cnn2C)c2C(=O)Nc(cc3)cc(n34)[nH+]c(c4)Cc5cccc(F)c5,-3.715,34,-0.10926470588235293
COc(cc1)cc(c12)[nH]c(n2)CC[N@@H+]3CC[N+](CC3)=C(N4)CSc(c45)cccc5,-3.714,29,-0.12806896551724137
Cc1cc(on1)[C@@H](C(C)C)C(=O)N2C[C@H](O)C[C@H]2C(=O)OC[C@H]3CCCO3,-3.713,27,-0.1375185185185185
CC(C)(C)OCCOc1ccc(cc1)C[C@@H](C(=O)[O-])Nc2ccccc2C(=O)c3ccccc3,-3.712,34,-0.1091764705882353
C[C@@H]1CNCCC[N@@H+]1CCc2ncc[nH]2,-3.711,15,-0.24739999999999998
CN(C)CC[NH+]1CCN(CC1)Nc2ccc(Cl)cc2,-3.711,19,-0.1953157894736842
CCc1c(NC)[nH+]c(N)nc1[C@H](C)c2ccc(cc2)-c3c(C)noc3C,-3.711,26,-0.14273076923076922
n1cccc(c12)c(n[nH]2)Cn(ccc3C)c(=O)c3-c4ccc(cc4Cl)CNCCC(=O)N,-3.71,32,-0.1159375
CCc1ccc([nH+]c1)CCOCc(c2)oc(c23)cccc3,-3.71,21,-0.17666666666666667
[NH2+]1CCCC[C@@H]1c2n(nnc2C)C3CCN(CC3)CC[NH+](C)C,-3.709,23,-0.1612608695652174
Cc1cc(C)nc(n12)nc(n2)CC(=O)c3ccc(S(=O)(=O)C(F)(F)F)cc3[N+](=O)[O-],-3.708,30,-0.1236
CC(C)Cc1nc(cs1)-c(nc(=O)[nH]2)c(c23)cccc3,-3.708,20,-0.1854
CN1CC[NH+](CC1)CCc2ccc(F)c(F)c2F,-3.708,18,-0.20600000000000002
Cc1n[nH]c(C2CC2)c1NCCN3CCOCC3,-3.708,18,-0.20600000000000002
N#Cc1ccc(cc1C)Oc2ccc(cc2)CC(=O)Cc3ccco3,-3.707,25,-0.14828
O=C([O-])c1c(O)ccn(c1=O)-c2ccccc2,-3.707,17,-0.21805882352941175
[O-][NH2+]c(c1)ccc(c12)N(C)C(=O)C(C)(C)N2C3CC3,-3.706,19,-0.19505263157894737
CC(C)Cc(nn1C)c(c1C)Nc(c(c23)ccs3)ccc2C[C@@H]4SC(=O)[N-]C4=O,-3.706,29,-0.12779310344827585
Cc1nnn(C)c1CC(C)(C)C,-3.706,12,-0.30883333333333335
c1ccccc1CC#Cc(c2)ccc(c23)n(C)c(=O)n(c3=O)CCCNCc4cccnc4,-3.705,33,-0.11227272727272727
C[NH2+]Cc1ccccc1Cc(cc2)cc(c23)COc4c(cccc4)C\3=C(/C)c5noc(=O)[n-]5,-3.705,33,-0.11227272727272727
Cn1ccnc1C(=O)c(o2)c(C)c(c23)c(ccc3)CC(CO)(COC[C@@H](C)O)COC[C@@H](C)O,-3.704,34,-0.10894117647058824
CCC(CC)C(=O)[C@@H]([NH3+])CC(C)C,-3.704,13,-0.28492307692307695
CC(=O)NC[C@H]1CN(C(=O)O1)Nc2cccc(c2)N3CC=CC3=O,-3.704,24,-0.15433333333333335
CC(C)Cn1ncc(Cl)c1C(=O)Nc(cc2)cc(c23)[nH]c([nH+]3)C[C@H](O)CO,-3.704,27,-0.1371851851851852
Cc([nH+]1)c(C)n(c12)c(C)c(cc2)CCc3[nH+]c(cn3C)-c([nH]4)nc(c45)cc(cc5C)N6CCOCC6,-3.703,36,-0.10286111111111111
COC(=O)CC(=O)c(cn(C)c1=O)c(c12)oc(c2)-c3cnc([nH]3)C4CCC4,-3.702,27,-0.1371111111111111
o1cccc1-c(cc2)cc(c23)[C@H](NC(=O)OC(C)C)C[C@H](C)N3c4cc(nc(n4)N)N5CCOCC5,-3.701,36,-0.10280555555555555
C[NH2+]Cc1ccccc1C(=O)c2[nH]cc(c2C)C3(CC3)c4ccc(C(F)(F)F)nc4,-3.701,30,-0.12336666666666667
Fc(c1)cccc1-n(c(n2)C)c(c23)cccc3C#N,-3.701,19,-0.19478947368421054
[NH3+]CCNc1ccc(c(F)c1)C(=O)N[C@H](Cc(c[nH]2)c(c23)cccc3)C(=O)Nc4ccncc4,-3.701,34,-0.1088529411764706
c1cccc(c12)c(c[nH]2)C[C@H]([NH3+])C(=O)C(=O)c(c3)oc(c34)cccc4,-3.701,25,-0.14804
C1CCCC1(CC(=O)[O-])CC(=O)N2CCN(CC2)S(=O)(=O)c3c(F)cccc3F,-3.701,29,-0.12762068965517243
O=P([O-])([O-])OP(=O)([O-])SC/C=C(\C)CCCN[C@H]1[C@@H]([C@@H]12)COC2,-3.701,23,-0.16091304347826088
Cc1cccc(c1)N2CCN(CC2)c(cc3)nc(c34)sc(n4)NC(=O)C5CC5,-3.701,28,-0.13217857142857142
CCN(C1=O)c2ccc(c(c2c13)ccc3)S(=O)(=O)CCCc4ccccc4,-3.7,27,-0.13703703703703704
CCCCn1cc(nn1)CNc2cc(NC)[nH+]c(n2)N,-3.699,20,-0.18495
Cc1ccc(c(C)c1)NC(=O)c(cc2)cc(c23)N([C@H](C)C(=O)N3C)[C@H]4CCCC[NH2+]4,-3.699,30,-0.12329999999999999
Cc1nn(C)c(C)c1CN(C)c2nc([nH+]c(n2)N3CCC3)N(C)CCC(=O)NC4CC4,-3.698,31,-0.11929032258064516
CCCCCCCCCCCCCCC[C@@H](O)[C@H](CO)Nn1nccn1,-3.698,26,-0.14223076923076922
N#Cc1c(=O)[n-]c(cc1[S@](=O)C)-c2cccc(c2)CC(=O)NCC[NH3+],-3.697,25,-0.14788
CNc1cc(nc(N)[nH+]1)N2CCN(CC2)c3c(-c4ccccc4)[nH+]cn3Cc5ccc(Cl)cc5,-3.696,34,-0.10870588235294118
N#CCCCCCCCCCCOC(=O)[C@H](O)CO,-3.695,19,-0.1944736842105263
CC[N@H+]1CC[C@@H](CC1)CC(=O)NC(C(C)C)C(C)C,-3.695,19,-0.1944736842105263
C1COCCN1c(o2)cc(=O)c(c23)scc3-c4ccc(c(F)c4)N5CCSCC5,-3.695,29,-0.12741379310344828
CC(C)(C)ON[C@H](C)c1nc[nH]n1,-3.695,13,-0.28423076923076923
CNc1cc([nH+]c(n1)N)N2CCN(CC2)c(ccc3C(F)(F)F)c(c34)CC[C@H]4O,-3.695,29,-0.12741379310344828
Cc1ccc(cc1C)-c2ccc(cc2)NS(=O)(=O)C,-3.695,19,-0.1944736842105263
CCNC(=O)c1ccc(c(c1)-c2cn(C)nn2)-c3ccc(B(O)O)cc3,-3.694,26,-0.14207692307692307
CC[NH+]1CCN(CC1)NCCCOC,-3.694,14,-0.26385714285714285
CC(=O)N1CCC[C@H](C1)Cn(c(c23)ccc(Br)c3)c(n2)-c4cccc(F)n4,-3.694,27,-0.1368148148148148
Cc1cc(OC)cc(c12)c(c3c(n2)[nH]nc3C)Cc4cccc(C)c4,-3.694,25,-0.14776
C[NH2+]Cc1cccc(c1)CS(=O)(=O)c(cc2)cc(c23)scn3,-3.693,22,-0.16786363636363635
CC[C@@](C)(C(=O)[O-])n(cn1)c(c12)ncnc2N,-3.692,17,-0.2171764705882353
CCCn(c1=O)c(=O)n(CCC)c(c12)nc([nH]2)-c3ccc(cc3)Nc4ccc(N)cc4,-3.692,31,-0.11909677419354839
C1CCCCN1c2nc(N)nc(c2CC)-c3cccc(c3F)-c(ccn4)c(c45)[nH]cn5,-3.691,31,-0.11906451612903225
O=S1(=O)C(F)(F)[C@H](O)c(c12)c(C(F)F)c(cc2)[C@H]3CCOC3,-3.691,22,-0.16777272727272727
c1cccc(c12)c(on2)C(=O)N3CCS[C@@H](CC3)c4cccs4,-3.689,23,-0.16039130434782609
COc1cc(OC)cc(c12)[nH]c(nc2=O)-c(cn(C)c3=O)c(c34)O/C(C4)=c5\cnc([nH]5)=C6CCC6,-3.689,35,-0.10540000000000001
C1C[NH2+]CCC1c2cn(C)c(=O)c(c23)cc(o3)-c4c[nH]c[nH+]4,-3.688,22,-0.16763636363636364
COc1ccc(cc1)Cc2nnc([nH]2)-c3ccccc3,-3.688,20,-0.1844
c1cc(F)ccc1CC(=O)N2CCN(CC2)C(c3ccccc3)c4ccccc4,-3.688,29,-0.12717241379310346
n1ccccc1N(C)CCN[C@H](Cc(c[nH]2)c(c23)cccc3)C(=O)Nc4ccncc4,-3.688,31,-0.11896774193548387
OCCOC[NH2+]C1CCN(CC1)c2ccccn2,-3.687,18,-0.2048333333333333
FC(F)(F)c1ccncc1C(=O)Nc2ccccc2F,-3.687,20,-0.18434999999999999
COc1cc(cc(c1)OC)NC(=O)N(Cc2ccccc2)C(=O)N3CCN(C(C)C)CC3,-3.685,32,-0.11515625
COC(=O)c1ccccc1S(=O)(=O)[C@@H](C2CC2)CS(=O)(=O)C(C)(C)C,-3.685,25,-0.1474
N#Cc(c(N)[nH]1)c(c12)cc(cc2)-c3n[nH]c(n3)-c4ccccc4,-3.685,23,-0.16021739130434784
Cc1[nH]nc(C2CC2)c1S(=O)(=O)c3cccs3,-3.684,17,-0.2167058823529412
c1cc(F)cc(c12)c(C(=O)[N-]S(=O)(=O)C)c(N)c(n2)S(=O)(=O)C3CCCCC3,-3.683,28,-0.13153571428571428
Cc1ccc(cc1)[C@H](C)Nc(cc2)cc(c23)N([C@@H](C)C(=O)N3C)c4ncccn4,-3.683,29,-0.127
CS(=O)(=O)Nc1ccc(cc1)[C@H]2CCC(=O)NC2=O,-3.683,19,-0.1938421052631579
[O-][NH2+]c1ccco1,-3.683,7,-0.5261428571428571
C1CCn(c12)c(c[nH+]2)N[C@H](C)c3ccc(cc3)-c4cc(F)cnc4Cl,-3.682,25,-0.14728
C[N@H+]1CC[C@@H](CC1)Nc2cnn(C)c2,-3.682,14,-0.263
CSc1ccc(cc1)C(=O)N2CC[C@@H](C2)N(C)CCC[NH+](C)C,-3.682,23,-0.16008695652173913
Cc1ncsc1-c2ccc(cc2)CNNCCN3CCOCC3,-3.682,23,-0.16008695652173913
[NH3+]CCNc1cn(C)c(=O)c(c12)cc(o2)-c3c[nH]cn3,-3.681,20,-0.18405
Brc1ccc(cc1)-c2ncn(C3CC[NH2+]CC3)c2-c4ccn[nH]4,-3.681,23,-0.16004347826086956
CNc1cc(nc(N)[nH+]1)N2CCN(CC2)N[C@H](C(=O)[O-])Cc(c[nH]3)c(c34)cccc4,-3.679,30,-0.12263333333333333
CCN1CCN(CC1)Cc2ccc(cc2C(F)(F)F)NNc3cccc(c3)N4CCCC4=O,-3.679,33,-0.11148484848484848
CS(=O)(=O)NCCCc1ccc(cc1OC)CNCCc(n2)[nH]c(c23)cccc3,-3.679,29,-0.12686206896551724
c1ccccc1[C@@H]([NH+]2CCCC2)C3CCOCC3,-3.679,18,-0.20438888888888887
CN(C)c1ccc(cc1)N(Cc2cc(Cl)cs2)N3CCC([N+](C)(C)C)CC3,-3.679,27,-0.13625925925925925
Cc1[nH+]n(C)c(C)c1CN(C)c2nc(nc(n2)N3CCC3)N(C)CCC(=O)NC4CC4,-3.678,31,-0.11864516129032258
C[NH2+]Cc1cc(nn1C)NCC2([NH3+])CCCCC2,-3.678,18,-0.20433333333333334
c1ccccc1C(=O)CC(\C)=[NH+]/[C@H](C(=O)[O-])Cc2ccc(cc2)N3CCC(O)CC3,-3.678,30,-0.1226
C[C@@H](O)c1ccc(cc1)Cn2cc(ccc2=O)CCCNC(=O)c3ccc(S(=O)=O)cc3,-3.678,32,-0.1149375
CCc1cccc(C)c1NC(=O)c2cnccc2C(F)(F)F,-3.678,22,-0.16718181818181818
O=C(N1)C(C)(C)Oc(c12)cc(c(c2)OC)NN3CCN(C)C(=O)[C@H]3C,-3.677,25,-0.14708
CCCCC(=O)OC[C@H](CO)CCC1OCCO1,-3.677,18,-0.20427777777777778
C1CCCCC1c([nH]2)nc(c23)n(c(=O)n(c3=O)CCC)CCCNc4cccc(c4)N5C=CCC5=O,-3.677,36,-0.10213888888888889
COC1=C(OC)C(=O)C(=C(C)C1=O)CC/N=C/c2c(C)nn(c2C)-c3ccccc3,-3.677,30,-0.12256666666666667
O=C([O-])Cc1cccc(c1)-c2noc(-c3ccccc3)c2C(=O)NCCN(CCO4)[C@@H]([C@H]45)CCC5,-3.676,35,-0.10502857142857143
CCNC(=O)c(c1)[nH]c(c12)c(=O)n(C)cc2C(=O)c3cc(c[n-]3)C(=O)c4c(Cl)cccc4Cl,-3.675,33,-0.11136363636363636
Cc1noc(C)c1-c2ccc(cc2)-c3ccno3,-3.674,18,-0.2041111111111111
CS(=O)(=O)C(=O)c1ccc(cc1)-c2ccccc2F,-3.674,19,-0.19336842105263158
Cc1noc(C)c1S(=O)(=O)c2cc(ccc2Cl)OCc([nH]n3)c(c34)cccn4,-3.674,28,-0.1312142857142857
CCOC(=O)Cc1nc(cs1)Nc(cc2)cc(c23)N(C4CC4)C(C)(C)C(=O)N3C,-3.674,29,-0.1266896551724138
COC(=O)CC(=O)NCCCNCc1ccc(c(Cl)c1)NC2CCCC2,-3.673,26,-0.14126923076923076
O=P([O-])(O)OP(=O)([O-])SC/C=C(\C)CCC[NH2+][C@H]1[C@@H]([C@@H]12)COC2,-3.672,23,-0.15965217391304348
COc1cc(=O)n(C)nc1-c2ccc(C(=O)Nc3ccccc3C(=O)[O-])cc2Oc4ccccc4,-3.671,35,-0.10488571428571428
CC(C)[C@H](CO)[NH2+]C(C)(C)CO,-3.671,12,-0.30591666666666667
COc(cc1)cc(c12)c(CCC(=O)[O-])cn2C(=O)c3cnn(C)c3C,-3.67,25,-0.14679999999999999
n1cccc(c12)c(n[nH]2)C[NH+]3CCCCC3,-3.67,16,-0.229375
C[C@@H]1CC[N+](CC1)=c(cc2O)oc(c23)c(c(O)cc3O)[C@H]4CC[N@H+](C)C[C@H]4O,-3.669,28,-0.13103571428571428
CC(C)c1cccc(C(C)C)c1NC2CCN(C(N)=[NH2+])CC2,-3.669,22,-0.16677272727272727
CCCCC(=O)OC[C@H](CO)Oc1cc(ccc1Cl)OC[C@H](O)CNC,-3.668,26,-0.14107692307692307
[nH+]1ccccc1N2CCC(CC2)Nc(cnc3)c(c34)cccc4,-3.668,23,-0.15947826086956524
c1ccc(C)c(c12)nc([nH]2)CC[NH2+]Cc3ccc(c(Cl)c3)-c4n[nH]c(n4)-c5ccc(F)cc5,-3.668,33,-0.11115151515151515
Fc1ccc(cc1)-c2ncn(C3CC[NH2+]CC3)c2-c4ccnc(n4)-c5cc[nH]n5,-3.668,29,-0.12648275862068967
CC(C)Cn1ncc(Cl)c1C(=O)Nc(cc2)cc(c23)[nH]c(n3)-c4ccc(S(=O)(=O)N)cc4,-3.666,32,-0.1145625
O=C([O-])c(c1)cccc1NC(=O)CCNC(=O)CC[NH2+]Cc2ccc(c(Cl)c2)-c3ccno3,-3.665,33,-0.11106060606060607
C[C@@H]1C(=O)N(C)CCN1c(oc2C)[nH+]c2CC[C@H](O)c3ccc(cc3)C[C@@H]4SC(=O)[N-]C4=O,-3.664,33,-0.11103030303030303
CN1CCN(CC1)c2cc(F)ccc2F,-3.664,15,-0.2442666666666667
n1nc(C)n(c12)cc(nc2NC(C)C)-c(ccc3C(F)(F)F)c(c34)CC[C@H]4O,-3.664,28,-0.13085714285714287
c1cccc(c12)c(c[nH]2)C[C@H]([NH3+])C(=O)NC3CCN(CC3)N(C4=O)C(=O)N([C@H]45)CC[C@H]5O,-3.663,32,-0.11446875
CC(O1)(C)C(=O)Nc(c12)cc([O-])c(c2)[NH2+]CC/C=C/C/C=C/C=C/[C@H](O)CCCC(=O)[O-],-3.662,32,-0.1144375
CC(C)OC(=O)n1cncn1,-3.661,11,-0.33281818181818185
CC(=O)NCCC(=O)Nc(c(n12)nnc2C)cc(n1)-c3ccc(C)c(c3)-c4cc(F)cnc4Cl,-3.661,34,-0.10767647058823529
c1cccc(c12)[N-]C(=CS2)c3[nH+]cc[nH]3,-3.661,15,-0.24406666666666668
Cc1[nH+]n(C)c(C)c1[N-]S(=O)(=O)c2ccc(nc2)NCCc3ccn(n3)C,-3.66,27,-0.13555555555555557
C/C=C/CCCCCCCC(=O)O[C@H](COP(=O)([O-])[O-])Cc1ccc(Br)cc1,-3.66,28,-0.13071428571428573
Cc1cc(OC)cc(c12)c(c3c(n2)[nH]nc3C)CN4CCC(CC4)N5CCCOC5=O,-3.659,31,-0.11803225806451613
Cc1ccccc1CC(=O)N2CCN(CC2)/N=C/c3c(C)nn(c3C)-c4ccccc4,-3.658,31,-0.118
COc1cc(OC)c(cc1C)C(=O)[C@H](C(C)C)NC(=O)C2CCCCC2,-3.658,26,-0.1406923076923077
CCOC(=O)Cc1nc(cs1)-c2ccc(cc2)S(=O)(=O)c3cn[nH]c3,-3.657,25,-0.14628
O=C1NC(=O)N(C1(C)C)n(nc2C)c(C)c2/C=N/N3CCN(CC3)Cc4ccccc4,-3.656,31,-0.11793548387096775
CSc1ccc(cc1)C(=O)N2CCC(CC2)NC(=O)[C@@H]([NH3+])Cc(c[nH]3)c(c34)cccc4,-3.656,31,-0.11793548387096775
NC(=O)[C@@H](C)N1CCCCC1,-3.655,11,-0.3322727272727273
CC[NH+]1CCN(CC1)c2cc(Cl)ccc2C,-3.655,16,-0.2284375
COC(=O)CC(=O)c(cn(C)c1=O)c(c12)oc(c2)-c3c[nH+]c([nH]3)C4CCC4,-3.653,27,-0.1352962962962963
C[NH+](C)CCN1CC[C@H](C1)NS(=O)(=O)C,-3.653,15,-0.24353333333333332
CC(C)(C)c1ccc(cc1)-c2ccc(S(=O)(=O)N)cc2CC[NH3+],-3.653,23,-0.15882608695652173
CC(=O)N[C@H]1CCN(C1)c2ccc(cc2F)C3=NO[C@@H](C3)CN4CCC[C@H]([NH3+])C4,-3.653,29,-0.1259655172413793
O=C[C@@H]1CCCN1NC2CCN(CC2)c3cccc[nH+]3,-3.653,20,-0.18265
C1CCCC1(CC(=O)[O-])CC(=O)c(cs2)c(c23)oc(cc3=O)N4CCOCC4,-3.652,28,-0.13042857142857142
C[C@@H]1C(=O)N(C)CCN1c(oc2C)nc2CC[C@H](O)c3ccc(cc3)C[C@@H]4SC(=O)NC4=O,-3.652,33,-0.11066666666666668
CCN(C(=O)C1)c(c12)ccc(c2)N3CCC(CC3)N4CCCOC4=O,-3.652,25,-0.14608000000000002
CCOC(=O)c1csc(n1)-c2ccnc(c2)N3CC[NH2+]CC3,-3.652,22,-0.166
COc(c(Cl)c1)ccc1CCc([nH+]c(c23)cc(cc2)NCC)n3C[C@H](C)[NH+]4CCOCC4,-3.651,32,-0.11409375
CO[C@@H](C)Cn1cc(cn1)-c(c(n2)C)n(c23)ccnc3-c4ccc(=O)n(c4)Cc5ccc([C@@H](C)O)cc5,-3.651,37,-0.09867567567567567
CC[C@H](C)[C@H]([NH3+])C(=O)NC(=S)NCc1ccco1,-3.651,18,-0.2028333333333333
c1ccc(OC)c(c12)[nH]c(n2)CCc(cc3)cc(c34)OC(C)(C)C(=O)N4,-3.65,26,-0.14038461538461539
C1COCCN1[C@@H](C)Cc2noc(n2)C3CCN(CC3)C(=O)Cc4ccccc4,-3.65,29,-0.12586206896551724
C1CC[C@H]([C@@H]12)N(CCO2)C(=O)[C@H](C(C)C)NC(=O)C3CCCCC3,-3.65,24,-0.15208333333333332
COC(=O)N(CC1)CCC12CN(C2)c3nc(CCC[NH+](C)C)nc(c3C)-c4c(C)noc4C,-3.65,33,-0.1106060606060606
CC(C)(C)c1ccc(cc1)-c2ccccc2CO,-3.649,18,-0.20272222222222222
Cc1noc(c12)nc(C)nc2C(=O)CCC3c(ccc(c4)O)c4Oc(c35)cc(O)cc5,-3.649,31,-0.11770967741935484
CCn(cn1)c(c12)c(=O)[nH]c(=O)n2-c3cccc(Cl)c3,-3.649,20,-0.18245
FC(F)(F)c(c1)scc1-n(c2=O)c(=O)n(C)c(c23)ccc(c3)C(=O)C4=C([O-])CCCC4=O,-3.649,32,-0.11403125
CC(C)C[C@H]([NH3+])C(=O)Nc(c(c12)CN(S(=O)(=O)C)CC2)nn1CCC[NH+]3CCOCC3,-3.648,31,-0.11767741935483872
c1cccc(c12)c(CC(C)(C)O)[nH+]c(n2)Nc3ccc(F)c(Cl)c3,-3.648,24,-0.152
Fc1cc(F)ccc1Oc(ccc2NS(=O)(=O)CC)c(c2)C(=O)c3ccccc3[N+](=O)[O-],-3.648,32,-0.114
CC(C)(C)c(cc1)ccc1S(=O)(=O)c(c2C)nnn2Nc3ccc(Cl)cc3,-3.647,27,-0.13507407407407407
Cc1ccc(cc1)-c(nnc2C)c(c23)cc(nc3)N4CCOCC4,-3.647,24,-0.15195833333333333
c1cc(C(F)(F)F)cc(c12)n(CC)c([nH+]2)[C@@H](C)NS(=O)(=O)c3ccc(Cl)cc3,-3.647,28,-0.13025
O=C([O-])C[C@H](C)CCCOc1ccccc1CN(CC2)CCC23Oc4c(O3)cccc4,-3.647,31,-0.11764516129032257
Cc1cc[nH+]c(c1)CCCCCC(=O)COc2cccc(F)c2,-3.647,23,-0.15856521739130433
COc1cccc(c1)-c2cccc(c2)CCC[C@H](P(=O)([O-])[O-])S(=O)(=O)[O-],-3.646,26,-0.14023076923076921
CC1(C)C(=O)N=C(O)N1Nc(cc2)cc(n23)nc(c3)-c4ccccc4,-3.646,25,-0.14584
Cc(c1)c(C)cc(c12)n(c3c(n2)c(=O)[nH]c(=O)n3)CC#C[Si](C)(C)C,-3.646,25,-0.14584
n1cnc(N)c(c12)ncn2[C@@H]3CCCC[C@@H]3[C@H](O)C4CCCCC4,-3.645,24,-0.151875
O=C([O-])c(c1)cccc1-c(nc2N)cc(n2)N3CCOCC3,-3.645,22,-0.16568181818181818
O=C1NC(=O)[C@@H](S1)Cc2ccc(cc2)-c3cccc(Cl)c3,-3.645,21,-0.17357142857142857
CCOC(=O)c1csc(n1)Cc2ccccn2,-3.644,17,-0.2143529411764706
CCc(nn1)n(c12)nc(cc2)N3CC[NH2+]CC3,-3.643,17,-0.2142941176470588
Cc1[nH+]n(C)c(C)c1CN(C)c2nc([C@H]3CCCC[NH2+]3)nc(n2)N(C)CCC(=O)NC4CC4,-3.643,33,-0.11039393939393939
Clc1ncc(F)cc1[C@H](C)c2cccc(c2)-c3cn[nH]c3,-3.643,21,-0.17347619047619048
O=c1n(C)cc(cc1C)-c(cc2)cc(c23)n(c(n3)C4CCOCC4)CC[C@@H]5CC[N@@H+](C5)CCN(C)C,-3.643,36,-0.10119444444444443
Fc(c1)cccc1OCC(=O)NCCCNCc2ccc(c(Cl)c2)-c3ccccc3,-3.642,30,-0.1214
Cc1ccccc1CC(=O)N2CCC(CC2)c3nc(no3)-c4cccs4,-3.642,26,-0.14007692307692307
n1cc(O)cn1S(=O)(=O)c(cc2)cc(c23)C[NH2+]CC3,-3.641,19,-0.19163157894736843
CC(C)(C)S(=O)(=O)C[C@H](C1CC1)c2cc(CO)ccc2F,-3.641,21,-0.17338095238095239
O=C[C@@H]1CCCN1Nc2ccncc2,-3.641,14,-0.26007142857142856
c1cccc(c12)nc(s2)CCc3c[nH]cn3,-3.64,16,-0.2275
c1ccccc1C(=O)c2ccccc2-c3ccccc3OCCn4ccc(=O)[nH]c4=O,-3.64,31,-0.11741935483870967
c1cc(F)ccc1CC(=O)c2ccc(cc2OC)CNCCc(n3)[nH]c(c34)cccc4,-3.639,31,-0.11738709677419354
CC(C)CCc1ccc(cc1)N2CCN(C)CC2,-3.639,18,-0.20216666666666666
C1CC1[C@@H](C)Nc(nc(n2)C(=O)[O-])c(c23)n(NCCC)c(n3)-c(cc4)cc(c45)ccs5,-3.638,31,-0.11735483870967742
c1ccccc1Oc2cccc(c2)Cc(cn3)n(c34)CCC4,-3.637,22,-0.1653181818181818
CO/C([O-])=C/C(=O)S(=O)(=O)c1c(C)nn(C)c1Cl,-3.635,18,-0.20194444444444443
O=c1[nH]c(=O)n(cc1C)[C@H]2CCC[N@H+](C2)Cc3cccc(c3)NCc4ccc(cc4)N5CCCCC5,-3.634,36,-0.10094444444444445
C1CCCCN1c(c2CC)nc(N)nc2N3CCN(C)C(=O)[C@H]3C,-3.634,24,-0.15141666666666667
CCCCCCC(=O)[C@@H]1O[C@@H]([C@@H](O)[C@H]1O)C[S+](C)CC[C@H](N)C(=O)[O-],-3.634,25,-0.14536
c1cc(F)ccc1-c(n2)c(CC(=O)[O-])c(n23)ccnc3N4CCC(O)CC4,-3.634,27,-0.1345925925925926
C1CC1S(=O)(=O)[C@@H](CC)CS(=O)(=O)C(C)(C)C,-3.634,17,-0.21376470588235294
FC(F)(F)CS(=O)(=O)c(c(c1)C(=O)N)cc(c12)c(ccn2)O[C@@H]3CCC[NH2+]C3,-3.633,28,-0.12975
CC(C)Cn1ncc(Cl)c1C(=O)Nc(cc2)cc(c23)[nH]c([nH+]3)-c4ccc(S(=O)(=O)N)cc4,-3.633,32,-0.11353125
c1ncccc1[C@@H](N2CC[NH2+]CC2)C(=O)NC3CCCCC3,-3.632,22,-0.1650909090909091
N#Cc1c(=O)[nH]c(cc1[S@](=O)C)N2CCC(=O)CC2,-3.632,19,-0.1911578947368421
COc(cc1)cc(c12)[nH]c(n2)CCC[C@](O)(Cn3cncn3)c4ccc(F)cc4F,-3.631,30,-0.12103333333333333
O=C([O-])[C@@H](C)[C@@H](C)C(=O)[O-],-3.631,10,-0.3631
CCCC(=O)c1c(C)nnn1C,-3.631,12,-0.3025833333333333
CNc1cc(nc(n1)N)-c2[nH]nc(C#N)c2C,-3.631,17,-0.21358823529411763
C/C=C/CCCCCCCC(=O)O[C@H](COP(=O)([O-])[O-])/C=C(\[N-]1)CSc(c12)cccc2,-3.63,31,-0.11709677419354839
n1cccc(c12)c([nH]n2)Cn(ccc3C)c(=O)c3[C@@H]4CCC[NH2+]C4,-3.63,24,-0.15125
Cc1ccc(cc1)S(=O)(=O)c2c(C)ccn(c2=O)Cc(n[nH]3)c(c34)cccn4,-3.63,28,-0.12964285714285714
CC(=O)N1CCC(CC1)CC(=O)[C@H](CO)NC(=O)CCCCCCCCCO,-3.63,28,-0.12964285714285714
NC(=O)c1ncc(cn1)C(=N2)CSc(c23)cccc3,-3.629,19,-0.191
CCNC(=O)c1ccc(c(c1)-c2cn(C)nn2)-c3cccc(n3)-c4c(C)nnn4C5CC[NH2+]CC5,-3.629,35,-0.10368571428571428
CCCCCCCCCCCCC(=O)OC[C@@H](COP(=O)([O-])[O-])Oc1ccccc1C,-3.629,31,-0.11706451612903226
C1CC1[C@@H](C)[NH2+]CCO,-3.629,9,-0.4032222222222222
c1ccccc1[C@H](N(C)C2=O)c(c23)cc(cc3)NCC4([NH3+])CCCCC4,-3.628,26,-0.13953846153846156
CN1C(=O)[C@H](C)N(C2CC2)c(c13)cc(cc3)N4CCN(C)C(=O)[C@H]4C,-3.628,25,-0.14512
CNc1cc([nH+]c(n1)N)N2CCN(CC2)c3ccnc([nH+]3)Nc4cc(C)cc(C)c4,-3.627,30,-0.1209
Cc1nc(cs1)NNC(=O)c2cc(C(C)(C)N)cc(n2)-c3ccc(F)cc3,-3.627,27,-0.13433333333333333
CCOc1ccccc1-c2ccc(cc2)-c3cc([S@](=O)C)c(C#N)c(=O)[n-]3,-3.626,27,-0.1342962962962963
[NH3+]CCOP(=O)([O-])OC[C@@H](COC(=O)CCC)Oc1ccccc1C[NH2+]C,-3.626,27,-0.1342962962962963
C[Si](C)(C)C#CCNc1ccc([NH3+])cc1,-3.626,15,-0.24173333333333333
O=C([O-])[C@H]1CC[C@@H](CC1)Cn2cnc(n2)OCc3ccccc3,-3.625,23,-0.15760869565217392
C[C@@H]1C(=O)N(C)CCN1CCOc2ccc(cc2)C3CCN(CC3)c4cc[nH+]cc4,-3.624,30,-0.1208
c1ccc(C(N)=[NH2+])c(c12)oc(cc2O)=[N+]3CCOCC3,-3.624,20,-0.1812
C[C@@H]1C(=O)N(C)CC[N@H+]1CCc(nc(c23)n(cn2)C(C)C)nc3Nc4ccc(C(=O)[O-])c(Cl)c4,-3.624,34,-0.10658823529411765
C1CC1Nc([nH+]c(n2)N)cc2Nc(c(C#N)c3)cc(n34)nc(c4)-c5ccccc5,-3.623,29,-0.12493103448275863
CCCCCC(=O)c(ncc1)n(c12)nc(c2-c(cc3)cc(c3=4)=CC(=O)N4)-c5ccc(F)cc5,-3.623,33,-0.1097878787878788
c1cccc(c12)c(c[nH]2)C[C@H](C(=O)[O-])NS(=O)(=O)c3ccc(cc3)Cc4ccccn4,-3.623,31,-0.11687096774193549
COc1cccc(c1)CC(=[NH2+])NC(=O)c2cc(Cl)ccc2S(=O)(=O)c3ccc(F)c(C)c3,-3.623,32,-0.11321875
c1ccccc1[C@H](N(C)C2=O)c(c23)cc(cc3)CC(C)(C)C,-3.622,22,-0.16463636363636364
c1cc(C)cc(c12)nc([nH]2)CC[NH2+]CCCNC(=O)c3ccc(F)cc3,-3.622,26,-0.1393076923076923
Cc(n1)sc(c12)ccc(c2)-c(cc3)cc(c34)C=CN(C)C(=O)[C@@H]4C,-3.62,24,-0.15083333333333335
c1nccn(c12)c(NC(C)(C)C)c(n2)-c3ccc(cc3)-c(ncn4)c(c45)cc[nH]5,-3.619,29,-0.12479310344827586
Cc1nnc(n12)c(NC)nc(c2)-c(cc3)cc(c34)oc(c4CC(=O)[O-])-c5cccc(c5)OC,-3.618,33,-0.10963636363636363
O=c1[n-]ncn(c12)c(cc2C)-c3n(nnc3C)C4CCN(CC4)CC[NH+](C)C,-3.618,28,-0.1292142857142857
CCOC(=O)CCNN(C)c1ccc(C)cc1,-3.617,17,-0.21276470588235294
OCCCn1ccc(c12)cc(cc2)C(=O)NCc3ccc(cc3C(F)(F)F)[N-]S(=O)(=O)C4CC4,-3.617,34,-0.10638235294117647
CCCC(=O)C(=O)CCc(c(c12)cc(cc2)OC)cn1S(=O)(=O)c3ccc(OC)cc3,-3.616,31,-0.11664516129032258
CCCCCCCCNc1ccc(cn1)S(=O)(=O)[N-]c2c(C)nn(C)c2C,-3.614,27,-0.13385185185185186
c1cc(Br)ccc1CNc(c2)c(ccc2C(=O)[O-])N3CCC(CC3)N4CCCOC4=O,-3.614,31,-0.11658064516129032
O=C1[N-]C(=O)[C@@H](S1)Cc2ccc(cc2)S(=O)(=O)CC(F)(F)F,-3.613,22,-0.16422727272727272
CC(C)S(=O)(=O)C(=O)c1ccc(cc1)-c2ccccc2,-3.613,20,-0.18065
N#CCCN(C)c(c(c12)cc(Br)cc2)nc([nH+]1)NCCc3cc[nH+]cc3,-3.613,26,-0.13896153846153847
N1CCCC[C@@H]1[N@H+](C)CCN2CCC([N+](C)(C)C)CC2,-3.612,20,-0.1806
O=C([O-])CCCCCc(nc1N)cc(n1)N2CCCCC2,-3.612,21,-0.17200000000000001
c1cc(C)cc(c12)c(c[nH]2)Cc3cccc(c3)CN4CCC[C@@H](C4)n5cc(C)c(=O)[nH]c5=O,-3.612,33,-0.10945454545454546
CC[C@H](C)[C@H](N)C(=O)N1CCSCC1,-3.611,14,-0.25792857142857145
c1cccn1-c2cn(C)c(=O)c(c23)cc(o3)-c4cnc([nH]4)C5CCC5,-3.61,25,-0.1444
O=C1C=CCN1c2cccc(c2)[C@@H](C3CC3)CS(=O)(=O)N4CCCC4,-3.61,25,-0.1444
COC1=C(OC)C(=O)C(=C(C)C1=O)C/C=C(/C)CCC[C@H]2CC[N@H+](C2)CC[NH3+],-3.61,28,-0.12892857142857142
O=C1[N-]C(=O)[C@@H](S1)Cc(c(c23)scc3)ccc2NCCO,-3.609,21,-0.17185714285714285
Cc1cc(N)nc(c1)C[C@@H]2C[NH2+]C[C@@H]2Nc(c3)c(C#N)cn(c34)cc(n4)-c5ccccc5,-3.609,32,-0.11278125
CC(C)C[C@H](N)C(=O)NNCC[NH3+],-3.608,13,-0.27753846153846157
C[C@H]1CC[C@@H](CC1)CNCc2ccccn2,-3.608,16,-0.2255
C[C@H]1CNCCC[N@@H+]1[C@@H]2O[C@@H]([C@@H](O)[C@H]2O)C[S+](C)CC[C@H]([NH3+])C(=O)[O-],-3.608,25,-0.14432
CC(O1)(C)C(=O)Nc(c12)ccc(c2)CCCN3CCOCC3,-3.607,22,-0.16395454545454546
s1nncc1C(=O)N2CCS[C@@H](CC2)c3cccs3,-3.607,19,-0.1898421052631579
OCCOc1c(C)cc(cc1C)-c(cc(Cl)c2)c(c23)O[C@H](C3)C(=O)N4CC[NH2+]CC4,-3.606,30,-0.1202
n1cccnc1-c2c(Cl)cc(cc2Cl)CNCCc(n3)[nH]c(c34)cccc4,-3.606,27,-0.13355555555555554
COC(=O)CC(=O)NCCCS(=O)(=O)c1ccc(nc1)NCC[NH+]2CCN(C)CC2,-3.606,30,-0.1202
O=C1NC(=O)[C@@H](S1)Cc(c(c23)scc3)ccc2NCCO,-3.606,21,-0.1717142857142857
CCn1c(=O)[n-]c(=O)c(c12)[C@H](c3ccc(C)cc3)C4=C(N2)CN(C4=O)N5CC[NH2+]CC5,-3.605,31,-0.11629032258064516
CCCCCC[C@@H](C)NC(=O)[C@@H](N)CO,-3.605,15,-0.24033333333333334
n1nc(C)n2nc(S(=O)(=O)C3CC3)c(c4c12)cccc4,-3.604,20,-0.1802
Nc1ccccc1C(=O)C[C@H](N)C(=O)C(=O)NCCC(c2ccccc2)c3ccccc3,-3.604,32,-0.112625
C=CC1=C(C)C(=O)N[C@@H]1c2ccc(cc2C[NH3+])-c(cc3)cc(c34)[nH+]c(N)cc4C,-3.603,29,-0.12424137931034483
Brc1ccc(cc1)/C=C/C[NH2+]CCNNCC[NH+]2CCOCC2,-3.603,23,-0.15665217391304348
C1COCCN1c(o2)cc(=O)c(c23)scc3-c(cc4)cc(c45)nccc5,-3.602,26,-0.13853846153846153
Fc1ccc(cc1)-c2ncn(C3CC[NH2+]CC3)c2-c4cn[nH]c4,-3.602,23,-0.15660869565217392
C[C@H]1COC(=N1)c2ccc(c(Cl)c2)-c(cn(C)c3=O)c(c34)O/C(C4)=c5\cnc([nH]5)=C6CCC6,-3.602,33,-0.10915151515151515
COc1ccc(cc1OC)[C@H]2CCN(C2)S(=O)(=O)C,-3.602,19,-0.18957894736842104
OCCOc1ccccc1N2CCN(CC2)Nc3ccncc3,-3.601,23,-0.15656521739130436
CCC(=O)CCCCCC(=O)[O-],-3.601,12,-0.3000833333333333
Cc1cccc(c1)N2CC[NH+](CC2)CCCCCCCCC(=O)[O-],-3.6,24,-0.15
COc1ccc(Br)cc1S(=O)(=O)CCC(F)(F)F,-3.6,18,-0.2
[nH]1cc[nH+]c1CCc(c(c23)ccc(Cl)c3)c([nH]2)C(=O)NCC[NH+]4CCOCC4,-3.599,28,-0.12853571428571428
COc(c1)c(OC)cc(c12)CN(CC2)c(nc(c34)cccc4)nc3N[C@H](C)C5CC5,-3.599,30,-0.11996666666666668
CC/C=C/CCNc(cc1)cc(c12)n(nn2)C,-3.598,17,-0.2116470588235294
O=C([O-])CCCCCCC[C@H](O)Cc1cnc[nH]1,-3.597,18,-0.19983333333333334
COc1cccc(c1)-c2ccc(c(F)c2)NC(=O)c3ccsc3C(=O)n4cc(C)c(=O)[n-]c4=O,-3.595,34,-0.10573529411764707
CN1CC[NH+](CC1)c2ccc(cc2)NCCC3CCCCC3,-3.594,22,-0.16336363636363635
o1cccc1-n(c2)ncc2-c(c(n3)C)n(c34)ccnc4N5CCOCC5,-3.594,26,-0.1382307692307692
CCCCCCCCC(=O)n(c(n1)SCCC(=O)[O-])c(c12)cccc2,-3.593,25,-0.14372
COc1cc(OC)cc(c12)[nH]c(nc2=O)C3C=C3,-3.592,18,-0.19955555555555557
CN1CCN(CC1)c(c2)[nH]c3c(ccc(c3c24)n(C)c4O)Nc5ccc(C(C)(C)C)cc5,-3.592,32,-0.11225
O=Cc1ccccc1/C=N/N=c2\[nH]c(cs2)NCC[NH2+]C/C=C/c3ccc(Br)cc3,-3.592,30,-0.11973333333333333
CN1CCN(CC1)c2ccc(cc2)NCCC3CCCCC3,-3.591,22,-0.16322727272727275
n1cccnc1Nc(c2)c(ccc2S(=O)(=O)C)-c([nH+]c(c34)cccc4)nc3NCc5ccco5,-3.591,34,-0.10561764705882354
COc1ccc(Br)cc1S(=O)(=O)c(ccn2)c(c23)nc[nH]3,-3.591,21,-0.171
N#Cc(c1Cl)ccc(c1C)-n2ccc(=O)c(C(=O)[O-])c2O,-3.59,21,-0.17095238095238094
CC(=O)NCCCNCc1ccc(CC(=O)[O-])c(Cl)c1,-3.589,20,-0.17945
CC(C)C[C@H]([NH3+])C(=O)OC(C)C,-3.589,12,-0.2990833333333333
Cc1noc(C)c1-c2ccc(cc2)CNNc(cc3)cc(c34)CN(C)C(=O)N4,-3.589,28,-0.12817857142857142
CCCCC#Cc(nc1N)nc(c12)n(c(n2)-c3cccs3)-c(cc4)cn(c45)c(nn5)C,-3.589,31,-0.1157741935483871
CCCCCCCC(=O)CC(=O)SCCNC(=O)CC[NH2+]Cc1cncs1,-3.588,27,-0.1328888888888889
CCCCCCCC(=O)C(=O)c1ccc(cc1)C#CCNS(=O)(=O)c2ccccc2,-3.588,30,-0.1196
COCCN(C)c1cc(ncn1)Oc2ccc(OC)cc2,-3.587,21,-0.17080952380952383
Cc1cc[nH+]c(c1)CCCCCc(n2)c(cccc3)c3c(n24)nnc4C,-3.587,26,-0.13796153846153847
C1C[C@@H](C)CC[C@@H]1[C@@H](C)[C@@H]2O[C@@H]([C@@H](O)[C@H]2O)C[S+](C)CC[C@H](N)C(=O)[O-],-3.587,26,-0.13796153846153847
Fc1ccc(F)cc1-c2n(nnc2C)C3CCN(CC3)CC[NH+](C)C,-3.587,25,-0.14348
c1cc(Cl)ccc1N[C@H](CC2)c(c3n(c24)c(C)nn4)cc(cc3)-n(cc5)c(=O)n(c56)ccn6,-3.584,33,-0.10860606060606061
c1ccccc1C[NH2+]NC2CCCCCC2,-3.583,16,-0.2239375
O=C([O-])CNS(=O)(=O)c1c(C)cc(cc1C)NC[C@H](C)N2CCOCC2,-3.583,26,-0.13780769230769233
C[NH2+]Cc1cc(nn1C)-n(cc2CCC(=O)[O-])c(c23)ccc(c3)OC,-3.582,25,-0.14328
c1ccc(C)c(c12)[nH]c(n2)CC[NH2+]Cc3ccc(c(Cl)c3)-c4n[nH]c(n4)-c5ccc(F)cc5,-3.582,33,-0.10854545454545454
O=c1ccc(cn1C)C(=O)NCCCNC(=O)CCNCc2ccc(c(Cl)c2)-c3ccccc3,-3.582,34,-0.10535294117647058
O=C([O-])c1ccc(cc1)CN2CC[NH+](CC2)Cc3ccccc3,-3.582,23,-0.1557391304347826
COc1nc(N(C)C)ncc1C(=O)c2ccc(cc2)-c3ccccc3,-3.581,25,-0.14324
CC(=O)NC[C@H]1CN(C(=O)O1)c2ccc(c(F)c2)CCCCCc3cccc[nH+]3,-3.579,29,-0.12341379310344829
Cc1noc(C)c1-c2ccc(cc2)CNc3cc[nH]n3,-3.578,20,-0.1789
O=C1CC=CN1c2cccc(c2)NO,-3.578,14,-0.25557142857142856
CCCNC(=O)c1c(cnn1C)C(=O)n2nc(C)c(c2C)/C=N/N3CCN(CC3)Cc4ccccc4,-3.578,36,-0.09938888888888889
COC(=O)n(c1=O)c(=O)n(C)c(c12)ccc(c2C)C(=O)C3=C(O)CCCC3=O,-3.577,28,-0.12775
C=CC1=C(C)/C(NC1=O)=C/c2[nH]c(c(c2C)CCC(=O)[O-])CNCCO,-3.577,26,-0.13757692307692307
C[NH+](C)CCC[C@@H]1CCCC[C@@H]1[C@H](O)C2CCCCC2,-3.576,20,-0.17880000000000001
O=C([O-])c1cc(CC)nc(c12)n(nc2C(CC)CC)CCn3ccc(=O)[nH]c3=O,-3.576,29,-0.12331034482758621
CN1C(=O)[C@H](C)N(C2CC2)c(c13)cc(cc3)N4CCC[C@H](O)C4,-3.576,23,-0.15547826086956523
O=C1[N-]C(=O)N(C1(C)C)n(nc2C)c(C)c2/C=N/N3CCN(CC3)Cc4ccccc4,-3.575,31,-0.1153225806451613
c1ccccc1[C@H](N(C)C2=O)c(c23)cc(cc3)C(=O)c4ccsc4C(=O)[O-],-3.575,27,-0.13240740740740742
NCc1cc(Cl)cc(c1Cl)C(=O)CCCCCCCCCO,-3.575,22,-0.1625
[NH3+]CCN1CC[C@@H](C1)n2cnc(-c3ccc(I)cc3)c2N4CCSCC4,-3.574,26,-0.13746153846153847
COc1ccccc1-c2ccc(cc2C)CNCCc(n3)[nH]c(c34)cccc4,-3.574,28,-0.12764285714285714
CC(=O)Nc1ccccc1Oc2nc(ncc2Cl)-c3ccc(cc3)N4CC[NH+](C)CC4,-3.573,31,-0.11525806451612904
c1cc(C)cc(c12)[nH]c(n2)CCc3cc(nc(N)[nH+]3)N4CC[NH+](CC4)C5COC5,-3.572,29,-0.12317241379310345
Cc1ccc(cc1)OCCC[C@@H](O)CCCCCCCC(=O)[O-],-3.572,23,-0.15530434782608696
O=c1ccc(cn1C)C(=O)c(cc2)c(C(F)F)c(c23)[C@@H](O)C(F)(F)S3(=O)=O,-3.572,27,-0.1322962962962963
Cc1[nH+]n(C)c(C)c1[N-]S(=O)(=O)c2ccc(nc2)NCCc3cccc(F)n3,-3.572,28,-0.12757142857142859
C1CCCC1N(n(cc2C)c(=O)[nH]c2=O)Cc3ccccc3OCCCCCC(=O)[O-],-3.572,31,-0.1152258064516129
c1ccc(OC)c(c12)[nH]c(n2)CC[NH2+]Cc3ccc(c(Cl)c3)[C@H]4C[C@@H](C#N)C4,-3.571,28,-0.12753571428571428
O=C([O-])c1c(O)ccn(c1=O)-c2cccc(n2)Oc3cc(Br)ccc3Br,-3.571,26,-0.13734615384615384
CC(C)CCNS(=O)(=O)c1ccc(cc1)C[C@H]2CC[C@H](C)CC2,-3.571,23,-0.1552608695652174
CNC(=O)c1cccc(c1)S(=O)(=O)c2cccc(n2)CN3CCC(CC3)n4cc(C)c(=O)[nH]c4=O,-3.571,35,-0.10202857142857143
Cc1ncsc1-c2ccc(cc2)CNC(=O)[C@@H]([NH3+])CC(C)C,-3.57,22,-0.16227272727272726
CCC(=O)c(o1)c(CC(=O)[O-])c(c12)ccc(c2)-c3cccc(c3)OC,-3.57,25,-0.14279999999999998
C1COCCN1[C@@H](C)Cc2c[nH]cn2,-3.569,14,-0.25492857142857145
O=C[C@@H]1CCCN1c2ccc(cc2Cl)C[NH2+]CCc3c[nH+]c[nH]3,-3.569,23,-0.15517391304347825
COCCNC(=O)c1cnn(C)c1C(=O)Nc(cc2)cc(n23)[nH+]c(c3)-c4ccccc4,-3.569,31,-0.11512903225806452
CCOc1ccccc1-c2ccc(cc2)N3CCC(CC3)NC(=O)[C@@H](N)Cc(c[nH]4)c(c45)cccc5,-3.568,36,-0.09911111111111111
Cc1ncsc1-c(c(n2)C)n(c23)ccnc3N4CCOCC4,-3.568,22,-0.16218181818181818
COCCOc(cs1)c(c12)oc(cc2=O)N3CCOCC3,-3.568,21,-0.16990476190476192
n1nc(C)n2nc(c(c3c12)cccc3)-c4ccc(cc4)-c5ccccc5,-3.567,26,-0.1371923076923077
O[C@H](C1)CCCN1c2cn(C)c(=O)c(c23)cc(o3)-c4c[nH+]c([nH]4)C5CCC5,-3.566,27,-0.13207407407407407
C1CC1C2COC2,-3.566,7,-0.5094285714285715
CCCCCC(=O)c1ccc(C)c(c1)S(=O)(=O)NC2C=C2,-3.566,21,-0.1698095238095238
c1c[nH]c(=O)c(n12)c(C)cc2-c(nc(c34)ccs4)nc3N(C)CCC#N,-3.565,26,-0.1371153846153846
c1cc(F)cc(c12)c(N[C@H](C)C(=O)[O-])c(C#N)c(n2)-c3ccc(cc3)CCOC(F)(F)F,-3.565,32,-0.11140625
Cc1[nH+]n(C)c(C)c1CN(C)c2nc(N(C)CCC(=O)NC3CC3)nc(n2)N4CCC[C@H]4C=O,-3.564,34,-0.1048235294117647
COc(c1)c(OC)cc(c12)c(nc(n2)C)-c(cc3)cc(c34)OC(C)(C)C(=O)N4,-3.563,28,-0.12725
C1COCCC1[C@H](S(=O)(=O)c(cc2C)ccc2F)c3ccccc3,-3.563,24,-0.14845833333333333
Fc1ccccc1-c2ccc(c(F)c2)N3CCSCC3,-3.563,20,-0.17815
C[C@@H](O)COCC(CO)(COC[C@@H](C)O)C[C@@H]1CCN(C1)CC[NH+](C)C,-3.563,26,-0.13703846153846155
CCOC(=O)Cc1nc(cs1)-c2ccc(cc2)C(=O)CC#C[Si](C)(C)C,-3.563,26,-0.13703846153846155
OCC(C)(C)NC(=O)OC(C)(C)C,-3.562,13,-0.27399999999999997
O[C@H]1CC[C@@H](CC1)c2ccc(cc2Cl)CNCCc(n3)[nH]c(c34)cccc4,-3.562,27,-0.13192592592592592
O=C([O-])c1ccc(cc1OC)Nc(cc2)cc(c23)C=CN(C)C(=O)[C@@H]3C,-3.562,26,-0.13699999999999998
O=C1NC(=O)N(C1(C)C)c(cc2C)cc(C)c2CCS(=O)(=O)CCN3CCN(C)C(=O)[C@H]3C,-3.561,33,-0.10790909090909091
c1ccccc1CC(=O)C(=O)c2cccc(c2)S(=O)(=O)N(CC3)Cc(c34)cccc4,-3.561,30,-0.1187
Cc1nn(C)c(Cl)c1S(=O)(=O)[C@H](C)c(ccc2)c(c23)cccc3,-3.56,23,-0.15478260869565216
c1ccc(C)c(c12)[nH]c(n2)CCNCc3ccc(c(Cl)c3)NCCCNC(=O)c4ccc(F)cc4,-3.56,35,-0.10171428571428572
Cc([nH+]1)c(C)n(c12)c(C)c(cc2)CCc3[nH+]c(cn3C)-c(cc4)cc(c45)OC(C)(C)C(=O)N5,-3.56,33,-0.10787878787878788
C[C@H](O)COCC(CO)(COC[C@@H](C)O)CC1CCN(C(N)=[NH2+])CC1,-3.559,25,-0.14236000000000001
C[C@H]1CNCCCN1[C@@H]2O[C@@H]([C@@H](O)[C@H]2O)C[S+](C)CC[C@H]([NH3+])C(=O)[O-],-3.558,25,-0.14232
Cc1nnn(C)c1-c(c2)c(F)cc(c23)c4c(cc(cn4)C(C)(C)O)n3[C@H](C)C(=O)N,-3.557,30,-0.11856666666666667
COc1ccc(cc1)Cn(nn2)c(c23)[C@](C)(O)CC[C@H]3Oc4ccc(N)nc4,-3.557,28,-0.12703571428571428
CC(=O)N[C@H]1CC[N@@H+](C1)CCC[NH+](C)C,-3.557,15,-0.23713333333333333
O=C1NC(=O)[C@@H](S1)Cc2ccc(cc2)-n(cn3)c(c34)[nH]cnc4=O,-3.555,24,-0.148125
COC1=C(OC)C(=O)C(=C(C)C1=O)CCc2cnn(C)c2,-3.554,21,-0.16923809523809524
Cc1noc(C)c1-c2ccc(cc2)-c3cnc[nH]3,-3.553,18,-0.1973888888888889
CCOC(=O)CCNc1ccc(cn1)S(=O)(=O)[N-]c2c(C)nn(C)c2C,-3.553,26,-0.13665384615384615
COc1cccc(c1)-c(cc2)cc(c23)oc(c3CC(=O)[O-])N(C)c4c(C)nn(C)c4C,-3.552,31,-0.11458064516129032
N#Cc(c1Cl)ccc(c1C)N2CCC(CC2)NC(=O)[C@@H]([NH3+])Cc(c[nH]3)c(c34)cccc4,-3.552,31,-0.11458064516129032
C/C=C/Cc1ccc(c(c1)CN)OCc2cccnc2,-3.55,20,-0.1775
CCOC(=O)c1cnn(C)c1C(=O)OCCOC,-3.55,18,-0.19722222222222222
CCCCCCCCC(=O)c1cccc(F)c1,-3.55,17,-0.20882352941176469
Cc1ccc(C)c(c1)C[NH2+]c2ccc(cc2)N3CC[NH+](C)CC3,-3.55,23,-0.15434782608695652
CCNC(=O)c(c1)[nH]c(c12)c(=O)n(C)cc2-c3cc(C(C)(C)O)ccc3NCCc4ccncc4,-3.549,35,-0.1014
Cc1noc(C)c1-c2ccc(cc2)-c(n3)c(n(c34)ccnc4)Cc5cncs5,-3.549,28,-0.12675
O=C1CCCc(c12)n(c(c2)CC)-n3ccc(C)c(c3=O)Oc4cc(Cl)cc(C#N)c4,-3.549,30,-0.1183
CCCn(c1=O)c(=O)n(CCC)c(c12)nc([nH]2)N3CCN(CC3)c4ccc(Cl)c(Cl)c4,-3.549,31,-0.11448387096774193
CC(C)NC(=O)c1c(Cl)cc(cc1Cl)CNCCc(n2)[nH]c(c23)cccc3,-3.549,27,-0.13144444444444445
CNc1cc(nc(n1)N)N2CC[NH+](CC2)Cc(n[nH]3)c(c34)cccn4,-3.549,25,-0.14196
COc(c1)c(OC)cc(c12)C[N@H+](CC2)NNC(=O)c3ccc(c(c3)OC)OC4CC4,-3.549,30,-0.1183
COc1cccc(c1)CC(=[NH2+])NCCc2nc(oc2C)-c3ccccc3,-3.549,26,-0.1365
CN(C1)C(=O)Nc(c12)ccc(c2)N3CC=CC3=O,-3.549,18,-0.19716666666666666
c1sccc1C[NH+]2CCSCC2,-3.548,12,-0.2956666666666667
c1ccccc1C(=O)CC(=C)N2CCN(CC2)c3ccccc3OCCO,-3.548,27,-0.13140740740740742
CC(C)c1nn(C(CC)CC)c(c12)nc(C)cc2C(=O)[O-],-3.548,21,-0.16895238095238096
CCn(cn1)c(c12)c(=O)[nH]c(=O)n2-c3ccc(I)cc3,-3.547,20,-0.17735
CS(=O)(=O)Nc1cc(ccc1C)-c2ccn[nH]2,-3.547,17,-0.2086470588235294
Cc1c(C)c(O)c(C)c(c12)CC[C@](O2)(C)Cc3cnc(C(=O)N)nc3,-3.547,25,-0.14188
OC[C@@H](O)C(=O)OCCCCCCCCCS(=O)(=O)c(cc1)cc(c12)CN[C@H](C2)CO,-3.546,31,-0.11438709677419354
Cc1cc(n[nH]1)[C@@H](C)NNc2ccccc2,-3.546,16,-0.221625
Cc1cc(F)ccc1S(=O)(=O)N2CCN(CC2)Cc3ccccc3,-3.546,24,-0.14775
O=C1[N-]C(=O)[C@@H](S1)Cc2ccc(cc2)S(=O)(=O)C3CCCCC3,-3.546,23,-0.15417391304347824
C/C=C/Cc1ccc(c(c1)C[NH3+])OCc2cccnc2,-3.545,20,-0.17725
CCc(c1)nc(C)c(c12)c(c(c([n-]2)=O)C#N)-c3ccc(cc3)CCOCCOCCOC,-3.545,32,-0.11078125
C[NH+](C)CCN1CCC(CC1)[N@H+]2CC[C@@H](CC2)NC(=O)[C@@H]([NH3+])Cc(c[nH]3)c(c34)cccc4,-3.544,32,-0.11075
CC[C@H](C)[C@H]([NH3+])C(=O)N1CCN(CC1)C(=O)CC2(CC(=O)[O-])CCCC2,-3.543,26,-0.13626923076923078
CCCCCCCCCCCCC(=O)OC[C@@H](COP(=O)([O-])[O-])N1CC[NH+](C)CC1,-3.543,30,-0.11810000000000001
n1cn(C)c(c12)cccc2-c(cc3)cc(c34)nccc4,-3.543,20,-0.17715
COc(nn1)n(c12)nc(cc2)-c3cccc(c3F)-c4c(C)nn(C)c4C,-3.543,26,-0.13626923076923078
C1CCCN1S(=O)(=O)C[C@H](C2CC2)c3cc(F)c(C(F)(F)F)c(F)c3,-3.543,25,-0.14172
Nc1ccc(c[nH+]1)-c2ccc(cc2)C[C@@H]3SC(=O)NC3=O,-3.542,21,-0.16866666666666666
COc(cc1)cc(c12)nc([nH]2)CCn(c3=O)c(=O)n(C)c(c34)ccc(c4)C(=O)C5=C(O)CCCC5=O,-3.542,36,-0.09838888888888889
O=C([O-])c1ccc(cc1)NCc2ccc(cc2)N3CCCCC3,-3.541,23,-0.15395652173913044
Cc1nnn(C)c1NC2CC2,-3.539,11,-0.32172727272727275
CCCCc1ccc(cc1)-c2c(C)nnn2C,-3.539,17,-0.2081764705882353
C=CC1=C(C)C(=O)NC\1=C\C2=N[C@@H](C(=C2C)CCC(=O)[O-])c3cccc(Cl)c3F,-3.538,29,-0.122
Cc1nc(C[NH+](C)C)ccc1-c2ccc(cc2C[NH3+])-c(cc3)cc(c34)nc(N)cc4C,-3.538,31,-0.1141290322580645
COc(c1)c(OC)cc(c12)CN(CC2)C(=O)c(c(c34)cccc4)nn3Cc5ccc(F)cc5,-3.538,33,-0.1072121212121212
[NH3+]CCNc1cnc[nH]1,-3.537,9,-0.393
OCCO[C@H](N(C)C(=O)N1)c(c12)cc(cc2)-c(cc3)c(C(F)F)c(c34)[C@@H](O)C(F)(F)S4(=O)=O,-3.537,33,-0.10718181818181818
C1C[NH2+]CCC1c2cn(C)c(=O)c(c23)cc(o3)-c4c[nH]cn4,-3.536,22,-0.16072727272727272
c1cccc(c12)C(=O)c3c(C2=O)nnn3-c4cc(F)c(c(F)c4)CCOCCOCCO,-3.536,32,-0.1105
O=CCC/C=C/C=C/[C@H](O)CCCC(=O)[O-],-3.536,16,-0.221
O=S1(=O)C(F)(F)[C@H](O)c(c12)c(C(F)F)c(cc2)-n3cncn3,-3.535,22,-0.16068181818181818
CC(=O)Nc1cccc(c1)C(=O)[C@H](C(C)C)NC(=O)C2CCCCC2,-3.535,25,-0.1414
COc(cc1)cc(c12)c(CCNC(=O)C)c([nH]2)Cc3cccc[nH+]3,-3.534,24,-0.14725
Fc1cnc(Cl)c(c1)-c2cccc(c2F)-c(ccn3)c(c34)[nH]cn4,-3.534,24,-0.14725
o1nc(C)c(c12)cc(c(c2)OC)NN[C@H](Cc(c[nH]3)c(c34)cccc4)C(=O)Nc5cc[nH+]cc5,-3.533,34,-0.10391176470588236
n1cccnc1-n(c(=O)n2C)c(=O)c(c23)c(C)c(cc3)C(=O)C4=C(O)CCCC4=O,-3.533,30,-0.11776666666666666
n1ccccc1CNNC2CCCC2,-3.532,14,-0.2522857142857143
C1C[NH2+]CCN1c(nc2)ccc2[C@H](C(=O)[O-])Cc3ccc(cc3)-c4ccccc4,-3.531,29,-0.12175862068965518
c1cncc(c12)c([O-])c(C#N)c(n2)-c3ccc(cc3)[C@H]4C[C@@H](C#N)C4,-3.53,25,-0.1412
n1nn(C)c(c12)cc(cc2)NC(=O)c3nccn3S(=O)(=O)CC(F)(F)F,-3.53,26,-0.13576923076923075
CNc1cc(nc(N)[nH+]1)N2CCN(CC2)c3ccnc([nH+]3)Nc4cc(C)cc(C)c4,-3.529,30,-0.11763333333333333
C=CCOc(cc1)cc(c12)ccc(c2)C[C@@H]3SC(=O)NC3=O,-3.529,22,-0.16040909090909092
CN1CC[NH+](CC1)CCNc2ccc(cn2)S(=O)(=O)C3CC3,-3.526,22,-0.16027272727272726
Cc1cccc(c1)CC(=O)c2ccc(cc2CN)-c(cc3)cc(c34)nc(N)cc4C,-3.526,30,-0.11753333333333332
NS(=O)(=O)c1ccc(cc1)-c2ccccc2,-3.525,16,-0.2203125
FC(F)(F)c(c1)cccc1[C@@H](C)n2ccnc2C(=O)Nc(cc3)cc(c34)n(nn4)C,-3.525,30,-0.1175
CCCCCCC(=O)[C@H](C([O-])=O)C[C@@H]1CC[C@@H](CC1)OCCN(C)[C@H]2CCCC[NH2+]2,-3.525,30,-0.1175
COc1ccc(cc1)S(=O)(=O)[C@H](C(=O)[O-])Cc2ccc(cc2)OCCN(C)c3ccccn3,-3.525,33,-0.10681818181818181
CC(=O)NCCC[NH2+]Cc1ccc(c(Cl)c1)-c(cn(C)c2=O)c(c23)oc(c3)-c4c[nH]c[nH+]4,-3.525,32,-0.11015625
CC(C)(C)OC(=O)C/C=C/[C@H](O)CCCC(=O)[O-],-3.525,18,-0.19583333333333333
COc1ccc(cc1)Cc2ccc(cc2F)N3C[C@@H](OC3=O)CNC(=O)C,-3.525,27,-0.13055555555555556
[nH]1cncc1[C@@H](CC)c2cccc([nH+]2)C3CC3,-3.523,17,-0.20723529411764707
c1cc(C)cc(c12)[nH]c(n2)CCc3c[nH+]c([nH]3)C4CCCC4,-3.523,22,-0.16013636363636363
CC(C)C[C@H]([NH3+])C(=O)c1cc(nc(n1)N)N2CCCCC2,-3.523,21,-0.16776190476190478
Nc1ccc(cc1)[NH2+]CCC(=O)NC2CC2,-3.523,16,-0.2201875
O=C1C=CCN1c2cccc(c2)NO,-3.522,14,-0.25157142857142856
Cc1cc([nH]n1)[C@@H](C)NCC#Cc2ccc(cc2)S(=O)(=O)NCCC(F)(F)F,-3.522,28,-0.12578571428571428
C[NH2+]Cc1ccccc1-n(c(N)[nH+]2)c(c23)cccc3,-3.521,19,-0.1853157894736842
O=C([O-])C/[NH+]=C/C(=O)CCCC(=O)CC[C@H]1c(ccc(c2)O)c2Oc(c13)cc([O-])cc3,-3.52,31,-0.1135483870967742
CO[C@@H](C)Cc1c(C)nnn1C,-3.52,12,-0.29333333333333333
C1C[C@@H](C)CC[C@@H]1[C@@H](C)CCC[C@@H](C)CC(=O)[O-],-3.519,18,-0.1955
CCn1c(=O)[n-]c(=O)c(c12)[C@H](c3ccc(C)cc3)C4=C(N2)CN(C4=O)c(cc5)cc(c56)[nH+]c(N)cc6C,-3.519,37,-0.09510810810810812
CC(=O)N[C@H]1CCN(C1)c2ccc(cc2F)C3=NO[C@@H](C3)CNS(=O)(=O)c4cccs4,-3.518,31,-0.11348387096774193
CCNC(=O)c(c1)[nH]c(c12)c(=O)n(C)cc2-c3cc(S(=O)(=O)CC)ccc3CC(C)C,-3.518,31,-0.11348387096774193
COCCOCCC(=O)N1CCS[C@@H](CC1)c2cccs2,-3.517,21,-0.16747619047619047
C[C@@H](O)c1ccc(cc1)CN2CCC[NH2+]C[C@H]2C,-3.516,18,-0.19533333333333333
C/C=C/CC(=O)CCC,-3.516,9,-0.39066666666666666
O=c1[nH]c(=O)n(cc1C)-c2ccc(C(F)(F)F)c(F)c2,-3.516,20,-0.1758
c1cc(C)cc(c12)nc([nH]2)CCc(c(c34)cc(Br)cc4)nc(n3)N(C)CCC[NH+](C)C,-3.515,31,-0.11338709677419355
[nH+]1ccc(OC)c(c12)cc(cc2)C(=O)[C@H](O)[C@H](C)[NH3+],-3.513,19,-0.18489473684210525
O=C([O-])CCC(\C)=C/CCc1ccccc1,-3.513,16,-0.2195625
CN(C)CC[N@H+]1CC[C@@H](CC1)c2cccc(c2)[N-]S(=O)(=O)c3cccs3,-3.512,26,-0.13507692307692307
CC(C)[N@H+](CC1)CC[C@@]12CC(=O)c3c(O2)ccc(c3)-c4ccc(cc4)C(=O)n5ccnc5,-3.511,32,-0.10971875
CN(C)CCC[N@H+](C)[C@H]1CCN(C1)c(cc[nH+]2)c(c23)[nH]c(n3)N,-3.511,23,-0.15265217391304348
CC(=O)N[C@H]1CCN(C1)[N@H+]2CC[C@@H](CC2)CCC(=O)NCc3ccc(cc3)N4CCCCC4,-3.511,33,-0.1063939393939394
C[NH2+]Cc1ccccc1Cc([nH]n2)c(c23)cccn3,-3.51,19,-0.18473684210526314
o1cccc1-c(cc2)cc(c23)[C@@H](C[C@H](C)N3C(=O)C)N[NH2+]C4CCN(CC4)c5ccccn5,-3.509,33,-0.10633333333333334
c1ccccc1C(=O)/C=C(\O)c(on2)c(c23)cccc3,-3.509,20,-0.17545
Cc1ccc(Cl)cc1C(C)(c2ccccn2)c3ccccn3,-3.508,22,-0.15945454545454546
Cc1nc(cs1)-c2ccc(cc2)S(=O)(=O)c(ccc3)c(c34)C(=O)N(C4=O)[C@H]5CCC(=O)NC5=O,-3.508,34,-0.1031764705882353
O=c1n(C)c2cc(cccn3)c3n(c(c2c14)ccc4)-c5ccncc5F,-3.508,26,-0.13492307692307692
Cc1cc(C)cc(c1)Nc2nccc([nH+]2)/N=C/c3ccccc3C=O,-3.508,25,-0.14032
CC1CCN(CC1)c(cc2=O)oc(c23)c(c(O)cc3O)[C@H]4CCN(C)C[C@H]4O,-3.507,28,-0.12525
Nc([nH+]1)cc(C)c(c12)ccc(c2)-c3ccc(c(c3)C[NH3+])-c(c4)nc(NC(C)C)c(n45)nnc5C,-3.507,34,-0.10314705882352941
c1c[nH]c(c12)c(=O)n(C\C=C\C)cc2-c3c(C)nnn3C,-3.507,21,-0.167
C1C[NH+](C)CCN1c2nc(N)[nH+]c(c2CC)Cc3nc(cn3C)-c4ccccc4,-3.507,29,-0.12093103448275863
c1cc(Cl)cc(NC2=O)c1[C@]23N(CC[NH3+])C[C@@H]([NH3+])[C@@H]3c4cccc(Cl)c4,-3.506,26,-0.13484615384615384
O=c1n(C)cc(cc1C)-c(cc2)cc(c23)n(c(n3)C4CCOCC4)CCc5cnc[nH]5,-3.506,31,-0.11309677419354838
c1ccccc1CC(=O)N2CCC(CC2)c3nc(no3)NC4CCN(CC4)c5cccc[nH+]5,-3.505,33,-0.1062121212121212
CCN1CCN(CC1)c2ccc(cc2Cl)C[NH2+]CCc(n3)[nH]c(c34)cc(Cl)c(Cl)c4,-3.505,30,-0.11683333333333333
CC(C)(C)[C@H](C)c1ccc(s1)-c(cn2)n(c23)CCC3,-3.504,19,-0.18442105263157896
CCCCC(=O)OC[C@H](CO)c1cccc(c1)[N-]S(=O)(=O)c2cccc(Br)c2,-3.504,28,-0.12514285714285714
CCCCCCCCC(=O)SCCN[NH2+][C@H]1CC[C@H](O)CC1,-3.504,22,-0.15927272727272726
COc1ccc(Br)cc1S(=O)(=O)c(ccn2)c(c23)[nH]cn3,-3.504,21,-0.16685714285714287
COc1ccc(nn1)-c2cnc(N(C)C)nc2OC,-3.503,19,-0.1843684210526316
CCOC(=O)c(c1)c(OC)cc(c12)onc2C,-3.502,17,-0.206
O=C([O-])Cn(cc1)c(c12)ccc(c2)C(=O)c3ccc(cc3)N4CCCCC4,-3.502,27,-0.12970370370370368
O=Cc1ccccc1/C=[NH+]/CCOCCOCCO,-3.502,19,-0.1843157894736842
COc1cc(=O)n(C)nc1-c2ccccc2Nc3cccc(c3)N4C=CCC4=O,-3.501,29,-0.12072413793103448
Fc1ccc(cc1)-c2n[nH]c(n2)-c3ccc(cc3Cl)C[NH2+]CCc4ccc[nH]4,-3.501,28,-0.12503571428571428
CCC(=O)c1cc[nH]c(=O)c1-c(n2)[nH]c(c23)cc(cc3C)N4CCOCC4,-3.499,27,-0.1295925925925926
C1COCCN1NC2CC2,-3.498,10,-0.3498
N#Cc1c(=O)[nH]c(cc1[S@](=O)C)-c2cccc(c2)CCc(n3)[nH]c(c34)ccc(Cl)c4,-3.498,30,-0.11660000000000001
CCCCCCC(=O)OC[C@@H](c1ccccn1)COP(=O)([O-])OC[C@@H](O)CO,-3.497,28,-0.12489285714285714
CC(=O)N[C@H]1CCN(C1)c2ccc(cc2F)C3=NO[C@@H](C3)C[N@@H+]4CCC[C@H](N)C4,-3.497,29,-0.12058620689655172
C/C=C/CCCCCCCC(=O)N1CCCOC1=O,-3.497,19,-0.18405263157894736
O=C([O-])CCCc(c1)n(-c2ccno2)c(c13)ccc(Cl)c3,-3.496,21,-0.16647619047619047
COCCOCCc1cc(nc[nH+]1)N(C)CCOc2ccc(cc2)C[C@@H]3SC(=O)[N-]C3=O,-3.496,32,-0.10925
CCOc1ccccc1-c2ccc(cc2)CCc3ccc(cc3)OS(=O)(=O)C,-3.496,28,-0.12485714285714286
CCCCCCCCC(=O)SCCNC(=O)C,-3.496,17,-0.2056470588235294
O=c([nH]1)[nH]c(=O)cc1C(=O)N2CCN(CC2)Cc(c3)oc(c34)cccc4,-3.494,26,-0.13438461538461538
c1cccc(c12)c(c[nH]2)C[C@H]([NH3+])C(=O)N[C@@H]3CC[N@H+](CC3)CCc4c[nH+]c[nH]4,-3.494,28,-0.12478571428571429
C1CNCCN1C(=O)[C@@H](C2)Oc(c23)c(cc(Cl)c3)[C@H](CO)Cc(c[nH]4)c(c45)cccc5,-3.494,31,-0.11270967741935485
CC(C)Cn1ncc(Cl)c1C(=O)C(=O)c2cc(C(C)(C)N)cc(n2)-c3ccc(F)cc3,-3.494,31,-0.11270967741935485
Nc1ccc(cc1)NC2CC2,-3.493,11,-0.3175454545454545
C[N@H+]1CC[C@@H](CC1)N[NH2+]Cc2ccccc2,-3.493,16,-0.2183125
C1C[C@@H](C)CC[C@@H]1[C@@H](C)N(C2=O)C(=O)N([C@H]23)CC[C@H]3O,-3.493,20,-0.17465
C[NH2+]Cc1cccc(c1)CN[C@H](C)c2ccc(cc2)-c3c(C)noc3C,-3.491,26,-0.13426923076923078
COc1cc(OC)cc(c12)nc([nH]c2=O)-n(cc3)c(=O)n(c34)ccn4,-3.491,25,-0.13964000000000001
COc1ccc(cc1)Cn(nn2)c(c23)[C@@](C)(O)CC[C@H]3[NH2+]CC4(CCCC4)c5ccc(N(C)C)cc5,-3.49,36,-0.09694444444444444
n1ccccc1C(C)(c2ccccn2)c3ccc(N)[nH+]c3,-3.49,21,-0.1661904761904762
CCCCCCCCC(=O)SCCNNc1ccc(C(=O)[O-])c(c1)OC,-3.49,26,-0.13423076923076924
NC(=O)C[NH2+]CC#Cc1ccc(cc1)C(=O)NCCC(F)(F)F,-3.489,23,-0.15169565217391304
c1cnccc1NC(=O)[C@H](CCSC)Nc2c(-c3ccc(F)cc3)[nH+]cn2C4CC[NH2+]CC4,-3.489,33,-0.10572727272727273
CCn1c(=O)[n-]c(=O)c(c12)[C@H](c3ccc(C)cc3)C(=C(C)N2)C(=O)Cc4ccc(F)cc4,-3.488,32,-0.109
C1CC[C@H]2[C@@H]1Nc([n+](C)c3=O)n2c(c34)nn(-c5ccc(F)c(Cl)c5)c4Nc6ccccc6,-3.488,32,-0.109
Cc1cc(N)[nH+]c(c1)CCCCCc2[nH]nc(n2)-c3ccc(F)cc3,-3.488,25,-0.13952
o1nccc1-n2ncc(Cl)c2C(=O)Nc(cc3)cc(c34)nc([nH]4)-c5ccccc5,-3.486,29,-0.12020689655172415
Nc1ccc(cn1)-c2ccc(cc2)C[C@@H]3SC(=O)NC3=O,-3.486,21,-0.166
Cc1ccc(C(C)C)cc1Oc2nccc(n2)-c3ccc(cc3)[N-]S(=O)(=O)C,-3.485,28,-0.12446428571428571
c1ccc(OC)c(c12)nc([nH]2)CCNCc3ccc(c(Cl)c3)[C@H]4C[C@@H](C#N)C4,-3.485,28,-0.12446428571428571
Cc1cc[nH+]c(c1)CCCCC[C@H]2C[C@@H](C#N)C2,-3.485,18,-0.1936111111111111
c1ccccc1N[C@H](C[C@H](C)N2C(=O)C)c(c23)cc(cc3)CC(=O)NCC[NH3+],-3.484,28,-0.12442857142857143
COc(c1)c(OC)cc(c12)C[N@@H+](CC2)CCc3ccc(cc3)Nc4[nH]nc(n4)-c5ccc(F)cc5,-3.483,35,-0.09951428571428572
Cc1c(C)c(O)c(C)c(c12)CC[C@](O2)(C)CC[C@@H](C)O,-3.483,20,-0.17415
COc1cccc(c1)-c2[nH+]cn(c2-c3ccc(OS(=O)=O)cc3)CCCCCc4ccccn4,-3.483,34,-0.10244117647058824
CCCC[C@@H](C)C(=O)[O-],-3.482,9,-0.3868888888888889
OCCOc1c(C)cc(cc1C)N2CCN(CC2)Cc3ccccc3,-3.482,25,-0.13928000000000001
O=S(=O)Oc(cc1)ccc1-c2c(ncn2CC#C)-c(cc3)cc(c34)O[C@@H](C(=O)N4)CC5CC5,-3.482,33,-0.10551515151515152
Cc1noc(C)c1-c2ccc(cc2)Cc3cc(F)cnc3Cl,-3.481,22,-0.15822727272727272
Cc1nn(C)c(Cl)c1S(=O)(=O)[N-]c(c2)c(C#N)cn(c23)cc(n3)-c4ccccc4,-3.481,29,-0.12003448275862069
CC[C@H](C)[C@H](N)C(=O)c(cc1)cc(c12)oc(c2CC(=O)[O-])-c3cccc(c3)OC,-3.481,29,-0.12003448275862069
CC(C)(C)S(=O)(=O)C[C@H](CC)C(=O)COc1cccc(c1)OC,-3.481,23,-0.15134782608695652
CCNC(=O)c1ccc(c(c1)-c2cn(C)nn2)-n3cc(ccc3=O)-c4c(C)noc4C,-3.48,31,-0.11225806451612903
n1cnc(N)c(c12)ncn2CCC[NH2+]Cc3ccc(c(Cl)c3)-c4ccccc4,-3.48,28,-0.12428571428571429
C[C@@H]1C(=O)N(C)CCN1CCCCCn(cc2)c(c23)cccc3OC(C)(C)C(=O)[O-],-3.48,30,-0.116
Nc([nH+]1)cc(C)c(c12)ccc(c2)-c3ccc(c(c3)CN)NCCCNC(=O)c4ccc(=O)n(C)c4,-3.479,35,-0.0994
CSc1ccc(cc1)-c2cccc(c2C)CCC[NH+]3CCOCC3,-3.479,24,-0.14495833333333333
CCc(c1)nc(C)c(c12)c(c(c([n-]2)=O)C#N)-c(nc(c34)ccs4)nc3N(C)CCC#N,-3.478,31,-0.11219354838709678
COc(cc1)cc(c12)c(CCC(=O)[O-])cn2-n(cn3)c(c34)nc(I)nc4N,-3.478,27,-0.12881481481481483
C1CC1Nc(c2CC)nc(N)nc2C(CC)CC,-3.478,18,-0.19322222222222224
[nH+]1ccn(c12)c(=O)n(cc2)NCCOc(cc3)c(c4c35)ccc6c4c(cc5)ccc6,-3.477,30,-0.11589999999999999
O=C([O-])c1ccc(cc1)Cn(cn2)c(c23)nc[nH]c3=O,-3.477,20,-0.17385
CCCCCCCc1nc(N)nc(c1CC)NC2CC2,-3.477,20,-0.17385
Fc1cccc(c1)C[NH2+]Cc2cccs2,-3.477,15,-0.23179999999999998
Cc1ccc(cc1)Cc2c[nH]c(n2)C3CCCC3,-3.476,18,-0.19311111111111112
CCN(C1=O)c2ccc(c(c2c13)ccc3)N4CCC[C@H]4C=O,-3.475,22,-0.15795454545454546
c1cc(Cl)ccc1[C@@H](c2cccnc2)C(=O)N3CC[NH+](CC3)COCCO,-3.475,27,-0.1287037037037037
CC(C)NC(=O)O[C@H](CC[C@]1(C)O)c(c12)nnn2OC(C)(C)C,-3.475,23,-0.15108695652173915
CCNC(=O)c1ccc(c(c1)-c2cn(C)nn2)-c3ccc(cc3Cl)C[NH2+]CCc4[nH+]cc[nH]4,-3.474,33,-0.10527272727272728
CNCc1ccccc1-c2cncc(C)c2,-3.474,16,-0.217125
COc1cccc(c1C(=O)OC)CCCCCCCCCCCNS(=O)(=O)C,-3.474,28,-0.12407142857142858
Cc(n1)c(C)n(c12)c(C)c(cc2)CCc3nc(cn3C)-c4ccc(N)nc4,-3.472,27,-0.1285925925925926
O=c1n(C)ncc(c1C)NCc2ccccc2[NH2+]CC3(CCCC3)c4ccc(N(C)C)cc4,-3.472,33,-0.10521212121212122
O=C([O-])C(C)(C)c(cc1=O)oc(c12)c(cs2)-c(cc3)cc(c34)OCCO4,-3.471,26,-0.1335
C[C@H]1COC(=N1)c2ccc(c(Cl)c2)Nc(c3)c(O)cc(c34)NC(=O)C(O4)(C)C,-3.471,28,-0.12396428571428572
CCOC(=O)Cc1nc(cs1)-c(ccc2C(F)(F)F)c(c23)CC[C@H]3O,-3.471,25,-0.13884
Fc1ccc(cc1C)S(=O)(=O)n(cc2)c(c23)cccc3OC(C)(C)C(=O)[O-],-3.47,27,-0.12851851851851853
s1cccc1CNC(=O)[C@@H]2CN(N3CCC[C@@H]3CO)CCN2c4ccc(Cl)c(Cl)c4,-3.47,30,-0.11566666666666667
Cc1cccc(c1)CC(=O)n2c(cc(C)c(c3)C)c3nc(c24)c(=O)[nH]c(n4)=O,-3.47,28,-0.12392857142857143
COc1cc(OC)cc(c12)[nH]c(nc2=O)-c(c(c34)cccn4)cc(c3)-c5c(C)noc5C,-3.469,32,-0.10840625
CCCCCCCC(=O)c1nnn(n1)Cc2ccc(OC)cc2,-3.469,23,-0.15082608695652172
C=CC1=C(C)[C@@H](NC1=O)NC(C)(C)C,-3.468,14,-0.24771428571428572
O=[N+]([O-])c1cc(S(=O)(=O)C(F)F)ccc1Cc2cccc(n2)Oc3ccccc3,-3.468,29,-0.11958620689655172
O=C([O-])C(C)(C)Oc1c(C)cc(cc1C)CC2CCN(C(N)=[NH2+])CC2,-3.468,25,-0.13872
Cc1nnn(C)c1-c(c2)c(F)cc(c23)c4c(cc(cn4)C(C)(C)O)n3Cc5cccc(F)c5,-3.467,33,-0.10506060606060606
CS(=O)(=O)NCC#Cc1ccc(cc1)S(=O)(=O)c2ccn[nH]2,-3.467,22,-0.1575909090909091
c1cccc(c12)C(=O)c3c(C2=O)nnn3N4CCN(CC4)Cc5ccccc5,-3.467,28,-0.12382142857142857
C1COCCN1c(ncn2)c(c23)cc(c(c3)OC)[C@H](C)c4ccc(cc4)-c5c(C)noc5C,-3.466,33,-0.10503030303030303
n1cccc(c12)c(n[nH]2)Cn(ccc3C)c(=O)c3N4CCC(=O)CC4,-3.466,25,-0.13864
C[N+](C)(C)[C@@H]1CC[N@H+](CC1)CCOCCO,-3.466,16,-0.216625
C1OCC[C@@H]1Oc(c(c2)OC)cc(c23)c(nc(n3)C)CCN4CCN(C)C(=O)[C@H]4C,-3.465,30,-0.11549999999999999
N#Cc1c(=O)[n-]c(cc1[S@](=O)C)C(=O)c2cc(F)ccc2[O-],-3.464,22,-0.15745454545454546
COc(nn1)n(c12)nc(cc2)N3CCC(CC3)c4ccc(cc4)OCCCCC(=O)NC5CC5,-3.464,34,-0.10188235294117647
C[C@H](O)Cn1cc[nH+]c1,-3.464,9,-0.3848888888888889
CNc1cc(nc(n1)N)N2CCN(CC2)N3CC[NH+](C(C)C)CC3,-3.463,24,-0.14429166666666668
[NH3+]Cc1ccc(c(Cl)c1)-c2ccc(cc2Cl)C[NH2+]CCC(=O)N,-3.462,23,-0.1505217391304348
CCOC(=O)c1csc(n1)N2CCN(CC2)[NH2+]Cc3cc(C)ccc3C,-3.462,26,-0.13315384615384615
CCC(=O)c1c[nH]c(c1)C(=O)c2ccccc2[O-],-3.462,18,-0.19233333333333336
CCCCCCCCc1ccccc1N,-3.462,15,-0.2308
Clc1cc(Cl)cc(c1)NN2CCN(CC2)C3COC3,-3.461,19,-0.1821578947368421
CC(C)(C)[NH2+]c1ccccc1OCCn2ccc(=O)[nH]c2=O,-3.461,22,-0.1573181818181818
CNCc1ccccc1C[C@@H]2CC(=NO2)c3ccc(c(F)c3)N4CC[C@@H](C4)NC(=O)C,-3.46,31,-0.11161290322580646
C1CCC1c([nH]2)ncc2-c3ccc(cc3OCC)C(=O)N4CCC(CC4)[NH+]5CCN(C)CC5,-3.46,33,-0.10484848484848484
c1ccccc1[C@H](C2CCOCC2)C(=O)CCCCCCCCCO,-3.46,25,-0.1384
CCOc1ccccc1-c2ccc(C[NH+](C)C)nc2C,-3.459,20,-0.17295
Cc1nn(C)c(Cl)c1S(=O)(=O)Nc2cncs2,-3.459,17,-0.20347058823529413
CN(C)CC[NH+]1CCN(CC1)c2cc(F)cc(Cl)c2,-3.458,19,-0.18200000000000002
CCCC(=O)S(=O)(=O)C,-3.458,9,-0.38422222222222224
O=C1CN(CCN1)CCC[NH2+]Cc2cccnc2,-3.457,18,-0.19205555555555553
CCCCCC[C@@H](C)NNNC(=O)c1cc(C(C)(C)N)cc(n1)-c2ccc(F)cc2,-3.457,30,-0.11523333333333333
[nH+]1ccc(OC)c(c12)cc(cc2)-c(cn(C)c3=O)c(c34)O/C(C4)=c5\cnc([nH]5)=C6CCCC6,-3.456,33,-0.10472727272727272
COc1ccccc1S(=O)(=O)c(c(n2)-c3ccc(F)cc3)c(n24)ccnc4N5CCC(O)CC5,-3.456,34,-0.10164705882352941
C[C@H](O)c1ccc(nc1)CCc2cc([nH+]c(n2)N)N3CCN(CC3)C4COC4,-3.456,28,-0.12342857142857143
[NH3+]c1ccc(cc1)Nc2cccc(F)c2,-3.455,15,-0.23033333333333333
c1[nH+]cccc1[C@H](C(=O)NCC)N(c2ccc(C(C)(C)C)cc2)C/C=C/[C@H](O)CCCC(=O)[O-],-3.455,34,-0.10161764705882353
O=c(n1)[nH]c(=O)c(n2)c1n(c(c23)cc(C)c(C)c3)S(=O)(=O)c4ccc(cc4)[C@H]5CC(=O)N(C)C5,-3.455,34,-0.10161764705882353
CC(C)C(C(C)C)[NH2+]CCCN1CCOCC1,-3.455,17,-0.20323529411764707
O=C([O-])C(C)(C)Oc1ccc(cc1)CCc2ccc(cc2)OCC(=O)NCC[NH3+],-3.455,29,-0.11913793103448277
COCCOc(cs1)c(c12)oc(cc2O)=[N+]3CCOCC3,-3.453,21,-0.16442857142857142
CCCCCCC(=O)OC[C@H](COP(=O)([O-])OCC[NH3+])Oc(ccc1)c(c12)[nH+]cn2C,-3.453,31,-0.11138709677419355
CCS(=O)(=O)c(c(n1)C)n(c12)ccnc2N3CCOCC3,-3.452,21,-0.16438095238095238
CC[C@@H]([C@H](C)O)c1ccc(cc1OCC)C(=O)N2CCC(CC2)[NH+]3CCN(C)CC3,-3.452,30,-0.11506666666666666
CCN(C(=O)C1)c(c12)ccc(c2)NCCCOc(cc3)cc(c34)ccn4CC(=O)[O-],-3.452,30,-0.11506666666666666
Cc1nc(C[NH+](C)C)ccc1-c2cccc(c2)[N-]S(=O)(=O)c3ccc(F)c(Cl)c3,-3.452,29,-0.11903448275862069
CC(C)(C)OC(=O)[C@H](CC)c1c(CC(C)C)nn(C)c1C,-3.452,21,-0.16438095238095238
CCc(c1)nc(C)c(c12)c(c(c([n-]2)=O)C#N)-c3ccc(cc3)Nc4cncc(C)c4,-3.452,30,-0.11506666666666666
C[C@H](O)CC(=O)c1cccc(c1)S(=O)(=O)N(CC2)Cc(c23)cccc3,-3.451,25,-0.13804
C1CCCCN1c2cn(C)c(=O)c(c23)cc(o3)-c4cnc([nH]4)C5CCC5,-3.45,26,-0.1326923076923077
OCC(C)(C)Nc(cc1)cc(c12)n(CCOC(F)(F)F)c(n2)C3CCOCC3,-3.45,28,-0.12321428571428572
[NH3+]CC[N@H+]1CC[C@@H](C1)n2cnc(-c3ccc(I)cc3)c2N4CCC[C@H]4C=O,-3.45,27,-0.1277777777777778
C1CC1Nc2nc(N)[nH+]c(c2CC)NCCC3CCCCC3,-3.45,22,-0.15681818181818183
[nH]1nccc1-c2cn(C)c(=O)c(c23)C/C(O3)=c4\cnc([nH]4)=C5CCCC5,-3.45,26,-0.1326923076923077
FC(F)(F)CCNn(c(=O)n1C)c(=O)c(c12)c(C)c(cc2)C(=O)C3=C([O-])CCCC3=O,-3.449,31,-0.11125806451612903
CCCCCCCCC(=O)c1ncc(F)cc1F,-3.449,18,-0.1916111111111111
O=C1C=CCN1Cc2cc(on2)CCCCCOc3c(Cl)cc(cc3Cl)C4=[NH+]CCO4,-3.448,31,-0.1112258064516129
OCc1ccc(F)c(c1)-c2c(F)cc(cc2F)CCc3c[nH+]c[nH]3,-3.448,24,-0.14366666666666666
n1c(N)nn(c12)c(ccc2)-n3c(ncc3C)-c4ccc(C(F)(F)F)cc4,-3.448,26,-0.1326153846153846
C[C@H]1COC(=N1)c2ccc(c(Cl)c2)-c3csc(n3)N/N=C/c4ccccc4C=O,-3.447,29,-0.11886206896551724
CN1CC[NH+](CC1)C2CCN(CC2)c3ccc(F)cc3,-3.446,20,-0.1723
CCOC(=O)c1cnn(C)c1C(=O)C[C@H](C)N2CCOCC2,-3.445,22,-0.1565909090909091
c1ccccc1[C@H](N(C)C2=O)c(c23)cc(cc3)Nc4cncs4,-3.445,23,-0.14978260869565216
Cn1cc(Cl)cc(c1=O)-n(c2=O)c3sc(c4c3c(n25)ncn5)C[N@H+](CC4)CC6CCOCC6,-3.445,33,-0.10439393939393939
CS(=O)(=O)Cc1cnc(c(c1)-n2ccnc2)Oc3ccc(F)cc3F,-3.444,25,-0.13776
CO[C@@H](C)Cn1cc(cn1)-c2ccc(cc2F)C3=NO[C@@H](C3)CNS(=O)(=O)C(C)C,-3.443,30,-0.11476666666666667
CS(=O)(=O)Nc1ccc(cc1)-c(n2)c(C#N)c([O-])c(c23)cncc3,-3.443,24,-0.14345833333333333
c1ccccc1Nc(n(n2)[C@@H](CC)[C@H](C)O)c(c23)c(=O)[n+](C)c4n3[C@@H]5[C@H](N4)CCC5,-3.441,30,-0.1147
Cc1cc(n[nH]1)[C@@H](C)[NH2+]CCOc2ccc(cc2)C[C@@H]3SC(=O)[N-]C3=O,-3.441,26,-0.13234615384615384
O=C([O-])C(C)(C)c(cc1)cc(c12)ccc(c2)C[C@@H]3SC(=O)NC3=O,-3.441,24,-0.143375
C1CC1Nc(nc2N)cc([nH+]2)N3CCN(CC3)NC4CCCCC4,-3.44,24,-0.14333333333333334
O=C([O-])CCCCCCCn1ccc(=O)[nH]c1=O,-3.44,18,-0.19111111111111112
C=CCc1noc(=O)[n-]1,-3.439,9,-0.3821111111111111
[NH3+]CCN/C([O-])=C\C(=O)c1[nH+]ccn1Cc2ccccc2,-3.439,21,-0.16376190476190478
C1=CN(C)C(=O)[C@H](C)c(c12)ccc(c2)-c(cc(c34)nccc4)cc3O[C@H](C)[C@H]5CNC(=O)C5,-3.438,33,-0.10418181818181818
C1C[C@@H](O)c(c12)c(C(F)(F)F)ncc2CCCCCc3cccc[nH+]3,-3.438,25,-0.13752
CNCc1ccc(cc1)-c2cccc(Cl)c2Cl,-3.437,17,-0.2021764705882353
C[NH2+]Cc1ccc(cc1)-c(cc2)cc(c23)[C@@H](C[C@H](C)N3C(=O)C)NC(=O)N[C@H](C)c4ncn[nH]4,-3.437,34,-0.10108823529411765
FC(F)(F)c(n1)nc(n12)nc(C)cc2N3CC[NH+](C(C)C)CC3,-3.437,23,-0.14943478260869564
O=C([O-])[C@@H](C)[NH2+]CC1CCC1,-3.437,11,-0.31245454545454543
COc1ccc(cc1)Cn(nn2)c(c23)[C@](C)(O)CC[C@H]3OC(=O)CCc(n4)[nH]c(c45)ccc(Cl)c5,-3.436,35,-0.09817142857142858
CCNCc1ccc(c(Cl)c1)-c2ccccc2,-3.436,17,-0.2021176470588235
OCCOc1c(C)cc(cc1C)-c(c2)oc(c23)c(cn(c3=O)C)C[C@H](O)[C@H](N)CO,-3.435,30,-0.1145
COc1ccc(cc1)Cn(nn2)c(c23)[C@](C)(O)CC[C@H]3OC(=O)Nc4ccc(O)cc4,-3.435,31,-0.11080645161290323
O=c([nH]1)[nH]c(=O)cc1C(=O)N2CCN(CC2)c3c[nH+]c([nH]3)C4CCCC4,-3.435,26,-0.1321153846153846
c1cc(F)ccc1-c(n2)c(C[C@H](C)OC)c(n23)ccnc3N4CCC(O)CC4,-3.435,28,-0.12267857142857143
CCc1ccccc1-c2ccc(cc2C)C[C@H](CC)CO,-3.434,21,-0.16352380952380954
CC(C)OC(=O)N(CC1)CCC1(N)Cc2ccc(Cl)cc2,-3.434,21,-0.16352380952380954
Nc([nH+]1)cc(C)c(c12)ccc(c2)-c3ccc(c(c3)C[NH3+])-c4cc(C5CC5)nn4C,-3.432,29,-0.11834482758620689
C1C[NH2+]CCC1n(nnc2C)c2-c3nc(cs3)-c4ccccc4,-3.432,23,-0.14921739130434783
Cn(c1)c(=O)ccc1-n(c(n2)C)c(c23)ccc(c3)OC(F)(F)F,-3.431,23,-0.14917391304347827
Cc1n[nH]cc1C(=O)C(C)(C)Oc2ccc(cc2)CCNC(=O)c3ccc(Cl)cc3,-3.431,30,-0.11436666666666667
[NH3+]CCn1cncn1,-3.43,8,-0.42875
C1CCCCC1C(=O)S(=O)(=O)c2ccc(cc2)-c3ccc(I)cc3,-3.43,24,-0.14291666666666666
C1CCCN1c2ccc(cc2Cl)CNCCc3ncc[nH]3,-3.43,21,-0.16333333333333333
O[C@H](C1)CCCN1C[C@@H](OCC)CSc2ccc(c(C)c2)OCC(=O)[O-],-3.429,26,-0.13188461538461538
Cc1ncsc1-c2ccc(cc2)CNNCC[NH+]3CCOCC3,-3.429,23,-0.14908695652173912
CNc1cc(nc(N)[nH+]1)N2CCN(CC2)NCc3cccs3,-3.429,22,-0.15586363636363634
C1CC1Nc(c2CC)nc(N)[nH+]c2N[C@H](CCC3)c(c34)cnn4-c5ccccc5F,-3.428,30,-0.11426666666666667
Cc1ccnc(c1)CCCCC[NH2+][C@H]([C@@H](O)C(=O)N2CCC2)C[C@@H]3CCCNC3=O,-3.428,30,-0.11426666666666667
C1COCCN1[C@@H](C)Cc2c[nH]c[nH+]2,-3.428,14,-0.24485714285714286
CCCCC/C=C/Cc1n[nH]c(n1)-c2ccccc2,-3.428,19,-0.18042105263157895
N#Cc1ccc(cc1C)Oc2ccc(cc2)CC(=O)c3c(C)nnn3[C@@H]4CC[N@H+](CC4)CC[NH+](C)C,-3.427,36,-0.09519444444444444
CC(C)(C)[NH2+]C(C)(C)C(=O)[O-],-3.427,11,-0.31154545454545457
CC(C)NC(=O)O[C@H](CC[C@@]1(C)O)c(c12)nnn2C(F)(F)F,-3.427,22,-0.15577272727272728
COc1cccc(c1)OCC(=O)c2ccc(cc2Cl)CNCCc(n3)[nH]c(c34)cccc4OC,-3.427,34,-0.10079411764705883
Cc1ncsc1-c2ccc(cc2)CNC(=O)[C@@H](N)CC(C)C,-3.427,22,-0.15577272727272728
O=C([O-])[C@@H](N)CC[S+](C)C[C@H]1O[C@H]([C@H](O)[C@@H]1O)CCC[NH+]2CCOCC2,-3.427,26,-0.13180769230769232
O=C1CC=CN1C(=O)c2ccc(cc2)-c3ccsc3,-3.427,19,-0.1803684210526316
O=C(N1)C(C)(C)Oc(c12)cc(c(c2)OC)NNc3ccc(C(=O)[O-])c(c3)OC,-3.426,28,-0.12235714285714286
CC(C)C(C(C)C)NC(=O)Cc1c[nH]c(n1)C2CCCC2,-3.426,21,-0.16314285714285715
c1cccc(n2)c1n(c23)C[C@H](C)N3c(cc4C)cc([nH+]4)C(=O)NCc5ccc(F)cc5,-3.425,31,-0.11048387096774193
COCCCNOC(C)(C)C,-3.425,11,-0.31136363636363634
NC(=[NH2+])N1CCC(CC1)CCc([nH+]2)[nH]c(c23)ccc(Cl)c3,-3.425,21,-0.1630952380952381
n1cn(C(C)C)c(c12)nc(N[C@H](C(C)C)CO)nc2-c3ccc(cc3)[N-]S(=O)(=O)C,-3.424,30,-0.11413333333333334
Cc1nnc(n12)c(NC)nc(c2)-c3ccncc3,-3.424,18,-0.1902222222222222
CCCCCCCC(=O)C[C@H](O)C[NH2+]C,-3.422,15,-0.22813333333333335
O=c([n-]1)[nH]c(=O)cc1C(=O)c2cccc(c2F)-c(ccn3)c(c34)[nH]cn4,-3.422,26,-0.13161538461538463
CN1CC[NH+](CC1)C2CCN(CC2)[NH2+]CCCCc3ccccc3,-3.422,24,-0.14258333333333334
n1[nH]ccc1CCO[C@H](CC2)CC[C@H]2C[C@@H](C([O-])=O)[NH2+][C@@H]3CCCC[C@@H]3[C@H](O)C4CCCCC4,-3.422,34,-0.10064705882352942
CC(C)(C)CCC(=O)c1ccccc1,-3.421,14,-0.24435714285714286
CC(C)NC(=O)O[C@H](CC[C@]1(C)O)c(c12)nnn2-c3ccc(Cl)c(C(F)(F)F)c3,-3.421,29,-0.1179655172413793
CCOn1c(C)c[nH+]c1-c2ccc(C(F)(F)F)cc2,-3.42,19,-0.18
O=C1[N-]C(=O)[C@@H](S1)Cc2ccc(cc2)-c3cccc(C(=O)[O-])c3,-3.42,23,-0.14869565217391303
Cc1cccc(n1)[C@@H]2N(CCc(c23)scc3)c4cc(nc(n4)N)N5CCN(CC5)C6COC6,-3.419,33,-0.1036060606060606
CC(=O)NCCCNCc1ccc(c(Cl)c1)-c2c[nH]nc2C,-3.419,22,-0.1554090909090909
[NH3+]CCCCCCCCCC(=O)c(cc(n1)N)c(c12)ccc(Br)c2[O-],-3.418,25,-0.13672
CCN(C(=O)C1)c(c12)ccc(c2)-c3n[nH]c(n3)-c4ccccc4,-3.418,23,-0.1486086956521739
O=C(N1)C(C)(C)Oc(c12)cc(c(c2)OC)-c3ccccc3N,-3.418,22,-0.15536363636363637
c1cc(F)ccc1-c(n2)c(N3CCCC3=O)c(n24)ccnc4N5CCC(O)CC5,-3.417,29,-0.11782758620689654
COc(c(Cl)c1)ccc1CCc(nc(c23)cc(cc2)NCC)n3C[C@H](C)[NH+]4CCOCC4,-3.417,32,-0.10678125
COc1cccc(c1)-c(cc2)cc(c23)oc(c3CC(=O)O)-n(cn4)c(c45)[nH]cnc5=O,-3.416,31,-0.11019354838709677
C1CCCCC1S(=O)(=O)c2cc(Br)ccc2Br,-3.416,17,-0.20094117647058823
C1COCCN1c(o2)cc(=O)c(c23)scc3-c4cccc(c4F)-c(ccn5)c(c56)[nH]cn6,-3.416,32,-0.10675
Clc1c(F)ccc(Cl)c1[C@@H](C)Oc2cc(c[nH+]c2N)N[C@H]3CC[C@H](O)CC3,-3.416,27,-0.1265185185185185
O=C1NC(=O)N(C1(C)C)c(cc2C)cc(C)c2CCS(=O)(=O)C(=O)CCCCCCCCCO,-3.415,34,-0.10044117647058824
c1cc(Br)c([O-])c(c12)nc(N)cc2-c3c[nH]cn3,-3.415,18,-0.18972222222222224
Cc1cc(C)cc(c1)Oc2nccc(n2)-c3c(CC(C)C)[nH+]cn3[C@H]4CCN(C4)CC[NH3+],-3.415,32,-0.10671875
n1ccccc1N(C)CCCCn(c(n2)SCCC(=O)[O-])c(c23)cccc3,-3.413,27,-0.1264074074074074
c1cccc(c12)cncc2Cc([nH]n3)c(c34)cccn4,-3.413,20,-0.17065
N/C([O-])=C/C(=O)c1ccc(F)cc1,-3.412,13,-0.26246153846153847
O=[N+]([O-])c1ccccc1C(=O)c(c(n2)-c3ccc(F)cc3)c(n24)ccnc4N5CCC(O)CC5,-3.412,34,-0.10035294117647059
CC(O1)(C)C(=O)Nc(c12)ccc(c2)CCC(=O)N,-3.412,18,-0.18955555555555556
C1C[NH2+]CCC1n(nnc2C)c2-c(c3)c(C(=O)N)cc(c34)nccc4O[C@@H]5CCC[NH2+]C5,-3.411,32,-0.10659375
C1CNCCN1C(=O)[C@@H](OCC)Cc2ccc(cc2)OCCc3ccc(cc3)OS(=O)(=O)C,-3.411,33,-0.10336363636363637
CCOC(=O)c1cnn(C)c1C(=O)c(nc(n2)C)c(c23)cc(OC)c(c3)OC,-3.41,28,-0.12178571428571429
Cc1nn(C)c(C)c1-c2cccc(c2F)N(CC3)CCC34Oc5c(O4)cccc5,-3.41,29,-0.11758620689655173
Cc1nn(C)c(C)c1Cc(n2)n(c(c23)cccc3)CC4CCOCC4,-3.41,25,-0.1364
Cc1nnc(n12)c(NC)nc(c2)-n(c(n3)C)c(c34)cccc4C#N,-3.408,24,-0.142
C1COCCN1c(c2)ncc(c23)c(C)n[nH+]c3N[C@H](C)c4cccc(c4)S(=O)(=O)N,-3.408,30,-0.11359999999999999
[NH2+]1CCCC[C@@H]1N(C)CCO[C@@H]2CC[C@@H](CC2)C[C@@H](C([O-])=O)c3cccc(c3)N4CC=CC4=O,-3.408,34,-0.10023529411764706
CC[NH+]1CCN(CC1)Cc2ccc(cc2C(F)(F)F)NC(=O)c3cccc(c3)C(N)=[NH2+],-3.407,31,-0.10990322580645161
Cc1nc(cs1)-c2ccc(cc2)C(=O)c3ccc(S(=O)(=O)C)cc3Nc4ncccn4,-3.407,31,-0.10990322580645161
C[C@H](N)[C@@H](O)C(=O)[C@@H]1C=NC(N1)=C2CCC2,-3.406,16,-0.212875
COc1ccccc1Oc2nccc(n2)N3CC[C@@H](C3)N(C)CCC[NH+](C)C,-3.405,28,-0.12160714285714284
O=C([O-])[C@H]1CC[C@@H](CC1)Cn2c[nH+]c(n2)OCc3ccccc3,-3.405,23,-0.14804347826086955
CCS(=O)(=O)[N-]c1ccc(CC[NH3+])c(c1)-c(cn(C)c2=O)c(c23)oc(c3)-c4c[nH]cn4,-3.405,31,-0.10983870967741935
O=C([O-])Cc1cccc(c1)-c2noc(-c3ccccc3)c2C(=O)NCCn4ccnc4,-3.405,31,-0.10983870967741935
CC(C)CC(=O)c1csc(n1)N2CC[N+](CC2)=C(N3)CSc(c34)cccc4,-3.405,27,-0.1261111111111111
O=C1C=CCN1c2cccc(c2)/N=C(/N3)CSc(c34)cccc4,-3.404,23,-0.148
O=P([O-])OC[C@H]1O[C@H](C[C@@H]1O)[C@@H]2CCC[NH2+]C2,-3.404,17,-0.20023529411764707
CC(C)S(=O)(=O)[N-]c1ccccc1F,-3.403,14,-0.24307142857142858
COC1=C(OC)C(=O)C(=C(C)C1=O)C/C=C(/C)CCCNNC(=O)c2ccc(c(c2)OC)OC3CC3,-3.403,36,-0.09452777777777778
O=C1CCCN1Nc2ccc(C(F)(F)F)cc2[N+](=O)[O-],-3.403,20,-0.17015
c1ccccc1-c(cn2C)[nH+]c2Cc3cccc(c3)N4CCCC4=O,-3.403,25,-0.13612
CSc1ccc(cc1)C(=O)Nc2nc(cs2)C(C3)CC3(F)F,-3.402,22,-0.15463636363636366
FC(F)(F)c(n1)nc(n12)nc(C)cc2-c(cc3=O)oc(c34)c(ccc4)-c(cc5)cc(c56)OCCO6,-3.402,35,-0.09720000000000001
Cc1noc(C)c1-c2ccc(cc2)CNc(cc3)nc(c34)sc(n4)NC(=O)C5CC5,-3.402,30,-0.1134
COCCNCCOc1ccc(Cl)cc1Cl,-3.402,16,-0.212625
Cc1[nH+]n(C)c(C)c1[N-]S(=O)(=O)c2ccc(nc2)NCCc3ccc(Cl)c(Cl)c3,-3.402,29,-0.1173103448275862
COC(=O)CCCCCCCNS(=O)(=O)C,-3.401,16,-0.2125625
O=S1(=O)C(F)(F)[C@H](O)c(c12)c(C(F)F)c(cc2)C3CCCCC3,-3.401,23,-0.1478695652173913
COc1cc(OC)c(cc1C)-n(c2=O)c(=O)n(C)c(c23)nc(n3C)N[C@H]4CC[C@H](O)CC4,-3.401,32,-0.10628125
c1ccccc1C(=O)\C=C(\C)[C@H](C([O-])=O)C[C@@H]2CC[C@@H](CC2)OCC[N@H+](C)[C@H]3CCCCN3,-3.401,33,-0.10306060606060606
CCN(C1=O)c2ccc(c(c2c13)ccc3)-c4ccccn4,-3.399,21,-0.16185714285714287
Fc1ccc(cc1C)S(=O)(=O)c2c(C3CC3)[nH]nc2C,-3.398,20,-0.1699
CC(C)CNCC(=O)c(cc1=O)oc(c12)c(c([O-])cc2O)[C@H]3CC[N@H+](C)C[C@H]3O,-3.397,29,-0.11713793103448275
COc1[nH+]c(N(C)C)ncc1NCC(=O)[O-],-3.396,16,-0.21225
O=C([O-])c1c(O)cc[n+](c1O)C(c2ccccc2)c3ccccc3,-3.396,24,-0.1415
Cc1onc(C)c1-c(ccc2C)cc2S(=O)(=O)c3ccc(I)cc3,-3.395,24,-0.14145833333333332
n1cccc(c12)c([nH]n2)C[C@@H](CC(C)C)C(=O)N[C@H](C(=O)[O-])Cc(c[nH]3)c(c34)cccc4,-3.395,32,-0.10609375
COC(=O)CC(=O)N(C)C,-3.394,10,-0.33940000000000003
CCCCCCCC(=O)CC(=O)SCCNC(=O)CCNCc1cncs1,-3.394,27,-0.1257037037037037
O=c1[nH]c(=O)n(cc1C)[C@@H]2CC[N@H+](CC2)Cc3cccc(n3)N(CC4)C[C@H]([N@H+]45)CCC5,-3.394,31,-0.10948387096774194
CCCCC(=O)OC[C@H](CO)n(c(n1)SCCC(=O)[O-])c(c12)cccc2,-3.394,26,-0.13053846153846155
COc1cc(OC)c(cc1C)[C@H]2CC[N@@H+](C2)CC[NH3+],-3.393,19,-0.17857894736842103
C1C[NH2+]CCC1N(C)c(nc(c23)ccs3)nc2CCC(=O)N,-3.393,22,-0.1542272727272727
CCCCCCC/C([O-])=C\C(=O)SCCNc(n1)oc(c12)cccc2,-3.392,25,-0.13568
O=c1n(C)cc(cc1C)-c(cc2)cc(c23)N(C4CC4)[C@@H](C)C(=O)N3C,-3.392,25,-0.13568
CCCCCCC(=O)OC[C@H](COP(=O)([O-])OCC[NH3+])O[C@@H]1CC[N@H+](C1)CC[NH+](C)C,-3.392,31,-0.10941935483870967
C=CC1=C(C)C(=O)N[C@@H]1n2nnc(c2C)S(=O)(=O)c3ccc(C(C)(C)C)cc3,-3.391,28,-0.12110714285714286
CC(O1)(C)C(=O)Nc(c12)cc([O-])c(c2)-n(cc3)c(=O)n(c34)ccn4,-3.391,24,-0.14129166666666668
c1cc(F)ccc1-c(n2)c(-c(cc3)nn(c34)c(nn4)OC)c(n25)ccnc5N6CCC(O)CC6,-3.391,34,-0.09973529411764706
O=c([n-]1)[nH]c(=O)cc1C(=O)N2CCN(CC2)Cc(c3)oc(c34)cccc4,-3.391,26,-0.13042307692307692
O=C1[N-]C(=O)[C@@H](S1)Cc2ccc(cc2)Nc(cc3)cc(c34)[nH]c(n4)-c5ccccc5,-3.391,30,-0.11303333333333333
Cc1ccc(cc1)OCCc(cc2)cc(c23)OC(C)(C)C(=O)N3,-3.39,23,-0.1473913043478261
O[C@@H]1[C@@H](O)[C@@H](O)[C@@H](O[C@H]1C)c2ccc(cc2Cl)CNCCc3ncc[nH]3,-3.39,26,-0.13038461538461538
Cc1noc(C)c1-c2ccc(=O)n(c2)-n(c(n3)SCCC(=O)[O-])c(c34)cccc4,-3.39,29,-0.11689655172413793
C[N@@H+]1CC[C@@H](C1)NCCCNC(=O)c2ccc(F)cc2,-3.389,20,-0.16945
CCCCC[C@H](CC[C@@]1(C)O)c(c12)nnn2Cc3ccc(OC)cc3,-3.388,25,-0.13552
O=C1C[N@H+](CCN1)CCCNCc2cccnc2,-3.387,18,-0.18816666666666668
C1CC1Nc2[nH+]c(N)nc(c2CC)Cc(c3)oc(c34)cccc4,-3.386,23,-0.14721739130434783
Cc1ccc(cc1C)N2CCC[C@H](O)C2,-3.386,15,-0.22573333333333334
CNCc1ccccc1-c2cc(F)cc(F)c2,-3.385,17,-0.1991176470588235
Cc1nc(cs1)NNC(=O)c2cc(C(C)(C)[NH3+])cc(n2)-c3ccc(F)cc3,-3.385,27,-0.12537037037037035
c1cccc(c12)sc(n2)C(=O)N3CCC(CC3)c4nc(no4)-c5cccs5,-3.385,27,-0.12537037037037035
NC(=O)CCC(=O)[O-],-3.384,8,-0.423
c1ccccc1-c(cc2)ccc2C(=O)N(C3CC3)Cc4ccccc4-n(cc5)c(=O)n(c56)ccn6,-3.384,35,-0.09668571428571428
CCCCCCC/C([O-])=C\C(=O)SCCNc(nc(n1)C)c(c12)cccc2,-3.383,27,-0.1252962962962963
C1CC1Nc([nH+]c2N)cc(n2)N3CCN(CC3)NC4CCCCC4,-3.383,24,-0.14095833333333332
O=C(N1)C(C)(C)c(c12)cc(cc2F)-c(ncn3)c(c34)cc[nH]4,-3.383,22,-0.15377272727272728
O=c([n-]1)[nH]c(=O)cc1C(=O)N2CCN(CC2)c3ccc(O)c(O)c3,-3.382,24,-0.14091666666666666
C[NH+](C)CCN1CCN(CC1)c2ccc(F)c(F)c2F,-3.382,20,-0.1691
Cc1nn(C)c(C)c1NS(=O)(=O)c2ccc(nc2)NCC[NH2+]Cc3ccc(C(=O)[O-])cc3,-3.382,32,-0.1056875
CCCCCCCCCCCS(=O)(=O)c(cc1)cc(c12)CN(C)C(=O)N2,-3.381,26,-0.13003846153846152
n1cccc(c12)c([nH]n2)Cn(ccc3C)c(=O)c3Cc4ccc(Cl)c(Cl)c4,-3.381,27,-0.1252222222222222
Cc1nc([N+](=O)[O-])cn1C(=O)c2ccc(cc2)-c(c3)ccc(O4)c3C(=O)C[C@]45CC[N@@H+](C(C)C)CC5,-3.379,36,-0.09386111111111112
COC(=O)CC(=O)NCCCS(=O)(=O)c1ccc(nc1)NCCN2CC[NH+](C)CC2,-3.379,30,-0.11263333333333334
C1CCCC1n(c(c2)C(=O)N(C)C)c(c23)nc(nc3)-c(cn(C)c4=O)c(c45)oc(c5)-c6cnc[nH]6,-3.378,35,-0.09651428571428572
N#Cc1cccc(c12)n(c(n2)C)C(=O)Cc(cnc3)c(c34)c(O)ccc4,-3.377,26,-0.12988461538461538
c1ccncc1C[NH2+]CCC[N@H+](CCO2)[C@@H]([C@H]23)CCC3,-3.377,20,-0.16885
CNc1ccnc(n1)N(CC2)Cc(c23)cc(c(c3)OC)OCCOCCOCCOC,-3.377,31,-0.10893548387096773
[NH3+]CCc1cc(S(=O)(=O)N)ccc1-c(ncn2)c(c23)cc[nH]3,-3.376,22,-0.15345454545454545
COc1ncc(c(n1)OC)[C@H](C)c2ccc(cc2)-c3cc(F)cnc3Cl,-3.376,26,-0.12984615384615383
C1CCCC1(CC(=O)[O-])CC(=O)N2CCN(CC2)c3ccc(cc3)C[C@H]4SC(=O)[N-]C4=O,-3.375,32,-0.10546875
CN(C)CC[N@H+]1CC[C@@H](CC1)n2cnc(c2C(=O)CCC(=O)[O-])-c3ccc(C(F)(F)F)cc3,-3.375,33,-0.10227272727272728
CC[N@H+]1CC[C@@H](CC1)CCCNCc2cccnc2,-3.375,19,-0.17763157894736842
CCN(C1=O)c2ccc(c(c2c13)ccc3)S(=O)(=O)c(ccn4)c(c45)nc([nH]5)N,-3.375,28,-0.12053571428571429
Cn1ccc(n1)-c2cc(NC(=O)c3ccco3)cc(c2)-c4ccccc4O,-3.375,27,-0.125
Cc1noc(C)c1-c2ccc(cc2)CNc3ccc(cc3)OC(C)(C)C(=O)[O-],-3.374,28,-0.12050000000000001
O=C(C=1)N=c(c12)ccc(c2)-c(c(n3)-c4ccc(F)cc4)c(n35)ccnc5S(=O)(=O)CC(F)(F)F,-3.374,34,-0.09923529411764706
Cc1cccc(c1)N2CCN(CC2)CC[NH+](C)C,-3.373,18,-0.1873888888888889
O=C1NC(=O)[C@@H](S1)Cc(cc2)cc(c23)ccc(c3)-c(cs4)c(c45)oc(cc5=O)N6CCOCC6,-3.371,34,-0.09914705882352941
CCc(c1)nc(C)c(c12)c(c(C#N)c(=O)[nH]2)-c3cccc(Cl)c3F,-3.371,24,-0.14045833333333332
Cc1noc(C)c1-c2ccc(cc2)CNNC(C(C)C)C(C)C,-3.371,23,-0.14656521739130435
COc1ccc(Br)cc1S(=O)(=O)CCc2ccc[nH]2,-3.371,19,-0.17742105263157895
CS(=O)(=O)NCCCc1cc(Cl)cc(C#N)c1,-3.37,17,-0.19823529411764707
CN(C)CCC[N@H+](C)[C@H]1CCN(C1)C(=O)c([nH]2)c(c(c23)ccc(Cl)c3)Nc4ccc(N)cc4,-3.369,33,-0.1020909090909091
O=c1n(C)cc(cc1C)-c(cc2)cc(c23)n(c(n3)C4CCOCC4)CCc5ccc(O)c(O)c5,-3.369,34,-0.09908823529411766
Cc1nnn(C)c1-c(cc2)cc(c23)nc(N)cc3C,-3.369,19,-0.17731578947368423
CCCCCCCCC(=O)OC[C@@H](S(=O)(=O)C1CC1)COP(=O)([O-])OCC[N+](C)(C)C,-3.369,31,-0.10867741935483871
O=C[C@@H]1CCCN1c2ccc(cc2Cl)CNCCc3cnc[nH]3,-3.368,23,-0.14643478260869564
C/C=C/CCCCCCCC(=O)S(=O)(=O)c1ccc(nc1)NCC[NH+]2CCN(C)CC2,-3.368,31,-0.10864516129032258
CCc1c(C)[nH+]c(N)nc1N[C@@H](Cn2ccnc2)c3ccccc3,-3.368,24,-0.14033333333333334
CC1=NCS[C@@H]1c2ccc(cc2)CNC(=O)[C@@H]3C[C@@H](O)CN3c4cc[nH+]o4,-3.367,27,-0.1247037037037037
CC(C)(C)ON[C@H](C)c1ncn[nH]1,-3.367,13,-0.259
CC(C)[NH+](CC1)CCN1c(ccc2C)cc2S(=O)(=O)NC3CCCC3,-3.366,25,-0.13464
CC1CCN(CC1)c2noc(n2)C3CCN(CC3)C(=O)OC(C)(C)C,-3.366,25,-0.13464
Cc1ccc(Cl)cc1-c(sc2S(=O)(=O)C)c(c23)CCC(F)(F)[C@H]3O,-3.365,24,-0.14020833333333335
O=c([n-]1)[nH]c(=O)cc1C(=O)N2CCN(CC2)c3cnc([nH]3)C4CCCC4,-3.364,26,-0.12938461538461538
n1ccccc1N(C)CCOc2ccc(cc2)C[C@@H](C(=O)[O-])c3ncon3,-3.364,27,-0.12459259259259259
C1CCCC1(CC(=O)[O-])CC(=O)N2CCN(CC2)c3ccc(cc3)C[C@H]4SC(=O)NC4=O,-3.363,32,-0.10509375
C1COCC[N+]1=c(o2)cc(O)c(c23)scc3Cc4ccc(F)cc4,-3.362,24,-0.14008333333333334
C[NH+](C)CCN1CC[C@H](C1)c(ccc2)n(c23)nc([nH+]3)N,-3.361,20,-0.16805
CN1CCN(CC1)CCc2csc(=O)[nH]2,-3.361,15,-0.2240666666666667
O=C1[N-]C(=O)[C@@H](S1)Cc2ccc(cc2)-c3cccc(Cl)c3,-3.36,21,-0.16
CCCCCCCCCCCCNC(=O)c1ccc(S(=O)=O)cc1,-3.359,24,-0.13995833333333332
O=c([nH]1)[nH]c(=O)cc1C(=O)N2CCN(CC2)C[C@@H]3CC[N@H+](CC3)Cc4ccc([N+](=O)[O-])cc4,-3.359,33,-0.10178787878787879
C1CCCCC1C(=O)N[C@@H](C(C)C)C(=O)C(=O)[C@@H]2CN(C(=O)CC3)N3C24CCCC4,-3.359,30,-0.11196666666666667
CCN(C(=O)C1)c(c12)ccc(c2)NNC[C@@H]3CC(=NO3)c4ccc(c(F)c4)N5CC[C@@H](C5)NC(=O)C,-3.359,36,-0.09330555555555556
CC(C)(O)CC(=O)O[C@H](CC)c1cc(no1)-c2ccc(cc2)OC(C)(C)C(=O)[O-],-3.359,29,-0.11582758620689655
n1cnc(N)c(c12)ncn2CCCNCc3ccc(c(Cl)c3)-c4ccccc4,-3.359,28,-0.11996428571428572
O=C([O-])c1cc(CC)nc(c12)n(nc2C(CC)CC)-c3ccc(C#N)c(C)c3,-3.358,28,-0.11992857142857143
COc1ccccc1-n2nc(C(CC3(C)C)CC(O3)(C)C)cc2N4CCC([NH+](C)C)CC4,-3.357,32,-0.10490625
s1cncc1COc2ccc(cc2CN)C(=O)c(c(c34)cccc4)nn3Cc5ccc(F)cc5,-3.357,34,-0.09873529411764706
c1cccc(c12)c(c[nH]2)C[C@H](C(=O)[O-])c([nH+]c3N)cc(n3)N4CC[NH+](CC4)C5COC5,-3.357,31,-0.10829032258064517
C[C@H]1COCCN1CCCN2CCOCC2,-3.357,16,-0.2098125
O=S(=O)([O-])CC(F)(F)F,-3.356,9,-0.3728888888888889
n1ccn(c12)c(=O)n(cc2)-c3cc(F)c(C(F)(F)F)c(F)c3,-3.356,22,-0.15254545454545454
FC(F)(C1)[C@@H](O)c(c12)c(S(=O)(=O)C)sc2-c3ccsc3,-3.355,20,-0.16775
O=C([O-])[C@H](C)Oc1cc(ccc1Cl)Cc2ccc(cc2Cl)C[NH2+]CCCNS(=O)(=O)C,-3.355,31,-0.10822580645161291
C[NH+](C)CCCc1ccc(cc1Cl)CNCCc2cnc[nH]2,-3.355,22,-0.1525
CCC(CC)C(=O)[C@@H](N)CC(C)C,-3.355,13,-0.2580769230769231
CC(C)CNCC(=O)N1C=CCC1=O,-3.354,14,-0.23957142857142857
CCCCc1ccc(cc1)C[C@H]2SC(=O)[N-]C2=O,-3.354,18,-0.18633333333333335
n1ocnc1-c2nc(C(=O)[O-])nc(c23)nc(-c(cc4)cc(c45)ccs5)n3Cc6ccc(Cl)cc6,-3.354,34,-0.09864705882352942
C1CCCC1n(c(c2)C(=O)N(C)C)c(c23)nc(nc3)-c(cn(C)c4=O)c(c45)oc(c5)-c6c[nH]cn6,-3.353,35,-0.09580000000000001
O=C([O-])C(C)(C)Oc(cc1)ccc1CCc(cn2C)cc(c2=O)NC(=O)Nc3ccccc3F,-3.353,34,-0.09861764705882353
FC(F)(F)CCNS(=O)(=O)c1ccc(cc1)C#CC[C@@H]2O[C@H](CO)[C@@H](O)[C@H]2O,-3.353,28,-0.11975000000000001
Cn1nc(cc1)N2CCN(CC2)C(=O)c3cc(=O)[nH]c(=O)[n-]3,-3.352,22,-0.15236363636363637
C1COCC[N+]1=c(o2)cc(O)c(c23)scc3-c4cccc(c4F)-c(ccn5)c(c56)[nH]cn6,-3.352,32,-0.10475
c1ccccc1-n(nc2C)c(C)c2/C=N/N3CCN(CC3)NC4CCCC4,-3.351,27,-0.12411111111111112
CC(C)(O)Cn1cc(cn1)N(C2=O)C(=O)N([C@H]23)CC[C@H]3O,-3.351,21,-0.15957142857142856
C1CC1c(n2)[nH]c(c23)cc(-c4c(C)onc4C)cc3-c5ccc(S(=O)(=O)N)cc5,-3.351,29,-0.11555172413793104
NCc1cc(Cl)cc(c1Cl)Oc(c(Cl)cc2)c(c23)nnn3N4CCC[C@@H](O)C4,-3.35,28,-0.11964285714285715
OCCNCCC(=O)c1cc(F)ccc1O,-3.35,16,-0.209375
Nc1cc(cc[nH+]1)CCc([nH+]2)[nH]c(c23)cccc3,-3.349,18,-0.18605555555555556
Cc1noc(C)c1-c2ccc(cc2)Cc(cc3)nn(c34)c(C)c(n4)C,-3.349,25,-0.13396
n1ccccc1NCc2ccc(cc2)N3CCCCC3,-3.348,20,-0.1674
C1OCC1NCCN2CCOCC2,-3.347,13,-0.25746153846153846
C=CC1=C(C)C(=O)N[C@@H]1[O-],-3.346,10,-0.3346
CC[C@H](C)[C@H](N)C(=O)CC1CC1,-3.346,12,-0.2788333333333333
CN(C1)C(=O)Nc(c12)ccc(c2)S(=O)(=O)NCC3([NH3+])CCCCC3,-3.345,24,-0.139375
O=C([O-])c1c(=O)ccn(c1O)-c2cc(F)ccc2F,-3.344,19,-0.176
c1ccccc1C(=O)c2ccccc2S(=O)(=O)c3cccc(Br)c3,-3.344,24,-0.13933333333333334
C1COCCN1[C@@H](C)Cc2nccc(n2)-c3c(-c4ccc(F)cc4)ncn3C5CC[NH2+]CC5,-3.343,33,-0.1013030303030303
O=c1n(C)cc(cc1C)-c(cc2)cc(c23)n(CCc4c[nH]cn4)c(n3)C5CCOCC5,-3.343,31,-0.10783870967741935
O=C(N=1)N=c(c12)cc(cc2)-c3ccc(cc3Cl)CNCCc(n4)[nH]c(c45)cccc5,-3.343,30,-0.11143333333333333
COCCOCCOCCOCCn1ccnc1,-3.343,18,-0.18572222222222223
c1cccc(c12)[nH+]c(C)nc2N[C@H]3CC[C@H](O)CC3,-3.342,19,-0.17589473684210527
C1CCC1c(n2)[nH]cc2-c3ccc(cc3OCC)C(=O)N4CCC(CC4)[NH+]5CCN(C)CC5,-3.342,33,-0.10127272727272728
Cc1nn(C)c(C)c1CN(C)c2nc([C@H]3CCCCN3)nc(n2)N(C)CCC(=O)NC4CC4,-3.342,33,-0.10127272727272728
Cc1onc(C)c1-c(c(c2)OC)cc(c23)[nH]c4c3c(ncc4)-c5cc(nc(n5)N)NC6CC6,-3.341,33,-0.10124242424242424
CCc(nn1)n(c12)nc(cc2)S(=O)(=O)CCc3c(C)cc(cc3C)N(C4(C)C)C(=O)NC4=O,-3.341,33,-0.10124242424242424
c1cccc(c12)C(=O)c3c(C2=O)nnn3C4CCCCC4,-3.341,21,-0.1590952380952381
Cc1cc(C)c(c(C)c1)-c(cc2)cc(c23)OC(C)(C)C(=O)N3,-3.34,22,-0.15181818181818182
CCCCCCCCc1cccc(c1)C[NH2+]C,-3.34,17,-0.19647058823529412
COC(=O)c1ccc(c(Cl)c1)C[N@@H+](CC2)CC[C@@]2(O)Cn3ccc(O)c(C(=O)[O-])c3=O,-3.34,31,-0.10774193548387097
N#CCCN(CC1)CCC12NC(=NC2=O)c3ccc(OC(F)(F)F)cc3,-3.339,26,-0.12842307692307692
C1COCC[NH+]1[C@@H](C)CCCCCCOc(cc2)cc(c23)C=CN(C)C(=O)[C@@H]3C,-3.339,29,-0.11513793103448276
CCCCC/C=C/Cc1nnc([nH]1)-c2ccccc2,-3.338,19,-0.1756842105263158
c1cc(F)cc(c12)c(N[C@H](C)C(=O)[O-])c(C#N)c(n2)C3COC3,-3.338,23,-0.1451304347826087
O=C1NC(=O)[C@H](S1)Cc2ccc(cc2)C(=O)c3ccc(Cl)cc3,-3.338,23,-0.1451304347826087
CCc1c(NC)nc(N)[nH+]c1N2C=CCC(=C2)C(=O)N,-3.338,20,-0.1669
CC(C)(C)n(c1O)ncc1C(=O)c(c2C)ccc(S(=O)(=O)C)c2S(=O)(=O)c3ccccc3,-3.336,32,-0.10425
FC(F)(C1)[C@@H](O)c(c12)c(S(=O)(=O)C)ccc2N3CCC(=O)CC3,-3.335,23,-0.145
CCCCCCCCCCCS(=O)(=O)CC(F)(F)F,-3.335,19,-0.17552631578947367
Cn1c(=O)n(C)c(c12)cc(c(C)c2)S(=O)(=O)c(ccc3S(=O)(=O)C)c(c34)CC(F)(F)[C@H]4O,-3.335,32,-0.10421875
CCCCCCCC(=O)CC(=O)SCCNc(nc(C)[nH+]1)c(c12)cccc2,-3.334,27,-0.12348148148148148
CC(C)(C)c1cc(Br)c(O)c(c1)CNC2CCCC2,-3.334,19,-0.1754736842105263
N#CCNCC#Cc1ccc(cc1)S(=O)(=O)NCCC(F)(F)F,-3.334,23,-0.14495652173913043
CCC(=O)c1ccc(cc1)C[C@@H](C(=O)[O-])Nc2ccccc2C(=O)c3ccccc3,-3.333,30,-0.1111
c1cc(Br)c(O)c(c12)nc(N)cc2-c3c[nH]cn3,-3.333,18,-0.18516666666666667
O=C1CCCC(=O)C1=C([O-])c(cc2)c(C)c(c23)c(=O)n(-c4ccccc4)c(n3)C(=O)Nc5ccncc5,-3.332,37,-0.09005405405405405
CCCCCCCC(=O)CC(=O)SCCNc1ccc(cc1F)N2C[C@@H](OC2=O)CNC(=O)C,-3.331,34,-0.09797058823529411
OC[C@H]([NH3+])C(=O)CCc1c[nH+]c[nH]1,-3.331,13,-0.2562307692307692
C1CCC(=O)C(=C1[O-])C(=O)c2nc(Cl)c(Cl)c(c2Cl)-c3ccccc3,-3.33,25,-0.1332
CCN(C1=O)c2ccc(c(c2c13)ccc3)S(=O)(=O)C4CC4,-3.329,21,-0.15852380952380954
CCOC(=O)Cc1nc(cs1)-c2ccc(cc2)C(=O)c(cnc3C(F)(F)F)c(c34)CC[C@H]4O,-3.327,33,-0.10081818181818182
CC(C)Nc1c(F)cc(cc1F)-n(nn2)c(c23)C(=O)c4c(C3=O)cccc4,-3.327,27,-0.12322222222222222
O=C1CCN(CC1)c(cnc2C(F)(F)F)c(c23)CC[C@H]3O,-3.327,21,-0.15842857142857142
[NH3+]CCCCn(nn1)c(c12)C(=O)c3c(C2=O)cccc3,-3.327,20,-0.16635
C1CC1C(=O)C(=O)C(O)(C(F)(F)F)C(F)(F)F,-3.327,17,-0.19570588235294117
C1OCC[C@@H]1Oc(c(c2)OC)cc(c23)c(nc(n3)C)-c(cc4)cc(c45)N(C6CC6)[C@H](C)C(=O)N5C,-3.326,35,-0.09502857142857143
CCCNC(=O)c1c(cnn1C)C(=O)C(=O)CC[C@H]2c(ccc(c3)O)c3Oc(c24)cc([O-])cc4,-3.325,34,-0.09779411764705882
[nH+]1c[nH]cc1-c(o2)cc(c23)c(=O)n(C)cc3-c4cccc(Cl)c4F,-3.325,24,-0.13854166666666667
O=c1[nH]c(=O)n(cc1C)[C@H]2CCCN(C2)c(nc(=O)[nH]3)c(c34)cccc4,-3.324,26,-0.12784615384615383
CC/C=C/CCc1ccnc(n1)Nc2ccc(C#N)cc2,-3.324,21,-0.15828571428571428
CCCCCCOc1cccc(c1)C[N@H+]2CC[C@H](O)CC2,-3.323,21,-0.15823809523809523
CCCCC(=O)OC[C@H](CO)N(C[C@H](C1CC1)N2C(=O)C)c(c23)cc(cc3)-c4cnc(C(=O)N)nc4,-3.323,36,-0.09230555555555556
O=C([O-])CCSc(n1)n(c(c12)cccc2)CC[NH+]3CCCCC3,-3.322,23,-0.14443478260869566
O=C1NC(=O)[C@@H](S1)Cc2ccc(cc2)OCC[NH2+]Cc3ccc(O)cc3,-3.322,26,-0.12776923076923077
O[C@@H]1CCCN(C1)NCCCCc2ccccc2,-3.321,18,-0.1845
Cc1nn(C)c(C)c1C[NH+]2CCN(C)CC2,-3.321,16,-0.2075625
[nH+]1cccc(c12)ccc(c2)CC3CCOCC3,-3.321,17,-0.1953529411764706
CCCCCCCCCCCCC(=O)C(=O)C1CC1,-3.321,19,-0.17478947368421052
COc1cccc(c1)OCC(=O)Nc2ccc(cc2)-n(nn3)c(c34)C(=O)c5c(C4=O)cccc5,-3.321,34,-0.0976764705882353
CC(C)(C)S(=O)(=O)Cc(cc1C)cc(C)c1OC(C)(C)C(=O)[O-],-3.32,23,-0.1443478260869565
CCCCCCOc1cccc(c1)CC(=O)[C@@H]2CN(C(=O)CC3)N3C24CCCC4,-3.32,29,-0.11448275862068966
CCCC(=CC1=O)N=C([N+]1=2)N=C(N2)Cc3cnn(C)c3,-3.32,20,-0.16599999999999998
c1ccccc1[C@H](N(C)C2=O)c(c23)cc(cc3)-n4nccn4,-3.32,22,-0.1509090909090909
CC[C@@](C)(C(=O)[O-])c(c(n1)C)n(c12)ccnc2N3CCOCC3,-3.32,23,-0.1443478260869565
c1cc(C)cc(c12)nc([nH]2)CCc3cc(nc(n3)N)N4CCN(CC4)C5COC5,-3.319,29,-0.11444827586206896
Cc1cc(C)cc(c1)-n(c2=O)c3sc(c4c3c(n25)ncn5)C[N@@H+](CC4)CC6CCOCC6,-3.319,32,-0.10371875
Cc1cc([nH]n1)[C@@H](C)[NH2+]CC#Cc2ccc(cc2)S(=O)(=O)NCCC(F)(F)F,-3.317,28,-0.11846428571428572
CCCCCCCCNc1ccc(cn1)S(=O)(=O)Nc2c(C)nn(C)c2C,-3.317,27,-0.12285185185185186
CCCCCCCN(C(=O)CC(=O)OC)CCc1ccc(cc1)O[C@](C)(C(=O)[O-])CC,-3.317,31,-0.10700000000000001
o1cccc1-c(cc2)cc(c23)[C@@H](C[C@H](C)N3C(=O)C)NC(=O)N4CCC(CC4)[NH+]5CCN(C)CC5,-3.316,35,-0.09474285714285714
CS(=O)(=O)CCCOc(ccc1)c(c12)c(C)c(o2)C(=O)c3[nH+]ccn3C,-3.316,26,-0.12753846153846154
c1ccccc1C(=O)c2ccccc2N[C@H](C(=O)[O-])Cc3ccc(cc3)N4CCC[C@H](O)C4,-3.316,33,-0.10048484848484848
O=C([O-])CCSc(n1)n(c(c12)cccc2)-c3ccc(cc3)C[C@H]4SC(=O)[N-]C4=O,-3.315,29,-0.1143103448275862
CCNC(=O)c(c1)[nH]c(c12)c(=O)n(C)cc2N[C@H](C)c3ccc(cc3)-c4cc(F)cnc4Cl,-3.315,33,-0.10045454545454545
O=C([O-])Cn(cc1)c(c12)ccc(c2)-c3c(cccc4)c4nc(c35)CCCC5,-3.314,27,-0.12274074074074075
CN1CCN(CC1)CCCC2CCOCC2,-3.313,16,-0.2070625
CCCCCCOc1cccc(c1)CCCOCCOC,-3.311,21,-0.15766666666666668
n1nc(C)n(c12)nc(cc2)-c3cccc(c3)-c4csc(=O)[nH]4,-3.308,22,-0.15036363636363637
[NH3+][C@H]1CCCN(C1)C[C@H](O)CCCC(=O)[O-],-3.308,16,-0.20675
c1cc(Cl)ccc1C(=O)NCCc2ccc(cc2)N3CCN(CC3)c4ccc(Cl)c(Cl)c4,-3.308,32,-0.103375
CCCCC/C=C/CCc1ccc(O)cc1,-3.308,16,-0.20675
CCN(C(=O)C1)c(c12)ccc(c2)Nc3ccc(cc3)OC(C)(C)C(=O)[O-],-3.308,26,-0.12723076923076923
CCCCCCCC(=O)S(=O)(=O)CC,-3.307,14,-0.2362142857142857
o1nccc1C(=O)CC[C@@H](C)[C@H]2CC[C@H]([C@@]23C)[C@H]4[C@H](C[C@@H]3O)[C@]5(C)[C@H](C[C@H]4O)C[C@H](O)CC5,-3.307,33,-0.10021212121212121
Cc1c[nH+]cc(c1)C[C@H]2O[C@H]([C@H](O)[C@@H]2O)n(cn3)c(c34)ncnc4N,-3.305,25,-0.1322
O=C([O-])CCCN1C(=O)[C@H](CC(=O)[O-])O[C@H](c2cccc(Cl)c2)[C@H]1c3ccc(Cl)cc3,-3.305,31,-0.10661290322580645
Cc1cc([nH]n1)[C@@H](C)Nc([nH]2)nc(c23)cc(cc3C)N4CCOCC4,-3.304,25,-0.13216
CCCCCCC(=O)OC[C@@H](c1cccc[nH+]1)COP(=O)([O-])OC[C@@H](O)CO,-3.304,28,-0.118
CN1CCN(CC1)c(cc2)cc(c23)n(c(n3)NCC[NH3+])Cc4ccccc4,-3.304,27,-0.12237037037037037
OCCCc1c[nH]c[nH+]1,-3.303,9,-0.367
COc1cccc(c1)CC(=[NH2+])Nc(cn(C)c2=O)c(c23)O/C(C3)=c4\cnc([nH]4)=C5CCCC5,-3.302,33,-0.10006060606060606
OCCOCNC1CCN(CC1)c2ccccn2,-3.302,18,-0.18344444444444444
Clc1cc(Cl)cc(c1)NN2CC[NH+](CC2)C3COC3,-3.302,19,-0.17378947368421052
FC(F)(F)c(cc1)ccc1-c(ncc2C)n2Cc3ccccc3CC[NH3+],-3.301,26,-0.12696153846153846
COc1nc(N(C)C)ncc1N2CCN(CC2)c3ccc(Cl)cc3,-3.3,24,-0.13749999999999998
CC(=O)NCCCn1c(-c2cccc(C)c2)nc(C(=O)[O-])c1-c3cccc(Cl)c3,-3.3,29,-0.11379310344827585
CC(=O)NC[C@H]1CN(C(=O)O1)C(=O)c2ccc(cc2)-c3csc(n3)CC(C)C,-3.299,28,-0.11782142857142856
CC(C)Oc(c1)c(C(=O)N)cc(c12)nccc2-c(cc3F)cc(c34)C(C)(C)C(=O)N4,-3.299,30,-0.10996666666666667
CC1=NCS[C@@H]1c2ccc(cc2)CNC(=O)[C@@H]3C[C@@H](O)C[N@H+]3[C@@H]4CCCNC4,-3.298,28,-0.11778571428571429
CC(C)CCNS(=O)(=O)c1ccc(cc1)C(=O)[C@@H]([NH3+])CO,-3.297,21,-0.157
N#C[C@H]1C[C@H](C1)[N@H+](C2CCCC2)Cc3ccccc3OCCCCCC(=O)[O-],-3.296,28,-0.1177142857142857
C[N+](C)(C)C1CCN(CC1)c2ccc(cc2)Nc(c[nH+]3)n(c34)CCC4,-3.296,25,-0.13183999999999998
COc1cccc(c1)-c2ccc(c(F)c2)NC(=O)c3ccsc3C(=O)n4cc(C)c(=O)[nH]c4=O,-3.295,34,-0.09691176470588235
CC(C)(C)[NH2+]Cc(n[nH]1)c(c12)cccn2,-3.295,15,-0.21966666666666665
CC(C)(C)[NH2+]CCC1OCCO1,-3.295,12,-0.27458333333333335
CC(=O)N1CCC(CC1)CNc2cc(nc(N)[nH+]2)-c3cccc(Cl)c3Cl,-3.295,26,-0.12673076923076923
CCN(C1=O)c2ccc(c(c2c13)ccc3)Nc(cn(C)c4=O)c(c45)oc(c5)-c6c[nH]cn6,-3.294,32,-0.1029375
C1CC1N2C(C)(C)C(=O)N(C)c(c23)ccc(c3)Nc(ccc4)c(c45)oc(cc5O)=[N+]6CCOCC6,-3.294,35,-0.09411428571428572
O=C([O-])Cc1cccc(c1)-c2noc(-c3ccccc3)c2C(=O)NCC[N@H+](CCO4)[C@@H]([C@H]45)CCC5,-3.293,35,-0.09408571428571429
CCCCCCCC(=O)CC(=O)SCCNn(cc1)c(=O)n(c12)cc[nH+]2,-3.293,26,-0.12665384615384617
O=C([O-])c1ccc(cc1OC)NNc2ccc([NH3+])cc2,-3.292,20,-0.1646
ONc(cc1)cc(c12)n(CCOC(F)(F)F)c(n2)C3CCOCC3,-3.292,24,-0.13716666666666666
Cc1ccc(cc1)N(C)c2ccc(cc2)C(=O)NCCC(F)(F)F,-3.291,24,-0.137125
Cc1cc(C)cc(c1)S(=O)(=O)c2c(Cl)cc(cc2Cl)-c3ccnc(c3)N4CC[NH2+]CC4,-3.29,31,-0.10612903225806451
C[C@@H](O)Cc1ccc(cc1)S(=O)(=O)N[C@@H](C(=O)[O-])Cc(c[nH]2)c(c23)cccc3,-3.29,28,-0.11750000000000001
O=C1CC[NH+](CC1)C[C@@H](O)c2cccc(Cl)c2,-3.29,17,-0.1935294117647059
Cc1c(=O)n(C)ncc1-c(ncc2C)nc2Nc3ccc(Cl)c(c3)NS(=O)(=O)C(C)(C)C,-3.29,32,-0.1028125
C1COCC[NH+]1[C@@H](C)Cc2c[nH]cn2,-3.289,14,-0.23492857142857143
C[NH+]1CCN(CC1)c2cc(F)c(c(F)c2)-c3cc(CO)ccc3F,-3.288,24,-0.13699999999999998
s1cncc1Nc(c2CC)nc(N)[nH+]c2N3CCN(C)CC3,-3.288,22,-0.14945454545454545
O=c1[nH]c(cs1)-c2cccc(c2)-c(cc3)c(C(F)F)c(c34)[C@@H](O)C(F)(F)S4(=O)=O,-3.288,29,-0.11337931034482758
O=C(C1)NC[C@@H]1[C@@H](C)c(cc2)c(c3c24)ccc5c3c(cc4)ccc5,-3.287,24,-0.13695833333333332
COc1ccc(cc1OC)-c(n2)n(c(c23)ccc(Br)c3)C[C@@H]4CCCN(C4)C(=O)C,-3.286,30,-0.10953333333333333
CC(C)C[C@H](N)C(=O)c1cc([nH+]c(n1)N)N2CCCCC2,-3.286,21,-0.1564761904761905
CCN1CC[NH+](CC1)Cc2ccc(cc2C(F)(F)F)Nc3ccc(OC)cc3,-3.284,28,-0.11728571428571428
COc1ccccc1S(=O)(=O)Nc(cc2)c3[n-]c(C(=O)C4CC4)cc(c3c25)c(O)n5C,-3.284,31,-0.10593548387096774
C1C[NH+](C)CCN1c2nc(N)nc(c2CC)Cc3nc(cn3C)-c4ccccc4,-3.284,29,-0.11324137931034482
CNCc1ccccc1Cc(cc2)cc(c23)COc4c(cccc4)C\3=C(/C)c5noc(=O)[n-]5,-3.282,33,-0.09945454545454546
c1cccc(c12)C(=O)c3c(C2=O)nnn3N4CC[NH+](CC4)Cc5ccccc5,-3.282,28,-0.11721428571428572
FC(F)(F)c(n1)nc(n12)nc(C)cc2N3CCS[C@@H](CC3)c4cccs4,-3.28,26,-0.12615384615384614
c1cccn1CC2CC2,-3.28,9,-0.3644444444444444
COC(=O)[C@H](C(C)(C)C)NC(=O)c(c(c12)cccc2)nn1N3CCCC3,-3.28,26,-0.12615384615384614
c1cccc(c12)oc(c2)CN(C[C@@H](N3C(=O)C)C4CC4)c(c35)cc(cc5)C6=CC[NH2+]CC6,-3.279,32,-0.10246875
[nH+]1ccccc1N(C)CCOc2ccc(cc2)C[C@@H](C(=O)[O-])c3ncon3,-3.279,27,-0.12144444444444444
C[NH+](C)CCN(CC1)CCC1n(nnc2C)c2NCCNC(=O)NC3CCN(CC3)c4cccc[nH+]4,-3.279,36,-0.09108333333333334
CN(C)CCN(CC1)CCC1n(nnc2C)c2-c3cccc(n3)-c4cc(Cl)ccc4O,-3.279,31,-0.10577419354838709
s1nncc1-c(o2)cc(=O)c(c23)scc3-c(cc4)cc(c45)OCCO5,-3.279,25,-0.13116
N#Cc1cccc(c12)n(c(n2)C)-c3nccc(n3)-c4c(-c5ccc(F)cc5)ncn4C6CC[NH2+]CC6,-3.277,36,-0.09102777777777778
O=C([O-])c1cc(C)nc(c12)n(nc2C(C)C)-c3scnc3C,-3.276,22,-0.1489090909090909
c1ccccc1-c(cc2)ccc2O[C@H](C(=O)[O-])Cc3ccc(cc3)[N@H+]4CCC[C@@H]4CO,-3.276,31,-0.10567741935483871
Cc1[nH+]c(CN(C)C)ccc1N2CCCC2,-3.276,16,-0.20475
CCNC(=O)c(c1)[nH]c(c12)c(=O)n(C)cc2-c3cc(C(C)(C)O)ccc3NCCc4cc[nH+]cc4,-3.275,35,-0.09357142857142857
CC(C)=CCC[C@H](C)Nc1cc(C(=O)[O-])ccc1N2CCC(CC2)N3CCCOC3=O,-3.275,31,-0.10564516129032257
O=c1n(C)ncc(c1C)Nc2ccc(C(F)(F)F)cc2[N+](=O)[O-],-3.274,23,-0.14234782608695654
CC(C)(C)c([nH]n1)cc1N(C(=O)CC)[C@H](c2cccnc2)C(=O)CCCNC(=O)CC(=O)OC,-3.274,34,-0.09629411764705882
CNCc1cccc(c1)C[NH2+][C@H](C)c2ccc(cc2)-c3c(C)noc3C,-3.274,26,-0.12592307692307692
CNc1ccnc(n1)-c(ccc2S(=O)(=O)C(F)F)c(c23)CC(F)(F)[C@H]3O,-3.274,26,-0.12592307692307692
Cn(c1)c(=O)ccc1-c(cn2C)c(n2)COc3ccc(cc3)-c4cc[nH+]cc4,-3.273,28,-0.11689285714285715
C1CCCCC1c(n2)nc(c23)n(c(=O)n(c3[O-])CCC)CCCNN4CCCC4=O,-3.273,30,-0.1091
CC[NH+]1CCN(CC1)c(n2)n(c(c23)cccc3)CC4CCOCC4,-3.272,24,-0.13633333333333333
Clc(c1)cccc1C(=O)C[C@@]2(O)CC[N@@H+](CC2)Cc3ccc(cc3Cl)-c4ncon4,-3.272,30,-0.10906666666666666
CSc1ccc(cc1)-c2cccc(c2C)CCCN3CCOCC3,-3.271,24,-0.13629166666666667
O=Cc1ccccc1/C=N/Cc2ccccc2-c3ccccc3,-3.27,23,-0.14217391304347826
CCOC(=O)n(c(c1)CC)c(c12)CCCC2=O,-3.269,17,-0.19229411764705884
O=P([O-])([O-])[C@H](S(=O)(=O)[O-])CCCc1cccc(c1)NC2C=C2,-3.268,22,-0.14854545454545454
COc(cc1)cc(c12)c(CCC(=O)[O-])cn2-n3ccnc3C(=O)Nc(cc4)cc(c45)n(nn5)C,-3.268,34,-0.09611764705882353
COc1nc(N)nc(n1)-c2ccc(cc2Cl)C3=N[C@@H](C)CO3,-3.268,22,-0.14854545454545454
CC(C)CCNS(=O)(=O)c1ccc(cc1)N[C@@H](Cn2cc[nH+]c2)c3ccccc3,-3.268,29,-0.11268965517241379
CCOC(=O)Cc1nc(cs1)C(=O)OC(C)(C)C,-3.267,18,-0.1815
CCN(C1=O)c2ccc(c(c2c13)ccc3)-c4cc(C)c(O)c(C)c4,-3.267,24,-0.136125
n1cc([O-])cn1S(=O)(=O)c(cc2)cc(c23)C[NH2+]CC3,-3.267,19,-0.17194736842105263
C=CCOS(=O)(=O)c(cc1)cc(c12)CN(C)C(=O)N2C,-3.267,20,-0.16335
CCOC(=O)CCNC(=O)[C@@H](c1cccnc1)N(NC2CCCC2)c3ccc(C(C)(C)C)cc3,-3.266,34,-0.09605882352941177
CCOC(=O)CCNc1ccc(cn1)S(=O)(=O)Nc2c(C)nn(C)c2C,-3.265,26,-0.12557692307692309
CNCc1ccccc1-c2csc(c2)[C@@H](C)c(cc3)cc(c3=4)=CC(=O)N4,-3.265,26,-0.12557692307692309
C[NH+](C)CCCN(C)[C@H]1CCN(C1)C(=O)c([nH]2)c(c(c23)ccc(Cl)c3)Nc4ccc(N)cc4,-3.264,33,-0.0989090909090909
C[NH+](C)CC[NH+]1CCN(CC1)Nc2ccc(Cl)cc2,-3.264,19,-0.17178947368421052
CCCn(c1=O)c(=O)n(CCC)c(c12)nc([nH]2)-c3ccc(cc3)CC[NH3+],-3.264,26,-0.12553846153846154
OCCOc1c(C)cc(cc1C)-c(cc(Cl)c2)c(c23)O[C@H](C3)C(=O)N4CCNCC4,-3.263,30,-0.10876666666666666
c1nccn(c12)c(NC(C)(C)C)c(n2)-c3ccc(C(C)(C)C(=O)[O-])cc3,-3.263,26,-0.1255
Nc(n1)nn(c12)c(ccc2)-c3ccc(Br)cc3,-3.262,17,-0.19188235294117648
c1ccccc1[C@H]2COCCN2c(ncc3C)n3Cc4ccccc4OCCC[C@@H](C)CC(=O)[O-],-3.262,35,-0.0932
c1ncccc1[C@H](C(=O)NC)N(CC#C[Si](C)(C)C)c2ccc(C(C)(C)C)cc2,-3.262,29,-0.11248275862068965
CCOC(=O)c1cnn(C)c1C(=O)c2ccc(cc2)C[C@H]3SC(=O)NC3=O,-3.261,27,-0.12077777777777778
Cc1nn(C)c(C)c1CC#Cc2ccc(cc2)S(=O)(=O)NCCC(F)(F)F,-3.261,27,-0.12077777777777778
c1cc(Br)c(O)c(c12)[nH+]c(N)cc2N3CC[N+](CC3)=C(N4)CSc(c45)cccc5,-3.26,29,-0.11241379310344826
NC(=[NH2+])N(CC1)CCC1n(nnc2C)c2-c3cccc(n3)CCC(c4ccccc4)c5ccccc5,-3.26,36,-0.09055555555555556
Cc1ncsc1C(=O)N[C@@H](c(nnc2C)n2c(c34)cccc4)N=C3c5ccccc5,-3.259,30,-0.10863333333333333
CN(C)CC[N@@H+]1CC[C@H](C1)c(n2)n(Cc3ccccc3)c(c24)cc(cc4)N5CC[NH+](C)CC5,-3.259,33,-0.09875757575757575
C[NH+](C)CCC[N@@H+](C)[C@H]1CCN(C1)S(=O)(=O)c2ccc(cc2)C#CCNS(=O)(=O)C,-3.259,30,-0.10863333333333333
CO[C@@H](C)C[C@@H]1O[C@@H]([C@@H](O)[C@H]1O)C[S+](C)CC[C@H](N)C(=O)[O-],-3.259,22,-0.14813636363636362
N#C\C=C\c(cc1C)cc(C)c1C(=O)c2ccc(cc2)C#CCNS(=O)(=O)c3ccccc3,-3.258,33,-0.09872727272727273
CSc1ccc(cc1)/C(O)=C/C(=O)c(cn2)cc(c23)cccc3,-3.258,23,-0.14165217391304347
Cc1cc(F)cc(C)c1-c2nc(ncc2C)Nc3ccc(c(F)c3)C(=O)N[C@@H]4CC[N@@H+](C)CC4,-3.258,34,-0.09582352941176471
OCCCc1cnc[nH]1,-3.258,9,-0.362
s1ccc(c12)cc(cc2)-c(n3)n(c(c34)c(nc(n4)C(=O)[O-])N[C@H](C)C5CC5)OCc6ccccc6,-3.257,35,-0.09305714285714287
CN1C(=O)[C@H](C)N(C2CC2)c(c13)cc(cc3)-c(cnc4C(F)(F)F)c(c45)C[C@@H](F)[C@H]5O,-3.257,31,-0.10506451612903227
c1cccc(c12)c(c[nH]2)C[C@H]([NH3+])C(=O)NC3CCN(CC3)CCc4c[nH]cn4,-3.256,28,-0.11628571428571428
C1CCCCC1c2nnc(C)c(c23)ccc(c3)N4CC[NH2+]CC4,-3.255,23,-0.14152173913043478
CCc1c(NC)nc(N)nc1[C@H](C)c2ccc(cc2)-c3c(C)noc3C,-3.255,26,-0.12519230769230769
Fc1ccccc1-c2cn(C)c(=O)c(c23)C/C(O3)=c4\cnc([nH]4)=C5CCC5,-3.255,27,-0.12055555555555555
O=C([O-])Cn(cc1)c(c12)ccc(c2)OCCCC(=O)Cc(c[nH+]c3)c(c34)c(O)ccc4,-3.255,31,-0.105
Nc([nH+]1)cc(C)c(c12)ccc(c2)-c3ccc(c(c3)CN)CCCCCC(=O)[O-],-3.254,28,-0.11621428571428571
COc1ncc(c(n1)OC)-c2cccc(c2)N3CCCC3=O,-3.254,22,-0.1479090909090909
c1nccc(c12)c(C(=O)[O-])c(C)c(n2)[C@H](C)c3ccc(s3)-c4ccccc4CO,-3.254,29,-0.11220689655172414
Cc1nn(C)c(C)c1Cn2c(nccc3)c3cc4n(C)c(=O)c(c4c25)ccc5,-3.254,28,-0.11621428571428571
CN1CCN(CC1)c(cc2)cc(c23)n(Cc4ccccc4)c(n3)[C@H]5CC[N@@H+](C5)CC[NH3+],-3.254,31,-0.10496774193548387
[nH]1ccc(c12)c(ncn2)CC3(O)CCN(CC3)Cc4ccc(cc4Cl)-c5ncon5,-3.253,30,-0.10843333333333334
n1[nH]ccc1-c2ccc(cc2Cl)C[NH2+]CCc3c[nH+]c[nH]3,-3.253,21,-0.1549047619047619
C1CC1S(=O)(=O)C(=O)O[C@H](CC)c2cc(no2)-c3ccc(cc3)OC(C)(C)C(=O)[O-],-3.253,30,-0.10843333333333334
c1nccc(c12)c(C(=O)[O-])c(C)c(n2)-c3ccc(cc3)C(=O)c4ccc(S(=O)=O)cc4,-3.252,31,-0.1049032258064516
O=C1CN(CCN1)c(c[nH]2)c(c23)ccc(c3)C(F)(F)F,-3.252,20,-0.1626
OCCOc1c(C)cc(cc1C)-c2cccc(n2)-c3c(C)nnn3C4CC[NH2+]CC4,-3.251,30,-0.10836666666666667
C[C@@]1(O)CCC(=O)[C@@H](OC)[C@]1(O)[C@@]2(C)O[C@@H]2CC[NH+]3CCC3,-3.251,22,-0.14777272727272728
C1CC1Nc(c2CC)nc(N)nc2-c3ccc(cc3)C[C@@H]4SC(=O)[N-]C4=O,-3.251,27,-0.12040740740740741
COc1ccc(Br)cc1S(=O)(=O)[N-]c2cccc(c2)-c3c[nH]cn3,-3.25,24,-0.13541666666666666
O=C1CCCc(c12)n(c(c2)CC)-c3cnn(c3)C[C@H](C)OC,-3.25,22,-0.14772727272727273
C1CCCCC1c2n[nH+]c(C)c(c23)ccc(c3)N4CC[NH2+]CC4,-3.25,23,-0.14130434782608695
OB(O)c1ccc(cc1)-c(n2)sc(c23)cccc3,-3.249,18,-0.1805
o1cccc1-c(cc2)cc(c23)[C@H](NC(=O)OC(C)C)C[C@H](C)N3c4cc(nc(N)[nH+]4)N5CCOCC5,-3.248,36,-0.09022222222222223
CCc(c1)nc(C)c(c12)c(c(C#N)c(=O)[nH]2)-c3ccc(cc3)NS(=O)(=O)C,-3.248,27,-0.1202962962962963
Cc1cccc(C)c1-c(c2)c(C(=O)N)cc(c23)[nH+]ccc3O[C@@H]4CCC[NH2+]C4,-3.247,28,-0.11596428571428571
COC(=O)n(c1=O)c(=O)n(C)c(c12)ccc(c2C)C(=O)C3=C([O-])CCCC3=O,-3.247,28,-0.11596428571428571
OCCS(=O)(=O)c1ccc(cc1)-c2[nH]nc(n2)-c3ccc(F)cc3,-3.247,24,-0.13529166666666667
CCN1CC[NH+](CC1)Cc2ccc(cc2C(F)(F)F)NC(=O)c3cccc(c3)C(N)=[NH2+],-3.247,31,-0.10474193548387097
C1OCC[C@@H]1c2ccc(cc2OC)C(=O)N[C@@H]3CC[N@@H+](C)CC3,-3.246,23,-0.1411304347826087
C=CCc1ncon1,-3.245,8,-0.405625
O=c([nH]1)scc1-c2ccc(cc2OC)CNCCc(n3)[nH]c(c34)cccc4,-3.245,27,-0.12018518518518519
O=C([O-])CCSc(n1)n(c(c12)cccc2)-c3ccc(cc3)C[C@H]4SC(=O)NC4=O,-3.244,29,-0.11186206896551724
CC[N@H+]1CC[C@@H](CC1)CC[C@@H](O2)[C@@]2(C)[C@@]3(O)[C@H](OC)C(=O)CC[C@@]3(C)O,-3.244,26,-0.12476923076923077
O=c1n(C)cc(cc1C)-c(cc2)cc(c23)n(CCC(C)C)c(n3)C4CCOCC4,-3.243,29,-0.11182758620689655
C[C@H]([NH3+])[C@@H]([O-])C(=O)c1cncc(Cl)c1,-3.243,14,-0.23164285714285712
C1CNCCN1c(c2)ccc(c23)c(C)[nH+]nc3CCOCCOCCOCCOCCO,-3.243,32,-0.10134375
C1CC1Nc(c2CC)nc(N)[nH+]c2-c3ccc(cc3)C[C@@H]4SC(=O)[N-]C4=O,-3.242,27,-0.12007407407407407
c1cccc(c12)cc(cn2)C(=O)CCOCCOCCO,-3.241,21,-0.15433333333333335
FC(F)(F)C(=O)N[C@@H](C(C)(C)C)C(=O)c(cnc1C(F)(F)F)c(c12)CC[C@H]2O,-3.24,28,-0.11571428571428573
CS(=O)(=O)N1CCN(CC1)c2ccc(cc2)/C(c3cccc(O)c3)=C(/CCCO)C4=CCCC=C4,-3.24,35,-0.09257142857142858
[NH3+]Cc(cc1)ccc1-c(n(n2)C)c(c23)ncn(c3=O)CC4(O)CCN(CC4)c5cc(F)cc(F)c5,-3.24,35,-0.09257142857142858
C[NH+]1CCN(CC1)C2CCN(CC2)S(=O)(=O)c(cc3)cc(c34)scn4,-3.239,25,-0.12956
CCn1c(=O)[n-]c(=O)c(c12)[C@H](c3ccc(C)cc3)C(=C(C)N2)C(=O)c(cc4C)n(c45)cc[nH]c5=O,-3.239,35,-0.09254285714285714
C1CC1Oc2ccc(cc2OC)C(=O)NNC(=O)c3cc(C(C)(C)N)cc(n3)C(=O)C4CC4,-3.239,33,-0.09815151515151514
FC(F)(F)Nc(cc1)cc(c12)c(c[nH]2)C3CC[NH2+]CC3,-3.238,20,-0.1619
c1c[nH]c(c12)c(=O)n(C\C=C\C)cc2-c3cccc(c3)C(=O)[C@H](C)C(=O)[O-],-3.238,27,-0.11992592592592592
c1c(F)c(F)cc(c12)CC(C2)(CC(=O)[O-])C(=O)c(cc3)cc(c34)ccc(c4)C[C@@H]5SC(=O)[N-]C5=O,-3.238,35,-0.09251428571428572
NCC[NH2+]Cc1ccccn1,-3.238,11,-0.2943636363636364
Cc1nnn(C)c1-c(c2)c(F)cc(c23)c4c(cc(cn4)C(C)(C)O)n3-c5ccc(cc5)C6=N[C@@H](C)CO6,-3.238,37,-0.08751351351351351
Cc1cc(C)c(c(C)c1)S(=O)(=O)c2cc(F)c(c(F)c2)NC(=O)Nc3cncs3,-3.238,29,-0.11165517241379311
Cc1ccc(cc1)Cc2ccc(cc2)-c([nH]3)c(C#N)c(=O)c(c34)cncc4,-3.237,27,-0.11988888888888889
O=C([O-])c1ccc(cc1)C[N@@H+]2CC[N@H+](CC2)Cc3ccccc3,-3.237,23,-0.14073913043478262
O=C(N1)C(C)(C)c(c12)cc(cc2F)-c3ccccc3OCCCC(=O)[O-],-3.237,26,-0.1245
OCCS(=O)(=O)c1ccc(cc1)-c2n[nH]c(n2)-c3ccc(F)cc3,-3.236,24,-0.13483333333333333
O=C1CCCc(c12)n(c(c2)CC)N[C@H](Cc(c[nH]3)c(c34)cccc4)C(=O)Nc5ccncc5,-3.236,33,-0.09806060606060607
N#Cc(c(N)[nH]1)c(c12)cc(cc2)-c3[nH]nc(n3)-c4ccccc4,-3.236,23,-0.14069565217391306
n1cccc(c12)c(n[nH]2)CN3CCCCC3,-3.236,16,-0.20225
c1ccccc1C(=O)/C=C(\C)n(c2=O)c3sc(CCCC4)c4c3c(n25)ncn5,-3.235,28,-0.11553571428571428
CN(C)c1ccc(cc1)N(Cc2cc(Cl)cs2)c(cc3)cc(c3=4)=NC(=O)N4,-3.235,27,-0.1198148148148148
CCCCCC(=O)N[C@@H](CO)[C@H](O)Cc1ccccc1CN(C)C(=O)c2ccc(cc2)-c3ccco3,-3.235,36,-0.08986111111111111
COc1cc(OC)c(cc1C)-c2ccc(Cl)cc2Cl,-3.235,19,-0.17026315789473684
CC[C@@H]([C@H](C)O)n1ncc(c1[O-])C(=O)c2ccc(S(=O)(=O)C)c(c2C)-c3ccc(OC)cc3,-3.235,33,-0.09803030303030302
Nc1ccc(cn1)-c2ccc(cc2)C[C@@H]3SC(=O)[N-]C3=O,-3.235,21,-0.15404761904761904
O=c1n(C)cc(cc1C)-c(cc2)cc(c23)n(c(n3)C4CCOCC4)CCc5c[nH]c[nH+]5,-3.234,31,-0.10432258064516128
[nH]1c(N)nc(c12)c(ccn2)C(=O)[C@H](C(C)C)NC(=O)C3CCCCC3,-3.233,25,-0.12932
CCCCCCCCCc1nccs1,-3.233,14,-0.23092857142857143
C1CCCC1(CC(=O)[O-])CC(=O)N2CCN(CC2)c3cccc(c3)OC(F)(F)F,-3.233,29,-0.11148275862068965
CNc1ccnc(n1)-c(cc2)cc(c23)c(ccn3)OC,-3.233,20,-0.16165000000000002
CCOC(=O)c(cc1)c2cccc(c2c13)C(=O)N3CC,-3.233,20,-0.16165000000000002
CCN1CCN(CC1)Cc2ccc(cc2C(F)(F)F)Nc3cc[nH+]c(N)c3,-3.232,27,-0.11970370370370371
OCC[NH2+]CCc1n[nH+]c(C)c(c12)ccc(c2)N3CC[NH2+]CC3,-3.232,23,-0.14052173913043478
CCOC(=O)c1csc(n1)N2CCN(CC2)c3cccc(c3)N4CC=CC4=O,-3.231,28,-0.11539285714285714
O=c1[nH]c(=O)n(cc1C)C2CCN(CC2)Cc3cccc(n3)S(=O)(=O)c(cc4)cc(c45)C[NH2+]CC5,-3.23,35,-0.09228571428571429
O=c1[nH]c(=O)n(cc1C)C2CCN(CC2)c(cc3)c(C(F)F)c(c34)[C@@H](O)C(F)(F)S4(=O)=O,-3.23,32,-0.1009375
CC(C)S(=O)(=O)c1ccc(cc1)S(=O)(=O)NCCC(F)(F)F,-3.23,22,-0.14681818181818182
COc(c1)cccc1-c(ncn2CC#C)c2CCc3ccc(cc3)O[C@@](C)(C(=O)[O-])CC,-3.229,32,-0.10090625
C1CC1Nc(c2CC)nc(N)nc2-c3cc(NC)[nH+]c(n3)N,-3.229,22,-0.14677272727272728
CC(C)On(c(=O)n1C)c(=O)c(c12)c(C)c(cc2)C([O-])=C3C(=O)CCCC3=O,-3.228,28,-0.1152857142857143
C=CCOc(n1)c(N)c(C(=O)[N-]S(=O)(=O)C)c(c12)cc(F)cc2,-3.228,23,-0.14034782608695653
[nH+]1c[nH]cc1-c(o2)cc(c23)c(=O)n(C)cc3-c4cc(F)c(c(F)c4)-c5cc(CO)ccc5F,-3.228,33,-0.09781818181818182
CC[C@H](C)[C@H](N)C(=O)NNCC(=CC1=O)N=C([N+]1=2)C=C(N2)C3CCOCC3,-3.227,27,-0.11951851851851851
Oc1ccc(cc1)CCc([nH]n2)c(c23)cccn3,-3.227,18,-0.17927777777777776
Cc1nc(cs1)CCOc2ccc(cc2)C[C@@H](C(=O)[O-])Nc3ccccc3C(=O)c4ccccc4,-3.227,35,-0.09219999999999999
CCOC(=O)c1cnn(C)c1C(=O)C(=O)c2[nH]cc(c2C)C3(CC3)c4ccc(C(F)(F)F)nc4,-3.227,34,-0.09491176470588235
COCCOCCOCCOCCNCC#Cc1ccc(cc1)C(=O)NCCC(F)(F)F,-3.227,32,-0.10084375
O=C([O-])CCCCCCCCCCc1ccno1,-3.227,18,-0.17927777777777776
Cc1noc(C)c1-c2ccc(cc2)-c3cccc(n3)-c4c(C)nnn4C5CC[NH2+]CC5,-3.227,31,-0.10409677419354839
CS(=O)(=O)CCCOc(ccc1)c(c12)c(C)c(o2)C(=O)c3nccn3C,-3.226,26,-0.12407692307692307
c1ccccc1-c(cc2)ccc2O[C@H](C(=O)[O-])Cc3ccc(cc3)N4CCC[C@@H]4CO,-3.226,31,-0.10406451612903225
C1C[C@H](C)CC[C@@H]1C(=O)C(=O)c(cnn2C)c2C(=O)Nc(c3)c(C#N)cn(c34)cc(n4)-c5ccccc5,-3.224,37,-0.08713513513513514
Nc1ccccc1-c(ccc2S(=O)(=O)C(F)(F)F)c(c23)CC(F)(F)[C@H]3O,-3.222,26,-0.12392307692307693
COc1cccc(c1)-c(cc2)cc(c23)c(OC)cc[nH+]3,-3.222,20,-0.1611
CCCCCN1CCC[C@H]([NH3+])C1,-3.222,12,-0.2685
CN1CCN(CC1)c(c2)[nH]c3c(ccc(c3c24)n(C)c4O)-c5ccccc5OCCO,-3.22,31,-0.1038709677419355
Cc1c(C)c(O)c(C)c(c12)CC[C@](O2)(C)C[NH+]3CCN(C(C)C)CC3,-3.22,25,-0.1288
CC(C)(C)NNCCc(c(c12)cc(OC)cc1)c([nH]2)-c3ccccc3,-3.219,25,-0.12875999999999999
O=c1n(C)ncc(c1C)-c(cc2)cc(c23)O[C@@H](C(=O)N3)CC4CC4,-3.219,24,-0.134125
c1cc(Br)c(O)c(c12)[nH+]c(N)cc2Nc(cc3)cc(c34)c(c[nH]4)C5CC[NH2+]CC5,-3.219,29,-0.111
CC(=O)N1CCC(CC1)CN[C@H](c2ccc[nH+]c2)C(=O)NC3CCCCC3,-3.218,27,-0.11918518518518519
COC1=C(OC)C(=O)C(=C(C)C1=O)C/C=C(\C)CC/C=C(\C)CCCc(cc[nH+]2)c(c23)[nH]c(n3)N,-3.218,35,-0.09194285714285715
O[C@H]1CC[C@@H](CC1)Nc2ccncc2F,-3.217,15,-0.21446666666666667
n1nc(C)n(c12)cc(cc2)-c3ccnc(N)c3,-3.217,17,-0.18923529411764706
COCCCNC(=O)[C@@H](c1cccnc1)N(COCCO)c2ccc(C(C)(C)C)cc2,-3.217,31,-0.1037741935483871
CC(C)C[C@H](N)C(=O)OC(C)C,-3.217,12,-0.26808333333333334
Cc(c1)c(C)cc(c12)sc(n2)Cc([nH]3)nc(c34)cc(cc4C)N5CCOCC5,-3.216,28,-0.11485714285714287
O=C([O-])CCCCCCC[C@H](O)Cc1c[nH]cn1,-3.216,18,-0.17866666666666667
O=C([O-])CCC(\C)=C/COc1ccccc1CN(C)c2c[nH+]cc(C)c2,-3.215,26,-0.12365384615384614
Cc1noc(C)c1-c2ccc(cc2)CN[NH2+]C3CCN(CC3)c4ccccn4,-3.215,28,-0.11482142857142856
c1cc(F)cc(c12)c(N[C@H](C)C(=O)[O-])c(C#N)c([nH+]2)N[C@H](C)c3ccc(Br)cc3,-3.215,29,-0.11086206896551723
CCN(C(=O)C1)c(c12)ccc(c2)-c3cc(Cl)c[nH]c3=O,-3.214,20,-0.1607
c1ccc(C)c(c12)nc([nH]2)CC[NH2+]Cc3ccc(c(Cl)c3)-c4[nH]nc(n4)-c5ccc(F)cc5,-3.214,33,-0.0973939393939394
c1ccncc1CNCCCN(CCO2)[C@@H]([C@H]23)CCC3,-3.214,20,-0.1607
Clc1ccccc1S(=O)(=O)c2cn[nH]c2-c3cccc(C(F)(F)F)c3,-3.214,25,-0.12856
NC(=O)Cc1cc(C)nc(n12)nc(n2)C(F)(F)F,-3.214,18,-0.17855555555555555
[nH]1cncc1-c(o2)cc(c23)c(=O)n(C)cc3-c4cccc(Cl)c4F,-3.213,24,-0.133875
CC(C)(C)OC(=O)NCCCNNc1cncs1,-3.212,18,-0.17844444444444446
c1[nH+]ccc(c12)c(C(=O)[O-])c(C)c(n2)NCCOc(cc3)c(c4c35)ccc6c4c(cc5)ccc6,-3.211,34,-0.09444117647058824
Nc(n1)nn(c12)c(ccc2)N3CCN(CC3)C(=O)CC4(CC(=O)[O-])CCCC4,-3.211,28,-0.11467857142857142
C1C[N@H+](C)CC[C@H]1NC(=O)c(cc2OC)ccc2-c3noc(n3)C4CCN(CC4)C(=O)OC(C)(C)C,-3.21,36,-0.08916666666666667
O=c1n(C)cc(cc1C)-c(n2)n(c(c23)cccc3)-c4cc(CO)ccc4F,-3.21,27,-0.11888888888888889
CCCNc(cc1)cc(c12)oc(c2CC(=O)[O-])-c3cccc(c3)OC,-3.21,25,-0.1284
CCn(cn1)c(c12)c(=O)[nH]c(=O)n2-c3nc(ncc3Cl)Nc4ccc(cc4)N5CC[NH+](C)CC5,-3.21,34,-0.09441176470588235
CCN(C(=O)C1)c(c12)ccc(c2)-c3ccn(n3)C,-3.21,18,-0.17833333333333334
n1nn(C)cc1-n(c(n2)C)c(c23)ccc(c3)OC(F)(F)F,-3.21,21,-0.15285714285714286
C1CC1N2C(C)(C)C(=O)N(C)c(c23)ccc(c3)-c(sc4S(=O)(=O)C)c(c45)CCC(F)(F)[C@H]5O,-3.209,33,-0.09724242424242424
c1[nH]ncc1-c(cn2C)c(n2)COc3ccc(cc3)-c(cc4)nc(c45)cccc5,-3.209,29,-0.11065517241379311
CCc(c1)nc(C)c(c12)c(c(C#N)c(=O)[nH]2)-c3ccc(cc3)NNCCOC,-3.208,28,-0.11457142857142857
N#C\C=C\c(cc1C)cc(C)c1N[C@@H](Cn2ccnc2)c3ccccc3,-3.207,26,-0.12334615384615384
CNc1cc(nc(N)[nH+]1)N2CCN(CC2)N(C3CC3)Cc4ccccc4OCCCCCC(=O)[O-],-3.207,35,-0.09162857142857142
FC(F)(F)c1ccc(c(c12)CC[C@H]2O)-n3c(=O)n(ncn4)c4c(c35)c6c(s5)CCCC6,-3.206,31,-0.10341935483870968
Nc1nc(SC)nc(c12)n(cn2)-c(sc3S(=O)(=O)C)c(c34)CCC(F)(F)[C@H]4O,-3.206,28,-0.1145
CC(C)(C)S(=O)(=O)C[C@H](C1CC1)CCCCCc2ccccn2,-3.205,23,-0.13934782608695653
CCc1c(NC)[nH+]c(N)nc1-c2ccc(cc2)NS(=O)(=O)C,-3.205,22,-0.1456818181818182
C1CC1Nc(c2CC)nc(N)[nH+]c2-c3ccc(cc3)C[C@@H]4SC(=O)NC4=O,-3.205,27,-0.1187037037037037
C[NH+]1CCN(CC1)CCNc2ccc(cn2)S(=O)(=O)c3[nH]ncc3-c4ccncc4,-3.204,30,-0.1068
Cn1ccnc1C(=O)c(o2)c(C)c(c23)c(ccc3)OCCCNc(cc4)cc(c45)OC(C)(C)C(=O)N5,-3.204,36,-0.08900000000000001
CC(=O)N1CCC(CC1)CNS(=O)(=O)C(C)(C)C,-3.203,18,-0.17794444444444443
CC(C)NC(=O)O[C@H](CC[C@@]1(C)O)c(c12)nnn2[C@H]3CCOC3,-3.203,23,-0.13926086956521738
C1CC1NC[C@@H](OCC)CSc2ccc(c(C)c2)OCC(=O)[O-],-3.202,23,-0.13921739130434782
CO[C@@H](C)Cn1cc(cn1)-c(c(n2)C)n(c23)ccnc3-c4ccn[nH]4,-3.201,25,-0.12804000000000001
COc1ccc(cc1)Cn(nn2)c(c23)[C@](C)(O)CC[C@H]3ONC4CCN(CC4)c5ccccn5,-3.199,34,-0.09408823529411764
[NH3+]Cc1ccc(cc1)N2CC[NH+](CC2)Cc3ccccc3,-3.197,21,-0.15223809523809523
Cc(n1)c(C)n(c12)nc(cc2)-c(c(c34)cc(Br)cc4)nc(n3)N(C)CCC[NH+](C)C,-3.197,30,-0.10656666666666667
O=c([n-]1)onc1[C@@H](C)c(cc(F)c2)c(c23)ccc(c3)C#N,-3.197,21,-0.15223809523809523
c1cccc(c12)c3c(n2CC)ccc(c3)[C@@H](C(=C(C)N4)C(=O)CC(=O)N)C(C4=5)=C(O)CCC5,-3.197,33,-0.09687878787878788
CC(C)C(C(C)C)NC(=O)Cc1cnc([nH]1)C2CCCC2,-3.194,21,-0.1520952380952381
O=C([O-])C(=O)CC(=O)NCCCc1cccc(c1)-c2cc(F)cc(Br)c2,-3.193,26,-0.12280769230769231
Clc1ccc(cc1Cl)C2CCN(CC2)c3cn[nH]c3,-3.193,19,-0.16805263157894737
Cc1cc(OC)cc(c12)c(C[C@H](C)CCC(=O)[O-])c3c(n2)[nH]nc3C,-3.193,25,-0.12772
O=C1NC(=O)[C@@H](S1)Cc(c(c23)scc3)ccc2-c4ccsc4,-3.192,22,-0.1450909090909091
c1ccccc1[C@H](N(C)C2=O)c(c23)cc(cc3)C(=O)c4c(cnn4C)C(=O)N5CCOCC5,-3.192,33,-0.09672727272727273
c1cccc(C2=O)c1C(=O)c(c23)n(nn3)-n(nc4C)c(C)c4/C=N/N5CCN(CC5)Cc6ccccc6,-3.192,37,-0.08627027027027027
C[C@H]1CC[C@@H](CC1)CC(=O)c2ccc(cc2)C#CCNS(=O)(=O)c3ccccc3,-3.191,29,-0.11003448275862068
Cc1ccccc1CC(=O)c2cc([nH+]c(n2)N)NC3CC3,-3.191,21,-0.15195238095238095
Cc1onc(C)c1-c(ccc2C)cc2S(=O)(=O)CCN(C)[C@H]3CCCC[NH2+]3,-3.191,27,-0.11818518518518518
O=c1[nH]cc(Cl)cc1-c(cnc2C(F)(F)F)c(c23)C[C@@H](F)[C@H]3O,-3.191,23,-0.13873913043478261
N#Cc(cc1)ccc1N[C@H](C[C@H](C)N2C(=O)C)c(c23)cc(cc3)N4CCC([NH+](C)C)CC4,-3.19,32,-0.0996875
Oc1c(C)cc(cc1C)[NH2+]CCc2ccc(Cl)c(Cl)c2,-3.189,20,-0.15945
N#Cc1cc(Cl)cc(c1)-c2ccc(cc2Cl)CNCCCO,-3.189,22,-0.14495454545454545
C[NH+](C)CCN(CC1)CCC1n(nnc2C)c2-c(cc3)cc(c34)N(C5CC5)C(C)(C)C(=O)N4C,-3.189,34,-0.09379411764705882
COc1cc(OC)cc(c12)nc([nH]c2=O)-c(nnc3C)c(c34)cc(cc4)N5CC[NH2+]CC5,-3.189,32,-0.09965625
C1COCC[N+]1=c(o2)cc(O)c(c23)scc3-c(cc4)cc(c45)nccc5,-3.188,26,-0.12261538461538463
C1OCC1[NH+](CC2)CCN2c(n3)cc(nc3N)NCCC(c4ccccc4)c5ccccc5,-3.188,33,-0.09660606060606061
COCCOCC[N@@H+](CC1)Cc(c12)sc3c2c4n(ncn4)c(=O)n3Cc5ccc(OC)cc5,-3.186,33,-0.09654545454545455
O=C1CC[C@@H](C(=O)N1)N(C2=O)C(=O)c(c23)c(ccc3)-c4ccco4,-3.186,24,-0.13275
c1cc(F)ccc1-c(o2)c(C(=O)NC)c(c23)cc(C4CC4)c(c3)N5CC[C@@H](C5)NC(=O)C,-3.186,32,-0.0995625
c1c[nH]c(c12)c(=O)n(C\C=C\C)cc2-c3cccc(c3)C(=O)N4CCOC[C@@H]4C,-3.185,29,-0.10982758620689656
CCCCCCCOC(C)(C)C,-3.185,12,-0.2654166666666667
c1cc(C(F)(F)F)cc(c12)n(CC)c([nH+]2)[C@@H](C)Nc3cc[nH+]c(N)c3,-3.185,25,-0.1274
c1c(Cl)ccc(c12)c([C@H](C)C(=O)[O-])c([nH]2)C(=O)NCC[NH+]3CCOCC3,-3.184,26,-0.12246153846153847
Cc1nc(CN(C)C)ccc1-c(c(c23)c(=O)[nH]nc3)cnc2NC45C[C@H]6C[C@@H](C5)C[C@H](C6)C4,-3.183,33,-0.09645454545454545
CCNCc1ccc([C@@H](C)O)cc1,-3.183,13,-0.24484615384615382
c1cc[nH]c1CC[NH+](CC2)CCC23Oc4c(O3)cccc4,-3.182,21,-0.15152380952380953
c1cccc(c12)c3c(n2CC)ccc(c3)[C@@H](C(=C(C)N4)/C([O-])=C/C(=O)N)C(C4=5)=C(O)CCC5,-3.181,33,-0.09639393939393939
CC(C)(C)c(cc1)ccc1N(S(=O)(=O)CC)[C@H](c2cccnc2)C(=O)CCC[C@@H](C)CC(=O)[O-],-3.181,34,-0.09355882352941176
O=C([O-])[C@@H](N)CC[S+](C)C[C@H]1O[C@H]([C@H](O)[C@@H]1O)CCC[NH+]2CCOCC2,-3.181,26,-0.12234615384615385
Cc1cc(OC)cc(c12)c(c3c(n2)[nH]nc3C)CNCCCNC(=O)c4ccc(F)cc4,-3.18,32,-0.099375
O=C([O-])C(C)(C)N1CC[NH2+]CC1,-3.18,12,-0.265
[nH+]1ccccc1N(CC2)CCC2NC(=O)NCC[NH2+]Cc3ccc(O)cc3,-3.18,27,-0.11777777777777779
CCCCC1C=C1,-3.179,7,-0.4541428571428571
Cn1nc(cc1)N2CCN(CC2)C(=O)c3cc(=O)[nH]c(=O)[nH]3,-3.179,22,-0.1445
O=C([O-])c1ccc(cc1)CN2CCN(CC2)Cc3ccccc3,-3.178,23,-0.13817391304347826
CC(C)(C)c(on1)cc1N(C(F)(F)F)[C@@H](C(=O)NC(C)(C)C)c2cccnc2,-3.178,28,-0.1135
CCOc1ccc(C(=O)C)cc1[C@H](C(=O)[O-])Cc2ccc(cc2)OCCN(C)c3ccccn3,-3.177,34,-0.09344117647058824
CNC(=O)c1cccc(c1)S(=O)(=O)c(cc2)nc(c23)sc(n3)[N-]C(=O)C4CC4,-3.177,28,-0.11346428571428571
Cc1nc(C[NH+](C)C)ccc1N2CCCC2,-3.177,16,-0.1985625
c1c(Cl)ccc(c12)[nH]c(n2)CCc3cn(C)c(=O)c(c34)C/C(O4)=c5\cnc([nH]5)=C6CCCC6,-3.176,33,-0.09624242424242424
FC(F)(F)c1ccc(cc1)N2CCN(CC2)Nc(cc3)cc(c34)c(c[nH]4)C5CC[NH2+]CC5,-3.175,32,-0.09921875
CNc1cc([nH+]c(n1)N)Nc2cc(OC)cc(c2)OC,-3.175,20,-0.15875
CCCCCCCCCCCCCCC[C@@H](O)[C@H](CO)NCCOCCOCCOCCOC,-3.175,34,-0.09338235294117647
c1nccc(c12)c(C(=O)[O-])c(C)c(n2)NCCOc(cc3)c(c4c35)ccc6c4c(cc5)ccc6,-3.174,34,-0.09335294117647058
Fc1ccc(cc1)-c2ncn(c2NC3CC3)C4CC[NH2+]CC4,-3.173,22,-0.14422727272727273
Brc1ccc(cc1)-c2ncn(C3CC[NH2+]CC3)c2-c(cc4)cc(c45)OCCO5,-3.173,28,-0.11332142857142857
Cc1onc(C)c1-c(c(c2)OC)cc(c23)[nH]c4c3c(ncc4)CC(=O)N,-3.172,26,-0.12200000000000001
CCCCC(=O)OC[C@H](CO)OC(=O)CCCCCCCCCc1cc[nH+]c(C)c1,-3.172,30,-0.10573333333333333
COc1ccc(c(C)c1)Nn2c(nccc3)c3cc4n(C)c(=O)c(c4c25)ccc5,-3.171,29,-0.1093448275862069
CCOC(=O)c1ccc(cc1)C2CCN(CC2)c(cc3)nn(c34)c(Cl)nn4,-3.171,27,-0.11744444444444443
C[NH+](C)CCN1CCC(CC1)c2ccc(O)c(O)c2,-3.171,19,-0.16689473684210526
O=c1ccc(cn1C)-c2ccc(cc2)-c3ccccc3,-3.17,20,-0.1585
CCC(=O)c1c[n-]c(c1)C(=O)C(=O)c2ccc(cc2)-c3cccc(F)c3,-3.169,26,-0.12188461538461538
C[C@H](O)c1ccc(nc1)CCS(=O)(=O)c2c(Cl)cc(Br)cc2Cl,-3.169,23,-0.13778260869565218
c1ccccc1-n(nc2C)c(C)c2/C=N/N3CCN(CC3)n(cc4)c(=O)n(c45)cc[nH+]5,-3.168,31,-0.10219354838709678
c1ccccc1-c2n[nH]c(n2)NCCc3cc[nH+]cc3,-3.168,20,-0.1584
Cc1cc(OC)cc(c12)c(c3c(n2)[nH]nc3C)Cc(ccn4)c(c45)nc([nH]5)N,-3.167,28,-0.11310714285714285
c1ccccc1-n(nc2C)c(C)c2/C=N/c3ccc(cc3Cl)C[NH2+]CCc4cnc[nH]4,-3.167,31,-0.10216129032258064
C[C@H]1C[C@@H](C)CN(C1)C(=O)c2cnn(C)c2C(=O)Nc(c3)c(C#N)cn(c34)cc(n4)-c5ccccc5,-3.165,36,-0.08791666666666667
N#Cc1cc(F)cc(c1)-c(n2)n(c(c23)cccc3)CC4CCOCC4,-3.165,25,-0.1266
C=CC1=C(C)C(=O)NC\1=C\C2=N[C@@H](C(=C2C)CCC(=O)[O-])c3cc(C)c(=O)n(C)c3,-3.164,30,-0.10546666666666667
O=C1NC(=O)[C@@H](S1)Cc2ccc(cc2)Nc(cc3)cc(c34)nc([nH]4)-c5ccccc5,-3.164,30,-0.10546666666666667
CCCCCCCCCCCCC(=O)OC[C@@H](COP(=O)([O-])[O-])[NH+]1CCN(C)CC1,-3.163,30,-0.10543333333333332
CN(C)c1c(Cl)c(Cl)nc(c1Cl)C([O-])=C2C(=O)CCCC2=O,-3.163,22,-0.14377272727272727
C[C@H](O)Cn1ccnc1,-3.163,9,-0.35144444444444445
COc(cc1)cc(c12)c(CCC(=O)[O-])cn2-c(cc(Cl)c3)c(c34)O[C@H](C4)C(=O)N5CC[NH2+]CC5,-3.163,34,-0.09302941176470587
O=c([n-]1)[nH]c(=O)cc1C(=O)Cc2ccc([N+](=O)[O-])cc2,-3.162,20,-0.1581
c1ncc(C)c(c12)c(ccc2)S(=O)(=O)c(ncn3CC#C)c3-c4ccc(OS(=O)=O)cc4,-3.162,32,-0.0988125
c1ccccc1Oc2cccc(n2)C[N@H+]3CC[C@@H](CC3)CCc4c[nH]cn4,-3.161,27,-0.11707407407407408
CCS(=O)(=O)N1CCN(CC1)c2ccc(nn2)OC,-3.161,19,-0.16636842105263158
CS(=O)(=O)Oc1ccc(cc1)CCC(=O)c2ccc(cc2F)-c3cc(F)ccc3F,-3.161,30,-0.10536666666666666
CC1=NCS[C@@H]1c2ccc(cc2)CNC(=O)[C@@H]3C[C@@H](O)CN3[C@@H]4CCC[NH2+]C4,-3.161,28,-0.11289285714285714
Nc([nH]1)nc(c12)c(ccn2)-c(cc3=O)oc(c34)c(cs4)-c(cc5)cc(c56)OCCO6,-3.161,30,-0.10536666666666666
CO[C@@H](C)Cn1cc(cn1)-c(c(n2)C)n(c23)ccnc3-c4ccc(C)cc4,-3.16,27,-0.11703703703703704
CCc(nn1)n(c12)nc(cc2)-c(cc3)cc(c3n(c(nn4)C)c4C56CC6)C(=N5)c7ccc(Cl)cc7,-3.159,35,-0.09025714285714286
OC[C@H]1O[C@H]([C@H](O)[C@@H]1O)N2CCN(CC2)C(=N3)CSc(c34)cccc4,-3.159,25,-0.12636
[NH3+]CCCCCCCCCC(=O)N[C@@H](CO)C(=O)c1cnc[nH]1,-3.159,23,-0.1373478260869565
C1CCCC1n(c(c2)C(=O)N(C)C)c(c23)nc(nc3)Nc4ccc(C(F)(F)F)cc4[N+](=O)[O-],-3.158,33,-0.0956969696969697
OCCCN[C@@H](C(C)C)C(=O)Nc1ccncc1,-3.158,18,-0.17544444444444443
Cc1cc(no1)[C@@H](C)NC[C@@H]2CC[N@H+](CC2)Cc3ccc([N+](=O)[O-])cc3,-3.158,26,-0.12146153846153845
OC[C@H]1O[C@H]([C@H](O)[C@@H]1O)N2CC[N+](CC2)=C(N3)CSc(c34)cccc4,-3.158,25,-0.12632
CSc1ccc(cc1)C(=O)C[NH2+][C@@H](C(=O)[O-])Cc(c[nH]2)c(c23)cccc3,-3.158,26,-0.12146153846153845
CN1CCN(CC1)c2ccc(cc2)[NH2+]CCC3CCCCC3,-3.157,22,-0.1435
CNCc1ccccc1C(=O)C2CCCCC2,-3.157,17,-0.18570588235294117
CCCCCCCCCCCCC(=O)OC[C@H](O)CO,-3.157,20,-0.15785
O=C1C[N@H+](CCN1)CCC[NH2+]Cc2cccnc2,-3.157,18,-0.1753888888888889
Clc(c1)cccc1C(=O)CC2(O)CCN(CC2)Cc3ccc(cc3Cl)-c4ncon4,-3.156,30,-0.1052
Cc1cc([nH]n1)[C@@H](C)NCCOc2ccc(cc2)C[C@@H]3SC(=O)[N-]C3=O,-3.156,26,-0.1213846153846154
C[N@H+]1CC[C@@H](CC1)NN2CCSCC2,-3.155,14,-0.22535714285714284
Cc1noc(C)c1-c2ccc(=O)n(c2)N3CC[C@@H](C3)N(C)CCC[NH+](C)C,-3.155,27,-0.11685185185185185
O=C(N1)C(C)(C)Oc(c12)cc(c(c2)OC)Nc3ccc(C#N)c(C)c3,-3.155,25,-0.12619999999999998
O=C(C1)NC[C@@H]1[C@@H](C)Oc(c(c23)cccn3)cc(c2)Cc4ccccc4C(=O)[O-],-3.155,29,-0.10879310344827585
[nH]1cncc1-c(o2)cc(c23)c(=O)n(C)cc3N4CCC(CC4)NC(=O)[C@@H]([NH3+])Cc(c[nH]5)c(c56)cccc6,-3.154,37,-0.08524324324324324
C1COCCN1c(c2)ncc(c23)c(C)nnc3-c4cccc(C(=O)[O-])c4,-3.154,26,-0.12130769230769231
c1ccccc1C(=O)c2ccccc2N[C@H](C(=O)[O-])Cc3ccc(cc3)OCCN4CCC[C@@H](O)C4,-3.154,36,-0.08761111111111111
C1=CCCC=C1[C@@H](CCCO)C(=O)[C@H](C(C)C)NC(=O)C2CCCCC2,-3.153,26,-0.12126923076923077
c1nccn1C[C@@H]([NH2+]C(C)(C)CO)c2ccc(Cl)cc2Cl,-3.153,21,-0.15014285714285713
C[NH+](C)CCN(CC1)CCC1n(nnc2C)c2-c3cccc(n3)-c4cccc(c4)-c5csc(=O)[nH]5,-3.153,35,-0.09008571428571428
c1c(F)c(F)cc(c12)CC(C2)(CC(=O)[O-])C(=O)Cc3ccc(cc3)-c4cccc(F)n4,-3.151,31,-0.10164516129032257
CNCc1ccccc1-n(c(n2)N)c(c23)cccc3,-3.151,19,-0.16584210526315787
FC(F)(F)C(=O)N[C@@H](C(C)(C)C)C(=O)c(ccc1)c(c12)cccc2,-3.15,24,-0.13125
N#Cc1cc(Cl)cc(c1)CCCNCc2cccnc2,-3.149,20,-0.15745
O=C([O-])c1ccc(cc1)CNCC[NH+]2CCOCC2,-3.149,19,-0.16573684210526315
O=C(C=1)N=c(c12)ccc(c2)-c(c(n3)-c4ccc(F)cc4)c(n35)ccnc5-c6cccc(Cl)c6,-3.148,33,-0.09539393939393939
COc1ccc(cc1)Cn(nn2)c(c23)[C@@](C)(O)CC[C@H]3Oc(cc4)cc(c45)O[C@@H](C(=O)N5)CC6CC6,-3.148,36,-0.08744444444444445
C[NH+](C)CCN1CC[C@H](C1)c2ccc(I)cc2,-3.147,17,-0.18511764705882353
CCc(nn1)n(c12)nc(cc2)N(CC3)CCC34NC(=NC4=O)c5ccc(OC(F)(F)F)cc5,-3.146,33,-0.09533333333333333
O=C([O-])C(C)(C)NO,-3.146,8,-0.39325
Cc1cc(Cl)ccc1[C@@H]2N(C(=O)c(c23)n[nH]c3C(C)C)CCc4ccc[nH]4,-3.145,27,-0.11648148148148148
C1CCCC1Nc(c2)c(ccc2C(=O)[O-])N3CCC(CC3)N4CCCOC4=O,-3.144,28,-0.1122857142857143
C[C@H](O)c1ccc(nc1)CCN2CCNC(=O)C2,-3.144,18,-0.17466666666666666
CCNS(=O)(=O)CCc1c(C)cc(cc1C)N(C2(C)C)C(=O)NC2=O,-3.143,25,-0.12572
CCC(CC)n(nn1)c(c12)[C@](C)(O)CC[C@H]2OC(=O)NC(C)C,-3.143,23,-0.13665217391304346
Fc1cc(F)ccc1Oc(ncc2CS(=O)(=O)CC)c(c2)CC[NH+]3CCN(C)CC3,-3.143,30,-0.10476666666666666
o1cccc1-n(c(c2)CC)c(c23)CCCC3=O,-3.142,17,-0.1848235294117647
COc1ccc(nn1)N2CCN(CC2)c(cc3)c4[nH]c(cc(c4c35)c(O)n5C)N6CCN(C)CC6,-3.142,35,-0.08977142857142857
O=C([O-])C/[NH+]=C/C(=O)CCC[NH2+]CCC(F)(F)F,-3.141,18,-0.1745
C1CC1c(n2)cccc2[C@H](CC)C[C@](O)(Cn3cncn3)c4ccc(F)cc4F,-3.141,29,-0.10831034482758621
CC(C)CN1CCOCC1,-3.141,10,-0.3141
Cn1nc(cc1)-c2ccc(cc2)S(=O)(=O)CCO,-3.141,18,-0.1745
O=C1NC(=O)[C@@H](S1)Cc2ccc(cc2)Nc(cc3)cc(c34)[nH]c(n4)-c5ccccc5,-3.141,30,-0.1047
CNc1cc(nc(N)[nH+]1)N2CCN(CC2)c3c(-c4ccccc4)ncn3Cc5ccc(Cl)cc5,-3.139,34,-0.0923235294117647
C=CCOc(cc1)cc(c12)ccc(c2)C[C@@H]3SC(=O)[N-]C3=O,-3.139,22,-0.14268181818181816
[nH]1nccc1-c2ccc(cc2Cl)C[NH2+]CCc3c[nH+]c[nH]3,-3.138,21,-0.1494285714285714
Cc1ccccc1-c(c2)ccc(O3)c2C(=O)C[C@@]34CC[N@H+](C(C)C)CC4,-3.138,26,-0.12069230769230768
O=C([O-])C(C)(C)Oc1ccc(cc1)CCNc2ncon2,-3.137,21,-0.1493809523809524
c1ccccc1-n(nc2C)c(C)c2/C=N/n3cc(C)c(=O)[nH]c3=O,-3.137,24,-0.13070833333333334
C1OCC1c(n2)c[nH]c2C3CCC3,-3.137,13,-0.2413076923076923
c1cccc(c12)c(c[nH]2)C[C@H](C(=O)[O-])NS(=O)(=O)c3ccc(cc3)NCCc4cc[nH+]cc4,-3.136,33,-0.09503030303030303
CC(=O)NC[C@H]1CN(C(=O)O1)c2c(C)nnn2C3CC[NH2+]CC3,-3.135,23,-0.13630434782608694
c1ccccc1-n(nc2C)c(C)c2/C=N/N3CCN(CC3)S(=O)(=O)c(cc4)cc(c45)scn5,-3.134,33,-0.09496969696969697
C[NH+](C)CCCc1ccc(C(C)(C)O)cc1-c(cn(C)c2=O)c(c23)O/C(C3)=c4\cnc([nH]4)=C5CCC5,-3.132,36,-0.08700000000000001
Nc([nH+]1)[nH]c(c12)c(ccn2)-c(cc3=O)oc(c34)c(cs4)-c(cc5)cc(c56)OCCO6,-3.131,30,-0.10436666666666666
c1c(Cl)ccc(c12)c([C@@H](CC)[C@H](C)O)c([nH]2)C(=O)N3CC[C@@H](C3)[N@@H+](C)CCCN(C)C,-3.131,31,-0.10099999999999999
O=C1CC[C@@H](C(=O)N1)[C@@H](C2CC2)CS(=O)(=O)N3CCCC3,-3.131,21,-0.1490952380952381
CN(C)C(=O)c1cccc(c1)-c(c(c23)cc[nH]3)cn(c2=O)-c4cc(F)c(C(F)(F)F)c(F)c4,-3.13,33,-0.09484848484848485
CC(C)NC(=O)N1CCN(CC1)c2cc([nH+]c(n2)N)NC3CC3,-3.13,23,-0.13608695652173913
[NH3+]CCCCNCc1ccc(c(Cl)c1)-c2ccccc2N,-3.13,21,-0.14904761904761904
CC(=O)N1CCC[C@H](C1)Cn(c(c23)ccc(Br)c3)c([nH+]2)[C@H](C)c4cccc(N)c4,-3.128,29,-0.10786206896551724
Cc(n1)sc(c12)ccc(c2)-c3ccc(C#N)cc3,-3.128,18,-0.17377777777777778
Cc1noc(c12)nc(C)nc2N3CC[NH+](CC3)C4COC4,-3.128,21,-0.14895238095238095
CC1=NCS[C@@H]1c2ccc(cc2)CNc(cc[nH]3)c(c34)nc(n4)N,-3.127,24,-0.13029166666666667
OCCCCCn(c1-c2ccn[nH]2)nc(c1C)C(=O)NC34C[C@@H]5C[C@H](C4)C[C@@H](C5)C3,-3.127,30,-0.10423333333333333
O=P([O-])([O-])OP(=O)([O-])SCC[N@H+]1CCC[C@@H]1CO,-3.127,18,-0.17372222222222222
C1CCCC1N([C@H](CC)C(=O)N2C)c(c23)nc(nc3)-c(cc4)cn(c45)c(nn5)C,-3.127,29,-0.10782758620689654
Cc([nH+]1)c(C)n(c12)nc(cc2)OCc3nc(cn3C)C(=O)[C@H](O)[C@H](C)[NH3+],-3.126,26,-0.12023076923076922
NCc1ccc(c(Cl)c1)Cc2ccc(cc2Cl)-c3ncon3,-3.126,22,-0.14209090909090907
Cc1nn(C)c(Cl)c1S(=O)(=O)NCc2ccc(cc2)N(C3=O)C(=O)N([C@H]34)CC[C@H]4O,-3.126,30,-0.1042
c1c[nH+]ccc1-n(c(=O)n(c2=O)CCC)c(c23)nc([nH]3)C4CCCCC4,-3.126,26,-0.12023076923076922
CCS(=O)(=O)Cc1cnc(c(c1)C(=O)OC(C)(C)C)Oc2ccc(F)cc2F,-3.125,28,-0.11160714285714286
CC1=NCS[C@@H]1c2ccc(cc2)CNCc3ccco3,-3.124,20,-0.1562
O=C([O-])Cc1cccc(c1)-c2noc(-c3ccccc3)c2C(=O)NCCn4cc[nH+]c4,-3.123,31,-0.10074193548387098
CC[C@H](C)[C@H]([NH3+])C(=O)c1ccc(cc1)-c(n2)c(C#N)c([O-])c(c23)cncc3,-3.123,27,-0.11566666666666668
Cc1cc(N)nc(c1)CCCCCc2ccccc2C(=O)[O-],-3.122,22,-0.1419090909090909
COCCCNc(c1CC)nc(N)[nH+]c1NC2CC2,-3.12,19,-0.16421052631578947
C1C[NH2+]CCCN1n2c(=O)n(ncn3)c3c(c24)c5c(s4)CCCC5,-3.119,24,-0.12995833333333334
COc1cc(OC)cc(c12)nc([nH]c2=O)-c(n[nH+]c3C)c(c34)cc(cc4)N5CC[NH2+]CC5,-3.118,32,-0.0974375
OCCOc1c(C)cc(cc1C)-c(c(c23)cccn3)cc(c2)-c(cc4)cn(c45)c(nn5)C,-3.118,32,-0.0974375
COCCOCCOCCOCCn1cc[nH+]c1,-3.117,18,-0.17316666666666666
C1CCCCC1(N)C[NH2+]Cc2cc(O)cc(O)c2,-3.117,18,-0.17316666666666666
O[C@@H]1CCN([C@@H]12)C(=O)N(C2=O)c3cccc(c3)[N-]S(=O)(=O)c4cccs4,-3.116,26,-0.11984615384615385
CN(C1)C(=O)N(C)c(c12)ccc(c2)S(=O)(=O)C=O,-3.115,18,-0.17305555555555557
CCCCCCCCC(=O)N1CCCC1=O,-3.115,16,-0.1946875
C[NH2+]Cc1ccc(cc1)C(=O)OC(C)(C)C,-3.113,16,-0.1945625
c1c(Cl)ccc(c12)n(CC#C)c(c2)CCCC(=O)[O-],-3.113,19,-0.1638421052631579
FC(F)(C1)[C@@H](O)c(c12)c(S(=O)(=O)C(F)(F)F)ccc2N3CCC(O)CC3,-3.113,26,-0.11973076923076922
C1CC1Nc(c2CC)nc(N)nc2-c(c3)nc(NC)c(n34)nnc4C,-3.112,25,-0.12448000000000001
CNCc1cccc(c1)Cc(cc2)cc(c23)[C@@H](N(C)C3=O)c4ccccc4,-3.112,27,-0.11525925925925927
O=P([O-])(O)OP(=O)([O-])SC/C=C(\C)CCC[C@@H]1CCC[NH2+]C1,-3.111,22,-0.14140909090909093
Cc1n[nH]cc1C(=O)c2ccc(cc2)C34C[C@@H]5C[C@H](C4)C[C@@H](C5)C3,-3.111,24,-0.12962500000000002
CS(=O)(=O)Nc1ccc(cc1)-c2ccc(cc2)C[C@@H]3SC(=O)NC3=O,-3.111,25,-0.12444000000000001
NC(=[NH2+])C(=O)c1cccc(c1)S(=O)(=O)N(CC2)Cc(c23)cccc3,-3.111,24,-0.12962500000000002
CC[C@@H]([C@H](C)O)c1ccc(cc1OCC)C(=O)N2CCC(CC2)N3CC[NH+](C)CC3,-3.11,30,-0.10366666666666666
COc1cccc(c1)-c2ncn(c2-c3ccc(OS(=O)=O)cc3)CCCCCc4cccc[nH+]4,-3.11,34,-0.09147058823529411
COc1cc(OC)cc(c12)nc([nH]c2=O)-c3n[nH]c(n3)-c4ccc(F)cc4,-3.109,27,-0.11514814814814815
COCCN1CCN(CC1)CC[NH+](C)C,-3.109,15,-0.20726666666666665
CSc1ccc(cc1)C(=O)Cn2cc([O-])cn2,-3.109,17,-0.18288235294117647
CC(=O)Nc1ccccc1Oc2nc(ncc2Cl)-c3ccc(cc3)N4CCN(C)CC4,-3.109,31,-0.10029032258064516
C[C@H]1CC[C@@H](CC1)Cc2ccc(c(c2)CN)OCc3cccnc3,-3.109,24,-0.12954166666666667
OCCOCCOCCN1CC[NH2+]CC1,-3.108,15,-0.2072
C[C@H]1COCCN1c(nc2)cc(c23)n([C@@H](C)COC)c(n3)-c4n[nH]cc4-c5ccncc5,-3.108,32,-0.097125
c1cc(F)ccc1C(=O)NCCCNCC[NH2+]C/C=C/c2ccc(Br)cc2,-3.107,27,-0.11507407407407408
[NH3+]Cc(cc1)ccc1-c(n(n2)C)c(c23)ncn(c3=O)C[C@@]4(O)CC[N@H+](CC4)Cc5ccccn5,-3.107,34,-0.09138235294117647
CCC(=O)S(=O)(=O)c(cc1)c2cccc(c2c13)C(=O)N3CC,-3.106,22,-0.14118181818181819
n1cccnc1-n(c(=O)n2C)c(=O)c(c23)c(C)c(cc3)C(=O)C4=C([O-])CCCC4=O,-3.105,30,-0.1035
O=C([O-])C(C)(C)Cc(n1)c(cn1C)-c2ccc(=O)n(C)c2,-3.105,21,-0.14785714285714285
CCCNC(=O)c1c(cnn1C)C(=O)CCCCC(=O)OC,-3.104,22,-0.1410909090909091
CCc(nn1)n(c12)nc(cc2)-c3c(CC(C)C)nn(C)c3C,-3.104,22,-0.1410909090909091
COc1cc(C)c(c(C)c1C)S(=O)(=O)CCCCCc2cc(no2)COCOCCO,-3.104,31,-0.10012903225806452
COc1cc(=O)n(C)nc1Cc(o2)c(C)c(c23)c(ccc3)OCCC[NH2+]Cc4cccnc4,-3.104,33,-0.09406060606060607
O=c([nH]1)onc1[C@H](C)Cc2cccnc2,-3.103,15,-0.20686666666666667
C1CCCCN1c2nc(N)nc(c2CC)-c3cccc(c3F)-c(ccn4)c(c45)nc[nH]5,-3.103,31,-0.1000967741935484
Cc(c1)c(C)cc(c12)sc(n2)CNc(cc3)c4[nH]c(cc(c4c35)c(O)n5C)N6CCN(C)CC6,-3.102,34,-0.09123529411764705
n1nc(Cl)n(c12)nc(cc2)-c(c3)c(ccc3S(=O)(=O)CC)Oc4c(C)cccc4C,-3.102,30,-0.10339999999999999
C/C=C/CN(C[C@@H]1C)c(c2n(c13)c(nn3)C)cc(cc2)-c4ccc(N)nc4,-3.102,27,-0.11488888888888889
Cc1cc(n[nH]1)[C@@H](C)Nc([nH]2)nc(c23)cc(cc3C)N4CCOCC4,-3.101,25,-0.12404
FC(F)(F)c1ncc(c(c12)C[C@@H](F)[C@H]2O)[C@@H](C(=O)[O-])Cc(c[nH]3)c(c34)cccc4,-3.101,29,-0.10693103448275862
CC[C@H](C)[C@H](N)C(=O)N1CCN(CC1)C(=O)CC2(CC(=O)[O-])CCCC2,-3.101,26,-0.11926923076923077
CCCn(c1[O-])c(=O)n(CCC)c(c12)nc(n2)-c3ccc(cc3)OCC(=O)[C@H]4C[C@@H](C#N)C4,-3.101,33,-0.09396969696969697
C[C@H](O)C[C@@H](CC)c1cccc([nH+]1)C2CC2,-3.1,16,-0.19375
CS(=O)(=O)Nc1cc(ccc1C)-n2ccc(O)c(C(=O)[O-])c2=O,-3.1,23,-0.13478260869565217
COc(nn1)n(c12)nc(cc2)N3CCC(CC3)c4ccc(cc4)CCC(=O)N,-3.1,28,-0.11071428571428572
Nc1ccc(cc1)NNc2ccncc2,-3.099,15,-0.2066
FC(F)(F)c1c(F)cc(cc1F)-c(n2)oc(c23)cccc3,-3.099,21,-0.14757142857142858
CCCCCCCCC(=O)SCCNC[C@H](O)CCCC(=O)[O-],-3.099,23,-0.1347391304347826
N#Cc(cc1)cc(c12)cc(F)cc2N3CC[N+](CC3)=C(N4)CSc(c45)cccc5,-3.098,29,-0.10682758620689654
CS(=O)(=O)N1CC[C@@H](C1)N2CCN(CC2)C(=O)CC3(CC(=O)[O-])CCCC3,-3.096,27,-0.11466666666666667
c1cc(Cl)ccc1C(c(c23)c(C)c(s2)C)=N[C@H](c4n3c(nn4)C)CC(=O)CC(C)(C)O,-3.095,31,-0.09983870967741935
Cc1ccn(C)c(=O)c1-c2cnc(Cl)c(c2)C(=O)c(cn3)cc(c34)c(no4)C(C)C,-3.095,30,-0.10316666666666667
C[N+](C)(C)CCOP(=O)([O-])OC[C@H](OC(=O)CCCCC)C[NH2+][C@H]1CC[C@H](O)CC1,-3.094,30,-0.10313333333333333
CC(C)(C)c(s1)cc(c12)nc(C(=O)[C@H]([O-])[C@H](C)[NH3+])nc2N(C)CCC#N,-3.094,26,-0.119
C1CCCCC1([NH3+])C/[NH+]=c(/cc2O)oc(c23)c(cs3)-c(cc4)cc(c45)OCCO5,-3.094,29,-0.10668965517241379
CC(C)(C)S(=O)(=O)Nc1cc(ccc1Cl)N2CCN(CC2)Cc3ccccc3,-3.094,28,-0.1105
c1cc(C)cc(c12)[nH]c(n2)CCc3cc([nH+]c(n3)N)N4CCN(CC4)C5COC5,-3.093,29,-0.1066551724137931
N#Cc(cc1)ccc1N[C@H](C[C@H](C)N2C(=O)C)c(c23)cc(cc3)-n4cc[nH+]c4,-3.092,28,-0.11042857142857143
C[N@H+]1CC[C@@H](C1)N(C)c(nc(c23)cc(s3)C(C)(C)C)nc2Nc4cc[nH+]cc4,-3.092,28,-0.11042857142857143
Cc(c1)c(C)cc(c12)sc(n2)CNCC(=CC3=O)N=C([N+]3=4)C=C(N4)C5CCOCC5,-3.092,30,-0.10306666666666667
c1ccccc1-c(cc2)ccc2C(=O)NCCOc3ccc(cc3)C[C@@H]4SC(=O)NC4=O,-3.091,32,-0.09659375
CCCn(c1[O-])c(=O)n(CCC)c(c12)nc(n2)C(=O)[C@@H]([NH3+])[C@@H](C)CC,-3.091,25,-0.12364000000000001
O=c1n(C)cc(cc1C)-c(n2)n(C(C)(C)C(=O)[O-])c(c23)ccc(Br)c3,-3.09,25,-0.12359999999999999
Cc1onc(C)c1-c(cc2)ccc2-n(nc3C)c(C)c3/C=N/N4CCN(CC4)Cc5ccccc5,-3.09,35,-0.08828571428571429
O=C([O-])Cc1ccc(cc1)S(=O)(=O)NCCC(F)(F)F,-3.088,20,-0.1544
NC(=O)CCNCc1ccc(c(Cl)c1)-c(cc2)cc(c23)occ3CC(=O)[O-],-3.087,27,-0.11433333333333334
CC(=O)Nc1ccccc1-c2cccc(c2)-c3csc(=O)[nH]3,-3.087,22,-0.14031818181818181
CC(C)(C)c1ccc(cc1)-n(c(n2)SCCC(=O)[O-])c(c23)cccc3,-3.086,25,-0.12344
O=C(N=1)N=c(c12)cc(cc2)-c3ccc(Cl)cc3Cl,-3.086,18,-0.17144444444444443
c1cccc(c12)c(c[nH]2)C[C@H]([NH3+])C(=O)NC3CCN(CC3)CCc4c[nH+]c[nH]4,-3.085,28,-0.11017857142857143
Cn1cc[nH+]c1C(=O)c(o2)c(C)c(c23)c(ccc3)CC(CO)(COC[C@@H](C)O)COC[C@@H](C)O,-3.085,34,-0.09073529411764705
O=c([n-]1)onc1C(\C)=C/2c(cccc3)c3OCc(c24)cc(cc4)CNc5cncs5,-3.084,30,-0.1028
Fc1ccc(cc1C)S(=O)(=O)c2ccc(C)c(c2)[N-]S(=O)(=O)C,-3.083,23,-0.13404347826086957
Nc(n1)nn(c12)c(ccc2)C(=O)C([O-])(C(F)(F)F)C(F)(F)F,-3.083,22,-0.14013636363636364
CC(C)n(cn1)c(c12)[nH+]c(N3CCCC3)nc2NCc4ccc(cc4)OCCO,-3.083,29,-0.10631034482758621
[nH]1ccnc1CCn(nn2)cc2-c(ccc3C(=O)CC)cc3NC(=O)c(cc4)nc(c45)cccc5,-3.082,35,-0.08805714285714285
CCn1c(=O)[n-]c(=O)c(c12)[C@H](c3ccc(C)cc3)C4=C(N2)CN(C4=O)COCCO,-3.081,30,-0.1027
CCCCCCc1ccc(c(c1)C[NH3+])OCc2cccnc2,-3.08,22,-0.14
S=C(N1)OC(C)(C)c(c12)cc(cc2)-c3n[nH]c(n3)-c4ccc(F)cc4,-3.079,25,-0.12316
O=C1NC(=O)[C@@H](S1)Cc(c(c23)scc3)ccc2-c4ccccc4,-3.079,23,-0.13386956521739132
O=c1n(C)cc(cc1C)-c(n2)n(-c3ccco3)c(c24)ccc(Br)c4,-3.078,24,-0.12825
NCc1ccc(cc1)-c2ncon2,-3.077,13,-0.2366923076923077
Cc1nn(C)c(C)c1N(C)S(=O)(=O)c2c(Cl)cc(cc2Cl)CCCc3c(C)nnn3C,-3.077,31,-0.09925806451612904
[NH3+]CC[NH2+]CCOc1ccc(cc1)C2CCN(CC2)c(cc3)nn(c34)c(Cl)nn4,-3.077,29,-0.10610344827586207
C1CC1S(=O)(=O)[N-]c2ccc(c(C(F)(F)F)c2)C[NH2+]CCNc(n3)sc(c34)cccc4,-3.076,31,-0.0992258064516129
CN1CC[C@@H]([C@H](O)C1)c(c(O)cc2O)c(c23)oc(cc3=O)C(=O)CCCCCCCCCO,-3.076,33,-0.09321212121212122
CC(=O)N1CCC(CC1)CNc2c(C)nnn2C3CCN(CC3)CCN(C)C,-3.076,28,-0.10985714285714286
CCc1ccc(nc1)CCn(c([nH+]2)SCCC(=O)[O-])c(c23)cccc3,-3.076,25,-0.12304
Nc1ccc(c[nH+]1)-c2ccc(cc2)C[C@@H]3SC(=O)[N-]C3=O,-3.075,21,-0.14642857142857144
CCCCCCOc1cccc(c1)Cn2ccc([O-])c(c2=O)C(=O)C[C@H](C)[NH+]3CCOCC3,-3.075,33,-0.09318181818181819
s1cccc1CNC(=O)CCNCc2ccc(c(Cl)c2)-c3ccccc3,-3.075,26,-0.11826923076923078
CC[C@H](C)[C@H](N)C(=O)c1ccc(C)c(c1)[N-]S(=O)(=O)C,-3.075,20,-0.15375
Cc1ccc(c(C)c1)NC(=O)c2ccc(cc2)-c3ccoc3,-3.074,22,-0.13972727272727273
Nc(n1)cc(C)c(c12)ccc(c2)-c3ccc(c(c3)C[NH3+])N(C4(C)C)C(=O)NC4=O,-3.074,29,-0.106
Cn1cc(cn1)-c2cc(F)c(c(F)c2)-c3ccccc3F,-3.074,21,-0.14638095238095236
CC(=O)NC[C@H]1CN(C(=O)O1)c2c(C)nnn2C3CCN(CC3)CC[NH+](C)C,-3.073,28,-0.10975
Cc1cccc(c12)n(c(n2)CCC)[C@H]3CCN(C3)CC[NH3+],-3.073,21,-0.14633333333333334
CC1(C)C(=O)[N-]C(=O)N1[N-]c(cc2)cc(n23)nc(c3)-c4ccccc4,-3.072,25,-0.12288
Nc([nH+]1)cc(C)c(c12)ccc(c2)-c3ccc(c(c3)CN)Cc4cccnc4,-3.071,27,-0.11374074074074075
FC(F)(F)C([O-])(C(F)(F)F)C(=O)NCc1ccc(F)cc1,-3.071,21,-0.14623809523809525
CCCNC(=O)c1c(cnn1C)C(=O)n2nc(C)c(c2C)/C=N/N3CC[NH+](CC3)Cc4ccccc4,-3.071,36,-0.08530555555555557
CCc(c1)nc(C)c(c12)c(c(C#N)c(=O)[nH]2)-c3ccnc(n3)Nc4ccc(C#N)cc4,-3.071,31,-0.09906451612903226
COc1ccc(c(C)c1)Nc(c[nH+]2)n(c23)CCC3,-3.07,18,-0.17055555555555554
C[NH2+]Cc1ccccc1-c2cc(F)cc(F)c2,-3.07,17,-0.18058823529411763
COc1ccccc1S(=O)(=O)c(sc2S(=O)(=O)C)c(c23)CCC(F)(F)[C@H]3O,-3.07,27,-0.1137037037037037
Brc1ccc(cc1)-c2ncn(c2-c3cc[nH]n3)C4CC[NH2+]CC4,-3.07,23,-0.1334782608695652
C[C@@H]1C[NH2+]CCCN1n(n2)c(Nc3ccccc3)c(c24)c(=O)[n+](C)c5n4[C@@H]6[C@H](N5)CCC6,-3.069,32,-0.09590625
CNC[C@@H](O)COc1ccc(Cl)c(c1)-n2cncn2,-3.069,19,-0.16152631578947368
CC(C)(C)c(n[nH]1)cc1N(C(=O)CC)[C@H](c2cccnc2)C(=O)CCCNC(=O)CC(=O)OC,-3.068,34,-0.09023529411764707
O=[N+]([O-])c1cc(S(=O)(=O)C(F)(F)F)ccc1-c2cc(F)cc(Cl)c2,-3.068,24,-0.12783333333333333
CCCCCC(=O)c(n1)n(c(c12)c(nc(n2)C(=O)[O-])N[C@H](C)C3CC3)Cc4ccc(Cl)cc4,-3.067,33,-0.09293939393939395
O=C([O-])Cc(co1)c(c12)ccc(c2)-c(cc3)cc(c34)O[C@@H](C(=O)N4)CC5CC5,-3.067,28,-0.10953571428571429
C[NH+]1CCN(CC1)[C@@H]2CC[N@H+](CC2)NCCCCc3ccccc3,-3.066,24,-0.12775
Cc1ccc(cc1)N(C)C(=O)c2ccc(cc2)-c3ccccc3,-3.065,23,-0.13326086956521738
C[NH+](C)CCCN(C)[C@H]1CCN(C1)S(=O)(=O)c2ccc(cc2)C#CCNS(=O)(=O)C,-3.065,30,-0.10216666666666667
O=C([O-])CCSc(n1)n(c(c12)cccc2)CCn3ccc(=O)c(C(=O)[O-])c3O,-3.065,28,-0.10946428571428571
O=c1n(C)cc(cc1C)-c(cc2)cc(c23)n(CCC(C)C)c([nH+]3)C4CCOCC4,-3.063,29,-0.10562068965517242
O[C@@H]1C(F)(F)Cc(c12)c(C(C)(C)C(=O)[O-])ccc2S(=O)(=O)C(F)(F)F,-3.063,25,-0.12252
NC(=O)CC[NH2+]Cc1ccc(c(Cl)c1)C(=O)[C@@H](C2)Oc(c23)c(cc(Cl)c3)-c4cc[nH+]c(N)c4,-3.062,33,-0.09278787878787878
O=C([O-])C[C@H](C)CCCc1c(ccc(Cl)c2)c2[nH+]c(c13)CCCC3,-3.062,24,-0.12758333333333333
CC[C@@H]([C@H](C)O)N1CCC(CC1)c2nc(no2)-c3cccs3,-3.062,22,-0.13918181818181818
COc1cc(=O)n(C)nc1-c2ccccc2C(=O)C,-3.061,19,-0.16110526315789472
C1OCC1c([nH]2)cnc2C3CCC3,-3.061,13,-0.23546153846153844
CN1CCN(CC1)CCNc2ccc(cn2)S(=O)(=O)c3ccc(Cl)cc3,-3.06,26,-0.1176923076923077
CC(C)CCN[NH+]1CCCC1,-3.059,11,-0.2780909090909091
OC[C@H]1O[C@@H]([C@H](O)[C@@H](O)[C@@H]1O)C2CCN(CC2)Cc3cccc(n3)Oc4ccccc4,-3.059,31,-0.09867741935483872
c1ccc(OC)c(c12)[nH]c(n2)CCNCc3ccc(c(Cl)c3)S(=O)(=O)CC(F)(F)F,-3.058,30,-0.10193333333333333
C1CC1S(=O)(=O)Cc2cc(Cl)c(c(Cl)c2)-c3ccccc3,-3.057,21,-0.14557142857142857
C1CC1Nc(c2CC)[nH+]c(N)nc2-c3ccc(cc3)C[C@@H]4SC(=O)NC4=O,-3.056,27,-0.11318518518518518
C1OCC1[NH+](CC2)CCN2Cc(cc3C)cc(C)c3Nc4ccnc(n4)Nc5ccc(C#N)cc5,-3.054,35,-0.08725714285714285
CC(C)C[C@H]([NH3+])C(=O)CC(=O)Nc1nc(cs1)-c2ccccn2,-3.054,23,-0.13278260869565217
CS(=O)(=O)NCC#Cc1ccc(cc1)S(=O)(=O)N(CC2)Cc(c23)cccc3,-3.053,27,-0.11307407407407408
CCN1CC[NH+](CC1)Cc2ccc(cc2C(F)(F)F)NNc3cccc(c3)N4CCCC4=O,-3.053,33,-0.09251515151515151
[NH3+]CCNC(=O)CC1CC1,-3.053,10,-0.3053
c1cc(C)cc(c12)[nH]c(n2)CCN3CCN(CC3)C4COC4,-3.052,22,-0.13872727272727273
C1CC1NC(=O)CCc2cccc(c2)[N-]S(=O)(=O)c3cccc(F)c3,-3.051,25,-0.12204000000000001
CC(C)N1CCN(CC1)c2ccc(cc2)[C@@H](n3nccn3)c4cccc(O)c4,-3.051,28,-0.10896428571428572
O=c([n-]1)onc1C(\C)=C/2c(cccc3)c3OCc(c24)cc(cc4)CN5CC[NH2+]CC5,-3.051,30,-0.1017
C1CC1Oc2ccc(cc2OC)C(=O)c3ccc(c(c3)CN)OCc4cncs4,-3.05,29,-0.10517241379310344
CC(C)(C)OC(=O)[C@H](CC)C[C@H]1CC[C@H](C)CC1,-3.05,18,-0.16944444444444443
Cc1cc(N)[nH+]c(c1)CCCCCCC2CC2,-3.05,17,-0.17941176470588235
CCCCCCCCCCCCCCC[C@@H](O)[C@H](CO)N[C@@H]1CC[N@H+](CC1)CCN(C)C,-3.05,32,-0.0953125
Cc1nn(C)c(C)c1N(C)n(nn2)c(c23)ccc(Cl)c3Oc4cc(Cl)cc(c4Cl)C[NH3+],-3.049,31,-0.09835483870967741
C1OCC1N(CC2)CCN2c(n3)cc(nc3N)C(=O)c4ccc(cc4)-c5ccccc5F,-3.048,32,-0.09525
COc1c(OC)cc(cc1OC)C(=O)c(c(n2)C)n(c23)ccnc3N4CCOCC4,-3.048,30,-0.1016
C1CCCCC1c2[nH+]nc(C)c(c23)ccc(c3)N4CC[NH2+]CC4,-3.047,23,-0.1324782608695652
CC(C)Cc1nc(cs1)N2CCC(CC2)c3nc(no3)-c4cccs4,-3.046,25,-0.12183999999999999
C1CC1[C@@H](C)c2cc(nc[nH+]2)N(C)CCOc3ccc(cc3)C[C@@H]4SC(=O)NC4=O,-3.045,30,-0.10149999999999999
COCCCNNCc1ccc(cc1)-c2c(C)noc2C,-3.045,21,-0.145
C1COCCN1c(c2)cc(C)c(c23)nc([nH]3)-c(n4)c(cccc5)c5c(n46)nnc6C,-3.045,30,-0.10149999999999999
o1nccc1CC2(O)CCN(CC2)Cc3ccc(cc3Cl)-c4ncon4,-3.043,26,-0.11703846153846155
C1COCCN1c(c2)cc(C)c(c23)nc([nH]3)-c4c(cc[nH]c4=O)C[C@H]5CC[C@H](C)CC5,-3.043,31,-0.09816129032258065
o1cccc1C(=O)c2ccc(cc2F)-c3cc(F)ccc3F,-3.042,22,-0.13827272727272727
o1c(N)[nH+]c(c12)cc(C)cc2Nc3cccc(c3)-c4csc(=O)[nH]4,-3.041,24,-0.12670833333333334
O=C[C@@H]1CCCN1c2cc(F)c(c(F)c2)-c3ccccc3F,-3.041,22,-0.13822727272727273
CCN(C(=O)C1)c(c12)ccc(c2)-c3ccc(C#N)c(Cl)c3,-3.04,21,-0.14476190476190476
Cc1cc(C)cc(c1)Oc2nccc(n2)-c3c([C@H]4CCCC[NH2+]4)ncn3[C@H]5CC[N@@H+](C5)CCN,-3.04,34,-0.08941176470588236
C1C[NH2+]CCN1c(n2)nc(nc2OC)Nc3cc(S(=O)(=O)C)ccc3[C@H]4CC[N@@H+](C)C4,-3.039,31,-0.09803225806451614
c1cccc(c12)c([nH]c(=O)n2)-c3c(-c4ccc(F)cc4)ncn3C5CC[NH2+]CC5,-3.038,29,-0.10475862068965516
CCCn(c1[O-])c(=O)n(CCC)c(c12)nc(n2)-c3ccc(cc3)Nc4ccc(N)cc4,-3.036,31,-0.09793548387096775
FC1(F)CCC(CC1)CC[C@H]([C@H]23)[C@@H](C[C@H]([NH2+]3)CC2)[NH+]4CCSCC4,-3.036,24,-0.1265
C1COCCN1c(c2)cc(C)c(c23)[nH]c(n3)[C@H]4CCCC[NH2+]4,-3.035,22,-0.13795454545454547
CCc1c(C)nc(N)nc1-c2ccc(cc2)S(=O)(=O)NCCC(C)C,-3.035,25,-0.12140000000000001
CCc(c1)nc(C)c(c12)c(c(C#N)c(=O)[nH]2)-c3ccc(cc3)-n4cc(C)c(=O)[nH]c4=O,-3.034,31,-0.09787096774193547
COc1ccccc1Oc2nccc(n2)-c3cc[nH+]c(N)c3,-3.034,22,-0.1379090909090909
C[C@H]1COC(=N1)c2ccc(cc2)[C@H]3C[C@@H](C#N)C3,-3.034,18,-0.16855555555555554
C#CCn1cnc(-c2cccn2C)c1-c3ccc(OS(=O)=O)cc3,-3.034,24,-0.12641666666666665
O=C([O-])[C@H]1CC[C@@H](CC1)CCc2ccc[nH+]c2,-3.034,17,-0.1784705882352941
O=C([O-])CCC(\C)=C/COc1ccccc1CN(C)c2cncc(C)c2,-3.033,26,-0.11665384615384615
CNC(=O)c1cccc(c1)S(=O)(=O)C(=O)[C@@H](C2)Oc(c23)c(cc(Cl)c3)-c4cc[nH+]c(N)c4,-3.033,32,-0.09478125
O=C(N1)C(C)(C)Oc(c12)cc(c(c2)OC)-c(cc3F)cc(c34)C(C)(C)C(=O)N4,-3.032,28,-0.10828571428571429
CCCCCC/C=C/CCCCCCCCCC(=O)C[C@H](O)[C@H](N)CO,-3.032,26,-0.11661538461538462
CCCn(c1=O)c(=O)n(CCC)c(c12)nc([nH]2)-c3ccc(cc3)S(=O)(=O)C4CC4,-3.031,29,-0.10451724137931034
Clc(c1)cccc1[C@H](O)CNCc2ccc(cc2)N3CCCCC3,-3.031,24,-0.12629166666666666
C1CC1C(=O)c(c(c2)OC)cc(c23)[nH]c4c3c(nc(n4)C)Nc(nn5C)c(c56)cccc6,-3.031,32,-0.09471875
NCc1ccc(cc1)NCCC(F)(F)F,-3.031,15,-0.20206666666666667
c1cccc(c12)c(OCC(=O)[O-])ccc2S(=O)(=O)[C@@H]3CCC[NH2+]C3,-3.031,24,-0.12629166666666666
Fc1ccc(cc1C)S(=O)(=O)[N-]c(cc2)cc(c23)n(nn3)C,-3.031,22,-0.13777272727272727
O[C@@H]1CCc(c12)c(CC=C)ccc2C(F)(F)F,-3.031,17,-0.17829411764705883
Cc1cccc(c12)n(c([nH+]2)CCC)Cc3ccc(cc3Cl)C(=O)OC,-3.03,25,-0.12119999999999999
O=C([O-])C(C)(C)c(cc1)cc(c12)ccc(c2)C[C@@H]3SC(=O)[N-]C3=O,-3.03,24,-0.12625
C1COCCN1c(c2)cc(C)c(c23)[nH]c(n3)-c4c(cc[nH]c4=O)-c(cc5)cc(c56)ccs6,-3.03,32,-0.0946875
CCCCn1cc(nn1)CNNCCC(=O)OCC,-3.029,19,-0.15942105263157894
Cc1cc(C)cc(c1)Nc2cccc(n2)-c(ccc3)c(c34)[nH+]cn4C,-3.029,25,-0.12115999999999999
CC(C)Cn1ncc(Cl)c1C(=O)c(cc2)cc(c23)nccc3,-3.029,22,-0.13768181818181818
COc1ccc(nn1)N2CCN(CC2)N3CCCC3,-3.028,19,-0.15936842105263158
n1ccccc1CN[NH2+]C2CCCC2,-3.028,14,-0.21628571428571428
S1CN[NH+]=C1Nc(ccc2C)cc2S(=O)(=O)NC3CCCC3,-3.028,22,-0.13763636363636364
C[NH+](C)CC[N@H+]1CC[C@@H](CC1)c2ccccc2C(=O)c3ccccc3,-3.028,25,-0.12112
CCCNC(=O)c1c(cnn1C)C(=O)c2ccc(cc2CN)-c(cc3)cc(c34)[nH+]c(N)cc4C,-3.028,34,-0.08905882352941176
C[NH2+]Cc1ccccc1C[C@@H]2CC(=NO2)c3ccc(c(F)c3)N4CC[C@@H](C4)NC(=O)C,-3.025,31,-0.09758064516129032
CC(=O)NCCCc1ccc(cc1Cl)C[NH2+]CCCC[NH3+],-3.025,21,-0.14404761904761904
O=C([O-])C(C)(C)Oc1c(C)cc(cc1C)CC2CCN(CC2)Cc3cccc(n3)Oc4ccccc4,-3.024,36,-0.084
C1OCC1[NH+](CC2)CCN2c(n3)cc(nc3N)C(=O)c4ccc(cc4)-c5ccccc5F,-3.024,32,-0.0945
Cn1ccc(n1)-c2c(cccc3)c3nc(c24)CCCC4,-3.023,20,-0.15115
COc1ccccc1Oc2nccc(n2)N3CC[C@@H](C3)[N@@H+](C)CCCN(C)C,-3.023,28,-0.10796428571428572
CCCCC[N@@H+]1CCC[C@H](N)C1,-3.023,12,-0.2519166666666667
CC[C@@](C)(C(=O)[O-])C(=O)Cc(n1)nn(c12)c(C)cc(n2)C,-3.022,21,-0.1439047619047619
Cc1nn(C)c(C)c1-c2cccc(c2F)-c(cnc3C(F)(F)F)c(c34)CC[C@H]4O,-3.021,29,-0.10417241379310345
CS(=O)(=O)c1c(F)cc(cc1F)-n(nn2)c(c23)C(=O)c4c(C3=O)cccc4,-3.02,27,-0.11185185185185186
CNCc1cccc(c1)Cc2ccc(cc2Cl)C[NH2+]CCc(n3)[nH]c(c34)c(C)ccc4,-3.02,31,-0.09741935483870968
CC(C)(C)S(=O)(=O)C[C@H](C1CC1)c(c[nH]2)c(c23)ccc(c3)C(F)(F)F,-3.02,25,-0.1208
COCCOC(=O)C1=C(C)NC(C)=C(C(=O)Cc2cncs2)[C@H]1c3cccc([N+](=O)[O-])c3,-3.02,32,-0.094375
Cc1cc(F)ccc1S(=O)(=O)N2CC[NH+](CC2)Cc3ccccc3,-3.02,24,-0.12583333333333332
[nH]1c[nH+]cc1-c2ccc(nc2)N3CC[NH2+]CC3,-3.019,17,-0.17758823529411766
Cc1noc(c12)nc(C)nc2-n3ccc(O)c(C(=O)[O-])c3=O,-3.018,22,-0.13718181818181818
C[NH+](C)CCC[N@@H+](C)[C@H]1CCN(C1)c2ccc(S(=O)(=O)N)cc2CC[NH3+],-3.018,26,-0.11607692307692306
CNCc1cccc(c1)Cc2ccc(cc2F)N3C[C@@H](OC3=O)CNC(=O)C,-3.017,28,-0.10775
OCC[NH2+]CC[NH2+][C@H](CCC1)c(c12)cnn2-c3ccccc3F,-3.017,23,-0.13117391304347825
[nH+]1ccccc1CCc(cc2C(C)(C)C)cc(c2)-c(ccc3)c(c34)C(=O)N(C4=O)[C@H]5CCC(=O)NC5=O,-3.017,37,-0.08154054054054054
C1COCC[N+]1=c(o2)cc(O)c(c23)scc3-c4ccc(c(F)c4)N5CCSCC5,-3.016,29,-0.104
n1ccccc1C[NH2+]NC2CCCC2,-3.016,14,-0.21542857142857144
COCCCNc(cc(c12)[nH+]ccc2)cc1-c3c(C)noc3C,-3.015,23,-0.13108695652173913
ONc(c1)ccc(c12)N(C)C(=O)C(C)(C)N2C3CC3,-3.015,19,-0.1586842105263158
O=C1CCCN1c(cc2F)ccc2C(=O)N[C@H](Cc(c[nH]3)c(c34)cccc4)C(=O)Nc5ccncc5,-3.015,36,-0.08375
Cc1ccccc1-c(cc2)nn(c23)c(Cl)nn3,-3.014,17,-0.17729411764705882
c1ccccc1[C@@H](C)N[C@@H](Cn2cc[nH+]c2)c3ccccc3,-3.014,22,-0.13699999999999998
O=C1[N-]C(=O)[C@@H](S1)Cc2ccc(cc2)OCCNN(CC3)CCC34Oc5c(O4)cccc5,-3.014,32,-0.0941875
CS(=O)(=O)N1CCC1,-3.013,8,-0.376625
O=C([O-])C(C)(C)Oc1ccc(cc1)CCn2cc[nH+]c2,-3.013,20,-0.15065
O=S(=O)Oc(cc1)ccc1-c2c(ncn2CC#C)-c3csc(n3)[N-]/N=C/c4ccccc4C=O,-3.013,34,-0.08861764705882352
COc1ccc(cc1)S(=O)(=O)N(CC2)Cc(c23)cccc3,-3.012,21,-0.14342857142857143
N#Cc1cc(Cl)cc(c1)CCC[NH2+]Cc2cccnc2,-3.011,20,-0.15055000000000002
C1CCCCC1NC(=O)[C@@H](c2cccnc2)c3ccccc3Cl,-3.011,23,-0.13091304347826088
CS(=O)(=O)NNC(=O)c(cc1C(C)(C)N)nc(c1)-c2ccc(F)cc2,-3.011,25,-0.12044
CNCc1ccc(cc1)-c(cn(C)c2=O)c(c23)oc(c3)-c4cc(C)c(c(C)c4)OCCO,-3.01,32,-0.0940625
CCc(c1)nc(C)c(c12)c(c(c([n-]2)=O)C#N)-c3ccc(cc3)NC[C@H](C)[NH+]4CCOCC4,-3.01,32,-0.0940625
C/C=C/Cc(c1)[n-]c2c(ccc(c2c13)n(C)c3O)NS(=O)(=O)c4ccccc4OC,-3.01,30,-0.10033333333333333
CN1CC[NH+](CC1)CCc2ccc(=O)n(C)c2,-3.01,17,-0.17705882352941174
C1COCCN1c(c2)cc(C)c(c23)nc([nH]3)-c4c(=O)[nH]ccc4[C@H]5CC[C@H](O)CC5,-3.01,30,-0.10033333333333333
CNC[C@@H](O)COc1ccc(Cl)c(c1)-c2ccc(Cl)c(Cl)c2,-3.008,22,-0.13672727272727273
c1ccccc1NC(=O)c2ccc(cc2)-n3ccnc3,-3.008,20,-0.1504
c1cc(Cl)ccc1[C@@H](c2cccnc2)C(=O)NCCOc3ccc(cc3)C[C@@H]4SC(=O)NC4=O,-3.008,34,-0.08847058823529412
CCN(C(=O)C1)c(c12)ccc(c2)NC(=O)c(c3)oc(c34)cccc4,-3.007,24,-0.12529166666666666
CNS(=O)(=O)c(cc1)cc(c12)CNCC2,-3.006,15,-0.2004
CS(=O)(=O)N1CC[C@@H](C1)S(=O)(=O)c2ccc(F)cc2Cl,-3.006,20,-0.1503
CC(C)S(=O)(=O)[C@H](C(=O)[O-])Cc1ccc(cc1)-c2ccccc2,-3.004,23,-0.13060869565217392
CC(C)Oc(c1)c(C(=O)N)cc(c12)nccc2C(=O)C3CC3,-3.003,22,-0.1365
c1ccccc1CNNC2CCCCCC2,-3.003,16,-0.1876875
COc1ncc(c(n1)OC)-c(cc2)cc(c23)C=CN(C)C(=O)[C@@H]3C,-3.001,24,-0.12504166666666666
S=C(N1)OC(C)(C)c(c12)cc(cc2)CCCO,-3.001,17,-0.17652941176470588
c1cc(C)cc(c12)nc([nH]2)CCN3CCN(CC3)C4COC4,-3.001,22,-0.1364090909090909
Nc([nH+]1)nn(c12)c(ccc2)-c3ccc(Br)cc3,-3.001,17,-0.17652941176470588
CCO[C@](C)(C(=O)[O-])CC,-3.0,10,-0.3
Cc1cc(n[nH]1)[C@@H](C)Nc(c(c23)cn[nH]c3=O)ncc2-c4ccc(CN(C)C)nc4C,-3.0,31,-0.0967741935483871
c1ccccc1C[NH2+]Cc([nH]n2)c(c23)cccn3,-2.999,18,-0.16661111111111113
CC(C)S(=O)(=O)C(=O)c1cnn(C)c1C(=O)Nc(cc2)cc(n23)[nH+]c(c3)-c4ccccc4,-2.998,32,-0.0936875
Cc([nH+]1)c(C)n(c12)c(C)c(cc2)CCc3nc(cn3C)-c(n4)[nH]c(c45)cc(cc5C)N6CCOCC6,-2.998,36,-0.08327777777777778
C1C[C@@H](O)CC[C@@H]1S(=O)(=O)c2c(Cl)cc(cc2Cl)CCCN(CC3)C[C@H]([N@H+]34)CCC4,-2.998,30,-0.09993333333333335
N#Cc(c(N)[nH]1)c(c12)cc(cc2)N3CCC[C@H]3C=O,-2.997,19,-0.15773684210526315
n1ccccc1NCc2ccc(cc2)[NH+]3CCCCC3,-2.996,20,-0.1498
CCS(=O)(=O)c1ccc(cc1)OCC(=O)NCC[NH3+],-2.996,19,-0.1576842105263158
Cc1ccc(cc1)[N@@H+](C)CCC(C)C,-2.996,14,-0.214
CCN1CCN(CC1)c2nccc(n2)-c3c(-c4ccc(Br)cc4)ncn3C5CC[NH2+]CC5,-2.995,32,-0.09359375
O=C([O-])[C@H](C)c1ccc(nc1)N2CC[NH2+]CC2,-2.995,17,-0.1761764705882353
c1cc(F)cc(c12)c(C(=O)[N-]S(=O)(=O)C)c(N)c(n2)Nc(cc3)cc(n34)nc(c4)-c5ccccc5,-2.995,35,-0.08557142857142858
Cc1noc(C)c1-c2ccc(cc2)C[NH2+]NC3CCN(CC3)c4ccccn4,-2.995,28,-0.10696428571428572
N#CCCN(C)c(c(c12)cc(Br)cc2)nc(n1)C[C@H](O)[C@H](N)CO,-2.994,24,-0.12475000000000001
Cc1noc(C)c1-c2ccc(cc2)C[NH2+]NC3CCN(CC3)c4cccc[nH+]4,-2.994,28,-0.10692857142857144
CCOc1ccc(C(=O)C)cc1CCn(c([nH+]2)SCCC(=O)[O-])c(c23)cccc3,-2.994,29,-0.10324137931034484
O=c([n-]1)onc1[C@@H](C)c(cnc2)c(c23)cccc3,-2.994,18,-0.16633333333333333
C[NH+](C)CCCN(C)[C@H]1CCN(C1)c(cc[nH+]2)c(c23)[nH]c(n3)N,-2.993,23,-0.1301304347826087
Cc1cc(N)nc(c1)C[C@@H]2C[NH2+]C[C@@H]2N[C@H](Cc(c[nH]3)c(c34)cccc4)C(=O)Nc5ccncc5,-2.993,35,-0.08551428571428571
O=C(N1)C(C)(C)Oc(c12)cc(c(c2)OC)N[NH2+]CCNC(=O)NC3CCN(CC3)c4ccccn4,-2.992,35,-0.08548571428571429
Cc1nn(C)c(C)c1Cc([nH+]2)n(c(c23)cccc3)CC4CCOCC4,-2.99,25,-0.11960000000000001
CCCNNCC1([NH3+])CCCCC1,-2.989,13,-0.22992307692307692
c1cc(C)cc(c12)[nH+]c([nH]2)CCCCC(=O)N,-2.988,17,-0.17576470588235293
CC/C=C/CCc1c[nH]c(n1)C2CCC2,-2.988,15,-0.1992
C[NH2+]Cc1ccc(cc1)-c(cc2)cc(c23)[C@@H](C[C@H](C)N3C(=O)C)NC(=O)C[C@H](O)[C@H](N)CO,-2.988,33,-0.09054545454545454
C1COCCC1[C@H](N(CC2=O)CCN2)c3ccccc3,-2.987,20,-0.14935
CC(C)(C)c([nH]n1)cc1N(C(=O)CC)[C@@H](C(=O)S(=O)(=O)C)c2cccnc2,-2.987,27,-0.11062962962962963
Cn(n1)ccc1-c(ncn2)cc2N(C)CCOc3ccc(cc3)C[C@@H]4SC(=O)[N-]C4=O,-2.987,31,-0.09635483870967743
CNCc1cccc(c1)Cc2c(cccc3)c3nc(c24)CCCC4,-2.986,24,-0.12441666666666668
O=C([O-])COc(c(C)c1)ccc1SC[C@H](OCC)CNc(cc2)cc(c23)nc([nH]3)-c4ccccc4,-2.986,35,-0.08531428571428572
Cc1cc(on1)[C@@H](C(C)C)C(=O)N2CCN(CC2)c3ccc(Cl)cc3,-2.986,25,-0.11944
CCc1c(NC)[nH+]c(N)nc1N2C=CCC(=C2)C(=O)N,-2.985,20,-0.14925
Cc1nn(C)c(C)c1CCN2CCN(C)C(=O)[C@H]2C,-2.985,19,-0.15710526315789472
Clc1ccc(cc1)N2CCN(CC2)CCc(n3)[nH]c(c34)cc(Cl)c(Cl)c4,-2.985,26,-0.1148076923076923
[NH3+]CCc1ccc(cc1)-c(cc2)cc(c23)ccc(c3)C[C@@H]4SC(=O)NC4=O,-2.984,27,-0.11051851851851852
CN1C(=O)[C@@H](C)N(C2CC2)c(c13)cc(cc3)S(=O)(=O)c(cc4)cc(c45)C[NH2+][C@H](C5)CO,-2.983,31,-0.09622580645161291
COc1ccc(c(C)c1)Nc(cn2)n(c23)CCC3,-2.983,18,-0.16572222222222222
CCCCCCCCCCCCC(=O)OC[C@@H](COP(=O)([O-])O)OC1CCCC1,-2.983,29,-0.10286206896551725
O=C([O-])CNn(c(n1)C)c(c12)cccc2C#N,-2.983,17,-0.17547058823529413
C=CC[C@H](C)C(=O)[O-],-2.982,8,-0.37275
Cc1cc(on1)CCCCCCC(=O)[O-],-2.982,15,-0.1988
O=C([O-])CCC[C@@H](O)/C=C/C=C/CC[N@H+]1CCCNCC1,-2.982,21,-0.14200000000000002
CCNC(=O)c1ccc(c(c1)-c2cn(C)nn2)-c3ccc(cc3Cl)CNCCc4[nH+]cc[nH]4,-2.982,33,-0.09036363636363637
Cc1cccc(c1C)-c2ccc(cc2)C3=N[C@@H](C)CO3,-2.981,20,-0.14905
C[C@H]1C[C@@H](C)CN(C1)C(=O)[C@@H]2CN(C(=O)CC3)N3C24CCCC4,-2.981,23,-0.1296086956521739
COCCON[C@H](C[C@H](C)N1C(=O)C)c(c12)cc(cc2)-c3ccco3,-2.981,25,-0.11924
[NH3+]c1ccc(cc1)NNCCC(c2ccccc2)c3ccccc3,-2.98,24,-0.12416666666666666
N#Cc1ccc(cc1C)Oc2ccc(cc2)CC(=O)Nc3cccc(c3)N4CCCC4=O,-2.979,32,-0.09309375
C1CC1N2C(C)(C)C(=O)N(C)c(c23)ccc(c3)Nc(cc4)cc(c45)N(C6CC6)C(C)(C)C(=O)N5C,-2.979,35,-0.08511428571428571
O=C([O-])Cc1coc(c12)cc(cc2)[C@H](C)c3ccc(cc3)-c4cc(F)cnc4Cl,-2.978,29,-0.1026896551724138
C/C=C/CCCCCCCC(=O)O[C@H](COP(=O)([O-])O)Cc1cnn(c1)C[C@H](C)OC,-2.978,31,-0.09606451612903226
O=C(N1)C(C)(C)Oc(c12)cc(c(c2)OC)-n3cc([N+](=O)[O-])nc3C,-2.977,24,-0.12404166666666666
Cn1cc([N-]S(=O)(=O)C)c(n1)COc2ccc(cc2)-c(cc3)nc(c34)cccc4,-2.977,29,-0.1026551724137931
[nH+]1ccccc1N2CCC(CC2)Nc(c[nH+]c3)c(c34)cccc4,-2.977,23,-0.12943478260869565
n1ccn(c12)c(=O)n(cc2)N3CCN(CC3)c4ccc(C(F)(F)F)cc4,-2.977,26,-0.11449999999999999
OCCO[C@H](N(C)C(=O)N1)c(c12)cc(cc2)N(C3(C)C)C(=O)NC3=O,-2.976,25,-0.11903999999999999
CCCCc1ccc(cc1)C[C@H]2SC(=O)NC2=O,-2.976,18,-0.16533333333333333
[NH3+]CCNCCc1cc[nH+]cc1,-2.976,12,-0.248
n1[nH]ccc1C(=O)c2csc(n2)N3CC[N+](CC3)=C(N4)CSc(c45)cccc5,-2.975,28,-0.10625
O=c1[nH]c(cs1)-c2cccc(c2)NN3CC[N+](CC3)=C(N4)CSc(c45)cccc5,-2.974,29,-0.10255172413793104
COc1cccc(c1)[C@H](O)CCc(cc2)cc(c23)COc4c(cccc4)C\3=C(/C)c5noc(=O)[nH]5,-2.973,35,-0.08494285714285714
n1ccc(OC)c(c12)cc(cc2)-c(cc(n3)C)n(c34)nc(n4)C(F)(F)F,-2.972,26,-0.1143076923076923
C[NH2+]C[C@@H](O)COc1ccc(Cl)c(c1)-c2ccc(S(=O)(=O)N)cc2CC[NH3+],-2.972,27,-0.11007407407407407
CC[C@@H]([C@H](C)O)[NH+]1CCN(CC1)c2cc(nc(n2)N)NC3CC3,-2.972,23,-0.1292173913043478
C[NH+](C)CCCN(C)[C@H]1CCN(C1)C(=O)[C@H](CO)NC(=O)CCCCCCCCC[NH3+],-2.972,31,-0.09587096774193549
COc(c1)cccc1-c(ncn2CC#C)c2C(=O)c3ccc(F)cc3,-2.972,25,-0.11888
Cc1noc(C)c1-c(cc2)cc(c23)ncc(C(=O)[O-])c3C(=O)c4ccc(cc4)-c5ncccn5,-2.972,34,-0.08741176470588236
Cc1noc(c12)nc(C)nc2N3CCC(O)CC3,-2.971,18,-0.16505555555555557
CCn(cn1)c(c12)c(=O)[nH]c(=O)n2Cc3ccc(cc3Cl)C(=O)OC,-2.97,25,-0.1188
CO[C@@H](C)Cn1cc(cn1)-c(c(n2)C)n(c23)ccnc3-c4cc[nH]n4,-2.97,25,-0.1188
n1[nH]ccc1Nc(c(C#N)c2)cc(n23)nc(c3)-c4ccccc4,-2.97,23,-0.12913043478260872
CS(=O)(=O)Cc1cnc(c(c1)-c(ccc2)n(c23)nc([nH+]3)N)Oc4ccc(F)cc4F,-2.97,30,-0.099
c1cccc(c12)C(=O)c3c(C2=O)nnn3-c4cc(F)c(c(F)c4)-c5n[nH]c(n5)-c6ccccc6,-2.97,34,-0.08735294117647059
C1COCC[N+]1=c(o2)cc(O)c(c23)scc3C[C@H]4CC[C@H](C(=O)[O-])CC4,-2.97,26,-0.11423076923076923
C1C[NH2+]CCN1C(=O)[C@@H](C2)Oc(c23)c(cc(Cl)c3)-c4c[nH]c(n4)C5CCC5,-2.97,27,-0.11
COc1ccc(cc1OC)S(=O)(=O)C[C@H](O)[C@H]([NH3+])CO,-2.969,20,-0.14845
OCCO[C@H](N(C)C(=O)N1)c(c12)cc(cc2)-c(ccc3Cl)c(c34)cccc4,-2.968,27,-0.10992592592592593
O=C1NC(=O)N(C1(C)C)c2n(nnc2C)C3CCN(C(N)=[NH2+])CC3,-2.968,24,-0.12366666666666666
CCc1ccc(nc1)CCS(=O)(=O)c2c(C)cc(OC)c(C)c2C,-2.967,24,-0.123625
CC(C)(C)c([nH]n1)cc1N(C(=O)CC)[C@H](c2cccnc2)C(=O)Cc3ccc(O)cc3,-2.967,31,-0.09570967741935484
Cc1nc(C[NH+](C)C)ccc1-c2c(C)nnn2C3CCN(C(N)=[NH2+])CC3,-2.966,26,-0.11407692307692309
CC(C)=CCC[C@H](C)C(=O)c1cc(=O)[n-]c(=O)[nH]1,-2.966,18,-0.1647777777777778
Clc1ccc(c(Cl)c1)OCC[NH2+]Cc2ccccc2,-2.966,19,-0.15610526315789475
COc(cc1)cc(c12)[nH+]c([nH]2)CCc(cn(C)c3=O)c(c34)oc(c4)-c5c[nH+]c([nH]5)C6CCC6,-2.966,33,-0.08987878787878789
COC(=O)c1ccc(c(Cl)c1)C[N@H+](CC2)CC[C@@]2(O)Cc3cc(nc(n3)N)N4CCCCC4,-2.966,33,-0.08987878787878789
Fc1cc(F)ccc1[C@@](O)(Cn2cncn2)Cc3ncc(F)cc3F,-2.965,25,-0.1186
CC(C)Cc1noc(n1)C2CCN(CC2)C(=O)OC(C)(C)C,-2.963,22,-0.13468181818181818
C=CCCCc1[nH+]cc[nH]1,-2.963,10,-0.2963
O=C([O-])CCC(\C)=C/Cc(cc1=O)oc(c12)c(c([O-])cc2O)[C@H]3CC[N@H+](C)C[C@H]3O,-2.962,30,-0.09873333333333334
c1ccccc1C(=O)\C=C(\C)N2CCN(CC2)c3ccccc3OCCO,-2.962,27,-0.1097037037037037
O=c1ccc(cn1C)C(=O)[C@H]2CC[N@@H+](C2)CC[NH3+],-2.962,18,-0.16455555555555557
CCCCCC(=O)N[C@@H](CO)[C@H](O)C[NH2+][C@H](C)c(n1)n(CC)c(c12)cc(C(F)(F)F)cc2,-2.961,32,-0.09253125
c1cc(F)ccc1-c(o2)c(C(=O)NC)c(c23)cc(C4CC4)c(c3)C(=O)c5cnn(C)c5C,-2.961,32,-0.09253125
n1nn(C)c(c12)cc(cc2)NC(=O)c3nccn3NCCCNC(=O)OC(C)(C)C,-2.961,30,-0.0987
COc1ccc(cc1)Cn(nn2)c(c23)[C@@](C)(O)CC[C@H]3c(cc4)cc(c45)ccs5,-2.96,29,-0.10206896551724137
CC(C)S(=O)(=O)NC[C@@H]1CC(=NO1)c2ccc(c(F)c2)N3CC[C@@H](C3)NN4CCCC4=O,-2.959,32,-0.09246875
n1[nH]ccc1S(=O)(=O)c2ccc(cc2)-c3ccc(I)cc3,-2.959,21,-0.14090476190476192
OCCO[C@H](N(C)C(=O)N1)c(c12)cc(cc2)-c(n3)oc(c34)cccc4,-2.959,25,-0.11836
CC(C)(C)c(cc1)ccc1N(S(=O)(=O)CC)[C@H](c2cccnc2)C(=O)CCOCCOCCO,-2.959,34,-0.08702941176470588
Cc1noc(C)c1-c(cc2)cc(c23)ncc(C(=O)[O-])c3C(=O)Cc4ccc(F)cc4,-2.959,30,-0.09863333333333334
COc1ccc(nn1)N2CCN(CC2)Cc3ccc(Br)cc3,-2.959,22,-0.1345
COc1cccc(c1)OCC(=O)Nc2ccc(cc2)-c3cnc[nH]3,-2.958,24,-0.12325000000000001
Fc1cccc(F)c1S(=O)(=O)[N-]c2cccc(c2)Nc3ccccc3F,-2.958,26,-0.11376923076923078
CN1CCN(CC1)c2ccc(cc2)CC/C=C/C/C=C/C=C/[C@H](O)CCCC(=O)[O-],-2.957,30,-0.09856666666666666
CCS(=O)(=O)[N-]c1ccc(CC[NH3+])c(c1)-c(cn(C)c2=O)c(c23)oc(c3)-c4c[nH]c[nH+]4,-2.957,31,-0.09538709677419355
C1COCCN1c(o2)cc(=O)c(c23)scc3C[C@H]4CC[C@H](C(=O)[O-])CC4,-2.956,26,-0.11369230769230769
N#Cc(c(N)[nH]1)c(c12)cc(cc2)Oc3ccc(cc3)Nc4cc[nH+]c(c4)N5CC[NH2+]CC5,-2.956,32,-0.092375
Cc1nn(C)c(C)c1NS(=O)(=O)c2c(Cl)cc(cc2Cl)-c3ccc(nc3)-c4cn(C)nn4,-2.956,32,-0.092375
O[C@@H]1[C@@H](O)[C@@H](O)[C@@H](O[C@H]1C)[N@H+]2CC[C@@H](CC2)N3CCCOC3=O,-2.955,23,-0.1284782608695652
CC(C)C(C(C)C)[NH2+]CCNC(=O)c1c(-c2cccc(c2)CC(=O)[O-])noc1-c3ccccc3,-2.955,34,-0.08691176470588236
CC[N@H+]1CC[C@@H](CC1)c2ccc(C)c(c2)S(=O)(=O)NC3CCCC3,-2.955,24,-0.123125
CC(C)S(=O)(=O)NC[C@@H]1CC(=NO1)c2ccc(c(F)c2)N3CC[C@@H](C3)Nc4ccno4,-2.955,31,-0.09532258064516129
N#C\C=C\c(cc1C)cc(C)c1-c(cc2)cc(c2=3)=NC(=O)N3,-2.953,22,-0.13422727272727272
O=C([O-])CNCc1ccc(cc1Cl)-c2ncon2,-2.953,18,-0.16405555555555554
S=C(N1)OC(C)(C)c(c12)cc(cc2)-c3ccoc3,-2.952,18,-0.164
CC(=O)NCCC(=O)c1ccccc1Oc(cc(F)c2)c(c23)ccc(c3)C#N,-2.952,28,-0.10542857142857143
[nH]1ncnc1[C@@H](C)[NH2+]Cc2ccc([N+](=O)[O-])cc2,-2.951,18,-0.16394444444444445
CC[C@](C)(C(=O)[O-])Oc1ccc(cc1)CCN2CCN(CC2)Cc3ccccc3,-2.951,29,-0.10175862068965517
n1nc(C)n2nc(c(c3c12)cccc3)-c4ccc(c(c4)C[C@H](O)CO)N5CCOCC5,-2.95,31,-0.09516129032258065
CC[C@](C)(C(=O)[O-])Oc1ccc(cc1)CC[NH2+]CCC(=O)Nc2cccc(C(=O)[O-])c2,-2.95,31,-0.09516129032258065
CNc1cc([nH+]c(n1)N)-c2[nH]nc(C#N)c2C,-2.95,17,-0.1735294117647059
C1CC1N2C(C)(C)C(=O)N(C)c(c23)ccc(c3)NCCCO,-2.95,22,-0.1340909090909091
O=c([n-]1)[nH]c(=O)cc1C(=O)N2CCN(CC2)C/C=C/c3ccc(Br)cc3,-2.95,26,-0.11346153846153847
CC(=O)Nc1ccccc1CCn(c([nH+]2)SCCC(=O)[O-])c(c23)cccc3,-2.95,27,-0.10925925925925926
Clc(c1)cc(F)cc1-c2cn(C)c(=O)c(c23)C/C(O3)=c4\cnc([nH]4)=C5CCCC5,-2.95,29,-0.10172413793103449
c1ccccc1-c(cc2)ccc2C(=O)NCCOc3ccc(cc3)C[C@@H]4SC(=O)[N-]C4=O,-2.949,32,-0.09215625
CN1CCN(CC1)c(cc2)cc(c23)n(Cc4ccccc4)c(n3)[C@H]5CCN(C5)CC[NH3+],-2.949,31,-0.09512903225806452
O=C([O-])C[C@H](C)CCCC(=O)c1ccccc1[N+](=O)[O-],-2.948,20,-0.1474
CC(=O)N1[C@@H](C2CC2)C[N@H+](CCCC(=O)[O-])c(c13)cccc3,-2.948,22,-0.134
C[NH+]1CCN(CC1)c(cc2)cc(c23)n(Cc4ccccc4)c([nH+]3)[C@H]5CCN(C5)CC[NH3+],-2.948,31,-0.09509677419354838
C1CC1Nc(c2CC)nc(N)nc2-c(cc3)cc(c34)N(C5CC5)[C@@H](C)C(=O)N4C,-2.945,29,-0.10155172413793102
n1cccnc1Nc(c2)c(ccc2S(=O)(=O)C)N3CC[NH+](CC3)C4COC4,-2.945,27,-0.10907407407407407
Nc([nH+]1)cc(C)c(c12)ccc(c2)-c3ccc(c(c3)C[NH3+])N(C4(C)C)C(=O)NC4=O,-2.945,29,-0.10155172413793102
O=c([nH]1)onc1[C@@H](C)C2CCCCC2,-2.945,14,-0.21035714285714285
COc1ccc(cc1OC)N(CC(=O)NC(C(C)C)C(C)C)[C@H]2CC[N@H+](C2)CC[NH3+],-2.944,30,-0.09813333333333334
C1CC1c(n2)cccc2[C@H](CC)c3cn(C)c([nH+]3)COc(cc4)nn(c45)c(C)c([nH+]5)C,-2.944,31,-0.09496774193548387
FC1(F)CC(C1)C(=O)c(cc2C(C)(C)N)nc(c2)-c3ccc(F)cc3,-2.943,25,-0.11772
C1C[NH+](C)CCN1c2nc(N)nc(c2CC)Cc3[nH+]c(cn3C)-c4ccccc4,-2.942,29,-0.10144827586206898
CCC(=O)c1cc[nH]c(=O)c1-c([nH]2)nc(c23)cc(cc3C)N4CCOCC4,-2.942,27,-0.10896296296296297
COc(c1)cccc1-c(ncn2CC#C)c2-c3nc(N)nc(c3CC)N4CCCCC4,-2.942,31,-0.09490322580645162
n1ccnn1[C@H](C(=O)[O-])Cc2ccc(cc2)-c3ccccc3,-2.94,22,-0.13363636363636364
o1nc(C)c(c12)cc(c([O-])c2)-c3ccno3,-2.939,16,-0.1836875
Cc1cc(OC)cc(c12)c(c3c(n2)[nH]nc3C)CN4CCC[C@@H](C4)n5cc(C)c(=O)[nH]c5=O,-2.939,33,-0.08906060606060606
CCCCn1cc(nn1)CNc(c(c23)[nH]c(=O)c(c3)C)[nH+]cc2-c4cncc(C)c4,-2.938,30,-0.09793333333333334
O=C1CCCN1n(c(n2)C)c(c23)ccc(c3)OC(F)(F)F,-2.938,21,-0.13990476190476192
c1cc(C(F)(F)F)cc(c12)n(CC)c([nH+]2)[C@@H](C)N[C@H]3C[NH2+]C[C@H]3Cc4cc(C)cc(N)[nH+]4,-2.937,32,-0.09178125
CCS(=O)(=O)c(cc1)cc(c12)occ2CC(=O)[O-],-2.934,18,-0.163
COc1cccc(c1)-c2[nH+]cn(Cc3ccccc3)c2-c4ccc(OS(=O)=O)cc4,-2.933,30,-0.09776666666666665
CCCC(=CC1=O)N=C([N+]1=2)N=C(N2)Cc3ccc(cc3C[NH3+])-c(cc4)cc(c45)nc(N)cc5C,-2.932,34,-0.08623529411764706
CCN1CCN(CC1)c2[nH+]c(c(o2)C)CCCc3ccc(cc3)C[C@@H](C(=O)[O-])n4nccn4,-2.932,33,-0.08884848484848484
O=c1[n-]c(no1)-c2cccc(C(F)(F)F)c2,-2.932,16,-0.18325
CCN(C(=O)C1)c(c12)ccc(c2)-c3[nH]nc(n3)-c4ccccc4,-2.931,23,-0.12743478260869565
c1c(Cl)ccc(c12)c(c(C(=O)[O-])[nH]2)[C@@H](C(=O)CCC#N)N(C=O)Cc3ccc(Cl)cc3,-2.931,31,-0.0945483870967742
C1CCCCC1c2cn(C)c(=O)c(c23)C/C(O3)=c4\cnc([nH]4)=C5CCCC5,-2.93,27,-0.10851851851851853
C[C@H]1COCCN1c(nc2)cc(c23)n([C@@H](C)COC)c(n3)-c4[nH]ncc4-c5ccncc5,-2.93,32,-0.0915625
c1ccccc1-n(nc2C)c(C)c2/C=N/N3CCN(CC3)N(CCO4)[C@@H]([C@H]45)CCC5,-2.93,30,-0.09766666666666667
Cc1ccc(cc1)[C@H](C)Nc(cc2)cc(c23)N([C@H](C)C(=O)N3C)[NH2+][C@H]4[C@@H]([C@@H]45)COC5,-2.929,30,-0.09763333333333332
COCCONC(C)C,-2.928,9,-0.3253333333333333
CC(=O)N1CCC(CC1)CN(CCO2)[C@@H]([C@H]23)CCC3,-2.927,19,-0.15405263157894736
c1cnccc1NC(=O)[C@H](C(C)C)Nn(nn2)c(c23)C(=O)c4c(C3=O)cccc4,-2.927,29,-0.10093103448275863
C[C@H]1C[C@@H](C)CN(C1)c2ccc(cc2CCCCCO)C(=O)Nc3ccccc3C(=O)[O-],-2.927,32,-0.09146875
OCCOCCc1c(cccc2)c2nc(c13)CCCC3,-2.926,20,-0.1463
CCCCCCOc1cccc(c1)CCc([nH]n2)c(c23)cccn3,-2.926,24,-0.12191666666666667
[NH3+]c1ccc(cc1)NCCCO,-2.926,12,-0.24383333333333335
Cc1ccc(cc1)-c([nH]2)nc(c23)cc(cc3C)N4CCOCC4,-2.926,23,-0.12721739130434784
Cc1cc[nH+]c(c1)CCCCC[NH2+]C23C[C@H]4C[C@@H](C3)C[C@H](C4)C2,-2.926,23,-0.12721739130434784
O=C([O-])Cc1cccc(c1)-c2ccc(OS(=O)=O)cc2,-2.924,20,-0.1462
C1C[NH+](C)CCN1c2nc(N)[nH+]c(c2CC)-c3ccc(cc3)-c(n4)c(NC(C)(C)C)n(c45)ccnc5,-2.924,36,-0.08122222222222222
c1ccccc1Nn2c(=O)n(ncn3)c3c(c24)c5c(s4)CN(CC5)CC6CCOCC6,-2.923,31,-0.09429032258064517
COC[C@H](C)CCCN1CCOCC1,-2.922,14,-0.2087142857142857
CC(=O)N1CCC(CC1)C[NH2+]N2CCN(CC2)C(=O)CC3(CC(=O)[O-])CCCC3,-2.921,29,-0.10072413793103448
Cc1cc(OC)cc(c12)c(c3c(n2)[nH]nc3C)C[N@@H+]4CCC[C@@H](C4)n5cc(C)c(=O)[nH]c5=O,-2.921,33,-0.0885151515151515
C1CC1c([nH]2)[nH+]c(c23)cc(-c4c(C)onc4C)cc3-c(ncn5)c(c56)cc[nH]6,-2.921,28,-0.10432142857142856
C[C@H]1CC[C@@H](CC1)C[NH2+]Cc2ccccn2,-2.921,16,-0.1825625
n1cn(C(C)C)c(c12)[nH+]c(N[C@H](CC)CO)nc2NCc3ccc(cc3)CC[NH+](C)C,-2.919,31,-0.09416129032258065
O=P([O-])([O-])OP(=O)([O-])SCCN1CCC[C@@H]1CO,-2.919,18,-0.16216666666666668
C1CCCCN1S(=O)(=O)c(cc2)cc(c23)C[NH2+][C@H](C3)CO,-2.919,21,-0.139
OC[C@@H](O)C(=O)CCOCCO,-2.918,12,-0.24316666666666667
C[NH2+]C[C@@H](O)COc1ccc(Cl)c(c1)-c2ccc(Cl)c(Cl)c2,-2.918,22,-0.13263636363636364
C1COCCN1c(c2)cc(C)c(c23)nc([nH]3)-c4c(cc[nH]c4=O)CC[N@H+](C)[C@H]5CCCCN5,-2.917,33,-0.08839393939393939
COCC[NH+]1CCN(CC1)CC[NH+](C)C,-2.917,15,-0.19446666666666665
COc(nn1)ccc1-c(c2CC)nc(N)nc2N3CC[NH+](C)CC3,-2.917,24,-0.12154166666666666
Cc1nc(C[NH+](C)C)ccc1N2[C@@H](C)Cn(c23)c4c([nH+]3)cccc4,-2.917,24,-0.12154166666666666
C1CC1Nc(c2CC)nc(N)nc2C(=O)CC[NH2+]Cc3ccc(c(Cl)c3)-c4ccccc4,-2.916,32,-0.091125
C1CC1Nc(c2CC)nc(N)nc2-c3ccc(cc3)C[C@@H]4SC(=O)NC4=O,-2.915,27,-0.10796296296296297
O=C([O-])c1cc(CC)nc(c12)n(nc2C(CC)CC)-c3ccc(cc3)OCC4CC4,-2.915,30,-0.09716666666666667
Cc1cc(OC)cc(c12)c(c3c(n2)[nH]nc3C)Cn4ccc(O)c(C(=O)[O-])c4=O,-2.915,29,-0.10051724137931034
CCc1c(NC)nc(N)nc1-c2ccc(cc2)NS(=O)(=O)C,-2.914,22,-0.13245454545454546
FC(F)(F)c1cc(ccc1Cl)N2CCN(CC2)c3n[nH]cc3-c4ccncc4,-2.914,28,-0.10407142857142858
COc1cccc(c1)-c(cc2)cc(c23)oc(c3CC(=O)[O-])[C@H](C)c4ccccc4,-2.914,29,-0.10048275862068966
COc(nn1)n(c12)nc(cc2)N3CCC(CC3)c4ccc(cc4)N5CCN(C(C)C)CC5,-2.914,32,-0.0910625
CCCCCC(=O)O[C@H](CC(=O)c1ccco1)COP(=O)([O-])OCC[N+](C)(C)C,-2.914,29,-0.10048275862068966
Cc1noc(C)c1-c2ccc(cc2)CNC(=O)c3cc(=O)[nH]c(=O)[n-]3,-2.912,25,-0.11648
CCOCC1CC1,-2.912,7,-0.416
Cc1noc(C)c1-c(cc2)cc(c23)c(nc([nH+]3)N[C@H](C)c4[nH]cnn4)N5CCOC[C@@H]5c6ccccc6,-2.911,37,-0.07867567567567568
COc(nn1)ccc1-c(c2CC)[nH+]c(N)nc2N3CC[NH+](C)CC3,-2.911,24,-0.12129166666666667
CC/C=C/CCN1CCN(CC1)c2ccccc2OCCCC(=O)[O-],-2.911,25,-0.11644
CCOC(=O)c(cc1)cc(c12)CN(C)C(=O)N2,-2.909,17,-0.1711176470588235
FC(F)(C1)[C@@H](O)c(c12)c(S(=O)(=O)C)ccc2C(=O)C3CC3,-2.908,21,-0.13847619047619047
c1cnccc1NNC[C@H](OC2=O)CN2c3ccc(c(F)c3)N4CCSCC4,-2.908,28,-0.10385714285714286
FC(F)(F)c1ncc(c(c12)C[C@@H](F)[C@H]2O)C(=O)c3cc(F)ccc3[O-],-2.908,25,-0.11631999999999999
N#CCCCOc1ccc(cc1)C[C@@H](C(=O)[O-])Nc2ccccc2C(=O)c3ccccc3,-2.908,32,-0.090875
Fc1cc(F)ccc1Oc(ccc2[N-]S(=O)(=O)CC)c(c2)C(=O)c3ccccc3[N+](=O)[O-],-2.907,32,-0.09084375
CC/C=C/CCn(c(C)[nH+]1)c(c12)ccc(c2)OC(F)(F)F,-2.907,21,-0.13842857142857143
C1CN(C)CC[NH+]1CCc2cc(ccc2N(C3)C[C@H](C)C[C@@H]3C)C(=O)Nc4ccccc4C(=O)[O-],-2.907,35,-0.08305714285714286
C[N@H+]1CC[C@@H]([C@H](O)C1)c(c(O)cc2O)c(c23)oc(cc3=O)-c(ccn4)c(c45)nc[nH]5,-2.907,30,-0.0969
c1cc(F)cc(c12)c(C(=O)[N-]S(=O)(=O)C)c(N)c(n2)-c3ccc(cc3)N4CC=CC4=O,-2.906,31,-0.09374193548387097
COc(cc1)cc(c12)n3c(nnc3C)[C@H]([C@@H](C)C(=O)c4cc[nH]n4)N=C2c5ccc(Cl)cc5,-2.906,33,-0.08806060606060606
C1CNCCN1C(=O)[C@@H](C2)Oc(c23)c(cc(Cl)c3)-c4c[nH]c(n4)C5CCC5,-2.905,27,-0.10759259259259259
Cc1cc(ccn1)-c2ccc(cc2)-c3c(C)ccn(C)c3=O,-2.905,22,-0.13204545454545455
CC(C)C[C@H]([NH3+])C(=O)NNCC[NH3+],-2.904,13,-0.22338461538461538
Cc1cccc(c12)n(c([nH+]2)CCC)[C@H]3CCN(C3)CC[NH3+],-2.903,21,-0.13823809523809524
Clc1cc(Cl)ccc1[C@H](C)[NH+]2CCN(CC2)C3COC3,-2.902,20,-0.1451
COC(=O)S(=O)(=O)c(cc1)cc(c12)CN(C)C(=O)N2,-2.902,19,-0.15273684210526317
Nc1ccc(cc1)NNCCC(c2ccccc2)c3ccccc3,-2.9,24,-0.12083333333333333
c1sccc1Cc(ccc2)c(c23)c(C)c(o3)C(=O)c4nccn4C,-2.9,24,-0.12083333333333333
C1CC[C@@H]([N@@H+]12)CN(CC2)n3ncc(Cl)c3C(=O)Nc(cc4)cc(c45)[nH]c([nH+]5)-c6ccccc6,-2.899,33,-0.08784848484848484
COc1cc(=O)n(C)nc1-c2ccccc2[C@H](C)[C@H]3CC[C@H](C)CC3,-2.899,25,-0.11596000000000001
C1C[NH2+]CCC1n(nnc2C)c2-c3cc(cnc3N)-c4cnn(C)c4,-2.898,25,-0.11592000000000001
OCCCOC[C@H](O)CO,-2.897,10,-0.28969999999999996
OCc1ccc(F)c(c1)-c2c(F)cc(cc2F)CCc3c[nH]cn3,-2.896,24,-0.12066666666666666
CCS(=O)(=O)[N-]c1ccc(C(=O)C(F)(F)F)c(c1)-c(cn(C)c2=O)c(c23)oc(c3)-c4c[nH]cn4,-2.896,34,-0.0851764705882353
o1nc(C)c(c12)cc(c(c2)NC)-c(cc3)cc(c3=4)=CC(=O)N4,-2.896,22,-0.13163636363636363
C1CC1Nc(c2CC)[nH+]c(N)nc2-c3cc(F)cc(Br)c3,-2.896,21,-0.1379047619047619
CC/C=C/CCS(=O)(=O)c(ccc1)c(c12)c(C)cnc2,-2.895,20,-0.14475
Cc1cc(C)cc(c1)-c(cc2)c3[n-]c(cc(c3c24)c(O)n4C)N5CC[NH+](C)CC5,-2.894,29,-0.09979310344827587
O=C(N=1)N=c(c12)cc(cc2)-c3cc(F)c(C(F)(F)F)c(F)c3,-2.894,22,-0.13154545454545455
Cc1cccc(c1)NCc2cccc[nH+]2,-2.894,15,-0.19293333333333335
NCC[NH2+]CCOc1ccc(cc1)C2CCN(CC2)c(cc3)nn(c34)c(Cl)nn4,-2.893,29,-0.09975862068965516
CNC[C@@H](O)COc1ccc(Cl)c(c1)-c2cc(F)cc(Cl)c2,-2.893,22,-0.13149999999999998
CO/C([O-])=C\C(=O)c1ccnc(n1)Oc2cccc(C)c2C,-2.892,22,-0.13145454545454546
CCOc1ccc(C(=O)C)cc1-c2cc(NN3CCC(O)CC3)cc(c2)-c4ccn(n4)C,-2.892,32,-0.090375
c1cccc(c12)c(c[nH]2)C[C@H]([NH3+])C(=O)c3ccc(cc3Cl)C[NH2+]CCc(n4)[nH]c(c45)cccc5,-2.892,34,-0.08505882352941176
Fc1c(F)c(F)ccc1-c2cn(C)c(=O)c(c23)C/C(O3)=c4\cnc([nH]4)=C5CCC5,-2.892,29,-0.09972413793103448
Cc1[nH]nc(C2CC2)c1-c(cc3)cc(c3=4)=NC(=O)N4,-2.892,19,-0.15221052631578946
CC[C@H](C)[C@H](N)C(=O)NC(=S)NCc1ccco1,-2.891,18,-0.16061111111111112
n1cnc(n12)nc(C)cc2N3CCNCC3,-2.891,16,-0.1806875
c1c(F)c(F)cc(c12)CC(C2)(CC(=O)[O-])C(=O)c(cc3)cc(c34)ccc(c4)C[C@@H]5SC(=O)NC5=O,-2.891,35,-0.0826
CCOC(=O)c1csc(n1)-c(c(C(=O)[O-])cn2)c(c23)ccc(n3)-c4c(C)noc4C,-2.89,30,-0.09633333333333334
CCNC(=O)c1ccc(c(c1)-c2cn(C)nn2)-c3ccccc3C(=O)c4ccccc4,-2.889,31,-0.09319354838709677
CC(C)(C)c([nH]n1)cc1N(C(=O)CC)[C@H](c2cccnc2)C(=O)n3cc([N+](=O)[O-])nc3C,-2.888,32,-0.09025
O=C([O-])[C@@H](C)n(c(=O)n1C)c(=O)c(c12)c(C)c(cc2)C([O-])=C3C(=O)CCCC3=O,-2.888,29,-0.09958620689655172
C[NH2+]Cc1ccccc1N[C@H](CCC2)c(c23)cnn3-c4ccccc4F,-2.888,26,-0.11107692307692307
c1ccc(C)c(c12)[nH]c([nH+]2)CCNCc3ccc(c(Cl)c3)NCCCNC(=O)c4ccc(F)cc4,-2.887,35,-0.08248571428571429
OCCCNCc1ccc(c(Cl)c1)-c2ncccn2,-2.887,19,-0.15194736842105264
Cc1cc(C)c(c(C)c1)-c(cc2)cc(c23)ccn3CC(=O)[O-],-2.886,22,-0.13118181818181818
[nH+]1ccccc1CCCCCC(=O)c2nccn2Cc3ccccc3,-2.886,25,-0.11544
CCOC(=O)c1ccc(cc1OC)C(=O)N[C@@H]2CC[N@@H+](C)CC2,-2.886,23,-0.12547826086956523
Cc1cc(on1)[C@@H](C(C)C)C(=O)N[C@@H](c(nnc2C)n2c(c34)cccc4)N=C3c5ccccc5,-2.885,34,-0.08485294117647058
n1cccc(c12)c(c(C)cc2)-c(ccn3)c(c34)cccc4,-2.884,21,-0.13733333333333334
C[N@H+]1CC[C@@H]([C@H](O)C1)c(c(O)cc2O)c(c23)oc(cc3=O)-c4cccc(Cl)c4F,-2.884,29,-0.09944827586206896
C1C[NH+](C)CCN1c2nc(N)nc(c2CC)-c3ccc(cc3)-c(n4)c(NC(C)(C)C)n(c45)ccnc5,-2.883,36,-0.08008333333333334
c1nccc(c12)c(C(=O)[O-])c(C)c(n2)-c3ccc(cc3)N4CCOCC4,-2.882,26,-0.11084615384615384
c1ccccc1-n(nc2C)c(C)c2/C=N/c3ccc(cc3)NS(=O)(=O)C,-2.882,26,-0.11084615384615384
C[C@H]1COCC[N@@H+]1CCC[NH+]2CCOCC2,-2.882,16,-0.180125
O=C(N1)C(C)(C)Oc(c12)cc(c(c2)OC)NC(=O)c(c3)oc(c34)cccc4,-2.881,27,-0.10670370370370369
O=C([O-])CCC(\C)=C/C[NH2+]CCOc1ccc(cc1)C[C@@H]2SC(=O)[N-]C2=O,-2.881,27,-0.10670370370370369
CNc1nc(N)nc(c1CC)C/C=C(/C)CCC(=O)[O-],-2.88,20,-0.144
O=C([O-])c1ccccc1Cc2ccc([N+](=O)[O-])cc2,-2.88,19,-0.15157894736842104
Cn1cc(Cl)cc(c1=O)-n(c2=O)c3sc(c4c3c(n25)ncn5)CN(CC4)CC6CCOCC6,-2.88,33,-0.08727272727272727
CCCCCCCCCCCCC/C=C/[C@@H](O)[C@H](CO)NS(=O)(=O)c1ccc(OC)c(c1)OC,-2.88,34,-0.08470588235294117
Cc1noc(C)c1-c(cc2)cc(c23)c(nc(n3)N[C@H](C)c4nc[nH]n4)N5CCOC[C@@H]5c6ccccc6,-2.879,37,-0.07781081081081082
C1C[NH+](C)CCN1c(c2CC)nc(N)nc2-n(nn3)c(c34)C(=O)c5c(C4=O)cccc5,-2.879,31,-0.09287096774193548
CC(C)C(C(C)C)[NH2+]c1ccccc1O,-2.879,15,-0.19193333333333334
OC1CCN(CC1)Cc2ccccc2F,-2.879,15,-0.19193333333333334
NC(=O)CCNCc1ccc(c(Cl)c1)-c2ccccc2OCCCC(=O)[O-],-2.878,27,-0.1065925925925926
CCCNC(=O)c1c(cnn1C)C(=O)c2ccc(cc2C[NH3+])-c(cc3)cc(c34)nc(N)cc4C,-2.878,34,-0.08464705882352941
n1ccnn1-c(c(c2)OC)cc(c23)[nH]c4c3c(nc(n4)C)-c(ccn5)c(c56)cccc6,-2.877,31,-0.09280645161290321
o1c(N)nc(c12)cc(C)cc2C(=O)c(cn3)cc(c34)cccc4,-2.877,23,-0.12508695652173912
CCCCCC[C@@H](C)[NH2+]NNC(=O)c1cc(C(C)(C)N)cc(n1)-c2ccc(F)cc2,-2.876,30,-0.09586666666666667
CC(C)NC(=O)O[C@H](CC[C@]1(C)O)c(c12)nnn2N3CCS[C@@H](CC3)c4cccs4,-2.875,30,-0.09583333333333334
COc1ccc(cc1)Cn(nn2)c(c23)[C@@](C)(O)CC[C@H]3Oc4ccc(cc4)C[C@H]5SC(=O)NC5=O,-2.875,35,-0.08214285714285714
O=c1n(C)cc(cc1C)-c(cc2)cc(c23)n(c([nH+]3)C4CCOCC4)CCc5ccc(O)c(O)c5,-2.875,34,-0.08455882352941177
c1ncc(C)c(c12)c(ccc2)S(=O)(=O)c(cc3)cc(c34)occ4CC(=O)[O-],-2.875,27,-0.10648148148148148
CC(=O)N1CCC(CC1)C[NH2+]c2ccc(cc2)C[C@@H]3SC(=O)[N-]C3=O,-2.874,25,-0.11496
CCN(C1=O)c2ccc(c(c2c13)ccc3)Nc(cn(C)c4=O)c(c45)oc(c5)-c6c[nH]c[nH+]6,-2.874,32,-0.0898125
c1cc(C(F)(F)F)cc(c12)n(CC)c(n2)[C@@H](C)N[C@H]3C[NH2+]C[C@H]3Cc4cc(C)cc(n4)N,-2.873,32,-0.08978125
CC(C)C[C@H]([NH3+])C(=O)Nc1c([nH+]cn1CC#C)-c2cccc(c2)OC,-2.872,25,-0.11488
c1cc(C)cc(c12)nc([nH]2)CCc3cc(nc(N)[nH+]3)N4CC[NH+](CC4)C5COC5,-2.872,29,-0.09903448275862069
O=[N+]([O-])c1cc(S(=O)(=O)C(F)(F)F)ccc1S(=O)(=O)c2cccc(Br)c2,-2.871,26,-0.11042307692307693
FC(F)(C1)[C@@H](O)c(c12)c(S(=O)(=O)C(F)F)ccc2[C@H](c3ccccc3)C4CCOCC4,-2.871,31,-0.09261290322580645
CNc1cc(nc(n1)N)-c2ccc(N)[nH+]c2,-2.87,16,-0.179375
CS(=O)(=O)[N-]S(=O)(=O)c(cc1)cc(c12)C[NH2+][C@H](C2)CO,-2.869,20,-0.14345000000000002
Cc1onc(C)c1-c(cc2)ccc2-n(nc3C)c(C)c3/C=N/N4CC[NH+](CC4)Cc5ccccc5,-2.867,35,-0.08191428571428572
C[C@@H]1C(=O)N(C)CC[N@H+]1CCC(=O)c2ccc(cc2)-c3ccco3,-2.866,24,-0.11941666666666667
c1cc(C)cc(c12)[nH]c(n2)CCc3cc(nc(N)[nH+]3)N4CCN(CC4)C5COC5,-2.865,29,-0.09879310344827587
CC(C)(C)S(=O)(=O)C[C@H](C1CC1)c2[nH]ncc2-c3ccncc3,-2.864,23,-0.12452173913043478
Cc1ncsc1-c2ccc(cc2)CNC(=O)[C@@H]3C[C@@H](O)CN3C(=O)c4cnccc4C(F)(F)F,-2.864,34,-0.08423529411764706
O=c1n(C)ncc(c1C)NCc2ccccc2NCC3(CCCC3)c4ccc(N(C)C)cc4,-2.864,33,-0.08678787878787879
C1C[NH+](C)CCN1c2nc(N)nc(c2CC)-c3ccccc3OCCCC(=O)[O-],-2.862,29,-0.09868965517241379
Cc1cccc(c12)n(c([nH+]2)CCC)C(=O)OCc3ccccc3,-2.862,23,-0.12443478260869566
C[C@@H](O)Cc(cc1=O)oc(c12)c(c(O)cc2O)[C@H]3CCN(C)C[C@H]3O,-2.862,25,-0.11448
Cc1cccc(c1C)Oc2nccc(n2)CCc(n3)[nH]c(c34)c([N+](=O)[O-])ccc4,-2.86,29,-0.09862068965517241
c1ccccc1NC(=O)c2ccc(cc2)-c(c3)ccc(O4)c3C(=O)CC45CCN(CC5)n6cncn6,-2.86,36,-0.07944444444444444
CCc1ccccc1-c2cc(nc(n2)N)N3CCN(CC3)C4COC4,-2.859,25,-0.11436
O=C1CCCC(=O)C1=C([O-])c(cc2)c(C)c(c23)c(=O)n(c(=O)n3C)N4CCN(C)C(=O)[C@H]4C,-2.858,33,-0.0866060606060606
CS(=O)(=O)NCCCNCc1ccc(c(Cl)c1)C2CC[NH2+]CC2,-2.858,23,-0.1242608695652174
n1ocnc1-c2ccc(cc2OCC)C(=O)N3CCC(CC3)[NH+]4CCN(C)CC4,-2.857,29,-0.09851724137931035
N#Cc1ccc(cc1C)[C@H]2CCN(C2)S(=O)(=O)C,-2.855,18,-0.15861111111111112
CC(C)(C)OC(=O)N1CCC(CC1)c2nc(no2)Cc3ccc(cc3Cl)-c4ncon4,-2.855,31,-0.09209677419354839
CNc1cc(nc(n1)N)N2CCN(CC2)c3c(-c4ccccc4)ncn3Cc5ccc(Cl)cc5,-2.854,34,-0.08394117647058824
OCCC[NH+]1CCC1,-2.854,8,-0.35675
O=C([O-])c1ccc(cc1OC)N[C@H](C(=O)[O-])Cc2ccc(cc2)OCCN(C)c3ccccn3,-2.853,34,-0.08391176470588235
COc1ncc(c(n1)OC)-c(n2)n(c(c23)ccc(Br)c3)C[C@@H]4CCCN(C4)C(=O)C,-2.853,30,-0.0951
COc1ccc(cc1)Cn(nn2)c(c23)[C@](C)(O)CC[C@H]3c([nH+]c(c45)cccc5)nc4NCc6ccco6,-2.85,37,-0.07702702702702703
O=C1CC=CN1N(C2=O)C(=O)N[C@]23C[C@H](C3)c4ccccc4,-2.849,22,-0.1295
COC(=O)[C@H](C(C)(C)C)NC(=O)N1CCC(CC1)c2nc(no2)-c3cccs3,-2.849,28,-0.10175000000000001
CCCCc(ccc1)c(c12)c(C)c(o2)C(=O)c3[nH+]ccn3C,-2.845,22,-0.12931818181818183
s1cccc1CNC(=O)CC[NH2+]Cc2ccc(c(Cl)c2)-c3ccccc3,-2.844,26,-0.10938461538461539
C1CNCCN1C(=O)[C@@H](C2)Oc(c23)c(cc(Cl)c3)-c4cnc([nH]4)C5CCC5,-2.843,27,-0.10529629629629629
O=C([O-])CCCCCOc1ccccc1CN(C2CC2)c3ccn[nH]3,-2.842,25,-0.11368
N#Cc1c(=O)[nH]c(cc1[S@](=O)C)-c2cccc(c2)CCc([nH]3)nc(c34)ccc(Cl)c4,-2.842,30,-0.09473333333333334
CN(C)CC[N@H+]1CC[C@@H](CC1)c2ccccc2C(=O)c3ccccc3,-2.841,25,-0.11364
Oc1ccc(F)cc1C(=O)[C@@H](c(ccc2)c(c23)OC(F)(F)O3)c4ncccc4Cl,-2.841,29,-0.09796551724137932
C1CCCC1n(c(c2)C(=O)N(C)C)c(c23)nc(nc3)C(=O)c4ccc(cc4)-c5ncccn5,-2.841,33,-0.08609090909090909
CCc(c1)nc(C)c(c12)c(c(C#N)c(=O)[nH]2)N(CC3)[C@H](c(c34)ccs4)c5cccc(n5)C,-2.84,32,-0.08875
n1cccc(c12)c(c(C)cc2)N3CCC(C)CC3,-2.839,18,-0.1577222222222222
C1CC1Nc(nc2N)cc(n2)N3CCN(CC3)CCCNC(=O)c4ccc(S(=O)=O)cc4,-2.839,32,-0.08871875
Cc(n1)c(C)n(c12)nc(cc2)[C@@H]3CC[N@H+](CC3)CCN(C)C,-2.838,22,-0.129
CN1CC[NH+](CC1)C2CCN(CC2)CC(=O)Oc(cc3)c(c4c35)ccc6c4c(cc5)ccc6,-2.838,33,-0.08600000000000001
CCc(c1)nc(C)c(c12)c(c(C#N)c(=O)[nH]2)-c3ccc(cc3)Nc4cncc(C)c4,-2.838,30,-0.0946
CC1(C)C(=O)NC(=O)N1c(cc2)cc(c23)nccc3,-2.837,19,-0.1493157894736842
CC[N@H+]1CC[C@@H](CC1)CCCOc(ccc2)c(c23)c(C)c(o3)C(=O)c4nccn4C,-2.837,30,-0.09456666666666667
C/C=C/CCCCCCCC(=O)O[C@H](COP(=O)([O-])O)Cc1ccc(Br)cc1,-2.837,28,-0.10132142857142858
CC(C)C[NH2+]CC(=O)C(=O)/C([O-])=C/C(=O)NCCCc1cccc(c1)Oc2ccccc2,-2.837,32,-0.08865625
CC(C)Cn1ncc(Cl)c1C(=O)Nc(cc2)cc(c23)nc([nH]3)-c4ccc(S(=O)(=O)N)cc4,-2.837,32,-0.08865625
C1SC(=O)N=C1N(C2)[C@@H]([C@H]([C@H]23)C3(C)C)C(=O)N[C@H]([C@@H](O)C(=O)N4CCC4)C[C@@H]5CCCNC5=O,-2.837,34,-0.08344117647058824
c1ccccc1CN2CCN(CC2)Cc(n[nH]3)c(c34)cccn4,-2.837,23,-0.12334782608695653
O=C1[N-]C(=O)[C@@H](S1)Cc(cc2)cc(c23)ccc(c3)-c(cs4)c(c45)oc(cc5=O)N6CCOCC6,-2.836,34,-0.08341176470588235
c1ccccc1C[C@@H](NC(=O)[C@H](O)[C@H](C)N)CCC(=O)CCC(=O)[O-],-2.836,25,-0.11344
n1nc(C)n(c12)c3c(cccc3)N(C[C@H]2C)N[C@H](C(=O)[O-])Cc(c[nH]4)c(c45)cccc5,-2.836,31,-0.09148387096774194
COCCNC(=O)C,-2.835,8,-0.354375
c1[nH+]c(N)ccc1-c(cc2)cc(c2n(c34)c(C)nn3)N(C[C@@H]4C)c5ccc(=O)n(c5)Cc6ccccc6,-2.834,37,-0.0765945945945946
c1ncc(C)c(c12)c(ccc2)S(=O)(=O)C(=O)CCC3c(ccc(c4)O)c4Oc(c35)cc(O)cc5,-2.834,34,-0.08335294117647059
C[N+](C)(C)C(CC1)CCN1c(cc2)ccc2Nc(cn3C)cc(c3=O)NC(=O)Nc4ccccc4F,-2.833,36,-0.07869444444444446
Fc(c1)cccc1S(=O)(=O)[N-]c2cccc(c2)-c3cc[nH]n3,-2.832,22,-0.12872727272727272
Nc1ccc(cc1)NCCC(=O)NC2CC2,-2.832,16,-0.177
CN(C)c1cc(F)c(c(F)c1)-c2cc(CO)ccc2F,-2.832,20,-0.1416
Nc1cc(ccn1)Cc2ccc(Cl)c(Cl)c2,-2.832,16,-0.177
NCc1ccc(cc1)C(=O)c2nccn2Cc3ccccc3,-2.832,22,-0.12872727272727272
N#C\C=C\c(cc1C)cc(C)c1CC[NH2+]CCNS(=O)(=O)c(ccc2)c(c23)ccnc3,-2.831,31,-0.09132258064516129
COC(=O)N(CC1)CCC12C[NH+](C2)[C@@H]3O[C@@H]([C@@H](O)[C@H]3O)C(=O)NCCO,-2.83,26,-0.10884615384615384
c1c[nH]c(c12)c(=O)n(C)cc2N3CCN(CC3)C4COC4,-2.83,21,-0.13476190476190478
CCc(c1)nc(C)c(c12)c(c(C#N)c(=O)[nH]2)-c(nc(c34)ccs4)nc3N(C)CCC#N,-2.83,31,-0.09129032258064516
C[NH+]1CCN(CC1)C2CCN([NH2+][O-])CC2,-2.83,15,-0.18866666666666668
OC[C@@H](O)C(=O)NC[C@H]1CN(C(=O)O1)c2ccc(c(F)c2)N3CCSCC3,-2.83,27,-0.10481481481481482
C1CC(O)CCN1C(=O)c2cc(F)ccc2[O-],-2.829,17,-0.16641176470588237
C/C=C/CCCCCCCC(=O)O[C@H](COP(=O)([O-])O)COC(=O)Cc1ccccc1,-2.829,31,-0.09125806451612904
COc1ccc(nn1)N2CCN(CC2)[C@H](C)CC/C=C(/C)CCC=C(C)C,-2.828,27,-0.10474074074074073
C[NH+]1CCN(CC1)c2ccc(cc2)NCC[NH+]3CCOCC3,-2.828,22,-0.12854545454545455
C[NH+](C)CCN1CC[C@H](C1)c(cc2)cc(c23)[C@@](O)(CC3)c4ccccc4,-2.827,26,-0.10873076923076923
C[Si](C)(C)C#CC[NH2+][C@@H](CCSC)C(=O)Nc1ccncc1,-2.826,22,-0.12845454545454546
C1CC1Nc(nc2N)cc([nH+]2)N3CCN(CC3)N[C@H](CCC4)c(c45)cnn5-c6ccccc6F,-2.826,34,-0.08311764705882353
CN(C)CC[N@H+]1CC[C@H](C1)n2cnc(c2CC#N)-c3ccc(C(F)(F)F)cc3,-2.826,28,-0.10092857142857144
O=C([O-])C(C)(C)c1ccc(cc1)NC(=O)[C@@H](N)CO,-2.826,19,-0.14873684210526317
COc1ccc(nn1)N2CCN(CC2)Cc3ccc(C)cc3,-2.825,22,-0.12840909090909092
CSc1ccc(cc1)C(=O)[N-]c2nc(cs2)C(=O)c(on3)c(c34)cccc4,-2.824,27,-0.10459259259259258
CNC[C@@H](O)COc1ccc(Cl)c(c1)-c2nccs2,-2.824,19,-0.14863157894736842
C[NH+](C)C1CCN(CC1)Cc2ccc([N+](=O)[O-])cc2,-2.824,19,-0.14863157894736842
CCOC(=O)c(n1)n([C@H]2CCOC2)c(=O)c(c13)c(C)c(cc3)C([O-])=C4C(=O)CCCC4=O,-2.824,32,-0.08825
C[C@H]1C[C@@H](C)C[N@H+](C1)[C@@H]2OC[C@@H](O)[C@H]2O,-2.823,15,-0.1882
Cc1onc(C)c1-c(c2)cc(c(c23)cccn3)-c(c(c4)OC)cc(c45)c(ncn5)N6CCOCC6,-2.823,35,-0.08065714285714286
O=C([O-])CCCCCc1ccc(cc1)S(=O)(=O)NCCC(F)(F)F,-2.822,24,-0.11758333333333333
COCCOCCOCCCc([nH]n1)c(c12)cccn2,-2.821,20,-0.14105
CC(C)(C)S(=O)(=O)C[C@H](C1CC1)c2n[nH]cc2-c3ccncc3,-2.82,23,-0.1226086956521739
Cc([nH+]1)c(C)n(c12)c(C)c(cc2)CCc3nc(cn3C)-c4ccnc(c4)N5CC[NH2+]CC5,-2.82,32,-0.088125
CCc(c1)nc(C)c(c12)c(c(C#N)c(=O)[nH]2)-c3ccc(cc3)S(=O)(=O)NCCC(F)(F)F,-2.82,32,-0.088125
C[N@H+]1CC[C@@H](CC1)c2ccc(cc2F)-n(c3=O)c4sc(CCCC5)c5c4c(n36)ncn6,-2.819,31,-0.09093548387096774
FC(F)(F)c1cccc(c1C)[C@@H](C)[C@@H]2CC[N@H+](C2)CCN(C)C,-2.819,23,-0.12256521739130434
FC(F)(F)C(=O)N[C@@H](C(C)(C)C)C(=O)N(C1)[C@@H]([C@H]([C@H]12)C2(C)C)C(=O)c3ccncc3,-2.818,30,-0.09393333333333334
OCCOc1ccccc1N2CC[NH+](CC2)N3CCN(CC3)c4ccc(Cl)c(Cl)c4,-2.818,30,-0.09393333333333334
c1cccc(c12)n(c(N)[nH+]2)N3CCC(CC3)c4nc(no4)-c5cccs5,-2.817,26,-0.10834615384615386
COc1cccc(c1)CC(=[NH2+])NCc2cc(O)cc(O)c2,-2.816,21,-0.1340952380952381
C1COCCN1c(c2)cc(C)c(c23)[nH]c(n3)-c4c(cc[nH]c4=O)CC[N@H+](C)[C@H]5CCCCN5,-2.815,33,-0.0853030303030303
O=C(N1)C=c(c=12)cc(cc2)-c(c(n3)CC(C)(C)C)c(n34)ccnc4N5CCC(O)CC5,-2.815,31,-0.09080645161290322
CC(C)CCNN1CCCC1,-2.815,11,-0.2559090909090909
FC(F)(F)Oc(c1)ccc(c12)n(c(n2)C)-c(cn(C)c3=O)c(c34)O/C(C4)=c5\cnc([nH]5)=C6CCC6,-2.814,35,-0.0804
CC(C)NC(=O)O[C@H](CC[C@@]1(C)O)c(c12)nnn2-c3ccc(=O)n(c3)Cc4ccc([C@@H](C)O)cc4,-2.813,35,-0.08037142857142858
CNC(=O)c1cccc(c1)S(=O)(=O)c2cccc(n2)C[N@H+]3CC[C@@H](CC3)n4cc(C)c(=O)[nH]c4=O,-2.813,35,-0.08037142857142858
COC(=O)N(CC1)CCC12CN(C2)c3nc(-c4cn[nH]c4)nc(c3C)-c5c(C)noc5C,-2.813,32,-0.08790625
C/C=C/CCCCCCCC(=O)c1ccc(nn1)OC,-2.813,20,-0.14065
CN(C)CC[NH2+]Cc1ccc(C(=O)[O-])cc1,-2.811,16,-0.1756875
O=c1[nH]c(=O)n(cc1C)-c2cccc(c2)[N-]S(=O)(=O)c3cccs3,-2.811,24,-0.11712499999999999
CC(C)(C)OC(=O)N1CCC(CC1)c2nc(no2)CCc3ccc(cc3)OC(C)(C)C(=O)[O-],-2.811,33,-0.08518181818181818
C1CCCC1N([C@H](C)C(=O)N2C)c(c23)cc(cc3)C(=O)n4cc(O)cn4,-2.81,26,-0.10807692307692308
CC[NH+]1CCN(CC1)c2ccc(cc2Cl)C[NH2+]CCc(n3)[nH]c(c34)cc(Cl)c(Cl)c4,-2.81,30,-0.09366666666666666
CCC[NH2+]Nc1c(C(C)C)cccc1C(C)C,-2.809,17,-0.16523529411764706
n1[nH]ccc1-c2cn(C)c(=O)c(c23)C/C(O3)=c4\cnc([nH]4)=C5CCCC5,-2.809,26,-0.10803846153846154
C1CC1CC(=O)c2cc(Cl)ccc2[O-],-2.809,14,-0.20064285714285715
OCCO[C@H](N(C)C(=O)N1)c(c12)cc(cc2)-c(cc3)c(C(F)F)c(c34)[C@@H]([O-])C(F)(F)S4(=O)=O,-2.808,33,-0.08509090909090909
O=C(N1)C(C)(C)Oc(c12)cc(c(c2)OC)Nc(ccc3)n(c34)nc(n4)N,-2.807,26,-0.10796153846153846
NC(=O)CN1CCN(CC1)C(=O)c2cc(=O)[nH]c(=O)[nH]2,-2.807,20,-0.14035
FC(F)(F)Oc(c1)ccc(c12)n(c(n2)C)NC34C[C@H]5C[C@@H](C4)C[C@H](C5)C3,-2.807,26,-0.10796153846153846
Nc(n1)[nH]c(c12)c(cc[nH+]2)-c3cccc(n3)Oc4cc(Br)ccc4Br,-2.806,25,-0.11224
CCc(c1)nc(C)c(c12)c(c(C#N)c(=O)[nH]2)-c3ccc(cc3)Nc4cccc(F)n4,-2.805,30,-0.0935
CCOC(=O)c1csc(n1)N2CCN(CC2)N3CC[NH2+]CC3,-2.803,22,-0.12740909090909092
O=c1[nH]c(cs1)-c2cccc(c2)-c(cc3)c(C(F)F)c(c34)[C@@H]([O-])C(F)(F)S4(=O)=O,-2.803,29,-0.0966551724137931
c1ccc(C)c(c12)[nH]c(n2)CCNCc3ccc(c(Cl)c3)-c4n[nH]c(n4)-c5ccc(F)cc5,-2.802,33,-0.0849090909090909
Cc1c(C)c(O)c(C)c(c12)CC[C@](O2)(C)CN3CC[NH+](C(C)C)CC3,-2.801,25,-0.11204
CC[N@H+]1CC[C@@H](CC1)c(cc2)cc(c23)c(OC)cc[nH+]3,-2.801,20,-0.14005
CCCn(c1[O-])c(=O)n(CCC)c(c12)nc(n2)-c3ccc(cc3)CCc(c[nH]4)c(c45)cccc5,-2.799,34,-0.0823235294117647
Cc1cc(OC)cc(c12)c(c3c(n2)[nH]nc3C)CNC4CCCC4,-2.798,24,-0.11658333333333333
CC(C)[N@@H+](CC1)CC[C@]12CC(=O)c3c(O2)ccc(c3)-c4ccc(cc4)C(=O)[C@H](C)C(=O)N,-2.798,32,-0.0874375
CC[NH+]1CCN(CC1)c2nccc(n2)-c3c(-c4ccc(Br)cc4)ncn3C5CC[NH2+]CC5,-2.796,32,-0.087375
C1CSCC[NH+]1[C@H](C[C@H](C)N2C(=O)C)c(c23)cc(cc3)-c4n[nH]cc4,-2.796,25,-0.11184
C/C=C/CCCCCCCC(=O)OCCOC,-2.795,17,-0.16441176470588234
C[NH+](C)CC[N@H+](CC1)CC[C@H]1n(nnc2C)c2-c3cccc(n3)-c4cc(Cl)ccc4O,-2.794,31,-0.09012903225806451
n1cccnc1-c(cc2)ccc2C(=O)c3ccc(cc3Cl)CNCCc4[nH+]cc[nH]4,-2.794,30,-0.09313333333333333
COc1ccc(c(C)c1)N[NH2+]CCO,-2.794,14,-0.19957142857142857
Cc1cc([nH]n1)[C@@H](C)NCCOc2ccc(cc2)C[C@@H]3SC(=O)NC3=O,-2.794,26,-0.10746153846153847
CNc1cc(nc(n1)N)N2CCN(CC2)N(C3CC3)Cc4ccccc4OCCCCCC(=O)[O-],-2.792,35,-0.07977142857142856
c1ccncc1CNCCC[N@H+](CCO2)[C@@H]([C@H]23)CCC3,-2.791,20,-0.13955
CC(=O)NC[C@H]1CN(C(=O)O1)c2ccc(c(F)c2)-c3ccc(cc3Cl)CNCCC(=O)N,-2.791,32,-0.08721875
CC(=O)NC[C@H]1CN(C(=O)O1)c2ccc(c(F)c2)/C(O)=C\C(=O)C(=O)[O-],-2.791,26,-0.10734615384615384
CC[NH2+]C(C)(C)C,-2.791,7,-0.3987142857142857
CCOc1ccccc1N2[C@@H](C3CC3)CN(c(c24)cccc4)Cc5ccccc5C(=O)[O-],-2.789,32,-0.08715625
c1ccncc1C[NH2+]CCCN(CCO2)[C@@H]([C@H]23)CCC3,-2.789,20,-0.13945000000000002
NC(=O)c1cccc(c1)C[N@H+]2CCOC[C@@H]2c3ccccc3,-2.789,22,-0.1267727272727273
n1nc(C)n(c12)c3c(cccc3)C(c4ccccc4)=N[C@H]2N[C@@H](C(=O)[O-])Cc(c[nH]5)c(c56)cccc6,-2.789,36,-0.07747222222222222
c1ncc(C)c(c12)c(ccc2)S(=O)(=O)c(cc3)cc(c34)ccc(c4)C[C@@H]5SC(=O)[N-]C5=O,-2.789,32,-0.08715625
c1n[n-]c(=O)c(n12)c(C)cc2-c3ccc(cc3)-c(n4)c(C#N)c(N[C@H](C)C(=O)[O-])c(c45)cc(F)cc5,-2.789,36,-0.07747222222222222
O=[N+]([O-])c1cc(C(F)(F)F)ccc1Nc(c2CC)[nH+]c(N)nc2N3CC[NH+](C)CC3,-2.789,30,-0.09296666666666667
O=C1CC[C@@H](C(=O)N1)C(=O)C2CCCCC2,-2.789,16,-0.1743125
CCc(c1)nc(C)c(c12)c(c(c([n-]2)=O)C#N)-c3ccc(cc3)Nc4cccc(F)n4,-2.788,30,-0.09293333333333333
O=C([O-])Cc(c1)cccc1-c(c2C(=O)NC(C)C)noc2-c3ccccc3,-2.788,27,-0.10325925925925926
Cc1[nH]ncc1NCC#Cc2ccc(cc2)S(=O)(=O)NCCC(F)(F)F,-2.787,26,-0.10719230769230768
FC(F)(F)CCNS(=O)(=O)c1ccc(cc1)-c2ccc(F)cc2,-2.787,23,-0.12117391304347826
n1cccc(c12)c([nH]n2)Cc3c[nH]c[nH+]3,-2.787,15,-0.1858
O=C1[N-]C(=O)[C@@H](S1)Cc2ccc(cc2)OCCNc3c[nH]cn3,-2.787,23,-0.12117391304347826
CC/C=C/C/C=C/C/C=C/C/C=C/C[C@H]1CCN(C1)S(=O)(=O)C,-2.786,23,-0.1211304347826087
Cc1cc(C)c(c(C)c1)-c2noc(n2)C3CCN(CC3)C(=O)OC(C)(C)C,-2.783,27,-0.10307407407407407
Fc1cc(F)ccc1Nn2c(=O)n(ncn3)c3c(c24)c5c(s4)CN(CC5)CC6CCOCC6,-2.782,33,-0.08430303030303031
c1ccncc1CNCCCCCC2OCCO2,-2.782,18,-0.15455555555555556
COc(cc1)cc(c12)nc([nH]2)CCN3CC[N+](CC3)=C(N4)CSc(c45)cccc5,-2.781,29,-0.09589655172413794
C[NH2+]Cc1ccc(cc1)-c(cc2)cc(c23)[C@H](NC(=O)OC(C)C)C[C@H](C)N3c4ccnc(n4)N,-2.78,34,-0.08176470588235293
CC(=O)N1CCC(CC1)CNc2c(C)nnn2[C@@H]3CC[N@H+](CC3)CC[NH+](C)C,-2.78,28,-0.09928571428571428
c1cc(F)cc(c12)c(N[C@H](C)C(=O)[O-])c(C#N)c(n2)C(=O)N3CCNC(=O)C3,-2.78,28,-0.09928571428571428
Cc1[nH+]n(C)c(C)c1CN(C)c2nc(CCCCCC(=O)[O-])nc(n2)N(C)CCC(=O)NC3CC3,-2.779,35,-0.0794
C1C[NH2+]CCN1c(nc2)ccc2-c([nH+]cc3C)n3Cc4ccccc4OCCC[C@@H](C)CC(=O)[O-],-2.778,35,-0.07937142857142858
COCCCNc(c1CC)[nH+]c(N)nc1NC2CC2,-2.777,19,-0.14615789473684213
CCc(no1)c(c12)cc(c(c2)OC)NC(=O)Cc(c[nH+]c3)c(c34)c([O-])ccc4,-2.776,28,-0.09914285714285713
Brc1ccc(cc1)/C=C/CNCCNCc2cccs2,-2.775,20,-0.13874999999999998
COc1ccc(cc1)Oc2cc(ncn2)N(C)CCN(C)c3c(C)nn(C)c3C,-2.774,29,-0.09565517241379311
CC/C=C/C/C=C/C/C=C/C/C=C/C=C/[C@H](O)CCCC(=O)n1ccc([O-])c(c1=O)C(=O)O,-2.774,33,-0.08406060606060606
CCn1c(=O)nc(O)c(c12)[C@H](c3ccc(C)cc3)C4=C(N2)CN(C4=O)N5CC[NH2+]CC5,-2.774,31,-0.08948387096774194
CC(=O)N1[C@@H](C)C[C@@H](NC(=O)OC(C)C)c(c12)cc(cc2)-c3cccc(c3)N[C@H]4CCN(C)C4,-2.774,34,-0.08158823529411764
COC1=C(OC)C(=O)C(=C(C)C1=O)CCN2CCCC2,-2.774,20,-0.1387
N#Cc1c(=O)[nH]c(cc1[S@](=O)C)-c2cccc(c2)CC(=O)NCC[NH3+],-2.773,25,-0.11092
CC(C)=CCC[C@H](C)C(=O)c1cc(=O)[nH]c(=O)[nH]1,-2.772,18,-0.154
FC(F)(C1)[C@@H](O)c(c12)c(S(=O)(=O)C)ccc2-n(c(n3)N)c(c34)cccc4,-2.771,26,-0.10657692307692307
O=Cc1ccccc1/C=N/CCOCCOCCO,-2.771,19,-0.14584210526315788
CC(C)(C)S(=O)(=O)[N-]c1cc(ccc1Cl)-c2ncccn2,-2.771,21,-0.13195238095238096
O=C([O-])CCC(\C)=C/Cc(cc1=O)oc(c12)c(c(O)cc2O)[C@H]3CCN(C)C[C@H]3O,-2.771,30,-0.09236666666666667
COc1ccc(cc1)Cn(nn2)c(c23)[C@](C)(O)CC[C@H]3[NH2+]CCO,-2.77,24,-0.11541666666666667
COc1ccc(cc1)Cn(nn2)c(c23)[C@@](C)(O)CC[C@H]3NCC4(CCCC4)c5ccc(N(C)C)cc5,-2.77,36,-0.07694444444444444
Cn1cc[nH+]c1C(=O)c(o2)c(C)c(c23)c(ccc3)-c4ccccc4O,-2.77,25,-0.1108
CCN1CCN(CC1)NC(C(C)C)C(C)C,-2.769,16,-0.1730625
CC[C@](C)(C(=O)[O-])[NH+]1CCN(CC1)c2ccc(Cl)c(C(F)(F)F)c2,-2.769,24,-0.115375
COc1ccc(cc1)Cn(nn2)c(c23)[C@](C)(O)CC[C@H]3NCCO,-2.769,24,-0.115375
C/C=C/CCCCCCCC(=O)O[C@H](COP(=O)([O-])O)/C=C(\[N-]1)CSc(c12)cccc2,-2.769,31,-0.0893225806451613
COc(c1)c(OC)cc(c12)c(nc(n2)C)N[C@H](C)c3cccc(c3)N(CCO4)[C@@H]([C@H]45)CCC5,-2.768,33,-0.08387878787878787
C1CNCCN1C(=O)[C@@H](C2)Oc(c23)c(cc(Cl)c3)-c4ccc(O)c(O)c4,-2.768,26,-0.10646153846153845
Cc1noc(C)c1-c2ccc(cc2)CNNC3CCN(CC3)c4cccc[nH+]4,-2.768,28,-0.09885714285714285
O=C([O-])C(C)(C)Sc1ccc(cc1)CCN(CC(=O)N)CCCCC2CCCCC2,-2.767,30,-0.09223333333333333
C[C@@H]1C(=O)N(C)CCN1CCOc2ccc(cc2)[C@@H]3CC[N@H+](CC3)c4ccc(O)c(O)c4,-2.767,32,-0.08646875
CCNC(=O)c(c1)[nH]c(c12)c(=O)n(C)cc2-c3cc(S(=O)(=O)CC)ccc3C[C@H]4CC[C@H](C)CC4,-2.766,35,-0.07902857142857143
Fc(c1)cccc1S(=O)(=O)c2c(-c3ccc(F)cc3)ncn2C4CC[NH2+]CC4,-2.766,28,-0.09878571428571428
O=C1NC(=O)N(C1(C)C)c(cc2C)cc(C)c2CCS(=O)(=O)c3ncon3,-2.766,27,-0.10244444444444445
Clc1ccc(cc1Cl)N2CCN(CC2)Cc3cccc(n3)Oc4ccccc4,-2.764,28,-0.09871428571428571
CC(=O)N1[C@@H](C)C[C@@H](C(F)(F)F)c(c12)cc(cc2)-c3n[nH]cc3,-2.764,23,-0.12017391304347826
n1cn(C(C)C)c(c12)[nH+]c(N[C@H](C(C)C)CO)nc2NCC(=O)[O-],-2.764,24,-0.11516666666666665
n1nc(C)n(c12)c3c(N(C(C)(C)C(=O)[O-])C[C@H]2C)cc(cc3)-c4ccc(N)nc4,-2.763,29,-0.09527586206896552
COc1ccc(cc1OC)N(CC(=O)NC(C(C)C)C(C)C)[C@H]2CC[C@H](O)CC2,-2.762,29,-0.09524137931034483
CC1(C)C(=O)NC(=O)N1c2ccc(S(=O)(=O)C(F)F)cc2[N+](=O)[O-],-2.762,24,-0.11508333333333333
Cc1noc(c12)nc(C)nc2C(=O)CC[C@H]3c(ccc(c4)O)c4Oc(c35)cc([O-])cc5,-2.761,31,-0.08906451612903227
Cc1cc(cc[nH+]1)-c2ccc(cc2)S(=O)(=O)c3ccccc3,-2.761,22,-0.1255
c1cccc(c12)C(=O)c3c(C2=O)nnn3-c4cc(F)c(c(F)c4)-c5[nH]nc(n5)-c6ccccc6,-2.76,34,-0.0811764705882353
C[N+](C)(C)C1CCN(CC1)c2ccc(cc2)OCC3CC3,-2.76,21,-0.13142857142857142
CN(C)CC[N@@H+](CC1)CC[C@H]1n(nnc2C)c2NCCNC(=O)NC3CCN(CC3)c4cccc[nH+]4,-2.759,36,-0.07663888888888888
O=C(N1)C(C)(C)Oc(c12)cc(c(c2)OC)NNCCNC(=O)NC3CCN(CC3)c4cccc[nH+]4,-2.758,35,-0.0788
O=S1(=O)C(F)(F)[C@H]([O-])c(c12)c(C(F)F)c(cc2)Nc3nccs3,-2.757,23,-0.11986956521739131
O=c1n(C)cc(cc1C)-c(n2)n(c(c23)cccc3)NCC[NH2+]C/C=C/c4ccc(Br)cc4,-2.757,32,-0.08615625
C1COCCC1C(=C2)N=[N+](C23)C(=O)C=C(N=3)CN[NH2+]CCC4CCCCC4,-2.757,27,-0.10211111111111111
CCCNC(=O)c1c(cnn1C)C(=O)c2ccc(cc2C[NH3+])-c(cc3)cc(c34)[nH+]c(N)cc4C,-2.757,34,-0.08108823529411766
CC/C=C/CCO[C@@H](CO)COC(=O)CCCC,-2.756,18,-0.1531111111111111
[NH3+]c1ccc(cc1)NNc2cc[nH+]cc2,-2.756,15,-0.18373333333333333
Cc1ccn(C)c(=O)c1-c2cnc(Cl)c(c2)-n(c(c34)cccc4)c(n3)-c5cc(C)c(=O)n(C)c5,-2.756,34,-0.08105882352941175
CCN(C(=O)C1)c(c12)ccc(c2)Nc3ccc(cc3Cl)CNCCCNC(=O)CC(=O)OC,-2.755,33,-0.08348484848484848
Fc1ccc(cc1C)S(=O)(=O)c(c2)c([O-])cc(c23)NC(=O)C(O3)(C)C,-2.754,25,-0.11016
Cc1cccc(c12)n(c([nH+]2)CCC)-c3nc(OC)nc(n3)N4CC[NH2+]CC4,-2.754,27,-0.102
CC(C)[N@H+](CC1)CC[C@@]12CC(=O)c3c(O2)ccc(c3)-c4ccc(cc4)S(=O)(=O)CCO,-2.754,31,-0.08883870967741936
CCOC(=O)c1cnn(C)c1C(=O)c2ccc(cc2)C[C@H]3SC(=O)[N-]C3=O,-2.754,27,-0.102
C1=CN(C)C(=O)[C@H](C)c(c12)ccc(c2)OCCCCC[NH2+]Cc3cccs3,-2.753,27,-0.10196296296296296
NC(=[NH2+])N(CC1)CCC1c(c2)c(ccc2S(=O)(=O)CC)Oc3c(C)cccc3C,-2.753,29,-0.09493103448275862
CCOC(=O)c1ncc(CS(=O)(=O)CC)cc1-c(cc2C)n(c23)cc[nH]c3=O,-2.753,28,-0.09832142857142857
CN(C)CC[NH+]1CCN(CC1)c(c2)c(C(=O)N)cc(c23)nccc3O[C@@H]4CCC[NH2+]C4,-2.752,31,-0.08877419354838709
Nc(n1)cc(C)c(c12)ccc(c2)-c3ccc(c(c3)C[NH3+])-c4cc(C5CC5)nn4C,-2.752,29,-0.09489655172413793
COc1ccc(cc1)-c2cc(C)c(OC)cc2OC,-2.752,19,-0.14484210526315788
C1COCC[N+]1=c(o2)cc(O)c(c23)scc3-c4cccc(c4F)-c(ccn5)c(c56)nc[nH]6,-2.751,32,-0.08596875
COC(=O)c1ccc(c(Cl)c1)Cc2ncc(Cl)c(n2)Oc3ccccc3NC(=O)C,-2.751,30,-0.09169999999999999
CC(C)(C)OC(=O)N1CCC(CC1)N2CCCOC2=O,-2.75,20,-0.1375
Cc([nH+]1)c(C)n(c12)c(C)c(cc2)CCc3nc(cn3C)-c([nH]4)nc(c45)cc(cc5C)N6CCOCC6,-2.75,36,-0.0763888888888889
Cc1noc(C)c1-c(cc2)cc(c23)c(nc(n3)N[C@H](C)c4[nH]cnn4)N5CCOC[C@@H]5c6ccccc6,-2.749,37,-0.0742972972972973
COC(=O)N(CC1)CCC12CN(C2)c3ccc(nc3)N4CC[NH2+]CC4,-2.749,25,-0.10996
CC(C)CCNS(=O)(=O)c1ccc(cc1)-n2ccc(=O)[nH]c2=O,-2.749,23,-0.11952173913043479
C1CNCCN1C(=O)[C@@H](C2)Oc(c23)c(cc(Cl)c3)-c4c[nH+]c([nH]4)C5CCC5,-2.749,27,-0.10181481481481482
[H]/N=C(\N)C(=O)[C@H](CO)NC(=O)CCCCCCCCCO,-2.749,21,-0.1309047619047619
n1ccccc1N(C)CC[NH2+][C@H](Cc(c[nH]2)c(c23)cccc3)C(=O)Nc4ccncc4,-2.749,31,-0.08867741935483871
CCCCCCCCC(=O)SCCNc1ccc(CN)cc1,-2.749,22,-0.12495454545454546
O=C([O-])C[N@H+]1CC[C@@H](CC1)c2ccc(Cl)c(Cl)c2,-2.748,18,-0.15266666666666667
n1nc(C)n(c12)c3c(N([C@H](C)C(=O)[O-])C[C@H]2C)cc(cc3)-c4ccc(N)nc4,-2.748,28,-0.09814285714285716
c1ncccc1[C@H](C(=O)NCC)N(c2ccc(C(C)(C)C)cc2)NCCN3CCOCC3,-2.748,32,-0.085875
CCO[C@H](C(=O)[O-])Cc1ccc(cc1)-c(cc2)cc(c23)occ3CC(=O)[O-],-2.747,27,-0.10174074074074074
C[C@@H]1CC[N@H+](CC1)N2CCN(CC2)C(=O)[C@@H](c3ccc(Cl)cc3)c4cccnc4,-2.745,29,-0.0946551724137931
C1CC1NC(=O)c2ccc(s2)-c3ccc(cc3Cl)C[NH2+]CCc4ccc[nH]4,-2.745,27,-0.10166666666666667
C[NH2+]Cc1ccc(cc1)-c(cc2)cc(c23)[C@H](NC(=O)OC(C)C)C[C@H](C)N3N4CCC(=O)CC4,-2.745,34,-0.08073529411764706
COc1cc(OC)cc(c12)nc([nH]c2=O)-c([nH+]nc3C)c(c34)cc(cc4)N5CC[NH2+]CC5,-2.745,32,-0.08578125
c1cccc(c12)nc(cc2)C(=O)CCCCCc3cccc[nH+]3,-2.744,23,-0.11930434782608697
c1cc(F)ccc1-c(c2)nc(cc2C(C)(C)[NH3+])C(=O)c3ccc(cc3Cl)CNCCCC[NH3+],-2.744,33,-0.08315151515151516
Cn1ccnc1C(=O)c(o2)c(C)c(c23)c(ccc3)OCCCC(=O)COc4cccc(F)c4,-2.744,33,-0.08315151515151516
c1[nH+]ccn1C[C@@H](NC(C)(C)CO)c2ccc(Cl)cc2Cl,-2.743,21,-0.1306190476190476
c1ccccc1-c(cn2C)[nH+]c2Cc3[nH+]cc[nH]3,-2.742,18,-0.15233333333333332
S=C(N1)OC(C)(C)c(c12)cc(cc2)-c3[nH]nc(n3)-c4ccc(F)cc4,-2.742,25,-0.10968
CCS(=O)(=O)Cc1cnc(c(c1)-c(ccn2)c(c23)nc[nH]3)Oc4ccc(F)cc4F,-2.742,30,-0.0914
CN1CCN(CC1)c(cc2)cc(c23)n(c([nH+]3)NCC[NH3+])Cc4ccccc4,-2.742,27,-0.10155555555555555
c1nccc(c12)c(C(=O)[O-])c(C)c(n2)-c(nnc3C)c(c34)cc(nc4)N5CCOCC5,-2.742,31,-0.08845161290322581
C=CC1=C(C)C(=O)N[C@@H]1c2cc[nH]c(=O)c2-c([nH]3)nc(c34)cc(cc4C)N5CCOCC5,-2.74,32,-0.085625
C1CC1Nc(c2CC)nc(N)nc2-c3cc(NC)nc(N)[nH+]3,-2.74,22,-0.12454545454545456
O=c(n1)[nH]c(=O)c(n2)c1n(c(c23)cc(C)c(C)c3)Cc4ccccc4C,-2.738,26,-0.10530769230769231
c1cccc(c12)c(nc(=O)[nH]2)-c3c(-c4ccc(F)cc4)ncn3C5CC[NH2+]CC5,-2.738,29,-0.09441379310344827
C[C@@H]1C(=O)N(C)CCN1CC[C@H](c2cccnc2)C(=O)NC3CCCCC3,-2.737,27,-0.10137037037037037
O=c1[nH]c(=O)n(cc1C)C2CCN(CC2)N(CCO3)[C@@H]([C@H]34)CCC4,-2.737,24,-0.11404166666666667
Cc1nn(C)c(C)c1N(C)c2ccc(B(O)O)cc2,-2.736,19,-0.14400000000000002
CN(C)CCN1CC[NH+](CC1)Cc2ccc(cc2Cl)-c3ncon3,-2.736,24,-0.114
o1nc(C)c(c12)cc(c([O-])c2)C(=O)c3csc(n3)N4CC[N+](CC4)=C(N5)CSc(c56)cccc6,-2.735,34,-0.08044117647058824
C[NH+](C)c1ccc(cc1)N(Cc2cc(Cl)cs2)N3CCC([N+](C)(C)C)CC3,-2.735,27,-0.10129629629629629
c1cccc(c12)nc3c(CCCC3)c2-c4ncon4,-2.734,19,-0.14389473684210527
Cc1noc(C)c1-c(cc2)nc(c23)ncc(C(=O)[O-])c3C[C@H](C)[NH+]4CCOCC4,-2.734,29,-0.09427586206896552
c1nccc(c12)c(ccc2)S(=O)(=O)NCCc3ccc(cc3Cl)CNCCc4cnc[nH]4,-2.734,32,-0.0854375
O=C(N1)C(C)(C)Oc(c12)cc(c(c2)OC)NCC(=O)N(CC3)[C@H](c(c34)ccs4)c5cccc(n5)C,-2.733,35,-0.07808571428571429
c1ncc(C)c(c12)c(ccc2)S(=O)(=O)c(cc3)cc(c34)ccc(c4)C[C@@H]5SC(=O)NC5=O,-2.733,32,-0.08540625
CC(C)(C)c(cc1)ccc1N(C(=O)CC)[C@H](c2cccnc2)C(=O)NCCC(=O)c3c[nH]nc3C,-2.732,35,-0.07805714285714287
Cc1c(C)c(O)c(C)c(c12)CC[C@](O2)(C)Cc3cncc(Cl)c3,-2.732,23,-0.11878260869565219
c1cc(Br)c([O-])c(c12)[nH+]c(N)cc2N3CC[N+](CC3)=C(N4)CSc(c45)cccc5,-2.731,29,-0.09417241379310344
O=c([n-]1)[nH]c(=O)cc1C(=O)N2CCN(CC2)C[C@@H]3CC[N@H+](CC3)Cc4ccc([N+](=O)[O-])cc4,-2.731,33,-0.08275757575757575
CCc1ccccc1-c2cc(nc(N)[nH+]2)N3CCN(CC3)C4COC4,-2.73,25,-0.1092
C1CCCCC1([NH3+])CNC(=O)c2cc(F)ccc2O,-2.73,19,-0.14368421052631578
Cc1cc(F)cc(C)c1S(=O)(=O)c(cc2)cc(c23)CN(C)C(=O)N3C,-2.73,25,-0.1092
CS(=O)(=O)NS(=O)(=O)c(cc1)cc(c12)C[NH2+][C@H](C2)CO,-2.73,20,-0.1365
CCC(CC)c1cccc(c1)[N-]S(=O)(=O)c2cccc(F)c2,-2.73,22,-0.12409090909090909
Cc1ncsc1-c2ccc(cc2)CNC(=O)[C@@H]3C[C@@H](O)CN3[NH2+]C4CCCCC4,-2.728,29,-0.09406896551724139
O=C([O-])CCCOc1ccccc1-c2ccc(nc2)N3CCNCC3,-2.727,25,-0.10908
O=C([O-])C(C)(C)Oc(ccc1)c(c12)ccn2-c3ccc(S(=O)(=O)C(F)F)cc3[N+](=O)[O-],-2.727,31,-0.08796774193548387
C[NH+](C)CCOc1ccc(Cl)cc1Nc(c2)c(O)cc(c23)NC(=O)C(O3)(C)C,-2.727,28,-0.09739285714285714
o1nc(C)c(c12)c(nc(n2)C)-c(c(c3)OC)cc(c34)c(no4)C,-2.725,23,-0.11847826086956523
C[NH+](C)CCN(CC1)CCC1n(nnc2C)c2-c3cccc(n3)-c(cc4)nn(c45)c(C)c(n5)C,-2.725,34,-0.08014705882352942
C[C@@H]1C[NH2+]CCCN1N[C@@H](Cn2cc[nH+]c2)c3ccccc3,-2.725,22,-0.12386363636363637
C[NH2+]Cc1ccccc1-c2cncc(C)c2,-2.723,16,-0.1701875
Cn1nc(C2CC2)cc1-c([n-]c(=O)n3)c(c34)cccc4,-2.722,20,-0.1361
COc(c1)c(OC)cc(c12)c(ncn2)CCCCCOc(cc3)cc(c34)C=CN(C)C(=O)[C@@H]4C,-2.722,34,-0.08005882352941177
OCCOc1c(C)cc(cc1C)-c2ncc(C)n2Cc3ccccc3OCCC[C@@H](C)CC(=O)[O-],-2.722,35,-0.07777142857142857
Cc1ncsc1-c2ccc(cc2)CNn(nn3)c(c34)[C@@](C)(O)CC[C@H]4OC(=O)NC(C)C,-2.722,32,-0.0850625
CS(=O)(=O)Cc1cnc(c(c1)-c2nccs2)Oc3ccc(F)cc3F,-2.721,25,-0.10884
c1cc(C)cc(c12)nc([nH]2)CCN(C[C@H]3C)c(c4n(c35)c(nn5)C)cc(cc4)-c6ccc(N)[nH+]c6,-2.721,35,-0.07774285714285714
Cc1nc(cs1)OC(C)(C)C,-2.72,11,-0.24727272727272728
CC(C)(C)S(=O)(=O)C[C@H](C1CC1)CCCCCc2cccc[nH+]2,-2.717,23,-0.11813043478260869
O=c1n(C)ncc(c1C)-c2ccc(I)cc2,-2.716,16,-0.16975
C1CN(C)CCN1c2nc(N)nc(c2CC)Cc3nc(cn3C)-c4ccccc4,-2.715,29,-0.09362068965517241
Cc1ncsc1-c2ccc(cc2)CNc3ccc(S(=O)(=O)C(F)(F)F)cc3[N+](=O)[O-],-2.715,30,-0.0905
C1CCCCC1C(=O)N[C@@H](C(C)C)C(=O)S(=O)(=O)c(cc2)cc(c23)C[NH2+][C@H](C3)CO,-2.715,30,-0.0905
FC(F)S(=O)(=O)c1ccc(c(Br)c1CO)-c2ccc(c(F)c2)N3CCSCC3,-2.714,28,-0.09692857142857143
COc1ccc(nn1)C(=O)c(cc2)cc(c23)N([C@H](C)C(=O)N3C)C4CCCC4,-2.714,28,-0.09692857142857143
CCc1c(NC)nc(N)nc1[C@H](C)c2noc(=O)[n-]2,-2.713,19,-0.14278947368421052
C[NH+](C)CCN(CC1)CCC1n(nnc2C)c2-c3ccc(cc3)[C@@H](C[NH3+])c4ccc(Cl)cc4,-2.713,33,-0.08221212121212121
CCO[C@H](C(=O)[O-])Cc1ccc(cc1)-c(cc2)cc(c23)oc(c3CC(=O)[O-])-c4cccc(c4)OC,-2.712,35,-0.0774857142857143
COc1ccc(cc1)Cn(nn2)c(c23)[C@@](C)(O)CC[C@H]3Cc4ccc(Cl)cc4,-2.712,28,-0.09685714285714286
O=C([O-])C[NH2+][C@H](CCC1)c(c12)cnn2-c3ccccc3F,-2.712,21,-0.12914285714285714
FC(F)(C1)[C@@H](O)c(c12)c(S(=O)(=O)C)sc2-c3ccc(Cl)c(C(F)(F)F)c3,-2.711,26,-0.10426923076923077
CC(C)Cc(nn1C)c(c1C)Nc(c(c23)ccs3)ccc2C[C@@H]4SC(=O)NC4=O,-2.71,29,-0.09344827586206897
C[NH+](C)CCN1CCN(CC1)C(=O)C2CCCCC2,-2.709,19,-0.14257894736842106
Cc1noc(C)c1-c(cc2)c3cccc(c3c24)C(=O)N4CCNCCO,-2.709,26,-0.1041923076923077
Cc1noc(C)c1-c(cc2)nc(c23)ncc(C(=O)[O-])c3C[C@H](C)N4CCOCC4,-2.708,29,-0.09337931034482759
C[NH+](C)CCN1CCC(CC1)[N@H+]2CC[C@@H](CC2)NC(=O)[C@@H](N)Cc(c[nH]3)c(c34)cccc4,-2.708,32,-0.084625
CCOC(=O)c1csc(n1)N2CCC(CC2)NC(=O)[C@@H]([NH3+])Cc(c[nH]3)c(c34)cccc4,-2.708,31,-0.08735483870967743
n1nc(Cl)n(c12)nc(cc2)-c3nc(cs3)-c4ccccc4,-2.707,21,-0.1289047619047619
c1cccc(c12)c(N[C@H](C)C3CC3)nc([nH+]2)Nc4cccc(C(=O)[O-])c4,-2.707,26,-0.10411538461538461
CC[C@](C)(C(=O)[O-])Oc1ccc(cc1)CCN2CC[NH+](CC2)Cc3ccccc3,-2.707,29,-0.0933448275862069
COc(cc1)cc(c12)c(CCNC(=O)C)c([nH]2)-c3ccc(cc3)C4=N[C@@H](C)CO4,-2.702,29,-0.09317241379310345
C1=CN(C)C(=O)[C@H](C)c(c12)ccc(c2)OCCCCCc3cc(nc(n3)N)NC4CC4,-2.701,31,-0.08712903225806452
c1ccccc1C(c2ccccc2)CC[NH2+][C@H]3CCOC3,-2.7,21,-0.1285714285714286
Cc1c(C#N)cccc1[C@@H](C)c(c2)c(C(=O)N)cc(c23)nccc3O[C@@H]4CCC[NH2+]C4,-2.697,31,-0.08700000000000001
O=c([nH+]1)[n-]c(=O)c(n2)c1n(c(c23)cc(C)c(C)c3)S(=O)(=O)c4ccc(cc4)[C@H]5CC(=O)N(C)C5,-2.697,34,-0.07932352941176471
C1COCCN1c(c2)cc(C)c(c23)nc([nH]3)[C@H]4CCCC[NH2+]4,-2.697,22,-0.1225909090909091
O=C([O-])Cc(co1)c(c12)ccc(c2)-c3ccc(C(=O)[O-])cc3,-2.696,22,-0.12254545454545455
n1nc(C)n(c12)nc(cc2)-c3cnn(C)c3N4CC[NH+](C)CC4,-2.695,23,-0.11717391304347825
O=C1[N-]C(=O)[C@@H](S1)Cc(cc2)cc(c23)ccc(c3)-c(cs4)c(c45)oc(cc5O)=[N+]6CCOCC6,-2.695,34,-0.07926470588235293
n1cn(C(C)C)c(c12)nc(N[C@H](C(C)C)CO)nc2N(CC3)CCC3(N)Cc4ccc(Cl)cc4,-2.695,34,-0.07926470588235293
COc1ccc(Br)cc1S(=O)(=O)C(=O)c2ccc(cc2)-c3ccoc3,-2.695,25,-0.10779999999999999
CCc(c1)nc(C)c(c12)c(c(c([n-]2)=O)C#N)-c3cccc(Cl)c3F,-2.695,24,-0.11229166666666666
O=C(N1)N(C)Cc(c12)cc(cc2)NN(C(C)C)Cc3ccccc3OCCCCCC(=O)[O-],-2.694,33,-0.08163636363636363
CCOC(=O)c1ccc(cc1)-c(n2)c(C#N)c(N[C@H](C)C(=O)[O-])c(c23)cc(F)cc3,-2.694,30,-0.0898
O=c1n(C)cc(cc1C)-c(cc2)cc(c23)n(-c4ccc(C(=O)[O-])c(Cl)c4)c(n3)C5CCOCC5,-2.693,34,-0.07920588235294118
CC(C)(C)c1ccccc1-c2ccc(S(=O)(=O)C(F)F)c(c2Br)CO,-2.692,25,-0.10768000000000001
Fc1ccc(cc1)-c2n[nH]c(n2)C([N-]3)=CSc(c34)cccc4,-2.692,22,-0.12236363636363637
Brc1ccc(cc1)/C=C/C[NH2+][C@@H](Cn2cc[nH+]c2)c3ccccc3,-2.691,24,-0.11212499999999999
C1CCCCC1NC(=O)[C@@H](c2cccnc2)c(c3CC)nc(N)nc3N4CC[NH+](C)CC4,-2.69,32,-0.0840625
CN(C)CC[N@H+]1CC[C@@H](CC1)CC#C[Si](C)(C)C,-2.687,18,-0.14927777777777776
[NH2+]1CCCC[C@@H]1c2n(nnc2C)C3CCN(CC3)CCN(C)C,-2.686,23,-0.11678260869565217
CCN1CCN(CC1)c([nH+]2)n(c(c23)cccc3)CC4CCOCC4,-2.684,24,-0.11183333333333334
n1nc(C)n2nc(c(c3c12)cccc3)-c4ccc(c(c4)CC5CC5)N6CCOCC6,-2.684,30,-0.08946666666666667
Cc1nn(C)c(C)c1Cc([nH+]2)[nH]c(c23)cc(cc3)NC(=O)c4c(Cl)cnn4CC(C)C,-2.683,31,-0.08654838709677419
CCCCn1cc(nn1)CNc2cc(NC)nc(N)[nH+]2,-2.683,20,-0.13415
CC(=O)NCCCNCc1ccc(c(Cl)c1)-c2ccc(cc2)C(=O)NCCC(F)(F)F,-2.682,31,-0.08651612903225807
Cc1noc(C)c1-c2ccc(=O)n(c2)-c3ccccc3C(=O)c4ccccc4,-2.682,28,-0.09578571428571428
C1COCCC1[C@H]([N@@H+](CC2=O)CCN2)c3ccccc3,-2.682,20,-0.1341
Cc1nc([N+](=O)[O-])cn1-c2ccc(O)c([O-])c2,-2.679,17,-0.15758823529411764
C[C@H](N)[C@@H](O)C(=O)NC[C@H]1CN(C(=O)O1)c2ccc(c(F)c2)N3CCSCC3,-2.679,28,-0.09567857142857142
CO[C@@H](C)Cn1cc(cn1)C(=O)OC(C)(C)C,-2.679,17,-0.15758823529411764
c1ccccc1Oc2c(cnn2C)-c3ccc(c(c3)CN)OCc4cncs4,-2.677,28,-0.09560714285714286
CC(=O)Nc1ccccc1-n2nc(C)c(c2C)/C=N/N3CC[NH+](CC3)Cc4ccccc4,-2.677,32,-0.08365625
COc(c1)c(OC)cc(c12)c(ncn2)N[C@H](CCC3)c(c34)cnn4-c5ccccc5F,-2.677,31,-0.08635483870967742
Cc1nn(C)c(C)c1[N-]S(=O)(=O)c2ccc(nc2)NCCc3ccc(Cl)c(Cl)c3,-2.676,29,-0.09227586206896553
COc1ccc(c(C)c1)NC(=O)[C@@H](c2cccnc2)N(c3cc(on3)C(C)(C)C)CC[NH2+]CCO,-2.676,35,-0.07645714285714286
Fc1ccccc1-n2c(=O)n(ncn3)c3c(c24)c5c(s4)CN(CC5)CC6CCOCC6,-2.676,31,-0.0863225806451613
C[NH+](C)CCC[N@@H+](C)[C@H]1CCN(C1)C(=O)c([nH]2)c(C(N)=[NH2+])c(c23)ccc(Cl)c3,-2.676,28,-0.09557142857142857
O=c1[nH]c(=O)n(cc1C)C2CCN(CC2)c([nH+]3)[nH]c(c34)cc(cc4C)N5CCOCC5,-2.675,31,-0.08629032258064516
Cc1cc(N)nc(c1)CCCCCc2cc(CS(=O)(=O)C)cnc2Oc3ccc(F)cc3F,-2.675,33,-0.08106060606060606
CCCCCCCc1nc(N)[nH+]c(c1CC)NC2CC2,-2.674,20,-0.13369999999999999
CN(C)C(=O)c1cc(c[nH]1)C(=O)c2c(Cl)cccc2Cl,-2.673,20,-0.13365
C/C=C/CCCCCCCC(=O)O[C@H](COP(=O)([O-])[O-])Cc1cc(Cl)cc(c1Cl)CN,-2.673,31,-0.0862258064516129
CCN(C(=O)C1)c(c12)ccc(c2)-c3ccc(cc3)-c4c(C)noc4C,-2.673,25,-0.10692
n1ccc(OC)c(c12)cc(cc2)C(=O)[C@H](O)[C@H](C)N,-2.672,19,-0.14063157894736844
[nH+]1cn(C)c(c12)cccc2-c3ccc(cc3)S(=O)(=O)c(cc4)cc(c45)C[NH2+]CC5,-2.672,29,-0.09213793103448277
C[C@H]1C[C@@H](C)CN(C1)c2ccc(cc2Oc3ccccc3)C(=O)CCOCCOCCO,-2.671,32,-0.08346875
O=C1[N-]C(=O)[C@@H](S1)Cc(c(c23)scc3)ccc2-c4cncc(Cl)c4,-2.671,24,-0.11129166666666666
CN1CC[C@@H]([C@H](O)C1)c(c(O)cc2O)c(c23)oc(cc3=O)CCC(=O)N,-2.67,26,-0.1026923076923077
Cc1[nH+]n(C)c(C)c1Nc(nn2C)c(c23)cccc3,-2.67,19,-0.1405263157894737
CC/C=C/C/C=C/C/C=C/C/C=C/C=C/[C@H](O)CCCC(=O)[C@@H]1O[C@@H]([C@@H](O)[C@H]1O)C(=O)NCC,-2.669,34,-0.0785
C[N@H+]1CC[C@@H]([C@H](O)C1)c(c([O-])cc2O)c(c23)oc(cc3=O)CCC(=O)N,-2.669,26,-0.10265384615384615
c1cc(C)cc(c12)nc([nH]2)CCc3cc(nc(N)[nH+]3)N4CCN(CC4)C5COC5,-2.668,29,-0.092
Cc1cccc(n1)[C@@H]2N(CCc(c23)scc3)C(=O)Cc4cc[nH]n4,-2.667,24,-0.11112499999999999
COc1ccc(cc1)-c(n2)n(c(c23)cccc3)CC4CCOCC4,-2.667,24,-0.11112499999999999
c1ccccc1C(NCC(=O)[O-])c2ccccc2,-2.667,18,-0.14816666666666667
C[NH+](C)CCN1CC[C@H](C1)CCc2c[nH+]c[nH]2,-2.667,17,-0.15688235294117647
O=c1[nH]c(=O)n(cc1C)[C@@H]2CC[N@H+](CC2)Cc3cccc(n3)S(=O)(=O)c(cc4)cc(c45)C[NH2+]CC5,-2.667,35,-0.07619999999999999
CC[C@](C)(C(=O)[O-])[C@@H]1N(C)C(=O)Nc(c12)ccc(c2)-c3c(C)noc3C,-2.666,26,-0.10253846153846154
CCO[C@H](C1CC1)c(n2)n(C[C@H](C)O)c(c23)c(nc(c3)-c4noc(=O)[n-]4)-c5cncc(Cl)c5,-2.665,33,-0.08075757575757576
COc1cccc(c1)CC(=[NH2+])Nc(cc2)c3[nH]c(cc(c3c24)c(O)n4C)N5CCN(C)CC5,-2.664,33,-0.08072727272727273
CC/C=C/C/C=C/C/C=C/CCc1cccc(n1)CN2CCC(CC2)n3cc(C)c(=O)[nH]c3=O,-2.664,34,-0.0783529411764706
Cc1cc(OC)cc(c12)c(c3c(n2)[nH]nc3C)Cc4ccn(n4)C,-2.663,24,-0.11095833333333333
c1c(Cl)ccc(c12)c(C(=O)C)c([nH]2)C(=O)N3CC[C@@H](C3)[N@@H+](C)CCCN(C)C,-2.663,28,-0.09510714285714285
COC(=O)N(CC1)CCC12CN(C2)c3ccc(cc3)C[C@@H]4SC(=O)[N-]C4=O,-2.661,27,-0.09855555555555556
C1CC1C(=O)c(c[nH+]2)n(c23)CCC3,-2.66,13,-0.20461538461538462
Oc1c(C)cc(cc1C)N2CCC[C@H](O)C2,-2.658,16,-0.166125
COC[C@H](C)O,-2.655,6,-0.44249999999999995
O=c([nH]1)c(Cl)ccc1CC(=O)c(cs2)c(c23)oc(cc3O)=[N+]4CCOCC4,-2.651,27,-0.09818518518518518
n1ccccc1C(C)(c2ccccn2)CC(=O)Nc3nc(cs3)-c4ccccn4,-2.65,29,-0.09137931034482759
C1C[NH2+]CCN1c(n2)nc(nc2OC)Nc3cc(S(=O)(=O)C)ccc3-c4c(C)cccc4C,-2.65,33,-0.0803030303030303
Cc1ccc(Cl)cc1C(=O)/C=C(\O)C(=O)[O-],-2.649,16,-0.1655625
n1nc(C)n(c12)c3c(cccc3)C(c4ccccc4)=N[C@H]2NNc5ccncc5,-2.649,29,-0.09134482758620689
FC(F)(F)c(nc1)ccc1C2(CC2)c(c3C)c[nH]c3C(=O)c4ccc(cc4)NS(=O)(=O)C,-2.648,32,-0.08275
c1cccc(c12)c(N[C@H](C)C3CC3)nc([nH+]2)-c4cc(F)cc(F)c4,-2.647,24,-0.11029166666666666
COc1ccc(cc1)Cn(nn2)c(c23)[C@@](C)(O)CC[C@H]3CCc([nH]4)nc(c45)ccc(c5)C,-2.647,32,-0.08271875
CCn1c(=O)nc(O)c(c12)[C@H](c3ccc(C)cc3)C(=C(C)N2)C(=O)Cc4ccc(F)cc4,-2.646,32,-0.0826875
Oc1ccc(Cl)cc1-c(ccc2C)cc2S(=O)(=O)NC3CCCC3,-2.645,24,-0.11020833333333334
c1ccccc1-c(cc2)ccc2C(=O)N(C3CC3)Cc4ccccc4N(CC5)C[C@H]([N@H+]56)CCC6,-2.645,34,-0.07779411764705882
O=C1CC[C@@H](C(=O)N1)[N@H+]2CC[C@H](O)CC2,-2.644,15,-0.17626666666666668
C[C@H]1CC[C@@H](CC1)CN(CC2)CCC23Oc4c(O3)cccc4,-2.644,22,-0.12018181818181818
Cc(n1)sc(c12)ccc(c2)N(CC3)CCC34N=C(NC4=O)c5ccc(OC(F)(F)F)cc5,-2.643,32,-0.08259375
C[NH+](C)CCc1ccc(cc1)C[C@@H]2SC(=O)NC2=O,-2.643,19,-0.13910526315789473
CCS(=O)(=O)Nc1ccc(C(=O)C(F)(F)F)c(c1)-c(cn(C)c2=O)c(c23)oc(c3)-c4c[nH]c[nH+]4,-2.643,34,-0.07773529411764706
CO/C([O-])=C/C(=O)c(cn(C)c1=O)c(c12)oc(c2)-c3c[nH]c(n3)C4CCC4,-2.642,27,-0.09785185185185184
Cc1nn(C)c(Cl)c1S(=O)(=O)N2CCCOC2=O,-2.642,18,-0.14677777777777778
C1CC1Nc(nc2N)cc([nH+]2)N3CCN(CC3)CCCNC(=O)c4ccc(S(=O)=O)cc4,-2.641,32,-0.08253125
Cc1onc(C)c1-c(ccc2C)cc2S(=O)(=O)Cc3cccnc3,-2.639,24,-0.10995833333333332
CC(=O)NC[C@H]1CN(C(=O)O1)c2ccc(c(F)c2)C(=O)/C=C(\O)C(=O)[O-],-2.639,26,-0.10149999999999999
Nc1ccccc1C(=O)C[C@H]([NH3+])C(=O)Cc(cc2)nc(c23)cccc3,-2.639,25,-0.10555999999999999
C1CC[C@H]([C@@H]12)N(CCO2)C(=O)c3ccc(cc3)N4CCCCC4,-2.638,23,-0.11469565217391305
C#CCc(c1)[nH+]c(n12)cc(cc2)NC(=O)c3c(cnn3C)C(=O)N4CCOCC4,-2.638,29,-0.0909655172413793
NCC[N@H+]1CC[C@@H](C1)n2cnc(-c3ccc(I)cc3)c2N4CCC[C@H]4C=O,-2.638,27,-0.0977037037037037
CCN(C(=O)C1)c(c12)ccc(c2)Nc3cc(F)c(c(F)c3)-c4cc(CO)ccc4F,-2.638,30,-0.08793333333333334
CC[C@H](C)[C@H]([NH3+])C(=O)NNC1CCOCC1,-2.637,16,-0.1648125
C1C[NH2+]CCN1c(nc2OC)nc([nH+]2)N3CCC[C@H](O)C3,-2.637,21,-0.12557142857142858
CN1CCN(CC1)c2ccc(cc2)NCCN3CCOCC3,-2.637,22,-0.11986363636363637
CCOC(=O)CCNc1ccc(cn1)S(=O)(=O)[N-]c2c(C)[nH+]n(C)c2C,-2.636,26,-0.10138461538461539
Clc1c(F)ccc(Cl)c1[C@@H](C)Oc2cc(NCC[NH3+])cnc2N,-2.636,23,-0.11460869565217392
C1CCCC1N([C@H](C)C(=O)N2C)c(c23)cc(cc3)C(=O)c4ccc(cc4Cl)CNCCCO,-2.635,33,-0.07984848484848484
CCCCCCCCCCCCn1cncn1,-2.635,17,-0.155
CCS(=O)(=O)CCCCCCCCC(=O)[O-],-2.635,16,-0.1646875
COc(nn1)n(c12)nc(cc2)N3CCC(CC3)c4ccc(cc4)OCCC(=O)OC(C)C,-2.634,32,-0.0823125
FC(F)(F)Oc(cc1)ccc1C(=N2)NC(=O)C23CCN(CC3)OC[C@H]4CCCO4,-2.634,29,-0.09082758620689654
COCCCNc(cc1F)cc(c12)C(C)(C)C(=O)N2,-2.634,19,-0.1386315789473684
c1cccc(c12)sc(n2)-c3cn(C)c(=O)c(c34)C/C(O4)=c5\cnc([nH]5)=C6CCCC6,-2.633,30,-0.08776666666666667
OCCOCC[NH2+][C@@H](C(=O)[O-])Cc(c[nH]1)c(c12)cccc2,-2.632,21,-0.12533333333333335
Cc1[nH+]n(C)c(C)c1[N-]S(=O)(=O)c2ccc([nH+]c2)NCCc3ccn(n3)C,-2.631,27,-0.09744444444444443
n1nc(C)n(c12)cc(cc2)-n(c3c(n4)c(=O)[nH]c(=O)n3)c(c45)cc(C)c(C)c5,-2.631,28,-0.09396428571428571
c1occc1N(C[C@H]2C)c(c3n(c24)c(C)nn4)cc(cc3)-c5ccc(N)[nH+]c5,-2.63,28,-0.09392857142857143
[nH]1nccc1S(=O)(=O)c2ccc(cc2)-c3ccc(I)cc3,-2.63,21,-0.12523809523809523
COc1cccc(c1)-c(cc2)cc(c23)c(ccn3)OC,-2.63,20,-0.1315
O=C(N=1)N=c(c12)cc(cc2)-c(c(c34)ccs4)ccc3C[C@@H]5SC(=O)[N-]C5=O,-2.629,27,-0.09737037037037037
C/C=C/CCCCCCCC(=O)S(=O)(=O)c1ccc(nc1)NCCN2CCN(C)CC2,-2.629,31,-0.08480645161290322
COC(=O)CC(=O)NCCCNCc1ccc(c(Cl)c1)N(CC2)CCC23Oc4c(O3)cccc4,-2.629,34,-0.07732352941176471
O=c([n-]1)[nH]c(=O)cc1C(=O)N2CC[NH+](CC2)C[C@@H]3CC[N@H+](CC3)Cc4ccc([N+](=O)[O-])cc4,-2.629,33,-0.07966666666666666
Cc1ccn(C)c(=O)c1-c2cnc(Cl)c(c2)-n(c(C)c3)c(c34)cc(cc4)-n5ccnc5,-2.628,31,-0.0847741935483871
O=C([O-])Cn(cc1)c(c12)ccc(c2)-n3ccnc3,-2.628,18,-0.14600000000000002
CCn1c(=O)[n-]c(=O)c(c12)[C@H](c3ccc(C)cc3)C4=C(N2)CN(C4=O)OC,-2.628,27,-0.09733333333333334
CCc1c(C)nc(N)nc1N[C@@H](Cn2ccnc2)c3ccccc3,-2.627,24,-0.10945833333333332
CO[C@@H](C)Cc([nH+]1)[nH]c(c12)cc(cc2)NC(=O)c3c(Cl)cnn3CC(C)C,-2.627,27,-0.09729629629629628
Cc1cc(OC)cc(c12)c(c3c(n2)[nH]nc3C)Cc(ccn4)c(c45)[nH]c([nH+]5)N,-2.626,28,-0.09378571428571428
CN(C1)C(=O)Nc(c12)ccc(c2)Nc3ccc(c(c3)CN)OCc4cccnc4,-2.626,29,-0.09055172413793103
Nc([nH+]1)cc(C)c(c12)ccc(c2)-c(cn(C)c3=O)c(c34)O/C(C4)=c5\cnc([nH]5)=C6CCC6,-2.625,32,-0.08203125
C1COCCN1c(c2)cc(C)c(c23)nc([nH]3)Nc4ccc(cc4)N5CCC([N+](C)(C)C)CC5,-2.624,33,-0.07951515151515152
CCCCCCCCC[C@@H](CC)CO,-2.623,14,-0.18735714285714286
NC(=O)C1=CN(C=CC1)c2cc([nH+]c(n2)N)N3CCOCC3,-2.622,22,-0.11918181818181818
CCCCCCC/C([O-])=C/C(=O)SCCNN1CCC(CC1)N2CCCOC2=O,-2.622,29,-0.09041379310344827
COc1ccc(cc1)Cn(nn2)c(c23)[C@](C)(O)CC[C@H]3OC(=O)Nc4cccc(c4)N5CCCC5=O,-2.622,36,-0.07283333333333333
C1COCCC1C(=C2)N=[N+](C23)C(=O)C=C(N=3)CNc4cc(F)cnc4Cl,-2.621,26,-0.1008076923076923
C1CCCCC1([NH3+])CNc(cc2=O)oc(c23)c(cs3)-c(cc4)cc(c45)OCCO5,-2.621,29,-0.09037931034482759
C1COCCN1c(c2)cc(C)c(c23)nc([nH]3)-c4c(cc[nH]c4=O)-c(cc5)cc(c56)ccs6,-2.621,32,-0.08190625
CNc1cc(nc(n1)N)Nc2cc(OC)cc(c2)OC,-2.62,20,-0.131
O=C[C@@H]1CCCN1[NH2+]C2CCN(CC2)c3ccccn3,-2.62,20,-0.131
CS(=O)(=O)Cc1cnc(c(c1)-c(ccc2)n(c23)nc(n3)N)Oc4ccc(F)cc4F,-2.619,30,-0.0873
Nc([nH]1)nc(c12)c(cc[nH+]2)-c3cccc(n3)Oc4cc(Br)ccc4Br,-2.618,25,-0.10472
Cc1nn(C)c(C)c1CN(C)c2nc(CCCCCC(=O)[O-])[nH+]c(n2)N(C)CCC(=O)NC3CC3,-2.618,35,-0.07479999999999999
Fc1cnccc1C(=O)c2ccc(cc2)-c3ccco3,-2.617,20,-0.13085
OCCOCCCCN1CCOCC1,-2.616,14,-0.18685714285714286
CC(C)CCNS(=O)(=O)c1ccc(cc1)Nc(cc2)cc(c23)OC(C)(C)C(=O)N3,-2.616,29,-0.09020689655172415
CN1CCN(CC1)Nc2cncs2,-2.614,13,-0.20107692307692307
c1ccccc1CC[NH2+]CCc2ccncc2,-2.614,17,-0.15376470588235294
O[C@@H]1CC[N@H+](CC1)Cc([nH]n2)c(c23)cccn3,-2.614,17,-0.15376470588235294
C[NH+](C)CCCN(C)[C@H]1CCN(C1)NCCCNC(=O)c2ccc(=O)n(C)c2,-2.614,28,-0.09335714285714285
CC(C)C(C(C)C)[NH2+]c1ccccc1[O-],-2.613,15,-0.1742
Cc1c(C#N)cccc1[C@@H](C)c(c2)c(C(=O)N)cc(c23)[nH+]ccc3O[C@@H]4CCC[NH2+]C4,-2.612,31,-0.08425806451612904
CC(C)(C)S(=O)(=O)C[C@H](C1CC1)C(=O)[C@H](C(C)C)NC(=O)C2CCCCC2,-2.611,27,-0.09670370370370371
COc1ncc(c(n1)OC)N(CC[N@@H+]23)[C@H](C3)CCCCCS(=O)(=O)Nc4cc(F)cc(C2)c4C,-2.611,34,-0.07679411764705883
Clc1c(Cl)cccc1-c(c2CC)nc(N)nc2N3CC[NH+](C)CC3,-2.611,24,-0.10879166666666668
CCc1ccc(nc1)CC[NH2+]CCCOC,-2.611,16,-0.1631875
O=C1C=CCN1c2cccc(c2)NC(=[NH+]3)CSc(c34)cccc4,-2.61,23,-0.11347826086956521
CNc1cc(nc(n1)N)CCCCCCCCCCC(=O)[O-],-2.61,22,-0.11863636363636364
COc1cc(OC)c(cc1C)[C@H]2CC[N@@H+](C2)CCN,-2.61,19,-0.13736842105263158
FC(F)(C1)[C@@H](O)c(c12)c(S(=O)(=O)C)ccc2N3CCC(CC3)N4CCCOC4=O,-2.61,29,-0.09
CC(=O)N1CCC(CC1)CNc2c(C)c(nn2CCCCCO)C(=O)NC34C[C@H]5C[C@@H](C4)C[C@H](C5)C3,-2.61,36,-0.0725
Fc(c1)cccc1OCC(=O)[N-]c2nc(cs2)NC3=[NH+]NCS3,-2.61,23,-0.11347826086956521
n1[nH]ccc1-c(cc2)cc(c23)[C@@H](C[C@H](C)N3C(=O)C)c(c(c4)OC)cc(c45)c(ncn5)N6CCOCC6,-2.61,37,-0.07054054054054054
CCCCCCCCCCCCC(=O)OC[C@@H](COP(=O)([O-])O)Oc1ccccc1C,-2.608,31,-0.08412903225806452
C1CCCCC1c([nH]2)nc(c23)n(c(=O)n(c3=O)CCC)CCC[NH2+]Nc4ccc(OC)cc4C,-2.607,34,-0.0766764705882353
O=C([O-])[C@H](C)Oc1cc(ccc1Cl)CC(=O)N2CCS[C@@H](CC2)c3cccs3,-2.606,28,-0.09307142857142857
c1sccc1-n(nc2C)c(C)c2/C=N/N3CCN(CC3)Cc4ccccc4,-2.605,27,-0.09648148148148149
O[C@@H]1CC[N@H+](CC1)Cc2ccccc2F,-2.605,15,-0.17366666666666666
O=c1[n-]c(=O)ccn1C(=O)c2nccn2Cc3ccccc3,-2.604,22,-0.11836363636363637
CNc1cc[nH+]c(n1)Nc(cc2)cc(c23)n(c(c3)C)[C@H]4CCN(C4)S(=O)(=O)C,-2.603,28,-0.09296428571428572
c1ccc(OC)c(c12)nc([nH]2)CCNCc3ccc(c(Cl)c3)S(=O)(=O)C(C)(C)C,-2.603,29,-0.08975862068965518
Cc1cc(OC)cc(c12)c(c3c(n2)[nH]nc3C)CC4CCN(CC4)CC[NH+](C)C,-2.599,29,-0.08962068965517242
CC(=O)N1[C@@H](C)C[C@@H](NC(=O)OC(C)C)c(c12)cc(cc2)[C@H](C)[C@H]3CNC(=O)C3,-2.598,29,-0.08958620689655172
CNc1ccnc([nH+]1)N(CC2)Cc(c23)cc(c(c3)OC)OCCOCCOCCOC,-2.596,31,-0.08374193548387097
COC1=C(OC)C(=O)C(=C(C)C1=O)C/C=C(/C)CCCc2ncc[nH]2,-2.596,25,-0.10384
C1OC[C@H]([C@H]12)[C@@H]2Nc3ccc(cc3Cl)CNCCc(n4)[nH]c(c45)cccc5,-2.595,27,-0.09611111111111112
CCS(=O)(=O)Nc1ccc(C(=O)C(F)(F)F)c(c1)-c(cn(C)c2=O)c(c23)oc(c3)-c4cnc[nH]4,-2.595,34,-0.0763235294117647
CC(C)(C)S(=O)(=O)C[C@H](CC)c1ccccc1OC,-2.595,19,-0.13657894736842105
CN(C1)C(=O)N(C)c(c12)ccc(c2)S(=O)(=O)NCCOc(cc3)c(c4c35)ccc6c4c(cc5)ccc6,-2.594,36,-0.07205555555555555
CC(C)(C)OC(=O)NCCCN[NH2+]Cc1ccc(cc1C(F)(F)F)[N-]S(=O)(=O)C2CC2,-2.594,31,-0.0836774193548387
C=CC1=C(C)C(=O)N[C@@H]1c2cc[nH]c(=O)c2-c(n3)[nH]c(c34)cc(cc4C)N5CCOCC5,-2.594,32,-0.0810625
COCCOCCc(cc1)cc(c12)n(CCOC(F)(F)F)c(n2)C3CCOCC3,-2.593,29,-0.08941379310344827
C1OCC1N(CC2)CCN2c([nH+]3)cc(nc3N)/[NH+]=c(/cc4)cc(n45)[nH]c(c5)-c6ccccc6,-2.593,33,-0.07857575757575758
CCc1cccc(C)c1Nc2ccc(cn2)S(=O)(=O)[N-]c3c(C)nn(C)c3C,-2.593,28,-0.09260714285714286
C[C@@H]1C(=O)N(C)CC[N@H+]1CCOc2ccc(cc2)C3CCN(CC3)c4cc[nH+]cc4,-2.592,30,-0.0864
N#CCCCCOCCOCCOCCOCCO,-2.591,19,-0.13636842105263158
OCC[NH2+]CCc1[nH+]nc(C)c(c12)ccc(c2)N3CCNCC3,-2.591,23,-0.11265217391304348
COC(=O)N(CC1)CCC12CN(C2)NCc3cccs3,-2.591,20,-0.12955
CSc1ccc(cc1)C[C@@]2(O)CC[N@@H+](CC2)Cc3ccc(cc3Cl)-c4ncon4,-2.591,29,-0.0893448275862069
Fc1cc(F)ccc1Oc(ccc2[N-]S(=O)(=O)CC)c(c2)-c3cc(cnc3N)-c4cnn(C)c4,-2.591,34,-0.07620588235294118
Cc1onc(C)c1-c(c(c2)OC)cc(c23)[nH]c4c3c([nH+]cc4)-c5cc(nc(n5)N)NC6CC6,-2.59,33,-0.07848484848484848
CC(O1)(C)C(=O)Nc(c12)ccc(c2)-c(sc3S(=O)(=O)C)c(c34)CCC(F)(F)[C@H]4O,-2.59,29,-0.08931034482758621
CN(C)CCC[N@H+](C)[C@H]1CCN(C1)C(=O)[C@H](CO)NC(=O)CCCCCCCCC[NH3+],-2.59,31,-0.08354838709677419
FC(F)(F)c(cc1)ccc1-c([nH+]cc2C)n2Cc3ccccc3CC[NH3+],-2.589,26,-0.09957692307692308
C[C@H]1C[NH2+]CCCN1c2cc([nH+]c(n2)N)-c3cccc(Cl)c3Cl,-2.589,23,-0.11256521739130435
CCNC(=O)c1ccc(c(c1)[N-]S(=O)(=O)C)OCc2ccccn2,-2.588,24,-0.10783333333333334
O=S(=O)Oc1ccc(cc1)N2CCN(CC2)c3ccc(Cl)c(Cl)c3,-2.588,24,-0.10783333333333334
CCCCC/C=C/C[NH+]1CCN(CC)CC1,-2.588,16,-0.16175
CCc1c(NC)nc(N)[nH+]c1-c(cc2)cc(c23)[C@H](NC(=O)OC(C)C)C[C@H](C)N3C(=O)C,-2.587,32,-0.08084375
c1n[n-]c(=O)c(n12)c(C)cc2-c3cc(CS(=O)(=O)C)cnc3C(C4)CC4(F)F,-2.585,28,-0.09232142857142857
CC(C)(C)OC(=O)[C@H](CC)[NH2+]CC#Cc1ccc(cc1)C(=O)NCCC(F)(F)F,-2.584,29,-0.08910344827586207
O1COc(c12)c(ccc2)C\N=C(\NC3=C)S[C@@H]3c(cc4C)n(c45)cnnc5O,-2.583,28,-0.09225000000000001
CC(C)(C)c(n[nH]1)cc1N(C(=O)CC)[C@@H](C(=O)S(=O)(=O)C)c2cccnc2,-2.583,27,-0.09566666666666668
CC(O1)(C)C(=O)Nc(c12)ccc(c2)C[C@@]3(O)CC[N@@H+](CC3)Cc4ccc(cc4Cl)-c5ncon5,-2.583,34,-0.07597058823529412
Cc1nn(C)c(C)c1Cc2ccc(cc2)N3CCN(C)CC3,-2.582,22,-0.11736363636363635
CCCCCCOc1cccc(c1)CN2CCC(O)CC2,-2.582,21,-0.12295238095238095
c1cc(Br)c([O-])c(c12)nc(N)cc2-c3cnc[nH]3,-2.582,18,-0.14344444444444443
C[C@@H]1C(=O)N(C)CCN1CCOc2ccc(cc2)C3CCN(CC3)c4c[nH+]n(c4)CC(C)(C)O,-2.582,34,-0.07594117647058823
CS(=O)(=O)[N-]c1cc(ccc1C)C(=O)CCCCCCCCC[NH3+],-2.581,24,-0.10754166666666666
Cc1ccc(cc1C)-n(c2=O)c(=O)n(C)c(c23)nc(n3C)N[C@H]4CC[C@H](O)CC4,-2.58,29,-0.08896551724137931
[nH]1ccnc1CCC(=O)CCNC(=O)CCNCc2ccc(c(Cl)c2)-c3ccccc3,-2.58,31,-0.0832258064516129
c1ccc(OC)c(c12)[nH]c(n2)CCNCc3ccc(c(Cl)c3)S(=O)(=O)C(C)(C)C,-2.58,29,-0.08896551724137931
CNc1cc(nc(n1)N)N2CCN(CC2)C(=C)CC(=O)c3ccccc3,-2.579,26,-0.0991923076923077
CC1(C)C(=O)NC(=O)N1N(CC2)CCC2([NH3+])Cc3ccc(Cl)cc3,-2.577,24,-0.107375
C1CCN1c(c2CC)nc(N)nc2N3CC[NH+](C)CC3,-2.577,20,-0.12885
CC(C)Cc([nH+]n1C)c(c1C)Nc(c(c23)ccs3)ccc2C[C@@H]4SC(=O)[N-]C4=O,-2.574,29,-0.08875862068965516
[NH3+]Cc1ccc(c(Cl)c1)-c2cnns2,-2.574,14,-0.18385714285714286
c1cc(Cl)ccc1C(C(=C23)C[C@H](OC)CC2)=N[C@H](c4n3c(nn4)C)[C@@H](C)C(=O)N[C@H]5[C@@H]([C@@H]56)COC6,-2.573,35,-0.07351428571428571
COc1nc(N(C)C)ncc1-c2ccc(cc2)-c(n3)c(NC(C)(C)C)n(c34)ccnc4,-2.573,31,-0.083
COC(=O)CC(=O)NCCCNCc1ccc(c(Cl)c1)-c2ccc(C(=O)[O-])cc2,-2.573,29,-0.08872413793103448
C[C@H]1C[C@@H](C)C[N@H+](C1)N2CCC(O)CC2,-2.573,15,-0.17153333333333334
C[C@H]1COCCN1C(=O)c(cc2)cc(c23)N([C@H](C)C(=O)N3C)C4CCCC4,-2.572,27,-0.09525925925925927
o1nc(C)c(c12)cc(c(c2)NC)-n3cc(cn3)-c(c(n4)C)n(c45)ccnc5N6CCOCC6,-2.572,33,-0.07793939393939395
C1COCCN1c(c2)cc(C)c(c23)nc([nH]3)-c4ccc(C(F)(F)F)cc4[N+](=O)[O-],-2.572,29,-0.0886896551724138
COc1ccc(Br)cc1S(=O)(=O)[N-]c2cccc(c2)-c3cnc[nH]3,-2.571,24,-0.10712500000000001
c1ccncc1C[NH2+]CCCCCC2OCCO2,-2.571,18,-0.14283333333333334
Cc1noc(C)c1-c2ccc(cc2)CN[NH2+]C3CCN(CC3)c4cccc[nH+]4,-2.57,28,-0.09178571428571428
CCCCCC(=O)Cc1ccc[nH+]c1,-2.57,14,-0.18357142857142855
O=c([n-]1)[nH]c(=O)cc1C(=O)c2cccc(c2F)-c(ccn3)c(c34)nc[nH]4,-2.57,26,-0.09884615384615383
CN(C1)C(=O)Nc(c12)ccc(c2)N[NH2+]C3CCOCC3,-2.569,20,-0.12845
C1COCCN1c(c2)cc(C)c(c23)[nH]c(n3)-c(n4)c(cccc5)c5c(n46)nnc6C,-2.568,30,-0.0856
c1ccccc1CN2CCN(CC2)CCc3ccc[nH]3,-2.567,20,-0.12835000000000002
C[NH2+]Cc1ccc(cc1)-c2cccc(Cl)c2Cl,-2.567,17,-0.15100000000000002
Cc1nn([C@H](C)C(=O)[O-])c(C)c1/C=N/N2CC[NH+](CC2)Cc3ccccc3,-2.566,27,-0.09503703703703703
C1OCC[C@@H]1c2ccc(cc2OC)CNCCc(n3)[nH]c(c34)cccc4,-2.564,26,-0.09861538461538462
CCN(C1=O)c2ccc([C@](C)(C(=O)[O-])CC)c(c2c13)ccc3,-2.564,22,-0.11654545454545455
C1COCCC1C(=C2)N=[N+](C23)C(=O)C=C(N=3)CNn4cncn4,-2.563,23,-0.11143478260869566
c1cncc(c12)c([O-])c(C#N)c(n2)-c3ccc(CC(=O)[O-])cc3,-2.563,23,-0.11143478260869566
N#Cc1c(=O)[nH]c(cc1[S@](=O)C)-c2cccc(c2)Nc3ccc(F)cc3,-2.563,26,-0.09857692307692309
n1nc[nH]c1[C@@H](C)Nc(n2)oc(c23)cccc3,-2.561,17,-0.1506470588235294
O=C([O-])[C@@H](C)n(nn1)c(c12)ccc(Cl)c2Oc3cc(Cl)cc(c3Cl)C[NH3+],-2.56,26,-0.09846153846153846
Cc1ccc(cc1C)Nc2[nH+]ccc(n2)N3CCC[C@H]3C=O,-2.559,22,-0.11631818181818182
O=C1C=CCN1c2cccc(c2)NCCCCCc3cccc[nH+]3,-2.559,24,-0.10662500000000001
c1cccc(c12)cc(cn2)C(=O)CC#Cc3ccc(cc3)C(=O)NCCC(F)(F)F,-2.558,30,-0.08526666666666666
C[NH+](C)CCCN(C)[C@H]1CCN(C1)C(=O)c([nH]2)c(C(N)=[NH2+])c(c23)ccc(Cl)c3,-2.557,28,-0.09132142857142857
CO/C([O-])=C\C(=O)c1ncn(C2CC[NH2+]CC2)c1-c3ccnc(n3)Nc4ccc(C)c(C)c4,-2.557,33,-0.07748484848484849
COc(nn1)n(c12)nc(cc2)-c3ccc(Cl)c(C(F)(F)F)c3,-2.557,22,-0.11622727272727272
O=c(n1)[nH]c(=O)c(n2)c1n(c(c23)cc(C)c(C)c3)-c4ccccc4C(=O)c5ccccc5,-2.557,32,-0.07990625
O=c([nH]1)scc1-c2ccc(cc2OCC)C(=O)N3CCC(CC3)[NH+]4CCN(C)CC4,-2.556,30,-0.0852
CCn(cn1)c(c12)c(=O)[nH]c(=O)n2-c3nc(ncc3Cl)Nc4ccc(cc4)N5CCN(C)CC5,-2.556,34,-0.07517647058823529
Cc1cccc(c12)n(c(n2)CCC)Cc3ccc(cc3Cl)C(=O)OC,-2.555,25,-0.10220000000000001
Cc1cc([nH]n1)[C@@H](C)NNCC23C[C@H]4C[C@@H](C3)C[C@H](C4)C2,-2.555,21,-0.12166666666666667
O=c1[n-]ncn(c12)c(cc2C)-c3n(nnc3C)[C@@H]4CC[N@H+](CC4)CCN(C)C,-2.554,28,-0.0912142857142857
Cc1nn(C)c(C)c1[N-]S(=O)(=O)c2ccc(nc2)NCCc3cccc(F)n3,-2.554,28,-0.0912142857142857
c1ccccc1NC(=O)c2ccc(cc2)-c(c[nH+]3)n(c34)CCC4,-2.554,23,-0.11104347826086956
Cc1noc(C)c1-c2ccc(cc2)CNNC3CCN(CC3)c4ccccn4,-2.552,28,-0.09114285714285715
CC(=O)N1[C@@H](C)C[C@@H](NC(=O)OC(C)C)c(c12)cc(cc2)OCc3ccccc3,-2.551,29,-0.08796551724137931
CCCCCC[C@@H](C)[NH2+]NNC(=O)c1cc(C(C)(C)[NH3+])cc(n1)-c2ccc(F)cc2,-2.551,30,-0.08503333333333334
C1C[NH2+]CCC1n(nnc2C)c2Cc3cc(O)cc(O)c3,-2.551,21,-0.12147619047619049
c1cccc(c12)N(C3CCCC3)c4c(N(C)C2=O)cnc(n4)-c(cc5)cc(c56)OCCO6,-2.55,32,-0.0796875
CCN(C(=O)C1)c(c12)ccc(c2)O[C@H](CC[C@]3(C)O)c(c34)nnn4Cc5ccc(OC)cc5,-2.549,33,-0.07724242424242424
OCC[NH2+]CCN[C@H](CCC1)c(c12)cnn2-c3ccccc3F,-2.549,23,-0.11082608695652174
Cc1ccc(Cl)cc1-c2cc(cnc2N)-c3cnn(C)c3,-2.548,21,-0.12133333333333333
CCc(c1)nc(C)c(c12)c(c(c([n-]2)=O)C#N)-c3ccc(cc3)NNCCOC,-2.548,28,-0.091
O=C1CCCC(=O)C1=C([O-])c(c2)ccc(c23)n(C)c(=O)n(c3=O)N4CCC(CC4)N5CCCOC5=O,-2.547,36,-0.07075000000000001
N#C\C=C\c(cc1C)cc(C)c1-c2cc(cnc2N)-c3cnn(C)c3,-2.546,25,-0.10183999999999999
O=C([O-])Cc1c[nH]c(n1)C2CCCC2,-2.546,14,-0.18185714285714286
c1ccccc1C(=O)c2ccccc2N[C@H](C(=O)[O-])Cc3ccc(cc3)Nc4cc[nH+]cc4,-2.544,33,-0.0770909090909091
CCc1c(NC)[nH+]c(N)nc1-c2ccnc(N)c2,-2.544,18,-0.14133333333333334
COc(c1)c(CC(=O)[O-])cc(c12)OC(C)(C)C(=O)N2,-2.544,19,-0.13389473684210526
CN(C1)C(=O)Nc(c12)ccc(c2)NS(=O)(=O)c(c(c34)cccc4)ccc3OCC(=O)[O-],-2.543,31,-0.08203225806451614
C1CCCN1c(cc2F)ccc2N3CCSCC3,-2.543,18,-0.14127777777777778
CCCCCCC/C([O-])=C/C(=O)SCCNC(=O)CC[NH2+]Cc1cncs1,-2.543,27,-0.09418518518518519
O=[N+]([O-])c1cc(S(=O)(=O)C(F)F)ccc1-c([nH+]2)n(c(c23)cccc3)CC4CCOCC4,-2.542,31,-0.08199999999999999
CN(C)CCN1CCN(CC1)c2cc(F)cc(Cl)c2,-2.542,19,-0.1337894736842105
Cc1noc(C)c1-c2ccc(cc2)CNc3ccn[nH]3,-2.541,20,-0.12705
c1cc(Br)c(O)c(c12)nc(N)cc2S(=O)(=O)c3cccc(F)c3,-2.54,23,-0.11043478260869566
CN1C(=O)[C@@H](C)N(C2CC2)c(c13)cc(cc3)-c4cc(nc(n4)N)N5CCN(CC5)C6COC6,-2.54,33,-0.07696969696969697
Oc1c(C)cc(cc1C)-c2ccc(Cl)c(c2)[N-]S(=O)(=O)C(C)(C)C,-2.54,24,-0.10583333333333333
O=C1NCCC[C@H]1C[C@@H]([C@@H](O)C(=O)N2CCC2)N[NH2+]C3CCCC3,-2.54,24,-0.10583333333333333
Cc1ccc(cc1)-c(n2)[nH]c(c23)cc(cc3C)N4CCOCC4,-2.54,23,-0.11043478260869566
C[N+](C)(C)C1CCN(CC1)c(c(c23)ccs3)ccc2C[C@@H]4SC(=O)NC4=O,-2.539,27,-0.09403703703703704
CNc1cc[nH+]c(n1)N(CC2)Cc(c23)cc(c(c3)OC)OCCOCCOCCOC,-2.538,31,-0.08187096774193547
COc1cc(OC)cc(c12)[nH]c(nc2=O)C(=O)c(cc3)cc(c34)N([C@H](C)C(=O)N4C)C5CCCC5,-2.538,35,-0.07251428571428571
C1CCCC1N([C@H](C)C(=O)N2C)c(c23)cc(cc3)C(=O)C(=O)[C@H]([O-])CO,-2.538,26,-0.0976153846153846
C[C@H]1C[C@@H](C)CN(C1)N2CCC(O)CC2,-2.538,15,-0.1692
CC(O1)(C)C(=O)Nc(c12)cc([O-])c(c2)S(=O)(=O)c3cccs3,-2.538,22,-0.11536363636363635
n1[nH]ccc1-c2ccc(cc2Cl)C[NH2+]CCc3c[nH]cn3,-2.537,21,-0.12080952380952381
N#CCCN(C)c(c(c12)scc2)nc(n1)-c(cc3)cc(c34)[C@@H](N(C)C(=O)N4)OCCO,-2.537,31,-0.08183870967741935
n1cccc(c12)c(c(C)cc2)[C@H](c3cccnc3)C(=O)NC4CCCCC4,-2.537,27,-0.09396296296296296
O=C1CCCN1c2cccc(c2)-c3ccsc3,-2.536,17,-0.1491764705882353
CCc(c1)nc(C)c(c12)c(c(C#N)c(=O)[nH]2)-c3ccc(cc3)NC[C@H](C)N4CCOCC4,-2.536,32,-0.07925
CC[N@H+]1CC[C@@H](CC1)c2ccc(OC)c(c2)OC,-2.536,18,-0.1408888888888889
CCc1ccccc1-c2cc([nH+]c(n2)N)N3CCN(CC3)C4COC4,-2.536,25,-0.10144
c1cccc(c12)C(=O)c3c(C2=O)nnn3C(=O)N4CCC(CC4)c5nc(no5)-c6cccs6,-2.535,33,-0.07681818181818183
c1ccccc1C(=O)c2ccccc2[C@@H](C3CC3)CS(=O)(=O)N4CCCC4,-2.533,27,-0.09381481481481481
CCCn(c1=O)c(=O)n(CCC)c(c12)nc([nH]2)[N@H+]3CC[C@@H](CC3)n4cc(C)c(=O)[nH]c4=O,-2.533,32,-0.07915625
COc1cc(=O)n(C)nc1-c2ccccc2C(=O)c(cc3)cc(c34)N(C5CC5)[C@H](C)C(=O)N4C,-2.532,34,-0.07447058823529412
Oc(c1)cccc1[C@H](C(=O)CC(=O)OC)c2ccc(cc2)N3CCN(C(C)C)CC3,-2.531,30,-0.08436666666666667
CCc1ccccc1-c2ccc(cc2)C3CCN(CC3)c(cc4)nn(c45)c(nn5)OC,-2.53,31,-0.08161290322580644
Cc1nn(C)c(C)c1[N-]S(=O)(=O)c2ccc([nH+]c2)NCCc3cccc(F)n3,-2.53,28,-0.09035714285714284
COc1cc(OC)cc(c12)nc([nH]c2=O)-c3cc(cnc3N)-c4cnn(C)c4,-2.53,28,-0.09035714285714284
CN(C1)C(=O)Nc(c12)ccc(c2)-n(c3=O)c(=O)n(C)c(c34)ccc(c4)C([O-])=C5C(=O)CCCC5=O,-2.53,35,-0.07228571428571429
C/C=C/CCCCCCCC(=O)S(=O)(=O)c1ccc(nc1)NCCN2CC[NH+](C)CC2,-2.53,31,-0.08161290322580644
[nH]1nccc1-c(cc2)cc(c23)[C@@H](C[C@H](C)N3C(=O)C)[NH+]4CCN(CC4)c5cccc(C)c5,-2.529,32,-0.07903125
c1cc(C)cc(c12)[nH+]c([nH]2)CCN(C[C@H]3C)c(c4n(c35)c(nn5)C)cc(cc4)-c6ccc(N)nc6,-2.527,35,-0.0722
CCN(C(=O)C1)c(c12)ccc(c2)C[C@@H]3CC(=NO3)c4ccc(c(F)c4)N5CC[C@@H](C5)NC(=O)C,-2.526,34,-0.07429411764705882
COc1ccc(cc1OC)-c([nH+]2)n(c(c23)ccc(Br)c3)C[C@@H]4CCCN(C4)C(=O)C,-2.526,30,-0.0842
CSc1ccc(cc1)-c2cccc(c2C)-c(cc3)cc(c3=4)=NC(=O)N4,-2.526,25,-0.10103999999999999
c1cccc(c12)c(c[nH]2)C[C@H]([NH3+])C(=O)CC(c3ccccc3)c4ccccc4,-2.524,28,-0.09014285714285715
c1cccn1-n(c(=O)n2C)c(=O)c(c23)c(C)c(cc3)C([O-])=C4C(=O)CCCC4=O,-2.524,29,-0.08703448275862069
C/C=C/CCCCCCCC(=O)CCNc1ccc(cn1)S(=O)(=O)[N-]c2c(C)[nH+]n(C)c2C,-2.524,33,-0.07648484848484849
COc1ccc(cc1)Cn(nn2)c(c23)[C@@](C)(O)CC[C@H]3OC(=O)c4ccc(cc4)-c5csc(n5)C,-2.523,35,-0.0720857142857143
O=C1[N-]C(=O)[C@@H](S1)Cc(c(c23)scc3)ccc2-c4ccccc4,-2.523,23,-0.10969565217391306
CCCCCCCCCCCCCCC[C@@H](O)[C@H](CO)[NH2+]C1CCN(CC1)CC[NH+](C)C,-2.523,32,-0.07884375
O=S(=O)Oc1ccc(cc1)-c2ccc(cc2)S(=O)(=O)CCO,-2.523,22,-0.11468181818181819
CCS(=O)(=O)Cc1cnc(-c2ccc(Br)cc2)c(c1)-c(cc3C)n(c34)cc[nH]c4=O,-2.523,30,-0.08410000000000001
n1nc(C)n(c12)c3c(cccc3)C(c4ccccc4)=N[C@H]2NNc5cc[nH+]cc5,-2.523,29,-0.08700000000000001
NS(=O)(=O)c1ccc(cc1)NC[C@H]2CN(C(=O)O2)c3ccc(c(F)c3)N4CCSCC4,-2.522,31,-0.08135483870967741
O=C([O-])[C@H](C)[NH2+]CCCNCc1ccc(c(Cl)c1)-c2ccccc2,-2.521,24,-0.10504166666666666
Cc1noc(C)c1-c(cc2)cc(c23)ncc(C(=O)[O-])c3S(=O)(=O)c(ccc4)c(c45)c(C)cnc5,-2.521,34,-0.07414705882352941
CCCCCCOc1cccc(c1)C[NH2+]CC2CCN(C(=O)C)CC2,-2.521,25,-0.10084
CCCCCC(=O)N[C@@H](CO)[C@H](O)CN[C@H](C)c(n1)n(CC)c(c12)cc(C(F)(F)F)cc2,-2.519,32,-0.07871875
c1cccc2c1nc(n23)N([C@@H](C)C3)[C@H](c4cccnc4)C(=O)NC5CCCCC5,-2.519,29,-0.08686206896551725
n1nc[nH]c1[C@@H](C)NNc2cc(C(=O)[O-])ccc2N3CCC(CC3)N4CCCOC4=O,-2.518,31,-0.0812258064516129
C1CCCC1N[C@@H]2CCC[NH2+]C2,-2.518,12,-0.20983333333333332
CCOC(=O)c1csc(n1)-c(cc2)cc(c23)c(ccn3)OC,-2.517,22,-0.1144090909090909
CCOc1ccccc1-c2ccc(CN(C)C)nc2C,-2.517,20,-0.12585
COCCCNc1cccc(c1)[N-]S(=O)(=O)c2c(F)cccc2F,-2.517,24,-0.104875
OCCS(=O)(=O)c1ccc(cc1)[C@@H]2CCCC[C@@H]2[C@H](O)C3CCCCC3,-2.516,26,-0.09676923076923077
O=C1NC(=O)[C@@H](S1)Cc2ccc(cc2)-c(ccn3)c(c34)cccc4,-2.515,24,-0.10479166666666667
CCC[NH2+]N1CCC(CC1)CN(C2)C(=O)C(=C23)[C@@H](c4ccc(C)cc4)c5c(N3)n(CC)c(=O)[nH]c5=O,-2.514,36,-0.06983333333333333
COc1ccc(cc1)Cn(nn2)c(c23)[C@@](C)(O)CC[C@H]3OC(=O)[C@H](O)[C@H](C)[NH3+],-2.513,28,-0.08975
c1ccccc1-c2[nH]nc(n2)NCCc3cc[nH+]cc3,-2.512,20,-0.1256
COc1cc(cc(c1)OC)NC(=O)N([C@@H]2O[C@H](CO)[C@@H](O)[C@H]2O)Cc3ccccc3,-2.512,30,-0.08373333333333334
o1nccc1-n2ncc(Cl)c2C(=O)Nc(cc3)cc(c34)[nH]c(n4)-c5ccccc5,-2.511,29,-0.08658620689655173
Cn1cc(cn1)-c2ccc(cc2)C[C@@H]3SC(=O)NC3=O,-2.51,20,-0.1255
CC/C=C/CC[NH2+]CCC(F)(F)F,-2.509,13,-0.193
COCCOCCc(cc1)cc(c12)n(CCOC(F)(F)F)c([nH+]2)C3CCOCC3,-2.507,29,-0.08644827586206896
CC(C)Oc1ccc(S(=O)(=O)N)cc1CC[NH3+],-2.507,17,-0.14747058823529413
O=c1ccc(cn1C)C(=O)CCn(c([nH+]2)SCCC(=O)[O-])c(c23)cccc3,-2.507,27,-0.09285185185185185
Cc1noc(C)c1-c(cc2)cc(c23)c(nc(n3)C4COC4)N5CCOC[C@@H]5c6ccccc6,-2.506,33,-0.07593939393939393
c1cccc2c1[nH+]c(n23)N([C@@H](C)C3)[C@H](c4cccnc4)C(=O)NC5CCCCC5,-2.506,29,-0.08641379310344827
Cc1noc(C)c1-c2ccc(cc2)CNC(=O)c3cc(=O)[n-]c(=O)[nH]3,-2.505,25,-0.1002
C1CC1Nc([nH+]c2N)cc(n2)/C(O)=C/C(=O)C(=O)[O-],-2.505,19,-0.1318421052631579
FC(F)(F)Oc(cc1)ccc1C(=N2)NC(=O)C23CCN(CC3)N4CCOCC4,-2.504,28,-0.08942857142857143
N#Cc1c(=O)[n-]c(cc1[S@](=O)C)C(=O)c(cc2)nc(c23)cccc3,-2.504,24,-0.10433333333333333
COCCOCCc1cc(ncn1)N(C)CCOc2ccc(cc2)C[C@@H]3SC(=O)NC3=O,-2.504,32,-0.07825
Cc1onc(C)c1-c(ccc2C)cc2S(=O)(=O)n(c(n3)SCCC(=O)[O-])c(c34)cccc4,-2.503,32,-0.07821875
Cc1cc(ccn1)-c2ccc(C#N)c(Cl)c2C,-2.502,17,-0.14717647058823527
COc1ccc(cc1)-c([nH+]2)n(c(c23)cccc3)CC4CCOCC4,-2.501,24,-0.10420833333333333
O=C([O-])CCC(\C)=C/COc1ccccc1CN(C)c2ccc(I)cc2,-2.501,26,-0.09619230769230769
C1COCCN1c(c2)cc(C)c(c23)[nH]c(n3)-c4c(cc[nH]c4=O)C[C@H]5CC[C@H](C)CC5,-2.5,31,-0.08064516129032258
c1ncccc1[C@H](C(=O)NCC)N(CCCNC(=O)C)c2ccc(C(C)(C)C)cc2,-2.5,30,-0.08333333333333333
C#CCn1cnc(-c2ccn[nH]2)c1-c3ccc(OS(=O)=O)cc3,-2.499,23,-0.10865217391304348
CC(C)Oc(cc1)cc(c12)OCCO2,-2.499,14,-0.17850000000000002
CN1C(=O)[C@@H](C)N(C2CC2)c(c13)cc(cc3)-c4cc(nc(n4)N)N5CC[NH+](CC5)C6COC6,-2.498,33,-0.07569696969696971
C1COCCN1c(n2)cc(nc2N)-c(cc3)cc(c34)n(CCOC(F)(F)F)c([nH+]4)C5CCOCC5,-2.497,35,-0.07134285714285714
Cc1cc(on1)CCCCCc(ccc2)c(c23)c(C)c(o3)C(=O)c4nccn4C,-2.497,29,-0.08610344827586207
Cc1nc(C[NH+](C)C)ccc1-c(cc(c23)nccc3)cc2-c4c(C)noc4C,-2.497,28,-0.08917857142857143
CNc1cc([nH+]c(n1)N)N2CCN(CC2)N3CC[NH+](C(C)C)CC3,-2.496,24,-0.104
COc(cc1)cc(c12)cc(n2CC(=O)[O-])C(=O)c(ccn3)c(c34)[nH]c(n4)N,-2.495,27,-0.09240740740740741
O=C([O-])C[C@H](C)CCCOc1ccccc1Cc([nH]2)c(C#N)c(=O)c(c23)cncc3,-2.495,30,-0.08316666666666667
CCCCCCCCC(=O)SCC[NH2+]N[C@H]1CC[C@H](O)CC1,-2.494,22,-0.11336363636363637
COc1cc(C)c(c(C)c1C)S(=O)(=O)c2ccn(n2)C,-2.494,20,-0.1247
O=c([nH]1)scc1-c2ccc(cc2OC)C[NH2+]CCc(n3)[nH]c(c34)cccc4,-2.494,27,-0.09237037037037038
C1C[NH2+]CCC1n(nnc2C)c2C3CCN(CC3)CC[NH+](C)C,-2.494,23,-0.10843478260869566
CCc1ccc([nH+]c1)CCc(n2)c(C#N)c(N[C@H](C)C(=O)[O-])c(c23)cc(F)cc3,-2.49,29,-0.08586206896551725
CCCCC(=O)OC[C@H](CO)n(c([nH+]1)SCCC(=O)[O-])c(c12)cccc2,-2.49,26,-0.09576923076923077
C=CC1=C(C)C(=O)N[C@@H]1c(nc(n2)C)c(c23)c4c([nH]3)cc(c(c4)OC)-c5c(C)noc5C,-2.49,32,-0.0778125
c1cccc(c12)cc(cn2)C(=O)c(cc3CN)ccc3OCc4cccnc4,-2.489,28,-0.08889285714285713
CC(C)(C)OC(=O)N1CCC(CC1)c2nc(no2)-c3n[nH]cc3-c4ccncc4,-2.489,29,-0.08582758620689655
n1nc(C)n(c12)nc(cc2)Cc3cc(Cl)c(c(Cl)c3)-c4ccccc4,-2.487,25,-0.09948
CCc(c1)nc(C)c(c12)c(c(C#N)c(=O)[nH]2)-c3ccc(cc3)NC(=O)c4ccc(=O)n(C)c4,-2.486,33,-0.07533333333333334
Cc1cc(C)c(c(C)c1)S(=O)(=O)N2CCC[C@H]([NH3+])C2,-2.485,19,-0.1307894736842105
O=[N+]([O-])c1cc(S(=O)(=O)C(F)(F)F)ccc1N2CC[N+](CC2)=C(N3)CSc(c34)cccc4,-2.485,32,-0.07765625
N#Cc(c1Cl)ccc(c1C)-n2ccc(O)c(C(=O)[O-])c2=O,-2.484,21,-0.11828571428571429
[O-]c1c(Br)ccc(c12)c(cc(n2)N)-c(c(n3)C)n(c34)ccnc4N5CCOCC5,-2.484,29,-0.0856551724137931
O=c([n-]1)[nH]c(=O)cc1C(=O)N2CCN(CC2)c(ccc3)c(c34)cccc4,-2.483,26,-0.0955
[nH+]1ccccc1CNn2cncn2,-2.482,13,-0.19092307692307695
c1cc(C)cc(c12)[nH+]c([nH]2)CCc(c(c34)cc(Br)cc4)nc(n3)N(C)CCC[NH+](C)C,-2.481,31,-0.08003225806451612
c1ccccc1Oc2cccc(n2)C/N=C3/NNCS3,-2.481,20,-0.12405
CCN1CCN(CC1)c(cc2)cc(c23)C=CN(C)C(=O)[C@@H]3C,-2.481,22,-0.11277272727272726
c1cncc(c12)c([O-])c(C#N)c(n2)-c3ccc(cc3)-c4ccncc4F,-2.481,26,-0.09542307692307692
o1cccc1-c(cc2)cc(c23)[C@@H](C[C@H](C)N3C(=O)C)NC/C=C/[C@H](O)CCCC(=O)[O-],-2.48,31,-0.08
OCCOc1ccccc1N2CCN(CC2)[NH+]3CCN(CC3)c4ccc(Cl)c(Cl)c4,-2.48,30,-0.08266666666666667
Cc1noc(C)c1-c2ccc(cc2)C[NH2+]NC(C(C)C)C(C)C,-2.479,23,-0.10778260869565218
CCCCCCCCCCCC[NH+]1CCN(C)CC1,-2.478,19,-0.13042105263157897
c1cnccc1NC(=O)[C@H](C(C)C)NC(=O)c2[nH+]ccn2Cc3ccccc3,-2.476,28,-0.08842857142857143
C[NH+](C)CCN1CC[C@H](C1)Cc(c2)oc(c23)cccc3,-2.476,20,-0.1238
c1cc(F)cc(c12)c(N[C@H](C)C(=O)[O-])c(C#N)c(n2)Cc3ccc(c(Cl)c3)-c4ccccc4,-2.476,33,-0.07503030303030303
C1CC1Oc2ccc(cc2OC)C(=O)NNC(=O)c3cc(C(C)(C)N)cc(n3)C4CCCCC4,-2.475,34,-0.07279411764705883
C1CCn(c12)c(c[nH+]2)-c(s3)ccc3[C@@H](C)[NH2+][C@H](C(=O)[O-])Cc(c[nH]4)c(c45)cccc5,-2.474,30,-0.08246666666666667
Cc1cccc(n1)[C@@H]2N(CCc(c23)scc3)Nc4cccc(C(=O)[O-])c4,-2.474,26,-0.09515384615384616
c1ccccc1-n(nc2C)c(C)c2/C=N/N3CCN(CC3)c4ccc(Cl)c(Cl)c4,-2.474,29,-0.08531034482758622
c1c[nH]c(c12)c(=O)n(C)cc2-c3cc(F)c(c(F)c3)-c4ccccc4F,-2.473,26,-0.09511538461538462
O=C([O-])CCc(n1)nc(cc1C)-c2cccc(c2)N3C=CCC3=O,-2.472,24,-0.103
O=c1[nH]c(cs1)-c2cccc(c2)-c3cc(F)cnc3Cl,-2.472,20,-0.1236
c1ncccc1[C@H](C(=O)NCC)N(C2=NC(=O)SC2)c3ccc(C(C)(C)C)cc3,-2.47,29,-0.08517241379310346
CCCCC(=O)NCC[NH3+],-2.469,10,-0.24689999999999998
CNc1cc([nH+]c(n1)N)N2CCN(CC2)c(cnc3)c(c34)cccc4,-2.468,25,-0.09872
O=c1[n-]cc(Cl)cc1C(=O)CCC2c(ccc(c3)O)c3Oc(c24)cc(O)cc4,-2.468,28,-0.08814285714285715
Brc1ccc(Br)c(c1)N2CC[NH+](CC2)C3COC3,-2.467,18,-0.13705555555555557
C[C@H]1C[NH2+]CCCN1c2cc(nc(n2)N)-c3cccc(Cl)c3Cl,-2.467,23,-0.1072608695652174
COc1ccc(cc1)Cn(nn2)c(c23)[C@@](C)(O)CC[C@H]3Oc4ccc(c(F)c4)N5CCSCC5,-2.467,34,-0.07255882352941177
O=c([nH]1)[nH]c(=O)cc1C(=O)N2CC[NH+](CC2)Cc(c3)oc(c34)cccc4,-2.467,26,-0.09488461538461539
O=C([O-])CCc(n1)nc(cc1C)C(=O)Cc(cnc2)c(c23)c([O-])ccc3,-2.467,26,-0.09488461538461539
FC(F)(F)c(nc1)ccc1C2(CC2)c(c3C)c[nH]c3C(=O)c4ccc(cc4)[N-]S(=O)(=O)C,-2.466,32,-0.0770625
Fc1cc(F)ccc1Oc(ccc2[N-]S(=O)(=O)CC)c(c2)-c3cc(C)nc(n3)CCC(=O)[O-],-2.466,33,-0.07472727272727274
CC(C)NC(=O)O[C@H](CC)c1cc(no1)-c2ccc(cc2)OC(C)(C)C(=O)[O-],-2.465,28,-0.08803571428571429
C[NH+](C)CCN1CC[C@H](C1)n2cnc(c2CC#N)-c3ccc(C(F)(F)F)cc3,-2.465,28,-0.08803571428571429
C[NH+](C)CC[N@H+](C1)CC[C@H]1c(c(n2)C)n(c23)ccnc3N4CCOCC4,-2.464,26,-0.09476923076923077
CC(C)CCNS(=O)(=O)c1ccc(cc1)C(=O)[C@@H](N)CO,-2.464,21,-0.11733333333333333
Cc1cc(on1)CCCCCN[C@H]([C@@H](O)C(=O)N2CCC2)C[C@@H]3CCCNC3=O,-2.464,29,-0.08496551724137931
C1CN(C)CCN1c2[nH+]c(N)nc(c2CC)Cc3nc(cn3C)-c4ccccc4,-2.463,29,-0.08493103448275863
COC(=O)c1ccc(c(Cl)c1)C[N@@H+](CC2)CC[C@@]2(O)Cc3ccc(C(F)(F)F)cc3,-2.463,30,-0.0821
Fc1cc(F)ccc1Oc(ccc2NS(=O)(=O)CC)c(c2)N3CCN(CC3)Cc4ccccc4,-2.463,34,-0.07244117647058823
[nH]1nccc1-c2n(nnc2C)C3CCN(CC3)CC[NH+](C)C,-2.462,22,-0.11190909090909092
NC(=O)[C@@H](C)[NH+]1CCCCC1,-2.461,11,-0.22372727272727272
CN1CC[NH+](CC1)C2CCN(CC2)S(=O)(=O)c(c(c34)cccc4)ccc3OCC(=O)[O-],-2.46,31,-0.07935483870967742
n1ccccc1C(C)(c2ccccn2)n(cn3)c(c34)nc[nH]c4=O,-2.46,24,-0.1025
c1ccccc1NN(CC2)C[C@H]([N@H+]23)CCC3,-2.46,16,-0.15375
O=S(=O)Oc1ccc(cc1)-c2ccc(cc2)-c(cc3)nc(c34)cccc4,-2.459,26,-0.09457692307692309
CCN(C1=O)c2ccc(c(c2c13)ccc3)S(=O)(=O)c(cc4)cc(c45)nc(N)cc5C,-2.458,30,-0.08193333333333334
CNc1ccnc(n1)-c(cc2)cc(c23)c(OC)cc[nH+]3,-2.457,20,-0.12284999999999999
O[C@H]1CC[C@@H](CC1)[NH2+]c2ccccc2Oc3ccccc3,-2.457,21,-0.11699999999999999
CCN(C(=O)C1)c(c12)ccc(c2)NC(=O)CCC3CCN(CC3)c4ccc(C#N)cc4,-2.457,31,-0.07925806451612903
N1CCCC[C@@H]1c2n(nnc2C)C3CCN(CC3)CC[NH+](C)C,-2.456,23,-0.10678260869565218
[NH3+]c1ccc(cc1)NNCC(=O)[O-],-2.456,13,-0.18892307692307692
C[NH+](C)C1CCN(CC1)N2CC[N+](CC2)=C(N3)CSc(c34)cccc4,-2.456,25,-0.09824
CCCCCCCCCCCCC(=O)OC[C@@H](COP(=O)([O-])O)N1CC[NH+](C)CC1,-2.456,30,-0.08186666666666667
[NH3+]CCN1CC[C@@H](C1)n2cnc(-c3ccc(I)cc3)c2N4CCC[C@H]4C=O,-2.455,27,-0.09092592592592592
Cc1noc(C)c1-c(cc2)cc(c23)c(nc(n3)[C@H](C)[C@H]4CNC(=O)C4)N5CCOC[C@@H]5c6ccccc6,-2.455,37,-0.06635135135135135
N#Cc1ccc(cc1Cl)C[C@@]2(O)CC[N@@H+](CC2)Cc3ccc(cc3Cl)-c4ncon4,-2.454,30,-0.08180000000000001
CCc1ccc([nH+]c1)CCc2ccc(N)[nH+]c2,-2.454,17,-0.1443529411764706
o1nc(C)c(c12)cc(c([O-])c2)-c3ccc(B(O)O)cc3,-2.453,20,-0.12265
CC(C)(C)OC(=O)NCCC[NH2+]c1cccc(c1)Cn2ccc(O)c(C(=O)[O-])c2=O,-2.452,30,-0.08173333333333334
CCc1c(C)nc(N)nc1CCn(c([nH+]2)C3CCOCC3)c(c24)cc(cc4)-c5cc(C)c(=O)n(C)c5,-2.451,36,-0.06808333333333333
CC(C)CCNS(=O)(=O)c1ccc(cc1)-c(c[nH+]2)n(c23)CCC3,-2.451,23,-0.10656521739130435
O=c1[nH]c(=O)n(cc1C)C2CCN(CC2)c(n3)[nH]c(c34)cc(cc4C)N5CCOCC5,-2.45,31,-0.07903225806451614
CN1CCN(CC1)c(c2)[n-]c3c(ccc(c3c24)n(C)c4O)OCc(c5)oc(c56)cccc6,-2.449,32,-0.07653125
c1c[nH]c(c12)c(=O)n(C)cc2N3CC[NH+](CC3)C4COC4,-2.449,21,-0.11661904761904761
FC(F)(C1)[C@@H](O)c(c12)c(S(=O)(=O)C(F)F)ccc2-c3cccc(Cl)c3Cl,-2.449,26,-0.09419230769230769
CC[C@@H]([C@H](C)O)[NH+]1CCN(CC1)c2cc([nH+]c(n2)N)NC3CC3,-2.449,23,-0.10647826086956522
FC(F)(F)CCNS(=O)(=O)c1ccc(cc1)N2CCN(CC2)Cc3ccccc3,-2.449,29,-0.08444827586206896
[nH+]1cn(C)c(c12)cccc2-c(cc3)cc(c34)nccc4,-2.449,20,-0.12244999999999999
COc1ccc(cc1)Cn(nn2)c(c23)[C@@](C)(O)CC[C@H]3NCc4ccc(cc4)-c5scnc5C,-2.449,34,-0.07202941176470588
c1cccc(c12)c(on2)C(=O)c3c(Cl)c(Cl)nc(c3Cl)C([O-])=C4C(=O)CCCC4=O,-2.448,30,-0.08159999999999999
Cc1noc(c12)nc(C)nc2N3CCN(CC3)C4COC4,-2.448,21,-0.11657142857142858
CC(C)C[C@H]([NH3+])/C([O-])=C/C(=O)Nc1nc(cs1)-c2ccccn2,-2.448,23,-0.10643478260869565
Cn1cc(cn1)-c2cnc(N)c(c2)-c3ccc(C#N)n3C,-2.448,21,-0.11657142857142858
COC1=C(OC)C(=O)C(=C(C)C1=O)C/C=C(/C)CCCc2[nH+]cc[nH]2,-2.446,25,-0.09784000000000001
O=c1n(C)cc(cc1C)-c(cc2)cc(c23)n(c(n3)C4CCOCC4)NC5CCCCCC5,-2.446,32,-0.0764375
O=c1n(C)cc(cc1C)-c(n2)n(c(c23)cccc3)-n(cn4)c(c45)nc[nH]c5=O,-2.446,28,-0.08735714285714287
C1CC1Nc(c2CC)nc(N)[nH+]c2-c(cc3)cc(c34)N(C5CC5)[C@@H](C)C(=O)N4C,-2.445,29,-0.0843103448275862
C[NH+](C)CCN1CC[NH+](CC1)Cc2ccc(cc2Cl)-c3ncon3,-2.444,24,-0.10183333333333333
O=C(N=1)N=c(c12)cc(cc2)-c3c(Cl)cccc3C(=O)c(cn4)cc(c45)cccc5,-2.444,29,-0.08427586206896552
CCCCCCCCCCCC(=O)C(=O)C(O)(C(F)(F)F)C(F)(F)F,-2.443,25,-0.09772
C1COCCN1c(c2)cc(C)c(c23)[nH]c(n3)-c4ccc(C(F)(F)F)cc4[N+](=O)[O-],-2.443,29,-0.08424137931034482
COc1cc(OC)cc(c12)nc([nH]c2=O)-c3ccccc3C(C)(C)C,-2.443,25,-0.09772
CC(C)CCNS(=O)(=O)c1ccc(cc1)-c2csc(n2)CC(=O)N3CC[NH+](C)CC3,-2.441,30,-0.08136666666666666
CCN(C(=O)C1)c(c12)ccc(c2)NC(=O)c3ccc(cc3)-c4ccoc4,-2.44,26,-0.09384615384615384
C1C[NH+](C)CCN1c2nc(N)[nH+]c(c2CC)-c3ccccc3OCCCC(=O)[O-],-2.44,29,-0.08413793103448276
Cc1cccc(C)c1-c(c2)c(C(=O)N)cc(c23)nccc3O[C@@H]4CCC[NH2+]C4,-2.44,28,-0.08714285714285715
C[NH+](C)CCN1CCC(CC1)c2cccc(c2)[N-]S(=O)(=O)c3cccs3,-2.438,26,-0.09376923076923077
FC(F)(F)CS(=O)(=O)c(n1)n(c(c12)cccc2)CC3CCOCC3,-2.438,24,-0.10158333333333334
O=C1CC=CN1Cc2cc(on2)CCCCCOc3c(Cl)cc(cc3Cl)C4=NCCO4,-2.437,31,-0.07861290322580644
O=C([O-])/C([O-])=C/C(=O)C(=O)c1ccc(Cl)cc1,-2.437,17,-0.14335294117647057
COc(nn1)n(c12)nc(cc2)N3CCC(CC3)c4ccc(cc4)-c5cnn(C)c5,-2.437,29,-0.08403448275862069
C1=CN(C)C(=O)[C@H](C)c(c12)ccc(c2)OCCCCCc3cc([nH+]c(n3)N)NC4CC4,-2.437,31,-0.07861290322580644
OCc1ccc(F)c(c1)-c2c(F)cc(cc2F)CCc3cnc[nH]3,-2.436,24,-0.10149999999999999
C[NH+](C)c1ccc(cc1)C2(CCCC2)CNc3cccc(c3)CCCNC(=O)CC(=O)C(=O)[O-],-2.435,34,-0.07161764705882354
C1CC1Nc([nH+]c2N)cc(n2)C(=O)CC(=O)C(=O)[O-],-2.433,19,-0.12805263157894736
C1CCC(=O)C(=C1O)C(=O)c2nc(Cl)c(Cl)c(c2Cl)NCCc3cccs3,-2.433,27,-0.0901111111111111
CCc(c1)nc(C)c(c12)c(c(c([n-]2)=O)C#N)-c3ccc(cc3)-n4cc(C)c(=O)[nH]c4=O,-2.433,31,-0.07848387096774193
CN(C)CCOc1ccc(Cl)cc1-c2noc(n2)C3CCN(CC3)C(=O)Cc4ccccc4,-2.433,33,-0.07372727272727272
CS(=O)(=O)Oc1ccc(cc1)CCCc2cccc[nH+]2,-2.433,20,-0.12165
o1cccc1CN[C@H](C)c2ccc(cc2)-c3cc(F)cnc3Cl,-2.432,23,-0.1057391304347826
C1CC[C@@H]([N@@H+]12)CN(CC2)n3ncc(Cl)c3C(=O)Nc(cc4)cc(c45)[nH]c(n5)-c6ccccc6,-2.432,33,-0.07369696969696969
O=C1CCCc(c12)n(c(c2)CC)C(=O)C(=C(C)N3)[C@@H](c4ccc(C)cc4)c(c35)c(=O)[n-]c(=O)n5CC,-2.431,36,-0.06752777777777778
CCS(=O)(=O)[N-]c1cccc(c1)-c2csc(=O)[nH]2,-2.43,18,-0.135
CCc(c1)nc(C)c(c12)c(c(c([n-]2)=O)C#N)-c3ccc(cc3)-c4ccc(nn4)OC,-2.429,30,-0.08096666666666666
c1cc(Cl)ccc1Cn(c(n2)-c(cnc3)c(c34)cccc4)c(c25)c(nc(n5)C(=O)[O-])N[C@H](C)C6CC6,-2.427,36,-0.06741666666666667
Cc1nn(C)c(Cl)c1S(=O)(=O)c2cn(C)c(n2)CCc(cc3)c(C)n(c34)c(C)c(n4)C,-2.427,31,-0.07829032258064517
C/C=C/CCCCCCCC(=O)O[C@H](COP(=O)([O-])[O-])/C=C(\N1)CSc(c12)cccc2,-2.425,31,-0.0782258064516129
C[NH+](C)CC[N@H+]1CC[C@@H](CC1)CC#C[Si](C)(C)C,-2.424,18,-0.13466666666666666
c1cnccc1NC(=O)[C@H](C(C)C)/[NH+]=c(\cc2O)oc(c23)c(ccc3)-c(cc4)cc(c45)OCCO5,-2.424,35,-0.06925714285714285
COC(=O)c1ccc(c(Cl)c1)C[N@H+](CC2)CC[C@@]2(O)Cc3cc([nH+]c(n3)N)N4CCCCC4,-2.423,33,-0.07342424242424242
CCCNC(=O)c1c(cnn1C)C(=O)O[C@H](CC[C@@]2(C)O)c(c23)nnn3Cc4ccc(OC)cc4,-2.423,35,-0.06922857142857143
O=C1NC(=O)[C@@H](S1)Cc(cc2)cc(c23)ccc(c3)-c(cs4)c(c45)oc(cc5O)=[N+]6CCOCC6,-2.423,34,-0.07126470588235294
CN(C)CC[N@@H+]1CC[C@H](C1)n2cnc(-c3ccc(C(F)(F)F)cc3)c2-n(cc4)c(=O)n(c45)ccn5,-2.423,35,-0.06922857142857143
O=C([O-])c1ccc(cc1)CN2CCC2,-2.422,14,-0.17300000000000001
n1nc(C)n2nc(c(c3c12)cccc3)-c4ccc(N5CCOCC5)c(c4)-c6[nH]ncc6-c7ccncc7,-2.422,37,-0.06545945945945947
O=C([O-])C(C)(C)[NH2+][O-],-2.421,8,-0.302625
O=C1[N-]C(=O)[C@@H](S1)Cc2ccc(cc2)Nc(cc3)cc(c34)nc([nH]4)-c5ccccc5,-2.421,30,-0.0807
CC[C@@H]([C@H](C)O)n1ncc(c1O)C(=O)c2ccc(S(=O)(=O)C)c(c2C)-c3ccc(OC)cc3,-2.42,33,-0.07333333333333333
Fc1cc(F)ccc1Oc(ncc2CS(=O)(=O)CC)c(c2)CCN3CCN(C)CC3,-2.42,30,-0.08066666666666666
OCC[NH2+]CCC(=O)c(cnn1C)c1C(=O)Nc(cc2)cc(n23)[nH+]c(c3)-c4ccccc4,-2.42,32,-0.075625
c1ccccc1-c2ccc(cc2Cl)C[NH2+]CCC[NH2+]NCc3ccccc3,-2.418,27,-0.08955555555555555
Cc1noc(C)c1-c2ccc(cc2Cl)CNCCCC[NH3+],-2.418,21,-0.11514285714285714
C[NH+]1CCN(CC1)c(cc2)cc(c23)n(Cc4ccccc4)c([nH+]3)Nc5cc[nH+]cc5,-2.416,30,-0.08053333333333333
COc1ccc(cc1)-c2c(S(=O)(=O)C)ccc(c2C)C(=O)c3cnn(C(C)C)c3O,-2.416,30,-0.08053333333333333
Cc1cc(C)c(c(C)c1)S(=O)(=O)c(nc(n2)C)c(c23)c(no3)C,-2.416,23,-0.10504347826086956
CNCc1ccccc1-c2cc(ccc2C)-c(nn(c34)c(nn4)C)cc3NC(=O)CCNC(=O)C,-2.415,35,-0.069
CCc(c1)nc(C)c(c12)c(c(c([n-]2)=O)C#N)-c3ccc(cc3)NS(=O)(=O)C,-2.415,27,-0.08944444444444445
Cc1[nH+]n(C)c(C)c1[N-]S(=O)(=O)c2ccc(nc2)NCC[NH2+]Cc3ccc(C(=O)[O-])cc3,-2.414,32,-0.0754375
C1CCCCN1c(n2)cc([nH+]c2N)Nc3ccccc3F,-2.413,21,-0.1149047619047619
NC(=O)CCNCc1ccc(c(Cl)c1)C(=O)c2cnccc2C(F)(F)F,-2.413,26,-0.0928076923076923
o1cccc1-c(cc2)cc(c23)[C@@H](C[C@H](C)N3C(=O)C)NNC4CCN(CC4)c5ccccn5,-2.411,33,-0.07306060606060606
CCC(CC)c1c(C)nnn1C2CCN(CC2)CCN(C)C,-2.411,22,-0.10959090909090909
CCC(=O)c1c[nH]c(c1)C(=O)CC2CCN(CC2)Cc3ccc([N+](=O)[O-])cc3,-2.41,28,-0.08607142857142858
CC/C=C/CCc1cnc([nH]1)C2CCC2,-2.41,15,-0.16066666666666668
Cc(n1)sc(c12)ccc(c2)N(CC3)CCC34NC(=NC4=O)c5ccc(OC(F)(F)F)cc5,-2.409,32,-0.07528125
CC[C@@H](C(=O)[O-])Cc1ccc(cc1)C(=O)C(N)=[NH2+],-2.409,18,-0.13383333333333333
COCCCCCc1cccc[nH+]1,-2.409,13,-0.18530769230769228
n1ccccc1N(C)CCc(cc2)c(C(F)F)c(c23)[C@@H](O)C(F)(F)S3(=O)=O,-2.409,27,-0.08922222222222222
[NH3+][C@H]1CCC[N@H+](C1)C[C@H](O)CCCC(=O)[O-],-2.408,16,-0.1505
Cc1cc(N)nc(c1)CCCCCCCc2ccc(cc2)OC(C)(C)C(=O)[O-],-2.408,28,-0.086
Cc1cccc(C)c1N2CCC(CC2)c3nc(no3)-c4cccs4,-2.407,24,-0.10029166666666667
c1c[nH]nc1-c(cc2)cc(c23)[C@@H](C[C@H](C)N3C(=O)C)c4ccc(cc4Cl)CNCCc5[nH+]cc[nH]5,-2.407,35,-0.06877142857142857
O=C([O-])CCCCC[C@@H](c1cccc(Cl)c1)c2cccc[nH+]2,-2.406,22,-0.10936363636363637
CC(C)c(no1)c(c12)cc(cn2)C(=O)c(ccc3S(=O)(=O)C(F)F)c(c34)CC(F)(F)[C@H]4O,-2.406,32,-0.0751875
COc1cc(=O)n(C)nc1NCCC[NH2+]Cc2ccc(c(Cl)c2)-c3ccccc3,-2.404,29,-0.08289655172413793
O=C([O-])Cc1cccc(c1)-c2ccc(C(F)(F)F)cc2,-2.404,20,-0.1202
C1COCCN1c(n2)cc(nc2N)-c(cc3)cc(c34)n(CCOC(F)(F)F)c(n4)C5CCOCC5,-2.404,35,-0.06868571428571428
N#CCCN(C)c(c(c12)scc2)nc(n1)C(=O)N3CCC(CC3)c4nc(no4)-c5cccs5,-2.404,33,-0.07284848484848484
Cc1n[nH]c(C2CC2)c1NCC[NH+]3CCOCC3,-2.403,18,-0.1335
O=C([O-])CCSc([nH+]1)n(c(c12)cccc2)CCS(=O)(=O)c3c(F)cccc3F,-2.403,28,-0.08582142857142858
[nH+]1ccc(OC)c(c12)cc(cc2)C(C)(C)C(=O)[O-],-2.402,18,-0.13344444444444445
CC(C)OC(=O)C(=N1)CSc(c12)cccc2,-2.402,16,-0.150125
C[N@H+]1CC[C@@H]([C@H](O)C1)c(c([O-])cc2O)c(c23)oc(cc3=O)-c(ccn4)c(c45)[nH]cn5,-2.4,30,-0.08
Cc1cccc(n1)[C@@H]2N(CCc(c23)scc3)C(=O)CCCN(C)[C@H]4CCCC[NH2+]4,-2.4,29,-0.08275862068965517
C1CN(C)CCN1c2nc(N)nc(c2CC)Cc3[nH+]c(cn3C)-c4ccccc4,-2.399,29,-0.08272413793103449
O=c1ccc(cn1C)C(=O)c(cc2)c(C(F)F)c(c23)[C@@H]([O-])C(F)(F)S3(=O)=O,-2.399,27,-0.08885185185185185
Cc([nH+]1)c(C)n(c12)c(C)c(cc2)CCc3nc(cn3C)N4CC[NH+](C)CC4,-2.398,27,-0.08881481481481482
CC(C)OCC#Cc1ccc(cc1)S(=O)(=O)NCCC(F)(F)F,-2.397,23,-0.10421739130434782
CC/C=C/CC[NH+]1CCN(CC1)c2ccccc2OCCCC(=O)[O-],-2.397,25,-0.09587999999999999
O=C([O-])C(C)(C)Oc1ccc(cc1)CCn2ccnc2,-2.397,20,-0.11984999999999998
C1CC1Nc(n2)cc(nc2N)NCC3([NH3+])CCCCC3,-2.395,20,-0.11975
O=S(=O)Oc(cc1)ccc1C(=O)c2cc(c[n-]2)C(=O)c3c(Cl)cccc3Cl,-2.394,27,-0.08866666666666667
C=CCc1noc(=O)[nH]1,-2.394,9,-0.266
COc1cc(OC)c(cc1C)-c2[nH]nc(n2)-c3ccccc3,-2.394,22,-0.10881818181818183
CC1=NCS[C@@H]1c2ccc(cc2)CNc(cc[nH+]3)c(c34)nc([nH]4)N,-2.393,24,-0.09970833333333333
N#C\C=C\c(cc1C)cc(C)c1Nc2ccnc(n2)[C@H]3CCN(C3)S(=O)(=O)C,-2.393,28,-0.0854642857142857
CCc(c1)nc(C)c(c12)c(c(c([n-]2)=O)C#N)-c3ccc(cc3)NC(=O)c4ccc(=O)n(C)c4,-2.392,33,-0.07248484848484849
c1nccn(c12)c(NC(C)(C)C)c(n2)-c3ccc(cc3)-c4cnc[nH]4,-2.392,25,-0.09568
c1cc(Cl)ccc1C(c(c23)cc(OC)cc2)=N[C@H](c4n3c(nn4)C)[C@@H](C)C(=O)N5CC[NH2+]CC5,-2.39,34,-0.07029411764705883
Cn1cc(nn1)CCC(c2ccccc2)c3ccccc3,-2.39,21,-0.11380952380952382
CCN(C1=O)c2ccc(c(c2c13)ccc3)C(=O)c4cccc(c4)S(=O)(=O)N(CC5)Cc(c56)cccc6,-2.389,36,-0.0663611111111111
NCc1ccc(c(Cl)c1)C(=O)c2csc(n2)N3CC[N+](CC3)=C(N4)CSc(c45)cccc5,-2.388,32,-0.074625
c1cccc(c12)c(c[nH]2)C[C@H]([NH3+])C(=O)N[C@@H]3CC[N@H+](CC3)CCc4cnc[nH]4,-2.388,28,-0.08528571428571428
c1cccc(c12)c(c[nH]2)C[C@H](C(=O)[O-])c(nc3N)cc([nH+]3)N4CCN(CC4)C5COC5,-2.388,31,-0.07703225806451612
[NH3+]CCc1ccc(cc1)-c(cc2)cc(c23)ccc(c3)C[C@@H]4SC(=O)[N-]C4=O,-2.387,27,-0.0884074074074074
COC(=O)N(CC1)CCC12CN(C2)c3nc(N4CCC[C@H]4C=O)nc(c3C)-c5c(C)noc5C,-2.387,34,-0.07020588235294117
CC[C@H](C)[C@H](N)C(=O)NN1CC[N+](CC1)=C(N2)CSc(c23)cccc3,-2.387,25,-0.09548
Clc1ccccc1-c2[nH+]cc[nH]2,-2.387,12,-0.19891666666666666
CC(=O)N1[C@@H](C)C[C@@H](NC(=O)OC(C)C)c(c12)cc(cc2)-c(n3)c(C#N)c([O-])c(c34)cncc4,-2.385,34,-0.07014705882352941
c1ccccc1[C@H](N(C)C2=O)c(c23)cc(cc3)-c(ccc4)n(c45)nc(n5)N,-2.385,27,-0.08833333333333332
Cc1nnc(n12)c(NC)nc(c2)-c(n3)n(-c4c[nH]cn4)c(c35)cc(cc5)N6CCN(C)CC6,-2.384,33,-0.07224242424242423
C1CC1Nc(c2CC)nc(N)[nH+]c2-c3cc(F)cc(Br)c3,-2.383,21,-0.11347619047619048
C[C@@H]1C(=O)N(C)CC[N@H+]1[C@H](C)c2ccc(s2)-c3ccccc3CO,-2.382,24,-0.09925
O=C([O-])C(C)(C)c1ccc(cc1)C[C@@H]2SC(=O)NC2=O,-2.382,20,-0.11910000000000001
COc(c1)c(OC)cc(c12)c(nc([nH+]2)C)N[C@H](C)c3cccc(c3)N(CCO4)[C@@H]([C@H]45)CCC5,-2.382,33,-0.07218181818181818
CNc1cc[nH+]c(n1)CCCCCCCCc2cccc(OC)c2C(=O)OC,-2.382,28,-0.08507142857142858
COCCCN[NH2+]Cc1ccc(cc1)-c2c(C)noc2C,-2.38,21,-0.11333333333333333
CC[C@H](CO)Nc1cccc(c1)-c(cc2)cc(c23)[C@H](NC(=O)OC(C)C)C[C@H](C)N3C(=O)C,-2.379,33,-0.0720909090909091
COc1cccc(c1)CC(=[NH2+])Nn(cn2)c(c23)ncnc3[O-],-2.378,22,-0.1080909090909091
COc(cc1)cc(c12)nc([nH]2)CC[N@@H+]3CC[N+](CC3)=C(N4)CSc(c45)cccc5,-2.378,29,-0.082
O=P([O-])([O-])OP(=O)([O-])SC/C=C(\C)CCC[NH2+][C@H]1[C@@H]([C@@H]12)COC2,-2.377,23,-0.10334782608695652
Cc1onc(C)c1-c(c(c2)OC)cc(c23)[nH]c4c3c(ncc4)-c5cc([nH+]c(n5)N)NC6CC6,-2.377,33,-0.07203030303030303
O=C([O-])CCCCCc([nH+]c1N)cc(n1)N2CCCCC2,-2.376,21,-0.11314285714285714
Cc1cc(C)c(c(C)c1)Oc2nc(C)cc(c2C)-n3ccc(=O)[nH]c3=O,-2.376,26,-0.09138461538461538
CC1CCN(CC1)[NH+]2CCN(CC2)C(=O)[C@@H](c3ccc(Cl)cc3)c4cccnc4,-2.374,29,-0.08186206896551725
COc(nn1)ccc1-c(c2CC)[nH+]c(N)nc2N3CCN(C)CC3,-2.374,24,-0.09891666666666667
c1ccc(C)c(c12)[nH]c(n2)CC[NH2+]Cc3ccc(c(Cl)c3)-c4nnc([nH]4)-c5ccc(F)cc5,-2.373,33,-0.07190909090909092
O=c1n(C)cc(cc1C)-c(cc2)cc(c23)n(c([nH+]3)C4CCOCC4)CCc5cnc[nH]5,-2.373,31,-0.0765483870967742
OCCOCCCC[NH+]1CCOCC1,-2.373,14,-0.1695
n1nc(C)n(c12)c3c(cccc3)N(C[C@H]2C)c(n4)c(C#N)c([O-])c(c45)cncc5,-2.372,29,-0.08179310344827585
Cc1ccn(C)c(=O)c1-c2cnc(Cl)c(c2)-n(c(C)c3)c(c34)cc(cc4)CCCC[NH3+],-2.371,31,-0.07648387096774194
[H]/N=C(\N)C(=O)c1cccc(c1)S(=O)(=O)N(CC2)Cc(c23)cccc3,-2.371,24,-0.09879166666666667
CCCCC(=O)OC[C@H](CO)Cc1ccc[nH+]c1,-2.371,18,-0.1317222222222222
CC(O1)(C)C(=O)Nc(c12)cc(O)c(c2)N(CC3)CCC3(N)Cc4ccc(Cl)cc4,-2.369,29,-0.0816896551724138
n1nc(C)n(c12)nc(cc2)-c3cnn(C)c3S(=O)(=O)c4ccc(Cl)cc4,-2.368,26,-0.09107692307692307
c1sccc1-n(nc2C)c(C)c2/C=N/N3CC[NH+](CC3)Cc4ccccc4,-2.365,27,-0.0875925925925926
c1ccccc1C(=O)\C=C(\C)N[C@H](C(=O)[O-])Cc2ccc(cc2)-c3cccc(F)c3,-2.365,30,-0.07883333333333334
CCC(=O)c1c[nH]c(c1)C(=O)NCc2ccc(cc2C(F)(F)F)[N-]S(=O)(=O)C3CC3,-2.364,30,-0.0788
O=c([n-]1)[nH]c(=O)cc1C(=O)N(C[C@H]2C(=O)CC(C)(C)O)CCN2c3ccc(Cl)c(Cl)c3,-2.364,31,-0.07625806451612903
c1ccccc1C(\[O-])=C/C(=O)c(on2)c(c23)cccc3,-2.362,20,-0.11810000000000001
C1COCCN1c(c2)cc(C)c(c23)nc([nH]3)-c4ccc(cc4)-c(ccc5)c(c56)ncn6C,-2.362,32,-0.0738125
n1nc(C)n(c12)c3c(cccc3)C(c4ccccc4)=N[C@H]2[NH2+][C@@H](C(=O)[O-])Cc(c[nH]5)c(c56)cccc6,-2.362,36,-0.06561111111111112
Clc1cc(Cl)ccc1[C@H](C)[NH2+][C@@H](C(=O)[O-])Cc(c[nH]2)c(c23)cccc3,-2.362,25,-0.09448000000000001
CCCCC(=O)OC[C@H](CO)c1cn(C)c(n1)CCc(cc2)c(C)n(c23)c(C)c([nH+]3)C,-2.362,31,-0.07619354838709677
CC(C)Oc1ccc(cc1)-c(n2)c(N)c(C(=O)[N-]S(=O)(=O)C)c(c23)cc(F)cc3,-2.361,29,-0.08141379310344829
Cc1[nH]ncc1[C@H](CC2)c(c3n(c24)c(nn4)C)cc(cc3)-c5cnn(C)c5,-2.361,27,-0.08744444444444445
Cc1nn(C)c(Cl)c1S(=O)(=O)N2CCC[NH2+]CC2,-2.36,18,-0.1311111111111111
Cc1ccc(cc1)-c(n[nH+]c2C)c(c23)cc(nc3)N4CCOCC4,-2.36,24,-0.09833333333333333
[NH3+]CCNC(=O)COc1ccc(cc1)-c2ccccc2C(=O)c3ccccc3,-2.359,28,-0.08425
O[C@@H]1[C@H](O)CO[C@H]1c2ccc(cc2OCC)C(=O)N3CCC(CC3)N4CC[NH+](C)CC4,-2.358,31,-0.07606451612903226
COc1ccc(nn1)N2CCN(CC2)[NH+]3CCCC3,-2.358,19,-0.12410526315789475
O=C([O-])CC[C@@H](C)c(cc(Cl)c1)c(c12)O[C@H](C2)C(=O)N3CC[NH2+]CC3,-2.357,25,-0.09428
C1CC1Nc(c2CC)[nH+]c(N)nc2-c3ccc(cc3)C[C@@H]4SC(=O)[N-]C4=O,-2.357,27,-0.0872962962962963
CCn1c(=O)[nH]c(=O)c(c12)[C@H](c3ccc(C)cc3)C(=C(C)N2)C(=O)c4ccc(C(C)(C)C)cc4,-2.357,34,-0.06932352941176471
Cc1cc[nH+]c(c1)CCCCC[NH2+][C@H]([C@@H](O)C(=O)N2CCC2)C[C@@H]3CCCNC3=O,-2.357,30,-0.07856666666666667
Cc1onc(C)c1-c(ccc2C)cc2S(=O)(=O)CC[N@H+](C)[C@H]3CCCCN3,-2.356,27,-0.08725925925925926
C[C@H]1COC(=N1)c2ccc(c(Cl)c2)-c3ccc(F)c(F)c3F,-2.356,22,-0.10709090909090908
CN(C)[NH2+]CCCCNC(=O)COc(ccc1)c(c12)C(=O)N(C2=O)[C@H]3CCC(=O)NC3=O,-2.355,32,-0.07359375
COC1=C(OC)C(=O)C(=C(C)C1=O)C/C=C(/C)CCC[C@H]2CC[N@H+](C2)CCN,-2.355,28,-0.08410714285714285
CNc1cc(nc(n1)N)N2CCN(CC2)[N@H+](C3CC3)Cc4ccccc4OCCCCCC(=O)[O-],-2.355,35,-0.06728571428571428
Cc1c(=O)n(C)ncc1-c(ncc2C)nc2Nc3ccc(Cl)c(c3)[N-]S(=O)(=O)C(C)(C)C,-2.354,32,-0.0735625
Cc1cc(F)ccc1S(=O)(=O)C(=O)C([O-])(C(F)(F)F)C(F)(F)F,-2.354,23,-0.10234782608695653
C[NH+](C)C1CCN(CC1)c2ccc(cc2Cl)CNCCc3ccc[nH]3,-2.353,25,-0.09412000000000001
Cc1ccn(C)c(=O)c1-c2cnc(Cl)c(c2)-c3c(CC(C)C)nn(C)c3C,-2.353,27,-0.08714814814814816
CNc1cc([nH+]c(n1)N)-c2ccc(N)nc2,-2.352,16,-0.147
C1CSCCN1c2ccc(cc2F)-c3ccc(cc3)OCC4CC4,-2.351,24,-0.09795833333333333
CN(C)CC[N@H+]1CC[C@H](C1)Cc(c2)oc(c23)cccc3,-2.351,20,-0.11755
CC(=O)NCCCNCc1ccc(c(Cl)c1)[C@H](C)[C@H]2CC[C@H](C)CC2,-2.351,25,-0.09404
CC[C@H](C)[C@H]([NH3+])C(=O)C(=O)O[C@H](CC[C@]1(C)O)c(c12)nnn2Cc3ccc(OC)cc3,-2.351,31,-0.07583870967741936
Cc1noc(C)c1-c2ccc(cc2)-c(cc3)cc(c34)N(C5CC5)[C@@H](C)C(=O)N4C,-2.35,29,-0.0810344827586207
Cc1nc([N+](=O)[O-])cn1[C@@H]2CCN(C2)CC[NH+](C)C,-2.35,19,-0.1236842105263158
Cc1nnn(C)c1-c(c2)c(F)cc(c23)c4c(cc(c[nH+]4)C(C)(C)O)n3CCc5ncc[nH]5,-2.349,32,-0.07340625
CC(=O)N[C@H]1CC[N@H+](C1)C[C@@](C)(CC2)Oc(c23)c(C)c(C)c(O)c3C,-2.349,25,-0.09396
n1nc(C)n2nc(c(c3c12)cccc3)-c(cc4)cc(c45)C(C)(C)OC(=S)N5,-2.349,27,-0.08700000000000001
Cc1noc(C)c1-c(c2)cc([C@H]3C[C@@H](C#N)C3)c(c24)[nH]c([nH+]4)C5CC5,-2.349,25,-0.09396
COC(=O)N(CC1)CCC12CN(C2)c3nc(-c4cccn4C)nc(c3C)-c5c(C)noc5C,-2.349,33,-0.0711818181818182
C1CC1Nc(nc2N)cc([nH+]2)N3CCN(CC3)C(=O)c4ccccc4[N+](=O)[O-],-2.348,28,-0.08385714285714285
O=C1CCCc(c12)n(c(c2)CC)C[C@@]3(O)CC[N@@H+](CC3)Cc4ccc(cc4Cl)C(=O)OC,-2.348,32,-0.073375
COCCc1ccc(cc1)CN2CCCCC2,-2.347,17,-0.13805882352941176
[NH3+]CC[NH2+]Cc1ccccn1,-2.347,11,-0.21336363636363637
CCOC(=O)c1csc(n1)-c(cc2)cc(c23)c(OC)cc[nH+]3,-2.347,22,-0.10668181818181818
Cn1ncc(c1C)C(=O)c2c(Cl)cccc2OC(F)(F)F,-2.346,21,-0.11171428571428572
c1cccc(c12)c(OCC(=O)[O-])ccc2S(=O)(=O)Nc3cccc(c3)N4CC=CC4=O,-2.344,31,-0.07561290322580645
CC(=O)NCCCNCc1ccc(c(Cl)c1)-c(cn(C)c2=O)c(c23)oc(c3)-c4cnc[nH]4,-2.343,32,-0.07321875
n1cccc(c12)c(c(C)cc2)-c(c(c34)cn[nH]c4=O)ncc3-c5ccc(C[NH+](C)C)nc5C,-2.343,33,-0.071
Cc1n[nH]cc1[C@H](CC2)c(c3n(c24)c(nn4)C)cc(cc3)-c5cnn(C)c5,-2.343,27,-0.08677777777777777
COc1cc(OC)cc(c12)nc([n-]c2=O)-c(cn(C)c3=O)c(c34)O/C(C4)=c5\cnc([nH]5)=C6CCC6,-2.341,35,-0.06688571428571428
CC(C)Cc1nc(cs1)[N@H+]2CC[C@@H](CC2)c3nc(no3)-c4cccs4,-2.341,25,-0.09364
CC(C)(C)OC(=O)[C@H](CC)Cc([nH]n1)c(c12)cccn2,-2.34,20,-0.11699999999999999
C/C=C/Cc(c1)[n-]c2c(ccc(c2c13)n(c3[O-])C)NS(=O)(=O)c4ccccc4OC,-2.338,30,-0.07793333333333334
COc1ccc(cc1)S(=O)(=O)N2CCC[C@@H]2CO,-2.338,18,-0.1298888888888889
c1cccc(c12)c(ccn2)N(C3=O)C(=O)N([C@H]34)CC[C@H]4O,-2.337,21,-0.1112857142857143
Cc1noc(C)c1-c(cc2)cc(c23)c(nc([nH+]3)N[C@H](C)c4ncn[nH]4)N5CCOC[C@@H]5c6ccccc6,-2.336,37,-0.06313513513513513
[nH]1nccc1Nc(c(C#N)c2)cc(n23)nc(c3)-c4ccccc4,-2.336,23,-0.10156521739130434
C[C@@H]1C(=O)N(C)CCN1c(oc2C)[nH+]c2CC[C@H](O)c3ccc(cc3)C[C@@H]4SC(=O)NC4=O,-2.335,33,-0.07075757575757576
C[N@H+]1CC[C@@H](CC1)NNc2cc(Cl)cc(Cl)c2,-2.335,17,-0.1373529411764706
C[NH+](C)CCCc1ccc(cc1Cl)C[NH2+]CCc2cnc[nH]2,-2.335,22,-0.10613636363636364
COCCCCc1ccc(cc1)OC(C)(C)C(=O)[O-],-2.335,19,-0.12289473684210526
O=C1[N-]C(=O)[C@@H](S1)Cc(c(c23)scc3)ccc2-c4ccsc4,-2.332,22,-0.106
CN(C)c1ccc(cc1)N(S(=O)(=O)C(C)(C)C)Cc2cc(Cl)cs2,-2.332,24,-0.09716666666666667
c1cccc(c12)c(c[nH]2)C[C@H](N)C(=O)c3ccc(cc3Cl)C[NH2+]CCc(n4)[nH]c(c45)cccc5,-2.332,34,-0.06858823529411764
CC[N@H+]1CC[C@@H](CC1)c(cc2)cc(c23)c(ccn3)OC,-2.332,20,-0.1166
C1CC1[C@@H](C)Nc(nc(n2)C(=O)[O-])c(c23)n(-c(c4)cccc4C)c(n3)-c(cc5)cc(c56)ccs6,-2.331,34,-0.06855882352941177
C[NH+](C)CCN(CC1)CCC1n(nnc2C)c2N3CCS[C@@H](CC3)c4cccs4,-2.331,29,-0.08037931034482758
CCCNC(=O)c1c(cnn1C)C(=O)N2CCN(CC2)C(c3ccccc3)c4ccccc4,-2.33,33,-0.0706060606060606
O=C1CCCc(c12)n(c(c2)CC)-c(c3)ccc(O4)c3C(=O)C[C@@]45CC[N@H+](C(C)C)CC5,-2.33,31,-0.07516129032258065
C[NH2+]Cc1ccc(cc1)-c(cc2)cc(c23)[C@@H](C[C@H](C)N3C(=O)C)NC(=O)N[C@H](C)c4nc[nH]n4,-2.328,34,-0.06847058823529412
CCc1c(C)nc(N)nc1-c(c(c23)[nH]c([nH+]3)C4CC4)cc(c2)-c5c(C)noc5C,-2.328,29,-0.08027586206896552
CCON(C1=O)c(ccc(Br)c2)c2C13CCN(CC3)S(=O)(=O)c4ccccc4Cl,-2.328,29,-0.08027586206896552
Fc1cc(F)ccc1Oc(ccc2[N-]S(=O)(=O)CC)c(c2)-c3cc(c[nH+]c3N)-c4cnn(C)c4,-2.327,34,-0.06844117647058823
Fc1ccc(cc1)-c2[nH+]cn(c2NC3CC3)C4CC[NH2+]CC4,-2.326,22,-0.10572727272727273
CC(C)Cc(nn1C)c(c1C)Nc2nc(ncc2Cl)Nc3ccc(cc3)N4CCN(C)CC4,-2.326,33,-0.07048484848484848
Cc1[nH+]n(C)c(C)c1NNC2CCOCC2,-2.325,16,-0.1453125
Cc1nnn(C)c1-c(cc2)cc(c23)[nH+]c(N)cc3C,-2.325,19,-0.12236842105263158
O=c1n(C)cc(cc1C)-c(n2)n(c(c23)ccc(Br)c3)-c4cc(Cl)c[nH]c4=O,-2.324,27,-0.08607407407407407
c1cc[nH+]c(c12)cc(NCCOC)cc2-c3c(C)noc3C,-2.324,22,-0.10563636363636363
CC(=O)N1CCC(CC1)C[NH2+]N[C@H](C)c2ccc(Br)cc2,-2.323,21,-0.11061904761904762
C1CC1Nc(c2CC)[nH+]c(N)nc2N[C@H](CCC3)c(c34)cnn4-c5ccccc5F,-2.323,30,-0.07743333333333333
C1C[NH2+]CCC1n(nnc2C)c2-c3ccc(c(c3)CN)OCc4cccnc4,-2.323,28,-0.08296428571428571
COc1cc(cc(c1)OC)NC(=O)OC(C)C,-2.322,17,-0.13658823529411765
C1C[NH2+]CCC1n(nnc2C)c2-c(c3)c(C(=O)N)cc(c34)[nH+]ccc4O[C@@H]5CCC[NH2+]C5,-2.322,32,-0.0725625
C1C[NH+](C)CCN1c2nc(N)[nH+]c(c2CC)Cc3[nH+]c(cn3C)-c4ccccc4,-2.321,29,-0.0800344827586207
CS(=O)(=O)N1CC[C@@H](C1)c2ccc(cc2Cl)CNCCc3ncc[nH]3,-2.32,25,-0.0928
C[Si](C)(C)C#CCn(c([nH+]1)SCCC(=O)[O-])c(c12)cccc2,-2.32,22,-0.10545454545454545
CN1CCN(CC1)c(cc2)cc(c23)n(Cc4ccccc4)c(n3)Nc5ccncc5,-2.319,30,-0.0773
Cc1cccc(c1C)Oc2nccc(n2)-n3cc([O-])cn3,-2.319,21,-0.11042857142857143
O=c1n(C)cc(cc1C)-c(cc2)cc(c23)n(c(n3)C4CCOCC4)CC[C@@H]5CCN(C5)CC[NH+](C)C,-2.319,36,-0.06441666666666666
C1COCCN1c(c2)cc(C)c(c23)[nH]c(n3)-c4c(=O)[nH]ccc4[C@H]5CC[C@H](O)CC5,-2.318,30,-0.07726666666666666
O1CCc(c12)c(c(F)cc2)CN3CCOC[C@@H]3c4ccccc4,-2.318,23,-0.10078260869565217
O=P([O-])(O)OP(=O)([O-])SCCc1ccoc1,-2.318,16,-0.144875
NC(=O)c1ncc(cn1)N[C@H](Cc(c[nH]2)c(c23)cccc3)C(=O)Nc4ccncc4,-2.317,30,-0.07723333333333333
Cc1cccc(c1C)-c2ccc(C(F)(F)F)cc2[N+](=O)[O-],-2.316,21,-0.11028571428571428
COc(cc1)cc(c12)c(CCNC(=O)C)c([nH]2)-c3ccc(c(F)c3)NC(=O)c4ccsc4C(=O)[O-],-2.315,35,-0.06614285714285714
O=C([O-])c1c(=O)ccn(c1O)N[C@H]2CC[C@H](O)CC2,-2.315,19,-0.12184210526315789
c1cccc(c12)c[nH+]cc2Cc3ccsc3,-2.315,16,-0.1446875
FC(F)(F)C(=O)N[C@@H](C(C)(C)C)C(=O)N(C1)[C@@H]([C@H]([C@H]12)C2(C)C)C(=O)Nc3ccncc3,-2.314,31,-0.07464516129032259
CC(=O)NCCCNCc1ccc(c(Cl)c1)Nc2cc[nH+]cc2,-2.313,23,-0.10056521739130435
C1CC1Nc([nH+]c2N)cc(n2)N3CCN(CC3)C(=O)c4ccccc4[N+](=O)[O-],-2.313,28,-0.08260714285714287
CCCNC(=O)[C@H]1O[C@H]([C@H](O)[C@@H]1O)[C@H]2CCC[N@H+](C2)Cc3cccc(c3)Oc4ccccc4,-2.313,33,-0.07009090909090909
C[NH+](C)CC[N@@H+](CC1)CC[C@H]1n(nnc2C)c2-c3cccc(n3)Nc4ccc(F)cc4F,-2.312,32,-0.07225
Cc1cc(N)nc(c1)CCCCCc2n[nH]c(n2)-c3ccc(F)cc3,-2.312,25,-0.09247999999999999
CC[C@H](C)[C@H]([NH3+])C(=O)Nc(cc1)nn(c12)c(C)c(n2)C,-2.31,20,-0.1155
CCC(CC)C(=O)N[C@H](C[C@H](C)N1C(=O)C)c(c12)cc(cc2)-c3ccco3,-2.31,27,-0.08555555555555555
O=[N+]([O-])c1cc(S(=O)(=O)C(F)F)ccc1-c(n2)n(c(c23)cccc3)CC4CCOCC4,-2.31,31,-0.07451612903225807
NC(=O)c1ncc(cn1)-c(cc2)cc(c23)N(C[C@H](C4CC4)N3C[C@H]5CCCO5)Cc6ccccc6CO,-2.31,37,-0.06243243243243243
CCC(CC)Nc1cc(C)nc(c1C)-c2csc(=O)[nH]2,-2.309,20,-0.11545000000000001
C1CN(C)CCN1c2nc(N)[nH+]c(c2CC)Cc3nc(cn3C)-c4ccccc4,-2.309,29,-0.07962068965517242
Cc1nc(CN(C)C)ccc1-c2ccc(cc2C[NH3+])-c(cc3)cc(c34)[nH+]c(N)cc4C,-2.308,31,-0.0744516129032258
C1COCCN1c(o2)cc(=O)c(c23)scc3-c4cccc(c4F)-c(ccn5)c(c56)nc[nH]6,-2.305,32,-0.07203125
CC(=O)N[C@H]1CCN(C1)[C@H]2CCN(C2)S(=O)(=O)C,-2.305,18,-0.12805555555555556
O=C([O-])CNS(=O)(=O)c1c(C)cc(cc1C)Nc(cc2)cc(c23)N(C4CC4)[C@H](C)C(=O)N3C,-2.304,33,-0.06981818181818181
COc1ccc(nn1)N2CC[NH+](CC2)[C@H](C)CC/C=C(/C)CCC=C(C)C,-2.302,27,-0.08525925925925926
CN1C(=O)[C@@H](C)N(C2CC2)c(c13)cc(cc3)-c4cc([nH+]c(n4)N)N5CCN(CC5)C6COC6,-2.301,33,-0.06972727272727273
C[N+](C)(C)C1CCN(CC1)c2ccc(C(=O)[O-])cc2,-2.3,19,-0.12105263157894736
CC(=O)N1[C@@H](C2CC2)CN(c(c13)cccc3)NC4CCN(CC4)Cc(c[nH]5)c(c56)cc(C)cc6,-2.3,34,-0.06764705882352941
C[C@H]([NH3+])[C@@H]([O-])C(=O)c(cnc1)c(c12)cccc2,-2.299,17,-0.13523529411764706
CCc1c(C(CC)CC)nc(N)nc1N2CCCCC2,-2.299,20,-0.11495
CCc1c(C)nc(N)nc1-c2c(C)c(nn2CCCCCO)C(=O)NC34C[C@H]5C[C@@H](C4)C[C@H](C5)C3,-2.299,35,-0.06568571428571428
CNCc1ccccc1-n(c(N)[nH+]2)c(c23)cccc3,-2.298,19,-0.12094736842105264
s1cccc1[C@H](CC2)SCCN2C(=O)CCCCCc3cccc[nH+]3,-2.298,25,-0.09192
Cc1cc(OC)cc(c12)c(c3c(n2)[nH]nc3C)Cc(ccn4)c(c45)[nH]c(n5)N,-2.297,28,-0.0820357142857143
CC(C)Cc1nc(cs1)-c2ccc(cc2Cl)CNCCCNS(=O)(=O)C,-2.297,26,-0.08834615384615385
C1C[C@@H](C)CC[C@@H]1[C@@H](C)[NH2+]CCNC(=O)NC2CCN(CC2)c3cccc[nH+]3,-2.297,28,-0.0820357142857143
Clc1ccc(cc1Cl)N2CCN(CC2)N3CCC(CC3)c4nc(no4)-c5cccs5,-2.296,30,-0.07653333333333333
O=C(N1)C(C)(C)c(c12)cc(cc2F)-c3ccc(cc3Cl)CNCCc4c[nH+]c[nH]4,-2.295,29,-0.07913793103448276
CCCCCCCCCCCCn1ccc(O)c(C(=O)[O-])c1=O,-2.295,23,-0.09978260869565217
c1nccn(c12)c(NC(C)(C)C)c(n2)-c3ccc(cc3)-c4c[nH]cn4,-2.295,25,-0.09179999999999999
Cn1cc(cn1)-c2cnc(N)c(c2)-c3cc(F)c(c(F)c3)-c4cc(CO)ccc4F,-2.295,30,-0.0765
Fc1ccc(cc1)-c2ncn(C3CC[NH2+]CC3)c2Cc4ccccc4F,-2.295,26,-0.08826923076923077
Cc1nc([N+](=O)[O-])cn1-c2ccc([O-])c(O)c2,-2.295,17,-0.135
c1cccc(c12)c(c[nH]2)C[C@@H]([NH2+][C@@H](C)COC)C(=O)Nc3ccncc3,-2.294,26,-0.08823076923076924
O=C([O-])C[NH2+][C@H](C)c1ncn[nH]1,-2.294,12,-0.19116666666666668
OCCS(=O)(=O)c1ccc(cc1)N[C@@H](Cn2cc[nH+]c2)c3ccccc3,-2.294,26,-0.08823076923076924
OC[C@H]1O[C@H]([C@H](O)[C@@H]1O)[N@@H+]2CC[N+](CC2)=C(N3)CSc(c34)cccc4,-2.293,25,-0.09172000000000001
[nH+]1ccccc1CNNC2CCCC2,-2.292,14,-0.1637142857142857
C[C@H](O)c1ccc([nH+]c1)CCC/C=C/[C@@H](O)CCCCCCCC(=O)[O-],-2.292,26,-0.08815384615384615
Cc1cccc(c12)n(c([nH+]2)CCC)[C@H]3CC[N@H+](C3)CC[NH3+],-2.292,21,-0.10914285714285714
CC(C)(C)c(n[nH]1)cc1N(C(=O)CC)[C@H](c2cccnc2)C(=O)n3cc([N+](=O)[O-])nc3C,-2.292,32,-0.071625
C1CCC1=C(N2)N=C[C@H]2n(c(n3)C(=O)OCC)c(=O)c(c34)c(C)c(cc4)C([O-])=C5C(=O)CCCC5=O,-2.292,36,-0.06366666666666666
CC(C)C(C(C)C)[NH2+]CCC[NH+]1CCOCC1,-2.291,17,-0.13476470588235293
CSc1ccc(cc1)C(=O)Nc2nc(cs2)-c3cccc(c3)N4CCCC4=O,-2.291,28,-0.08182142857142857
O=C([O-])[C@@H](C)CCOc1ccc(cc1)C[C@@H]2SC(=O)[N-]C2=O,-2.29,22,-0.1040909090909091
Cc1cc(N)nc(c1)CCCCCc2ccccn2,-2.29,19,-0.12052631578947369
CCn(cn1)c(c12)c(=O)[nH]c(=O)n2N3CCN(CC3)c4ccc(Cl)c(C(F)(F)F)c4,-2.29,30,-0.07633333333333334
c1cccc(c12)n(c(n2)N)N3CCC(CC3)c4nc(no4)-c5cccs5,-2.289,26,-0.08803846153846154
O=C1NC(=O)[C@H](S1)Cc2ccc(cc2)-c3cccc(c3)[N-]S(=O)(=O)c4ccc(F)c(Cl)c4,-2.288,32,-0.0715
c1ccccc1[C@H](C)c2c[nH+]n(c2)CC(C)(C)O,-2.288,18,-0.1271111111111111
FC(F)(C1)[C@@H](O)c(c12)c(S(=O)(=O)C)ccc2-n(c(N)[nH+]3)c(c34)cccc4,-2.286,26,-0.08792307692307692
C1COCC[NH+]1[C@@H](C)Cc2noc(n2)C3CCN(CC3)C(=O)Cc4ccccc4,-2.285,29,-0.07879310344827586
n1csc(c12)cc(cc2)S(=O)(=O)[C@H](C)c3cccc(c3)-c4cn[nH]c4,-2.285,25,-0.09140000000000001
COc1ccc(Br)cc1S(=O)(=O)c(ccn2)c(c23)[n-]cn3,-2.285,21,-0.10880952380952381
CC[N@H+]1CC[C@@H](CC1)N(C)c(nc(c23)ccs3)nc2-c4ccc(Cl)cc4,-2.285,26,-0.0878846153846154
O=C([O-])Cc1cccc(c1)-c2noc(-c3ccccc3)c2C(=O)S(=O)(=O)c4ccc(Cl)cc4,-2.285,33,-0.06924242424242424
COc1ccc(cc1)-c2c(S(=O)(=O)C)ccc(c2C)C(=O)c3cnn(c3[O-])C(C)C,-2.284,30,-0.07613333333333333
CNC(=O)c1cccc(c1)S(=O)(=O)N2CCN(CC2)c3ccccc3OCCO,-2.284,29,-0.07875862068965517
CNCc1ccccc1-c2csc(c2)[C@@H](C)c3ccc(cc3)OCC(=O)NCC[NH3+],-2.283,30,-0.0761
COC(=O)CC(=O)NCCC[NH2+]Cc1ccc(c(Cl)c1)-c2ccc(C(=O)[O-])cc2,-2.283,29,-0.07872413793103449
Cc1ccc(cc1C)-c2ccc(S(=O)(=O)C(F)(F)F)cc2[N+](=O)[O-],-2.283,24,-0.095125
CCCn(c1=O)c(=O)n(CCC)c(c12)nc([nH]2)-c3ccc(cc3)N4CCN(CC4)Cc5ccccc5,-2.282,36,-0.06338888888888888
O=C([O-])Cc1coc(c12)cc(cc2)-c(cc3CN)ccc3OCc4cccnc4,-2.282,29,-0.07868965517241379
C1CC1c([nH+]2)cccc2[C@H](CC)C[C@](O)(Cn3cncn3)c4ccc(F)cc4F,-2.281,29,-0.0786551724137931
O=C(N1)C(C)(C)Oc(c12)cc(c(c2)OC)Nc3cccc(C(=O)[O-])c3,-2.281,25,-0.09124
CCCCCCCCCCCCC(=O)OC[C@@H](COP(=O)([O-])O)[NH+]1CCN(C)CC1,-2.281,30,-0.07603333333333334
Cn1ccc(n1)CCCNCc2ccc(c(Cl)c2)-c3ccccc3,-2.28,24,-0.09499999999999999
CC(C)(C)c(n[nH]1)cc1N(C(=O)CC)[C@H](c2cccnc2)C(=O)Cc3ccc(O)cc3,-2.28,31,-0.07354838709677419
Cc1nn(C)c(C)c1CN2CCN(C)CC2,-2.28,16,-0.1425
CC[C@H](C)[C@H]([NH3+])C(=O)NNCC(=CC1=O)N=C([N+]1=2)C=C(N2)C3CCOCC3,-2.279,27,-0.0844074074074074
C[C@H]1C[C@@H](C)CN(C1)c2ccc(C(=O)NC3=[NH+]NCS3)cc2Oc4ccccc4,-2.278,29,-0.07855172413793103
CCc1c(C)nc(N)nc1N[C@@H](Cn2cc[nH+]c2)c3ccccc3,-2.278,24,-0.09491666666666666
Cc1ccc(cc1)[C@H](C)c2c(cnn2C)-c(cc3)nn(c34)c(nn4)C,-2.277,25,-0.09108000000000001
Cc1nn(C)c(O)c1C(=O)c(cc2)c(C)c(c23)c(=O)n(c(=O)n3C)NCCC(F)(F)F,-2.277,31,-0.07345161290322581
Cc1cccc(c1)N2CCN(CC2)[N@H+]3CCCNC[C@@H]3C,-2.276,21,-0.10838095238095237
COC(=O)c1ccc(c(F)c1)[C@@H]2CC[N@@H+](C)CC2,-2.276,18,-0.12644444444444444
c1cccc(c12)cccc2NN(CC3)C[C@H]([N@H+]34)CCC4,-2.275,20,-0.11374999999999999
N#Cc1cccc(c12)n(c(n2)C)-c3[nH]ncc3-c4ccncc4,-2.273,23,-0.09882608695652174
c1cc(Cl)ccc1C2=N[C@H](c(nnc3C)n3c(c24)cc(OC)cc4)[C@@H](C)C(=O)OC[C@H]5CCCO5,-2.273,35,-0.06494285714285715
N#C\C=C\c(cc1C)cc(C)c1-c2cccc(c2)C(=O)N(C)C,-2.272,23,-0.09878260869565217
CS(=O)(=O)NCCCNCc1ccc(c(Cl)c1)-c2ccc(C#N)c(Cl)c2,-2.272,26,-0.08738461538461538
C[N@H+]1CC[C@@H](CC1)Nc2ccc(cc2)CNC(=O)CCC3CCN(CC3)c4ccc(C#N)cc4,-2.271,34,-0.06679411764705882
C1CCCC1(CC(=O)[O-])CC(=O)N2CCN(CC2)S(=O)(=O)c3cccc(F)c3,-2.271,28,-0.08110714285714285
CC[C@@H](C(=O)[O-])Cc1ccc(cc1)C(=O)CC(CO)(COC[C@H](C)O)COC[C@@H](C)O,-2.27,31,-0.0732258064516129
Cn1cc(nn1)N2CCC([N+](C)(C)C)CC2,-2.27,16,-0.141875
COc1ccc(nn1)N2CCN(CC2)Cc(c3)oc(c34)cccc4,-2.27,24,-0.09458333333333334
CCCn(c1=O)c(=O)n(CCC)c(c12)nc([nH]2)-c3ccc(cc3)-c4ncc[nH]4,-2.269,28,-0.0810357142857143
OCCOC[NH2+]C1CCN(CC1)c2cccc[nH+]2,-2.267,18,-0.12594444444444444
COCCCCOCCOCCOC,-2.267,14,-0.16192857142857142
o1nc(C)c(c12)cc(c([O-])c2)CCC[NH+]3CCOCC3,-2.267,20,-0.11334999999999999
CNc1cc(nc(N)[nH+]1)N2CCN(CC2)c3ccc(OC)c(c3)OC,-2.266,25,-0.09064
Cn(n1)ccc1-c([nH+]cn2)cc2N(C)CCOc3ccc(cc3)C[C@@H]4SC(=O)NC4=O,-2.265,31,-0.07306451612903227
Clc1ccc(cc1)N2CCN(CC2)CCc([nH+]3)[nH]c(c34)cc(Cl)c(Cl)c4,-2.264,26,-0.08707692307692307
c1ncccc1[C@@H](N2CCNCC2)C(=O)NC3CCCCC3,-2.263,22,-0.10286363636363637
Cc(n1)c(C)n(c12)nc(cc2)C3CCN(CC3)CC[NH+](C)C,-2.263,22,-0.10286363636363637
COC(=O)CC(=O)NCCCNCc1ccc(c(Cl)c1)C(=O)c2ccc(cc2)-c3cccc(F)c3,-2.262,35,-0.06462857142857142
CCCCCCC(=O)OC[C@@H](NCCC(C)C)COP(=O)([O-])OCC[NH3+],-2.26,26,-0.08692307692307691
CCCn(c1[O-])c(=O)n(CCC)c(c12)nc(n2)-c3ccc(c(F)c3)C(=O)N[C@@H]4CC[N@@H+](C)CC4,-2.26,34,-0.06647058823529411
O=C1[N-]C(=O)N(C1(C)C)c2n(nnc2C)C3CCN(C(N)=[NH2+])CC3,-2.26,24,-0.09416666666666666
CCCCCCCCCCCC(=O)CCCNC(=O)C,-2.259,20,-0.11295
c1ccccc1-c([nH]2)c(c(c23)cc(OC)cc3)CCNc4cccc[nH+]4,-2.259,26,-0.08688461538461538
C1CCn(c12)c(cn2)N[C@H](C)c3ccc(cc3)-c4cc(F)cnc4Cl,-2.258,25,-0.09032
FC(F)(C1)[C@@H](O)c(c12)c(S(=O)(=O)C)sc2-c(ccc3)n(c34)nc([nH+]4)N,-2.256,25,-0.09023999999999999
O=C(N=1)N=c(c12)cc(cc2)N[C@@H](Cn3cc[nH+]c3)c4ccccc4,-2.256,24,-0.09399999999999999
CCCCCCC[N@@H+](C1)[C@@H]([C@H]([C@H]12)C2(C)C)C(=O)N[C@H]([C@@H](O)C(=O)N3CCC3)C[C@@H]4CCCNC4=O,-2.256,35,-0.06445714285714285
C1C[N@H+](C)CC[C@H]1NC(=O)c(cc2OC)ccc2NCc3cccc[nH+]3,-2.256,26,-0.08676923076923077
O=c1n(C)ncc(c1C)N(c2cc(on2)C(C)(C)C)[C@@H](C(=O)NC(C)(C)C)c3cccnc3,-2.255,33,-0.06833333333333333
CCc1cccc(C)c1N[NH2+][C@@H](C(C)C)C(=O)Nc2ccncc2,-2.255,24,-0.09395833333333332
Cc1noc(C)c1-c2ccc(cc2)-c3c[nH]c[nH+]3,-2.254,18,-0.12522222222222223
COc1c(OC)cc(cc1OC)C(=O)n(c(n2)C)c(c23)ccc(c3)OC(F)(F)F,-2.254,29,-0.07772413793103448
CN1C(=O)[C@@H](C)N(C2CC2)c(c13)cc(cc3)C(=O)c4cccc(Cl)c4-c(cc5)cc(c5=6)=NC(=O)N6,-2.252,35,-0.06434285714285713
O=C[C@@H]1CCC[N+]\1=C(\N2)CSc(c23)cccc3,-2.251,17,-0.13241176470588234
Cc1noc(C)c1-c(cc(c23)nccc3)cc2C[C@](O)(Cn4cncn4)c5ccc(F)cc5F,-2.249,34,-0.06614705882352942
CCS(=O)(=O)Cc1cnc(-c2cc(C)c(O)c(C)c2)c(c1)-c(cc3C)n(c34)cc[nH]c4=O,-2.249,32,-0.07028125
C[NH+](C)CCN1CCC(CC1)CC#C[Si](C)(C)C,-2.249,18,-0.12494444444444446
O=C([O-])c1ccc(cc1)C[NH+]2CCN(CC2)Cc3ccccc3,-2.248,23,-0.09773913043478262
O=c1[nH]c(=O)n(cc1C)[C@H]2CCC[N@H+](C2)Cc3cccc(c3)-c4ccc(C(F)(F)F)c(F)c4,-2.248,33,-0.06812121212121212
CCCCCCCCCCCCN1CC[NH+](C)CC1,-2.247,19,-0.11826315789473683
O=C(N=1)N=c(c12)cc(cc2)-c3c(Cl)cccc3S(=O)(=O)CC(F)(F)F,-2.247,25,-0.08988
[O-]c1ccc(F)cc1C(=O)C[C@H]2CC[C@H](C(=O)[O-])CC2,-2.246,20,-0.1123
Cn1cc(cn1)-c2ccc(cc2)C[C@@H]3SC(=O)[N-]C3=O,-2.246,20,-0.1123
Cc1cc(n[nH]1)[C@@H](C)NCC#Cc2ccc(cc2)S(=O)(=O)NCCC(F)(F)F,-2.245,28,-0.08017857142857143
CCCNN1CCC(CC1)CN(C2)C(=O)C(=C23)[C@@H](c4ccc(C)cc4)c5c(N3)n(CC)c(=O)[nH]c5=O,-2.244,36,-0.06233333333333334
n1nc(C)n2nc(c(c3c12)cccc3)-c4ccc(c(C=O)c4)N5CCOCC5,-2.243,28,-0.08010714285714285
Cc1cc[nH+]c(c1)CCCCCc2ccc(cc2)S(=O)(=O)NCCC(C)C,-2.243,27,-0.08307407407407406
c1ccccc1N[C@H](C[C@H](C)N2C(=O)C)c(c23)cc(cc3)-n(c(n4)N)c(c45)cccc5,-2.243,31,-0.07235483870967742
CC[N@H+]1CC[C@@H](CC1)CCC[NH2+]Cc2cccnc2,-2.242,19,-0.118
CC[C@@H]([C@H](C)O)c(cc1)[nH+]c(c12)cccc2,-2.24,16,-0.14
CNC[C@@H](O)COc1ccc(Cl)c(c1)S(=O)(=O)c2ccc(C)cc2,-2.24,24,-0.09333333333333334
Cc1ccn(C)c(=O)c1N(CC2)CCC23NC(=NC3=O)c4ccc(OC(F)(F)F)cc4,-2.238,31,-0.07219354838709677
c1ccccc1-n(nc2C)c(C)c2/C=N/c3ccc(cc3Cl)CNCCc4c[nH+]c[nH]4,-2.237,31,-0.07216129032258065
C1CCCCN1c(n2)cc(nc2N)NCCCNCc3ccc(c(Cl)c3)-c4ccccc4,-2.237,32,-0.06990625
CC(C)n(cn1)c(c12)nc(-c3cnns3)nc2Nc4ccc(C(=O)[O-])c(Cl)c4,-2.235,28,-0.07982142857142857
C[NH+](C)CCCc1ccc(cc1Cl)C[NH2+]CCc2c[nH]cn2,-2.233,22,-0.1015
c1cccc(c12)[nH+]ccc2CC3CCOCC3,-2.233,17,-0.1313529411764706
c1cc(Cl)ccc1[C@@H](c2cccnc2)C(=O)N3CCN(CC3)N4CCCCC4,-2.232,28,-0.07971428571428572
CC(=O)N1[C@@H](C)C[C@@H](NC(=O)OC(C)C)c(c12)cc(cc2)CCOCCO,-2.232,27,-0.08266666666666668
CC(=O)NCCCNCc1ccc(c(Cl)c1)-c(cc2)cc(c23)N(C4CC4)[C@H](C)C(=O)N3C,-2.232,32,-0.06975
Clc1cccc(Cl)c1-c2c[nH+]c[nH]2,-2.231,13,-0.17161538461538461
CC[C@](C)(C(=O)[O-])c1c(F)cc(cc1F)-n(nn2)c(c23)C(=O)c4c(C3=O)cccc4,-2.23,30,-0.07433333333333333
CNc1cc(nc(N)[nH+]1)-c2[nH]nc(C#N)c2C,-2.23,17,-0.13117647058823528
c1n[n-]c(=O)c(n12)c(C)cc2-c3ccc(cc3)C[C@@H](C(=O)[O-])Oc4ccc(cc4)-c5ccccc5,-2.227,35,-0.06362857142857142
CNCc1ccc(cc1)-c(cc2)cc(c23)[C@@H](C[C@H](C)N3C(=O)C)NC(=O)c4c(C5CC5)[nH]nc4C,-2.227,35,-0.06362857142857142
n1nc(C)n(c12)nc(cc2)-c(nc3)nc(c34)N(C5CCCC5)c6c(C(=O)N4C)cccc6,-2.226,32,-0.0695625
c1ncc(C)c(c12)c(ccc2)S(=O)(=O)c(cc3C)n(c34)cc[nH]c4=O,-2.224,25,-0.08896000000000001
C1CCCC1(CC(=O)[O-])CC(=O)c(cs2)c(c23)oc(cc3O)=[N+]4CCOCC4,-2.224,28,-0.07942857142857143
C1CC1Nc(c2CC)nc(N)nc2C(=O)CCNCc3ccc(c(Cl)c3)-c4ccccc4,-2.223,32,-0.06946875
COc(cc1)cc(c12)cc(n2CC(=O)[O-])C(=O)c3ccc(cc3)[C@@H](C[NH3+])c4ccc(Cl)cc4,-2.222,33,-0.06733333333333333
Fc1cc(F)ccc1Oc(ccc2[N-]S(=O)(=O)CC)c(c2)C(=S)NCc3ccco3,-2.222,30,-0.07406666666666667
CNc1cc(nc(N)[nH+]1)N2CCN(CC2)[NH2+]C34C[C@@H]5C[C@H](C4)C[C@@H](C5)C3,-2.22,26,-0.08538461538461539
Cc1ccccc1CC(=O)c(c2CC)nc(N)[nH+]c2N3CCCCC3,-2.22,25,-0.0888
COc1nc(N(C)C)[nH+]cc1CCOCCOCCO,-2.219,20,-0.11095
CN(C)CCC[N@H+](C)[C@H]1CCN(C1)c2cc(Br)ccc2Br,-2.219,21,-0.10566666666666666
COc(cc1)cc(c12)[nH+]c([nH]2)CCC[C@](O)(Cn3cncn3)c4ccc(F)cc4F,-2.219,30,-0.07396666666666667
CCOC(=O)c1csc(n1)N2CCN(CC2)c(c(c34)cccc4)nc([nH+]3)Nc5cccc(Cl)c5,-2.218,34,-0.06523529411764706
Cc1noc(C)c1-c2ccc(cc2)-c3ccc(CN)cc3,-2.218,21,-0.10561904761904761
OCCOCNC1CCN(CC1)c2cccc[nH+]2,-2.218,18,-0.12322222222222222
CC[C@@H]([C@H](C)O)c1ccc(cn1)S(=O)(=O)[N-]c2c(C)nn(C)c2C,-2.216,24,-0.09233333333333334
C1CCCCC1NC(=O)[C@@H](c2cccnc2)c(c3CC)nc(N)[nH+]c3N4CCN(C)CC4,-2.216,32,-0.06925
O=C1NC(=O)[C@@H](S1)Cc2ccc(cc2)Nc(cc3)cc(c34)[nH]c([nH+]4)-c5ccccc5,-2.216,30,-0.07386666666666668
Cc1nnc(n12)c(NC)nc(c2)-c3cccc(c3)Cn4ccc(O)c(C(=O)[O-])c4=O,-2.215,30,-0.07383333333333333
n1ccccc1C(C)(c2ccccn2)c(n3)oc(c34)cccc4,-2.215,23,-0.09630434782608695
Cc1ccccc1-c2ccc(S(=O)(=O)C(F)F)c(c2Br)CO,-2.213,22,-0.10059090909090909
O=C1NC(=O)[C@@H](S1)Cc(c(c23)scc3)ccc2-c4cncc(Cl)c4,-2.211,24,-0.092125
COCCOCCCCCc1cc(C)cc(n1)N,-2.21,18,-0.12277777777777778
Cc1noc(C)c1-c(cc2CCCO)cc(c23)[nH+]ccc3,-2.21,21,-0.10523809523809524
CCCCCCCCC(=O)OC,-2.21,12,-0.18416666666666667
c1nccn(c12)c(NC(C)(C)C)c(n2)-c3ccc(cc3)-c4c[nH]c[nH+]4,-2.208,25,-0.08832000000000001
OCCOc1c(C)cc(cc1C)N2CC[NH+](CC2)Cc3ccccc3,-2.205,25,-0.0882
COC(=O)N(CC1)CCC12C[NH+](C2)N3CCC[C@H](O)C3,-2.205,20,-0.11025
c1nccc(c12)c(C(=O)[O-])c(C)c(n2)-c3ccc(cc3)-c4ccc(c(c4)CN)OCc5cccnc5,-2.205,36,-0.06125
FC(F)(F)c(cc1)ccc1-c(ncc2C)n2Cc3ccccc3CCC[N+](C)(CCO)CCO,-2.203,34,-0.06479411764705882
CC1(C)C(=O)[N-]C(=O)N1C(=O)CCCC[C@@H]2CCSS2,-2.203,20,-0.11015
OCc1ccc(F)c(c1)[C@@H](c(ccc2)c(c23)OC(F)(F)O3)c4ncccc4Cl,-2.202,28,-0.07864285714285714
C[NH+](C)c1ccc(cc1)N(C(=O)[C@H](O)CO)Cc2cc(Cl)cs2,-2.2,23,-0.09565217391304348
O=c([n-]1)[nH]c(=O)cc1C(=O)N2CC[NH+](CC2)C/C=C/c3ccc(Br)cc3,-2.199,26,-0.08457692307692308
C1OCC1c(cc2)ccc2O[C@H](C(=O)[O-])Cc3ccc(cc3)-c4ccccc4,-2.197,28,-0.07846428571428572
C1OCC[C@@H]1c2ccc(cc2OC)C[NH2+]CCc(n3)[nH]c(c34)cccc4,-2.197,26,-0.0845
C1C[NH2+]CCN1c(c2)ccc(c23)c(C)nnc3-c4ccc(cc4)C[NH+]5CCCCC5,-2.196,30,-0.0732
Cc1c[nH+]cc(c1)C(=O)c2ccco2,-2.196,14,-0.15685714285714286
CNc1cc([nH+]c(n1)N)N2CCN(CC2)[NH2+]C34C[C@H]5C[C@@H](C4)C[C@H](C5)C3,-2.196,26,-0.08446153846153846
COC(=O)N(CC1)CCC12C[NH+](C2)NCc3cccs3,-2.195,20,-0.10974999999999999
CC(C)(C)OC(=O)NCCCNC(=O)c1ccc(cc1)C23C[C@H]4C[C@@H](C3)C[C@H](C4)C2,-2.195,30,-0.07316666666666666
COc(cc1)cc(c12)c(CCC(=O)[O-])cn2-c(cc(Cl)c3)c(c34)O[C@H](C4)C(=O)N5CCNCC5,-2.195,34,-0.06455882352941177
CCCCCCNC(=O)[C@@H]([NH3+])CC(C)C,-2.194,15,-0.14626666666666666
CCCCCCCN(N[C@H](C)c1[nH]cnn1)CCc2ccc(cc2)O[C@](C)(C(=O)[O-])CC,-2.194,32,-0.0685625
C[C@H]1C[NH2+]CCCN1Cc2ccc(c(Cl)c2)-c3ccccc3,-2.193,22,-0.09968181818181819
c1ccccc1[C@@H](C)Nc(cc2)cc(c23)N([C@H](C)C(=O)N3C)[N@H+]4CCC[C@@H]4CO,-2.193,29,-0.07562068965517242
CCOC(=O)[C@@H]1C(C)=NC(=C)[C@@H]([C@H]1c2cccc(Cl)c2Cl)C(=O)[C@H]3CC[N@H+](C3)CCN,-2.188,31,-0.07058064516129033
c1occc1N(C[C@H]2C)c(c3n(c24)c(C)nn4)cc(cc3)-c5ccc(N)nc5,-2.187,28,-0.07810714285714285
CCc1c(C(CC)CC)nc(N)[nH+]c1N2CCCCC2,-2.187,20,-0.10934999999999999
O=C([O-])c1ccccc1N/N=C/c2ccc(o2)N3CCN(CC3)c4ccc(Cl)cc4,-2.186,30,-0.07286666666666666
N#Cc1c(=O)[nH]c(cc1[S@](=O)C)-c2ccccc2F,-2.186,19,-0.11505263157894736
C[N+](C)(C)C1CCN(CC1)N2CCCC2,-2.186,15,-0.14573333333333333
Cc1cccc(c1)N2CCN(CC2)CCCCCCCCC(=O)[O-],-2.186,24,-0.09108333333333334
Cc1noc(C)c1-c(cc2)cc(c23)[C@@H](N(C)C(=O)N3)c(c(n4)C)n(c45)ccnc5N6CCOCC6,-2.185,35,-0.06242857142857143
Cc1ccc(cc1)N(C)n(c(c23)cccc3)c(n2)-c4cc(C)c(=O)n(C)c4,-2.183,27,-0.08085185185185184
[nH+]1ccccc1NCc2ccc(cc2)N3CCCCC3,-2.183,20,-0.10915
Fc1ccc(CO)cc1-c(nc(c23)n(cn2)C(C)C)nc3Nc4ccc(C(=O)[O-])c(Cl)c4,-2.182,32,-0.0681875
CN1C(=O)[C@@H](C)N(C2CC2)c(c13)cc(cc3)-c4cc(nc(N)[nH+]4)N5CCN(CC5)C6COC6,-2.182,33,-0.06612121212121212
CCCn(c1=O)c(=O)n(CCC)c(c12)nc([nH]2)-c3ccc(cc3)N4CC[NH+](CC4)Cc5ccccc5,-2.182,36,-0.06061111111111111
CCN1CCN(CC1)Cc2ccc(cc2C(F)(F)F)Nc3ccc(OC)cc3,-2.181,28,-0.07789285714285714
C[NH+](C)CC[N@H+]1CC[C@@H](CC1)n2cnc(c2C(=O)CCC(=O)[O-])-c3ccc(C(F)(F)F)cc3,-2.18,33,-0.06606060606060607
Cc1cc(F)cc(C)c1-c(cc(n2)N)c(c23)ccc(Br)c3O,-2.179,22,-0.09904545454545453
Brc1ccc(cc1)-c2[nH+]cn(C3CC[NH2+]CC3)c2-c(cc4)cc(c45)OCCO5,-2.179,28,-0.07782142857142857
Cc1cc(C)cc(c1)Nc2[nH+]ccc(n2)/N=C/c3ccccc3C=O,-2.178,25,-0.08712
OCCOCNCCCn(c(=O)n(c1=O)CCC)c(c12)nc([nH]2)C3CCCCC3,-2.175,29,-0.075
Cc(n1)c(C)n(c12)nc(cc2)OCc3nc(cn3C)C(=O)[C@H]([O-])[C@H](C)[NH3+],-2.175,26,-0.08365384615384615
c1cc(Cl)ccc1[C@H](c(c23)c(C)c(s2)C)[NH2+][C@H](c4n3c(nn4)C)CC(=O)[C@H](C)CCC(=O)[O-],-2.175,33,-0.0659090909090909
C1CC1c([nH]2)nc(c23)cc(-c4c(C)onc4C)cc3-c5ccc(S(=O)(=O)N)cc5,-2.174,29,-0.07496551724137931
Cc1cc(C)c(c(C)c1)S(=O)(=O)N2CCCOC2=O,-2.173,19,-0.11436842105263158
O=C([O-])Cn(cc1)c(c12)ccc(c2)-c3c(cccc4)c4[nH+]c(c35)CCCC5,-2.173,27,-0.08048148148148149
COC1=C(OC)C(=O)C(=C(C)C1=O)CC[NH+]2CCCC2,-2.172,20,-0.1086
CC[C@H](CO)N1CCC[C@@H](C1)n2cc(C)c(=O)[nH]c2=O,-2.172,20,-0.1086
C1COCCN1c(c2)ncc(c23)c(C)[nH+]nc3-c4cccc(C(=O)[O-])c4,-2.172,26,-0.08353846153846155
c1ncc(C)c(c12)c(ccc2)S(=O)(=O)[C@H](C[C@H](C)N3C(=O)C)c(c34)cc(cc4)-c5ccn[nH]5,-2.172,33,-0.06581818181818182
CNc1cc([nH+]c(n1)N)N2CCN(CC2)c3cc[nH+]c(n3)Nc4cc(C)cc(C)c4,-2.171,30,-0.07236666666666666
O=S1(=O)C(F)(F)[C@H]([O-])c(c12)c(C(F)F)c(cc2)[C@H]3CCOC3,-2.17,22,-0.09863636363636363
O=C([O-])C(C)(C)[NH+]1CC[NH2+]CC1,-2.17,12,-0.18083333333333332
c1cccc(c12)C(=O)c3c(C2=O)nnn3-c4cc(F)c(c(F)c4)-c5ccccc5CO,-2.17,31,-0.06999999999999999
Cc1cc(N)nc(c1)CCCCCS(=O)(=O)c2c(C)nn(C)c2Cl,-2.169,24,-0.090375
COC(=O)N(CC1)CCC12CN(C2)c3cccc(F)n3,-2.169,20,-0.10845
c1ncccc1[C@H](C(=O)NCC)N(c2ccc(C(C)(C)C)cc2)NCC[NH+]3CCOCC3,-2.169,32,-0.06778125
Nc([nH+]1)cc(C)c(c12)ccc(c2)-c3nccs3,-2.168,17,-0.1275294117647059
Cc([nH+]1)c(C)n(c12)c(C)c(cc2)CCc3nc(cn3C)Nc4cc[nH+]cc4,-2.167,27,-0.08025925925925925
CC(C)N(CC1)CCC12CC(=O)c3c(O2)ccc(c3)-c4ccc(=O)n(c4)Cc5ccccc5,-2.167,33,-0.06566666666666666
C1C[NH2+]CCC1n(nnc2C)c2-c3cnn(c3)CC(C)(C)O,-2.166,22,-0.09845454545454545
Cc1ccc(c(C)c1)NC(=O)c(cc2)cc(c23)N([C@H](C)C(=O)N3C)[C@H]4CCCCN4,-2.165,30,-0.07216666666666667
O=C([O-])c1ccccc1NC(=O)C2CC2,-2.165,15,-0.14433333333333334
O=C1NC(=O)N(C1(C)C)n(nc2C)c(C)c2/C=N/N3CC[NH+](CC3)Cc4ccccc4,-2.164,31,-0.06980645161290323
c1ccccc1-n(nc2C)c(C)c2/C=N/N3CCN(CC3)n4cc(C)c(=O)[nH]c4=O,-2.163,30,-0.0721
C=CC1=C(C)C(=O)N[C@@H]1c2ccc(cc2C[NH3+])-c(cc3)cc(c34)nc(N)cc4C,-2.163,29,-0.07458620689655172
O=C([O-])C[NH2+][C@H](C)c1nc[n-]n1,-2.163,12,-0.18025
CCN1CCN(CC1)c2nc(c(o2)C)CCCc3ccc(cc3)C[C@@H](C(=O)[O-])n4nccn4,-2.162,33,-0.06551515151515151
CCC[NH2+]CC[C@H](NC(=O)[C@H](O)[C@H](C)N)Cc1ccccc1,-2.162,22,-0.09827272727272728
Cc1nc(CN(C)C)ccc1-c(c(c23)c(=O)[n-]nc3)cnc2S(=O)(=O)c4ccc(F)c(Cl)c4,-2.161,33,-0.06548484848484848
c1cccc(C2=O)c1C(=O)c(c23)n(nn3)-n(nc4C)c(C)c4/C=N/N5CC[NH+](CC5)Cc6ccccc6,-2.161,37,-0.058405405405405404
C[C@@H]1CNCCCN1CCc2[nH+]cc[nH]2,-2.159,15,-0.14393333333333333
COCCOCCOCCOCC[N@H+]1CCOC[C@@H]1C,-2.156,20,-0.1078
COc1ccc(cc1)CNC2CCN(CC2)c3ccccn3,-2.155,22,-0.09795454545454545
CC(C)(C)S(=O)(=O)C[C@H](CC)n1ccnc1C(=O)Nc(cc2)cc(c23)n(nn3)C,-2.155,29,-0.0743103448275862
CCCCCCCCCCCCC(=O)OC[C@@H](COP(=O)([O-])O)c1c(C)nn(C)c1C,-2.154,31,-0.06948387096774193
CCn1c(=O)[n-]c(=O)c(c12)[C@H](c3ccc(C)cc3)C4=C(N2)CN(C4=O)c(cc5)cc(c56)nc(N)cc6C,-2.154,37,-0.05821621621621621
c1cn[nH]c1-c(cc2)cc(c23)[C@@H](C[C@H](C)N3C(=O)C)c4ccc(cc4Cl)CNCCc5[nH+]cc[nH]5,-2.154,35,-0.06154285714285714
COc1cc(cc(c1)OC)NC(=O)N(Cc2ccccc2)C(=O)N3CC[NH+](C(C)C)CC3,-2.154,32,-0.0673125
COCCOCCOCCn(cc1)c(=O)n(c12)cc[nH+]2,-2.153,20,-0.10765
C1CC1c(n2)cccc2[C@H](CC)CC[N@@H+]3CCN(C)C(=O)[C@H]3C,-2.15,23,-0.09347826086956522
n1cncn1C(=O)c2cccc(c2)S(=O)(=O)N(CC3)Cc(c34)cccc4,-2.15,26,-0.08269230769230769
CN(C)CCOc1ccc(Cl)cc1CCSP(=O)([O-])OP(=O)([O-])[O-],-2.149,24,-0.08954166666666667
CN(C)CC[N@H+]1CC[C@H](C1)CCc2cnc[nH]2,-2.148,17,-0.12635294117647058
c1cc(C)cc(c12)[nH+]c([nH]2)CC[NH2+]CCCNC(=O)c3ccc(F)cc3,-2.148,26,-0.08261538461538462
OCCCCCc1ccc(cc1Cl)C[NH2+]CCc2cnc[nH]2,-2.146,22,-0.09754545454545455
CC(C)(O)Cc1ccc(cc1)C2CCN(CC2)c(cc3)nn(c34)c(Cl)nn4,-2.146,27,-0.07948148148148147
Clc1ccc(cc1)N2CC[NH+](CC2)CCc(n3)[nH]c(c34)cc(Cl)c(Cl)c4,-2.145,26,-0.0825
COc(cc1)cc(c12)nc([nH]2)CCC[C@](O)(Cn3cncn3)c4ccc(F)cc4F,-2.145,30,-0.0715
n1nc[nH]c1[C@@H](C)Nc2cnn(C)c2,-2.144,14,-0.15314285714285716
C[NH+](C)CCN1CC[C@H](C1)c(n2)n(Cc3ccccc3)c(c24)cc(cc4)N5CC[NH+](C)CC5,-2.143,33,-0.06493939393939394
Cc1cccc(C)c1-c2ccc(S(=O)(=O)C(F)F)c(c2Br)CO,-2.143,23,-0.09317391304347825
c1cc(Cl)ccc1[C@H](c(c23)c(C)c(s2)C)N[C@H](c4n3c(nn4)C)C/C([O-])=C5\CCC(=O)NC5=O,-2.14,34,-0.06294117647058824
COc1ccccc1-n2nc(C(CC3(C)C)CC(O3)(C)C)cc2-c4ncccn4,-2.14,29,-0.07379310344827586
n1nc(C)n(c12)c3c(cccc3)N(C[C@H]2C)c4ccc(cc4)S(=O)(=O)NCCC(C)C,-2.14,31,-0.06903225806451613
O=C([O-])c1c(O)ccn(c1=O)-c2ccccn2,-2.139,17,-0.1258235294117647
O=C1CCCc(c12)n(c(c2)CC)-n3nnc(c3C)S(=O)(=O)c4ccc(C(C)(C)C)cc4,-2.139,31,-0.06899999999999999
CCn1c(=O)nc(O)c(c12)[C@H](c3ccc(C)cc3)C4=C(N2)CN(C4=O)c(cc5)cc(c56)nc(N)cc6C,-2.136,37,-0.057729729729729735
COC(=O)c1ccccc1S(=O)(=O)C(=O)N2CCC(CC2)c3nc(no3)-c4cccs4,-2.136,31,-0.06890322580645161
c1cncc(c12)c([O-])c(C#N)c(n2)-c3ccc(cc3)-c4c[nH]cn4,-2.134,24,-0.08891666666666666
o1nc(C)c(c12)cc(c(c2)OC)N[NH+]3CCC(=O)CC3,-2.134,20,-0.10669999999999999
n1cccc(c12)c([nH]n2)Cc(c(Cl)cc3)c(c34)nnn4Cc(n[nH]5)c(c56)cccn6,-2.134,30,-0.07113333333333333
c1[nH+]ccn1C[C@@H](N(C=CC2)C=C2C(=O)N)c3ccc(Cl)cc3Cl,-2.132,24,-0.08883333333333333
N1CCCC[C@@H]1[N@@H+](C)CCO[C@@H]2CC[C@@H](CC2)C[C@@H](C([O-])=O)c3cccc(c3)N4CC=CC4=O,-2.132,34,-0.06270588235294118
Cc1n[nH]c(C2CC2)c1N3CCN(CC3)C(=O)[C@@H](c4ccc(Cl)cc4)c5cccnc5,-2.132,31,-0.0687741935483871
Fc(c1)cccc1S(=O)(=O)[N-]c2cccc(c2)-c3ccn[nH]3,-2.131,22,-0.09686363636363636
O=C([O-])c1ccc(cc1)CN(C2=O)c(ccc(Br)c3)c3[C@@]24CC[N@@H+](CC4)Cc5ccco5,-2.13,32,-0.0665625
o1cccc1-c(cc2)cc(c23)[C@@H](C[C@H](C)N3C(=O)C)NNC4CCN(CC4)c5cccc[nH+]5,-2.129,33,-0.06451515151515151
O=c1ccc(cn1C)-c(cn(C)c2=O)c(c23)oc(c3)-c4c[nH+]c([nH]4)C5CCC5,-2.129,28,-0.07603571428571429
S1CNN\C1=N\c(ccc2C)cc2S(=O)(=O)NC3CCCC3,-2.129,22,-0.09677272727272727
N[C@H]1CCC[N@H+](C1)Cc2cccc(c2)Oc3ccccc3,-2.128,21,-0.10133333333333334
Cc1nc([N+](=O)[O-])cn1CCCCCc2cccc[nH+]2,-2.128,20,-0.10640000000000001
O=C([O-])CCC(\C)=C/COc1ccccc1C[N@H+](C)OC(C)(C)C,-2.128,24,-0.08866666666666667
C[NH+](C)c1ccc(cc1)C2(CCCC2)CNC(=O)CC(=O)C(=O)[O-],-2.127,24,-0.088625
O=c1[nH]c(=O)n(cc1C)[C@H]2CCCN(C2)Cc3cccc(c3)NCc4ccc(cc4)[NH+]5CCCCC5,-2.126,36,-0.059055555555555556
Cc1nn(C)c(C)c1N(C)n(nn2)c(c23)ccc(Cl)c3Oc4cc(Cl)cc(c4Cl)CN,-2.125,31,-0.06854838709677419
C[NH2+]Cc1ccccc1N[C@@H](C(=O)[O-])Cc(c[nH]2)c(c23)cccc3,-2.125,24,-0.08854166666666667
CCOC(=O)N(CC1)CCC12c3c(ccc(Br)c3)N(C2=O)Cc4ccc(C(=O)[O-])cc4,-2.123,31,-0.06848387096774194
CCCCc(ccc1)c(c12)c(C)c(o2)C(=O)c3nccn3C,-2.122,22,-0.09645454545454545
Cc1ccc(cc1)-c([nH+]2)[nH]c(c23)cc(cc3C)N4CCOCC4,-2.122,23,-0.09226086956521738
O=S(=O)Oc(cc1)ccc1-c2c(ncn2CC#C)S(=O)(=O)c(cc3)cc(c34)CN(C)C(=O)N4,-2.12,33,-0.06424242424242424
Cc1nn(C)c(C)c1CN(C)c2nc(N(C)CCC(=O)NC3CC3)nc([nH+]2)N4CCC[C@H]4C=O,-2.12,34,-0.06235294117647059
C=CCOCCO,-2.119,7,-0.30271428571428577
c1ccccc1S(=O)(=O)NCC#Cc2ccc(cc2)S(=O)(=O)c3ccnc(c3)N4CCNCC4,-2.118,34,-0.06229411764705882
O=C([O-])C(C)(C)Oc1ccc(cc1)CC[NH2+]Cc(c2)oc(c23)cccc3,-2.118,26,-0.08146153846153846
n1cccnc1-c(cc2)ccc2C(=O)c3ccc(cc3Cl)CNCCc4ncc[nH]4,-2.116,30,-0.07053333333333334
Cc1cccc(n1)[C@@H]2N(CCc(c23)scc3)c4cc(nc(N)[nH+]4)N5CCN(CC5)C6COC6,-2.116,33,-0.06412121212121212
C[NH2+]Cc1ccc(cc1)-c(cc2)cc(c23)[C@@H](C[C@H](C)N3C(=O)C)NC(=O)C[C@H](O)[C@H]([NH3+])CO,-2.115,33,-0.0640909090909091
C1CC1Nc([nH+]c2N)cc(n2)N3CC[NH+](CC3)CCCNC(=O)c4ccc(S(=O)=O)cc4,-2.115,32,-0.06609375
Cc1[nH+]n(C)c(C)c1[N-]S(=O)(=O)c2c(Cl)cc(cc2Cl)-c3ccc(nc3)-c4cn(C)nn4,-2.114,32,-0.0660625
NC(=[NH2+])N(CC1)CCC1n(nnc2C)c2N(C3=O)C(=O)N[C@]34C[C@H](C4)c5ccccc5,-2.114,31,-0.06819354838709676
Cn(c1)ncc1-c(cc2)cc(c2n(c34)c(C)nn3)/C(CC4)=C(/N5)CSc(c56)cccc6,-2.113,31,-0.06816129032258064
C[C@@H]1C(=O)N(C)CC[N@H+]1CCc2cc(F)cc(C#N)c2,-2.113,20,-0.10565
CCCCCCCCNc1ccc(c[nH+]1)S(=O)(=O)[N-]c2c(C)nn(C)c2C,-2.113,27,-0.07825925925925926
Clc1c(F)ccc(Cl)c1[C@@H](C)Oc2cc(NCC[NH3+])c[nH+]c2N,-2.113,23,-0.0918695652173913
COC(=O)CC(=O)NCCC[NH2+]Cc1ccc(c(Cl)c1)N(CC2)CCC23Oc4c(O3)cccc4,-2.111,34,-0.06208823529411765
CC(C)Cc(nn1C)c(c1C)NS(=O)(=O)c2c(Cl)cc(C(C)(C)C(=O)[O-])cc2Cl,-2.11,29,-0.07275862068965516
COCCOC(=O)C1=C(C)NC(C)=C(C(=O)c2cnc[nH]2)[C@H]1c3cccc([N+](=O)[O-])c3,-2.11,31,-0.06806451612903225
CCc(nn1)n(c12)nc(cc2)-c3ccc(cc3)[C@@H](C[NH3+])c4ccc(Cl)cc4,-2.109,27,-0.07811111111111112
CNc1cc(nc(n1)N)N2CCN(CC2)/C(C)=C/C(=O)c3ccccc3,-2.109,26,-0.08111538461538462
O=S(=O)Oc1ccc(cc1)[C@H]2CCCN(C2)Cc3cccc(c3)Oc4ccccc4,-2.109,30,-0.0703
COc1cccc(c1)N2CC[NH+](CC2)C(c3ccccc3)c4ccccc4,-2.109,27,-0.07811111111111112
n1cn(C)c(c12)cccc2-c3c(F)cc(cc3F)-n(nn4)c(c45)C(=O)c6c(C5=O)cccc6,-2.109,33,-0.06390909090909092
CN(C)CC[N@@H+](CC1)CC[C@H]1n(nnc2C)c2N3CCS[C@@H](CC3)c4cccs4,-2.108,29,-0.0726896551724138
Fc1ccc(cc1)-c2n[nH]c(n2)-c3ccc(cc3Cl)CNCCc4ccc[nH]4,-2.108,28,-0.07528571428571429
C[NH+](C)C1CCN(CC1)c2ccc(cc2Cl)C[NH2+]CCc3ccc[nH]3,-2.107,25,-0.08428000000000001
O=c1n(C)cc(cc1C)-c(n2)n(c(c23)cccc3)-n(c(n4)C)c(c45)ccc(c5)OC(F)(F)F,-2.107,33,-0.06384848484848485
c1ccccc1NC(=O)c2ccc(cc2)-c(cn3)n(c34)CCC4,-2.107,23,-0.09160869565217392
CC(C)NC(=O)N1CCN(CC1)c2cc(nc(N)[nH+]2)NC3CC3,-2.106,23,-0.09156521739130434
O=C(N=1)N=c(c12)cc(cc2)-c(c(c34)ccs4)ccc3C[C@@H]5SC(=O)NC5=O,-2.104,27,-0.07792592592592593
COc1cccc(c1)OCC(=O)CCC[NH+]2CCOCC2,-2.104,21,-0.10019047619047619
Cc1cccc(n1)[C@@H]2N(CCc(c23)scc3)C(=O)Cc4ccn[nH]4,-2.102,24,-0.08758333333333333
CCCCn1cc(nn1)CNc2c[nH+]n(c2)CC(C)(C)O,-2.102,21,-0.10009523809523808
O=c1n(C)cc(cc1C)-c(n2)n(c(c23)cccc3)-c4ccc(Cl)c(c4)[N-]S(=O)(=O)C(C)(C)C,-2.101,33,-0.06366666666666666
c1cccc2c1nc(n23)N([C@@H](C)C3)C(=O)[C@@H]4CN(C(=O)CC5)N5C46CCCC6,-2.101,28,-0.07503571428571429
O=C(N1)C(C)(C)c(c12)cc(cc2F)-c3ccc(cc3Cl)CNCCc4cnc[nH]4,-2.1,29,-0.07241379310344828
O1CCC[C@@H]1COC(=O)O[C@H](CC)c2cc(no2)-c3ccc(cc3)OC(C)(C)C(=O)[O-],-2.1,31,-0.06774193548387097
CN(C)CCN1CCN(CC1)c2ccc(F)c(F)c2F,-2.1,20,-0.10500000000000001
COc1ccc(cc1OC)N([NH2+]C2CC2)CC(=O)NC(C(C)C)C(C)C,-2.098,26,-0.08069230769230769
O=c(n1)[nH]c(=O)c(n2)c1n(c(c23)cc(C)c(C)c3)-c4c(-c5ccc(F)cc5)ncn4C6CC[NH2+]CC6,-2.098,36,-0.058277777777777776
c1cn[nH]c1-c(c2)ccc(c23)N([N@H+]4CC[C@H](O)CC4)[C@@H](C)C[C@H]3Nc5ccccc5Cl,-2.097,31,-0.06764516129032258
C/C=C/CCCCCCCC(=O)CCNc1ccc(c[nH+]1)S(=O)(=O)[N-]c2c(C)nn(C)c2C,-2.096,33,-0.06351515151515152
O=C([O-])CCC(\C)=C/C[NH2+]CCOc1ccc(cc1)C[C@@H]2SC(=O)NC2=O,-2.096,27,-0.07762962962962963
COC(=O)N(CC1)CCC12CN(C2)c3ccc(cc3)C[C@@H]4SC(=O)NC4=O,-2.095,27,-0.0775925925925926
CC1CCN(CC1)N2CCN(CC2)C(=O)[C@@H](c3ccc(Cl)cc3)c4cccnc4,-2.095,29,-0.07224137931034483
COc1cc(=O)n(C)nc1NCCCNCc2ccc(c(Cl)c2)-c3ccccc3,-2.093,29,-0.07217241379310345
CC(=O)N[C@H]1CCN(C1)CCC[NH+](C)C,-2.091,15,-0.13940000000000002
CC(C)C[C@H]([NH3+])C(=O)c1cc(nc(n1)N)N2CCOCC2,-2.088,21,-0.09942857142857144
COc1ccc(cc1)Cn(nn2)c(c23)[C@@](C)(O)CC[C@H]3c(cc4)nn(c45)c(Cl)nn5,-2.088,30,-0.06960000000000001
C1CCCN1S(=O)(=O)C[C@H](C2CC2)C3CCN(CC3)Cc4cccc(n4)Oc5ccccc5,-2.088,33,-0.06327272727272727
c1ccccc1C(=O)\C=C(\C)N[C@H](C(=O)[O-])Cc2ccc(cc2)C3CC3,-2.087,26,-0.08026923076923077
C1CCCC1N([C@H](C)C(=O)N2C)c(c23)cc(cc3)C(=O)n4cc([O-])cn4,-2.087,26,-0.08026923076923077
s1cncc1COc2ccc(cc2CN)-c3cccc(c3)Cn4ccc(O)c(C(=O)[O-])c4=O,-2.087,33,-0.06324242424242425
Cc1nn(C)c(C)c1CN(C)c2[nH+]c(nc(n2)N3CCC3)N(C)CCC(=O)NC4CC4,-2.087,31,-0.06732258064516129
CNCc1ccccc1-c2csc(c2)[C@@H](C)c(n3)c(C)c(C(=O)[O-])c(c34)ccnc4,-2.086,30,-0.06953333333333332
Cc1ccnc(c1)CCCCCC(=O)Cc(c[nH+]c2)c(c23)c([O-])ccc3,-2.085,26,-0.08019230769230769
CCCOc1ccc(cc1C[NH2+]CC(=O)[O-])C[C@H](C(=O)[O-])Cc2ccccc2,-2.085,28,-0.07446428571428572
c1nccc(c12)c(C(=O)[O-])c(C)c(n2)-c3ccc(cc3)-c4ccc(c(F)c4)N5CCSCC5,-2.085,33,-0.06318181818181819
CCCn(c1=O)c(=O)n(CCC)c(c12)nc([nH]2)N3CCC(CC3)n4cc(C)c(=O)[nH]c4=O,-2.084,32,-0.065125
FC(F)(F)Oc(cc1)ccc1C(N2)=NC(=O)C23CCN(CC3)N4CCOCC4,-2.083,28,-0.07439285714285715
N#CCCN(C)c(c(c12)scc2)nc(n1)-c3noc(n3)C4CCN(CC4)C(=O)Cc5ccccc5,-2.083,35,-0.05951428571428572
C[N+](C)(C)C1CCN(CC1)c2ccc(cc2Cl)CNCCc3ccc[nH]3,-2.083,26,-0.08011538461538462
c1cncc(c12)c([O-])c(C#N)c(n2)-c3ccc(cc3)-c4cnc[nH]4,-2.082,24,-0.08675
C[C@@H]1C[NH2+]CCCN1n2ccc(=O)[nH]c2=O,-2.082,16,-0.130125
Cc1noc(C)c1S(=O)(=O)N[C@H](C)c2ccc(cc2)-c(cc3)[nH+]c(c34)cccc4,-2.081,29,-0.07175862068965518
Cc(c1)c(C)cc(c12)sc(n2)Cc(n3)[nH]c(c34)cc(cc4C)N5CCOCC5,-2.081,28,-0.07432142857142857
C1COCCC1C[N@@H+](C2)[C@@H]([C@H]([C@H]23)C3(C)C)C(=O)N[C@H]([C@@H](O)C(=O)N4CCC4)C[C@@H]5CCCNC5=O,-2.08,35,-0.05942857142857143
CC[C@](C)(C(=O)[O-])Oc1ccc(cc1)CCS(=O)(=O)c(c2)c(C)cc(c23)n(C)c(=O)n3C,-2.08,32,-0.065
c1cccc(c12)c3c(n2CC)ccc(c3)[C@@H](C(=C(C)N4)C(=O)CC(=O)N)C(C4=5)=C([O-])CCC5,-2.078,33,-0.06296969696969697
FC(F)(F)Oc(c1)ccc(c12)n(c(C)[nH+]2)NC34C[C@H]5C[C@@H](C4)C[C@H](C5)C3,-2.077,26,-0.07988461538461539
c1cccc(c12)oc(c2)C(=O)N3CC[NH+](CC3)C(c4ccccc4)c5ccccc5,-2.077,30,-0.06923333333333333
CNCc1ccccc1N[C@@H](C(=O)[O-])Cc(c[nH]2)c(c23)cccc3,-2.076,24,-0.08650000000000001
Cc1ccc(cc1)S(=O)(=O)c2ccc(cc2)-c3cc[nH+]c(C)c3,-2.075,23,-0.09021739130434783
c1ccccc1-n(nc2C)c(C)c2/C=N/N3CCN(CC3)n(cc4)c(=O)n(c45)ccn5,-2.075,31,-0.06693548387096775
COc(cc1)cc(c12)C(c(ccc3)c(c34)cc[nH]4)=N[C@H](c5n2c(nn5)C)CC(=O)CCNCCO,-2.074,35,-0.059257142857142855
Cc1cc(n[nH]1)[C@@H](C)N[NH2+]CC23C[C@H]4C[C@@H](C3)C[C@H](C4)C2,-2.073,21,-0.09871428571428571
C[C@@H](O)c1ccc(cc1)CN2CCCNCC2,-2.073,17,-0.12194117647058823
O=S(=O)Oc(cc1)ccc1-c2c([nH+]cn2CC#C)C[C@@](C)(CC3)Oc(c34)c(C)c(C)c(O)c4C,-2.073,34,-0.06097058823529412
COc1ccccc1-n2nc(C(CC3(C)C)CC(O3)(C)C)cc2CCC[C@@H](C)CC(=O)[O-],-2.072,32,-0.06475
Cc1nn(C)c(C)c1[N-]S(=O)(=O)c2ccc([nH+]c2)NCCc3ccc(Cl)c(Cl)c3,-2.071,29,-0.07141379310344828
CCCCCCCCCCCCCCC[C@@H](O)[C@H](CO)[NH2+][C@@H]1CC[N@H+](CC1)CCN(C)C,-2.071,32,-0.06471875
COC(=O)[C@H](C(C)(C)C)Nc1ccc(cc1Cl)CNCCc2ccc[nH]2,-2.07,26,-0.07961538461538462
Nc(n1)cc(C)c(c12)ccc(c2)-c3ccc(c(c3)C[NH3+])-c(c4)nc(NC(C)C)c(n45)nnc5C,-2.07,34,-0.060882352941176464
s1cncc1Nc(c2CC)nc(N)nc2N3CC[NH+](C)CC3,-2.07,22,-0.09409090909090909
CCOC(=O)[C@@H]1C(=C)N=C(C)[C@H](C(=O)c2cnc(C(=O)N)nc2)[C@H]1c3cccc(Cl)c3Cl,-2.069,32,-0.06465625
CC[C@H](CO)[N@@H+]1CCC[C@@H](C1)n2cc(C)c(=O)[nH]c2=O,-2.068,20,-0.1034
COc1cc(OC)cc(c12)nc([nH]c2=O)-c3[nH]nc(n3)-c4ccc(F)cc4,-2.067,27,-0.07655555555555556
COc1ccc(nn1)N2CCN(CC2)c3c(CC(C)C)nn(C)c3C,-2.066,25,-0.08263999999999999
C1CCN1c([nH+]2)c[nH]c2C3CCC3,-2.065,13,-0.15884615384615383
OCC[NH2+]CCC(=O)c1cc(F)ccc1[O-],-2.065,16,-0.1290625
C1C[C@@H](O)CC[N@@H+]1N[C@@H](C(C)C)C(=O)Nc2ccncc2,-2.065,21,-0.09833333333333333
O=c([n-]1)onc1-c(c2CC)nc(N)nc2N3CC[NH+](C)CC3,-2.063,22,-0.09377272727272729
CC(C)(C)c(on1)cc1N(C(=O)CC)[C@H](c2cccnc2)C(=O)c(cc3)cc(c34)CC(=O)N4CC,-2.062,35,-0.05891428571428571
[NH3+][C@H]1CCCN(C1)C(=N2)CSc(c23)cccc3,-2.06,17,-0.1211764705882353
CC(=O)N[C@H]1CCN(C1)c2ccc(cc2F)C3=NO[C@@H](C3)CNCCc(n4)[nH]c(c45)cccc5,-2.06,34,-0.06058823529411765
COc1cccc(c1)CC(=[NH2+])Nc(cc2)c3[nH]c(cc(c3c24)c(O)n4C)N5CC[NH+](C)CC5,-2.06,33,-0.062424242424242424
CCCn(c1[O-])c(=O)n(CCC)c(c12)nc(n2)-c3ccc(cc3)N4C[C@@H](OC4=O)CNC(=O)C,-2.06,34,-0.06058823529411765
Cc1[nH+]n(C)c(C)c1N[C@H]2CCOC2,-2.058,14,-0.147
C[C@H]1CC[C@@H](CC1)Cn(c(n2)-c3cc[nH]n3)c(c24)c(nc(c4)-c5noc(=O)[n-]5)-c6cncc(Cl)c6,-2.058,35,-0.0588
CCc(nn1)n(c12)nc(cc2)N(CC3)CCC34N=C(NC4=O)c5ccc(OC(F)(F)F)cc5,-2.056,33,-0.062303030303030305
CCCCCCC/C([O-])=C\C(=O)SCCNc1ccc(cc1F)N2C[C@@H](OC2=O)CNC(=O)C,-2.056,34,-0.060470588235294116
CNc1cc[nH+]c(n1)-c(ccc2S(=O)(=O)C(F)F)c(c23)CC(F)(F)[C@H]3O,-2.055,26,-0.07903846153846154
CCCCCCc(c[nH+]c1)c(c12)cccc2,-2.055,16,-0.1284375
CC(C)Cc(nn1C)c(c1C)Nc2nc(ncc2Cl)Nc3ccc(cc3)N4CC[NH+](C)CC4,-2.055,33,-0.06227272727272728
C[N+](C)(C)C1CCN(CC1)c2cc(F)c(c(F)c2)-c3ccccc3F,-2.055,25,-0.08220000000000001
CN1C(=O)[C@@H](C)N(C2CC2)c(c13)cc(cc3)C(=O)c4ccc(cc4)C[NH+]5CCCCC5,-2.054,31,-0.06625806451612902
O=C1[N-]C(=O)[C@@H](S1)Cc2ccc(cc2)NC3CCCCCC3,-2.054,22,-0.09336363636363636
C1CN(C)CCN1c2nc(N)[nH+]c(c2CC)-c3ccccc3OCCCC(=O)[O-],-2.054,29,-0.07082758620689654
C[C@@H]1C(=O)N(C)CC[N@H+]1CCc2cnns2,-2.051,16,-0.1281875
c1ccccc1-n(nc2C)c(C)c2/C=N/N3CCN(CC3)[NH2+]C4CCCC4,-2.051,27,-0.07596296296296297
CC(=O)N1CCC(CC1)CN[C@H](c2cccnc2)C(=O)NC3CCCCC3,-2.051,27,-0.07596296296296297
O=c1[nH]c(=O)n(cc1C)C2CCN(CC2)c(cc3)c(C(F)F)c(c34)[C@@H]([O-])C(F)(F)S4(=O)=O,-2.05,32,-0.0640625
COc(cc1)cc(c12)cc(n2CC(=O)[O-])C(=O)c(c(c34)ccs4)ccc3C[C@@H](C(=O)[O-])OC,-2.049,33,-0.062090909090909085
Cc1nn(C)c(O)c1C(=O)c(cc2)c(C)c(c23)c(=O)n(c(=O)n3C)-c4ccc(C(C)(C)C)cc4,-2.049,34,-0.06026470588235294
c1cc(F)cc(c12)c(N[C@H](C)C(=O)[O-])c(C#N)c(n2)-c3ccc(cc3)-n4nccn4,-2.048,30,-0.06826666666666667
C1CC1Nc(n2)cc([nH+]c2N)NCC3([NH3+])CCCCC3,-2.047,20,-0.10235000000000001
c1ncc(C)c(c12)c(ccc2)S(=O)(=O)N3CCC[C@@H]3CO,-2.046,21,-0.09742857142857142
CCCCCCC/C([O-])=C/C(=O)SCCNN[C@@H]1CC[N@@H+](C)CC1,-2.045,24,-0.08520833333333333
COc1ccc(nn1)N2CC[NH+](CC2)Cc3ccc(Br)cc3,-2.045,22,-0.09295454545454546
CN(C)CC[N@@H+](CC1)CC[C@H]1n(nnc2C)c2-c3cccc(n3)-c(cc4)nn(c45)c(C)c(n5)C,-2.045,34,-0.06014705882352941
CCc1c(NC)[nH+]c(N)nc1[C@H](C)c2noc(=O)[n-]2,-2.044,19,-0.10757894736842105
c1cc(C)cc(c12)[nH]c(n2)CCc3cc(nc(n3)N)N4CCN(CC4)C5COC5,-2.043,29,-0.07044827586206898
Cc1cc(N)nc(c1)CCCCC[NH2+]CCO,-2.043,17,-0.1201764705882353
CN1CC[NH+](CC1)c2ccc(cc2)NCC[NH+]3CCOCC3,-2.042,22,-0.09281818181818181
COCCOC[C@@H]1CC[N@H+](CC1)Cc2ccc([N+](=O)[O-])cc2,-2.042,22,-0.09281818181818181
CC[NH+]1CCN(CC1)[C@H](C)c2cc(cs2)-c3ccccc3C[NH2+]C,-2.041,24,-0.08504166666666667
Fc(c1)cccc1OCC(=O)[N-]c2nc(cs2)C(=O)c3cc(Cl)ccc3OC4CC[NH2+]CC4,-2.041,33,-0.06184848484848485
CC(C)[NH2+][C@H](C)[C@H]1CC[C@H](C)CC1,-2.041,13,-0.157
O=c1[n-]cc(Cl)cc1-c2ncc[nH]2,-2.04,13,-0.15692307692307692
COc1ccc(cc1)Cn(nn2)c(c23)[C@](C)(O)CC[C@H]3ONC4CCN(CC4)c5cccc[nH+]5,-2.04,34,-0.06
n1nc[nH]c1[C@@H](C)Nc2nccc(n2)-c3c(-c4ccc(Br)cc4)ncn3C5CC[NH2+]CC5,-2.04,32,-0.06375
CC(C)(C)c(n[nH]1)cc1N(C(=O)CC)[C@H](c2cccnc2)C(=O)N3CCN(C)C(=O)[C@H]3C,-2.038,32,-0.0636875
C/C=C/CCCCCCCC(=O)NC(C)C,-2.038,16,-0.127375
[NH3+]CCc1ccc(cc1)-c2ncon2,-2.038,14,-0.14557142857142855
CC(O1)(C)C(=O)Nc(c12)ccc(c2)Nc3cccc(Cl)c3-c(cc4)cc(c4=5)=NC(=O)N5,-2.038,31,-0.06574193548387096
CN1C(=O)[C@@H](C)N(C2CC2)c(c13)cc(cc3)C(=O)c4ccccc4C(C)(C)C,-2.037,28,-0.07275
C[NH+](C)CCCN(C)c(nc(c12)ccc(Br)c2)nc1-c3cc(CO)ccc3F,-2.036,28,-0.07271428571428572
C1CCCCN1c2[nH+]c(N)nc(c2CC)-c3cccc(c3F)-c(ccn4)c(c45)nc[nH]5,-2.035,31,-0.06564516129032258
c1cccn1-c2cn(C)c(=O)c(c23)cc(o3)-c4c[nH+]c([nH]4)C5CCC5,-2.035,25,-0.0814
C1CCCCN1c([nH+]2)cc(nc2N)NCCC[NH2+]Cc3ccc(c(Cl)c3)-c4ccccc4,-2.032,32,-0.0635
C1OCC1N(CC2)CC[NH+]2Cc(cc3C)cc(C)c3Nc4ccnc(n4)Nc5ccc(C#N)cc5,-2.032,35,-0.058057142857142856
CC(C)Cc(nn1C)c(c1C)N2CCN(C(C)C)CC2,-2.03,20,-0.10149999999999999
c1ccccc1-n(nc2C)c(C)c2/C=N/c3ccc(cc3Cl)C[NH2+]CCc4c[nH+]c[nH]4,-2.029,31,-0.0654516129032258
O=C([O-])C(C)(C)c1ccc(OS(=O)=O)cc1,-2.029,16,-0.1268125
CCCCCN1C=CCC1=O,-2.028,11,-0.18436363636363637
Cc1cccc(c12)n(c(n2)CCC)[C@H]3CC[N@H+](C3)CCN,-2.025,21,-0.09642857142857142
C[NH+](C)c1ccc(cc1)C2(CCCC2)CNc3nccs3,-2.023,21,-0.09633333333333334
C1CN(C)CCN1c2[nH+]c(N)nc(c2CC)C(=O)CCCCCCCCC[NH3+],-2.023,28,-0.07225000000000001
CCOC(=O)[C@@H]1C(C)=NC(C)=C([C@H]1c2cccc(Cl)c2Cl)C(=O)[C@H]3CC[N@H+](C3)CC[NH3+],-2.022,31,-0.0652258064516129
COC[C@H](C)CCC[NH+]1CCOCC1,-2.022,14,-0.1444285714285714
C=CCOc1cc(Cl)c(c(Cl)c1)S(=O)(=O)Nc2c(CC(C)C)nn(C)c2C,-2.02,27,-0.07481481481481482
c1ccc(OC)c(c12)[nH]c(n2)CCNCc3ccc(c(Cl)c3)[C@H]4C[C@@H](C#N)C4,-2.018,28,-0.07207142857142856
O=c1[nH]c(=O)n(cc1C)C2CCN(CC2)[N@H+](CCO3)[C@@H]([C@H]34)CCC4,-2.018,24,-0.08408333333333333
O=C(C1)NCCN1C(=O)N(CCCC)c2cccc(c2C)-c3ccc(SC)cc3,-2.017,29,-0.06955172413793104
CCc1c(C)nc(N)[nH+]c1N[C@@H](Cn2cc[nH+]c2)c3ccccc3,-2.017,24,-0.08404166666666667
c1cc(C(F)(F)F)cc(c12)n(CC)c(n2)[C@@H](C)Nc3cc[nH+]c(N)c3,-2.017,25,-0.08068
Clc1c(Cl)cccc1[C@H]2[C@@H](C(C)=NC(C)=C2C(=O)OC)C(=O)Nc3cccc(C(=O)[O-])c3,-2.015,32,-0.06296875
N#C[C@H]1C[C@H](C1)c2ccc(cc2Cl)CNCCc3ccc[nH]3,-2.015,22,-0.0915909090909091
[NH3+]c1ccc(cc1)NC2CC2,-2.012,11,-0.1829090909090909
CCOC(=O)c1cnn(C)c1C(=O)c2cnc([nH]2)C3CCC3,-2.012,22,-0.09145454545454546
COCCOCCOCCOC(C)C,-2.01,14,-0.14357142857142854
c1cc(Cl)ccc1[C@@H](c2cccnc2)C(=O)N3CC[NH+](CC3)N4CCCCC4,-2.01,28,-0.07178571428571427
CN(C)CC[N@@H+]1CC[C@H](C1)n(c2=O)c3sc(CCCC4)c4c3c(n25)ncn5,-2.009,27,-0.07440740740740741
c1cccc(c12)c(c[nH]2)C[C@H](C(=O)[O-])c([nH+]c3N)cc(n3)N4CCN(CC4)C5COC5,-2.008,31,-0.0647741935483871
c1cccc(c12)c3c(n2CC)ccc(c3)[C@@H](C(=C(C)N4)/C([O-])=C/C(=O)N)C(C4=5)=C([O-])CCC5,-2.004,33,-0.06072727272727273
C1CSCC[NH+]1[C@H](C[C@H](C)N2C(=O)C)c(c23)cc(cc3)-c4[nH]ncc4,-2.003,25,-0.08012000000000001
CC/C=C/CCc1cccc[nH+]1,-2.001,12,-0.16674999999999998
n1nc[nH]c1[C@@H](C)NNC(C)(C)CO,-2.001,14,-0.14292857142857143
C=CCOC(=O)c1cc(C(C)(C)N)cc(n1)-c2ccc(F)cc2,-2.0,23,-0.08695652173913043
COc1ccc(cc1OC)S(=O)(=O)N2CCC([NH+](C)C)CC2,-2.0,22,-0.09090909090909091
CCS(=O)(=O)Cc1cnc(c(c1)[C@H](C)C2CC2)Oc3ccc(F)cc3F,-2.0,26,-0.07692307692307693
CN(C)CC[N@@H+](CC1)CC[C@H]1n(nnc2C)c2-c3cccc(n3)-c4cccc(c4)-c5csc(=O)[nH]5,-1.998,35,-0.05708571428571429
C1CCCN1c2ccc(cc2Cl)C[NH2+]CCc3ncc[nH]3,-1.997,21,-0.0950952380952381
Cc1cccc(c12)n(c([nH+]2)CCC)[C@H](c3cccnc3)C(=O)NC4CCCCC4,-1.995,29,-0.06879310344827587
CN1CC[NH+](CC1)CCNc2ccc(cn2)S(=O)(=O)c3[nH]ncc3-c4ccncc4,-1.995,30,-0.0665
COc1ccc(cc1)S(=O)(=O)c2ccc(cc2)-c(ccc3)c(c34)[nH+]cn4C,-1.994,27,-0.07385185185185185
COc(nn1)n(c12)nc(cc2)N3CCC(CC3)c4ccc(cc4)-c(cc5)cc(c56)ccn6CC(=O)[O-],-1.994,36,-0.05538888888888889
COc1ccc(c(C(F)(F)F)c1)CNn(c([nH+]2)SCCC(=O)[O-])c(c23)cccc3,-1.993,29,-0.06872413793103449
[NH3+]CCCCNCc1ccc(c(Cl)c1)NC23C[C@H]4C[C@@H](C3)C[C@H](C4)C2,-1.992,25,-0.07968
C#CCn1cnc(-c2cc[nH]n2)c1-c3ccc(OS(=O)=O)cc3,-1.991,23,-0.08656521739130435
CC(=O)N1[C@@H](C)C[C@@H](NS(=O)(=O)C(C)C)c(c12)cc(cc2)-c3ccco3,-1.991,26,-0.07657692307692308
Cc1cccc(c1C)Oc2nccc(n2)-c3c([C@@H]4OC[C@@H](O)[C@H]4O)[nH+]cn3C5CC[NH2+]CC5,-1.991,33,-0.060333333333333336
O=c1n(C)ncc(c1C)NCc2ccccc2NCC3(CCCC3)c4ccc([NH+](C)C)cc4,-1.988,33,-0.06024242424242424
Cc1cccc(c1)N2CCN(CC2)c3cccc(c3)[N-]S(=O)(=O)c4c(F)cccc4F,-1.987,31,-0.0640967741935484
c1cncc(c12)c([O-])c(C#N)c(n2)-c3ccc(cc3)-c4c[nH]c[nH+]4,-1.987,24,-0.08279166666666667
CS(=O)(=O)[N-]c1ccc(cc1)[C@H]2CCC(=O)NC2=O,-1.987,19,-0.10457894736842106
N#CCCN(C)c(c(c12)cc(Br)cc2)nc(n1)NCCc3cc[nH+]cc3,-1.986,26,-0.07638461538461538
CC(C)NC(=O)c(c1)[nH+]c(n12)cc(cc2)NC(=O)c3c(cnn3C)C(=O)N4CCOCC4,-1.984,32,-0.062
Cc1cc([nH+][nH]1)[C@@H](C)NNc2ccccc2,-1.984,16,-0.124
CCc(nn1)n(c12)nc(cc2)S(=O)(=O)CCc3c(C)cc(cc3C)N(C4(C)C)C(=O)[N-]C4=O,-1.984,33,-0.060121212121212124
n1nc(C)n2nc(c(c3c12)cccc3)CCN4CCN(C)CC4,-1.983,23,-0.08621739130434783
COc1ccc(nn1)N2CCN(CC2)c(cc3)c4[nH]c(cc(c4c35)c(O)n5C)N6CC[NH+](C)CC6,-1.983,35,-0.05665714285714286
CC(C)(C)c(cc1)ccc1N(S(=O)(=O)CC)[C@H](c2cccnc2)C(=O)Cc3ccccn3,-1.982,32,-0.0619375
C1CNCCN1c(n2)nc(nc2OC)Nc3cc(S(=O)(=O)C)ccc3CC4CCOCC4,-1.981,32,-0.06190625
OCCOC[NH2+]CCCn(c(=O)n(c1=O)CCC)c(c12)nc([nH]2)C3CCCCC3,-1.98,29,-0.06827586206896552
c1cc(F)cc(c12)c(C(=O)[N-]S(=O)(=O)C)c(N)c(n2)N3CC[NH2+]CC3,-1.979,25,-0.07916000000000001
Cc1noc(C)c1-c(cc2)cc(c23)c(nc(n3)N[C@H](C)c4ncn[nH]4)N5CCOC[C@@H]5c6ccccc6,-1.977,37,-0.05343243243243243
C[C@H]1C[C@@H](C)CN(C1)Cc(n[nH]2)c(c23)cccn3,-1.977,18,-0.10983333333333334
C1CN(C)CCN1c2[nH+]c(N)nc(c2CC)Cc3[nH+]c(cn3C)-c4ccccc4,-1.977,29,-0.06817241379310345
c1ccccc1C(=O)c2ccccc2N[C@H](C(=O)[O-])Cc3ccc(cc3)-c(cc4)cc(c45)nccc5,-1.976,36,-0.05488888888888889
OCCOc1c(C)cc(cc1C)[NH+]2CCN(CC2)Cc3ccccc3,-1.976,25,-0.07904
CC(C)c(no1)c(c12)cc(cn2)C(=O)N3[C@@H](C)Cn(c34)c5c([nH+]4)cccc5,-1.976,27,-0.07318518518518519
C1COCC[N+]1=c(o2)cc(O)c(c23)scc3NCc4cccc[nH+]4,-1.976,24,-0.08233333333333333
CC(C)Cc([nH+]n1C)c(c1C)NCCC(=O)N,-1.975,17,-0.1161764705882353
CC[C@@H]([C@H](C)O)c1ccc(cn1)S(=O)(=O)[N-]c2c(C)[nH+]n(C)c2C,-1.972,24,-0.08216666666666667
o1nccc1-n2ncc(Cl)c2C(=O)Nc(cc3)cc(c34)[nH]c([nH+]4)-c5ccccc5,-1.972,29,-0.068
CC(=O)N[C@H]1CCN(C1)c2ccc(cc2F)C3=NO[C@@H](C3)C[N@H+]4C[C@@H](C)C[C@@H](C)C4,-1.97,30,-0.06566666666666666
CC(=O)N[C@H]1CCN(C1)c2ccc(cc2F)C3=NO[C@@H](C3)CNN[C@H](C)c4cc(C)[nH][nH+]4,-1.968,32,-0.0615
CCS(=O)(=O)[N-]c1ccc(C(=O)C(F)(F)F)c(c1)-c(cn(C)c2=O)c(c23)oc(c3)-c4c[nH]c[nH+]4,-1.967,34,-0.05785294117647059
N#Cc(c(N)[nH]1)c(c12)cc(cc2)-c3nnc([nH]3)-c4ccccc4,-1.967,23,-0.08552173913043479
c1c(Cl)ccc(c12)c(c(C(=O)[O-])[nH]2)[C@@H](C(=O)NC(C)(C)C)N(NC)Cc3ccc(Cl)cc3,-1.966,32,-0.0614375
COc(c1)c(OC)cc(c12)C[N@@H+](CC2)CC#C[Si](C)(C)C,-1.965,21,-0.09357142857142857
O=C1CC[C@@H](C(=O)N1)N(C2=O)C(=O)c(c23)c(ccc3)-c4ccc(cc4)CC(=O)N5CCOCC5,-1.963,34,-0.05773529411764706
CCCNC(=O)OC,-1.963,8,-0.245375
CCCc([nH+]1)n(C(=O)[C@@H](N)CO)c(c12)cccc2C,-1.962,19,-0.10326315789473683
O=C([O-])Cc1cnc([nH]1)C2CCCC2,-1.96,14,-0.13999999999999999
N#CCCN(CC1)CCC12N=C(NC2=O)c3ccc(OC(F)(F)F)cc3,-1.96,26,-0.07538461538461538
C[C@@H](O)Cc(cc1=O)oc(c12)c(c([O-])cc2O)[C@H]3CC[N@H+](C)C[C@H]3O,-1.959,25,-0.07836
Cc1nn(C)c(C)c1Cc(ccc2)c(c23)[nH+]cn3C,-1.958,19,-0.10305263157894737
COc1ccc(c(C)c1)NC(=O)[C@@H](c2ccc[nH+]c2)N(c3cc(on3)C(C)(C)C)CC[NH2+]CCO,-1.958,35,-0.05594285714285714
COc1ccc(cc1)Cn(nn2)c(c23)[C@@](C)(O)CC[C@H]3OC(=O)[C@H](O)[C@H](C)N,-1.957,28,-0.06989285714285715
COCCCNc1cnc[nH]1,-1.957,11,-0.1779090909090909
Cc1noc(C)c1-c(cc2)cc(c23)c(nc(n3)C[C@H](O)[C@H](N)CO)N4CCOC[C@@H]4c5ccccc5,-1.956,36,-0.05433333333333333
CCc(c1)nc(C)c(c12)c(c(c([n-]2)=O)C#N)-c3ccc(cc3)NC[C@H](C)N4CCOCC4,-1.955,32,-0.06109375
CC(=O)N1[C@@H](C2CC2)CN(S(=O)(=O)C(C)C)c(c13)cccc3,-1.955,22,-0.08886363636363637
Cc1noc(C)c1-c2ccc(=O)n(c2)N3CC[C@@H](C3)[N@H+](C)CCCN(C)C,-1.955,27,-0.0724074074074074
Cc1nn(C)c(C)c1[N-]S(=O)(=O)c2ccc([nH+]c2)NCCc3ccn(n3)C,-1.955,27,-0.0724074074074074
CNCc1ccccc1-c2csc(c2)[C@@H](C)c3nn(C)c(=O)cc3OC,-1.954,26,-0.07515384615384615
COCCNc(nc[nH+]1)c(c12)cc[nH]2,-1.954,14,-0.13957142857142857
o1nc(C)c(c12)cc(c(c2)NC)C(=O)Cc(cnc3)c(c34)c([O-])ccc4,-1.954,26,-0.07515384615384615
C[NH+]1CCN(CC1)c2ccc(cc2)[NH2+]CCN3CCOCC3,-1.952,22,-0.08872727272727272
CS(=O)(=O)[N-]c1cc(ccc1C)-c2nccs2,-1.951,17,-0.11476470588235295
CC(=O)NCCC[NH2+]Cc1ccc(c(Cl)c1)Nc2cc[nH+]cc2,-1.951,23,-0.08482608695652175
n1[nH]ccc1-c2ccc(cc2Cl)C[NH2+]CCc3cnc[nH]3,-1.95,21,-0.09285714285714286
c1cc(F)cc(c12)c(N[C@H](C)C(=O)[O-])c(C#N)c(n2)[C@H](C)c3ccc(s3)-c(cn4)n(c45)CCC5,-1.949,34,-0.05732352941176471
Cc1cccc(c1)-c2nc(C(=O)[O-])c(-c(cc3)cc(c3=4)=NC(=O)N4)n2-c5cc(Cl)ccc5C,-1.948,33,-0.05903030303030303
c1ccccc1-n(nc2C)c(C)c2/C=N/c3ccc(cc3Cl)CNCCc4c[nH]cn4,-1.948,31,-0.06283870967741935
C1COCCN1c(o2)cc(=O)c(c23)scc3NCc4cccc[nH+]4,-1.947,24,-0.081125
COc(c1)cccc1-c(ncn2CC#C)c2-c3[nH+]c(N)nc(c3CC)N4CCCCC4,-1.946,31,-0.06277419354838709
NS(=O)(=O)c1ccc(cc1)-c2ccc(F)c(F)c2F,-1.946,19,-0.10242105263157894
CC(C)N(CC1)CCN1c(ccc2C)cc2S(=O)(=O)NC3CCCC3,-1.945,25,-0.07780000000000001
O=C([O-])c1ccccc1NC(=O)c2ccc(N3CCCOC3=O)c(c2)Oc4ccccc4,-1.945,32,-0.06078125
CC(C)(O)Cn1cc(c[nH+]1)NCC[NH3+],-1.944,14,-0.13885714285714285
C1OCC1N(CC2)CCN2Cc(cc3C)cc(C)c3Nc4ccnc(n4)Nc5ccc(C#N)cc5,-1.944,35,-0.055542857142857144
CSc1ccc(cc1)C(=O)N2CCC(CC2)NC(=O)[C@@H](N)Cc(c[nH]3)c(c34)cccc4,-1.944,31,-0.06270967741935483
Cc(n1)c(C)n(c12)nc(cc2)[C@@H]3CCCC[C@@H]3[C@H](O)C4CCCCC4,-1.943,25,-0.07772
O=S1(=O)C(F)(F)[C@H]([O-])c(c12)c(C(F)F)c(cc2)-n3cncn3,-1.943,22,-0.08831818181818182
COc1ccc(cc1)S(=O)(=O)c2ccc(cc2)CN3CCCCC3,-1.943,24,-0.08095833333333334
C[NH+](C)CCN1CC[C@H](C1)n2cnc(-c3ccc(C(F)(F)F)cc3)c2-n(cc4)c(=O)n(c45)ccn5,-1.943,35,-0.05551428571428572
[nH]1nccc1OC[C@H]2CCCO2,-1.942,12,-0.16183333333333333
FC(F)(F)c(cc1)ccc1-c([nH+]cc2C)n2Cc3ccccc3,-1.942,23,-0.08443478260869565
C1CCCC12N3N(C(=O)CC3)C[C@H]2C(=O)S(=O)(=O)c(cc4)cc(c45)scn5,-1.941,27,-0.07188888888888889
CC[NH+]1CCN(CC1)c([nH+]2)n(c(c23)cccc3)CC4CCOCC4,-1.94,24,-0.08083333333333333
c1cc(Br)c(O)c(c12)nc(N)cc2C(=O)c3ccsc3C(=O)[O-],-1.94,23,-0.08434782608695653
C[N@H+]1CC[C@@H]([C@H](O)C1)c(c([O-])cc2O)c(c23)oc(cc3=O)-c4ccccc4C(=O)c5ccccc5,-1.94,35,-0.055428571428571424
O=C([O-])c1cccc(c1)N2CCN(CC2)C(=O)[C@@H](c3ccc(Cl)cc3)c4cccnc4,-1.939,31,-0.0625483870967742
COc1ccccc1S(=O)(=O)Nc(cc2)c3[n-]c(cc(c3c24)c(O)n4C)NC5CCCCCC5,-1.939,34,-0.057029411764705884
C[NH+]1CCN(CC1)CCNc2ccc(cn2)S(=O)(=O)c3n[nH]cc3-c4ccncc4,-1.936,30,-0.06453333333333333
OCC[NH2+]CCc1nnc(C)c(c12)ccc(c2)N3CC[NH2+]CC3,-1.936,23,-0.08417391304347825
C1CC1[N@H+]2C(C)(C)C(=O)N(C)c(c23)ccc(c3)Nc4cc(F)cc(F)c4,-1.934,26,-0.07438461538461538
c1ccc(C)c(c12)nc([nH]2)CC[NH2+]Cc3ccc(c(Cl)c3)-c4nnc([nH]4)-c5ccc(F)cc5,-1.934,33,-0.058606060606060606
Cc1nc([N+](=O)[O-])cn1S(=O)(=O)c2c(Cl)cc(Br)cc2Cl,-1.933,21,-0.09204761904761904
COC(=O)c1ccc(c(Cl)c1)C[N@@H+](CC2)CC[C@@]2(O)Cn(cn3)c(c34)nc[n-]c4=O,-1.932,30,-0.0644
C1CCCC1n(c(c2)C(=O)N(C)C)c(c23)nc(nc3)N4CCC(CC4)c5nc(no5)-c6cccs6,-1.931,35,-0.05517142857142857
FC(F)(F)c(n1)nc(n12)nc(C)cc2N3CCN(C(C)C)CC3,-1.931,23,-0.08395652173913044
FC(F)(F)CCNC(=O)c1ccc(cc1)C#CCNc2ccc(cc2)C[NH+]3CCCCC3,-1.931,32,-0.06034375
CN1CC[NH+](CC1)C2CCN(CC2)[C@H]3CC[N@@H+](C)C3,-1.93,19,-0.10157894736842105
CC(=O)NCCC[NH2+]Cc1ccc(c(Cl)c1)-c2cn[nH]c2C,-1.929,22,-0.08768181818181818
O=C([O-])CCCCCc(nc1N)cc([nH+]1)N2CCCCC2,-1.928,21,-0.09180952380952381
C1C[C@@H](O)c(c12)c(C(F)(F)F)ccc2N3CCN(CC3)C4COC4,-1.928,24,-0.08033333333333333
C1CC1c(n2)cccc2[C@H](CC)c3cn(C)c(n3)COc(cc4)nn(c45)c(C)c(n5)C,-1.927,31,-0.062161290322580644
Cc1cccc(c1)N2CCN(CC2)CCN(C)C,-1.927,18,-0.10705555555555556
FC(F)(C1)[C@@H](O)c(c12)c(S(=O)(=O)C)sc2-c3ccc(c(c3)CN)OCc4cncs4,-1.927,30,-0.06423333333333334
COC(=O)N(CC1)CCC12CN(C2)c3ccc(S(=O)(=O)C(F)F)cc3[N+](=O)[O-],-1.927,28,-0.06882142857142858
Cc1c(C)sc(c12)n3c(nnc3C)[C@H](CC(=O)C(=O)C)N=C2c4ccc(Cl)cc4,-1.926,29,-0.06641379310344828
CC(=O)N1[C@@H](C2CC2)CN(c(c13)cccc3)N[C@@H]4CC[N@H+](CC4)Cc(c[nH]5)c(c56)cc(C)cc6,-1.926,34,-0.05664705882352941
n1nc(C)n(c12)c3c(N([C@H](C)C(=O)[O-])C[C@H]2C)cc(cc3)-c4ccc(N)[nH+]c4,-1.925,28,-0.06875
CC[C@H](C)[C@H](N)C(=O)[N-]S(=O)(=O)[C@H](C)c1ccc(cc1)-c2c(C)noc2C,-1.925,27,-0.0712962962962963
c1ccccc1-c2n(-c(cc3)cc(c3=4)=NC(=O)N4)nc(c2C)C(=O)NC56C[C@H]7C[C@@H](C6)C[C@H](C7)C5,-1.925,35,-0.055
n1nc(C)n(c12)c3c(cccc3)N(C[C@H]2C)n(c(c4)CCCC(=O)[O-])c(c45)ccc(Cl)c5,-1.923,32,-0.06009375
C1CC1Nc([nH+]2)cc(nc2N)NCC3([NH3+])CCCCC3,-1.922,20,-0.09609999999999999
CCCC(=CC1=O)N=C([N+]1=2)N=C(N2)Cn(c([nH+]3)SCCC(=O)[O-])c(c34)cccc4,-1.922,29,-0.06627586206896552
Cc1ccc(Cl)cc1-c2cc([S@](=O)C)c(C#N)c(=O)[nH]2,-1.922,20,-0.09609999999999999
CNc1[nH+]c(N)nc(c1CC)Cc2ccc(Cl)c(c2)O[C@@H](C)C(=O)[O-],-1.921,25,-0.07684
C[C@@H]1C[NH2+]CCCN1S(=O)(=O)c2ccccc2Cl,-1.92,18,-0.10666666666666666
CCS(=O)(=O)Cc1cnc(c(c1)S(=O)(=O)c2cccs2)Oc3ccc(F)cc3F,-1.92,29,-0.06620689655172414
OCCO[C@H](N(C)C(=O)N1)c(c12)cc(cc2)N(C3(C)C)C(=O)[N-]C3=O,-1.919,25,-0.07676
CNC[C@@H](O)CC(=O)[C@H](C(C)C)NC(=O)C1CCCCC1,-1.919,21,-0.09138095238095238
Cc1nnn(C)c1-c(c2)c(F)cc(c23)c4c(cc(cn4)C(C)(C)O)n3-c5[nH]nc(n5)-c6ccccc6,-1.919,36,-0.05330555555555556
COc(cc1)cc(c12)c(CCNC(=O)C)c([nH]2)C(=O)c3cc(c[n-]3)C(=O)c4c(Cl)cccc4Cl,-1.918,34,-0.05641176470588235
CNCc1ccc(cc1)-c(cc2)cc(c23)[C@@H](C[C@H](C)N3C(=O)C)[NH2+]CCCNS(=O)(=O)C,-1.917,32,-0.05990625
O=S(=O)Oc1ccc(cc1)-c2ccc(cc2)C[NH+]3CCCCC3,-1.915,23,-0.08326086956521739
CC(=O)NCCCNCc1ccc(c(Cl)c1)-c(cn(C)c2=O)c(c23)oc(c3)-c4c[nH]cn4,-1.915,32,-0.05984375
CN(C)CC[N@H+]1CC[C@H](C1)c(ccc2)n(c23)nc(n3)N,-1.914,20,-0.0957
c1cncc(c12)c([O-])c(C#N)c(n2)-c3cccc(c3)[N-]S(=O)(=O)c4cccs4,-1.913,28,-0.06832142857142857
Cc1cccc(n1)[C@@H]2N(CCc(c23)scc3)c4cc([nH+]c(n4)N)N5CCN(CC5)C6COC6,-1.904,33,-0.05769696969696969
Cc1cccc(c12)n(c(n2)CCC)S(=O)(=O)c(c3)c(C)cc(c34)n(C)c(=O)n4C,-1.903,29,-0.06562068965517241
[NH3+]c1ccc(cc1)NNc2ccncc2,-1.903,15,-0.12686666666666666
C=CCOCC/C=C/C/C=C/CC,-1.903,13,-0.1463846153846154
CN(C)CCC[N@H+](C)[C@H]1CCN(C1)c2cccc(Cl)c2Cl,-1.902,21,-0.09057142857142857
CN1CCN(CC1)CCNc2ccc(cn2)S(=O)(=O)C3CC3,-1.901,22,-0.08640909090909091
O=C([O-])c1cc(C)nc(c12)n(nc2C(C)C)-c3ccc(cc3)S(=O)(=O)NCCC(C)C,-1.9,31,-0.06129032258064516
c1cccc(c12)c(c[nH]2)C[C@H]([NH3+])C(=O)NC3CCN(CC3)CCc4cnc[nH]4,-1.9,28,-0.06785714285714285
COc(c1)cccc1-c([nH+]cn2CC#C)c2C/C=C(/C)CCC(=O)[O-],-1.899,25,-0.07596
Cc1cc[nH+]c(c1)CCCCCC(=O)Cc(cnc2)c(c23)c(O)ccc3,-1.899,26,-0.07303846153846154
CN(C)CCN1CCN(CC1)C(=O)C2CCCCC2,-1.899,19,-0.09994736842105263
c1c(Cl)ccc(c12)c(c(C(=O)[O-])[nH]2)[C@@H](C(=O)NCCC)N(C=O)Cc3ccc(Cl)cc3,-1.898,31,-0.0612258064516129
Cc1cc(C)cc(c1)Oc2nccc(n2)-c3c(CC4CCOCC4)[nH+]cn3[C@H]5CCN(C5)CC[NH3+],-1.898,35,-0.054228571428571425
C1CN(C)CCN1c(cc2)cc(c23)n(CCCCCC)c(n3)-c(c4)nc(NC)c(n45)nnc5C,-1.898,34,-0.0558235294117647
CCCCCc1ncc(C)n1Cc2ccccc2OCCC[C@@H](C)CC(=O)[O-],-1.898,28,-0.06778571428571428
CC(C)(C)c(on1)cc1N(C(=O)CC)[C@@H](C(=O)[N-]S(=O)(=O)C)c2cccnc2,-1.897,28,-0.06775
COc(cc1)cc(c12)[nH+]c([nH]2)CCN3CC[N+](CC3)=C(N4)CSc(c45)cccc5,-1.896,29,-0.06537931034482758
C1CCCCC1c2n[nH+]c(C)c(c23)ccc(c3)N4CCNCC4,-1.894,23,-0.08234782608695652
Cn1c(=O)n(C)c(c12)cc(c(C)c2)S(=O)(=O)c3ccc(cc3Cl)CNCCCO,-1.894,29,-0.0653103448275862
c1ccccc1-n(nc2C)c(C)c2/C=N/c3ccc(cc3Cl)CNCCc4cnc[nH]4,-1.894,31,-0.061096774193548385
c1cc(Br)c(O)c(c12)nc(N)cc2-c3c[nH+]c[nH]3,-1.893,18,-0.10516666666666667
COc(c1)c(OC)cc(c12)C[N@@H+](CC2)CCc3ccc(cc3)Nc4n[nH]c(n4)-c5ccc(F)cc5,-1.893,35,-0.054085714285714286
CCCCCCCCCCC[NH2+][O-],-1.892,13,-0.14553846153846153
C[NH+]1CCN(CC1)C2CCN(CC2)NCCCCc3ccccc3,-1.892,24,-0.07883333333333332
CNCc1ccccc1-c(n2)n(C)c(c23)c(=O)n(c(=O)n3C)Cc4ccc(Cl)c(Cl)c4,-1.89,31,-0.06096774193548387
COc1cc(C)c(c(C)c1C)S(=O)(=O)c2ccc(S(=O)(=O)C(F)F)cc2[N+](=O)[O-],-1.89,29,-0.06517241379310344
COc1ccc(nn1)N2CC[NH+](CC2)Cc3ccc(C)cc3,-1.89,22,-0.08590909090909091
CN1C(=O)[C@@H](C)N(C2CC2)c(c13)cc(cc3)CCCCCc4cccc[nH+]4,-1.889,27,-0.06996296296296296
O=C([O-])CCSc(n1)n(c(c12)cccc2)CC[NH2+]CC3CCC3,-1.889,23,-0.0821304347826087
Fc1ccc(cc1)-c2[nH]nc(n2)C([N-]3)=CSc(c34)cccc4,-1.888,22,-0.08581818181818181
C1CC1c([nH+]2)cccc2[C@H](CC)CC[N@@H+]3CCN(C)C(=O)[C@H]3C,-1.887,23,-0.08204347826086957
[nH+]1ccn(c12)c(=O)n(cc2)N3CCN(CC3)c4ccc(C(F)(F)F)cc4,-1.887,26,-0.07257692307692308
COc1ccc(cc1)Cn(nn2)c(c23)[C@@](C)(O)CC[C@H]3OC(=O)N4CC[NH+](CC4)Cc5ccccc5,-1.886,36,-0.05238888888888889
CCOC(=O)c1csc([nH+]1)N2CCN(CC2)c3cccc(F)c3,-1.884,23,-0.08191304347826087
O=c1[nH]ccn(c12)c(cc2C)-c(c3)c(ncc3CS(=O)(=O)CC)-c4ccccc4C(=O)[O-],-1.883,32,-0.05884375
Cc1[nH+]n(C)c(C)c1CCCC(F)(F)F,-1.883,15,-0.12553333333333333
C1CNCCN1C(=O)[C@@H](C2)Oc(c23)c(cc(Cl)c3)[C@H]4CCOC4,-1.883,23,-0.0818695652173913
CS(=O)(=O)N1CC[C@@H](C1)c2ccc(cc2Cl)CNCCc3[nH+]cc[nH]3,-1.883,25,-0.07532
COCCC[NH2+]NCc1ccc(cc1)-c2c(C)noc2C,-1.882,21,-0.08961904761904761
Cc1nn(C)c(C)c1[N-]S(=O)(=O)c2c(Cl)cc(cc2Cl)-n3nccn3,-1.881,25,-0.07524
Cc1ccccc1CN(c2ccc(C#N)c(Cl)c2)[C@H]3CCN(C3)N4CCN(C)C(=O)[C@H]4C,-1.881,32,-0.05878125
c1cc(Br)c(O)c(c12)nc(N)cc2-c3cnc[nH]3,-1.88,18,-0.10444444444444444
N#Cc1cccc(c12)n(c(n2)C)N(c3cc(on3)C(C)(C)C)[C@@H](C(=O)NC(C)(C)C)c4cccnc4,-1.88,36,-0.05222222222222222
O[C@@H](C1)CCCN1c(oc2C)[nH+]c2CCCc3ccc(cc3)C[C@@H](C(=O)[O-])n4cccc4,-1.879,32,-0.05871875
O=C(C1)NC[C@@H]1[C@@H](C)Oc(c(c23)ccc[nH+]3)cc(c2)-c4ccc(F)c(F)c4F,-1.879,28,-0.06710714285714285
CCCCCCC/C([O-])=C/C(=O)SCCNc1nc(cs1)C(=O)OCC,-1.877,26,-0.0721923076923077
Cc1ccc(Cl)cc1-c2ccc(S(=O)(=O)C(F)F)cc2[N+](=O)[O-],-1.877,23,-0.08160869565217391
O=c([nH]1)[nH]c(=O)cc1C(=O)N2CCN(CC2)c(ccc3)c(c34)cccc4,-1.875,26,-0.07211538461538461
CC(C)(C)c(n[nH]1)cc1N(C(=O)CC)[C@H](c2cccnc2)C(=O)C(=O)c3ccc(SC)cc3,-1.875,33,-0.056818181818181816
Clc1c(F)ccc(Cl)c1[C@@H](C)Oc2cc(-n3nccn3)cnc2N,-1.875,24,-0.078125
Cc1ccn(C)c(=O)c1-c2cnc(Cl)c(c2)-n(c(C)c3)c(c34)cc(cc4)-n5cc[nH+]c5,-1.875,31,-0.06048387096774194
O=C1[N-]C(=O)[C@@H](S1)Cc2ccc(cc2)-c(ccn3)c(c34)cccc4,-1.875,24,-0.078125
c1cc(Cl)ccc1[C@@H](c2cccnc2)C(=O)NCCOc3ccc(cc3)C[C@@H]4SC(=O)[N-]C4=O,-1.875,34,-0.05514705882352941
FC(F)(F)C(=O)N[C@@H](C(C)(C)C)C(=O)N(C1)[C@@H]([C@H]([C@H]12)C2(C)C)C(=O)c3cnc([nH]3)C4CCC4,-1.874,33,-0.05678787878787879
Cc1[nH+]n(C)c(C)c1[N-]S(=O)(=O)c2ccc(nc2)Nc3cc(Cl)cc(Cl)c3,-1.872,27,-0.06933333333333334
Cc1nc(CN(C)C)ccc1N2CCCC2,-1.872,16,-0.117
CC(C)Oc(c1)c(C(=O)N)cc(c12)nccc2-c3c[nH+]c([nH]3)C4CCC4,-1.87,26,-0.07192307692307692
Cc1cc(OC)cc(c12)c(c3c(n2)[nH]nc3C)Cc4ccc(=O)n(C)c4,-1.869,26,-0.07188461538461538
c1cc(Br)ccc1CNc(c2)c(ccc2C(=O)[O-])[N@H+]3CC[C@@H](CC3)N4CCCOC4=O,-1.867,31,-0.0602258064516129
c1cc(Cl)ccc1S(=O)(=O)Nc(c(C#N)c2)cc(n23)nc(c3)-c4ccccc4,-1.866,28,-0.06664285714285714
Cc1noc(C)c1-c(cc2)cc(c23)c(nc(n3)C[C@H](O)[C@H]([NH3+])CO)N4CCOC[C@@H]4c5ccccc5,-1.865,36,-0.051805555555555556
COc1ccc(cc1)Cn(nn2)c(c23)[C@](C)(O)CC[C@H]3Oc4ccc(N)[nH+]c4,-1.864,28,-0.06657142857142857
COc1ccc(cc1)Cn(nn2)c(c23)[C@](C)(O)CC[C@H]3Oc4ccc(C(F)(F)F)cc4,-1.864,31,-0.06012903225806452
Cc1ccc(cc1)S(=O)(=O)c2c(C)ccn(c2=O)Cc([nH]n3)c(c34)cccn4,-1.864,28,-0.06657142857142857
c1ncc(C)c(c12)c(ccc2)S(=O)(=O)C(=O)CC[C@H]3c(ccc(c4)O)c4Oc(c35)cc([O-])cc5,-1.864,34,-0.05482352941176471
CC(C)(O)Cc(c(C)[nH+]1)n(c12)ccnc2N3CCOCC3,-1.863,21,-0.08871428571428572
COc(nn1)ccc1-c(c2CC)nc(N)nc2N3CCN(C)CC3,-1.863,24,-0.077625
C[C@H]1COC(=N1)c2ccc(cc2)C(=O)[C@H](O)[C@H](C)N,-1.863,19,-0.09805263157894736
CC1CCN(CC1)c(cc2[O-])oc(c23)c(c(=O)cc3O)[C@H]4CC[N@H+](C)C[C@H]4O,-1.861,28,-0.06646428571428571
Cc1c[nH+]cc(c1)-c2ccc(cc2)OCC(=O)NCC[NH3+],-1.859,21,-0.08852380952380952
Cc1cc(F)cc(C)c1-c(cc(n2)N)c(c23)ccc(Br)c3[O-],-1.859,22,-0.0845
C[NH+](C)CC[N@H+]1CC[C@H](C1)CCc2c[nH+]c[nH]2,-1.859,17,-0.10935294117647058
C1OCC1N(CC2)CCN2c([nH+]3)cc(nc3N)NCCC(c4ccccc4)c5ccccc5,-1.857,33,-0.05627272727272727
CN1CC[C@@H](C1)N(C)c(nc2C[C@H](O)CO)nc(c23)cc(s3)C(C)(C)C,-1.857,26,-0.07142307692307692
COc1ccc(cc1)Cn(nn2)c(c23)[C@@](C)(O)CC[C@H]3ON[C@@H](Cn4cc[nH+]c4)c5ccccc5,-1.856,35,-0.05302857142857143
Cc([nH+]1)c(C)n(c12)nc(cc2)-c3ccccc3OCCCC(=O)[O-],-1.855,24,-0.07729166666666666
CC(=O)N[C@H]1CC[N@H+](C1)N2CCC(CC2)CCC(=O)NCc3ccc(cc3)N4CCCCC4,-1.854,33,-0.05618181818181819
C1COCCN1c2nccn(c23)c(c(n3)C)-c4cnn(c4)-c5ccc(cc5)C[NH+]6CCCCC6,-1.853,34,-0.0545
C1CN(C)CCN1c2nc(N)[nH+]c(c2CC)Cc3[nH+]c(cn3C)-c4ccccc4,-1.853,29,-0.06389655172413793
O[C@@H]1C(F)(F)Cc(c12)c([C@](C)(C(=O)[O-])CC)ccc2S(=O)(=O)C(F)F,-1.852,25,-0.07408000000000001
C1COCCN1c(c2)cc(C)c(c23)[nH+]c([nH]3)-c4ccc(cc4)-c(ccc5)c(c56)ncn6C,-1.852,32,-0.057875
c1cc(C)cc(c12)[nH]c(n2)CCN(C[C@H]3C)c(c4n(c35)c(nn5)C)cc(cc4)-c6ccc(N)nc6,-1.851,35,-0.052885714285714286
C[NH2+]Cc1ccc(cc1)-c(cc2)cc(c23)[C@@H](C[C@H](C)N3C(=O)C)NC(=O)c4c(C5CC5)[nH]nc4C,-1.851,35,-0.052885714285714286
C1CC1S(=O)(=O)Nc2ccc(c(C(F)(F)F)c2)CNCCNc(n3)sc(c34)cccc4,-1.85,31,-0.05967741935483871
CC(C)(C)Nc(c1)c(C#N)cn(c12)cc([nH+]2)-c3ccccc3,-1.85,22,-0.08409090909090909
CC[C@](C)(C(=O)[O-])Oc1ccc(cc1)CC[NH+]2CCN(CC2)Cc3ccccc3,-1.849,29,-0.06375862068965517
c1c(Cl)ccc(c12)c(c(C(=O)[O-])[nH]2)[C+](C(=O)OC(C)(C)C)N(C=O)Cc3ccc(F)c(F)c3,-1.848,33,-0.056
Cc1cc(on1)[C@@H](C(C)C)C(=O)c(n2)n(Cc3ccccc3)c(c24)cc(cc4)N5CCN(C)CC5,-1.847,35,-0.05277142857142857
C[NH2+]Cc1ccc(cc1)-c(cc2)cc(c23)[C@H](NS(=O)(=O)C4CC4)C[C@H](C)N3C(=O)C,-1.846,30,-0.061533333333333336
Clc1cc(Cl)ccc1-c2ccc(cc2OCC)C(=O)N3CCC(CC3)[NH+]4CCN(C)CC4,-1.846,32,-0.0576875
Cc1cccc(C)c1C(=O)c2c(Cl)cnn2CC(C)C,-1.846,20,-0.09230000000000001
CNC(=O)c1cccc(c1)S(=O)(=O)C(=O)C2CCN(CC2)S(=O)(=O)c3c(C)cc(C)cc3C,-1.845,33,-0.05590909090909091
C1CN(C)CCN1c2nc(N)nc(c2CC)-c3ccccc3OCCCC(=O)[O-],-1.845,29,-0.06362068965517241
Cc1cccc(c1C)C(=O)[C@@H]([NH3+])CC(C)C,-1.844,16,-0.11525
CC(C)C[NH2+]CC(=O)c(cc1=O)oc(c12)c(c(O)cc2O)[C@H]3CC[N@H+](C)C[C@H]3O,-1.844,29,-0.06358620689655173
C[NH+](C)CCN(CC1)CCC1n(nnc2C)c2NCCNC(=O)NC3CCN(CC3)c4ccccn4,-1.842,36,-0.051166666666666666
C[N@H+]1CC[C@@H](C1)N(C)c([nH+]c(c23)cc(s3)C(C)(C)C)nc2Nc4ccncc4,-1.84,28,-0.06571428571428571
O=C(N=1)N=c(c12)cc(cc2)-c3cc(ccc3Cl)OCc([nH]n4)c(c45)cccn5,-1.84,28,-0.06571428571428571
C1CC(F)(F)[C@@H](O)c(c12)c(S(=O)(=O)C)sc2-c3ccc(S(=O)(=O)N)cc3,-1.839,26,-0.07073076923076924
O=c1[nH]c(=O)n(cc1C)C2CCN(CC2)C(=O)c3ccc(s3)-n(c(n4)C)c(c45)cccc5C#N,-1.839,34,-0.054088235294117645
COc1cccc(c1)C/C(=N/[H])NC(=O)c2cc(Cl)ccc2S(=O)(=O)c3ccc(F)c(C)c3,-1.838,32,-0.0574375
COc1nc(N(C)C)[nH+]cc1N2CCN(CC2)c3ccc(Cl)cc3,-1.837,24,-0.07654166666666666
[nH+]1ccn(c12)c(=O)n(cc2)-c3csc(C(F)(F)F)c3,-1.835,19,-0.09657894736842106
COC(=O)c1ccccc1S(=O)(=O)C(=O)c2ccc(cc2)-c3ccoc3,-1.834,26,-0.07053846153846154
CC(=O)N1CCC(CC1)CN[NH+]2CCN(CC2)C(=O)CC3(CC(=O)[O-])CCCC3,-1.833,29,-0.06320689655172414
COc1cc(=O)n(C)nc1-c2ccccc2N3CCS[C@@H](CC3)c4cccs4,-1.831,28,-0.06539285714285714
n1nc[nH]c1[C@@H](C)NNc2cc(C(=O)[O-])ccc2[N@H+]3CC[C@@H](CC3)N4CCCOC4=O,-1.831,31,-0.059064516129032255
CCc1ccccc1-n2c(nccc3)c3cc4n(C)c(=O)c(c4c25)ccc5,-1.826,27,-0.06762962962962964
CN1C(=O)[C@@H](C)N(C2CC2)c(c13)cc(cc3)C(=O)c4ccc(S(=O)(=O)N)cc4,-1.826,28,-0.06521428571428571
COc1ccc(nn1)N2CC[NH+](CC2)[C@H](C[C@H](C)N3C(=O)C)c(c34)cc(cc4)-c5ccn[nH]5,-1.824,33,-0.05527272727272727
Cc1nc(CN(C)C)ccc1-c2ccc(cc2C[NH3+])-c(cc3)cc(c34)nc(N)cc4C,-1.824,31,-0.05883870967741936
c1cc[nH+]cc1Cc2ccsc2,-1.824,12,-0.152
COc1ccc(cc1)Cn2nnc(n2)C(=O)Cc3ccc(Cl)c(=O)[n-]3,-1.823,25,-0.07292
CCCCCCC/C([O-])=C/C(=O)SCCNn(cc1)c(=O)n(c12)ccn2,-1.823,26,-0.07011538461538461
C[C@H]1CC[C@@H](CC1)C[NH+](CC2)CCC23Oc4c(O3)cccc4,-1.82,22,-0.08272727272727273
c1cccc(O2)c1OC23CCN(CC3)NCc4ccc(cc4)[NH+]5CCCCC5,-1.82,28,-0.065
CC(C)CCNS(=O)(=O)c1ccc(cc1)-c(cn2)n(c23)CCC3,-1.819,23,-0.07908695652173912
Cc1cccc(c1)-c2nc(C(=O)[O-])c(-c3cccc(Cl)c3)n2N4CCCOC4=O,-1.819,29,-0.06272413793103448
FC(F)(F)c(n1)nc(n12)nc(C)cc2S(=O)(=O)c3ccc(nc3)NCC[NH+]4CCN(C)CC4,-1.819,33,-0.05512121212121212
n1ccc(OC)c(c12)cc(cc2)C(C)(C)C(=O)[O-],-1.817,18,-0.10094444444444445
Cc1cccc(c12)n(c(n2)CCC)[C@H]3CC[N@H+](C3)CC[NH3+],-1.816,21,-0.08647619047619048
OCCC[NH+]1CCN(CC1)c2ccc(Cl)c(Cl)c2,-1.816,18,-0.10088888888888889
CCc1cccc(C)c1Nc2ccc(cn2)S(=O)(=O)[N-]c3c(C)[nH+]n(C)c3C,-1.816,28,-0.06485714285714286
CC/C=C/CCc1c[nH+]c([nH]1)C2CCC2,-1.816,15,-0.12106666666666667
CC(=O)NCCC[NH2+]Cc1ccc(c(Cl)c1)Nc2ccncc2,-1.816,23,-0.07895652173913044
CCCCCCCCCCCCc1nc(OC)nc(n1)N2CCNCC2,-1.815,26,-0.0698076923076923
C1CC1Nc(c2CC)[nH+]c(N)nc2-c(cc3)cc(c34)N(C5CC5)[C@@H](C)C(=O)N4C,-1.814,29,-0.06255172413793103
C1CCCC1n(c(c2)C(=O)N(C)C)c(c23)nc(nc3)-c(cn(C)c4=O)c(c45)oc(c5)-c6c[nH]c[nH+]6,-1.813,35,-0.0518
C1COCCN1c(ncn2)c(c23)cc(c(c3)OC)CC[C@H](NC(=O)[C@H](O)[C@H](C)N)Cc4ccccc4,-1.812,36,-0.050333333333333334
c1ncccc1[C@H](C(=O)S(=O)(=O)C(C)C)N(C(=O)c2ccco2)c3ccc(C(C)(C)C)cc3,-1.811,33,-0.054878787878787874
C1OCC[C@@H]1Oc(c(c2)OC)cc(c23)c(nc(n3)C)C(=O)N4CCS[C@@H](CC4)c5cccs5,-1.81,33,-0.05484848484848485
C1CC1Nc([nH+]c2N)cc(n2)N3CCN(CC3)[NH2+]C4CCCCC4,-1.81,24,-0.07541666666666667
c1ncc(C)c(c12)c(ccc2)S(=O)(=O)c3cnc([nH]3)C4CCC4,-1.809,23,-0.07865217391304348
CN1CC[C@@H](C1)[NH2+]CCCNC(=O)c2ccc(F)cc2,-1.808,20,-0.09040000000000001
Clc(c1)cccc1[C@H]2[C@H]([NH3+])CN(C3CC3)[C@]24c5c(NC4=O)cc(Cl)cc5,-1.808,26,-0.06953846153846154
c1nccn1C[C@@H](c2ccccc2)NC(=O)c3ccc(cc3)Nc4cc[nH+]cc4,-1.807,29,-0.062310344827586205
Clc(c1)cccc1-c2c(Cl)c(ccc2S(=O)(=O)C)[C@@H](O)[C@@H]3[C@H](O)CCC[C@H]3O,-1.806,28,-0.0645
O=C1[N-]C(=O)N(C1(C)C)n(nc2C)c(C)c2/C=N/N3CC[NH+](CC3)Cc4ccccc4,-1.806,31,-0.058258064516129034
c1cc(Br)c([O-])c(c12)nc(N)cc2-c3c[nH]c[nH+]3,-1.805,18,-0.10027777777777777
C1OC[C@H]([C@H]12)[C@@H]2Nc3ccc(cc3Cl)C[NH2+]CCc(n4)[nH]c(c45)cccc5,-1.805,27,-0.06685185185185184
Cc1nnn(c1CC#N)C2CCN(CC2)CCN(C)C,-1.804,20,-0.0902
CCCN[N@H+]1CC[C@@H](CC1)CN(C2)C(=O)C(=C23)[C@@H](c4ccc(C)cc4)c5c(N3)n(CC)c(=O)[nH]c5=O,-1.804,36,-0.05011111111111111
COC(=O)CC(=O)NCCCc(n[nH+]c1C)c(c12)cc(cc2)N3CCNCC3,-1.804,28,-0.06442857142857143
O=[N+]([O-])c1cc(S(=O)(=O)C(F)F)ccc1-c2[nH]nc(n2)-c3ccc(F)cc3,-1.802,27,-0.06674074074074074
CN1CCN(CC1)CCNc2ccc(cn2)S(=O)(=O)c3n[nH]cc3-c4ccncc4,-1.801,30,-0.060033333333333334
CCCCCCCCCCCCC(=O)OC[C@@H](COP(=O)([O-])[O-])c1c(C)nn(C)c1C,-1.8,31,-0.05806451612903226
C1CCN1c([nH]2)cnc2C3CCC3,-1.8,13,-0.13846153846153847
c1ccccc1-n(nc2C)c(C)c2/C=N/N3CCN(CC3)N4CCN(CC4)c5ccc(Cl)cc5,-1.799,34,-0.05291176470588235
Cc1onc(C)c1-c(ccc2C)cc2S(=O)(=O)c3cc(F)cnc3Cl,-1.798,25,-0.07192
CC[C@](C)(C(=O)[O-])C(=O)[C@H]1N(C[C@@H]([C@@H]12)C2(C)C)C(=O)[C@H](C(C)(C)C)NC(=O)C(F)(F)F,-1.798,31,-0.058
CCOC(=O)[C@@H]1C(C)=NC(C)=C(C(=O)c2cnc(C(=O)N)nc2)[C@H]1c3cccc(Cl)c3Cl,-1.797,32,-0.05615625
C=CC1=C(C)[C@@H](NC1=O)C(=O)c2cccc(c2)S(=O)(=O)N(CC3)Cc(c34)cccc4,-1.795,30,-0.05983333333333333
CCc(c1)nc(C)c(c12)c(c(C#N)c(=O)[nH]2)-c3ccc(cc3)NC[C@H](C)[NH+]4CCOCC4,-1.795,32,-0.05609375
FC(F)(F)Oc(cc1)ccc1C(N2)=NC(=O)C23CCN(CC3)OC[C@H]4CCCO4,-1.792,29,-0.06179310344827586
COC(=O)n1cc(C)c(=O)[n-]c1=O,-1.791,13,-0.13776923076923075
CC[C@](C)(C(=O)[O-])Oc1ccc(cc1)CCNCc2ccc(cc2)[C@@H]3C(C)=NCS3,-1.791,30,-0.059699999999999996
n1[nH]ccc1-c(cc2)cc(c23)[C@@H](C[C@H](C)N3C(=O)C)NCc4cc(C)ccc4C,-1.791,29,-0.061758620689655166
C1OCC1[NH+](CC2)CCN2c(n3)cc([nH+]c3N)NCCC(c4ccccc4)c5ccccc5,-1.79,33,-0.054242424242424245
Cc1ccc(cc1)[C@H](C)c2c(C)[nH+]n(C)c2C,-1.79,17,-0.10529411764705883
O=C(C1)NC[C@@H]1[C@@H](C)Oc(c(c23)cccn3)cc(c2)C(=O)Cc(c[nH+]c4)c(c45)c(O)ccc5,-1.789,33,-0.05421212121212121
c1cc(F)ccc1NS(=O)(=O)c2c(Cl)cc(cc2Cl)-c3ccnc(c3)N4CC[NH2+]CC4,-1.788,31,-0.05767741935483871
CC(C)NC(=O)c1c(Cl)cc(cc1Cl)C[NH2+]CCc(n2)[nH]c(c23)cccc3,-1.788,27,-0.06622222222222222
CCOC(=O)C1=C(C)N=C(C)[C@@H]([C@H]1c2cccc(Cl)c2Cl)C(=O)[C@H]3CCN(C3)CC[NH3+],-1.788,31,-0.05767741935483871
FC(F)(F)Oc(c1)ccc(c12)n(c(n2)C)N3CCOC[C@@H]3c4ccccc4,-1.788,27,-0.06622222222222222
COc1ccc(cc1)Cc2ccc(cc2Cl)CNCCc3ccc[nH]3,-1.787,25,-0.07148
O=c1n(C)cc(cc1C)-c(cc2)cc(c23)n(-c4ccc(C(=O)[O-])c(Cl)c4)c([nH+]3)C5CCOCC5,-1.786,34,-0.05252941176470588
Cc1cc(ccn1)-c2ccc(S(=O)(=O)N)cc2,-1.786,17,-0.10505882352941176
COc(cc1)cc(c12)c(CCC(=O)[O-])cn2-c3ccccc3CO,-1.785,24,-0.074375
CN1CCN(CC1)c2cc(F)c(c(F)c2)-c3cc(CO)ccc3F,-1.785,24,-0.074375
C[NH+]1CCN(CC1)c(c2)[nH]c3c(ccc(c3c24)n(C)c4O)-c5ccccc5OCCO,-1.784,31,-0.05754838709677419
s1cncc1Nc(c2CC)[nH+]c(N)nc2N3CC[NH+](C)CC3,-1.784,22,-0.08109090909090909
C[NH2+]Cc1ccc(cc1)-c(cc2)cc(c23)[C@@H](C[C@H](C)N3C(=O)C)NCCCNS(=O)(=O)C,-1.783,32,-0.05571875
CCc(c1)nc(C)c(c12)c(c(C#N)c(=O)[nH]2)N(CC3)[C@H](c(c34)ccs4)c5cccc(C)[nH+]5,-1.782,32,-0.0556875
C1C[NH2+]CCC1n(nnc2C)c2-c3cccc(n3)CC(c4ccccc4)c5ccccc5,-1.781,32,-0.05565625
c1ccccc1N[C@H](C[C@H](C)N2C(=O)C)c(c23)cc(cc3)-n(c(N)[nH+]4)c(c45)cccc5,-1.78,31,-0.05741935483870968
c1cccc(c12)C(=O)c3c(C2=O)nnn3-c4cc(F)c(c(F)c4)-n5cncn5,-1.78,28,-0.06357142857142857
COCCOC(=O)C1=C(C)NC(C)=C(C(=O)c2c[nH]cn2)[C@H]1c3cccc([N+](=O)[O-])c3,-1.778,31,-0.05735483870967742
c1cc(F)ccc1-c(o2)c(C(=O)NC)c(c23)cc(C4CC4)c(c3)Cc5ccccc5C(=O)[O-],-1.778,33,-0.05387878787878788
O=C([O-])CNS(=O)(=O)c1c(C)cc(cc1C)NC[C@H](C)[NH+]2CCOCC2,-1.778,26,-0.06838461538461539
CN1CC[C@@H](C1)n(nn2)c(c23)ccc(Cl)c3Oc4cc(Cl)cc(c4Cl)C[NH3+],-1.777,27,-0.06581481481481481
Cc1cc(C)c(c(C)c1)-c2ccc(cc2Cl)CNCCc3[nH+]cc[nH]3,-1.776,25,-0.07104
c1cccc(c12)c(OCC(=O)[O-])ccc2S(=O)(=O)N3CCC(=O)CC3,-1.776,25,-0.07104
C[NH+](C)C1CCN(CC1)c2c(F)cc(cc2F)-n(nn3)c(c34)C(=O)c5c(C4=O)cccc5,-1.776,32,-0.0555
C1CCN1c(c2CC)nc(N)nc2N3CCN(C)CC3,-1.774,20,-0.0887
C1C[NH2+]CCC1n(nnc2C)c2-c3ccc(c(c3)C[NH3+])OCc4cccnc4,-1.772,28,-0.06328571428571429
C[C@@H](O)c1ccc(cc1)C[N@H+]2CCCNC[C@H]2C,-1.772,18,-0.09844444444444445
CC(=O)N[C@H]1CCN(C1)C[C@@](C)(CC2)Oc(c23)c(C)c(C)c(O)c3C,-1.772,25,-0.07088
CC(C)[NH2+]CCCCCOc(cc1)cc(c12)C=CN(C)C(=O)[C@@H]2C,-1.771,24,-0.07379166666666666
c1nccc(c12)c(ccc2)S(=O)(=O)NCC[C@@H]3CCCC[C@@H]3[C@H](O)C4CCCCC4,-1.77,30,-0.059000000000000004
C1CC[C@@H]([N@@H+]12)C[N@@H+](CC2)[C@@H](CC)c3cccc(n3)C4CC4,-1.768,21,-0.08419047619047619
CC[N@H+]1CC[C@@H](CC1)N(C)c(nc(c23)ccs3)nc2-c(cn(C)c4=O)c(c45)oc(c5)-c6c[nH]cn6,-1.768,35,-0.05051428571428571
n1nc(C)n(c12)c3c(cccc3)N(C[C@H]2C)N4CCC(=O)CC4,-1.768,23,-0.0768695652173913
CNc1cc(nc(N)[nH+]1)N2CCN(CC2)c(cnc3)c(c34)cccc4,-1.767,25,-0.07067999999999999
O=C([O-])CCSc([nH+]1)n(c(c12)cccc2)CCC3CCCC3,-1.765,22,-0.08022727272727272
Brc1ccc(cc1)/C=C/CNCC[NH2+]Cc2cccs2,-1.765,20,-0.08825
CCOC(=O)CC[NH2+][C@H](C[C@H](C)N1C(=O)C)c(c12)cc(cc2)-c3ccc(C(=O)[O-])cc3,-1.765,31,-0.05693548387096774
Clc1c(Cl)cccc1[C@H]2[C@@H](C(=C)N=C(C)[C@@H]2C(=O)OC)C(=O)n3ccc(=O)[nH]c3=O,-1.764,30,-0.0588
O=C([O-])c1ccccc1N[NH2+]CC23C[C@H]4C[C@@H](C3)C[C@H](C4)C2,-1.764,22,-0.08018181818181819
[NH2+]1CCCC[C@@H]1N(C)CCO[C@@H]2CC[C@@H](CC2)C[C@@H](C([O-])=O)C(=O)CC(=O)C(=O)[O-],-1.763,30,-0.05876666666666666
Cc([nH+]1)c(C)n(c12)c(C)c(cc2)CCc3[nH+]c(cn3C)N4CCN(C)CC4,-1.763,27,-0.0652962962962963
[nH]1nccc1-c(cc2)cc(c23)[C@@H](C[C@H](C)N3C(=O)C)c(c(c4)OC)cc(c45)c(ncn5)N6CCOCC6,-1.762,37,-0.047621621621621625
C[C@@H](O)c1ccc(cc1)CN2CCC[NH2+]CC2,-1.76,17,-0.10352941176470588
C[C@H]1COCC[N@@H+]1CCCN2CCOCC2,-1.76,16,-0.11
Cc1cccc(c12)n(c(n2)CCC)[C@H](c3cccnc3)C(=O)NC4CCCCC4,-1.758,29,-0.060620689655172415
C1CNCCN1c(nc2OC)nc(n2)N3CCC[C@H](O)C3,-1.758,21,-0.08371428571428571
Cc1cc(N)nc(c1)CCCCCCC2CC2,-1.758,17,-0.10341176470588236
n1[nH]ccc1-c(cc2)cc(c23)[C@@H](C[C@H](C)N3C(=O)C)N4CCN(CC4)c5cccc(C)c5,-1.757,32,-0.05490625
CCCCC/C=C/CN1CC[NH+](CC)CC1,-1.757,16,-0.1098125
Cc1noc(C)c1-c2ccc(cc2)[C@@H](C)c3ccc(N)nc3,-1.756,22,-0.07981818181818182
CNc1cc([nH+]c(n1)N)N2CCN(CC2)c(c[nH+]c3)c(c34)cccc4,-1.754,25,-0.07016
Cn(c1)c(=O)ccc1-c(cn2C)c(n2)COc3ccc(cc3)CCCCCc4cccc[nH+]4,-1.753,33,-0.05312121212121212
Cc1[nH+]c(cs1)OC(C)(C)C,-1.752,11,-0.15927272727272726
CC(C)NC(=O)O[C@H](CC[C@@]1(C)O)c(c12)nnn2-c3cccc(C(=O)[O-])c3,-1.751,27,-0.06485185185185184
c1ccccc1CN([C@@](C)(C(=O)[O-])CC)C(=O)Nc2cc(OC)cc(c2)OC,-1.751,28,-0.06253571428571428
C[C@H]1C[C@@H](C)C[N@H+](C1)Nc2ccccc2C(=O)[O-],-1.751,18,-0.09727777777777777
CCOc1ccccc1-c2[nH+]ccc(n2)NC,-1.75,17,-0.10294117647058823
O=c1[nH]cc(Cl)cc1C(=O)CC[NH2+]Cc2ccc(c(Cl)c2)-c3ccccc3,-1.749,27,-0.06477777777777778
CC(C)NC(=O)O[C@H](CC[C@]1(C)O)c(c12)nnn2Cc3ccc(F)cc3,-1.749,26,-0.06726923076923078
O[C@@H](C1)CCC[N@@H+]1n(c(=O)n(c2[O-])CCC)c(c23)nc(n3)C4CCCCC4,-1.748,27,-0.06474074074074074
CO/C([O-])=C\C(=O)C(=O)[C@H](CO)NC(=O)CCCCCCCCCO,-1.748,25,-0.06992
c1cc(C)cc(c12)[nH+]c([nH]2)CCCCCOc(cc3)cc(c34)ccn4CC(=O)[O-],-1.747,29,-0.06024137931034483
CCCCc1ccc(cc1Cl)CNCCc2ccc[nH]2,-1.744,20,-0.0872
CN1CCN(CC1)c2ccc(cc2)N3C=CCC(=C3)C(=O)N,-1.743,22,-0.07922727272727273
Cc1cccc(n1)[C@@H]2N(CCc(c23)scc3)C4CCCCC4,-1.743,22,-0.07922727272727273
Cc1nn(C)c(C)c1CN(C)c2[nH+]c(N(C)CCC(=O)NC3CC3)nc(n2)N4CCC[C@H]4C=O,-1.741,34,-0.05120588235294118
Cc1[nH+]n(C)c(C)c1Cc2ccc(s2)C(=O)NC3CC3,-1.739,20,-0.08695
CNc1cc(nc(n1)N)N2CCN(CC2)c3c(-c4ccccc4)[nH+]cn3Cc5ccc(Cl)cc5,-1.739,34,-0.051147058823529414
C1CC1c(n2)cccc2[C@H](CC)c3cn(C)c([nH+]3)COc(cc4)nn(c45)c(C)c(n5)C,-1.738,31,-0.05606451612903226
C[C@H]1C[C@@H](C)CN(C1)c2ccc(C(=O)/N=C3/NNCS3)cc2Oc4ccccc4,-1.738,29,-0.05993103448275862
COc1ccc(cc1)Cn(nn2)c(c23)[C@](C)(O)CC[C@H]3OC(=O)CCc([nH]4)nc(c45)ccc(Cl)c5,-1.737,35,-0.04962857142857143
Cc(c1)cccc1-c(nc(C(=O)[O-])c2C(=O)C)n2-c3cc(Cl)ccc3C,-1.737,26,-0.06680769230769232
O=c1n(C)cc(cc1C)-c(n2)n(c(c23)cccc3)-n(cn4)c(c45)ncnc5[O-],-1.735,28,-0.061964285714285715
O=c([n-]1)onc1[C@H](C)Cc2ccc[nH+]c2,-1.733,15,-0.11553333333333334
C1CC1Nc(c2CC)[nH+]c(N)nc2C(CC)CC,-1.729,18,-0.09605555555555556
NC(=O)CCNCc1ccc(c(Cl)c1)C(=O)[C@@H](C2)Oc(c23)c(cc(Cl)c3)-c4ccnc(N)c4,-1.729,33,-0.052393939393939395
CCc1ccccc1-c2cc(nc(n2)N)N3CC[NH+](CC3)C4COC4,-1.727,25,-0.06908
Cn1cc(cn1)-c2c[nH+]c(N)c(c2)COCCO,-1.727,18,-0.09594444444444444
COc1ccccc1C(=O)N2CCS[C@@H](CC2)c3cccs3,-1.726,22,-0.07845454545454546
CC(C)(C)c1cc(Br)c(O)c(c1)C[NH2+]C2CCCC2,-1.726,19,-0.09084210526315789
CC[C@](C)(C(=O)[O-])c1ccccc1OCCn2ccc(=O)[nH]c2=O,-1.726,24,-0.07191666666666667
n1nc(C)n(c12)c3c(cccc3)C(c4ccccc4)=N[C@H]2Nc5cnc([nH]5)C6CCC6,-1.725,31,-0.055645161290322584
CNc1cc(nc(N)[nH+]1)N2CC[NH+](CC2)Cc(n[nH]3)c(c34)cccn4,-1.724,25,-0.06896
C[NH2+]Cc1ccc(cc1)-c(cc2)cc(c23)[C@@H](C[C@H](C)N3C(=O)C)NC(=O)c4cccn4C,-1.723,32,-0.05384375
COc(c1)c(OC)cc(c12)c(nc[nH+]2)N[C@H](CCC3)c(c34)cnn4-c5ccccc5F,-1.721,31,-0.05551612903225807
CN(C)CC[N@H+]1CC[C@H](C1)c2ccc(C(F)(F)F)cc2,-1.72,20,-0.086
Cc1cc[nH+]c(c1)CCCCCCCSP(=O)([O-])OP(=O)([O-])[O-],-1.72,23,-0.07478260869565218
COc1ccc(nn1)-c2c[nH+]c(N(C)C)nc2OC,-1.719,19,-0.09047368421052632
CN1CC[NH+](CC1)[C@@H]2CC[N@@H+](CC2)n3ccc(=O)c(C(=O)[O-])c3[O-],-1.717,24,-0.07154166666666667
Fc1cnc(Cl)c(c1)-c2cccc(c2F)-c(ccn3)c(c34)nc[nH]4,-1.716,24,-0.0715
Cn1c(C#N)ccc1-c2c(Br)cc(Br)cc2Br,-1.716,17,-0.10094117647058823
C1CC1Nc(c2CC)[nH+]c(N)nc2-c(c3)nc(NC)c(n34)nnc4C,-1.715,25,-0.06860000000000001
C[C@@H]1C(=O)N(C)CC[N@H+]1CCOc2ccc(cc2)[C@@H]3CC[N@H+](CC3)c4ccc(O)c(O)c4,-1.713,32,-0.05353125
C1COCCN1C(=O)c(cnn2C)c2C(=O)c(cc3)c(c4c35)ccc6c4c(cc5)ccc6,-1.713,32,-0.05353125
O[C@@H]1CCC[N@@H+](C1)NCCC[NH2+]Cc2ccc(c(Cl)c2)-c3ccccc3,-1.713,26,-0.06588461538461539
C[NH+]1CCN(CC1)c(c2)[nH]c3c(ccc(c3c24)n(C)c4O)Nc5ccc(C(C)(C)C)cc5,-1.713,32,-0.05353125
CC(C)CCNS(=O)(=O)c1ccc(cc1)-c2csc(n2)CC(=O)N3CCN(C)CC3,-1.712,30,-0.05706666666666667
CCCCC/C=C/Cc1c[nH]c(n1)C2CCC2,-1.711,17,-0.10064705882352942
C[C@@H]1C(=O)N(C)CC[N@H+]1CCOc2ccc(cc2)[C@@H]3CC[N@H+](CC3)Cc4cccnc4,-1.711,31,-0.05519354838709677
CC(C)=CCC/C(C)=C\CC[C@H](C)[NH2+]C1CCN(C)CC1,-1.711,21,-0.08147619047619048
O=c1[nH]c(=O)n(cc1C)[C@H]2CCCN(C2)Cc3cccc(c3)-c4ccc(C(F)(F)F)c(F)c4,-1.71,33,-0.05181818181818182
COc1cccc(c1)-c(cc2)cc(c23)oc(c3CC(=O)[O-])N(C)c4c(C)[nH+]n(C)c4C,-1.709,31,-0.055129032258064516
CN(C)CCN(CC1)CCC1n(nnc2C)c2-c3cccc(n3)Nc4ccc(F)cc4F,-1.706,32,-0.0533125
Cc1ccn(C)c(=O)c1N(CC2)CCC23N=C(NC3=O)c4ccc(OC(F)(F)F)cc4,-1.706,31,-0.05503225806451613
c1cnccc1NC(=O)[C@H](CCSC)NC(=O)C(C2)(CC(=O)[O-])Cc(c23)cc(F)c(F)c3,-1.704,32,-0.05325
C1C[C@@H](O)c(c12)c(C(F)(F)F)ccc2N3CC[NH+](CC3)C4COC4,-1.703,24,-0.07095833333333333
CCCCCC(=O)CC[N@@H+](C)[C@H]1CCCCN1,-1.701,17,-0.10005882352941177
Cc1cc(N)nc(c1)CCCCCC(F)(F)F,-1.699,17,-0.09994117647058824
CCOC(=O)c1cnn(C)c1C(=O)N2CC[NH+](CC2)Cc3ccccc3,-1.698,26,-0.0653076923076923
COc1ccc(cc1OC)N(CC(=O)NC(C(C)C)C(C)C)CCc([nH]2)nc(c23)cccc3OC,-1.697,35,-0.048485714285714285
Cc1ncsc1-c2ccc(cc2)C[NH2+]NCCN3CCOCC3,-1.697,23,-0.07378260869565217
CC(C)(O)Cn1cc(c[nH+]1)C(=O)c2ccco2,-1.697,17,-0.09982352941176471
CCN1CCN(CC1)c(cc2)nc(c23)ncc(C(=O)[O-])c3Nc4ccccc4C(C)(C)C,-1.697,32,-0.05303125
Cc1ccc(cc1C)-c2ccc(cc2)C[NH+]3CCCCC3,-1.694,21,-0.08066666666666666
NC(=O)CCNCc1ccc(c(Cl)c1)C(=O)[C@@H](C2)Oc(c23)c(cc(Cl)c3)-c4cc[nH+]c(N)c4,-1.693,33,-0.0513030303030303
C1=CN(C)C(=O)[C@H](C)c(c12)ccc(c2)-c(cc(c34)[nH+]ccc4)cc3O[C@H](C)[C@H]5CNC(=O)C5,-1.693,33,-0.0513030303030303
CCc(c1)nc(C)c(c12)c(c(c([n-]2)=O)C#N)-c3ccc(cc3)S(=O)(=O)NCCC(F)(F)F,-1.692,32,-0.052875
C[NH+](C)CCc1ccc(cc1)C[C@@H]2SC(=O)[N-]C2=O,-1.691,19,-0.08900000000000001
C1COCCN1c(ncn2)c(c23)cc(c(c3)OC)OCCC(C)(c4ccccn4)c5ccccn5,-1.691,35,-0.04831428571428572
Cc1cc(C)cc(c1)-n(c2=O)c3sc(c4c3c(n25)ncn5)CN(CC4)CC6CCOCC6,-1.69,32,-0.0528125
[NH3+]CC[NH2+]CCc1ccncc1,-1.69,12,-0.14083333333333334
n1ocnc1-c2ccc(cc2OCC)C(=O)N3CCC(CC3)N4CC[NH+](C)CC4,-1.687,29,-0.05817241379310345
[NH2+]1CCCC[C@@H]1c2n(nnc2C)[C@@H]3CC[N@@H+](CC3)CCN(C)C,-1.687,23,-0.07334782608695653
c1cccc(c12)c[nH+]cc2Cc(n[nH]3)c(c34)cccn4,-1.687,20,-0.08435000000000001
c1cc(Cl)ccc1[C@H](c(c23)c(C)c(s2)C)N[C@H](c4n3c(nn4)C)CC(=O)[C@H](C)CCC(=O)[O-],-1.687,33,-0.05112121212121212
[nH]1ccnc1CCc(c(c23)ccc(Cl)c3)c([nH]2)C(=O)NCC[NH+]4CCOCC4,-1.684,28,-0.060142857142857144
CCCCCCNC(=O)[C@@H](N)CC(C)C,-1.683,15,-0.11220000000000001
n1c[n-]c(=O)c(c12)[nH+]cn2CC3CCOCC3,-1.683,17,-0.099
Cc(n1)c(C)n(c12)c(C)c(cc2)CCc3nc(cn3C)-c4ccnc(c4)N5CC[NH2+]CC5,-1.682,32,-0.0525625
O=[N+]([O-])c1ccc(cc1)CN2CCC(CC2)C[NH+]3CCOCC3,-1.682,23,-0.0731304347826087
C[NH2+]C[C@@H](O)CS(=O)(=O)c1c(Cl)cc(cc1Cl)CCCN(CC2)C[C@H]([N@H+]23)CCC3,-1.681,29,-0.057965517241379313
C1CCC1CN[C@H](CC)c2cc(no2)-c3ccc(cc3)OC(C)(C)C(=O)[O-],-1.68,27,-0.06222222222222222
[nH+]1ccccc1N(C)CCCCn(c([nH+]2)SCCC(=O)[O-])c(c23)cccc3,-1.68,27,-0.06222222222222222
Cc1ccc(C(C)C)cc1-c2ncc(CS(=O)(=O)C)cc2-c(cc3C)n(c34)cn[n-]c4=O,-1.679,32,-0.05246875
C1C[N@H+](C)CC[C@H]1Nn(c(n2)-c(cc3)cc(c34)ccs4)c(c25)c([nH+]c(n5)C(=O)[O-])N[C@H](C)C6CC6,-1.679,35,-0.047971428571428575
CCc(c1)nc(C)c(c12)c(c(C#N)c(=O)[nH]2)-c3ccc(cc3)[N-]S(=O)(=O)C,-1.678,27,-0.06214814814814815
CN(C)CC[NH+]1CCN(CC1)C(=O)C2CCCCC2,-1.677,19,-0.08826315789473685
c1ccccc1Cn(c(n2)-c(cc3)ccc3C)c(c24)cc(cc4)N5CC[NH+](C)CC5,-1.676,30,-0.05586666666666666
O=C([O-])c1ccc(cc1OC)N[C@H](Cn2cc[nH+]c2)c3ccc(Cl)cc3Cl,-1.675,27,-0.062037037037037036
O=S(=O)Oc1ccc(cc1)-c2ccc(cc2)CN3CCCCC3,-1.674,23,-0.07278260869565217
Cc1nn(C)c(C)c1Cc(cc[nH+]2)c(c23)cccc3,-1.674,19,-0.08810526315789473
Cc(c1)c(C)cc(c12)sc(n2)CNc(cc3)c4[nH]c(cc(c4c35)c(O)n5C)N6CC[NH+](C)CC6,-1.673,34,-0.049205882352941176
c1c(Cl)ccc(c12)[nH]c([nH+]2)CCc3cn(C)c(=O)c(c34)C/C(O4)=c5\cnc([nH]5)=C6CCCC6,-1.672,33,-0.050666666666666665
c1c[nH]c(c12)c(=O)n(C\C=C\C)cc2C(=O)C[NH2+]CC(C)C,-1.671,22,-0.07595454545454546
FC(F)(F)Oc(c1)cccc1-c2cn(C)c(=O)c(c23)C/C(O3)=c4\cnc([nH]4)=C5CCCC5,-1.669,32,-0.05215625
Cc1cc(N)[nH+]c(c1)CCCCCc2cccc[nH+]2,-1.667,19,-0.08773684210526315
C[N@H+]1CC[C@@H](C1)N(C)c(nc(c23)cc(s3)C(C)(C)C)nc2Nc4ccncc4,-1.666,28,-0.0595
CN1C(=O)[C@@H](C)N(C2CC2)c(c13)cc(cc3)C(=O)c4ccc(cc4)CN5CCCCC5,-1.666,31,-0.05374193548387097
CCn1c(=O)[nH]c(=O)c(c12)[C@H](c3ccc(C)cc3)C4=C(N2)CN(C4=O)COCCO,-1.666,30,-0.05553333333333333
O=C(N1)C(C)(C)c(c12)cc(cc2F)NCC[NH3+],-1.666,17,-0.09799999999999999
CCN1CCN(CC1)NCCCOC,-1.664,14,-0.11885714285714286
Cn1ccc(n1)-c2c(cccc3)c3[nH+]c(c24)CCCC4,-1.663,20,-0.08315
c1ccccc1[C@@H](N2CCCC2)C3CCOCC3,-1.662,18,-0.09233333333333332
COC(=O)C1=C(C)N=C(C)[C@@H](C(=O)c([n-]c(=O)n2)c(c23)cccc3)[C@@H]1c4cccc(Cl)c4Cl,-1.662,33,-0.05036363636363636
C[NH+]1CCN(CC1)c(c2)[n-]c3c(ccc(c3c24)n(C)c4O)NCCOCCOCCO,-1.661,31,-0.053580645161290325
CC(C)(C)ON[C@H](C)c1[nH]cnn1,-1.661,13,-0.12776923076923077
C1CC1[C@@H](C)[NH2+]CC#Cc2ccc(cc2)C(=O)NCCC(F)(F)F,-1.66,24,-0.06916666666666667
Nc1ccc(cc1)N[NH2+]CCC(c2ccccc2)c3ccccc3,-1.659,24,-0.069125
c1c(F)c(F)cc(c12)CC(C2)(CC(=O)[O-])C(=O)c(ccc3C(F)(F)F)c(c34)CC[C@H]4O,-1.659,31,-0.05351612903225807
Cc1ccccc1CN(c2ccc(C#N)c(Cl)c2)[C@H]3CC[N@H+](C3)[C@H]4CCN(C)C4,-1.659,29,-0.05720689655172414
c1c[nH]nc1-c(c2)ccc(c23)N([N@H+]4CC[C@H](O)CC4)[C@@H](C)C[C@H]3Nc5ccccc5Cl,-1.658,31,-0.05348387096774193
CN(C)c1ccc(cc1)C2(CCCC2)CNc3[nH+]ccs3,-1.656,21,-0.07885714285714285
O=c1n(C)cc(cc1C)-c(cc2)cc(c23)n(c([nH+]3)C4CCOCC4)NC5CCCCCC5,-1.656,32,-0.05175
CCc1ccccc1-c2ccc(cc2C)CNCCCNC(=O)c3ccc(=O)n(C)c3,-1.655,31,-0.05338709677419355
O=C(N1)C(C)(C)c(c12)cc(cc2F)-c3ccc(cc3Cl)C[NH2+]CCc4cnc[nH]4,-1.655,29,-0.05706896551724138
C=CC1=C(C)C(=O)N[C@@H]1c2ccc(cc2CN)-c(cc3)cc(c34)[nH+]c(N)cc4C,-1.653,29,-0.057
CN1CC[C@@H]([C@H](O)C1)c(c(O)cc2O)c(c23)oc(cc3=O)-c4cccc(Cl)c4F,-1.651,29,-0.05693103448275862
s1cncc1COc2ccc(cc2CN)-c(cc3)nc(c34)sc(n4)NC(=O)C5CC5,-1.65,30,-0.055
Cc1nn(C)c(Cl)c1S(=O)(=O)[N-]c2cncs2,-1.649,17,-0.097
CCc1cccc(C)c1NC(=O)[C@@H](c2cccnc2)N(NC)c3ccc(C(C)C)[nH+]c3,-1.648,31,-0.05316129032258064
CC(=O)NCCC[NH2+]Cc1ccc(c(Cl)c1)-c(cc2)cc(c23)N(C4CC4)[C@H](C)C(=O)N3C,-1.647,32,-0.05146875
Fc1cc(F)ccc1Oc(ccc2NS(=O)(=O)CC)c(c2)-c3cc(c[nH+]c3N)-c4cnn(C)c4,-1.647,34,-0.04844117647058824
c1cc(Cl)ccc1[C@@H](c2cccnc2)C(=O)N3CCN(CC3)[NH+]4CCCCC4,-1.646,28,-0.05878571428571428
c1cc(C)cc(c12)c(c[nH]2)C[N@H+]3CC[C@@H](CC3)[NH2+]n4ccc(=O)c(C(=O)[O-])c4[O-],-1.644,29,-0.05668965517241379
CC(=O)N[C@H]1CCN(C1)c2cccc(n2)-c3c(C)nnn3C4CC[NH2+]CC4,-1.643,27,-0.06085185185185185
Cc1noc(C)c1-c2ccc(cc2)Cc(cc3)nn(c34)c(C)c([nH+]4)C,-1.642,25,-0.06568
COc1ccc(Br)cc1S(=O)(=O)N2CC[C@@H](C2)NC(=O)C,-1.642,21,-0.07819047619047619
Cc1noc(C)c1-c(cc2)cc(c23)c(nc([nH+]3)N[C@H](C)c4nc[nH]n4)N5CCOC[C@@H]5c6ccccc6,-1.64,37,-0.04432432432432432
NC(=O)C1=CN(C=CC1)NCC23C[C@H]4C[C@@H](C3)C[C@H](C4)C2,-1.64,21,-0.07809523809523809
Cc1cc([nH]n1)[C@@H](C)N[NH2+]CC23C[C@H]4C[C@@H](C3)C[C@H](C4)C2,-1.638,21,-0.078
O=c1n(C)cc(cc1C)-c(n2)n(c(c23)cccc3)-c4ccc(Cl)c(c4)NS(=O)(=O)C(C)(C)C,-1.637,33,-0.049606060606060605
c1cc(C)cc(c12)nc([nH]2)CCN(C[C@H]3C)c(c4n(c35)c(nn5)C)cc(cc4)-c6ccc(N)nc6,-1.636,35,-0.04674285714285714
N#C[C@H]1C[C@H](C1)N(C2CCCC2)Cc3ccccc3OCCCCCC(=O)[O-],-1.635,28,-0.05839285714285714
Cc1ccc(cc1)N(C)C(=O)c(cc2)cc(c23)N([C@H](C)C(=O)N3C)c4ccc(S(=O)(=O)N)cc4,-1.635,34,-0.04808823529411765
CCCCCC(=O)CCN(C)[C@H]1CCCC[NH2+]1,-1.632,17,-0.09599999999999999
Cc1cc([nH]n1)[C@@H](C)[NH2+]CCOc2ccc(cc2)C[C@@H]3SC(=O)[N-]C3=O,-1.631,26,-0.06273076923076923
CCc1cccc(C)c1N[C@@H]2CC[N@@H+](C2)CC[NH+](C)C,-1.63,20,-0.08149999999999999
Cc1[nH]ncc1N(C)c2c(C)[nH+]n(C)c2C,-1.63,16,-0.101875
CCCNC(=O)c1c(cnn1C)C(=O)N2CC[NH+](CC2)C(c3ccccc3)c4ccccc4,-1.629,33,-0.049363636363636366
CCN1CC[NH+](CC1)[C@H](C)c2cc(cs2)-c3ccccc3C[NH2+]C,-1.629,24,-0.067875
CC(O1)(C)C(=O)Nc(c12)ccc(c2)CCC[NH+]3CCOCC3,-1.628,22,-0.074
c1ccccc1C(=O)\C=C(\C)N[C@H](C(=O)[O-])Cc2ccc(cc2)OCCc3nc(oc3C)NCC[NH3+],-1.628,36,-0.04522222222222222
Cc1ccc(c(C)c1)NC(=O)c(cc2)cc(c23)N([C@H](C)C(=O)N3C)Cc4ccc[nH+]c4,-1.627,31,-0.05248387096774194
C1CCCCC1NC(=O)[C@@H](c2cccnc2)c(c3CC)[nH+]c(N)nc3N4CC[NH+](C)CC4,-1.627,32,-0.05084375
Fc1cc(F)ccc1Oc(ccc2[N-]S(=O)(=O)CC)c(c2)N3CC[NH+](CC3)Cc4ccccc4,-1.626,34,-0.0478235294117647
COc1cc(OC)cc(c12)[nH]c(nc2=O)-c3cc(cnc3N)-c4cnn(C)c4,-1.625,28,-0.05803571428571429
c1cccc(c12)c(N[C@H](C)C3CC3)nc([nH+]2)Cc(c(F)cc4)c(c45)CCO5,-1.625,27,-0.06018518518518518
O=c([n-]1)[nH]c(=O)cc1C(=O)N(C[C@H]2C(=O)CC[NH3+])CCN2c3ccc(Cl)c(Cl)c3,-1.624,29,-0.056
c1cccc(c12)c(cc[nH+]2)N(C3=O)C(=O)N([C@H]34)CC[C@H]4O,-1.624,21,-0.07733333333333334
O=[N+]([O-])c1ccc(cc1)C[N@H+]2CC[C@@H](CC2)CN3CCOCC3,-1.623,23,-0.07056521739130435
CS(=O)(=O)Cc1cnc(c(c1)-n2cc[nH+]c2)Oc3ccc(F)cc3F,-1.621,25,-0.06484
c1c[nH]c(c12)c(=O)n(C\C=C\C)cc2-c3cc(Cl)ccc3OCCN(C)C,-1.621,27,-0.060037037037037035
C1OCC1[NH2+]CCN2CCOCC2,-1.621,13,-0.12469230769230769
CCN(C1=O)c2ccc(c(c2c13)ccc3)S(=O)(=O)[N-]c(s4)c(C(=O)N)c(c45)CC[C@H](C)C5,-1.621,32,-0.05065625
CC(C)=CCC[C@H](C)Nc1cc(C(=O)[O-])ccc1[N@H+]2CC[C@@H](CC2)N3CCCOC3=O,-1.62,31,-0.052258064516129035
CC(C)(C)c([nH]n1)cc1N(C(=O)CC)[C@H](c2cccnc2)C(=O)N3CCN(C)C(=O)[C@H]3C,-1.62,32,-0.050625
C[C@H](N)[C@@H](O)C(=O)c1ccccc1CN(C)C(=O)c2ccc(cc2)-c3ccco3,-1.619,29,-0.055827586206896554
CCN1CCN(CC1)c(n2)n(c(c23)cccc3)CC4CCOCC4,-1.618,24,-0.06741666666666667
COc1ccc(cc1)S(=O)(=O)N(CC2(C)C)[C@@H](C(=O)NO)N(C2)OC(C)C,-1.618,27,-0.05992592592592593
O=C([O-])CN[C@H](C)c1nc[nH]n1,-1.618,12,-0.13483333333333333
CCn(cn1)c(c12)c(=O)[nH]c(=O)n2-c3nc(ncc3Cl)Nc4ccc(cc4)[NH+]5CCN(C)CC5,-1.618,34,-0.04758823529411765
C1COCCN1c(c2)cc(C)c(c23)nc([nH]3)-c4c(cc[nH]c4=O)CCN(C)[C@H]5CCCC[NH2+]5,-1.617,33,-0.049
C1CC1Nc(c2CC)[nH+]c(N)nc2C(=O)C3CCCCC3,-1.617,21,-0.077
COCCc1cc(Cl)c(c(Cl)c1)S(=O)(=O)Nc2c(CC(C)C)nn(C)c2C,-1.616,27,-0.05985185185185186
C[N@H+]1CC[C@@H](CC1)c2ccc(cc2F)Nc3ncc(C(F)(F)F)c(n3)-n4cncn4,-1.615,30,-0.05383333333333333
C[C@@H]1C(=O)N(C)CC[N@@H+]1CCOc2ccc(cc2)C3CCN(CC3)c4c[nH+]n(c4)CC(C)(C)O,-1.615,34,-0.0475
C[N@H+]1CC[C@@H](CC1)Nc2cc(Br)ccc2Br,-1.614,16,-0.100875
C1CCCC1[NH2+][C@@H]2CCCNC2,-1.614,12,-0.1345
c1cccc(c12)c(N[C@H](C)C3CC3)nc([nH+]2)Cc4ccsc4,-1.613,22,-0.07331818181818182
COC(=O)N(CC1)CCC12CN(C2)[N@@H+]3CCC[C@H](O)C3,-1.612,20,-0.0806
CCCC(=CC1=O)N=C([N+]1=2)N=C(N2)Cn(c(n3)SCCC(=O)[O-])c(c34)cccc4,-1.612,29,-0.05558620689655173
Fc1ccc(F)cc1-c2n(nnc2C)[C@@H]3CC[N@H+](CC3)CCN(C)C,-1.612,25,-0.06448000000000001
c1ccccc1C([C@@H](C)C(=O)[O-])c2ccccc2,-1.609,18,-0.08938888888888889
CC(C)[NH+]1CCN(CC1)c2ccc(cc2)[C@H](c3cccc(O)c3)N4CCC(CC4)[NH+]5CCN(C)CC5,-1.608,36,-0.04466666666666667
C1CCC1c(n2)[nH]cc2-c3ccc(cc3OCC)C(=O)N4CCC(CC4)N5CC[NH+](C)CC5,-1.605,33,-0.04863636363636364
N#CCS(=O)(=O)c1c(Cl)cc(cc1Cl)-c2ccnc(c2)N3CC[NH2+]CC3,-1.605,26,-0.06173076923076923
n1nc(C)n2nc(c(c3c12)cccc3)CCN4CC[NH+](C)CC4,-1.604,23,-0.06973913043478261
CCc1ccccc1-c2c(F)cc(cc2F)-n(nn3)c(c34)C(=O)c5c(C4=O)cccc5,-1.601,31,-0.05164516129032258
CC(C)c(nc1)ccc1N(C(=O)CC)[C@H](c2cccnc2)C(=O)c3ccc(OC)c(c3)OC,-1.601,33,-0.04851515151515151
O=C([O-])c1c([O-])ccn(c1=O)-c2cnns2,-1.6,16,-0.1
O=C(N1)C(C)(C)Oc(c12)cc(c(c2)OC)N[N@@H+]3CCN(C)C(=O)[C@H]3C,-1.599,25,-0.06396
CN(C)C(=O)c1cccc(c1)-c(c(c23)cc[nH]3)cn(c2=O)Nc4ccc([NH3+])cc4,-1.598,29,-0.05510344827586207
Cc1nc(CN(C)C)ccc1-c(c(c23)cn[nH]c3=O)ncc2-c4ccc(C[NH+](C)C)nc4C,-1.598,33,-0.048424242424242425
CC(=O)NC[C@H]1CN(C(=O)O1)c2c(C)nnn2C3CCN(CC3)CCN(C)C,-1.597,28,-0.05703571428571429
C1C[NH+](C)CCN1c(cc2)cc(c23)n(CCCCCC)c(n3)-c(c4)nc(NC)c(n45)nnc5C,-1.597,34,-0.04697058823529412
c1c(Cl)ccc(c12)c([C@@H](CC)[C@H](C)O)c([nH]2)C(=O)N3CC[C@@H](C3)N(C)CCC[NH+](C)C,-1.597,31,-0.051516129032258065
O=c1n(C)cc(cc1C)-c(cc2)cc(c23)n(c([nH+]3)C4CCOCC4)CCc5c[nH]c[nH+]5,-1.595,31,-0.05145161290322581
CC(C)C[C@H]([NH3+])C(=O)Nc1ccc(Cl)c(c1)NS(=O)(=O)C(C)(C)C,-1.595,24,-0.06645833333333333
c1cc(C)cc(c12)[nH]c(n2)CCN(C[C@H]3C)c(c4n(c35)c(nn5)C)cc(cc4)-c6ccc(N)[nH+]c6,-1.595,35,-0.04557142857142857
CCCCCCCCCCCCC(=O)OC[C@@H](COP(=O)([O-])[O-])CCc1ccc(CC)c[nH+]1,-1.594,33,-0.048303030303030306
CC[N@H+]1CC[C@@H](CC1)Nc2c(CC(C)C)[nH+]n(C)c2C,-1.593,20,-0.07965
CCCn(c1=O)c(=O)n(CCC)c(c12)nc([nH]2)-c3ccc(cc3)-c4[nH+]cc[nH]4,-1.593,28,-0.05689285714285714
CNCc1ccc(cc1)-c(cc2)cc(c23)[C@@H](C[C@H](C)N3C(=O)C)NC(=O)c4cccn4C,-1.592,32,-0.04975
CC[C@H](C)[C@H]([NH3+])C(=O)c1cccc(C)c1C,-1.591,16,-0.0994375
n1cccnc1-c2c(Cl)cc(cc2Cl)C[NH2+]CCc(n3)[nH]c(c34)cccc4,-1.591,27,-0.05892592592592592
CN(C)CC[N@H+]1CC[C@H](C1)c2ccc(I)cc2,-1.59,17,-0.09352941176470589
CC(C)C[NH2+]CC(=O)c1ccc(C#N)n1C,-1.59,16,-0.099375
O=[N+]([O-])c1ccc(cc1)C[N@H+]2CC[C@@H](CC2)Cc(cc[nH+]3)c(c34)cccc4,-1.589,27,-0.05885185185185185
CC[C@H](C)[C@H]([NH3+])C(=O)[N-]S(=O)(=O)c1ccccc1CNc2cnn(C)c(=O)c2C,-1.589,29,-0.054793103448275864
CCCCCCC/C=C/CCCCCCCCC(=O)N1CCN(CC1)C(=O)c2cc(=O)[nH]c(=O)[nH]2,-1.588,35,-0.045371428571428576
COc1cc(OC)c(cc1C)-c2nnc([nH]2)-c3ccccc3,-1.588,22,-0.07218181818181818
n1[nH]ccc1-c(cc2)cc(c23)[C@@H](C[C@H](C)N3C(=O)C)[NH+]4CCN(CC4)c5cccc(C)c5,-1.583,32,-0.04946875
CN(C1)C(=O)Nc(c12)ccc(c2)N3C=CCC3=O,-1.582,18,-0.08788888888888889
CNc1cc(nc(n1)N)N2CCN(CC2)N[C@H](C(=O)[O-])Cc(c[nH]3)c(c34)cccc4,-1.581,30,-0.0527
CC(C)(O)C[N@@H+]1CCC[C@H](N)C1,-1.581,12,-0.13175
C[NH+]1CCN(CC1)c(c2)[nH]c3c(NS(=O)(=O)C)ccc(c3c24)n(c4[O-])C,-1.58,26,-0.06076923076923077
COc1ccc(cc1)Cn(nn2)c(c23)[C@@](C)(O)CC[C@H]3Oc4ccc(cc4)C[C@H]5SC(=O)[N-]C5=O,-1.58,35,-0.045142857142857144
O=c1[nH]c(=O)n(cc1C)C2CCN(CC2)Cc3cccc(n3)N(CC4)C[C@H]([N@H+]45)CCC5,-1.579,31,-0.05093548387096774
CC(C)C[C@H]([NH3+])C(=O)c1c(Cl)cccc1Cl,-1.578,16,-0.098625
Cc1nn(C)c(C)c1[N-]S(=O)(=O)c2c(Cl)cc(cc2Cl)-c3ccc(nc3)-c4cn(C)nn4,-1.578,32,-0.0493125
Cc1ccccc1CC(=O)S(=O)(=O)c2c(Cl)cc(Br)cc2Cl,-1.578,22,-0.07172727272727274
N#CCCN(C)c(c(c12)sc(c2)C(C)(C)C)nc([nH+]1)C[C@H]3CC[C@H](C(=O)[O-])CC3,-1.578,29,-0.05441379310344828
CCN(C1=O)c2ccc(c(c2c13)ccc3)S(=O)(=O)NC[C@@H]4CC[N@H+](CC4)CCCNC(=O)C,-1.577,33,-0.04778787878787879
FC(F)(F)C(=O)NCC[NH2+]C/C=C/c1ccc(Br)cc1,-1.576,20,-0.07880000000000001
CC(O1)(C)C(=O)Nc(c12)cc([O-])c(c2)-n(cc3)c(=O)n(c34)cc[nH+]4,-1.576,24,-0.06566666666666666
N[C@H](C1)CCC[N@H+]1[C@H](C)c2cccc(c2)-c3cn[nH]c3,-1.575,20,-0.07875
COc1c(OC)cc(cc1OC)C(=O)c2ccc(C)c(c2)[N-]S(=O)(=O)C,-1.574,26,-0.06053846153846154
COC1=C(OC)C(=O)C(=C(C)C1=O)C/C=C(/C)CCC[N@H+]2CC[C@H](C)CC2,-1.57,27,-0.05814814814814815
C[NH+]1CCN(CC1)c(c2)[n-]c3c(NS(=O)(=O)C)ccc(c3c24)n(C)c4O,-1.57,26,-0.060384615384615384
COc1ccc(cc1)Oc2cc(ncn2)N(C)CCC(=O)c3ccc(cc3)N4CCCCC4,-1.567,33,-0.047484848484848484
CNC[C@@H](O)C[N@H+](CC1)Cc(c12)sc3c2c4n(ncn4)c(=O)n3Cc5ccc(OC)cc5,-1.566,32,-0.0489375
n1nc(C)n(c12)c3c(cccc3)N(C[C@H]2C)c([nH]4)c(C#N)c(=O)c(c45)cncc5,-1.566,29,-0.054
COc(c1)cccc1-c([nH+]cn2CC#C)c2CCc3ccc(cc3)O[C@@](C)(C(=O)[O-])CC,-1.566,32,-0.0489375
O=C1CCCc(c12)n(c(c2)CC)CC3(O)CCN(CC3)Cc4ccc(cc4Cl)C(=O)OC,-1.565,32,-0.04890625
c1ncccc1[C@H](C(=O)NCC)N(c2ccc(C(C)(C)C)cc2)Cc3cccnc3,-1.565,30,-0.05216666666666667
CNCc1ccc(cc1)-c(cc2)cc(c23)[C@@H](C[C@H](C)N3C(=O)C)NC(=O)N[C@H](C)c4ncn[nH]4,-1.565,34,-0.04602941176470588
CN(C)CCN1CCN(CC1)c(ccc2S(=O)(=O)C(F)(F)F)c(c23)CC(F)(F)[C@H]3O,-1.564,30,-0.05213333333333334
CC[C@@H]([C@H](C)O)n1[nH]cc(c1=O)C(=O)c2ccc(S(=O)(=O)C)c(c2C)-c3ccc(OC)cc3,-1.564,33,-0.0473939393939394
Cc1noc(C)c1-c2ccc(cc2)C[NH2+]CCC(C)C,-1.564,20,-0.0782
CCN(C(=O)C1)c(c12)ccc(c2)-c3nnc([nH]3)-c4ccccc4,-1.562,23,-0.06791304347826087
Cc1cccc([nH+]1)[C@@H]2N(CCc(c23)scc3)c4cc(nc(n4)N)N5CCN(CC5)C6COC6,-1.561,33,-0.0473030303030303
C1CCCCN1c([nH+]2)cc(nc2N)[C@H](C[C@@H]34)[C@@H]([C@@H]([NH2+]4)CC3)CCC(CC5)CCC5(F)F,-1.561,31,-0.05035483870967742
C[NH+](C)C1CCN(CC1)c2cccc(c2)N3CCCC3=O,-1.56,21,-0.07428571428571429
CCCNC(=O)c1c(cnn1C)C(=O)C(=O)Cc(cnc2)c(c23)c([O-])ccc3,-1.559,28,-0.055678571428571424
Cc1[nH+]n(C)c(C)c1[N-]S(=O)(=O)c2ccc(nc2)-c(cc3)cn(c34)c(nn4)C,-1.559,28,-0.055678571428571424
Cc1nnc(n12)c(NC)nc(c2)-c(n3)n(-c4ccccn4)c(c35)cc(cc5)N6CCN(C)CC6,-1.558,34,-0.04582352941176471
COc1ccccc1S(=O)(=O)[C@H](c2ccccn2)c3cccc(Cl)c3,-1.555,25,-0.0622
CN(C1)C(=O)Nc(c12)ccc(c2)N[C@H](C(=O)[O-])Cc(c[nH]3)c(c34)cccc4,-1.555,27,-0.05759259259259259
CNc1cc(nc(N)[nH+]1)N2CCN(CC2)[N@H+](C3CC3)Cc4ccccc4OCCCCCC(=O)[O-],-1.555,35,-0.04442857142857143
c1ccccc1NC(=O)c2ccc(cc2)-n3cc[nH+]c3,-1.554,20,-0.0777
[NH3+]Cc1ccc(c(Cl)c1)-n(c(c2)CCCC(=O)[O-])c(c23)ccc(Cl)c3,-1.554,25,-0.06216
O=c([nH]1)[nH]c(=O)cc1C(=O)N(C[C@H]2C(=O)CC[NH3+])CCN2c3ccc(Cl)c(Cl)c3,-1.553,29,-0.05355172413793103
CCOC(=O)[C@@H]1C(C)=NC(C)=C([C@H]1c2cccc(Cl)c2Cl)C(=O)[C@H]3CCN(C3)CC[NH3+],-1.553,31,-0.05009677419354838
O=C1CCCC(=O)C1=C([O-])c(cc2)c(C)c(c23)c(=O)n(c(=O)n3C)-c4ccc(CN)cc4Cl,-1.552,33,-0.04703030303030303
c1[nH+]cccc1[C@H](C(=O)NCC)N(CCCNC(=O)C)c2ccc(C(C)(C)C)cc2,-1.552,30,-0.05173333333333333
CCc1c(C)[nH+]c(N)nc1N[C@@H](Cn2cc[nH+]c2)c3ccccc3,-1.55,24,-0.06458333333333334
CC(C)(C)OC(=O)NCCCNNCc1ccc(cc1C(F)(F)F)[N-]S(=O)(=O)C2CC2,-1.548,31,-0.049935483870967745
n1nc(C)n2nc(c(c3c12)cccc3)-c4ccc(N5CCOCC5)c(c4)-c6n[nH]cc6-c7ccncc7,-1.547,37,-0.04181081081081081
c1cc(Cl)ccc1CC2([NH3+])CCN(CC2)n(c([nH+]3)SCCC(=O)[O-])c(c34)cccc4,-1.546,30,-0.051533333333333334
CNCc1ccc(cc1)-c(cc2)cc(c23)[C@H](NC(=O)OC(C)C)C[C@H](C)N3c4ccnc(n4)N,-1.546,34,-0.04547058823529412
COc1ccc(cc1)S(=O)(=O)[N-]c(c2)c(OC)cc(c23)onc3C,-1.546,24,-0.06441666666666666
CN1CC[NH+](CC1)CCNc2ccc(cn2)S(=O)(=O)c3n[nH]cc3-c4ccncc4,-1.546,30,-0.051533333333333334
O=S(=O)Oc(cc1)ccc1-c2c(ncn2CC#C)C[C@@](C)(CC3)Oc(c34)c(C)c(C)c(O)c4C,-1.545,34,-0.045441176470588235
[NH3+]CCN1CC[C@@H](C1)n2c[nH+]c(-c3ccc(I)cc3)c2N4CCC[C@H]4C=O,-1.545,27,-0.05722222222222222
CCN1CCN(CC1)Cc2ccc(cc2C(F)(F)F)NC(=O)c3cccc(c3)C(N)=[NH2+],-1.544,31,-0.04980645161290323
CN(C)CC[N@@H+]1CC[C@H](C1)n2c[nH+]c(-c3ccc(C(F)(F)F)cc3)c2-n(cc4)c(=O)n(c45)ccn5,-1.544,35,-0.04411428571428572
CSc1ccc(cc1)C(=O)N2CC[C@@H](C2)[N@@H+](C)CCCN(C)C,-1.543,23,-0.06708695652173913
COc1ccc(cc1)Cn(nn2)c(c23)[C@@](C)(O)CC[C@H]3S(=O)(=O)c4ccc(Cl)cc4,-1.542,30,-0.0514
Oc1c(Br)ccc(c12)c(cc(n2)N)-c(c(n3)C)n(c34)ccnc4N5CCOCC5,-1.542,29,-0.05317241379310345
Cc1c(C)c(O)c(C)c(c12)CC[C@](O2)(C)CN[C@H]([C@@H](O)C(=O)N3CCC3)C[C@@H]4CCCNC4=O,-1.542,34,-0.04535294117647059
CCCCCc1[nH+]cc(C)n1Cc2ccccc2OCCC[C@@H](C)CC(=O)[O-],-1.541,28,-0.055035714285714285
CC(C)(C)c1ccc(cc1)-n(c([nH+]2)SCCC(=O)[O-])c(c23)cccc3,-1.54,25,-0.0616
CCCn(c1[O-])c(=O)n(CCC)c(c12)nc(n2)-c3ccc(cc3)S(=O)(=O)C4CC4,-1.539,29,-0.05306896551724138
COc1cccc(c1)N2CCN(CC2)C(c3ccccc3)c4ccccc4,-1.539,27,-0.056999999999999995
c1ccc(OC)c(c12)[nH+]c([nH]2)CCC(=O)[C@H](C(C)C)NC(=O)C3CCCCC3,-1.539,28,-0.05496428571428571
CC[N@H+]1CC[C@@H](CC1)N(C)c(nc(c23)ccs3)nc2-c(cn(C)c4=O)c(c45)oc(c5)-c6c[nH]c[nH+]6,-1.537,35,-0.04391428571428571
CC[N@H+]1CC[C@@H](CC1)Nc2c(CC(C)C)nn(C)c2C,-1.534,20,-0.0767
C[NH+](C)CCC[N@H+](C)[C@H]1CCN(C1)C(=O)[C@H](CO)NC(=O)CCCCCCCCC[NH3+],-1.534,31,-0.049483870967741934
C[C@H]1COC(=N1)c2ccc(c(Cl)c2)-c3ccc(c(c3)CN)OCc4cncs4,-1.533,28,-0.05475
c1cc(Cl)ccc1C(=N2)c(c3n(c(C)nn4)c4C25CC5)cc(cc3)N6CCC[NH2+]C[C@@H]6C,-1.531,32,-0.04784375
CCOC(=O)C1=C(C)N=C(C)[C@@H]([C@H]1c2cccc(Cl)c2Cl)C(=O)[C@H]3CC[N@H+](C3)CCN,-1.529,31,-0.04932258064516129
C[NH2+]Cc1ccccc1-c2csc(c2)[C@@H](C)c(n3)c(C)c(C(=O)[O-])c(c34)ccnc4,-1.528,30,-0.05093333333333334
Cc1n[nH]cc1N(C)c2c(C)[nH+]n(C)c2C,-1.528,16,-0.0955
COc1cc(OC)cc(c12)nc([n-]c2=O)C(=O)c(cc3)cc(c34)N([C@H](C)C(=O)N4C)C5CCCC5,-1.527,35,-0.043628571428571426
CC(C)(C)c(cc1)ccc1N(C(=O)CC)[C@@H](C(=O)n2ccnc2)c3cccnc3,-1.527,29,-0.0526551724137931
CCOC(=O)CCNC(=O)[C@@H](c1ccc[nH+]c1)N(CCCNC(=O)C)c2ccc(C(C)(C)C)cc2,-1.525,35,-0.043571428571428567
C[NH+](C)CCC[N@H+](C)[C@H]1CCN(C1)c2cc(Br)ccc2Br,-1.525,21,-0.07261904761904761
n1cc([O-])cn1S(=O)(=O)c(cc2)cc(c23)CNCC3,-1.525,19,-0.08026315789473684
C[NH+]1CCN(CC1)[C@@H]2CC[N@@H+](CC2)n3ccc(=O)c(C(=O)[O-])c3[O-],-1.525,24,-0.06354166666666666
C1COCCN1c(c2)cc(C)c(c23)[nH]c(n3)-c4ccc(cc4)-c(ccc5)c(c56)ncn6C,-1.525,32,-0.04765625
c1cncc(c12)c(=O)c(C#N)c([nH]2)-c3ccc(CC(=O)[O-])cc3,-1.525,23,-0.06630434782608695
c1nccc(c12)c(ccc2)S(=O)(=O)NCC[NH2+]CCCCc(n3)[nH]c(c34)cccc4,-1.524,30,-0.0508
CCN(C1=O)c2ccc(c(c2c13)ccc3)S(=O)(=O)NC[C@@H]4CC[N@H+](CC4)CC(C)(C)C,-1.523,31,-0.04912903225806451
C1CN(C)CCN1c2[nH+]c(N)nc(c2CC)-c3ccc(cc3)-c(n4)c(NC(C)(C)C)n(c45)ccnc5,-1.523,36,-0.042305555555555555
Clc1cccc(Cl)c1C(=O)c(c[n-]2)cc2C(=O)c3ccccc3OCCn4ccc(=O)[nH]c4=O,-1.522,34,-0.04476470588235294
COCCN[NH2+]CCC(=O)Nc1cccc(C(=O)[O-])c1,-1.522,20,-0.0761
COC(=O)c1ccccc1S(=O)(=O)c(nc2)nc(c23)N(C4CCCC4)c5c(C(=O)N3C)cccc5,-1.521,35,-0.043457142857142854
CCNN1[C@@H](C)C[C@@H](NC(=O)OC(C)C)c(c12)cc(cc2)-c3ccc(cc3)CNC,-1.519,30,-0.05063333333333333
CCCCCCCCNc1ccc(cn1)S(=O)(=O)[N-]c2c(C)[nH+]n(C)c2C,-1.518,27,-0.05622222222222222
C[NH+](C)CC[N@@H+]1CC[C@H](C1)n2cnc(-c3ccc(C(F)(F)F)cc3)c2-n(cc4)c(=O)n(c45)ccn5,-1.516,35,-0.043314285714285715
C1CCC1C[NH2+][C@H](CC)c2cc(no2)-c3ccc(cc3)OC(C)(C)C(=O)[O-],-1.516,27,-0.05614814814814815
CNc1cc(nc(N)[nH+]1)-c2ccc(N)nc2,-1.515,16,-0.0946875
O=C(N1)C(C)(C)Oc(c12)cc(c(c2)OC)Nc3cc(Cl)cc(c3Cl)CN,-1.515,26,-0.05826923076923077
CC(C)Cc1nc(cs1)-c([n-]c(=O)n2)c(c23)cccc3,-1.515,20,-0.07575
Cc1ccc(cc1)Cc2c[nH+]c([nH]2)C3CCCC3,-1.514,18,-0.08411111111111111
CCCn(c1=O)c(=O)n(CCC)c(c12)nc([nH]2)-c3ccc(cc3)Nc4ccc([NH3+])cc4,-1.514,31,-0.04883870967741936
O=c1n(C)cc(cc1C)-c(n2)n(c(c23)ccc(Br)c3)-c4cc(Cl)c[n-]c4=O,-1.513,27,-0.05603703703703703
C[NH+](C)CCN1CCC(CC1)n2c[nH+]c(c2C(=O)CCC(=O)[O-])-c3ccc(C(F)(F)F)cc3,-1.513,33,-0.04584848484848485
COc(nn1)ccc1-c(c2CC)nc(N)[nH+]c2N3CCN(C)CC3,-1.513,24,-0.06304166666666666
CC[C@H](C)[C@H](N)C(=O)[N-]S(=O)(=O)c(c1)c(OC)cc(c12)onc2C,-1.513,24,-0.06304166666666666
O=c1[nH]c(=O)n(cc1C)C2CCN(CC2)c([nH]3)nc(c34)cc(cc4C)N5CCOCC5,-1.512,31,-0.0487741935483871
COC[C@@H](C)c(n1)n([C@H]2C[C@@H](C#N)C2)c(c13)c(nc(c3)-c4noc(=O)[n-]4)-c5cncc(Cl)c5,-1.511,33,-0.04578787878787879
Nc(n1)cc(C)c(c12)ccc(c2)C[C@H](O)CO,-1.51,17,-0.0888235294117647
N#Cc1c(=O)[n-]c(cc1[S@](=O)C)NCc2ccccn2,-1.51,20,-0.0755
CNc1cc(nc(n1)N)N2CCN(CC2)NC34C[C@@H]5C[C@H](C4)C[C@@H](C5)C3,-1.51,26,-0.058076923076923075
CN1CCN(CC1)c2cn(C)nc2COc3ccc(cc3)-c(cc4)nc(c45)cccc5,-1.51,31,-0.04870967741935484
COc1cc(OC)cc(c12)[nH]c(nc2=O)-c3ccccc3C(C)(C)C,-1.509,25,-0.06036
N#Cc1ccc(cc1C)Oc2ccc(cc2)CC(=O)c3c(C)nnn3C4CCN(CC4)CCN(C)C,-1.507,36,-0.041861111111111106
Cc1nc(C[NH+](C)C)ccc1-c(c(c23)c(=O)[nH]nc3)cnc2N4CCS[C@@H](CC4)c5cccs5,-1.506,34,-0.044294117647058824
C/C=C/CCCCCCCC(=O)CCNc1ccc(c[nH+]1)S(=O)(=O)[N-]c2c(C)[nH+]n(C)c2C,-1.505,33,-0.0456060606060606
CCCC[NH2+][C@H](C)c1ccc(cc1)-c2cc(F)cnc2Cl,-1.505,21,-0.07166666666666666
CCc(c1)nc(C)c(c12)c(c(C#N)c(=O)[nH]2)-c3ccc(cc3)Nc4c[nH+]cc(C)c4,-1.504,30,-0.050133333333333335
O=C1CCCc(c12)n(c(c2)CC)/C([O-])=C(\C(=N3)C)[C@@H](c4ccc(C)cc4)c(c35)c(=O)[nH]c(=O)n5CC,-1.504,36,-0.041777777777777775
NC(=O)CCNCc1ccc(c(Cl)c1)-c2noc(n2)C3CCN(CC3)C(=O)Cc4ccccc4,-1.503,34,-0.04420588235294117
C[NH+]1CCN(CC1)c(cc2)cc(c23)n(Cc4ccccc4)c([nH+]3)-c5ccc(cc5)OC(C)(C)C(=O)[O-],-1.503,36,-0.041749999999999995
CCc(nn1)n(c12)nc(cc2)-n(c(C)c3)c(c34)cc(cc4)Nc5nccc([nH+]5)NC,-1.498,30,-0.049933333333333337
CC(=O)N[C@H]1CCN(C1)c2ccc(cc2F)C3=NO[C@@H](C3)C[NH2+]CCc(n4)[nH]c(c45)cccc5,-1.497,34,-0.044029411764705886
CN(C)CC[N@H+]1CC[C@H](C1)CCc2c[nH+]c[nH]2,-1.497,17,-0.08805882352941177
CCOC(=O)CC[NH2+]CCOC(F)(F)F,-1.497,15,-0.09980000000000001
c1nccc(c12)c(ccc2)S(=O)(=O)NCC[N@@H+]3CCC[C@H](O)C3,-1.497,23,-0.06508695652173914
Cc1ccc(C)c(c1)C[NH2+]CC[NH2+]C/C=C/c2ccc(Br)cc2,-1.493,23,-0.06491304347826088
CN1CCN(CC1)CCNc2ccc(cn2)S(=O)(=O)c3[nH]ncc3-c4ccncc4,-1.493,30,-0.04976666666666667
CN(C)CCN(CC1)CCC1n(nnc2C)c2-c3ccc(cc3)[C@@H](C[NH3+])c4ccc(Cl)cc4,-1.492,33,-0.04521212121212121
O=C(N1)C(C)(C)Oc(c12)cc(c(c2)OC)CCc3[nH+]cc[nH]3,-1.492,22,-0.06781818181818182
CCc1cccc(C)c1NC(=O)[C@@H](c2cccnc2)N(NC)c3ccc(C(C)C)nc3,-1.489,31,-0.04803225806451613
CCC(=O)c1cc[n-]c(=O)c1-c(n2)[nH]c(c23)cc(cc3C)N4CCOCC4,-1.489,27,-0.055148148148148154
CCOC(=O)[C@@H]1C(=C)N=C(C)[C@@H]([C@H]1c2cccc(Cl)c2Cl)C(=O)[C@H]3CC[N@H+](C3)CC[NH3+],-1.487,31,-0.04796774193548387
Cc1nc(C[NH+](C)C)ccc1-c(c(c23)cn[nH]c3=O)ncc2-c4ccc(C[NH+](C)C)nc4C,-1.486,33,-0.04503030303030303
CCc1ccccc1-c2ccc(cc2C)CC(=O)c3c(cnn3C)C(=O)N4CCOCC4,-1.485,32,-0.04640625
C1CNCCN1c(c2)[nH+]ccc2CCC3OCCO3,-1.484,19,-0.07810526315789473
c1c[nH]nc1-c(cc2)cc(c23)[C@@H](C[C@H](C)N3C(=O)C)c4[nH]ncc4-c5ccncc5,-1.481,30,-0.04936666666666667
COc1ccccc1S(=O)(=O)Nc(cc2)c3[n-]c(NCCO)cc(c3c24)c([O-])n4C,-1.48,30,-0.04933333333333333
COc1cc(cc(c1)OC)NC(=O)N(Cc2ccccc2)S(=O)(=O)c3ccc(F)c(C)c3,-1.48,32,-0.04625
Cn(c1)ncc1-c(cc2)cc(c2n(c34)c(C)nn3)[C@@H](CC4)[C@@H](C5CC5)CS(=O)(=O)N6CCCC6,-1.479,34,-0.043500000000000004
CC(C)(O)Cn1cc(c[nH+]1)N2CCN(CC2)c3ccc(Cl)c(C(F)(F)F)c3,-1.479,27,-0.05477777777777778
OCCS(=O)(=O)c1ccc(cc1)NCCCNCc2ccc(c(Cl)c2)-c3ccccc3,-1.478,31,-0.047677419354838706
COc(c1)ccc(c12)n3c(nnc3C)[C@H]([C@@H](CC=C)C(=O)[C@H]4CCOC4)N=C2c5ccc(Cl)cc5,-1.477,35,-0.0422
CC[C@H](C)[C@H]([NH3+])C(=O)c1ncc(F)cc1F,-1.476,16,-0.09225
NC(=O)C(=C1)CC=CN1c(nc2OC)nc(n2)N3CCNCC3,-1.475,23,-0.0641304347826087
COc1ccccc1S(=O)(=O)Nc(cc2)c3[n-]c(C(=O)C4CC4)cc(c3c25)c([O-])n5C,-1.473,31,-0.04751612903225807
c1cncc(c12)c(=O)c(C#N)c([nH]2)-c3ccc(cc3)[C@H]4C[C@@H](C#N)C4,-1.471,25,-0.05884
CCCn(c1=O)c(=O)n(CCC)c(c12)nc([nH]2)CCCNCc3ccc(c(Cl)c3)-c4ccccc4,-1.471,35,-0.04202857142857143
c1cc(F)cc(c12)c(C(=O)[N-]S(=O)(=O)C)c(N)c([nH+]2)Nc(cc3)cc(n34)nc(c4)-c5ccccc5,-1.466,35,-0.04188571428571428
COc1ccc(cc1)C[NH2+]C2CCN(CC2)c3cccc[nH+]3,-1.465,22,-0.06659090909090909
CN(C1)C(=O)Nc(c12)ccc(c2)-c3cc([nH+]c(n3)N)N4CCCCC4,-1.465,25,-0.058600000000000006
[NH2+]1CCCC[C@@H]1N(C)CCO[C@@H]2CC[C@@H](CC2)C[C@@H](C([O-])=O)c3ccccc3CO,-1.465,30,-0.04883333333333333
c1cc(Cl)ccc1S(=O)(=O)[N-]c(c(C#N)c2)cc(n23)nc(c3)-c4ccccc4,-1.464,28,-0.05228571428571428
C[NH+]1CCN(CC1)c(c2)[n-]c3c(ccc(c3c24)n(C)c4O)OCc(c5)oc(c56)cccc6,-1.463,32,-0.04571875
CN(C)c1ccc(cc1)C2(CCCC2)C[NH2+]Nc3ccc(Cl)cc3,-1.461,24,-0.060875000000000005
O=C1CCCC(=O)C1=C([O-])c(cc2)c(C)c(c23)c(=O)n(-c4ccccc4)c(n3)C(=O)Nc5cc[nH+]cc5,-1.46,37,-0.03945945945945946
C[NH+]1CCN(CC1)C2CCN(CC2)c3ccc(F)cc3,-1.459,20,-0.07295
CN1CC[C@@H]([C@H](O)C1)c(c(O)cc2O)c(c23)oc(cc3=O)-c(ccn4)c(c45)[nH]cn5,-1.459,30,-0.048633333333333334
n1c(N)[nH]c(c12)c(ccn2)C(=O)[C@H](C(C)C)NC(=O)C3CCCCC3,-1.458,25,-0.05832
C[NH+]1CCN(CC1)C2CCN(CC2)c3ccc(cc3)-c(n4)c(C#N)c([O-])c(c45)cncc5,-1.456,32,-0.0455
COc1cccc(c1)C/C(N)=[NH+]\N=C\c2ccc(o2)-c3ccccc3Cl,-1.454,26,-0.05592307692307692
O=c([n-]1)[nH]c(=O)cc1C(=O)N2CC[NH+](CC2)CC3CCN(CC3)Cc4ccc([N+](=O)[O-])cc4,-1.451,33,-0.04396969696969697
CC(C)(C)S(=O)(=O)Nc1cc(ccc1Cl)N2CC[NH+](CC2)Cc3ccccc3,-1.45,28,-0.05178571428571428
c1cc(Cl)ccc1CC2([NH3+])CCN(CC2)n(c(n3)SCCC(=O)[O-])c(c34)cccc4,-1.45,30,-0.04833333333333333
CC(C)(C)c1cc(Br)c(O)c(c1)Cc2ccc(S(=O)(=O)N)cc2CC[NH3+],-1.449,26,-0.055730769230769236
CCN(C1=O)c2ccc(c(c2c13)ccc3)S(=O)(=O)NCC4CCN(CC4)n5nccn5,-1.448,31,-0.04670967741935484
c1cc(C)ccc1S(=O)(=O)N(c(cc2OC)ccc2OC)CC(=O)c3c[nH]c(n3)C4CCC4,-1.448,33,-0.04387878787878788
COc1ccc(nn1)N2CC[NH+](CC2)[C@H](c3cccnc3)C(=O)NC4CCCCC4,-1.446,30,-0.0482
CCC(=O)Nc(cc1)c2[n-]c(cc(c2c13)c(O)n3C)N4CC[NH+](C)CC4,-1.446,26,-0.055615384615384615
CC(C)Cn1ncc(Cl)c1C(=O)[N-]c2nc(cs2)-c3ccccn3,-1.444,24,-0.06016666666666667
CO[C@@H](C)c(cc1)ccc1N(S(=O)(=O)CC)[C@H](c2cccnc2)C(=O)Nc3ccc(OC)cc3C,-1.442,35,-0.0412
CCCn(c1[O-])c(=O)n(CCC)c(c12)nc(n2)-c3ccc(cc3)CC[NH3+],-1.442,26,-0.05546153846153846
CCCCCCCCc1cccc(c1)CNC,-1.442,17,-0.0848235294117647
FC(F)(F)c(n1)nc(n12)nc(C)cc2C(=O)Cc(cnc3)c(c34)c([O-])ccc4,-1.441,28,-0.05146428571428572
Cc(n1)c(C)n(c12)c(C)c(cc2)CCc3nc(cn3C)-c(n4)[nH]c(c45)cc(cc5C)N6CCOCC6,-1.441,36,-0.04002777777777778
CNc1cc(nc(n1)N)N2CCN(CC2)[NH2+]C34C[C@@H]5C[C@H](C4)C[C@@H](C5)C3,-1.439,26,-0.05534615384615385
C[NH2+]Cc1ccccc1Cc(cc2)cc(c23)COc4c(cccc4)C\3=C(/C)c5noc(=O)[nH]5,-1.438,33,-0.04357575757575757
CC(C)C[NH2+]CC(=O)Cc(cc1C)cc(C)c1Nc2ccnc(n2)Nc3ccc(C#N)cc3,-1.438,33,-0.04357575757575757
c1cc(Br)ccc1-c2ccc(cc2Cl)C[NH2+]CCc3ncc[nH]3,-1.438,23,-0.06252173913043478
Cn1ccnc1C(=O)c(o2)c(C)c(c23)c(ccc3)-c4ccccc4O,-1.436,25,-0.05744
C1CC1Nc(nc2N)cc(n2)N3CCN(CC3)N[C@H](CCC4)c(c45)cnn5-c6ccccc6F,-1.435,34,-0.042205882352941176
CCCCCCCCCCCCCCC[C@@H](O)[C@H](CO)NCCC(=O)NC1CC1,-1.435,29,-0.049482758620689654
CNc1cc(nc(n1)N)N2CCN(CC2)c(cnc3)c(c34)cccc4,-1.433,25,-0.05732
C1CC1Nc(nc2N)cc(n2)/C(O)=C/C(=O)C(=O)[O-],-1.432,19,-0.07536842105263157
Clc1c(Cl)cccc1[C@H]2[C@@H](C(C)=NC(=C)[C@@H]2C(=O)OC)C(=O)Nc3cccc(C(=O)[O-])c3,-1.431,32,-0.04471875
n1cccnc1Nc(c2)c(ccc2S(=O)(=O)C)N3CCN(CC3)C4COC4,-1.431,27,-0.053
Cc1ccccc1CN(c2ccc(C#N)c(Cl)c2)[C@H]3CC[N@H+](C3)N4CCN(C)C(=O)[C@H]4C,-1.429,32,-0.04465625
FC(F)(F)CCNS(=O)(=O)c1ccc(cc1)N2CC[NH+](CC2)Cc3ccccc3,-1.426,29,-0.04917241379310345
C1C[NH2+]CCC1N(C)c(nc(c23)ccs3)nc2[C@@H]4CCC[NH2+]C4,-1.422,23,-0.06182608695652174
c1cc(Cl)ccc1S(=O)(=O)\N=c(\c(C#N)c2)cc(n23)[nH]c(c3)-c4ccccc4,-1.422,28,-0.05078571428571428
Cc1nc(CN(C)C)ccc1N2[C@@H](C)Cn(c23)c4c([nH+]3)cccc4,-1.422,24,-0.05925
n1ccccc1C(C)(c2ccccn2)c3ccc(N)nc3,-1.42,21,-0.06761904761904762
CSc1ccc(cc1)C(=O)c2ccc(cc2Cl)CNCCCO,-1.419,23,-0.06169565217391305
CCCCCC[C@@H](C)N[NH+]1CCN(CC1)c2ccc(Cl)cc2,-1.419,22,-0.0645
CO/C([O-])=C/C(=O)c(cn(C)c1=O)c(c12)oc(c2)-c3c[nH+]c([nH]3)C4CCC4,-1.418,27,-0.05251851851851851
CN(C)CC[N@@H+]1CC[C@H](C1)n2cnc(-c3ccc(C(F)(F)F)cc3)c2-n(cc4)c(=O)n(c45)cc[nH+]5,-1.417,35,-0.040485714285714285
O=c([n-]1)onc1-c(c2CC)nc(N)nc2N3CCN(C)CC3,-1.417,22,-0.06440909090909092
Clc1c(Cl)cccc1[C@H]2[C@@H](C(=C)N=C(C)[C@@H]2C(=O)OC)C(=O)Nc3cccc(C(=O)[O-])c3,-1.417,32,-0.04428125
N#CCC[N@H+](CC1)CC[C@@]12NC(=NC2=O)c3ccc(OC(F)(F)F)cc3,-1.416,26,-0.05446153846153846
Cc1noc(C)c1-c(cc2)cc(c23)[nH+]cc(C(=O)[O-])c3-c4ccc(cc4)CC(=O)N5CCOCC5,-1.416,35,-0.04045714285714286
O=C1CCCc(c12)n(c(c2)CC)/C([O-])=C(\C(=N3)C)[C@@H](c4ccc(C)cc4)c(c35)c(=O)[n-]c(=O)n5CC,-1.414,36,-0.03927777777777777
OCC[N+](C)(CCO)CCC[NH2+][C@H]([C@@H](O)C(=O)N1CCC1)C[C@@H]2CCCNC2=O,-1.411,29,-0.04865517241379311
CCc(c1)nc(C)c(c12)c(c(C#N)c(=O)[nH]2)-c3ccc(cc3)-c4ccc(nn4)OC,-1.411,30,-0.04703333333333334
O=C([O-])c1ccccc1CN(c(c23)cccc3)C[C@H](C4CC4)N2n5ccc(=O)c(C(=O)[O-])c5O,-1.41,34,-0.04147058823529411
CCCCCNCc1ccc(cc1)-c2c(C)noc2C,-1.408,20,-0.07039999999999999
O[C@@H]1[C@@H](O)[C@@H](O)[C@@H](O[C@H]1C)c2ccc(cc2Cl)C[NH2+]CCc3ncc[nH]3,-1.407,26,-0.054115384615384614
COc1cccc(c1)CC(=[NH2+])Nc(cc2)c3[nH]c(cc(c3c24)c([O-])n4C)N5CC[NH+](C)CC5,-1.407,33,-0.04263636363636364
c1c[nH]nc1-c(cc2)cc(c23)[C@@H](C[C@H](C)N3C(=O)C)c4n[nH]cc4-c5ccncc5,-1.406,30,-0.04686666666666666
Cc1cc(cc[nH+]1)-c2ccc(cc2)-c3c(C)noc3C,-1.406,20,-0.0703
O=C([O-])[C@@H](C)n(nn1)c(c12)ccc(Cl)c2Oc3cc(Cl)cc(c3Cl)CN,-1.405,26,-0.05403846153846154
Cc(n1)c(C)n(c12)c(C)c(cc2)CCc3[nH+]c(cn3C)-c4ccnc(c4)N5CC[NH2+]CC5,-1.404,32,-0.043875
C1CCCCN1c(c2CC)[nH+]c(N)nc2N3CCN(C)C(=O)[C@H]3C,-1.402,24,-0.058416666666666665
COc1cc(OC)cc(c12)nc([nH]c2=O)-n(cc3)c(=O)n(c34)cc[nH+]4,-1.402,25,-0.05608
O=[N+]([O-])c1cc(S(=O)(=O)C(F)F)ccc1-c2nnc([nH]2)-c3ccc(F)cc3,-1.401,27,-0.05188888888888889
C[C@@H]1C(=O)N(C)CCN1c(ccc2C)cc2S(=O)(=O)NC3CCCC3,-1.4,25,-0.055999999999999994
c1cn[nH]c1-c(cc2)cc(c23)[C@@H](C[C@H](C)N3C(=O)C)c4[nH]ncc4-c5ccncc5,-1.399,30,-0.04663333333333333
COc(cc1)cc(c12)[nH+]c([nH]2)CCc(cn(C)c3=O)c(c34)oc(c4)-c5cnc([nH]5)C6CCC6,-1.397,33,-0.042333333333333334
COC(=O)[C@H]1C(C)=NC(=C)[C@@H](C(=O)c([n-]c(=O)n2)c(c23)cccc3)[C@@H]1c4cccc(Cl)c4Cl,-1.396,33,-0.0423030303030303
[NH3+]Cc(cc1)ccc1-c(n(n2)C)c(c23)ncn(c3=O)CC4(O)CCN(CC4)Cc5ccccn5,-1.394,34,-0.040999999999999995
CCCCCCC(=O)OC[C@H](COP(=O)([O-])OC[C@@H](O)CO)OCc1ccccc1C,-1.391,31,-0.04487096774193548
n1cn(C(C)C)c(c12)[nH+]c(N[C@H](CC)CO)nc2NCc3ccc(cc3)-c4cnn(C)c4,-1.391,32,-0.04346875
FC(F)(F)c(n1)nc(n12)nc(C)cc2C(=O)Cc(c[nH+]c3)c(c34)c(O)ccc4,-1.39,28,-0.04964285714285714
Fc1ccc(cc1)-c2[nH]nc(n2)-c3ccc(cc3Cl)CNCCc4ccc[nH]4,-1.389,28,-0.04960714285714286
CN1C(=O)[C@@H](C)N(C2CC2)c(c13)cc(cc3)S(=O)(=O)c(cc4)cc(c45)CN[C@H](C5)CO,-1.387,31,-0.04474193548387097
O=[N+]([O-])c1ccc(cc1)C[N@H+]2CC[C@@H](CC2)Cc(ccn3)c(c34)cccc4,-1.387,27,-0.05137037037037037
O=C[C@@H]1CCCN1C(=N2)CSc(c23)cccc3,-1.386,17,-0.08152941176470588
Cc1nnn(c1CC#N)[C@@H]2CC[N@H+](CC2)CCN(C)C,-1.386,20,-0.0693
C1CC1[N@H+]2C(C)(C)C(=O)N(C)c(c23)ccc(c3)Nc(cc4)cc(c45)N(C6CC6)C(C)(C)C(=O)N5C,-1.385,35,-0.03957142857142857
n1nc(C)n(c12)c3c(cccc3)C(c4ccccc4)=N[C@H]2NC(=O)N5CCN(CC5)CCN(C)C,-1.382,35,-0.039485714285714284
Clc1c(Cl)cccc1[C@H]2[C@@H](C(=C)N=C(C)[C@@H]2C(=O)OC)C(=O)c3c(C)ccn(C)c3=O,-1.381,31,-0.044548387096774195
COc(c1)cccc1-c(ncn2CC#C)c2-c3nc(N)[nH+]c(c3CC)N4CCCCC4,-1.38,31,-0.04451612903225806
C[C@H](O)Cc1ncn(n1)C[C@H]2CC[C@H](C(=O)[O-])CC2,-1.378,19,-0.07252631578947367
n1nc(C)n(c12)c3c(N(C(C)(C)C(=O)[O-])C[C@H]2C)cc(cc3)-c4ccc(N)[nH+]c4,-1.378,29,-0.04751724137931034
Cc1nn(C)c(C)c1NS(=O)(=O)c2c(Cl)cc(cc2Cl)-n3nccn3,-1.378,25,-0.055119999999999995
COCC[NH2+]NCCC(=O)Nc1cccc(C(=O)[O-])c1,-1.378,20,-0.06889999999999999
FC(F)(F)CCNS(=O)(=O)c1ccc(cc1)C#CC[NH2+]C2CCCCCC2,-1.376,27,-0.05096296296296296
CC(C)(C)c(cc1)ccc1N(S(=O)(=O)CC)[C@@H](C(=O)[C@@H]2C=C[N+](=N2)C)c3cccnc3,-1.374,31,-0.04432258064516129
O=C([O-])CCCOc1ccccc1N2CC[NH+](CC2)Cc3cncs3,-1.372,25,-0.054880000000000005
O=C([O-])C(C)(C)[NH+]1CCNCC1,-1.367,12,-0.11391666666666667
O=C1CCCc(c12)n(c(c2)CC)-c3nnc([n-]3)-c4ccccc4,-1.366,23,-0.05939130434782609
Cc1noc(C)c1N[C@H](C(=O)[O-])Cc(c[nH]2)c(c23)cccc3,-1.365,22,-0.06204545454545454
c1cc(Cl)ccc1[C@@H](c2cccnc2)C(=O)N3CCN(CC3)COCCO,-1.364,27,-0.050518518518518525
N#Cc(cc1)ccc1N[C@H](C[C@H](C)N2C(=O)C)c(c23)cc(cc3)-n4ccnc4,-1.364,28,-0.04871428571428572
[NH2+]1CCCC[C@@H]1N(C)CCO[C@@H]2CC[C@@H](CC2)C[C@@H](C([O-])=O)S(=O)(=O)C3CC3,-1.364,28,-0.04871428571428572
COc(c1)c(OC)cc(c12)c(nc(n2)C)CCc([nH+]3)[nH]c(c34)cccc4OC,-1.362,28,-0.04864285714285715
O=C([O-])C[NH2+][C@H](C)c1[nH]cnn1,-1.361,12,-0.11341666666666667
Cc1cc(n[nH]1)[C@@H](C)[NH2+]CCOc2ccc(cc2)C[C@@H]3SC(=O)NC3=O,-1.361,26,-0.05234615384615385
Oc1ccc(O)c(C2=O)c1C(=O)c(c23)c(N(CC4)CC[NH+]4CCN(C)C)ccc3NCC[NH2+]CCO,-1.358,36,-0.037722222222222226
CN(C)CC[N@H+]1CC[C@@H](CC1)c2ccc(O)c(O)c2,-1.358,19,-0.07147368421052631
C1CC1c([nH]2)[nH+]c(c23)cc(-c4c(C)onc4C)cc3-c5ccc(S(=O)(=O)N)cc5,-1.358,29,-0.04682758620689655
c1ccc([N+](=O)[O-])c(c12)[nH]c(n2)CC[N@H+]3CC[C@H](O)CC3,-1.357,21,-0.06461904761904762
c1c(F)cc(c(c12)C)NS(=O)(=O)CCCCC[C@H]3C[N@H+](C2)CCN3c(c[nH+]4)n(c45)CCC5,-1.357,32,-0.04240625
c1nccn1C[C@@H]([NH2+]C(C)C)c2ccc(Cl)cc2Cl,-1.357,19,-0.07142105263157894
O=c1n(C)cc(cc1C)-c(cc2)cc(c23)n(c([nH+]3)C4CCOCC4)Cc5ccccc5CO,-1.357,33,-0.04112121212121212
CNc1cc(nc(N)[nH+]1)N2CCN(CC2)N3CC[NH+](C(C)C)CC3,-1.356,24,-0.0565
CN(C)CCN1CCN(CC1)c2ccc(S(=O)(=O)C)cc2Nc3ncccn3,-1.355,28,-0.04839285714285714
CN1CC[C@@H](C1)N(C)c(nc(c23)cc(s3)C(C)(C)C)nc2Nc4cc[nH+]cc4,-1.355,28,-0.04839285714285714
N#Cc1cccc(c12)n(c(n2)C)C(=O)c3cccc(c3)S(=O)(=O)N(CC4)Cc(c45)cccc5,-1.354,33,-0.041030303030303035
Cc1nn(C)c([O-])c1C(=O)c(cc2)c(C)c(c23)c(=O)n(c(=O)n3C)-c4ccc(C(C)(C)C)cc4,-1.354,34,-0.03982352941176471
COC(=O)[C@H](C(C)(C)C)Nc1ccc(cc1Cl)C[NH2+]CCc2ccc[nH]2,-1.353,26,-0.05203846153846154
c1cnccc1NC(=O)[C@H](C(C)C)NC(=O)CCNCc2ccc(c(Cl)c2)-c3ccccc3,-1.351,33,-0.04093939393939394
Cc1n[nH]cc1C(=O)C(C2)(CC(=O)[O-])Cc(c23)cc(F)c(F)c3,-1.35,23,-0.058695652173913045
[O-]c1ccc(F)cc1C(=O)[C@@H](c(ccc2)c(c23)OC(F)(F)O3)c4ncccc4Cl,-1.349,29,-0.04651724137931034
CNCc1ccc(cc1)C(=O)OC(C)(C)C,-1.347,16,-0.0841875
CC[N@H+]1CC[C@@H](CC1)N(C)c(nc(c23)ccs3)nc2C(=O)c(cc4)nc(c45)cccc5,-1.345,31,-0.04338709677419355
NCc1ccc(c(Cl)c1)-c2ccc(cc2Cl)C[NH2+]CCC(=O)N,-1.345,23,-0.058478260869565216
CN1CCN(CC1)c2ccc(cc2)NCC[NH+]3CCOCC3,-1.344,22,-0.06109090909090909
C1OCC1N(CC2)CCN2c(n3)cc(nc3N)NCCC(c4ccccc4)c5ccccc5,-1.344,33,-0.04072727272727273
OCCNCC[NH2+][C@H](CCC1)c(c12)cnn2-c3ccccc3F,-1.342,23,-0.058347826086956524
CC(C)C[NH+]1CCOCC1,-1.342,10,-0.1342
CCN(C1=O)c2ccc(c(c2c13)ccc3)S(=O)(=O)NCC4CCN(CC4)n5cncn5,-1.34,31,-0.043225806451612905
[NH2+]1CCCC[C@@H]1N(C)CCO[C@@H]2CC[C@@H](CC2)C[C@@H](C([O-])=O)c3cccc(C(=O)[O-])c3,-1.34,31,-0.043225806451612905
Cc1nnn(C)c1-c(c2)c(F)cc(c23)c4c(cc(c[nH+]4)C(C)(C)O)n3[C@H](C)C(=O)N,-1.339,30,-0.04463333333333333
CCCCCCOc1cccc(c1)CNCC2CCN(C(=O)C)CC2,-1.338,25,-0.053520000000000005
CCOc1ccccc1-c2ccc(cc2)-c3cc([S@](=O)C)c(C#N)c(=O)[nH]3,-1.337,27,-0.04951851851851852
CCc1cccc(C)c1NC(=O)[C@@H](c2ccc[nH+]c2)N(NC)c3ccc(C(C)C)nc3,-1.335,31,-0.043064516129032254
FC(F)(F)C([O-])(C(F)(F)F)C(=O)C1COC1,-1.333,16,-0.0833125
O=C1NC(=O)[C@@H](S1)Cc(cc2)cc(c23)ccc(c3)C(=O)c4ccsc4C(=O)[O-],-1.333,28,-0.047607142857142855
COc1cccc(c1)OCC(=O)c2ccc(cc2Cl)CNCCc([nH]3)nc(c34)cccc4OC,-1.331,34,-0.03914705882352941
O=C([O-])CCSc(n1)n(c(c12)cccc2)CCN3CCCCC3,-1.33,23,-0.05782608695652174
C/C=C/CN(C[C@@H]1C)c(c2n(c13)c(nn3)C)cc(cc2)-c4ccc(N)[nH+]c4,-1.33,27,-0.04925925925925926
Cc1cc(OC)cc(c12)c(c3c(n2)[nH]nc3C)C[C@@H]4CC[N@H+](CC4)CC[NH+](C)C,-1.328,29,-0.04579310344827586
c1ccc(OC)c(c12)[nH]c(n2)CC[NH2+]Cc3ccc(c(Cl)c3)S(=O)(=O)C(C)(C)C,-1.328,29,-0.04579310344827586
CNCc1ccc(cc1)-c(cc2)cc(c23)[C@H](NC(=O)OC(C)C)C[C@H](C)N3N4CCC(=O)CC4,-1.327,34,-0.03902941176470588
[nH+]1cccc(c12)ccc(c2)C3CCCCC3,-1.327,16,-0.0829375
CC(C)CCc1ccc(cc1)[NH+]2CCN(C)CC2,-1.325,18,-0.07361111111111111
O=C1CC=CN1c2cccc(c2)-c(ccc3S(=O)(=O)C(F)F)c(c34)CC(F)(F)[C@H]4O,-1.325,30,-0.04416666666666667
O=c1n(C)ncc(c1C)NCc2ccccc2[NH2+]CCC(C)C,-1.324,23,-0.05756521739130435
Cc1cc(C)c(c(C)c1)-c2ccc(cc2Cl)CNCCc3ncc[nH]3,-1.323,25,-0.052919999999999995
O=c1[nH]c(=O)n(cc1C)[C@@H]2CC[N@H+](CC2)N(CCO3)[C@@H]([C@H]34)CCC4,-1.321,24,-0.05504166666666666
Clc1c(Cl)cccc1[C@H]2C(=C(C)N=C(C)[C@@H]2C(=O)OC)C(=O)n3ccc(=O)[n-]c3=O,-1.32,30,-0.044000000000000004
CC(=O)NC[C@H]1CN(C(=O)O1)c2c(C)nnn2[C@@H]3CC[N@@H+](CC3)CC[NH+](C)C,-1.317,28,-0.047035714285714285
O=C([O-])CCSc([nH+]1)n(c(c12)cccc2)[C@@H]3C=NC(N3)=C4CCC4,-1.317,24,-0.054875
C[NH+](C)CCCc1ccc(cc1Cl)C[NH2+]CCc2c[nH+]c[nH]2,-1.316,22,-0.05981818181818182
C1C[NH2+]CC=C1c(cc2)cc(c23)N(C[C@@H](N3C(=O)C)C4CC4)N(CC5)CCC56Oc7c(O6)cccc7,-1.314,36,-0.036500000000000005
Cc1nc(CN(C)C)ccc1-c(cc(c23)nccc3)cc2-c4c(C)noc4C,-1.313,28,-0.04689285714285714
o1cccc1CS(=O)(=O)c2c(Cl)cc(cc2Cl)-c3ccnc(c3)N4CC[NH2+]CC4,-1.312,29,-0.04524137931034483
c1cc(F)cc(c12)c(N[C@H](C)C(=O)[O-])c(C#N)c([nH+]2)[C@H](C)c3ccc(s3)-c(cn4)n(c45)CCC5,-1.312,34,-0.038588235294117645
CC(C)NC(=O)O[C@H](CC[C@@]1(C)O)c(c12)nnn2-c3cc(Cl)ccc3OCCN(C)C,-1.31,31,-0.04225806451612903
CC(C)(C)S(=O)(=O)C(=O)Cc(cnc1)c(c12)c([O-])ccc2,-1.309,21,-0.06233333333333333
C1COCCC1CN(C2)[C@@H]([C@H]([C@H]23)C3(C)C)C(=O)N[C@H]([C@@H](O)C(=O)N4CCC4)C[C@@H]5CCCNC5=O,-1.309,35,-0.037399999999999996
C[NH+](C)CCN(C1)CC[C@H]1c(c(n2)C)n(c23)ccnc3N4CCOCC4,-1.309,26,-0.050346153846153846
C[NH+](C)CCN1CC[C@H](C1)n2c[nH+]c(c2CC#N)-c3ccc(C(F)(F)F)cc3,-1.308,28,-0.046714285714285715
c1ccccc1C(=O)\C=C(\C)N[C@H](C(=O)[O-])Cc2ccc(cc2)N3CCC(O)CC3,-1.308,30,-0.0436
CC[NH+]1CCN(CC1)Cc2ccc(cc2C(F)(F)F)NCCN(C)[C@H]3CCCC[NH2+]3,-1.307,30,-0.04356666666666666
Nc([nH+]1)cc(C)c(c12)ccc(c2)-c3ccc(c(c3)CN)N(C4(C)C)C(=O)NC4=O,-1.306,29,-0.045034482758620695
C1CC[C@@H]([N@@H+]12)CN(CC2)n3c(=O)n(ncn4)c4c(c35)c6c(s5)CCCC6,-1.305,26,-0.05019230769230769
FC(F)(F)CCNC(=O)c1ccc(cc1)C#CCNc2ccc(cc2)CN3CCCCC3,-1.305,32,-0.04078125
[NH2+]1CCCC[C@@H]1N(C)CCO[C@@H]2CC[C@@H](CC2)C[C@@H](C([O-])=O)c3ccc(Cl)c(C(F)(F)F)c3,-1.303,33,-0.039484848484848484
Cc1noc(C)c1S(=O)(=O)N[C@H](C)c2ccc(cc2)-c(cc3)nc(c34)cccc4,-1.303,29,-0.04493103448275862
C[NH+](C)CC[N@H+]1CC[C@H](C1)NS(=O)(=O)C,-1.301,15,-0.08673333333333333
C[C@@H]1C(=O)N(C)CCN1CCOc2ccc(cc2)C3CCN(CC3)Cc4cccnc4,-1.301,31,-0.04196774193548387
CCOC(=O)c1csc([nH+]1)N2CCN(CC2)c3cn[nH]c3,-1.298,21,-0.061809523809523814
Cc1c(C)c(O)c(C)c(c12)CC[C@](O2)(C)C[NH2+][C@H]([C@@H](O)C(=O)N3CCC3)C[C@@H]4CCCNC4=O,-1.297,34,-0.03814705882352941
CC(C)Cc(nn1C)c(c1C)Nc2nc(ncc2Cl)Nc3ccc(cc3)[NH+]4CCN(C)CC4,-1.295,33,-0.03924242424242424
C[NH+](C)CCN1CCN(CC1)c2ccc(S(=O)(=O)C)cc2Nc3ncccn3,-1.293,28,-0.04617857142857142
Nc(c1)cccc1[C@@H](C)[NH2+]CCC2CCCCC2,-1.293,18,-0.07183333333333333
CC1(C)C(=O)[N-]C(=O)N1c2ccc(S(=O)(=O)C(F)F)cc2[N+](=O)[O-],-1.293,24,-0.053875
C=CCc1c[nH+]n(c1)CC(C)(C)O,-1.292,13,-0.09938461538461539
C1COCCN1c(c2)cc(C)c(c23)[nH]c(n3)-c4c(cc[nH]c4=O)CCN(C)[C@H]5CCCC[NH2+]5,-1.291,33,-0.03912121212121212
C[NH+](C)CC[N@@H+](CC1)CC[C@H]1n(nnc2C)c2-c3cccc(n3)-c4cccc(c4)-c5csc(=O)[nH]5,-1.29,35,-0.03685714285714286
CS(=O)(=O)Oc1ccc(cc1)CCc2ccc([nH+]c2)N3CC[NH2+]CC3,-1.29,25,-0.0516
CNCc1ccccc1-c2csc(c2)[C@@H](C)N3CCC[C@H]([NH3+])C3,-1.289,23,-0.05604347826086956
Cc(c1)c(C)cc(c12)sc([nH+]2)CNc(cc3)c4[nH]c(cc(c4c35)c(O)n5C)N6CCN(C)CC6,-1.289,34,-0.03791176470588235
O=C([O-])c1ccc(cc1)C[NH2+][C@H](Cc(c[nH]2)c(c23)cccc3)C(=O)Nc4ccncc4,-1.288,31,-0.04154838709677419
Cc1nc(CN(C)C)ccc1-c2cc(F)c(c(F)c2)-c3cc(CO)ccc3F,-1.287,28,-0.045964285714285714
c1c(F)cc(c(c12)C)NS(=O)(=O)CCCCC[C@H]3CN(C2)CCN3c(cc4)cc(c4=5)=NC(=O)N5,-1.286,34,-0.03782352941176471
O=C1[N-]C(=O)[C@H](S1)Cc2ccc(cc2)Nc(cc3)cc(c34)c(c[nH]4)C5CC[NH2+]CC5,-1.285,30,-0.04283333333333333
Cc1nc(CN(C)C)ccc1-c(c(c23)c(=O)[nH]nc3)cnc2S(=O)(=O)c4ccc(F)c(Cl)c4,-1.285,33,-0.03893939393939394
s1cccc1S(=O)(=O)[N-]c2cccc(c2)N3CCN(CC3)c4ccc(Cl)cc4,-1.285,28,-0.04589285714285714
CCc(c1)nc(C)c(c12)c(c(c([n-]2)=O)C#N)-c3ccc(cc3)Nc4c[nH+]cc(C)c4,-1.284,30,-0.0428
CCOC(=O)CCNc1ccc(c[nH+]1)S(=O)(=O)[N-]c2c(C)[nH+]n(C)c2C,-1.279,26,-0.04919230769230769
CC(O1)(C)C(=O)Nc(c12)cc(O)c(c2)CC(=O)[O-],-1.279,18,-0.07105555555555555
N#C\C=C\c(cc1C)cc(C)c1-c2cc(c[nH+]c2N)-c3cnn(C)c3,-1.278,25,-0.05112
Cc1ccc(Cl)cc1[C@](C)(c2ccccn2)c3cccc[nH+]3,-1.276,22,-0.058
CCCCCCCCCCCNO,-1.274,13,-0.098
c1c[nH]c(c12)c(=O)n(C)cc2-c3ccccc3-c4ccc(C[NH3+])cc4Cl,-1.274,26,-0.049
NCc1ccc(c(Cl)c1)-n(c(c2)CCCC(=O)[O-])c(c23)ccc(Cl)c3,-1.273,25,-0.05091999999999999
CC(C)Oc(c1)c(C(=O)N)cc(c12)[nH+]ccc2[C@H](C)C3CC3,-1.273,22,-0.05786363636363636
[nH]1ncnc1[C@@H](C)Nc2cnn(C)c2,-1.272,14,-0.09085714285714286
O=C([O-])C(C)(C)Oc1c(C)cc(cc1C)CCCc([nH+]2)[nH]c(c23)cccc3,-1.272,27,-0.04711111111111111
Cc1cc(OC)cc(c12)c(c3c(n2)[nH]nc3C)C[C@@H]4CC[N@H+](CC4)CCN(C)C,-1.27,29,-0.04379310344827586
Cc1nnc(n12)c(NC)nc(c2)-c(n3)n(CCOC(F)(F)F)c(c34)cc(cc4)N5CCN(C)CC5,-1.269,35,-0.036257142857142856
s1cncc1Nc(c2CC)[nH+]c(N)nc2N3CCN(C)CC3,-1.269,22,-0.057681818181818174
O=C1[N-]C(=O)N(C1(C)C)c(cc2C)cc(C)c2CCS(=O)(=O)C(=O)CCCCCCCCCO,-1.269,34,-0.0373235294117647
O=c1[nH]c(=O)n(cc1C)C2CCN(CC2)C[C@H](C)N3CCOCC3,-1.269,24,-0.052875
CN(C)CCOc1ccc(Cl)cc1Nc(c2)c(O)cc(c23)NC(=O)C(O3)(C)C,-1.267,28,-0.04525
O[C@H]1CC[C@@H](CC1)Nc2cc[nH+]cc2F,-1.267,15,-0.08446666666666666
C1COCC[NH+]1[C@@H](C)Cc2cnc[nH]2,-1.266,14,-0.09042857142857143
n1ccccc1N(C)CCc(cc2)c(C(F)F)c(c23)[C@@H]([O-])C(F)(F)S3(=O)=O,-1.265,27,-0.046851851851851846
Cc1[nH+]n(C)c(C)c1[N-]S(=O)(=O)c2c(Cl)cc(cc2Cl)-n3nccn3,-1.259,25,-0.050359999999999995
C[C@H]1COCCN1c([nH+]c2)cc(c23)n([C@@H](C)COC)c(n3)-c4[nH]ncc4-c5ccncc5,-1.259,32,-0.03934375
Clc1c(F)ccc(Cl)c1[C@@H](C)Oc2cc(-n3nccn3)c[nH+]c2N,-1.259,24,-0.05245833333333333
CCn1c(=O)nc(O)c(c12)[C@H](c3ccc(C)cc3)C4=C(N2)CN(C4=O)c(cc5)cc(c56)[nH+]c(N)cc6C,-1.254,37,-0.033891891891891894
O1CCOC1CCc(cc2)ccc2C[NH+]3CCCCC3,-1.253,20,-0.06265
N#C\C=C\c(cc1C)cc(C)c1N[C@@H](Cn2cc[nH+]c2)c3ccccc3,-1.253,26,-0.04819230769230769
Cc([nH+]1)c(C)n(c12)c(C)c(cc2)CCc3nc(cn3C)N4CCN(C)CC4,-1.251,27,-0.04633333333333333
CN1CC[C@@H](C1)N(C)c(nc(c23)cc(s3)C(C)(C)C)nc2Nc4ccncc4,-1.251,28,-0.04467857142857142
CNc1cc[nH+]c(n1)Nc(cc2)cc(c23)n(c(c3)C)[C@@H]4O[C@H](CO)[C@@H](O)[C@H]4O,-1.251,28,-0.04467857142857142
CNc1cc([nH+]c(n1)N)-c2nc(ncc2C)Nc3ccc(c(F)c3)C(=O)N[C@@H]4CC[N@@H+](C)CC4,-1.248,34,-0.03670588235294118
CC(C)(C)c(cc1)ccc1N(C(=O)C)[C@@H](C(=O)c2cnn(C)c2)c3cccnc3,-1.247,29,-0.043000000000000003
Clc1c(Cl)cccc1-c(c2CC)nc(N)nc2N3CCN(C)CC3,-1.246,24,-0.051916666666666667
Nc(n1)[nH]c(c12)c(ccn2)-c(cc3=O)oc(c34)c(cs4)-c(cc5)cc(c56)OCCO6,-1.243,30,-0.041433333333333336
O1CCc(c12)c(c(F)cc2)C[N@H+]3CCOC[C@@H]3c4ccccc4,-1.243,23,-0.05404347826086957
C1CCCCC1([NH3+])CNCc2cc(O)cc(O)c2,-1.242,18,-0.069
C1CN(C)CCN1c2[nH+]c(N)nc(c2CC)-c3ccccc3OCCCC(=O)[O-],-1.241,29,-0.04279310344827587
C[NH2+]Cc1ccc(cc1)-c(cc2)cc(c23)[C@@H](C[C@H](C)N3C(=O)C)NC(=O)C[C@H](O)C[NH2+]C,-1.239,32,-0.03871875
O=C1C[N@@H+](CCN1)Cc2ccc(Cl)c(Cl)c2,-1.239,16,-0.0774375
C1CCCC1NS(=O)(=O)c2cc(ccc2C)-c3ccc(cc3Cl)CNCCCO,-1.238,29,-0.04268965517241379
C1CCCCN1c(n2)cc([nH+]c2N)[C@H](C[C@@H]34)[C@@H]([C@@H]([NH2+]4)CC3)CCC(CC5)CCC5(F)F,-1.237,31,-0.039903225806451614
Cc1ccc(cc1)[C@H](C)Nc(cc2)cc(c23)N(N(C4(C)C)C(=O)[N-]C4=O)[C@H](C)C(=O)N3C,-1.235,32,-0.03859375
Fc1cc(F)ccc1Nn2c(=O)n(ncn3)c3c(c24)c5c(s4)C[N@H+](CC5)CC6CCOCC6,-1.235,33,-0.03742424242424243
C[NH+](C)CCC[N@@H+](C)[C@H]1CCN(C1)c(cc2)cc(c23)n(CCOC(F)(F)F)c([nH+]3)C4CCOCC4,-1.234,35,-0.035257142857142855
C[NH+](C)CCN1CC[C@H](C1)n(c2=O)c3sc(CCCC4)c4c3c(n25)ncn5,-1.232,27,-0.04562962962962963
C[C@@H](O)c1ccc(cc1)Cn2cc(ccc2=O)S(=O)(=O)c(cc3)cc(c34)CN[C@H](C4)CO,-1.232,32,-0.0385
C[C@H]1CNCCC[N@@H+]1Cc2ccc(c(Cl)c2)-c3ccccc3,-1.23,22,-0.05590909090909091
Cc1nn(C)c(C)c1-c2ccc(cc2Cl)C[NH2+]CCc3ncc[nH]3,-1.229,24,-0.051208333333333335
O=c([nH]1)[nH]c(=O)cc1C(=O)N(C[C@H]2C(=O)CC(C)(C)O)CCN2c3ccc(Cl)c(Cl)c3,-1.227,31,-0.039580645161290326
[NH2+]1CCCC[C@@H]1N(C)CCO[C@@H]2CC[C@@H](CC2)C[C@@H](C([O-])=O)[NH2+]Cc3ccccc3,-1.224,30,-0.040799999999999996
O=C([O-])[C@@H](C)N[C@H](C)c1ccc(cc1)-c2cc(F)cnc2Cl,-1.221,22,-0.0555
CC(C)CCNc1c[nH+]n(C)c1,-1.221,12,-0.10175000000000001
n1ccccc1C(C)(c2ccccn2)n(c[nH+]3)c(c34)nc[n-]c4=O,-1.22,24,-0.050833333333333335
c1cc(Cl)ccc1C(c(c23)c(C)c(s2)C)=N[C@H](c4n3c(nn4)C)CC(=O)[C@H](C)[C@H]5CNC(=O)C5,-1.219,34,-0.03585294117647059
O=c([n-]1)onc1[C@@H](C)c(c[nH+]c2)c(c23)cccc3,-1.217,18,-0.06761111111111112
c1ccccc1C(=O)\C=C(\C)[C@H](C([O-])=O)C[C@@H]2CC[C@@H](CC2)OCCN(C)[C@H]3CCCC[NH2+]3,-1.217,33,-0.03687878787878788
C=CC1=C(C)C(=O)N[C@@H]1C[C@H](C)[NH+]2CCOCC2,-1.217,18,-0.06761111111111112
c1cc(Br)ccc1-c2ccc(cc2Cl)CNCCc3ncc[nH]3,-1.214,23,-0.05278260869565217
CN(C1)C(=O)Nc(c12)ccc(c2)[NH2+]CCCn(cc3)c(c34)cccc4OC(C)(C)C(=O)[O-],-1.213,32,-0.03790625
c1ccccc1[C@@H](C)[NH2+][C@@H](Cn2cc[nH+]c2)c3ccccc3,-1.21,22,-0.055
CCCCCC[C@@H](C)[NH2+]Cc1c(C)nn(C)c1C,-1.209,18,-0.06716666666666667
c1cc(Cl)ccc1[C@@H](c2cccnc2)C(=O)S(=O)(=O)c3c(F)cccc3F,-1.208,27,-0.04474074074074074
CC(C)N(CC1)CCC12CC(=O)c3c(O2)ccc(c3)-c4ccc(cc4)C(=O)n5ccnc5,-1.208,32,-0.03775
Clc1c(Cl)cccc1-c(c2CC)nc(N)[nH+]c2N3CCN(C)CC3,-1.207,24,-0.05029166666666667
O=C1[N-]C(=O)[C@@H](S1)Cc(cc2)cc(c23)ccc(c3)C(=O)c4ccsc4C(=O)[O-],-1.207,28,-0.04310714285714286
COc1ccc(nn1)N2CCN(CC2)c3cc(C4CC4)[nH+]n3C,-1.205,23,-0.05239130434782609
c1nccc(c12)c(ccc2)S(=O)(=O)[C@H](C[C@H](C)N3C(=O)C)c(c34)cc(cc4)-c5cc[nH]n5,-1.205,32,-0.03765625
CN1CCN(CC1)c(cc2)cc(c23)n(Cc4ccccc4)c(n3)-c5ccc(cc5)OC(C)(C)C(=O)[O-],-1.204,36,-0.03344444444444444
CN(C)CC[N@@H+]1CC[C@H](C1)c(n2)n(Cc3ccccc3)c(c24)cc(cc4)N5CCN(C)CC5,-1.204,33,-0.03648484848484848
NC(=O)CC[NH2+]Cc1ccc(c(Cl)c1)S(=O)(=O)c2ccccc2Cl,-1.204,24,-0.050166666666666665
Cc1cccc(n1)[C@@H]2N(CCc(c23)scc3)c4cc(nc(N)[nH+]4)N5CC[NH+](CC5)C6COC6,-1.202,33,-0.03642424242424242
C1OCC1[NH+](CC2)CCN2c(n3)cc(nc3N)/[NH+]=c(/cc4)cc(n45)[nH]c(c5)-c6ccccc6,-1.201,33,-0.036393939393939395
CN(C)CC[N@@H+]1CC[C@H](C1)c([nH+]2)n(Cc3ccccc3)c(c24)cc(cc4)N5CC[NH+](C)CC5,-1.201,33,-0.036393939393939395
CNc1cc(nc(N)[nH+]1)N2CCN(CC2)[NH2+][C@H](C(=O)[O-])Cc(c[nH]3)c(c34)cccc4,-1.201,30,-0.04003333333333334
c1cc(C(F)(F)F)cc(c12)n(CC)c([nH+]2)[C@@H](C)N[C@H]3C[NH2+]C[C@H]3Cc4cc(C)cc(n4)N,-1.201,32,-0.03753125
n1cccc(c12)c(c(C)cc2)-c(c(c34)cn[nH]c4=O)ncc3-c5ccc(CN(C)C)nc5C,-1.198,33,-0.0363030303030303
COc1ccc(nn1)N2CCN(CC2)[C@H](c3cccnc3)C(=O)NC4CCCCC4,-1.198,30,-0.039933333333333335
O=c([nH]1)scc1-c2ccc(cc2OCC)C(=O)N3CCC(CC3)N4CC[NH+](C)CC4,-1.195,30,-0.03983333333333334
CC(=O)N1[C@@H](C)C[C@@H]([C@@H](C)C(=O)[O-])c(c12)cc(cc2)-c3n[nH]cc3,-1.195,24,-0.04979166666666667
Cc1nc(C[NH+](C)C)ccc1-c(c(c23)c(=O)[nH]nc3)cnc2NC45C[C@H]6C[C@@H](C5)C[C@H](C6)C4,-1.195,33,-0.036212121212121216
C1CC1Nc(c2CC)[nH+]c(N)nc2C(=O)CCNCc3ccc(c(Cl)c3)-c4ccccc4,-1.194,32,-0.0373125
CC[C@@](C)(C(=O)[O-])c(c(C)[nH+]1)n(c12)ccnc2N3CCOCC3,-1.193,23,-0.051869565217391306
C[C@H]1C[NH2+]CCCN1[C@@H]2O[C@@H]([C@@H](O)[C@H]2O)C[S+](C)CC[C@H](N)C(=O)[O-],-1.193,25,-0.047720000000000005
CCNC(=O)c1ccc(c(c1)-c2cn(C)nn2)-c3ccc(cc3Cl)CNCCc4ncc[nH]4,-1.193,33,-0.03615151515151516
n1nc(C)n(c12)c3c(cccc3)N(C[C@H]2C)c4cccc(c4)[N-]S(=O)(=O)c5cccs5,-1.192,31,-0.0384516129032258
COC(=O)c1ccccc1S(=O)(=O)Nc(cc2)cc(c23)OC(C)(C)C(=O)N3,-1.191,27,-0.044111111111111115
C1CCN1c(c2CC)nc(N)[nH+]c2N3CCN(C)CC3,-1.19,20,-0.0595
C1CN(C)CCN1c2nc(N)[nH+]c(c2CC)-c3ccc(cc3)-c(n4)c(NC(C)(C)C)n(c45)ccnc5,-1.19,36,-0.03305555555555555
COc1nc(N(C)C)[nH+]cc1-c(cc2=O)oc(c23)c(cs3)-c(cc4)cc(c45)OCCO5,-1.189,31,-0.03835483870967742
Cc1nc(CN(C)C)ccc1-c2c(C)nnn2C3CCN(C(N)=[NH2+])CC3,-1.186,26,-0.04561538461538461
O=C1NC(=O)N(C1(C)C)c(cc2C)cc(C)c2CCS(=O)(=O)CC[N@@H+]3CCN(C)C(=O)[C@H]3C,-1.186,33,-0.03593939393939394
Cn(n1)ccc1-c([nH+]cn2)cc2N(C)CCOc3ccc(cc3)C[C@@H]4SC(=O)[N-]C4=O,-1.185,31,-0.03822580645161291
C1C[NH2+]CCN1c(c2)ccc(c23)c(C)[nH+]nc3-c4ccc(cc4)C[NH+]5CCCCC5,-1.184,30,-0.039466666666666664
COc1ccc(c(C)c1)Nc2c(C)nnn2C3CC[NH2+]CC3,-1.184,22,-0.053818181818181814
C[C@H]1CC[C@@H](CC1)Cn(c(n2)-c3ccn[nH]3)c(c24)c(nc(c4)-c5noc(=O)[n-]5)-c6cncc(Cl)c6,-1.183,35,-0.033800000000000004
CCNC(=O)CC[NH2+]Cc1ccc(c(Cl)c1)-c2ccccc2,-1.183,22,-0.05377272727272728
Cc1nnn(C)c1-c(c2)c(F)cc(c23)c4c(cc(c[nH+]4)C(C)(C)O)n3Cc5cccc(F)c5,-1.182,33,-0.03581818181818182
O1CCOC1CCc(cc2)ccc2CN3CCCCC3,-1.181,20,-0.059050000000000005
COc1cc(OC)cc(c12)[nH]c(nc2=O)-c(nnc3C)c(c34)cc(cc4)N5CC[NH2+]CC5,-1.18,32,-0.036875
C[NH+](C)CCCc1ccc(cc1)S(=O)(=O)NCCC(F)(F)F,-1.177,22,-0.0535
CC(C)C[NH2+]CC(=O)N1C(=O)[C@H](CC(=O)[O-])O[C@H](c2cccc(Cl)c2)[C@H]1c3ccc(Cl)cc3,-1.175,33,-0.035606060606060606
CS(=O)(=O)N1CC[C@@H](C1)c2ccc(cc2Cl)C[NH2+]CCc3ncc[nH]3,-1.175,25,-0.047
C1C[NH2+]CCC1n(nnc2C)c2-c3cccc(n3)-c4cc(F)cnc4Cl,-1.175,26,-0.04519230769230769
O=C1CC=CN1c2cccc(c2)/N=C(/N3)CSc(c34)cccc4,-1.174,23,-0.051043478260869565
c1nccc(c12)c(ccc2)S(=O)(=O)NCC[NH2+]CCc3ccc(Cl)cc3,-1.174,26,-0.04515384615384615
CN(C)CCN1CCN(CC1)Nc2ccc(Cl)cc2,-1.172,19,-0.061684210526315786
C1CC1Nc(nc2N)cc([nH+]2)C(=O)/C=C(/O)C(=O)[O-],-1.172,19,-0.061684210526315786
[NH3+]CCNc(cc1)cc(c12)nc([nH]2)-c3ccccc3,-1.172,19,-0.061684210526315786
CC(O1)(C)C(=O)Nc(c12)ccc(c2)C[C@H]3CC[C@H](C(=O)[O-])CC3,-1.168,23,-0.05078260869565217
CN1C(=O)[C@@H](C)N(C2CC2)c(c13)cc(cc3)-c4cc(nc(N)[nH+]4)N5CC[NH+](CC5)C6COC6,-1.167,33,-0.03536363636363637
CC[NH+]1CCN(CC1)c2nc(c(o2)C)CCCc3ccc(cc3)C[C@@H](C(=O)[O-])n4nccn4,-1.166,33,-0.03533333333333333
CC1(C)C(=O)[N-]C(=O)N1C(=O)CCCCCCCCC[NH3+],-1.166,21,-0.05552380952380952
[NH3+]CCc(cc1)ccc1-c(nc(c23)n(cn2)C(C)C)nc3Nc4ccc(C(=O)[O-])c(Cl)c4,-1.166,32,-0.0364375
c1c(F)cc(c(c12)C)NS(=O)(=O)CCCCC[C@H]3CN(C2)CC[N@@H+]3[C@@H]4CCCNC4,-1.165,30,-0.03883333333333334
C1CC1Nc([nH+]c2N)cc(n2)N3CCN(CC3)CCCNC(=O)c4ccc(S(=O)=O)cc4,-1.162,32,-0.0363125
o1nc(C)c(c12)cc(c(c2)NC)[N-]S(=O)(=O)c3ccc(cc3)C#CCNS(=O)(=O)C,-1.161,30,-0.0387
Cc(n1)c(C)n(c12)c(C)c(cc2)CCc3[nH+]c(cn3C)-c(n4)[nH]c(c45)cc(cc5C)N6CCOCC6,-1.161,36,-0.03225
Cc1nc(C[NH+](C)C)ccc1-c2ccc(cc2C[NH3+])-c(cc3)cc(c34)[nH+]c(N)cc4C,-1.161,31,-0.03745161290322581
FC(F)(F)c1cccc(c1C)[C@@H](C)[N@H+]2CCCNC[C@H]2C,-1.16,21,-0.05523809523809523
CCCCC[N@@H+]1CCC[C@H]([NH3+])C1,-1.159,12,-0.09658333333333334
NCc1cc(CC2CC2)ccc1OCc3cncs3,-1.159,19,-0.061
O=c1[n-]cc(Cl)cc1C(=O)CC[C@H]2c(ccc(c3)O)c3Oc(c24)cc([O-])cc4,-1.159,28,-0.04139285714285714
CNc1cc([nH+]c(n1)N)N2CCN(CC2)N3CCN(C(C)C)CC3,-1.159,24,-0.04829166666666667
C[NH+](C)CCC[N@H+](C)[C@H]1CC[N@H+](C1)Nc2ccccc2,-1.156,20,-0.0578
CCCCN[C@H](C)c1ccc(cc1)-c2cc(F)cnc2Cl,-1.153,21,-0.05490476190476191
CO/C([O-])=C\C(=O)c(ncn1)c(c12)cc(OC)c(c2)OC,-1.152,21,-0.054857142857142854
Cc(n1)c(C)n(c12)nc(cc2)[C@@H]3CC[N@H+](CC3)CC[NH+](C)C,-1.151,22,-0.05231818181818182
C[N@H+]1CC[C@@H](CC1)NNCc2ccccc2,-1.15,16,-0.071875
C1CSCCN1[C@H](C[C@H](C)N2C(=O)C)c(c23)cc(cc3)-c4n[nH]cc4,-1.15,25,-0.046
CCc1c(C)nc(N)[nH+]c1N[C@@H](Cn2ccnc2)c3ccccc3,-1.148,24,-0.04783333333333333
Cc1nn(C)c(C)c1CN2CC[NH+](C)CC2,-1.145,16,-0.0715625
COc(nn1)n(c12)nc(cc2)N3CCC(CC3)c4ccc(cc4)N5CC[NH+](C(C)C)CC5,-1.143,32,-0.03571875
Clc1ccc(cc1)C[C@@H]2CCC[NH2+]C2,-1.142,14,-0.08157142857142856
CNc1cc(nc(N)[nH+]1)-c2nc(ncc2C)Nc3ccc(c(F)c3)C(=O)N[C@@H]4CC[N@@H+](C)CC4,-1.141,34,-0.033558823529411766
C1CNCCN1c(n2)nc(nc2OC)Nc3cc(S(=O)(=O)C)ccc3[C@H]4CC[N@@H+](C)C4,-1.137,31,-0.03667741935483871
C1CCCC1N([C@H](C)C(=O)N2C)c(c23)cc(cc3)C(=O)c4ccc(cc4Cl)C[NH2+]CCCO,-1.136,33,-0.03442424242424242
c1cc(Cl)cc(c12)[nH+]c([nH]2)CCCCC[NH2+]Cc3cccnc3,-1.136,23,-0.049391304347826084
C1CN(C)CCN1c2nc(N)nc(c2CC)-c3ccc(cc3)-c(n4)c(NC(C)(C)C)n(c45)ccnc5,-1.135,36,-0.03152777777777778
Cc1[nH+]n(C)c(C)c1CCc2ccc(cc2)-c3cccc(F)n3,-1.135,23,-0.04934782608695652
CNc1ccnc([nH+]1)Nc(cc2)cc(c23)n(c(c3)C)[C@H]4CCN(C4)S(=O)(=O)C,-1.133,28,-0.040464285714285717
C1CCCCC1([NH3+])C[NH2+]Cc2cc(O)cc(O)c2,-1.132,18,-0.06288888888888888
Cc1cc[nH+]c(c1)CCCCCC(=O)Cc(c[nH+]c2)c(c23)c(O)ccc3,-1.132,26,-0.04353846153846153
C[NH2+]Cc1cc(nn1C)-c2ccc(C(=O)[O-])c(Cl)c2,-1.131,19,-0.059526315789473684
CCCCCCCCCCCCC(=O)OC[C@@H](COP(=O)([O-])[O-])N1CCN(C)CC1,-1.131,30,-0.0377
CNCc1ccc(cc1)-n(c2=O)c(=O)n(C)c(c23)ccc(c3)C(=O)C4=C([O-])CCCC4=O,-1.129,32,-0.03528125
CN(C)CC[N@@H+](CC1)CC[C@H]1n(nnc2C)c2C(=O)[C@@H]3CN(C(=O)CC4)N4C35CCCC5,-1.128,32,-0.03525
CS(=O)(=O)NCCC[NH2+]Cc1ccc(c(Cl)c1)-c2ccc(C#N)c(Cl)c2,-1.126,26,-0.043307692307692304
c1cc(C(F)(F)F)cc(c12)n(CC)c([nH+]2)[C@@H](C)NS(=O)(=O)c3ccccc3OC,-1.125,29,-0.03879310344827586
Cc1nn(C)c(C)c1CN(C)c2nc(nc([nH+]2)N3CCC3)N(C)CCC(=O)NC4CC4,-1.123,31,-0.036225806451612906
COCCC[NH2+]NCc1ccc(F)cc1,-1.122,15,-0.0748
n1[nH]ccc1-c2n(nnc2C)[C@@H]3CC[N@H+](CC3)CCN(C)C,-1.122,22,-0.051000000000000004
CC(C)(C)c([nH]n1)cc1N(C(=O)CC)[C@H](c2cccnc2)C(=O)C(=O)c3ccc(SC)cc3,-1.122,33,-0.034
CCC(=O)c1cc[n-]c(=O)c1-c([nH]2)nc(c23)cc(cc3C)N4CCOCC4,-1.121,27,-0.04151851851851852
c1ccccc1Cn(c([nH+]2)-c(cc3)ccc3C)c(c24)cc(cc4)N5CC[NH+](C)CC5,-1.12,30,-0.037333333333333336
C[NH+](C)c1ccc(cc1)C2(CCCC2)CNc3ccc(S(=O)(=O)N)cc3CC[NH3+],-1.119,29,-0.03858620689655173
O=C(N1)N(C)Cc(c12)cc(cc2)N[N@H+](C(C)C)Cc3ccccc3OCCCCCC(=O)[O-],-1.118,33,-0.03387878787878788
CCNS(=O)(=O)CCc1c(C)cc(cc1C)N(C2(C)C)C(=O)[N-]C2=O,-1.115,25,-0.0446
N[C@H]1CCC/[N+](C1)=C(\N2)CSc(c23)cccc3,-1.114,17,-0.06552941176470589
C[NH+]1CCN(CC1)c(c2)[n-]c3c(ccc(c3c24)n(C)c4O)Nc5ncccn5,-1.11,28,-0.039642857142857146
CN(C)CCC[N@@H+](C)[C@H]1CCN(C1)C(=O)c([nH]2)c(NC3C=C3)c(c24)ccc(Cl)c4,-1.11,29,-0.03827586206896552
c1cc(F)ccc1[N-]S(=O)(=O)c2c(Cl)cc(cc2Cl)-c3ccnc(c3)N4CC[NH2+]CC4,-1.11,31,-0.03580645161290323
O=c1ccc(cn1C)C(=O)[C@H]2CC[N@@H+](C2)CCN,-1.109,18,-0.06161111111111111
Cc1nc(CN(C)C)ccc1N2[C@@H](C)Cn(c23)c4c(n3)cccc4,-1.108,24,-0.04616666666666667
OCCCCC[NH2+][C@@H](C(C)C)C(=O)Nc1ccncc1,-1.107,20,-0.055349999999999996
O=c1[nH]c(=O)n(cc1C)[C@H]2CCCN(C2)Cc3cccc(c3)NCc4ccc(cc4)N5CCCCC5,-1.107,36,-0.03075
C[C@@H]1CC[N@H+](CC1)C[C@@H]2CC[N@H+](CC2)Cc3ccc([N+](=O)[O-])cc3,-1.106,24,-0.04608333333333334
CC[C@@H]([C@H](C)O)c1ccc(c[nH+]1)S(=O)(=O)[N-]c2c(C)nn(C)c2C,-1.106,24,-0.04608333333333334
Cc1nn(C)c(C)c1[N-]S(=O)(=O)c2ccc(nc2)-c(cc3)cn(c34)c(nn4)C,-1.106,28,-0.0395
Cc1ccnc(c1)CCCCCN[C@H]([C@@H](O)C(=O)N2CCC2)C[C@@H]3CCCNC3=O,-1.104,30,-0.036800000000000006
Cc1c(C)c(O)c(C)c(c12)CC[C@](O2)(C)Cc3ccncc3,-1.103,22,-0.05013636363636364
C1OCC1N(CC2)CCN2c(n3)cc([nH+]c3N)NCCC(c4ccccc4)c5ccccc5,-1.103,33,-0.033424242424242426
O=C(C1)NC[C@@H]1[C@@H](C)[N@@H+]2CC[C@@H](C2)N(C)CCC[NH+](C)C,-1.103,21,-0.05252380952380952
c1cccc(c12)c[nH+]cc2-c3ccsc3,-1.102,15,-0.07346666666666667
s1cccc1S(=O)(=O)C(=O)Cc(cnc2)c(c23)c([O-])ccc3,-1.102,22,-0.050090909090909096
COCCc1ccc(cc1)C[NH+]2CCCCC2,-1.101,17,-0.06476470588235295
Cc1ccc(cc1C)-c2ccc(cc2)CN3CCCCC3,-1.1,21,-0.05238095238095238
Oc1c(C)cc(cc1C)[NH2+]CCC2CCCCC2,-1.1,18,-0.061111111111111116
CCCCCCCC(=O)CC(=O)SCCN[N@H+]1CC[C@@H](CC1)N2CCCOC2=O,-1.1,29,-0.03793103448275863
O=C([O-])CCSc([nH+]1)n(c(c12)cccc2)-c3ccc(cc3)C[C@H]4SC(=O)NC4=O,-1.096,29,-0.03779310344827586
S1CN[NH+]=C1NNc(cc2)cc(c23)c(c[nH]3)C4CC[NH2+]CC4,-1.096,22,-0.049818181818181824
C[NH2+]Cc1cc(nn1C)-c(nc(=O)[nH]2)c(c23)cccc3,-1.091,20,-0.05455
N#Cc1cccc(c12)n(c(n2)C)C(=O)Cc(cnc3)c(c34)c([O-])ccc4,-1.088,26,-0.04184615384615385
Cc1cc(no1)[C@@H](C)[NH2+]CC2CCN(CC2)Cc3ccc([N+](=O)[O-])cc3,-1.083,26,-0.04165384615384615
COc1cc(OC)cc(c12)[nH]c(nc2=O)-c3n[nH]c(n3)-c4ccc(F)cc4,-1.083,27,-0.04011111111111111
Cc1[nH]nc(C2CC2)c1N3CCN(CC3)C(=O)[C@@H](c4ccc(Cl)cc4)c5cccnc5,-1.082,31,-0.03490322580645162
CC(C)N1CCN(CC1)c2ccc(cc2)[C@H](c3cccc(O)c3)N4CCC(CC4)[NH+]5CCN(C)CC5,-1.078,36,-0.029944444444444447
CN(C1)C(=O)Nc(c12)ccc(c2)-c3cc(nc(N)[nH+]3)N4CCCCC4,-1.078,25,-0.043120000000000006
Cc(n1)c(C)n(c12)c(C)c(cc2)CCc3nc(cn3C)-c([nH]4)nc(c45)cc(cc5C)N6CCOCC6,-1.078,36,-0.029944444444444447
O=C1CC=CN1c2cccc(c2)[C@@H](C3CC3)CS(=O)(=O)N4CCCC4,-1.075,25,-0.043
C[NH+]1CCN(CC1)c(c2)[n-]c3c(ccc(c3c24)n(C)c4O)-c5ccccc5OCCO,-1.074,31,-0.034645161290322586
O=C([O-])CC[C@@H](C)c(cc(Cl)c1)c(c12)O[C@H](C2)C(=O)N3CCNCC3,-1.072,25,-0.04288
CC(=O)N[C@H]1CCN(C1)[N@H+]2CC[C@@H](CC2)CCC(=O)NCc3ccc(cc3)[NH+]4CCCCC4,-1.071,33,-0.03245454545454545
c1cccc(O2)c1OC23CCN(CC3)[NH2+]Cc4ccc(cc4)N5CCCCC5,-1.07,28,-0.038214285714285715
COc1ccc(cc1OC)[N@@H+](CC(=O)NC(C(C)C)C(C)C)[C@H]2CC[C@H](O)CC2,-1.07,29,-0.03689655172413793
[nH]1nccc1-c2ccc(cc2OC)C(=O)N[C@@H]3CC[N@@H+](C)CC3,-1.07,23,-0.04652173913043479
n1cccc(c12)c(c(C)cc2)-c3ccc(cc3Cl)C[NH2+]CCCNS(=O)(=O)C,-1.069,28,-0.03817857142857143
COc1ccc(c(C)c1)N[NH2+]C(C)C,-1.068,14,-0.07628571428571429
c1ccc(c2c13)ccc4c2c(cc3)ccc4ONCC[NH+]5CCOCC5,-1.065,26,-0.04096153846153846
c1cccc(c12)n(c(n2)N)-c3c(cccc4)c4nc(c35)CCCC5,-1.064,24,-0.044333333333333336
C[NH+]1CCN(CC1)C2CCN(CC2)n3ccc(=O)c(C(=O)[O-])c3O,-1.061,24,-0.04420833333333333
COc1ccc(Br)cc1S(=O)(=O)Nc2cccc(c2)-c3c[nH+]c[nH]3,-1.06,24,-0.04416666666666667
CN1CC[NH+](CC1)C2CCN(CC2)c3ccc(cc3)-c(n4)c(C#N)c([O-])c(c45)cncc5,-1.059,32,-0.03309375
CCOC(=O)Cc1nc(cs1)-c2cc(Cl)ccc2[O-],-1.058,19,-0.055684210526315794
CC1(C)C(=O)[N-]C(=O)N1c(cc2)cc(c23)nccc3,-1.058,19,-0.055684210526315794
COc(c1)c(OC)cc(c12)CN(CC2)c(nc(c34)cccc4)[nH+]c3N[C@H](C)C5CC5,-1.058,30,-0.03526666666666667
Cc1cc(cc[nH+]1)-c2ccc(cc2)-c3cc(C)c(c(C)c3)OCCO,-1.054,25,-0.04216
C1CC1C(=O)[C@@H](CC(C)C)C(=O)N[C@H](C(=O)[O-])Cc(c[nH]2)c(c23)cccc3,-1.052,27,-0.03896296296296296
CC[NH2+]N1[C@@H](C)C[C@@H](NC(=O)OC(C)C)c(c12)cc(cc2)-c3ccc(cc3)C[NH2+]C,-1.051,30,-0.03503333333333333
O=c1ccc(cn1C)Nc2cc[nH+]cc2,-1.051,15,-0.07006666666666667
Cn1cc(cn1)-c2c[nH+]c(N)c(c2)-c3ccc(C#N)n3C,-1.051,21,-0.05004761904761904
O=c([nH]1)onc1[C@@H](C)c(cc(F)c2)c(c23)ccc(c3)C#N,-1.05,21,-0.05
c1c[nH]nc1-c(cc2)cc(c23)[C@@H](C[C@H](C)N3C(=O)C)c4ccc(cc4Cl)C[NH2+]CCc5ncc[nH]5,-1.05,35,-0.030000000000000002
Nc([nH+]1)cc(C)c(c12)ccc(c2)-c3ccc(c(c3)CN)-c(c4)nc(NC(C)C)c(n45)nnc5C,-1.05,34,-0.030882352941176472
C1CCN1c(c2CC)[nH+]c(N)nc2N3CCN(C)CC3,-1.05,20,-0.052500000000000005
CCCCCC(=O)N[C@@H](CO)[C@H](O)CN[C@H](C)c([nH+]1)n(CC)c(c12)cc(C(F)(F)F)cc2,-1.049,32,-0.03278125
C[C@H]1COCCN1CCC[NH+]2CCOCC2,-1.047,16,-0.0654375
Fc1ccc(cc1C)S(=O)(=O)N[C@@H](Cn2ccnc2)c3ccccc3,-1.046,25,-0.04184
C[N+](C)(C)C1CCN(CC1)c2ccc(cc2Cl)C[NH2+]CCc3ccc[nH]3,-1.045,26,-0.04019230769230769
n1nn(C)cc1-c2n(nnc2C)[C@@H]3CC[N@H+](CC3)CCN(C)C,-1.044,23,-0.04539130434782609
CS(=O)(=O)Nc1ccc(cc1)-c([nH]2)c(C#N)c(=O)c(c23)cncc3,-1.043,24,-0.04345833333333333
C1CCCCN1c2[nH+]c(N)nc(c2CC)-c3cccc(c3F)-c(ccn4)c(c45)[nH]cn5,-1.042,31,-0.03361290322580645
c1ccccc1[C@H](N(C)C2=O)c(c23)cc(cc3)-c(ccc4)n(c45)nc([nH+]5)N,-1.04,27,-0.03851851851851852
CCn(cn1)c(c12)c(=O)[nH]c(=O)n2-c(cc3)cc(c34)[nH+]cc(C(=O)[O-])c4Nc5ccccc5C(C)(C)C,-1.039,37,-0.02808108108108108
Clc1ccc(cc1Cl)N2CC[NH+](CC2)N3CCC(CC3)c4nc(no4)-c5cccs5,-1.037,30,-0.03456666666666666
CCc1c(NC)nc(N)[nH+]c1-c2ccc(cc2)[N-]S(=O)(=O)C,-1.037,22,-0.047136363636363636
C1CC1[C@@H](C)Nc(nc([nH+]2)C(=O)[O-])c(c23)n(NCCC)c(n3)-c(cc4)cc(c45)ccs5,-1.035,31,-0.03338709677419355
C[NH+](C)CC[N@H+]1CC[C@H](C1)Cc(c2)oc(c23)cccc3,-1.035,20,-0.05175
C1COCCN1c(c2)cc(C)c(c23)[nH]c(n3)-c4ccc(cc4)-c(ccc5)c(c56)[nH+]cn6C,-1.034,32,-0.0323125
CNC[C@@H](O)COc1ccc(Cl)c(c1)-c2ccc(S(=O)(=O)N)cc2CC[NH3+],-1.034,27,-0.0382962962962963
O=C([O-])c1ccc(cc1OC)N[C@H](Cn2ccnc2)c3ccc(Cl)cc3Cl,-1.031,27,-0.03818518518518518
CNCc1ccccc1N[C@H](CCC2)c(c23)cnn3-c4ccccc4F,-1.031,26,-0.03965384615384615
c1n[n-]c(=O)c(n12)c(C)cc2CCc([nH+]3)[nH]c(c34)ccc(Cl)c4,-1.03,23,-0.044782608695652176
C1COCCN1c2nccn(c23)c(c(n3)C)-c4cnn(c4)-c5ccc(cc5)CN6CCCCC6,-1.03,34,-0.030294117647058826
C1COCCN1c(ncn2)c(c23)cc(c(c3)OC)OCC[C@](C)(c4ccccn4)c5cccc[nH+]5,-1.029,35,-0.0294
C[NH+](C)CCN1CC[C@H](C1)c2ccc(C(F)(F)F)cc2,-1.028,20,-0.0514
CCCCCCc1ccc(c(c1)CN)OCc2cccnc2,-1.028,22,-0.04672727272727273
CC(=O)NCCC(=O)c1ccc(cc1Cl)C[NH2+]CCc([nH+]2)[nH]c(c23)ccc(c3)C,-1.026,29,-0.03537931034482759
s1cncc1Nc(c2CC)nc(N)nc2N3CCN(C)CC3,-1.025,22,-0.046590909090909086
CC(C)CCNS(=O)(=O)c1ccc(cc1)N[C@@H](Cn2ccnc2)c3ccccc3,-1.023,29,-0.03527586206896551
Fc1ccc(cc1)-c2[nH]nc(n2)-c3ccc(cc3Cl)C[NH2+]CCc4ccc[nH]4,-1.023,28,-0.03653571428571428
NCc(cc1)ccc1-c(n(n2)C)c(c23)ncn(c3=O)CC4(O)CCN(CC4)c5cc(F)cc(F)c5,-1.022,35,-0.0292
C1CCN1c(c2CC)[nH+]c(N)nc2N3CC[NH+](C)CC3,-1.017,20,-0.05084999999999999
C1CCCCC1([NH3+])CNC(=O)c2cc(F)ccc2[O-],-1.015,19,-0.053421052631578946
N#Cc(c1Cl)ccc(c1C)-c2ccc(cc2)CC[NH3+],-1.015,19,-0.053421052631578946
O1CCOc(c12)cc(cc2)N3CCC[NH2+]CC3,-1.014,17,-0.059647058823529414
CCN(C(=O)C1)c(c12)ccc(c2)Nc3ccc(cc3Cl)C[NH2+]CCCNC(=O)CC(=O)OC,-1.012,33,-0.03066666666666667
CC(C)(C)c1cc(Br)c([O-])c(c1)C[NH2+]C2CCCC2,-1.009,19,-0.05310526315789473
N#Cc(cc1)cc(c12)cc(F)cc2CCCCCC(=O)[O-],-1.009,21,-0.04804761904761904
C1CCCC1Nc(c2)c(ccc2C(=O)[O-])[N@H+]3CC[C@@H](CC3)N4CCCOC4=O,-1.008,28,-0.036
n1cccnc1-c(cc2)ccc2C(=O)c3ccc(cc3Cl)C[NH2+]CCc4ncc[nH]4,-1.008,30,-0.0336
c1cc(Cl)ccc1[C@@H](c(c23)c(C)c(s2)C)N[C@H](c4n3c(nn4)C)CC(=O)N5CCC5,-1.005,30,-0.033499999999999995
COc1cc(OC)cc(c12)nc([nH]c2=O)C(=O)c(cc3)cc(c34)N([C@H](C)C(=O)N4C)C5CCCC5,-1.003,35,-0.028657142857142853
N#Cc1ccc(cc1C)N2CCC[NH2+]C[C@@H]2C,-1.003,17,-0.059
c1c(F)cc(c(c12)C)NS(=O)(=O)CCCCC[C@H]3CN(C2)CCN3S(=O)(=O)C4CC4,-1.002,30,-0.0334
CC(C)Cc(nn1C)c(c1C)N2CC[NH+](C(C)C)CC2,-1.001,20,-0.05005
c1ccccc1Cn(c([nH+]2)-c(cc3)ccc3C)c(c24)cc(cc4)N5CCN(C)CC5,-0.999,30,-0.0333
CC(C)(C)c(on1)cc1N(C(=O)CC)[C@H](c2cccnc2)C(=O)c3cccc(C(=O)[O-])c3,-0.998,32,-0.0311875
Cc1ncsc1-c2ccc(cc2)CNn(n[nH+]3)c(c34)[C@@](C)(O)CC[C@H]4OC(=O)NC(C)C,-0.997,32,-0.03115625
Cn1cc(cn1)-c2c[nH+]c(N)c(c2)CC#N,-0.996,16,-0.06225
C[C@H]1C[C@@H](C)C[N@H+](C1)c2ccc(cc2CCCCCO)C(=O)Nc3ccccc3C(=O)[O-],-0.993,32,-0.03103125
C[NH+]1CCN(CC1)C2CCN(CC2)[C@H]3CC[N@@H+](C)C3,-0.992,19,-0.05221052631578947
C[NH2+]Cc1ccc(cc1)-c(cc2)cc(c23)[C@@H](C[C@H](C)N3C(=O)C)[NH2+]CCCNS(=O)(=O)C,-0.991,32,-0.03096875
c1cnccc1NC(=O)[C@@H](Cc(c[nH]2)c(c23)cccc3)[NH2+]Cc4cccc(F)c4,-0.991,29,-0.03417241379310345
O=c1[nH]c(=O)n(cc1C)[C@H]2CCCN(C2)c([nH]c(=O)[nH+]3)c(c34)cccc4,-0.991,26,-0.038115384615384613
COC(=O)N(CC1)CCC12CN(C2)S(=O)(=O)c3c(Cl)cc(Br)cc3Cl,-0.991,25,-0.03964
Cc1noc(C)c1-c2ccc(cc2Cl)C[NH2+]CCCC[NH3+],-0.989,21,-0.04709523809523809
n1nc(C)n(c12)nc(cc2)-c3cnn(C)c3N4CCN(C)CC4,-0.983,23,-0.042739130434782606
Cc1cc(n[nH]1)[C@@H](C)NNCC23C[C@@H]4C[C@H](C3)C[C@@H](C4)C2,-0.98,21,-0.04666666666666667
CC(=O)N1CCC[C@H](C1)CN([C@]23c4c(NC3=O)cc(Cl)cc4)C[C@@H](N)[C@@H]2c5cccc(Cl)c5,-0.98,33,-0.029696969696969697
CN(C)CC[NH+]1CCN(CC1)c2ccc(S(=O)(=O)C)cc2Nc3ncccn3,-0.98,28,-0.034999999999999996
Cc1noc(C)c1-c2ccc(cc2)C[NH2+]c3ccc(cc3)OC(C)(C)C(=O)[O-],-0.979,28,-0.03496428571428571
COc1ccc(cc1)Oc2cc(ncn2)N(C)CCN(C)c3c(C)[nH+]n(C)c3C,-0.977,29,-0.03368965517241379
Cc1ccc(Cl)cc1-c2cc(c[nH+]c2N)-c3cnn(C)c3,-0.974,21,-0.04638095238095238
C1CNCCN1c([nH+]c2)ccc2[C@H](C(=O)[O-])Cc3ccc(cc3)-c4ccccc4,-0.974,29,-0.03358620689655172
CC(C)(C)c(cc1)ccc1[C@H](C)[NH2+]NCc2ccccc2,-0.973,21,-0.04633333333333333
c1ncccc1[C@H](C(=O)NC(C)(C)C)N(N(C2(C)C)C(=O)NC2=O)c3ccc(C(C)(C)C)cc3,-0.972,34,-0.028588235294117647
Cc1nn(C)c(C)c1CC[N@@H+]2CCN(C)C(=O)[C@H]2C,-0.97,19,-0.05105263157894737
CCN1CCN(CC1)Cc2ccc(cc2C(F)(F)F)Nc3cn(C)nn3,-0.97,26,-0.037307692307692306
Brc1ccc(cc1)/C=C/C[NH2+]CC[NH2+]Cc2cccs2,-0.97,20,-0.0485
Cc1cc(n[nH]1)[C@@H](C)NS(=O)(=O)c(cc2)cc(c23)CN(C)C(=O)N3,-0.967,24,-0.04029166666666666
CC(=O)N[C@H]1CCN(C1)c2ccc(cc2F)C3=NO[C@@H](C3)CCc4cccc[nH+]4,-0.966,29,-0.03331034482758621
COc1ccc(c(C)c1)NC(=O)[C@@H](c2cccnc2)N(c3cc(on3)C(C)(C)C)CCNCCO,-0.966,35,-0.0276
C1CCCC1[NH2+][C@@H]2CCC[NH2+]C2,-0.966,12,-0.0805
NCc(cc1)ccc1-c(n(n2)C)c(c23)ncn(c3=O)C(=O)C4CC4,-0.96,24,-0.04
CC(C)(C)c(on1)cc1N(C(=O)CC)[C@@H](C(=O)CCC#N)c2cccnc2,-0.959,27,-0.03551851851851852
n1ccccc1N2CCC(CC2)Nc(c[nH+]c3)c(c34)cccc4,-0.958,23,-0.041652173913043475
n1cccc(c12)c(c(C)cc2)-c3ccc(cc3Cl)CNCCCNS(=O)(=O)C,-0.956,28,-0.03414285714285714
O=c1[nH]c(=O)n(cc1C)C2CCN(CC2)Cc3cccc([nH+]3)N(CC4)C[C@H]([N@H+]45)CCC5,-0.953,31,-0.030741935483870966
C1CC1Nc(nc2N)cc(n2)N3CCN(CC3)[NH2+]C4CCCCC4,-0.95,24,-0.03958333333333333
CC(C)S(=O)(=O)NC[C@@H]1CC(=NO1)c2ccc(c(F)c2)N3CC[C@@H](C3)[NH2+]CC(C)(C)C,-0.95,31,-0.03064516129032258
Nc1ccc(cc1)[NH2+]CCCO,-0.95,12,-0.07916666666666666
C1CCC1c([nH]2)[nH+]cc2-c3ccc(cc3OCC)C(=O)N4CCC(CC4)N5CC[NH+](C)CC5,-0.947,33,-0.028696969696969696
Brc1ccc(cc1)-c2[nH+]cn(C3CC[NH2+]CC3)c2-c4ccn[nH]4,-0.944,23,-0.04104347826086956
C[N@H+]1CC[C@@H]([C@H](O)C1)c(c([O-])cc2O)c(c23)oc(cc3=O)-c(ccn4)c(c45)nc[nH]5,-0.944,30,-0.031466666666666664
Clc1c(Cl)cccc1[C@H]2[C@@H](C(C)=NC(C)=C2C(=O)OC)C(=O)n3ccc(=O)[nH]c3=O,-0.943,30,-0.031433333333333334
O=C1CC/C(C(=O)N1)=C(/[O-])C2CCCCC2,-0.939,16,-0.0586875
CCOC(=O)c1csc(n1)-c2ccnc(c2)N3CCNCC3,-0.939,22,-0.04268181818181818
Clc1c(Cl)cccc1[C@H]2C(=C(C)N=C(C)[C@@H]2C(=O)OC)C(=O)n3ccc(=O)[nH]c3=O,-0.938,30,-0.031266666666666665
[nH+]1nc(C)n(c12)c3c(cccc3)C(c4ccccc4)=N[C@H]2NNc5ccncc5,-0.934,29,-0.03220689655172414
CCCCCCCCC(=O)SCCNC(=O)CCNNc(c1)c([O-])cc(c12)onc2C,-0.934,31,-0.030129032258064518
[NH2+]1CCCC[C@@H]1N(C)CCO[C@@H]2CC[C@@H](CC2)C[C@@H](C([O-])=O)c(ccc3Cl)c(c34)cccc4,-0.934,33,-0.028303030303030306
COc1ccc(cc1)S(=O)(=O)N(CC2(C)C)[C@@H](C(=O)NO)N(C2)Cc3cccc(F)c3,-0.933,31,-0.03009677419354839
COc1cc(OC)cc(c12)nc([nH]c2=O)-c3cc(c[nH+]c3N)-c4cnn(C)c4,-0.932,28,-0.03328571428571429
n1nn(C)cc1-c2n(nnc2C)[C@@H]3CC[N@H+](CC3)CC[NH+](C)C,-0.931,23,-0.04047826086956522
CCCCCCC(=O)C(=O)Cc(cnc1)c(c12)c([O-])ccc2,-0.929,22,-0.04222727272727273
C[NH+](C)CCN1CC[NH+](CC1)C2CC[NH2+]CC2,-0.927,17,-0.05452941176470588
c1cn[nH]c1-c(cc2)cc(c23)[C@@H](C[C@H](C)N3C(=O)C)c4ccc(cc4Cl)C[NH2+]CCc5ncc[nH]5,-0.927,35,-0.026485714285714286
O=c1[n-]c(no1)Nc2ccncc2,-0.926,13,-0.07123076923076924
c1ccccc1-n(nc2C)c(C)c2/C=N/c3ccc(cc3)[N-]S(=O)(=O)C,-0.925,26,-0.035576923076923075
O1CCc(c12)c(c(F)cc2)CC(=O)c(cnn3C)c3C(=O)Nc(cc4)cc(n45)[nH+]c(c5)-c6ccccc6,-0.924,37,-0.024972972972972973
O=C([O-])c1ccccc1NNC23C[C@@H]4C[C@H](C3)C[C@@H](C4)C2,-0.924,21,-0.044000000000000004
n1cncn1-c2ccnc(c2)N3CCNCC3,-0.923,17,-0.054294117647058826
[NH3+]CCCC[NH2+]Cc1ccc(c(Cl)c1)NC23C[C@@H]4C[C@H](C3)C[C@@H](C4)C2,-0.922,25,-0.03688
CN(C)CC[N@@H+](CC1)CC[C@H]1n(nnc2C)c2NCCNC(=O)NC3CCN(CC3)c4ccccn4,-0.921,36,-0.025583333333333333
CC(=O)N[C@H]1CC[N@@H+](C1)CCCN(C)C,-0.921,15,-0.0614
CC(=O)NCCCn1c(-c2cccc(C)c2)[nH+]c(C(=O)[O-])c1-c3cccc(Cl)c3,-0.919,29,-0.031689655172413796
C1CC1N2C(C)(C)C(=O)N(C)c(c23)ccc(c3)-c4ccc(cc4Cl)C[NH2+]CCc5ncc[nH]5,-0.918,33,-0.02781818181818182
NCC[N@H+]1CC[C@@H](C1)n2cnc(-c3ccc(I)cc3)c2N4CCSCC4,-0.917,26,-0.03526923076923077
CCCCCCC/C([O-])=C/C(=O)SCCNN1CC[NH+](CC)CC1,-0.916,24,-0.03816666666666667
CN(C)CCC[N@@H+](C)[C@H]1CCN(C1)S(=O)(=O)c2ccc(cc2)C#CCNS(=O)(=O)C,-0.915,30,-0.030500000000000003
CCCCCCC/C([O-])=C/C(=O)SCCNc1cccc(c1)Cn2ccc(O)c(C(=O)[O-])c2=O,-0.914,34,-0.026882352941176472
C1CN(C)CCN1CCc2cc(ccc2N(C3)C[C@H](C)C[C@@H]3C)C(=O)Nc4ccccc4C(=O)[O-],-0.91,35,-0.026000000000000002
c1cc(C)cc(c12)[nH+]c([nH]2)CCN(C[C@H]3C)c(c4n(c35)c(nn5)C)cc(cc4)-c6ccc(N)[nH+]c6,-0.909,35,-0.025971428571428572
O=C1NC(=O)CC[C@@H]1c(n2)n([C@@H](C)COC)c(c23)cc([nH+]c3)N4CCOC[C@@H]4C,-0.908,29,-0.031310344827586205
NCc(cc1)ccc1-c(n(n2)C)c(c23)ncn(c3=O)C[C@@]4(O)CC[N@H+](CC4)Cc5ccccn5,-0.906,34,-0.026647058823529413
CCOC(=O)C1=C(C)N=C(C)[C@@H]([C@H]1c2cccc(Cl)c2Cl)C(=O)[C@H]3CC[N@H+](C3)CC[NH3+],-0.905,31,-0.029193548387096774
Cn1c(=O)n(C)c(c12)cc(c(C)c2)S(=O)(=O)c3ccc(cc3Cl)C[NH2+]CCCO,-0.904,29,-0.03117241379310345
COc1cc(OC)cc(c12)[nH]c(nc2=O)-c(n[nH+]c3C)c(c34)cc(cc4)N5CC[NH2+]CC5,-0.902,32,-0.0281875
C[C@H]1C[C@@H](C)CN(C1)c2ccc(C(=O)NC3=NNCS3)cc2Oc4ccccc4,-0.9,29,-0.03103448275862069
O=C([O-])[C@@H](C)[NH2+][C@H](C)c1ccc(cc1)-c2cc(F)cnc2Cl,-0.9,22,-0.04090909090909091
O=c1[n-]cc(Cl)cc1C(=O)CC[NH2+]Cc2ccc(c(Cl)c2)-c3ccccc3,-0.899,27,-0.033296296296296296
c1c(F)cc(c(c12)C)[N-]S(=O)(=O)CCCCC[C@H]3C[N@H+](C2)CCN3c(c[nH+]4)n(c45)CCC5,-0.898,32,-0.0280625
C[N@H+]1CC[C@@H]([C@H](O)C1)c(c([O-])cc2O)c(c23)oc(cc3=O)-c4cccc(Cl)c4F,-0.897,29,-0.03093103448275862
c1cccc(c12)C(=O)c3c(C2=O)nnn3-c4cc(F)c(c(F)c4)-c5nnc([nH]5)-c6ccccc6,-0.896,34,-0.02635294117647059
C1CC1N2C(C)(C)C(=O)N(C)c(c23)ccc(c3)-c(c(c45)scc5)nc(n4)N(C)C6CC[NH2+]CC6,-0.895,34,-0.026323529411764707
C#CCn1c[nH+]c(-c2cc[nH]n2)c1-c3ccc(OS(=O)=O)cc3,-0.894,23,-0.03886956521739131
C1CC1Nc(c2CC)nc(N)nc2N[C@H](C[C@H](C)N3C(=O)C)c(c34)cc(cc4)-c5ccco5,-0.894,33,-0.027090909090909093
O=c1[nH]c(=O)n(cc1C)[C@H]2CCCN(C2)n(c(=O)c(c34)[nH]cc4)cc3-c5cccc(c5)C(=O)N(C)C,-0.893,36,-0.024805555555555556
CCc1cccc(C)c1NN[C@H](C)c2cc(C)[nH][nH+]2,-0.893,19,-0.047
CN(C)CCN1CCC(CC1)C(=O)c2c(cnn2C)C(=O)N3CCOCC3,-0.892,27,-0.03303703703703704
Cc(c1)c(C)cc(c12)sc([nH+]2)CNc(cc3)c4[nH]c(cc(c4c35)c(O)n5C)N6CC[NH+](C)CC6,-0.892,34,-0.026235294117647058
CCCCCCC(=O)OC[C@@H](C(=O)c1ccco1)COP(=O)([O-])OCC[NH3+],-0.889,27,-0.03292592592592593
Cc(n1)c(C)n(c12)c(C)c(cc2)CCc3nc(cn3C)-c(cc4)cc(c45)OC(C)(C)C(=O)N5,-0.887,33,-0.02687878787878788
O=c([n-]1)onc1C(\C)=C/2c(cccc3)c3OCc(c24)cc(cc4)C[NH+]5CC[NH2+]CC5,-0.887,30,-0.029566666666666668
Clc1c(Cl)cccc1[C@H]2[C@@H](C(C)=NC(C)=C2C(=O)OC)C(=O)c3c(C)ccn(C)c3=O,-0.886,31,-0.028580645161290323
C[NH2+]Cc1ccc(cc1)-c(cc2)cc(c23)[C@H](N[NH2+][O-])C[C@H](C)N3C(=O)C,-0.885,26,-0.03403846153846154
C1OCC1NCC[NH+]2CCOCC2,-0.885,13,-0.06807692307692308
CC(=O)N1[C@@H](C)C[C@@H]([C@@H](C)C(=O)[O-])c(c12)cc(cc2)-c3ccc(C(=O)[O-])cc3,-0.883,28,-0.031535714285714285
O=c([n-]1)onc1-c(c2CC)nc(N)[nH+]c2N3CCN(C)CC3,-0.881,22,-0.040045454545454544
[nH+]1ccccc1NCc2ccc(cc2)[NH+]3CCCCC3,-0.88,20,-0.044
Fc1ccc(cc1)-c2[nH+]cn(C3CC[NH2+]CC3)c2-c4cn[nH]c4,-0.878,23,-0.03817391304347826
OCCOCC[N@H+]1CCOC[C@@H]1c2ccccc2,-0.877,18,-0.04872222222222222
Cc(n1)c(C)n(c12)c(C)c(cc2)CCc3[nH+]c(cn3C)-c([nH]4)nc(c45)cc(cc5C)N6CCOCC6,-0.875,36,-0.024305555555555556
C[NH+](C)CC[N@@H+](CC1)CC[C@H]1n(nnc2C)c2-c3cccc(n3)-c(cc4)nn(c45)c(C)c(n5)C,-0.873,34,-0.025676470588235294
O=C1[N-]C(=O)[C@H](S1)Cc2ccc(cc2)-c3cccc(c3)[N-]S(=O)(=O)c4ccc(F)c(Cl)c4,-0.873,32,-0.02728125
Cc1n[nH]cc1C[C@H]2CC[C@H](C(=O)[O-])CC2,-0.873,16,-0.0545625
CC(C)(C)c1ccc(cc1)N(C(=O)c2ccco2)[C@H](c3cccnc3)C(=O)CCCNS(=O)(=O)C,-0.868,35,-0.0248
CCCCC[NH2+]Cc1ccc(cc1)-c2c(C)noc2C,-0.86,20,-0.043
C1C[NH+](C)CCN1CCc2cc(ccc2N(C3)C[C@H](C)C[C@@H]3C)C(=O)Nc4ccccc4C(=O)[O-],-0.859,35,-0.024542857142857144
COc1cc(OC)cc(c12)[nH]c(nc2=O)-c3[nH]nc(n3)-c4ccc(F)cc4,-0.857,27,-0.03174074074074074
Cc1nc([N+](=O)[O-])cn1C(=O)c2ccc(cc2)-c(c3)ccc(O4)c3C(=O)CC45CCN(C(C)C)CC5,-0.854,36,-0.02372222222222222
CC(=O)NCCC(=O)N1[C@@H](C)C[C@H](c(c12)cc(cc2)-c3cc[nH]n3)Nc4ccc(C#N)cc4,-0.854,33,-0.02587878787878788
O=c([n-]1)onc1C(\C)=C/2c(cccc3)c3OCc(c24)cc(cc4)C[NH+]5CCNCC5,-0.853,30,-0.02843333333333333
N#CCC[N@H+](CC1)CC[C@@]12N=C(NC2=O)c3ccc(OC(F)(F)F)cc3,-0.852,26,-0.032769230769230766
N1CCCC[C@@H]1[N@@H+](C)CCO[C@@H]2CC[C@@H](CC2)C[C@@H](C([O-])=O)C(=O)c(cc3)nc(c34)cccc4,-0.851,34,-0.025029411764705883
C[NH+](C)CC[NH2+]Cc1ccc(C(=O)[O-])cc1,-0.851,16,-0.0531875
Cc1ccccc1-c(c2)ccc(O3)c2C(=O)CC34CCN(C(C)C)CC4,-0.848,26,-0.032615384615384616
NC(=O)CC[NH2+]Cc1ccc(c(Cl)c1)C(=O)c2cnccc2C(F)(F)F,-0.846,26,-0.03253846153846154
C[NH+](C)CCCN(C)[C@H]1CCN(C1)c2cc(Br)ccc2Br,-0.846,21,-0.040285714285714286
COc1cccc(c1)CC(=[NH2+])Nc(cc2)c3[n-]c(cc(c3c24)c(O)n4C)N5CCN(C)CC5,-0.846,33,-0.025636363636363634
CC(=O)N1CCC(CC1)C[NH2+]c2ccc(cc2)C[C@@H]3SC(=O)NC3=O,-0.84,25,-0.0336
O=C1NC(=O)[C@@H](S1)Cc2ccc(cc2)-c(cc[nH+]3)c(c34)cccc4,-0.84,24,-0.034999999999999996
Fc1ccc(cc1)-c2[nH+]cn(C3CC[NH2+]CC3)c2Cc4ccccc4F,-0.839,26,-0.032269230769230765
Cc1noc(C)c1-c2ccc(=O)n(c2)-n(c([nH+]3)SCCC(=O)[O-])c(c34)cccc4,-0.838,29,-0.02889655172413793
Cc1cc[nH+]c(c1)CCCCCCCSP(=O)([O-])OP(=O)([O-])O,-0.837,23,-0.03639130434782609
C1CC1[C@@H](C)Nc([nH+]c(n2)C(=O)[O-])c(c23)n(NCCC)c(n3)-c(cc4)cc(c45)ccs5,-0.836,31,-0.02696774193548387
CCn1c(=O)[n-]c(=O)c(c12)[C@H](c3ccc(C)cc3)C4=C(N2)CN(C4=O)N5CCNCC5,-0.834,31,-0.026903225806451613
O=C([O-])CCSc(n1)n(c(c12)cccc2)CCn3ccc(O)c(C(=O)[O-])c3=O,-0.832,28,-0.029714285714285714
O=C([O-])c1ccccc1N[N@H+]2CCC[C@@H]2CO,-0.832,17,-0.04894117647058823
C[C@H]1C[C@@H](C)C[N@H+](C1)n(c2=O)c(=O)n(C)c(c23)ccc(c3)C([O-])=C4C(=O)CCCC4=O,-0.83,31,-0.026774193548387094
CCCC(=CC1=O)N=C([N+]1=2)N=C(N2)Cc3ccc(cc3CN)-c(cc4)cc(c45)[nH+]c(N)cc5C,-0.829,34,-0.02438235294117647
Cc1ccc(C(C)C)cc1-c2ncc(CS(=O)(=O)C)cc2-c(cc3C)n(c34)cnnc4O,-0.824,32,-0.02575
Cc1[nH+]n(C)c(C)c1Cn2c(nccc3)c3cc4n(C)c(=O)c(c4c25)ccc5,-0.822,28,-0.029357142857142856
CC[NH+]1CCN(CC1)Cc2ccc(cc2C(F)(F)F)NCC[N@H+](C)[C@H]3CCCCN3,-0.821,30,-0.027366666666666664
Cc1cccc(C)c1[N@H+]2CC[C@@H](CC2)c3nc(no3)-c4cccs4,-0.816,24,-0.033999999999999996
CCCCCCCC(=O)CC(=O)SCCNN1CCN(CC)CC1,-0.816,24,-0.033999999999999996
CC(C)n(cn1)c(c12)nc(-c3ccoc3)nc2Nc4ccc(C(=O)[O-])c(Cl)c4,-0.815,28,-0.029107142857142856
[NH2+]1CCCC[C@@H]1N(C)CCO[C@@H]2CC[C@@H](CC2)C[C@@H](C([O-])=O)c3cccc(c3)N4C=CCC4=O,-0.813,34,-0.02391176470588235
C#CCn1c[nH+]c(-c2cccn2C)c1-c3ccc(OS(=O)=O)cc3,-0.812,24,-0.03383333333333333
O[C@@H]1CCCN(C1)[NH2+]CCC[NH2+]Cc2ccc(c(Cl)c2)-c3ccccc3,-0.811,26,-0.031192307692307693
CN(C)CCC[N@H+](C)[C@H]1CCN(C1)Nc2ccccc2,-0.808,20,-0.040400000000000005
Nc([nH+]1)cc(C)c(c12)ccc(c2)-c3ccc(c(c3)C[NH3+])N(C4(C)C)C(=O)[N-]C4=O,-0.808,29,-0.027862068965517243
Cn1cc[nH+]c1C(=O)c(o2)c(C)c(c23)c(ccc3)OCCCCCc4ccc([C@H](C)O)c[nH+]4,-0.806,33,-0.024424242424242425
c1cccc(c12)nc(o2)[C@@H]3CCC[NH2+]C3,-0.804,15,-0.0536
COc1ccc(nn1)N2CC[NH+](CC2)[C@H](C[C@H](C)N3C(=O)C)c(c34)cc(cc4)-c5cc[nH]n5,-0.803,33,-0.024333333333333335
CN(C)CC[N@H+]1CC[C@@H](CC1)[N@H+]2CC[C@@H](CC2)NC(=O)[C@@H]([NH3+])Cc(c[nH]3)c(c34)cccc4,-0.803,32,-0.02509375
c1ncc(C)c(c12)c(ccc2)S(=O)(=O)N3CCOC[C@@H]3C,-0.802,21,-0.03819047619047619
CC(C)(O)C[N@@H+]1CCC[C@H]([NH3+])C1,-0.8,12,-0.06666666666666667
c1cc(C)cc(c12)nc([nH]2)CC[NH+]3CCN(CC3)C4COC4,-0.798,22,-0.036272727272727276
Nc(n1)cc(C)c(c12)ccc(c2)-c3ccc(c(c3)C[NH3+])N(C4(C)C)C(=O)[N-]C4=O,-0.796,29,-0.027448275862068966
CN(C)CCN1CC[NH+](CC1)C2CC[NH2+]CC2,-0.796,17,-0.04682352941176471
C[NH+](C)CCN1CCN(CC1)c2cc(F)cc(Cl)c2,-0.796,19,-0.04189473684210526
C1OCC1[NH+](CC2)CCN2Cc(cc3C)cc(C)c3Nc4cc[nH+]c(n4)Nc5ccc(C#N)cc5,-0.792,35,-0.02262857142857143
O[C@@H]1[C@H](F)Cc(c12)c(cnc2C(F)(F)F)N3CC[N+](CC3)=C(N4)CSc(c45)cccc5,-0.792,31,-0.025548387096774195
C[NH+](C)CCN1CC[C@H](C1)n2c[nH+]c(-c3ccc(C(F)(F)F)cc3)c2-n(cc4)c(=O)n(c45)ccn5,-0.791,35,-0.022600000000000002
C1C[C@H](C)Cc(c12)sc(c2C(=O)N)NCCc3ccc([C@H](C)O)c[nH+]3,-0.791,25,-0.03164
COc1cc(=O)n(C)nc1-c2ccccc2[C@H](c3ccccc3)C4CCOCC4,-0.79,29,-0.02724137931034483
o1cccc1-c(cc2)cc(c23)[C@H](NC(=O)OC(C)C)C[C@H](C)N3c4cc([nH+]c(n4)N)N5CCOCC5,-0.789,36,-0.021916666666666668
C1CCn(c12)c(cn2)[C@H](C(=O)[O-])Cc3ccc(cc3)-c4ccccc4,-0.789,25,-0.031560000000000005
C1CCCCC1([NH3+])CNc2ccc(cc2OC)C[NH2+]CCc([nH+]3)[nH]c(c34)cccc4,-0.787,30,-0.026233333333333334
CCCn(c1[O-])c(=O)n(CCC)c(c12)nc(n2)-c3ccc(cc3)-c4ncc[nH]4,-0.786,28,-0.028071428571428574
n1nc(C)n(c12)c3c(cccc3)C(c4ccccc4)=[NH+][C@H]2N[C@@H](C(=O)[O-])Cc(c[nH]5)c(c56)cccc6,-0.784,36,-0.021777777777777778
Cc1nc(cs1)Nc2cc[nH+]cc2,-0.783,13,-0.060230769230769234
s1cccc1CNC(=O)[C@@H]2CN([N@@H+]3CCC[C@@H]3CO)CCN2c4ccc(Cl)c(Cl)c4,-0.783,30,-0.0261
CN(C)CCC[N@@H+](C)[C@H]1CCN(C1)NCCCNC(=O)c2ccc(=O)n(C)c2,-0.782,28,-0.02792857142857143
CC(C)Cc(nn1C)c(c1C)[N-]S(=O)(=O)c2c(Cl)cc(C(C)(C)C(=O)[O-])cc2Cl,-0.78,29,-0.02689655172413793
Cc1nnn(C)c1-c(c2)c(F)cc(c23)c4c(cc(c[nH+]4)C(C)(C)O)n3-c5ccc(cc5)C6=N[C@@H](C)CO6,-0.776,37,-0.020972972972972972
CN1CCN(CC1)c(cc2)cc(c23)n(Cc4ccccc4)c(n3)[C@H]5CC[N@@H+](C5)CCN,-0.773,31,-0.024935483870967744
O=c1[n-]cc(Cl)cc1C(=O)CCNCc2ccc(c(Cl)c2)-c3ccccc3,-0.771,27,-0.028555555555555556
s1cncc1[N-]S(=O)(=O)c2cc(Br)ccc2Br,-0.767,17,-0.04511764705882353
COc1ccc(cc1)S(=O)(=O)N(CC2(C)C)[C@H](N(C2)C(=O)C)C(=O)NO,-0.767,26,-0.029500000000000002
CN(C)CC[N@H+]1CC[C@H](C1)c(cc2)cc(c23)[C@@](O)(CC3)c4ccccc4,-0.765,26,-0.029423076923076923
CC(O1)(C)C(=O)Nc(c12)cc(OC)c(c2)[C@@H](CC)c3cccc([nH+]3)C4CC4,-0.763,27,-0.02825925925925926
C[C@@H](O)c1ccc(cc1)C[N@@H+]2CCCNCC2,-0.762,17,-0.044823529411764707
Cc1ccc(cc1)C[N@@H+](CC2)CC[C@@]2([NH3+])Cc3ccc(Cl)cc3,-0.762,23,-0.03313043478260869
[nH]1nccc1-c(cc2)cc(c23)[C@@H](C[C@H](C)N3C(=O)C)N4CCN(CC4)c5cccc(C)c5,-0.761,32,-0.02378125
C/C=C/CC(=O)[C@@H]1CN(C(=O)c2cc(=O)[nH]c(=O)[n-]2)CCN1c3ccc(Cl)c(Cl)c3,-0.76,30,-0.025333333333333333
CCc(nn1)n(c12)nc(cc2)N3CCNCC3,-0.758,17,-0.04458823529411765
Cc1nc(C[NH+](C)C)ccc1-c(c(c23)c(=O)[nH]nc3)cnc2-c4ccc(c(F)c4)N5CCSCC5,-0.756,35,-0.0216
COc1cc(=O)n(C)nc1-c2ccccc2[C@H](C[C@H](C)N3C(=O)C)c(c34)cc(cc4)-c5cc[nH]n5,-0.755,35,-0.02157142857142857
COc1cccc(c1)OCC(=O)c2ccc(cc2Cl)CNCCc([nH+]3)[nH]c(c34)cccc4OC,-0.755,34,-0.022205882352941176
Cn1cc[nH+]c1C(=O)c(o2)c(C)c(c23)c(ccc3)OCCCNc(cc4)cc(c45)OC(C)(C)C(=O)N5,-0.754,36,-0.020944444444444446
Cc1nn(C)c(Cl)c1S(=O)(=O)N2CCCNCC2,-0.754,18,-0.04188888888888889
C[NH+](C)CCN1CCN(CC1)Cc2ccc(cc2Cl)-c3ncon3,-0.754,24,-0.03141666666666667
Cc1cccc(c1)N2CCN(CC2)C(=O)c3cc(F)ccc3[O-],-0.753,23,-0.03273913043478261
c1ccccc1-n(nc2C)c(C)c2/C=N/N3CCN(CC3)[NH+]4CCN(CC4)c5ccc(Cl)cc5,-0.752,34,-0.02211764705882353
CC(C)(C)n(c1[O-])ncc1C(=O)c(c2C)ccc(S(=O)(=O)C)c2S(=O)(=O)c3ccccc3,-0.746,32,-0.0233125
CC[N@H+]1CC[C@@H](CC1)N(C)c(nc(c23)ccs3)nc2N4CCN(CC4)c5ccccc5OCCO,-0.744,35,-0.021257142857142856
NC(=O)C[NH+]1CCN(CC1)C(=O)c2cc(=O)[nH]c(=O)[n-]2,-0.742,20,-0.0371
Brc1ccc(cc1)-c2[nH+]cn(c2-c3cc[nH]n3)C4CC[NH2+]CC4,-0.742,23,-0.03226086956521739
Clc1c(Cl)cccc1-c(c2CC)[nH+]c(N)nc2N3CCN(C)CC3,-0.74,24,-0.030833333333333334
CCCCCC[C@@H](C)[NH2+]N1CCN(CC1)c2ccc(Cl)cc2,-0.739,22,-0.03359090909090909
C1COCCN1c(c2)cc(C)c(c23)nc([nH]3)-c4ccc(cc4)-c(ccc5)c(c56)[nH+]cn6C,-0.737,32,-0.02303125
Nc1nc(SC)nc(c12)n(cn2)-c3ccc(nc3)N4CCNCC4,-0.733,24,-0.030541666666666665
n1cccc(c12)c(c(C)cc2)-c(c(c34)cn[n-]c4=O)ncc3-c5ccc(C[NH+](C)C)nc5C,-0.733,33,-0.02221212121212121
O=C1CN(CCN1)C(=O)c(cc2)nc(c23)sc(n3)[N-]C(=O)C4CC4,-0.731,24,-0.030458333333333334
N#Cc1c(=O)[n-]c(cc1[S@](=O)C)-c2ccccc2F,-0.73,19,-0.038421052631578946
CCCCCCCCCCCCN1CCN(C)CC1,-0.729,19,-0.03836842105263158
CC(C)C[NH2+]CCC(F)(F)F,-0.729,11,-0.06627272727272727
COc1ccc(cc1)S(=O)(=O)[C@H](C(=O)[O-])Cc2ccc(cc2)OCCN(C)c3cccc[nH+]3,-0.729,33,-0.02209090909090909
O=[N+]([O-])c1cc(C(F)(F)F)ccc1Nc(c2CC)nc(N)[nH+]c2N3CCN(C)CC3,-0.728,30,-0.024266666666666666
CC(=O)N1[C@@H](C2CC2)CN(c(c13)cccc3)CC[NH2+]C/C=C/c4ccc(Br)cc4,-0.727,29,-0.02506896551724138
Clc1c(Cl)cccc1[C@H]2[C@@H](C(C)=NC(=C)[C@@H]2C(=O)OC)C(=O)n3ccc(=O)[nH]c3=O,-0.723,30,-0.0241
CS(=O)(=O)N1CC[C@@H](C1)[NH2+]CC[NH2+]C/C=C/c2ccc(Br)cc2,-0.722,23,-0.03139130434782609
CCc1c(NC)[nH+]c(N)nc1-c(cc2)cc(c23)[C@H](NC(=O)OC(C)C)C[C@H](C)N3C(=O)C,-0.72,32,-0.0225
[NH2+]1CCCC[C@@H]1C(=O)CC[C@@H](C)[C@H]2CC[C@H]([C@@]23C)[C@H]4[C@H](C[C@@H]3O)[C@]5(C)[C@H](C[C@H]4O)C[C@H](O)CC5,-0.72,34,-0.021176470588235293
COc1nc(N(C)C)ncc1-c(cc2=O)oc(c23)c(cs3)-c(cc4)cc(c45)OCCO5,-0.716,31,-0.023096774193548386
CS(=O)(=O)N1CC[C@@H](C1)c2ccc(cc2Cl)C[NH2+]CCc3[nH+]cc[nH]3,-0.714,25,-0.02856
C[NH+](C)CCN1CCC(CC1)C(=O)c2c(cnn2C)C(=O)N3CCOCC3,-0.714,27,-0.026444444444444444
C1CSCCN1[C@H](C[C@H](C)N2C(=O)C)c(c23)cc(cc3)-c4[nH]ncc4,-0.711,25,-0.02844
CC[N@H+]1CC[C@@H](CC1)[NH2+]CC(=CC2=O)N=C([N+]2=3)C=C(N3)C4CCOCC4,-0.71,26,-0.027307692307692307
Oc1c(C)cc(cc1C)Nc(cc2)c3[n-]c(cc(c3c24)c(O)n4C)N5CC[NH+](C)CC5,-0.705,31,-0.022741935483870965
NC(=O)CN1CCN(CC1)C(=O)c2cc(=O)[nH]c(=O)[n-]2,-0.705,20,-0.03525
CCN1CCN(CC1)[C@H](C)c2cc(cs2)-c3ccccc3C[NH2+]C,-0.704,24,-0.029333333333333333
O=c1[n-]c(no1)Nc2cc[nH+]cc2,-0.701,13,-0.05392307692307692
CCOC(=O)CCN[C@H](C[C@H](C)N1C(=O)C)c(c12)cc(cc2)-c3ccc(C(=O)[O-])cc3,-0.699,31,-0.022548387096774192
COc1cc(OC)c(cc1C)[C@H]2CCN(C2)CC[NH3+],-0.697,19,-0.036684210526315784
Cc1noc(C)c1-c(cc(c23)[nH+]ccc3)cc2C[C@](O)(Cn4cncn4)c5ccc(F)cc5F,-0.697,34,-0.020499999999999997
Cc1cc(cc[nH+]1)-c2ccc(C#N)c(Cl)c2C,-0.696,17,-0.04094117647058823
C[N@H+]1CC[C@@H](C1)N(C)c([nH+]c(c23)cc(s3)C(C)(C)C)nc2Nc4cc[nH+]cc4,-0.695,28,-0.02482142857142857
O=C(C1)NC[C@@H]1[C@@H](C)Oc(c(c23)ccc[nH+]3)cc(c2)Cc4ccccc4C(=O)[O-],-0.694,29,-0.023931034482758618
CC[C@@](C)(C(=O)[O-])CC[N@@H+](C)[C@H]1CCCCN1,-0.691,17,-0.04064705882352941
O=[N+]([O-])c1cc(C(F)(F)F)ccc1Nc(c2CC)[nH+]c(N)nc2N3CCN(C)CC3,-0.69,30,-0.023
C1CCCC[NH+]1Cc(cc2)ccc2C3CC[NH2+]CC3,-0.686,19,-0.03610526315789474
c1cc(Cl)ccc1[C@H](c(c23)c(C)c(s2)C)[NH2+][C@H](c4n3c(nn4)C)C/C([O-])=C5\CCC(=O)NC5=O,-0.682,34,-0.020058823529411768
O=C([O-])CCCc(cnc1)c(c12)cccc2,-0.677,16,-0.0423125
COc1cc(OC)cc(c12)nc([nH]c2=O)-c3nnc([nH]3)-c4ccc(F)cc4,-0.677,27,-0.025074074074074075
C[N@@H+]1CC[C@@H](C1)[NH2+]CCCNC(=O)c2ccc(F)cc2,-0.675,20,-0.03375
c1nnc(O)c(n12)c(C)cc2-c3cc(CS(=O)(=O)C)cnc3C(C4)CC4(F)F,-0.67,28,-0.02392857142857143
Clc1c(Cl)cccc1[C@H]2[C@@H](C(C)=NC(=C)[C@@H]2C(=O)OC)C(=O)n3ccc(=O)[n-]c3=O,-0.669,30,-0.0223
CC(=O)N[C@H]1CCN(C1)CCn(c(n2)SCCC(=O)[O-])c(c23)cccc3,-0.667,26,-0.025653846153846156
N#C[C@H]1C[C@H](C1)c2ccc(cc2Cl)C[NH2+]CCc3ccc[nH]3,-0.666,22,-0.030272727272727274
COc1ccccc1S(=O)(=O)Nc(cc2)c3[n-]c(cc(c3c24)c([O-])n4C)NC5CCCCCC5,-0.666,34,-0.01958823529411765
COc1cc(c[nH+]c1N)-c2cnn(C)c2,-0.664,15,-0.04426666666666667
CC[N@H+]1CC[C@@H](CC1)n(c(C)[nH+]2)c(c23)ccc(c3)OC(F)(F)F,-0.66,23,-0.028695652173913046
COCC[NH+]1CCN(CC1)CCN(C)C,-0.658,15,-0.04386666666666667
C[NH+](C)CCN1CCN(CC1)c(ccc2S(=O)(=O)C(F)(F)F)c(c23)CC(F)(F)[C@H]3O,-0.657,30,-0.0219
CCOC(=O)c1ccc(C(=O)[O-])cc1,-0.654,14,-0.046714285714285715
CN(C)CC[N@H+](CC1)CC[C@H]1n(nnc2C)c2-c3ccc(cc3)[C@@H](C[NH3+])c4ccc(Cl)cc4,-0.654,33,-0.019818181818181818
O=C1CCCN1n(c(C)[nH+]2)c(c23)ccc(c3)OC(F)(F)F,-0.654,21,-0.031142857142857146
CCS(=O)(=O)Cc1cnc(c(c1)-n2cc([O-])cn2)Oc3ccc(F)cc3F,-0.653,27,-0.024185185185185185
O=c([nH]1)onc1C(\C)=C/2c(cccc3)c3OCc(c24)cc(cc4)CNc5cncs5,-0.65,30,-0.021666666666666667
CC(C)N(CC1)CCC12CC(=O)c3c(O2)ccc(c3)-c4ccc(cc4)S(=O)(=O)CCO,-0.65,31,-0.020967741935483872
Cc1cccc(C)c1[NH+]2CCCCC2,-0.648,14,-0.046285714285714284
O=C([O-])c1ccccc1N2CCN(CC2)C(=O)c3cc(=O)[nH]c(=O)[nH]3,-0.646,25,-0.025840000000000002
Cc1cccc(c12)n(c([nH+]2)CCC)[C@H]3CC[N@H+](C3)CCN,-0.642,21,-0.030571428571428572
O=C1[N-]C(=O)N(C1(C)C)c(cc2C)cc(C)c2CCS(=O)(=O)c3ncon3,-0.639,27,-0.023666666666666666
OCCS(=O)(=O)c1ccc(cc1)-c2nnc([nH]2)-c3ccc(F)cc3,-0.639,24,-0.026625
C[C@H]1COCCN1c([nH+]c2)cc(c23)n([C@@H](C)COC)c(n3)-c4n[nH]cc4-c5ccncc5,-0.638,32,-0.0199375
Cc1cc([nH]n1)[C@@H](C)NS(=O)(=O)c(cc2)cc(c23)CN(C)C(=O)N3,-0.636,24,-0.0265
CN1CCN(CC1)c(cc2)cc(c23)n(Cc4ccccc4)c(n3)Nc5cc[nH+]cc5,-0.636,30,-0.0212
C[NH+](C)CC[N@@H+](CC1)CC[C@H]1n(nnc2C)c2C(=O)[C@@H]3CN(C(=O)CC4)N4C35CCCC5,-0.635,32,-0.01984375
C[NH2+]Cc1cccc(c1)Cc2ccc(cc2Cl)CNCCc([nH+]3)[nH]c(c34)c(C)ccc4,-0.635,31,-0.020483870967741936
CC[C@H](C)[C@H](N)C(=O)[N-]S(=O)(=O)c1ccccc1CNc2cnn(C)c(=O)c2C,-0.633,29,-0.02182758620689655
C[NH+](C)c1ccc(cc1)C2(CCCC2)CNNc3ccc(Cl)cc3,-0.626,24,-0.026083333333333333
O=C(C1)NC[C@@H]1[C@@H](C)Oc(c(c23)cccn3)cc(c2)C(=O)Cc(cnc4)c(c45)c([O-])ccc5,-0.626,33,-0.01896969696969697
C[NH+]1CCN(CC1)c(cc2)cc(c23)n(Cc4ccccc4)c(n3)[C@H]5CC[N@@H+](C5)CC[NH3+],-0.625,31,-0.020161290322580645
C1CN(C)CCN1c(c2CC)nc(N)nc2-n(nn3)c(c34)C(=O)c5c(C4=O)cccc5,-0.622,31,-0.020064516129032258
N1CCCC[C@@H]1[N@@H+](C)CCO[C@@H]2CC[C@@H](CC2)C[C@@H](C([O-])=O)[NH2+]Cc3ccccc3,-0.62,30,-0.020666666666666667
O=[N+]([O-])c1ccc(cc1)C[N@H+]2CC[C@@H](CC2)C[NH+]3CCOCC3,-0.62,23,-0.026956521739130435
c1nccc(c12)c(ccc2)S(=O)(=O)NCCc3ccc(cc3Cl)C[NH2+]CCc4c[nH]cn4,-0.618,32,-0.0193125
C[C@@H]1C(=O)N(C)CC[N@H+]1CCOc2ccc(cc2)C3CCN(CC3)Cc4cccnc4,-0.616,31,-0.019870967741935485
c1cc(F)cc(c12)c(C(=O)[N-]S(=O)(=O)C)c(N)c([nH+]2)-c3ccc(cc3)CCCCCC(=O)[O-],-0.616,33,-0.018666666666666665
c1nnc(O)c(n12)c(C)cc2-c3ccc(cc3)C[C@@H](C(=O)[O-])Oc4ccc(cc4)-c5ccccc5,-0.614,35,-0.01754285714285714
Cc1nnc(n12)c(NC)nc(c2)-c3cc[nH+]cc3,-0.614,18,-0.03411111111111111
CCC(CC)c1c(C)nnn1[C@@H]2CC[N@H+](CC2)CCN(C)C,-0.613,22,-0.027863636363636365
Clc1cccc(Cl)c1C(=O)c2c[n-]c(c2)C(=O)[C@@H]3CCC[NH2+]C3,-0.612,23,-0.026608695652173914
CCCCC/C=C/Cc1c[nH+]c([nH]1)C2CCC2,-0.611,17,-0.03594117647058823
O=C([O-])C[NH2+]NCC1CCC1,-0.609,11,-0.055363636363636365
C1CC1[C@@H](C)/[NH+]=c(\nc(C(=O)[O-])[nH]2)c(c23)n(c(n3)N(CCO4)[C@@H]([C@H]45)CCC5)Cc6ccc(Cl)cc6,-0.606,35,-0.017314285714285713
CC(C)c1cccc(C(C)C)c1NS(=O)(=O)c2ccc(cc2)[C@H]3CC(=O)N(C)C3,-0.604,29,-0.02082758620689655
O=C([O-])[C@H](C)c1ccc([nH+]c1)N2CCNCC2,-0.603,17,-0.035470588235294115
Cc1ccc(Cl)cc1-c2cc([S@](=O)C)c(C#N)c(=O)[n-]2,-0.602,20,-0.0301
CCOC(=O)[C@@H]1C(=C)N=C(C)[C@@H]([C@H]1c2cccc(Cl)c2Cl)C(=O)[C@H]3CCN(C3)CC[NH3+],-0.601,31,-0.01938709677419355
s1ccc(c12)cc(cc2)-c(n3)n(c(c34)c([nH+]c(n4)C(=O)[O-])N[C@H](C)C5CC5)OCc6ccccc6,-0.601,35,-0.01717142857142857
COc1cccc(c1)CC(=[NH2+])Nc(cc2)c3[n-]c(cc(c3c24)c([O-])n4C)N5CC[NH+](C)CC5,-0.594,33,-0.018
CCc1ccccc1-c2cc(nc(N)[nH+]2)N3CC[NH+](CC3)C4COC4,-0.593,25,-0.023719999999999998
C1=CC1[NH2+]CC23C[C@H]4C[C@@H](C3)C[C@H](C4)C2,-0.592,15,-0.039466666666666664
COC(=O)c1ccc(c(Cl)c1)CN(CC2)CCC2(O)CC(=O)c3ccc(c(c3)OC)OC4CC4,-0.591,34,-0.01738235294117647
CCCCCCCCCCCCC(=O)OC[C@@H](COP(=O)([O-])O)CCc1ccc(CC)c[nH+]1,-0.589,33,-0.017848484848484846
COC(=O)c1ccccc1S(=O)(=O)n2ccnc2,-0.587,18,-0.03261111111111111
C[C@H]1C[NH2+]CCCN1c2cc(nc(N)[nH+]2)-c3cccc(Cl)c3Cl,-0.586,23,-0.025478260869565218
C1COCCN1c(c2)cc(C)c(c23)[nH+]c([nH]3)-c4ccc(cc4)-c(ccc5)c(c56)[nH+]cn6C,-0.584,32,-0.01825
[NH2+]1CCCC[C@@H]1N(C)CCO[C@@H]2CC[C@@H](CC2)C[C@@H](C([O-])=O)C(=O)c(cc3)nc(c34)cccc4,-0.582,34,-0.01711764705882353
c1c(F)cc(c(c12)C)NS(=O)(=O)CCCCC[C@H]3C[N@H+](C2)CCN3[C@@H]4CCC[NH2+]C4,-0.579,30,-0.019299999999999998
[nH+]1ccn(c12)c(=O)n(cc2)-c3cc(F)c(C(F)(F)F)c(F)c3,-0.578,22,-0.02627272727272727
CC1(C)C(=O)[N-]C(=O)N1N(CC2)CCC2([NH3+])Cc3ccc(Cl)cc3,-0.574,24,-0.023916666666666666
Cc1cc(OC)cc(c12)c(c3c(n2)[nH]nc3C)C[N@H+]4CC[C@@H](CC4)N5CCCOC5=O,-0.574,31,-0.018516129032258064
c1c(F)cc(c(c12)C)NS(=O)(=O)CCCCC[C@H]3C[N@H+](C2)CCN3S(=O)(=O)C4CC4,-0.572,30,-0.019066666666666666
n1nc(C)n(c12)c3c(cccc3)C(c4ccccc4)=N[C@H]2NC(=O)N5CC[NH+](CC5)CCN(C)C,-0.569,35,-0.016257142857142855
CCc(nn1)n(c12)nc(cc2)-n(c(C)c3)c(c34)cc(cc4)Nc5[nH+]ccc(n5)NC,-0.567,30,-0.018899999999999997
COc(nn1)n(c12)nc(cc2)-n3nccn3,-0.566,16,-0.035375
Cc(c1)c(C)cc(c12)sc(n2)Cc([nH+]3)[nH]c(c34)cc(cc4C)N5CCOCC5,-0.565,28,-0.020178571428571428
CC(=O)N[C@H]1CCN(C1)N2CCC(CC2)CCC(=O)NCc3ccc(cc3)[NH+]4CCCCC4,-0.565,33,-0.01712121212121212
O=C(N1)C(C)(C)Oc(c12)cc(c(c2)OC)N[N@@H+]3CCC[C@H]([NH3+])C3,-0.564,23,-0.024521739130434782
CC[C@H](C)[C@H]([NH3+])C(=O)C(=O)OCc1ccccc1,-0.563,18,-0.03127777777777777
FC(F)(F)c1cccc(c1C)[C@@H](C)[C@@H]2CC[N@H+](C2)CC[NH+](C)C,-0.558,23,-0.024260869565217395
C1COCC[NH+]1[C@@H](C)Cc2nccc(n2)-c3c(-c4ccc(F)cc4)ncn3C5CC[NH2+]CC5,-0.557,33,-0.016878787878787882
C1CCCCN1Cc(cc2)ccc2C3CC[NH2+]CC3,-0.557,19,-0.02931578947368421
CC(C)NC(=O)O[C@H](CC[C@@]1(C)O)c(c12)nnn2-c3cc(Cl)ccc3OCC[NH+](C)C,-0.553,31,-0.017838709677419358
c1c[nH]c(c12)c(=O)n(C)cc2-c3ccccc3-c4ccc(CN)cc4Cl,-0.551,26,-0.021192307692307694
c1ccccc1C(=O)c2ccccc2N[C@H](C(=O)[O-])Cc3ccc(cc3)Nc4ccncc4,-0.549,33,-0.016636363636363637
CN(C)CC[NH+]1CCN(CC1)c(ccc2S(=O)(=O)C(F)(F)F)c(c23)CC(F)(F)[C@H]3O,-0.549,30,-0.0183
C[NH2+]Cc1cc(nn1C)[C@H](C([O-])=O)C[C@@H]2CC[C@@H](CC2)OCC[N@H+](C)[C@H]3CCCCN3,-0.547,31,-0.01764516129032258
Cc1cc([nH+][nH]1)[C@@H](C)Nc2ccccc2C(=O)c3ccccc3,-0.542,23,-0.02356521739130435
NC(=O)CC[NH2+]CCNC(=O)NC1CCN(CC1)c2cccc[nH+]2,-0.541,24,-0.022541666666666668
C[NH2+]Cc1cccc(c1)Cc2ccc(cc2Cl)C[NH2+]CCc([nH+]3)[nH]c(c34)c(C)ccc4,-0.54,31,-0.01741935483870968
[nH+]1cn(C)c(c12)cccc2-c3c(F)cc(cc3F)-n(nn4)c(c45)C(=O)c6c(C5=O)cccc6,-0.536,33,-0.016242424242424242
COC(=O)c1ccc(c(Cl)c1)C[N@H+](CC2)CC[C@@]2(O)Cc3cc(nc(N)[nH+]3)N4CCCCC4,-0.536,33,-0.016242424242424242
Cc1cccc(n1)[C@@H]2N(CCc(c23)scc3)c4cc(nc(n4)N)N5CC[NH+](CC5)C6COC6,-0.536,33,-0.016242424242424242
O=c(n1)[n-]c(=O)c(n2)c1n(c(c23)cc(C)c(C)c3)S(=O)(=O)c4ccc(cc4)[C@H]5CC(=O)N(C)C5,-0.532,34,-0.015647058823529413
C=CC1=C(C)/C(NC1=O)=C/c2[nH]c(c(c2C)CCC(=O)[O-])Cc3ccc(nc3)N4CCNCC4,-0.532,34,-0.015647058823529413
CC(O1)(C)C(=O)Nc(c12)ccc(c2)CC3(O)CCN(CC3)Cc4ccc(cc4Cl)-c5ncon5,-0.531,34,-0.01561764705882353
Cc1cccc([nH+]1)[C@@H]2N(CCc(c23)scc3)c4cc(nc(n4)N)N5CC[NH+](CC5)C6COC6,-0.53,33,-0.01606060606060606
Cc1cc(N)[nH+]c(c1)C[C@@H]2C[NH2+]C[C@@H]2Nc(c3)c(C#N)cn(c34)cc([nH+]4)-c5ccccc5,-0.53,32,-0.0165625
c1c(F)cc(c(c12)C)NS(=O)(=O)CCCCC[C@H]3CN(C2)CCN3c(c[nH+]4)n(c45)CCC5,-0.53,32,-0.0165625
C[NH+](C)CCCN(C)[C@H]1CCN(C1)c2ccc(S(=O)(=O)N)cc2CC[NH3+],-0.53,26,-0.020384615384615386
CSc1ccc(cc1)C(=O)Cc([nH+]c(c23)cccc3)nc2NCc4ccco4,-0.526,28,-0.018785714285714288
COC(=O)[C@H]1C(=C)N=C(C)[C@@H](C(=O)c([n-]c(=O)n2)c(c23)cccc3)[C@@H]1c4cccc(Cl)c4Cl,-0.525,33,-0.01590909090909091
C[NH+](C)CCCN(C)[C@H]1CCN(C1)c(cc2)cc(c23)n(CCOC(F)(F)F)c(n3)C4CCOCC4,-0.521,35,-0.014885714285714287
Cc1ccc(cc1)OCCn(c(c23)cccc3)c([nH+]2)SCCC(=O)c4c[nH]nc4C,-0.518,30,-0.017266666666666666
c1ccccc1Cc(n2)cc(cc2-c(nn3)cn3C)C(=O)[N-]c4ccc(C(F)(F)F)cc4[N+](=O)[O-],-0.517,35,-0.014771428571428573
c1c(Cl)ccc(c12)c(C(=O)C)c([nH]2)C(=O)N3CC[C@@H](C3)N(C)CCC[NH+](C)C,-0.516,28,-0.01842857142857143
C[NH+]1CCN(CC1)C2CCN(CC2)CC(=O)Oc(cc3)c(c4c35)ccc6c4c(cc5)ccc6,-0.516,33,-0.015636363636363636
CCCNC(=O)c1c(cnn1C)C(=O)c2ccc(cc2CN)-c(cc3)cc(c34)nc(N)cc4C,-0.515,34,-0.015147058823529413
c1cc(F)cc(c12)c(C(=O)[N-]S(=O)(=O)C)c(N)c(n2)-c3ccc(cc3)N4C=CCC4=O,-0.513,31,-0.016548387096774194
CCN(C1=O)c2ccc(c(c2c13)ccc3)S(=O)(=O)NCC4CCN(CC4)c5ncc(F)cc5F,-0.513,34,-0.015088235294117647
n1cn(C(C)C)c(c12)[nH+]c(N[C@H](CC)CO)nc2NCc3ccc(cc3)N4CCC[C@H]4C=O,-0.513,33,-0.015545454545454546
COc1ccc(nn1)N2CCN(CC2)[C@H](C[C@H](C)N3C(=O)C)c(c34)cc(cc4)-c5cc[nH]n5,-0.502,33,-0.015212121212121212
N1CCCC[C@@H]1[N@@H+](C)CCO[C@@H]2CC[C@@H](CC2)C[C@@H](C([O-])=O)c3cccc(c3)N4C=CCC4=O,-0.501,34,-0.014735294117647058
CN(C)CC[N@H+]1CC[C@H](C1)c(ccc2)n(c23)nc([nH+]3)N,-0.501,20,-0.02505
CCc(c1)nc(C)c(c12)c(c(c([n-]2)=O)C#N)-c3ccc(cc3)[N-]S(=O)(=O)C,-0.5,27,-0.018518518518518517
O=S(=O)c(cc1)ccc1C(=O)Nc2ccccc2C(=O)[O-],-0.5,21,-0.023809523809523808
S=C(N1)OC(C)(C)c(c12)cc(cc2)-c3nnc([nH]3)-c4ccc(F)cc4,-0.498,25,-0.01992
CO/C([O-])=C/C(=O)c(cn(C)c1=O)c(c12)oc(c2)-c3cnc([nH]3)C4CCC4,-0.493,27,-0.01825925925925926
c1cc(F)cc(c12)c(N[C@H](C)C(=O)[O-])c(C#N)c([nH+]2)C3COC3,-0.492,23,-0.021391304347826087
n1cn(C)c(c12)cccc2-c3ccc(cc3)S(=O)(=O)c(cc4)cc(c45)CNCC5,-0.492,29,-0.016965517241379312
Cc1nc([N+](=O)[O-])cn1[C@@H]2CC[N@H+](C2)CC[NH+](C)C,-0.49,19,-0.025789473684210525
c1cc(F)cc(c12)c(N[C@H](C)C(=O)[O-])c(C#N)c(n2)[C@H](C)c3ccc(s3)-c(c[nH+]4)n(c45)CCC5,-0.487,34,-0.014323529411764705
CC(C)C[NH2+]CC(=O)c(cc1=O)oc(c12)c(c([O-])cc2O)[C@H]3CC[N@H+](C)C[C@H]3O,-0.486,29,-0.01675862068965517
C1C[NH2+]CCC1N(C)c(nc(c23)ccs3)nc2-c(ccc4C(F)(F)F)c(c45)CC[C@H]5O,-0.483,31,-0.015580645161290322
Cc1cc[nH+]c(c1)CCCCCCCCC[NH3+],-0.481,17,-0.028294117647058824
C[C@H]1C[C@@H](C)CN(C1)c2ccc(/C([O-])=C3\CCC(=O)NC3=O)cc2Oc4ccccc4,-0.481,31,-0.015516129032258064
Cc([nH+]1)c(C)n(c12)nc(cc2)[C@@H]3CC[N@H+](CC3)CCN(C)C,-0.476,22,-0.021636363636363634
CCc1c(NC)[nH+]c(N)nc1-c2ccc(cc2)[N-]S(=O)(=O)C,-0.475,22,-0.02159090909090909
O[C@@H]1[C@@H](O)[C@@H](O)[C@@H](O[C@H]1C)c2ccc(cc2Cl)C[NH2+]CCc3[nH+]cc[nH]3,-0.468,26,-0.018000000000000002
COc1cccc(c1)CC(=[NH2+])NCc2cc([O-])cc(O)c2,-0.467,21,-0.02223809523809524
n1nc(C)n(c12)c3c(cccc3)C(c4ccccc4)=N[C@H]2NC(=O)N5CCN(CC5)CC[NH+](C)C,-0.466,35,-0.013314285714285714
CCCCCCCCc1ccccc1[NH3+],-0.465,15,-0.031000000000000003
n1nn(C)cc1-c2n(nnc2C)C3CCN(CC3)CCN(C)C,-0.46,23,-0.02
C1CCCCC1C(=O)N[C@@H](C(C)C)C(=O)S(=O)(=O)c(cc2)cc(c23)CN[C@H](C3)CO,-0.458,30,-0.015266666666666668
c1cc(F)ccc1-c(c2)nc(cc2C(C)(C)N)C(=O)c3ccc(cc3Cl)C[NH2+]CCCC[NH3+],-0.453,33,-0.013727272727272727
CN1CCN(CC1)c2ccc(cc2)-c3cc(nc(n3)N)N4CCOCC4,-0.447,26,-0.017192307692307694
CCc1ccc([nH+]c1)CCc(n2)n([C@@H](C)COC)c(c23)cc(nc3)N4CCOC[C@@H]4C,-0.446,31,-0.014387096774193548
c1cccc(c12)c(c[nH]2)C[C@H](C(=O)[O-])CCc3ccccc3,-0.446,22,-0.020272727272727272
c1cc(Cl)cc(NC2=O)c1[C@]23N(CC[NH3+])C[C@@H](N)[C@@H]3c4cccc(Cl)c4,-0.438,26,-0.016846153846153848
CC(C)[NH2+]Cc1cc([O-])cc(O)c1,-0.432,13,-0.03323076923076923
Clc1cc(Cl)ccc1-c2ccc(cc2OCC)C(=O)N3CCC(CC3)N4CC[NH+](C)CC4,-0.426,32,-0.0133125
C1COCCN1c([nH+]2)cc(nc2N)-c(cc3)cc(c34)n(CCOC(F)(F)F)c(n4)C5CCOCC5,-0.423,35,-0.012085714285714285
CC(C)(C)S(=O)(=O)[N-]c1cc(ccc1Cl)N2CC[NH+](CC2)Cc3ccccc3,-0.418,28,-0.014928571428571428
CNc1cc[nH+]c(n1)C(c2ccccc2)c3ccccc3,-0.417,21,-0.019857142857142858
CC(C)(C)[NH2+]Cc([nH]n1)c(c12)cccn2,-0.413,15,-0.027533333333333333
CCOC(=O)[C@@H]1C(=C)N=C(C)[C@@H]([C@H]1c2cccc(Cl)c2Cl)C(=O)[C@H]3CC[N@H+](C3)CCN,-0.409,31,-0.013193548387096774
COc1ccc(cc1)Cn(nn2)c(c23)[C@@](C)(O)CC[C@H]3Oc4ccc(nc4)N5CC[NH2+]CC5,-0.408,33,-0.012363636363636363
Cc1nnc(n12)c(NC)nc(c2)-c(n3)n(CCOC(F)(F)F)c(c34)cc(cc4)N5CC[NH+](C)CC5,-0.407,35,-0.011628571428571427
[nH]1nccc1-c2n(nnc2C)[C@@H]3CC[N@H+](CC3)CCN(C)C,-0.399,22,-0.018136363636363638
Cc1onc(C)c1-c(c(c2)OC)cc(c23)[nH]c4c3c([nH+]cc4)-c5cc([nH+]c(n5)N)NC6CC6,-0.399,33,-0.012090909090909091
COc1ccc(c(C)c1)Nc2ccccc2C(=O)[O-],-0.398,19,-0.02094736842105263
C1CC1Nc(nc2N)cc([nH+]2)N3CCN(CC3)[NH2+]C4CCCCC4,-0.397,24,-0.016541666666666666
CCOC(=O)[C@@H]1C(C)=NC(=C)[C@@H]([C@H]1c2cccc(Cl)c2Cl)C(=O)[C@H]3CC[N@H+](C3)CC[NH3+],-0.396,31,-0.012774193548387098
N#CCCN(C)c(c(c12)cc(Br)cc2)nc([nH+]1)N[C@@H](C(=O)[O-])Cc(c[nH]3)c(c34)cccc4,-0.396,32,-0.012375
n1[nH+]c(C)n(c12)c3c(cccc3)C(c4ccccc4)=N[C@H]2NNc5cc[nH+]cc5,-0.395,29,-0.013620689655172415
OC[C@H]1CCCN1C(=O)c(cc2)cc(c23)c(C)c(C)n3Cc4ccc(Cl)c(c4)O[C@@H](C)C(=O)[O-],-0.395,34,-0.01161764705882353
C1COCCN1c(c2)cc(C)c(c23)[nH+]c([nH]3)-c4ccc(C(F)(F)F)cc4[N+](=O)[O-],-0.394,29,-0.013586206896551725
COC(=O)c1ccccc1S(=O)(=O)c2ccnc(n2)Nc3ccc(C#N)cc3,-0.393,28,-0.014035714285714287
C[NH+](C)CCC[N@H+](C)[C@H]1CCN(C1)C(=O)c([nH]2)c(c(c23)ccc(Cl)c3)Nc4ccc([NH3+])cc4,-0.391,33,-0.01184848484848485
Fc1ccc(cc1)-c2nnc([nH]2)C([N-]3)=CSc(c34)cccc4,-0.39,22,-0.017727272727272727
CCc1c(NC)nc(N)nc1-c(cc2)cc(c23)[C@H](NC(=O)OC(C)C)C[C@H](C)N3C(=O)C,-0.389,32,-0.01215625
O=C1[N-]C(=O)N(C1(C)C)c(cc2C)cc(C)c2CCS(=O)(=O)CCN3CCN(C)C(=O)[C@H]3C,-0.389,33,-0.011787878787878788
C[NH+](C)CC[N@@H+]1CC[C@H](C1)n(c2=O)c3sc(CCCC4)c4c3c(n25)ncn5,-0.388,27,-0.01437037037037037
C1C[NH2+]CCC1n(nnc2C)c2[C@@H]3CC[N@H+](CC3)CCN(C)C,-0.382,23,-0.016608695652173912
Cc1cc(n[nH]1)[C@@H](C)[NH2+]CC#Cc2ccc(cc2)S(=O)(=O)NCCC(F)(F)F,-0.381,28,-0.013607142857142858
COC(=O)C1=C(C)N=C(C)[C@@H](C(=O)c(nc(=O)[nH]2)c(c23)cccc3)[C@@H]1c4cccc(Cl)c4Cl,-0.377,33,-0.011424242424242424
C[NH+](C)CC[N@H+](CC1)CC[C@H]1n(nnc2C)c2-c(cc3)cc(c34)N(C5CC5)C(C)(C)C(=O)N4C,-0.376,34,-0.011058823529411765
O=S(=O)Oc(cc1)ccc1-c2c(ncn2CC#C)-c3cc(Cl)ccc3OCCN(C)C,-0.373,31,-0.012032258064516129
O=c1[n-]ncn(c12)c(cc2C)-c3n(nnc3C)C4CCN(CC4)CCN(C)C,-0.372,28,-0.013285714285714286
O[C@@H]1[C@@H](O)[C@@H](O)[C@@H](O[C@H]1C)c2ccc(cc2Cl)CNCCc3[nH+]cc[nH]3,-0.372,26,-0.014307692307692308
CN(C)CCC[N@@H+](C)[C@H]1CCN(C1)c2ccc(S(=O)(=O)N)cc2CC[NH3+],-0.371,26,-0.014269230769230768
c1cc(F)cc(c12)c(N[C@H](C)C(=O)[O-])c(C#N)c([nH+]2)[C@H](C)c3ccc(s3)-c(c[nH+]4)n(c45)CCC5,-0.37,34,-0.01088235294117647
CC(=O)NCCC(=O)N1[C@@H](C)C[C@@H](Nc2ccc(C#N)cc2)c(c13)cc(cc3)-c4ccn[nH]4,-0.362,33,-0.01096969696969697
CNc1cc([nH+]c(n1)N)N2CCN(CC2)c3ccc(OC)c(c3)OC,-0.36,25,-0.0144
C[C@@H]1C(=O)N(C)CC[N@H+]1CC[C@H](c2cccnc2)C(=O)NC3CCCCC3,-0.359,27,-0.013296296296296296
Cc1cc(C)c(c(C)c1)-c2ccc(cc2Cl)C[NH2+]CCc3ncc[nH]3,-0.358,25,-0.01432
C1C[NH2+]CCC1n(nnc2C)c2Nc3cc[nH+]cc3,-0.358,19,-0.018842105263157893
C1CC[C@H]2[C@@H]1Nc([n+](C)c3=O)n2c(c34)nn(C5CCN(C(N)=[NH2+])CC5)c4Nc6ccccc6,-0.357,33,-0.010818181818181817
C1CC1c([nH+]2)cccc2[C@H](CC)c3cn(C)c([nH+]3)COc(cc4)nn(c45)c(C)c(n5)C,-0.355,31,-0.011451612903225807
CCOC(=O)c1csc([nH+]1)N2CCN(CC2)c3cccc(c3)N4CC=CC4=O,-0.355,28,-0.012678571428571428
O=C([O-])[C@H]1CC[C@@H](CC1)CCc(cc2)[nH+]c(c23)cccc3,-0.354,21,-0.016857142857142855
O=c1n(C)cc(cc1C)-c(cc2)cc(c23)n(c(n3)C4CCOCC4)CC[C@@H]5CC[N@@H+](C5)CC[NH+](C)C,-0.353,36,-0.009805555555555555
c1nccc(c12)c(C(=O)[O-])c(C)c(n2)-c3ccc(c(F)c3)NC(=O)c4ccsc4C(=O)[O-],-0.349,32,-0.01090625
C1C[NH2+]CCN1c(c2)[nH+]ccc2CCC3OCCO3,-0.349,19,-0.01836842105263158
COc(c1)c(OC)cc(c12)CN(CC2)CCc3ccc(cc3)Nc4[nH]nc(n4)-c5ccc(F)cc5,-0.349,35,-0.00997142857142857
O=S(=O)c(cc1)ccc1C(=O)c2ccnc(c2)N3CCNCC3,-0.348,23,-0.015130434782608695
CS(=O)(=O)[N-]c1cc(ccc1C)-c(c(c23)cccn3)cc(c2)-c(cc4)cn(c45)c(nn5)C,-0.347,32,-0.01084375
C[NH+](C)CC[N@H+]1CC[C@H](C1)c(ccc2)n(c23)nc(n3)N,-0.346,20,-0.0173
c1ncccc1[C@@H]([NH+]2CCNCC2)C(=O)NC3CCCCC3,-0.346,22,-0.015727272727272725
CC(=O)NCCC(=O)c1ccc(cc1Cl)CNCCc([nH+]2)[nH]c(c23)ccc(c3)C,-0.345,29,-0.01189655172413793
n1cccnc1-c(cc2)ccc2C(=O)c3ccc(cc3Cl)C[NH2+]CCc4[nH+]cc[nH]4,-0.345,30,-0.0115
COC(=O)CC(=O)NCCC[NH2+]Cc1ccc(c(Cl)c1)C(=O)[C@H](O)[C@H](C)N,-0.344,27,-0.01274074074074074
O=c([n-]1)onc1-c(c2CC)[nH+]c(N)nc2N3CC[NH+](C)CC3,-0.339,22,-0.01540909090909091
COc1ccc(cc1Cl)CCc([nH+]2)n(C[C@H](C)N3CCOCC3)c(c24)ccc(c4)-c5ccn[nH]5,-0.338,34,-0.009941176470588236
O=C1NCCC[C@H]1C[C@@H]([C@@H](O)C(=O)N2CCC2)[NH2+]NC3CCCC3,-0.337,24,-0.014041666666666668
C1CCn(c12)c(cn2)-c(s3)ccc3[C@@H](C)[NH2+][C@H](C(=O)[O-])Cc(c[nH]4)c(c45)cccc5,-0.334,30,-0.011133333333333334
C[NH+]1CCN(CC1)C2CCN(CC2)S(=O)(=O)c(c(c34)cccc4)ccc3OCC(=O)[O-],-0.333,31,-0.010741935483870969
C[NH+](C)CCN1CC[NH+](CC1)Nc2ccc(Cl)cc2,-0.329,19,-0.01731578947368421
O=C([O-])Cn(cc1)c(c12)ccc(c2)-n3cc[nH+]c3,-0.325,18,-0.018055555555555557
CS(=O)(=O)NCCCc1ccc(cc1OC)C[NH2+]CCc([nH+]2)[nH]c(c23)cccc3,-0.324,29,-0.011172413793103448
COc1nc(N(C)C)[nH+]cc1-c2ccc(cc2)-c(n3)c(NC(C)(C)C)n(c34)ccnc4,-0.323,31,-0.010419354838709679
O=C(N1)C(C)(C)c(c12)cc(cc2F)-c3ccc(cc3Cl)C[NH2+]CCc4c[nH]cn4,-0.323,29,-0.011137931034482759
CCc1c(C(CC)CC)[nH+]c(N)nc1N2CCCCC2,-0.322,20,-0.0161
CC[C@@H](C(=O)[O-])Cc1ccc(cc1)C(=O)c(cc(C)c2)c(c23)oc(n3)N,-0.321,26,-0.012346153846153847
O=C([O-])Cn(cc1)c(c12)ccc(c2)OCCCC(=O)Cc(c[nH+]c3)c(c34)c([O-])ccc4,-0.318,31,-0.010258064516129033
c1cccc(c12)oc(c2)C(=O)N3CCN(CC3)C(c4ccccc4)c5ccccc5,-0.315,30,-0.0105
c1cc(F)cc(c12)c(C(=O)[N-]S(=O)(=O)C)c(N)c(n2)Nc(cc3)cc(n34)[nH+]c(c4)-c5ccccc5,-0.311,35,-0.008885714285714285
O=c1[nH]c(=O)n(cc1C)[C@H]2CCC[N@H+](C2)Cc3cccc(c3)NCc4ccc(cc4)[NH+]5CCCCC5,-0.309,36,-0.008583333333333333
Clc1cc(Cl)ccc1[C@H](C)N[C@@H](C(=O)[O-])Cc(c[nH]2)c(c23)cccc3,-0.308,25,-0.01232
c1cccc2c1[nH+]c(n23)N([C@@H](C)C3)C(=O)[C@@H]4CN(C(=O)CC5)N5C46CCCC6,-0.307,28,-0.010964285714285715
COc(cc1)cc(c12)[nH+]c([nH]2)CCC(=O)c3c(cnn3C)C(=O)N4CCOCC4,-0.305,29,-0.010517241379310345
C1CC1[N@H+]2C(C)(C)C(=O)N(C)c(c23)ccc(c3)NCCCO,-0.302,22,-0.013727272727272727
CN1CC[NH+](CC1)CCc2csc(=O)[nH]2,-0.3,15,-0.02
C1CCCCC1C(=O)N[C@@H](C(C)C)C(=O)CCc2ccc(cc2)OC(C)(C)C(=O)[O-],-0.298,30,-0.009933333333333332
Clc1c(Cl)cccc1[C@H]2[C@@H](C(C)=NC(C)=C2C(=O)OC)C(=O)n3ccc(=O)[n-]c3=O,-0.295,30,-0.009833333333333333
Cc1ccc(cc1C)[N@@H+]2CCC[C@H](O)C2,-0.295,15,-0.019666666666666666
Nc(n1)cc(C)c(c12)ccc(c2)-c3ccc(c(c3)CN)N(C4(C)C)C(=O)NC4=O,-0.295,29,-0.010172413793103447
Cc1cc(cc[nH+]1)-c2ccc(cc2)-c3c(C)ccn(C)c3=O,-0.294,22,-0.013363636363636362
CNCc1ccc(cc1)-c(cc2)cc(c23)[C@@H](C[C@H](C)N3C(=O)C)NC(=O)c4c(C5CC5)n[nH]c4C,-0.294,35,-0.0084
Nc([nH+]1)cc(C)c(c12)ccc(c2)-c3ccc(c(c3)CN)-c4cc(C5CC5)nn4C,-0.293,29,-0.010103448275862069
OCCOc1ccccc1N2CC[NH+](CC2)N3CCC[C@@H]3CO,-0.281,23,-0.012217391304347828
CCCCC/C=C/Cc([nH+]1)[nH]c(c12)cc(cc2C)N3CCOCC3,-0.28,24,-0.011666666666666667
Cc1ccc(cc1C)-c2ccc(cc2)[N-]S(=O)(=O)C,-0.276,19,-0.014526315789473686
c1nnc(O)c(n12)c(C)cc2-c3ccc(cc3)-c(n4)c(C#N)c(N[C@H](C)C(=O)[O-])c(c45)cc(F)cc5,-0.275,36,-0.0076388888888888895
CC(C)N(CC1)CCC12CC(=O)c3c(O2)ccc(c3)-c4ccc(cc4)/C([O-])=C(\C)C(=O)N,-0.273,32,-0.00853125
COc(cc1)cc(c12)[nH+]c([nH]2)CCc(cn(C)c3=O)c(c34)oc(c4)-c5c[nH]c(n5)C6CCC6,-0.272,33,-0.008242424242424244
O=c1[nH]c(=O)n(cc1C)[C@@H]2CC[N@H+](CC2)Cc3cccc(n3)S(=O)(=O)c(cc4)cc(c45)CNCC5,-0.271,35,-0.007742857142857143
CC(C)(C)c(s1)cc(c12)nc(C(=O)[C@H](O)[C@H](C)N)nc2N(C)CCC#N,-0.267,26,-0.01026923076923077
CCO[C@H](C(=O)[O-])Cc1ccc(cc1)S(=O)(=O)c(cc2)cc(c23)C[NH2+]CC3,-0.265,27,-0.009814814814814816
CC(C)[N@@H+](CC1)CC[C@]12CC(=O)c3c(O2)ccc(c3)-c4ccc(cc4)/C([O-])=C(\C)C(=O)N,-0.265,32,-0.00828125
CCCCCCCCCCCCC/C=C/[C@@H](O)[C@H](CO)NNc1c(C)[nH+]n(C)c1C,-0.263,30,-0.008766666666666667
[nH+]1ccccc1[C@](C)(c2ccccn2)c(n3)oc(c34)cccc4,-0.263,23,-0.011434782608695652
COc(nn1)n(c12)nc(cc2)N3CCC(CC3)c4ccc(cc4)[NH+]5CCN(C(C)C)CC5,-0.262,32,-0.0081875
NC(=O)[C@@H](C)Nc1cc(nn(c12)c(C)nn2)-c3ccccc3CCc4ccc([C@H](C)O)c[nH+]4,-0.259,33,-0.00784848484848485
COCCC[NH2+]OC(C)(C)C,-0.258,11,-0.023454545454545454
C1CCC1c([nH]2)ncc2-c3ccc(cc3OCC)C(=O)N4CCC(CC4)N5CC[NH+](C)CC5,-0.257,33,-0.007787878787878788
CC[NH+]1CCN(CC1)c(cc2)nc(c23)ncc(C(=O)[O-])c3Nc4ccccc4C(C)(C)C,-0.254,32,-0.0079375
c1cc(C)cc(c12)[nH]c(n2)CC[NH+]3CCN(CC3)C4COC4,-0.251,22,-0.011409090909090909
Cc1cc(C)c(c(C)c1)-c2ccc(cc2Cl)C[NH2+]CCc3[nH+]cc[nH]3,-0.251,25,-0.01004
Oc1c(C)cc(cc1C)[N@@H+]2CCC[C@H](O)C2,-0.246,16,-0.015375
CCc1c(NC)nc(N)nc1-c2ccc(cc2)[N-]S(=O)(=O)C,-0.245,22,-0.011136363636363637
C1OCC1N(CC2)CCN2c([nH+]3)cc(nc3N)Nc(cc4)cc(n45)[nH+]c(c5)-c6ccccc6,-0.245,33,-0.007424242424242424
c1c(F)cc(c(c12)C)[N-]S(=O)(=O)CCCCC[C@H]3CN(C2)CCN3c(cc4)cc(c4=5)=NC(=O)N5,-0.243,34,-0.007147058823529412
O=C([O-])C/[NH+]=C/C(=O)CCCNCCC(F)(F)F,-0.238,18,-0.013222222222222222
C[NH+](C)CC[N@H+]1CC[C@H](C1)CCc2c[nH]cn2,-0.23,17,-0.013529411764705884
Cc1cc(C)nc(n12)nc(n2)CC(=O)C(=O)Cc(cnc3)c(c34)c([O-])ccc4,-0.23,28,-0.008214285714285714
Cc1nc(CN(C)C)ccc1-c(c(c23)c(=O)[nH]nc3)cnc2-c4ccc(c(F)c4)N5CCSCC5,-0.229,35,-0.006542857142857143
Nc(n1)cc(C)c(c12)ccc(c2)-c3ccc(c(c3)CN)-c(c4)nc(NC(C)C)c(n45)nnc5C,-0.229,34,-0.006735294117647059
[nH+]1cccc(c12)c(c(C)cc2)N3CCC(C)CC3,-0.228,18,-0.012666666666666666
C[N@@H+]1CC[C@@H](C1)n(nn2)c(c23)ccc(Cl)c3Oc4cc(Cl)cc(c4Cl)C[NH3+],-0.228,27,-0.008444444444444445
Clc1cc(Cl)ccc1[C@H](C)N2CCN(CC2)C3COC3,-0.227,20,-0.01135
C1CNCCN1c(c2)ccc(c23)c(C)n[nH+]c3-c4ccc(cc4)C[NH+]5CCCCC5,-0.225,30,-0.007500000000000001
CC(=O)N1[C@@H](C)C[C@@H](NC(=O)OC(C)C)c(c12)cc(cc2)-c([nH]3)c(C#N)c(=O)c(c34)cncc4,-0.223,34,-0.0065588235294117645
O=c1[n-]c(no1)CCC(c2ccccc2)c3ccccc3,-0.222,21,-0.010571428571428572
C1COCCN1c([nH+]2)cc(nc2N)C/C=C/c3ccc(Br)cc3,-0.217,23,-0.009434782608695652
N#Cc1c(=O)[n-]c(cc1[S@](=O)C)-c2cccc(c2)CCc([nH+]3)[nH]c(c34)ccc(Cl)c4,-0.217,30,-0.007233333333333333
CC1(C)C(=O)NC(=O)N1S(=O)(=O)c2cc(Br)ccc2Br,-0.217,20,-0.01085
C1CCC1c([nH]2)[nH+]cc2-c3ccc(cc3OCC)C(=O)N4CCC(CC4)[NH+]5CCN(C)CC5,-0.217,33,-0.006575757575757576
C=CCOc1cc(Cl)c(c(Cl)c1)S(=O)(=O)[N-]c2c(CC(C)C)nn(C)c2C,-0.205,27,-0.007592592592592592
NCc1ccc(cc1)N2CC[NH+](CC2)Cc3ccccc3,-0.202,21,-0.009619047619047619
Cc1nc(CN(C)C)ccc1-c(c(c23)c(=O)[nH]nc3)cnc2N4CCS[C@@H](CC4)c5cccs5,-0.201,34,-0.005911764705882353
Clc1ccc(cc1Cl)N2CCN(CC2)[N@@H+]3CC[C@@H](CC3)c4nc(no4)-c5cccs5,-0.201,30,-0.0067
CN(C)CCN(CC1)CCC1n(nnc2C)c2-c3cccc(n3)-c4cccc(c4)-c5csc(=O)[nH]5,-0.199,35,-0.005685714285714286
CNc1cc(nc(N)[nH+]1)N2CCN(CC2)c(ccc3C(F)(F)F)c(c34)CC[C@H]4O,-0.197,29,-0.006793103448275863
CCCCCCC(=O)[C@H](C([O-])=O)C[C@@H]1CC[C@@H](CC1)OCC[N@H+](C)[C@H]2CCCCN2,-0.196,30,-0.006533333333333334
c1c(F)cc(c(c12)C)NS(=O)(=O)CCCCC[C@H]3C[N@H+](C2)CCN3c(cn4)n(c45)CCC5,-0.194,32,-0.0060625
CCOC(=O)c1csc(n1)N2CCN(CC2)c3cccc(c3)N4C=CCC4=O,-0.192,28,-0.006857142857142858
C1CC1Nc([nH+]c2N)cc(n2)C(=O)/C=C(\O)C(=O)[O-],-0.189,19,-0.009947368421052632
n1cccc(c12)c([nH]n2)C[NH+]3CCCCC3,-0.186,16,-0.011625
Cc([nH+]1)c(C)n(c12)nc(cc2)[C@@H]3CCCC[C@@H]3[C@H](O)C4CCCCC4,-0.184,25,-0.00736
C[C@H]1CC[C@H](CC1)C(=O)N[C@@H](C(=O)[O-])Cc(c[nH]2)c(c23)cccc3,-0.177,24,-0.007375
O=C([O-])C(C)(C)Oc1ccc(cc1)CCC(=O)[C@@H]([NH3+])CO,-0.177,21,-0.008428571428571428
c1ccccc1-c(cc2)ccc2C(=O)N(C3CC3)Cc4ccccc4-n(cc5)c(=O)n(c56)cc[nH+]6,-0.171,35,-0.004885714285714286
CCN1CCN(CC1)[NH2+]C(C(C)C)C(C)C,-0.168,16,-0.0105
N#Cc1ccc(cc1Cl)CC2(O)CCN(CC2)Cc3ccc(cc3Cl)-c4ncon4,-0.167,30,-0.005566666666666667
CNc1cc([nH+]c(n1)N)N2CCN(CC2)[N@H+](C3CC3)Cc4ccccc4OCCCCCC(=O)[O-],-0.167,35,-0.004771428571428571
OC[C@@H](C1)NCc(c12)cc(cc2)S(=O)(=O)C(=O)N3CCC(CC3)c4nc(no4)-c5cccs5,-0.163,33,-0.00493939393939394
CCOC(=O)c1cnn(C)c1C(=O)C[C@H](C)[NH+]2CCOCC2,-0.16,22,-0.007272727272727273
C[NH2+]Cc1ccccc1-c2csc(c2)[C@@H](C)c3ccc(cc3)OCC(=O)NCC[NH3+],-0.157,30,-0.005233333333333334
CS(=O)(=O)[N-]c1ccc(cc1)-c(n2)c(C#N)c([O-])c(c23)cncc3,-0.157,24,-0.006541666666666667
CC(=O)N[C@H]1CC[N@H+](C1)CCCNCc2ccc(c(Cl)c2)-c3ccccc3,-0.155,27,-0.005740740740740741
CN(C)CC[N@H+](C1)CC[C@H]1c(c(n2)C)n(c23)ccnc3N4CCOCC4,-0.154,26,-0.005923076923076923
n1[nH+]c(C)n(c12)c3c(cccc3)C(c4ccccc4)=N[C@H]2NNc5ccncc5,-0.154,29,-0.005310344827586207
COc1cc(OC)cc(c12)[nH]c(nc2=O)-n(cc3)c(=O)n(c34)ccn4,-0.153,25,-0.00612
Clc(c1)cccc1[C@H]2[C@H](N)CN(C3CC3)[C@]24c5c(NC4=O)cc(Cl)cc5,-0.152,26,-0.005846153846153846
CC(C)(C)OC(=O)NCCC[NH2+]c(cc1)cc(c12)OCCO2,-0.152,22,-0.006909090909090909
CCCCCCCC(=O)C[C@H](O)CNC,-0.148,15,-0.009866666666666666
CCOC(=O)CCNc1ccc(c[nH+]1)S(=O)(=O)[N-]c2c(C)nn(C)c2C,-0.148,26,-0.005692307692307692
c1ccccc1Cn(c(n2)-c(cc3)ccc3C)c(c24)cc(cc4)N5CCN(C)CC5,-0.145,30,-0.004833333333333333
C[C@@H]1CC[N@H+](CC1)CC2CCN(CC2)Cc3ccc([N+](=O)[O-])cc3,-0.144,24,-0.005999999999999999
Clc1c(Cl)cccc1[C@H]2[C@@H](C(=C)N=C(C)[C@@H]2C(=O)OC)C(=O)n3ccc(=O)[n-]c3=O,-0.144,30,-0.0048
c1cccc(c12)c(c[nH]2)C[C@H](C(=O)[O-])[NH2+]NCC[NH2+]C/C=C/c3ccc(Br)cc3,-0.133,29,-0.004586206896551724
O=C(O)c1c([O-])ccn(c1=O)-c2cnns2,-0.13,16,-0.008125
O=S(=O)Oc(cc1)ccc1-c2c([nH+]cn2CC#C)-c(cc3)cc(c34)O[C@@H](C(=O)N4)CC5CC5,-0.129,33,-0.003909090909090909
c1c(F)cc(c(c12)C)NS(=O)(=O)CCCCC[C@H]3CN(C2)CC[N@@H+]3[C@@H]4CCC[NH2+]C4,-0.124,30,-0.0041333333333333335
CCCn(c1[O-])c(=O)n(CCC)c(c12)nc(n2)-c3ccc(cc3)N4CC[NH+](CC4)Cc5ccccc5,-0.123,36,-0.003416666666666667
c1cc(Br)ccc1-c2ccc(cc2Cl)C[NH2+]CCc3[nH+]cc[nH]3,-0.122,23,-0.005304347826086957
CC(C)(C)c(cc1)ccc1N(S(=O)(=O)CC)[C@H](c2cccnc2)C(=O)Cc3ccc(C(=O)[O-])cc3,-0.119,35,-0.0034
COC(=O)c1ccc(c(Cl)c1)CN(CC2)CCC2(O)Cc3cc(nc(n3)N)N4CCCCC4,-0.11,33,-0.0033333333333333335
c1ccc([N+](=O)[O-])c(c12)[n-]c(n2)CC[N@H+]3CC[C@H](O)CC3,-0.107,21,-0.005095238095238095
CNc1ccnc(n1)N(C[C@H](C2CC2)N3C(=O)C)c(c34)cc(cc4)-c5cnc(C(=O)N)nc5,-0.104,33,-0.0031515151515151513
COc1cccc(c1)-c([nH+]nc2C)c(c23)cc(cc3)N4CC[NH2+]CC4,-0.101,25,-0.00404
CN(C)CCN(CC1)CCC1n(nnc2C)c2-c3cccc(n3)-c(cc4)nn(c45)c(C)c(n5)C,-0.097,34,-0.0028529411764705885
CC(=O)NC[C@H]1CN(C(=O)O1)c2c(C)nnn2[C@@H]3CC[N@@H+](CC3)CCN(C)C,-0.096,28,-0.003428571428571429
O=P([O-])([O-])OP(=O)([O-])SCCCCc([nH+]1)[nH]c(c12)ccc(Cl)c2,-0.091,23,-0.003956521739130435
C1[NH2+]CCC[C@H]1c2ccc(cc2C)C[NH2+]CCc([nH+]3)[nH]c(c34)cccc4,-0.09,26,-0.003461538461538461
C1COCCN1c(c2)cc(C)c(c23)[nH+]c([nH]3)Nc4ccc(cc4)N5CCC([N+](C)(C)C)CC5,-0.088,33,-0.0026666666666666666
c1ccc(OC)c(c12)[nH+]c([nH]2)CC[NH2+]Cc3ccc(c(Cl)c3)S(=O)(=O)CC(F)(F)F,-0.086,30,-0.0028666666666666662
CNc1cc[nH+]c(n1)N(C[C@H](C2CC2)N3C(=O)C)c(c34)cc(cc4)-c5cnc(C(=O)N)nc5,-0.077,33,-0.002333333333333333
Fc1ccc(cc1C)S(=O)(=O)N[C@@H](Cn2cc[nH+]c2)c3ccccc3,-0.073,25,-0.00292
CCCCCCCCCCCCCCC[C@@H](O)[C@H](CO)NC1CCN(CC1)CC[NH+](C)C,-0.071,32,-0.00221875
CN1CCN(CC1)CC[NH2+]C2CCCC2,-0.071,15,-0.004733333333333333
COC(=O)c1ccc(c(Cl)c1)CN(CC2)CCC2(O)Cc3cc([nH+]c(n3)N)N4CCCCC4,-0.07,33,-0.0021212121212121214
C[NH+](C)CC[N@H+]1CC[C@H](C1)c2ccc(C(F)(F)F)cc2,-0.068,20,-0.0034000000000000002
C=CC1=C(C)/C(NC1=O)=C/c2[nH]c(c(c2C)CCC(=O)[O-])Cc3ccc([nH+]c3)N4CCNCC4,-0.066,34,-0.0019411764705882354
O=C([O-])C(C)(C)Oc1ccc(cc1)CCC(=O)[C@@H](N)CO,-0.063,21,-0.003
O=C([O-])C(C)(C)Oc1ccc(cc1)CC[NH2+]CC(=O)[O-],-0.062,20,-0.0031
c1cc(F)cc(c12)c(N[C@H](C)C(=O)[O-])c(C#N)c(n2)N3CCNCC3,-0.059,25,-0.0023599999999999997
CC(C)CC[NH2+]N1CCCC1,-0.058,11,-0.005272727272727273
C[NH+](C)CC[N@H+]1CC[C@H](C1)CCc2cnc[nH]2,-0.055,17,-0.003235294117647059
c1cccc(c12)c(c[nH]2)C[C@H](N)C(=O)c3ccc(cc3Cl)C[NH2+]CCc([nH+]4)[nH]c(c45)cccc5,-0.054,34,-0.001588235294117647
CNc1cc(nc(n1)N)N2CCN(CC2)[NH2+][C@H](C(=O)[O-])Cc(c[nH]3)c(c34)cccc4,-0.054,30,-0.0018
Cc1ccc(cc1)CS(=O)(=O)c2c(Cl)cc(cc2Cl)-c3ccc(nc3)N4CC[NH2+]CC4,-0.053,31,-0.0017096774193548386
C[N@H+]1CC[C@@H](C1)N2[C@@H](C3CC3)CN(c(c24)cccc4)Cc5ccccc5C(=O)[O-],-0.05,29,-0.001724137931034483
C[NH+](C)CCN1CCN(CC1)C2CC[NH2+]CC2,-0.048,17,-0.002823529411764706
CCOc1ccc(C(=O)C)cc1-c2cc(N[N@H+]3CC[C@H](O)CC3)cc(c2)-c4ccn(n4)C,-0.043,32,-0.00134375
[nH+]1ccn(c12)c(=O)n(cc2)Nc(cc3)cc(n34)nc(c4)-c5ccccc5,-0.038,26,-0.0014615384615384616
c1c[nH+]ccc1N[C@H](C[C@H](C)N2C(=O)C)c(c23)cc(cc3)-c4ccc(C(=O)[O-])cc4,-0.033,30,-0.0011
C1CCCN1c2ccc(cc2Cl)C[NH2+]CCc3[nH+]cc[nH]3,-0.029,21,-0.001380952380952381
CN(C)CCC[N@@H+](C)[C@H]1CCN(C1)C(=O)c([nH]2)c(C(N)=[NH2+])c(c23)ccc(Cl)c3,-0.024,28,-0.0008571428571428572
O=S1(=O)C(F)(F)[C@H]([O-])c(c12)c(C(F)F)c(cc2)C3CCCCC3,-0.021,23,-0.0009130434782608696
o1nc(C)c(c12)cc(c([O-])c2)Nc3ccc(c(F)c3)N4CCSCC4,-0.021,25,-0.00084
C1CCCCC1NC(=O)[C@@H](c2cccnc2)c(c3CC)[nH+]c(N)nc3N4CCN(C)CC4,-0.019,32,-0.00059375
CCN1CCN(CC1)c2ccc(cc2Cl)CNCCc(n3)[nH]c(c34)cc(Cl)c(Cl)c4,-0.008,30,-0.0002666666666666667
c1ccccc1-n(nc2C)c(C)c2/C=N/N3CC[NH+](CC3)N4CCN(CC4)c5ccc(Cl)cc5,-0.007,34,-0.00020588235294117648
CS(=O)(=O)N1CC[C@@H](C1)[NH2+]CCNC/C=C/c2ccc(Br)cc2,-0.003,23,-0.00013043478260869567
c1ccc(OC)c(c12)[nH+]c([nH]2)CC[NH2+]Cc3ccc(c(Cl)c3)S(=O)(=O)C(C)(C)C,-0.002,29,-6.896551724137931e-05
COc1ccc(nn1)N2CCN(CC2)[C@H](C[C@H](C)N3C(=O)C)c(c34)cc(cc4)-c5ccn[nH]5,0.002,33,6.0606060606060605e-05
CNc1cc(nc(N)[nH+]1)N2CCN(CC2)NC34C[C@@H]5C[C@H](C4)C[C@@H](C5)C3,0.002,26,7.692307692307693e-05
COc1ccc(nn1)N2CC[NH+](CC2)N3CCCC3,0.003,19,0.00015789473684210527
Cc1ccc(cc1)-c([nH+]nc2C)c(c23)cc(nc3)N4CCOCC4,0.004,24,0.00016666666666666666
CCn(cn1)c(c12)c(=O)[nH]c(=O)n2-c(cc3)cc(c34)ncc(C(=O)[O-])c4Nc5ccccc5C(C)(C)C,0.005,37,0.00013513513513513514
CCOC(=O)[C@@H]1C(C)=NC(=C)[C@@H]([C@H]1c2cccc(Cl)c2Cl)C(=O)[C@H]3CCN(C3)CC[NH3+],0.005,31,0.00016129032258064516
C1CCCCC1NC(=O)[C@@H](c2cccnc2)c(c3CC)nc(N)nc3N4CCN(C)CC4,0.006,32,0.0001875
Cn(n1)ccc1-c2ccc(cc2OC)C[NH2+]CCc([nH+]3)[nH]c(c34)cccc4,0.013,27,0.00048148148148148144
C=CCOc1cc(Cl)c(c(Cl)c1)S(=O)(=O)[N-]c2c(CC(C)C)[nH+]n(C)c2C,0.014,27,0.0005185185185185185
C[NH+](C)CC[N@@H+]1CC[C@@H](CC1)C(=O)c2c(cnn2C)C(=O)N3CCOCC3,0.014,27,0.0005185185185185185
c1ccc(OC)c(c12)[nH+]c([nH]2)CCNCc3ccc(c(Cl)c3)S(=O)(=O)C(C)(C)C,0.015,29,0.0005172413793103448
FC(F)(F)Oc(c1)ccc(c12)n(c(C)[nH+]2)N3CCOC[C@@H]3c4ccccc4,0.016,27,0.0005925925925925926
CCN(C(=O)C1)c(c12)ccc(c2)[N@H+]3CC[C@@H](CC3)N4CCCOC4=O,0.017,25,0.00068
Cc1nn(C)c(Cl)c1S(=O)(=O)/N=c(\c2)c(C#N)cn(c23)cc([nH]3)-c4ccccc4,0.019,29,0.0006551724137931034
c1ccc(C)c(c12)[nH]c([nH+]2)CC[NH2+]Cc3ccc(c(Cl)c3)-c4n[nH]c(n4)-c5ccc(F)cc5,0.021,33,0.0006363636363636364
n1nn(C)cc1-c2n(nnc2C)C3CCN(CC3)CC[NH+](C)C,0.022,23,0.0009565217391304347
Cc1nn(C)c(C)c1-c2ccc(cc2Cl)C[NH2+]CCc3[nH+]cc[nH]3,0.022,24,0.0009166666666666666
Cc1cc[nH+]c(c1)CCCCCS(=O)(=O)c(ccc2)c(c23)c(C)cnc3,0.028,26,0.0010769230769230769
O=C(N1)C(C)(C)Oc(c12)cc(c(c2)OC)[NH2+][C@H](C)[C@H]3CC[C@H](C)CC3,0.028,25,0.0011200000000000001
c1cc(Cl)ccc1CC2(N)CCN(CC2)n(c(n3)SCCC(=O)[O-])c(c34)cccc4,0.029,30,0.0009666666666666667
O=C(N1)C(C)(C)c(c12)cc(cc2F)-c3ccc(cc3Cl)C[NH2+]CCc4c[nH+]c[nH]4,0.031,29,0.0010689655172413793
N#Cc1c(=O)[n-]c(cc1[S@](=O)C)N2CCC(=O)CC2,0.035,19,0.001842105263157895
C1CC1Nc(nc(n2)N)cc2Nc(c(C#N)c3)cc(n34)nc(c4)-c5ccccc5,0.037,29,0.0012758620689655171
CCOC(=O)CCNCCOC(F)(F)F,0.038,15,0.002533333333333333
CC(C)[NH+]1CCN(CC1)c2ccc(cc2)[C@H](c3cccc(O)c3)N4CCC(CC4)N5CC[NH+](C)CC5,0.041,36,0.001138888888888889
CCN[N@@H+](C(C)C)Cc1ccccc1OCCCCCC(=O)[O-],0.042,23,0.0018260869565217392
Cc1nc(C[NH+](C)C)ccc1-c2ccc(cc2CN)-c(cc3)cc(c34)nc(N)cc4C,0.044,31,0.0014193548387096773
O=C1CCCC(=O)C1=C([O-])c(cc2)c(C)c(c23)c(=O)n(c(=O)n3C)-c4ccc(C[NH3+])cc4Cl,0.046,33,0.001393939393939394
O=C1NC(=O)[C@@H](S1)Cc2ccc(cc2)[NH2+]C3CCCCCC3,0.05,22,0.002272727272727273
n1nc(C)n2nc(c(c3c12)cccc3)CC[NH+]4CCN(C)CC4,0.051,23,0.002217391304347826
C1CC1N2C(C)(C)C(=O)N(C)c(c23)ccc(c3)N[NH2+][C@H]4[C@@H]([C@@H]45)COC5,0.054,25,0.00216
c1cc(Br)c([O-])c(c12)[nH+]c(N)cc2Nc(cc3)cc(c34)c(c[nH]4)C5CC[NH2+]CC5,0.054,29,0.0018620689655172414
C[NH+](C)CC[N@H+](CC1)CC[C@H]1n(nnc2C)c2-c3ccc(cc3)[C@@H](C[NH3+])c4ccc(Cl)cc4,0.054,33,0.0016363636363636363
[nH+]1ccn(c12)c(=O)n(cc2)Nc(cc3)cc(n34)[nH+]c(c4)-c5ccccc5,0.055,26,0.0021153846153846153
CN(C)CCN(CC1)CCC1n(nnc2C)c2N3CCS[C@@H](CC3)c4cccs4,0.055,29,0.001896551724137931
O=c1[n-]ncn(c12)c(cc2C)-c3n(nnc3C)[C@@H]4CC[N@H+](CC4)CC[NH+](C)C,0.064,28,0.002285714285714286
CCc1ccc([nH+]c1)CCc2ccc(N)nc2,0.069,17,0.004058823529411765
o1cccc1-c(cc2)cc(c23)[C@@H](C[C@H](C)N3C(=O)C)N[NH2+]C4CCN(CC4)c5cccc[nH+]5,0.084,33,0.0025454545454545456
Cc1nc(CN(C)C)ccc1-c(c(c23)cn[nH]c3=O)ncc2-c4ccc(CN(C)C)nc4C,0.085,33,0.002575757575757576
Cn1cc(cn1)-c2c[nH+]c(N)c(c2)-c3cc(F)c(c(F)c3)-c4cc(CO)ccc4F,0.091,30,0.003033333333333333
CC[C@@H](C(=O)[O-])Cc1ccc(cc1)C(=O)/C(N)=N\[H],0.095,18,0.005277777777777778
CN(C)CC[NH+]1CCN(CC1)c2ccc(F)c(F)c2F,0.1,20,0.005
CCCCCC[C@@H](C)[NH2+]c1ccccc1-c(nn(c23)c(nn3)C)cc2N[C@H](C)C(=O)N,0.101,31,0.0032580645161290325
C1COCCN1c(nc(N)[nH+]2)cc2[C@H](C)c3ccc(s3)-c4ccccc4CO,0.101,28,0.0036071428571428574
c1cc(F)cc(c12)c(C(=O)[N-]S(=O)(=O)C)c(N)c(n2)N3CCNCC3,0.103,25,0.0041199999999999995
CCCCCC(=O)n(n1)c(Nc2ccccc2)c(c13)C(=O)N(C)C=4N3[C@@H]5[C@H](N4)CCC5,0.106,31,0.003419354838709677
c1ncc(C)c(c12)c(ccc2)S(=O)(=O)[C@H](C[C@H](C)N3C(=O)C)c(c34)cc(cc4)-c5cc[nH]n5,0.107,33,0.0032424242424242424
OCC(C)(C)Nc(cc1)cc(c12)n(CCOC(F)(F)F)c([nH+]2)C3CCOCC3,0.107,28,0.0038214285714285715
COC(=O)N(CC1)CCC12CN(C2)c3[nH+]c(N4CCC[C@H]4C=O)nc(c3C)-c5c(C)noc5C,0.112,34,0.0032941176470588237
O=C([O-])c1ccccc1C[N@@H+](c(c23)cccc3)C[C@H](C4CC4)N2n5ccc(=O)c(C(=O)[O-])c5O,0.118,34,0.0034705882352941177
Nc(n1)cc(C)c(c12)ccc(c2)-c3ccc(c(c3)CN)-c4cc(C5CC5)nn4C,0.118,29,0.004068965517241379
CCNN1[C@@H](C)C[C@@H](NC(=O)OC(C)C)c(c12)cc(cc2)-c3ccc(cc3)C[NH2+]C,0.119,30,0.003966666666666666
CC(C)(C)c1ccc(cc1)N(C(=O)c2ccco2)[C@H](c3ccc[nH+]c3)C(=O)CCCNS(=O)(=O)C,0.12,35,0.0034285714285714284
C1C[NH2+]CCC1n(nnc2C)c2[C@@H]3CC[N@H+](CC3)CC[NH+](C)C,0.122,23,0.005304347826086957
CC(C)Cc([nH+]n1C)c(c1C)Nc(c(c23)ccs3)ccc2C[C@@H]4SC(=O)NC4=O,0.124,29,0.004275862068965517
c1cccc(c12)c(c[nH]2)C[C@H](C(=O)[O-])c(nc3N)cc(n3)N4CC[NH+](CC4)C5COC5,0.127,31,0.0040967741935483875
CCN1CCN(CC1)c(cc2)nc(c23)[nH+]cc(C(=O)[O-])c3Nc4ccccc4C(C)(C)C,0.13,32,0.0040625
c1cc(C)cc(c12)[nH+]c([nH]2)CCNc(cc3)cc(c34)N(C5CC5)C(C)(C)C(=O)N4C,0.13,30,0.004333333333333333
O=C([O-])C(C)(C)c1ccc(cc1)C[C@@H]2SC(=O)[N-]C2=O,0.134,20,0.0067
COC(=O)[C@H]1C(C)=NC(=C)[C@@H](C(=O)c(nc(=O)[nH]2)c(c23)cccc3)[C@@H]1c4cccc(Cl)c4Cl,0.134,33,0.0040606060606060606
c1cc(Br)ccc1-c2ccc(cc2Cl)CNCCc3[nH+]cc[nH]3,0.142,23,0.0061739130434782605
CN1CC[C@@H](C1)[N@H+]2[C@@H](C3CC3)CN(c(c24)cccc4)Cc5ccccc5C(=O)[O-],0.166,29,0.005724137931034483
Cn1ccc(n1)N[C@@H](C(=O)[O-])Cc(c[nH]2)c(c23)cccc3,0.167,21,0.007952380952380952
COc(nn1)n(c12)nc(cc2)N3CCC(CC3)c4ccc(cc4)[NH2+]CCO,0.17,27,0.006296296296296296
C[NH+](C)CCN1CC[C@H](C1)c(n2)n(Cc3ccccc3)c(c24)cc(cc4)N5CCN(C)CC5,0.176,33,0.005333333333333333
CCCC(=CC1=O)N=C([N+]1=2)N=C(N2)Cc3ccc(cc3)-c(n4)c(NC(C)(C)C)n(c45)ccnc5,0.178,34,0.0052352941176470585
c1[nH+]ccn1C[C@@H]([NH2+]C(C)C)c2ccc(Cl)cc2Cl,0.179,19,0.009421052631578946
CC[C@H](C)[C@H]([NH3+])C(=O)c1ccc(C)c(c1)[N-]S(=O)(=O)C,0.179,20,0.00895
C[NH+](C)CCCN(C)[C@H]1CCN(C1)c2cccc(Cl)c2Cl,0.181,21,0.008619047619047618
CNCc1ccc(cc1)-c(cc2)cc(c23)[C@@H](C[C@H](C)N3C(=O)C)NC(=O)C[C@H](O)[C@H]([NH3+])CO,0.185,33,0.005606060606060606
[nH]1cc[nH+]c1CCn(nn2)cc2-c(ccc3C(=O)CC)cc3NC(=O)c(cc4)nc(c45)cccc5,0.189,35,0.0054
O=C1[N-]C(=O)N(C1(C)C)[N-][C@@H](CCSC)C(=O)Nc2ccncc2,0.191,24,0.007958333333333333
CC[NH2+]N(C(C)C)Cc1ccccc1OCCCCCC(=O)[O-],0.192,23,0.008347826086956523
Cc1onc(C)c1-c(c(c2)OC)cc(c23)[nH]c4c3c([nH+]cc4)-c5cc(nc(N)[nH+]5)NC6CC6,0.194,33,0.005878787878787879
C[C@@H]1CNCCCN1n(n2)c(Nc3ccccc3)c(c24)c(=O)[n+](C)c5n4[C@@H]6[C@H](N5)CCC6,0.199,32,0.00621875
c1cccc(c12)c(N[C@H](C)C3CC3)nc([nH+]2)Nc4ccc(O)cc4,0.199,24,0.008291666666666668
CCCOc1ccc(cc1CNCC(=O)[O-])C[C@H](C(=O)[O-])Cc2ccccc2,0.202,28,0.007214285714285715
CN1CC[C@@H]([C@H](O)C1)c(c(O)cc2O)c(c23)oc(cc3=O)-c4ccccc4C(=O)c5ccccc5,0.202,35,0.0057714285714285714
CN(C)CCN(CC1)CCC1n(nnc2C)c2C(=O)[C@@H]3CN(C(=O)CC4)N4C35CCCC5,0.202,32,0.0063125
C/C=C/CC(=O)[C@@H]1CN(C(=O)c2cc(=O)[nH]c(=O)[nH]2)CCN1c3ccc(Cl)c(Cl)c3,0.203,30,0.006766666666666667
c1ccc(C)c(c12)[nH]c([nH+]2)CC[NH2+]Cc3ccc(c(Cl)c3)-c4[nH]nc(n4)-c5ccc(F)cc5,0.215,33,0.0065151515151515155
C1COCCN1c([nH+]c(n2)N)cc2[C@H](C)c3ccc(s3)-c4ccccc4CO,0.219,28,0.007821428571428571
Cc(n1)c(C)n(c12)c(C)c(cc2)CCc3nc(cn3C)N4CC[NH+](C)CC4,0.221,27,0.008185185185185186
CCN1CC[NH+](CC1)[C@H](C)c2cc(cs2)-c3ccccc3CNC,0.225,24,0.009375
C[NH+]1CCN(CC1)c(cc2)cc(c23)n(Cc4ccccc4)c(n3)[C@H]5CC[N@@H+](C5)CCN,0.227,31,0.00732258064516129
c1ncccc1[C@H](C(=O)NCC)N(c2ccc(C(C)(C)C)cc2)S(=O)(=O)c3ccccc3,0.235,32,0.00734375
c1c(F)cc(c(c12)C)[N-]S(=O)(=O)CCCCC[C@H]3C[N@H+](C2)CCN3[C@@H]4CCC[NH2+]C4,0.24,30,0.008
C[NH+](C)CC[N@H+]1CC[C@H](C1)c2ccc(I)cc2,0.247,17,0.014529411764705883
O=C1[N-]C(=O)[C@@H](S1)Cc2ccc(cc2)[NH2+]C3CCCCCC3,0.247,22,0.011227272727272726
COc1ccc(cc1)S(=O)(=O)N(CC2(C)C)[C@@H](C(=O)NO)N(C2)Cc3ccc(Cl)cc3,0.249,31,0.008032258064516129
c1cc(O)ccc1N[NH2+][C@H](C)c2ccc(cc2)-c3cc(F)cnc3Cl,0.253,25,0.01012
c1cc(Cl)ccc1C(c(c23)cc(OC)cc2)=N[C@H](c4n3c(nn4)C)[C@@H](C)C(=O)N5CCNCC5,0.256,34,0.0075294117647058826
CC(C)(O)Cn1cc(c[nH+]1)CCCC(=O)[O-],0.256,16,0.016
C[NH+]1CCN(CC1)c(c2)[n-]c3c(ccc(c3c24)n(C)c4O)Nc5ccc(C(C)(C)C)cc5,0.257,32,0.00803125
COc1ccc(cc1)S(=O)(=O)N(CC2(C)C)[C@@H](C(=O)N[O-])N(C2)Cc3ccc(Cl)cc3,0.257,31,0.008290322580645161
O=S(=O)Oc(cc1)ccc1-c2c([nH+]cn2CC#C)-c3ccccc3OCCn4ccc(=O)[nH]c4=O,0.259,35,0.0074
Cc(c1)c(C)cc(c12)sc(n2)CNc(cc3)c4[n-]c(cc(c4c35)c(O)n5C)N6CC[NH+](C)CC6,0.262,34,0.007705882352941177
Cc1nc(C[NH+](C)C)ccc1-c(c(c23)c(=O)[n-]nc3)cnc2-c4ccc(c(F)c4)N5CCSCC5,0.262,35,0.007485714285714286
c1cccc(c12)c(OCC(=O)[O-])ccc2S(=O)(=O)Nc3cccc(c3)N4C=CCC4=O,0.265,31,0.008548387096774194
COc1ccc(cc1)Cn(nn2)c(c23)[C@@](C)(O)CC[C@H]3CCc([nH+]4)[nH]c(c45)ccc(c5)C,0.266,32,0.0083125
Fc1ccc(F)cc1-c2n(nnc2C)C3CCN(CC3)CCN(C)C,0.269,25,0.01076
CCC(=O)Nc(cc1)c2[n-]c(cc(c2c13)c(O)n3C)N4CCN(C)CC4,0.279,26,0.010730769230769231
c1cccc(c12)c(c[nH]2)C[C@H]([NH3+])C(=O)C(=O)c3ccc(cc3)C45C[C@@H]6C[C@H](C5)C[C@@H](C6)C4,0.283,32,0.00884375
CCCC(=CC1=O)N=C([N+]1=2)N=C(N2)Cc3ccc(cc3C[NH3+])-c(cc4)cc(c45)[nH+]c(N)cc5C,0.291,34,0.008558823529411765
CC(=O)N[C@H]1CC[N@H+](C1)Nc2ccccc2C(=O)[O-],0.304,19,0.016
CC(=O)N1[C@@H](C)C[C@@H](NC(=O)OC(C)C)c(c12)cc(cc2)-c3cccc(c3)N[N@H+]4CC[C@H](O)CC4,0.305,35,0.008714285714285714
O=C1NCCC[C@H]1C[C@@H]([C@@H](O)C(=O)N2CCC2)Nc3[nH+]c(cs3)-c4ccccc4,0.312,29,0.010758620689655173
Cc1cccc(c1)N2CC[NH+](CC2)CCN(C)C,0.314,18,0.017444444444444443
O=c([n-]1)onc1-c(c2CC)[nH+]c(N)nc2N3CCN(C)CC3,0.315,22,0.014318181818181818
CN1CC[C@@H](C1)N2[C@@H](C3CC3)CN(c(c24)cccc4)Cc5ccccc5C(=O)[O-],0.317,29,0.01093103448275862
COc1ccc(cc1)S(=O)(=O)N(CC2(C)C)[C@@H](C(=O)N[O-])N(C2)OC(C)C,0.318,27,0.011777777777777778
C1=CC1[NH2+]Nc(cc2)cc(c23)c(c[nH]3)C4CC[NH2+]CC4,0.318,20,0.0159
Fc1ccc(F)cc1-c2n(nnc2C)[C@@H]3CC[N@H+](CC3)CC[NH+](C)C,0.32,25,0.0128
c1c[nH]nc1-c(cc2)cc(c23)[C@@H](C[C@H](C)N3C(=O)C)c4ccc(cc4Cl)C[NH2+]CCc5[nH+]cc[nH]5,0.323,35,0.009228571428571428
C1CC1Nc([nH+]c2N)cc(n2)N3CCN(CC3)N[C@H](CCC4)c(c45)cnn5-c6ccccc6F,0.325,34,0.009558823529411765
c1cccc(c12)c(c[nH]2)C[C@H](C(=O)[O-])NS(=O)(=O)c3ccc(cc3)N4CCC4,0.327,28,0.011678571428571429
O=C1CCCc(c12)n(c(c2)CC)-c(c3)ccc(O4)c3C(=O)CC45CCN(C(C)C)CC5,0.328,31,0.010580645161290323
CC1(C)C(=O)NC(=O)N1N(CC2)CCC2(N)Cc3ccc(Cl)cc3,0.336,24,0.014
c1ccc(OC)c(c12)[nH+]c([nH]2)CC[NH2+]Cc3ccc(c(Cl)c3)[C@H]4C[C@@H](C#N)C4,0.338,28,0.012071428571428571
O=c1n(C)cc(cc1C)-c(cc2)cc(c23)n(CCc4c[nH]cn4)c([nH+]3)C5CCOCC5,0.338,31,0.010903225806451613
Cc1ccc(c(C)c1)N[NH2+]C(C)(C)CO,0.338,15,0.022533333333333336
Cc1cc(cc[nH+]1)-c2ccc(S(=O)(=O)N)cc2,0.34,17,0.02
CN(C1)C(=O)Nc(c12)ccc(c2)S(=O)(=O)c3cc(cc(c3)C(C)(C)C)CCc4cccc[nH+]4,0.341,33,0.010333333333333333
COc1ccccc1-c2ccc(cc2C)C[NH2+]CCc([nH+]3)[nH]c(c34)cccc4,0.346,28,0.012357142857142856
C[NH+](C)c1ccc(cc1)N(NC(C)(C)C)Cc2cc(Cl)cs2,0.347,22,0.01577272727272727
CNc1ccnc([nH+]1)Nc(cc2)cc(c23)n(c(c3)C)[C@@H]4O[C@H](CO)[C@@H](O)[C@H]4O,0.348,28,0.012428571428571428
CC[N@H+]1CC[C@@H](CC1)N(C)c([nH+]c(c23)ccs3)nc2N4CCN(CC4)c5ccccc5OCCO,0.354,35,0.010114285714285715
CC(C)C(C(C)C)[NH2+]NCC12C[C@H]3C[C@@H](C2)C[C@H](C3)C1,0.359,20,0.01795
CN(C)c1ccc(cc1)N([NH2+]C(C)(C)C)Cc2cc(Cl)cs2,0.362,22,0.016454545454545454
CN1C(=O)[C@H](C)N(C2CC2)c(c13)cc(cc3)[N@@H+]4CCC[C@H](O)C4,0.372,23,0.01617391304347826
o1cccc1-c(cc2)cc(c23)[C@@H](C[C@H](C)N3C(=O)C)[NH2+]NC4CCN(CC4)c5cccc[nH+]5,0.389,33,0.011787878787878788
C[NH+](C)CC[N@@H+]1CC[C@H](C1)c(n2)n(Cc3ccccc3)c(c24)cc(cc4)N5CC[NH+](C)CC5,0.393,33,0.011909090909090909
Nc(n1)[n-]c(c12)c(cc[nH+]2)NCCC(c3ccccc3)c4ccccc4,0.396,26,0.015230769230769232
CC1(C)C(=O)NC(=O)N1c(cc2)cc(c23)[nH+]ccc3,0.402,19,0.021157894736842108
CCC[NH2+]NCC1([NH3+])CCCCC1,0.409,13,0.03146153846153846
CC(=O)N1[C@@H](C2CC2)CN(C(=O)CC(=O)C(=O)[O-])c(c13)cc(cc3)C4=CC[NH2+]CC4,0.427,30,0.014233333333333332
O=S(=O)c(cc1)ccc1C(=O)[C@H](C[C@H](C)N2C(=O)C)c(c23)cc(cc3)-c4ccn[nH]4,0.428,30,0.014266666666666667
COC(=O)N(CC1)CCC12CN(C2)c3ccc([nH+]c3)N4CC[NH2+]CC4,0.429,25,0.017159999999999998
O=c([nH]1)scc1-c2ccc(cc2OC)C[NH2+]CCc([nH+]3)[nH]c(c34)cccc4,0.437,27,0.016185185185185184
CCOc1ccccc1N2[C@@H](C3CC3)C[N@@H+](c(c24)cccc4)Cc5ccccc5C(=O)[O-],0.438,32,0.0136875
O=C([O-])c1c(=O)ccn(c1O)-c2cnns2,0.446,16,0.027875
Fc(c1)cccc1OCC(=O)[N-]c2nc(cs2)-c3ccc(C(F)(F)F)cc3[N+](=O)[O-],0.456,30,0.0152
CN(C)CCN(CC1)CCC1n(nnc2C)c2-c(cc3)cc(c34)N(C5CC5)C(C)(C)C(=O)N4C,0.462,34,0.013588235294117647
COCCOCCc1cc(nc[nH+]1)N(C)CCOc2ccc(cc2)C[C@@H]3SC(=O)NC3=O,0.474,32,0.0148125
Cc1ccccc1CN(c2ccc(C#N)c(Cl)c2)[C@H]3CCN(C3)[N@H+]4CCN(C)C(=O)[C@H]4C,0.48,32,0.015
CSc1ccc(cc1)C(=O)CN[C@@H](C(=O)[O-])Cc(c[nH]2)c(c23)cccc3,0.488,26,0.018769230769230767
CC(C)(C)c1cc(Br)c([O-])c(c1)Cc(ccc2)n(c23)nc(n3)N,0.49,23,0.021304347826086957
CCCCCCC/C([O-])=C/C(=O)SCCNC(=O)CCNS(=O)(=O)C1CCCCC1,0.513,30,0.0171
C[NH+](C)CC[N@H+]1CC[C@H](C1)n2cnc(c2CC#N)-c3ccc(C(F)(F)F)cc3,0.513,28,0.018321428571428572
C1C[NH2+]CCN1C(=O)[C@@H](C2)Oc(c23)c(cc(Cl)c3)[C@H]4CCOC4,0.515,23,0.022391304347826088
Cc1noc(C)c1S(=O)(=O)N2CC[NH+](CC2)C3COC3,0.528,20,0.0264
CCCCCCC/C([O-])=C/C(=O)SCCNC(=O)CCNN1CCNC(=O)C1,0.53,28,0.01892857142857143
CCn1c(=O)[n-]c(=O)c(c12)[C@H](c3ccc(C)cc3)C(=C(C)N2)C(=O)c4ccc(C(C)(C)C)cc4,0.538,34,0.01582352941176471
c1ccccc1C(=O)c2ccccc2N[C@H](C(=O)[O-])Cc3ccc(cc3)[N@@H+]4CCC[C@H](O)C4,0.541,33,0.016393939393939395
c1cc(Cl)ccc1N[C@H](CC2)c(c3n(c24)c(C)nn4)cc(cc3)-n(cc5)c(=O)n(c56)cc[nH+]6,0.546,33,0.016545454545454547
O=C([O-])c(c1)cccc1-c(ncc2C)nc2Nc3ccc(Cl)c(c3)[N-]S(=O)(=O)C(C)(C)C,0.546,32,0.0170625
C1CC1Nc(nc2N)cc(n2)C(=O)CC(=O)C(=O)[O-],0.547,19,0.028789473684210528
O=C1NC(=O)[C@@H](S1)Cc2ccc(cc2)[C@@H](C(=O)[O-])Cc(c[nH]3)c(c34)cccc4,0.549,28,0.019607142857142858
Cc1ccc(cc1)Cn(cc2)c(=O)n(c23)cc[nH+]3,0.555,18,0.030833333333333338
CCc1ccc([nH+]c1)CCn(c(n2)SCCC(=O)[O-])c(c23)cccc3,0.558,25,0.022320000000000003
CCn1c(=O)[nH]c(=O)c(c12)[C@H](c3ccc(C)cc3)/C(C(=N2)C)=C(/[O-])c(cc4C)n(c45)cc[nH]c5=O,0.575,35,0.016428571428571428
Cc1nc(C[NH+](C)C)ccc1-c(c(c23)cn[n-]c3=O)ncc2-c4ccc(C[NH+](C)C)nc4C,0.576,33,0.017454545454545452
CC(C)(C)c(cc1)ccc1N(S(=O)(=O)CC)[C@H](c2cccnc2)C(=O)Cc3cccc[nH+]3,0.576,32,0.018
CCc1c(NC)nc(N)[nH+]c1[C@H](C)c2noc(=O)[n-]2,0.588,19,0.03094736842105263
C[NH2+]Cc1ccc(cc1)-c(cc2)cc(c23)[C@H](NC(=O)OC(C)C)C[C@H](C)N3[NH+]4CCC(=O)CC4,0.589,34,0.017323529411764706
c1ncc(C)c(c12)c(ccc2)S(=O)(=O)N3CCCNC[C@H]3C,0.595,22,0.027045454545454543
O=C(N=1)N=c(c12)cc(cc2)-c3ccc(cc3Cl)C[NH2+]CCc([nH+]4)[nH]c(c45)cccc5,0.598,30,0.019933333333333334
c1[nH+]ccn1C(=O)Cc(cs2)c(c23)cc(Cl)cc3,0.601,18,0.033388888888888885
CCCn(c1[O-])c(=O)n(CCC)c(c12)nc(n2)-c3ccc(cc3)-c4[nH+]cc[nH]4,0.602,28,0.0215
O[C@@H]1[C@H](O)CO[C@H]1N(C[C@@H](N2C(=O)C)C3CC3)c(c24)cc(cc4)C5=CC[NH2+]CC5,0.603,29,0.02079310344827586
COC(=O)N(CC1)CCC12CN(C2)c3nc(CCC[NH+](C)C)[nH+]c(c3C)-c4c(C)noc4C,0.63,33,0.019090909090909092
C1CC1Nc(nc(N)[nH+]2)cc2Nc(c(C#N)c3)cc(n34)nc(c4)-c5ccccc5,0.641,29,0.02210344827586207
CCOC(=O)[C@@H]1C(C)=NC(C)=C([C@H]1c2cccc(Cl)c2Cl)C(=O)[C@H]3CC[N@H+](C3)CCN,0.653,31,0.02106451612903226
c1cc(C)cc(c12)[nH+]c([nH]2)CCc3cc(nc(N)[nH+]3)N4CC[NH+](CC4)C5COC5,0.657,29,0.022655172413793105
O=C([O-])c1c(O)ccn(c1=O)Cc2cccc(c2)Cc3ccc(cc3Cl)-c4ncon4,0.657,31,0.021193548387096774
CC(=O)N1[C@@H](C)C[C@@H](C(F)(F)F)c(c12)cc(cc2)-c3[nH]ncc3,0.661,23,0.02873913043478261
CC[NH+]1CCN(CC1)c2ccc(cc2Cl)CNCCc(n3)[nH]c(c34)cc(Cl)c(Cl)c4,0.663,30,0.0221
CN1CCN(CC1)c(c2)[n-]c3c(NS(=O)(=O)C)ccc(c3c24)n(C)c4O,0.666,26,0.025615384615384616
COc1ccc(cc1)S(=O)(=O)N(CC2(C)C)[C@@H](C(=O)N[O-])N(C2)Cc3cccc(F)c3,0.672,31,0.02167741935483871
C[NH+](C)CCN1CC[C@H](C1)c([nH+]2)n(Cc3ccccc3)c(c24)cc(cc4)N5CC[NH+](C)CC5,0.674,33,0.020424242424242425
COCCc1c[nH+]n(c1)CC(C)(C)O,0.674,14,0.04814285714285715
C1CNCCN1c(n2)nc(nc2OC)Nc3cc(S(=O)(=O)C)ccc3-c4c(C)cccc4C,0.679,33,0.020575757575757577
c1cc(C)cc(c12)[nH+]c([nH]2)CCN3CCN(CC3)C4COC4,0.683,22,0.031045454545454546
C1CC1Nc(nc2N)cc(n2)N3CC[NH+](CC3)NC4CCCCC4,0.686,24,0.028583333333333336
c1cc(C)cc(c12)[nH+]c([nH]2)CCc3c[nH+]c([nH]3)C4CCCC4,0.686,22,0.031181818181818186
CNc1cc[nH+]c(n1)-c2ccc(C#N)n2C,0.688,16,0.043
FC(F)(F)CS(=O)(=O)N1CC[NH+](CC1)C2COC2,0.689,18,0.03827777777777777
CC(C)(C)Oc1ccc(cc1Cl)C[NH2+]CCc([nH+]2)[nH]c(c23)cccc3,0.695,25,0.0278
C[NH+](C)CC[N@H+]1CC[C@@H](CC1)c2ccc(O)c(O)c2,0.697,19,0.036684210526315784
CNCc1ccc(cc1)-c(cc2)cc(c23)[C@@H](C[C@H](C)N3C(=O)C)NC(=O)C[C@H](O)C[NH2+]C,0.699,32,0.02184375
CC[C@@](C)(C(=O)[O-])[C@@H](CC)CS(=O)(=O)C(C)(C)C,0.699,18,0.03883333333333333
CC(=O)N[C@H]1CCN(C1)c2ccc(cc2F)C3=NO[C@@H](C3)C[NH2+]CCc([nH+]4)[nH]c(c45)cccc5,0.701,34,0.02061764705882353
O=C1[N-]C(=O)[C@@H](S1)Cc2ccc(cc2)-c(cc[nH+]3)c(c34)cccc4,0.701,24,0.029208333333333333
c1cc(C)ccc1S(=O)(=O)N(c(cc2OC)ccc2OC)CC(=O)c3cnc([nH]3)C4CCC4,0.706,33,0.021393939393939392
C[NH+]1CCN(CC1)c(cc2)cc(c23)n(Cc4ccccc4)c(n3)-c5ccc(cc5)OC(C)(C)C(=O)[O-],0.71,36,0.01972222222222222
C1CC1Nc(c2CC)[nH+]c(N)nc2N[C@H](C[C@H](C)N3C(=O)C)c(c34)cc(cc4)-c5ccco5,0.714,33,0.021636363636363634
CC(O1)(C)C(=O)Nc(c12)ccc(c2)N[NH+]3CCCC3,0.715,19,0.03763157894736842
O=c1n(C)cc(cc1C)-c(cc2)cc(c23)n(c([nH+]3)C4CCOCC4)CC[C@@H]5CCN(C5)CC[NH+](C)C,0.716,36,0.019888888888888887
C[C@@H]1CNCCCN1S(=O)(=O)c2ccccc2Cl,0.717,18,0.03983333333333333
c1cn[nH]c1-c(cc2)cc(c23)[C@@H](C[C@H](C)N3C(=O)C)c4n[nH]cc4-c5ccncc5,0.726,30,0.0242
FC(F)(F)c1ccc(cc1)N2CC[NH+](CC2)Nc(cc3)cc(c34)c(c[nH]4)C5CC[NH2+]CC5,0.732,32,0.022875
c1cc(Cl)ccc1[C@@H](c(c23)c(C)c(s2)C)[NH2+][C@H](c4n3c(nn4)C)CC(=O)N5CCC5,0.738,30,0.0246
O=c([nH]1)[nH]c(=O)cc1C(=O)N2CC[NH+](CC2)C[C@@H]3CC[N@H+](CC3)Cc4ccc([N+](=O)[O-])cc4,0.743,33,0.022515151515151516
c1cc(F)cc(c12)c(C(=O)[N-]S(=O)(=O)C)c(N)c([nH+]2)Nc(cc3)cc(n34)[nH+]c(c4)-c5ccccc5,0.743,35,0.02122857142857143
CC(C)(C)S(=O)(=O)n1ccc(=O)[n-]c1=O,0.743,15,0.04953333333333333
s1cccc1CNC(=O)[C@@H]2C[N@H+](N3CCC[C@@H]3CO)CCN2c4ccc(Cl)c(Cl)c4,0.747,30,0.0249
c1cc(C)cc(c12)[nH+]c([nH]2)CCc3cc(nc(N)[nH+]3)N4CCN(CC4)C5COC5,0.752,29,0.02593103448275862
c1cc(Br)c(O)c(c12)nc(N)cc2Nc(cc3)cc(c34)c(c[nH]4)C5CC[NH2+]CC5,0.752,29,0.02593103448275862
Cc1cc([nH+][nH]1)[C@@H](C)Nc2cc(F)cc(Br)c2,0.759,17,0.044647058823529415
C[NH+](C)CCN1CC[C@H](C1)CCc2c[nH]cn2,0.763,17,0.04488235294117647
C1CC1Nc(c2CC)[nH+]c(N)nc2-c3cc(NC)nc(n3)N,0.768,22,0.03490909090909091
C1CCn(c12)c(c[nH+]2)[C@H](C(=O)[O-])Cc3ccc(cc3)-c4ccccc4,0.77,25,0.0308
CC(C)NC(=O)c1c(Cl)cc(cc1Cl)C[NH2+]CCc([nH+]2)[nH]c(c23)cccc3,0.77,27,0.02851851851851852
Cc1cccc(c1C)Oc2nccc(n2)-c3c(N4CCCNCC4)ncn3C5CC[NH2+]CC5,0.788,33,0.02387878787878788
O=c1n(C)cc(cc1C)-c(cc2)cc(c23)n(c([nH+]3)C4CCOCC4)CC[C@@H]5CC[N@@H+](C5)CCN(C)C,0.793,36,0.022027777777777778
[O-]c1cnn(c1)-c2nccs2,0.815,11,0.07409090909090908
n1cn(C(C)C)c(c12)nc(N[C@H](C(C)C)CO)[nH+]c2C(C)(C)C(=O)[O-],0.818,25,0.03272
COc1cc(=O)n(C)nc1-c2ccccc2[C@H](C[C@H](C)N3C(=O)C)c(c34)cc(cc4)-c5ccn[nH]5,0.819,35,0.023399999999999997
n1cc([O-])cn1N(C(C)C)Cc2ccccc2OCCCCCC(=O)[O-],0.821,26,0.03157692307692307
C1OC[C@H]([C@H]12)[C@@H]2Nc3ccc(cc3Cl)C[NH2+]CCc([nH+]4)[nH]c(c45)cccc5,0.824,27,0.030518518518518518
n1cccnc1-c2c(Cl)cc(cc2Cl)C[NH2+]CCc([nH+]3)[nH]c(c34)cccc4,0.826,27,0.03059259259259259
Fc1ccc(c(F)c1)N[NH+]2CCN(CC2)c3ccc(C(F)(F)F)cc3,0.835,25,0.0334
C[C@H]1C[C@@H](C)CN(C1)[N@H+]2CC[C@H](O)CC2,0.835,15,0.05566666666666666
[nH+]1ccccc1N(C)CCc(cc2)c(C(F)F)c(c23)[C@@H]([O-])C(F)(F)S3(=O)=O,0.836,27,0.030962962962962963
C1CC1N2C(C)(C)C(=O)N(C)c(c23)ccc(c3)-c4ccc(cc4Cl)C[NH2+]CCc5[nH+]cc[nH]5,0.841,33,0.025484848484848485
CCCCCCCC(=O)O[C@@H](COP(=O)([O-])OCC[NH3+])CON1CCN(C(C)C)CC1,0.842,31,0.027161290322580644
[nH+]1nc(C)n(c12)c3c(cccc3)C(c4ccccc4)=N[C@H]2NNc5cc[nH+]cc5,0.843,29,0.029068965517241377
Cc1nn(C)c(C)c1CN(C)c2nc(N(C)CCC(=O)NC3CC3)[nH+]c(n2)N4CCC[C@H]4C=O,0.846,34,0.02488235294117647
Cc1[nH+]n(C)c(C)c1N(C)NC(C)(C)CO,0.848,16,0.053
COC(=O)CCCC[C@H](C(=O)[O-])Cc1ccc(cc1)-c2ccccc2,0.848,25,0.03392
C1C[NH2+]CCN1C(=O)[C@@H](C2)Oc(c23)c(cc(Cl)c3)-c4ccc(O)c(O)c4,0.85,26,0.032692307692307694
Cc1ccccc1CN(c2ccc(C#N)c(Cl)c2)[C@H]3CC[N@H+](C3)NCC4([NH3+])CCCCC4,0.852,32,0.026625
Clc(c1)c(F)ccc1S(=O)(=O)N(C[C@@H](N2C(=O)C)C3CC3)c(c24)cc(cc4)C5=CC[NH2+]CC5,0.86,33,0.026060606060606062
CCc1ccc([nH+]c1)CCn(c(c23)cccc3)nc2C(=O)N[C@@H](C(C)(C)C)C(=O)OC,0.876,31,0.02825806451612903
O[C@@H](C1)CCCN1c(oc2C)nc2CCCc3ccc(cc3)C[C@@H](C(=O)[O-])n4cccc4,0.88,32,0.0275
O=C([O-])[C@H](C)c1ccc([nH+]c1)N2CC[NH2+]CC2,0.881,17,0.051823529411764706
c1[nH+]ccn1C[C@@H]([NH2+]C(C)(C)CO)c2ccc(Cl)cc2Cl,0.892,21,0.04247619047619048
CN(C)CC[N@H+]1CC[C@H](C1)n2c[nH+]c(c2CC#N)-c3ccc(C(F)(F)F)cc3,0.906,28,0.032357142857142855
Cc1nc(cs1)-c2ccc(cc2)C(=O)N3CCOC[C@@H]3c4ccccc4,0.91,26,0.035
c1ccccc1[C@@H](C)N(C2=O)c3ccc(c(c3c24)ccc4)-c(ccc5)n(c56)nc([nH+]6)N,0.912,31,0.02941935483870968
C1CC1Nc(c2CC)nc(N)[nH+]c2-c3cc(NC)nc(n3)N,0.914,22,0.041545454545454545
COCC[NH2+]CCOCCO,0.933,11,0.08481818181818182
n1cccc(c12)c(c(C)cc2)[N@H+]3CC[C@H](C)CC3,0.934,18,0.051888888888888894
COc1ccc(cc1)S(=O)(=O)N(CC2(C)C)[C@@H](C(=O)N[O-])N(C2)C(=O)C,0.937,26,0.03603846153846154
C[C@@H](O)COCC(CO)(COC[C@@H](C)O)C[C@@H]1CC[N@@H+](C1)CC[NH+](C)C,0.941,26,0.03619230769230769
n1[nH]cnc1[C@@H](C)NNc2cc(C(=O)[O-])ccc2[N@H+]3CC[C@@H](CC3)N4CCCOC4=O,0.958,31,0.030903225806451613
CCN(C(=O)C1)c(c12)ccc(c2)[NH2+]C(C)(C)C,0.961,17,0.056529411764705884
o1cccc1-c(cc2)cc(c23)[C@@H](C[C@H](C)N3C(=O)C)NC(=O)N4CCC(CC4)N5CC[NH+](C)CC5,0.97,35,0.027714285714285712
N#Cc(c(N)[nH]1)c(c12)cc(cc2)Oc3ccc(cc3)Nc4cc[nH+]c(c4)N5CCNCC5,0.974,32,0.0304375
CC(=O)N1[C@@H](C)C[C@@H]([C@@H](C)C(=O)[O-])c(c12)cc(cc2)-c3[nH]ncc3,1.0,24,0.041666666666666664
CC(C)(C)OC(=O)[C@H](CC)C(=O)CC1(CC(=O)[O-])CCCC1,1.002,22,0.04554545454545455
CCN1CCN(CC1)Cc2ccc(cc2C(F)(F)F)NCC[N@H+](C)[C@H]3CCCCN3,1.009,30,0.03363333333333333
FC(F)(F)c1cccc(c1C)[C@@H](C)[C@@H]2CCN(C2)CC[NH+](C)C,1.011,23,0.04395652173913043
O=C([O-])c1ccccc1N2CCN(CC2)C(=O)c3cc(=O)[nH]c(=O)[n-]3,1.013,25,0.040519999999999994
c1ccccc1C([NH2+]CC(=O)[O-])c2ccccc2,1.016,18,0.05644444444444444
O=P([O-])([O-])OP(=O)([O-])SCCc1ccoc1,1.019,16,0.0636875
OCC[NH2+]CC[C@H](C[C@H](C)N1C(=O)C)c(c12)cc(cc2)-c3ccc(C(=O)[O-])cc3,1.029,29,0.035482758620689656
CC(C)[NH2+]c(c1)c(O)cc(c12)NC(=O)C(O2)(C)C,1.033,18,0.057388888888888885
COc1ccc(cc1OC)S(=O)(=O)c2cccc(c2)C[n+]3ccc(O)c(C(=O)[O-])c3O,1.035,31,0.03338709677419355
Cc1c(C)c(O)c(C)c(c12)CC[C@](O2)(C)Cc3cc[nH+]cc3,1.037,22,0.047136363636363636
O=Cc1ccccc1/C=N/CCC[NH+]2CCOCC2,1.043,19,0.05489473684210526
[nH+]1ccccc1[C@](C)(c2ccccn2)c3ccc(N)nc3,1.048,21,0.04990476190476191
C/C=C/CCCCCCCC(=O)CCNc1ccc(cn1)S(=O)(=O)[N-]c2c(C)nn(C)c2C,1.05,33,0.03181818181818182
O=C1[N-]C(=O)[C@@H](S1)Cc2ccc(cc2)[C@@H](C(=O)[O-])Cc(c[nH]3)c(c34)cccc4,1.051,28,0.03753571428571428
CCCCCCCCC(=O)OC[C@@H](OC(=O)CCCC)COP(=O)([O-])OCC[N+](C)(C)C,1.051,32,0.03284375
c1cn[nH]c1-c(cc2)cc(c23)[C@@H](C[C@H](C)N3C(=O)C)c4ccc(cc4Cl)C[NH2+]CCc5[nH+]cc[nH]5,1.068,35,0.030514285714285716
CCCCCCC/C([O-])=C\C(=O)SCCNc(nc(C)[nH+]1)c(c12)cccc2,1.069,27,0.03959259259259259
COCCc1cc(Cl)c(c(Cl)c1)S(=O)(=O)[N-]c2c(CC(C)C)[nH+]n(C)c2C,1.07,27,0.03962962962962963
COCCN1CC[NH+](CC1)CCN(C)C,1.072,15,0.07146666666666666
OCCOCCOCC[NH+]1CCNCC1,1.077,15,0.0718
CC(=O)Nc1cccc(c1)-c(cc2)cc(c23)[C@@H](C[C@H](C)N3C(=O)C)NC(=O)N(C4(C)C)C(=O)[N-]C4=O,1.081,36,0.030027777777777778
C1CC1Nc(c2CC)nc(N)[nH+]c2N[C@H](C[C@H](C)N3C(=O)C)c(c34)cc(cc4)-c5ccco5,1.081,33,0.032757575757575756
[NH3+]CCc1ccc(cc1)[NH+]2CCCCC2,1.085,15,0.07233333333333333
Cc1[nH+]n(C)c(C)c1N(C)c2ccc(B(O)O)cc2,1.094,19,0.057578947368421056
c1ccccc1-n(nc2C)c(C)c2/C=[NH+]/CC[NH+](C)C,1.096,20,0.0548
[NH2+]1CCCC[C@@H]1N(C)CC[N@H+]2CC[C@H]([N+](C)(C)C)CC2,1.11,20,0.05550000000000001
Fc1ccc(cc1)-c2nnc([nH]2)-c3ccc(cc3Cl)C[NH2+]CCc4ccc[nH]4,1.112,28,0.039714285714285716
CN(C)CC[N@@H+]1CC[C@@H](CC1)C(=O)c2c(cnn2C)C(=O)N3CCOCC3,1.113,27,0.04122222222222222
O=C([O-])c1ccccc1N2CCOC[C@@H]2c3ccccc3,1.114,21,0.05304761904761905
COC(=O)c1ccccc1S(=O)(=O)[N-]c(cc2)cc(c23)OC(C)(C)C(=O)N3,1.152,27,0.042666666666666665
COc1ccc(cc1)S(=O)(=O)N(CC2(C)C)[C@@H](C(=O)N[O-])[N@@H+](C2)C/C=C(/C)CCC(=O)[O-],1.16,32,0.03625
c1ccc(OC)c(c12)[nH+]c([nH]2)CCNCc3ccc(c(Cl)c3)S(=O)(=O)CC(F)(F)F,1.182,30,0.0394
C[N+](C)(C)C1CCN(CC1)c(c(c23)ccs3)ccc2C[C@@H]4SC(=O)[N-]C4=O,1.193,27,0.04418518518518519
O=C([O-])CC[C@@H](C)c(sc1S(=O)(=O)C)c(c12)CCC(F)(F)[C@H]2O,1.2,23,0.05217391304347826
O[C@H]1CC[C@@H](CC1)c2ccc(cc2Cl)C[NH2+]CCc([nH+]3)[nH]c(c34)cccc4,1.216,27,0.045037037037037035
C1CCn(c12)c(c[nH+]2)-c(s3)ccc3[C@@H](C)N[C@H](C(=O)[O-])Cc(c[nH]4)c(c45)cccc5,1.22,30,0.04066666666666666
n1nc(C)n(c12)cc(cc2)-c3cc[nH+]c(N)c3,1.224,17,0.072
CN1CC[NH+](CC1)C2CCN(CC2)c3ccc(cc3)-c([nH]4)c(C#N)c(=O)c(c45)cncc5,1.235,32,0.03859375
O=c1n(C)cc(cc1C)-c(cc2)cc(c23)n(CCc4ncon4)c([nH+]3)C5CCOCC5,1.238,31,0.03993548387096774
COc1ccc(cc1)Cn(nn2)c(c23)[C@@](C)(O)CC[C@H]3[NH2+]CC4(CCCC4)c5ccc([NH+](C)C)cc5,1.249,36,0.034694444444444444
CCCCCCCCCCCCCCC[C@@H](O)[C@H](CO)N[C@@H]1CC[N@H+](CC1)CC[NH+](C)C,1.258,32,0.0393125
Cc1nn(C)c(C)c1CN(C)c2[nH+]c(CCCCCC(=O)[O-])nc(n2)N(C)CCC(=O)NC3CC3,1.263,35,0.03608571428571428
CC[N@H+]1CC[C@@H](CC1)N(C)c(nc(c23)ccs3)nc2-c(cn(C)c4=O)c(c45)oc(c5)-c6cnc[nH]6,1.265,35,0.03614285714285714
CCOC(=O)c1cnn(C)c1C(=O)C(=O)c2[n-]cc(c2C)C3(CC3)c4ccc(C(F)(F)F)nc4,1.298,34,0.0381764705882353
CN(C)CC[N@H+](CC1)CC[C@H]1n(nnc2C)c2-c(cc3)cc(c34)N(C5CC5)C(C)(C)C(=O)N4C,1.3,34,0.03823529411764706
Cc1nn(C)c([O-])c1C(=O)c(cc2)c(C)c(c23)c(=O)n(c(=O)n3C)[NH2+]CCC(F)(F)F,1.301,31,0.04196774193548387
Clc1c(Cl)cccc1-c(c2CC)[nH+]c(N)nc2N3CC[NH+](C)CC3,1.311,24,0.054625
COC(=O)N(CC1)CCC12CN(C2)c3nc(N4CCC[C@H]4C=O)[nH+]c(c3C)-c5c(C)noc5C,1.332,34,0.0391764705882353
C1C[NH+](C)CCN1c(cc2)cc(c23)n(CCCCCC)c([nH+]3)-c(c4)nc(NC)c(n45)nnc5C,1.339,34,0.03938235294117647
c1nccc(c12)c(ccc2)S(=O)(=O)[C@H](C[C@H](C)N3C(=O)C)c(c34)cc(cc4)-c5ccn[nH]5,1.356,32,0.042375
O=C(C1)NC[C@@H]1[C@@H](C)N2CC[C@@H](C2)[N@H+](C)CCC[NH+](C)C,1.358,21,0.06466666666666668
COC(=O)Cc1ccc(Cl)c(=O)[n-]1,1.373,13,0.10561538461538461
COc1ccc(cc1)Cn(nn2)c(c23)[C@@](C)(O)CC[C@H]3Oc4ccc(nc4)N5CCNCC5,1.389,33,0.04209090909090909
C=CC1=C(C)[C@@H](NC1=O)[NH2+]C(C)(C)C,1.391,14,0.09935714285714285
C[N@@H+]1CC[C@@H](C1)n(nn2)c(c23)ccc(Cl)c3Oc4cc(Cl)cc(c4Cl)CN,1.4,27,0.05185185185185185
CNc1cc(nc(N)[nH+]1)N2CCN(CC2)c(c[nH+]c3)c(c34)cccc4,1.406,25,0.05624
CNc1ccnc([nH+]1)N(C[C@H](C2CC2)N3C(=O)C)c(c34)cc(cc4)-c5cnc(C(=O)N)nc5,1.422,33,0.04309090909090909
c1c(F)cc(c(c12)C)[N-]S(=O)(=O)CCCCC[C@H]3CN(C2)CCN3S(=O)(=O)C4CC4,1.429,30,0.04763333333333333
COc1ccc(cc1)Cn(nn2)c(c23)[C@](C)(O)CC[C@H]3OC(=O)CCc([nH+]4)[nH]c(c45)ccc(Cl)c5,1.433,35,0.04094285714285714
Cc1nnn(c1CC#N)[C@@H]2CC[N@H+](CC2)CC[NH+](C)C,1.445,20,0.07225000000000001
CC(C)CC[NH2+][C@H](C[C@@H]12)[C@@H]([C@@H]([NH2+]2)CC1)CCC(CC3)CCC3(F)F,1.45,24,0.06041666666666667
CC[N@H+]1CC[C@@H](CC1)N(C)c(nc(c23)ccs3)[nH+]c2N4CCN(CC4)c5ccccc5OCCO,1.459,35,0.04168571428571429
CNC[C@@H](O)CS(=O)(=O)c1c(Cl)cc(cc1Cl)CCCN(CC2)C[C@H]([N@H+]23)CCC3,1.465,29,0.050517241379310344
O=P([O-])([O-])OP(=O)([O-])SCCc(cc1)[nH+]c(c12)cccc2,1.465,21,0.06976190476190476
c1ncccc1[C@H](C(=O)NC(C)(C)C)N(N(C2(C)C)C(=O)[N-]C2=O)c3ccc(C(C)(C)C)cc3,1.471,34,0.04326470588235294
O=S(=O)Oc(cc1)ccc1-c2c([nH+]cn2CC#C)-c3cc(Cl)ccc3OCC[NH+](C)C,1.473,31,0.04751612903225807
c1nccn1C[C@@H](NC(C)(C)CO)c2ccc(Cl)cc2Cl,1.498,21,0.07133333333333333
Cc1noc(C)c1-c2ccc(c(F)c2)NC(=O)c3ccsc3C(=O)[O-],1.515,25,0.060599999999999994
s1cc[nH+]c1NC[C@H](OC2=O)CN2c3ccc(c(F)c3)N4CCSCC4,1.526,26,0.058692307692307696
COc1ccc(nn1)N2CCN(CC2)c(cc3)c4[n-]c(cc(c4c35)c(O)n5C)N6CC[NH+](C)CC6,1.53,35,0.04371428571428571
c1c[nH+]ccc1-c(o2)cc(=O)c(c23)scc3-c(cc4)cc(c45)OCCO5,1.534,26,0.059000000000000004
c1c(F)cc(c(c12)C)NS(=O)(=O)CCCCC[C@H]3CN(C2)CCN3[C@@H]4CCC[NH2+]C4,1.544,30,0.05146666666666667
O=C([O-])c1ccccc1N[NH2+]C23C[C@H]4C[C@@H](C3)C[C@H](C4)C2,1.558,21,0.0741904761904762
CN(C1)C(=O)Nc(c12)ccc(c2)[NH2+][C@H](C(=O)[O-])Cc(c[nH]3)c(c34)cccc4,1.563,27,0.057888888888888886
c1ncccc1[C@H](C(=O)NCC)N(c2ccc(C(C)(C)C)cc2)Cc3ccc[nH+]c3,1.566,30,0.0522
Oc1ccc(O)c(C2=O)c1C(=O)c(c23)c(N(CC4)CCN4CCN(C)C)ccc3NCC[NH2+]CCO,1.58,36,0.043888888888888894
O=C([O-])CCSc([nH+]1)n(c(c12)cccc2)-c3ccc(cc3)C[C@H]4SC(=O)[N-]C4=O,1.582,29,0.05455172413793104
o1cccc1-c(cc2)cc(c23)[C@@H](C[C@H](C)N3C(=O)C)[NH2+]NC4CCN(CC4)c5ccccn5,1.587,33,0.04809090909090909
O=S(=O)c(cc1)ccc1C(=O)[C@H](C[C@H](C)N2C(=O)C)c(c23)cc(cc3)-c4cc[nH]n4,1.588,30,0.05293333333333334
CCOC(=O)CC[NH2+]N(C)c1ccc(C)cc1,1.593,17,0.09370588235294118
CN1CCN(CC1)c(c2)[n-]c3c(ccc(c3c24)n(C)c4O)-c5ccccc5OCCO,1.594,31,0.05141935483870968
CC[NH+]1CCN(CC1)c(cc2)nc(c23)[nH+]cc(C(=O)[O-])c3Nc4ccccc4C(C)(C)C,1.601,32,0.05003125
C1CCn(c12)c(cn2)-c(s3)ccc3[C@@H](C)N[C@H](C(=O)[O-])Cc(c[nH]4)c(c45)cccc5,1.601,30,0.053366666666666666
C1CC1N2C(C)(C)C(=O)N(C)c(c23)ccc(c3)[NH2+]CCCO,1.615,22,0.07340909090909091
CNc1cc[nH+]c(n1)-c(cc2)cc(c23)c(OC)cc[nH+]3,1.625,20,0.08125
c1cccc(c12)c(OCC(=O)[O-])ccc2S(=O)(=O)[N-]c3cccc(c3)N4CC=CC4=O,1.641,31,0.05293548387096774
c1c(F)cc(c(c12)C)[N-]S(=O)(=O)CCCCC[C@H]3C[N@H+](C2)CCN3S(=O)(=O)C4CC4,1.644,30,0.054799999999999995
Cc1nc(C[NH+](C)C)ccc1-c(c(c23)cn[nH]c3=O)ncc2-c4ccc(CN(C)C)nc4C,1.654,33,0.05012121212121212
O=C([O-])C(=O)/C=C(\O)C(=O)c1ccc(Cl)cc1,1.667,17,0.09805882352941177
O=C([O-])c1sccc1C(=O)Nc2ccc(cc2F)S(=O)(=O)c3cccs3,1.696,26,0.06523076923076923
C[NH2+]Cc1cc(nn1C)N(C[C@H](C2CC2)N3C(=O)C)c(c34)cc(cc4)C5=CC[NH2+]CC5,1.732,31,0.055870967741935486
C[NH+]1CCN(CC1)c(cc2)cc(c23)n(c(n3)CCNCCO)Cc4ccccc4,1.778,29,0.06131034482758621
CNCc1ccc(cc1)-c(cc2)cc(c23)[C@H](NS(=O)(=O)C4CC4)C[C@H](C)N3C(=O)C,1.787,30,0.059566666666666664
C1CC1Nc(nc2N)cc(n2)C(=O)/C=C(\O)C(=O)[O-],1.824,19,0.096
CNc1cc(nc(n1)N)N2CCN(CC2)c(c[nH+]c3)c(c34)cccc4,1.844,25,0.07376
Cc1ccccc1CN(c2ccc(C#N)c(Cl)c2)[C@H]3CCN(C3)[C@H]4CC[N@H+](C)C4,1.864,29,0.06427586206896552
c1cc(Br)c([O-])c(c12)nc(N)cc2Nc(cc3)cc(c34)c(c[nH]4)C5CC[NH2+]CC5,1.865,29,0.06431034482758621
O=C([O-])Cc(co1)c(c12)ccc(c2)-c3c(-c4ccc(F)cc4)[nH+]cn3C5CC[NH2+]CC5,1.875,31,0.06048387096774194
CC(C)(O)Cn1cc(c[nH+]1)N(C2=O)C(=O)N([C@H]23)CC[C@H]3O,1.875,21,0.08928571428571429
COc1ccc(nn1)N2CCN(CC2)c3c(CC(C)C)[nH+]n(C)c3C,1.904,25,0.07615999999999999
O=C([O-])CCSc([nH+]1)n(c(c12)cccc2)CCn3ccc(=O)c(C(=O)[O-])c3O,1.917,28,0.06846428571428571
Cc1nn(C)c(C)c1NS(=O)(=O)c(ccc2)c(c23)c(C)cnc3,1.927,23,0.08378260869565217
CCN(C(=O)C1)c(c12)ccc(c2)N[N@@H+]3CCN(C)C(=O)[C@H]3C,1.932,22,0.08781818181818181
O=C([O-])CCCc(c[nH+]c1)c(c12)cccc2,1.933,16,0.1208125
CC1(C)C(=O)[N-]C(=O)N1S(=O)(=O)c2cc(Br)ccc2Br,1.983,20,0.09915
Cc1cc(C)cc(c1)-c(cc2)c3[n-]c(cc(c3c24)c(O)n4C)N5CCN(C)CC5,1.994,29,0.06875862068965517
C[NH2+]Cc1ccc(cc1)-c(cc2)cc(c23)[C@H](NC(=O)OC(C)C)C[C@H](C)N3c4cc[nH+]c(n4)N,2.036,34,0.05988235294117647
CC(C)[NH2+]c(c1)c([O-])cc(c12)NC(=O)C(O2)(C)C,2.052,18,0.114
CC(=O)N1[C@@H](C)C[C@@H](NC(=O)OC(C)C)c(c12)cc(cc2)S(=O)(=O)c(ccc3)c(c34)c(C)cnc4,2.078,35,0.05937142857142857
CCS(=O)(=O)[N-]c1ccc(c(c1)S(=O)(=O)c2cccs2)Oc3ccc(F)cc3F,2.097,29,0.0723103448275862
COCCc1cc(Cl)c(c(Cl)c1)S(=O)(=O)[N-]c2c(CC(C)C)nn(C)c2C,2.107,27,0.07803703703703704
O=C([O-])c(c1)cccc1-c(ncc2C)nc2Nc3ccc(Cl)c(c3)NS(=O)(=O)C(C)(C)C,2.144,32,0.067
Cc1ccccc1CN(c2ccc(C#N)c(Cl)c2)[C@H]3CC[N@H+](C3)[C@H]4CC[N@H+](C)C4,2.144,29,0.07393103448275863
C1CCCC1(CC(=O)[O-])CC(=O)N2CC[NH+](CC2)Nc3ccc(O)cc3,2.159,26,0.08303846153846153
O=[N+]([O-])c1cc(S(=O)(=O)C(F)F)ccc1-c2n[n-]c(n2)-c3ccc(F)cc3,2.169,27,0.08033333333333334
CN1CCN(CC1)c(cc2)cc(c23)n(Cc4ccccc4)c([nH+]3)Nc5ccncc5,2.192,30,0.07306666666666667
CC(C)=CCC[C@H](C)[NH2+]c1cc(C(=O)[O-])ccc1N2CCC(CC2)N3CCCOC3=O,2.198,31,0.07090322580645161
C1CCCC1[NH2+]c(c2)c(ccc2C(=O)[O-])N3CCC(CC3)N4CCCOC4=O,2.28,28,0.08142857142857142
N#CCCN(C)c(c(c12)cc(Br)cc2)nc(n1)N[C@@H](C(=O)[O-])Cc(c[nH]3)c(c34)cccc4,2.294,32,0.0716875
O=C([O-])c1sccc1C(=O)Nc2ccc(cc2F)[C@@H]3OC[C@@H](O)[C@H]3O,2.314,25,0.09256
O=C([O-])c1ccccc1CN(c(c23)cccc3)C[C@H](C4CC4)N2n5ccc(O)c(C(=O)[O-])c5=O,2.342,34,0.06888235294117648
COC(=O)N(CC1)CCC12CN(C2)c3nc(-c4cccn4C)[nH+]c(c3C)-c5c(C)noc5C,2.363,33,0.0716060606060606
O=c1[n-]c(=O)ccn1C(=O)c2ccc(cc2)-c3ccco3,2.374,21,0.11304761904761905
COC[C@@H](C)c([nH+]1)n([C@H]2C[C@@H](C#N)C2)c(c13)c(nc(c3)-c4noc(=O)[n-]4)-c5cncc(Cl)c5,2.381,33,0.07215151515151515
C[NH2+]Cc1ccc(cc1)-c(cc2)cc(c23)[C@@H](C[C@H](C)N3C(=O)C)NC(=O)N[C@H](C)c4[nH]cnn4,2.383,34,0.07008823529411765
CC(=O)N[C@H]1CC[N@H+](C1)N2CCC(CC2)CCC(=O)NCc3ccc(cc3)[NH+]4CCCCC4,2.402,33,0.07278787878787879
CCCCC(=O)OC[C@H](CO)Oc1cc(C(CC2(C)C)CC(O2)(C)C)nn1-c3ccccc3OC,2.418,35,0.06908571428571429
c1cccc(c12)c(c[nH]2)C[C@H](C(=O)[O-])c(nc3N)cc(n3)N4CCN(CC4)C5COC5,2.443,31,0.07880645161290323
CCC(CC)c1c(C)nnn1[C@@H]2CC[N@H+](CC2)CC[NH+](C)C,2.453,22,0.11149999999999999
COC(=O)N(CC1)CCC12CN(C2)c3ccc([nH+]c3)N4CCNCC4,2.472,25,0.09888
Fc(c1)cc(F)cc1N(C[C@@H](N2C(=O)C)C3CC3)c(c24)cc(cc4)C5=CC[NH2+]CC5,2.508,30,0.0836
CCO[C@H](C(=O)[O-])Cc1ccc(cc1)[N@H+](C2CC2)Cc3ccccc3OCCCCCC(=O)[O-],2.519,34,0.07408823529411765
COc1ccc(cc1)S(=O)(=O)N(CC2(C)C)[C@@H](C(=O)NO)N(C2)C/C=C(/C)CCC(=O)[O-],2.523,32,0.07884375
Cc1nn(C)c(C)c1[N-]S(=O)(=O)c(ccc2)c(c23)c(C)cnc3,2.547,23,0.11073913043478262
CC(C)ON(C1(C)C)C(=O)[N-]C1=O,2.549,13,0.19607692307692307
CCOC(=O)CCNC(=O)[C@@H](c1cccnc1)N([NH2+]C2CCCC2)c3ccc(C(C)(C)C)cc3,2.676,34,0.07870588235294118
Cc1[nH+]n(C)c(C)c1[N-]S(=O)(=O)c(ccc2)c(c23)c(C)cnc3,2.695,23,0.11717391304347825
COc1ccc(cc1)S(=O)(=O)N(CC2(C)C)[C@@H](C(=O)N[O-])N(C2)C/C=C(/C)CCC(=O)[O-],2.8,32,0.0875
O=c([nH]1)[n-]c(=O)cc1C(=O)c2nccc(n2)-c3c(-c4ccc(F)cc4)ncn3C5CC[NH2+]CC5,2.935,34,0.0863235294117647
CC(C)C(C(C)C)N[NH2+]CC12C[C@@H]3C[C@H](C2)C[C@@H](C3)C1,2.96,20,0.148
C[NH+](C)CC[N@@H+](CC1)CC[C@H]1n(nnc2C)c2N3CCS[C@@H](CC3)c4cccs4,2.97,29,0.10241379310344828
COc1ccc(cc1)S(=O)(=O)N(CC2(C)C)[C@@H](C(=O)NO)[N@@H+](C2)C/C=C(/C)CCC(=O)[O-],3.009,32,0.09403125
CC(O1)(C)C(=O)Nc(c12)ccc(c2)N[NH+]3CCSCC3,3.033,20,0.15165
COC(=O)N(CC1)CCC12CN(C2)c3nc(-c4cn[nH]c4)[nH+]c(c3C)-c5c(C)noc5C,3.043,32,0.09509375
CCN(C1=O)c2ccc(c(c2c13)ccc3)S(=O)(=O)Nc(s4)c(C(=O)N)c(c45)CC[C@H](C)C5,3.213,32,0.10040625
COC(=O)c1ccccc1S(=O)(=O)N[C@@H]2CC[N@@H+](C)CC2,3.216,21,0.15314285714285716
[NH3+]CCN1CC[C@@H](C1)n2c[nH+]c(-c3ccc(I)cc3)c2N4CCSCC4,3.326,26,0.12792307692307692
COC(=O)c1ccc(c(Cl)c1)CN(CC2)CCC2(O)Cc3ccc(C(F)(F)F)cc3,3.401,30,0.11336666666666666
O=[N+]([O-])c1cc(S(=O)(=O)C(F)(F)F)ccc1[N-]O,3.409,18,0.18938888888888888
C[C@@H]1CNCCCN1[NH2+][C@@H](C(=O)[O-])Cc(c[nH]2)c(c23)cccc3,3.411,23,0.14830434782608695
C[C@@H]1C(=O)N(C)CCN1S(=O)(=O)c2c(Cl)cc(cc2Cl)-c3ccc(nc3)N4CC[NH2+]CC4,3.491,32,0.10909375
CCOC(=O)S(=O)(=O)c1cccs1,3.758,13,0.28907692307692306
c1ncc(C)c(c12)c(ccc2)S(=O)(=O)N3CCC[NH2+]C[C@H]3C,3.886,22,0.17663636363636365
C1C[NH2+]CCC1n(nnc2C)c2C3CCN(CC3)CCN(C)C,4.052,23,0.17617391304347824
N#Cc(cc1)ccc1N[C@H](C[C@H](C)N2C(=O)C)c(c23)cc(cc3)C4CC[NH2+]CC4,4.088,29,0.14096551724137932
O=c1[n-]cc(Cl)cc1-c2nccc(n2)-c3c(-c4ccc(F)cc4)ncn3C5CC[NH2+]CC5,4.12,32,0.12875
CCO[C@H](C(=O)[O-])Cc1ccc(cc1)S(=O)(=O)c(cc2)cc(c23)CNCC3,4.938,27,0.18288888888888888
CC(C)Cc([nH+]n1C)c(c1C)[N-]S(=O)(=O)c2c(Cl)cc(C(C)(C)C(=O)[O-])cc2Cl,5.274,29,0.18186206896551724
Cc1nn(C)c(C)c1[N-]S(=O)(=O)c(ccc2)c(c23)c(C)c[nH+]c3,7.656,23,0.3328695652173913
